source,target,label,label_evidence,raw_prediction_score,calibrated_prediction_score,prediction_score,calibration_status,calibration_method,threshold,predicted_label
C1C(OC(S1)CO)N2C=C(C(=NC2=O)N)F,CC1CN(CCN1)C2=C(C=C3C(=C2OC)N(C=C(C3=O)C(=O)O)C4CC4)F,0.0,unreported_twosides_sampled,0.9996537,0.8018045663629386,0.8018045663629386,fitted,platt_logistic_regression,0.4313752502880964,1
CC1CC2C3CCC4=CC(=O)C=CC4(C3(C(CC2(C1(C(=O)CO)O)C)O)F)C,CN1CCC23C=CC(CC2OC4=C(C=CC(=C34)C1)OC)O,0.0,unreported_twosides_sampled,4.376921e-05,0.20234836613525653,0.20234836613525653,fitted,platt_logistic_regression,0.4313752502880964,0
CCC(C)C(=O)OC1CC(C=C2C1C(C(C=C2)C)CCC3CC(CC(=O)O3)O)C,CN1CCC(=C2C3=C(C(=O)CC4=CC=CC=C42)SC=C3)CC1,0.0,unreported_twosides_sampled,1.0,0.9086326001006345,0.9086326001006345,fitted,platt_logistic_regression,0.4313752502880964,1
C1CC(OC1CO)N2C=NC3=C2NC=NC3=O,CC1CN(CCN1)C2=C(C=C3C(=C2OC)N(C=C(C3=O)C(=O)O)C4CC4)F,0.0,unreported_twosides_sampled,1.0,0.9086326001006345,0.9086326001006345,fitted,platt_logistic_regression,0.4313752502880964,1
CC12CCC3C(C1CCC2C(=O)NC4=C(C=CC(=C4)C(F)(F)F)C(F)(F)F)CCC5C3(C=CC(=O)N5)C,CC1=NN=C(S1)SCC2=C(N3C(C(C3=O)NC(=O)CN4C=NN=N4)SC2)C(=O)[O-],0.0,unreported_twosides_sampled,0.99883395,0.7704312893059944,0.7704312893059944,fitted,platt_logistic_regression,0.4313752502880964,1
CCOC1=C(C=CC(=C1)CC(=O)NC(CC(C)C)C2=CC=CC=C2N3CCCCC3)C(=O)O,CN1CCC23C=CC(CC2OC4=C(C=CC(=C34)C1)OC)O,0.0,unreported_twosides_sampled,1.0,0.9086326001006345,0.9086326001006345,fitted,platt_logistic_regression,0.4313752502880964,1
CC1=NN=C(S1)SCC2=C(N3C(C(C3=O)NC(=O)CN4C=NN=N4)SC2)C(=O)[O-],C[N+](C)(C)CC(CC(=O)O)O,0.0,unreported_twosides_sampled,0.9999943,0.8837830444072945,0.8837830444072945,fitted,platt_logistic_regression,0.4313752502880964,1
C1C(C(C(C(C1N)OC2C(C(C(C(O2)CN)O)O)O)O)OC3C(C(C(C(O3)CO)O)N)O)N,CCCCC(=O)N(CC1=CC=C(C=C1)C2=CC=CC=C2C3=NNN=N3)C(C(C)C)C(=O)O,0.0,unreported_twosides_sampled,1.8805635e-10,0.12423389755370215,0.12423389755370215,fitted,platt_logistic_regression,0.4313752502880964,0
C1=CC(=C2NC(=C3C=CC=CC3=O)N(N2)C4=CC=C(C=C4)C(=O)O)C(=O)C=C1,CC1=NN=C2N1C3=C(C=C(C=C3)Cl)C(=NC2)C4=CC=CC=C4,1.0,reported_twosides,1.0,0.9086326001006345,0.9086326001006345,fitted,platt_logistic_regression,0.4313752502880964,1
CC(C)(C(=O)O)ON=C(C1=CSC(=N1)N)C(=O)NC2C3N(C2=O)C(=C(CS3)C[N+]4=CC=CC=C4)C(=O)[O-],CNC(=C[N+](=O)[O-])NCCSCC1=CC=C(O1)CN(C)C,1.0,reported_twosides,4.2483545e-18,0.12423389755370215,0.12423389755370215,fitted,platt_logistic_regression,0.4313752502880964,0
CC(C)(C(=O)O)ON=C(C1=CSC(=N1)N)C(=O)NC2C3N(C2=O)C(=C(CS3)C[N+]4=CC=CC=C4)C(=O)[O-],CC1=C(C(=O)C2=CC=CC=C2C1=O)CC=C(C)CCCC(C)CCCC(C)CCCC(C)C,1.0,reported_twosides,0.00032236552,0.25644793136675054,0.25644793136675054,fitted,platt_logistic_regression,0.4313752502880964,0
C1CC(C1)CN2CCC34C5C(CCC3(C2CC6=C4C(=C(C=C6)O)O5)O)O,CCC(C)C(=O)OC1CC(C=C2C1C(C(C=C2)C)CCC3CC(CC(=O)O3)O)C,0.0,unreported_twosides_sampled,1.0,0.9086326001006345,0.9086326001006345,fitted,platt_logistic_regression,0.4313752502880964,1
C1C(N(C2=C(N1)NC(=NC2=O)N)C=O)CNC3=CC=C(C=C3)C(=O)NC(CCC(=O)O)C(=O)O,CCOC1=C(C=CC(=C1)CC(=O)NC(CC(C)C)C2=CC=CC=C2N3CCCCC3)C(=O)O,0.0,unreported_twosides_sampled,0.00011153166,0.22656700830570545,0.22656700830570545,fitted,platt_logistic_regression,0.4313752502880964,0
C1=CC(=CC=C1N)S(=O)(=O)C2=CC=C(C=C2)N,C1CN=C(N1)NC2=C(C=CC=C2Cl)Cl,1.0,reported_twosides,1.0,0.9086326001006345,0.9086326001006345,fitted,platt_logistic_regression,0.4313752502880964,1
CC12CCC3C(C1CCC2(C)O)CCC4C3(COC(=O)C4)C,CC1=NN=C2N1C3=C(C=C(C=C3)Cl)C(=NC2)C4=CC=CC=C4,0.0,unreported_twosides_sampled,5.4337896e-18,0.12423389755370215,0.12423389755370215,fitted,platt_logistic_regression,0.4313752502880964,0
CC12CCC3C(C1CCC2(C)O)CCC4C3(COC(=O)C4)C,CCN(C)C(=O)OC1=CC=CC(=C1)C(C)N(C)C,0.0,unreported_twosides_sampled,1.0,0.9086326001006345,0.9086326001006345,fitted,platt_logistic_regression,0.4313752502880964,1
C1CC(OC1CO)N2C=NC3=C2NC=NC3=O,CC1=C(SC=C1)C(=CCCN2CCCC(C2)C(=O)O)C3=C(C=CS3)C,0.0,unreported_twosides_sampled,3.8296723e-11,0.12423389755370215,0.12423389755370215,fitted,platt_logistic_regression,0.4313752502880964,0
CC(C)C(CCCN(C)CCC1=CC(=C(C=C1)OC)OC)(C#N)C2=CC(=C(C=C2)OC)OC,CC1=C(C(=O)C2=CC=CC=C2C1=O)CC=C(C)CCCC(C)CCCC(C)CCCC(C)C,1.0,reported_twosides,1.0,0.9086326001006345,0.9086326001006345,fitted,platt_logistic_regression,0.4313752502880964,1
CC1CC2C3CCC4=CC(=O)C=CC4(C3(C(CC2(C1(C(=O)CO)O)C)O)F)C,CC1CN(CCN1)C2=C(C=C3C(=C2OC)N(C=C(C3=O)C(=O)O)C4CC4)F,1.0,reported_twosides,1.0,0.9086326001006345,0.9086326001006345,fitted,platt_logistic_regression,0.4313752502880964,1
CC(C)(C)NCC(C1=CC(=C(C=C1)O)CO)O,CC1=C(SC=C1)C(=CCCN2CCCC(C2)C(=O)O)C3=C(C=CS3)C,1.0,reported_twosides,1.2747081e-06,0.12835301580099087,0.12835301580099087,fitted,platt_logistic_regression,0.4313752502880964,0
CC(C)C(CCCN(C)CCC1=CC(=C(C=C1)OC)OC)(C#N)C2=CC(=C(C=C2)OC)OC,CCCCC(=O)N(CC1=CC=C(C=C1)C2=CC=CC=C2C3=NNN=N3)C(C(C)C)C(=O)O,1.0,reported_twosides,0.9918326,0.7130546288631805,0.7130546288631805,fitted,platt_logistic_regression,0.4313752502880964,1
CC(C)C(CCCN(C)CCC1=CC(=C(C=C1)OC)OC)(C#N)C2=CC(=C(C=C2)OC)OC,CN1CCC(=C2C3=C(C(=O)CC4=CC=CC=C42)SC=C3)CC1,1.0,reported_twosides,0.0006005853,0.2751266165198865,0.2751266165198865,fitted,platt_logistic_regression,0.4313752502880964,0
C1=CC(=CC=C1N)S(=O)(=O)C2=CC=C(C=C2)N,CC(C)C(CCCN(C)CCC1=CC(=C(C=C1)OC)OC)(C#N)C2=CC(=C(C=C2)OC)OC,0.0,unreported_twosides_sampled,0.013790468,0.3811425776116281,0.3811425776116281,fitted,platt_logistic_regression,0.4313752502880964,0
CC1=C(SC=C1)C(=CCCN2CCCC(C2)C(=O)O)C3=C(C=CS3)C,CC1=NN=C2N1C3=C(C=C(C=C3)Cl)C(=NC2)C4=CC=CC=C4,1.0,reported_twosides,4.2483545e-18,0.12423389755370215,0.12423389755370215,fitted,platt_logistic_regression,0.4313752502880964,0
C1=CC(=CC=C1N)S(=O)(=O)C2=CC=C(C=C2)N,CC1CC2C3CCC4=CC(=O)C=CC4(C3(C(CC2(C1(C(=O)CO)O)C)O)F)C,1.0,reported_twosides,6.239662e-13,0.12423389755370215,0.12423389755370215,fitted,platt_logistic_regression,0.4313752502880964,0
CCCC1(CC(=O)C(=C(O1)O)C(CC)C2=CC(=CC=C2)NS(=O)(=O)C3=NC=C(C=C3)C(F)(F)F)CCC4=CC=CC=C4,CCOC1=C(C=CC(=C1)CC(=O)NC(CC(C)C)C2=CC=CC=C2N3CCCCC3)C(=O)O,0.0,unreported_twosides_sampled,1.0,0.9086326001006345,0.9086326001006345,fitted,platt_logistic_regression,0.4313752502880964,1
CC1CC2C3CCC4=CC(=O)C=CC4(C3(C(CC2(C1(C(=O)CO)O)C)O)F)C,CCN(C)C(=O)OC1=CC=CC(=C1)C(C)N(C)C,0.0,unreported_twosides_sampled,1.0,0.9086326001006345,0.9086326001006345,fitted,platt_logistic_regression,0.4313752502880964,1
C1CC(OC1CO)N2C=NC3=C2NC=NC3=O,CCCC1(CC(=O)C(=C(O1)O)C(CC)C2=CC(=CC=C2)NS(=O)(=O)C3=NC=C(C=C3)C(F)(F)F)CCC4=CC=CC=C4,1.0,reported_twosides,3.306441e-07,0.12423389755370215,0.12423389755370215,fitted,platt_logistic_regression,0.4313752502880964,0
CC12CCC3C(C1CCC2C(=O)NC4=C(C=CC(=C4)C(F)(F)F)C(F)(F)F)CCC5C3(C=CC(=O)N5)C,CC1C2C(C(=O)N2C(=C1SC3CC(NC3)C(=O)NC4=CC=CC(=C4)C(=O)O)C(=O)O)C(C)O,1.0,reported_twosides,4.2483545e-18,0.12423389755370215,0.12423389755370215,fitted,platt_logistic_regression,0.4313752502880964,0
CC(C)C(CCCN(C)CCC1=CC(=C(C=C1)OC)OC)(C#N)C2=CC(=C(C=C2)OC)OC,CNC(=C[N+](=O)[O-])NCCSCC1=CC=C(O1)CN(C)C,1.0,reported_twosides,0.87062514,0.6142711832504252,0.6142711832504252,fitted,platt_logistic_regression,0.4313752502880964,1
C1C(N(C2=C(N1)NC(=NC2=O)N)C=O)CNC3=CC=C(C=C3)C(=O)NC(CCC(=O)O)C(=O)O,CC1=C(C(C(=C(N1)C)C(=O)OCC(C)C)C2=CC=CC=C2[N+](=O)[O-])C(=O)OC,0.0,unreported_twosides_sampled,1.1456218e-05,0.17109940241442137,0.17109940241442137,fitted,platt_logistic_regression,0.4313752502880964,0
CC(C)(C(=O)O)ON=C(C1=CSC(=N1)N)C(=O)NC2C3N(C2=O)C(=C(CS3)C[N+]4=CC=CC=C4)C(=O)[O-],CN1C=NC(=C1SC2=NC=NC3=C2NC=N3)[N+](=O)[O-],0.0,unreported_twosides_sampled,4.2483545e-18,0.12423389755370215,0.12423389755370215,fitted,platt_logistic_regression,0.4313752502880964,0
CCC(C)C(=O)OC1CC(C=C2C1C(C(C=C2)C)CCC3CC(CC(=O)O3)O)C,CN(C)NN=C1C(=NC=N1)C(=O)N,0.0,unreported_twosides_sampled,0.9996481,0.8014118401953446,0.8014118401953446,fitted,platt_logistic_regression,0.4313752502880964,1
CCCCC(=O)N(CC1=CC=C(C=C1)C2=CC=CC=C2C3=NNN=N3)C(C(C)C)C(=O)O,CCOC(=O)N1CCC(=C2C3=C(CCC4=C2N=CC=C4)C=C(C=C3)Cl)CC1,1.0,reported_twosides,1.303955e-11,0.12423389755370215,0.12423389755370215,fitted,platt_logistic_regression,0.4313752502880964,0
C(CCl)NC(=O)N(CCCl)N=O,CC12CCC3C(C1CCC2(C#C)O)CCC4=CC(=O)CCC34,0.0,unreported_twosides_sampled,6.286241e-08,0.12423389755370215,0.12423389755370215,fitted,platt_logistic_regression,0.4313752502880964,0
C1C(OC(S1)CO)N2C=C(C(=NC2=O)N)F,CC1CC2C3CCC4=CC(=O)C=CC4(C3(C(CC2(C1(C(=O)CO)O)C)O)F)C,0.0,unreported_twosides_sampled,4.2483545e-18,0.12423389755370215,0.12423389755370215,fitted,platt_logistic_regression,0.4313752502880964,0
CCCCC(=O)N(CC1=CC=C(C=C1)C2=CC=CC=C2C3=NNN=N3)C(C(C)C)C(=O)O,C[N+](C)(C)CC(CC(=O)O)O,0.0,unreported_twosides_sampled,0.79111063,0.5931205773511262,0.5931205773511262,fitted,platt_logistic_regression,0.4313752502880964,1
CC1C2C(C(=O)N2C(=C1SC3CC(NC3)C(=O)NC4=CC=CC(=C4)C(=O)O)C(=O)O)C(C)O,CC1CN(CCN1)C2=C(C=C3C(=C2OC)N(C=C(C3=O)C(=O)O)C4CC4)F,0.0,unreported_twosides_sampled,8.252955e-18,0.12423389755370215,0.12423389755370215,fitted,platt_logistic_regression,0.4313752502880964,0
C1CC(C1)CN2CCC34C5C(CCC3(C2CC6=C4C(=C(C=C6)O)O5)O)O,CC(C)C(C(=O)OCC(CO)OCN1C=NC2=C1NC(=NC2=O)N)N,0.0,unreported_twosides_sampled,4.2483545e-18,0.12423389755370215,0.12423389755370215,fitted,platt_logistic_regression,0.4313752502880964,0
CC12CCC3C(C1CCC2(C#C)O)CCC4=CC(=O)CCC34,CCOC1=C(C=CC(=C1)CC(=O)NC(CC(C)C)C2=CC=CC=C2N3CCCCC3)C(=O)O,0.0,unreported_twosides_sampled,1.0,0.9086326001006345,0.9086326001006345,fitted,platt_logistic_regression,0.4313752502880964,1
CC(C)(C(=O)O)ON=C(C1=CSC(=N1)N)C(=O)NC2C3N(C2=O)C(=C(CS3)C[N+]4=CC=CC=C4)C(=O)[O-],CC(C)(C)NCC(C1=CC(=C(C=C1)O)CO)O,1.0,reported_twosides,4.2483545e-18,0.12423389755370215,0.12423389755370215,fitted,platt_logistic_regression,0.4313752502880964,0
CC(C)C(C(=O)OCC(CO)OCN1C=NC2=C1NC(=NC2=O)N)N,CC1=C(C(=O)C2=CC=CC=C2C1=O)CC=C(C)CCCC(C)CCCC(C)CCCC(C)C,0.0,unreported_twosides_sampled,1.0,0.9086326001006345,0.9086326001006345,fitted,platt_logistic_regression,0.4313752502880964,1
C1CC(C1)(C(=O)O)C(=O)O.N.N.[Pt],CC1=C(C(=O)C2=CC=CC=C2C1=O)CC=C(C)CCCC(C)CCCC(C)CCCC(C)C,0.0,unreported_twosides_sampled,0.4580233,0.53647820403848,0.53647820403848,fitted,platt_logistic_regression,0.4313752502880964,1
CC12CCC3C(C1CCC2C(=O)NC4=C(C=CC(=C4)C(F)(F)F)C(F)(F)F)CCC5C3(C=CC(=O)N5)C,CCCN1CC(CC2C1CC3=CNC4=CC=CC2=C34)CSC,0.0,unreported_twosides_sampled,4.2483545e-18,0.12423389755370215,0.12423389755370215,fitted,platt_logistic_regression,0.4313752502880964,0
C1C(N(C2=C(N1)NC(=NC2=O)N)C=O)CNC3=CC=C(C=C3)C(=O)NC(CCC(=O)O)C(=O)O,CCOC(=O)C(CCC1=CC=CC=C1)NC(C)C(=O)N2C3CCCCC3CC2C(=O)O,0.0,unreported_twosides_sampled,0.015404288,0.3852253327806671,0.3852253327806671,fitted,platt_logistic_regression,0.4313752502880964,0
CC12CCC3C(C1CCC2C(=O)NC4=C(C=CC(=C4)C(F)(F)F)C(F)(F)F)CCC5C3(C=CC(=O)N5)C,CCCCC(=O)N(CC1=CC=C(C=C1)C2=CC=CC=C2C3=NNN=N3)C(C(C)C)C(=O)O,1.0,reported_twosides,0.26066792,0.5029275787255054,0.5029275787255054,fitted,platt_logistic_regression,0.4313752502880964,1
CC1=C(SC=C1)C(=CCCN2CCCC(C2)C(=O)O)C3=C(C=CS3)C,CCOC(=O)N1CCC(=C2C3=C(CCC4=C2N=CC=C4)C=C(C=C3)Cl)CC1,1.0,reported_twosides,9.2755474e-17,0.12423389755370215,0.12423389755370215,fitted,platt_logistic_regression,0.4313752502880964,0
CC1(C(N2C(S1)C(C2=O)NC(=O)C(C3=CC=CC=C3)N)C(=O)[O-])C,CC1=NN=C2N1C3=C(C=C(C=C3)Cl)C(=NC2)C4=CC=CC=C4,1.0,reported_twosides,4.2483545e-18,0.12423389755370215,0.12423389755370215,fitted,platt_logistic_regression,0.4313752502880964,0
CN(C)NN=C1C(=NC=N1)C(=O)N,CN1C=NC(=C1SC2=NC=NC3=C2NC=N3)[N+](=O)[O-],0.0,unreported_twosides_sampled,4.2483545e-18,0.12423389755370215,0.12423389755370215,fitted,platt_logistic_regression,0.4313752502880964,0
CC(C)(C)NCC(C1=CC(=C(C=C1)O)CO)O,CC12CCC3C(C1CCC2(C)O)CCC4C3(COC(=O)C4)C,0.0,unreported_twosides_sampled,0.11862224,0.4659485104268686,0.4659485104268686,fitted,platt_logistic_regression,0.4313752502880964,1
CC12CCC3C(C1CCC2(C)O)CCC4C3(COC(=O)C4)C,CCCCC(=O)N(CC1=CC=C(C=C1)C2=CC=CC=C2C3=NNN=N3)C(C(C)C)C(=O)O,0.0,unreported_twosides_sampled,0.9997409,0.8088020296901096,0.8088020296901096,fitted,platt_logistic_regression,0.4313752502880964,1
CC1CN(CCN1)C2=C(C=C3C(=C2OC)N(C=C(C3=O)C(=O)O)C4CC4)F,CN1CC(=O)N2C(C1=O)CC3=C(C2C4=CC5=C(C=C4)OCO5)NC6=CC=CC=C36,0.0,unreported_twosides_sampled,1.0,0.9086326001006345,0.9086326001006345,fitted,platt_logistic_regression,0.4313752502880964,1
CC1(C(N2C(S1)C(C2=O)NC(=O)C(C3=CC=CC=C3)N)C(=O)[O-])C,COC1=C(C=C(C=C1)C2=CC3=C(C=C2)C=C(C=C3)C(=O)O)C45CC6CC(C4)CC(C6)C5,0.0,unreported_twosides_sampled,1.7368059e-15,0.12423389755370215,0.12423389755370215,fitted,platt_logistic_regression,0.4313752502880964,0
CC1=C(C(C(=C(N1)C)C(=O)OCC(C)C)C2=CC=CC=C2[N+](=O)[O-])C(=O)OC,CN1CC(=O)N2C(C1=O)CC3=C(C2C4=CC5=C(C=C4)OCO5)NC6=CC=CC=C36,0.0,unreported_twosides_sampled,1.0,0.9086326001006345,0.9086326001006345,fitted,platt_logistic_regression,0.4313752502880964,1
C1=CC(=CC=C1N)S(=O)(=O)C2=CC=C(C=C2)N,CC12CCC3C(C1CCC2C(=O)NC4=C(C=CC(=C4)C(F)(F)F)C(F)(F)F)CCC5C3(C=CC(=O)N5)C,1.0,reported_twosides,3.3552205e-08,0.12423389755370215,0.12423389755370215,fitted,platt_logistic_regression,0.4313752502880964,0
C1CC(C1)CN2CCC34C5C(CCC3(C2CC6=C4C(=C(C=C6)O)O5)O)O,CN1C=NC(=C1SC2=NC=NC3=C2NC=N3)[N+](=O)[O-],0.0,unreported_twosides_sampled,4.2483545e-18,0.12423389755370215,0.12423389755370215,fitted,platt_logistic_regression,0.4313752502880964,0
C1=CC(=CC=C1N)S(=O)(=O)C2=CC=C(C=C2)N,CCOC(=O)C(CCC1=CC=CC=C1)NC(C)C(=O)N2C3CCCCC3CC2C(=O)O,0.0,unreported_twosides_sampled,1.0,0.9086326001006345,0.9086326001006345,fitted,platt_logistic_regression,0.4313752502880964,1
C1CC(OC1CO)N2C=NC3=C2NC=NC3=O,CN(C)CCC1=CNC2=C1C=C(C=C2)CC3COC(=O)N3,0.0,unreported_twosides_sampled,0.111768775,0.4633751777323072,0.4633751777323072,fitted,platt_logistic_regression,0.4313752502880964,1
CC12CCC3C(C1CCC2(C#C)O)CCC4=CC(=O)CCC34,CC1CN(CCN1)C2=C(C=C3C(=C2OC)N(C=C(C3=O)C(=O)O)C4CC4)F,0.0,unreported_twosides_sampled,1.0,0.9086326001006345,0.9086326001006345,fitted,platt_logistic_regression,0.4313752502880964,1
CC12CCC3C(C1CCC2C(=O)NC4=C(C=CC(=C4)C(F)(F)F)C(F)(F)F)CCC5C3(C=CC(=O)N5)C,CC1CN(CCN1)C2=C(C=C3C(=C2OC)N(C=C(C3=O)C(=O)O)C4CC4)F,0.0,unreported_twosides_sampled,1.0,0.9086326001006345,0.9086326001006345,fitted,platt_logistic_regression,0.4313752502880964,1
CC1CN(CCN1)C2=C(C=C3C(=C2OC)N(C=C(C3=O)C(=O)O)C4CC4)F,CCCN1CC(CC2C1CC3=CNC4=CC=CC2=C34)CSC,0.0,unreported_twosides_sampled,1.5094383e-07,0.12423389755370215,0.12423389755370215,fitted,platt_logistic_regression,0.4313752502880964,0
CC(C)C(C(=O)OCC(CO)OCN1C=NC2=C1NC(=NC2=O)N)N,CNC(=C[N+](=O)[O-])NCCSCC1=CC=C(O1)CN(C)C,1.0,reported_twosides,4.7416546e-09,0.12423389755370215,0.12423389755370215,fitted,platt_logistic_regression,0.4313752502880964,0
CC1=NN=C2N1C3=C(C=C(C=C3)Cl)C(=NC2)C4=CC=CC=C4,CN1CCC(=C2C3=C(C(=O)CC4=CC=CC=C42)SC=C3)CC1,0.0,unreported_twosides_sampled,2.1988463e-16,0.12423389755370215,0.12423389755370215,fitted,platt_logistic_regression,0.4313752502880964,0
CC(C=CC(C)C(C)(C)O)C1CCC2C1(CCCC2=CC=C3CC(CC(C3)O)O)C,CC1CC2C3CCC4=CC(=O)C=CC4(C3(C(CC2(C1(C(=O)CO)O)C)O)F)C,0.0,unreported_twosides_sampled,0.4775108,0.5394711416581751,0.5394711416581751,fitted,platt_logistic_regression,0.4313752502880964,1
CCOC(=O)N1CCC(=C2C3=C(CCC4=C2N=CC=C4)C=C(C=C3)Cl)CC1,CN1CCC23C=CC(CC2OC4=C(C=CC(=C34)C1)OC)O,0.0,unreported_twosides_sampled,1.6129803e-13,0.12423389755370215,0.12423389755370215,fitted,platt_logistic_regression,0.4313752502880964,0
C1=CC(=CC=C1N)S(=O)(=O)C2=CC=C(C=C2)N,CCCN1CC(CC2C1CC3=CNC4=CC=CC2=C34)CSC,0.0,unreported_twosides_sampled,4.2483545e-18,0.12423389755370215,0.12423389755370215,fitted,platt_logistic_regression,0.4313752502880964,0
CN1C(=C(NC2=CC=CC=N2)O)C(=O)C3=CC=CC=C3S1(=O)=O,CNC(=C[N+](=O)[O-])NCCSCC1=CC=C(O1)CN(C)C,1.0,reported_twosides,1.0,0.9086326001006345,0.9086326001006345,fitted,platt_logistic_regression,0.4313752502880964,1
CC12CCC3C(C1CCC2C(=O)NC4=C(C=CC(=C4)C(F)(F)F)C(F)(F)F)CCC5C3(C=CC(=O)N5)C,CC1=C(C(=O)C2=CC=CC=C2C1=O)CC=C(C)CCCC(C)CCCC(C)CCCC(C)C,0.0,unreported_twosides_sampled,1.0,0.9086326001006345,0.9086326001006345,fitted,platt_logistic_regression,0.4313752502880964,1
CC(C)C(CCCN(C)CCC1=CC(=C(C=C1)OC)OC)(C#N)C2=CC(=C(C=C2)OC)OC,CC1(C(N2C(S1)C(C2=O)NC(=O)C(C3=CC=CC=C3)N)C(=O)[O-])C,0.0,unreported_twosides_sampled,5.492794e-09,0.12423389755370215,0.12423389755370215,fitted,platt_logistic_regression,0.4313752502880964,0
C1C(N(C2=C(N1)NC(=NC2=O)N)C=O)CNC3=CC=C(C=C3)C(=O)NC(CCC(=O)O)C(=O)O,CN1C(=C(NC2=CC=CC=N2)O)C(=O)C3=CC=CC=C3S1(=O)=O,1.0,reported_twosides,2.7753262e-09,0.12423389755370215,0.12423389755370215,fitted,platt_logistic_regression,0.4313752502880964,0
CC12CCC3C(C1CCC2(C)O)CCC4C3(COC(=O)C4)C,CNC(=C[N+](=O)[O-])NCCSCC1=CC=C(O1)CN(C)C,1.0,reported_twosides,0.0012220623,0.2974640363749081,0.2974640363749081,fitted,platt_logistic_regression,0.4313752502880964,0
C1C(N(C2=C(N1)NC(=NC2=O)N)C=O)CNC3=CC=C(C=C3)C(=O)NC(CCC(=O)O)C(=O)O,CN(C)CCC1=CNC2=C1C=C(C=C2)CC3COC(=O)N3,0.0,unreported_twosides_sampled,1.3990275e-11,0.12423389755370215,0.12423389755370215,fitted,platt_logistic_regression,0.4313752502880964,0
C1CC(C1)CN2CCC34C5C(CCC3(C2CC6=C4C(=C(C=C6)O)O5)O)O,CC1CC2C3CCC4=CC(=O)C=CC4(C3(C(CC2(C1(C(=O)CO)O)C)O)F)C,1.0,reported_twosides,1.815696e-17,0.12423389755370215,0.12423389755370215,fitted,platt_logistic_regression,0.4313752502880964,0
CCCCC(=O)N(CC1=CC=C(C=C1)C2=CC=CC=C2C3=NNN=N3)C(C(C)C)C(=O)O,CN1C=NC(=C1SC2=NC=NC3=C2NC=N3)[N+](=O)[O-],1.0,reported_twosides,4.2483545e-18,0.12423389755370215,0.12423389755370215,fitted,platt_logistic_regression,0.4313752502880964,0
CC(C)C(CCCN(C)CCC1=CC(=C(C=C1)OC)OC)(C#N)C2=CC(=C(C=C2)OC)OC,CN1CC(=O)N2C(C1=O)CC3=C(C2C4=CC5=C(C=C4)OCO5)NC6=CC=CC=C36,1.0,reported_twosides,0.11889697,0.4660489842998119,0.4660489842998119,fitted,platt_logistic_regression,0.4313752502880964,1
CC1=C(C(C(=C(N1)C)C(=O)OCC(C)C)C2=CC=CC=C2[N+](=O)[O-])C(=O)OC,CCOC(=O)N1CCC(=C2C3=C(CCC4=C2N=CC=C4)C=C(C=C3)Cl)CC1,1.0,reported_twosides,0.012995364,0.3789612640881328,0.3789612640881328,fitted,platt_logistic_regression,0.4313752502880964,0
CC12CCC3C(C1CCC2(C#C)O)CCC4=CC(=O)CCC34,CC1=NN=C(S1)SCC2=C(N3C(C(C3=O)NC(=O)CN4C=NN=N4)SC2)C(=O)[O-],0.0,unreported_twosides_sampled,0.9999815,0.8639448529840068,0.8639448529840068,fitted,platt_logistic_regression,0.4313752502880964,1
CC(C=CC(C)C(C)(C)O)C1CCC2C1(CCCC2=CC=C3CC(CC(C3)O)O)C,CCOC(=O)C(CCC1=CC=CC=C1)NC(C)C(=O)N2C3CCCCC3CC2C(=O)O,0.0,unreported_twosides_sampled,1.0,0.9086326001006345,0.9086326001006345,fitted,platt_logistic_regression,0.4313752502880964,1
CC1CN(CCN1)C2=C(C=C3C(=C2OC)N(C=C(C3=O)C(=O)O)C4CC4)F,CCOC(=O)N1CCC(=C2C3=C(CCC4=C2N=CC=C4)C=C(C=C3)Cl)CC1,1.0,reported_twosides,1.0,0.9086326001006345,0.9086326001006345,fitted,platt_logistic_regression,0.4313752502880964,1
CC1CN(CCN1)C2=C(C=C3C(=C2OC)N(C=C(C3=O)C(=O)O)C4CC4)F,CCOC(=O)C(CCC1=CC=CC=C1)NC(C)C(=O)N2C3CCCCC3CC2C(=O)O,0.0,unreported_twosides_sampled,1.0,0.9086326001006345,0.9086326001006345,fitted,platt_logistic_regression,0.4313752502880964,1
CCOC(=O)N1CCC(=C2C3=C(CCC4=C2N=CC=C4)C=C(C=C3)Cl)CC1,C[N+](C)(C)CC(CC(=O)O)O,1.0,reported_twosides,1.1757725e-13,0.12423389755370215,0.12423389755370215,fitted,platt_logistic_regression,0.4313752502880964,0
CC12CCC3C(C1CCC2(C)O)CCC4C3(COC(=O)C4)C,CC1=C(C(C(=C(N1)C)C(=O)OCC(C)C)C2=CC=CC=C2[N+](=O)[O-])C(=O)OC,0.0,unreported_twosides_sampled,1.0,0.9086326001006345,0.9086326001006345,fitted,platt_logistic_regression,0.4313752502880964,1
CC12CCC3C(C1CCC2C(=O)NC4=C(C=CC(=C4)C(F)(F)F)C(F)(F)F)CCC5C3(C=CC(=O)N5)C,CC12CCC3C(C1CCC2O)C(CC4=C3C=CC(=C4)O)CCCCCCCCCS(=O)CCCC(C(F)(F)F)(F)F,0.0,unreported_twosides_sampled,1.0,0.9086326001006345,0.9086326001006345,fitted,platt_logistic_regression,0.4313752502880964,1
C1CC(OC1CO)N2C=NC3=C2NC=NC3=O,CC(C)C(C(=O)OCC(CO)OCN1C=NC2=C1NC(=NC2=O)N)N,1.0,reported_twosides,1.4039138e-15,0.12423389755370215,0.12423389755370215,fitted,platt_logistic_regression,0.4313752502880964,0
CCOC1=C(C=CC(=C1)CC(=O)NC(CC(C)C)C2=CC=CC=C2N3CCCCC3)C(=O)O,CN1C=NC(=C1SC2=NC=NC3=C2NC=N3)[N+](=O)[O-],0.0,unreported_twosides_sampled,1.2478385e-15,0.12423389755370215,0.12423389755370215,fitted,platt_logistic_regression,0.4313752502880964,0
CC1CN(CCN1)C2=C(C=C3C(=C2OC)N(C=C(C3=O)C(=O)O)C4CC4)F,CNC(=C[N+](=O)[O-])NCCSCC1=CC=C(O1)CN(C)C,1.0,reported_twosides,1.0,0.9086326001006345,0.9086326001006345,fitted,platt_logistic_regression,0.4313752502880964,1
C1C(N(C2=C(N1)NC(=NC2=O)N)C=O)CNC3=CC=C(C=C3)C(=O)NC(CCC(=O)O)C(=O)O,CC1=NN=C2N1C3=C(C=C(C=C3)Cl)C(=NC2)C4=CC=CC=C4,1.0,reported_twosides,4.2483545e-18,0.12423389755370215,0.12423389755370215,fitted,platt_logistic_regression,0.4313752502880964,0
CCOC1=C(C=CC(=C1)CC(=O)NC(CC(C)C)C2=CC=CC=C2N3CCCCC3)C(=O)O,CN(C)CCC1=CNC2=C1C=C(C=C2)CC3COC(=O)N3,0.0,unreported_twosides_sampled,1.0,0.9086326001006345,0.9086326001006345,fitted,platt_logistic_regression,0.4313752502880964,1
CC(C=CC(C)C(C)(C)O)C1CCC2C1(CCCC2=CC=C3CC(CC(C3)O)O)C,CC1=NN=C(S1)SCC2=C(N3C(C(C3=O)NC(=O)CN4C=NN=N4)SC2)C(=O)[O-],1.0,reported_twosides,1.0,0.9086326001006345,0.9086326001006345,fitted,platt_logistic_regression,0.4313752502880964,1
C1C(N(C2=C(N1)NC(=NC2=O)N)C=O)CNC3=CC=C(C=C3)C(=O)NC(CCC(=O)O)C(=O)O,C1CC(C1)(C(=O)O)C(=O)O.N.N.[Pt],1.0,reported_twosides,4.2483545e-18,0.12423389755370215,0.12423389755370215,fitted,platt_logistic_regression,0.4313752502880964,0
CC(C=CC(C)C(C)(C)O)C1CCC2C1(CCCC2=CC=C3CC(CC(C3)O)O)C,CC1=NN=C2N1C3=C(C=C(C=C3)Cl)C(=NC2)C4=CC=CC=C4,1.0,reported_twosides,1.9535623e-12,0.12423389755370215,0.12423389755370215,fitted,platt_logistic_regression,0.4313752502880964,0
C(CCl)NC(=O)N(CCCl)N=O,C1C(OC(S1)CO)N2C=C(C(=NC2=O)N)F,0.0,unreported_twosides_sampled,4.2483545e-18,0.12423389755370215,0.12423389755370215,fitted,platt_logistic_regression,0.4313752502880964,0
CCN(C)C(=O)OC1=CC=CC(=C1)C(C)N(C)C,CCOC(=O)N1CCC(=C2C3=C(CCC4=C2N=CC=C4)C=C(C=C3)Cl)CC1,1.0,reported_twosides,1.0,0.9086326001006345,0.9086326001006345,fitted,platt_logistic_regression,0.4313752502880964,1
CC(C)(C)NCC(C1=CC(=C(C=C1)O)CO)O,CC1=NN=C2N1C3=C(C=C(C=C3)Cl)C(=NC2)C4=CC=CC=C4,1.0,reported_twosides,7.599441e-18,0.12423389755370215,0.12423389755370215,fitted,platt_logistic_regression,0.4313752502880964,0
CCOC(=O)C(CCC1=CC=CC=C1)NC(C)C(=O)N2C3CCCCC3CC2C(=O)O,CN1CCC23C=CC(CC2OC4=C(C=CC(=C34)C1)OC)O,0.0,unreported_twosides_sampled,1.0,0.9086326001006345,0.9086326001006345,fitted,platt_logistic_regression,0.4313752502880964,1
C1=CC(=CC=C1N)S(=O)(=O)C2=CC=C(C=C2)N,CC12CCC3C(C1CCC2O)C(CC4=C3C=CC(=C4)O)CCCCCCCCCS(=O)CCCC(C(F)(F)F)(F)F,0.0,unreported_twosides_sampled,1.0,0.9086326001006345,0.9086326001006345,fitted,platt_logistic_regression,0.4313752502880964,1
CN1CC(=O)N2C(C1=O)CC3=C(C2C4=CC5=C(C=C4)OCO5)NC6=CC=CC=C36,CNC(=C[N+](=O)[O-])NCCSCC1=CC=C(O1)CN(C)C,1.0,reported_twosides,0.00020776004,0.24377361544506385,0.24377361544506385,fitted,platt_logistic_regression,0.4313752502880964,0
CC(C)(C(=O)O)ON=C(C1=CSC(=N1)N)C(=O)NC2C3N(C2=O)C(=C(CS3)C[N+]4=CC=CC=C4)C(=O)[O-],CN(C)NN=C1C(=NC=N1)C(=O)N,0.0,unreported_twosides_sampled,4.2483545e-18,0.12423389755370215,0.12423389755370215,fitted,platt_logistic_regression,0.4313752502880964,0
CC(C=CC(C)C(C)(C)O)C1CCC2C1(CCCC2=CC=C3CC(CC(C3)O)O)C,CC12CCC3C(C1CCC2C(=O)NC4=C(C=CC(=C4)C(F)(F)F)C(F)(F)F)CCC5C3(C=CC(=O)N5)C,0.0,unreported_twosides_sampled,7.272999e-08,0.12423389755370215,0.12423389755370215,fitted,platt_logistic_regression,0.4313752502880964,0
CC1(C(N2C(S1)C(C2=O)NC(=O)C(C3=CC=CC=C3)N)C(=O)[O-])C,CN1C(=C(NC2=CC=CC=N2)O)C(=O)C3=CC=CC=C3S1(=O)=O,0.0,unreported_twosides_sampled,0.9570451,0.6568856211668231,0.6568856211668231,fitted,platt_logistic_regression,0.4313752502880964,1
CCCC1(CC(=O)C(=C(O1)O)C(CC)C2=CC(=CC=C2)NS(=O)(=O)C3=NC=C(C=C3)C(F)(F)F)CCC4=CC=CC=C4,CN1CC(=O)N2C(C1=O)CC3=C(C2C4=CC5=C(C=C4)OCO5)NC6=CC=CC=C36,0.0,unreported_twosides_sampled,0.0011226984,0.29474215363754674,0.29474215363754674,fitted,platt_logistic_regression,0.4313752502880964,0
CC1=C(C(=O)C2=CC=CC=C2C1=O)CC=C(C)CCCC(C)CCCC(C)CCCC(C)C,CN(C)NN=C1C(=NC=N1)C(=O)N,0.0,unreported_twosides_sampled,0.0006881262,0.27932279035364077,0.27932279035364077,fitted,platt_logistic_regression,0.4313752502880964,0
C1CC(C1)CN2CCC34C5C(CCC3(C2CC6=C4C(=C(C=C6)O)O5)O)O,CCOC(=O)N1CCC(=C2C3=C(CCC4=C2N=CC=C4)C=C(C=C3)Cl)CC1,0.0,unreported_twosides_sampled,4.2483545e-18,0.12423389755370215,0.12423389755370215,fitted,platt_logistic_regression,0.4313752502880964,0
C1CC(C1)CN2CCC34C5C(CCC3(C2CC6=C4C(=C(C=C6)O)O5)O)O,CCOC1=C(C=CC(=C1)CC(=O)NC(CC(C)C)C2=CC=CC=C2N3CCCCC3)C(=O)O,0.0,unreported_twosides_sampled,1.153734e-05,0.1712533819097419,0.1712533819097419,fitted,platt_logistic_regression,0.4313752502880964,0
CCC(C)C(=O)OC1CC(C=C2C1C(C(C=C2)C)CCC3CC(CC(=O)O3)O)C,C[N+](C)(C)CC(CC(=O)O)O,0.0,unreported_twosides_sampled,1.0,0.9086326001006345,0.9086326001006345,fitted,platt_logistic_regression,0.4313752502880964,1
CC(C)C(C(=O)OCC(CO)OCN1C=NC2=C1NC(=NC2=O)N)N,CN(C)NN=C1C(=NC=N1)C(=O)N,0.0,unreported_twosides_sampled,4.2483545e-18,0.12423389755370215,0.12423389755370215,fitted,platt_logistic_regression,0.4313752502880964,0
CCN(C)C(=O)OC1=CC=CC(=C1)C(C)N(C)C,CCOC1=C(C=CC(=C1)CC(=O)NC(CC(C)C)C2=CC=CC=C2N3CCCCC3)C(=O)O,1.0,reported_twosides,1.0,0.9086326001006345,0.9086326001006345,fitted,platt_logistic_regression,0.4313752502880964,1
C1=CC(=CC=C1N)S(=O)(=O)C2=CC=C(C=C2)N,CCOC(=O)N1CCC(=C2C3=C(CCC4=C2N=CC=C4)C=C(C=C3)Cl)CC1,1.0,reported_twosides,8.901036e-17,0.12423389755370215,0.12423389755370215,fitted,platt_logistic_regression,0.4313752502880964,0
CC12CCC3C(C1CCC2O)C(CC4=C3C=CC(=C4)O)CCCCCCCCCS(=O)CCCC(C(F)(F)F)(F)F,CC1CN(CCN1)C2=C(C=C3C(=C2OC)N(C=C(C3=O)C(=O)O)C4CC4)F,0.0,unreported_twosides_sampled,1.0,0.9086326001006345,0.9086326001006345,fitted,platt_logistic_regression,0.4313752502880964,1
CC(=O)OCC(=O)C12C(CC3C1(CC(C4(C3CC(C5=CC(=O)C=CC54C)F)F)O)C)OC(O2)(C)C,CC(C)C(CCCN(C)CCC1=CC(=C(C=C1)OC)OC)(C#N)C2=CC(=C(C=C2)OC)OC,0.0,unreported_twosides_sampled,5.5331265e-14,0.12423389755370215,0.12423389755370215,fitted,platt_logistic_regression,0.4313752502880964,0
CC12CCC3C(C1CCC2O)C(CC4=C3C=CC(=C4)O)CCCCCCCCCS(=O)CCCC(C(F)(F)F)(F)F,CC1CC2C3CCC4=CC(=O)C=CC4(C3(C(CC2(C1(C(=O)CO)O)C)O)F)C,1.0,reported_twosides,0.99998236,0.8647782235108302,0.8647782235108302,fitted,platt_logistic_regression,0.4313752502880964,1
CC(C)(C(=O)O)ON=C(C1=CSC(=N1)N)C(=O)NC2C3N(C2=O)C(=C(CS3)C[N+]4=CC=CC=C4)C(=O)[O-],CCOC(=O)C(CCC1=CC=CC=C1)NC(C)C(=O)N2C3CCCCC3CC2C(=O)O,0.0,unreported_twosides_sampled,4.1212153e-17,0.12423389755370215,0.12423389755370215,fitted,platt_logistic_regression,0.4313752502880964,0
CC1=C(C(=O)C2=CC=CC=C2C1=O)CC=C(C)CCCC(C)CCCC(C)CCCC(C)C,CN1C=NC(=C1SC2=NC=NC3=C2NC=N3)[N+](=O)[O-],0.0,unreported_twosides_sampled,1.4062176e-06,0.13005213972378563,0.13005213972378563,fitted,platt_logistic_regression,0.4313752502880964,0
CC12CCC3C(C1CCC2C(=O)NC4=C(C=CC(=C4)C(F)(F)F)C(F)(F)F)CCC5C3(C=CC(=O)N5)C,CCOC(=O)N1CCC(=C2C3=C(CCC4=C2N=CC=C4)C=C(C=C3)Cl)CC1,1.0,reported_twosides,2.0390284e-14,0.12423389755370215,0.12423389755370215,fitted,platt_logistic_regression,0.4313752502880964,0
CC(C)C(CCCN(C)CCC1=CC(=C(C=C1)OC)OC)(C#N)C2=CC(=C(C=C2)OC)OC,CN(C)CCC1=CNC2=C1C=C(C=C2)CC3COC(=O)N3,1.0,reported_twosides,1.0,0.9086326001006345,0.9086326001006345,fitted,platt_logistic_regression,0.4313752502880964,1
C1CN=C(N1)NC2=C(C=CC=C2Cl)Cl,CN1CCC23C=CC(CC2OC4=C(C=CC(=C34)C1)OC)O,1.0,reported_twosides,0.9997707,0.8116923054203345,0.8116923054203345,fitted,platt_logistic_regression,0.4313752502880964,1
CC1=C(C(=O)C2=CC=CC=C2C1=O)CC=C(C)CCCC(C)CCCC(C)CCCC(C)C,CCN(C)C(=O)OC1=CC=CC(=C1)C(C)N(C)C,0.0,unreported_twosides_sampled,1.0,0.9086326001006345,0.9086326001006345,fitted,platt_logistic_regression,0.4313752502880964,1
CC12CCC3C(C1CCC2(C)O)CCC4C3(COC(=O)C4)C,CN1CC(=O)N2C(C1=O)CC3=C(C2C4=CC5=C(C=C4)OCO5)NC6=CC=CC=C36,1.0,reported_twosides,0.11381946,0.46415904420975246,0.46415904420975246,fitted,platt_logistic_regression,0.4313752502880964,1
C1C(N(C2=C(N1)NC(=NC2=O)N)C=O)CNC3=CC=C(C=C3)C(=O)NC(CCC(=O)O)C(=O)O,CNC(=C[N+](=O)[O-])NCCSCC1=CC=C(O1)CN(C)C,1.0,reported_twosides,4.2483545e-18,0.12423389755370215,0.12423389755370215,fitted,platt_logistic_regression,0.4313752502880964,0
C1=CC(=C2NC(=C3C=CC=CC3=O)N(N2)C4=CC=C(C=C4)C(=O)O)C(=O)C=C1,CC(C)(C(=O)O)ON=C(C1=CSC(=N1)N)C(=O)NC2C3N(C2=O)C(=C(CS3)C[N+]4=CC=CC=C4)C(=O)[O-],1.0,reported_twosides,1.0,0.9086326001006345,0.9086326001006345,fitted,platt_logistic_regression,0.4313752502880964,1
C1=CC(=C2NC(=C3C=CC=CC3=O)N(N2)C4=CC=C(C=C4)C(=O)O)C(=O)C=C1,CC12CCC3C(C1CCC2C(=O)NC4=C(C=CC(=C4)C(F)(F)F)C(F)(F)F)CCC5C3(C=CC(=O)N5)C,1.0,reported_twosides,1.0,0.9086326001006345,0.9086326001006345,fitted,platt_logistic_regression,0.4313752502880964,1
C1C(OC(S1)CO)N2C=C(C(=NC2=O)N)F,CNC(=C[N+](=O)[O-])NCCSCC1=CC=C(O1)CN(C)C,1.0,reported_twosides,4.2483545e-18,0.12423389755370215,0.12423389755370215,fitted,platt_logistic_regression,0.4313752502880964,0
CC1CC2C3CCC4=CC(=O)C=CC4(C3(C(CC2(C1(C(=O)CO)O)C)O)F)C,CN1CC(=O)N2C(C1=O)CC3=C(C2C4=CC5=C(C=C4)OCO5)NC6=CC=CC=C36,1.0,reported_twosides,2.3121944e-09,0.12423389755370215,0.12423389755370215,fitted,platt_logistic_regression,0.4313752502880964,0
C1CN=C(N1)NC2=C(C=CC=C2Cl)Cl,CC12CCC3C(C1CCC2O)C(CC4=C3C=CC(=C4)O)CCCCCCCCCS(=O)CCCC(C(F)(F)F)(F)F,0.0,unreported_twosides_sampled,1.0,0.9086326001006345,0.9086326001006345,fitted,platt_logistic_regression,0.4313752502880964,1
CCCCC(=O)N(CC1=CC=C(C=C1)C2=CC=CC=C2C3=NNN=N3)C(C(C)C)C(=O)O,CCN(C)C(=O)OC1=CC=CC(=C1)C(C)N(C)C,1.0,reported_twosides,1.0,0.9086326001006345,0.9086326001006345,fitted,platt_logistic_regression,0.4313752502880964,1
CC(C)(C(=O)O)ON=C(C1=CSC(=N1)N)C(=O)NC2C3N(C2=O)C(=C(CS3)C[N+]4=CC=CC=C4)C(=O)[O-],CC1=NN=C(S1)SCC2=C(N3C(C(C3=O)NC(=O)CN4C=NN=N4)SC2)C(=O)[O-],1.0,reported_twosides,2.64725e-13,0.12423389755370215,0.12423389755370215,fitted,platt_logistic_regression,0.4313752502880964,0
CC(C)C(C(=O)OCC(CO)OCN1C=NC2=C1NC(=NC2=O)N)N,CN1CCC(=C2C3=C(C(=O)CC4=CC=CC=C42)SC=C3)CC1,0.0,unreported_twosides_sampled,6.7547814e-17,0.12423389755370215,0.12423389755370215,fitted,platt_logistic_regression,0.4313752502880964,0
C1C(N(C2=C(N1)NC(=NC2=O)N)C=O)CNC3=CC=C(C=C3)C(=O)NC(CCC(=O)O)C(=O)O,CC12CCC3C(C1CCC2O)C(CC4=C3C=CC(=C4)O)CCCCCCCCCS(=O)CCCC(C(F)(F)F)(F)F,0.0,unreported_twosides_sampled,0.8666228,0.6129921141087795,0.6129921141087795,fitted,platt_logistic_regression,0.4313752502880964,1
CC12CCC3C(C1CCC2C(=O)NC4=C(C=CC(=C4)C(F)(F)F)C(F)(F)F)CCC5C3(C=CC(=O)N5)C,CCOC(=O)C(CCC1=CC=CC=C1)NC(C)C(=O)N2C3CCCCC3CC2C(=O)O,0.0,unreported_twosides_sampled,1.0,0.9086326001006345,0.9086326001006345,fitted,platt_logistic_regression,0.4313752502880964,1
C1CC(C1)(C(=O)O)C(=O)O.N.N.[Pt],CC1CC2C3CCC4=CC(=O)C=CC4(C3(C(CC2(C1(C(=O)CO)O)C)O)F)C,1.0,reported_twosides,4.2483545e-18,0.12423389755370215,0.12423389755370215,fitted,platt_logistic_regression,0.4313752502880964,0
C1CC(C1)CN2CCC34C5C(CCC3(C2CC6=C4C(=C(C=C6)O)O5)O)O,CC1=NN=C2N1C3=C(C=C(C=C3)Cl)C(=NC2)C4=CC=CC=C4,1.0,reported_twosides,4.2483545e-18,0.12423389755370215,0.12423389755370215,fitted,platt_logistic_regression,0.4313752502880964,0
CC(=O)OCC(=O)C12C(CC3C1(CC(C4(C3CC(C5=CC(=O)C=CC54C)F)F)O)C)OC(O2)(C)C,C[N+](C)(C)CC(CC(=O)O)O,0.0,unreported_twosides_sampled,3.9478975e-17,0.12423389755370215,0.12423389755370215,fitted,platt_logistic_regression,0.4313752502880964,0
CC(C)C(CCCN(C)CCC1=CC(=C(C=C1)OC)OC)(C#N)C2=CC(=C(C=C2)OC)OC,CC1C2C(C(=O)N2C(=C1SC3CC(NC3)C(=O)NC4=CC=CC(=C4)C(=O)O)C(=O)O)C(C)O,0.0,unreported_twosides_sampled,4.2483545e-18,0.12423389755370215,0.12423389755370215,fitted,platt_logistic_regression,0.4313752502880964,0
CC1=NN=C2N1C3=C(C=C(C=C3)Cl)C(=NC2)C4=CC=CC=C4,C[N+](C)(C)CC(CC(=O)O)O,0.0,unreported_twosides_sampled,4.2483545e-18,0.12423389755370215,0.12423389755370215,fitted,platt_logistic_regression,0.4313752502880964,0
C1=CC(=C2NC(=C3C=CC=CC3=O)N(N2)C4=CC=C(C=C4)C(=O)O)C(=O)C=C1,CC(C)(C)NCC(C1=CC(=C(C=C1)O)CO)O,1.0,reported_twosides,1.0,0.9086326001006345,0.9086326001006345,fitted,platt_logistic_regression,0.4313752502880964,1
C1C(N(C2=C(N1)NC(=NC2=O)N)C=O)CNC3=CC=C(C=C3)C(=O)NC(CCC(=O)O)C(=O)O,CN(C)NN=C1C(=NC=N1)C(=O)N,0.0,unreported_twosides_sampled,4.2483545e-18,0.12423389755370215,0.12423389755370215,fitted,platt_logistic_regression,0.4313752502880964,0
CC(C=CC(C)C(C)(C)O)C1CCC2C1(CCCC2=CC=C3CC(CC(C3)O)O)C,CCN(C)C(=O)OC1=CC=CC(=C1)C(C)N(C)C,0.0,unreported_twosides_sampled,1.0,0.9086326001006345,0.9086326001006345,fitted,platt_logistic_regression,0.4313752502880964,1
CC(C)C(CCCN(C)CCC1=CC(=C(C=C1)OC)OC)(C#N)C2=CC(=C(C=C2)OC)OC,CN(C)NN=C1C(=NC=N1)C(=O)N,0.0,unreported_twosides_sampled,4.2483545e-18,0.12423389755370215,0.12423389755370215,fitted,platt_logistic_regression,0.4313752502880964,0
CC12CCC3C(C1CCC2C(=O)NC4=C(C=CC(=C4)C(F)(F)F)C(F)(F)F)CCC5C3(C=CC(=O)N5)C,CC1=C(C(C(=C(N1)C)C(=O)OCC(C)C)C2=CC=CC=C2[N+](=O)[O-])C(=O)OC,1.0,reported_twosides,1.0,0.9086326001006345,0.9086326001006345,fitted,platt_logistic_regression,0.4313752502880964,1
C1CC(C1)CN2CCC34C5C(CCC3(C2CC6=C4C(=C(C=C6)O)O5)O)O,CCOC(=O)C(CCC1=CC=CC=C1)NC(C)C(=O)N2C3CCCCC3CC2C(=O)O,0.0,unreported_twosides_sampled,0.0035923275,0.3333241966797734,0.3333241966797734,fitted,platt_logistic_regression,0.4313752502880964,0
CC(C)(C)NCC(C1=CC(=C(C=C1)O)CO)O,CC1=NN=C(S1)SCC2=C(N3C(C(C3=O)NC(=O)CN4C=NN=N4)SC2)C(=O)[O-],1.0,reported_twosides,0.9997861,0.8133192901257322,0.8133192901257322,fitted,platt_logistic_regression,0.4313752502880964,1
C1CC(C1)CN2CCC34C5C(CCC3(C2CC6=C4C(=C(C=C6)O)O5)O)O,CNC(=C[N+](=O)[O-])NCCSCC1=CC=C(O1)CN(C)C,1.0,reported_twosides,1.7783569e-14,0.12423389755370215,0.12423389755370215,fitted,platt_logistic_regression,0.4313752502880964,0
CC1=C(SC=C1)C(=CCCN2CCCC(C2)C(=O)O)C3=C(C=CS3)C,CCOC1=C(C=CC(=C1)CC(=O)NC(CC(C)C)C2=CC=CC=C2N3CCCCC3)C(=O)O,0.0,unreported_twosides_sampled,1.0,0.9086326001006345,0.9086326001006345,fitted,platt_logistic_regression,0.4313752502880964,1
C1CC(C1)(C(=O)O)C(=O)O.N.N.[Pt],CCCC1(CC(=O)C(=C(O1)O)C(CC)C2=CC(=CC=C2)NS(=O)(=O)C3=NC=C(C=C3)C(F)(F)F)CCC4=CC=CC=C4,0.0,unreported_twosides_sampled,4.2483545e-18,0.12423389755370215,0.12423389755370215,fitted,platt_logistic_regression,0.4313752502880964,0
CC1=C(C(=O)C2=CC=CC=C2C1=O)CC=C(C)CCCC(C)CCCC(C)CCCC(C)C,CN1CCC23C=CC(CC2OC4=C(C=CC(=C34)C1)OC)O,0.0,unreported_twosides_sampled,1.0,0.9086326001006345,0.9086326001006345,fitted,platt_logistic_regression,0.4313752502880964,1
C1CC(C1)CN2CCC34C5C(CCC3(C2CC6=C4C(=C(C=C6)O)O5)O)O,CC(C)(C)NCC(C1=CC(=C(C=C1)O)CO)O,0.0,unreported_twosides_sampled,1.1123187e-12,0.12423389755370215,0.12423389755370215,fitted,platt_logistic_regression,0.4313752502880964,0
CC12CCC3C(C1CCC2C(=O)NC4=C(C=CC(=C4)C(F)(F)F)C(F)(F)F)CCC5C3(C=CC(=O)N5)C,CN1C(=C(NC2=CC=CC=N2)O)C(=O)C3=CC=CC=C3S1(=O)=O,0.0,unreported_twosides_sampled,0.9999999,0.9086326001006345,0.9086326001006345,fitted,platt_logistic_regression,0.4313752502880964,1
C1=CC(=C2NC(=C3C=CC=CC3=O)N(N2)C4=CC=C(C=C4)C(=O)O)C(=O)C=C1,CC12CCC3C(C1CCC2(C)O)CCC4C3(COC(=O)C4)C,0.0,unreported_twosides_sampled,1.0,0.9086326001006345,0.9086326001006345,fitted,platt_logistic_regression,0.4313752502880964,1
C1CN=C(N1)NC2=C(C=CC=C2Cl)Cl,CC1=C(SC=C1)C(=CCCN2CCCC(C2)C(=O)O)C3=C(C=CS3)C,1.0,reported_twosides,0.9999994,0.9086326001006345,0.9086326001006345,fitted,platt_logistic_regression,0.4313752502880964,1
C1CC(C1)(C(=O)O)C(=O)O.N.N.[Pt],C[N+](C)(C)CC(CC(=O)O)O,0.0,unreported_twosides_sampled,4.2483545e-18,0.12423389755370215,0.12423389755370215,fitted,platt_logistic_regression,0.4313752502880964,0
CC12CCC3C(C1CCC2(C)O)CCC4C3(COC(=O)C4)C,CC12CCC3C(C1CCC2C(=O)NC4=C(C=CC(=C4)C(F)(F)F)C(F)(F)F)CCC5C3(C=CC(=O)N5)C,0.0,unreported_twosides_sampled,0.050542112,0.43067828599995356,0.43067828599995356,fitted,platt_logistic_regression,0.4313752502880964,0
CCC(C)C(=O)OC1CC(C=C2C1C(C(C=C2)C)CCC3CC(CC(=O)O3)O)C,CN(C)CCC1=CNC2=C1C=C(C=C2)CC3COC(=O)N3,0.0,unreported_twosides_sampled,1.0,0.9086326001006345,0.9086326001006345,fitted,platt_logistic_regression,0.4313752502880964,1
CC(C=CC(C)C(C)(C)O)C1CCC2C1(CCCC2=CC=C3CC(CC(C3)O)O)C,CCOC(=O)N1CCC(=C2C3=C(CCC4=C2N=CC=C4)C=C(C=C3)Cl)CC1,1.0,reported_twosides,4.4134843e-12,0.12423389755370215,0.12423389755370215,fitted,platt_logistic_regression,0.4313752502880964,0
CC1=C(C(=O)C2=CC=CC=C2C1=O)CC=C(C)CCCC(C)CCCC(C)CCCC(C)C,C[N+](C)(C)CC(CC(=O)O)O,0.0,unreported_twosides_sampled,1.0,0.9086326001006345,0.9086326001006345,fitted,platt_logistic_regression,0.4313752502880964,1
C1CC(OC1CO)N2C=NC3=C2NC=NC3=O,CC(C=CC(C)C(C)(C)O)C1CCC2C1(CCCC2=CC=C3CC(CC(C3)O)O)C,0.0,unreported_twosides_sampled,1.2652728e-07,0.12423389755370215,0.12423389755370215,fitted,platt_logistic_regression,0.4313752502880964,0
CC1=NN=C2N1C3=C(C=C(C=C3)Cl)C(=NC2)C4=CC=CC=C4,CCC(C)C(=O)OC1CC(C=C2C1C(C(C=C2)C)CCC3CC(CC(=O)O3)O)C,1.0,reported_twosides,1.0,0.9086326001006345,0.9086326001006345,fitted,platt_logistic_regression,0.4313752502880964,1
CC1=NN=C(S1)SCC2=C(N3C(C(C3=O)NC(=O)CN4C=NN=N4)SC2)C(=O)[O-],CCC(C)C(=O)OC1CC(C=C2C1C(C(C=C2)C)CCC3CC(CC(=O)O3)O)C,1.0,reported_twosides,1.0,0.9086326001006345,0.9086326001006345,fitted,platt_logistic_regression,0.4313752502880964,1
CCN(C)C(=O)OC1=CC=CC(=C1)C(C)N(C)C,CNC(=C[N+](=O)[O-])NCCSCC1=CC=C(O1)CN(C)C,1.0,reported_twosides,1.0,0.9086326001006345,0.9086326001006345,fitted,platt_logistic_regression,0.4313752502880964,1
C1CC(C1)CN2CCC34C5C(CCC3(C2CC6=C4C(=C(C=C6)O)O5)O)O,CCCC1(CC(=O)C(=C(O1)O)C(CC)C2=CC(=CC=C2)NS(=O)(=O)C3=NC=C(C=C3)C(F)(F)F)CCC4=CC=CC=C4,0.0,unreported_twosides_sampled,1.1465406e-15,0.12423389755370215,0.12423389755370215,fitted,platt_logistic_regression,0.4313752502880964,0
C(CCl)NC(=O)N(CCCl)N=O,CCOC(=O)N1CCC(=C2C3=C(CCC4=C2N=CC=C4)C=C(C=C3)Cl)CC1,0.0,unreported_twosides_sampled,8.933038e-11,0.12423389755370215,0.12423389755370215,fitted,platt_logistic_regression,0.4313752502880964,0
CC1=C(SC=C1)C(=CCCN2CCCC(C2)C(=O)O)C3=C(C=CS3)C,CN1CCC(=C2C3=C(C(=O)CC4=CC=CC=C42)SC=C3)CC1,0.0,unreported_twosides_sampled,1.4486896e-14,0.12423389755370215,0.12423389755370215,fitted,platt_logistic_regression,0.4313752502880964,0
C1CC(C1)CN2CCC34C5C(CCC3(C2CC6=C4C(=C(C=C6)O)O5)O)O,CN(C)CCC1=CNC2=C1C=C(C=C2)CC3COC(=O)N3,0.0,unreported_twosides_sampled,2.6292662e-16,0.12423389755370215,0.12423389755370215,fitted,platt_logistic_regression,0.4313752502880964,0
C(CCl)NC(=O)N(CCCl)N=O,CC1(C(N2C(S1)C(C2=O)NC(=O)C(C3=CC=CC=C3)N)C(=O)[O-])C,0.0,unreported_twosides_sampled,1.0750474e-15,0.12423389755370215,0.12423389755370215,fitted,platt_logistic_regression,0.4313752502880964,0
C1CC(C1)CN2CCC34C5C(CCC3(C2CC6=C4C(=C(C=C6)O)O5)O)O,C1CN=C(N1)NC2=C(C=CC=C2Cl)Cl,0.0,unreported_twosides_sampled,0.0043937424,0.34027034717193255,0.34027034717193255,fitted,platt_logistic_regression,0.4313752502880964,0
CC(C)(C(=O)O)ON=C(C1=CSC(=N1)N)C(=O)NC2C3N(C2=O)C(=C(CS3)C[N+]4=CC=CC=C4)C(=O)[O-],CC12CCC3C(C1CCC2C(=O)NC4=C(C=CC(=C4)C(F)(F)F)C(F)(F)F)CCC5C3(C=CC(=O)N5)C,0.0,unreported_twosides_sampled,4.2483545e-18,0.12423389755370215,0.12423389755370215,fitted,platt_logistic_regression,0.4313752502880964,0
C1C(C(C(C(C1N)OC2C(C(C(C(O2)CN)O)O)O)O)OC3C(C(C(C(O3)CO)O)N)O)N,CC(C)C(CCCN(C)CCC1=CC(=C(C=C1)OC)OC)(C#N)C2=CC(=C(C=C2)OC)OC,0.0,unreported_twosides_sampled,1.4514429e-12,0.12423389755370215,0.12423389755370215,fitted,platt_logistic_regression,0.4313752502880964,0
C1=CC(=C2NC(=C3C=CC=CC3=O)N(N2)C4=CC=C(C=C4)C(=O)O)C(=O)C=C1,C1CC(OC1CO)N2C=NC3=C2NC=NC3=O,0.0,unreported_twosides_sampled,1.0,0.9086326001006345,0.9086326001006345,fitted,platt_logistic_regression,0.4313752502880964,1
CC1CC2C3CCC4=CC(=O)C=CC4(C3(C(CC2(C1(C(=O)CO)O)C)O)F)C,CNC(=C[N+](=O)[O-])NCCSCC1=CC=C(O1)CN(C)C,1.0,reported_twosides,1.5809653e-07,0.12423389755370215,0.12423389755370215,fitted,platt_logistic_regression,0.4313752502880964,0
CC1=NN=C(S1)SCC2=C(N3C(C(C3=O)NC(=O)CN4C=NN=N4)SC2)C(=O)[O-],CN1C=NC(=C1SC2=NC=NC3=C2NC=N3)[N+](=O)[O-],0.0,unreported_twosides_sampled,4.2483545e-18,0.12423389755370215,0.12423389755370215,fitted,platt_logistic_regression,0.4313752502880964,0
C1C(N(C2=C(N1)NC(=NC2=O)N)C=O)CNC3=CC=C(C=C3)C(=O)NC(CCC(=O)O)C(=O)O,CC1=NN=C(S1)SCC2=C(N3C(C(C3=O)NC(=O)CN4C=NN=N4)SC2)C(=O)[O-],1.0,reported_twosides,0.0009018729,0.2877813450747135,0.2877813450747135,fitted,platt_logistic_regression,0.4313752502880964,0
CC1=C(SC=C1)C(=CCCN2CCCC(C2)C(=O)O)C3=C(C=CS3)C,CC1CC2C3CCC4=CC(=O)C=CC4(C3(C(CC2(C1(C(=O)CO)O)C)O)F)C,0.0,unreported_twosides_sampled,1.9541327e-08,0.12423389755370215,0.12423389755370215,fitted,platt_logistic_regression,0.4313752502880964,0
CC1CN(CCN1)C2=C(C=C3C(=C2OC)N(C=C(C3=O)C(=O)O)C4CC4)F,CN(C)NN=C1C(=NC=N1)C(=O)N,0.0,unreported_twosides_sampled,2.0723885e-09,0.12423389755370215,0.12423389755370215,fitted,platt_logistic_regression,0.4313752502880964,0
CC1=NN=C(S1)SCC2=C(N3C(C(C3=O)NC(=O)CN4C=NN=N4)SC2)C(=O)[O-],CN1CCC(=C2C3=C(C(=O)CC4=CC=CC=C42)SC=C3)CC1,0.0,unreported_twosides_sampled,0.0063137836,0.35296588248940636,0.35296588248940636,fitted,platt_logistic_regression,0.4313752502880964,0
CC(C)C(C(=O)OCC(CO)OCN1C=NC2=C1NC(=NC2=O)N)N,CC12CCC3C(C1CCC2C(=O)NC4=C(C=CC(=C4)C(F)(F)F)C(F)(F)F)CCC5C3(C=CC(=O)N5)C,0.0,unreported_twosides_sampled,4.2283793e-10,0.12423389755370215,0.12423389755370215,fitted,platt_logistic_regression,0.4313752502880964,0
C1C(N(C2=C(N1)NC(=NC2=O)N)C=O)CNC3=CC=C(C=C3)C(=O)NC(CCC(=O)O)C(=O)O,CC1CN(CCN1)C2=C(C=C3C(=C2OC)N(C=C(C3=O)C(=O)O)C4CC4)F,0.0,unreported_twosides_sampled,0.9715929,0.671586581572206,0.671586581572206,fitted,platt_logistic_regression,0.4313752502880964,1
CC1=NN=C(S1)SCC2=C(N3C(C(C3=O)NC(=O)CN4C=NN=N4)SC2)C(=O)[O-],CC1=NN=C2N1C3=C(C=C(C=C3)Cl)C(=NC2)C4=CC=CC=C4,1.0,reported_twosides,0.00013106728,0.23094735084857088,0.23094735084857088,fitted,platt_logistic_regression,0.4313752502880964,0
CC1C2C(C(=O)N2C(=C1SC3CC(NC3)C(=O)NC4=CC=CC(=C4)C(=O)O)C(=O)O)C(C)O,CCCCC(=O)N(CC1=CC=C(C=C1)C2=CC=CC=C2C3=NNN=N3)C(C(C)C)C(=O)O,0.0,unreported_twosides_sampled,4.2483545e-18,0.12423389755370215,0.12423389755370215,fitted,platt_logistic_regression,0.4313752502880964,0
CC(C)(C(=O)O)ON=C(C1=CSC(=N1)N)C(=O)NC2C3N(C2=O)C(=C(CS3)C[N+]4=CC=CC=C4)C(=O)[O-],CCOC(=O)N1CCC(=C2C3=C(CCC4=C2N=CC=C4)C=C(C=C3)Cl)CC1,0.0,unreported_twosides_sampled,4.2483545e-18,0.12423389755370215,0.12423389755370215,fitted,platt_logistic_regression,0.4313752502880964,0
CCC(C)C(=O)OC1CC(C=C2C1C(C(C=C2)C)CCC3CC(CC(=O)O3)O)C,CCOC(=O)N1CCC(=C2C3=C(CCC4=C2N=CC=C4)C=C(C=C3)Cl)CC1,1.0,reported_twosides,1.0,0.9086326001006345,0.9086326001006345,fitted,platt_logistic_regression,0.4313752502880964,1
CC(C)C(CCCN(C)CCC1=CC(=C(C=C1)OC)OC)(C#N)C2=CC(=C(C=C2)OC)OC,CCOC(=O)C(CCC1=CC=CC=C1)NC(C)C(=O)N2C3CCCCC3CC2C(=O)O,1.0,reported_twosides,1.0,0.9086326001006345,0.9086326001006345,fitted,platt_logistic_regression,0.4313752502880964,1
C1C(OC(S1)CO)N2C=C(C(=NC2=O)N)F,COC1=C(C=C(C=C1)C2=CC3=C(C=C2)C=C(C=C3)C(=O)O)C45CC6CC(C4)CC(C6)C5,0.0,unreported_twosides_sampled,4.2483545e-18,0.12423389755370215,0.12423389755370215,fitted,platt_logistic_regression,0.4313752502880964,0
CC(C)(C(=O)O)ON=C(C1=CSC(=N1)N)C(=O)NC2C3N(C2=O)C(=C(CS3)C[N+]4=CC=CC=C4)C(=O)[O-],CC(C)C(CCCN(C)CCC1=CC(=C(C=C1)OC)OC)(C#N)C2=CC(=C(C=C2)OC)OC,1.0,reported_twosides,4.2483545e-18,0.12423389755370215,0.12423389755370215,fitted,platt_logistic_regression,0.4313752502880964,0
CN(C)NN=C1C(=NC=N1)C(=O)N,CNC(=C[N+](=O)[O-])NCCSCC1=CC=C(O1)CN(C)C,1.0,reported_twosides,4.2483545e-18,0.12423389755370215,0.12423389755370215,fitted,platt_logistic_regression,0.4313752502880964,0
C1=CC(=CC=C1N)S(=O)(=O)C2=CC=C(C=C2)N,CN1CCC(=C2C3=C(C(=O)CC4=CC=CC=C42)SC=C3)CC1,0.0,unreported_twosides_sampled,2.724802e-11,0.12423389755370215,0.12423389755370215,fitted,platt_logistic_regression,0.4313752502880964,0
CC12CCC3C(C1CCC2C(=O)NC4=C(C=CC(=C4)C(F)(F)F)C(F)(F)F)CCC5C3(C=CC(=O)N5)C,CCOC1=C(C=CC(=C1)CC(=O)NC(CC(C)C)C2=CC=CC=C2N3CCCCC3)C(=O)O,1.0,reported_twosides,1.0,0.9086326001006345,0.9086326001006345,fitted,platt_logistic_regression,0.4313752502880964,1
C1C(N(C2=C(N1)NC(=NC2=O)N)C=O)CNC3=CC=C(C=C3)C(=O)NC(CCC(=O)O)C(=O)O,CCCC1(CC(=O)C(=C(O1)O)C(CC)C2=CC(=CC=C2)NS(=O)(=O)C3=NC=C(C=C3)C(F)(F)F)CCC4=CC=CC=C4,0.0,unreported_twosides_sampled,2.2499677e-17,0.12423389755370215,0.12423389755370215,fitted,platt_logistic_regression,0.4313752502880964,0
CC1=C(SC=C1)C(=CCCN2CCCC(C2)C(=O)O)C3=C(C=CS3)C,CN1C(=C(NC2=CC=CC=N2)O)C(=O)C3=CC=CC=C3S1(=O)=O,0.0,unreported_twosides_sampled,0.9999993,0.9086326001006345,0.9086326001006345,fitted,platt_logistic_regression,0.4313752502880964,1
CC12CCC3C(C1CCC2(C#C)O)CCC4=CC(=O)CCC34,CNC(=C[N+](=O)[O-])NCCSCC1=CC=C(O1)CN(C)C,1.0,reported_twosides,9.2874734e-07,0.12423389755370215,0.12423389755370215,fitted,platt_logistic_regression,0.4313752502880964,0
CCCCC(=O)N(CC1=CC=C(C=C1)C2=CC=CC=C2C3=NNN=N3)C(C(C)C)C(=O)O,CN1CCC(=C2C3=C(C(=O)CC4=CC=CC=C42)SC=C3)CC1,1.0,reported_twosides,0.00014903973,0.23447700634851532,0.23447700634851532,fitted,platt_logistic_regression,0.4313752502880964,0
C1CN=C(N1)NC2=C(C=CC=C2Cl)Cl,CCN(C)C(=O)OC1=CC=CC(=C1)C(C)N(C)C,1.0,reported_twosides,1.0,0.9086326001006345,0.9086326001006345,fitted,platt_logistic_regression,0.4313752502880964,1
C1CN=C(N1)NC2=C(C=CC=C2Cl)Cl,CC(C)(C)NCC(C1=CC(=C(C=C1)O)CO)O,1.0,reported_twosides,1.0,0.9086326001006345,0.9086326001006345,fitted,platt_logistic_regression,0.4313752502880964,1
CCN(C)C(=O)OC1=CC=CC(=C1)C(C)N(C)C,CN(C)CCC1=CNC2=C1C=C(C=C2)CC3COC(=O)N3,0.0,unreported_twosides_sampled,1.0,0.9086326001006345,0.9086326001006345,fitted,platt_logistic_regression,0.4313752502880964,1
CC1=NN=C2N1C3=C(C=C(C=C3)Cl)C(=NC2)C4=CC=CC=C4,CCN(C)C(=O)OC1=CC=CC(=C1)C(C)N(C)C,1.0,reported_twosides,1.0,0.9086326001006345,0.9086326001006345,fitted,platt_logistic_regression,0.4313752502880964,1
CC1CN(CCN1)C2=C(C=C3C(=C2OC)N(C=C(C3=O)C(=O)O)C4CC4)F,CN1CCC(=C2C3=C(C(=O)CC4=CC=CC=C42)SC=C3)CC1,0.0,unreported_twosides_sampled,1.0,0.9086326001006345,0.9086326001006345,fitted,platt_logistic_regression,0.4313752502880964,1
C1CC(OC1CO)N2C=NC3=C2NC=NC3=O,CC12CCC3C(C1CCC2C(=O)NC4=C(C=CC(=C4)C(F)(F)F)C(F)(F)F)CCC5C3(C=CC(=O)N5)C,0.0,unreported_twosides_sampled,2.4860183e-08,0.12423389755370215,0.12423389755370215,fitted,platt_logistic_regression,0.4313752502880964,0
CC1=NN=C2N1C3=C(C=C(C=C3)Cl)C(=NC2)C4=CC=CC=C4,CCOC(=O)C(CCC1=CC=CC=C1)NC(C)C(=O)N2C3CCCCC3CC2C(=O)O,0.0,unreported_twosides_sampled,0.0015667187,0.30552245646447684,0.30552245646447684,fitted,platt_logistic_regression,0.4313752502880964,0
CCCCC(=O)N(CC1=CC=C(C=C1)C2=CC=CC=C2C3=NNN=N3)C(C(C)C)C(=O)O,CN(C)CCC1=CNC2=C1C=C(C=C2)CC3COC(=O)N3,1.0,reported_twosides,0.9999988,0.9063639656851017,0.9063639656851017,fitted,platt_logistic_regression,0.4313752502880964,1
C1CC(OC1CO)N2C=NC3=C2NC=NC3=O,CNC(=C[N+](=O)[O-])NCCSCC1=CC=C(O1)CN(C)C,1.0,reported_twosides,2.1625537e-07,0.12423389755370215,0.12423389755370215,fitted,platt_logistic_regression,0.4313752502880964,0
CC(C=CC(C)C(C)(C)O)C1CCC2C1(CCCC2=CC=C3CC(CC(C3)O)O)C,CN(C)CCC1=CNC2=C1C=C(C=C2)CC3COC(=O)N3,0.0,unreported_twosides_sampled,0.9999807,0.8631442584455639,0.8631442584455639,fitted,platt_logistic_regression,0.4313752502880964,1
CC12CCC3C(C1CCC2C(=O)NC4=C(C=CC(=C4)C(F)(F)F)C(F)(F)F)CCC5C3(C=CC(=O)N5)C,CCN(C)C(=O)OC1=CC=CC(=C1)C(C)N(C)C,1.0,reported_twosides,1.0,0.9086326001006345,0.9086326001006345,fitted,platt_logistic_regression,0.4313752502880964,1
C(CCl)NC(=O)N(CCCl)N=O,CC1=C(C(=O)C2=CC=CC=C2C1=O)CC=C(C)CCCC(C)CCCC(C)CCCC(C)C,0.0,unreported_twosides_sampled,1.0,0.9086326001006345,0.9086326001006345,fitted,platt_logistic_regression,0.4313752502880964,1
C1C(N(C2=C(N1)NC(=NC2=O)N)C=O)CNC3=CC=C(C=C3)C(=O)NC(CCC(=O)O)C(=O)O,C1CC(C1)CN2CCC34C5C(CCC3(C2CC6=C4C(=C(C=C6)O)O5)O)O,0.0,unreported_twosides_sampled,4.2483545e-18,0.12423389755370215,0.12423389755370215,fitted,platt_logistic_regression,0.4313752502880964,0
CN1CCC(=C2C3=C(C(=O)CC4=CC=CC=C42)SC=C3)CC1,CNC(=C[N+](=O)[O-])NCCSCC1=CC=C(O1)CN(C)C,1.0,reported_twosides,1.00990604e-07,0.12423389755370215,0.12423389755370215,fitted,platt_logistic_regression,0.4313752502880964,0
CC(C)(C)NCC(C1=CC(=C(C=C1)O)CO)O,COC1=C(C=C(C=C1)C2=CC3=C(C=C2)C=C(C=C3)C(=O)O)C45CC6CC(C4)CC(C6)C5,0.0,unreported_twosides_sampled,0.001089373,0.29377857729484946,0.29377857729484946,fitted,platt_logistic_regression,0.4313752502880964,0
C1=CC(=CC=C1N)S(=O)(=O)C2=CC=C(C=C2)N,CCOC1=C(C=CC(=C1)CC(=O)NC(CC(C)C)C2=CC=CC=C2N3CCCCC3)C(=O)O,0.0,unreported_twosides_sampled,1.0,0.9086326001006345,0.9086326001006345,fitted,platt_logistic_regression,0.4313752502880964,1
CCC(C)C(=O)OC1CC(C=C2C1C(C(C=C2)C)CCC3CC(CC(=O)O3)O)C,CN1C=NC(=C1SC2=NC=NC3=C2NC=N3)[N+](=O)[O-],0.0,unreported_twosides_sampled,0.9899365,0.7063786998765174,0.7063786998765174,fitted,platt_logistic_regression,0.4313752502880964,1
CC(C)(C)NCC(C1=CC(=C(C=C1)O)CO)O,CN(C)NN=C1C(=NC=N1)C(=O)N,0.0,unreported_twosides_sampled,4.2483545e-18,0.12423389755370215,0.12423389755370215,fitted,platt_logistic_regression,0.4313752502880964,0
CCCCC(=O)N(CC1=CC=C(C=C1)C2=CC=CC=C2C3=NNN=N3)C(C(C)C)C(=O)O,CN1CC(=O)N2C(C1=O)CC3=C(C2C4=CC5=C(C=C4)OCO5)NC6=CC=CC=C36,1.0,reported_twosides,0.0004691967,0.2676145335016524,0.2676145335016524,fitted,platt_logistic_regression,0.4313752502880964,0
CC12CCC3C(C1CCC2O)C(CC4=C3C=CC(=C4)O)CCCCCCCCCS(=O)CCCC(C(F)(F)F)(F)F,CC1=NN=C(S1)SCC2=C(N3C(C(C3=O)NC(=O)CN4C=NN=N4)SC2)C(=O)[O-],0.0,unreported_twosides_sampled,1.0,0.9086326001006345,0.9086326001006345,fitted,platt_logistic_regression,0.4313752502880964,1
CCOC(=O)N1CCC(=C2C3=C(CCC4=C2N=CC=C4)C=C(C=C3)Cl)CC1,CCOC1=C(C=CC(=C1)CC(=O)NC(CC(C)C)C2=CC=CC=C2N3CCCCC3)C(=O)O,1.0,reported_twosides,0.9999429,0.8422280627183272,0.8422280627183272,fitted,platt_logistic_regression,0.4313752502880964,1
CC12CCC3C(C1CCC2C(=O)NC4=C(C=CC(=C4)C(F)(F)F)C(F)(F)F)CCC5C3(C=CC(=O)N5)C,CCC(C)C(=O)OC1CC(C=C2C1C(C(C=C2)C)CCC3CC(CC(=O)O3)O)C,1.0,reported_twosides,1.0,0.9086326001006345,0.9086326001006345,fitted,platt_logistic_regression,0.4313752502880964,1
CC(C)(C(=O)O)ON=C(C1=CSC(=N1)N)C(=O)NC2C3N(C2=O)C(=C(CS3)C[N+]4=CC=CC=C4)C(=O)[O-],CC1=C(C(C(=C(N1)C)C(=O)OCC(C)C)C2=CC=CC=C2[N+](=O)[O-])C(=O)OC,0.0,unreported_twosides_sampled,4.2483545e-18,0.12423389755370215,0.12423389755370215,fitted,platt_logistic_regression,0.4313752502880964,0
C(CCl)NC(=O)N(CCCl)N=O,CCCCC(=O)N(CC1=CC=C(C=C1)C2=CC=CC=C2C3=NNN=N3)C(C(C)C)C(=O)O,0.0,unreported_twosides_sampled,0.0008952517,0.28754888869909595,0.28754888869909595,fitted,platt_logistic_regression,0.4313752502880964,0
C1CN=C(N1)NC2=C(C=CC=C2Cl)Cl,CCC(C)C(=O)OC1CC(C=C2C1C(C(C=C2)C)CCC3CC(CC(=O)O3)O)C,1.0,reported_twosides,1.0,0.9086326001006345,0.9086326001006345,fitted,platt_logistic_regression,0.4313752502880964,1
CCN(C)C(=O)OC1=CC=CC(=C1)C(C)N(C)C,CN1C=NC(=C1SC2=NC=NC3=C2NC=N3)[N+](=O)[O-],0.0,unreported_twosides_sampled,0.006400412,0.35344778872943006,0.35344778872943006,fitted,platt_logistic_regression,0.4313752502880964,0
CC1C2C(C(=O)N2C(=C1SC3CC(NC3)C(=O)NC4=CC=CC(=C4)C(=O)O)C(=O)O)C(C)O,CCCN1CC(CC2C1CC3=CNC4=CC=CC2=C34)CSC,0.0,unreported_twosides_sampled,4.2483545e-18,0.12423389755370215,0.12423389755370215,fitted,platt_logistic_regression,0.4313752502880964,0
CC1C2C(C(=O)N2C(=C1SC3CC(NC3)C(=O)NC4=CC=CC(=C4)C(=O)O)C(=O)O)C(C)O,CN1C(=C(NC2=CC=CC=N2)O)C(=O)C3=CC=CC=C3S1(=O)=O,0.0,unreported_twosides_sampled,4.2483545e-18,0.12423389755370215,0.12423389755370215,fitted,platt_logistic_regression,0.4313752502880964,0
CC(C)C(CCCN(C)CCC1=CC(=C(C=C1)OC)OC)(C#N)C2=CC(=C(C=C2)OC)OC,CCOC(=O)N1CCC(=C2C3=C(CCC4=C2N=CC=C4)C=C(C=C3)Cl)CC1,1.0,reported_twosides,3.4628182e-11,0.12423389755370215,0.12423389755370215,fitted,platt_logistic_regression,0.4313752502880964,0
CN1C=NC(=C1SC2=NC=NC3=C2NC=N3)[N+](=O)[O-],C[N+](C)(C)CC(CC(=O)O)O,0.0,unreported_twosides_sampled,4.2483545e-18,0.12423389755370215,0.12423389755370215,fitted,platt_logistic_regression,0.4313752502880964,0
CC(C)C(CCCN(C)CCC1=CC(=C(C=C1)OC)OC)(C#N)C2=CC(=C(C=C2)OC)OC,CCC(C)C(=O)OC1CC(C=C2C1C(C(C=C2)C)CCC3CC(CC(=O)O3)O)C,1.0,reported_twosides,1.0,0.9086326001006345,0.9086326001006345,fitted,platt_logistic_regression,0.4313752502880964,1
C(CCl)NC(=O)N(CCCl)N=O,C1C(N(C2=C(N1)NC(=NC2=O)N)C=O)CNC3=CC=C(C=C3)C(=O)NC(CCC(=O)O)C(=O)O,1.0,reported_twosides,4.2483545e-18,0.12423389755370215,0.12423389755370215,fitted,platt_logistic_regression,0.4313752502880964,0
C1CC(C1)(C(=O)O)C(=O)O.N.N.[Pt],CC(C=CC(C)C(C)(C)O)C1CCC2C1(CCCC2=CC=C3CC(CC(C3)O)O)C,0.0,unreported_twosides_sampled,4.2483545e-18,0.12423389755370215,0.12423389755370215,fitted,platt_logistic_regression,0.4313752502880964,0
CC(C=CC(C)C(C)(C)O)C1CCC2C1(CCCC2=CC=C3CC(CC(C3)O)O)C,CN1CCC(=C2C3=C(C(=O)CC4=CC=CC=C42)SC=C3)CC1,0.0,unreported_twosides_sampled,2.6645075e-10,0.12423389755370215,0.12423389755370215,fitted,platt_logistic_regression,0.4313752502880964,0
CC(C)C(CCCN(C)CCC1=CC(=C(C=C1)OC)OC)(C#N)C2=CC(=C(C=C2)OC)OC,CC(C=CC(C)C(C)(C)O)C1CCC2C1(CCCC2=CC=C3CC(CC(C3)O)O)C,1.0,reported_twosides,0.9845798,0.6924046020409639,0.6924046020409639,fitted,platt_logistic_regression,0.4313752502880964,1
CC(C)C(C(=O)OCC(CO)OCN1C=NC2=C1NC(=NC2=O)N)N,CC1=NN=C(S1)SCC2=C(N3C(C(C3=O)NC(=O)CN4C=NN=N4)SC2)C(=O)[O-],0.0,unreported_twosides_sampled,1.9160942e-05,0.18261315662767968,0.18261315662767968,fitted,platt_logistic_regression,0.4313752502880964,0
CC(C)C(CCCN(C)CCC1=CC(=C(C=C1)OC)OC)(C#N)C2=CC(=C(C=C2)OC)OC,CC12CCC3C(C1CCC2(C)O)CCC4C3(COC(=O)C4)C,0.0,unreported_twosides_sampled,0.5525104,0.5509441181033045,0.5509441181033045,fitted,platt_logistic_regression,0.4313752502880964,1
CCOC1=C(C=CC(=C1)CC(=O)NC(CC(C)C)C2=CC=CC=C2N3CCCCC3)C(=O)O,CN1CCC(=C2C3=C(C(=O)CC4=CC=CC=C42)SC=C3)CC1,0.0,unreported_twosides_sampled,0.99999034,0.8752579191837568,0.8752579191837568,fitted,platt_logistic_regression,0.4313752502880964,1
CCOC(=O)N1CCC(=C2C3=C(CCC4=C2N=CC=C4)C=C(C=C3)Cl)CC1,COC1=C(C=C(C=C1)C2=CC3=C(C=C2)C=C(C=C3)C(=O)O)C45CC6CC(C4)CC(C6)C5,1.0,reported_twosides,1.9362983e-15,0.12423389755370215,0.12423389755370215,fitted,platt_logistic_regression,0.4313752502880964,0
C1CN=C(N1)NC2=C(C=CC=C2Cl)Cl,CCCCC(=O)N(CC1=CC=C(C=C1)C2=CC=CC=C2C3=NNN=N3)C(C(C)C)C(=O)O,1.0,reported_twosides,1.0,0.9086326001006345,0.9086326001006345,fitted,platt_logistic_regression,0.4313752502880964,1
CC1=NN=C(S1)SCC2=C(N3C(C(C3=O)NC(=O)CN4C=NN=N4)SC2)C(=O)[O-],CC1CC2C3CCC4=CC(=O)C=CC4(C3(C(CC2(C1(C(=O)CO)O)C)O)F)C,1.0,reported_twosides,0.33995873,0.5174950010767345,0.5174950010767345,fitted,platt_logistic_regression,0.4313752502880964,1
C1C(N(C2=C(N1)NC(=NC2=O)N)C=O)CNC3=CC=C(C=C3)C(=O)NC(CCC(=O)O)C(=O)O,CN1CC(=O)N2C(C1=O)CC3=C(C2C4=CC5=C(C=C4)OCO5)NC6=CC=CC=C36,0.0,unreported_twosides_sampled,4.2483545e-18,0.12423389755370215,0.12423389755370215,fitted,platt_logistic_regression,0.4313752502880964,0
CCOC1=C(C=CC(=C1)CC(=O)NC(CC(C)C)C2=CC=CC=C2N3CCCCC3)C(=O)O,CN1C(=C(NC2=CC=CC=N2)O)C(=O)C3=CC=CC=C3S1(=O)=O,0.0,unreported_twosides_sampled,1.0,0.9086326001006345,0.9086326001006345,fitted,platt_logistic_regression,0.4313752502880964,1
CC(C)C(C(=O)OCC(CO)OCN1C=NC2=C1NC(=NC2=O)N)N,CCOC(=O)N1CCC(=C2C3=C(CCC4=C2N=CC=C4)C=C(C=C3)Cl)CC1,1.0,reported_twosides,4.2483545e-18,0.12423389755370215,0.12423389755370215,fitted,platt_logistic_regression,0.4313752502880964,0
CC1CN(CCN1)C2=C(C=C3C(=C2OC)N(C=C(C3=O)C(=O)O)C4CC4)F,CN(C)CCC1=CNC2=C1C=C(C=C2)CC3COC(=O)N3,1.0,reported_twosides,1.0,0.9086326001006345,0.9086326001006345,fitted,platt_logistic_regression,0.4313752502880964,1
C(CCl)NC(=O)N(CCCl)N=O,CN1C=NC(=C1SC2=NC=NC3=C2NC=N3)[N+](=O)[O-],0.0,unreported_twosides_sampled,4.2483545e-18,0.12423389755370215,0.12423389755370215,fitted,platt_logistic_regression,0.4313752502880964,0
CCOC(=O)N1CCC(=C2C3=C(CCC4=C2N=CC=C4)C=C(C=C3)Cl)CC1,CN1C(=C(NC2=CC=CC=N2)O)C(=O)C3=CC=CC=C3S1(=O)=O,1.0,reported_twosides,0.8468167,0.6070801174901661,0.6070801174901661,fitted,platt_logistic_regression,0.4313752502880964,1
CC12CCC3C(C1CCC2(C#C)O)CCC4=CC(=O)CCC34,CC12CCC3C(C1CCC2O)C(CC4=C3C=CC(=C4)O)CCCCCCCCCS(=O)CCCC(C(F)(F)F)(F)F,0.0,unreported_twosides_sampled,1.0,0.9086326001006345,0.9086326001006345,fitted,platt_logistic_regression,0.4313752502880964,1
CC1=C(C(C(=C(N1)C)C(=O)OCC(C)C)C2=CC=CC=C2[N+](=O)[O-])C(=O)OC,CC1CN(CCN1)C2=C(C=C3C(=C2OC)N(C=C(C3=O)C(=O)O)C4CC4)F,0.0,unreported_twosides_sampled,1.0,0.9086326001006345,0.9086326001006345,fitted,platt_logistic_regression,0.4313752502880964,1
CC(C)(C)NCC(C1=CC(=C(C=C1)O)CO)O,CCOC1=C(C=CC(=C1)CC(=O)NC(CC(C)C)C2=CC=CC=C2N3CCCCC3)C(=O)O,1.0,reported_twosides,1.0,0.9086326001006345,0.9086326001006345,fitted,platt_logistic_regression,0.4313752502880964,1
C1=CC(=CC=C1N)S(=O)(=O)C2=CC=C(C=C2)N,C1CC(OC1CO)N2C=NC3=C2NC=NC3=O,1.0,reported_twosides,1.1625772e-10,0.12423389755370215,0.12423389755370215,fitted,platt_logistic_regression,0.4313752502880964,0
CN1C=NC(=C1SC2=NC=NC3=C2NC=N3)[N+](=O)[O-],CN1CCC(=C2C3=C(C(=O)CC4=CC=CC=C42)SC=C3)CC1,0.0,unreported_twosides_sampled,4.2483545e-18,0.12423389755370215,0.12423389755370215,fitted,platt_logistic_regression,0.4313752502880964,0
CC1=C(SC=C1)C(=CCCN2CCCC(C2)C(=O)O)C3=C(C=CS3)C,CCC(C)C(=O)OC1CC(C=C2C1C(C(C=C2)C)CCC3CC(CC(=O)O3)O)C,0.0,unreported_twosides_sampled,1.0,0.9086326001006345,0.9086326001006345,fitted,platt_logistic_regression,0.4313752502880964,1
C1=CC(=CC=C1N)S(=O)(=O)C2=CC=C(C=C2)N,CC1=C(SC=C1)C(=CCCN2CCCC(C2)C(=O)O)C3=C(C=CS3)C,0.0,unreported_twosides_sampled,7.950736e-07,0.12423389755370215,0.12423389755370215,fitted,platt_logistic_regression,0.4313752502880964,0
CC(C=CC(C)C(C)(C)O)C1CCC2C1(CCCC2=CC=C3CC(CC(C3)O)O)C,CC1=C(SC=C1)C(=CCCN2CCCC(C2)C(=O)O)C3=C(C=CS3)C,0.0,unreported_twosides_sampled,0.00028465388,0.2528149594282266,0.2528149594282266,fitted,platt_logistic_regression,0.4313752502880964,0
CC12CCC3C(C1CCC2C(=O)NC4=C(C=CC(=C4)C(F)(F)F)C(F)(F)F)CCC5C3(C=CC(=O)N5)C,CN(C)NN=C1C(=NC=N1)C(=O)N,0.0,unreported_twosides_sampled,4.2483545e-18,0.12423389755370215,0.12423389755370215,fitted,platt_logistic_regression,0.4313752502880964,0
CC(C)C(CCCN(C)CCC1=CC(=C(C=C1)OC)OC)(C#N)C2=CC(=C(C=C2)OC)OC,CN1C=NC(=C1SC2=NC=NC3=C2NC=N3)[N+](=O)[O-],1.0,reported_twosides,4.2483545e-18,0.12423389755370215,0.12423389755370215,fitted,platt_logistic_regression,0.4313752502880964,0
CCOC1=C(C=CC(=C1)CC(=O)NC(CC(C)C)C2=CC=CC=C2N3CCCCC3)C(=O)O,CNC(=C[N+](=O)[O-])NCCSCC1=CC=C(O1)CN(C)C,1.0,reported_twosides,1.0,0.9086326001006345,0.9086326001006345,fitted,platt_logistic_regression,0.4313752502880964,1
CC(C)(C)NCC(C1=CC(=C(C=C1)O)CO)O,CC12CCC3C(C1CCC2C(=O)NC4=C(C=CC(=C4)C(F)(F)F)C(F)(F)F)CCC5C3(C=CC(=O)N5)C,1.0,reported_twosides,0.013070747,0.37917343105406826,0.37917343105406826,fitted,platt_logistic_regression,0.4313752502880964,0
C1C(C(C(C(C1N)OC2C(C(C(C(O2)CN)O)O)O)O)OC3C(C(C(C(O3)CO)O)N)O)N,C1CN=C(N1)NC2=C(C=CC=C2Cl)Cl,0.0,unreported_twosides_sampled,0.0006170771,0.27595886734061426,0.27595886734061426,fitted,platt_logistic_regression,0.4313752502880964,0
C1=CC(=C2NC(=C3C=CC=CC3=O)N(N2)C4=CC=C(C=C4)C(=O)O)C(=O)C=C1,CN(C)CCC1=CNC2=C1C=C(C=C2)CC3COC(=O)N3,0.0,unreported_twosides_sampled,1.0,0.9086326001006345,0.9086326001006345,fitted,platt_logistic_regression,0.4313752502880964,1
C1CC(C1)(C(=O)O)C(=O)O.N.N.[Pt],CC1=NN=C2N1C3=C(C=C(C=C3)Cl)C(=NC2)C4=CC=CC=C4,1.0,reported_twosides,4.2483545e-18,0.12423389755370215,0.12423389755370215,fitted,platt_logistic_regression,0.4313752502880964,0
CCN(C)C(=O)OC1=CC=CC(=C1)C(C)N(C)C,CN1C(=C(NC2=CC=CC=N2)O)C(=O)C3=CC=CC=C3S1(=O)=O,0.0,unreported_twosides_sampled,1.0,0.9086326001006345,0.9086326001006345,fitted,platt_logistic_regression,0.4313752502880964,1
CC1CN(CCN1)C2=C(C=C3C(=C2OC)N(C=C(C3=O)C(=O)O)C4CC4)F,CN1C=NC(=C1SC2=NC=NC3=C2NC=N3)[N+](=O)[O-],0.0,unreported_twosides_sampled,1.5058993e-10,0.12423389755370215,0.12423389755370215,fitted,platt_logistic_regression,0.4313752502880964,0
C1CC(C1)CN2CCC34C5C(CCC3(C2CC6=C4C(=C(C=C6)O)O5)O)O,CC(C)C(CCCN(C)CCC1=CC(=C(C=C1)OC)OC)(C#N)C2=CC(=C(C=C2)OC)OC,0.0,unreported_twosides_sampled,7.884435e-14,0.12423389755370215,0.12423389755370215,fitted,platt_logistic_regression,0.4313752502880964,0
CC12CCC3C(C1CCC2(C)O)CCC4C3(COC(=O)C4)C,CC1CC2C3CCC4=CC(=O)C=CC4(C3(C(CC2(C1(C(=O)CO)O)C)O)F)C,1.0,reported_twosides,1.7403705e-08,0.12423389755370215,0.12423389755370215,fitted,platt_logistic_regression,0.4313752502880964,0
C1=CC(=CC=C1N)S(=O)(=O)C2=CC=C(C=C2)N,CC1=C(C(C(=C(N1)C)C(=O)OCC(C)C)C2=CC=CC=C2[N+](=O)[O-])C(=O)OC,0.0,unreported_twosides_sampled,0.9999995,0.9086326001006345,0.9086326001006345,fitted,platt_logistic_regression,0.4313752502880964,1
CC1=NN=C(S1)SCC2=C(N3C(C(C3=O)NC(=O)CN4C=NN=N4)SC2)C(=O)[O-],CNC(=C[N+](=O)[O-])NCCSCC1=CC=C(O1)CN(C)C,1.0,reported_twosides,0.99178165,0.7128572110955729,0.7128572110955729,fitted,platt_logistic_regression,0.4313752502880964,1
C1C(OC(S1)CO)N2C=C(C(=NC2=O)N)F,CC1=NN=C2N1C3=C(C=C(C=C3)Cl)C(=NC2)C4=CC=CC=C4,0.0,unreported_twosides_sampled,4.2483545e-18,0.12423389755370215,0.12423389755370215,fitted,platt_logistic_regression,0.4313752502880964,0
C1=CC(=CC=C1N)S(=O)(=O)C2=CC=C(C=C2)N,CC(C)(C(=O)O)ON=C(C1=CSC(=N1)N)C(=O)NC2C3N(C2=O)C(=C(CS3)C[N+]4=CC=CC=C4)C(=O)[O-],1.0,reported_twosides,4.2483545e-18,0.12423389755370215,0.12423389755370215,fitted,platt_logistic_regression,0.4313752502880964,0
C1C(N(C2=C(N1)NC(=NC2=O)N)C=O)CNC3=CC=C(C=C3)C(=O)NC(CCC(=O)O)C(=O)O,C1CC(OC1CO)N2C=NC3=C2NC=NC3=O,1.0,reported_twosides,4.2483545e-18,0.12423389755370215,0.12423389755370215,fitted,platt_logistic_regression,0.4313752502880964,0
CC12CCC3C(C1CCC2(C)O)CCC4C3(COC(=O)C4)C,CCOC(=O)N1CCC(=C2C3=C(CCC4=C2N=CC=C4)C=C(C=C3)Cl)CC1,0.0,unreported_twosides_sampled,2.5921598e-12,0.12423389755370215,0.12423389755370215,fitted,platt_logistic_regression,0.4313752502880964,0
C1CC(OC1CO)N2C=NC3=C2NC=NC3=O,CC1=NN=C(S1)SCC2=C(N3C(C(C3=O)NC(=O)CN4C=NN=N4)SC2)C(=O)[O-],0.0,unreported_twosides_sampled,0.57824194,0.5549265856047384,0.5549265856047384,fitted,platt_logistic_regression,0.4313752502880964,1
CC(C)(C)NCC(C1=CC(=C(C=C1)O)CO)O,CC12CCC3C(C1CCC2(C#C)O)CCC4=CC(=O)CCC34,1.0,reported_twosides,0.001915703,0.3121362535091082,0.3121362535091082,fitted,platt_logistic_regression,0.4313752502880964,0
C1CC(OC1CO)N2C=NC3=C2NC=NC3=O,CN1C(=C(NC2=CC=CC=N2)O)C(=O)C3=CC=CC=C3S1(=O)=O,0.0,unreported_twosides_sampled,0.9743664,0.675158521282048,0.675158521282048,fitted,platt_logistic_regression,0.4313752502880964,1
C1=CC(=CC=C1N)S(=O)(=O)C2=CC=C(C=C2)N,CC1CN(CCN1)C2=C(C=C3C(=C2OC)N(C=C(C3=O)C(=O)O)C4CC4)F,0.0,unreported_twosides_sampled,1.0,0.9086326001006345,0.9086326001006345,fitted,platt_logistic_regression,0.4313752502880964,1
CC1=NN=C2N1C3=C(C=C(C=C3)Cl)C(=NC2)C4=CC=CC=C4,CN1C=NC(=C1SC2=NC=NC3=C2NC=N3)[N+](=O)[O-],1.0,reported_twosides,4.2483545e-18,0.12423389755370215,0.12423389755370215,fitted,platt_logistic_regression,0.4313752502880964,0
C1CC(OC1CO)N2C=NC3=C2NC=NC3=O,CC12CCC3C(C1CCC2(C)O)CCC4C3(COC(=O)C4)C,1.0,reported_twosides,0.00024731987,0.24875087148370345,0.24875087148370345,fitted,platt_logistic_regression,0.4313752502880964,0
C(CCl)NC(=O)N(CCCl)N=O,CC1=NN=C2N1C3=C(C=C(C=C3)Cl)C(=NC2)C4=CC=CC=C4,0.0,unreported_twosides_sampled,4.2483545e-18,0.12423389755370215,0.12423389755370215,fitted,platt_logistic_regression,0.4313752502880964,0
C1=CC(=C2NC(=C3C=CC=CC3=O)N(N2)C4=CC=C(C=C4)C(=O)O)C(=O)C=C1,C[N+](C)(C)CC(CC(=O)O)O,0.0,unreported_twosides_sampled,1.0,0.9086326001006345,0.9086326001006345,fitted,platt_logistic_regression,0.4313752502880964,1
C1=CC(=C2NC(=C3C=CC=CC3=O)N(N2)C4=CC=C(C=C4)C(=O)O)C(=O)C=C1,C1=CC(=CC=C1N)S(=O)(=O)C2=CC=C(C=C2)N,0.0,unreported_twosides_sampled,1.0,0.9086326001006345,0.9086326001006345,fitted,platt_logistic_regression,0.4313752502880964,1
CC(C)C(C(=O)OCC(CO)OCN1C=NC2=C1NC(=NC2=O)N)N,CCCCC(=O)N(CC1=CC=C(C=C1)C2=CC=CC=C2C3=NNN=N3)C(C(C)C)C(=O)O,1.0,reported_twosides,1.6374125e-06,0.13272399924485564,0.13272399924485564,fitted,platt_logistic_regression,0.4313752502880964,0
C1CC(OC1CO)N2C=NC3=C2NC=NC3=O,CC1(C(N2C(S1)C(C2=O)NC(=O)C(C3=CC=CC=C3)N)C(=O)[O-])C,0.0,unreported_twosides_sampled,3.866288e-15,0.12423389755370215,0.12423389755370215,fitted,platt_logistic_regression,0.4313752502880964,0
CCOC(=O)N1CCC(=C2C3=C(CCC4=C2N=CC=C4)C=C(C=C3)Cl)CC1,CN(C)CCC1=CNC2=C1C=C(C=C2)CC3COC(=O)N3,1.0,reported_twosides,2.511127e-07,0.12423389755370215,0.12423389755370215,fitted,platt_logistic_regression,0.4313752502880964,0
C1CC(C1)(C(=O)O)C(=O)O.N.N.[Pt],CC12CCC3C(C1CCC2O)C(CC4=C3C=CC(=C4)O)CCCCCCCCCS(=O)CCCC(C(F)(F)F)(F)F,1.0,reported_twosides,1.8014899e-10,0.12423389755370215,0.12423389755370215,fitted,platt_logistic_regression,0.4313752502880964,0
CCCCC(=O)N(CC1=CC=C(C=C1)C2=CC=CC=C2C3=NNN=N3)C(C(C)C)C(=O)O,CN1CCC23C=CC(CC2OC4=C(C=CC(=C34)C1)OC)O,0.0,unreported_twosides_sampled,0.00011714276,0.2278928822131782,0.2278928822131782,fitted,platt_logistic_regression,0.4313752502880964,0
C1=CC(=C2NC(=C3C=CC=CC3=O)N(N2)C4=CC=C(C=C4)C(=O)O)C(=O)C=C1,CCC(C)C(=O)OC1CC(C=C2C1C(C(C=C2)C)CCC3CC(CC(=O)O3)O)C,0.0,unreported_twosides_sampled,1.0,0.9086326001006345,0.9086326001006345,fitted,platt_logistic_regression,0.4313752502880964,1
CC(C)(C)NCC(C1=CC(=C(C=C1)O)CO)O,CC(C=CC(C)C(C)(C)O)C1CCC2C1(CCCC2=CC=C3CC(CC(C3)O)O)C,1.0,reported_twosides,0.7062197,0.5761448237807127,0.5761448237807127,fitted,platt_logistic_regression,0.4313752502880964,1
CC(C)C(CCCN(C)CCC1=CC(=C(C=C1)OC)OC)(C#N)C2=CC(=C(C=C2)OC)OC,CCCN1CC(CC2C1CC3=CNC4=CC=CC2=C34)CSC,0.0,unreported_twosides_sampled,4.2483545e-18,0.12423389755370215,0.12423389755370215,fitted,platt_logistic_regression,0.4313752502880964,0
CN(C)CCC1=CNC2=C1C=C(C=C2)CC3COC(=O)N3,COC1=C(C=C(C=C1)C2=CC3=C(C=C2)C=C(C=C3)C(=O)O)C45CC6CC(C4)CC(C6)C5,1.0,reported_twosides,0.9977064,0.7514798927731204,0.7514798927731204,fitted,platt_logistic_regression,0.4313752502880964,1
C1CC(C1)(C(=O)O)C(=O)O.N.N.[Pt],CCOC(=O)N1CCC(=C2C3=C(CCC4=C2N=CC=C4)C=C(C=C3)Cl)CC1,1.0,reported_twosides,4.2483545e-18,0.12423389755370215,0.12423389755370215,fitted,platt_logistic_regression,0.4313752502880964,0
CCCCC(=O)N(CC1=CC=C(C=C1)C2=CC=CC=C2C3=NNN=N3)C(C(C)C)C(=O)O,CN(C)NN=C1C(=NC=N1)C(=O)N,1.0,reported_twosides,4.2483545e-18,0.12423389755370215,0.12423389755370215,fitted,platt_logistic_regression,0.4313752502880964,0
CC1=NN=C(S1)SCC2=C(N3C(C(C3=O)NC(=O)CN4C=NN=N4)SC2)C(=O)[O-],CC1C2C(C(=O)N2C(=C1SC3CC(NC3)C(=O)NC4=CC=CC(=C4)C(=O)O)C(=O)O)C(C)O,0.0,unreported_twosides_sampled,1.0522401e-17,0.12423389755370215,0.12423389755370215,fitted,platt_logistic_regression,0.4313752502880964,0
C1CC(C1)(C(=O)O)C(=O)O.N.N.[Pt],CCOC(=O)C(CCC1=CC=CC=C1)NC(C)C(=O)N2C3CCCCC3CC2C(=O)O,0.0,unreported_twosides_sampled,1.4253873e-13,0.12423389755370215,0.12423389755370215,fitted,platt_logistic_regression,0.4313752502880964,0
CC1C2C(C(=O)N2C(=C1SC3CC(NC3)C(=O)NC4=CC=CC(=C4)C(=O)O)C(=O)O)C(C)O,CN1CCC(=C2C3=C(C(=O)CC4=CC=CC=C42)SC=C3)CC1,0.0,unreported_twosides_sampled,4.2483545e-18,0.12423389755370215,0.12423389755370215,fitted,platt_logistic_regression,0.4313752502880964,0
CC(=O)OCC(=O)C12C(CC3C1(CC(C4(C3CC(C5=CC(=O)C=CC54C)F)F)O)C)OC(O2)(C)C,CC1CC2C3CCC4=CC(=O)C=CC4(C3(C(CC2(C1(C(=O)CO)O)C)O)F)C,1.0,reported_twosides,3.278526e-10,0.12423389755370215,0.12423389755370215,fitted,platt_logistic_regression,0.4313752502880964,0
C1C(N(C2=C(N1)NC(=NC2=O)N)C=O)CNC3=CC=C(C=C3)C(=O)NC(CCC(=O)O)C(=O)O,CC(C)(C(=O)O)ON=C(C1=CSC(=N1)N)C(=O)NC2C3N(C2=O)C(=C(CS3)C[N+]4=CC=CC=C4)C(=O)[O-],1.0,reported_twosides,4.2483545e-18,0.12423389755370215,0.12423389755370215,fitted,platt_logistic_regression,0.4313752502880964,0
CC1=C(C(C(=C(N1)C)C(=O)OCC(C)C)C2=CC=CC=C2[N+](=O)[O-])C(=O)OC,CCCN1CC(CC2C1CC3=CNC4=CC=CC2=C34)CSC,0.0,unreported_twosides_sampled,4.2483545e-18,0.12423389755370215,0.12423389755370215,fitted,platt_logistic_regression,0.4313752502880964,0
C1C(N(C2=C(N1)NC(=NC2=O)N)C=O)CNC3=CC=C(C=C3)C(=O)NC(CCC(=O)O)C(=O)O,COC1=C(C=C(C=C1)C2=CC3=C(C=C2)C=C(C=C3)C(=O)O)C45CC6CC(C4)CC(C6)C5,0.0,unreported_twosides_sampled,4.2483545e-18,0.12423389755370215,0.12423389755370215,fitted,platt_logistic_regression,0.4313752502880964,0
CC(C)C(C(=O)OCC(CO)OCN1C=NC2=C1NC(=NC2=O)N)N,CC1CC2C3CCC4=CC(=O)C=CC4(C3(C(CC2(C1(C(=O)CO)O)C)O)F)C,0.0,unreported_twosides_sampled,4.1361167e-16,0.12423389755370215,0.12423389755370215,fitted,platt_logistic_regression,0.4313752502880964,0
CC1CC2C3CCC4=CC(=O)C=CC4(C3(C(CC2(C1(C(=O)CO)O)C)O)F)C,CCOC(=O)N1CCC(=C2C3=C(CCC4=C2N=CC=C4)C=C(C=C3)Cl)CC1,1.0,reported_twosides,4.2483545e-18,0.12423389755370215,0.12423389755370215,fitted,platt_logistic_regression,0.4313752502880964,0
C1CC(OC1CO)N2C=NC3=C2NC=NC3=O,CC(=O)OCC(=O)C12C(CC3C1(CC(C4(C3CC(C5=CC(=O)C=CC54C)F)F)O)C)OC(O2)(C)C,0.0,unreported_twosides_sampled,4.2483545e-18,0.12423389755370215,0.12423389755370215,fitted,platt_logistic_regression,0.4313752502880964,0
CN1C=NC(=C1SC2=NC=NC3=C2NC=N3)[N+](=O)[O-],CN1CC(=O)N2C(C1=O)CC3=C(C2C4=CC5=C(C=C4)OCO5)NC6=CC=CC=C36,0.0,unreported_twosides_sampled,4.2483545e-18,0.12423389755370215,0.12423389755370215,fitted,platt_logistic_regression,0.4313752502880964,0
C(CCl)NC(=O)N(CCCl)N=O,CN1CC(=O)N2C(C1=O)CC3=C(C2C4=CC5=C(C=C4)OCO5)NC6=CC=CC=C36,0.0,unreported_twosides_sampled,9.382556e-10,0.12423389755370215,0.12423389755370215,fitted,platt_logistic_regression,0.4313752502880964,0
CN(C)CCC1=CNC2=C1C=C(C=C2)CC3COC(=O)N3,CN1C(=C(NC2=CC=CC=N2)O)C(=O)C3=CC=CC=C3S1(=O)=O,0.0,unreported_twosides_sampled,1.0,0.9086326001006345,0.9086326001006345,fitted,platt_logistic_regression,0.4313752502880964,1
C1CC(C1)(C(=O)O)C(=O)O.N.N.[Pt],CC1=C(SC=C1)C(=CCCN2CCCC(C2)C(=O)O)C3=C(C=CS3)C,0.0,unreported_twosides_sampled,4.2483545e-18,0.12423389755370215,0.12423389755370215,fitted,platt_logistic_regression,0.4313752502880964,0
CC(C)C(CCCN(C)CCC1=CC(=C(C=C1)OC)OC)(C#N)C2=CC(=C(C=C2)OC)OC,CC1CN(CCN1)C2=C(C=C3C(=C2OC)N(C=C(C3=O)C(=O)O)C4CC4)F,1.0,reported_twosides,1.0,0.9086326001006345,0.9086326001006345,fitted,platt_logistic_regression,0.4313752502880964,1
C1CC(OC1CO)N2C=NC3=C2NC=NC3=O,CCCN1CC(CC2C1CC3=CNC4=CC=CC2=C34)CSC,0.0,unreported_twosides_sampled,4.2483545e-18,0.12423389755370215,0.12423389755370215,fitted,platt_logistic_regression,0.4313752502880964,0
CCCCC(=O)N(CC1=CC=C(C=C1)C2=CC=CC=C2C3=NNN=N3)C(C(C)C)C(=O)O,CN1C(=C(NC2=CC=CC=N2)O)C(=O)C3=CC=CC=C3S1(=O)=O,1.0,reported_twosides,1.0,0.9086326001006345,0.9086326001006345,fitted,platt_logistic_regression,0.4313752502880964,1
CC(=O)OCC(=O)C12C(CC3C1(CC(C4(C3CC(C5=CC(=O)C=CC54C)F)F)O)C)OC(O2)(C)C,CCCCC(=O)N(CC1=CC=C(C=C1)C2=CC=CC=C2C3=NNN=N3)C(C(C)C)C(=O)O,0.0,unreported_twosides_sampled,3.1684898e-12,0.12423389755370215,0.12423389755370215,fitted,platt_logistic_regression,0.4313752502880964,0
CCCC1(CC(=O)C(=C(O1)O)C(CC)C2=CC(=CC=C2)NS(=O)(=O)C3=NC=C(C=C3)C(F)(F)F)CCC4=CC=CC=C4,CN1C=NC(=C1SC2=NC=NC3=C2NC=N3)[N+](=O)[O-],0.0,unreported_twosides_sampled,4.2483545e-18,0.12423389755370215,0.12423389755370215,fitted,platt_logistic_regression,0.4313752502880964,0
CC(=O)OCC(=O)C12C(CC3C1(CC(C4(C3CC(C5=CC(=O)C=CC54C)F)F)O)C)OC(O2)(C)C,CC12CCC3C(C1CCC2(C#C)O)CCC4=CC(=O)CCC34,0.0,unreported_twosides_sampled,1.9547108e-15,0.12423389755370215,0.12423389755370215,fitted,platt_logistic_regression,0.4313752502880964,0
CC12CCC3C(C1CCC2(C#C)O)CCC4=CC(=O)CCC34,CC1=C(C(C(=C(N1)C)C(=O)OCC(C)C)C2=CC=CC=C2[N+](=O)[O-])C(=O)OC,0.0,unreported_twosides_sampled,1.0,0.9086326001006345,0.9086326001006345,fitted,platt_logistic_regression,0.4313752502880964,1
CC1=NN=C(S1)SCC2=C(N3C(C(C3=O)NC(=O)CN4C=NN=N4)SC2)C(=O)[O-],CCN(C)C(=O)OC1=CC=CC(=C1)C(C)N(C)C,0.0,unreported_twosides_sampled,1.0,0.9086326001006345,0.9086326001006345,fitted,platt_logistic_regression,0.4313752502880964,1
C1=CC(=CC=C1N)S(=O)(=O)C2=CC=C(C=C2)N,CC1C2C(C(=O)N2C(=C1SC3CC(NC3)C(=O)NC4=CC=CC(=C4)C(=O)O)C(=O)O)C(C)O,0.0,unreported_twosides_sampled,4.2483545e-18,0.12423389755370215,0.12423389755370215,fitted,platt_logistic_regression,0.4313752502880964,0
C1CC(OC1CO)N2C=NC3=C2NC=NC3=O,CC1=C(C(=O)C2=CC=CC=C2C1=O)CC=C(C)CCCC(C)CCCC(C)CCCC(C)C,0.0,unreported_twosides_sampled,1.0,0.9086326001006345,0.9086326001006345,fitted,platt_logistic_regression,0.4313752502880964,1
CC1CC2C3CCC4=CC(=O)C=CC4(C3(C(CC2(C1(C(=O)CO)O)C)O)F)C,CN1C=NC(=C1SC2=NC=NC3=C2NC=N3)[N+](=O)[O-],1.0,reported_twosides,4.2483545e-18,0.12423389755370215,0.12423389755370215,fitted,platt_logistic_regression,0.4313752502880964,0
C1CC(OC1CO)N2C=NC3=C2NC=NC3=O,CC1CC2C3CCC4=CC(=O)C=CC4(C3(C(CC2(C1(C(=O)CO)O)C)O)F)C,1.0,reported_twosides,8.1353794e-14,0.12423389755370215,0.12423389755370215,fitted,platt_logistic_regression,0.4313752502880964,0
CC12CCC3C(C1CCC2O)C(CC4=C3C=CC(=C4)O)CCCCCCCCCS(=O)CCCC(C(F)(F)F)(F)F,CN1CC(=O)N2C(C1=O)CC3=C(C2C4=CC5=C(C=C4)OCO5)NC6=CC=CC=C36,0.0,unreported_twosides_sampled,1.0,0.9086326001006345,0.9086326001006345,fitted,platt_logistic_regression,0.4313752502880964,1
CC1C2C(C(=O)N2C(=C1SC3CC(NC3)C(=O)NC4=CC=CC(=C4)C(=O)O)C(=O)O)C(C)O,CCN(C)C(=O)OC1=CC=CC(=C1)C(C)N(C)C,0.0,unreported_twosides_sampled,0.00015392243,0.23536831046929932,0.23536831046929932,fitted,platt_logistic_regression,0.4313752502880964,0
C1C(OC(S1)CO)N2C=C(C(=NC2=O)N)F,CN1C(=C(NC2=CC=CC=N2)O)C(=O)C3=CC=CC=C3S1(=O)=O,0.0,unreported_twosides_sampled,6.3476367e-13,0.12423389755370215,0.12423389755370215,fitted,platt_logistic_regression,0.4313752502880964,0
C1C(OC(S1)CO)N2C=C(C(=NC2=O)N)F,C1CC(OC1CO)N2C=NC3=C2NC=NC3=O,1.0,reported_twosides,4.2483545e-18,0.12423389755370215,0.12423389755370215,fitted,platt_logistic_regression,0.4313752502880964,0
CC12CCC3C(C1CCC2C(=O)NC4=C(C=CC(=C4)C(F)(F)F)C(F)(F)F)CCC5C3(C=CC(=O)N5)C,CNC(=C[N+](=O)[O-])NCCSCC1=CC=C(O1)CN(C)C,1.0,reported_twosides,4.3657616e-05,0.2022849934748488,0.2022849934748488,fitted,platt_logistic_regression,0.4313752502880964,0
C1CN=C(N1)NC2=C(C=CC=C2Cl)Cl,CCCN1CC(CC2C1CC3=CNC4=CC=CC2=C34)CSC,0.0,unreported_twosides_sampled,6.7321255e-15,0.12423389755370215,0.12423389755370215,fitted,platt_logistic_regression,0.4313752502880964,0
C1=CC(=CC=C1N)S(=O)(=O)C2=CC=C(C=C2)N,CCCCC(=O)N(CC1=CC=C(C=C1)C2=CC=CC=C2C3=NNN=N3)C(C(C)C)C(=O)O,1.0,reported_twosides,0.016282326,0.3872791569481864,0.3872791569481864,fitted,platt_logistic_regression,0.4313752502880964,0
C1CN=C(N1)NC2=C(C=CC=C2Cl)Cl,CC1CC2C3CCC4=CC(=O)C=CC4(C3(C(CC2(C1(C(=O)CO)O)C)O)F)C,1.0,reported_twosides,0.98825103,0.7013597152484227,0.7013597152484227,fitted,platt_logistic_regression,0.4313752502880964,1
CC(C)(C)NCC(C1=CC(=C(C=C1)O)CO)O,CN1C=NC(=C1SC2=NC=NC3=C2NC=N3)[N+](=O)[O-],1.0,reported_twosides,4.2483545e-18,0.12423389755370215,0.12423389755370215,fitted,platt_logistic_regression,0.4313752502880964,0
CC1=C(C(=O)C2=CC=CC=C2C1=O)CC=C(C)CCCC(C)CCCC(C)CCCC(C)C,CC1=NN=C(S1)SCC2=C(N3C(C(C3=O)NC(=O)CN4C=NN=N4)SC2)C(=O)[O-],1.0,reported_twosides,1.0,0.9086326001006345,0.9086326001006345,fitted,platt_logistic_regression,0.4313752502880964,1
CCOC(=O)C(CCC1=CC=CC=C1)NC(C)C(=O)N2C3CCCCC3CC2C(=O)O,CN1C=NC(=C1SC2=NC=NC3=C2NC=N3)[N+](=O)[O-],0.0,unreported_twosides_sampled,1.7261332e-14,0.12423389755370215,0.12423389755370215,fitted,platt_logistic_regression,0.4313752502880964,0
C1CC(OC1CO)N2C=NC3=C2NC=NC3=O,CCN(C)C(=O)OC1=CC=CC(=C1)C(C)N(C)C,0.0,unreported_twosides_sampled,1.0,0.9086326001006345,0.9086326001006345,fitted,platt_logistic_regression,0.4313752502880964,1
C1C(N(C2=C(N1)NC(=NC2=O)N)C=O)CNC3=CC=C(C=C3)C(=O)NC(CCC(=O)O)C(=O)O,CCC(C)C(=O)OC1CC(C=C2C1C(C(C=C2)C)CCC3CC(CC(=O)O3)O)C,1.0,reported_twosides,1.0,0.9086326001006345,0.9086326001006345,fitted,platt_logistic_regression,0.4313752502880964,1
CC1=C(C(=O)C2=CC=CC=C2C1=O)CC=C(C)CCCC(C)CCCC(C)CCCC(C)C,CCCC1(CC(=O)C(=C(O1)O)C(CC)C2=CC(=CC=C2)NS(=O)(=O)C3=NC=C(C=C3)C(F)(F)F)CCC4=CC=CC=C4,0.0,unreported_twosides_sampled,1.0,0.9086326001006345,0.9086326001006345,fitted,platt_logistic_regression,0.4313752502880964,1
C1C(OC(S1)CO)N2C=C(C(=NC2=O)N)F,CC(C)(C)NCC(C1=CC(=C(C=C1)O)CO)O,1.0,reported_twosides,4.2483545e-18,0.12423389755370215,0.12423389755370215,fitted,platt_logistic_regression,0.4313752502880964,0
CC(C)(C)NCC(C1=CC(=C(C=C1)O)CO)O,C[N+](C)(C)CC(CC(=O)O)O,0.0,unreported_twosides_sampled,5.3554002e-05,0.2074037562009863,0.2074037562009863,fitted,platt_logistic_regression,0.4313752502880964,0
CC1=C(C(=O)C2=CC=CC=C2C1=O)CC=C(C)CCCC(C)CCCC(C)CCCC(C)C,CCOC(=O)N1CCC(=C2C3=C(CCC4=C2N=CC=C4)C=C(C=C3)Cl)CC1,1.0,reported_twosides,1.0,0.9086326001006345,0.9086326001006345,fitted,platt_logistic_regression,0.4313752502880964,1
CC12CCC3C(C1CCC2(C#C)O)CCC4=CC(=O)CCC34,CCCCC(=O)N(CC1=CC=C(C=C1)C2=CC=CC=C2C3=NNN=N3)C(C(C)C)C(=O)O,1.0,reported_twosides,0.98215175,0.6875121399022361,0.6875121399022361,fitted,platt_logistic_regression,0.4313752502880964,1
CCCCC(=O)N(CC1=CC=C(C=C1)C2=CC=CC=C2C3=NNN=N3)C(C(C)C)C(=O)O,CCOC(=O)C(CCC1=CC=CC=C1)NC(C)C(=O)N2C3CCCCC3CC2C(=O)O,1.0,reported_twosides,1.0,0.9086326001006345,0.9086326001006345,fitted,platt_logistic_regression,0.4313752502880964,1
CC(C)(C)NCC(C1=CC(=C(C=C1)O)CO)O,CCCN1CC(CC2C1CC3=CNC4=CC=CC2=C34)CSC,0.0,unreported_twosides_sampled,4.2483545e-18,0.12423389755370215,0.12423389755370215,fitted,platt_logistic_regression,0.4313752502880964,0
CC(C)(C)NCC(C1=CC(=C(C=C1)O)CO)O,CCN(C)C(=O)OC1=CC=CC(=C1)C(C)N(C)C,1.0,reported_twosides,1.0,0.9086326001006345,0.9086326001006345,fitted,platt_logistic_regression,0.4313752502880964,1
CC1=NN=C2N1C3=C(C=C(C=C3)Cl)C(=NC2)C4=CC=CC=C4,CN1CCC23C=CC(CC2OC4=C(C=CC(=C34)C1)OC)O,1.0,reported_twosides,4.2483545e-18,0.12423389755370215,0.12423389755370215,fitted,platt_logistic_regression,0.4313752502880964,0
CC12CCC3C(C1CCC2C(=O)NC4=C(C=CC(=C4)C(F)(F)F)C(F)(F)F)CCC5C3(C=CC(=O)N5)C,CC1=C(SC=C1)C(=CCCN2CCCC(C2)C(=O)O)C3=C(C=CS3)C,0.0,unreported_twosides_sampled,5.508571e-10,0.12423389755370215,0.12423389755370215,fitted,platt_logistic_regression,0.4313752502880964,0
CC(C)(C(=O)O)ON=C(C1=CSC(=N1)N)C(=O)NC2C3N(C2=O)C(=C(CS3)C[N+]4=CC=CC=C4)C(=O)[O-],CC1(C(N2C(S1)C(C2=O)NC(=O)C(C3=CC=CC=C3)N)C(=O)[O-])C,1.0,reported_twosides,4.2483545e-18,0.12423389755370215,0.12423389755370215,fitted,platt_logistic_regression,0.4313752502880964,0
CC1=NN=C2N1C3=C(C=C(C=C3)Cl)C(=NC2)C4=CC=CC=C4,CNC(=C[N+](=O)[O-])NCCSCC1=CC=C(O1)CN(C)C,1.0,reported_twosides,4.2483545e-18,0.12423389755370215,0.12423389755370215,fitted,platt_logistic_regression,0.4313752502880964,0
CC(C)C(CCCN(C)CCC1=CC(=C(C=C1)OC)OC)(C#N)C2=CC(=C(C=C2)OC)OC,CC12CCC3C(C1CCC2(C#C)O)CCC4=CC(=O)CCC34,0.0,unreported_twosides_sampled,0.20794328,0.4915898481419416,0.4915898481419416,fitted,platt_logistic_regression,0.4313752502880964,1
CC(C)(C)NCC(C1=CC(=C(C=C1)O)CO)O,CN1C(=C(NC2=CC=CC=N2)O)C(=O)C3=CC=CC=C3S1(=O)=O,1.0,reported_twosides,1.0,0.9086326001006345,0.9086326001006345,fitted,platt_logistic_regression,0.4313752502880964,1
CC(C)C(CCCN(C)CCC1=CC(=C(C=C1)OC)OC)(C#N)C2=CC(=C(C=C2)OC)OC,CN1CCC23C=CC(CC2OC4=C(C=CC(=C34)C1)OC)O,1.0,reported_twosides,0.9699148,0.6695777353966675,0.6695777353966675,fitted,platt_logistic_regression,0.4313752502880964,1
CC(C)C(C(=O)OCC(CO)OCN1C=NC2=C1NC(=NC2=O)N)N,CC12CCC3C(C1CCC2(C)O)CCC4C3(COC(=O)C4)C,1.0,reported_twosides,8.061567e-07,0.12423389755370215,0.12423389755370215,fitted,platt_logistic_regression,0.4313752502880964,0
CC1CN(CCN1)C2=C(C=C3C(=C2OC)N(C=C(C3=O)C(=O)O)C4CC4)F,CCOC1=C(C=CC(=C1)CC(=O)NC(CC(C)C)C2=CC=CC=C2N3CCCCC3)C(=O)O,1.0,reported_twosides,1.0,0.9086326001006345,0.9086326001006345,fitted,platt_logistic_regression,0.4313752502880964,1
C1CN=C(N1)NC2=C(C=CC=C2Cl)Cl,CC1(C(N2C(S1)C(C2=O)NC(=O)C(C3=CC=CC=C3)N)C(=O)[O-])C,0.0,unreported_twosides_sampled,0.6810452,0.5716871966588634,0.5716871966588634,fitted,platt_logistic_regression,0.4313752502880964,1
CC1=NN=C2N1C3=C(C=C(C=C3)Cl)C(=NC2)C4=CC=CC=C4,CCCC1(CC(=O)C(=C(O1)O)C(CC)C2=CC(=CC=C2)NS(=O)(=O)C3=NC=C(C=C3)C(F)(F)F)CCC4=CC=CC=C4,0.0,unreported_twosides_sampled,4.2483545e-18,0.12423389755370215,0.12423389755370215,fitted,platt_logistic_regression,0.4313752502880964,0
C1C(N(C2=C(N1)NC(=NC2=O)N)C=O)CNC3=CC=C(C=C3)C(=O)NC(CCC(=O)O)C(=O)O,CCCCC(=O)N(CC1=CC=C(C=C1)C2=CC=CC=C2C3=NNN=N3)C(C(C)C)C(=O)O,1.0,reported_twosides,4.2483545e-18,0.12423389755370215,0.12423389755370215,fitted,platt_logistic_regression,0.4313752502880964,0
C1CC(C1)(C(=O)O)C(=O)O.N.N.[Pt],CC(C)(C)NCC(C1=CC(=C(C=C1)O)CO)O,1.0,reported_twosides,4.2483545e-18,0.12423389755370215,0.12423389755370215,fitted,platt_logistic_regression,0.4313752502880964,0
CC(C)(C(=O)O)ON=C(C1=CSC(=N1)N)C(=O)NC2C3N(C2=O)C(=C(CS3)C[N+]4=CC=CC=C4)C(=O)[O-],CC(C)C(C(=O)OCC(CO)OCN1C=NC2=C1NC(=NC2=O)N)N,0.0,unreported_twosides_sampled,4.2483545e-18,0.12423389755370215,0.12423389755370215,fitted,platt_logistic_regression,0.4313752502880964,0
C1CC(C1)(C(=O)O)C(=O)O.N.N.[Pt],CCOC1=C(C=CC(=C1)CC(=O)NC(CC(C)C)C2=CC=CC=C2N3CCCCC3)C(=O)O,0.0,unreported_twosides_sampled,1.0304184e-14,0.12423389755370215,0.12423389755370215,fitted,platt_logistic_regression,0.4313752502880964,0
CC1=NN=C2N1C3=C(C=C(C=C3)Cl)C(=NC2)C4=CC=CC=C4,CC1CN(CCN1)C2=C(C=C3C(=C2OC)N(C=C(C3=O)C(=O)O)C4CC4)F,1.0,reported_twosides,0.81208307,0.5980097784751688,0.5980097784751688,fitted,platt_logistic_regression,0.4313752502880964,1
C(CCl)NC(=O)N(CCCl)N=O,CNC(=C[N+](=O)[O-])NCCSCC1=CC=C(O1)CN(C)C,1.0,reported_twosides,6.705634e-07,0.12423389755370215,0.12423389755370215,fitted,platt_logistic_regression,0.4313752502880964,0
C1CC(C1)CN2CCC34C5C(CCC3(C2CC6=C4C(=C(C=C6)O)O5)O)O,C[N+](C)(C)CC(CC(=O)O)O,0.0,unreported_twosides_sampled,3.9380626e-16,0.12423389755370215,0.12423389755370215,fitted,platt_logistic_regression,0.4313752502880964,0
C1CN=C(N1)NC2=C(C=CC=C2Cl)Cl,CC12CCC3C(C1CCC2(C)O)CCC4C3(COC(=O)C4)C,0.0,unreported_twosides_sampled,1.0,0.9086326001006345,0.9086326001006345,fitted,platt_logistic_regression,0.4313752502880964,1
CCC(C)C(=O)OC1CC(C=C2C1C(C(C=C2)C)CCC3CC(CC(=O)O3)O)C,CCCN1CC(CC2C1CC3=CNC4=CC=CC2=C34)CSC,1.0,reported_twosides,0.99989605,0.8295930618696176,0.8295930618696176,fitted,platt_logistic_regression,0.4313752502880964,1
CCOC(=O)N1CCC(=C2C3=C(CCC4=C2N=CC=C4)C=C(C=C3)Cl)CC1,CN1C=NC(=C1SC2=NC=NC3=C2NC=N3)[N+](=O)[O-],1.0,reported_twosides,4.2483545e-18,0.12423389755370215,0.12423389755370215,fitted,platt_logistic_regression,0.4313752502880964,0
CC1CN(CCN1)C2=C(C=C3C(=C2OC)N(C=C(C3=O)C(=O)O)C4CC4)F,CCCC1(CC(=O)C(=C(O1)O)C(CC)C2=CC(=CC=C2)NS(=O)(=O)C3=NC=C(C=C3)C(F)(F)F)CCC4=CC=CC=C4,0.0,unreported_twosides_sampled,1.0,0.9086326001006345,0.9086326001006345,fitted,platt_logistic_regression,0.4313752502880964,1
C1C(C(C(C(C1N)OC2C(C(C(C(O2)CN)O)O)O)O)OC3C(C(C(C(O3)CO)O)N)O)N,CCC(C)C(=O)OC1CC(C=C2C1C(C(C=C2)C)CCC3CC(CC(=O)O3)O)C,0.0,unreported_twosides_sampled,1.0,0.9086326001006345,0.9086326001006345,fitted,platt_logistic_regression,0.4313752502880964,1
C1CC(C1)(C(=O)O)C(=O)O.N.N.[Pt],CC1(C(N2C(S1)C(C2=O)NC(=O)C(C3=CC=CC=C3)N)C(=O)[O-])C,0.0,unreported_twosides_sampled,4.2483545e-18,0.12423389755370215,0.12423389755370215,fitted,platt_logistic_regression,0.4313752502880964,0
C1C(C(C(C(C1N)OC2C(C(C(C(O2)CN)O)O)O)O)OC3C(C(C(C(O3)CO)O)N)O)N,CNC(=C[N+](=O)[O-])NCCSCC1=CC=C(O1)CN(C)C,0.0,unreported_twosides_sampled,4.2483545e-18,0.12423389755370215,0.12423389755370215,fitted,platt_logistic_regression,0.4313752502880964,0
CC(C)(C(=O)O)ON=C(C1=CSC(=N1)N)C(=O)NC2C3N(C2=O)C(=C(CS3)C[N+]4=CC=CC=C4)C(=O)[O-],C[N+](C)(C)CC(CC(=O)O)O,0.0,unreported_twosides_sampled,4.2483545e-18,0.12423389755370215,0.12423389755370215,fitted,platt_logistic_regression,0.4313752502880964,0
CC12CCC3C(C1CCC2C(=O)NC4=C(C=CC(=C4)C(F)(F)F)C(F)(F)F)CCC5C3(C=CC(=O)N5)C,CC1=NN=C2N1C3=C(C=C(C=C3)Cl)C(=NC2)C4=CC=CC=C4,1.0,reported_twosides,4.2483545e-18,0.12423389755370215,0.12423389755370215,fitted,platt_logistic_regression,0.4313752502880964,0
C1CC(C1)(C(=O)O)C(=O)O.N.N.[Pt],CN1CC(=O)N2C(C1=O)CC3=C(C2C4=CC5=C(C=C4)OCO5)NC6=CC=CC=C36,0.0,unreported_twosides_sampled,4.2483545e-18,0.12423389755370215,0.12423389755370215,fitted,platt_logistic_regression,0.4313752502880964,0
CC(=O)OCC(=O)C12C(CC3C1(CC(C4(C3CC(C5=CC(=O)C=CC54C)F)F)O)C)OC(O2)(C)C,CCC(C)C(=O)OC1CC(C=C2C1C(C(C=C2)C)CCC3CC(CC(=O)O3)O)C,0.0,unreported_twosides_sampled,1.0,0.9086326001006345,0.9086326001006345,fitted,platt_logistic_regression,0.4313752502880964,1
CC(C)C(C(=O)OCC(CO)OCN1C=NC2=C1NC(=NC2=O)N)N,CC(C)C(CCCN(C)CCC1=CC(=C(C=C1)OC)OC)(C#N)C2=CC(=C(C=C2)OC)OC,0.0,unreported_twosides_sampled,4.7683644e-09,0.12423389755370215,0.12423389755370215,fitted,platt_logistic_regression,0.4313752502880964,0
CC(C)C(C(=O)OCC(CO)OCN1C=NC2=C1NC(=NC2=O)N)N,CN1CC(=O)N2C(C1=O)CC3=C(C2C4=CC5=C(C=C4)OCO5)NC6=CC=CC=C36,0.0,unreported_twosides_sampled,1.586611e-13,0.12423389755370215,0.12423389755370215,fitted,platt_logistic_regression,0.4313752502880964,0
CC(=O)OCC(=O)C12C(CC3C1(CC(C4(C3CC(C5=CC(=O)C=CC54C)F)F)O)C)OC(O2)(C)C,CC1=NN=C2N1C3=C(C=C(C=C3)Cl)C(=NC2)C4=CC=CC=C4,1.0,reported_twosides,4.2483545e-18,0.12423389755370215,0.12423389755370215,fitted,platt_logistic_regression,0.4313752502880964,0
C1CC(OC1CO)N2C=NC3=C2NC=NC3=O,CN1CC(=O)N2C(C1=O)CC3=C(C2C4=CC5=C(C=C4)OCO5)NC6=CC=CC=C36,1.0,reported_twosides,7.224412e-09,0.12423389755370215,0.12423389755370215,fitted,platt_logistic_regression,0.4313752502880964,0
CC(=O)OCC(=O)C12C(CC3C1(CC(C4(C3CC(C5=CC(=O)C=CC54C)F)F)O)C)OC(O2)(C)C,CCCN1CC(CC2C1CC3=CNC4=CC=CC2=C34)CSC,0.0,unreported_twosides_sampled,4.2483545e-18,0.12423389755370215,0.12423389755370215,fitted,platt_logistic_regression,0.4313752502880964,0
C1C(N(C2=C(N1)NC(=NC2=O)N)C=O)CNC3=CC=C(C=C3)C(=O)NC(CCC(=O)O)C(=O)O,CC(C)C(C(=O)OCC(CO)OCN1C=NC2=C1NC(=NC2=O)N)N,0.0,unreported_twosides_sampled,4.2483545e-18,0.12423389755370215,0.12423389755370215,fitted,platt_logistic_regression,0.4313752502880964,0
C1CC(C1)(C(=O)O)C(=O)O.N.N.[Pt],C1CN=C(N1)NC2=C(C=CC=C2Cl)Cl,1.0,reported_twosides,6.469203e-17,0.12423389755370215,0.12423389755370215,fitted,platt_logistic_regression,0.4313752502880964,0
CC12CCC3C(C1CCC2(C#C)O)CCC4=CC(=O)CCC34,COC1=C(C=C(C=C1)C2=CC3=C(C=C2)C=C(C=C3)C(=O)O)C45CC6CC(C4)CC(C6)C5,0.0,unreported_twosides_sampled,1.3995414e-07,0.12423389755370215,0.12423389755370215,fitted,platt_logistic_regression,0.4313752502880964,0
C1CN=C(N1)NC2=C(C=CC=C2Cl)Cl,C[N+](C)(C)CC(CC(=O)O)O,1.0,reported_twosides,1.0,0.9086326001006345,0.9086326001006345,fitted,platt_logistic_regression,0.4313752502880964,1
CC1=C(C(C(=C(N1)C)C(=O)OCC(C)C)C2=CC=CC=C2[N+](=O)[O-])C(=O)OC,CC1CC2C3CCC4=CC(=O)C=CC4(C3(C(CC2(C1(C(=O)CO)O)C)O)F)C,1.0,reported_twosides,0.99987435,0.8254310964882693,0.8254310964882693,fitted,platt_logistic_regression,0.4313752502880964,1
C1=CC(=C2NC(=C3C=CC=CC3=O)N(N2)C4=CC=C(C=C4)C(=O)O)C(=O)C=C1,C1CN=C(N1)NC2=C(C=CC=C2Cl)Cl,0.0,unreported_twosides_sampled,1.0,0.9086326001006345,0.9086326001006345,fitted,platt_logistic_regression,0.4313752502880964,1
CC1(C(N2C(S1)C(C2=O)NC(=O)C(C3=CC=CC=C3)N)C(=O)[O-])C,CC1=C(C(=O)C2=CC=CC=C2C1=O)CC=C(C)CCCC(C)CCCC(C)CCCC(C)C,0.0,unreported_twosides_sampled,1.0,0.9086326001006345,0.9086326001006345,fitted,platt_logistic_regression,0.4313752502880964,1
C1CN=C(N1)NC2=C(C=CC=C2Cl)Cl,CC(=O)OCC(=O)C12C(CC3C1(CC(C4(C3CC(C5=CC(=O)C=CC54C)F)F)O)C)OC(O2)(C)C,1.0,reported_twosides,0.13150851,0.47046207781706306,0.47046207781706306,fitted,platt_logistic_regression,0.4313752502880964,1
C1C(N(C2=C(N1)NC(=NC2=O)N)C=O)CNC3=CC=C(C=C3)C(=O)NC(CCC(=O)O)C(=O)O,CC12CCC3C(C1CCC2C(=O)NC4=C(C=CC(=C4)C(F)(F)F)C(F)(F)F)CCC5C3(C=CC(=O)N5)C,1.0,reported_twosides,4.2483545e-18,0.12423389755370215,0.12423389755370215,fitted,platt_logistic_regression,0.4313752502880964,0
CC(C)(C(=O)O)ON=C(C1=CSC(=N1)N)C(=O)NC2C3N(C2=O)C(=C(CS3)C[N+]4=CC=CC=C4)C(=O)[O-],CCC(C)C(=O)OC1CC(C=C2C1C(C(C=C2)C)CCC3CC(CC(=O)O3)O)C,0.0,unreported_twosides_sampled,1.0,0.9086326001006345,0.9086326001006345,fitted,platt_logistic_regression,0.4313752502880964,1
C1CC(C1)CN2CCC34C5C(CCC3(C2CC6=C4C(=C(C=C6)O)O5)O)O,CN1CCC23C=CC(CC2OC4=C(C=CC(=C34)C1)OC)O,0.0,unreported_twosides_sampled,1.0184508e-06,0.12454017657069374,0.12454017657069374,fitted,platt_logistic_regression,0.4313752502880964,0
C1CC(C1)(C(=O)O)C(=O)O.N.N.[Pt],CN1C(=C(NC2=CC=CC=N2)O)C(=O)C3=CC=CC=C3S1(=O)=O,0.0,unreported_twosides_sampled,4.2483545e-18,0.12423389755370215,0.12423389755370215,fitted,platt_logistic_regression,0.4313752502880964,0
C1C(C(C(C(C1N)OC2C(C(C(C(O2)CN)O)O)O)O)OC3C(C(C(C(O3)CO)O)N)O)N,CC1=NN=C2N1C3=C(C=C(C=C3)Cl)C(=NC2)C4=CC=CC=C4,0.0,unreported_twosides_sampled,4.2483545e-18,0.12423389755370215,0.12423389755370215,fitted,platt_logistic_regression,0.4313752502880964,0
C1CC(OC1CO)N2C=NC3=C2NC=NC3=O,CCCCC(=O)N(CC1=CC=C(C=C1)C2=CC=CC=C2C3=NNN=N3)C(C(C)C)C(=O)O,1.0,reported_twosides,0.00011888531,0.22829280784502926,0.22829280784502926,fitted,platt_logistic_regression,0.4313752502880964,0
C1CC(C1)CN2CCC34C5C(CCC3(C2CC6=C4C(=C(C=C6)O)O5)O)O,CC1=C(SC=C1)C(=CCCN2CCCC(C2)C(=O)O)C3=C(C=CS3)C,0.0,unreported_twosides_sampled,4.2483545e-18,0.12423389755370215,0.12423389755370215,fitted,platt_logistic_regression,0.4313752502880964,0
CC12CCC3C(C1CCC2O)C(CC4=C3C=CC(=C4)O)CCCCCCCCCS(=O)CCCC(C(F)(F)F)(F)F,CCCCC(=O)N(CC1=CC=C(C=C1)C2=CC=CC=C2C3=NNN=N3)C(C(C)C)C(=O)O,1.0,reported_twosides,1.0,0.9086326001006345,0.9086326001006345,fitted,platt_logistic_regression,0.4313752502880964,1
CC12CCC3C(C1CCC2C(=O)NC4=C(C=CC(=C4)C(F)(F)F)C(F)(F)F)CCC5C3(C=CC(=O)N5)C,CN(C)CCC1=CNC2=C1C=C(C=C2)CC3COC(=O)N3,0.0,unreported_twosides_sampled,0.18802536,0.4867653460621264,0.4867653460621264,fitted,platt_logistic_regression,0.4313752502880964,1
C1=CC(=C2NC(=C3C=CC=CC3=O)N(N2)C4=CC=C(C=C4)C(=O)O)C(=O)C=C1,CCOC(=O)N1CCC(=C2C3=C(CCC4=C2N=CC=C4)C=C(C=C3)Cl)CC1,1.0,reported_twosides,1.0,0.9086326001006345,0.9086326001006345,fitted,platt_logistic_regression,0.4313752502880964,1
CC1CC2C3CCC4=CC(=O)C=CC4(C3(C(CC2(C1(C(=O)CO)O)C)O)F)C,CCCN1CC(CC2C1CC3=CNC4=CC=CC2=C34)CSC,0.0,unreported_twosides_sampled,4.2483545e-18,0.12423389755370215,0.12423389755370215,fitted,platt_logistic_regression,0.4313752502880964,0
CC1(C(N2C(S1)C(C2=O)NC(=O)C(C3=CC=CC=C3)N)C(=O)[O-])C,CCOC(=O)N1CCC(=C2C3=C(CCC4=C2N=CC=C4)C=C(C=C3)Cl)CC1,0.0,unreported_twosides_sampled,4.2483545e-18,0.12423389755370215,0.12423389755370215,fitted,platt_logistic_regression,0.4313752502880964,0
CC1=C(C(C(=C(N1)C)C(=O)OCC(C)C)C2=CC=CC=C2[N+](=O)[O-])C(=O)OC,CN1CCC23C=CC(CC2OC4=C(C=CC(=C34)C1)OC)O,0.0,unreported_twosides_sampled,1.0,0.9086326001006345,0.9086326001006345,fitted,platt_logistic_regression,0.4313752502880964,1
C1CN=C(N1)NC2=C(C=CC=C2Cl)Cl,CC12CCC3C(C1CCC2C(=O)NC4=C(C=CC(=C4)C(F)(F)F)C(F)(F)F)CCC5C3(C=CC(=O)N5)C,1.0,reported_twosides,0.9999995,0.9086326001006345,0.9086326001006345,fitted,platt_logistic_regression,0.4313752502880964,1
CCN(C)C(=O)OC1=CC=CC(=C1)C(C)N(C)C,COC1=C(C=C(C=C1)C2=CC3=C(C=C2)C=C(C=C3)C(=O)O)C45CC6CC(C4)CC(C6)C5,0.0,unreported_twosides_sampled,1.0,0.9086326001006345,0.9086326001006345,fitted,platt_logistic_regression,0.4313752502880964,1
CCCN1CC(CC2C1CC3=CNC4=CC=CC2=C34)CSC,CN(C)CCC1=CNC2=C1C=C(C=C2)CC3COC(=O)N3,0.0,unreported_twosides_sampled,3.6297285e-15,0.12423389755370215,0.12423389755370215,fitted,platt_logistic_regression,0.4313752502880964,0
CC1=NN=C2N1C3=C(C=C(C=C3)Cl)C(=NC2)C4=CC=CC=C4,CN1C(=C(NC2=CC=CC=N2)O)C(=O)C3=CC=CC=C3S1(=O)=O,1.0,reported_twosides,1.0436904e-07,0.12423389755370215,0.12423389755370215,fitted,platt_logistic_regression,0.4313752502880964,0
CC12CCC3C(C1CCC2(C#C)O)CCC4=CC(=O)CCC34,CCOC(=O)N1CCC(=C2C3=C(CCC4=C2N=CC=C4)C=C(C=C3)Cl)CC1,1.0,reported_twosides,4.63366e-17,0.12423389755370215,0.12423389755370215,fitted,platt_logistic_regression,0.4313752502880964,0
C1CC(OC1CO)N2C=NC3=C2NC=NC3=O,CN1CCC23C=CC(CC2OC4=C(C=CC(=C34)C1)OC)O,0.0,unreported_twosides_sampled,5.1628746e-10,0.12423389755370215,0.12423389755370215,fitted,platt_logistic_regression,0.4313752502880964,0
CC1CN(CCN1)C2=C(C=C3C(=C2OC)N(C=C(C3=O)C(=O)O)C4CC4)F,CCCCC(=O)N(CC1=CC=C(C=C1)C2=CC=CC=C2C3=NNN=N3)C(C(C)C)C(=O)O,1.0,reported_twosides,1.0,0.9086326001006345,0.9086326001006345,fitted,platt_logistic_regression,0.4313752502880964,1
C(CCl)NC(=O)N(CCCl)N=O,CN(C)NN=C1C(=NC=N1)C(=O)N,1.0,reported_twosides,4.2483545e-18,0.12423389755370215,0.12423389755370215,fitted,platt_logistic_regression,0.4313752502880964,0
CC1=C(C(=O)C2=CC=CC=C2C1=O)CC=C(C)CCCC(C)CCCC(C)CCCC(C)C,CCC(C)C(=O)OC1CC(C=C2C1C(C(C=C2)C)CCC3CC(CC(=O)O3)O)C,0.0,unreported_twosides_sampled,1.0,0.9086326001006345,0.9086326001006345,fitted,platt_logistic_regression,0.4313752502880964,1
C1=CC(=C2NC(=C3C=CC=CC3=O)N(N2)C4=CC=C(C=C4)C(=O)O)C(=O)C=C1,CN1C(=C(NC2=CC=CC=N2)O)C(=O)C3=CC=CC=C3S1(=O)=O,0.0,unreported_twosides_sampled,1.0,0.9086326001006345,0.9086326001006345,fitted,platt_logistic_regression,0.4313752502880964,1
CCCN1CC(CC2C1CC3=CNC4=CC=CC2=C34)CSC,CN1CCC23C=CC(CC2OC4=C(C=CC(=C34)C1)OC)O,0.0,unreported_twosides_sampled,4.2483545e-18,0.12423389755370215,0.12423389755370215,fitted,platt_logistic_regression,0.4313752502880964,0
CC(C)C(C(=O)OCC(CO)OCN1C=NC2=C1NC(=NC2=O)N)N,CC1=NN=C2N1C3=C(C=C(C=C3)Cl)C(=NC2)C4=CC=CC=C4,0.0,unreported_twosides_sampled,4.2483545e-18,0.12423389755370215,0.12423389755370215,fitted,platt_logistic_regression,0.4313752502880964,0
C(CCl)NC(=O)N(CCCl)N=O,CN1CCC23C=CC(CC2OC4=C(C=CC(=C34)C1)OC)O,0.0,unreported_twosides_sampled,8.706537e-11,0.12423389755370215,0.12423389755370215,fitted,platt_logistic_regression,0.4313752502880964,0
C1CC(OC1CO)N2C=NC3=C2NC=NC3=O,CCOC(=O)N1CCC(=C2C3=C(CCC4=C2N=CC=C4)C=C(C=C3)Cl)CC1,1.0,reported_twosides,4.2483545e-18,0.12423389755370215,0.12423389755370215,fitted,platt_logistic_regression,0.4313752502880964,0
CC12CCC3C(C1CCC2O)C(CC4=C3C=CC(=C4)O)CCCCCCCCCS(=O)CCCC(C(F)(F)F)(F)F,CCCN1CC(CC2C1CC3=CNC4=CC=CC2=C34)CSC,0.0,unreported_twosides_sampled,8.159077e-07,0.12423389755370215,0.12423389755370215,fitted,platt_logistic_regression,0.4313752502880964,0
C1C(N(C2=C(N1)NC(=NC2=O)N)C=O)CNC3=CC=C(C=C3)C(=O)NC(CCC(=O)O)C(=O)O,CC1CC2C3CCC4=CC(=O)C=CC4(C3(C(CC2(C1(C(=O)CO)O)C)O)F)C,1.0,reported_twosides,4.2483545e-18,0.12423389755370215,0.12423389755370215,fitted,platt_logistic_regression,0.4313752502880964,0
CC(C)(C)NCC(C1=CC(=C(C=C1)O)CO)O,CC1=C(C(=O)C2=CC=CC=C2C1=O)CC=C(C)CCCC(C)CCCC(C)CCCC(C)C,1.0,reported_twosides,1.0,0.9086326001006345,0.9086326001006345,fitted,platt_logistic_regression,0.4313752502880964,1
CC(C)(C(=O)O)ON=C(C1=CSC(=N1)N)C(=O)NC2C3N(C2=O)C(=C(CS3)C[N+]4=CC=CC=C4)C(=O)[O-],CCOC1=C(C=CC(=C1)CC(=O)NC(CC(C)C)C2=CC=CC=C2N3CCCCC3)C(=O)O,0.0,unreported_twosides_sampled,2.6053827e-17,0.12423389755370215,0.12423389755370215,fitted,platt_logistic_regression,0.4313752502880964,0
CC(C)(C)NCC(C1=CC(=C(C=C1)O)CO)O,CN1CCC(=C2C3=C(C(=O)CC4=CC=CC=C42)SC=C3)CC1,1.0,reported_twosides,5.302777e-10,0.12423389755370215,0.12423389755370215,fitted,platt_logistic_regression,0.4313752502880964,0
C1CC(C1)(C(=O)O)C(=O)O.N.N.[Pt],CC(=O)OCC(=O)C12C(CC3C1(CC(C4(C3CC(C5=CC(=O)C=CC54C)F)F)O)C)OC(O2)(C)C,0.0,unreported_twosides_sampled,4.2483545e-18,0.12423389755370215,0.12423389755370215,fitted,platt_logistic_regression,0.4313752502880964,0
C1=CC(=C2NC(=C3C=CC=CC3=O)N(N2)C4=CC=C(C=C4)C(=O)O)C(=O)C=C1,CC12CCC3C(C1CCC2O)C(CC4=C3C=CC(=C4)O)CCCCCCCCCS(=O)CCCC(C(F)(F)F)(F)F,0.0,unreported_twosides_sampled,1.0,0.9086326001006345,0.9086326001006345,fitted,platt_logistic_regression,0.4313752502880964,1
CCCN1CC(CC2C1CC3=CNC4=CC=CC2=C34)CSC,CNC(=C[N+](=O)[O-])NCCSCC1=CC=C(O1)CN(C)C,1.0,reported_twosides,4.2483545e-18,0.12423389755370215,0.12423389755370215,fitted,platt_logistic_regression,0.4313752502880964,0
CC(C=CC(C)C(C)(C)O)C1CCC2C1(CCCC2=CC=C3CC(CC(C3)O)O)C,CCOC1=C(C=CC(=C1)CC(=O)NC(CC(C)C)C2=CC=CC=C2N3CCCCC3)C(=O)O,1.0,reported_twosides,1.0,0.9086326001006345,0.9086326001006345,fitted,platt_logistic_regression,0.4313752502880964,1
CCCN1CC(CC2C1CC3=CNC4=CC=CC2=C34)CSC,CCOC1=C(C=CC(=C1)CC(=O)NC(CC(C)C)C2=CC=CC=C2N3CCCCC3)C(=O)O,0.0,unreported_twosides_sampled,4.106887e-17,0.12423389755370215,0.12423389755370215,fitted,platt_logistic_regression,0.4313752502880964,0
CC(C)C(CCCN(C)CCC1=CC(=C(C=C1)OC)OC)(C#N)C2=CC(=C(C=C2)OC)OC,CN1C(=C(NC2=CC=CC=N2)O)C(=O)C3=CC=CC=C3S1(=O)=O,1.0,reported_twosides,1.0,0.9086326001006345,0.9086326001006345,fitted,platt_logistic_regression,0.4313752502880964,1
CC(C)(C(=O)O)ON=C(C1=CSC(=N1)N)C(=O)NC2C3N(C2=O)C(=C(CS3)C[N+]4=CC=CC=C4)C(=O)[O-],CN1CC(=O)N2C(C1=O)CC3=C(C2C4=CC5=C(C=C4)OCO5)NC6=CC=CC=C36,0.0,unreported_twosides_sampled,4.2483545e-18,0.12423389755370215,0.12423389755370215,fitted,platt_logistic_regression,0.4313752502880964,0
CC1=NN=C(S1)SCC2=C(N3C(C(C3=O)NC(=O)CN4C=NN=N4)SC2)C(=O)[O-],CCOC(=O)N1CCC(=C2C3=C(CCC4=C2N=CC=C4)C=C(C=C3)Cl)CC1,1.0,reported_twosides,0.35561204,0.5201451679625886,0.5201451679625886,fitted,platt_logistic_regression,0.4313752502880964,1
CC(C=CC(C)C(C)(C)O)C1CCC2C1(CCCC2=CC=C3CC(CC(C3)O)O)C,CC1=C(C(=O)C2=CC=CC=C2C1=O)CC=C(C)CCCC(C)CCCC(C)CCCC(C)C,0.0,unreported_twosides_sampled,1.0,0.9086326001006345,0.9086326001006345,fitted,platt_logistic_regression,0.4313752502880964,1
CC1CC2C3CCC4=CC(=O)C=CC4(C3(C(CC2(C1(C(=O)CO)O)C)O)F)C,CN(C)NN=C1C(=NC=N1)C(=O)N,1.0,reported_twosides,4.2483545e-18,0.12423389755370215,0.12423389755370215,fitted,platt_logistic_regression,0.4313752502880964,0
C1CN=C(N1)NC2=C(C=CC=C2Cl)Cl,CC(C)C(CCCN(C)CCC1=CC(=C(C=C1)OC)OC)(C#N)C2=CC(=C(C=C2)OC)OC,1.0,reported_twosides,1.0,0.9086326001006345,0.9086326001006345,fitted,platt_logistic_regression,0.4313752502880964,1
CC1(C(N2C(S1)C(C2=O)NC(=O)C(C3=CC=CC=C3)N)C(=O)[O-])C,CC1CC2C3CCC4=CC(=O)C=CC4(C3(C(CC2(C1(C(=O)CO)O)C)O)F)C,1.0,reported_twosides,1.7818888e-13,0.12423389755370215,0.12423389755370215,fitted,platt_logistic_regression,0.4313752502880964,0
C(CCl)NC(=O)N(CCCl)N=O,CC(C)C(CCCN(C)CCC1=CC(=C(C=C1)OC)OC)(C#N)C2=CC(=C(C=C2)OC)OC,0.0,unreported_twosides_sampled,1.4210282e-06,0.13023457230831328,0.13023457230831328,fitted,platt_logistic_regression,0.4313752502880964,0
CC(C)(C)NCC(C1=CC(=C(C=C1)O)CO)O,CN1CCC23C=CC(CC2OC4=C(C=CC(=C34)C1)OC)O,1.0,reported_twosides,0.0001551697,0.23559182550556498,0.23559182550556498,fitted,platt_logistic_regression,0.4313752502880964,0
CC(C)(C(=O)O)ON=C(C1=CSC(=N1)N)C(=O)NC2C3N(C2=O)C(=C(CS3)C[N+]4=CC=CC=C4)C(=O)[O-],CN1CCC(=C2C3=C(C(=O)CC4=CC=CC=C42)SC=C3)CC1,0.0,unreported_twosides_sampled,4.2483545e-18,0.12423389755370215,0.12423389755370215,fitted,platt_logistic_regression,0.4313752502880964,0
C1=CC(=C2NC(=C3C=CC=CC3=O)N(N2)C4=CC=C(C=C4)C(=O)O)C(=O)C=C1,CNC(=C[N+](=O)[O-])NCCSCC1=CC=C(O1)CN(C)C,1.0,reported_twosides,1.0,0.9086326001006345,0.9086326001006345,fitted,platt_logistic_regression,0.4313752502880964,1
CC(C)C(CCCN(C)CCC1=CC(=C(C=C1)OC)OC)(C#N)C2=CC(=C(C=C2)OC)OC,C[N+](C)(C)CC(CC(=O)O)O,0.0,unreported_twosides_sampled,0.18986928,0.48722772062620784,0.48722772062620784,fitted,platt_logistic_regression,0.4313752502880964,1
CC12CCC3C(C1CCC2(C#C)O)CCC4=CC(=O)CCC34,CN1CCC23C=CC(CC2OC4=C(C=CC(=C34)C1)OC)O,0.0,unreported_twosides_sampled,0.00019119945,0.24142551533815523,0.24142551533815523,fitted,platt_logistic_regression,0.4313752502880964,0
C1CC(OC1CO)N2C=NC3=C2NC=NC3=O,CC12CCC3C(C1CCC2(C#C)O)CCC4=CC(=O)CCC34,0.0,unreported_twosides_sampled,7.916989e-09,0.12423389755370215,0.12423389755370215,fitted,platt_logistic_regression,0.4313752502880964,0
C1CC(C1)CN2CCC34C5C(CCC3(C2CC6=C4C(=C(C=C6)O)O5)O)O,CCCCC(=O)N(CC1=CC=C(C=C1)C2=CC=CC=C2C3=NNN=N3)C(C(C)C)C(=O)O,0.0,unreported_twosides_sampled,2.540315e-17,0.12423389755370215,0.12423389755370215,fitted,platt_logistic_regression,0.4313752502880964,0
C1CC(OC1CO)N2C=NC3=C2NC=NC3=O,C[N+](C)(C)CC(CC(=O)O)O,1.0,reported_twosides,7.330293e-08,0.12423389755370215,0.12423389755370215,fitted,platt_logistic_regression,0.4313752502880964,0
CC1=C(C(=O)C2=CC=CC=C2C1=O)CC=C(C)CCCC(C)CCCC(C)CCCC(C)C,CNC(=C[N+](=O)[O-])NCCSCC1=CC=C(O1)CN(C)C,1.0,reported_twosides,1.0,0.9086326001006345,0.9086326001006345,fitted,platt_logistic_regression,0.4313752502880964,1
C1C(OC(S1)CO)N2C=C(C(=NC2=O)N)F,C1CN=C(N1)NC2=C(C=CC=C2Cl)Cl,1.0,reported_twosides,6.5620236e-13,0.12423389755370215,0.12423389755370215,fitted,platt_logistic_regression,0.4313752502880964,0
CCCN1CC(CC2C1CC3=CNC4=CC=CC2=C34)CSC,COC1=C(C=C(C=C1)C2=CC3=C(C=C2)C=C(C=C3)C(=O)O)C45CC6CC(C4)CC(C6)C5,0.0,unreported_twosides_sampled,4.2483545e-18,0.12423389755370215,0.12423389755370215,fitted,platt_logistic_regression,0.4313752502880964,0
CC(C)(C(=O)O)ON=C(C1=CSC(=N1)N)C(=O)NC2C3N(C2=O)C(=C(CS3)C[N+]4=CC=CC=C4)C(=O)[O-],CC(C=CC(C)C(C)(C)O)C1CCC2C1(CCCC2=CC=C3CC(CC(C3)O)O)C,0.0,unreported_twosides_sampled,4.2483545e-18,0.12423389755370215,0.12423389755370215,fitted,platt_logistic_regression,0.4313752502880964,0
CCOC(=O)N1CCC(=C2C3=C(CCC4=C2N=CC=C4)C=C(C=C3)Cl)CC1,CN1CC(=O)N2C(C1=O)CC3=C(C2C4=CC5=C(C=C4)OCO5)NC6=CC=CC=C36,1.0,reported_twosides,3.0092854e-17,0.12423389755370215,0.12423389755370215,fitted,platt_logistic_regression,0.4313752502880964,0
C1CC(OC1CO)N2C=NC3=C2NC=NC3=O,C1CN=C(N1)NC2=C(C=CC=C2Cl)Cl,0.0,unreported_twosides_sampled,0.99135137,0.7112341216640621,0.7112341216640621,fitted,platt_logistic_regression,0.4313752502880964,1
CCC(C)C(=O)OC1CC(C=C2C1C(C(C=C2)C)CCC3CC(CC(=O)O3)O)C,CCCCC(=O)N(CC1=CC=C(C=C1)C2=CC=CC=C2C3=NNN=N3)C(C(C)C)C(=O)O,1.0,reported_twosides,1.0,0.9086326001006345,0.9086326001006345,fitted,platt_logistic_regression,0.4313752502880964,1
C1CC(C1)(C(=O)O)C(=O)O.N.N.[Pt],CC(C)(C(=O)O)ON=C(C1=CSC(=N1)N)C(=O)NC2C3N(C2=O)C(=C(CS3)C[N+]4=CC=CC=C4)C(=O)[O-],1.0,reported_twosides,4.2483545e-18,0.12423389755370215,0.12423389755370215,fitted,platt_logistic_regression,0.4313752502880964,0
C1=CC(=CC=C1N)S(=O)(=O)C2=CC=C(C=C2)N,CCC(C)C(=O)OC1CC(C=C2C1C(C(C=C2)C)CCC3CC(CC(=O)O3)O)C,1.0,reported_twosides,1.0,0.9086326001006345,0.9086326001006345,fitted,platt_logistic_regression,0.4313752502880964,1
CN1CC(=O)N2C(C1=O)CC3=C(C2C4=CC5=C(C=C4)OCO5)NC6=CC=CC=C36,CN1CCC(=C2C3=C(C(=O)CC4=CC=CC=C42)SC=C3)CC1,1.0,reported_twosides,6.131176e-12,0.12423389755370215,0.12423389755370215,fitted,platt_logistic_regression,0.4313752502880964,0
CC(C)(C)NCC(C1=CC(=C(C=C1)O)CO)O,CCCCC(=O)N(CC1=CC=C(C=C1)C2=CC=CC=C2C3=NNN=N3)C(C(C)C)C(=O)O,1.0,reported_twosides,0.9811235,0.6856235296459616,0.6856235296459616,fitted,platt_logistic_regression,0.4313752502880964,1
CCCN1CC(CC2C1CC3=CNC4=CC=CC2=C34)CSC,CN1C(=C(NC2=CC=CC=N2)O)C(=O)C3=CC=CC=C3S1(=O)=O,0.0,unreported_twosides_sampled,1.0173531e-15,0.12423389755370215,0.12423389755370215,fitted,platt_logistic_regression,0.4313752502880964,0
CC(=O)OCC(=O)C12C(CC3C1(CC(C4(C3CC(C5=CC(=O)C=CC54C)F)F)O)C)OC(O2)(C)C,CC1=C(C(C(=C(N1)C)C(=O)OCC(C)C)C2=CC=CC=C2[N+](=O)[O-])C(=O)OC,0.0,unreported_twosides_sampled,0.031170474,0.4117988978313114,0.4117988978313114,fitted,platt_logistic_regression,0.4313752502880964,0
C1C(OC(S1)CO)N2C=C(C(=NC2=O)N)F,CC(C)C(CCCN(C)CCC1=CC(=C(C=C1)OC)OC)(C#N)C2=CC(=C(C=C2)OC)OC,0.0,unreported_twosides_sampled,4.2483545e-18,0.12423389755370215,0.12423389755370215,fitted,platt_logistic_regression,0.4313752502880964,0
CC1=C(SC=C1)C(=CCCN2CCCC(C2)C(=O)O)C3=C(C=CS3)C,CN1CC(=O)N2C(C1=O)CC3=C(C2C4=CC5=C(C=C4)OCO5)NC6=CC=CC=C36,0.0,unreported_twosides_sampled,1.6906997e-08,0.12423389755370215,0.12423389755370215,fitted,platt_logistic_regression,0.4313752502880964,0
CC1=C(C(=O)C2=CC=CC=C2C1=O)CC=C(C)CCCC(C)CCCC(C)CCCC(C)C,CC1CN(CCN1)C2=C(C=C3C(=C2OC)N(C=C(C3=O)C(=O)O)C4CC4)F,0.0,unreported_twosides_sampled,1.0,0.9086326001006345,0.9086326001006345,fitted,platt_logistic_regression,0.4313752502880964,1
CC12CCC3C(C1CCC2O)C(CC4=C3C=CC(=C4)O)CCCCCCCCCS(=O)CCCC(C(F)(F)F)(F)F,CCOC(=O)N1CCC(=C2C3=C(CCC4=C2N=CC=C4)C=C(C=C3)Cl)CC1,0.0,unreported_twosides_sampled,0.9861224,0.6958976888655822,0.6958976888655822,fitted,platt_logistic_regression,0.4313752502880964,1
C1CC(C1)CN2CCC34C5C(CCC3(C2CC6=C4C(=C(C=C6)O)O5)O)O,C1CC(OC1CO)N2C=NC3=C2NC=NC3=O,0.0,unreported_twosides_sampled,4.2483545e-18,0.12423389755370215,0.12423389755370215,fitted,platt_logistic_regression,0.4313752502880964,0
CC(C)(C(=O)O)ON=C(C1=CSC(=N1)N)C(=O)NC2C3N(C2=O)C(=C(CS3)C[N+]4=CC=CC=C4)C(=O)[O-],CCCCC(=O)N(CC1=CC=C(C=C1)C2=CC=CC=C2C3=NNN=N3)C(C(C)C)C(=O)O,0.0,unreported_twosides_sampled,4.2483545e-18,0.12423389755370215,0.12423389755370215,fitted,platt_logistic_regression,0.4313752502880964,0
CN1CC(=O)N2C(C1=O)CC3=C(C2C4=CC5=C(C=C4)OCO5)NC6=CC=CC=C36,C[N+](C)(C)CC(CC(=O)O)O,0.0,unreported_twosides_sampled,0.0013560978,0.30082441070889526,0.30082441070889526,fitted,platt_logistic_regression,0.4313752502880964,0
CCCCC(=O)N(CC1=CC=C(C=C1)C2=CC=CC=C2C3=NNN=N3)C(C(C)C)C(=O)O,CCOC1=C(C=CC(=C1)CC(=O)NC(CC(C)C)C2=CC=CC=C2N3CCCCC3)C(=O)O,1.0,reported_twosides,1.0,0.9086326001006345,0.9086326001006345,fitted,platt_logistic_regression,0.4313752502880964,1
C1CN=C(N1)NC2=C(C=CC=C2Cl)Cl,CC1C2C(C(=O)N2C(=C1SC3CC(NC3)C(=O)NC4=CC=CC(=C4)C(=O)O)C(=O)O)C(C)O,0.0,unreported_twosides_sampled,4.2483545e-18,0.12423389755370215,0.12423389755370215,fitted,platt_logistic_regression,0.4313752502880964,0
CC1(C(N2C(S1)C(C2=O)NC(=O)C(C3=CC=CC=C3)N)C(=O)[O-])C,CCC(C)C(=O)OC1CC(C=C2C1C(C(C=C2)C)CCC3CC(CC(=O)O3)O)C,0.0,unreported_twosides_sampled,1.0,0.9086326001006345,0.9086326001006345,fitted,platt_logistic_regression,0.4313752502880964,1
CCN(C)C(=O)OC1=CC=CC(=C1)C(C)N(C)C,CN1CC(=O)N2C(C1=O)CC3=C(C2C4=CC5=C(C=C4)OCO5)NC6=CC=CC=C36,0.0,unreported_twosides_sampled,1.0,0.9086326001006345,0.9086326001006345,fitted,platt_logistic_regression,0.4313752502880964,1
C1CC(C1)(C(=O)O)C(=O)O.N.N.[Pt],CN(C)NN=C1C(=NC=N1)C(=O)N,1.0,reported_twosides,4.2483545e-18,0.12423389755370215,0.12423389755370215,fitted,platt_logistic_regression,0.4313752502880964,0
C1CC(C1)(C(=O)O)C(=O)O.N.N.[Pt],CC1CN(CCN1)C2=C(C=C3C(=C2OC)N(C=C(C3=O)C(=O)O)C4CC4)F,1.0,reported_twosides,3.7686547e-07,0.12423389755370215,0.12423389755370215,fitted,platt_logistic_regression,0.4313752502880964,0
CC1CC2C3CCC4=CC(=O)C=CC4(C3(C(CC2(C1(C(=O)CO)O)C)O)F)C,COC1=C(C=C(C=C1)C2=CC3=C(C=C2)C=C(C=C3)C(=O)O)C45CC6CC(C4)CC(C6)C5,0.0,unreported_twosides_sampled,6.4208847e-12,0.12423389755370215,0.12423389755370215,fitted,platt_logistic_regression,0.4313752502880964,0
C1CN=C(N1)NC2=C(C=CC=C2Cl)Cl,CNC(=C[N+](=O)[O-])NCCSCC1=CC=C(O1)CN(C)C,1.0,reported_twosides,1.0,0.9086326001006345,0.9086326001006345,fitted,platt_logistic_regression,0.4313752502880964,1
CC12CCC3C(C1CCC2(C#C)O)CCC4=CC(=O)CCC34,CCOC(=O)C(CCC1=CC=CC=C1)NC(C)C(=O)N2C3CCCCC3CC2C(=O)O,0.0,unreported_twosides_sampled,0.99999976,0.9086326001006345,0.9086326001006345,fitted,platt_logistic_regression,0.4313752502880964,1
CCCN1CC(CC2C1CC3=CNC4=CC=CC2=C34)CSC,CN1CC(=O)N2C(C1=O)CC3=C(C2C4=CC5=C(C=C4)OCO5)NC6=CC=CC=C36,0.0,unreported_twosides_sampled,4.2483545e-18,0.12423389755370215,0.12423389755370215,fitted,platt_logistic_regression,0.4313752502880964,0
CC1=NN=C(S1)SCC2=C(N3C(C(C3=O)NC(=O)CN4C=NN=N4)SC2)C(=O)[O-],CCOC(=O)C(CCC1=CC=CC=C1)NC(C)C(=O)N2C3CCCCC3CC2C(=O)O,0.0,unreported_twosides_sampled,1.0,0.9086326001006345,0.9086326001006345,fitted,platt_logistic_regression,0.4313752502880964,1
C1CC(OC1CO)N2C=NC3=C2NC=NC3=O,CC1C2C(C(=O)N2C(=C1SC3CC(NC3)C(=O)NC4=CC=CC(=C4)C(=O)O)C(=O)O)C(C)O,0.0,unreported_twosides_sampled,4.2483545e-18,0.12423389755370215,0.12423389755370215,fitted,platt_logistic_regression,0.4313752502880964,0
C1=CC(=C2NC(=C3C=CC=CC3=O)N(N2)C4=CC=C(C=C4)C(=O)O)C(=O)C=C1,CC1CC2C3CCC4=CC(=O)C=CC4(C3(C(CC2(C1(C(=O)CO)O)C)O)F)C,0.0,unreported_twosides_sampled,1.0,0.9086326001006345,0.9086326001006345,fitted,platt_logistic_regression,0.4313752502880964,1
CC1=C(C(C(=C(N1)C)C(=O)OCC(C)C)C2=CC=CC=C2[N+](=O)[O-])C(=O)OC,CN(C)CCC1=CNC2=C1C=C(C=C2)CC3COC(=O)N3,0.0,unreported_twosides_sampled,1.0,0.9086326001006345,0.9086326001006345,fitted,platt_logistic_regression,0.4313752502880964,1
C1C(C(C(C(C1N)OC2C(C(C(C(O2)CN)O)O)O)O)OC3C(C(C(C(O3)CO)O)N)O)N,CCOC(=O)N1CCC(=C2C3=C(CCC4=C2N=CC=C4)C=C(C=C3)Cl)CC1,0.0,unreported_twosides_sampled,4.2483545e-18,0.12423389755370215,0.12423389755370215,fitted,platt_logistic_regression,0.4313752502880964,0
C1C(OC(S1)CO)N2C=C(C(=NC2=O)N)F,CC1C2C(C(=O)N2C(=C1SC3CC(NC3)C(=O)NC4=CC=CC(=C4)C(=O)O)C(=O)O)C(C)O,0.0,unreported_twosides_sampled,4.2483545e-18,0.12423389755370215,0.12423389755370215,fitted,platt_logistic_regression,0.4313752502880964,0
CC1CC2C3CCC4=CC(=O)C=CC4(C3(C(CC2(C1(C(=O)CO)O)C)O)F)C,C[N+](C)(C)CC(CC(=O)O)O,0.0,unreported_twosides_sampled,1.9520563e-07,0.12423389755370215,0.12423389755370215,fitted,platt_logistic_regression,0.4313752502880964,0
CN1CC(=O)N2C(C1=O)CC3=C(C2C4=CC5=C(C=C4)OCO5)NC6=CC=CC=C36,COC1=C(C=C(C=C1)C2=CC3=C(C=C2)C=C(C=C3)C(=O)O)C45CC6CC(C4)CC(C6)C5,0.0,unreported_twosides_sampled,5.9862632e-05,0.21023379285890387,0.21023379285890387,fitted,platt_logistic_regression,0.4313752502880964,0
CC(C)C(CCCN(C)CCC1=CC(=C(C=C1)OC)OC)(C#N)C2=CC(=C(C=C2)OC)OC,CC1CC2C3CCC4=CC(=O)C=CC4(C3(C(CC2(C1(C(=O)CO)O)C)O)F)C,1.0,reported_twosides,1.1066143e-07,0.12423389755370215,0.12423389755370215,fitted,platt_logistic_regression,0.4313752502880964,0
CC1CN(CCN1)C2=C(C=C3C(=C2OC)N(C=C(C3=O)C(=O)O)C4CC4)F,COC1=C(C=C(C=C1)C2=CC3=C(C=C2)C=C(C=C3)C(=O)O)C45CC6CC(C4)CC(C6)C5,1.0,reported_twosides,1.0,0.9086326001006345,0.9086326001006345,fitted,platt_logistic_regression,0.4313752502880964,1
C1CN=C(N1)NC2=C(C=CC=C2Cl)Cl,CC1=C(C(=O)C2=CC=CC=C2C1=O)CC=C(C)CCCC(C)CCCC(C)CCCC(C)C,1.0,reported_twosides,1.0,0.9086326001006345,0.9086326001006345,fitted,platt_logistic_regression,0.4313752502880964,1
C1C(N(C2=C(N1)NC(=NC2=O)N)C=O)CNC3=CC=C(C=C3)C(=O)NC(CCC(=O)O)C(=O)O,CC(C)(C)NCC(C1=CC(=C(C=C1)O)CO)O,1.0,reported_twosides,7.421903e-17,0.12423389755370215,0.12423389755370215,fitted,platt_logistic_regression,0.4313752502880964,0
CC(C=CC(C)C(C)(C)O)C1CCC2C1(CCCC2=CC=C3CC(CC(C3)O)O)C,CC12CCC3C(C1CCC2O)C(CC4=C3C=CC(=C4)O)CCCCCCCCCS(=O)CCCC(C(F)(F)F)(F)F,0.0,unreported_twosides_sampled,1.0,0.9086326001006345,0.9086326001006345,fitted,platt_logistic_regression,0.4313752502880964,1
CCC(C)C(=O)OC1CC(C=C2C1C(C(C=C2)C)CCC3CC(CC(=O)O3)O)C,CCN(C)C(=O)OC1=CC=CC(=C1)C(C)N(C)C,1.0,reported_twosides,1.0,0.9086326001006345,0.9086326001006345,fitted,platt_logistic_regression,0.4313752502880964,1
CC1=C(C(C(=C(N1)C)C(=O)OCC(C)C)C2=CC=CC=C2[N+](=O)[O-])C(=O)OC,CC1=NN=C2N1C3=C(C=C(C=C3)Cl)C(=NC2)C4=CC=CC=C4,1.0,reported_twosides,1.2101525e-07,0.12423389755370215,0.12423389755370215,fitted,platt_logistic_regression,0.4313752502880964,0
CC1CC2C3CCC4=CC(=O)C=CC4(C3(C(CC2(C1(C(=O)CO)O)C)O)F)C,CN1C(=C(NC2=CC=CC=N2)O)C(=O)C3=CC=CC=C3S1(=O)=O,1.0,reported_twosides,0.9998834,0.8270837601890016,0.8270837601890016,fitted,platt_logistic_regression,0.4313752502880964,1
C1CC(C1)(C(=O)O)C(=O)O.N.N.[Pt],CN1C=NC(=C1SC2=NC=NC3=C2NC=N3)[N+](=O)[O-],0.0,unreported_twosides_sampled,4.2483545e-18,0.12423389755370215,0.12423389755370215,fitted,platt_logistic_regression,0.4313752502880964,0
CC(C=CC(C)C(C)(C)O)C1CCC2C1(CCCC2=CC=C3CC(CC(C3)O)O)C,CC1=C(C(C(=C(N1)C)C(=O)OCC(C)C)C2=CC=CC=C2[N+](=O)[O-])C(=O)OC,0.0,unreported_twosides_sampled,1.0,0.9086326001006345,0.9086326001006345,fitted,platt_logistic_regression,0.4313752502880964,1
CC(C)(C)NCC(C1=CC(=C(C=C1)O)CO)O,CCOC(=O)C(CCC1=CC=CC=C1)NC(C)C(=O)N2C3CCCCC3CC2C(=O)O,0.0,unreported_twosides_sampled,1.0,0.9086326001006345,0.9086326001006345,fitted,platt_logistic_regression,0.4313752502880964,1
CC(C)C(CCCN(C)CCC1=CC(=C(C=C1)OC)OC)(C#N)C2=CC(=C(C=C2)OC)OC,COC1=C(C=C(C=C1)C2=CC3=C(C=C2)C=C(C=C3)C(=O)O)C45CC6CC(C4)CC(C6)C5,1.0,reported_twosides,0.48522407,0.5406515801242392,0.5406515801242392,fitted,platt_logistic_regression,0.4313752502880964,1
C1C(OC(S1)CO)N2C=C(C(=NC2=O)N)F,CC12CCC3C(C1CCC2(C)O)CCC4C3(COC(=O)C4)C,0.0,unreported_twosides_sampled,4.2483545e-18,0.12423389755370215,0.12423389755370215,fitted,platt_logistic_regression,0.4313752502880964,0
CC(C)C(CCCN(C)CCC1=CC(=C(C=C1)OC)OC)(C#N)C2=CC(=C(C=C2)OC)OC,CC1=C(C(C(=C(N1)C)C(=O)OCC(C)C)C2=CC=CC=C2[N+](=O)[O-])C(=O)OC,0.0,unreported_twosides_sampled,1.0,0.9086326001006345,0.9086326001006345,fitted,platt_logistic_regression,0.4313752502880964,1
C1=CC(=CC=C1N)S(=O)(=O)C2=CC=C(C=C2)N,CN1C=NC(=C1SC2=NC=NC3=C2NC=N3)[N+](=O)[O-],1.0,reported_twosides,4.2483545e-18,0.12423389755370215,0.12423389755370215,fitted,platt_logistic_regression,0.4313752502880964,0
C1CN=C(N1)NC2=C(C=CC=C2Cl)Cl,CC(C)C(C(=O)OCC(CO)OCN1C=NC2=C1NC(=NC2=O)N)N,1.0,reported_twosides,0.037437554,0.4188839070744912,0.4188839070744912,fitted,platt_logistic_regression,0.4313752502880964,0
CC(=O)OCC(=O)C12C(CC3C1(CC(C4(C3CC(C5=CC(=O)C=CC54C)F)F)O)C)OC(O2)(C)C,CCOC1=C(C=CC(=C1)CC(=O)NC(CC(C)C)C2=CC=CC=C2N3CCCCC3)C(=O)O,0.0,unreported_twosides_sampled,0.06769257,0.44242123687659946,0.44242123687659946,fitted,platt_logistic_regression,0.4313752502880964,1
CC12CCC3C(C1CCC2(C)O)CCC4C3(COC(=O)C4)C,CN1C=NC(=C1SC2=NC=NC3=C2NC=N3)[N+](=O)[O-],0.0,unreported_twosides_sampled,4.2483545e-18,0.12423389755370215,0.12423389755370215,fitted,platt_logistic_regression,0.4313752502880964,0
CC1CN(CCN1)C2=C(C=C3C(=C2OC)N(C=C(C3=O)C(=O)O)C4CC4)F,CCC(C)C(=O)OC1CC(C=C2C1C(C(C=C2)C)CCC3CC(CC(=O)O3)O)C,1.0,reported_twosides,1.0,0.9086326001006345,0.9086326001006345,fitted,platt_logistic_regression,0.4313752502880964,1
CC1C2C(C(=O)N2C(=C1SC3CC(NC3)C(=O)NC4=CC=CC(=C4)C(=O)O)C(=O)O)C(C)O,CC1CC2C3CCC4=CC(=O)C=CC4(C3(C(CC2(C1(C(=O)CO)O)C)O)F)C,1.0,reported_twosides,4.2483545e-18,0.12423389755370215,0.12423389755370215,fitted,platt_logistic_regression,0.4313752502880964,0
CCC(C)C(=O)OC1CC(C=C2C1C(C(C=C2)C)CCC3CC(CC(=O)O3)O)C,CNC(=C[N+](=O)[O-])NCCSCC1=CC=C(O1)CN(C)C,1.0,reported_twosides,1.0,0.9086326001006345,0.9086326001006345,fitted,platt_logistic_regression,0.4313752502880964,1
C1C(N(C2=C(N1)NC(=NC2=O)N)C=O)CNC3=CC=C(C=C3)C(=O)NC(CCC(=O)O)C(=O)O,CC1(C(N2C(S1)C(C2=O)NC(=O)C(C3=CC=CC=C3)N)C(=O)[O-])C,1.0,reported_twosides,4.2483545e-18,0.12423389755370215,0.12423389755370215,fitted,platt_logistic_regression,0.4313752502880964,0
CC12CCC3C(C1CCC2(C)O)CCC4C3(COC(=O)C4)C,CCC(C)C(=O)OC1CC(C=C2C1C(C(C=C2)C)CCC3CC(CC(=O)O3)O)C,0.0,unreported_twosides_sampled,1.0,0.9086326001006345,0.9086326001006345,fitted,platt_logistic_regression,0.4313752502880964,1
CC1=C(SC=C1)C(=CCCN2CCCC(C2)C(=O)O)C3=C(C=CS3)C,CNC(=C[N+](=O)[O-])NCCSCC1=CC=C(O1)CN(C)C,1.0,reported_twosides,6.506532e-06,0.1591090954357,0.1591090954357,fitted,platt_logistic_regression,0.4313752502880964,0
CC(C)(C)NCC(C1=CC(=C(C=C1)O)CO)O,CC(C)C(C(=O)OCC(CO)OCN1C=NC2=C1NC(=NC2=O)N)N,1.0,reported_twosides,2.3484782e-11,0.12423389755370215,0.12423389755370215,fitted,platt_logistic_regression,0.4313752502880964,0
CC1=C(C(C(=C(N1)C)C(=O)OCC(C)C)C2=CC=CC=C2[N+](=O)[O-])C(=O)OC,CCCCC(=O)N(CC1=CC=C(C=C1)C2=CC=CC=C2C3=NNN=N3)C(C(C)C)C(=O)O,1.0,reported_twosides,1.0,0.9086326001006345,0.9086326001006345,fitted,platt_logistic_regression,0.4313752502880964,1
CC(C)(C)NCC(C1=CC(=C(C=C1)O)CO)O,CCOC(=O)N1CCC(=C2C3=C(CCC4=C2N=CC=C4)C=C(C=C3)Cl)CC1,1.0,reported_twosides,1.8179523e-13,0.12423389755370215,0.12423389755370215,fitted,platt_logistic_regression,0.4313752502880964,0
CC(C)C(C(=O)OCC(CO)OCN1C=NC2=C1NC(=NC2=O)N)N,CCN(C)C(=O)OC1=CC=CC(=C1)C(C)N(C)C,0.0,unreported_twosides_sampled,1.0,0.9086326001006345,0.9086326001006345,fitted,platt_logistic_regression,0.4313752502880964,1
C1CC(OC1CO)N2C=NC3=C2NC=NC3=O,CC12CCC3C(C1CCC2O)C(CC4=C3C=CC(=C4)O)CCCCCCCCCS(=O)CCCC(C(F)(F)F)(F)F,0.0,unreported_twosides_sampled,1.0,0.9086326001006345,0.9086326001006345,fitted,platt_logistic_regression,0.4313752502880964,1
C1CC(C1)(C(=O)O)C(=O)O.N.N.[Pt],CC1=C(C(C(=C(N1)C)C(=O)OCC(C)C)C2=CC=CC=C2[N+](=O)[O-])C(=O)OC,0.0,unreported_twosides_sampled,1.3426065e-15,0.12423389755370215,0.12423389755370215,fitted,platt_logistic_regression,0.4313752502880964,0
CC1(C(N2C(S1)C(C2=O)NC(=O)C(C3=CC=CC=C3)N)C(=O)[O-])C,CC12CCC3C(C1CCC2C(=O)NC4=C(C=CC(=C4)C(F)(F)F)C(F)(F)F)CCC5C3(C=CC(=O)N5)C,0.0,unreported_twosides_sampled,6.7235215e-13,0.12423389755370215,0.12423389755370215,fitted,platt_logistic_regression,0.4313752502880964,0
CC1=C(C(C(=C(N1)C)C(=O)OCC(C)C)C2=CC=CC=C2[N+](=O)[O-])C(=O)OC,CNC(=C[N+](=O)[O-])NCCSCC1=CC=C(O1)CN(C)C,1.0,reported_twosides,1.0,0.9086326001006345,0.9086326001006345,fitted,platt_logistic_regression,0.4313752502880964,1
CC(C)C(CCCN(C)CCC1=CC(=C(C=C1)OC)OC)(C#N)C2=CC(=C(C=C2)OC)OC,CC1=NN=C(S1)SCC2=C(N3C(C(C3=O)NC(=O)CN4C=NN=N4)SC2)C(=O)[O-],1.0,reported_twosides,0.9999951,0.8862502221715717,0.8862502221715717,fitted,platt_logistic_regression,0.4313752502880964,1
C1CC(C1)(C(=O)O)C(=O)O.N.N.[Pt],COC1=C(C=C(C=C1)C2=CC3=C(C=C2)C=C(C=C3)C(=O)O)C45CC6CC(C4)CC(C6)C5,0.0,unreported_twosides_sampled,4.2483545e-18,0.12423389755370215,0.12423389755370215,fitted,platt_logistic_regression,0.4313752502880964,0
CN1C=NC(=C1SC2=NC=NC3=C2NC=N3)[N+](=O)[O-],CNC(=C[N+](=O)[O-])NCCSCC1=CC=C(O1)CN(C)C,1.0,reported_twosides,4.2483545e-18,0.12423389755370215,0.12423389755370215,fitted,platt_logistic_regression,0.4313752502880964,0
CN1CCC23C=CC(CC2OC4=C(C=CC(=C34)C1)OC)O,C[N+](C)(C)CC(CC(=O)O)O,0.0,unreported_twosides_sampled,4.8710215e-05,0.20501681903190958,0.20501681903190958,fitted,platt_logistic_regression,0.4313752502880964,0
C(CCl)NC(=O)N(CCCl)N=O,CC1CN(CCN1)C2=C(C=C3C(=C2OC)N(C=C(C3=O)C(=O)O)C4CC4)F,0.0,unreported_twosides_sampled,1.0,0.9086326001006345,0.9086326001006345,fitted,platt_logistic_regression,0.4313752502880964,1
CCOC(=O)N1CCC(=C2C3=C(CCC4=C2N=CC=C4)C=C(C=C3)Cl)CC1,CN1CCC(=C2C3=C(C(=O)CC4=CC=CC=C42)SC=C3)CC1,1.0,reported_twosides,3.0362175e-12,0.12423389755370215,0.12423389755370215,fitted,platt_logistic_regression,0.4313752502880964,0
CC1=NN=C2N1C3=C(C=C(C=C3)Cl)C(=NC2)C4=CC=CC=C4,CCOC1=C(C=CC(=C1)CC(=O)NC(CC(C)C)C2=CC=CC=C2N3CCCCC3)C(=O)O,1.0,reported_twosides,0.0012661689,0.29860639420724966,0.29860639420724966,fitted,platt_logistic_regression,0.4313752502880964,0
C1=CC(=CC=C1N)S(=O)(=O)C2=CC=C(C=C2)N,CC12CCC3C(C1CCC2(C)O)CCC4C3(COC(=O)C4)C,1.0,reported_twosides,0.00018847549,0.24102146790813664,0.24102146790813664,fitted,platt_logistic_regression,0.4313752502880964,0
CC1=C(C(=O)C2=CC=CC=C2C1=O)CC=C(C)CCCC(C)CCCC(C)CCCC(C)C,CCOC(=O)C(CCC1=CC=CC=C1)NC(C)C(=O)N2C3CCCCC3CC2C(=O)O,0.0,unreported_twosides_sampled,1.0,0.9086326001006345,0.9086326001006345,fitted,platt_logistic_regression,0.4313752502880964,1
CC(=O)OCC(=O)C12C(CC3C1(CC(C4(C3CC(C5=CC(=O)C=CC54C)F)F)O)C)OC(O2)(C)C,CC1=C(SC=C1)C(=CCCN2CCCC(C2)C(=O)O)C3=C(C=CS3)C,0.0,unreported_twosides_sampled,8.869103e-18,0.12423389755370215,0.12423389755370215,fitted,platt_logistic_regression,0.4313752502880964,0
CC(C)C(CCCN(C)CCC1=CC(=C(C=C1)OC)OC)(C#N)C2=CC(=C(C=C2)OC)OC,CC1=NN=C2N1C3=C(C=C(C=C3)Cl)C(=NC2)C4=CC=CC=C4,1.0,reported_twosides,1.6437036e-15,0.12423389755370215,0.12423389755370215,fitted,platt_logistic_regression,0.4313752502880964,0
C1CN=C(N1)NC2=C(C=CC=C2Cl)Cl,CN1CCC(=C2C3=C(C(=O)CC4=CC=CC=C42)SC=C3)CC1,0.0,unreported_twosides_sampled,0.9979639,0.7548921980375618,0.7548921980375618,fitted,platt_logistic_regression,0.4313752502880964,1
C1C(C(C(C(C1N)OC2C(C(C(C(O2)CN)O)O)O)O)OC3C(C(C(C(O3)CO)O)N)O)N,C1CC(C1)(C(=O)O)C(=O)O.N.N.[Pt],0.0,unreported_twosides_sampled,4.2483545e-18,0.12423389755370215,0.12423389755370215,fitted,platt_logistic_regression,0.4313752502880964,0
CCC(C)C(=O)OC1CC(C=C2C1C(C(C=C2)C)CCC3CC(CC(=O)O3)O)C,CCOC1=C(C=CC(=C1)CC(=O)NC(CC(C)C)C2=CC=CC=C2N3CCCCC3)C(=O)O,1.0,reported_twosides,1.0,0.9086326001006345,0.9086326001006345,fitted,platt_logistic_regression,0.4313752502880964,1
C1CN=C(N1)NC2=C(C=CC=C2Cl)Cl,CC1=NN=C(S1)SCC2=C(N3C(C(C3=O)NC(=O)CN4C=NN=N4)SC2)C(=O)[O-],1.0,reported_twosides,1.0,0.9086326001006345,0.9086326001006345,fitted,platt_logistic_regression,0.4313752502880964,1
C1CN=C(N1)NC2=C(C=CC=C2Cl)Cl,CCCC1(CC(=O)C(=C(O1)O)C(CC)C2=CC(=CC=C2)NS(=O)(=O)C3=NC=C(C=C3)C(F)(F)F)CCC4=CC=CC=C4,0.0,unreported_twosides_sampled,0.9999957,0.8882512962482673,0.8882512962482673,fitted,platt_logistic_regression,0.4313752502880964,1
CC1=C(C(C(=C(N1)C)C(=O)OCC(C)C)C2=CC=CC=C2[N+](=O)[O-])C(=O)OC,CCC(C)C(=O)OC1CC(C=C2C1C(C(C=C2)C)CCC3CC(CC(=O)O3)O)C,0.0,unreported_twosides_sampled,1.0,0.9086326001006345,0.9086326001006345,fitted,platt_logistic_regression,0.4313752502880964,1
CN1C(=C(NC2=CC=CC=N2)O)C(=O)C3=CC=CC=C3S1(=O)=O,CN1C=NC(=C1SC2=NC=NC3=C2NC=N3)[N+](=O)[O-],0.0,unreported_twosides_sampled,4.2483545e-18,0.12423389755370215,0.12423389755370215,fitted,platt_logistic_regression,0.4313752502880964,0
C1CN=C(N1)NC2=C(C=CC=C2Cl)Cl,CN1C(=C(NC2=CC=CC=N2)O)C(=O)C3=CC=CC=C3S1(=O)=O,1.0,reported_twosides,1.0,0.9086326001006345,0.9086326001006345,fitted,platt_logistic_regression,0.4313752502880964,1
C(CCl)NC(=O)N(CCCl)N=O,CC(C)(C(=O)O)ON=C(C1=CSC(=N1)N)C(=O)NC2C3N(C2=O)C(=C(CS3)C[N+]4=CC=CC=C4)C(=O)[O-],1.0,reported_twosides,4.2483545e-18,0.12423389755370215,0.12423389755370215,fitted,platt_logistic_regression,0.4313752502880964,0
C1CC(C1)(C(=O)O)C(=O)O.N.N.[Pt],CCN(C)C(=O)OC1=CC=CC(=C1)C(C)N(C)C,0.0,unreported_twosides_sampled,0.9981559,0.7577052760443914,0.7577052760443914,fitted,platt_logistic_regression,0.4313752502880964,1
CC(C)(C(=O)O)ON=C(C1=CSC(=N1)N)C(=O)NC2C3N(C2=O)C(=C(CS3)C[N+]4=CC=CC=C4)C(=O)[O-],CC1CC2C3CCC4=CC(=O)C=CC4(C3(C(CC2(C1(C(=O)CO)O)C)O)F)C,1.0,reported_twosides,4.2483545e-18,0.12423389755370215,0.12423389755370215,fitted,platt_logistic_regression,0.4313752502880964,0
CC1CC2C3CCC4=CC(=O)C=CC4(C3(C(CC2(C1(C(=O)CO)O)C)O)F)C,CCCCC(=O)N(CC1=CC=C(C=C1)C2=CC=CC=C2C3=NNN=N3)C(C(C)C)C(=O)O,1.0,reported_twosides,0.007475396,0.3589621351073716,0.3589621351073716,fitted,platt_logistic_regression,0.4313752502880964,0
C1CC(C1)(C(=O)O)C(=O)O.N.N.[Pt],CN1CCC23C=CC(CC2OC4=C(C=CC(=C34)C1)OC)O,0.0,unreported_twosides_sampled,4.2483545e-18,0.12423389755370215,0.12423389755370215,fitted,platt_logistic_regression,0.4313752502880964,0
C(CCl)NC(=O)N(CCCl)N=O,CC12CCC3C(C1CCC2O)C(CC4=C3C=CC(=C4)O)CCCCCCCCCS(=O)CCCC(C(F)(F)F)(F)F,0.0,unreported_twosides_sampled,1.0,0.9086326001006345,0.9086326001006345,fitted,platt_logistic_regression,0.4313752502880964,1
CC(C)(C)NCC(C1=CC(=C(C=C1)O)CO)O,CC12CCC3C(C1CCC2O)C(CC4=C3C=CC(=C4)O)CCCCCCCCCS(=O)CCCC(C(F)(F)F)(F)F,1.0,reported_twosides,1.0,0.9086326001006345,0.9086326001006345,fitted,platt_logistic_regression,0.4313752502880964,1
C1=CC(=CC=C1N)S(=O)(=O)C2=CC=C(C=C2)N,CC(C)(C)NCC(C1=CC(=C(C=C1)O)CO)O,1.0,reported_twosides,9.273497e-06,0.16653760111945604,0.16653760111945604,fitted,platt_logistic_regression,0.4313752502880964,0
C1C(N(C2=C(N1)NC(=NC2=O)N)C=O)CNC3=CC=C(C=C3)C(=O)NC(CCC(=O)O)C(=O)O,CN1CCC23C=CC(CC2OC4=C(C=CC(=C34)C1)OC)O,0.0,unreported_twosides_sampled,4.2483545e-18,0.12423389755370215,0.12423389755370215,fitted,platt_logistic_regression,0.4313752502880964,0
C1CN=C(N1)NC2=C(C=CC=C2Cl)Cl,CC1=NN=C2N1C3=C(C=C(C=C3)Cl)C(=NC2)C4=CC=CC=C4,1.0,reported_twosides,1.0477213e-07,0.12423389755370215,0.12423389755370215,fitted,platt_logistic_regression,0.4313752502880964,0
C1=CC(=C2NC(=C3C=CC=CC3=O)N(N2)C4=CC=C(C=C4)C(=O)O)C(=O)C=C1,CC(C)C(C(=O)OCC(CO)OCN1C=NC2=C1NC(=NC2=O)N)N,0.0,unreported_twosides_sampled,1.0,0.9086326001006345,0.9086326001006345,fitted,platt_logistic_regression,0.4313752502880964,1
C1CC(C1)(C(=O)O)C(=O)O.N.N.[Pt],CCC(C)C(=O)OC1CC(C=C2C1C(C(C=C2)C)CCC3CC(CC(=O)O3)O)C,1.0,reported_twosides,0.9999964,0.8910047477348859,0.8910047477348859,fitted,platt_logistic_regression,0.4313752502880964,1
CCCC1(CC(=O)C(=C(O1)O)C(CC)C2=CC(=CC=C2)NS(=O)(=O)C3=NC=C(C=C3)C(F)(F)F)CCC4=CC=CC=C4,CCCCC(=O)N(CC1=CC=C(C=C1)C2=CC=CC=C2C3=NNN=N3)C(C(C)C)C(=O)O,0.0,unreported_twosides_sampled,0.9999995,0.9086326001006345,0.9086326001006345,fitted,platt_logistic_regression,0.4313752502880964,1
C(CCl)NC(=O)N(CCCl)N=O,C1CC(C1)CN2CCC34C5C(CCC3(C2CC6=C4C(=C(C=C6)O)O5)O)O,0.0,unreported_twosides_sampled,4.2483545e-18,0.12423389755370215,0.12423389755370215,fitted,platt_logistic_regression,0.4313752502880964,0
CC1CN(CCN1)C2=C(C=C3C(=C2OC)N(C=C(C3=O)C(=O)O)C4CC4)F,CN1C(=C(NC2=CC=CC=N2)O)C(=O)C3=CC=CC=C3S1(=O)=O,0.0,unreported_twosides_sampled,1.0,0.9086326001006345,0.9086326001006345,fitted,platt_logistic_regression,0.4313752502880964,1
C1CC(C1)(C(=O)O)C(=O)O.N.N.[Pt],CCCCC(=O)N(CC1=CC=C(C=C1)C2=CC=CC=C2C3=NNN=N3)C(C(C)C)C(=O)O,1.0,reported_twosides,4.2483545e-18,0.12423389755370215,0.12423389755370215,fitted,platt_logistic_regression,0.4313752502880964,0
C1C(N(C2=C(N1)NC(=NC2=O)N)C=O)CNC3=CC=C(C=C3)C(=O)NC(CCC(=O)O)C(=O)O,CC(C)C(CCCN(C)CCC1=CC(=C(C=C1)OC)OC)(C#N)C2=CC(=C(C=C2)OC)OC,1.0,reported_twosides,3.5177834e-16,0.12423389755370215,0.12423389755370215,fitted,platt_logistic_regression,0.4313752502880964,0
C(CCl)NC(=O)N(CCCl)N=O,CC1=C(SC=C1)C(=CCCN2CCCC(C2)C(=O)O)C3=C(C=CS3)C,0.0,unreported_twosides_sampled,2.0486779e-13,0.12423389755370215,0.12423389755370215,fitted,platt_logistic_regression,0.4313752502880964,0
CC1=NN=C(S1)SCC2=C(N3C(C(C3=O)NC(=O)CN4C=NN=N4)SC2)C(=O)[O-],CN1C(=C(NC2=CC=CC=N2)O)C(=O)C3=CC=CC=C3S1(=O)=O,0.0,unreported_twosides_sampled,1.0,0.9086326001006345,0.9086326001006345,fitted,platt_logistic_regression,0.4313752502880964,1
CC(C)C(C(=O)OCC(CO)OCN1C=NC2=C1NC(=NC2=O)N)N,CC(C=CC(C)C(C)(C)O)C1CCC2C1(CCCC2=CC=C3CC(CC(C3)O)O)C,0.0,unreported_twosides_sampled,4.0148084e-08,0.12423389755370215,0.12423389755370215,fitted,platt_logistic_regression,0.4313752502880964,0
CC1=NN=C(S1)SCC2=C(N3C(C(C3=O)NC(=O)CN4C=NN=N4)SC2)C(=O)[O-],CN(C)CCC1=CNC2=C1C=C(C=C2)CC3COC(=O)N3,0.0,unreported_twosides_sampled,1.0,0.9086326001006345,0.9086326001006345,fitted,platt_logistic_regression,0.4313752502880964,1
CN(C)CCC1=CNC2=C1C=C(C=C2)CC3COC(=O)N3,CNC(=C[N+](=O)[O-])NCCSCC1=CC=C(O1)CN(C)C,1.0,reported_twosides,1.0,0.9086326001006345,0.9086326001006345,fitted,platt_logistic_regression,0.4313752502880964,1
CC1=C(C(C(=C(N1)C)C(=O)OCC(C)C)C2=CC=CC=C2[N+](=O)[O-])C(=O)OC,CN1CCC(=C2C3=C(C(=O)CC4=CC=CC=C42)SC=C3)CC1,0.0,unreported_twosides_sampled,0.99976116,0.8107322001309578,0.8107322001309578,fitted,platt_logistic_regression,0.4313752502880964,1
C1CC(OC1CO)N2C=NC3=C2NC=NC3=O,CN1C=NC(=C1SC2=NC=NC3=C2NC=N3)[N+](=O)[O-],0.0,unreported_twosides_sampled,4.2483545e-18,0.12423389755370215,0.12423389755370215,fitted,platt_logistic_regression,0.4313752502880964,0
CC1CC2C3CCC4=CC(=O)C=CC4(C3(C(CC2(C1(C(=O)CO)O)C)O)F)C,CCOC1=C(C=CC(=C1)CC(=O)NC(CC(C)C)C2=CC=CC=C2N3CCCCC3)C(=O)O,1.0,reported_twosides,0.9999976,0.8969153558258505,0.8969153558258505,fitted,platt_logistic_regression,0.4313752502880964,1
CC(C)(C)NCC(C1=CC(=C(C=C1)O)CO)O,CN(C)CCC1=CNC2=C1C=C(C=C2)CC3COC(=O)N3,1.0,reported_twosides,0.99997866,0.8613209951752219,0.8613209951752219,fitted,platt_logistic_regression,0.4313752502880964,1
C1CC(OC1CO)N2C=NC3=C2NC=NC3=O,CC(C)C(CCCN(C)CCC1=CC(=C(C=C1)OC)OC)(C#N)C2=CC(=C(C=C2)OC)OC,1.0,reported_twosides,3.2049965e-07,0.12423389755370215,0.12423389755370215,fitted,platt_logistic_regression,0.4313752502880964,0
CC12CCC3C(C1CCC2(C#C)O)CCC4=CC(=O)CCC34,CN1CC(=O)N2C(C1=O)CC3=C(C2C4=CC5=C(C=C4)OCO5)NC6=CC=CC=C36,0.0,unreported_twosides_sampled,0.0022131559,0.31693254040551894,0.31693254040551894,fitted,platt_logistic_regression,0.4313752502880964,0
C1=CC(=CC=C1N)S(=O)(=O)C2=CC=C(C=C2)N,C1CC(C1)(C(=O)O)C(=O)O.N.N.[Pt],0.0,unreported_twosides_sampled,4.2483545e-18,0.12423389755370215,0.12423389755370215,fitted,platt_logistic_regression,0.4313752502880964,0
CC12CCC3C(C1CCC2O)C(CC4=C3C=CC(=C4)O)CCCCCCCCCS(=O)CCCC(C(F)(F)F)(F)F,CC1=NN=C2N1C3=C(C=C(C=C3)Cl)C(=NC2)C4=CC=CC=C4,0.0,unreported_twosides_sampled,5.8411235e-05,0.2096076244644329,0.2096076244644329,fitted,platt_logistic_regression,0.4313752502880964,0
C1C(N(C2=C(N1)NC(=NC2=O)N)C=O)CNC3=CC=C(C=C3)C(=O)NC(CCC(=O)O)C(=O)O,CC1=C(C(=O)C2=CC=CC=C2C1=O)CC=C(C)CCCC(C)CCCC(C)CCCC(C)C,1.0,reported_twosides,1.0,0.9086326001006345,0.9086326001006345,fitted,platt_logistic_regression,0.4313752502880964,1
C1CN=C(N1)NC2=C(C=CC=C2Cl)Cl,CN1CC(=O)N2C(C1=O)CC3=C(C2C4=CC5=C(C=C4)OCO5)NC6=CC=CC=C36,1.0,reported_twosides,1.0,0.9086326001006345,0.9086326001006345,fitted,platt_logistic_regression,0.4313752502880964,1
CC1CC2C3CCC4=CC(=O)C=CC4(C3(C(CC2(C1(C(=O)CO)O)C)O)F)C,CCC(C)C(=O)OC1CC(C=C2C1C(C(C=C2)C)CCC3CC(CC(=O)O3)O)C,1.0,reported_twosides,1.0,0.9086326001006345,0.9086326001006345,fitted,platt_logistic_regression,0.4313752502880964,1
C1C(N(C2=C(N1)NC(=NC2=O)N)C=O)CNC3=CC=C(C=C3)C(=O)NC(CCC(=O)O)C(=O)O,CCN(C)C(=O)OC1=CC=CC(=C1)C(C)N(C)C,0.0,unreported_twosides_sampled,1.0,0.9086326001006345,0.9086326001006345,fitted,platt_logistic_regression,0.4313752502880964,1
C1=CC(=CC=C1N)S(=O)(=O)C2=CC=C(C=C2)N,C[N+](C)(C)CC(CC(=O)O)O,0.0,unreported_twosides_sampled,0.0026862065,0.32343360747053207,0.32343360747053207,fitted,platt_logistic_regression,0.4313752502880964,0
C1CC(OC1CO)N2C=NC3=C2NC=NC3=O,CCOC1=C(C=CC(=C1)CC(=O)NC(CC(C)C)C2=CC=CC=C2N3CCCCC3)C(=O)O,1.0,reported_twosides,0.99999785,0.898404102456849,0.898404102456849,fitted,platt_logistic_regression,0.4313752502880964,1
CN1CCC23C=CC(CC2OC4=C(C=CC(=C34)C1)OC)O,CNC(=C[N+](=O)[O-])NCCSCC1=CC=C(O1)CN(C)C,1.0,reported_twosides,6.6770815e-05,0.21303667509853724,0.21303667509853724,fitted,platt_logistic_regression,0.4313752502880964,0
CC(C)(C)NCC(C1=CC(=C(C=C1)O)CO)O,CCC(C)C(=O)OC1CC(C=C2C1C(C(C=C2)C)CCC3CC(CC(=O)O3)O)C,1.0,reported_twosides,1.0,0.9086326001006345,0.9086326001006345,fitted,platt_logistic_regression,0.4313752502880964,1
CC(=O)OCC(=O)C12C(CC3C1(CC(C4(C3CC(C5=CC(=O)C=CC54C)F)F)O)C)OC(O2)(C)C,CC1C2C(C(=O)N2C(=C1SC3CC(NC3)C(=O)NC4=CC=CC(=C4)C(=O)O)C(=O)O)C(C)O,0.0,unreported_twosides_sampled,4.2483545e-18,0.12423389755370215,0.12423389755370215,fitted,platt_logistic_regression,0.4313752502880964,0
C1=CC(=CC=C1N)S(=O)(=O)C2=CC=C(C=C2)N,C1C(OC(S1)CO)N2C=C(C(=NC2=O)N)F,1.0,reported_twosides,4.2483545e-18,0.12423389755370215,0.12423389755370215,fitted,platt_logistic_regression,0.4313752502880964,0
C(CCl)NC(=O)N(CCCl)N=O,CC1CC2C3CCC4=CC(=O)C=CC4(C3(C(CC2(C1(C(=O)CO)O)C)O)F)C,1.0,reported_twosides,3.4889555e-13,0.12423389755370215,0.12423389755370215,fitted,platt_logistic_regression,0.4313752502880964,0
CC1=C(C(C(=C(N1)C)C(=O)OCC(C)C)C2=CC=CC=C2[N+](=O)[O-])C(=O)OC,CN1C(=C(NC2=CC=CC=N2)O)C(=O)C3=CC=CC=C3S1(=O)=O,0.0,unreported_twosides_sampled,1.0,0.9086326001006345,0.9086326001006345,fitted,platt_logistic_regression,0.4313752502880964,1
CC(C)(C)NCC(C1=CC(=C(C=C1)O)CO)O,CC1=C(C(C(=C(N1)C)C(=O)OCC(C)C)C2=CC=CC=C2[N+](=O)[O-])C(=O)OC,1.0,reported_twosides,1.0,0.9086326001006345,0.9086326001006345,fitted,platt_logistic_regression,0.4313752502880964,1
CC(=O)OCC(=O)C12C(CC3C1(CC(C4(C3CC(C5=CC(=O)C=CC54C)F)F)O)C)OC(O2)(C)C,CC(C)(C)NCC(C1=CC(=C(C=C1)O)CO)O,1.0,reported_twosides,3.7750676e-16,0.12423389755370215,0.12423389755370215,fitted,platt_logistic_regression,0.4313752502880964,0
CC1=NN=C2N1C3=C(C=C(C=C3)Cl)C(=NC2)C4=CC=CC=C4,CN1CC(=O)N2C(C1=O)CC3=C(C2C4=CC5=C(C=C4)OCO5)NC6=CC=CC=C36,1.0,reported_twosides,3.7208083e-17,0.12423389755370215,0.12423389755370215,fitted,platt_logistic_regression,0.4313752502880964,0
C(CCl)NC(=O)N(CCCl)N=O,CCC(C)C(=O)OC1CC(C=C2C1C(C(C=C2)C)CCC3CC(CC(=O)O3)O)C,0.0,unreported_twosides_sampled,1.0,0.9086326001006345,0.9086326001006345,fitted,platt_logistic_regression,0.4313752502880964,1
CNC(=C[N+](=O)[O-])NCCSCC1=CC=C(O1)CN(C)C,C[N+](C)(C)CC(CC(=O)O)O,1.0,reported_twosides,0.8049625,0.5963077810538002,0.5963077810538002,fitted,platt_logistic_regression,0.4313752502880964,1
CC12CCC3C(C1CCC2O)C(CC4=C3C=CC(=C4)O)CCCCCCCCCS(=O)CCCC(C(F)(F)F)(F)F,CN1C=NC(=C1SC2=NC=NC3=C2NC=N3)[N+](=O)[O-],0.0,unreported_twosides_sampled,4.0606548e-15,0.12423389755370215,0.12423389755370215,fitted,platt_logistic_regression,0.4313752502880964,0
C1=CC(=CC=C1N)S(=O)(=O)C2=CC=C(C=C2)N,CC1=NN=C2N1C3=C(C=C(C=C3)Cl)C(=NC2)C4=CC=CC=C4,0.0,unreported_twosides_sampled,4.2483545e-18,0.12423389755370215,0.12423389755370215,fitted,platt_logistic_regression,0.4313752502880964,0
C1CC(C1)(C(=O)O)C(=O)O.N.N.[Pt],CC1C2C(C(=O)N2C(=C1SC3CC(NC3)C(=O)NC4=CC=CC(=C4)C(=O)O)C(=O)O)C(C)O,1.0,reported_twosides,4.2483545e-18,0.12423389755370215,0.12423389755370215,fitted,platt_logistic_regression,0.4313752502880964,0
C1C(N(C2=C(N1)NC(=NC2=O)N)C=O)CNC3=CC=C(C=C3)C(=O)NC(CCC(=O)O)C(=O)O,CN1C=NC(=C1SC2=NC=NC3=C2NC=N3)[N+](=O)[O-],0.0,unreported_twosides_sampled,4.2483545e-18,0.12423389755370215,0.12423389755370215,fitted,platt_logistic_regression,0.4313752502880964,0
C1=CC(=CC=C1N)S(=O)(=O)C2=CC=C(C=C2)N,CC1=NN=C(S1)SCC2=C(N3C(C(C3=O)NC(=O)CN4C=NN=N4)SC2)C(=O)[O-],1.0,reported_twosides,0.981604,0.6864938997358395,0.6864938997358395,fitted,platt_logistic_regression,0.4313752502880964,1
CC12CCC3C(C1CCC2(C)O)CCC4C3(COC(=O)C4)C,CCOC1=C(C=CC(=C1)CC(=O)NC(CC(C)C)C2=CC=CC=C2N3CCCCC3)C(=O)O,0.0,unreported_twosides_sampled,1.0,0.9086326001006345,0.9086326001006345,fitted,platt_logistic_regression,0.4313752502880964,1
CC1CC2C3CCC4=CC(=O)C=CC4(C3(C(CC2(C1(C(=O)CO)O)C)O)F)C,CCOC(=O)C(CCC1=CC=CC=C1)NC(C)C(=O)N2C3CCCCC3CC2C(=O)O,1.0,reported_twosides,1.0,0.9086326001006345,0.9086326001006345,fitted,platt_logistic_regression,0.4313752502880964,1
CC12CCC3C(C1CCC2(C#C)O)CCC4=CC(=O)CCC34,CN1C(=C(NC2=CC=CC=N2)O)C(=O)C3=CC=CC=C3S1(=O)=O,0.0,unreported_twosides_sampled,0.9999999,0.9086326001006345,0.9086326001006345,fitted,platt_logistic_regression,0.4313752502880964,1
C1CC(OC1CO)N2C=NC3=C2NC=NC3=O,CC1=NN=C2N1C3=C(C=C(C=C3)Cl)C(=NC2)C4=CC=CC=C4,1.0,reported_twosides,4.2483545e-18,0.12423389755370215,0.12423389755370215,fitted,platt_logistic_regression,0.4313752502880964,0
CC1=C(SC=C1)C(=CCCN2CCCC(C2)C(=O)O)C3=C(C=CS3)C,COC1=C(C=C(C=C1)C2=CC3=C(C=C2)C=C(C=C3)C(=O)O)C45CC6CC(C4)CC(C6)C5,0.0,unreported_twosides_sampled,1.9167958e-09,0.12423389755370215,0.12423389755370215,fitted,platt_logistic_regression,0.4313752502880964,0
CC1(C(N2C(S1)C(C2=O)NC(=O)C(C3=CC=CC=C3)N)C(=O)[O-])C,CCOC1=C(C=CC(=C1)CC(=O)NC(CC(C)C)C2=CC=CC=C2N3CCCCC3)C(=O)O,0.0,unreported_twosides_sampled,0.99996316,0.850982569737955,0.850982569737955,fitted,platt_logistic_regression,0.4313752502880964,1
C1CC(C1)(C(=O)O)C(=O)O.N.N.[Pt],CC12CCC3C(C1CCC2C(=O)NC4=C(C=CC(=C4)C(F)(F)F)C(F)(F)F)CCC5C3(C=CC(=O)N5)C,1.0,reported_twosides,4.2483545e-18,0.12423389755370215,0.12423389755370215,fitted,platt_logistic_regression,0.4313752502880964,0
C1C(OC(S1)CO)N2C=C(C(=NC2=O)N)F,C1CC(C1)(C(=O)O)C(=O)O.N.N.[Pt],0.0,unreported_twosides_sampled,4.2483545e-18,0.12423389755370215,0.12423389755370215,fitted,platt_logistic_regression,0.4313752502880964,0
CC(C)(C(=O)O)ON=C(C1=CSC(=N1)N)C(=O)NC2C3N(C2=O)C(=C(CS3)C[N+]4=CC=CC=C4)C(=O)[O-],CN1CCC23C=CC(CC2OC4=C(C=CC(=C34)C1)OC)O,0.0,unreported_twosides_sampled,4.2483545e-18,0.12423389755370215,0.12423389755370215,fitted,platt_logistic_regression,0.4313752502880964,0
C1=CC(=CC=C1N)S(=O)(=O)C2=CC=C(C=C2)N,CC1=C(C(=O)C2=CC=CC=C2C1=O)CC=C(C)CCCC(C)CCCC(C)CCCC(C)C,0.0,unreported_twosides_sampled,1.0,0.9086326001006345,0.9086326001006345,fitted,platt_logistic_regression,0.4313752502880964,1
CC12CCC3C(C1CCC2(C)O)CCC4C3(COC(=O)C4)C,CC1=C(C(=O)C2=CC=CC=C2C1=O)CC=C(C)CCCC(C)CCCC(C)CCCC(C)C,0.0,unreported_twosides_sampled,1.0,0.9086326001006345,0.9086326001006345,fitted,platt_logistic_regression,0.4313752502880964,1
CC1(C(N2C(S1)C(C2=O)NC(=O)C(C3=CC=CC=C3)N)C(=O)[O-])C,CCCN1CC(CC2C1CC3=CNC4=CC=CC2=C34)CSC,0.0,unreported_twosides_sampled,4.2483545e-18,0.12423389755370215,0.12423389755370215,fitted,platt_logistic_regression,0.4313752502880964,0
C1CC(OC1CO)N2C=NC3=C2NC=NC3=O,CCC(C)C(=O)OC1CC(C=C2C1C(C(C=C2)C)CCC3CC(CC(=O)O3)O)C,0.0,unreported_twosides_sampled,1.0,0.9086326001006345,0.9086326001006345,fitted,platt_logistic_regression,0.4313752502880964,1
CC(C)(C(=O)O)ON=C(C1=CSC(=N1)N)C(=O)NC2C3N(C2=O)C(=C(CS3)C[N+]4=CC=CC=C4)C(=O)[O-],CC1=NN=C2N1C3=C(C=C(C=C3)Cl)C(=NC2)C4=CC=CC=C4,0.0,unreported_twosides_sampled,4.2483545e-18,0.12423389755370215,0.12423389755370215,fitted,platt_logistic_regression,0.4313752502880964,0
CC1=C(SC=C1)C(=CCCN2CCCC(C2)C(=O)O)C3=C(C=CS3)C,CN1C=NC(=C1SC2=NC=NC3=C2NC=N3)[N+](=O)[O-],0.0,unreported_twosides_sampled,4.2483545e-18,0.12423389755370215,0.12423389755370215,fitted,platt_logistic_regression,0.4313752502880964,0
C1=CC(=C2NC(=C3C=CC=CC3=O)N(N2)C4=CC=C(C=C4)C(=O)O)C(=O)C=C1,C1CC(C1)(C(=O)O)C(=O)O.N.N.[Pt],0.0,unreported_twosides_sampled,1.0,0.9086326001006345,0.9086326001006345,fitted,platt_logistic_regression,0.4313752502880964,1
CC1=NN=C2N1C3=C(C=C(C=C3)Cl)C(=NC2)C4=CC=CC=C4,CCCCC(=O)N(CC1=CC=C(C=C1)C2=CC=CC=C2C3=NNN=N3)C(C(C)C)C(=O)O,1.0,reported_twosides,1.3583343e-15,0.12423389755370215,0.12423389755370215,fitted,platt_logistic_regression,0.4313752502880964,0
C1C(N(C2=C(N1)NC(=NC2=O)N)C=O)CNC3=CC=C(C=C3)C(=O)NC(CCC(=O)O)C(=O)O,CCOC(=O)N1CCC(=C2C3=C(CCC4=C2N=CC=C4)C=C(C=C3)Cl)CC1,1.0,reported_twosides,4.2483545e-18,0.12423389755370215,0.12423389755370215,fitted,platt_logistic_regression,0.4313752502880964,0
C1=CC(=CC=C1N)S(=O)(=O)C2=CC=C(C=C2)N,CCCC1(CC(=O)C(=C(O1)O)C(CC)C2=CC(=CC=C2)NS(=O)(=O)C3=NC=C(C=C3)C(F)(F)F)CCC4=CC=CC=C4,1.0,reported_twosides,0.00017402685,0.2387840484148115,0.2387840484148115,fitted,platt_logistic_regression,0.4313752502880964,0
CCC(C)C(=O)OC1CC(C=C2C1C(C(C=C2)C)CCC3CC(CC(=O)O3)O)C,CN1CC(=O)N2C(C1=O)CC3=C(C2C4=CC5=C(C=C4)OCO5)NC6=CC=CC=C36,1.0,reported_twosides,1.0,0.9086326001006345,0.9086326001006345,fitted,platt_logistic_regression,0.4313752502880964,1
CC12CCC3C(C1CCC2C(=O)NC4=C(C=CC(=C4)C(F)(F)F)C(F)(F)F)CCC5C3(C=CC(=O)N5)C,CN1CC(=O)N2C(C1=O)CC3=C(C2C4=CC5=C(C=C4)OCO5)NC6=CC=CC=C36,1.0,reported_twosides,6.4479113e-06,0.1589229355427573,0.1589229355427573,fitted,platt_logistic_regression,0.4313752502880964,0
CC1=NN=C2N1C3=C(C=C(C=C3)Cl)C(=NC2)C4=CC=CC=C4,CC1C2C(C(=O)N2C(=C1SC3CC(NC3)C(=O)NC4=CC=CC(=C4)C(=O)O)C(=O)O)C(C)O,0.0,unreported_twosides_sampled,4.2483545e-18,0.12423389755370215,0.12423389755370215,fitted,platt_logistic_regression,0.4313752502880964,0
C1C(N(C2=C(N1)NC(=NC2=O)N)C=O)CNC3=CC=C(C=C3)C(=O)NC(CCC(=O)O)C(=O)O,CC12CCC3C(C1CCC2(C)O)CCC4C3(COC(=O)C4)C,0.0,unreported_twosides_sampled,2.5137766e-17,0.12423389755370215,0.12423389755370215,fitted,platt_logistic_regression,0.4313752502880964,0
CC1=NN=C2N1C3=C(C=C(C=C3)Cl)C(=NC2)C4=CC=CC=C4,CN(C)CCC1=CNC2=C1C=C(C=C2)CC3COC(=O)N3,1.0,reported_twosides,1.40973145e-11,0.12423389755370215,0.12423389755370215,fitted,platt_logistic_regression,0.4313752502880964,0
CC(C)(C)NCC(C1=CC(=C(C=C1)O)CO)O,CC1CN(CCN1)C2=C(C=C3C(=C2OC)N(C=C(C3=O)C(=O)O)C4CC4)F,1.0,reported_twosides,1.0,0.9086326001006345,0.9086326001006345,fitted,platt_logistic_regression,0.4313752502880964,1
C1CC(C1)CN2CCC34C5C(CCC3(C2CC6=C4C(=C(C=C6)O)O5)O)O,CC1CN(CCN1)C2=C(C=C3C(=C2OC)N(C=C(C3=O)C(=O)O)C4CC4)F,1.0,reported_twosides,0.9998134,0.8164872046966647,0.8164872046966647,fitted,platt_logistic_regression,0.4313752502880964,1
CC(C=CC(C)C(C)(C)O)C1CCC2C1(CCCC2=CC=C3CC(CC(C3)O)O)C,CC1CN(CCN1)C2=C(C=C3C(=C2OC)N(C=C(C3=O)C(=O)O)C4CC4)F,0.0,unreported_twosides_sampled,1.0,0.9086326001006345,0.9086326001006345,fitted,platt_logistic_regression,0.4313752502880964,1
C(CCl)NC(=O)N(CCCl)N=O,CC(C)C(C(=O)OCC(CO)OCN1C=NC2=C1NC(=NC2=O)N)N,0.0,unreported_twosides_sampled,4.2483545e-18,0.12423389755370215,0.12423389755370215,fitted,platt_logistic_regression,0.4313752502880964,0
CC(C)C(C(=O)OCC(CO)OCN1C=NC2=C1NC(=NC2=O)N)N,COC1=C(C=C(C=C1)C2=CC3=C(C=C2)C=C(C=C3)C(=O)O)C45CC6CC(C4)CC(C6)C5,0.0,unreported_twosides_sampled,1.2648053e-12,0.12423389755370215,0.12423389755370215,fitted,platt_logistic_regression,0.4313752502880964,0
C1=CC(=CC=C1N)S(=O)(=O)C2=CC=C(C=C2)N,C1C(N(C2=C(N1)NC(=NC2=O)N)C=O)CNC3=CC=C(C=C3)C(=O)NC(CCC(=O)O)C(=O)O,1.0,reported_twosides,1.0375689e-15,0.12423389755370215,0.12423389755370215,fitted,platt_logistic_regression,0.4313752502880964,0
CN1CCC(=C2C3=C(C(=O)CC4=CC=CC=C42)SC=C3)CC1,COC1=C(C=C(C=C1)C2=CC3=C(C=C2)C=C(C=C3)C(=O)O)C45CC6CC(C4)CC(C6)C5,0.0,unreported_twosides_sampled,8.567308e-14,0.12423389755370215,0.12423389755370215,fitted,platt_logistic_regression,0.4313752502880964,0
C1=CC(=C2NC(=C3C=CC=CC3=O)N(N2)C4=CC=C(C=C4)C(=O)O)C(=O)C=C1,CC1=C(C(=O)C2=CC=CC=C2C1=O)CC=C(C)CCCC(C)CCCC(C)CCCC(C)C,0.0,unreported_twosides_sampled,1.0,0.9086326001006345,0.9086326001006345,fitted,platt_logistic_regression,0.4313752502880964,1
C1CN=C(N1)NC2=C(C=CC=C2Cl)Cl,CC(C)(C(=O)O)ON=C(C1=CSC(=N1)N)C(=O)NC2C3N(C2=O)C(=C(CS3)C[N+]4=CC=CC=C4)C(=O)[O-],1.0,reported_twosides,4.2483545e-18,0.12423389755370215,0.12423389755370215,fitted,platt_logistic_regression,0.4313752502880964,0
CNC(=C[N+](=O)[O-])NCCSCC1=CC=C(O1)CN(C)C,COC1=C(C=C(C=C1)C2=CC3=C(C=C2)C=C(C=C3)C(=O)O)C45CC6CC(C4)CC(C6)C5,1.0,reported_twosides,2.3106672e-06,0.138941487971887,0.138941487971887,fitted,platt_logistic_regression,0.4313752502880964,0
CC(C=CC(C)C(C)(C)O)C1CCC2C1(CCCC2=CC=C3CC(CC(C3)O)O)C,CCC(C)C(=O)OC1CC(C=C2C1C(C(C=C2)C)CCC3CC(CC(=O)O3)O)C,1.0,reported_twosides,1.0,0.9086326001006345,0.9086326001006345,fitted,platt_logistic_regression,0.4313752502880964,1
CC(C)C(C(=O)OCC(CO)OCN1C=NC2=C1NC(=NC2=O)N)N,CC1CN(CCN1)C2=C(C=C3C(=C2OC)N(C=C(C3=O)C(=O)O)C4CC4)F,0.0,unreported_twosides_sampled,1.0,0.9086326001006345,0.9086326001006345,fitted,platt_logistic_regression,0.4313752502880964,1
CC1CC2C3CCC4=CC(=O)C=CC4(C3(C(CC2(C1(C(=O)CO)O)C)O)F)C,CN(C)CCC1=CNC2=C1C=C(C=C2)CC3COC(=O)N3,0.0,unreported_twosides_sampled,0.00259289,0.32224157375607,0.32224157375607,fitted,platt_logistic_regression,0.4313752502880964,0
C(CCl)NC(=O)N(CCCl)N=O,CCOC1=C(C=CC(=C1)CC(=O)NC(CC(C)C)C2=CC=CC=C2N3CCCCC3)C(=O)O,0.0,unreported_twosides_sampled,0.9999981,0.9000457763319342,0.9000457763319342,fitted,platt_logistic_regression,0.4313752502880964,1
C(CCl)NC(=O)N(CCCl)N=O,CC12CCC3C(C1CCC2C(=O)NC4=C(C=CC(=C4)C(F)(F)F)C(F)(F)F)CCC5C3(C=CC(=O)N5)C,0.0,unreported_twosides_sampled,2.9828293e-08,0.12423389755370215,0.12423389755370215,fitted,platt_logistic_regression,0.4313752502880964,0
C1=CC(=C2NC(=C3C=CC=CC3=O)N(N2)C4=CC=C(C=C4)C(=O)O)C(=O)C=C1,CN1CC(=O)N2C(C1=O)CC3=C(C2C4=CC5=C(C=C4)OCO5)NC6=CC=CC=C36,0.0,unreported_twosides_sampled,1.0,0.9086326001006345,0.9086326001006345,fitted,platt_logistic_regression,0.4313752502880964,1
CCOC(=O)N1CCC(=C2C3=C(CCC4=C2N=CC=C4)C=C(C=C3)Cl)CC1,CNC(=C[N+](=O)[O-])NCCSCC1=CC=C(O1)CN(C)C,1.0,reported_twosides,1.2060251e-12,0.12423389755370215,0.12423389755370215,fitted,platt_logistic_regression,0.4313752502880964,0
CC(C)C(C(=O)OCC(CO)OCN1C=NC2=C1NC(=NC2=O)N)N,CCC(C)C(=O)OC1CC(C=C2C1C(C(C=C2)C)CCC3CC(CC(=O)O3)O)C,1.0,reported_twosides,1.0,0.9086326001006345,0.9086326001006345,fitted,platt_logistic_regression,0.4313752502880964,1
C1=CC(=C2NC(=C3C=CC=CC3=O)N(N2)C4=CC=C(C=C4)C(=O)O)C(=O)C=C1,CC(C)C(CCCN(C)CCC1=CC(=C(C=C1)OC)OC)(C#N)C2=CC(=C(C=C2)OC)OC,0.0,unreported_twosides_sampled,1.0,0.9086326001006345,0.9086326001006345,fitted,platt_logistic_regression,0.4313752502880964,1
C(CCl)NC(=O)N(CCCl)N=O,CC(C)(C)NCC(C1=CC(=C(C=C1)O)CO)O,1.0,reported_twosides,1.9091527e-08,0.12423389755370215,0.12423389755370215,fitted,platt_logistic_regression,0.4313752502880964,0
C1CC(OC1CO)N2C=NC3=C2NC=NC3=O,CC(C)(C)NCC(C1=CC(=C(C=C1)O)CO)O,1.0,reported_twosides,1.9468853e-08,0.12423389755370215,0.12423389755370215,fitted,platt_logistic_regression,0.4313752502880964,0
CC(C)(C)NCC(C1=CC(=C(C=C1)O)CO)O,CC1CC2C3CCC4=CC(=O)C=CC4(C3(C(CC2(C1(C(=O)CO)O)C)O)F)C,1.0,reported_twosides,1.9722973e-08,0.12423389755370215,0.12423389755370215,fitted,platt_logistic_regression,0.4313752502880964,0
CC1=C(C(=O)C2=CC=CC=C2C1=O)CC=C(C)CCCC(C)CCCC(C)CCCC(C)C,CC1CC2C3CCC4=CC(=O)C=CC4(C3(C(CC2(C1(C(=O)CO)O)C)O)F)C,1.0,reported_twosides,1.0,0.9086326001006345,0.9086326001006345,fitted,platt_logistic_regression,0.4313752502880964,1
CC(C=CC(C)C(C)(C)O)C1CCC2C1(CCCC2=CC=C3CC(CC(C3)O)O)C,CNC(=C[N+](=O)[O-])NCCSCC1=CC=C(O1)CN(C)C,1.0,reported_twosides,0.00059932016,0.2750618967276268,0.2750618967276268,fitted,platt_logistic_regression,0.4313752502880964,0
C1CC(C1)(C(=O)O)C(=O)O.N.N.[Pt],CC1=NN=C(S1)SCC2=C(N3C(C(C3=O)NC(=O)CN4C=NN=N4)SC2)C(=O)[O-],0.0,unreported_twosides_sampled,3.1516264e-15,0.12423389755370215,0.12423389755370215,fitted,platt_logistic_regression,0.4313752502880964,0
CC12CCC3C(C1CCC2(C#C)O)CCC4=CC(=O)CCC34,CC1CC2C3CCC4=CC(=O)C=CC4(C3(C(CC2(C1(C(=O)CO)O)C)O)F)C,0.0,unreported_twosides_sampled,0.00011377837,0.22710507132359187,0.22710507132359187,fitted,platt_logistic_regression,0.4313752502880964,0
CC1=C(C(C(=C(N1)C)C(=O)OCC(C)C)C2=CC=CC=C2[N+](=O)[O-])C(=O)OC,CN(C)NN=C1C(=NC=N1)C(=O)N,0.0,unreported_twosides_sampled,4.2483545e-18,0.12423389755370215,0.12423389755370215,fitted,platt_logistic_regression,0.4313752502880964,0
C1=CC(=C2NC(=C3C=CC=CC3=O)N(N2)C4=CC=C(C=C4)C(=O)O)C(=O)C=C1,CN1C=NC(=C1SC2=NC=NC3=C2NC=N3)[N+](=O)[O-],0.0,unreported_twosides_sampled,1.0,0.9086326001006345,0.9086326001006345,fitted,platt_logistic_regression,0.4313752502880964,1
C1C(N(C2=C(N1)NC(=NC2=O)N)C=O)CNC3=CC=C(C=C3)C(=O)NC(CCC(=O)O)C(=O)O,C[N+](C)(C)CC(CC(=O)O)O,0.0,unreported_twosides_sampled,5.0085356e-18,0.12423389755370215,0.12423389755370215,fitted,platt_logistic_regression,0.4313752502880964,0
C1CC(C1)(C(=O)O)C(=O)O.N.N.[Pt],CNC(=C[N+](=O)[O-])NCCSCC1=CC=C(O1)CN(C)C,1.0,reported_twosides,4.2483545e-18,0.12423389755370215,0.12423389755370215,fitted,platt_logistic_regression,0.4313752502880964,0
C1C(OC(S1)CO)N2C=C(C(=NC2=O)N)F,CCCC1(CC(=O)C(=C(O1)O)C(CC)C2=CC(=CC=C2)NS(=O)(=O)C3=NC=C(C=C3)C(F)(F)F)CCC4=CC=CC=C4,1.0,reported_twosides,4.2483545e-18,0.12423389755370215,0.12423389755370215,fitted,platt_logistic_regression,0.4313752502880964,0
CCCCC(=O)N(CC1=CC=C(C=C1)C2=CC=CC=C2C3=NNN=N3)C(C(C)C)C(=O)O,CCCN1CC(CC2C1CC3=CNC4=CC=CC2=C34)CSC,1.0,reported_twosides,4.2483545e-18,0.12423389755370215,0.12423389755370215,fitted,platt_logistic_regression,0.4313752502880964,0
C1=CC(=C2NC(=C3C=CC=CC3=O)N(N2)C4=CC=C(C=C4)C(=O)O)C(=O)C=C1,CN1CCC23C=CC(CC2OC4=C(C=CC(=C34)C1)OC)O,0.0,unreported_twosides_sampled,1.0,0.9086326001006345,0.9086326001006345,fitted,platt_logistic_regression,0.4313752502880964,1
C1=CC(=C2NC(=C3C=CC=CC3=O)N(N2)C4=CC=C(C=C4)C(=O)O)C(=O)C=C1,CCN(C)C(=O)OC1=CC=CC(=C1)C(C)N(C)C,0.0,unreported_twosides_sampled,1.0,0.9086326001006345,0.9086326001006345,fitted,platt_logistic_regression,0.4313752502880964,1
CC(C)C(C(=O)OCC(CO)OCN1C=NC2=C1NC(=NC2=O)N)N,CN1C=NC(=C1SC2=NC=NC3=C2NC=N3)[N+](=O)[O-],0.0,unreported_twosides_sampled,4.2483545e-18,0.12423389755370215,0.12423389755370215,fitted,platt_logistic_regression,0.4313752502880964,0
C(CCl)NC(=O)N(CCCl)N=O,C1CC(C1)(C(=O)O)C(=O)O.N.N.[Pt],1.0,reported_twosides,4.2483545e-18,0.12423389755370215,0.12423389755370215,fitted,platt_logistic_regression,0.4313752502880964,0
C1CN=C(N1)NC2=C(C=CC=C2Cl)Cl,CCOC1=C(C=CC(=C1)CC(=O)NC(CC(C)C)C2=CC=CC=C2N3CCCCC3)C(=O)O,1.0,reported_twosides,1.0,0.9086326001006345,0.9086326001006345,fitted,platt_logistic_regression,0.4313752502880964,1
CC1(C(N2C(S1)C(C2=O)NC(=O)C(C3=CC=CC=C3)N)C(=O)[O-])C,CC1=NN=C(S1)SCC2=C(N3C(C(C3=O)NC(=O)CN4C=NN=N4)SC2)C(=O)[O-],1.0,reported_twosides,0.96216017,0.6614511233133016,0.6614511233133016,fitted,platt_logistic_regression,0.4313752502880964,1
C1C(N(C2=C(N1)NC(=NC2=O)N)C=O)CNC3=CC=C(C=C3)C(=O)NC(CCC(=O)O)C(=O)O,C1CN=C(N1)NC2=C(C=CC=C2Cl)Cl,1.0,reported_twosides,3.5464774e-07,0.12423389755370215,0.12423389755370215,fitted,platt_logistic_regression,0.4313752502880964,0
CC1=C(C(=O)C2=CC=CC=C2C1=O)CC=C(C)CCCC(C)CCCC(C)CCCC(C)C,CC1=NN=C2N1C3=C(C=C(C=C3)Cl)C(=NC2)C4=CC=CC=C4,1.0,reported_twosides,1.0,0.9086326001006345,0.9086326001006345,fitted,platt_logistic_regression,0.4313752502880964,1
CC1=NN=C(S1)SCC2=C(N3C(C(C3=O)NC(=O)CN4C=NN=N4)SC2)C(=O)[O-],CN1CC(=O)N2C(C1=O)CC3=C(C2C4=CC5=C(C=C4)OCO5)NC6=CC=CC=C36,0.0,unreported_twosides_sampled,0.99300766,0.7179550469652349,0.7179550469652349,fitted,platt_logistic_regression,0.4313752502880964,1
CC1=C(SC=C1)C(=CCCN2CCCC(C2)C(=O)O)C3=C(C=CS3)C,CC1=NN=C(S1)SCC2=C(N3C(C(C3=O)NC(=O)CN4C=NN=N4)SC2)C(=O)[O-],0.0,unreported_twosides_sampled,0.9718685,0.6719268634057448,0.6719268634057448,fitted,platt_logistic_regression,0.4313752502880964,1
C1=CC(=CC=C1N)S(=O)(=O)C2=CC=C(C=C2)N,CC(C)C(C(=O)OCC(CO)OCN1C=NC2=C1NC(=NC2=O)N)N,1.0,reported_twosides,1.4199165e-10,0.12423389755370215,0.12423389755370215,fitted,platt_logistic_regression,0.4313752502880964,0
C1CN=C(N1)NC2=C(C=CC=C2Cl)Cl,CN1C=NC(=C1SC2=NC=NC3=C2NC=N3)[N+](=O)[O-],1.0,reported_twosides,4.2483545e-18,0.12423389755370215,0.12423389755370215,fitted,platt_logistic_regression,0.4313752502880964,0
C1CC(OC1CO)N2C=NC3=C2NC=NC3=O,CC(C)(C(=O)O)ON=C(C1=CSC(=N1)N)C(=O)NC2C3N(C2=O)C(=C(CS3)C[N+]4=CC=CC=C4)C(=O)[O-],0.0,unreported_twosides_sampled,4.2483545e-18,0.12423389755370215,0.12423389755370215,fitted,platt_logistic_regression,0.4313752502880964,0
CC12CCC3C(C1CCC2C(=O)NC4=C(C=CC(=C4)C(F)(F)F)C(F)(F)F)CCC5C3(C=CC(=O)N5)C,CN1CCC(=C2C3=C(C(=O)CC4=CC=CC=C42)SC=C3)CC1,0.0,unreported_twosides_sampled,2.7743935e-10,0.12423389755370215,0.12423389755370215,fitted,platt_logistic_regression,0.4313752502880964,0
C1C(OC(S1)CO)N2C=C(C(=NC2=O)N)F,CCC(C)C(=O)OC1CC(C=C2C1C(C(C=C2)C)CCC3CC(CC(=O)O3)O)C,0.0,unreported_twosides_sampled,1.0,0.9086326001006345,0.9086326001006345,fitted,platt_logistic_regression,0.4313752502880964,1
CCOC1=C(C=CC(=C1)CC(=O)NC(CC(C)C)C2=CC=CC=C2N3CCCCC3)C(=O)O,CN(C)NN=C1C(=NC=N1)C(=O)N,0.0,unreported_twosides_sampled,2.1245954e-16,0.12423389755370215,0.12423389755370215,fitted,platt_logistic_regression,0.4313752502880964,0
CC1CC2C3CCC4=CC(=O)C=CC4(C3(C(CC2(C1(C(=O)CO)O)C)O)F)C,CN1CCC(=C2C3=C(C(=O)CC4=CC=CC=C42)SC=C3)CC1,1.0,reported_twosides,1.2401306e-13,0.12423389755370215,0.12423389755370215,fitted,platt_logistic_regression,0.4313752502880964,0
C1CC(C1)(C(=O)O)C(=O)O.N.N.[Pt],C1CC(C1)CN2CCC34C5C(CCC3(C2CC6=C4C(=C(C=C6)O)O5)O)O,0.0,unreported_twosides_sampled,4.2483545e-18,0.12423389755370215,0.12423389755370215,fitted,platt_logistic_regression,0.4313752502880964,0
C1=CC(=CC=C1N)S(=O)(=O)C2=CC=C(C=C2)N,CNC(=C[N+](=O)[O-])NCCSCC1=CC=C(O1)CN(C)C,1.0,reported_twosides,0.0005281236,0.27119797635362175,0.27119797635362175,fitted,platt_logistic_regression,0.4313752502880964,0
CC1=C(C(C(=C(N1)C)C(=O)OCC(C)C)C2=CC=CC=C2[N+](=O)[O-])C(=O)OC,CCN(C)C(=O)OC1=CC=CC(=C1)C(C)N(C)C,0.0,unreported_twosides_sampled,1.0,0.9086326001006345,0.9086326001006345,fitted,platt_logistic_regression,0.4313752502880964,1
CCOC(=O)C(CCC1=CC=CC=C1)NC(C)C(=O)N2C3CCCCC3CC2C(=O)O,CN1CCC(=C2C3=C(C(=O)CC4=CC=CC=C42)SC=C3)CC1,0.0,unreported_twosides_sampled,1.0,0.9086326001006345,0.9086326001006345,fitted,platt_logistic_regression,0.4313752502880964,1
CC12CCC3C(C1CCC2(C#C)O)CCC4=CC(=O)CCC34,CC1=NN=C2N1C3=C(C=C(C=C3)Cl)C(=NC2)C4=CC=CC=C4,1.0,reported_twosides,4.2483545e-18,0.12423389755370215,0.12423389755370215,fitted,platt_logistic_regression,0.4313752502880964,0
CCOC(=O)C(CCC1=CC=CC=C1)NC(C)C(=O)N2C3CCCCC3CC2C(=O)O,CNC(=C[N+](=O)[O-])NCCSCC1=CC=C(O1)CN(C)C,1.0,reported_twosides,1.0,0.9086326001006345,0.9086326001006345,fitted,platt_logistic_regression,0.4313752502880964,1
CC(C)C(C(=O)OCC(CO)OCN1C=NC2=C1NC(=NC2=O)N)N,CN1C(=C(NC2=CC=CC=N2)O)C(=O)C3=CC=CC=C3S1(=O)=O,0.0,unreported_twosides_sampled,0.7678281,0.5880796371030709,0.5880796371030709,fitted,platt_logistic_regression,0.4313752502880964,1
CN1CCC(=C2C3=C(C(=O)CC4=CC=CC=C42)SC=C3)CC1,C[N+](C)(C)CC(CC(=O)O)O,0.0,unreported_twosides_sampled,1.2017376e-09,0.12423389755370215,0.12423389755370215,fitted,platt_logistic_regression,0.4313752502880964,0
CC(C)(C)NCC(C1=CC(=C(C=C1)O)CO)O,CCCC1(CC(=O)C(=C(O1)O)C(CC)C2=CC(=CC=C2)NS(=O)(=O)C3=NC=C(C=C3)C(F)(F)F)CCC4=CC=CC=C4,0.0,unreported_twosides_sampled,0.20046721,0.48982127050729474,0.48982127050729474,fitted,platt_logistic_regression,0.4313752502880964,1
CC(C)(C)NCC(C1=CC(=C(C=C1)O)CO)O,CC(C)C(CCCN(C)CCC1=CC(=C(C=C1)OC)OC)(C#N)C2=CC(=C(C=C2)OC)OC,1.0,reported_twosides,0.8977421,0.6239149167197454,0.6239149167197454,fitted,platt_logistic_regression,0.4313752502880964,1
CC(C)(C(=O)O)ON=C(C1=CSC(=N1)N)C(=O)NC2C3N(C2=O)C(=C(CS3)C[N+]4=CC=CC=C4)C(=O)[O-],COC1=C(C=C(C=C1)C2=CC3=C(C=C2)C=C(C=C3)C(=O)O)C45CC6CC(C4)CC(C6)C5,0.0,unreported_twosides_sampled,4.2483545e-18,0.12423389755370215,0.12423389755370215,fitted,platt_logistic_regression,0.4313752502880964,0
C1CN=C(N1)NC2=C(C=CC=C2Cl)Cl,CC1CN(CCN1)C2=C(C=C3C(=C2OC)N(C=C(C3=O)C(=O)O)C4CC4)F,1.0,reported_twosides,1.0,0.9086326001006345,0.9086326001006345,fitted,platt_logistic_regression,0.4313752502880964,1
CC(C=CC(C)C(C)(C)O)C1CCC2C1(CCCC2=CC=C3CC(CC(C3)O)O)C,CN1C(=C(NC2=CC=CC=N2)O)C(=O)C3=CC=CC=C3S1(=O)=O,0.0,unreported_twosides_sampled,1.0,0.9086326001006345,0.9086326001006345,fitted,platt_logistic_regression,0.4313752502880964,1
C1=CC(=CC=C1N)S(=O)(=O)C2=CC=C(C=C2)N,CN1C(=C(NC2=CC=CC=N2)O)C(=O)C3=CC=CC=C3S1(=O)=O,0.0,unreported_twosides_sampled,0.99986744,0.8242405088020611,0.8242405088020611,fitted,platt_logistic_regression,0.4313752502880964,1
CC(C)C(CCCN(C)CCC1=CC(=C(C=C1)OC)OC)(C#N)C2=CC(=C(C=C2)OC)OC,CC12CCC3C(C1CCC2O)C(CC4=C3C=CC(=C4)O)CCCCCCCCCS(=O)CCCC(C(F)(F)F)(F)F,1.0,reported_twosides,1.0,0.9086326001006345,0.9086326001006345,fitted,platt_logistic_regression,0.4313752502880964,1
CC1(C(N2C(S1)C(C2=O)NC(=O)C(C3=CC=CC=C3)N)C(=O)[O-])C,CNC(=C[N+](=O)[O-])NCCSCC1=CC=C(O1)CN(C)C,1.0,reported_twosides,1.1234082e-08,0.12423389755370215,0.12423389755370215,fitted,platt_logistic_regression,0.4313752502880964,0
C1=CC(=CC=C1N)S(=O)(=O)C2=CC=C(C=C2)N,CN(C)CCC1=CNC2=C1C=C(C=C2)CC3COC(=O)N3,0.0,unreported_twosides_sampled,0.99853194,0.7640971333717101,0.7640971333717101,fitted,platt_logistic_regression,0.4313752502880964,1
CC12CCC3C(C1CCC2O)C(CC4=C3C=CC(=C4)O)CCCCCCCCCS(=O)CCCC(C(F)(F)F)(F)F,CNC(=C[N+](=O)[O-])NCCSCC1=CC=C(O1)CN(C)C,1.0,reported_twosides,1.0,0.9086326001006345,0.9086326001006345,fitted,platt_logistic_regression,0.4313752502880964,1
CC(C)(C)NCC(C1=CC(=C(C=C1)O)CO)O,CC1(C(N2C(S1)C(C2=O)NC(=O)C(C3=CC=CC=C3)N)C(=O)[O-])C,1.0,reported_twosides,1.7983454e-10,0.12423389755370215,0.12423389755370215,fitted,platt_logistic_regression,0.4313752502880964,0
CC12CCC3C(C1CCC2C(=O)NC4=C(C=CC(=C4)C(F)(F)F)C(F)(F)F)CCC5C3(C=CC(=O)N5)C,CC1CC2C3CCC4=CC(=O)C=CC4(C3(C(CC2(C1(C(=O)CO)O)C)O)F)C,1.0,reported_twosides,1.6666676e-15,0.12423389755370215,0.12423389755370215,fitted,platt_logistic_regression,0.4313752502880964,0
CC1C2C(C(=O)N2C(=C1SC3CC(NC3)C(=O)NC4=CC=CC(=C4)C(=O)O)C(=O)O)C(C)O,CCOC(=O)N1CCC(=C2C3=C(CCC4=C2N=CC=C4)C=C(C=C3)Cl)CC1,0.0,unreported_twosides_sampled,4.2483545e-18,0.12423389755370215,0.12423389755370215,fitted,platt_logistic_regression,0.4313752502880964,0
C1CC(OC1CO)N2C=NC3=C2NC=NC3=O,CN(C)NN=C1C(=NC=N1)C(=O)N,0.0,unreported_twosides_sampled,4.2483545e-18,0.12423389755370215,0.12423389755370215,fitted,platt_logistic_regression,0.4313752502880964,0
CC1=NN=C(S1)SCC2=C(N3C(C(C3=O)NC(=O)CN4C=NN=N4)SC2)C(=O)[O-],CCOC1=C(C=CC(=C1)CC(=O)NC(CC(C)C)C2=CC=CC=C2N3CCCCC3)C(=O)O,1.0,reported_twosides,1.0,0.9086326001006345,0.9086326001006345,fitted,platt_logistic_regression,0.4313752502880964,1
CCOC(=O)C(CCC1=CC=CC=C1)NC(C)C(=O)N2C3CCCCC3CC2C(=O)O,CN(C)CCC1=CNC2=C1C=C(C=C2)CC3COC(=O)N3,0.0,unreported_twosides_sampled,1.0,0.9086326001006345,0.9086326001006345,fitted,platt_logistic_regression,0.4313752502880964,1
C1C(OC(S1)CO)N2C=C(C(=NC2=O)N)F,CN1CC(=O)N2C(C1=O)CC3=C(C2C4=CC5=C(C=C4)OCO5)NC6=CC=CC=C36,0.0,unreported_twosides_sampled,4.2483545e-18,0.12423389755370215,0.12423389755370215,fitted,platt_logistic_regression,0.4313752502880964,0
C1CC(C1)(C(=O)O)C(=O)O.N.N.[Pt],C1CC(OC1CO)N2C=NC3=C2NC=NC3=O,1.0,reported_twosides,4.2483545e-18,0.12423389755370215,0.12423389755370215,fitted,platt_logistic_regression,0.4313752502880964,0
CCN(C)C(=O)OC1=CC=CC(=C1)C(C)N(C)C,CN1CCC23C=CC(CC2OC4=C(C=CC(=C34)C1)OC)O,1.0,reported_twosides,1.0,0.9086326001006345,0.9086326001006345,fitted,platt_logistic_regression,0.4313752502880964,1
CC1C2C(C(=O)N2C(=C1SC3CC(NC3)C(=O)NC4=CC=CC(=C4)C(=O)O)C(=O)O)C(C)O,CNC(=C[N+](=O)[O-])NCCSCC1=CC=C(O1)CN(C)C,1.0,reported_twosides,4.2483545e-18,0.12423389755370215,0.12423389755370215,fitted,platt_logistic_regression,0.4313752502880964,0
C1C(N(C2=C(N1)NC(=NC2=O)N)C=O)CNC3=CC=C(C=C3)C(=O)NC(CCC(=O)O)C(=O)O,CN1CCC(=C2C3=C(C(=O)CC4=CC=CC=C42)SC=C3)CC1,0.0,unreported_twosides_sampled,4.2483545e-18,0.12423389755370215,0.12423389755370215,fitted,platt_logistic_regression,0.4313752502880964,0
CC12CCC3C(C1CCC2O)C(CC4=C3C=CC(=C4)O)CCCCCCCCCS(=O)CCCC(C(F)(F)F)(F)F,CC1=C(C(C(=C(N1)C)C(=O)OCC(C)C)C2=CC=CC=C2[N+](=O)[O-])C(=O)OC,0.0,unreported_twosides_sampled,1.0,0.9086326001006345,0.9086326001006345,fitted,platt_logistic_regression,0.4313752502880964,1
CCOC1=C(C=CC(=C1)CC(=O)NC(CC(C)C)C2=CC=CC=C2N3CCCCC3)C(=O)O,CN1CC(=O)N2C(C1=O)CC3=C(C2C4=CC5=C(C=C4)OCO5)NC6=CC=CC=C36,0.0,unreported_twosides_sampled,1.0,0.9086326001006345,0.9086326001006345,fitted,platt_logistic_regression,0.4313752502880964,1
CC(C=CC(C)C(C)(C)O)C1CCC2C1(CCCC2=CC=C3CC(CC(C3)O)O)C,C[N+](C)(C)CC(CC(=O)O)O,1.0,reported_twosides,0.95814925,0.6578277661298064,0.6578277661298064,fitted,platt_logistic_regression,0.4313752502880964,1
CC(C)C(CCCN(C)CCC1=CC(=C(C=C1)OC)OC)(C#N)C2=CC(=C(C=C2)OC)OC,CC1=C(SC=C1)C(=CCCN2CCCC(C2)C(=O)O)C3=C(C=CS3)C,1.0,reported_twosides,0.00012373533,0.22937827383407658,0.22937827383407658,fitted,platt_logistic_regression,0.4313752502880964,0
CC1=NN=C2N1C3=C(C=C(C=C3)Cl)C(=NC2)C4=CC=CC=C4,CC1CC2C3CCC4=CC(=O)C=CC4(C3(C(CC2(C1(C(=O)CO)O)C)O)F)C,1.0,reported_twosides,4.2483545e-18,0.12423389755370215,0.12423389755370215,fitted,platt_logistic_regression,0.4313752502880964,0
CC12CCC3C(C1CCC2O)C(CC4=C3C=CC(=C4)O)CCCCCCCCCS(=O)CCCC(C(F)(F)F)(F)F,CN1C(=C(NC2=CC=CC=N2)O)C(=O)C3=CC=CC=C3S1(=O)=O,0.0,unreported_twosides_sampled,1.0,0.9086326001006345,0.9086326001006345,fitted,platt_logistic_regression,0.4313752502880964,1
CC(C)C(CCCN(C)CCC1=CC(=C(C=C1)OC)OC)(C#N)C2=CC(=C(C=C2)OC)OC,CC12CCC3C(C1CCC2C(=O)NC4=C(C=CC(=C4)C(F)(F)F)C(F)(F)F)CCC5C3(C=CC(=O)N5)C,1.0,reported_twosides,0.170086,0.4820738408759799,0.4820738408759799,fitted,platt_logistic_regression,0.4313752502880964,1
CC1=NN=C(S1)SCC2=C(N3C(C(C3=O)NC(=O)CN4C=NN=N4)SC2)C(=O)[O-],CC1CN(CCN1)C2=C(C=C3C(=C2OC)N(C=C(C3=O)C(=O)O)C4CC4)F,1.0,reported_twosides,1.0,0.9086326001006345,0.9086326001006345,fitted,platt_logistic_regression,0.4313752502880964,1
C1CN=C(N1)NC2=C(C=CC=C2Cl)Cl,CC1=C(C(C(=C(N1)C)C(=O)OCC(C)C)C2=CC=CC=C2[N+](=O)[O-])C(=O)OC,1.0,reported_twosides,1.0,0.9086326001006345,0.9086326001006345,fitted,platt_logistic_regression,0.4313752502880964,1
CC1=NN=C2N1C3=C(C=C(C=C3)Cl)C(=NC2)C4=CC=CC=C4,CN(C)NN=C1C(=NC=N1)C(=O)N,1.0,reported_twosides,4.2483545e-18,0.12423389755370215,0.12423389755370215,fitted,platt_logistic_regression,0.4313752502880964,0
C(CCl)NC(=O)N(CCCl)N=O,C1=CC(=CC=C1N)S(=O)(=O)C2=CC=C(C=C2)N,0.0,unreported_twosides_sampled,1.5194944e-10,0.12423389755370215,0.12423389755370215,fitted,platt_logistic_regression,0.4313752502880964,0
CC1=C(C(=O)C2=CC=CC=C2C1=O)CC=C(C)CCCC(C)CCCC(C)CCCC(C)C,CCCCC(=O)N(CC1=CC=C(C=C1)C2=CC=CC=C2C3=NNN=N3)C(C(C)C)C(=O)O,0.0,unreported_twosides_sampled,1.0,0.9086326001006345,0.9086326001006345,fitted,platt_logistic_regression,0.4313752502880964,1
CC(=O)OCC(=O)C12C(CC3C1(CC(C4(C3CC(C5=CC(=O)C=CC54C)F)F)O)C)OC(O2)(C)C,CNC(=C[N+](=O)[O-])NCCSCC1=CC=C(O1)CN(C)C,0.0,unreported_twosides_sampled,1.075708e-11,0.12423389755370215,0.12423389755370215,fitted,platt_logistic_regression,0.4313752502880964,0
C1=CC(=C2NC(=C3C=CC=CC3=O)N(N2)C4=CC=C(C=C4)C(=O)O)C(=O)C=C1,CCCCC(=O)N(CC1=CC=C(C=C1)C2=CC=CC=C2C3=NNN=N3)C(C(C)C)C(=O)O,1.0,reported_twosides,1.0,0.9086326001006345,0.9086326001006345,fitted,platt_logistic_regression,0.4313752502880964,1
CC(C)(C)NCC(C1=CC(=C(C=C1)O)CO)O,CNC(=C[N+](=O)[O-])NCCSCC1=CC=C(O1)CN(C)C,1.0,reported_twosides,0.0987457,0.4580846417349627,0.4580846417349627,fitted,platt_logistic_regression,0.4313752502880964,1
CC1=NN=C2N1C3=C(C=C(C=C3)Cl)C(=NC2)C4=CC=CC=C4,CCCN1CC(CC2C1CC3=CNC4=CC=CC2=C34)CSC,1.0,reported_twosides,4.2483545e-18,0.12423389755370215,0.12423389755370215,fitted,platt_logistic_regression,0.4313752502880964,0
CCC(C)C(=O)OC1CC(C=C2C1C(C(C=C2)C)CCC3CC(CC(=O)O3)O)C,COC1=C(C=C(C=C1)C2=CC3=C(C=C2)C=C(C=C3)C(=O)O)C45CC6CC(C4)CC(C6)C5,0.0,unreported_twosides_sampled,1.0,0.9086326001006345,0.9086326001006345,fitted,platt_logistic_regression,0.4313752502880964,1
C1CN=C(N1)NC2=C(C=CC=C2Cl)Cl,CC(C=CC(C)C(C)(C)O)C1CCC2C1(CCCC2=CC=C3CC(CC(C3)O)O)C,1.0,reported_twosides,1.0,0.9086326001006345,0.9086326001006345,fitted,platt_logistic_regression,0.4313752502880964,1
CC1CC2C3CCC4=CC(=O)C=CC4(C3(C(CC2(C1(C(=O)CO)O)C)O)F)C,CCCC1(CC(=O)C(=C(O1)O)C(CC)C2=CC(=CC=C2)NS(=O)(=O)C3=NC=C(C=C3)C(F)(F)F)CCC4=CC=CC=C4,0.0,unreported_twosides_sampled,6.2210175e-09,0.12423389755370215,0.12423389755370215,fitted,platt_logistic_regression,0.4313752502880964,0
C1CC(C1)(C(=O)O)C(=O)O.N.N.[Pt],CC12CCC3C(C1CCC2(C)O)CCC4C3(COC(=O)C4)C,1.0,reported_twosides,4.2483545e-18,0.12423389755370215,0.12423389755370215,fitted,platt_logistic_regression,0.4313752502880964,0
CC(C=CC(C)C(C)(C)O)C1CCC2C1(CCCC2=CC=C3CC(CC(C3)O)O)C,CCCCC(=O)N(CC1=CC=C(C=C1)C2=CC=CC=C2C3=NNN=N3)C(C(C)C)C(=O)O,1.0,reported_twosides,0.99934906,0.7859178656689002,0.7859178656689002,fitted,platt_logistic_regression,0.4313752502880964,1
CC(C)C(CCCN(C)CCC1=CC(=C(C=C1)OC)OC)(C#N)C2=CC(=C(C=C2)OC)OC,CCN(C)C(=O)OC1=CC=CC(=C1)C(C)N(C)C,1.0,reported_twosides,1.0,0.9086326001006345,0.9086326001006345,fitted,platt_logistic_regression,0.4313752502880964,1
CC(C)C(CCCN(C)CCC1=CC(=C(C=C1)OC)OC)(C#N)C2=CC(=C(C=C2)OC)OC,CCOC1=C(C=CC(=C1)CC(=O)NC(CC(C)C)C2=CC=CC=C2N3CCCCC3)C(=O)O,1.0,reported_twosides,1.0,0.9086326001006345,0.9086326001006345,fitted,platt_logistic_regression,0.4313752502880964,1
CCC(C)C(=O)OC1CC(C=C2C1C(C(C=C2)C)CCC3CC(CC(=O)O3)O)C,CN1C(=C(NC2=CC=CC=N2)O)C(=O)C3=CC=CC=C3S1(=O)=O,1.0,reported_twosides,1.0,0.9086326001006345,0.9086326001006345,fitted,platt_logistic_regression,0.4313752502880964,1
CC(C)(C)NCC(C1=CC(=C(C=C1)O)CO)O,CN1CC(=O)N2C(C1=O)CC3=C(C2C4=CC5=C(C=C4)OCO5)NC6=CC=CC=C36,1.0,reported_twosides,0.0005605505,0.2730143206835599,0.2730143206835599,fitted,platt_logistic_regression,0.4313752502880964,0
C1C(N(C2=C(N1)NC(=NC2=O)N)C=O)CNC3=CC=C(C=C3)C(=O)NC(CCC(=O)O)C(=O)O,CC(C=CC(C)C(C)(C)O)C1CCC2C1(CCCC2=CC=C3CC(CC(C3)O)O)C,0.0,unreported_twosides_sampled,6.708688e-09,0.12423389755370215,0.12423389755370215,fitted,platt_logistic_regression,0.4313752502880964,0
C1CC(C1)(C(=O)O)C(=O)O.N.N.[Pt],CC(C)C(CCCN(C)CCC1=CC(=C(C=C1)OC)OC)(C#N)C2=CC(=C(C=C2)OC)OC,1.0,reported_twosides,4.2483545e-18,0.12423389755370215,0.12423389755370215,fitted,platt_logistic_regression,0.4313752502880964,0
CCCCC(=O)N(CC1=CC=C(C=C1)C2=CC=CC=C2C3=NNN=N3)C(C(C)C)C(=O)O,CNC(=C[N+](=O)[O-])NCCSCC1=CC=C(O1)CN(C)C,1.0,reported_twosides,0.99967587,0.8034175060498813,0.8034175060498813,fitted,platt_logistic_regression,0.4313752502880964,1
CN1C(=C(NC2=CC=CC=N2)O)C(=O)C3=CC=CC=C3S1(=O)=O,CN1CC(=O)N2C(C1=O)CC3=C(C2C4=CC5=C(C=C4)OCO5)NC6=CC=CC=C36,0.0,unreported_twosides_sampled,1.0,0.9086326001006345,0.9086326001006345,fitted,platt_logistic_regression,0.4313752502880964,1
CC(=O)OCC(=O)C12C(CC3C1(CC(C4(C3CC(C5=CC(=O)C=CC54C)F)F)O)C)OC(O2)(C)C,CC1CN(CCN1)C2=C(C=C3C(=C2OC)N(C=C(C3=O)C(=O)O)C4CC4)F,0.0,unreported_twosides_sampled,0.99999523,0.8866325442635645,0.8866325442635645,fitted,platt_logistic_regression,0.4313752502880964,1
C1CN=C(N1)NC2=C(C=CC=C2Cl)Cl,CCOC(=O)N1CCC(=C2C3=C(CCC4=C2N=CC=C4)C=C(C=C3)Cl)CC1,1.0,reported_twosides,0.0006991146,0.279813917120752,0.279813917120752,fitted,platt_logistic_regression,0.4313752502880964,0
C1C(OC(S1)CO)N2C=C(C(=NC2=O)N)F,CN1C=NC(=C1SC2=NC=NC3=C2NC=N3)[N+](=O)[O-],0.0,unreported_twosides_sampled,4.2483545e-18,0.12423389755370215,0.12423389755370215,fitted,platt_logistic_regression,0.4313752502880964,0
CC1=NN=C(S1)SCC2=C(N3C(C(C3=O)NC(=O)CN4C=NN=N4)SC2)C(=O)[O-],CCCC1(CC(=O)C(=C(O1)O)C(CC)C2=CC(=CC=C2)NS(=O)(=O)C3=NC=C(C=C3)C(F)(F)F)CCC4=CC=CC=C4,0.0,unreported_twosides_sampled,0.99989605,0.8295930618696176,0.8295930618696176,fitted,platt_logistic_regression,0.4313752502880964,1
CC1=NN=C2N1C3=C(C=C(C=C3)Cl)C(=NC2)C4=CC=CC=C4,CCOC(=O)N1CCC(=C2C3=C(CCC4=C2N=CC=C4)C=C(C=C3)Cl)CC1,1.0,reported_twosides,4.2483545e-18,0.12423389755370215,0.12423389755370215,fitted,platt_logistic_regression,0.4313752502880964,0
CC1=NN=C(S1)SCC2=C(N3C(C(C3=O)NC(=O)CN4C=NN=N4)SC2)C(=O)[O-],CCCCC(=O)N(CC1=CC=C(C=C1)C2=CC=CC=C2C3=NNN=N3)C(C(C)C)C(=O)O,1.0,reported_twosides,1.0,0.9086326001006345,0.9086326001006345,fitted,platt_logistic_regression,0.4313752502880964,1
