source,target,label,label_evidence,raw_prediction_score,calibrated_prediction_score,prediction_score,calibration_status,calibration_method,threshold,predicted_label,predictive_entropy_nats,conformal_no_interaction_p_value,conformal_interaction_p_value,conformal_prediction_set,conformal_prediction_set_size,conformal_abstain,source_nearest_train_tanimoto,target_nearest_train_tanimoto,pair_minimum_nearest_train_tanimoto,source_exactly_seen_in_training,target_exactly_seen_in_training,structural_ood_flag
C1=CC=NC(=C1)NS(=O)(=O)C2=CC=C(C=C2)NN=C3C=CC(=O)C(=C3)C(=O)O,CCC1(CC2CC(C3=C(CCN(C2)C1)C4=CC=CC=C4N3)(C5=C(C=C6C(=C5)C78CCN9C7C(C=CC9)(C(C(C8N6C=O)(C(=O)OC)O)OC(=O)C)CC)OC)C(=O)OC)O,1,reported_twosides,0.7711344957351685,0.6408754945175992,0.6408754945175992,fitted,platt_logistic_regression,0.5557555001027313,1,0.6529128026568776,0.07347972972972973,0.2652027027027027,interaction,1,False,0.47619047619047616,0.89,0.47619047619047616,False,False,False
C1=C(C(=O)NC(=O)N1)F,CC1=C(C(=CC=C1)C)OCC(C)N,0,unreported_twosides_sampled,0.6494158506393433,0.5444514389491295,0.5444514389491295,fitted,platt_logistic_regression,0.5557555001027313,0,0.6891900974480241,0.11148648648648649,0.18243243243243243,no_interaction|interaction,2,True,0.1891891891891892,0.2727272727272727,0.1891891891891892,False,False,True
B(C(CC(C)C)NC(=O)C(CC1=CC=CC=C1)NC(=O)C2=NC=CN=C2)(O)O,CC1=CC2=C(C=C1C)N(C=N2)C3C(C(C(O3)CO)OP(=O)(O)OC(C)CNC(=O)CCC4(C(C5C6(C(C(C(=N6)C(=C7C(C(C(=N7)C=C8C(C(C(=N8)C(=C4[N-]5)C)CCC(=O)N)(C)C)CCC(=O)N)(C)CC(=O)N)C)CCC(=O)N)(C)CC(=O)N)C)CC(=O)N)C)O.[C-]#N.[Co+2],1,reported_twosides,0.01826414093375206,0.05191952128373758,0.05191952128373758,fitted,platt_logistic_regression,0.5557555001027313,0,0.20412883312385022,0.6697635135135135,0.0059121621621621625,no_interaction,1,False,0.3088235294117647,0.8709677419354839,0.3088235294117647,False,False,True
C1CCN(CC1)C2=NC(=NC3=C2N=C(N=C3N4CCCCC4)N(CCO)CCO)N(CCO)CCO,CC1=C(C=C(C=C1)NC(=O)C2=CC=C(C=C2)CN3CCN(CC3)C)NC4=NC=CC(=N4)C5=CN=CC=C5,0,unreported_twosides_sampled,0.3837105929851532,0.3653237409551638,0.3653237409551638,fitted,platt_logistic_regression,0.5557555001027313,0,0.656419908873831,0.2592905405405405,0.07432432432432433,no_interaction,1,False,0.30434782608695654,0.29,0.29,False,False,True
C1=CC(=CN=C1)C(=O)[O-],C1CCN(CC1)C2=NC(=NC3=C2N=C(N=C3N4CCCCC4)N(CCO)CCO)N(CCO)CCO,0,unreported_twosides_sampled,0.543724536895752,0.47070328259232674,0.47070328259232674,fitted,platt_logistic_regression,0.5557555001027313,0,0.6914296016737083,0.17145270270270271,0.1241554054054054,no_interaction|interaction,2,True,0.30303030303030304,0.30434782608695654,0.30303030303030304,False,False,True
CC1=C(C2=C(N1C(=O)C3=CC=C(C=C3)Cl)C=CC(=C2)OC)CC(=O)O,CCC(=O)N(C1CCN(CC1)CCC2=CC=CC=C2)C3=CC=CC=C3,1,reported_twosides,0.042670026421546936,0.08954040677101946,0.08954040677101946,fitted,platt_logistic_regression,0.5557555001027313,0,0.30147320063101185,0.5861486486486487,0.010135135135135136,no_interaction,1,False,0.3064516129032258,0.421875,0.3064516129032258,False,False,True
C1=CC=NC(=C1)NS(=O)(=O)C2=CC=C(C=C2)NN=C3C=CC(=O)C(=C3)C(=O)O,CC1(OC2COC3(C(C2O1)OC(O3)(C)C)COS(=O)(=O)N)C,1,reported_twosides,0.11472319811582565,0.16741180441783965,0.16741180441783965,fitted,platt_logistic_regression,0.5557555001027313,0,0.45175846536152886,0.46114864864864863,0.02533783783783784,no_interaction,1,False,0.47619047619047616,0.1839080459770115,0.1839080459770115,False,False,True
CC(C)(C)NCC(C1=CC(=C(C=C1)O)CO)O,CNS(=O)(=O)CC1=CC2=C(C=C1)NC=C2CCN(C)C,1,reported_twosides,0.21522256731987,0.24941334774376492,0.24941334774376492,fitted,platt_logistic_regression,0.5557555001027313,0,0.561689722999374,0.37246621621621623,0.041385135135135136,no_interaction,1,False,0.5227272727272727,0.6538461538461539,0.5227272727272727,False,False,False
CC1=C(C(=NO1)C2=CC=CC=C2)C3=CC=C(C=C3)S(=O)(=O)N,CCC1=C2C(=CC=C1)C3=C(N2)C(OCC3)(CC)CC(=O)O,1,reported_twosides,0.18425709009170532,0.2258719430702764,0.2258719430702764,fitted,platt_logistic_regression,0.5557555001027313,0,0.5342400493059456,0.3918918918918919,0.033783783783783786,no_interaction,1,False,0.30434782608695654,0.2413793103448276,0.2413793103448276,False,False,True
CC(C)(C)NCC(C1=CC(=C(C=C1)O)CO)O,CC(CC1=CC=CC=C1)N,1,reported_twosides,0.5751124620437622,0.4920121382334411,0.4920121382334411,fitted,platt_logistic_regression,0.5557555001027313,0,0.6930195632599245,0.15287162162162163,0.13935810810810811,no_interaction|interaction,2,True,0.5227272727272727,0.5384615384615384,0.5227272727272727,False,False,False
C1=CN=CC=C1C(=O)NN,CC1(OC2COC3(C(C2O1)OC(O3)(C)C)COS(=O)(=O)N)C,0,unreported_twosides_sampled,0.6650344729423523,0.5559497415800918,0.5559497415800918,fitted,platt_logistic_regression,0.5557555001027313,1,0.6868733018594813,0.10726351351351351,0.19341216216216217,no_interaction|interaction,2,True,0.3,0.1839080459770115,0.1839080459770115,False,False,True
C1=C(C(=O)NC(=O)N1)F,CC1=C(C2=C(N1C(=O)C3=CC=C(C=C3)Cl)C=CC(=C2)OC)CC(=O)O,0,unreported_twosides_sampled,0.2694091796875,0.2883678523575349,0.2883678523575349,fitted,platt_logistic_regression,0.5557555001027313,0,0.6006838074948614,0.33361486486486486,0.0472972972972973,no_interaction,1,False,0.1891891891891892,0.3064516129032258,0.1891891891891892,False,False,True
C1=CC=C(C=C1)C2(C(=O)NC(=O)N2)C3=CC=CC=C3,CCC1C2(C(C(C(=O)C(CC(C(C(C(=O)C(C(=O)O1)C)C)OC3C(C(CC(O3)C)N(C)C)O)(C)OC)C)C)N(C(=O)O2)CCCCN4C=C(N=C4)C5=CN=CC=C5)C,1,reported_twosides,0.42691752314567566,0.39361952966909075,0.39361952966909075,fitted,platt_logistic_regression,0.5557555001027313,0,0.6703396424466151,0.24070945945945946,0.08530405405405406,no_interaction,1,False,0.4,0.44642857142857145,0.4,False,False,False
C1=CN=CC=C1C(=O)NN,CCC(=O)N(C1CCN(CC1)CCC2=CC=CC=C2)C3=CC=CC=C3,1,reported_twosides,0.0848960354924202,0.1384706675908935,0.1384706675908935,fitted,platt_logistic_regression,0.5557555001027313,0,0.402177560644536,0.5067567567567568,0.019425675675675675,no_interaction,1,False,0.3,0.421875,0.3,False,False,True
C1=CC(=CN=C1)C(=O)[O-],CCC1C2(C(C(C(=O)C(CC(C(C(C(=O)C(C(=O)O1)C)C)OC3C(C(CC(O3)C)N(C)C)O)(C)OC)C)C)N(C(=O)O2)CCCCN4C=C(N=C4)C5=CN=CC=C5)C,1,reported_twosides,0.8039653301239014,0.6705921630989274,0.6705921630989274,fitted,platt_logistic_regression,0.5557555001027313,1,0.6337584814295523,0.05827702702702703,0.29307432432432434,interaction,1,False,0.30303030303030304,0.44642857142857145,0.30303030303030304,False,False,True
C1=CC(=CN=C1)C(=O)[O-],CCN(C)C(=O)OC1=CC=CC(=C1)C(C)N(C)C,1,reported_twosides,0.7676085829734802,0.6378050951481601,0.6378050951481601,fitted,platt_logistic_regression,0.5557555001027313,1,0.6546706187171026,0.07347972972972973,0.26182432432432434,interaction,1,False,0.30303030303030304,0.32653061224489793,0.30303030303030304,False,False,True
CC1=C(C(=NO1)C2=CC=CC=C2)C3=CC=C(C=C3)S(=O)(=O)N,CC1=C(C(C(=C(N1)C)C(=O)OCC(C)C)C2=CC=CC=C2[N+](=O)[O-])C(=O)OC,0,unreported_twosides_sampled,0.36934271454811096,0.35586715798470936,0.35586715798470936,fitted,platt_logistic_regression,0.5557555001027313,0,0.6510031762041784,0.2685810810810811,0.07179054054054054,no_interaction,1,False,0.30434782608695654,0.8043478260869565,0.30434782608695654,False,False,True
CC(C)NCC(COC1=CC=CC2=CC=CC=C21)O,CN(CCCNC(=O)C1CCCO1)C2=NC3=CC(=C(C=C3C(=N2)N)OC)OC,1,reported_twosides,0.8046836256980896,0.6712673737152854,0.6712673737152854,fitted,platt_logistic_regression,0.5557555001027313,1,0.6332774658429884,0.05827702702702703,0.29307432432432434,interaction,1,False,0.4489795918367347,0.5138888888888888,0.4489795918367347,False,False,False
CC(C)NCC(COC1=CC=CC2=CC=CC=C21)O,CC1=CC2=C(C=C1C)N(C=N2)C3C(C(C(O3)CO)OP(=O)(O)OC(C)CNC(=O)CCC4(C(C5C6(C(C(C(=N6)C(=C7C(C(C(=N7)C=C8C(C(C(=N8)C(=C4[N-]5)C)CCC(=O)N)(C)C)CCC(=O)N)(C)CC(=O)N)C)CCC(=O)N)(C)CC(=O)N)C)CC(=O)N)C)O.[C-]#N.[Co+2],1,reported_twosides,0.04402311518788338,0.09133913876553591,0.09133913876553591,fitted,platt_logistic_regression,0.5557555001027313,0,0.305625201822852,0.5836148648648649,0.010135135135135136,no_interaction,1,False,0.4489795918367347,0.8709677419354839,0.4489795918367347,False,False,False
C1=CC(=CN=C1)C(=O)[O-],CCC1=C(CN(C1=O)C(=O)NCCC2=CC=C(C=C2)S(=O)(=O)NC(=O)NC3CCC(CC3)C)C,1,reported_twosides,0.16559500992298126,0.21107061397432508,0.21107061397432508,fitted,platt_logistic_regression,0.5557555001027313,0,0.515371704045533,0.4045608108108108,0.03209459459459459,no_interaction,1,False,0.30303030303030304,0.48,0.30303030303030304,False,False,True
CC1=C(C(C(=C(N1)C)C(=O)OCC(C)C)C2=CC=CC=C2[N+](=O)[O-])C(=O)OC,CC1COC2=C3N1C=C(C(=O)C3=CC(=C2N4CCN(CC4)C)F)C(=O)O,1,reported_twosides,0.9815279245376587,0.9188912092043134,0.9188912092043134,fitted,platt_logistic_regression,0.5557555001027313,1,0.28146910664997576,0.010135135135135136,0.6055743243243243,interaction,1,False,0.8043478260869565,0.4507042253521127,0.4507042253521127,False,False,False
C1=CC=C(C=C1)C2=C(OC(=N2)CCC(=O)O)C3=CC=CC=C3,CC1=CC(=C(C=C1)O)C(CCN(C(C)C)C(C)C)C2=CC=CC=C2,1,reported_twosides,0.70131915807724,0.5835020825551268,0.5835020825551268,fitted,platt_logistic_regression,0.5557555001027313,1,0.6791364279813632,0.09543918918918919,0.2179054054054054,interaction,1,False,0.23529411764705882,0.2833333333333333,0.23529411764705882,False,False,True
C1=C(C(=O)NC(=O)N1)F,CC1COC2=C3N1C=C(C(=O)C3=CC(=C2N4CCN(CC4)C)F)C(=O)O,1,reported_twosides,0.3109433650970459,0.31690646038508147,0.31690646038508147,fitted,platt_logistic_regression,0.5557555001027313,0,0.624515607007435,0.3032094594594595,0.05489864864864865,no_interaction,1,False,0.1891891891891892,0.4507042253521127,0.1891891891891892,False,False,True
CC(C)NCC(COC1=CC=CC2=CC=CC=C21)O,CCCCN1CCCCC1C(=O)NC2=C(C=CC=C2C)C,0,unreported_twosides_sampled,0.004333974327892065,0.020270882549957115,0.020270882549957115,fitted,platt_logistic_regression,0.5557555001027313,0,0.0990914758375874,0.785472972972973,0.0016891891891891893,no_interaction,1,False,0.4489795918367347,0.8604651162790697,0.4489795918367347,False,False,False
CCC(C)CC(C)CCCCCCCCC(=O)NC1CC(C(NC(=O)C2CCCN2C(=O)C(NC(=O)C(NC(=O)C3CC(CN3C(=O)C(NC1=O)C(C)O)O)C(C(C4=CC=C(C=C4)O)O)O)C(CCN)O)NCCN)O,CCCCN1CCCCC1C(=O)NC2=C(C=CC=C2C)C,0,unreported_twosides_sampled,0.7803165912628174,0.6489749354107107,0.6489749354107107,fitted,platt_logistic_regression,0.5557555001027313,1,0.6480788858876689,0.06841216216216216,0.27111486486486486,interaction,1,False,0.24489795918367346,0.8604651162790697,0.24489795918367346,False,False,True
CC1=C(C(=CC=C1)NC2=CC=CC=C2C(=O)O)C,CC1=CC(=C(C=C1)O)C(CCN(C(C)C)C(C)C)C2=CC=CC=C2,0,unreported_twosides_sampled,0.6178196668624878,0.5217438524275034,0.5217438524275034,fitted,platt_logistic_regression,0.5557555001027313,0,0.692201292050509,0.13344594594594594,0.16216216216216217,no_interaction|interaction,2,True,0.358974358974359,0.2833333333333333,0.2833333333333333,False,False,True
C1=CC(=CN=C1)C(=O)[O-],CC(CC1=CC=CC=C1)N,0,unreported_twosides_sampled,0.2872268855571747,0.3007212994002033,0.3007212994002033,fitted,platt_logistic_regression,0.5557555001027313,0,0.6114742193149688,0.32263513513513514,0.052364864864864864,no_interaction,1,False,0.30303030303030304,0.5384615384615384,0.30303030303030304,False,False,True
CC(C)NCC(COC1=CC=C(C=C1)CCOC)O,CCC(=O)N(C1CCN(CC1)CCC2=CC=CC=C2)C3=CC=CC=C3,1,reported_twosides,0.044140469282865524,0.09149414400491487,0.09149414400491487,fitted,platt_logistic_regression,0.5557555001027313,0,0.3059811650343423,0.5836148648648649,0.010135135135135136,no_interaction,1,False,0.6222222222222222,0.421875,0.421875,False,False,False
C1CCN(CC1)C2=NC(=NC3=C2N=C(N=C3N4CCCCC4)N(CCO)CCO)N(CCO)CCO,CCCCN1CCCCC1C(=O)NC2=C(C=CC=C2C)C,0,unreported_twosides_sampled,0.005289686843752861,0.023114392652715515,0.023114392652715515,fitted,platt_logistic_regression,0.5557555001027313,0,0.10992401946177952,0.7761824324324325,0.0016891891891891893,no_interaction,1,False,0.30434782608695654,0.8604651162790697,0.30434782608695654,False,False,True
C1CCN(CC1)C2=NC(=NC3=C2N=C(N=C3N4CCCCC4)N(CCO)CCO)N(CCO)CCO,CCC1=C2C(=CC=C1)C3=C(N2)C(OCC3)(CC)CC(=O)O,0,unreported_twosides_sampled,0.7547888159751892,0.6268162444698429,0.6268162444698429,fitted,platt_logistic_regression,0.5557555001027313,1,0.6606284120577997,0.07601351351351351,0.25422297297297297,interaction,1,False,0.30434782608695654,0.2413793103448276,0.2413793103448276,False,False,True
C1CCN(CC1)C2=NC(=NC3=C2N=C(N=C3N4CCCCC4)N(CCO)CCO)N(CCO)CCO,CC(C)NCC(COC1=CC=C(C=C1)CCOC)O,1,reported_twosides,0.31261080503463745,0.31803480076011004,0.31803480076011004,fitted,platt_logistic_regression,0.5557555001027313,0,0.6253792620406415,0.3015202702702703,0.056587837837837836,no_interaction,1,False,0.30434782608695654,0.6222222222222222,0.30434782608695654,False,False,True
C1=C(C(=O)NC(=O)N1)F,CCC1=C2C(=CC=C1)C3=C(N2)C(OCC3)(CC)CC(=O)O,1,reported_twosides,0.834748387336731,0.7006742167377114,0.7006742167377114,fitted,platt_logistic_regression,0.5557555001027313,1,0.6102919568863372,0.05152027027027027,0.3260135135135135,interaction,1,False,0.1891891891891892,0.2413793103448276,0.1891891891891892,False,False,True
CC1=C(C2=C(N1C(=O)C3=CC=C(C=C3)Cl)C=CC(=C2)OC)CC(=O)O,CC1=CC2=C(C=C1C)N(C=N2)C3C(C(C(O3)CO)OP(=O)(O)OC(C)CNC(=O)CCC4(C(C5C6(C(C(C(=N6)C(=C7C(C(C(=N7)C=C8C(C(C(=N8)C(=C4[N-]5)C)CCC(=O)N)(C)C)CCC(=O)N)(C)CC(=O)N)C)CCC(=O)N)(C)CC(=O)N)C)CC(=O)N)C)O.[C-]#N.[Co+2],1,reported_twosides,0.00036336170160211623,0.003904074671495738,0.003904074671495738,fitted,platt_logistic_regression,0.5557555001027313,0,0.02554740536768137,0.9045608108108109,0.0008445945945945946,no_interaction,1,False,0.3064516129032258,0.8709677419354839,0.3064516129032258,False,False,True
CC1=C(C(=CC=C1)NC2=CC=CC=C2C(=O)O)C,CCN(C1=CC=CC(=C1)C2=CC=NC3=C(C=NN23)C#N)C(=O)C,0,unreported_twosides_sampled,0.17194631695747375,0.21616723597979814,0.21616723597979814,fitted,platt_logistic_regression,0.5557555001027313,0,0.5220139774270678,0.40118243243243246,0.032939189189189186,no_interaction,1,False,0.358974358974359,0.21739130434782608,0.21739130434782608,False,False,True
CC(C)NCC(COC1=CC=C(C=C1)CCOCC2CC2)O,CCC(C)CC(C)CCCCCCCCC(=O)NC1CC(C(NC(=O)C2CCCN2C(=O)C(NC(=O)C(NC(=O)C3CC(CN3C(=O)C(NC1=O)C(C)O)O)C(C(C4=CC=C(C=C4)O)O)O)C(CCN)O)NCCN)O,0,unreported_twosides_sampled,0.4754830002784729,0.42541374127131765,0.42541374127131765,fitted,platt_logistic_regression,0.5557555001027313,0,0.6819793245884387,0.20523648648648649,0.09797297297297297,no_interaction,1,False,0.5660377358490566,0.24489795918367346,0.24489795918367346,False,False,True
C(CCCC(=O)O)CCCC(=O)O,CC(C)(C)NCC(C1=CC(=C(C=C1)O)CO)O,1,reported_twosides,0.03828370198607445,0.08355400996300881,0.08355400996300881,fitted,platt_logistic_regression,0.5557555001027313,0,0.2873648240070308,0.5962837837837838,0.010135135135135136,no_interaction,1,False,0.7058823529411765,0.5227272727272727,0.5227272727272727,False,False,False
C1CCN(CC1)C2=NC(=NC3=C2N=C(N=C3N4CCCCC4)N(CCO)CCO)N(CCO)CCO,CC1=C(C(=CC=C1)NC2=CC=CC=C2C(=O)O)C,0,unreported_twosides_sampled,0.6319919228553772,0.5318442239496131,0.5318442239496131,fitted,platt_logistic_regression,0.5557555001027313,0,0.6911176980570004,0.12246621621621621,0.17652027027027026,no_interaction|interaction,2,True,0.30434782608695654,0.358974358974359,0.30434782608695654,False,False,True
CC1COC2=C3N1C=C(C(=O)C3=CC(=C2N4CCN(CC4)C)F)C(=O)O,CCC1=C2C(=CC=C1)C3=C(N2)C(OCC3)(CC)CC(=O)O,1,reported_twosides,0.945356011390686,0.8422999541567247,0.8422999541567247,fitted,platt_logistic_regression,0.5557555001027313,1,0.4358362746568104,0.022804054054054054,0.4831081081081081,interaction,1,False,0.4507042253521127,0.2413793103448276,0.2413793103448276,False,False,True
CC(C)NCC(COC1=CC=C(C=C1)CCOC)O,CCCCN1CCCCC1C(=O)NC2=C(C=CC=C2C)C,1,reported_twosides,0.0019770616199821234,0.012061325862999009,0.012061325862999009,fitted,platt_logistic_regression,0.5557555001027313,0,0.06527223011781563,0.831081081081081,0.0016891891891891893,no_interaction,1,False,0.6222222222222222,0.8604651162790697,0.6222222222222222,False,False,False
C1=CC(=CN=C1)C(=O)[O-],C1=CC=C(C=C1)C2(C(=O)NC(=O)N2)C3=CC=CC=C3,1,reported_twosides,0.09639454632997513,0.15001798098597913,0.15001798098597913,fitted,platt_logistic_regression,0.5557555001027313,0,0.42274027637538364,0.48986486486486486,0.021114864864864864,no_interaction,1,False,0.30303030303030304,0.4,0.30303030303030304,False,False,True
CCC1C2(C(C(C(=O)C(CC(C(C(C(=O)C(C(=O)O1)C)C)OC3C(C(CC(O3)C)N(C)C)O)(C)OC)C)C)N(C(=O)O2)CCCCN4C=C(N=C4)C5=CN=CC=C5)C,COC(=O)C(C1CCCCN1)C2=CC=CC=C2,0,unreported_twosides_sampled,0.8958759307861328,0.7698343285462941,0.7698343285462941,fitted,platt_logistic_regression,0.5557555001027313,1,0.539476446693903,0.03547297297297297,0.3885135135135135,interaction,1,False,0.44642857142857145,0.3225806451612903,0.3225806451612903,False,False,True
C1=CC=C(C=C1)C2=C(OC(=N2)CCC(=O)O)C3=CC=CC=C3,CC1(OC2COC3(C(C2O1)OC(O3)(C)C)COS(=O)(=O)N)C,1,reported_twosides,0.23673851788043976,0.265170410359355,0.265170410359355,fitted,platt_logistic_regression,0.5557555001027313,0,0.5783958261765241,0.3581081081081081,0.04222972972972973,no_interaction,1,False,0.23529411764705882,0.1839080459770115,0.1839080459770115,False,False,True
CC1(OC2COC3(C(C2O1)OC(O3)(C)C)COS(=O)(=O)N)C,CNS(=O)(=O)CC1=CC2=C(C=C1)NC=C2CCN(C)C,1,reported_twosides,8.317307947436348e-05,0.0014568040099713492,0.0014568040099713492,fitted,platt_logistic_regression,0.5557555001027313,0,0.010970872717996455,0.9459459459459459,0.0008445945945945946,no_interaction,1,False,0.1839080459770115,0.6538461538461539,0.1839080459770115,False,False,True
C1=CC=C(C=C1)C2(C(=O)NC(=O)N2)C3=CC=CC=C3,CC1=CC2=C(C=C1C)N(C=N2)C3C(C(C(O3)CO)OP(=O)(O)OC(C)CNC(=O)CCC4(C(C5C6(C(C(C(=N6)C(=C7C(C(C(=N7)C=C8C(C(C(=N8)C(=C4[N-]5)C)CCC(=O)N)(C)C)CCC(=O)N)(C)CC(=O)N)C)CCC(=O)N)(C)CC(=O)N)C)CC(=O)N)C)O.[C-]#N.[Co+2],1,reported_twosides,0.0007043267833068967,0.006071289510306825,0.006071289510306825,fitted,platt_logistic_regression,0.5557555001027313,0,0.03704180215548087,0.8783783783783784,0.0008445945945945946,no_interaction,1,False,0.4,0.8709677419354839,0.4,False,False,False
CC1=C(C(=CC=C1)C)OCC(C)N,CC1COC2=C3N1C=C(C(=O)C3=CC(=C2N4CCN(CC4)C)F)C(=O)O,1,reported_twosides,0.2345554679632187,0.2635908728145155,0.2635908728145155,fitted,platt_logistic_regression,0.5557555001027313,0,0.5767794471581749,0.3597972972972973,0.04222972972972973,no_interaction,1,False,0.2727272727272727,0.4507042253521127,0.2727272727272727,False,False,True
CC1CC2C3CCC(C3(CC(C2C4(C1=CC(=O)C=C4)C)O)C)(C(=O)CO)O,CNS(=O)(=O)CC1=CC2=C(C=C1)NC=C2CCN(C)C,1,reported_twosides,0.011102735064923763,0.03757364628501648,0.03757364628501648,fitted,platt_logistic_regression,0.5557555001027313,0,0.16015487664575018,0.7221283783783784,0.004222972972972973,no_interaction,1,False,0.6949152542372882,0.6538461538461539,0.6538461538461539,False,False,False
CCN(C)C(=O)OC1=CC=CC(=C1)C(C)N(C)C,CNS(=O)(=O)CC1=CC2=C(C=C1)NC=C2CCN(C)C,0,unreported_twosides_sampled,0.057174526154994965,0.10784442687142476,0.10784442687142476,fitted,platt_logistic_regression,0.5557555001027313,0,0.34198472354396675,0.5515202702702703,0.013513513513513514,no_interaction,1,False,0.32653061224489793,0.6538461538461539,0.32653061224489793,False,False,True
CC1(OC2COC3(C(C2O1)OC(O3)(C)C)COS(=O)(=O)N)C,CC1=CC(=C(C=C1)O)C(CCN(C(C)C)C(C)C)C2=CC=CC=C2,1,reported_twosides,0.01291264221072197,0.041458017073512904,0.041458017073512904,fitted,platt_logistic_regression,0.5557555001027313,0,0.17255044115456655,0.7027027027027027,0.004222972972972973,no_interaction,1,False,0.1839080459770115,0.2833333333333333,0.1839080459770115,False,False,True
CCC1=C2C(=CC=C1)C3=C(N2)C(OCC3)(CC)CC(=O)O,CCN(C1=CC=CC(=C1)C2=CC=NC3=C(C=NN23)C#N)C(=O)C,0,unreported_twosides_sampled,0.7551525235176086,0.6271243734099153,0.6271243734099153,fitted,platt_logistic_regression,0.5557555001027313,1,0.6604684188213487,0.07601351351351351,0.25422297297297297,interaction,1,False,0.2413793103448276,0.21739130434782608,0.21739130434782608,False,False,True
CC1=C(C(=NO1)C2=CC=CC=C2)C3=CC=C(C=C3)S(=O)(=O)N,CC1=CC2=C(C=C1C)N(C=N2)C3C(C(C(O3)CO)OP(=O)(O)OC(C)CNC(=O)CCC4(C(C5C6(C(C(C(=N6)C(=C7C(C(C(=N7)C=C8C(C(C(=N8)C(=C4[N-]5)C)CCC(=O)N)(C)C)CCC(=O)N)(C)CC(=O)N)C)CCC(=O)N)(C)CC(=O)N)C)CC(=O)N)C)O.[C-]#N.[Co+2],1,reported_twosides,0.027576131746172905,0.06771879685374432,0.06771879685374432,fitted,platt_logistic_regression,0.5557555001027313,0,0.2476978064294901,0.6334459459459459,0.007601351351351352,no_interaction,1,False,0.30434782608695654,0.8709677419354839,0.30434782608695654,False,False,True
CC(=O)OCC1=C(N2C(C(C2=O)NC(=O)C(=NOC)C3=CSC(=N3)N)SC1)C(=O)[O-],CC(C)NCC(COC1=CC=C(C=C1)CCOC)O,1,reported_twosides,0.20677241683006287,0.24309961681669406,0.24309961681669406,fitted,platt_logistic_regression,0.5557555001027313,0,0.5546265331966194,0.3766891891891892,0.04054054054054054,no_interaction,1,False,0.7638888888888888,0.6222222222222222,0.6222222222222222,False,False,False
CC1=C(C2=C(N1C(=O)C3=CC=C(C=C3)Cl)C=CC(=C2)OC)CC(=O)O,CCN(C)C(=O)OC1=CC=CC(=C1)C(C)N(C)C,0,unreported_twosides_sampled,0.13264057040214539,0.18345149150885973,0.18345149150885973,fitted,platt_logistic_regression,0.5557555001027313,0,0.47658699159099444,0.44425675675675674,0.02787162162162162,no_interaction,1,False,0.3064516129032258,0.32653061224489793,0.3064516129032258,False,False,True
C1=CC=C(C=C1)C2(C(=O)NC(=O)N2)C3=CC=CC=C3,CC(C)(C)NCC(C1=CC(=C(C=C1)O)CO)O,1,reported_twosides,0.5504183769226074,0.4752157204039243,0.4752157204039243,fitted,platt_logistic_regression,0.5557555001027313,0,0.6919181559466834,0.16638513513513514,0.12922297297297297,no_interaction|interaction,2,True,0.4,0.5227272727272727,0.4,False,False,False
C1=C(C(=O)NC(=O)N1)F,CCN(C1=CC=CC(=C1)C2=CC=NC3=C(C=NN23)C#N)C(=O)C,0,unreported_twosides_sampled,0.7329450845718384,0.608669074291115,0.608669074291115,fitted,platt_logistic_regression,0.5557555001027313,1,0.6693397047889185,0.08361486486486487,0.24070945945945946,interaction,1,False,0.1891891891891892,0.21739130434782608,0.1891891891891892,False,False,True
CC(C)(C)NCC(C1=CC(=C(C=C1)O)CO)O,CCC(C)CC(C)CCCCCCCCC(=O)NC1CC(C(NC(=O)C2CCCN2C(=O)C(NC(=O)C(NC(=O)C3CC(CN3C(=O)C(NC1=O)C(C)O)O)C(C(C4=CC=C(C=C4)O)O)O)C(CCN)O)NCCN)O,1,reported_twosides,0.019006233662366867,0.05327459082694122,0.05327459082694122,fitted,platt_logistic_regression,0.5557555001027313,0,0.2080464637317156,0.6646959459459459,0.0059121621621621625,no_interaction,1,False,0.5227272727272727,0.24489795918367346,0.24489795918367346,False,False,True
CCC(C)CC(C)CCCCCCCCC(=O)NC1CC(C(NC(=O)C2CCCN2C(=O)C(NC(=O)C(NC(=O)C3CC(CN3C(=O)C(NC1=O)C(C)O)O)C(C(C4=CC=C(C=C4)O)O)O)C(CCN)O)NCCN)O,CCOC(=O)C1=C2CN(C(=O)C3=C(N2C=N1)C=CC(=C3)F)C,0,unreported_twosides_sampled,0.007772537413984537,0.029760506807368418,0.029760506807368418,fitted,platt_logistic_regression,0.5557555001027313,0,0.13390867813976914,0.7483108108108109,0.002533783783783784,no_interaction,1,False,0.24489795918367346,0.24050632911392406,0.24050632911392406,False,False,True
CC(C)NCC(COC1=CC=C(C=C1)CCOC)O,CC1=C(C(C(=C(N1)C)C(=O)OCC(C)C)C2=CC=CC=C2[N+](=O)[O-])C(=O)OC,1,reported_twosides,0.9301794171333313,0.81762854452246,0.81762854452246,fitted,platt_logistic_regression,0.5557555001027313,1,0.4749704513979288,0.02787162162162162,0.44510135135135137,interaction,1,False,0.6222222222222222,0.8043478260869565,0.6222222222222222,False,False,False
CC1=CC2=C(C=C1C)N(C=N2)C3C(C(C(O3)CO)OP(=O)(O)OC(C)CNC(=O)CCC4(C(C5C6(C(C(C(=N6)C(=C7C(C(C(=N7)C=C8C(C(C(=N8)C(=C4[N-]5)C)CCC(=O)N)(C)C)CCC(=O)N)(C)CC(=O)N)C)CCC(=O)N)(C)CC(=O)N)C)CC(=O)N)C)O.[C-]#N.[Co+2],CCN(C1=CC=CC(=C1)C2=CC=NC3=C(C=NN23)C#N)C(=O)C,1,reported_twosides,0.4567398428916931,0.413124212321755,0.413124212321755,fitted,platt_logistic_regression,0.5557555001027313,0,0.6779754922539,0.2195945945945946,0.0945945945945946,no_interaction,1,False,0.8709677419354839,0.21739130434782608,0.21739130434782608,False,False,True
C1=CC=C(C=C1)C2(C(=O)NC(=O)N2)C3=CC=CC=C3,CC1=C(C(C(=C(N1)C)C(=O)OCC(C)C)C2=CC=CC=C2[N+](=O)[O-])C(=O)OC,0,unreported_twosides_sampled,0.9002348780632019,0.7754395101420359,0.7754395101420359,fitted,platt_logistic_regression,0.5557555001027313,1,0.5326197168730702,0.033783783783783786,0.3927364864864865,interaction,1,False,0.4,0.8043478260869565,0.4,False,False,False
CCC1(CC2CC(C3=C(CCN(C2)C1)C4=CC=CC=C4N3)(C5=C(C=C6C(=C5)C78CCN9C7C(C=CC9)(C(C(C8N6C=O)(C(=O)OC)O)OC(=O)C)CC)OC)C(=O)OC)O,CN1CCCC1CC2=CNC3=C2C=C(C=C3)CCS(=O)(=O)C4=CC=CC=C4,0,unreported_twosides_sampled,0.2050057202577591,0.24176977015398415,0.24176977015398415,fitted,platt_logistic_regression,0.5557555001027313,0,0.5531113344964069,0.3783783783783784,0.04054054054054054,no_interaction,1,False,0.89,0.4492753623188406,0.4492753623188406,False,False,False
CCC1(CC2CC(C3=C(CCN(C2)C1)C4=CC=CC=C4N3)(C5=C(C=C6C(=C5)C78CCN9C7C(C=CC9)(C(C(C8N6C=O)(C(=O)OC)O)OC(=O)C)CC)OC)C(=O)OC)O,CCN(C)C(=O)OC1=CC=CC(=C1)C(C)N(C)C,0,unreported_twosides_sampled,0.6451024413108826,0.5413097643937564,0.5413097643937564,fitted,platt_logistic_regression,0.5557555001027313,0,0.6897302938097714,0.11570945945945946,0.18074324324324326,no_interaction|interaction,2,True,0.89,0.32653061224489793,0.32653061224489793,False,False,True
C1=CC=C(C=C1)C2=C(OC(=N2)CCC(=O)O)C3=CC=CC=C3,CC1COC2=C3N1C=C(C(=O)C3=CC(=C2N4CCN(CC4)C)F)C(=O)O,1,reported_twosides,0.6785438060760498,0.5660618589535027,0.5660618589535027,fitted,platt_logistic_regression,0.5557555001027313,1,0.6843932685138003,0.10219594594594594,0.19679054054054054,no_interaction|interaction,2,True,0.23529411764705882,0.4507042253521127,0.23529411764705882,False,False,True
CC1COC2=C3N1C=C(C(=O)C3=CC(=C2N4CCN(CC4)C)F)C(=O)O,CN(C)C(=O)C(CC[NH+]1CCC(CC1)(C2=CC=C(C=C2)Cl)O)(C3=CC=CC=C3)C4=CC=CC=C4,1,reported_twosides,0.17629337310791016,0.21961938319474086,0.21961938319474086,fitted,platt_logistic_regression,0.5557555001027313,0,0.5264258052519862,0.39780405405405406,0.032939189189189186,no_interaction,1,False,0.4507042253521127,0.30434782608695654,0.30434782608695654,False,False,True
C1=CN=CC=C1C(=O)NN,CC1=CC2=C(C=C1C)N(C=N2)C3C(C(C(O3)CO)OP(=O)(O)OC(C)CNC(=O)CCC4(C(C5C6(C(C(C(=N6)C(=C7C(C(C(=N7)C=C8C(C(C(=N8)C(=C4[N-]5)C)CCC(=O)N)(C)C)CCC(=O)N)(C)CC(=O)N)C)CCC(=O)N)(C)CC(=O)N)C)CC(=O)N)C)O.[C-]#N.[Co+2],1,reported_twosides,0.01795407384634018,0.051347322852712124,0.051347322852712124,fitted,platt_logistic_regression,0.5557555001027313,0,0.2024634055094892,0.6714527027027027,0.0059121621621621625,no_interaction,1,False,0.3,0.8709677419354839,0.3,False,False,True
CCN(C1=CC=CC(=C1)C2=CC=NC3=C(C=NN23)C#N)C(=O)C,COC(=O)C(C1CCCCN1)C2=CC=CC=C2,1,reported_twosides,0.6562486886978149,0.5494575196168444,0.5494575196168444,fitted,platt_logistic_regression,0.5557555001027313,0,0.6882470791575813,0.1097972972972973,0.18412162162162163,no_interaction|interaction,2,True,0.21739130434782608,0.3225806451612903,0.21739130434782608,False,False,True
CCC(=O)N(C1CCN(CC1)CCC2=CC=CC=C2)C3=CC=CC=C3,CCOC(=O)C1=C2CN(C(=O)C3=C(N2C=N1)C=CC(=C3)F)C,1,reported_twosides,0.3809760510921478,0.3635265358814879,0.3635265358814879,fitted,platt_logistic_regression,0.5557555001027313,0,0.6554202864918569,0.2592905405405405,0.07432432432432433,no_interaction,1,False,0.421875,0.24050632911392406,0.24050632911392406,False,False,True
CC(=O)NCCCS(=O)(=O)O,CCC(=O)N(C1CCN(CC1)CCC2=CC=CC=C2)C3=CC=CC=C3,0,unreported_twosides_sampled,0.0030442336574196815,0.016053250192981396,0.016053250192981396,fitted,platt_logistic_regression,0.5557555001027313,0,0.0822532262966391,0.8074324324324325,0.0016891891891891893,no_interaction,1,False,0.3333333333333333,0.421875,0.3333333333333333,False,False,True
CC1(OC2COC3(C(C2O1)OC(O3)(C)C)COS(=O)(=O)N)C,CC1=C(C(=CC=C1)NC2=CC=CC=C2C(=O)O)C,1,reported_twosides,0.13578861951828003,0.18618664033400661,0.18618664033400661,fitted,platt_logistic_regression,0.5557555001027313,0,0.48064606575305846,0.44256756756756754,0.02787162162162162,no_interaction,1,False,0.1839080459770115,0.358974358974359,0.1839080459770115,False,False,True
CC(=O)OCC1=C(N2C(C(C2=O)NC(=O)C(=NOC)C3=CSC(=N3)N)SC1)C(=O)[O-],CC(CC1=CC=CC=C1)N,0,unreported_twosides_sampled,0.04432128369808197,0.09173266274994007,0.09173266274994007,fitted,platt_logistic_regression,0.5557555001027313,0,0.3065283491577331,0.5836148648648649,0.010135135135135136,no_interaction,1,False,0.7638888888888888,0.5384615384615384,0.5384615384615384,False,False,False
B(C(CC(C)C)NC(=O)C(CC1=CC=CC=C1)NC(=O)C2=NC=CN=C2)(O)O,CC1=CC(=C(C=C1)O)C(CCN(C(C)C)C(C)C)C2=CC=CC=C2,1,reported_twosides,0.06380672007799149,0.11560984263275333,0.11560984263275333,fitted,platt_logistic_regression,0.5557555001027313,0,0.3580856728146163,0.5405405405405406,0.015202702702702704,no_interaction,1,False,0.3088235294117647,0.2833333333333333,0.2833333333333333,False,False,True
CC1=CC2=C(C=C1C)N(C=N2)C3C(C(C(O3)CO)OP(=O)(O)OC(C)CNC(=O)CCC4(C(C5C6(C(C(C(=N6)C(=C7C(C(C(=N7)C=C8C(C(C(=N8)C(=C4[N-]5)C)CCC(=O)N)(C)C)CCC(=O)N)(C)CC(=O)N)C)CCC(=O)N)(C)CC(=O)N)C)CC(=O)N)C)O.[C-]#N.[Co+2],CN(CCCNC(=O)C1CCCO1)C2=NC3=CC(=C(C=C3C(=N2)N)OC)OC,1,reported_twosides,0.0013291180366650224,0.009265539375735987,0.009265539375735987,fitted,platt_logistic_regression,0.5557555001027313,0,0.052598670074919224,0.8462837837837838,0.0016891891891891893,no_interaction,1,False,0.8709677419354839,0.5138888888888888,0.5138888888888888,False,False,False
CC1=C(C(=NO1)C2=CC=CC=C2)C3=CC=C(C=C3)S(=O)(=O)N,COC(=O)C(C1CCCCN1)C2=CC=CC=C2,1,reported_twosides,0.11463688313961029,0.16733241364441276,0.16733241364441276,fitted,platt_logistic_regression,0.5557555001027313,0,0.45163109339989693,0.46114864864864863,0.02533783783783784,no_interaction,1,False,0.30434782608695654,0.3225806451612903,0.30434782608695654,False,False,True
CC1=C(C(=NO1)C2=CC=CC=C2)C3=CC=C(C=C3)S(=O)(=O)N,CCC(C)CC(C)CCCCCCCCC(=O)NC1CC(C(NC(=O)C2CCCN2C(=O)C(NC(=O)C(NC(=O)C3CC(CN3C(=O)C(NC1=O)C(C)O)O)C(C(C4=CC=C(C=C4)O)O)O)C(CCN)O)NCCN)O,0,unreported_twosides_sampled,0.19358627498149872,0.23308648805800813,0.23308648805800813,fitted,platt_logistic_regression,0.5557555001027313,0,0.5429789677801059,0.3876689189189189,0.037162162162162164,no_interaction,1,False,0.30434782608695654,0.24489795918367346,0.24489795918367346,False,False,True
CC(C)NCC(COC1=CC=CC2=CC=CC=C21)O,CC1=CC(=C(C=C1)O)C(CCN(C(C)C)C(C)C)C2=CC=CC=C2,1,reported_twosides,0.6579292416572571,0.5506944542902052,0.5506944542902052,fitted,platt_logistic_regression,0.5557555001027313,0,0.6879984827204685,0.1097972972972973,0.18496621621621623,no_interaction|interaction,2,True,0.4489795918367347,0.2833333333333333,0.2833333333333333,False,False,True
CCC1C2(C(C(C(=O)C(CC(C(C(C(=O)C(C(=O)O1)C)C)OC3C(C(CC(O3)C)N(C)C)O)(C)OC)C)C)N(C(=O)O2)CCCCN4C=C(N=C4)C5=CN=CC=C5)C,CN(C)C(=O)C(CC[NH+]1CCC(CC1)(C2=CC=C(C=C2)Cl)O)(C3=CC=CC=C3)C4=CC=CC=C4,1,reported_twosides,0.2645805776119232,0.2849869385230776,0.2849869385230776,fitted,platt_logistic_regression,0.5557555001027313,0,0.5976018303009715,0.3344594594594595,0.0472972972972973,no_interaction,1,False,0.44642857142857145,0.30434782608695654,0.30434782608695654,False,False,True
C1=CC=NC(=C1)NS(=O)(=O)C2=CC=C(C=C2)NN=C3C=CC(=O)C(=C3)C(=O)O,CCN(C)C(=O)OC1=CC=CC(=C1)C(C)N(C)C,1,reported_twosides,0.5630558729171753,0.48378038873187285,0.48378038873187285,fitted,platt_logistic_regression,0.5557555001027313,0,0.6926209366632082,0.1570945945945946,0.13766891891891891,no_interaction|interaction,2,True,0.47619047619047616,0.32653061224489793,0.32653061224489793,False,False,True
CC(C=CC(C1CC1)O)C2CCC3C2(CCCC3=CC=C4CC(CC(C4=C)O)O)C,CN(C)C(=O)C(CC[NH+]1CCC(CC1)(C2=CC=C(C=C2)Cl)O)(C3=CC=CC=C3)C4=CC=CC=C4,0,unreported_twosides_sampled,0.010074605233967304,0.035264856326346884,0.035264856326346884,fitted,platt_logistic_regression,0.5557555001027313,0,0.15259191325616794,0.7271959459459459,0.004222972972972973,no_interaction,1,False,0.6323529411764706,0.30434782608695654,0.30434782608695654,False,False,True
C1CCN(CC1)C2=NC(=NC3=C2N=C(N=C3N4CCCCC4)N(CCO)CCO)N(CCO)CCO,CC1=C(C2=C(N1C(=O)C3=CC=C(C=C3)Cl)C=CC(=C2)OC)CC(=O)O,1,reported_twosides,0.19176867604255676,0.231689749338771,0.231689749338771,fitted,platt_logistic_regression,0.5557555001027313,0,0.5413100372139052,0.3885135135135135,0.037162162162162164,no_interaction,1,False,0.30434782608695654,0.3064516129032258,0.30434782608695654,False,False,True
C1=CC(=CN=C1)C(=O)[O-],COC1=C(C=C(C=C1)C2=CC3=C(C=C2)C=C(C=C3)C(=O)O)C45CC6CC(C4)CC(C6)C5,0,unreported_twosides_sampled,0.12689289450645447,0.17839684890815005,0.17839684890815005,fitted,platt_logistic_regression,0.5557555001027313,0,0.46895382612905406,0.4518581081081081,0.02787162162162162,no_interaction,1,False,0.30303030303030304,0.288135593220339,0.288135593220339,False,False,True
CCC(C)CC(C)CCCCCCCCC(=O)NC1CC(C(NC(=O)C2CCCN2C(=O)C(NC(=O)C(NC(=O)C3CC(CN3C(=O)C(NC1=O)C(C)O)O)C(C(C4=CC=C(C=C4)O)O)O)C(CCN)O)NCCN)O,CN(C)C(=O)C(CC[NH+]1CCC(CC1)(C2=CC=C(C=C2)Cl)O)(C3=CC=CC=C3)C4=CC=CC=C4,0,unreported_twosides_sampled,0.0001323783362749964,0.001988075386702629,0.001988075386702629,fitted,platt_logistic_regression,0.5557555001027313,0,0.01435309624571151,0.9307432432432432,0.0008445945945945946,no_interaction,1,False,0.24489795918367346,0.30434782608695654,0.24489795918367346,False,False,True
C1=CC=C(C=C1)C2=C(OC(=N2)CCC(=O)O)C3=CC=CC=C3,CCC1=C2C(=CC=C1)C3=C(N2)C(OCC3)(CC)CC(=O)O,0,unreported_twosides_sampled,0.6847437620162964,0.5707585884018022,0.5707585884018022,fitted,platt_logistic_regression,0.5557555001027313,1,0.6830999304674767,0.09881756756756757,0.20101351351351351,interaction,1,False,0.23529411764705882,0.2413793103448276,0.23529411764705882,False,False,True
CC1(OC2COC3(C(C2O1)OC(O3)(C)C)COS(=O)(=O)N)C,CCC1(CC2CC(C3=C(CCN(C2)C1)C4=CC=CC=C4N3)(C5=C(C=C6C(=C5)C78CCN9C7C(C=CC9)(C(C(C8N6C=O)(C(=O)OC)O)OC(=O)C)CC)OC)C(=O)OC)O,1,reported_twosides,0.5623504519462585,0.48330065554643686,0.48330065554643686,fitted,platt_logistic_regression,0.5557555001027313,0,0.6925893406134014,0.1579391891891892,0.13682432432432431,no_interaction|interaction,2,True,0.1839080459770115,0.89,0.1839080459770115,False,False,True
CC1=C(C2=C(N1C(=O)C3=CC=C(C=C3)Cl)C=CC(=C2)OC)CC(=O)O,CC1CC2C3CCC(C3(CC(C2C4(C1=CC(=O)C=C4)C)O)C)(C(=O)CO)O,1,reported_twosides,0.36796730756759644,0.3549599692976182,0.3549599692976182,fitted,platt_logistic_regression,0.5557555001027313,0,0.6504631022513516,0.26942567567567566,0.07094594594594594,no_interaction,1,False,0.3064516129032258,0.6949152542372882,0.3064516129032258,False,False,True
CC1=C(C(=CC=C1)NC2=CC=CC=C2C(=O)O)C,COC1=C(C=C(C=C1)C2=CC3=C(C=C2)C=C(C=C3)C(=O)O)C45CC6CC(C4)CC(C6)C5,1,reported_twosides,0.40123918652534485,0.3768210853801707,0.3768210853801707,fitted,platt_logistic_regression,0.5557555001027313,0,0.66248642490893,0.2491554054054054,0.07685810810810811,no_interaction,1,False,0.358974358974359,0.288135593220339,0.288135593220339,False,False,True
CC1CC2C3CCC(C3(CC(C2C4(C1=CC(=O)C=C4)C)O)C)(C(=O)CO)O,COC1=C(C=C(C=C1)C2=CC3=C(C=C2)C=C(C=C3)C(=O)O)C45CC6CC(C4)CC(C6)C5,0,unreported_twosides_sampled,0.34946632385253906,0.34271709583895366,0.34271709583895366,fitted,platt_logistic_regression,0.5557555001027313,0,0.6428212832886588,0.27618243243243246,0.06503378378378379,no_interaction,1,False,0.6949152542372882,0.288135593220339,0.288135593220339,False,False,True
CC(C)NCC(COC1=CC=C(C=C1)CCOCC2CC2)O,CC1=C(C=C(C=C1)NC(=O)C2=CC=C(C=C2)CN3CCN(CC3)C)NC4=NC=CC(=N4)C5=CN=CC=C5,0,unreported_twosides_sampled,0.9173407554626465,0.7986596690541445,0.7986596690541445,fitted,platt_logistic_regression,0.5557555001027313,1,0.5022549121202476,0.030405405405405407,0.41385135135135137,interaction,1,False,0.5660377358490566,0.29,0.29,False,False,True
C1=CC(=CN=C1)C(=O)[O-],C1=CC=NC(=C1)NS(=O)(=O)C2=CC=C(C=C2)NN=C3C=CC(=O)C(=C3)C(=O)O,1,reported_twosides,0.3819800019264221,0.3641864858920595,0.3641864858920595,fitted,platt_logistic_regression,0.5557555001027313,0,0.6557889772354292,0.2592905405405405,0.07432432432432433,no_interaction,1,False,0.30303030303030304,0.47619047619047616,0.30303030303030304,False,False,True
CC1=CC(=C(C=C1)O)C(CCN(C(C)C)C(C)C)C2=CC=CC=C2,CCC1C2(C(C(C(=O)C(CC(C(C(C(=O)C(C(=O)O1)C)C)OC3C(C(CC(O3)C)N(C)C)O)(C)OC)C)C)N(C(=O)O2)CCCCN4C=C(N=C4)C5=CN=CC=C5)C,1,reported_twosides,0.335769385099411,0.3335963493492154,0.3335963493492154,fitted,platt_logistic_regression,0.5557555001027313,0,0.6366963214759152,0.28800675675675674,0.059966216216216214,no_interaction,1,False,0.2833333333333333,0.44642857142857145,0.2833333333333333,False,False,True
CC(=O)OCC1=C(N2C(C(C2=O)NC(=O)C(=NOC)C3=CSC(=N3)N)SC1)C(=O)[O-],CCOC(=O)C1=C2CN(C(=O)C3=C(N2C=N1)C=CC(=C3)F)C,0,unreported_twosides_sampled,0.11581018567085266,0.1684097262113077,0.1684097262113077,fitted,platt_logistic_regression,0.5557555001027313,0,0.45335564759511815,0.46030405405405406,0.026182432432432432,no_interaction,1,False,0.7638888888888888,0.24050632911392406,0.24050632911392406,False,False,True
C1=CC(=CN=C1)C(=O)[O-],COC(=O)C(C1CCCCN1)C2=CC=CC=C2,1,reported_twosides,0.2100091278553009,0.24552704103985917,0.24552704103985917,fitted,platt_logistic_regression,0.5557555001027313,0,0.5573675296072014,0.37584459459459457,0.04054054054054054,no_interaction,1,False,0.30303030303030304,0.3225806451612903,0.30303030303030304,False,False,True
CC1=CC(=C(C=C1)O)C(CCN(C(C)C)C(C)C)C2=CC=CC=C2,CC1COC2=C3N1C=C(C(=O)C3=CC(=C2N4CCN(CC4)C)F)C(=O)O,1,reported_twosides,0.7091884613037109,0.589654036393782,0.589654036393782,fitted,platt_logistic_regression,0.5557555001027313,1,0.6769842181332859,0.0929054054054054,0.22297297297297297,interaction,1,False,0.2833333333333333,0.4507042253521127,0.2833333333333333,False,False,True
C1CCN(CC1)C2=NC(=NC3=C2N=C(N=C3N4CCCCC4)N(CCO)CCO)N(CCO)CCO,CC(=O)OCC1=C(N2C(C(C2=O)NC(=O)C(=NOC)C3=CSC(=N3)N)SC1)C(=O)[O-],0,unreported_twosides_sampled,0.8513697385787964,0.71803949500654,0.71803949500654,fitted,platt_logistic_regression,0.5557555001027313,1,0.5947954199969283,0.04391891891891892,0.33530405405405406,interaction,1,False,0.30434782608695654,0.7638888888888888,0.30434782608695654,False,False,True
CC1=C(C2=C(N1C(=O)C3=CC=C(C=C3)Cl)C=CC(=C2)OC)CC(=O)O,CC1=C(C=C(C=C1)NC(=O)C2=CC=C(C=C2)CN3CCN(CC3)C)NC4=NC=CC(=N4)C5=CN=CC=C5,0,unreported_twosides_sampled,0.03660445660352707,0.08119385084642404,0.08119385084642404,fitted,platt_logistic_regression,0.5557555001027313,0,0.2816755308851687,0.6055743243243243,0.010135135135135136,no_interaction,1,False,0.3064516129032258,0.29,0.29,False,False,True
CC(C)(C)NCC(C1=CC(=C(C=C1)O)CO)O,CCC(=O)N(C1CCN(CC1)CCC2=CC=CC=C2)C3=CC=CC=C3,1,reported_twosides,0.5592847466468811,0.4812181051781622,0.4812181051781622,fitted,platt_logistic_regression,0.5557555001027313,0,0.6924414954009415,0.16216216216216217,0.13682432432432431,no_interaction|interaction,2,True,0.5227272727272727,0.421875,0.421875,False,False,False
CC(C)NCC(COC1=CC=CC2=CC=CC=C21)O,CCC1=C(CN(C1=O)C(=O)NCCC2=CC=C(C=C2)S(=O)(=O)NC(=O)NC3CCC(CC3)C)C,1,reported_twosides,0.2754334807395935,0.2925654463263958,0.2925654463263958,fitted,platt_logistic_regression,0.5557555001027313,0,0.6044327877193653,0.3302364864864865,0.05067567567567568,no_interaction,1,False,0.4489795918367347,0.48,0.4489795918367347,False,False,False
B(C(CC(C)C)NC(=O)C(CC1=CC=CC=C1)NC(=O)C2=NC=CN=C2)(O)O,CC(=O)NCCCS(=O)(=O)O,0,unreported_twosides_sampled,0.01343075092881918,0.04253269153087612,0.04253269153087612,fitted,platt_logistic_regression,0.5557555001027313,0,0.17591129300487202,0.6993243243243243,0.004222972972972973,no_interaction,1,False,0.3088235294117647,0.3333333333333333,0.3088235294117647,False,False,True
CCCCN1CCCCC1C(=O)NC2=C(C=CC=C2C)C,CN(C)C(=O)C(CC[NH+]1CCC(CC1)(C2=CC=C(C=C2)Cl)O)(C3=CC=CC=C3)C4=CC=CC=C4,0,unreported_twosides_sampled,0.010172734968364239,0.03548877898473143,0.03548877898473143,fitted,platt_logistic_regression,0.5557555001027313,0,0.1533321304627241,0.7271959459459459,0.004222972972972973,no_interaction,1,False,0.8604651162790697,0.30434782608695654,0.30434782608695654,False,False,True
CC(C)(C)NCC(C1=CC(=C(C=C1)O)CO)O,CC1=C(C(C(=C(N1)C)C(=O)OCC(C)C)C2=CC=CC=C2[N+](=O)[O-])C(=O)OC,1,reported_twosides,0.9554738998413086,0.8605405389692609,0.8605405389692609,fitted,platt_logistic_regression,0.5557555001027313,1,0.4039810354044845,0.019425675675675675,0.5050675675675675,interaction,1,False,0.5227272727272727,0.8043478260869565,0.5227272727272727,False,False,False
C1=CN=CC=C1C(=O)NN,CC1=C(C(C(=C(N1)C)C(=O)OCC(C)C)C2=CC=CC=C2[N+](=O)[O-])C(=O)OC,0,unreported_twosides_sampled,0.7714522480964661,0.6411532567658539,0.6411532567658539,fitted,platt_logistic_regression,0.5557555001027313,1,0.6527517645613743,0.07347972972972973,0.2652027027027027,interaction,1,False,0.3,0.8043478260869565,0.3,False,False,True
CC1(OC2COC3(C(C2O1)OC(O3)(C)C)COS(=O)(=O)N)C,CC1CC2C3CCC(C3(CC(C2C4(C1=CC(=O)C=C4)C)O)C)(C(=O)CO)O,1,reported_twosides,0.6544582843780518,0.5481422244745308,0.5481422244745308,fitted,platt_logistic_regression,0.5557555001027313,0,0.6885046441643382,0.1097972972972973,0.18412162162162163,no_interaction|interaction,2,True,0.1839080459770115,0.6949152542372882,0.1839080459770115,False,False,True
C1=CC=C(C=C1)C2=C(OC(=N2)CCC(=O)O)C3=CC=CC=C3,CCC1=C(CN(C1=O)C(=O)NCCC2=CC=C(C=C2)S(=O)(=O)NC(=O)NC3CCC(CC3)C)C,0,unreported_twosides_sampled,0.28732189536094666,0.3007866919787699,0.3007866919787699,fitted,platt_logistic_regression,0.5557555001027313,0,0.6115293916860516,0.32263513513513514,0.052364864864864864,no_interaction,1,False,0.23529411764705882,0.48,0.23529411764705882,False,False,True
C1=CC=NC(=C1)NS(=O)(=O)C2=CC=C(C=C2)NN=C3C=CC(=O)C(=C3)C(=O)O,CN(C)C(=O)C(CC[NH+]1CCC(CC1)(C2=CC=C(C=C2)Cl)O)(C3=CC=CC=C3)C4=CC=CC=C4,1,reported_twosides,0.16355612874031067,0.20942063205945613,0.20942063205945613,fitted,platt_logistic_regression,0.5557555001027313,0,0.5131880389689891,0.40878378378378377,0.03125,no_interaction,1,False,0.47619047619047616,0.30434782608695654,0.30434782608695654,False,False,True
C1=CC=C(C=C1)C2(C(=O)NC(=O)N2)C3=CC=CC=C3,COC(=O)C(C1CCCCN1)C2=CC=CC=C2,1,reported_twosides,0.8407487273216248,0.7068417488589032,0.7068417488589032,fitted,platt_logistic_regression,0.5557555001027313,1,0.6049553601030082,0.05067567567567568,0.3293918918918919,interaction,1,False,0.4,0.3225806451612903,0.3225806451612903,False,False,True
C1=CC=NC(=C1)NS(=O)(=O)C2=CC=C(C=C2)NN=C3C=CC(=O)C(=C3)C(=O)O,CC(=O)OCC1=C(N2C(C(C2=O)NC(=O)C(=NOC)C3=CSC(=N3)N)SC1)C(=O)[O-],0,unreported_twosides_sampled,0.03165220469236374,0.07398156331761041,0.07398156331761041,fitted,platt_logistic_regression,0.5557555001027313,0,0.2638183323446419,0.620777027027027,0.007601351351351352,no_interaction,1,False,0.47619047619047616,0.7638888888888888,0.47619047619047616,False,False,False
CC1=C(C(=NO1)C2=CC=CC=C2)C3=CC=C(C=C3)S(=O)(=O)N,CCN(C1=CC=CC(=C1)C2=CC=NC3=C(C=NN23)C#N)C(=O)C,1,reported_twosides,0.16444677114486694,0.21014224267206377,0.21014224267206377,fitted,platt_logistic_regression,0.5557555001027313,0,0.5141450705791697,0.40709459459459457,0.03209459459459459,no_interaction,1,False,0.30434782608695654,0.21739130434782608,0.21739130434782608,False,False,True
CCC1=C2C(=CC=C1)C3=C(N2)C(OCC3)(CC)CC(=O)O,CN(C)C(=O)C(CC[NH+]1CCC(CC1)(C2=CC=C(C=C2)Cl)O)(C3=CC=CC=C3)C4=CC=CC=C4,0,unreported_twosides_sampled,0.27658340334892273,0.29336419000160313,0.29336419000160313,fitted,platt_logistic_regression,0.5557555001027313,0,0.605136503386703,0.3293918918918919,0.05067567567567568,no_interaction,1,False,0.2413793103448276,0.30434782608695654,0.2413793103448276,False,False,True
C1C(C(OC1N2C=NC3=C2NC=NCC3O)CO)O,CC(C)(C)NCC(C1=CC(=C(C=C1)O)CO)O,0,unreported_twosides_sampled,0.41005778312683105,0.38259402359654054,0.38259402359654054,fitted,platt_logistic_regression,0.5557555001027313,0,0.6653197582344132,0.24662162162162163,0.08023648648648649,no_interaction,1,False,0.4406779661016949,0.5227272727272727,0.4406779661016949,False,False,False
C1=C(C(=O)NC(=O)N1)F,CC1=C(C(C(=C(N1)C)C(=O)OCC(C)C)C2=CC=CC=C2[N+](=O)[O-])C(=O)OC,0,unreported_twosides_sampled,0.870947539806366,0.7397440723928859,0.7397440723928859,fitted,platt_logistic_regression,0.5557555001027313,1,0.5733244391815299,0.041385135135135136,0.3640202702702703,interaction,1,False,0.1891891891891892,0.8043478260869565,0.1891891891891892,False,False,True
CCC1(CC2CC(C3=C(CCN(C2)C1)C4=CC=CC=C4N3)(C5=C(C=C6C(=C5)C78CCN9C7C(C=CC9)(C(C(C8N6C=O)(C(=O)OC)O)OC(=O)C)CC)OC)C(=O)OC)O,CCC1=C(CN(C1=O)C(=O)NCCC2=CC=C(C=C2)S(=O)(=O)NC(=O)NC3CCC(CC3)C)C,0,unreported_twosides_sampled,0.013883361592888832,0.043459184213861135,0.043459184213861135,fitted,platt_logistic_regression,0.5557555001027313,0,0.17878594158829086,0.6951013513513513,0.004222972972972973,no_interaction,1,False,0.89,0.48,0.48,False,False,False
CC1(OC2COC3(C(C2O1)OC(O3)(C)C)COS(=O)(=O)N)C,CC1=C(C(C(=C(N1)C)C(=O)OCC(C)C)C2=CC=CC=C2[N+](=O)[O-])C(=O)OC,0,unreported_twosides_sampled,0.36855900287628174,0.355350284029254,0.355350284029254,fitted,platt_logistic_regression,0.5557555001027313,0,0.6506959074815675,0.26942567567567566,0.07179054054054054,no_interaction,1,False,0.1839080459770115,0.8043478260869565,0.1839080459770115,False,False,True
C1=CC(=CN=C1)C(=O)[O-],CCN(C1=CC=CC(=C1)C2=CC=NC3=C(C=NN23)C#N)C(=O)C,1,reported_twosides,0.5453049540519714,0.4717672446997073,0.4717672446997073,fitted,platt_logistic_regression,0.5557555001027313,0,0.6915521554006436,0.17145270270270271,0.125,no_interaction|interaction,2,True,0.30303030303030304,0.21739130434782608,0.21739130434782608,False,False,True
CC(C)NCC(COC1=CC=C(C=C1)CCOC)O,CC1COC2=C3N1C=C(C(=O)C3=CC(=C2N4CCN(CC4)C)F)C(=O)O,1,reported_twosides,0.2939545512199402,0.30534013356808765,0.30534013356808765,fitted,platt_logistic_regression,0.5557555001027313,0,0.6153213156484141,0.31756756756756754,0.05489864864864865,no_interaction,1,False,0.6222222222222222,0.4507042253521127,0.4507042253521127,False,False,False
C1=CC=C(C=C1)C2=C(OC(=N2)CCC(=O)O)C3=CC=CC=C3,C1=CC=NC(=C1)NS(=O)(=O)C2=CC=C(C=C2)NN=C3C=CC(=O)C(=C3)C(=O)O,1,reported_twosides,0.41368359327316284,0.38496609948554933,0.38496609948554933,fitted,platt_logistic_regression,0.5557555001027313,0,0.6664430198666296,0.24408783783783783,0.08192567567567567,no_interaction,1,False,0.23529411764705882,0.47619047619047616,0.23529411764705882,False,False,True
CC1=C(C=C(C=C1)NC(=O)C2=CC=C(C=C2)CN3CCN(CC3)C)NC4=NC=CC(=N4)C5=CN=CC=C5,CCC1C2(C(C(C(=O)C(CC(C(C(C(=O)C(C(=O)O1)C)C)OC3C(C(CC(O3)C)N(C)C)O)(C)OC)C)C)N(C(=O)O2)CCCCN4C=C(N=C4)C5=CN=CC=C5)C,0,unreported_twosides_sampled,0.611712634563446,0.5174305390350556,0.5174305390350556,fitted,platt_logistic_regression,0.5557555001027313,0,0.6925394100395235,0.13682432432432431,0.1579391891891892,no_interaction|interaction,2,True,0.29,0.44642857142857145,0.29,False,False,True
C1=CC=C(C=C1)C2(C(=O)NC(=O)N2)C3=CC=CC=C3,CCC1=C2C(=CC=C1)C3=C(N2)C(OCC3)(CC)CC(=O)O,1,reported_twosides,0.24123187363147736,0.26840894202356297,0.26840894202356297,fitted,platt_logistic_regression,0.5557555001027313,0,0.5816699081901442,0.3530405405405405,0.04222972972972973,no_interaction,1,False,0.4,0.2413793103448276,0.2413793103448276,False,False,True
C1=CC=C(C=C1)C2(C(=O)NC(=O)N2)C3=CC=CC=C3,CN1CCCC1CC2=CNC3=C2C=C(C=C3)CCS(=O)(=O)C4=CC=CC=C4,0,unreported_twosides_sampled,0.019922899082303047,0.05492167610156473,0.05492167610156473,fitted,platt_logistic_regression,0.5557555001027313,0,0.21275939671610694,0.6613175675675675,0.0059121621621621625,no_interaction,1,False,0.4,0.4492753623188406,0.4,False,False,False
B(C(CC(C)C)NC(=O)C(CC1=CC=CC=C1)NC(=O)C2=NC=CN=C2)(O)O,CCN(C1=CC=CC(=C1)C2=CC=NC3=C(C=NN23)C#N)C(=O)C,0,unreported_twosides_sampled,0.06002195551991463,0.11121837493700781,0.11121837493700781,fitted,platt_logistic_regression,0.5557555001027313,0,0.3490550864681761,0.5472972972972973,0.015202702702702704,no_interaction,1,False,0.3088235294117647,0.21739130434782608,0.21739130434782608,False,False,True
CCC1=C(CN(C1=O)C(=O)NCCC2=CC=C(C=C2)S(=O)(=O)NC(=O)NC3CCC(CC3)C)C,CN(C)C(=O)C(CC[NH+]1CCC(CC1)(C2=CC=C(C=C2)Cl)O)(C3=CC=CC=C3)C4=CC=CC=C4,1,reported_twosides,0.0028880208265036345,0.015503498028374457,0.015503498028374457,fitted,platt_logistic_regression,0.5557555001027313,0,0.07998095689520507,0.8116554054054054,0.0016891891891891893,no_interaction,1,False,0.48,0.30434782608695654,0.30434782608695654,False,False,True
CC(C)(C)NCC(C1=CC(=C(C=C1)O)CO)O,CC1=C(C(=NO1)C2=CC=CC=C2)C3=CC=C(C=C3)S(=O)(=O)N,1,reported_twosides,0.14976052939891815,0.1980651750753407,0.1980651750753407,fitted,platt_logistic_regression,0.5557555001027313,0,0.4977084596269694,0.42567567567567566,0.02956081081081081,no_interaction,1,False,0.5227272727272727,0.30434782608695654,0.30434782608695654,False,False,True
CCC(=O)N(C1CCN(CC1)CCC2=CC=CC=C2)C3=CC=CC=C3,CCN(C)C(=O)OC1=CC=CC(=C1)C(C)N(C)C,1,reported_twosides,0.5878739356994629,0.5007967955725874,0.5007967955725874,fitted,platt_logistic_regression,0.5557555001027313,0,0.6931459107930389,0.14442567567567569,0.14527027027027026,no_interaction|interaction,2,True,0.421875,0.32653061224489793,0.32653061224489793,False,False,True
CC(CC1=CC=CC=C1)N,CC1=C(C2=C(N1C(=O)C3=CC=C(C=C3)Cl)C=CC(=C2)OC)CC(=O)O,0,unreported_twosides_sampled,0.01793074980378151,0.05130413354491311,0.05130413354491311,fitted,platt_logistic_regression,0.5557555001027313,0,0.20233742776704405,0.6722972972972973,0.0059121621621621625,no_interaction,1,False,0.5384615384615384,0.3064516129032258,0.3064516129032258,False,False,True
C1=C(C(=O)NC(=O)N1)F,COC1=C(C=C(C=C1)C2=CC3=C(C=C2)C=C(C=C3)C(=O)O)C45CC6CC(C4)CC(C6)C5,0,unreported_twosides_sampled,0.0746086984872818,0.12762776383444382,0.12762776383444382,fitted,platt_logistic_regression,0.5557555001027313,0,0.38185217478684674,0.527027027027027,0.017736486486486486,no_interaction,1,False,0.1891891891891892,0.288135593220339,0.1891891891891892,False,False,True
C1=C(C(=O)NC(=O)N1)F,CCC(C)CC(C)CCCCCCCCC(=O)NC1CC(C(NC(=O)C2CCCN2C(=O)C(NC(=O)C(NC(=O)C3CC(CN3C(=O)C(NC1=O)C(C)O)O)C(C(C4=CC=C(C=C4)O)O)O)C(CCN)O)NCCN)O,0,unreported_twosides_sampled,0.2636443078517914,0.28432961954765396,0.28432961954765396,fitted,platt_logistic_regression,0.5557555001027313,0,0.5969961298570399,0.3344594594594595,0.04560810810810811,no_interaction,1,False,0.1891891891891892,0.24489795918367346,0.1891891891891892,False,False,True
C1=CC(=CN=C1)C(=O)[O-],CC1=C(C=NO1)C(=O)NC2=CC=C(C=C2)C(F)(F)F,1,reported_twosides,0.02984168380498886,0.07123974569038717,0.07123974569038717,fitted,platt_logistic_regression,0.5557555001027313,0,0.256834043084034,0.6241554054054054,0.007601351351351352,no_interaction,1,False,0.30303030303030304,0.2608695652173913,0.2608695652173913,False,False,True
CC1=CC(=C(C=C1)O)C(CCN(C(C)C)C(C)C)C2=CC=CC=C2,CCN(C1=CC=CC(=C1)C2=CC=NC3=C(C=NN23)C#N)C(=O)C,1,reported_twosides,0.5509203672409058,0.4755547694555247,0.4755547694555247,fitted,platt_logistic_regression,0.5557555001027313,0,0.6919515653926421,0.16638513513513514,0.13006756756756757,no_interaction|interaction,2,True,0.2833333333333333,0.21739130434782608,0.21739130434782608,False,False,True
C1=CC=C(C=C1)C2=C(OC(=N2)CCC(=O)O)C3=CC=CC=C3,CC(C)NCC(COC1=CC=C(C=C1)CCOC)O,1,reported_twosides,0.42227500677108765,0.3905844220474507,0.3905844220474507,fitted,platt_logistic_regression,0.5557555001027313,0,0.6690087882614383,0.24155405405405406,0.08361486486486487,no_interaction,1,False,0.23529411764705882,0.6222222222222222,0.23529411764705882,False,False,True
CC1=CC2=C(C=C1C)N(C=N2)C3C(C(C(O3)CO)OP(=O)(O)OC(C)CNC(=O)CCC4(C(C5C6(C(C(C(=N6)C(=C7C(C(C(=N7)C=C8C(C(C(=N8)C(=C4[N-]5)C)CCC(=O)N)(C)C)CCC(=O)N)(C)CC(=O)N)C)CCC(=O)N)(C)CC(=O)N)C)CC(=O)N)C)O.[C-]#N.[Co+2],CCC1(CC2CC(C3=C(CCN(C2)C1)C4=CC=CC=C4N3)(C5=C(C=C6C(=C5)C78CCN9C7C(C=CC9)(C(C(C8N6C=O)(C(=O)OC)O)OC(=O)C)CC)OC)C(=O)OC)O,1,reported_twosides,0.006168643943965435,0.025572954157637735,0.025572954157637735,fitted,platt_logistic_regression,0.5557555001027313,0,0.11899921769488281,0.7635135135135135,0.002533783783783784,no_interaction,1,False,0.8709677419354839,0.89,0.8709677419354839,False,False,False
CC1COC2=C3N1C=C(C(=O)C3=CC(=C2N4CCN(CC4)C)F)C(=O)O,COC(=O)C(C1CCCCN1)C2=CC=CC=C2,1,reported_twosides,0.9514357447624207,0.8530563039987827,0.8530563039987827,fitted,platt_logistic_regression,0.5557555001027313,1,0.4173707812338488,0.02027027027027027,0.49324324324324326,interaction,1,False,0.4507042253521127,0.3225806451612903,0.3225806451612903,False,False,True
C1=C(C(=O)NC(=O)N1)F,CCC1=C(CN(C1=O)C(=O)NCCC2=CC=C(C=C2)S(=O)(=O)NC(=O)NC3CCC(CC3)C)C,1,reported_twosides,0.17321394383907318,0.2171768610665581,0.2171768610665581,fitted,platt_logistic_regression,0.5557555001027313,0,0.523311514644728,0.39949324324324326,0.032939189189189186,no_interaction,1,False,0.1891891891891892,0.48,0.1891891891891892,False,False,True
CC(=O)NCCCS(=O)(=O)O,COC(=O)C(C1CCCCN1)C2=CC=CC=C2,1,reported_twosides,0.05435553938150406,0.104440343894767,0.104440343894767,fitted,platt_logistic_regression,0.5557555001027313,0,0.33473127869219055,0.5565878378378378,0.013513513513513514,no_interaction,1,False,0.3333333333333333,0.3225806451612903,0.3225806451612903,False,False,True
CC(C=CC(C1CC1)O)C2CCC3C2(CCCC3=CC=C4CC(CC(C4=C)O)O)C,CCC(C)CC(C)CCCCCCCCC(=O)NC1CC(C(NC(=O)C2CCCN2C(=O)C(NC(=O)C(NC(=O)C3CC(CN3C(=O)C(NC1=O)C(C)O)O)C(C(C4=CC=C(C=C4)O)O)O)C(CCN)O)NCCN)O,0,unreported_twosides_sampled,0.40514135360717773,0.3793762911014067,0.3793762911014067,fitted,platt_logistic_regression,0.5557555001027313,0,0.6637579652256309,0.2491554054054054,0.0777027027027027,no_interaction,1,False,0.6323529411764706,0.24489795918367346,0.24489795918367346,False,False,True
CCC(C)CC(C)CCCCCCCCC(=O)NC1CC(C(NC(=O)C2CCCN2C(=O)C(NC(=O)C(NC(=O)C3CC(CN3C(=O)C(NC1=O)C(C)O)O)C(C(C4=CC=C(C=C4)O)O)O)C(CCN)O)NCCN)O,CN(CCCNC(=O)C1CCCO1)C2=NC3=CC(=C(C=C3C(=N2)N)OC)OC,0,unreported_twosides_sampled,0.010597067885100842,0.03644823385810124,0.03644823385810124,fitted,platt_logistic_regression,0.5557555001027313,0,0.15648730725288454,0.7246621621621622,0.004222972972972973,no_interaction,1,False,0.24489795918367346,0.5138888888888888,0.24489795918367346,False,False,True
C1=CC=NC(=C1)NS(=O)(=O)C2=CC=C(C=C2)NN=C3C=CC(=O)C(=C3)C(=O)O,CC1=CC2=C(C=C1C)N(C=N2)C3C(C(C(O3)CO)OP(=O)(O)OC(C)CNC(=O)CCC4(C(C5C6(C(C(C(=N6)C(=C7C(C(C(=N7)C=C8C(C(C(=N8)C(=C4[N-]5)C)CCC(=O)N)(C)C)CCC(=O)N)(C)CC(=O)N)C)CCC(=O)N)(C)CC(=O)N)C)CC(=O)N)C)O.[C-]#N.[Co+2],1,reported_twosides,0.3383396863937378,0.33531212089128715,0.33531212089128715,fitted,platt_logistic_regression,0.5557555001027313,0,0.6378769578890511,0.2846283783783784,0.059966216216216214,no_interaction,1,False,0.47619047619047616,0.8709677419354839,0.47619047619047616,False,False,False
CCC(C)CC(C)CCCCCCCCC(=O)NC1CC(C(NC(=O)C2CCCN2C(=O)C(NC(=O)C(NC(=O)C3CC(CN3C(=O)C(NC1=O)C(C)O)O)C(C(C4=CC=C(C=C4)O)O)O)C(CCN)O)NCCN)O,CCC1(CC2CC(C3=C(CCN(C2)C1)C4=CC=CC=C4N3)(C5=C(C=C6C(=C5)C78CCN9C7C(C=CC9)(C(C(C8N6C=O)(C(=O)OC)O)OC(=O)C)CC)OC)C(=O)OC)O,1,reported_twosides,0.3581700026988983,0.3484865258013263,0.3484865258013263,fitted,platt_logistic_regression,0.5557555001027313,0,0.6465047015089604,0.2719594594594595,0.06672297297297297,no_interaction,1,False,0.24489795918367346,0.89,0.24489795918367346,False,False,True
CC(C)NCC(COC1=CC=C(C=C1)CCOC)O,CC1=C(C(=NO1)C2=CC=CC=C2)C3=CC=C(C=C3)S(=O)(=O)N,1,reported_twosides,0.06609560549259186,0.11821740775789061,0.11821740775789061,fitted,platt_logistic_regression,0.5557555001027313,0,0.36335819026347116,0.5388513513513513,0.015202702702702704,no_interaction,1,False,0.6222222222222222,0.30434782608695654,0.30434782608695654,False,False,True
CCC(=O)N(C1CCN(CC1)CCC2=CC=CC=C2)C3=CC=CC=C3,CCC1C2(C(C(C(=O)C(CC(C(C(C(=O)C(C(=O)O1)C)C)OC3C(C(CC(O3)C)N(C)C)O)(C)OC)C)C)N(C(=O)O2)CCCCN4C=C(N=C4)C5=CN=CC=C5)C,1,reported_twosides,0.2473241537809372,0.2727737639973265,0.2727737639973265,fitted,platt_logistic_regression,0.5557555001027313,0,0.5859982128527972,0.3454391891891892,0.04307432432432432,no_interaction,1,False,0.421875,0.44642857142857145,0.421875,False,False,False
CC(C=CC(C1CC1)O)C2CCC3C2(CCCC3=CC=C4CC(CC(C4=C)O)O)C,CC1=C(C2=C(N1C(=O)C3=CC=C(C=C3)Cl)C=CC(=C2)OC)CC(=O)O,1,reported_twosides,0.37219640612602234,0.3577482371583304,0.3577482371583304,fitted,platt_logistic_regression,0.5557555001027313,0,0.6521115975502754,0.2668918918918919,0.07263513513513513,no_interaction,1,False,0.6323529411764706,0.3064516129032258,0.3064516129032258,False,False,True
CC(=O)OCC1=C(N2C(C(C2=O)NC(=O)C(=NOC)C3=CSC(=N3)N)SC1)C(=O)[O-],CC1=C(C2=C(N1C(=O)C3=CC=C(C=C3)Cl)C=CC(=C2)OC)CC(=O)O,1,reported_twosides,0.1971587836742401,0.23581978419157953,0.23581978419157953,fitted,platt_logistic_regression,0.5557555001027313,0,0.5462133859981285,0.3859797297297297,0.03885135135135135,no_interaction,1,False,0.7638888888888888,0.3064516129032258,0.3064516129032258,False,False,True
C1=CC=C(C=C1)C2=C(OC(=N2)CCC(=O)O)C3=CC=CC=C3,CC1CC2C3CCC(C3(CC(C2C4(C1=CC(=O)C=C4)C)O)C)(C(=O)CO)O,1,reported_twosides,0.9809616208076477,0.9173409499498366,0.9173409499498366,fitted,platt_logistic_regression,0.5557555001027313,1,0.2852161390892359,0.010135135135135136,0.6013513513513513,interaction,1,False,0.23529411764705882,0.6949152542372882,0.23529411764705882,False,False,True
CC1(OC2COC3(C(C2O1)OC(O3)(C)C)COS(=O)(=O)N)C,CCC1=C(CN(C1=O)C(=O)NCCC2=CC=C(C=C2)S(=O)(=O)NC(=O)NC3CCC(CC3)C)C,1,reported_twosides,0.14919927716255188,0.1975957263158255,0.1975957263158255,fitted,platt_logistic_regression,0.5557555001027313,0,0.49705127367987345,0.42567567567567566,0.02956081081081081,no_interaction,1,False,0.1839080459770115,0.48,0.1839080459770115,False,False,True
CC1=C(C(=CC=C1)C)OCC(C)N,CC1=C(C2=C(N1C(=O)C3=CC=C(C=C3)Cl)C=CC(=C2)OC)CC(=O)O,0,unreported_twosides_sampled,0.13658812642097473,0.18687766862444427,0.18687766862444427,fitted,platt_logistic_regression,0.5557555001027313,0,0.4816637454017916,0.4408783783783784,0.02787162162162162,no_interaction,1,False,0.2727272727272727,0.3064516129032258,0.2727272727272727,False,False,True
C1CCN(CC1)C2=NC(=NC3=C2N=C(N=C3N4CCCCC4)N(CCO)CCO)N(CCO)CCO,COC(=O)C(C1CCCCN1)C2=CC=CC=C2,0,unreported_twosides_sampled,0.5416762828826904,0.4693256406405735,0.4693256406405735,fitted,platt_logistic_regression,0.5557555001027313,0,0.6912641657036649,0.17483108108108109,0.12246621621621621,no_interaction|interaction,2,True,0.30434782608695654,0.3225806451612903,0.30434782608695654,False,False,True
CC(C)NCC(COC1=CC=C(C=C1)CCOC)O,CC(C)NCC(COC1=CC=CC2=CC=CC=C21)O,1,reported_twosides,0.6051651835441589,0.5128307224892868,0.5128307224892868,fitted,platt_logistic_regression,0.5557555001027313,0,0.6928178895349708,0.13851351351351351,0.15371621621621623,no_interaction|interaction,2,True,0.6222222222222222,0.4489795918367347,0.4489795918367347,False,False,False
CC1=C(C2=C(N1C(=O)C3=CC=C(C=C3)Cl)C=CC(=C2)OC)CC(=O)O,CCC1C2(C(C(C(=O)C(CC(C(C(C(=O)C(C(=O)O1)C)C)OC3C(C(CC(O3)C)N(C)C)O)(C)OC)C)C)N(C(=O)O2)CCCCN4C=C(N=C4)C5=CN=CC=C5)C,1,reported_twosides,0.5394921898841858,0.46785819129935546,0.46785819129935546,fitted,platt_logistic_regression,0.5557555001027313,0,0.6910795634199666,0.17736486486486486,0.12246621621621621,no_interaction|interaction,2,True,0.3064516129032258,0.44642857142857145,0.3064516129032258,False,False,True
B(C(CC(C)C)NC(=O)C(CC1=CC=CC=C1)NC(=O)C2=NC=CN=C2)(O)O,COC(=O)C(C1CCCCN1)C2=CC=CC=C2,1,reported_twosides,0.28053954243659973,0.29610624724632845,0.29610624724632845,fitted,platt_logistic_regression,0.5557555001027313,0,0.6075289453055595,0.3277027027027027,0.05152027027027027,no_interaction,1,False,0.3088235294117647,0.3225806451612903,0.3088235294117647,False,False,True
C1=CC(=CN=C1)C(=O)[O-],CC1(OC2COC3(C(C2O1)OC(O3)(C)C)COS(=O)(=O)N)C,1,reported_twosides,0.5192989110946655,0.45436092136073414,0.45436092136073414,fitted,platt_logistic_regression,0.5557555001027313,0,0.6889755254250556,0.18327702702702703,0.11064189189189189,no_interaction|interaction,2,True,0.30303030303030304,0.1839080459770115,0.1839080459770115,False,False,True
CC1=CC(=C(C=C1)O)C(CCN(C(C)C)C(C)C)C2=CC=CC=C2,CC1=CC2=C(C=C1C)N(C=N2)C3C(C(C(O3)CO)OP(=O)(O)OC(C)CNC(=O)CCC4(C(C5C6(C(C(C(=N6)C(=C7C(C(C(=N7)C=C8C(C(C(=N8)C(=C4[N-]5)C)CCC(=O)N)(C)C)CCC(=O)N)(C)CC(=O)N)C)CCC(=O)N)(C)CC(=O)N)C)CC(=O)N)C)O.[C-]#N.[Co+2],1,reported_twosides,0.00199272483587265,0.012124624606926093,0.012124624606926093,fitted,platt_logistic_regression,0.5557555001027313,0,0.06555093227220854,0.8302364864864865,0.0016891891891891893,no_interaction,1,False,0.2833333333333333,0.8709677419354839,0.2833333333333333,False,False,True
C1=C(C(=O)NC(=O)N1)F,CCC1(CC2CC(C3=C(CCN(C2)C1)C4=CC=CC=C4N3)(C5=C(C=C6C(=C5)C78CCN9C7C(C=CC9)(C(C(C8N6C=O)(C(=O)OC)O)OC(=O)C)CC)OC)C(=O)OC)O,1,reported_twosides,0.5360774397850037,0.46556702871677225,0.46556702871677225,fitted,platt_logistic_regression,0.5557555001027313,0,0.6907740436827764,0.17820945945945946,0.11908783783783784,no_interaction|interaction,2,True,0.1891891891891892,0.89,0.1891891891891892,False,False,True
CC1(OC2COC3(C(C2O1)OC(O3)(C)C)COS(=O)(=O)N)C,CC1=C(C=NO1)C(=O)NC2=CC=C(C=C2)C(F)(F)F,1,reported_twosides,0.10795077681541443,0.1611140029262089,0.1611140029262089,fitted,platt_logistic_regression,0.5557555001027313,0,0.44151254214870583,0.47635135135135137,0.02364864864864865,no_interaction,1,False,0.1839080459770115,0.2608695652173913,0.1839080459770115,False,False,True
CC1=C(C=NO1)C(=O)NC2=CC=C(C=C2)C(F)(F)F,CC1=CC2=C(C=C1C)N(C=N2)C3C(C(C(O3)CO)OP(=O)(O)OC(C)CNC(=O)CCC4(C(C5C6(C(C(C(=N6)C(=C7C(C(C(=N7)C=C8C(C(C(=N8)C(=C4[N-]5)C)CCC(=O)N)(C)C)CCC(=O)N)(C)CC(=O)N)C)CCC(=O)N)(C)CC(=O)N)C)CC(=O)N)C)O.[C-]#N.[Co+2],1,reported_twosides,0.01920204609632492,0.053628860940407475,0.053628860940407475,fitted,platt_logistic_regression,0.5557555001027313,0,0.20906465193391688,0.6646959459459459,0.0059121621621621625,no_interaction,1,False,0.2608695652173913,0.8709677419354839,0.2608695652173913,False,False,True
CC(C)NCC(COC1=CC=CC2=CC=CC=C21)O,CC(C=CC(C1CC1)O)C2CCC3C2(CCCC3=CC=C4CC(CC(C4=C)O)O)C,1,reported_twosides,0.5351381301879883,0.46493744659994757,0.46493744659994757,fitted,platt_logistic_regression,0.5557555001027313,0,0.6906863961081295,0.17905405405405406,0.11824324324324324,no_interaction|interaction,2,True,0.4489795918367347,0.6323529411764706,0.4489795918367347,False,False,False
CCN(C1=CC=CC(=C1)C2=CC=NC3=C(C=NN23)C#N)C(=O)C,CNS(=O)(=O)CC1=CC2=C(C=C1)NC=C2CCN(C)C,1,reported_twosides,0.0435708649456501,0.09074031302037866,0.09074031302037866,fitted,platt_logistic_regression,0.5557555001027313,0,0.3042472994624312,0.5836148648648649,0.010135135135135136,no_interaction,1,False,0.21739130434782608,0.6538461538461539,0.21739130434782608,False,False,True
CC1=C(C2=C(N1C(=O)C3=CC=C(C=C3)Cl)C=CC(=C2)OC)CC(=O)O,COC1=C(C=C(C=C1)C2=CC3=C(C=C2)C=C(C=C3)C(=O)O)C45CC6CC(C4)CC(C6)C5,0,unreported_twosides_sampled,0.03143411502242088,0.07365448834637696,0.07365448834637696,fitted,platt_logistic_regression,0.5557555001027313,0,0.262991006478238,0.6216216216216216,0.007601351351351352,no_interaction,1,False,0.3064516129032258,0.288135593220339,0.288135593220339,False,False,True
C1=CC(=CN=C1)C(=O)[O-],CNS(=O)(=O)CC1=CC2=C(C=C1)NC=C2CCN(C)C,1,reported_twosides,0.0022663904819637537,0.013204534666790332,0.013204534666790332,fitted,platt_logistic_regression,0.5557555001027313,0,0.07025556455324337,0.8234797297297297,0.0016891891891891893,no_interaction,1,False,0.30303030303030304,0.6538461538461539,0.30303030303030304,False,False,True
CC1(OC2COC3(C(C2O1)OC(O3)(C)C)COS(=O)(=O)N)C,CC1=C(C(=NO1)C2=CC=CC=C2)C3=CC=C(C=C3)S(=O)(=O)N,1,reported_twosides,0.6142869591712952,0.5192459956124463,0.5192459956124463,fitted,platt_logistic_regression,0.5557555001027313,0,0.6924061808207546,0.13682432432432431,0.16216216216216217,no_interaction|interaction,2,True,0.1839080459770115,0.30434782608695654,0.1839080459770115,False,False,True
CC1=C(C=NO1)C(=O)NC2=CC=C(C=C2)C(F)(F)F,CCC1(CC2CC(C3=C(CCN(C2)C1)C4=CC=CC=C4N3)(C5=C(C=C6C(=C5)C78CCN9C7C(C=CC9)(C(C(C8N6C=O)(C(=O)OC)O)OC(=O)C)CC)OC)C(=O)OC)O,1,reported_twosides,0.5409429669380188,0.4688327624186947,0.4688327624186947,fitted,platt_logistic_regression,0.5557555001027313,0,0.6912031270547799,0.17567567567567569,0.12246621621621621,no_interaction|interaction,2,True,0.2608695652173913,0.89,0.2608695652173913,False,False,True
CC(=O)NCCCS(=O)(=O)O,CC(C)NCC(COC1=CC=C(C=C1)CCOC)O,1,reported_twosides,0.020744340494275093,0.0563739153268621,0.0563739153268621,fitted,platt_logistic_regression,0.5557555001027313,0,0.2168713903095208,0.6579391891891891,0.006756756756756757,no_interaction,1,False,0.3333333333333333,0.6222222222222222,0.3333333333333333,False,False,True
CCC(C)CC(C)CCCCCCCCC(=O)NC1CC(C(NC(=O)C2CCCN2C(=O)C(NC(=O)C(NC(=O)C3CC(CN3C(=O)C(NC1=O)C(C)O)O)C(C(C4=CC=C(C=C4)O)O)O)C(CCN)O)NCCN)O,COC(=O)C(C1CCCCN1)C2=CC=CC=C2,0,unreported_twosides_sampled,0.014156571589410305,0.04401310240538127,0.04401310240538127,fitted,platt_logistic_regression,0.5557555001027313,0,0.18049470482175722,0.6934121621621622,0.004222972972972973,no_interaction,1,False,0.24489795918367346,0.3225806451612903,0.24489795918367346,False,False,True
CC(=O)NCCCS(=O)(=O)O,CCC1C2(C(C(C(=O)C(CC(C(C(C(=O)C(C(=O)O1)C)C)OC3C(C(CC(O3)C)N(C)C)O)(C)OC)C)C)N(C(=O)O2)CCCCN4C=C(N=C4)C5=CN=CC=C5)C,0,unreported_twosides_sampled,0.2946110665798187,0.3057896260263054,0.3057896260263054,fitted,platt_logistic_regression,0.5557555001027313,0,0.6156903204958915,0.31756756756756754,0.05489864864864865,no_interaction,1,False,0.3333333333333333,0.44642857142857145,0.3333333333333333,False,False,True
B(C(CC(C)C)NC(=O)C(CC1=CC=CC=C1)NC(=O)C2=NC=CN=C2)(O)O,CC(=O)OCC1=C(N2C(C(C2=O)NC(=O)C(=NOC)C3=CSC(=N3)N)SC1)C(=O)[O-],0,unreported_twosides_sampled,0.245687797665596,0.2716042688881099,0.2716042688881099,fitted,platt_logistic_regression,0.5557555001027313,0,0.5848479614349973,0.3471283783783784,0.04222972972972973,no_interaction,1,False,0.3088235294117647,0.7638888888888888,0.3088235294117647,False,False,True
CC(C)(C)NCC(C1=CC(=C(C=C1)O)CO)O,CCC1=C2C(=CC=C1)C3=C(N2)C(OCC3)(CC)CC(=O)O,1,reported_twosides,0.1969439536333084,0.2356558621451864,0.2356558621451864,fitted,platt_logistic_regression,0.5557555001027313,0,0.5460205824209464,0.3859797297297297,0.03885135135135135,no_interaction,1,False,0.5227272727272727,0.2413793103448276,0.2413793103448276,False,False,True
CC1=C(C=NO1)C(=O)NC2=CC=C(C=C2)C(F)(F)F,CC1COC2=C3N1C=C(C(=O)C3=CC(=C2N4CCN(CC4)C)F)C(=O)O,1,reported_twosides,0.2594507932662964,0.281378295311004,0.281378295311004,fitted,platt_logistic_regression,0.5557555001027313,0,0.594250357611812,0.33614864864864863,0.04391891891891892,no_interaction,1,False,0.2608695652173913,0.4507042253521127,0.2608695652173913,False,False,True
CC(C)NCC(COC1=CC=C(C=C1)CCOC)O,CC1=C(C=C(C=C1)NC(=O)C2=CC=C(C=C2)CN3CCN(CC3)C)NC4=NC=CC(=N4)C5=CN=CC=C5,1,reported_twosides,0.22953177988529205,0.2599402316049796,0.2599402316049796,fitted,platt_logistic_regression,0.5557555001027313,0,0.5729943919857512,0.3640202702702703,0.041385135135135136,no_interaction,1,False,0.6222222222222222,0.29,0.29,False,False,True
CC(C)NCC(COC1=CC=CC2=CC=CC=C21)O,CNS(=O)(=O)CC1=CC2=C(C=C1)NC=C2CCN(C)C,1,reported_twosides,0.0011590453796088696,0.008459182654470926,0.008459182654470926,fitted,platt_logistic_regression,0.5557555001027313,0,0.04879477470591402,0.8538851351351351,0.0016891891891891893,no_interaction,1,False,0.4489795918367347,0.6538461538461539,0.4489795918367347,False,False,False
CC(C)NCC(COC1=CC=C(C=C1)CCOC)O,CN(C)C(=O)C(CC[NH+]1CCC(CC1)(C2=CC=C(C=C2)Cl)O)(C3=CC=CC=C3)C4=CC=CC=C4,1,reported_twosides,0.001089296187274158,0.008117005094462997,0.008117005094462997,fitted,platt_logistic_regression,0.5557555001027313,0,0.047157563325620884,0.8572635135135135,0.0016891891891891893,no_interaction,1,False,0.6222222222222222,0.30434782608695654,0.30434782608695654,False,False,True
C(CCCC(=O)O)CCCC(=O)O,C1=CC(=CN=C1)C(=O)[O-],1,reported_twosides,0.5277872085571289,0.4600198315396232,0.4600198315396232,fitted,platt_logistic_regression,0.5557555001027313,0,0.6899469375083729,0.18074324324324326,0.11570945945945946,no_interaction|interaction,2,True,0.7058823529411765,0.30303030303030304,0.30303030303030304,False,False,True
CC1=CC2=C(C=C1C)N(C=N2)C3C(C(C(O3)CO)OP(=O)(O)OC(C)CNC(=O)CCC4(C(C5C6(C(C(C(=N6)C(=C7C(C(C(=N7)C=C8C(C(C(=N8)C(=C4[N-]5)C)CCC(=O)N)(C)C)CCC(=O)N)(C)CC(=O)N)C)CCC(=O)N)(C)CC(=O)N)C)CC(=O)N)C)O.[C-]#N.[Co+2],COC1=C(C=C(C=C1)C2=CC3=C(C=C2)C=C(C=C3)C(=O)O)C45CC6CC(C4)CC(C6)C5,0,unreported_twosides_sampled,0.00046620634384453297,0.004610738947919502,0.004610738947919502,fitted,platt_logistic_regression,0.5557555001027313,0,0.029402950715534483,0.8952702702702703,0.0008445945945945946,no_interaction,1,False,0.8709677419354839,0.288135593220339,0.288135593220339,False,False,True
CCC1C2(C(C(C(=O)C(CC(C(C(C(=O)C(C(=O)O1)C)C)OC3C(C(CC(O3)C)N(C)C)O)(C)OC)C)C)N(C(=O)O2)CCCCN4C=C(N=C4)C5=CN=CC=C5)C,CCN(C1=CC=CC(=C1)C2=CC=NC3=C(C=NN23)C#N)C(=O)C,0,unreported_twosides_sampled,0.9372825026512146,0.8288294270014802,0.8288294270014802,fitted,platt_logistic_regression,0.5557555001027313,1,0.45773745875058225,0.02702702702702703,0.45861486486486486,interaction,1,False,0.44642857142857145,0.21739130434782608,0.21739130434782608,False,False,True
CC(C)NCC(COC1=CC=CC2=CC=CC=C21)O,CC1=C(C2=C(N1C(=O)C3=CC=C(C=C3)Cl)C=CC(=C2)OC)CC(=O)O,1,reported_twosides,0.17233166098594666,0.2164744114987077,0.2164744114987077,fitted,platt_logistic_regression,0.5557555001027313,0,0.5224093851817679,0.39949324324324326,0.032939189189189186,no_interaction,1,False,0.4489795918367347,0.3064516129032258,0.3064516129032258,False,False,True
CC(=O)OCC1=C(N2C(C(C2=O)NC(=O)C(=NOC)C3=CSC(=N3)N)SC1)C(=O)[O-],CCC1(CC2CC(C3=C(CCN(C2)C1)C4=CC=CC=C4N3)(C5=C(C=C6C(=C5)C78CCN9C7C(C=CC9)(C(C(C8N6C=O)(C(=O)OC)O)OC(=O)C)CC)OC)C(=O)OC)O,1,reported_twosides,0.6035599112510681,0.5117067118770511,0.5117067118770511,fitted,platt_logistic_regression,0.5557555001027313,0,0.6928730613059633,0.13851351351351351,0.15371621621621623,no_interaction|interaction,2,True,0.7638888888888888,0.89,0.7638888888888888,False,False,False
CC(CC1=CC=CC=C1)N,CC1=C(C(=CC=C1)NC2=CC=CC=C2C(=O)O)C,0,unreported_twosides_sampled,0.23921926319599152,0.26696044848613976,0.26696044848613976,fitted,platt_logistic_regression,0.5557555001027313,0,0.5802121407528058,0.35388513513513514,0.04222972972972973,no_interaction,1,False,0.5384615384615384,0.358974358974359,0.358974358974359,False,False,True
CC1=C(C=NO1)C(=O)NC2=CC=C(C=C2)C(F)(F)F,CN(CCCNC(=O)C1CCCO1)C2=NC3=CC(=C(C=C3C(=N2)N)OC)OC,0,unreported_twosides_sampled,0.5721078515052795,0.48995481743428904,0.48995481743428904,fitted,platt_logistic_regression,0.5557555001027313,0,0.692945355596251,0.15287162162162163,0.13935810810810811,no_interaction|interaction,2,True,0.2608695652173913,0.5138888888888888,0.2608695652173913,False,False,True
CC(C)NCC(COC1=CC=C(C=C1)CCOC)O,CC1=CC2=C(C=C1C)N(C=N2)C3C(C(C(O3)CO)OP(=O)(O)OC(C)CNC(=O)CCC4(C(C5C6(C(C(C(=N6)C(=C7C(C(C(=N7)C=C8C(C(C(=N8)C(=C4[N-]5)C)CCC(=O)N)(C)C)CCC(=O)N)(C)CC(=O)N)C)CCC(=O)N)(C)CC(=O)N)C)CC(=O)N)C)O.[C-]#N.[Co+2],1,reported_twosides,0.00882844626903534,0.03234899203240558,0.03234899203240558,fitted,platt_logistic_regression,0.5557555001027313,0,0.14281499752031587,0.7381756756756757,0.002533783783783784,no_interaction,1,False,0.6222222222222222,0.8709677419354839,0.6222222222222222,False,False,False
CC(C=CC(C1CC1)O)C2CCC3C2(CCCC3=CC=C4CC(CC(C4=C)O)O)C,CNS(=O)(=O)CC1=CC2=C(C=C1)NC=C2CCN(C)C,0,unreported_twosides_sampled,0.0050280774012207985,0.02235539486405137,0.02235539486405137,fitted,platt_logistic_regression,0.5557555001027313,0,0.10706950204762891,0.7787162162162162,0.0016891891891891893,no_interaction,1,False,0.6323529411764706,0.6538461538461539,0.6323529411764706,False,False,False
CC1=C(C(=CC=C1)NC2=CC=CC=C2C(=O)O)C,CC1=C(C2=C(N1C(=O)C3=CC=C(C=C3)Cl)C=CC(=C2)OC)CC(=O)O,1,reported_twosides,0.026399780064821243,0.06584778045866785,0.06584778045866785,fitted,platt_logistic_regression,0.5557555001027313,0,0.24276352998467327,0.637668918918919,0.007601351351351352,no_interaction,1,False,0.358974358974359,0.3064516129032258,0.3064516129032258,False,False,True
C1=C(C(=O)NC(=O)N1)F,COC(=O)C(C1CCCCN1)C2=CC=CC=C2,1,reported_twosides,0.6336678862571716,0.5330474739492608,0.5330474739492608,fitted,platt_logistic_regression,0.5557555001027313,0,0.6909613163588704,0.12162162162162163,0.17736486486486486,no_interaction|interaction,2,True,0.1891891891891892,0.3225806451612903,0.1891891891891892,False,False,True
C1C(C(OC1N2C=NC3=C2NC=NCC3O)CO)O,CC1COC2=C3N1C=C(C(=O)C3=CC(=C2N4CCN(CC4)C)F)C(=O)O,0,unreported_twosides_sampled,0.7735188007354736,0.6429640682454877,0.6429640682454877,fitted,platt_logistic_regression,0.5557555001027313,1,0.6516936869555224,0.07263513513513513,0.2677364864864865,interaction,1,False,0.4406779661016949,0.4507042253521127,0.4406779661016949,False,False,False
B(C(CC(C)C)NC(=O)C(CC1=CC=CC=C1)NC(=O)C2=NC=CN=C2)(O)O,CC1=C(C(C(=C(N1)C)C(=O)OCC(C)C)C2=CC=CC=C2[N+](=O)[O-])C(=O)OC,0,unreported_twosides_sampled,0.7791588306427002,0.6479451980513224,0.6479451980513224,fitted,platt_logistic_regression,0.5557555001027313,1,0.6487093707631149,0.06841216216216216,0.27111486486486486,interaction,1,False,0.3088235294117647,0.8043478260869565,0.3088235294117647,False,False,True
B(C(CC(C)C)NC(=O)C(CC1=CC=CC=C1)NC(=O)C2=NC=CN=C2)(O)O,CC(C)NCC(COC1=CC=CC2=CC=CC=C21)O,1,reported_twosides,0.03936818614602089,0.08505736324323551,0.08505736324323551,fitted,platt_logistic_regression,0.5557555001027313,0,0.29095069201855994,0.5954391891891891,0.010135135135135136,no_interaction,1,False,0.3088235294117647,0.4489795918367347,0.3088235294117647,False,False,True
CC1(OC2COC3(C(C2O1)OC(O3)(C)C)COS(=O)(=O)N)C,CCC(=O)N(C1CCN(CC1)CCC2=CC=CC=C2)C3=CC=CC=C3,1,reported_twosides,0.001983344554901123,0.012086737257688458,0.012086737257688458,fitted,platt_logistic_regression,0.5557555001027313,0,0.06538415590054937,0.831081081081081,0.0016891891891891893,no_interaction,1,False,0.1839080459770115,0.421875,0.1839080459770115,False,False,True
C1=CC=NC(=C1)NS(=O)(=O)C2=CC=C(C=C2)NN=C3C=CC(=O)C(=C3)C(=O)O,CC1=C(C2=C(N1C(=O)C3=CC=C(C=C3)Cl)C=CC(=C2)OC)CC(=O)O,1,reported_twosides,0.001910504070110619,0.011790409084156213,0.011790409084156213,fitted,platt_logistic_regression,0.5557555001027313,0,0.0640755718906601,0.8336148648648649,0.0016891891891891893,no_interaction,1,False,0.47619047619047616,0.3064516129032258,0.3064516129032258,False,False,True
CN(CCCNC(=O)C1CCCO1)C2=NC3=CC(=C(C=C3C(=N2)N)OC)OC,CN1CCCC1CC2=CNC3=C2C=C(C=C3)CCS(=O)(=O)C4=CC=CC=C4,0,unreported_twosides_sampled,0.0007516397163271904,0.006340124477814168,0.006340124477814168,fitted,platt_logistic_regression,0.5557555001027313,0,0.03840644584218805,0.8766891891891891,0.0008445945945945946,no_interaction,1,False,0.5138888888888888,0.4492753623188406,0.4492753623188406,False,False,False
CCC(=O)N(C1CCN(CC1)CCC2=CC=CC=C2)C3=CC=CC=C3,CCC(C)CC(C)CCCCCCCCC(=O)NC1CC(C(NC(=O)C2CCCN2C(=O)C(NC(=O)C(NC(=O)C3CC(CN3C(=O)C(NC1=O)C(C)O)O)C(C(C4=CC=C(C=C4)O)O)O)C(CCN)O)NCCN)O,1,reported_twosides,0.00595798110589385,0.024995641514899844,0.024995641514899844,fitted,platt_logistic_regression,0.5557555001027313,0,0.11689088116899124,0.7677364864864865,0.0016891891891891893,no_interaction,1,False,0.421875,0.24489795918367346,0.24489795918367346,False,False,True
C1=CC=C(C=C1)C2(C(=O)NC(=O)N2)C3=CC=CC=C3,CC(C)NCC(COC1=CC=CC2=CC=CC=C21)O,1,reported_twosides,0.787259042263031,0.6552032165858243,0.6552032165858243,fitted,platt_logistic_regression,0.5557555001027313,1,0.6441660040942633,0.06503378378378379,0.27533783783783783,interaction,1,False,0.4,0.4489795918367347,0.4,False,False,False
CC1=C(C(=CC=C1)NC2=CC=CC=C2C(=O)O)C,CCC(=O)N(C1CCN(CC1)CCC2=CC=CC=C2)C3=CC=CC=C3,1,reported_twosides,0.13587139546871185,0.18625825218963718,0.18625825218963718,fitted,platt_logistic_regression,0.5557555001027313,0,0.48075167498999016,0.44256756756756754,0.02787162162162162,no_interaction,1,False,0.358974358974359,0.421875,0.358974358974359,False,False,True
CC(C)NCC(COC1=CC=C(C=C1)CCOC)O,CC1=CC(=C(C=C1)O)C(CCN(C(C)C)C(C)C)C2=CC=CC=C2,1,reported_twosides,0.34467047452926636,0.3395296773178718,0.3395296773178718,fitted,platt_logistic_regression,0.5557555001027313,0,0.6407230225779681,0.28125,0.0633445945945946,no_interaction,1,False,0.6222222222222222,0.2833333333333333,0.2833333333333333,False,False,True
CCC1C2(C(C(C(=O)C(CC(C(C(C(=O)C(C(=O)O1)C)C)OC3C(C(CC(O3)C)N(C)C)O)(C)OC)C)C)N(C(=O)O2)CCCCN4C=C(N=C4)C5=CN=CC=C5)C,CN(CCCNC(=O)C1CCCO1)C2=NC3=CC(=C(C=C3C(=N2)N)OC)OC,0,unreported_twosides_sampled,0.545073926448822,0.47161165914775893,0.47161165914775893,fitted,platt_logistic_regression,0.5557555001027313,0,0.6915345176868317,0.17145270270270271,0.125,no_interaction|interaction,2,True,0.44642857142857145,0.5138888888888888,0.44642857142857145,False,False,False
CCC(C)CC(C)CCCCCCCCC(=O)NC1CC(C(NC(=O)C2CCCN2C(=O)C(NC(=O)C(NC(=O)C3CC(CN3C(=O)C(NC1=O)C(C)O)O)C(C(C4=CC=C(C=C4)O)O)O)C(CCN)O)NCCN)O,CCN(C1=CC=CC(=C1)C2=CC=NC3=C(C=NN23)C#N)C(=O)C,0,unreported_twosides_sampled,0.6878036856651306,0.5730902260316904,0.5730902260316904,fitted,platt_logistic_regression,0.5557555001027313,1,0.6824244373899626,0.09797297297297297,0.20270270270270271,interaction,1,False,0.24489795918367346,0.21739130434782608,0.21739130434782608,False,False,True
C1=CC=C(C=C1)C2(C(=O)NC(=O)N2)C3=CC=CC=C3,CC(C)NCC(COC1=CC=C(C=C1)CCOC)O,1,reported_twosides,0.19988033175468445,0.2378916019653265,0.2378916019653265,fitted,platt_logistic_regression,0.5557555001027313,0,0.5486374106378944,0.38344594594594594,0.03969594594594594,no_interaction,1,False,0.4,0.6222222222222222,0.4,False,False,False
CC1=C(C2=C(N1C(=O)C3=CC=C(C=C3)Cl)C=CC(=C2)OC)CC(=O)O,COC(=O)C(C1CCCCN1)C2=CC=CC=C2,1,reported_twosides,0.059708673506975174,0.11085020295458188,0.11085020295458188,fitted,platt_logistic_regression,0.5557555001027313,0,0.3482892077275775,0.5481418918918919,0.014358108108108109,no_interaction,1,False,0.3064516129032258,0.3225806451612903,0.3064516129032258,False,False,True
CC1CC2C3CCC(C3(CC(C2C4(C1=CC(=O)C=C4)C)O)C)(C(=O)CO)O,CCC1C2(C(C(C(=O)C(CC(C(C(C(=O)C(C(=O)O1)C)C)OC3C(C(CC(O3)C)N(C)C)O)(C)OC)C)C)N(C(=O)O2)CCCCN4C=C(N=C4)C5=CN=CC=C5)C,1,reported_twosides,0.9982813596725464,0.98253634890955,0.98253634890955,fitted,platt_logistic_regression,0.5557555001027313,1,0.08799672763636435,0.0016891891891891893,0.8006756756756757,interaction,1,False,0.6949152542372882,0.44642857142857145,0.44642857142857145,False,False,False
CC(C)(C)NCC(C1=CC(=C(C=C1)O)CO)O,CCN(C)C(=O)OC1=CC=CC(=C1)C(C)N(C)C,1,reported_twosides,0.9748548269271851,0.9016898321203899,0.9016898321203899,fitted,platt_logistic_regression,0.5557555001027313,1,0.3213540885376076,0.01097972972972973,0.5675675675675675,interaction,1,False,0.5227272727272727,0.32653061224489793,0.32653061224489793,False,False,True
CC1=C(C=C(C=C1)NC(=O)C2=CC=C(C=C2)CN3CCN(CC3)C)NC4=NC=CC(=N4)C5=CN=CC=C5,CCC1(CC2CC(C3=C(CCN(C2)C1)C4=CC=CC=C4N3)(C5=C(C=C6C(=C5)C78CCN9C7C(C=CC9)(C(C(C8N6C=O)(C(=O)OC)O)OC(=O)C)CC)OC)C(=O)OC)O,1,reported_twosides,0.17174890637397766,0.21600978211774113,0.21600978211774113,fitted,platt_logistic_regression,0.5557555001027313,0,0.5218110811125467,0.40118243243243246,0.032939189189189186,no_interaction,1,False,0.29,0.89,0.29,False,False,True
CC1(OC2COC3(C(C2O1)OC(O3)(C)C)COS(=O)(=O)N)C,COC(=O)C(C1CCCCN1)C2=CC=CC=C2,1,reported_twosides,0.03188825398683548,0.07433461507981061,0.07433461507981061,fitted,platt_logistic_regression,0.5557555001027313,0,0.26470961338268534,0.6199324324324325,0.007601351351351352,no_interaction,1,False,0.1839080459770115,0.3225806451612903,0.1839080459770115,False,False,True
CC(C)NCC(COC1=CC=C(C=C1)CCOC)O,COC1=C(C=C(C=C1)C2=CC3=C(C=C2)C=C(C=C3)C(=O)O)C45CC6CC(C4)CC(C6)C5,0,unreported_twosides_sampled,0.342065691947937,0.3377957984936146,0.3377957984936146,fitted,platt_logistic_regression,0.5557555001027313,0,0.6395626068241427,0.2846283783783784,0.06165540540540541,no_interaction,1,False,0.6222222222222222,0.288135593220339,0.288135593220339,False,False,True
CCC1(CC2CC(C3=C(CCN(C2)C1)C4=CC=CC=C4N3)(C5=C(C=C6C(=C5)C78CCN9C7C(C=CC9)(C(C(C8N6C=O)(C(=O)OC)O)OC(=O)C)CC)OC)C(=O)OC)O,CCN(C1=CC=CC(=C1)C2=CC=NC3=C(C=NN23)C#N)C(=O)C,0,unreported_twosides_sampled,0.838182270526886,0.7041903518235908,0.7041903518235908,fitted,platt_logistic_regression,0.5557555001027313,1,0.6072719063981741,0.05152027027027027,0.3277027027027027,interaction,1,False,0.89,0.21739130434782608,0.21739130434782608,False,False,True
C1=CN=CC=C1C(=O)NN,CC1COC2=C3N1C=C(C(=O)C3=CC(=C2N4CCN(CC4)C)F)C(=O)O,1,reported_twosides,0.49348968267440796,0.4372645220822865,0.4372645220822865,fitted,platt_logistic_regression,0.5557555001027313,0,0.6852549156136869,0.19594594594594594,0.10388513513513513,no_interaction|interaction,2,True,0.3,0.4507042253521127,0.3,False,False,True
B(C(CC(C)C)NC(=O)C(CC1=CC=CC=C1)NC(=O)C2=NC=CN=C2)(O)O,CC1=C(C(=NO1)C2=CC=CC=C2)C3=CC=C(C=C3)S(=O)(=O)N,1,reported_twosides,0.06359753012657166,0.11536976180141573,0.11536976180141573,fitted,platt_logistic_regression,0.5557555001027313,0,0.35759690377724485,0.5405405405405406,0.015202702702702704,no_interaction,1,False,0.3088235294117647,0.30434782608695654,0.30434782608695654,False,False,True
CC1=C(C(=CC=C1)NC2=CC=CC=C2C(=O)O)C,CC1=CC2=C(C=C1C)N(C=N2)C3C(C(C(O3)CO)OP(=O)(O)OC(C)CNC(=O)CCC4(C(C5C6(C(C(C(=N6)C(=C7C(C(C(=N7)C=C8C(C(C(=N8)C(=C4[N-]5)C)CCC(=O)N)(C)C)CCC(=O)N)(C)CC(=O)N)C)CCC(=O)N)(C)CC(=O)N)C)CC(=O)N)C)O.[C-]#N.[Co+2],1,reported_twosides,0.045777689665555954,0.09364052096524583,0.09364052096524583,fitted,platt_logistic_regression,0.5557555001027313,0,0.3108807109666595,0.575168918918919,0.010135135135135136,no_interaction,1,False,0.358974358974359,0.8709677419354839,0.358974358974359,False,False,True
CC1=CC2=C(C=C1C)N(C=N2)C3C(C(C(O3)CO)OP(=O)(O)OC(C)CNC(=O)CCC4(C(C5C6(C(C(C(=N6)C(=C7C(C(C(=N7)C=C8C(C(C(=N8)C(=C4[N-]5)C)CCC(=O)N)(C)C)CCC(=O)N)(C)CC(=O)N)C)CCC(=O)N)(C)CC(=O)N)C)CC(=O)N)C)O.[C-]#N.[Co+2],CCC1C2(C(C(C(=O)C(CC(C(C(C(=O)C(C(=O)O1)C)C)OC3C(C(CC(O3)C)N(C)C)O)(C)OC)C)C)N(C(=O)O2)CCCCN4C=C(N=C4)C5=CN=CC=C5)C,0,unreported_twosides_sampled,0.1322679966688156,0.18312625708715996,0.18312625708715996,fitted,platt_logistic_regression,0.5557555001027313,0,0.47610101912348607,0.44425675675675674,0.02787162162162162,no_interaction,1,False,0.8709677419354839,0.44642857142857145,0.44642857142857145,False,False,False
C1=CC=C(C=C1)C2(C(=O)NC(=O)N2)C3=CC=CC=C3,CC1(OC2COC3(C(C2O1)OC(O3)(C)C)COS(=O)(=O)N)C,1,reported_twosides,0.004903316032141447,0.02198855233103645,0.02198855233103645,fitted,platt_logistic_regression,0.5557555001027313,0,0.105680446863709,0.7804054054054054,0.0016891891891891893,no_interaction,1,False,0.4,0.1839080459770115,0.1839080459770115,False,False,True
CC1=C(C2=C(N1C(=O)C3=CC=C(C=C3)Cl)C=CC(=C2)OC)CC(=O)O,CCC1=C(CN(C1=O)C(=O)NCCC2=CC=C(C=C2)S(=O)(=O)NC(=O)NC3CCC(CC3)C)C,0,unreported_twosides_sampled,0.0015473068924620748,0.010250321132917642,0.010250321132917642,fitted,platt_logistic_regression,0.5557555001027313,0,0.057148651098462434,0.8412162162162162,0.0016891891891891893,no_interaction,1,False,0.3064516129032258,0.48,0.3064516129032258,False,False,True
CC(C)NCC(COC1=CC=CC2=CC=CC=C21)O,CCC1C2(C(C(C(=O)C(CC(C(C(C(=O)C(C(=O)O1)C)C)OC3C(C(CC(O3)C)N(C)C)O)(C)OC)C)C)N(C(=O)O2)CCCCN4C=C(N=C4)C5=CN=CC=C5)C,1,reported_twosides,0.7910808324813843,0.6586722273307678,0.6586722273307678,fitted,platt_logistic_regression,0.5557555001027313,1,0.6419122560773503,0.06418918918918919,0.2778716216216216,interaction,1,False,0.4489795918367347,0.44642857142857145,0.44642857142857145,False,False,False
C1=CC=C(C=C1)C2=C(OC(=N2)CCC(=O)O)C3=CC=CC=C3,CC(=O)NCCCS(=O)(=O)O,0,unreported_twosides_sampled,0.603082001209259,0.5113723590099697,0.5113723590099697,fitted,platt_logistic_regression,0.5557555001027313,0,0.6928884971545711,0.13851351351351351,0.15287162162162163,no_interaction|interaction,2,True,0.23529411764705882,0.3333333333333333,0.23529411764705882,False,False,True
CC(=O)OCC1=C(N2C(C(C2=O)NC(=O)C(=NOC)C3=CSC(=N3)N)SC1)C(=O)[O-],CC1COC2=C3N1C=C(C(=O)C3=CC(=C2N4CCN(CC4)C)F)C(=O)O,1,reported_twosides,0.951551616191864,0.8532670604730972,0.8532670604730972,fitted,platt_logistic_regression,0.5557555001027313,1,0.4169999305469988,0.02027027027027027,0.49324324324324326,interaction,1,False,0.7638888888888888,0.4507042253521127,0.4507042253521127,False,False,False
CC(C)NCC(COC1=CC=CC2=CC=CC=C21)O,CCN(C)C(=O)OC1=CC=CC(=C1)C(C)N(C)C,1,reported_twosides,0.9755899310112,0.9034823073983456,0.9034823073983456,fitted,platt_logistic_regression,0.5557555001027313,1,0.3173634850954175,0.01097972972972973,0.5692567567567568,interaction,1,False,0.4489795918367347,0.32653061224489793,0.32653061224489793,False,False,True
CC(C)NCC(COC1=CC=C(C=C1)CCOCC2CC2)O,COC(=O)C(C1CCCCN1)C2=CC=CC=C2,0,unreported_twosides_sampled,0.9540442824363708,0.8578573240011023,0.8578573240011023,fitted,platt_logistic_regression,0.5557555001027313,1,0.4088340782363329,0.02027027027027027,0.5,interaction,1,False,0.5660377358490566,0.3225806451612903,0.3225806451612903,False,False,True
CC1=C(C(C(=C(N1)C)C(=O)OCC(C)C)C2=CC=CC=C2[N+](=O)[O-])C(=O)OC,CCC1=C2C(=CC=C1)C3=C(N2)C(OCC3)(CC)CC(=O)O,0,unreported_twosides_sampled,0.9838946461677551,0.9255917337370189,0.9255917337370189,fitted,platt_logistic_regression,0.5557555001027313,1,0.2648953175543506,0.007601351351351352,0.6199324324324325,interaction,1,False,0.8043478260869565,0.2413793103448276,0.2413793103448276,False,False,True
B(C(CC(C)C)NC(=O)C(CC1=CC=CC=C1)NC(=O)C2=NC=CN=C2)(O)O,CCC1=C2C(=CC=C1)C3=C(N2)C(OCC3)(CC)CC(=O)O,1,reported_twosides,0.01607361063361168,0.047795413952169706,0.047795413952169706,fitted,platt_logistic_regression,0.5557555001027313,0,0.19197208574173408,0.6798986486486487,0.004222972972972973,no_interaction,1,False,0.3088235294117647,0.2413793103448276,0.2413793103448276,False,False,True
CC1=C(C2=C(N1C(=O)C3=CC=C(C=C3)Cl)C=CC(=C2)OC)CC(=O)O,CCOC(=O)C1=C2CN(C(=O)C3=C(N2C=N1)C=CC(=C3)F)C,0,unreported_twosides_sampled,0.026606306433677673,0.06617849669884228,0.06617849669884228,fitted,platt_logistic_regression,0.5557555001027313,0,0.24363979891616067,0.6359797297297297,0.007601351351351352,no_interaction,1,False,0.3064516129032258,0.24050632911392406,0.24050632911392406,False,False,True
C1=CC=C(C=C1)C2(C(=O)NC(=O)N2)C3=CC=CC=C3,CCCCN1CCCCC1C(=O)NC2=C(C=CC=C2C)C,0,unreported_twosides_sampled,0.001030354993417859,0.007822018446653077,0.007822018446653077,fitted,platt_logistic_regression,0.5557555001027313,0,0.045734492368586906,0.8631756756756757,0.0016891891891891893,no_interaction,1,False,0.4,0.8604651162790697,0.4,False,False,False
C1CCN(CC1)C2=NC(=NC3=C2N=C(N=C3N4CCCCC4)N(CCO)CCO)N(CCO)CCO,CCC1C2(C(C(C(=O)C(CC(C(C(C(=O)C(C(=O)O1)C)C)OC3C(C(CC(O3)C)N(C)C)O)(C)OC)C)C)N(C(=O)O2)CCCCN4C=C(N=C4)C5=CN=CC=C5)C,1,reported_twosides,0.7960705161094666,0.663246272258133,0.663246272258133,fitted,platt_logistic_regression,0.5557555001027313,1,0.6388587267379786,0.060810810810810814,0.2846283783783784,interaction,1,False,0.30434782608695654,0.44642857142857145,0.30434782608695654,False,False,True
C1=CC=NC(=C1)NS(=O)(=O)C2=CC=C(C=C2)NN=C3C=CC(=O)C(=C3)C(=O)O,CC(CC1=CC=CC=C1)N,0,unreported_twosides_sampled,0.018585272133350372,0.05250836419810346,0.05250836419810346,fitted,platt_logistic_regression,0.5557555001027313,0,0.2058357618490028,0.6697635135135135,0.0059121621621621625,no_interaction,1,False,0.47619047619047616,0.5384615384615384,0.47619047619047616,False,False,False
CC1=C(C=C(C=C1)NC(=O)C2=CC=C(C=C2)CN3CCN(CC3)C)NC4=NC=CC(=N4)C5=CN=CC=C5,CC1=C(C=NO1)C(=O)NC2=CC=C(C=C2)C(F)(F)F,0,unreported_twosides_sampled,0.17379437386989594,0.21763833564537582,0.21763833564537582,fitted,platt_logistic_regression,0.5557555001027313,0,0.5239025889360978,0.39949324324324326,0.032939189189189186,no_interaction,1,False,0.29,0.2608695652173913,0.2608695652173913,False,False,True
CCN(C)C(=O)OC1=CC=CC(=C1)C(C)N(C)C,COC1=C(C=C(C=C1)C2=CC3=C(C=C2)C=C(C=C3)C(=O)O)C45CC6CC(C4)CC(C6)C5,0,unreported_twosides_sampled,0.4043743312358856,0.37887412922724756,0.37887412922724756,fitted,platt_logistic_regression,0.5557555001027313,0,0.6635102673729711,0.2491554054054054,0.0777027027027027,no_interaction,1,False,0.32653061224489793,0.288135593220339,0.288135593220339,False,False,True
CC(C)(C)NCC(C1=CC(=C(C=C1)O)CO)O,CN1CCCC1CC2=CNC3=C2C=C(C=C3)CCS(=O)(=O)C4=CC=CC=C4,1,reported_twosides,0.11421679705381393,0.16694571327167315,0.16694571327167315,fitted,platt_logistic_regression,0.5557555001027313,0,0.45101003685555663,0.46199324324324326,0.02533783783783784,no_interaction,1,False,0.5227272727272727,0.4492753623188406,0.4492753623188406,False,False,False
C1=CC=C(C=C1)C2(C(=O)NC(=O)N2)C3=CC=CC=C3,C1CCN(CC1)C2=NC(=NC3=C2N=C(N=C3N4CCCCC4)N(CCO)CCO)N(CCO)CCO,1,reported_twosides,0.511742115020752,0.44933920158614205,0.44933920158614205,fitted,platt_logistic_regression,0.5557555001027313,0,0.6880053286271515,0.18496621621621623,0.1097972972972973,no_interaction|interaction,2,True,0.4,0.30434782608695654,0.30434782608695654,False,False,True
CC(C=CC(C1CC1)O)C2CCC3C2(CCCC3=CC=C4CC(CC(C4=C)O)O)C,COC(=O)C(C1CCCCN1)C2=CC=CC=C2,0,unreported_twosides_sampled,0.12508314847946167,0.17678833489995027,0.17678833489995027,fitted,platt_logistic_regression,0.5557555001027313,0,0.46648838103793966,0.4535472972972973,0.02787162162162162,no_interaction,1,False,0.6323529411764706,0.3225806451612903,0.3225806451612903,False,False,True
CCC(=O)N(C1CCN(CC1)CCC2=CC=CC=C2)C3=CC=CC=C3,CCN(C1=CC=CC(=C1)C2=CC=NC3=C(C=NN23)C#N)C(=O)C,1,reported_twosides,0.23507098853588104,0.26396424407163277,0.26396424407163277,fitted,platt_logistic_regression,0.5557555001027313,0,0.5771626852024992,0.3597972972972973,0.04222972972972973,no_interaction,1,False,0.421875,0.21739130434782608,0.21739130434782608,False,False,True
C1=CC=C(C=C1)C2(C(=O)NC(=O)N2)C3=CC=CC=C3,CC1=CC(=C(C=C1)O)C(CCN(C(C)C)C(C)C)C2=CC=CC=C2,1,reported_twosides,0.4164481461048126,0.38677427630197947,0.38677427630197947,fitted,platt_logistic_regression,0.5557555001027313,0,0.6672832902432256,0.24324324324324326,0.08277027027027027,no_interaction,1,False,0.4,0.2833333333333333,0.2833333333333333,False,False,True
CC1=CC2=C(C=C1C)N(C=N2)C3C(C(C(O3)CO)OP(=O)(O)OC(C)CNC(=O)CCC4(C(C5C6(C(C(C(=N6)C(=C7C(C(C(=N7)C=C8C(C(C(=N8)C(=C4[N-]5)C)CCC(=O)N)(C)C)CCC(=O)N)(C)CC(=O)N)C)CCC(=O)N)(C)CC(=O)N)C)CC(=O)N)C)O.[C-]#N.[Co+2],CCC(=O)N(C1CCN(CC1)CCC2=CC=CC=C2)C3=CC=CC=C3,1,reported_twosides,0.00021723123791161925,0.002768594167673207,0.002768594167673207,fitted,platt_logistic_regression,0.5557555001027313,0,0.019070159773177282,0.9155405405405406,0.0008445945945945946,no_interaction,1,False,0.8709677419354839,0.421875,0.421875,False,False,False
CC1=C(C(=CC=C1)C)OCC(C)N,CC1=CC(=C(C=C1)O)C(CCN(C(C)C)C(C)C)C2=CC=CC=C2,0,unreported_twosides_sampled,0.35049140453338623,0.34339758463139647,0.34339758463139647,fitted,platt_logistic_regression,0.5557555001027313,0,0.6432633963482187,0.27618243243243246,0.06503378378378379,no_interaction,1,False,0.2727272727272727,0.2833333333333333,0.2727272727272727,False,False,True
C1=CC=NC(=C1)NS(=O)(=O)C2=CC=C(C=C2)NN=C3C=CC(=O)C(=C3)C(=O)O,CC1=C(C(=NO1)C2=CC=CC=C2)C3=CC=C(C=C3)S(=O)(=O)N,1,reported_twosides,0.43260446190834045,0.3973371909212389,0.3973371909212389,fitted,platt_logistic_regression,0.5557555001027313,0,0.6719172078430837,0.23564189189189189,0.08699324324324324,no_interaction,1,False,0.47619047619047616,0.30434782608695654,0.30434782608695654,False,False,True
B(C(CC(C)C)NC(=O)C(CC1=CC=CC=C1)NC(=O)C2=NC=CN=C2)(O)O,CCC1(CC2CC(C3=C(CCN(C2)C1)C4=CC=CC=C4N3)(C5=C(C=C6C(=C5)C78CCN9C7C(C=CC9)(C(C(C8N6C=O)(C(=O)OC)O)OC(=O)C)CC)OC)C(=O)OC)O,1,reported_twosides,0.09705524146556854,0.15066528048784913,0.15066528048784913,fitted,platt_logistic_regression,0.5557555001027313,0,0.4238613504717619,0.4890202702702703,0.021114864864864864,no_interaction,1,False,0.3088235294117647,0.89,0.3088235294117647,False,False,True
CC1=C(C(C(=C(N1)C)C(=O)OCC(C)C)C2=CC=CC=C2[N+](=O)[O-])C(=O)OC,COC1=C(C=C(C=C1)C2=CC3=C(C=C2)C=C(C=C3)C(=O)O)C45CC6CC(C4)CC(C6)C5,0,unreported_twosides_sampled,0.5459080338478088,0.472173476677063,0.472173476677063,fitted,platt_logistic_regression,0.5557555001027313,0,0.6915977493482921,0.17145270270270271,0.125,no_interaction|interaction,2,True,0.8043478260869565,0.288135593220339,0.288135593220339,False,False,True
C1=CC=C(C=C1)C2=C(OC(=N2)CCC(=O)O)C3=CC=CC=C3,CCC(C)CC(C)CCCCCCCCC(=O)NC1CC(C(NC(=O)C2CCCN2C(=O)C(NC(=O)C(NC(=O)C3CC(CN3C(=O)C(NC1=O)C(C)O)O)C(C(C4=CC=C(C=C4)O)O)O)C(CCN)O)NCCN)O,0,unreported_twosides_sampled,0.0911591649055481,0.14482856029320137,0.14482856029320137,fitted,platt_logistic_regression,0.5557555001027313,0,0.413632814730312,0.49577702702702703,0.02027027027027027,no_interaction,1,False,0.23529411764705882,0.24489795918367346,0.23529411764705882,False,False,True
C1=CC=C(C=C1)C2(C(=O)NC(=O)N2)C3=CC=CC=C3,CC1CC2C3CCC(C3(CC(C2C4(C1=CC(=O)C=C4)C)O)C)(C(=O)CO)O,1,reported_twosides,0.9148768186569214,0.7951826745571781,0.7951826745571781,fitted,platt_logistic_regression,0.5557555001027313,1,0.5070085650106596,0.030405405405405407,0.41300675675675674,interaction,1,False,0.4,0.6949152542372882,0.4,False,False,False
CC1CC2C3CCC(C3(CC(C2C4(C1=CC(=O)C=C4)C)O)C)(C(=O)CO)O,CCN(C1=CC=CC(=C1)C2=CC=NC3=C(C=NN23)C#N)C(=O)C,0,unreported_twosides_sampled,0.9870319366455078,0.935122957413593,0.935122957413593,fitted,platt_logistic_regression,0.5557555001027313,1,0.2401811530530671,0.007601351351351352,0.6393581081081081,interaction,1,False,0.6949152542372882,0.21739130434782608,0.21739130434782608,False,False,True
C1=CC=C(C=C1)C2=C(OC(=N2)CCC(=O)O)C3=CC=CC=C3,CC1=C(C(=CC=C1)C)OCC(C)N,0,unreported_twosides_sampled,0.2710552513599396,0.28951701508717337,0.28951701508717337,fitted,platt_logistic_regression,0.5557555001027313,0,0.6017186589454856,0.33361486486486486,0.0472972972972973,no_interaction,1,False,0.23529411764705882,0.2727272727272727,0.23529411764705882,False,False,True
C1=CC=NC(=C1)NS(=O)(=O)C2=CC=C(C=C2)NN=C3C=CC(=O)C(=C3)C(=O)O,CC(C=CC(C1CC1)O)C2CCC3C2(CCCC3=CC=C4CC(CC(C4=C)O)O)C,1,reported_twosides,0.02169247902929783,0.058023828133281156,0.058023828133281156,fitted,platt_logistic_regression,0.5557555001027313,0,0.2214950329293111,0.6570945945945946,0.006756756756756757,no_interaction,1,False,0.47619047619047616,0.6323529411764706,0.47619047619047616,False,False,False
CC(C)(C)NCC(C1=CC(=C(C=C1)O)CO)O,CC1=C(C=C(C=C1)NC(=O)C2=CC=C(C=C2)CN3CCN(CC3)C)NC4=NC=CC(=N4)C5=CN=CC=C5,1,reported_twosides,0.20165584981441498,0.2392385056189087,0.2392385056189087,fitted,platt_logistic_regression,0.5557555001027313,0,0.5502005783985409,0.38175675675675674,0.04054054054054054,no_interaction,1,False,0.5227272727272727,0.29,0.29,False,False,True
CC1=CC(=C(C=C1)O)C(CCN(C(C)C)C(C)C)C2=CC=CC=C2,CNS(=O)(=O)CC1=CC2=C(C=C1)NC=C2CCN(C)C,1,reported_twosides,0.005865718703716993,0.024740532868617562,0.024740532868617562,fitted,platt_logistic_regression,0.5557555001027313,0,0.11595488963857062,0.7702702702702703,0.0016891891891891893,no_interaction,1,False,0.2833333333333333,0.6538461538461539,0.2833333333333333,False,False,True
CCCCN1CCCCC1C(=O)NC2=C(C=CC=C2C)C,CN1CCCC1CC2=CNC3=C2C=C(C=C3)CCS(=O)(=O)C4=CC=CC=C4,0,unreported_twosides_sampled,0.9436601996421814,0.8393984109351558,0.8393984109351558,fitted,platt_logistic_regression,0.5557555001027313,1,0.44066610625344615,0.02364864864864865,0.47719594594594594,interaction,1,False,0.8604651162790697,0.4492753623188406,0.4492753623188406,False,False,False
B(C(CC(C)C)NC(=O)C(CC1=CC=CC=C1)NC(=O)C2=NC=CN=C2)(O)O,CC(C=CC(C1CC1)O)C2CCC3C2(CCCC3=CC=C4CC(CC(C4=C)O)O)C,0,unreported_twosides_sampled,0.11117201298475266,0.164127106884152,0.164127106884152,fitted,platt_logistic_regression,0.5557555001027313,0,0.44645063225942117,0.46959459459459457,0.024493243243243243,no_interaction,1,False,0.3088235294117647,0.6323529411764706,0.3088235294117647,False,False,True
C1=C(C(=O)NC(=O)N1)F,CC1=C(C(=NO1)C2=CC=CC=C2)C3=CC=C(C=C3)S(=O)(=O)N,0,unreported_twosides_sampled,0.6535224914550781,0.5474557711296916,0.5474557711296916,fitted,platt_logistic_regression,0.5557555001027313,0,0.6886362933412935,0.1097972972972973,0.18412162162162163,no_interaction|interaction,2,True,0.1891891891891892,0.30434782608695654,0.1891891891891892,False,False,True
CC1(OC2COC3(C(C2O1)OC(O3)(C)C)COS(=O)(=O)N)C,CCC1=C2C(=CC=C1)C3=C(N2)C(OCC3)(CC)CC(=O)O,1,reported_twosides,0.3497878909111023,0.34293059431140793,0.34293059431140793,fitted,platt_logistic_regression,0.5557555001027313,0,0.6429602142962123,0.27618243243243246,0.06503378378378379,no_interaction,1,False,0.1839080459770115,0.2413793103448276,0.1839080459770115,False,False,True
CC1=C(C(=CC=C1)NC2=CC=CC=C2C(=O)O)C,CC1CC2C3CCC(C3(CC(C2C4(C1=CC(=O)C=C4)C)O)C)(C(=O)CO)O,0,unreported_twosides_sampled,0.945911705493927,0.8432596796608334,0.8432596796608334,fitted,platt_logistic_regression,0.5557555001027313,1,0.43422483798100375,0.02195945945945946,0.4839527027027027,interaction,1,False,0.358974358974359,0.6949152542372882,0.358974358974359,False,False,True
CC1=C(C(=NO1)C2=CC=CC=C2)C3=CC=C(C=C3)S(=O)(=O)N,CC1COC2=C3N1C=C(C(=O)C3=CC(=C2N4CCN(CC4)C)F)C(=O)O,1,reported_twosides,0.5280011296272278,0.460162710932508,0.460162710932508,fitted,platt_logistic_regression,0.5557555001027313,0,0.689969794670688,0.18074324324324326,0.11655405405405406,no_interaction|interaction,2,True,0.30434782608695654,0.4507042253521127,0.30434782608695654,False,False,True
C1=C(C(=O)NC(=O)N1)F,CC1=C(C(=CC=C1)NC2=CC=CC=C2C(=O)O)C,0,unreported_twosides_sampled,0.3112013638019562,0.3170811213374078,0.3170811213374078,fitted,platt_logistic_regression,0.5557555001027313,0,0.6246496805574971,0.3032094594594595,0.05489864864864865,no_interaction,1,False,0.1891891891891892,0.358974358974359,0.1891891891891892,False,False,True
C1C(C(OC1N2C=NC3=C2NC=NCC3O)CO)O,CC1CC2C3CCC(C3(CC(C2C4(C1=CC(=O)C=C4)C)O)C)(C(=O)CO)O,0,unreported_twosides_sampled,0.9684140682220459,0.8868426502364111,0.8868426502364111,fitted,platt_logistic_regression,0.5557555001027313,1,0.35306604514717815,0.015202702702702704,0.5422297297297297,interaction,1,False,0.4406779661016949,0.6949152542372882,0.4406779661016949,False,False,False
CC(=O)NCCCS(=O)(=O)O,CC1(OC2COC3(C(C2O1)OC(O3)(C)C)COS(=O)(=O)N)C,1,reported_twosides,0.6035111546516418,0.5116725951962315,0.5116725951962315,fitted,platt_logistic_regression,0.5557555001027313,0,0.6928746568454238,0.13851351351351351,0.15371621621621623,no_interaction|interaction,2,True,0.3333333333333333,0.1839080459770115,0.1839080459770115,False,False,True
CC1=C(C(=CC=C1)NC2=CC=CC=C2C(=O)O)C,CC1=C(C(=NO1)C2=CC=CC=C2)C3=CC=C(C=C3)S(=O)(=O)N,1,reported_twosides,0.22919568419456482,0.25969519320399775,0.25969519320399775,fitted,platt_logistic_regression,0.5557555001027313,0,0.57273785730337,0.3640202702702703,0.041385135135135136,no_interaction,1,False,0.358974358974359,0.30434782608695654,0.30434782608695654,False,False,True
CN(C)C(=O)C(CC[NH+]1CCC(CC1)(C2=CC=C(C=C2)Cl)O)(C3=CC=CC=C3)C4=CC=CC=C4,CNS(=O)(=O)CC1=CC2=C(C=C1)NC=C2CCN(C)C,1,reported_twosides,0.03390761464834213,0.07731558946658919,0.07731558946658919,fitted,platt_logistic_regression,0.5557555001027313,0,0.2721636468764004,0.6157094594594594,0.010135135135135136,no_interaction,1,False,0.30434782608695654,0.6538461538461539,0.30434782608695654,False,False,True
CC(C)NCC(COC1=CC=CC2=CC=CC=C21)O,CC1=C(C=C(C=C1)NC(=O)C2=CC=C(C=C2)CN3CCN(CC3)C)NC4=NC=CC(=N4)C5=CN=CC=C5,1,reported_twosides,0.8531442284584045,0.7199474953518492,0.7199474953518492,fitted,platt_logistic_regression,0.5557555001027313,1,0.5930028992350517,0.04307432432432432,0.33868243243243246,interaction,1,False,0.4489795918367347,0.29,0.29,False,False,True
CCC1(CC2CC(C3=C(CCN(C2)C1)C4=CC=CC=C4N3)(C5=C(C=C6C(=C5)C78CCN9C7C(C=CC9)(C(C(C8N6C=O)(C(=O)OC)O)OC(=O)C)CC)OC)C(=O)OC)O,CCC1=C2C(=CC=C1)C3=C(N2)C(OCC3)(CC)CC(=O)O,0,unreported_twosides_sampled,0.6130900382995605,0.5184014133982281,0.5184014133982281,fitted,platt_logistic_regression,0.5557555001027313,0,0.6924698035694921,0.13682432432432431,0.16131756756756757,no_interaction|interaction,2,True,0.89,0.2413793103448276,0.2413793103448276,False,False,True
CC1(OC2COC3(C(C2O1)OC(O3)(C)C)COS(=O)(=O)N)C,COC1=C(C=C(C=C1)C2=CC3=C(C=C2)C=C(C=C3)C(=O)O)C45CC6CC(C4)CC(C6)C5,1,reported_twosides,0.3125489354133606,0.3179929547811257,0.3179929547811257,fitted,platt_logistic_regression,0.5557555001027313,0,0.625347337145423,0.3015202702702703,0.056587837837837836,no_interaction,1,False,0.1839080459770115,0.288135593220339,0.1839080459770115,False,False,True
CC1CC2C3CCC(C3(CC(C2C4(C1=CC(=O)C=C4)C)O)C)(C(=O)CO)O,COC(=O)C(C1CCCCN1)C2=CC=CC=C2,0,unreported_twosides_sampled,0.9958819150924683,0.9690167557312288,0.9690167557312288,fitted,platt_logistic_regression,0.5557555001027313,1,0.13814358417190928,0.002533783783783784,0.7449324324324325,interaction,1,False,0.6949152542372882,0.3225806451612903,0.3225806451612903,False,False,True
CC(C)NCC(COC1=CC=C(C=C1)CCOCC2CC2)O,CNS(=O)(=O)CC1=CC2=C(C=C1)NC=C2CCN(C)C,0,unreported_twosides_sampled,0.0021765781566500664,0.012855333224680406,0.012855333224680406,fitted,platt_logistic_regression,0.5557555001027313,0,0.06874442313968986,0.8268581081081081,0.0016891891891891893,no_interaction,1,False,0.5660377358490566,0.6538461538461539,0.5660377358490566,False,False,False
CC1=CC2=C(C=C1C)N(C=N2)C3C(C(C(O3)CO)OP(=O)(O)OC(C)CNC(=O)CCC4(C(C5C6(C(C(C(=N6)C(=C7C(C(C(=N7)C=C8C(C(C(=N8)C(=C4[N-]5)C)CCC(=O)N)(C)C)CCC(=O)N)(C)CC(=O)N)C)CCC(=O)N)(C)CC(=O)N)C)CC(=O)N)C)O.[C-]#N.[Co+2],COC(=O)C(C1CCCCN1)C2=CC=CC=C2,1,reported_twosides,0.005305547267198563,0.023159977789417995,0.023159977789417995,fitted,platt_logistic_regression,0.5557555001027313,0,0.11009464031227256,0.7753378378378378,0.0016891891891891893,no_interaction,1,False,0.8709677419354839,0.3225806451612903,0.3225806451612903,False,False,True
CC(CC1=CC=CC=C1)N,CCC(=O)N(C1CCN(CC1)CCC2=CC=CC=C2)C3=CC=CC=C3,1,reported_twosides,0.5875669121742249,0.5005845267768896,0.5005845267768896,fitted,platt_logistic_regression,0.5557555001027313,0,0.6931464972166839,0.14442567567567569,0.14442567567567569,no_interaction|interaction,2,True,0.5384615384615384,0.421875,0.421875,False,False,False
C1=CN=CC=C1C(=O)NN,CC(=O)NCCCS(=O)(=O)O,0,unreported_twosides_sampled,0.8209206461906433,0.686857472695301,0.686857472695301,fitted,platt_logistic_regression,0.5557555001027313,1,0.6215920195021543,0.05489864864864865,0.3091216216216216,interaction,1,False,0.3,0.3333333333333333,0.3,False,False,True
C1=CC=C(C=C1)C2=C(OC(=N2)CCC(=O)O)C3=CC=CC=C3,CC1=C(C=NO1)C(=O)NC2=CC=C(C=C2)C(F)(F)F,1,reported_twosides,0.009629235602915287,0.03423850717903341,0.03423850717903341,fitted,platt_logistic_regression,0.5557555001027313,0,0.14918012986094303,0.731418918918919,0.0033783783783783786,no_interaction,1,False,0.23529411764705882,0.2608695652173913,0.23529411764705882,False,False,True
CC1=C(C=C(C=C1)NC(=O)C2=CC=C(C=C2)CN3CCN(CC3)C)NC4=NC=CC(=N4)C5=CN=CC=C5,CCN(C1=CC=CC(=C1)C2=CC=NC3=C(C=NN23)C#N)C(=O)C,0,unreported_twosides_sampled,0.3292076885700226,0.3292065537620866,0.3292065537620866,fitted,platt_logistic_regression,0.5557555001027313,0,0.6336153046694402,0.29307432432432434,0.05827702702702703,no_interaction,1,False,0.29,0.21739130434782608,0.21739130434782608,False,False,True
CC(=O)OCC1=C(N2C(C(C2=O)NC(=O)C(=NOC)C3=CSC(=N3)N)SC1)C(=O)[O-],CN(CCCNC(=O)C1CCCO1)C2=NC3=CC(=C(C=C3C(=N2)N)OC)OC,0,unreported_twosides_sampled,0.19523678719997406,0.23435123778448363,0.23435123778448363,fitted,platt_logistic_regression,0.5557555001027313,0,0.5444807711618711,0.3859797297297297,0.03800675675675676,no_interaction,1,False,0.7638888888888888,0.5138888888888888,0.5138888888888888,False,False,False
CC1=CC2=C(C=C1C)N(C=N2)C3C(C(C(O3)CO)OP(=O)(O)OC(C)CNC(=O)CCC4(C(C5C6(C(C(C(=N6)C(=C7C(C(C(=N7)C=C8C(C(C(=N8)C(=C4[N-]5)C)CCC(=O)N)(C)C)CCC(=O)N)(C)CC(=O)N)C)CCC(=O)N)(C)CC(=O)N)C)CC(=O)N)C)O.[C-]#N.[Co+2],CCC1=C2C(=CC=C1)C3=C(N2)C(OCC3)(CC)CC(=O)O,1,reported_twosides,0.019644109532237053,0.0544237713332934,0.0544237713332934,fitted,platt_logistic_regression,0.5557555001027313,0,0.21134028363054494,0.6621621621621622,0.0059121621621621625,no_interaction,1,False,0.8709677419354839,0.2413793103448276,0.2413793103448276,False,False,True
CC(C)(C)NCC(C1=CC(=C(C=C1)O)CO)O,CC1(OC2COC3(C(C2O1)OC(O3)(C)C)COS(=O)(=O)N)C,1,reported_twosides,0.008003152906894684,0.03033607254649521,0.03033607254649521,fitted,platt_logistic_regression,0.5557555001027313,0,0.1359084558701302,0.7466216216216216,0.002533783783783784,no_interaction,1,False,0.5227272727272727,0.1839080459770115,0.1839080459770115,False,False,True
CC1=C(C(C(=C(N1)C)C(=O)OCC(C)C)C2=CC=CC=C2[N+](=O)[O-])C(=O)OC,CC1=CC(=C(C=C1)O)C(CCN(C(C)C)C(C)C)C2=CC=CC=C2,1,reported_twosides,0.7415957450866699,0.615774082455689,0.615774082455689,fitted,platt_logistic_regression,0.5557555001027313,1,0.6660950710034819,0.08108108108108109,0.24493243243243243,interaction,1,False,0.8043478260869565,0.2833333333333333,0.2833333333333333,False,False,True
CC1(OC2COC3(C(C2O1)OC(O3)(C)C)COS(=O)(=O)N)C,CC1=C(C(=CC=C1)C)OCC(C)N,0,unreported_twosides_sampled,0.11864373087882996,0.1709951097823512,0.1709951097823512,fitted,platt_logistic_regression,0.5557555001027313,0,0.4574605826433356,0.45861486486486486,0.02702702702702703,no_interaction,1,False,0.1839080459770115,0.2727272727272727,0.1839080459770115,False,False,True
C1=CC=C(C=C1)C2(C(=O)NC(=O)N2)C3=CC=CC=C3,CC1=C(C=NO1)C(=O)NC2=CC=C(C=C2)C(F)(F)F,1,reported_twosides,0.3057979941368103,0.313417195367178,0.313417195367178,fitted,platt_logistic_regression,0.5557555001027313,0,0.6218075872240516,0.30827702702702703,0.05489864864864865,no_interaction,1,False,0.4,0.2608695652173913,0.2608695652173913,False,False,True
CC1=C(C(=CC=C1)C)OCC(C)N,CCC1(CC2CC(C3=C(CCN(C2)C1)C4=CC=CC=C4N3)(C5=C(C=C6C(=C5)C78CCN9C7C(C=CC9)(C(C(C8N6C=O)(C(=O)OC)O)OC(=O)C)CC)OC)C(=O)OC)O,0,unreported_twosides_sampled,0.05432231351733208,0.10439982514567163,0.10439982514567163,fitted,platt_logistic_regression,0.5557555001027313,0,0.33464420189764477,0.5565878378378378,0.013513513513513514,no_interaction,1,False,0.2727272727272727,0.89,0.2727272727272727,False,False,True
C1=CC(=CN=C1)C(=O)[O-],CC1=CC(=C(C=C1)O)C(CCN(C(C)C)C(C)C)C2=CC=CC=C2,1,reported_twosides,0.48918256163597107,0.4344249867377907,0.4344249867377907,fitted,platt_logistic_regression,0.5557555001027313,0,0.6845221903488736,0.19679054054054054,0.10219594594594594,no_interaction|interaction,2,True,0.30303030303030304,0.2833333333333333,0.2833333333333333,False,False,True
CCCCN1CCCCC1C(=O)NC2=C(C=CC=C2C)C,CCOC(=O)C1=C2CN(C(=O)C3=C(N2C=N1)C=CC(=C3)F)C,0,unreported_twosides_sampled,0.09842147678136826,0.15199861263380357,0.15199861263380357,fitted,platt_logistic_regression,0.5557555001027313,0,0.42616027577185167,0.48817567567567566,0.021114864864864864,no_interaction,1,False,0.8604651162790697,0.24050632911392406,0.24050632911392406,False,False,True
CN(C)C(=O)C(CC[NH+]1CCC(CC1)(C2=CC=C(C=C2)Cl)O)(C3=CC=CC=C3)C4=CC=CC=C4,CN1CCCC1CC2=CNC3=C2C=C(C=C3)CCS(=O)(=O)C4=CC=CC=C4,0,unreported_twosides_sampled,0.04390083625912666,0.09117746104790363,0.09117746104790363,fitted,platt_logistic_regression,0.5557555001027313,0,0.3052536070792805,0.5836148648648649,0.010135135135135136,no_interaction,1,False,0.30434782608695654,0.4492753623188406,0.30434782608695654,False,False,True
CC1=C(C2=C(N1C(=O)C3=CC=C(C=C3)Cl)C=CC(=C2)OC)CC(=O)O,CN1CCCC1CC2=CNC3=C2C=C(C=C3)CCS(=O)(=O)C4=CC=CC=C4,0,unreported_twosides_sampled,0.15411314368247986,0.20168534745844058,0.20168534745844058,fitted,platt_logistic_regression,0.5557555001027313,0,0.5027299535931762,0.41385135135135137,0.030405405405405407,no_interaction,1,False,0.3064516129032258,0.4492753623188406,0.3064516129032258,False,False,True
C1=C(C(=O)NC(=O)N1)F,C1=CC=C(C=C1)C2=C(OC(=N2)CCC(=O)O)C3=CC=CC=C3,0,unreported_twosides_sampled,0.6437387466430664,0.5403194210626981,0.5403194210626981,fitted,platt_logistic_regression,0.5557555001027313,0,0.6898923362576355,0.11570945945945946,0.18074324324324326,no_interaction|interaction,2,True,0.1891891891891892,0.23529411764705882,0.1891891891891892,False,False,True
C1=C(C(=O)NC(=O)N1)F,CC1CC2C3CCC(C3(CC(C2C4(C1=CC(=O)C=C4)C)O)C)(C(=O)CO)O,1,reported_twosides,0.9786649346351624,0.9112394482940214,0.9112394482940214,fitted,platt_logistic_regression,0.5557555001027313,1,0.29966077445767886,0.010135135135135136,0.5886824324324325,interaction,1,False,0.1891891891891892,0.6949152542372882,0.1891891891891892,False,False,True
CC(CC1=CC=CC=C1)N,CC1=C(C(=NO1)C2=CC=CC=C2)C3=CC=C(C=C3)S(=O)(=O)N,0,unreported_twosides_sampled,0.1833779513835907,0.2251860930686545,0.2251860930686545,fitted,platt_logistic_regression,0.5557555001027313,0,0.533393894409903,0.3918918918918919,0.033783783783783786,no_interaction,1,False,0.5384615384615384,0.30434782608695654,0.30434782608695654,False,False,True
C1=CC=NC(=C1)NS(=O)(=O)C2=CC=C(C=C2)NN=C3C=CC(=O)C(=C3)C(=O)O,CC1=C(C(=CC=C1)C)OCC(C)N,0,unreported_twosides_sampled,0.09499122202396393,0.14863757248693568,0.14863757248693568,fitted,platt_logistic_regression,0.5557555001027313,0,0.42033852211843437,0.49155405405405406,0.021114864864864864,no_interaction,1,False,0.47619047619047616,0.2727272727272727,0.2727272727272727,False,False,True
CC1=C(C(=NO1)C2=CC=CC=C2)C3=CC=C(C=C3)S(=O)(=O)N,CC1CC2C3CCC(C3(CC(C2C4(C1=CC(=O)C=C4)C)O)C)(C(=O)CO)O,1,reported_twosides,0.5576786994934082,0.4801285996506036,0.4801285996506036,fitted,platt_logistic_regression,0.5557555001027313,0,0.6923572274256826,0.16216216216216217,0.13682432432432431,no_interaction|interaction,2,True,0.30434782608695654,0.6949152542372882,0.30434782608695654,False,False,True
CC1=C(C=C(C=C1)NC(=O)C2=CC=C(C=C2)CN3CCN(CC3)C)NC4=NC=CC(=N4)C5=CN=CC=C5,CNS(=O)(=O)CC1=CC2=C(C=C1)NC=C2CCN(C)C,0,unreported_twosides_sampled,0.0005937953246757388,0.005418196253230575,0.005418196253230575,fitted,platt_logistic_regression,0.5557555001027313,0,0.0336755976481939,0.8826013513513513,0.0008445945945945946,no_interaction,1,False,0.29,0.6538461538461539,0.29,False,False,True
CC1CC2C3CCC(C3(CC(C2C4(C1=CC(=O)C=C4)C)O)C)(C(=O)CO)O,CCC1=C2C(=CC=C1)C3=C(N2)C(OCC3)(CC)CC(=O)O,1,reported_twosides,0.9977841973304749,0.9793550341084402,0.9793550341084402,fitted,platt_logistic_regression,0.5557555001027313,1,0.10053870284190615,0.0016891891891891893,0.7846283783783784,interaction,1,False,0.6949152542372882,0.2413793103448276,0.2413793103448276,False,False,True
CCC1(CC2CC(C3=C(CCN(C2)C1)C4=CC=CC=C4N3)(C5=C(C=C6C(=C5)C78CCN9C7C(C=CC9)(C(C(C8N6C=O)(C(=O)OC)O)OC(=O)C)CC)OC)C(=O)OC)O,CCCCN1CCCCC1C(=O)NC2=C(C=CC=C2C)C,0,unreported_twosides_sampled,0.6861973404884338,0.5718650628409848,0.5718650628409848,fitted,platt_logistic_regression,0.5557555001027313,1,0.6827821449252343,0.09797297297297297,0.20101351351351351,interaction,1,False,0.89,0.8604651162790697,0.8604651162790697,False,False,False
C1=CC=NC(=C1)NS(=O)(=O)C2=CC=C(C=C2)NN=C3C=CC(=O)C(=C3)C(=O)O,CCC1=C2C(=CC=C1)C3=C(N2)C(OCC3)(CC)CC(=O)O,1,reported_twosides,0.12501247227191925,0.1767253472930504,0.1767253472930504,fitted,platt_logistic_regression,0.5557555001027313,0,0.4663914760781651,0.4535472972972973,0.02787162162162162,no_interaction,1,False,0.47619047619047616,0.2413793103448276,0.2413793103448276,False,False,True
CC(=O)OCC1=C(N2C(C(C2=O)NC(=O)C(=NOC)C3=CSC(=N3)N)SC1)C(=O)[O-],CCN(C)C(=O)OC1=CC=CC(=C1)C(C)N(C)C,0,unreported_twosides_sampled,0.9644148945808411,0.8782786384725054,0.8782786384725054,fitted,platt_logistic_regression,0.5557555001027313,1,0.37034071165892346,0.015202702702702704,0.5346283783783784,interaction,1,False,0.7638888888888888,0.32653061224489793,0.32653061224489793,False,False,True
C1C(C(OC1N2C=NC3=C2NC=NCC3O)CO)O,CCN(C1=CC=CC(=C1)C2=CC=NC3=C(C=NN23)C#N)C(=O)C,0,unreported_twosides_sampled,0.7701787352561951,0.640041082906398,0.640041082906398,fitted,platt_logistic_regression,0.5557555001027313,1,0.6533945534995592,0.07347972972972973,0.2643581081081081,interaction,1,False,0.4406779661016949,0.21739130434782608,0.21739130434782608,False,False,True
CC1=C(C(=NO1)C2=CC=CC=C2)C3=CC=C(C=C3)S(=O)(=O)N,CCC1=C(CN(C1=O)C(=O)NCCC2=CC=C(C=C2)S(=O)(=O)NC(=O)NC3CCC(CC3)C)C,1,reported_twosides,0.004234911873936653,0.01996413819552279,0.01996413819552279,fitted,platt_logistic_regression,0.5557555001027313,0,0.0978995127540313,0.7871621621621622,0.0016891891891891893,no_interaction,1,False,0.30434782608695654,0.48,0.30434782608695654,False,False,True
CC(C=CC(C1CC1)O)C2CCC3C2(CCCC3=CC=C4CC(CC(C4=C)O)O)C,CN(CCCNC(=O)C1CCCO1)C2=NC3=CC(=C(C=C3C(=N2)N)OC)OC,0,unreported_twosides_sampled,0.405808687210083,0.37981315120902026,0.37981315120902026,fitted,platt_logistic_regression,0.5557555001027313,0,0.663972580972698,0.24746621621621623,0.0785472972972973,no_interaction,1,False,0.6323529411764706,0.5138888888888888,0.5138888888888888,False,False,False
CC1=C(C(C(=C(N1)C)C(=O)OCC(C)C)C2=CC=CC=C2[N+](=O)[O-])C(=O)OC,CC1CC2C3CCC(C3(CC(C2C4(C1=CC(=O)C=C4)C)O)C)(C(=O)CO)O,0,unreported_twosides_sampled,0.9998873472213745,0.9971486114690158,0.9971486114690158,fitted,platt_logistic_regression,0.5557555001027313,1,0.01955631139294308,0.0008445945945945946,0.9155405405405406,interaction,1,False,0.8043478260869565,0.6949152542372882,0.6949152542372882,False,False,False
C1CCN(CC1)C2=NC(=NC3=C2N=C(N=C3N4CCCCC4)N(CCO)CCO)N(CCO)CCO,CC1=C(C(=NO1)C2=CC=CC=C2)C3=CC=C(C=C3)S(=O)(=O)N,1,reported_twosides,0.45271822810173035,0.4104915906045315,0.4104915906045315,fitted,platt_logistic_regression,0.5557555001027313,0,0.6770369692489087,0.22297297297297297,0.0929054054054054,no_interaction,1,False,0.30434782608695654,0.30434782608695654,0.30434782608695654,False,False,True
CC1COC2=C3N1C=C(C(=O)C3=CC(=C2N4CCN(CC4)C)F)C(=O)O,COC1=C(C=C(C=C1)C2=CC3=C(C=C2)C=C(C=C3)C(=O)O)C45CC6CC(C4)CC(C6)C5,1,reported_twosides,0.6702404022216797,0.5598273767237306,0.5598273767237306,fitted,platt_logistic_regression,0.5557555001027313,1,0.6859713699700907,0.10472972972972973,0.19510135135135134,no_interaction|interaction,2,True,0.4507042253521127,0.288135593220339,0.288135593220339,False,False,True
C1=CN=CC=C1C(=O)NN,CN(CCCNC(=O)C1CCCO1)C2=NC3=CC(=C(C=C3C(=N2)N)OC)OC,0,unreported_twosides_sampled,0.37311482429504395,0.35835331337785614,0.35835331337785614,fitted,platt_logistic_regression,0.5557555001027313,0,0.6524648619142761,0.2652027027027027,0.07263513513513513,no_interaction,1,False,0.3,0.5138888888888888,0.3,False,False,True
CC1=C(C(C(=C(N1)C)C(=O)OCC(C)C)C2=CC=CC=C2[N+](=O)[O-])C(=O)OC,CCC(C)CC(C)CCCCCCCCC(=O)NC1CC(C(NC(=O)C2CCCN2C(=O)C(NC(=O)C(NC(=O)C3CC(CN3C(=O)C(NC1=O)C(C)O)O)C(C(C4=CC=C(C=C4)O)O)O)C(CCN)O)NCCN)O,0,unreported_twosides_sampled,0.5446632504463196,0.4713351352181953,0.4713351352181953,fitted,platt_logistic_regression,0.5557555001027313,0,0.6915029302298806,0.17145270270270271,0.125,no_interaction|interaction,2,True,0.8043478260869565,0.24489795918367346,0.24489795918367346,False,False,True
C1=CC=C(C=C1)C2=C(OC(=N2)CCC(=O)O)C3=CC=CC=C3,CCN(C)C(=O)OC1=CC=CC(=C1)C(C)N(C)C,0,unreported_twosides_sampled,0.9536087512969971,0.8570473571500729,0.8570473571500729,fitted,platt_logistic_regression,0.5557555001027313,1,0.41028739407068937,0.02027027027027027,0.4966216216216216,interaction,1,False,0.23529411764705882,0.32653061224489793,0.23529411764705882,False,False,True
CCC1=C(CN(C1=O)C(=O)NCCC2=CC=C(C=C2)S(=O)(=O)NC(=O)NC3CCC(CC3)C)C,CNS(=O)(=O)CC1=CC2=C(C=C1)NC=C2CCN(C)C,0,unreported_twosides_sampled,4.758620707434602e-05,0.0010025096567753422,0.0010025096567753422,fitted,platt_logistic_regression,0.5557555001027313,0,0.007924585546448256,0.9569256756756757,0.0008445945945945946,no_interaction,1,False,0.48,0.6538461538461539,0.48,False,False,False
C1=CC=C(C=C1)C2=C(OC(=N2)CCC(=O)O)C3=CC=CC=C3,CC(C)(C)NCC(C1=CC(=C(C=C1)O)CO)O,1,reported_twosides,0.2384166568517685,0.2663818730468103,0.2663818730468103,fitted,platt_logistic_regression,0.5557555001027313,0,0.5796268665087143,0.3547297297297297,0.04222972972972973,no_interaction,1,False,0.23529411764705882,0.5227272727272727,0.23529411764705882,False,False,True
CC1=CC(=C(C=C1)O)C(CCN(C(C)C)C(C)C)C2=CC=CC=C2,CCC1(CC2CC(C3=C(CCN(C2)C1)C4=CC=CC=C4N3)(C5=C(C=C6C(=C5)C78CCN9C7C(C=CC9)(C(C(C8N6C=O)(C(=O)OC)O)OC(=O)C)CC)OC)C(=O)OC)O,0,unreported_twosides_sampled,0.014233105815947056,0.04416756841673383,0.04416756841673383,fitted,platt_logistic_regression,0.5557555001027313,0,0.18096990766108154,0.691722972972973,0.004222972972972973,no_interaction,1,False,0.2833333333333333,0.89,0.2833333333333333,False,False,True
B(C(CC(C)C)NC(=O)C(CC1=CC=CC=C1)NC(=O)C2=NC=CN=C2)(O)O,CC1COC2=C3N1C=C(C(=O)C3=CC(=C2N4CCN(CC4)C)F)C(=O)O,1,reported_twosides,0.5937459468841553,0.5048657373411278,0.5048657373411278,fitted,platt_logistic_regression,0.5557555001027313,0,0.6930998290128053,0.14104729729729729,0.14949324324324326,no_interaction|interaction,2,True,0.3088235294117647,0.4507042253521127,0.3088235294117647,False,False,True
C1=CN=CC=C1C(=O)NN,CN1CCCC1CC2=CNC3=C2C=C(C=C3)CCS(=O)(=O)C4=CC=CC=C4,0,unreported_twosides_sampled,0.01489713229238987,0.04549523032693929,0.04549523032693929,fitted,platt_logistic_regression,0.5557555001027313,0,0.1850312461051847,0.6866554054054054,0.004222972972972973,no_interaction,1,False,0.3,0.4492753623188406,0.3,False,False,True
C1=C(C(=O)NC(=O)N1)F,C1CCN(CC1)C2=NC(=NC3=C2N=C(N=C3N4CCCCC4)N(CCO)CCO)N(CCO)CCO,1,reported_twosides,0.848816454410553,0.7153132728645493,0.7153132728645493,fitted,platt_logistic_regression,0.5557555001027313,1,0.5973254574202833,0.0464527027027027,0.3344594594594595,interaction,1,False,0.1891891891891892,0.30434782608695654,0.1891891891891892,False,False,True
C1CCN(CC1)C2=NC(=NC3=C2N=C(N=C3N4CCCCC4)N(CCO)CCO)N(CCO)CCO,CCC1(CC2CC(C3=C(CCN(C2)C1)C4=CC=CC=C4N3)(C5=C(C=C6C(=C5)C78CCN9C7C(C=CC9)(C(C(C8N6C=O)(C(=O)OC)O)OC(=O)C)CC)OC)C(=O)OC)O,1,reported_twosides,0.4166172444820404,0.3868848654738324,0.3868848654738324,fitted,platt_logistic_regression,0.5557555001027313,0,0.6673342341088329,0.24324324324324326,0.08277027027027027,no_interaction,1,False,0.30434782608695654,0.89,0.30434782608695654,False,False,True
CC1=C(C=C(C=C1)NC(=O)C2=CC=C(C=C2)CN3CCN(CC3)C)NC4=NC=CC(=N4)C5=CN=CC=C5,CCC(=O)N(C1CCN(CC1)CCC2=CC=CC=C2)C3=CC=CC=C3,1,reported_twosides,0.005046644248068333,0.02240971303054542,0.02240971303054542,fitted,platt_logistic_regression,0.5557555001027313,0,0.10727465290131283,0.7778716216216216,0.0016891891891891893,no_interaction,1,False,0.29,0.421875,0.29,False,False,True
CC(C)(C)NCC(C1=CC(=C(C=C1)O)CO)O,CCC1C2(C(C(C(=O)C(CC(C(C(C(=O)C(C(=O)O1)C)C)OC3C(C(CC(O3)C)N(C)C)O)(C)OC)C)C)N(C(=O)O2)CCCCN4C=C(N=C4)C5=CN=CC=C5)C,1,reported_twosides,0.4910227954387665,0.4356377786320879,0.4356377786320879,fitted,platt_logistic_regression,0.5557555001027313,0,0.684839156110997,0.19679054054054054,0.10304054054054054,no_interaction|interaction,2,True,0.5227272727272727,0.44642857142857145,0.44642857142857145,False,False,False
C1=CC(=CN=C1)C(=O)[O-],CCC(C)CC(C)CCCCCCCCC(=O)NC1CC(C(NC(=O)C2CCCN2C(=O)C(NC(=O)C(NC(=O)C3CC(CN3C(=O)C(NC1=O)C(C)O)O)C(C(C4=CC=C(C=C4)O)O)O)C(CCN)O)NCCN)O,0,unreported_twosides_sampled,0.07098720222711563,0.12367737746960387,0.12367737746960387,fitted,platt_logistic_regression,0.5557555001027313,0,0.37418843540476565,0.5320945945945946,0.016047297297297296,no_interaction,1,False,0.30303030303030304,0.24489795918367346,0.24489795918367346,False,False,True
C1=CC=C(C=C1)C2(C(=O)NC(=O)N2)C3=CC=CC=C3,CCOC(=O)C1=C2CN(C(=O)C3=C(N2C=N1)C=CC(=C3)F)C,0,unreported_twosides_sampled,0.14673851430416107,0.1955301530122705,0.1955301530122705,fitted,platt_logistic_regression,0.5557555001027313,0,0.4941431106973178,0.42989864864864863,0.028716216216216218,no_interaction,1,False,0.4,0.24050632911392406,0.24050632911392406,False,False,True
CC1=C(C=C(C=C1)NC(=O)C2=CC=C(C=C2)CN3CCN(CC3)C)NC4=NC=CC(=N4)C5=CN=CC=C5,CCN(C)C(=O)OC1=CC=CC(=C1)C(C)N(C)C,0,unreported_twosides_sampled,0.9293778538703918,0.8163986211333565,0.8163986211333565,fitted,platt_logistic_regression,0.5557555001027313,1,0.4768107188337792,0.02787162162162162,0.44425675675675674,interaction,1,False,0.29,0.32653061224489793,0.29,False,False,True
CC1COC2=C3N1C=C(C(=O)C3=CC(=C2N4CCN(CC4)C)F)C(=O)O,CCN(C)C(=O)OC1=CC=CC(=C1)C(C)N(C)C,1,reported_twosides,0.9918249845504761,0.9516907917300707,0.9516907917300707,fitted,platt_logistic_regression,0.5557555001027313,1,0.1935063909747579,0.004222972972972973,0.6790540540540541,interaction,1,False,0.4507042253521127,0.32653061224489793,0.32653061224489793,False,False,True
CCC(C)CC(C)CCCCCCCCC(=O)NC1CC(C(NC(=O)C2CCCN2C(=O)C(NC(=O)C(NC(=O)C3CC(CN3C(=O)C(NC1=O)C(C)O)O)C(C(C4=CC=C(C=C4)O)O)O)C(CCN)O)NCCN)O,CCC1C2(C(C(C(=O)C(CC(C(C(C(=O)C(C(=O)O1)C)C)OC3C(C(CC(O3)C)N(C)C)O)(C)OC)C)C)N(C(=O)O2)CCCCN4C=C(N=C4)C5=CN=CC=C5)C,0,unreported_twosides_sampled,0.14405260980129242,0.19326171145882676,0.19326171145882676,fitted,platt_logistic_regression,0.5557555001027313,0,0.49091806560069157,0.43243243243243246,0.028716216216216218,no_interaction,1,False,0.24489795918367346,0.44642857142857145,0.24489795918367346,False,False,True
CCC1(CC2CC(C3=C(CCN(C2)C1)C4=CC=CC=C4N3)(C5=C(C=C6C(=C5)C78CCN9C7C(C=CC9)(C(C(C8N6C=O)(C(=O)OC)O)OC(=O)C)CC)OC)C(=O)OC)O,CNS(=O)(=O)CC1=CC2=C(C=C1)NC=C2CCN(C)C,0,unreported_twosides_sampled,0.10211548209190369,0.15556951728720111,0.15556951728720111,fitted,platt_logistic_regression,0.5557555001027313,0,0.4322495496884094,0.4864864864864865,0.02195945945945946,no_interaction,1,False,0.89,0.6538461538461539,0.6538461538461539,False,False,False
B(C(CC(C)C)NC(=O)C(CC1=CC=CC=C1)NC(=O)C2=NC=CN=C2)(O)O,CC1=C(C2=C(N1C(=O)C3=CC=C(C=C3)Cl)C=CC(=C2)OC)CC(=O)O,0,unreported_twosides_sampled,0.08417031168937683,0.13772269992259165,0.13772269992259165,fitted,platt_logistic_regression,0.5557555001027313,0,0.400807889545708,0.5076013513513513,0.019425675675675675,no_interaction,1,False,0.3088235294117647,0.3064516129032258,0.3064516129032258,False,False,True
CC(CC1=CC=CC=C1)N,CCC1C2(C(C(C(=O)C(CC(C(C(C(=O)C(C(=O)O1)C)C)OC3C(C(CC(O3)C)N(C)C)O)(C)OC)C)C)N(C(=O)O2)CCCCN4C=C(N=C4)C5=CN=CC=C5)C,0,unreported_twosides_sampled,0.431719034910202,0.39675836836970285,0.39675836836970285,fitted,platt_logistic_regression,0.5557555001027313,0,0.6716753865575799,0.23564189189189189,0.08699324324324324,no_interaction,1,False,0.5384615384615384,0.44642857142857145,0.44642857142857145,False,False,False
CC(C=CC(C1CC1)O)C2CCC3C2(CCCC3=CC=C4CC(CC(C4=C)O)O)C,CCC(=O)N(C1CCN(CC1)CCC2=CC=CC=C2)C3=CC=CC=C3,1,reported_twosides,0.03844166919589043,0.08377398747342243,0.08377398747342243,fitted,platt_logistic_regression,0.5557555001027313,0,0.2878913565961316,0.5962837837837838,0.010135135135135136,no_interaction,1,False,0.6323529411764706,0.421875,0.421875,False,False,False
CC1(OC2COC3(C(C2O1)OC(O3)(C)C)COS(=O)(=O)N)C,CC1COC2=C3N1C=C(C(=O)C3=CC(=C2N4CCN(CC4)C)F)C(=O)O,1,reported_twosides,0.20932447910308838,0.24501453025339326,0.24501453025339326,fitted,platt_logistic_regression,0.5557555001027313,0,0.5567914693572601,0.37584459459459457,0.04054054054054054,no_interaction,1,False,0.1839080459770115,0.4507042253521127,0.1839080459770115,False,False,True
CC(CC1=CC=CC=C1)N,CC1(OC2COC3(C(C2O1)OC(O3)(C)C)COS(=O)(=O)N)C,1,reported_twosides,0.010461792349815369,0.03614389594136674,0.03614389594136674,fitted,platt_logistic_regression,0.5557555001027313,0,0.1554893595704568,0.7271959459459459,0.004222972972972973,no_interaction,1,False,0.5384615384615384,0.1839080459770115,0.1839080459770115,False,False,True
CC1COC2=C3N1C=C(C(=O)C3=CC(=C2N4CCN(CC4)C)F)C(=O)O,CCC1=C(CN(C1=O)C(=O)NCCC2=CC=C(C=C2)S(=O)(=O)NC(=O)NC3CCC(CC3)C)C,1,reported_twosides,0.5479198694229126,0.4735295675677204,0.4735295675677204,fitted,platt_logistic_regression,0.5557555001027313,0,0.6917451576282874,0.16976351351351351,0.12922297297297297,no_interaction|interaction,2,True,0.4507042253521127,0.48,0.4507042253521127,False,False,False
CC(C)NCC(COC1=CC=C(C=C1)CCOCC2CC2)O,CCC1C2(C(C(C(=O)C(CC(C(C(C(=O)C(C(=O)O1)C)C)OC3C(C(CC(O3)C)N(C)C)O)(C)OC)C)C)N(C(=O)O2)CCCCN4C=C(N=C4)C5=CN=CC=C5)C,0,unreported_twosides_sampled,0.878152072429657,0.7481279823970372,0.7481279823970372,fitted,platt_logistic_regression,0.5557555001027313,1,0.5643824364451998,0.041385135135135136,0.3716216216216216,interaction,1,False,0.5660377358490566,0.44642857142857145,0.44642857142857145,False,False,False
C1=CC=C(C=C1)C2=C(OC(=N2)CCC(=O)O)C3=CC=CC=C3,CCN(C1=CC=CC(=C1)C2=CC=NC3=C(C=NN23)C#N)C(=O)C,0,unreported_twosides_sampled,0.32531052827835083,0.326592444635735,0.326592444635735,fitted,platt_logistic_regression,0.5557555001027313,0,0.6317391513725276,0.2947635135135135,0.05827702702702703,no_interaction,1,False,0.23529411764705882,0.21739130434782608,0.21739130434782608,False,False,True
CC(CC1=CC=CC=C1)N,CC1CC2C3CCC(C3(CC(C2C4(C1=CC(=O)C=C4)C)O)C)(C(=O)CO)O,0,unreported_twosides_sampled,0.5925520658493042,0.5040370217446932,0.5040370217446932,fitted,platt_logistic_regression,0.5557555001027313,0,0.6931145851166551,0.14104729729729729,0.14949324324324326,no_interaction|interaction,2,True,0.5384615384615384,0.6949152542372882,0.5384615384615384,False,False,False
CC(C)(C)NCC(C1=CC(=C(C=C1)O)CO)O,CCOC(=O)C1=C2CN(C(=O)C3=C(N2C=N1)C=CC(=C3)F)C,0,unreported_twosides_sampled,0.5248582363128662,0.45806488353836256,0.45806488353836256,fitted,platt_logistic_regression,0.5557555001027313,0,0.6896259375793923,0.18074324324324326,0.11570945945945946,no_interaction|interaction,2,True,0.5227272727272727,0.24050632911392406,0.24050632911392406,False,False,True
CC1=C(C(=CC=C1)C)OCC(C)N,CC1=C(C=NO1)C(=O)NC2=CC=C(C=C2)C(F)(F)F,0,unreported_twosides_sampled,0.023239705711603165,0.06065970743585495,0.06065970743585495,fitted,platt_logistic_regression,0.5557555001027313,0,0.22877888569290805,0.6494932432432432,0.006756756756756757,no_interaction,1,False,0.2727272727272727,0.2608695652173913,0.2608695652173913,False,False,True
CC1=C(C(C(=C(N1)C)C(=O)OCC(C)C)C2=CC=CC=C2[N+](=O)[O-])C(=O)OC,CN(C)C(=O)C(CC[NH+]1CCC(CC1)(C2=CC=C(C=C2)Cl)O)(C3=CC=CC=C3)C4=CC=CC=C4,1,reported_twosides,0.24908588826656342,0.27403056138701104,0.27403056138701104,fitted,platt_logistic_regression,0.5557555001027313,0,0.5872266444064879,0.34375,0.04307432432432432,no_interaction,1,False,0.8043478260869565,0.30434782608695654,0.30434782608695654,False,False,True
CCC(=O)N(C1CCN(CC1)CCC2=CC=CC=C2)C3=CC=CC=C3,CCC1=C(CN(C1=O)C(=O)NCCC2=CC=C(C=C2)S(=O)(=O)NC(=O)NC3CCC(CC3)C)C,1,reported_twosides,0.007702692411839962,0.02958499056369762,0.02958499056369762,fitted,platt_logistic_regression,0.5557555001027313,0,0.13329658177857515,0.75,0.002533783783783784,no_interaction,1,False,0.421875,0.48,0.421875,False,False,False
C1=CC=C(C=C1)C2(C(=O)NC(=O)N2)C3=CC=CC=C3,CCN(C)C(=O)OC1=CC=CC(=C1)C(C)N(C)C,0,unreported_twosides_sampled,0.9811506867408752,0.9178563902912426,0.9178563902912426,fitted,platt_logistic_regression,0.5557555001027313,1,0.28397384531475617,0.010135135135135136,0.6038851351351351,interaction,1,False,0.4,0.32653061224489793,0.32653061224489793,False,False,True
C1=CC=NC(=C1)NS(=O)(=O)C2=CC=C(C=C2)NN=C3C=CC(=O)C(=C3)C(=O)O,CNS(=O)(=O)CC1=CC2=C(C=C1)NC=C2CCN(C)C,1,reported_twosides,0.0010791266104206443,0.00806650247604887,0.00806650247604887,fitted,platt_logistic_regression,0.5557555001027313,0,0.046914707003840275,0.8589527027027027,0.0016891891891891893,no_interaction,1,False,0.47619047619047616,0.6538461538461539,0.47619047619047616,False,False,False
C1=CC(=CN=C1)C(=O)[O-],C1=CN=CC=C1C(=O)NN,0,unreported_twosides_sampled,0.7431216239929199,0.617038143304735,0.617038143304735,fitted,platt_logistic_regression,0.5557555001027313,1,0.6654954992720087,0.08023648648648649,0.24577702702702703,interaction,1,False,0.30303030303030304,0.3,0.3,False,False,True
CC1=CC(=C(C=C1)O)C(CCN(C(C)C)C(C)C)C2=CC=CC=C2,CCC1=C(CN(C1=O)C(=O)NCCC2=CC=C(C=C2)S(=O)(=O)NC(=O)NC3CCC(CC3)C)C,1,reported_twosides,0.030744388699531555,0.07261440089621111,0.07261440089621111,fitted,platt_logistic_regression,0.5557555001027313,0,0.260349686255723,0.6233108108108109,0.007601351351351352,no_interaction,1,False,0.2833333333333333,0.48,0.2833333333333333,False,False,True
CC1COC2=C3N1C=C(C(=O)C3=CC(=C2N4CCN(CC4)C)F)C(=O)O,CCN(C1=CC=CC(=C1)C2=CC=NC3=C(C=NN23)C#N)C(=O)C,1,reported_twosides,0.8825250267982483,0.7533338363996346,0.7533338363996346,fitted,platt_logistic_regression,0.5557555001027313,1,0.5586428238883168,0.04054054054054054,0.37584459459459457,interaction,1,False,0.4507042253521127,0.21739130434782608,0.21739130434782608,False,False,True
C1=CC=C(C=C1)C2(C(=O)NC(=O)N2)C3=CC=CC=C3,CN(CCCNC(=O)C1CCCO1)C2=NC3=CC(=C(C=C3C(=N2)N)OC)OC,0,unreported_twosides_sampled,0.25733622908592224,0.27988552503765624,0.27988552503765624,fitted,platt_logistic_regression,0.5557555001027313,0,0.5928451677363775,0.33868243243243246,0.04307432432432432,no_interaction,1,False,0.4,0.5138888888888888,0.4,False,False,False
CC1(OC2COC3(C(C2O1)OC(O3)(C)C)COS(=O)(=O)N)C,CCN(C1=CC=CC(=C1)C2=CC=NC3=C(C=NN23)C#N)C(=O)C,1,reported_twosides,0.609179675579071,0.5156480926484109,0.5156480926484109,fitted,platt_logistic_regression,0.5557555001027313,0,0.6926573749778187,0.13766891891891891,0.1570945945945946,no_interaction|interaction,2,True,0.1839080459770115,0.21739130434782608,0.1839080459770115,False,False,True
C1=CC=NC(=C1)NS(=O)(=O)C2=CC=C(C=C2)NN=C3C=CC(=O)C(=C3)C(=O)O,CC(=O)NCCCS(=O)(=O)O,0,unreported_twosides_sampled,0.1354677677154541,0.18590891510118696,0.18590891510118696,fitted,platt_logistic_regression,0.5557555001027313,0,0.4802361715687605,0.44256756756756754,0.02787162162162162,no_interaction,1,False,0.47619047619047616,0.3333333333333333,0.3333333333333333,False,False,True
CC1=C(C=NO1)C(=O)NC2=CC=C(C=C2)C(F)(F)F,CCC(=O)N(C1CCN(CC1)CCC2=CC=CC=C2)C3=CC=CC=C3,1,reported_twosides,0.04874806106090546,0.09746135674720237,0.09746135674720237,fitted,platt_logistic_regression,0.5557555001027313,0,0.31946892726784176,0.5675675675675675,0.01097972972972973,no_interaction,1,False,0.2608695652173913,0.421875,0.2608695652173913,False,False,True
CC(=O)OCC1=C(N2C(C(C2=O)NC(=O)C(=NOC)C3=CSC(=N3)N)SC1)C(=O)[O-],CN(C)C(=O)C(CC[NH+]1CCC(CC1)(C2=CC=C(C=C2)Cl)O)(C3=CC=CC=C3)C4=CC=CC=C4,1,reported_twosides,0.012284338474273682,0.040133451626598884,0.040133451626598884,fitted,platt_logistic_regression,0.5557555001027313,0,0.16836803254157684,0.7086148648648649,0.004222972972972973,no_interaction,1,False,0.7638888888888888,0.30434782608695654,0.30434782608695654,False,False,True
CC1=C(C(C(=C(N1)C)C(=O)OCC(C)C)C2=CC=CC=C2[N+](=O)[O-])C(=O)OC,CCCCN1CCCCC1C(=O)NC2=C(C=CC=C2C)C,0,unreported_twosides_sampled,0.012798221781849861,0.041218578736627084,0.041218578736627084,fitted,platt_logistic_regression,0.5557555001027313,0,0.1717977068191726,0.7035472972972973,0.004222972972972973,no_interaction,1,False,0.8043478260869565,0.8604651162790697,0.8043478260869565,False,False,False
CC(=O)NCCCS(=O)(=O)O,CC1CC2C3CCC(C3(CC(C2C4(C1=CC(=O)C=C4)C)O)C)(C(=O)CO)O,0,unreported_twosides_sampled,0.9772555232048035,0.9076297265356592,0.9076297265356592,fitted,platt_logistic_regression,0.5557555001027313,1,0.30798773922322414,0.010135135135135136,0.581081081081081,interaction,1,False,0.3333333333333333,0.6949152542372882,0.3333333333333333,False,False,True
CC1=C(C2=C(N1C(=O)C3=CC=C(C=C3)Cl)C=CC(=C2)OC)CC(=O)O,CCCCN1CCCCC1C(=O)NC2=C(C=CC=C2C)C,0,unreported_twosides_sampled,0.019022146239876747,0.05330343067623121,0.05330343067623121,fitted,platt_logistic_regression,0.5557555001027313,0,0.20812944358436034,0.6646959459459459,0.0059121621621621625,no_interaction,1,False,0.3064516129032258,0.8604651162790697,0.3064516129032258,False,False,True
CC1CC2C3CCC(C3(CC(C2C4(C1=CC(=O)C=C4)C)O)C)(C(=O)CO)O,CCC(=O)N(C1CCN(CC1)CCC2=CC=CC=C2)C3=CC=CC=C3,1,reported_twosides,0.4999438524246216,0.44152611898716493,0.44152611898716493,fitted,platt_logistic_regression,0.5557555001027313,0,0.6862931172746096,0.19510135135135134,0.10557432432432433,no_interaction|interaction,2,True,0.6949152542372882,0.421875,0.421875,False,False,False
C1=CC(=CN=C1)C(=O)[O-],CCC(=O)N(C1CCN(CC1)CCC2=CC=CC=C2)C3=CC=CC=C3,1,reported_twosides,0.15353697538375854,0.20120818697868348,0.20120818697868348,fitted,platt_logistic_regression,0.5557555001027313,0,0.5020727715887544,0.41469594594594594,0.030405405405405407,no_interaction,1,False,0.30303030303030304,0.421875,0.30303030303030304,False,False,True
CC1=C(C(=NO1)C2=CC=CC=C2)C3=CC=C(C=C3)S(=O)(=O)N,CCC(=O)N(C1CCN(CC1)CCC2=CC=CC=C2)C3=CC=CC=C3,1,reported_twosides,0.037089522927999496,0.0818797509311408,0.0818797509311408,fitted,platt_logistic_regression,0.5557555001027313,0,0.2833365410310067,0.6047297297297297,0.010135135135135136,no_interaction,1,False,0.30434782608695654,0.421875,0.30434782608695654,False,False,True
C1=CC=NC(=C1)NS(=O)(=O)C2=CC=C(C=C2)NN=C3C=CC(=O)C(=C3)C(=O)O,CC(C)NCC(COC1=CC=CC2=CC=CC=C21)O,1,reported_twosides,0.2541879415512085,0.2776571518136353,0.2776571518136353,fitted,platt_logistic_regression,0.5557555001027313,0,0.5907269505184154,0.34121621621621623,0.04307432432432432,no_interaction,1,False,0.47619047619047616,0.4489795918367347,0.4489795918367347,False,False,False
CC1=CC2=C(C=C1C)N(C=N2)C3C(C(C(O3)CO)OP(=O)(O)OC(C)CNC(=O)CCC4(C(C5C6(C(C(C(=N6)C(=C7C(C(C(=N7)C=C8C(C(C(=N8)C(=C4[N-]5)C)CCC(=O)N)(C)C)CCC(=O)N)(C)CC(=O)N)C)CCC(=O)N)(C)CC(=O)N)C)CC(=O)N)C)O.[C-]#N.[Co+2],CCC(C)CC(C)CCCCCCCCC(=O)NC1CC(C(NC(=O)C2CCCN2C(=O)C(NC(=O)C(NC(=O)C3CC(CN3C(=O)C(NC1=O)C(C)O)O)C(C(C4=CC=C(C=C4)O)O)O)C(CCN)O)NCCN)O,0,unreported_twosides_sampled,0.003729528281837702,0.01835823695440361,0.01835823695440361,fitted,platt_logistic_regression,0.5557555001027313,0,0.09157898400781339,0.7956081081081081,0.0016891891891891893,no_interaction,1,False,0.8709677419354839,0.24489795918367346,0.24489795918367346,False,False,True
C1=CC(=CN=C1)C(=O)[O-],CCCCN1CCCCC1C(=O)NC2=C(C=CC=C2C)C,0,unreported_twosides_sampled,0.003629276528954506,0.018030869429901772,0.018030869429901772,fitted,platt_logistic_regression,0.5557555001027313,0,0.09027334922336729,0.7981418918918919,0.0016891891891891893,no_interaction,1,False,0.30303030303030304,0.8604651162790697,0.30303030303030304,False,False,True
C1=CN=CC=C1C(=O)NN,CC1=C(C=NO1)C(=O)NC2=CC=C(C=C2)C(F)(F)F,1,reported_twosides,0.03060879372060299,0.07240889590121473,0.07240889590121473,fitted,platt_logistic_regression,0.5557555001027313,0,0.25982590882105855,0.6233108108108109,0.007601351351351352,no_interaction,1,False,0.3,0.2608695652173913,0.2608695652173913,False,False,True
CCN(C1=CC=CC(=C1)C2=CC=NC3=C(C=NN23)C#N)C(=O)C,CN(C)C(=O)C(CC[NH+]1CCC(CC1)(C2=CC=C(C=C2)Cl)O)(C3=CC=CC=C3)C4=CC=CC=C4,1,reported_twosides,0.13036449253559113,0.1814594583678317,0.1814594583678317,fitted,platt_logistic_regression,0.5557555001027313,0,0.473599332486775,0.44594594594594594,0.02787162162162162,no_interaction,1,False,0.21739130434782608,0.30434782608695654,0.21739130434782608,False,False,True
C1C(C(OC1N2C=NC3=C2NC=NCC3O)CO)O,CC1=CC2=C(C=C1C)N(C=N2)C3C(C(C(O3)CO)OP(=O)(O)OC(C)CNC(=O)CCC4(C(C5C6(C(C(C(=N6)C(=C7C(C(C(=N7)C=C8C(C(C(=N8)C(=C4[N-]5)C)CCC(=O)N)(C)C)CCC(=O)N)(C)CC(=O)N)C)CCC(=O)N)(C)CC(=O)N)C)CC(=O)N)C)O.[C-]#N.[Co+2],0,unreported_twosides_sampled,0.0032865547109395266,0.016887092858555247,0.016887092858555247,fitted,platt_logistic_regression,0.5557555001027313,0,0.08566339581105387,0.8040540540540541,0.0016891891891891893,no_interaction,1,False,0.4406779661016949,0.8709677419354839,0.4406779661016949,False,False,False
CC1=C(C=C(C=C1)NC(=O)C2=CC=C(C=C2)CN3CCN(CC3)C)NC4=NC=CC(=N4)C5=CN=CC=C5,COC(=O)C(C1CCCCN1)C2=CC=CC=C2,1,reported_twosides,0.6896981596946716,0.5745384215911203,0.5745384215911203,fitted,platt_logistic_regression,0.5557555001027313,1,0.68199369917836,0.09797297297297297,0.20523648648648649,interaction,1,False,0.29,0.3225806451612903,0.29,False,False,True
C1=CC=C(C=C1)C2=C(OC(=N2)CCC(=O)O)C3=CC=CC=C3,CC1=CC2=C(C=C1C)N(C=N2)C3C(C(C(O3)CO)OP(=O)(O)OC(C)CNC(=O)CCC4(C(C5C6(C(C(C(=N6)C(=C7C(C(C(=N7)C=C8C(C(C(=N8)C(=C4[N-]5)C)CCC(=O)N)(C)C)CCC(=O)N)(C)CC(=O)N)C)CCC(=O)N)(C)CC(=O)N)C)CC(=O)N)C)O.[C-]#N.[Co+2],0,unreported_twosides_sampled,0.12832775712013245,0.17966628390666567,0.17966628390666567,fitted,platt_logistic_regression,0.5557555001027313,0,0.47088707981010336,0.44932432432432434,0.02787162162162162,no_interaction,1,False,0.23529411764705882,0.8709677419354839,0.23529411764705882,False,False,True
CCC(=O)N(C1CCN(CC1)CCC2=CC=CC=C2)C3=CC=CC=C3,COC(=O)C(C1CCCCN1)C2=CC=CC=C2,1,reported_twosides,0.4667154848575592,0.41966036596882483,0.41966036596882483,fitted,platt_logistic_regression,0.5557555001027313,0,0.6801821385824559,0.21368243243243243,0.09543918918918919,no_interaction,1,False,0.421875,0.3225806451612903,0.3225806451612903,False,False,True
C1=CC=C(C=C1)C2(C(=O)NC(=O)N2)C3=CC=CC=C3,CCN(C1=CC=CC(=C1)C2=CC=NC3=C(C=NN23)C#N)C(=O)C,0,unreported_twosides_sampled,0.2731989026069641,0.2910110328173454,0.2910110328173454,fitted,platt_logistic_regression,0.5557555001027313,0,0.6030544647087268,0.33361486486486486,0.04983108108108108,no_interaction,1,False,0.4,0.21739130434782608,0.21739130434782608,False,False,True
CC(C=CC(C1CC1)O)C2CCC3C2(CCCC3=CC=C4CC(CC(C4=C)O)O)C,CCC1=C2C(=CC=C1)C3=C(N2)C(OCC3)(CC)CC(=O)O,1,reported_twosides,0.4874984323978424,0.4333155932217634,0.4333155932217634,fitted,platt_logistic_regression,0.5557555001027313,0,0.6842270054564306,0.19763513513513514,0.10219594594594594,no_interaction|interaction,2,True,0.6323529411764706,0.2413793103448276,0.2413793103448276,False,False,True
CCC(=O)N(C1CCN(CC1)CCC2=CC=CC=C2)C3=CC=CC=C3,CCCCN1CCCCC1C(=O)NC2=C(C=CC=C2C)C,1,reported_twosides,0.0320134237408638,0.07452142702133106,0.07452142702133106,fitted,platt_logistic_regression,0.5557555001027313,0,0.26518048776363734,0.6190878378378378,0.007601351351351352,no_interaction,1,False,0.421875,0.8604651162790697,0.421875,False,False,False
CCC1=C(CN(C1=O)C(=O)NCCC2=CC=C(C=C2)S(=O)(=O)NC(=O)NC3CCC(CC3)C)C,CCC1C2(C(C(C(=O)C(CC(C(C(C(=O)C(C(=O)O1)C)C)OC3C(C(CC(O3)C)N(C)C)O)(C)OC)C)C)N(C(=O)O2)CCCCN4C=C(N=C4)C5=CN=CC=C5)C,1,reported_twosides,0.5069971680641174,0.44619320788239514,0.44619320788239514,fitted,platt_logistic_regression,0.5557555001027313,0,0.6873456106908644,0.1891891891891892,0.10726351351351351,no_interaction|interaction,2,True,0.48,0.44642857142857145,0.44642857142857145,False,False,False
CCC1=C(CN(C1=O)C(=O)NCCC2=CC=C(C=C2)S(=O)(=O)NC(=O)NC3CCC(CC3)C)C,CCCCN1CCCCC1C(=O)NC2=C(C=CC=C2C)C,0,unreported_twosides_sampled,0.0020182712469249964,0.012227498960623369,0.012227498960623369,fitted,platt_logistic_regression,0.5557555001027313,0,0.06600317159135646,0.8302364864864865,0.0016891891891891893,no_interaction,1,False,0.48,0.8604651162790697,0.48,False,False,False
CC(C)(C)NCC(C1=CC(=C(C=C1)O)CO)O,CC(C)NCC(COC1=CC=CC2=CC=CC=C21)O,1,reported_twosides,0.8343474864959717,0.7002660089276667,0.7002660089276667,fitted,platt_logistic_regression,0.5557555001027313,1,0.6106387447531907,0.05152027027027027,0.3251689189189189,interaction,1,False,0.5227272727272727,0.4489795918367347,0.4489795918367347,False,False,False
CC1(OC2COC3(C(C2O1)OC(O3)(C)C)COS(=O)(=O)N)C,CC1=C(C=C(C=C1)NC(=O)C2=CC=C(C=C2)CN3CCN(CC3)C)NC4=NC=CC(=N4)C5=CN=CC=C5,1,reported_twosides,0.19253180921077728,0.2322766901063083,0.2322766901063083,fitted,platt_logistic_regression,0.5557555001027313,0,0.5420126914663668,0.3885135135135135,0.037162162162162164,no_interaction,1,False,0.1839080459770115,0.29,0.1839080459770115,False,False,True
CC1=C(C2=C(N1C(=O)C3=CC=C(C=C3)Cl)C=CC(=C2)OC)CC(=O)O,CCN(C1=CC=CC(=C1)C2=CC=NC3=C(C=NN23)C#N)C(=O)C,0,unreported_twosides_sampled,0.2967529892921448,0.3072546450817314,0.3072546450817314,fitted,platt_logistic_regression,0.5557555001027313,0,0.6168864061693344,0.3141891891891892,0.05489864864864865,no_interaction,1,False,0.3064516129032258,0.21739130434782608,0.21739130434782608,False,False,True
CC(C)NCC(COC1=CC=C(C=C1)CCOC)O,CC(CC1=CC=CC=C1)N,1,reported_twosides,0.012947984039783478,0.0415318176174737,0.0415318176174737,fitted,platt_logistic_regression,0.5557555001027313,0,0.17278216040143182,0.7027027027027027,0.004222972972972973,no_interaction,1,False,0.6222222222222222,0.5384615384615384,0.5384615384615384,False,False,False
CC1CC2C3CCC(C3(CC(C2C4(C1=CC(=O)C=C4)C)O)C)(C(=O)CO)O,CCC(C)CC(C)CCCCCCCCC(=O)NC1CC(C(NC(=O)C2CCCN2C(=O)C(NC(=O)C(NC(=O)C3CC(CN3C(=O)C(NC1=O)C(C)O)O)C(C(C4=CC=C(C=C4)O)O)O)C(CCN)O)NCCN)O,1,reported_twosides,0.6041775345802307,0.5121389996682716,0.5121389996682716,fitted,platt_logistic_regression,0.5557555001027313,0,0.6928524409757737,0.13851351351351351,0.15371621621621623,no_interaction|interaction,2,True,0.6949152542372882,0.24489795918367346,0.24489795918367346,False,False,True
C1=CC=C(C=C1)C2=C(OC(=N2)CCC(=O)O)C3=CC=CC=C3,CCC1(CC2CC(C3=C(CCN(C2)C1)C4=CC=CC=C4N3)(C5=C(C=C6C(=C5)C78CCN9C7C(C=CC9)(C(C(C8N6C=O)(C(=O)OC)O)OC(=O)C)CC)OC)C(=O)OC)O,0,unreported_twosides_sampled,0.510430634021759,0.44846913122656745,0.44846913122656745,fitted,platt_logistic_regression,0.5557555001027313,0,0.6878268777652097,0.1875,0.1097972972972973,no_interaction|interaction,2,True,0.23529411764705882,0.89,0.23529411764705882,False,False,True
CC1=C(C(=NO1)C2=CC=CC=C2)C3=CC=C(C=C3)S(=O)(=O)N,CCC1(CC2CC(C3=C(CCN(C2)C1)C4=CC=CC=C4N3)(C5=C(C=C6C(=C5)C78CCN9C7C(C=CC9)(C(C(C8N6C=O)(C(=O)OC)O)OC(=O)C)CC)OC)C(=O)OC)O,0,unreported_twosides_sampled,0.7895856499671936,0.6573115652267919,0.6573115652267919,fitted,platt_logistic_regression,0.5557555001027313,1,0.6428026171152491,0.06503378378378379,0.27618243243243246,interaction,1,False,0.30434782608695654,0.89,0.30434782608695654,False,False,True
C1=CC=NC(=C1)NS(=O)(=O)C2=CC=C(C=C2)NN=C3C=CC(=O)C(=C3)C(=O)O,C1CCN(CC1)C2=NC(=NC3=C2N=C(N=C3N4CCCCC4)N(CCO)CCO)N(CCO)CCO,0,unreported_twosides_sampled,0.3249152898788452,0.32632702996524476,0.32632702996524476,fitted,platt_logistic_regression,0.5557555001027313,0,0.6315469271406673,0.2947635135135135,0.05827702702702703,no_interaction,1,False,0.47619047619047616,0.30434782608695654,0.30434782608695654,False,False,True
CC1=C(C(=NO1)C2=CC=CC=C2)C3=CC=C(C=C3)S(=O)(=O)N,CC1=C(C=NO1)C(=O)NC2=CC=C(C=C2)C(F)(F)F,1,reported_twosides,0.015935631468892097,0.04752892489175426,0.04752892489175426,fitted,platt_logistic_regression,0.5557555001027313,0,0.1911740087950481,0.6815878378378378,0.004222972972972973,no_interaction,1,False,0.30434782608695654,0.2608695652173913,0.2608695652173913,False,False,True
C1CCN(CC1)C2=NC(=NC3=C2N=C(N=C3N4CCCCC4)N(CCO)CCO)N(CCO)CCO,CCC(=O)N(C1CCN(CC1)CCC2=CC=CC=C2)C3=CC=CC=C3,1,reported_twosides,0.36526772379875183,0.35317828659587713,0.35317828659587713,fitted,platt_logistic_regression,0.5557555001027313,0,0.6493919527293673,0.2702702702702703,0.06841216216216216,no_interaction,1,False,0.30434782608695654,0.421875,0.30434782608695654,False,False,True
CC(CC1=CC=CC=C1)N,CC1=C(C(C(=C(N1)C)C(=O)OCC(C)C)C2=CC=CC=C2[N+](=O)[O-])C(=O)OC,0,unreported_twosides_sampled,0.729414165019989,0.6057980761706255,0.6057980761706255,fitted,platt_logistic_regression,0.5557555001027313,1,0.6705905978617226,0.08530405405405406,0.23902027027027026,interaction,1,False,0.5384615384615384,0.8043478260869565,0.5384615384615384,False,False,False
C1=C(C(=O)NC(=O)N1)F,CC(C)(C)NCC(C1=CC(=C(C=C1)O)CO)O,1,reported_twosides,0.3117121458053589,0.3174268304455251,0.3174268304455251,fitted,platt_logistic_regression,0.5557555001027313,0,0.6249146390486113,0.30236486486486486,0.056587837837837836,no_interaction,1,False,0.1891891891891892,0.5227272727272727,0.1891891891891892,False,False,True
CC(=O)NCCCS(=O)(=O)O,CC(C)(C)NCC(C1=CC(=C(C=C1)O)CO)O,0,unreported_twosides_sampled,0.007500085048377514,0.029072606909473744,0.029072606909473744,fitted,platt_logistic_regression,0.5557555001027313,0,0.13150353075398477,0.7516891891891891,0.002533783783783784,no_interaction,1,False,0.3333333333333333,0.5227272727272727,0.3333333333333333,False,False,True
CC1=C(C(C(=C(N1)C)C(=O)OCC(C)C)C2=CC=CC=C2[N+](=O)[O-])C(=O)OC,CC1=CC2=C(C=C1C)N(C=N2)C3C(C(C(O3)CO)OP(=O)(O)OC(C)CNC(=O)CCC4(C(C5C6(C(C(C(=N6)C(=C7C(C(C(=N7)C=C8C(C(C(=N8)C(=C4[N-]5)C)CCC(=O)N)(C)C)CCC(=O)N)(C)CC(=O)N)C)CCC(=O)N)(C)CC(=O)N)C)CC(=O)N)C)O.[C-]#N.[Co+2],0,unreported_twosides_sampled,0.4342343211174011,0.39840268150771213,0.39840268150771213,fitted,platt_logistic_regression,0.5557555001027313,0,0.6723586922530257,0.23479729729729729,0.08699324324324324,no_interaction,1,False,0.8043478260869565,0.8709677419354839,0.8043478260869565,False,False,False
CC(C=CC(C1CC1)O)C2CCC3C2(CCCC3=CC=C4CC(CC(C4=C)O)O)C,CC1=CC2=C(C=C1C)N(C=N2)C3C(C(C(O3)CO)OP(=O)(O)OC(C)CNC(=O)CCC4(C(C5C6(C(C(C(=N6)C(=C7C(C(C(=N7)C=C8C(C(C(=N8)C(=C4[N-]5)C)CCC(=O)N)(C)C)CCC(=O)N)(C)CC(=O)N)C)CCC(=O)N)(C)CC(=O)N)C)CC(=O)N)C)O.[C-]#N.[Co+2],0,unreported_twosides_sampled,0.029402215033769608,0.07056484836122127,0.07056484836122127,fitted,platt_logistic_regression,0.5557555001027313,0,0.2550975897401448,0.6275337837837838,0.007601351351351352,no_interaction,1,False,0.6323529411764706,0.8709677419354839,0.6323529411764706,False,False,False
CC(C)NCC(COC1=CC=CC2=CC=CC=C21)O,CC1=C(C=NO1)C(=O)NC2=CC=C(C=C2)C(F)(F)F,1,reported_twosides,0.7818924188613892,0.6503805538000113,0.6503805538000113,fitted,platt_logistic_regression,0.5557555001027313,1,0.6472107429698882,0.06672297297297297,0.2719594594594595,interaction,1,False,0.4489795918367347,0.2608695652173913,0.2608695652173913,False,False,True
CC(C)(C)NCC(C1=CC(=C(C=C1)O)CO)O,CC(C)NCC(COC1=CC=C(C=C1)CCOC)O,1,reported_twosides,0.3925679922103882,0.3711379439523691,0.3711379439523691,fitted,platt_logistic_regression,0.5557555001027313,0,0.6595585371609325,0.25422297297297297,0.07516891891891891,no_interaction,1,False,0.5227272727272727,0.6222222222222222,0.5227272727272727,False,False,False
CC1=C(C(=NO1)C2=CC=CC=C2)C3=CC=C(C=C3)S(=O)(=O)N,COC1=C(C=C(C=C1)C2=CC3=C(C=C2)C=C(C=C3)C(=O)O)C45CC6CC(C4)CC(C6)C5,1,reported_twosides,0.44338610768318176,0.4043864702603654,0.4043864702603654,fitted,platt_logistic_regression,0.5557555001027313,0,0.6747501901986923,0.22719594594594594,0.08868243243243243,no_interaction,1,False,0.30434782608695654,0.288135593220339,0.288135593220339,False,False,True
CC(C)(C)NCC(C1=CC(=C(C=C1)O)CO)O,CC1=C(C(=CC=C1)C)OCC(C)N,0,unreported_twosides_sampled,0.8218128681182861,0.6877332419209845,0.6877332419209845,fitted,platt_logistic_regression,0.5557555001027313,1,0.6209023466208985,0.05489864864864865,0.30996621621621623,interaction,1,False,0.5227272727272727,0.2727272727272727,0.2727272727272727,False,False,True
CC1=C(C(=NO1)C2=CC=CC=C2)C3=CC=C(C=C3)S(=O)(=O)N,CN(CCCNC(=O)C1CCCO1)C2=NC3=CC(=C(C=C3C(=N2)N)OC)OC,0,unreported_twosides_sampled,0.3094174861907959,0.3158728916345113,0.3158728916345113,fitted,platt_logistic_regression,0.5557555001027313,0,0.6237193313817329,0.30405405405405406,0.05489864864864865,no_interaction,1,False,0.30434782608695654,0.5138888888888888,0.30434782608695654,False,False,True
C1=CN=CC=C1C(=O)NN,CC(C)NCC(COC1=CC=C(C=C1)CCOC)O,1,reported_twosides,0.07539916038513184,0.12848023560870067,0.12848023560870067,fitted,platt_logistic_regression,0.5557555001027313,0,0.3834874520016433,0.527027027027027,0.017736486486486486,no_interaction,1,False,0.3,0.6222222222222222,0.3,False,False,True
C1=C(C(=O)NC(=O)N1)F,CC1=CC(=C(C=C1)O)C(CCN(C(C)C)C(C)C)C2=CC=CC=C2,1,reported_twosides,0.6904935836791992,0.5751475354966039,0.5751475354966039,fitted,platt_logistic_regression,0.5557555001027313,1,0.6818099670353985,0.09797297297297297,0.20608108108108109,interaction,1,False,0.1891891891891892,0.2833333333333333,0.1891891891891892,False,False,True
CCC1(CC2CC(C3=C(CCN(C2)C1)C4=CC=CC=C4N3)(C5=C(C=C6C(=C5)C78CCN9C7C(C=CC9)(C(C(C8N6C=O)(C(=O)OC)O)OC(=O)C)CC)OC)C(=O)OC)O,CN(CCCNC(=O)C1CCCO1)C2=NC3=CC(=C(C=C3C(=N2)N)OC)OC,0,unreported_twosides_sampled,0.4497327506542206,0.4085379554123908,0.4085379554123908,fitted,platt_logistic_regression,0.5557555001027313,0,0.6763219932137661,0.22381756756756757,0.09121621621621621,no_interaction,1,False,0.89,0.5138888888888888,0.5138888888888888,False,False,False
C1=C(C(=O)NC(=O)N1)F,CC(C)NCC(COC1=CC=C(C=C1)CCOC)O,1,reported_twosides,0.23231081664562225,0.26196247056766986,0.26196247056766986,fitted,platt_logistic_regression,0.5557555001027313,0,0.5750996073446987,0.3614864864864865,0.041385135135135136,no_interaction,1,False,0.1891891891891892,0.6222222222222222,0.1891891891891892,False,False,True
C1=C(C(=O)NC(=O)N1)F,CCC1C2(C(C(C(=O)C(CC(C(C(C(=O)C(C(=O)O1)C)C)OC3C(C(CC(O3)C)N(C)C)O)(C)OC)C)C)N(C(=O)O2)CCCCN4C=C(N=C4)C5=CN=CC=C5)C,0,unreported_twosides_sampled,0.8608583807945251,0.7283744045508193,0.7283744045508193,fitted,platt_logistic_regression,0.5557555001027313,1,0.5848689989033408,0.04222972972972973,0.3471283783783784,interaction,1,False,0.1891891891891892,0.44642857142857145,0.1891891891891892,False,False,True
CC(C=CC(C1CC1)O)C2CCC3C2(CCCC3=CC=C4CC(CC(C4=C)O)O)C,CC1COC2=C3N1C=C(C(=O)C3=CC(=C2N4CCN(CC4)C)F)C(=O)O,1,reported_twosides,0.3797120153903961,0.36269539755035846,0.36269539755035846,fitted,platt_logistic_regression,0.5557555001027313,0,0.6549532805813805,0.26013513513513514,0.07432432432432433,no_interaction,1,False,0.6323529411764706,0.4507042253521127,0.4507042253521127,False,False,False
CC1=CC(=C(C=C1)O)C(CCN(C(C)C)C(C)C)C2=CC=CC=C2,CCC(=O)N(C1CCN(CC1)CCC2=CC=CC=C2)C3=CC=CC=C3,1,reported_twosides,0.3839947581291199,0.3655104377309199,0.3655104377309199,fitted,platt_logistic_regression,0.5557555001027313,0,0.6565229521536354,0.2592905405405405,0.07432432432432433,no_interaction,1,False,0.2833333333333333,0.421875,0.2833333333333333,False,False,True
CC(C)NCC(COC1=CC=C(C=C1)CCOC)O,CCC1=C2C(=CC=C1)C3=C(N2)C(OCC3)(CC)CC(=O)O,1,reported_twosides,0.25480252504348755,0.2780927144503833,0.2780927144503833,fitted,platt_logistic_regression,0.5557555001027313,0,0.5911429247283595,0.3403716216216216,0.04307432432432432,no_interaction,1,False,0.6222222222222222,0.2413793103448276,0.2413793103448276,False,False,True
C1C(C(OC1N2C=NC3=C2NC=NCC3O)CO)O,CCC1=C2C(=CC=C1)C3=C(N2)C(OCC3)(CC)CC(=O)O,0,unreported_twosides_sampled,0.5966935753822327,0.5069149859253962,0.5069149859253962,fitted,platt_logistic_regression,0.5557555001027313,0,0.6930515434503908,0.13935810810810811,0.15033783783783783,no_interaction|interaction,2,True,0.4406779661016949,0.2413793103448276,0.2413793103448276,False,False,True
CC(C)NCC(COC1=CC=C(C=C1)CCOC)O,COC(=O)C(C1CCCCN1)C2=CC=CC=C2,1,reported_twosides,0.28169575333595276,0.2969059402078892,0.2969059402078892,fitted,platt_logistic_regression,0.5557555001027313,0,0.6082198733815569,0.3277027027027027,0.05152027027027027,no_interaction,1,False,0.6222222222222222,0.3225806451612903,0.3225806451612903,False,False,True
C1=CC(=CN=C1)C(=O)[O-],CC(C)NCC(COC1=CC=CC2=CC=CC=C21)O,1,reported_twosides,0.23359636962413788,0.26289562402013555,0.26289562402013555,fitted,platt_logistic_regression,0.5557555001027313,0,0.5760639113269377,0.3614864864864865,0.041385135135135136,no_interaction,1,False,0.30303030303030304,0.4489795918367347,0.30303030303030304,False,False,True
C1=CN=CC=C1C(=O)NN,CC1CC2C3CCC(C3(CC(C2C4(C1=CC(=O)C=C4)C)O)C)(C(=O)CO)O,1,reported_twosides,0.9386051297187805,0.8309789672400495,0.8309789672400495,fitted,platt_logistic_regression,0.5557555001027313,1,0.45433053459080297,0.02702702702702703,0.46030405405405406,interaction,1,False,0.3,0.6949152542372882,0.3,False,False,True
C1=CN=CC=C1C(=O)NN,CN(C)C(=O)C(CC[NH+]1CCC(CC1)(C2=CC=C(C=C2)Cl)O)(C3=CC=CC=C3)C4=CC=CC=C4,0,unreported_twosides_sampled,0.005455343518406153,0.023588173562311177,0.023588173562311177,fitted,platt_logistic_regression,0.5557555001027313,0,0.11169287681306933,0.7744932432432432,0.0016891891891891893,no_interaction,1,False,0.3,0.30434782608695654,0.3,False,False,True
CC1(OC2COC3(C(C2O1)OC(O3)(C)C)COS(=O)(=O)N)C,CC1=CC2=C(C=C1C)N(C=N2)C3C(C(C(O3)CO)OP(=O)(O)OC(C)CNC(=O)CCC4(C(C5C6(C(C(C(=N6)C(=C7C(C(C(=N7)C=C8C(C(C(=N8)C(=C4[N-]5)C)CCC(=O)N)(C)C)CCC(=O)N)(C)CC(=O)N)C)CCC(=O)N)(C)CC(=O)N)C)CC(=O)N)C)O.[C-]#N.[Co+2],1,reported_twosides,0.0022346004843711853,0.013081484595988551,0.013081484595988551,fitted,platt_logistic_regression,0.5557555001027313,0,0.06972415574842444,0.8234797297297297,0.0016891891891891893,no_interaction,1,False,0.1839080459770115,0.8709677419354839,0.1839080459770115,False,False,True
CC(C)(C)NCC(C1=CC(=C(C=C1)O)CO)O,CC1=C(C(=CC=C1)NC2=CC=CC=C2C(=O)O)C,0,unreported_twosides_sampled,0.3430265188217163,0.33843560146835583,0.33843560146835583,fitted,platt_logistic_regression,0.5557555001027313,0,0.6399923642308534,0.28378378378378377,0.06165540540540541,no_interaction,1,False,0.5227272727272727,0.358974358974359,0.358974358974359,False,False,True
B(C(CC(C)C)NC(=O)C(CC1=CC=CC=C1)NC(=O)C2=NC=CN=C2)(O)O,CNS(=O)(=O)CC1=CC2=C(C=C1)NC=C2CCN(C)C,0,unreported_twosides_sampled,9.920910088112578e-05,0.0016392113804956131,0.0016392113804956131,fitted,platt_logistic_regression,0.5557555001027313,0,0.012151014926165087,0.9400337837837838,0.0008445945945945946,no_interaction,1,False,0.3088235294117647,0.6538461538461539,0.3088235294117647,False,False,True
C1CCN(CC1)C2=NC(=NC3=C2N=C(N=C3N4CCCCC4)N(CCO)CCO)N(CCO)CCO,CC(C=CC(C1CC1)O)C2CCC3C2(CCCC3=CC=C4CC(CC(C4=C)O)O)C,0,unreported_twosides_sampled,0.2211863249540329,0.25382478724293744,0.25382478724293744,fitted,platt_logistic_regression,0.5557555001027313,0,0.5664982236810248,0.36824324324324326,0.041385135135135136,no_interaction,1,False,0.30434782608695654,0.6323529411764706,0.30434782608695654,False,False,True
CC1=C(C2=C(N1C(=O)C3=CC=C(C=C3)Cl)C=CC(=C2)OC)CC(=O)O,CCC1(CC2CC(C3=C(CCN(C2)C1)C4=CC=CC=C4N3)(C5=C(C=C6C(=C5)C78CCN9C7C(C=CC9)(C(C(C8N6C=O)(C(=O)OC)O)OC(=O)C)CC)OC)C(=O)OC)O,1,reported_twosides,0.057959336787462234,0.10878063950801874,0.10878063950801874,fitted,platt_logistic_regression,0.5557555001027313,0,0.3439583514285548,0.5506756756756757,0.014358108108108109,no_interaction,1,False,0.3064516129032258,0.89,0.3064516129032258,False,False,True
C1=CC(=CN=C1)C(=O)[O-],CC1=C(C(=CC=C1)NC2=CC=CC=C2C(=O)O)C,0,unreported_twosides_sampled,0.26459336280822754,0.2849959105090621,0.2849959105090621,fitted,platt_logistic_regression,0.5557555001027313,0,0.5976100830517004,0.3344594594594595,0.0472972972972973,no_interaction,1,False,0.30303030303030304,0.358974358974359,0.30303030303030304,False,False,True
C1=CC=NC(=C1)NS(=O)(=O)C2=CC=C(C=C2)NN=C3C=CC(=O)C(=C3)C(=O)O,CCN(C1=CC=CC(=C1)C2=CC=NC3=C(C=NN23)C#N)C(=O)C,0,unreported_twosides_sampled,0.6088314056396484,0.5154033085860776,0.5154033085860776,fitted,platt_logistic_regression,0.5557555001027313,0,0.6926725816430196,0.13766891891891891,0.1570945945945946,no_interaction|interaction,2,True,0.47619047619047616,0.21739130434782608,0.21739130434782608,False,False,True
C(CCCC(=O)O)CCCC(=O)O,CCC(C)CC(C)CCCCCCCCC(=O)NC1CC(C(NC(=O)C2CCCN2C(=O)C(NC(=O)C(NC(=O)C3CC(CN3C(=O)C(NC1=O)C(C)O)O)C(C(C4=CC=C(C=C4)O)O)O)C(CCN)O)NCCN)O,0,unreported_twosides_sampled,0.0789257287979126,0.13224285892072393,0.13224285892072393,fitted,platt_logistic_regression,0.5557555001027313,0,0.39062815763574366,0.5202702702702703,0.017736486486486486,no_interaction,1,False,0.7058823529411765,0.24489795918367346,0.24489795918367346,False,False,True
CC1=CC(=C(C=C1)O)C(CCN(C(C)C)C(C)C)C2=CC=CC=C2,CCC1=C2C(=CC=C1)C3=C(N2)C(OCC3)(CC)CC(=O)O,1,reported_twosides,0.41809216141700745,0.38784940309582994,0.38784940309582994,fitted,platt_logistic_regression,0.5557555001027313,0,0.6677763714867446,0.24239864864864866,0.08361486486486487,no_interaction,1,False,0.2833333333333333,0.2413793103448276,0.2413793103448276,False,False,True
CC1(OC2COC3(C(C2O1)OC(O3)(C)C)COS(=O)(=O)N)C,CN(C)C(=O)C(CC[NH+]1CCC(CC1)(C2=CC=C(C=C2)Cl)O)(C3=CC=CC=C3)C4=CC=CC=C4,1,reported_twosides,0.010544009506702423,0.036329033345969874,0.036329033345969874,fitted,platt_logistic_regression,0.5557555001027313,0,0.15609675487447636,0.7246621621621622,0.004222972972972973,no_interaction,1,False,0.1839080459770115,0.30434782608695654,0.1839080459770115,False,False,True
CC(=O)NCCCS(=O)(=O)O,CC(C)NCC(COC1=CC=CC2=CC=CC=C21)O,1,reported_twosides,0.055646274238824844,0.10600714389570261,0.10600714389570261,fitted,platt_logistic_regression,0.5557555001027313,0,0.3380850044226458,0.5540540540540541,0.013513513513513514,no_interaction,1,False,0.3333333333333333,0.4489795918367347,0.3333333333333333,False,False,True
CNS(=O)(=O)CC1=CC2=C(C=C1)NC=C2CCN(C)C,COC(=O)C(C1CCCCN1)C2=CC=CC=C2,1,reported_twosides,0.0158530380576849,0.047369000473691976,0.047369000473691976,fitted,platt_logistic_regression,0.5557555001027313,0,0.1906943171828106,0.6815878378378378,0.004222972972972973,no_interaction,1,False,0.6538461538461539,0.3225806451612903,0.3225806451612903,False,False,True
CC(C=CC(C1CC1)O)C2CCC3C2(CCCC3=CC=C4CC(CC(C4=C)O)O)C,CC1=CC(=C(C=C1)O)C(CCN(C(C)C)C(C)C)C2=CC=CC=C2,0,unreported_twosides_sampled,0.13199706375598907,0.18288954289405526,0.18288954289405526,fitted,platt_logistic_regression,0.5557555001027313,0,0.4757468709788798,0.44425675675675674,0.02787162162162162,no_interaction,1,False,0.6323529411764706,0.2833333333333333,0.2833333333333333,False,False,True
CC1=C(C=NO1)C(=O)NC2=CC=C(C=C2)C(F)(F)F,CCN(C1=CC=CC(=C1)C2=CC=NC3=C(C=NN23)C#N)C(=O)C,1,reported_twosides,0.4384329617023468,0.4011476477788861,0.4011476477788861,fitted,platt_logistic_regression,0.5557555001027313,0,0.6734742550630133,0.22972972972972974,0.08783783783783784,no_interaction,1,False,0.2608695652173913,0.21739130434782608,0.21739130434782608,False,False,True
CC1=CC2=C(C=C1C)N(C=N2)C3C(C(C(O3)CO)OP(=O)(O)OC(C)CNC(=O)CCC4(C(C5C6(C(C(C(=N6)C(=C7C(C(C(=N7)C=C8C(C(C(=N8)C(=C4[N-]5)C)CCC(=O)N)(C)C)CCC(=O)N)(C)CC(=O)N)C)CCC(=O)N)(C)CC(=O)N)C)CC(=O)N)C)O.[C-]#N.[Co+2],CCOC(=O)C1=C2CN(C(=O)C3=C(N2C=N1)C=CC(=C3)F)C,0,unreported_twosides_sampled,0.0004870184639003128,0.004747084952077788,0.004747084952077788,fitted,platt_logistic_regression,0.5557555001027313,0,0.03013377009402087,0.8927364864864865,0.0008445945945945946,no_interaction,1,False,0.8709677419354839,0.24050632911392406,0.24050632911392406,False,False,True
C(CCCC(=O)O)CCCC(=O)O,CC1=C(C2=C(N1C(=O)C3=CC=C(C=C3)Cl)C=CC(=C2)OC)CC(=O)O,0,unreported_twosides_sampled,0.11562544107437134,0.16824036225957012,0.16824036225957012,fitted,platt_logistic_regression,0.5557555001027313,0,0.45308508108970846,0.46030405405405406,0.026182432432432432,no_interaction,1,False,0.7058823529411765,0.3064516129032258,0.3064516129032258,False,False,True
C1CCN(CC1)C2=NC(=NC3=C2N=C(N=C3N4CCCCC4)N(CCO)CCO)N(CCO)CCO,CC(C)(C)NCC(C1=CC(=C(C=C1)O)CO)O,1,reported_twosides,0.63190758228302,0.5317837228885719,0.5317837228885719,fitted,platt_logistic_regression,0.5557555001027313,0,0.6911254075889107,0.12246621621621621,0.17567567567567569,no_interaction|interaction,2,True,0.30434782608695654,0.5227272727272727,0.30434782608695654,False,False,True
C1=CC=C(C=C1)C2(C(=O)NC(=O)N2)C3=CC=CC=C3,CNS(=O)(=O)CC1=CC2=C(C=C1)NC=C2CCN(C)C,1,reported_twosides,0.007257372140884399,0.0284522533943445,0.0284522533943445,fitted,platt_logistic_regression,0.5557555001027313,0,0.12932018387557184,0.7525337837837838,0.002533783783783784,no_interaction,1,False,0.4,0.6538461538461539,0.4,False,False,False
CC(C)NCC(COC1=CC=CC2=CC=CC=C21)O,CCN(C1=CC=CC(=C1)C2=CC=NC3=C(C=NN23)C#N)C(=O)C,1,reported_twosides,0.470963716506958,0.422446957312327,0.422446957312327,fitted,platt_logistic_regression,0.5557555001027313,0,0.6810695296135363,0.20945945945945946,0.09628378378378379,no_interaction,1,False,0.4489795918367347,0.21739130434782608,0.21739130434782608,False,False,True
C1=CC=NC(=C1)NS(=O)(=O)C2=CC=C(C=C2)NN=C3C=CC(=O)C(=C3)C(=O)O,CC1CC2C3CCC(C3(CC(C2C4(C1=CC(=O)C=C4)C)O)C)(C(=O)CO)O,1,reported_twosides,0.6443071961402893,0.5407320731834335,0.5407320731834335,fitted,platt_logistic_regression,0.5557555001027313,0,0.6898252970525429,0.11570945945945946,0.18074324324324326,no_interaction|interaction,2,True,0.47619047619047616,0.6949152542372882,0.47619047619047616,False,False,False
C1CCN(CC1)C2=NC(=NC3=C2N=C(N=C3N4CCCCC4)N(CCO)CCO)N(CCO)CCO,CC(C)NCC(COC1=CC=CC2=CC=CC=C21)O,1,reported_twosides,0.7463547587394714,0.6197275760930514,0.6197275760930514,fitted,platt_logistic_regression,0.5557555001027313,1,0.6641973337171823,0.07939189189189189,0.24746621621621623,interaction,1,False,0.30434782608695654,0.4489795918367347,0.30434782608695654,False,False,True
B(C(CC(C)C)NC(=O)C(CC1=CC=CC=C1)NC(=O)C2=NC=CN=C2)(O)O,CN(CCCNC(=O)C1CCCO1)C2=NC3=CC(=C(C=C3C(=N2)N)OC)OC,0,unreported_twosides_sampled,0.10078056901693344,0.1542847358544399,0.1542847358544399,fitted,platt_logistic_regression,0.5557555001027313,0,0.4300699555311891,0.48817567567567566,0.021114864864864864,no_interaction,1,False,0.3088235294117647,0.5138888888888888,0.3088235294117647,False,False,True
CC1=CC2=C(C=C1C)N(C=N2)C3C(C(C(O3)CO)OP(=O)(O)OC(C)CNC(=O)CCC4(C(C5C6(C(C(C(=N6)C(=C7C(C(C(=N7)C=C8C(C(C(=N8)C(=C4[N-]5)C)CCC(=O)N)(C)C)CCC(=O)N)(C)CC(=O)N)C)CCC(=O)N)(C)CC(=O)N)C)CC(=O)N)C)O.[C-]#N.[Co+2],CC1CC2C3CCC(C3(CC(C2C4(C1=CC(=O)C=C4)C)O)C)(C(=O)CO)O,1,reported_twosides,0.6748021841049194,0.5632447962727155,0.5632447962727155,fitted,platt_logistic_regression,0.5557555001027313,1,0.685125902031238,0.10388513513513513,0.19594594594594594,no_interaction|interaction,2,True,0.8709677419354839,0.6949152542372882,0.6949152542372882,False,False,False
CCC1=C(CN(C1=O)C(=O)NCCC2=CC=C(C=C2)S(=O)(=O)NC(=O)NC3CCC(CC3)C)C,CCC1=C2C(=CC=C1)C3=C(N2)C(OCC3)(CC)CC(=O)O,1,reported_twosides,0.23947179317474365,0.26714237941218494,0.26714237941218494,fitted,platt_logistic_regression,0.5557555001027313,0,0.5803958244692371,0.3530405405405405,0.04222972972972973,no_interaction,1,False,0.48,0.2413793103448276,0.2413793103448276,False,False,True
C1CCN(CC1)C2=NC(=NC3=C2N=C(N=C3N4CCCCC4)N(CCO)CCO)N(CCO)CCO,CC1(OC2COC3(C(C2O1)OC(O3)(C)C)COS(=O)(=O)N)C,0,unreported_twosides_sampled,0.2573471665382385,0.27989325434420753,0.27989325434420753,fitted,platt_logistic_regression,0.5557555001027313,0,0.5928524720109691,0.33868243243243246,0.04307432432432432,no_interaction,1,False,0.30434782608695654,0.1839080459770115,0.1839080459770115,False,False,True
CC1=C(C(=NO1)C2=CC=CC=C2)C3=CC=C(C=C3)S(=O)(=O)N,CN1CCCC1CC2=CNC3=C2C=C(C=C3)CCS(=O)(=O)C4=CC=CC=C4,1,reported_twosides,0.0912318006157875,0.14490131185267138,0.14490131185267138,fitted,platt_logistic_regression,0.5557555001027313,0,0.41376198203971803,0.49577702702702703,0.02027027027027027,no_interaction,1,False,0.30434782608695654,0.4492753623188406,0.30434782608695654,False,False,True
CC(=O)OCC1=C(N2C(C(C2=O)NC(=O)C(=NOC)C3=CSC(=N3)N)SC1)C(=O)[O-],COC(=O)C(C1CCCCN1)C2=CC=CC=C2,0,unreported_twosides_sampled,0.5800948143005371,0.4954326898803921,0.4954326898803921,fitted,platt_logistic_regression,0.5557555001027313,0,0.6931054593362646,0.14949324324324326,0.14104729729729729,no_interaction|interaction,2,True,0.7638888888888888,0.3225806451612903,0.3225806451612903,False,False,True
B(C(CC(C)C)NC(=O)C(CC1=CC=CC=C1)NC(=O)C2=NC=CN=C2)(O)O,CC(C)(C)NCC(C1=CC(=C(C=C1)O)CO)O,1,reported_twosides,0.01649036444723606,0.04859525951951614,0.04859525951951614,fitted,platt_logistic_regression,0.5557555001027313,0,0.19435811225770153,0.6756756756756757,0.004222972972972973,no_interaction,1,False,0.3088235294117647,0.5227272727272727,0.3088235294117647,False,False,True
CC1=C(C(C(=C(N1)C)C(=O)OCC(C)C)C2=CC=CC=C2[N+](=O)[O-])C(=O)OC,CCC1(CC2CC(C3=C(CCN(C2)C1)C4=CC=CC=C4N3)(C5=C(C=C6C(=C5)C78CCN9C7C(C=CC9)(C(C(C8N6C=O)(C(=O)OC)O)OC(=O)C)CC)OC)C(=O)OC)O,0,unreported_twosides_sampled,0.32710331678390503,0.32779565879221534,0.32779565879221534,fitted,platt_logistic_regression,0.5557555001027313,0,0.6326065532162956,0.2947635135135135,0.05827702702702703,no_interaction,1,False,0.8043478260869565,0.89,0.8043478260869565,False,False,False
C1C(C(OC1N2C=NC3=C2NC=NCC3O)CO)O,CC(C)NCC(COC1=CC=CC2=CC=CC=C21)O,0,unreported_twosides_sampled,0.36942824721336365,0.3559235613334529,0.3559235613334529,fitted,platt_logistic_regression,0.5557555001027313,0,0.6510366360494064,0.2685810810810811,0.07179054054054054,no_interaction,1,False,0.4406779661016949,0.4489795918367347,0.4406779661016949,False,False,False
CC(C)NCC(COC1=CC=C(C=C1)CCOC)O,CN1CCCC1CC2=CNC3=C2C=C(C=C3)CCS(=O)(=O)C4=CC=CC=C4,1,reported_twosides,0.0004973462200723588,0.004814017501504129,0.004814017501504129,fitted,platt_logistic_regression,0.5557555001027313,0,0.030491083858211178,0.8918918918918919,0.0008445945945945946,no_interaction,1,False,0.6222222222222222,0.4492753623188406,0.4492753623188406,False,False,False
CCN(C)C(=O)OC1=CC=CC(=C1)C(C)N(C)C,COC(=O)C(C1CCCCN1)C2=CC=CC=C2,0,unreported_twosides_sampled,0.9956681728363037,0.9679779252928886,0.9679779252928886,fitted,platt_logistic_regression,0.5557555001027313,1,0.1417023253745881,0.002533783783783784,0.7390202702702703,interaction,1,False,0.32653061224489793,0.3225806451612903,0.3225806451612903,False,False,True
CC1=C(C(=CC=C1)NC2=CC=CC=C2C(=O)O)C,CN(CCCNC(=O)C1CCCO1)C2=NC3=CC(=C(C=C3C(=N2)N)OC)OC,0,unreported_twosides_sampled,0.4294279217720032,0.3952606311133114,0.3952606311133114,fitted,platt_logistic_regression,0.5557555001027313,0,0.6710431607942788,0.23817567567567569,0.08530405405405406,no_interaction,1,False,0.358974358974359,0.5138888888888888,0.358974358974359,False,False,True
C1=C(C(=O)NC(=O)N1)F,CCC(=O)N(C1CCN(CC1)CCC2=CC=CC=C2)C3=CC=CC=C3,1,reported_twosides,0.14240051805973053,0.1918590203307142,0.1918590203307142,fitted,platt_logistic_regression,0.5557555001027313,0,0.4889073630120372,0.4341216216216216,0.028716216216216218,no_interaction,1,False,0.1891891891891892,0.421875,0.1891891891891892,False,False,True
CC(C)NCC(COC1=CC=C(C=C1)CCOCC2CC2)O,CN(C)C(=O)C(CC[NH+]1CCC(CC1)(C2=CC=C(C=C2)Cl)O)(C3=CC=CC=C3)C4=CC=CC=C4,0,unreported_twosides_sampled,0.07280656695365906,0.1256713149394845,0.1256713149394845,fitted,platt_logistic_regression,0.5557555001027313,0,0.37807442278580167,0.5304054054054054,0.016891891891891893,no_interaction,1,False,0.5660377358490566,0.30434782608695654,0.30434782608695654,False,False,True
C1=CC(=CN=C1)C(=O)[O-],CC(=O)OCC1=C(N2C(C(C2=O)NC(=O)C(=NOC)C3=CSC(=N3)N)SC1)C(=O)[O-],0,unreported_twosides_sampled,0.8125424385070801,0.6787329692110917,0.6787329692110917,fitted,platt_logistic_regression,0.5557555001027313,1,0.6278208234212084,0.057432432432432436,0.2981418918918919,interaction,1,False,0.30303030303030304,0.7638888888888888,0.30303030303030304,False,False,True
CC(=O)OCC1=C(N2C(C(C2=O)NC(=O)C(=NOC)C3=CSC(=N3)N)SC1)C(=O)[O-],CC1=C(C=NO1)C(=O)NC2=CC=C(C=C2)C(F)(F)F,0,unreported_twosides_sampled,0.41004112362861633,0.3825831228900636,0.3825831228900636,fitted,platt_logistic_regression,0.5557555001027313,0,0.6653145414241315,0.24662162162162163,0.08023648648648649,no_interaction,1,False,0.7638888888888888,0.2608695652173913,0.2608695652173913,False,False,True
CC(C)NCC(COC1=CC=CC2=CC=CC=C21)O,CCC1=C2C(=CC=C1)C3=C(N2)C(OCC3)(CC)CC(=O)O,1,reported_twosides,0.7706976532936096,0.640493918423855,0.640493918423855,fitted,platt_logistic_regression,0.5557555001027313,1,0.6531334823189348,0.07347972972972973,0.2643581081081081,interaction,1,False,0.4489795918367347,0.2413793103448276,0.2413793103448276,False,False,True
CC(C)NCC(COC1=CC=CC2=CC=CC=C21)O,CC1(OC2COC3(C(C2O1)OC(O3)(C)C)COS(=O)(=O)N)C,1,reported_twosides,0.23405803740024567,0.26323038583769265,0.26323038583769265,fitted,platt_logistic_regression,0.5557555001027313,0,0.5764087524522691,0.3606418918918919,0.041385135135135136,no_interaction,1,False,0.4489795918367347,0.1839080459770115,0.1839080459770115,False,False,True
C1=CN=CC=C1C(=O)NN,C1CCN(CC1)C2=NC(=NC3=C2N=C(N=C3N4CCCCC4)N(CCO)CCO)N(CCO)CCO,0,unreported_twosides_sampled,0.5314432978630066,0.46246362567122484,0.46246362567122484,fitted,platt_logistic_regression,0.5557555001027313,0,0.6903265688152129,0.17989864864864866,0.11824324324324324,no_interaction|interaction,2,True,0.3,0.30434782608695654,0.3,False,False,True
CCC1=C2C(=CC=C1)C3=C(N2)C(OCC3)(CC)CC(=O)O,CCCCN1CCCCC1C(=O)NC2=C(C=CC=C2C)C,0,unreported_twosides_sampled,0.03236706927418709,0.07504774635306256,0.07504774635306256,fitted,platt_logistic_regression,0.5557555001027313,0,0.2665044002720739,0.6173986486486487,0.008445945945945946,no_interaction,1,False,0.2413793103448276,0.8604651162790697,0.2413793103448276,False,False,True
C1=CC(=CN=C1)C(=O)[O-],CN(C)C(=O)C(CC[NH+]1CCC(CC1)(C2=CC=C(C=C2)Cl)O)(C3=CC=CC=C3)C4=CC=CC=C4,1,reported_twosides,0.06704246252775192,0.11928599565069788,0.11928599565069788,fitted,platt_logistic_regression,0.5557555001027313,0,0.3654999694859702,0.5363175675675675,0.015202702702702704,no_interaction,1,False,0.30303030303030304,0.30434782608695654,0.30303030303030304,False,False,True
C1=CC=NC(=C1)NS(=O)(=O)C2=CC=C(C=C2)NN=C3C=CC(=O)C(=C3)C(=O)O,CCC(=O)N(C1CCN(CC1)CCC2=CC=CC=C2)C3=CC=CC=C3,1,reported_twosides,0.008580206893384457,0.03175090079878636,0.03175090079878636,fitted,platt_logistic_regression,0.5557555001027313,0,0.14077676272137526,0.7415540540540541,0.002533783783783784,no_interaction,1,False,0.47619047619047616,0.421875,0.421875,False,False,False
CN(CCCNC(=O)C1CCCO1)C2=NC3=CC(=C(C=C3C(=N2)N)OC)OC,COC(=O)C(C1CCCCN1)C2=CC=CC=C2,0,unreported_twosides_sampled,0.5797634124755859,0.49520481457371607,0.49520481457371607,fitted,platt_logistic_regression,0.5557555001027313,0,0.6931011922484211,0.14949324324324326,0.14104729729729729,no_interaction|interaction,2,True,0.5138888888888888,0.3225806451612903,0.3225806451612903,False,False,True
C1=CN=CC=C1C(=O)NN,CC1=C(C2=C(N1C(=O)C3=CC=C(C=C3)Cl)C=CC(=C2)OC)CC(=O)O,1,reported_twosides,0.05674327537417412,0.10732789216861718,0.10732789216861718,fitted,platt_logistic_regression,0.5557555001027313,0,0.3408919226295033,0.5515202702702703,0.013513513513513514,no_interaction,1,False,0.3,0.3064516129032258,0.3,False,False,True
CC(C)(C)NCC(C1=CC(=C(C=C1)O)CO)O,CN(CCCNC(=O)C1CCCO1)C2=NC3=CC(=C(C=C3C(=N2)N)OC)OC,1,reported_twosides,0.2711380124092102,0.28957474797152016,0.28957474797152016,fitted,platt_logistic_regression,0.5557555001027313,0,0.6017704794398187,0.33361486486486486,0.0472972972972973,no_interaction,1,False,0.5227272727272727,0.5138888888888888,0.5138888888888888,False,False,False
CC(C)NCC(COC1=CC=CC2=CC=CC=C21)O,CC1CC2C3CCC(C3(CC(C2C4(C1=CC(=O)C=C4)C)O)C)(C(=O)CO)O,1,reported_twosides,0.9985912442207336,0.9846845143290014,0.9846845143290014,fitted,platt_logistic_regression,0.5557555001027313,1,0.07919934283181304,0.0016891891891891893,0.8133445945945946,interaction,1,False,0.4489795918367347,0.6949152542372882,0.4489795918367347,False,False,False
C1=CC(=CN=C1)C(=O)[O-],CC1CC2C3CCC(C3(CC(C2C4(C1=CC(=O)C=C4)C)O)C)(C(=O)CO)O,0,unreported_twosides_sampled,0.9924229979515076,0.9539957680629906,0.9539957680629906,fitted,platt_logistic_regression,0.5557555001027313,1,0.18657746330520547,0.004222972972972973,0.6824324324324325,interaction,1,False,0.30303030303030304,0.6949152542372882,0.30303030303030304,False,False,True
CC1=C(C2=C(N1C(=O)C3=CC=C(C=C3)Cl)C=CC(=C2)OC)CC(=O)O,CC1=C(C=NO1)C(=O)NC2=CC=C(C=C2)C(F)(F)F,1,reported_twosides,0.02003820240497589,0.055126845777178676,0.055126845777178676,fitted,platt_logistic_regression,0.5557555001027313,0,0.21334277322460654,0.6613175675675675,0.0059121621621621625,no_interaction,1,False,0.3064516129032258,0.2608695652173913,0.2608695652173913,False,False,True
B(C(CC(C)C)NC(=O)C(CC1=CC=CC=C1)NC(=O)C2=NC=CN=C2)(O)O,C1=CC=NC(=C1)NS(=O)(=O)C2=CC=C(C=C2)NN=C3C=CC(=O)C(=C3)C(=O)O,0,unreported_twosides_sampled,0.33227163553237915,0.33125810725022053,0.33125810725022053,fitted,platt_logistic_regression,0.5557555001027313,0,0.6350660313175409,0.28969594594594594,0.05912162162162162,no_interaction,1,False,0.3088235294117647,0.47619047619047616,0.3088235294117647,False,False,True
CC(C=CC(C1CC1)O)C2CCC3C2(CCCC3=CC=C4CC(CC(C4=C)O)O)C,CCC1=C(CN(C1=O)C(=O)NCCC2=CC=C(C=C2)S(=O)(=O)NC(=O)NC3CCC(CC3)C)C,0,unreported_twosides_sampled,0.014296562410891056,0.044295410076996646,0.044295410076996646,fitted,platt_logistic_regression,0.5557555001027313,0,0.18136277519862568,0.691722972972973,0.004222972972972973,no_interaction,1,False,0.6323529411764706,0.48,0.48,False,False,False
C1=CC=C(C=C1)C2=C(OC(=N2)CCC(=O)O)C3=CC=CC=C3,CCOC(=O)C1=C2CN(C(=O)C3=C(N2C=N1)C=CC(=C3)F)C,0,unreported_twosides_sampled,0.08330725133419037,0.1368300055934691,0.1368300055934691,fitted,platt_logistic_regression,0.5557555001027313,0,0.3991670280401246,0.5084459459459459,0.019425675675675675,no_interaction,1,False,0.23529411764705882,0.24050632911392406,0.23529411764705882,False,False,True
C1=CC(=CN=C1)C(=O)[O-],CC(C)NCC(COC1=CC=C(C=C1)CCOC)O,1,reported_twosides,0.14025837182998657,0.19003168097764028,0.19003168097764028,fitted,platt_logistic_regression,0.5557555001027313,0,0.48626889914104665,0.4358108108108108,0.028716216216216218,no_interaction,1,False,0.30303030303030304,0.6222222222222222,0.30303030303030304,False,False,True
C1=CC=C(C=C1)C2(C(=O)NC(=O)N2)C3=CC=CC=C3,CCC(=O)N(C1CCN(CC1)CCC2=CC=CC=C2)C3=CC=CC=C3,1,reported_twosides,0.4659610986709595,0.41916574357013536,0.41916574357013536,fitted,platt_logistic_regression,0.5557555001027313,0,0.6800212956144349,0.21368243243243243,0.09543918918918919,no_interaction,1,False,0.4,0.421875,0.4,False,False,False
CC(C)(C)NCC(C1=CC(=C(C=C1)O)CO)O,CC1COC2=C3N1C=C(C(=O)C3=CC(=C2N4CCN(CC4)C)F)C(=O)O,1,reported_twosides,0.9355075359344482,0.825977453283921,0.825977453283921,fitted,platt_logistic_regression,0.5557555001027313,1,0.4622074896223413,0.02787162162162162,0.45692567567567566,interaction,1,False,0.5227272727272727,0.4507042253521127,0.4507042253521127,False,False,False
CC1=C(C=C(C=C1)NC(=O)C2=CC=C(C=C2)CN3CCN(CC3)C)NC4=NC=CC(=N4)C5=CN=CC=C5,CC1CC2C3CCC(C3(CC(C2C4(C1=CC(=O)C=C4)C)O)C)(C(=O)CO)O,0,unreported_twosides_sampled,0.9791222214698792,0.9124317793276567,0.9124317793276567,fitted,platt_logistic_regression,0.5557555001027313,1,0.2968751741747294,0.010135135135135136,0.5903716216216216,interaction,1,False,0.29,0.6949152542372882,0.29,False,False,True
C1CCN(CC1)C2=NC(=NC3=C2N=C(N=C3N4CCCCC4)N(CCO)CCO)N(CCO)CCO,CC1CC2C3CCC(C3(CC(C2C4(C1=CC(=O)C=C4)C)O)C)(C(=O)CO)O,1,reported_twosides,0.9966095685958862,0.9727112442336776,0.9727112442336776,fitted,platt_logistic_regression,0.5557555001027313,1,0.1251874488634248,0.002533783783783784,0.7584459459459459,interaction,1,False,0.30434782608695654,0.6949152542372882,0.30434782608695654,False,False,True
C1=CC=C(C=C1)C2(C(=O)NC(=O)N2)C3=CC=CC=C3,CC1=C(C(=CC=C1)NC2=CC=CC=C2C(=O)O)C,0,unreported_twosides_sampled,0.2656157612800598,0.28571302906025436,0.28571302906025436,fitted,platt_logistic_regression,0.5557555001027313,0,0.5982684371209461,0.33361486486486486,0.0472972972972973,no_interaction,1,False,0.4,0.358974358974359,0.358974358974359,False,False,True
B(C(CC(C)C)NC(=O)C(CC1=CC=CC=C1)NC(=O)C2=NC=CN=C2)(O)O,CC1=C(C=NO1)C(=O)NC2=CC=C(C=C2)C(F)(F)F,0,unreported_twosides_sampled,0.008429684676229954,0.031385221838171946,0.031385221838171946,fitted,platt_logistic_regression,0.5557555001027313,0,0.1395248469408987,0.7432432432432432,0.002533783783783784,no_interaction,1,False,0.3088235294117647,0.2608695652173913,0.2608695652173913,False,False,True
CC(C)(C)NCC(C1=CC(=C(C=C1)O)CO)O,CC1=C(C=NO1)C(=O)NC2=CC=C(C=C2)C(F)(F)F,1,reported_twosides,0.6730902194976807,0.5619601112543186,0.5619601112543186,fitted,platt_logistic_regression,0.5557555001027313,1,0.6854492969488799,0.10472972972972973,0.19594594594594594,no_interaction|interaction,2,True,0.5227272727272727,0.2608695652173913,0.2608695652173913,False,False,True
C1=CN=CC=C1C(=O)NN,CC1=CC(=C(C=C1)O)C(CCN(C(C)C)C(C)C)C2=CC=CC=C2,0,unreported_twosides_sampled,0.23651942610740662,0.2650120708801404,0.2650120708801404,fitted,platt_logistic_regression,0.5557555001027313,0,0.5782343717961127,0.3581081081081081,0.04222972972972973,no_interaction,1,False,0.3,0.2833333333333333,0.2833333333333333,False,False,True
CCC(=O)N(C1CCN(CC1)CCC2=CC=CC=C2)C3=CC=CC=C3,CCC1=C2C(=CC=C1)C3=C(N2)C(OCC3)(CC)CC(=O)O,1,reported_twosides,0.020712146535515785,0.05631740601264637,0.05631740601264637,fitted,platt_logistic_regression,0.5557555001027313,0,0.21671213266664566,0.6579391891891891,0.006756756756756757,no_interaction,1,False,0.421875,0.2413793103448276,0.2413793103448276,False,False,True
CC1=C(C(=NO1)C2=CC=CC=C2)C3=CC=C(C=C3)S(=O)(=O)N,CC1=C(C2=C(N1C(=O)C3=CC=C(C=C3)Cl)C=CC(=C2)OC)CC(=O)O,1,reported_twosides,0.10728690773248672,0.160488920724923,0.160488920724923,fitted,platt_logistic_regression,0.5557555001027313,0,0.4404797329081198,0.47719594594594594,0.02364864864864865,no_interaction,1,False,0.30434782608695654,0.3064516129032258,0.30434782608695654,False,False,True
CC1=CC2=C(C=C1C)N(C=N2)C3C(C(C(O3)CO)OP(=O)(O)OC(C)CNC(=O)CCC4(C(C5C6(C(C(C(=N6)C(=C7C(C(C(=N7)C=C8C(C(C(=N8)C(=C4[N-]5)C)CCC(=O)N)(C)C)CCC(=O)N)(C)CC(=O)N)C)CCC(=O)N)(C)CC(=O)N)C)CC(=O)N)C)O.[C-]#N.[Co+2],CCC1=C(CN(C1=O)C(=O)NCCC2=CC=C(C=C2)S(=O)(=O)NC(=O)NC3CCC(CC3)C)C,1,reported_twosides,0.001455693389289081,0.00984300017729349,0.00984300017729349,fitted,platt_logistic_regression,0.5557555001027313,0,0.05527884995662807,0.8429054054054054,0.0016891891891891893,no_interaction,1,False,0.8709677419354839,0.48,0.48,False,False,False
C1=CC=C(C=C1)C2(C(=O)NC(=O)N2)C3=CC=CC=C3,CC1=C(C=C(C=C1)NC(=O)C2=CC=C(C=C2)CN3CCN(CC3)C)NC4=NC=CC(=N4)C5=CN=CC=C5,0,unreported_twosides_sampled,0.3224825859069824,0.3246921485659268,0.3246921485659268,fitted,platt_logistic_regression,0.5557555001027313,0,0.6303558075772646,0.2956081081081081,0.05827702702702703,no_interaction,1,False,0.4,0.29,0.29,False,False,True
CC1=C(C(=NO1)C2=CC=CC=C2)C3=CC=C(C=C3)S(=O)(=O)N,CN(C)C(=O)C(CC[NH+]1CCC(CC1)(C2=CC=C(C=C2)Cl)O)(C3=CC=CC=C3)C4=CC=CC=C4,1,reported_twosides,0.031042711809277534,0.07306533324116543,0.07306533324116543,fitted,platt_logistic_regression,0.5557555001027313,0,0.2614967970178505,0.6233108108108109,0.007601351351351352,no_interaction,1,False,0.30434782608695654,0.30434782608695654,0.30434782608695654,False,False,True
CC(C)(C)NCC(C1=CC(=C(C=C1)O)CO)O,CC1CC2C3CCC(C3(CC(C2C4(C1=CC(=O)C=C4)C)O)C)(C(=O)CO)O,1,reported_twosides,0.752980649471283,0.6252874271423591,0.6252874271423591,fitted,platt_logistic_regression,0.5557555001027313,1,0.661416236746702,0.07601351351351351,0.25,interaction,1,False,0.5227272727272727,0.6949152542372882,0.5227272727272727,False,False,False
CC1=C(C=NO1)C(=O)NC2=CC=C(C=C2)C(F)(F)F,COC(=O)C(C1CCCCN1)C2=CC=CC=C2,0,unreported_twosides_sampled,0.36099255084991455,0.3503536258968859,0.3503536258968859,fitted,platt_logistic_regression,0.5557555001027313,0,0.6476652725346315,0.2719594594594595,0.06756756756756757,no_interaction,1,False,0.2608695652173913,0.3225806451612903,0.2608695652173913,False,False,True
CC1(OC2COC3(C(C2O1)OC(O3)(C)C)COS(=O)(=O)N)C,CN1CCCC1CC2=CNC3=C2C=C(C=C3)CCS(=O)(=O)C4=CC=CC=C4,1,reported_twosides,0.00527563551440835,0.023073966885529328,0.023073966885529328,fitted,platt_logistic_regression,0.5557555001027313,0,0.10977263265465463,0.7761824324324325,0.0016891891891891893,no_interaction,1,False,0.1839080459770115,0.4492753623188406,0.1839080459770115,False,False,True
CC1=C(C(C(=C(N1)C)C(=O)OCC(C)C)C2=CC=CC=C2[N+](=O)[O-])C(=O)OC,CC1=C(C2=C(N1C(=O)C3=CC=C(C=C3)Cl)C=CC(=C2)OC)CC(=O)O,0,unreported_twosides_sampled,0.20455338060855865,0.24142871637790028,0.24142871637790028,fitted,platt_logistic_regression,0.5557555001027313,0,0.552721192274131,0.37922297297297297,0.04054054054054054,no_interaction,1,False,0.8043478260869565,0.3064516129032258,0.3064516129032258,False,False,True
C1=C(C(=O)NC(=O)N1)F,CCCCN1CCCCC1C(=O)NC2=C(C=CC=C2C)C,0,unreported_twosides_sampled,0.04702937230467796,0.09526177494562332,0.09526177494562332,fitted,platt_logistic_regression,0.5557555001027313,0,0.31454550795930203,0.5709459459459459,0.01097972972972973,no_interaction,1,False,0.1891891891891892,0.8604651162790697,0.1891891891891892,False,False,True
C1=CC=C(C=C1)C2(C(=O)NC(=O)N2)C3=CC=CC=C3,CC1=C(C(=NO1)C2=CC=CC=C2)C3=CC=C(C=C3)S(=O)(=O)N,1,reported_twosides,0.13516192138195038,0.18564396008533351,0.18564396008533351,fitted,platt_logistic_regression,0.5557555001027313,0,0.4798446499123981,0.44256756756756754,0.02787162162162162,no_interaction,1,False,0.4,0.30434782608695654,0.30434782608695654,False,False,True
CC1(OC2COC3(C(C2O1)OC(O3)(C)C)COS(=O)(=O)N)C,CCC1C2(C(C(C(=O)C(CC(C(C(C(=O)C(C(=O)O1)C)C)OC3C(C(CC(O3)C)N(C)C)O)(C)OC)C)C)N(C(=O)O2)CCCCN4C=C(N=C4)C5=CN=CC=C5)C,1,reported_twosides,0.35944944620132446,0.3493330949098453,0.3493330949098453,fitted,platt_logistic_regression,0.5557555001027313,0,0.6470328208487682,0.2719594594594595,0.06672297297297297,no_interaction,1,False,0.1839080459770115,0.44642857142857145,0.1839080459770115,False,False,True
C1=CN=CC=C1C(=O)NN,CCN(C1=CC=CC(=C1)C2=CC=NC3=C(C=NN23)C#N)C(=O)C,0,unreported_twosides_sampled,0.42441216111183167,0.39198166042766647,0.39198166042766647,fitted,platt_logistic_regression,0.5557555001027313,0,0.6696262593657568,0.24070945945945946,0.08361486486486487,no_interaction,1,False,0.3,0.21739130434782608,0.21739130434782608,False,False,True
C1=CC=C(C=C1)C2(C(=O)NC(=O)N2)C3=CC=CC=C3,COC1=C(C=C(C=C1)C2=CC3=C(C=C2)C=C(C=C3)C(=O)O)C45CC6CC(C4)CC(C6)C5,0,unreported_twosides_sampled,0.05825624242424965,0.10913355887924228,0.10913355887924228,fitted,platt_logistic_regression,0.5557555001027313,0,0.3446999898837872,0.549831081081081,0.014358108108108109,no_interaction,1,False,0.4,0.288135593220339,0.288135593220339,False,False,True
CC(=O)NCCCS(=O)(=O)O,CCCCN1CCCCC1C(=O)NC2=C(C=CC=C2C)C,0,unreported_twosides_sampled,0.30031079053878784,0.3096831905945717,0.3096831905945717,fitted,platt_logistic_regression,0.5557555001027313,0,0.6188469444470288,0.3125,0.05489864864864865,no_interaction,1,False,0.3333333333333333,0.8604651162790697,0.3333333333333333,False,False,True
C1=C(C(=O)NC(=O)N1)F,CC1(OC2COC3(C(C2O1)OC(O3)(C)C)COS(=O)(=O)N)C,0,unreported_twosides_sampled,0.5874561071395874,0.5005079303187623,0.5005079303187623,fitted,platt_logistic_regression,0.5557555001027313,0,0.6931466645734391,0.14442567567567569,0.14442567567567569,no_interaction|interaction,2,True,0.1891891891891892,0.1839080459770115,0.1839080459770115,False,False,True
CCC1C2(C(C(C(=O)C(CC(C(C(C(=O)C(C(=O)O1)C)C)OC3C(C(CC(O3)C)N(C)C)O)(C)OC)C)C)N(C(=O)O2)CCCCN4C=C(N=C4)C5=CN=CC=C5)C,CNS(=O)(=O)CC1=CC2=C(C=C1)NC=C2CCN(C)C,1,reported_twosides,0.009904935956001282,0.03487582229499248,0.03487582229499248,fitted,platt_logistic_regression,0.5557555001027313,0,0.15130238036701316,0.7297297297297297,0.004222972972972973,no_interaction,1,False,0.44642857142857145,0.6538461538461539,0.44642857142857145,False,False,False
C1=CC=C(C=C1)C2(C(=O)NC(=O)N2)C3=CC=CC=C3,CC(C)NCC(COC1=CC=C(C=C1)CCOCC2CC2)O,0,unreported_twosides_sampled,0.8919549584388733,0.7648878446658913,0.7648878446658913,fitted,platt_logistic_regression,0.5557555001027313,1,0.5453800111550688,0.03800675675675676,0.3859797297297297,interaction,1,False,0.4,0.5660377358490566,0.4,False,False,False
CC(=O)NCCCS(=O)(=O)O,CC1=CC2=C(C=C1C)N(C=N2)C3C(C(C(O3)CO)OP(=O)(O)OC(C)CNC(=O)CCC4(C(C5C6(C(C(C(=N6)C(=C7C(C(C(=N7)C=C8C(C(C(=N8)C(=C4[N-]5)C)CCC(=O)N)(C)C)CCC(=O)N)(C)CC(=O)N)C)CCC(=O)N)(C)CC(=O)N)C)CC(=O)N)C)O.[C-]#N.[Co+2],0,unreported_twosides_sampled,0.22864489257335663,0.259293404237055,0.259293404237055,fitted,platt_logistic_regression,0.5557555001027313,0,0.5723165419196136,0.3640202702702703,0.041385135135135136,no_interaction,1,False,0.3333333333333333,0.8709677419354839,0.3333333333333333,False,False,True
C1=C(C(=O)NC(=O)N1)F,CCN(C)C(=O)OC1=CC=CC(=C1)C(C)N(C)C,0,unreported_twosides_sampled,0.898399829864502,0.7730657828871906,0.7730657828871906,fitted,platt_logistic_regression,0.5557555001027313,1,0.5355453024427363,0.03547297297297297,0.3910472972972973,interaction,1,False,0.1891891891891892,0.32653061224489793,0.1891891891891892,False,False,True
CC(C)(C)NCC(C1=CC(=C(C=C1)O)CO)O,CCC1=C(CN(C1=O)C(=O)NCCC2=CC=C(C=C2)S(=O)(=O)NC(=O)NC3CCC(CC3)C)C,1,reported_twosides,0.015889912843704224,0.04744043833162167,0.04744043833162167,fitted,platt_logistic_regression,0.5557555001027313,0,0.19090866422090055,0.6815878378378378,0.004222972972972973,no_interaction,1,False,0.5227272727272727,0.48,0.48,False,False,False
C1=CC=C(C=C1)C2(C(=O)NC(=O)N2)C3=CC=CC=C3,CC1COC2=C3N1C=C(C(=O)C3=CC(=C2N4CCN(CC4)C)F)C(=O)O,1,reported_twosides,0.7152465581893921,0.5944378258198771,0.5944378258198771,fitted,platt_logistic_regression,0.5557555001027313,1,0.6752025788296141,0.08868243243243243,0.22550675675675674,interaction,1,False,0.4,0.4507042253521127,0.4,False,False,False
CC(C=CC(C1CC1)O)C2CCC3C2(CCCC3=CC=C4CC(CC(C4=C)O)O)C,CCN(C1=CC=CC(=C1)C2=CC=NC3=C(C=NN23)C#N)C(=O)C,0,unreported_twosides_sampled,0.5725979208946228,0.4902901043296159,0.4902901043296159,fitted,platt_logistic_regression,0.5557555001027313,0,0.6929586045581515,0.15287162162162163,0.13935810810810811,no_interaction|interaction,2,True,0.6323529411764706,0.21739130434782608,0.21739130434782608,False,False,True
C1C(C(OC1N2C=NC3=C2NC=NCC3O)CO)O,CCC1=C(CN(C1=O)C(=O)NCCC2=CC=C(C=C2)S(=O)(=O)NC(=O)NC3CCC(CC3)C)C,0,unreported_twosides_sampled,0.04701013118028641,0.09523697817246836,0.09523697817246836,fitted,platt_logistic_regression,0.5557555001027313,0,0.31448968643348557,0.5709459459459459,0.01097972972972973,no_interaction,1,False,0.4406779661016949,0.48,0.4406779661016949,False,False,False
C1CCN(CC1)C2=NC(=NC3=C2N=C(N=C3N4CCCCC4)N(CCO)CCO)N(CCO)CCO,CC1=CC2=C(C=C1C)N(C=N2)C3C(C(C(O3)CO)OP(=O)(O)OC(C)CNC(=O)CCC4(C(C5C6(C(C(C(=N6)C(=C7C(C(C(=N7)C=C8C(C(C(=N8)C(=C4[N-]5)C)CCC(=O)N)(C)C)CCC(=O)N)(C)CC(=O)N)C)CCC(=O)N)(C)CC(=O)N)C)CC(=O)N)C)O.[C-]#N.[Co+2],1,reported_twosides,0.010695978067815304,0.03666987045730162,0.03666987045730162,fitted,platt_logistic_regression,0.5557555001027313,0,0.1572124099836655,0.7246621621621622,0.004222972972972973,no_interaction,1,False,0.30434782608695654,0.8709677419354839,0.30434782608695654,False,False,True
CC(=O)NCCCS(=O)(=O)O,CCN(C)C(=O)OC1=CC=CC(=C1)C(C)N(C)C,0,unreported_twosides_sampled,0.35535550117492676,0.3466229077372251,0.3466229077372251,fitted,platt_logistic_regression,0.5557555001027313,0,0.6453309836226315,0.27364864864864863,0.06587837837837837,no_interaction,1,False,0.3333333333333333,0.32653061224489793,0.32653061224489793,False,False,True
CC(CC1=CC=CC=C1)N,CC1COC2=C3N1C=C(C(=O)C3=CC(=C2N4CCN(CC4)C)F)C(=O)O,0,unreported_twosides_sampled,0.5100182294845581,0.44819561657489265,0.44819561657489265,fitted,platt_logistic_regression,0.5557555001027313,0,0.6877701478505602,0.1875,0.1097972972972973,no_interaction|interaction,2,True,0.5384615384615384,0.4507042253521127,0.4507042253521127,False,False,False
CCC(=O)N(C1CCN(CC1)CCC2=CC=CC=C2)C3=CC=CC=C3,COC1=C(C=C(C=C1)C2=CC3=C(C=C2)C=C(C=C3)C(=O)O)C45CC6CC(C4)CC(C6)C5,1,reported_twosides,0.29464036226272583,0.3058096787368613,0.3058096787368613,fitted,platt_logistic_regression,0.5557555001027313,0,0.6157067603185616,0.31756756756756754,0.05489864864864865,no_interaction,1,False,0.421875,0.288135593220339,0.288135593220339,False,False,True
CC(C)NCC(COC1=CC=C(C=C1)CCOC)O,CC1=C(C(=CC=C1)NC2=CC=CC=C2C(=O)O)C,1,reported_twosides,0.41880369186401367,0.3883146871476806,0.3883146871476806,fitted,platt_logistic_regression,0.5557555001027313,0,0.6679882532245253,0.24239864864864866,0.08361486486486487,no_interaction,1,False,0.6222222222222222,0.358974358974359,0.358974358974359,False,False,True
C1=CC=NC(=C1)NS(=O)(=O)C2=CC=C(C=C2)NN=C3C=CC(=O)C(=C3)C(=O)O,CC1COC2=C3N1C=C(C(=O)C3=CC(=C2N4CCN(CC4)C)F)C(=O)O,1,reported_twosides,0.15608739852905273,0.20331570571516644,0.20331570571516644,fitted,platt_logistic_regression,0.5557555001027313,0,0.5049647528494638,0.41300675675675674,0.030405405405405407,no_interaction,1,False,0.47619047619047616,0.4507042253521127,0.4507042253521127,False,False,False
B(C(CC(C)C)NC(=O)C(CC1=CC=CC=C1)NC(=O)C2=NC=CN=C2)(O)O,C1=CC(=CN=C1)C(=O)[O-],1,reported_twosides,0.5896928906440735,0.5020553455696448,0.5020553455696448,fitted,platt_logistic_regression,0.5557555001027313,0,0.6931387316453292,0.14104729729729729,0.14695945945945946,no_interaction|interaction,2,True,0.3088235294117647,0.30303030303030304,0.30303030303030304,False,False,True
CC(=O)OCC1=C(N2C(C(C2=O)NC(=O)C(=NOC)C3=CSC(=N3)N)SC1)C(=O)[O-],CC1=CC2=C(C=C1C)N(C=N2)C3C(C(C(O3)CO)OP(=O)(O)OC(C)CNC(=O)CCC4(C(C5C6(C(C(C(=N6)C(=C7C(C(C(=N7)C=C8C(C(C(=N8)C(=C4[N-]5)C)CCC(=O)N)(C)C)CCC(=O)N)(C)CC(=O)N)C)CCC(=O)N)(C)CC(=O)N)C)CC(=O)N)C)O.[C-]#N.[Co+2],1,reported_twosides,0.15196092426776886,0.19989978756521212,0.19989978756521212,fitted,platt_logistic_regression,0.5557555001027313,0,0.5002634682180823,0.4189189189189189,0.030405405405405407,no_interaction,1,False,0.7638888888888888,0.8709677419354839,0.7638888888888888,False,False,False
CC1=C(C(=NO1)C2=CC=CC=C2)C3=CC=C(C=C3)S(=O)(=O)N,CCCCN1CCCCC1C(=O)NC2=C(C=CC=C2C)C,1,reported_twosides,0.5018542408943176,0.44278913804188524,0.44278913804188524,fitted,platt_logistic_regression,0.5557555001027313,0,0.6865866556801136,0.19341216216216217,0.10641891891891891,no_interaction|interaction,2,True,0.30434782608695654,0.8604651162790697,0.30434782608695654,False,False,True
CC(C)NCC(COC1=CC=C(C=C1)CCOC)O,CC(C=CC(C1CC1)O)C2CCC3C2(CCCC3=CC=C4CC(CC(C4=C)O)O)C,1,reported_twosides,0.11427963525056839,0.16700359066145812,0.16700359066145812,fitted,platt_logistic_regression,0.5557555001027313,0,0.4511030586731974,0.46199324324324326,0.02533783783783784,no_interaction,1,False,0.6222222222222222,0.6323529411764706,0.6222222222222222,False,False,False
CCC(=O)N(C1CCN(CC1)CCC2=CC=CC=C2)C3=CC=CC=C3,CN1CCCC1CC2=CNC3=C2C=C(C=C3)CCS(=O)(=O)C4=CC=CC=C4,1,reported_twosides,0.050659894943237305,0.09987364130580069,0.09987364130580069,fitted,platt_logistic_regression,0.5557555001027313,0,0.32480524622687545,0.5650337837837838,0.01097972972972973,no_interaction,1,False,0.421875,0.4492753623188406,0.421875,False,False,False
C1=CC=C(C=C1)C2=C(OC(=N2)CCC(=O)O)C3=CC=CC=C3,CC(C)NCC(COC1=CC=CC2=CC=CC=C21)O,1,reported_twosides,0.7937609553337097,0.6611226604991349,0.6611226604991349,fitted,platt_logistic_regression,0.5557555001027313,1,0.6402880138580185,0.0625,0.2829391891891892,interaction,1,False,0.23529411764705882,0.4489795918367347,0.23529411764705882,False,False,True
CC1=C(C(C(=C(N1)C)C(=O)OCC(C)C)C2=CC=CC=C2[N+](=O)[O-])C(=O)OC,CCN(C)C(=O)OC1=CC=CC(=C1)C(C)N(C)C,0,unreported_twosides_sampled,0.9995734095573425,0.9930679205617634,0.9930679205617634,fitted,platt_logistic_regression,0.5557555001027313,1,0.041371491440837224,0.0016891891891891893,0.8716216216216216,interaction,1,False,0.8043478260869565,0.32653061224489793,0.32653061224489793,False,False,True
CC1=C(C=NO1)C(=O)NC2=CC=C(C=C2)C(F)(F)F,CCC1=C(CN(C1=O)C(=O)NCCC2=CC=C(C=C2)S(=O)(=O)NC(=O)NC3CCC(CC3)C)C,1,reported_twosides,0.013276873156428337,0.04221511795554435,0.04221511795554435,fitted,platt_logistic_regression,0.5557555001027313,0,0.17492112177295588,0.700168918918919,0.004222972972972973,no_interaction,1,False,0.2608695652173913,0.48,0.2608695652173913,False,False,True
CC1=C(C=NO1)C(=O)NC2=CC=C(C=C2)C(F)(F)F,CN(C)C(=O)C(CC[NH+]1CCC(CC1)(C2=CC=C(C=C2)Cl)O)(C3=CC=CC=C3)C4=CC=CC=C4,1,reported_twosides,0.0031525674276053905,0.01642877516012472,0.01642877516012472,fitted,platt_logistic_regression,0.5557555001027313,0,0.08379432950891758,0.8057432432432432,0.0016891891891891893,no_interaction,1,False,0.2608695652173913,0.30434782608695654,0.2608695652173913,False,False,True
CC1=C(C=NO1)C(=O)NC2=CC=C(C=C2)C(F)(F)F,CC1=CC(=C(C=C1)O)C(CCN(C(C)C)C(C)C)C2=CC=CC=C2,1,reported_twosides,0.3184194564819336,0.3219566432229728,0.3219566432229728,fitted,platt_logistic_regression,0.5557555001027313,0,0.628335532516319,0.2981418918918919,0.057432432432432436,no_interaction,1,False,0.2608695652173913,0.2833333333333333,0.2608695652173913,False,False,True
CC(C)NCC(COC1=CC=CC2=CC=CC=C21)O,CC1=C(C(=CC=C1)NC2=CC=CC=C2C(=O)O)C,1,reported_twosides,0.9085599780082703,0.7864809485012959,0.7864809485012959,fitted,platt_logistic_regression,0.5557555001027313,1,0.5185819801956382,0.03209459459459459,0.40371621621621623,interaction,1,False,0.4489795918367347,0.358974358974359,0.358974358974359,False,False,True
CC1=CC2=C(C=C1C)N(C=N2)C3C(C(C(O3)CO)OP(=O)(O)OC(C)CNC(=O)CCC4(C(C5C6(C(C(C(=N6)C(=C7C(C(C(=N7)C=C8C(C(C(=N8)C(=C4[N-]5)C)CCC(=O)N)(C)C)CCC(=O)N)(C)CC(=O)N)C)CCC(=O)N)(C)CC(=O)N)C)CC(=O)N)C)O.[C-]#N.[Co+2],CC1COC2=C3N1C=C(C(=O)C3=CC(=C2N4CCN(CC4)C)F)C(=O)O,1,reported_twosides,0.005123242735862732,0.022633066714995997,0.022633066714995997,fitted,platt_logistic_regression,0.5557555001027313,0,0.1081168113158776,0.777027027027027,0.0016891891891891893,no_interaction,1,False,0.8709677419354839,0.4507042253521127,0.4507042253521127,False,False,False
C1=CC=C(C=C1)C2=C(OC(=N2)CCC(=O)O)C3=CC=CC=C3,CCC1C2(C(C(C(=O)C(CC(C(C(C(=O)C(C(=O)O1)C)C)OC3C(C(CC(O3)C)N(C)C)O)(C)OC)C)C)N(C(=O)O2)CCCCN4C=C(N=C4)C5=CN=CC=C5)C,0,unreported_twosides_sampled,0.4279717803001404,0.39430872482086554,0.39430872482086554,fitted,platt_logistic_regression,0.5557555001027313,0,0.6706364645985557,0.23902027027027026,0.08530405405405406,no_interaction,1,False,0.23529411764705882,0.44642857142857145,0.23529411764705882,False,False,True
CC(=O)OCC1=C(N2C(C(C2=O)NC(=O)C(=NOC)C3=CSC(=N3)N)SC1)C(=O)[O-],CCC1=C(CN(C1=O)C(=O)NCCC2=CC=C(C=C2)S(=O)(=O)NC(=O)NC3CCC(CC3)C)C,1,reported_twosides,0.5252074599266052,0.45829784433192317,0.45829784433192317,fitted,platt_logistic_regression,0.5557555001027313,0,0.6896649972378172,0.18074324324324326,0.11570945945945946,no_interaction|interaction,2,True,0.7638888888888888,0.48,0.48,False,False,False
CC(C)(C)NCC(C1=CC(=C(C=C1)O)CO)O,COC(=O)C(C1CCCCN1)C2=CC=CC=C2,1,reported_twosides,0.845015823841095,0.711295983735921,0.711295983735921,fitted,platt_logistic_regression,0.5557555001027313,1,0.6009871972104703,0.0472972972972973,0.33361486486486486,interaction,1,False,0.5227272727272727,0.3225806451612903,0.3225806451612903,False,False,True
CCN(C)C(=O)OC1=CC=CC(=C1)C(C)N(C)C,CN(CCCNC(=O)C1CCCO1)C2=NC3=CC(=C(C=C3C(=N2)N)OC)OC,0,unreported_twosides_sampled,0.9774307608604431,0.9080733585286985,0.9080733585286985,fitted,platt_logistic_regression,0.5557555001027313,1,0.3069728507963254,0.010135135135135136,0.5827702702702703,interaction,1,False,0.32653061224489793,0.5138888888888888,0.32653061224489793,False,False,True
C1=C(C(=O)NC(=O)N1)F,CNS(=O)(=O)CC1=CC2=C(C=C1)NC=C2CCN(C)C,0,unreported_twosides_sampled,0.001110584824346006,0.008222211157031452,0.008222211157031452,fitted,platt_logistic_regression,0.5557555001027313,0,0.047662461747107386,0.856418918918919,0.0016891891891891893,no_interaction,1,False,0.1891891891891892,0.6538461538461539,0.1891891891891892,False,False,True
CC1=C(C(C(=C(N1)C)C(=O)OCC(C)C)C2=CC=CC=C2[N+](=O)[O-])C(=O)OC,CCC1=C(CN(C1=O)C(=O)NCCC2=CC=C(C=C2)S(=O)(=O)NC(=O)NC3CCC(CC3)C)C,0,unreported_twosides_sampled,0.4232616424560547,0.39122948078032954,0.39122948078032954,fitted,platt_logistic_regression,0.5557555001027313,0,0.6692948728132875,0.24155405405405406,0.08361486486486487,no_interaction,1,False,0.8043478260869565,0.48,0.48,False,False,False
CCC1=C2C(=CC=C1)C3=C(N2)C(OCC3)(CC)CC(=O)O,CCN(C)C(=O)OC1=CC=CC(=C1)C(C)N(C)C,0,unreported_twosides_sampled,0.8901894092559814,0.762688736998144,0.762688736998144,fitted,platt_logistic_regression,0.5557555001027313,1,0.5479608079016107,0.03969594594594594,0.3842905405405405,interaction,1,False,0.2413793103448276,0.32653061224489793,0.2413793103448276,False,False,True
C1CCN(CC1)C2=NC(=NC3=C2N=C(N=C3N4CCCCC4)N(CCO)CCO)N(CCO)CCO,CN(C)C(=O)C(CC[NH+]1CCC(CC1)(C2=CC=C(C=C2)Cl)O)(C3=CC=CC=C3)C4=CC=CC=C4,0,unreported_twosides_sampled,0.31739071011543274,0.32126303701440984,0.32126303701440984,fitted,platt_logistic_regression,0.5557555001027313,0,0.6278178362205078,0.2981418918918919,0.057432432432432436,no_interaction,1,False,0.30434782608695654,0.30434782608695654,0.30434782608695654,False,False,True
CCC(=O)N(C1CCN(CC1)CCC2=CC=CC=C2)C3=CC=CC=C3,CCC1(CC2CC(C3=C(CCN(C2)C1)C4=CC=CC=C4N3)(C5=C(C=C6C(=C5)C78CCN9C7C(C=CC9)(C(C(C8N6C=O)(C(=O)OC)O)OC(=O)C)CC)OC)C(=O)OC)O,1,reported_twosides,0.00398855609819293,0.01919020691868692,0.01919020691868692,fitted,platt_logistic_regression,0.5557555001027313,0,0.09487058967057088,0.7905405405405406,0.0016891891891891893,no_interaction,1,False,0.421875,0.89,0.421875,False,False,False
CC(C)NCC(COC1=CC=C(C=C1)CCOC)O,CC1=C(C2=C(N1C(=O)C3=CC=C(C=C3)Cl)C=CC(=C2)OC)CC(=O)O,1,reported_twosides,0.05412805825471878,0.10416274225980332,0.10416274225980332,fitted,platt_logistic_regression,0.5557555001027313,0,0.3341343469143089,0.5565878378378378,0.013513513513513514,no_interaction,1,False,0.6222222222222222,0.3064516129032258,0.3064516129032258,False,False,True
C1CCN(CC1)C2=NC(=NC3=C2N=C(N=C3N4CCCCC4)N(CCO)CCO)N(CCO)CCO,CC1=C(C(=CC=C1)C)OCC(C)N,0,unreported_twosides_sampled,0.36415648460388184,0.3524444518060296,0.3524444518060296,fitted,platt_logistic_regression,0.5557555001027313,0,0.6489467319508931,0.27111486486486486,0.06841216216216216,no_interaction,1,False,0.30434782608695654,0.2727272727272727,0.2727272727272727,False,False,True
C1=CC=C(C=C1)C2=C(OC(=N2)CCC(=O)O)C3=CC=CC=C3,CNS(=O)(=O)CC1=CC2=C(C=C1)NC=C2CCN(C)C,0,unreported_twosides_sampled,0.006541749462485313,0.026578596108335496,0.026578596108335496,fitted,platt_logistic_regression,0.5557555001027313,0,0.12264003246001384,0.7601351351351351,0.002533783783783784,no_interaction,1,False,0.23529411764705882,0.6538461538461539,0.23529411764705882,False,False,True
C1CCN(CC1)C2=NC(=NC3=C2N=C(N=C3N4CCCCC4)N(CCO)CCO)N(CCO)CCO,CC1=C(C(C(=C(N1)C)C(=O)OCC(C)C)C2=CC=CC=C2[N+](=O)[O-])C(=O)OC,0,unreported_twosides_sampled,0.9824112057685852,0.9213485734161259,0.9213485734161259,fitted,platt_logistic_regression,0.5557555001027313,1,0.27546326859213455,0.010135135135135136,0.612331081081081,interaction,1,False,0.30434782608695654,0.8043478260869565,0.30434782608695654,False,False,True
CC(C)(C)NCC(C1=CC(=C(C=C1)O)CO)O,CC1=C(C2=C(N1C(=O)C3=CC=C(C=C3)Cl)C=CC(=C2)OC)CC(=O)O,1,reported_twosides,0.40615737438201904,0.3800414009358734,0.3800414009358734,fitted,platt_logistic_regression,0.5557555001027313,0,0.6640843906812417,0.24746621621621623,0.07939189189189189,no_interaction,1,False,0.5227272727272727,0.3064516129032258,0.3064516129032258,False,False,True
CC1CC2C3CCC(C3(CC(C2C4(C1=CC(=O)C=C4)C)O)C)(C(=O)CO)O,CN(CCCNC(=O)C1CCCO1)C2=NC3=CC(=C(C=C3C(=N2)N)OC)OC,0,unreported_twosides_sampled,0.9779474139213562,0.9093897564766923,0.9093897564766923,fitted,platt_logistic_regression,0.5557555001027313,1,0.30394743495585264,0.010135135135135136,0.5844594594594594,interaction,1,False,0.6949152542372882,0.5138888888888888,0.5138888888888888,False,False,False
CC(=O)NCCCS(=O)(=O)O,CC1=CC(=C(C=C1)O)C(CCN(C(C)C)C(C)C)C2=CC=CC=C2,0,unreported_twosides_sampled,0.04022279754281044,0.08623099505743213,0.08623099505743213,fitted,platt_logistic_regression,0.5557555001027313,0,0.29372988301029296,0.5945945945945946,0.010135135135135136,no_interaction,1,False,0.3333333333333333,0.2833333333333333,0.2833333333333333,False,False,True
C1=CN=CC=C1C(=O)NN,CC(C)(C)NCC(C1=CC(=C(C=C1)O)CO)O,1,reported_twosides,0.11372414976358414,0.16649155246373962,0.16649155246373962,fitted,platt_logistic_regression,0.5557555001027313,0,0.45027926300421806,0.46368243243243246,0.02533783783783784,no_interaction,1,False,0.3,0.5227272727272727,0.3,False,False,True
C1CCN(CC1)C2=NC(=NC3=C2N=C(N=C3N4CCCCC4)N(CCO)CCO)N(CCO)CCO,CCC1=C(CN(C1=O)C(=O)NCCC2=CC=C(C=C2)S(=O)(=O)NC(=O)NC3CCC(CC3)C)C,1,reported_twosides,0.11786665767431259,0.17028836109208637,0.17028836109208637,fitted,platt_logistic_regression,0.5557555001027313,0,0.4563431517124384,0.45861486486486486,0.02702702702702703,no_interaction,1,False,0.30434782608695654,0.48,0.30434782608695654,False,False,True
C1=CN=CC=C1C(=O)NN,COC(=O)C(C1CCCCN1)C2=CC=CC=C2,0,unreported_twosides_sampled,0.11766710132360458,0.17010658997855244,0.17010658997855244,fitted,platt_logistic_regression,0.5557555001027313,0,0.4560551847498987,0.45861486486486486,0.02702702702702703,no_interaction,1,False,0.3,0.3225806451612903,0.3,False,False,True
C1=C(C(=O)NC(=O)N1)F,CN1CCCC1CC2=CNC3=C2C=C(C=C3)CCS(=O)(=O)C4=CC=CC=C4,0,unreported_twosides_sampled,0.18215668201446533,0.22423156015764545,0.22423156015764545,fitted,platt_logistic_regression,0.5557555001027313,0,0.5322117684991203,0.3927364864864865,0.033783783783783786,no_interaction,1,False,0.1891891891891892,0.4492753623188406,0.1891891891891892,False,False,True
CC1=CC2=C(C=C1C)N(C=N2)C3C(C(C(O3)CO)OP(=O)(O)OC(C)CNC(=O)CCC4(C(C5C6(C(C(C(=N6)C(=C7C(C(C(=N7)C=C8C(C(C(=N8)C(=C4[N-]5)C)CCC(=O)N)(C)C)CCC(=O)N)(C)CC(=O)N)C)CCC(=O)N)(C)CC(=O)N)C)CC(=O)N)C)O.[C-]#N.[Co+2],CN1CCCC1CC2=CNC3=C2C=C(C=C3)CCS(=O)(=O)C4=CC=CC=C4,0,unreported_twosides_sampled,4.0475093555869535e-05,0.0008995554560294857,0.0008995554560294857,fitted,platt_logistic_regression,0.5557555001027313,0,0.007208281745644459,0.9619932432432432,0.0008445945945945946,no_interaction,1,False,0.8709677419354839,0.4492753623188406,0.4492753623188406,False,False,False
C1=CC(=CN=C1)C(=O)[O-],CC1=C(C(=NO1)C2=CC=CC=C2)C3=CC=C(C=C3)S(=O)(=O)N,1,reported_twosides,0.4105781614780426,0.38293451110050825,0.38293451110050825,fitted,platt_logistic_regression,0.5557555001027313,0,0.665482453965481,0.24577702702702703,0.08023648648648649,no_interaction,1,False,0.30303030303030304,0.30434782608695654,0.30303030303030304,False,False,True
B(C(CC(C)C)NC(=O)C(CC1=CC=CC=C1)NC(=O)C2=NC=CN=C2)(O)O,CC(C)NCC(COC1=CC=C(C=C1)CCOCC2CC2)O,0,unreported_twosides_sampled,0.05214100703597069,0.10171863827567655,0.10171863827567655,fitted,platt_logistic_regression,0.5557555001027313,0,0.3288428809495785,0.5599662162162162,0.011824324324324325,no_interaction,1,False,0.3088235294117647,0.5660377358490566,0.3088235294117647,False,False,True
CC(=O)OCC1=C(N2C(C(C2=O)NC(=O)C(=NOC)C3=CSC(=N3)N)SC1)C(=O)[O-],CC1=C(C(=NO1)C2=CC=CC=C2)C3=CC=C(C=C3)S(=O)(=O)N,0,unreported_twosides_sampled,0.41941797733306885,0.3887163668076614,0.3887163668076614,fitted,platt_logistic_regression,0.5557555001027313,0,0.6681704376268507,0.24155405405405406,0.08361486486486487,no_interaction,1,False,0.7638888888888888,0.30434782608695654,0.30434782608695654,False,False,True
CC1=C(C=C(C=C1)NC(=O)C2=CC=C(C=C2)CN3CCN(CC3)C)NC4=NC=CC(=N4)C5=CN=CC=C5,CN1CCCC1CC2=CNC3=C2C=C(C=C3)CCS(=O)(=O)C4=CC=CC=C4,0,unreported_twosides_sampled,0.00011978358088526875,0.0018594725182778525,0.0018594725182778525,fitted,platt_logistic_regression,0.5557555001027313,0,0.013549106213455574,0.933277027027027,0.0008445945945945946,no_interaction,1,False,0.29,0.4492753623188406,0.29,False,False,True
C1=CC=NC(=C1)NS(=O)(=O)C2=CC=C(C=C2)NN=C3C=CC(=O)C(=C3)C(=O)O,CCCCN1CCCCC1C(=O)NC2=C(C=CC=C2C)C,0,unreported_twosides_sampled,0.019195007160305977,0.05361614912932661,0.05361614912932661,fitted,platt_logistic_regression,0.5557555001027313,0,0.2090281604850691,0.6646959459459459,0.0059121621621621625,no_interaction,1,False,0.47619047619047616,0.8604651162790697,0.47619047619047616,False,False,False
C1=CC=C(C=C1)C2(C(=O)NC(=O)N2)C3=CC=CC=C3,C1=CN=CC=C1C(=O)NN,1,reported_twosides,0.11549993604421616,0.16812524939360463,0.16812524939360463,fitted,platt_logistic_regression,0.5557555001027313,0,0.45290106612865655,0.46114864864864863,0.026182432432432432,no_interaction,1,False,0.4,0.3,0.3,False,False,True
CCC1=C(CN(C1=O)C(=O)NCCC2=CC=C(C=C2)S(=O)(=O)NC(=O)NC3CCC(CC3)C)C,CCN(C)C(=O)OC1=CC=CC(=C1)C(C)N(C)C,0,unreported_twosides_sampled,0.4850563406944275,0.4317077549918135,0.4317077549918135,fitted,platt_logistic_regression,0.5557555001027313,0,0.6837902987442339,0.19763513513513514,0.10219594594594594,no_interaction|interaction,2,True,0.48,0.32653061224489793,0.32653061224489793,False,False,True
CC(=O)OCC1=C(N2C(C(C2=O)NC(=O)C(=NOC)C3=CSC(=N3)N)SC1)C(=O)[O-],CCC(=O)N(C1CCN(CC1)CCC2=CC=CC=C2)C3=CC=CC=C3,1,reported_twosides,0.020849065855145454,0.056557512279410894,0.056557512279410894,fitted,platt_logistic_regression,0.5557555001027313,0,0.21738839924047587,0.6579391891891891,0.006756756756756757,no_interaction,1,False,0.7638888888888888,0.421875,0.421875,False,False,False
CC1=C(C(=CC=C1)NC2=CC=CC=C2C(=O)O)C,COC(=O)C(C1CCCCN1)C2=CC=CC=C2,0,unreported_twosides_sampled,0.5709219574928284,0.4891439107469223,0.4891439107469223,fitted,platt_logistic_regression,0.5557555001027313,0,0.6929114526890785,0.15287162162162163,0.13851351351351351,no_interaction|interaction,2,True,0.358974358974359,0.3225806451612903,0.3225806451612903,False,False,True
CC(C)(C)NCC(C1=CC(=C(C=C1)O)CO)O,CC(C)NCC(COC1=CC=C(C=C1)CCOCC2CC2)O,1,reported_twosides,0.9238472580909729,0.808084684422553,0.808084684422553,fitted,platt_logistic_regression,0.5557555001027313,1,0.4889883039892167,0.028716216216216218,0.4341216216216216,interaction,1,False,0.5227272727272727,0.5660377358490566,0.5227272727272727,False,False,False
CC1=C(C(=CC=C1)C)OCC(C)N,COC(=O)C(C1CCCCN1)C2=CC=CC=C2,0,unreported_twosides_sampled,0.7310332655906677,0.6071125307702202,0.6071125307702202,fitted,platt_logistic_regression,0.5557555001027313,1,0.6700221795175852,0.08445945945945946,0.24070945945945946,interaction,1,False,0.2727272727272727,0.3225806451612903,0.2727272727272727,False,False,True
C1=CN=CC=C1C(=O)NN,CCOC(=O)C1=C2CN(C(=O)C3=C(N2C=N1)C=CC(=C3)F)C,0,unreported_twosides_sampled,0.38178279995918274,0.3640568666734794,0.3640568666734794,fitted,platt_logistic_regression,0.5557555001027313,0,0.6557167120393301,0.2592905405405405,0.07432432432432433,no_interaction,1,False,0.3,0.24050632911392406,0.24050632911392406,False,False,True
C1=CC=NC(=C1)NS(=O)(=O)C2=CC=C(C=C2)NN=C3C=CC(=O)C(=C3)C(=O)O,CCC1C2(C(C(C(=O)C(CC(C(C(C(=O)C(C(=O)O1)C)C)OC3C(C(CC(O3)C)N(C)C)O)(C)OC)C)C)N(C(=O)O2)CCCCN4C=C(N=C4)C5=CN=CC=C5)C,0,unreported_twosides_sampled,0.15429942309856415,0.20183948510726282,0.20183948510726282,fitted,platt_logistic_regression,0.5557555001027313,0,0.5029419414832885,0.41385135135135137,0.030405405405405407,no_interaction,1,False,0.47619047619047616,0.44642857142857145,0.44642857142857145,False,False,False
CCC1(CC2CC(C3=C(CCN(C2)C1)C4=CC=CC=C4N3)(C5=C(C=C6C(=C5)C78CCN9C7C(C=CC9)(C(C(C8N6C=O)(C(=O)OC)O)OC(=O)C)CC)OC)C(=O)OC)O,COC1=C(C=C(C=C1)C2=CC3=C(C=C2)C=C(C=C3)C(=O)O)C45CC6CC(C4)CC(C6)C5,0,unreported_twosides_sampled,0.18942460417747498,0.22988220922930266,0.22988220922930266,fitted,platt_logistic_regression,0.5557555001027313,0,0.5391339744123315,0.3885135135135135,0.03547297297297297,no_interaction,1,False,0.89,0.288135593220339,0.288135593220339,False,False,True
C1CCN(CC1)C2=NC(=NC3=C2N=C(N=C3N4CCCCC4)N(CCO)CCO)N(CCO)CCO,CC1=C(C=NO1)C(=O)NC2=CC=C(C=C2)C(F)(F)F,1,reported_twosides,0.45519229769706726,0.4121110206397717,0.4121110206397717,fitted,platt_logistic_regression,0.5557555001027313,0,0.6776176786883347,0.2204391891891892,0.0945945945945946,no_interaction,1,False,0.30434782608695654,0.2608695652173913,0.2608695652173913,False,False,True
C1=CC=C(C=C1)C2(C(=O)NC(=O)N2)C3=CC=CC=C3,CC1=C(C2=C(N1C(=O)C3=CC=C(C=C3)Cl)C=CC(=C2)OC)CC(=O)O,1,reported_twosides,0.03887766972184181,0.08437936597194,0.08437936597194,fitted,platt_logistic_regression,0.5557555001027313,0,0.28933712491298874,0.5954391891891891,0.010135135135135136,no_interaction,1,False,0.4,0.3064516129032258,0.3064516129032258,False,False,True
C1CCN(CC1)C2=NC(=NC3=C2N=C(N=C3N4CCCCC4)N(CCO)CCO)N(CCO)CCO,CC1COC2=C3N1C=C(C(=O)C3=CC(=C2N4CCN(CC4)C)F)C(=O)O,1,reported_twosides,0.86637943983078,0.7345449092858408,0.7345449092858408,fitted,platt_logistic_regression,0.5557555001027313,1,0.578685783257815,0.04222972972972973,0.3581081081081081,interaction,1,False,0.30434782608695654,0.4507042253521127,0.30434782608695654,False,False,True
CC(CC1=CC=CC=C1)N,CN(C)C(=O)C(CC[NH+]1CCC(CC1)(C2=CC=C(C=C2)Cl)O)(C3=CC=CC=C3)C4=CC=CC=C4,0,unreported_twosides_sampled,0.5508173108100891,0.47548515661788876,0.47548515661788876,fitted,platt_logistic_regression,0.5557555001027313,0,0.6919447434388455,0.16638513513513514,0.13006756756756757,no_interaction|interaction,2,True,0.5384615384615384,0.30434782608695654,0.30434782608695654,False,False,True
CC(C)NCC(COC1=CC=C(C=C1)CCOCC2CC2)O,CC1=C(C(=NO1)C2=CC=CC=C2)C3=CC=C(C=C3)S(=O)(=O)N,0,unreported_twosides_sampled,0.205823615193367,0.24238585897760978,0.24238585897760978,fitted,platt_logistic_regression,0.5557555001027313,0,0.5538144900662552,0.37753378378378377,0.04054054054054054,no_interaction,1,False,0.5660377358490566,0.30434782608695654,0.30434782608695654,False,False,True
CC1=C(C(=CC=C1)NC2=CC=CC=C2C(=O)O)C,CN1CCCC1CC2=CNC3=C2C=C(C=C3)CCS(=O)(=O)C4=CC=CC=C4,0,unreported_twosides_sampled,0.010627999901771545,0.03651762594643716,0.03651762594643716,fitted,platt_logistic_regression,0.5557555001027313,0,0.156714479316019,0.7246621621621622,0.004222972972972973,no_interaction,1,False,0.358974358974359,0.4492753623188406,0.358974358974359,False,False,True
C1=CN=CC=C1C(=O)NN,CC1=C(C(=NO1)C2=CC=CC=C2)C3=CC=C(C=C3)S(=O)(=O)N,0,unreported_twosides_sampled,0.3738185465335846,0.35881683978374795,0.35881683978374795,fitted,platt_logistic_regression,0.5557555001027313,0,0.6527344074592301,0.2652027027027027,0.07347972972972973,no_interaction,1,False,0.3,0.30434782608695654,0.3,False,False,True
CC1=C(C=C(C=C1)NC(=O)C2=CC=C(C=C2)CN3CCN(CC3)C)NC4=NC=CC(=N4)C5=CN=CC=C5,CC1COC2=C3N1C=C(C(=O)C3=CC(=C2N4CCN(CC4)C)F)C(=O)O,1,reported_twosides,0.7166220545768738,0.5955299784850913,0.5955299784850913,fitted,platt_logistic_regression,0.5557555001027313,1,0.6747825285066675,0.08868243243243243,0.22719594594594594,interaction,1,False,0.29,0.4507042253521127,0.29,False,False,True
CCC1=C2C(=CC=C1)C3=C(N2)C(OCC3)(CC)CC(=O)O,CN(CCCNC(=O)C1CCCO1)C2=NC3=CC(=C(C=C3C(=N2)N)OC)OC,0,unreported_twosides_sampled,0.3727608919143677,0.35812015225163357,0.35812015225163357,fitted,platt_logistic_regression,0.5557555001027313,0,0.6523289230385081,0.2660472972972973,0.07263513513513513,no_interaction,1,False,0.2413793103448276,0.5138888888888888,0.2413793103448276,False,False,True
CC1=C(C(=NO1)C2=CC=CC=C2)C3=CC=C(C=C3)S(=O)(=O)N,CCC1C2(C(C(C(=O)C(CC(C(C(C(=O)C(C(=O)O1)C)C)OC3C(C(CC(O3)C)N(C)C)O)(C)OC)C)C)N(C(=O)O2)CCCCN4C=C(N=C4)C5=CN=CC=C5)C,1,reported_twosides,0.5009424686431885,0.4421862406655479,0.4421862406655479,fitted,platt_logistic_regression,0.5557555001027313,0,0.686447342995534,0.19341216216216217,0.10641891891891891,no_interaction|interaction,2,True,0.30434782608695654,0.44642857142857145,0.30434782608695654,False,False,True
B(C(CC(C)C)NC(=O)C(CC1=CC=CC=C1)NC(=O)C2=NC=CN=C2)(O)O,CN1CCCC1CC2=CNC3=C2C=C(C=C3)CCS(=O)(=O)C4=CC=CC=C4,0,unreported_twosides_sampled,0.00044793327106162906,0.004489335208719138,0.004489335208719138,fitted,platt_logistic_regression,0.5557555001027313,0,0.02874881654661471,0.8969594594594594,0.0008445945945945946,no_interaction,1,False,0.3088235294117647,0.4492753623188406,0.3088235294117647,False,False,True
C1CCN(CC1)C2=NC(=NC3=C2N=C(N=C3N4CCCCC4)N(CCO)CCO)N(CCO)CCO,CC1=CC(=C(C=C1)O)C(CCN(C(C)C)C(C)C)C2=CC=CC=C2,1,reported_twosides,0.5490726828575134,0.474307279430712,0.474307279430712,fitted,platt_logistic_regression,0.5557555001027313,0,0.6918263671609401,0.16807432432432431,0.12922297297297297,no_interaction|interaction,2,True,0.30434782608695654,0.2833333333333333,0.2833333333333333,False,False,True
CC(C=CC(C1CC1)O)C2CCC3C2(CCCC3=CC=C4CC(CC(C4=C)O)O)C,CCN(C)C(=O)OC1=CC=CC(=C1)C(C)N(C)C,0,unreported_twosides_sampled,0.41549405455589294,0.38615028443712374,0.38615028443712374,fitted,platt_logistic_regression,0.5557555001027313,0,0.6669948764983611,0.24324324324324326,0.08192567567567567,no_interaction,1,False,0.6323529411764706,0.32653061224489793,0.32653061224489793,False,False,True
CC1=C(C2=C(N1C(=O)C3=CC=C(C=C3)Cl)C=CC(=C2)OC)CC(=O)O,CNS(=O)(=O)CC1=CC2=C(C=C1)NC=C2CCN(C)C,1,reported_twosides,0.005520830862224102,0.023774065762660522,0.023774065762660522,fitted,platt_logistic_regression,0.5557555001027313,0,0.11238423104745525,0.7719594594594594,0.0016891891891891893,no_interaction,1,False,0.3064516129032258,0.6538461538461539,0.3064516129032258,False,False,True
C1=CC=C(C=C1)C2=C(OC(=N2)CCC(=O)O)C3=CC=CC=C3,CN1CCCC1CC2=CNC3=C2C=C(C=C3)CCS(=O)(=O)C4=CC=CC=C4,0,unreported_twosides_sampled,0.059372469782829285,0.11045427163195763,0.11045427163195763,fitted,platt_logistic_regression,0.5557555001027313,0,0.34746404861117763,0.5489864864864865,0.014358108108108109,no_interaction,1,False,0.23529411764705882,0.4492753623188406,0.23529411764705882,False,False,True
B(C(CC(C)C)NC(=O)C(CC1=CC=CC=C1)NC(=O)C2=NC=CN=C2)(O)O,CC(C)NCC(COC1=CC=C(C=C1)CCOC)O,1,reported_twosides,0.0115340081974864,0.038518896219137747,0.038518896219137747,fitted,platt_logistic_regression,0.5557555001027313,0,0.1632082125352664,0.7179054054054054,0.004222972972972973,no_interaction,1,False,0.3088235294117647,0.6222222222222222,0.3088235294117647,False,False,True
CC(C)NCC(COC1=CC=C(C=C1)CCOC)O,CCN(C)C(=O)OC1=CC=CC(=C1)C(C)N(C)C,1,reported_twosides,0.6671686768531799,0.5575365703077826,0.5575365703077826,fitted,platt_logistic_regression,0.5557555001027313,1,0.6865115765973415,0.10641891891891891,0.19341216216216217,no_interaction|interaction,2,True,0.6222222222222222,0.32653061224489793,0.32653061224489793,False,False,True
CC(C)NCC(COC1=CC=C(C=C1)CCOC)O,CN(CCCNC(=O)C1CCCO1)C2=NC3=CC(=C(C=C3C(=N2)N)OC)OC,1,reported_twosides,0.4269712269306183,0.39365463744960594,0.39365463744960594,fitted,platt_logistic_regression,0.5557555001027313,0,0.6703548107386788,0.24070945945945946,0.08530405405405406,no_interaction,1,False,0.6222222222222222,0.5138888888888888,0.5138888888888888,False,False,False
C1=CN=CC=C1C(=O)NN,CCC1(CC2CC(C3=C(CCN(C2)C1)C4=CC=CC=C4N3)(C5=C(C=C6C(=C5)C78CCN9C7C(C=CC9)(C(C(C8N6C=O)(C(=O)OC)O)OC(=O)C)CC)OC)C(=O)OC)O,0,unreported_twosides_sampled,0.1250878870487213,0.1767925575171021,0.1767925575171021,fitted,platt_logistic_regression,0.5557555001027313,0,0.4664948764605261,0.4535472972972973,0.02787162162162162,no_interaction,1,False,0.3,0.89,0.3,False,False,True
CC1COC2=C3N1C=C(C(=O)C3=CC(=C2N4CCN(CC4)C)F)C(=O)O,CCOC(=O)C1=C2CN(C(=O)C3=C(N2C=N1)C=CC(=C3)F)C,0,unreported_twosides_sampled,0.5146070718765259,0.4512413493485903,0.4512413493485903,fitted,platt_logistic_regression,0.5557555001027313,0,0.6883848036410971,0.18412162162162163,0.1097972972972973,no_interaction|interaction,2,True,0.4507042253521127,0.24050632911392406,0.24050632911392406,False,False,True
CCC(=O)N(C1CCN(CC1)CCC2=CC=CC=C2)C3=CC=CC=C3,CN(CCCNC(=O)C1CCCO1)C2=NC3=CC(=C(C=C3C(=N2)N)OC)OC,1,reported_twosides,0.022036559879779816,0.05861591398734489,0.05861591398734489,fitted,platt_logistic_regression,0.5557555001027313,0,0.22314205416691257,0.6570945945945946,0.006756756756756757,no_interaction,1,False,0.421875,0.5138888888888888,0.421875,False,False,False
CC1=C(C2=C(N1C(=O)C3=CC=C(C=C3)Cl)C=CC(=C2)OC)CC(=O)O,CC1COC2=C3N1C=C(C(=O)C3=CC(=C2N4CCN(CC4)C)F)C(=O)O,1,reported_twosides,0.17680056393146515,0.2200203165259185,0.2200203165259185,fitted,platt_logistic_regression,0.5557555001027313,0,0.5269336741724007,0.39611486486486486,0.032939189189189186,no_interaction,1,False,0.3064516129032258,0.4507042253521127,0.3064516129032258,False,False,True
B(C(CC(C)C)NC(=O)C(CC1=CC=CC=C1)NC(=O)C2=NC=CN=C2)(O)O,C1CCN(CC1)C2=NC(=NC3=C2N=C(N=C3N4CCCCC4)N(CCO)CCO)N(CCO)CCO,1,reported_twosides,0.2550159692764282,0.27824392120547364,0.27824392120547364,fitted,platt_logistic_regression,0.5557555001027313,0,0.5912871102892159,0.3403716216216216,0.04307432432432432,no_interaction,1,False,0.3088235294117647,0.30434782608695654,0.30434782608695654,False,False,True
CC1=C(C(=CC=C1)NC2=CC=CC=C2C(=O)O)C,CCC1=C2C(=CC=C1)C3=C(N2)C(OCC3)(CC)CC(=O)O,0,unreported_twosides_sampled,0.4050494432449341,0.3793161206989426,0.3793161206989426,fitted,platt_logistic_regression,0.5557555001027313,0,0.663728341882206,0.2491554054054054,0.0777027027027027,no_interaction,1,False,0.358974358974359,0.2413793103448276,0.2413793103448276,False,False,True
CC1=C(C=C(C=C1)NC(=O)C2=CC=C(C=C2)CN3CCN(CC3)C)NC4=NC=CC(=N4)C5=CN=CC=C5,CC1=CC(=C(C=C1)O)C(CCN(C(C)C)C(C)C)C2=CC=CC=C2,1,reported_twosides,0.3551584482192993,0.3464923584915883,0.3464923584915883,fitted,platt_logistic_regression,0.5557555001027313,0,0.6452481886111692,0.27364864864864863,0.06587837837837837,no_interaction,1,False,0.29,0.2833333333333333,0.2833333333333333,False,False,True
CCN(C)C(=O)OC1=CC=CC(=C1)C(C)N(C)C,CCN(C1=CC=CC(=C1)C2=CC=NC3=C(C=NN23)C#N)C(=O)C,0,unreported_twosides_sampled,0.9395963549613953,0.8326039723818095,0.8326039723818095,fitted,platt_logistic_regression,0.5557555001027313,1,0.4517331571806419,0.02533783783783784,0.46114864864864863,interaction,1,False,0.32653061224489793,0.21739130434782608,0.21739130434782608,False,False,True
B(C(CC(C)C)NC(=O)C(CC1=CC=CC=C1)NC(=O)C2=NC=CN=C2)(O)O,CC1=C(C(=CC=C1)C)OCC(C)N,1,reported_twosides,0.16111214458942413,0.20743359930274816,0.20743359930274816,fitted,platt_logistic_regression,0.5557555001027313,0,0.5105364707896396,0.4096283783783784,0.030405405405405407,no_interaction,1,False,0.3088235294117647,0.2727272727272727,0.2727272727272727,False,False,True
CC1CC2C3CCC(C3(CC(C2C4(C1=CC(=O)C=C4)C)O)C)(C(=O)CO)O,CCC1(CC2CC(C3=C(CCN(C2)C1)C4=CC=CC=C4N3)(C5=C(C=C6C(=C5)C78CCN9C7C(C=CC9)(C(C(C8N6C=O)(C(=O)OC)O)OC(=O)C)CC)OC)C(=O)OC)O,1,reported_twosides,0.8936100602149963,0.7669651299194584,0.7669651299194584,fitted,platt_logistic_regression,0.5557555001027313,1,0.5429174851506863,0.037162162162162164,0.3876689189189189,interaction,1,False,0.6949152542372882,0.89,0.6949152542372882,False,False,False
C1=CN=CC=C1C(=O)NN,CCC1C2(C(C(C(=O)C(CC(C(C(C(=O)C(C(=O)O1)C)C)OC3C(C(CC(O3)C)N(C)C)O)(C)OC)C)C)N(C(=O)O2)CCCCN4C=C(N=C4)C5=CN=CC=C5)C,0,unreported_twosides_sampled,0.5341042876243591,0.4642448248618425,0.4642448248618425,fitted,platt_logistic_regression,0.5557555001027313,0,0.6905881318054888,0.17989864864864866,0.11824324324324324,no_interaction|interaction,2,True,0.3,0.44642857142857145,0.3,False,False,True
C1=C(C(=O)NC(=O)N1)F,CN(C)C(=O)C(CC[NH+]1CCC(CC1)(C2=CC=C(C=C2)Cl)O)(C3=CC=CC=C3)C4=CC=CC=C4,1,reported_twosides,0.4348903298377991,0.398831543694097,0.398831543694097,fitted,platt_logistic_regression,0.5557555001027313,0,0.6725350534660628,0.23395270270270271,0.08699324324324324,no_interaction,1,False,0.1891891891891892,0.30434782608695654,0.1891891891891892,False,False,True
C1=CC=NC(=C1)NS(=O)(=O)C2=CC=C(C=C2)NN=C3C=CC(=O)C(=C3)C(=O)O,CN(CCCNC(=O)C1CCCO1)C2=NC3=CC(=C(C=C3C(=N2)N)OC)OC,0,unreported_twosides_sampled,0.03367311507463455,0.07697293672964296,0.07697293672964296,fitted,platt_logistic_regression,0.5557555001027313,0,0.2713132525046177,0.6157094594594594,0.009290540540540541,no_interaction,1,False,0.47619047619047616,0.5138888888888888,0.47619047619047616,False,False,False
CC1=C(C(=CC=C1)NC2=CC=CC=C2C(=O)O)C,CC1COC2=C3N1C=C(C(=O)C3=CC(=C2N4CCN(CC4)C)F)C(=O)O,1,reported_twosides,0.41986268758773804,0.3890071540365325,0.3890071540365325,fitted,platt_logistic_regression,0.5557555001027313,0,0.668301902326567,0.24155405405405406,0.08361486486486487,no_interaction,1,False,0.358974358974359,0.4507042253521127,0.358974358974359,False,False,True
CCC(=O)N(C1CCN(CC1)CCC2=CC=CC=C2)C3=CC=CC=C3,CNS(=O)(=O)CC1=CC2=C(C=C1)NC=C2CCN(C)C,1,reported_twosides,0.13877496123313904,0.1887604846563218,0.1887604846563218,fitted,platt_logistic_regression,0.5557555001027313,0,0.48442065491578046,0.43665540540540543,0.02787162162162162,no_interaction,1,False,0.421875,0.6538461538461539,0.421875,False,False,False
CC(CC1=CC=CC=C1)N,COC(=O)C(C1CCCCN1)C2=CC=CC=C2,1,reported_twosides,0.7322733998298645,0.6081216570705927,0.6081216570705927,fitted,platt_logistic_regression,0.5557555001027313,1,0.669580881623216,0.08361486486486487,0.24070945945945946,interaction,1,False,0.5384615384615384,0.3225806451612903,0.3225806451612903,False,False,True
CC(C)NCC(COC1=CC=C(C=C1)CCOC)O,CC1=C(C=NO1)C(=O)NC2=CC=C(C=C2)C(F)(F)F,1,reported_twosides,0.2136276215314865,0.24822743876531295,0.24822743876531295,fitted,platt_logistic_regression,0.5557555001027313,0,0.560379395212194,0.3733108108108108,0.04054054054054054,no_interaction,1,False,0.6222222222222222,0.2608695652173913,0.2608695652173913,False,False,True
CC1=C(C(C(=C(N1)C)C(=O)OCC(C)C)C2=CC=CC=C2[N+](=O)[O-])C(=O)OC,CCN(C1=CC=CC(=C1)C2=CC=NC3=C(C=NN23)C#N)C(=O)C,0,unreported_twosides_sampled,0.9356054663658142,0.8261338494618128,0.8261338494618128,fitted,platt_logistic_regression,0.5557555001027313,1,0.4619638358307967,0.02787162162162162,0.45692567567567566,interaction,1,False,0.8043478260869565,0.21739130434782608,0.21739130434782608,False,False,True
CC(CC1=CC=CC=C1)N,CCC1=C2C(=CC=C1)C3=C(N2)C(OCC3)(CC)CC(=O)O,1,reported_twosides,0.0829617828130722,0.13647169589876973,0.13647169589876973,fitted,platt_logistic_regression,0.5557555001027313,0,0.3985065234149652,0.5092905405405406,0.019425675675675675,no_interaction,1,False,0.5384615384615384,0.2413793103448276,0.2413793103448276,False,False,True
CC(C)NCC(COC1=CC=CC2=CC=CC=C21)O,CC1=C(C(=NO1)C2=CC=CC=C2)C3=CC=C(C=C3)S(=O)(=O)N,1,reported_twosides,0.2791493833065033,0.2951437380526796,0.2951437380526796,fitted,platt_logistic_regression,0.5557555001027313,0,0.606693276030897,0.3285472972972973,0.05067567567567568,no_interaction,1,False,0.4489795918367347,0.30434782608695654,0.30434782608695654,False,False,True
CC1=C(C(=CC=C1)C)OCC(C)N,CCC(=O)N(C1CCN(CC1)CCC2=CC=CC=C2)C3=CC=CC=C3,1,reported_twosides,0.274325966835022,0.2917954151687787,0.2917954151687787,fitted,platt_logistic_regression,0.5557555001027313,0,0.6037514503439393,0.3327702702702703,0.05067567567567568,no_interaction,1,False,0.2727272727272727,0.421875,0.2727272727272727,False,False,True
C1=CN=CC=C1C(=O)NN,CC1=C(C=C(C=C1)NC(=O)C2=CC=C(C=C2)CN3CCN(CC3)C)NC4=NC=CC(=N4)C5=CN=CC=C5,0,unreported_twosides_sampled,0.2105846256017685,0.24595745327196356,0.24595745327196356,fitted,platt_logistic_regression,0.5557555001027313,0,0.5578502158612497,0.37584459459459457,0.04054054054054054,no_interaction,1,False,0.3,0.29,0.29,False,False,True
CC1=C(C(C(=C(N1)C)C(=O)OCC(C)C)C2=CC=CC=C2[N+](=O)[O-])C(=O)OC,CCC(=O)N(C1CCN(CC1)CCC2=CC=CC=C2)C3=CC=CC=C3,1,reported_twosides,0.2181931883096695,0.25161518798997773,0.25161518798997773,fitted,platt_logistic_regression,0.5557555001027313,0,0.5641026630577799,0.3716216216216216,0.041385135135135136,no_interaction,1,False,0.8043478260869565,0.421875,0.421875,False,False,False
CC1=C(C(C(=C(N1)C)C(=O)OCC(C)C)C2=CC=CC=C2[N+](=O)[O-])C(=O)OC,CC1=C(C=NO1)C(=O)NC2=CC=C(C=C2)C(F)(F)F,1,reported_twosides,0.9237204194068909,0.8078974005791122,0.8078974005791122,fitted,platt_logistic_regression,0.5557555001027313,1,0.4892574325550365,0.028716216216216218,0.43327702702702703,interaction,1,False,0.8043478260869565,0.2608695652173913,0.2608695652173913,False,False,True
C1=CC=NC(=C1)NS(=O)(=O)C2=CC=C(C=C2)NN=C3C=CC(=O)C(=C3)C(=O)O,CC1=C(C(C(=C(N1)C)C(=O)OCC(C)C)C2=CC=CC=C2[N+](=O)[O-])C(=O)OC,0,unreported_twosides_sampled,0.2512417733669281,0.27556534221027856,0.27556534221027856,fitted,platt_logistic_regression,0.5557555001027313,0,0.5887160192139953,0.34375,0.04307432432432432,no_interaction,1,False,0.47619047619047616,0.8043478260869565,0.47619047619047616,False,False,False
CC1=C(C=NO1)C(=O)NC2=CC=C(C=C2)C(F)(F)F,CCC1=C2C(=CC=C1)C3=C(N2)C(OCC3)(CC)CC(=O)O,1,reported_twosides,0.10955804586410522,0.16262151058603996,0.16262151058603996,fitted,platt_logistic_regression,0.5557555001027313,0,0.44399148727701043,0.4721283783783784,0.02364864864864865,no_interaction,1,False,0.2608695652173913,0.2413793103448276,0.2413793103448276,False,False,True
C1=C(C(=O)NC(=O)N1)F,C1=CC(=CN=C1)C(=O)[O-],1,reported_twosides,0.9087710976600647,0.7867670635635636,0.7867670635635636,fitted,platt_logistic_regression,0.5557555001027313,1,0.5182086874165587,0.03209459459459459,0.40371621621621623,interaction,1,False,0.1891891891891892,0.30303030303030304,0.1891891891891892,False,False,True
CC1COC2=C3N1C=C(C(=O)C3=CC(=C2N4CCN(CC4)C)F)C(=O)O,CCCCN1CCCCC1C(=O)NC2=C(C=CC=C2C)C,0,unreported_twosides_sampled,0.40799590945243835,0.38124475749195824,0.38124475749195824,fitted,platt_logistic_regression,0.5557555001027313,0,0.6646702085252452,0.24746621621621623,0.07939189189189189,no_interaction,1,False,0.4507042253521127,0.8604651162790697,0.4507042253521127,False,False,False
CC1=CC(=C(C=C1)O)C(CCN(C(C)C)C(C)C)C2=CC=CC=C2,COC(=O)C(C1CCCCN1)C2=CC=CC=C2,1,reported_twosides,0.4455740451812744,0.4058174324310396,0.4058174324310396,fitted,platt_logistic_regression,0.5557555001027313,0,0.6753000396389737,0.22466216216216217,0.08868243243243243,no_interaction,1,False,0.2833333333333333,0.3225806451612903,0.2833333333333333,False,False,True
CC(C)NCC(COC1=CC=CC2=CC=CC=C21)O,COC1=C(C=C(C=C1)C2=CC3=C(C=C2)C=C(C=C3)C(=O)O)C45CC6CC(C4)CC(C6)C5,0,unreported_twosides_sampled,0.6694404482841492,0.5592300007700233,0.5592300007700233,fitted,platt_logistic_regression,0.5557555001027313,1,0.6861142918777074,0.10472972972972973,0.19510135135135134,no_interaction|interaction,2,True,0.4489795918367347,0.288135593220339,0.288135593220339,False,False,True
CC(=O)OCC1=C(N2C(C(C2=O)NC(=O)C(=NOC)C3=CSC(=N3)N)SC1)C(=O)[O-],CC(C)(C)NCC(C1=CC(=C(C=C1)O)CO)O,1,reported_twosides,0.1551342010498047,0.2025294388391769,0.2025294388391769,fitted,platt_logistic_regression,0.5557555001027313,0,0.5038890391845441,0.41300675675675674,0.030405405405405407,no_interaction,1,False,0.7638888888888888,0.5227272727272727,0.5227272727272727,False,False,False
C1=CN=CC=C1C(=O)NN,CCC1=C2C(=CC=C1)C3=C(N2)C(OCC3)(CC)CC(=O)O,1,reported_twosides,0.3871162533760071,0.367560515345332,0.367560515345332,fitted,platt_logistic_regression,0.5557555001027313,0,0.6576445691938381,0.25675675675675674,0.07432432432432433,no_interaction,1,False,0.3,0.2413793103448276,0.2413793103448276,False,False,True
CC1(OC2COC3(C(C2O1)OC(O3)(C)C)COS(=O)(=O)N)C,CC1=C(C2=C(N1C(=O)C3=CC=C(C=C3)Cl)C=CC(=C2)OC)CC(=O)O,1,reported_twosides,0.1506403684616089,0.19879986997842666,0.19879986997842666,fitted,platt_logistic_regression,0.5557555001027313,0,0.49873418230723626,0.4222972972972973,0.030405405405405407,no_interaction,1,False,0.1839080459770115,0.3064516129032258,0.1839080459770115,False,False,True
CC(C)NCC(COC1=CC=CC2=CC=CC=C21)O,CCC(C)CC(C)CCCCCCCCC(=O)NC1CC(C(NC(=O)C2CCCN2C(=O)C(NC(=O)C(NC(=O)C3CC(CN3C(=O)C(NC1=O)C(C)O)O)C(C(C4=CC=C(C=C4)O)O)O)C(CCN)O)NCCN)O,1,reported_twosides,0.29487380385398865,0.30596945284949534,0.30596945284949534,fitted,platt_logistic_regression,0.5557555001027313,0,0.6158376803358285,0.31756756756756754,0.05489864864864865,no_interaction,1,False,0.4489795918367347,0.24489795918367346,0.24489795918367346,False,False,True
C1=CN=CC=C1C(=O)NN,CC(C=CC(C1CC1)O)C2CCC3C2(CCCC3=CC=C4CC(CC(C4=C)O)O)C,0,unreported_twosides_sampled,0.5060533285140991,0.44556804661988453,0.44556804661988453,fitted,platt_logistic_regression,0.5557555001027313,0,0.6872097450798633,0.19003378378378377,0.10726351351351351,no_interaction|interaction,2,True,0.3,0.6323529411764706,0.3,False,False,True
C1=CC=NC(=C1)NS(=O)(=O)C2=CC=C(C=C2)NN=C3C=CC(=O)C(=C3)C(=O)O,CC1=C(C=C(C=C1)NC(=O)C2=CC=C(C=C2)CN3CCN(CC3)C)NC4=NC=CC(=N4)C5=CN=CC=C5,0,unreported_twosides_sampled,0.01819915696978569,0.05179989899876672,0.05179989899876672,fitted,platt_logistic_regression,0.5557555001027313,0,0.20378121548801809,0.6697635135135135,0.0059121621621621625,no_interaction,1,False,0.47619047619047616,0.29,0.29,False,False,True
CC(=O)OCC1=C(N2C(C(C2=O)NC(=O)C(=NOC)C3=CSC(=N3)N)SC1)C(=O)[O-],CCC1C2(C(C(C(=O)C(CC(C(C(C(=O)C(C(=O)O1)C)C)OC3C(C(CC(O3)C)N(C)C)O)(C)OC)C)C)N(C(=O)O2)CCCCN4C=C(N=C4)C5=CN=CC=C5)C,0,unreported_twosides_sampled,0.9498611092567444,0.8502144303620334,0.8502144303620334,fitted,platt_logistic_regression,0.5557555001027313,1,0.4223369562876721,0.021114864864864864,0.48986486486486486,interaction,1,False,0.7638888888888888,0.44642857142857145,0.44642857142857145,False,False,False
CC(C)NCC(COC1=CC=C(C=C1)CCOC)O,CCN(C1=CC=CC(=C1)C2=CC=NC3=C(C=NN23)C#N)C(=O)C,1,reported_twosides,0.29984983801841736,0.3093688844100534,0.3093688844100534,fitted,platt_logistic_regression,0.5557555001027313,0,0.6185947652543741,0.31334459459459457,0.05489864864864865,no_interaction,1,False,0.6222222222222222,0.21739130434782608,0.21739130434782608,False,False,True
C1=CC=C(C=C1)C2=C(OC(=N2)CCC(=O)O)C3=CC=CC=C3,C1=CN=CC=C1C(=O)NN,0,unreported_twosides_sampled,0.2607846260070801,0.28231831896919396,0.28231831896919396,fitted,platt_logistic_regression,0.5557555001027313,0,0.5951295732094448,0.33530405405405406,0.04391891891891892,no_interaction,1,False,0.23529411764705882,0.3,0.23529411764705882,False,False,True
C1=CC(=CN=C1)C(=O)[O-],CC(C)(C)NCC(C1=CC(=C(C=C1)O)CO)O,1,reported_twosides,0.20880010724067688,0.24462165515448278,0.24462165515448278,fitted,platt_logistic_regression,0.5557555001027313,0,0.5563489178355111,0.37584459459459457,0.04054054054054054,no_interaction,1,False,0.30303030303030304,0.5227272727272727,0.30303030303030304,False,False,True
C1=CC=C(C=C1)C2(C(=O)NC(=O)N2)C3=CC=CC=C3,CC(=O)OCC1=C(N2C(C(C2=O)NC(=O)C(=NOC)C3=CSC(=N3)N)SC1)C(=O)[O-],1,reported_twosides,0.25066250562667847,0.27515330221770656,0.27515330221770656,fitted,platt_logistic_regression,0.5557555001027313,0,0.5883173296781427,0.34375,0.04307432432432432,no_interaction,1,False,0.4,0.7638888888888888,0.4,False,False,False
CC(C)(C)NCC(C1=CC(=C(C=C1)O)CO)O,CCC1(CC2CC(C3=C(CCN(C2)C1)C4=CC=CC=C4N3)(C5=C(C=C6C(=C5)C78CCN9C7C(C=CC9)(C(C(C8N6C=O)(C(=O)OC)O)OC(=O)C)CC)OC)C(=O)OC)O,1,reported_twosides,0.01887614093720913,0.05303847531496498,0.05303847531496498,fitted,platt_logistic_regression,0.5557555001027313,0,0.20736647618214438,0.6672297297297297,0.0059121621621621625,no_interaction,1,False,0.5227272727272727,0.89,0.5227272727272727,False,False,False
CC1COC2=C3N1C=C(C(=O)C3=CC(=C2N4CCN(CC4)C)F)C(=O)O,CN(CCCNC(=O)C1CCCO1)C2=NC3=CC(=C(C=C3C(=N2)N)OC)OC,1,reported_twosides,0.6997359991073608,0.5822726098916178,0.5822726098916178,fitted,platt_logistic_regression,0.5557555001027313,1,0.6795478559777526,0.09543918918918919,0.21537162162162163,interaction,1,False,0.4507042253521127,0.5138888888888888,0.4507042253521127,False,False,False
C1=CC(=CN=C1)C(=O)[O-],CC1=C(C=C(C=C1)NC(=O)C2=CC=C(C=C2)CN3CCN(CC3)C)NC4=NC=CC(=N4)C5=CN=CC=C5,1,reported_twosides,0.08184663951396942,0.1353112309019731,0.1353112309019731,fitted,platt_logistic_regression,0.5557555001027313,0,0.3963598432268637,0.512668918918919,0.019425675675675675,no_interaction,1,False,0.30303030303030304,0.29,0.29,False,False,True
CCC1=C2C(=CC=C1)C3=C(N2)C(OCC3)(CC)CC(=O)O,CCC1C2(C(C(C(=O)C(CC(C(C(C(=O)C(C(=O)O1)C)C)OC3C(C(CC(O3)C)N(C)C)O)(C)OC)C)C)N(C(=O)O2)CCCCN4C=C(N=C4)C5=CN=CC=C5)C,1,reported_twosides,0.7434829473495483,0.6173379556534166,0.6173379556534166,fitted,platt_logistic_regression,0.5557555001027313,1,0.665352299931163,0.08023648648648649,0.24577702702702703,interaction,1,False,0.2413793103448276,0.44642857142857145,0.2413793103448276,False,False,True
CCC(=O)N(C1CCN(CC1)CCC2=CC=CC=C2)C3=CC=CC=C3,CN(C)C(=O)C(CC[NH+]1CCC(CC1)(C2=CC=C(C=C2)Cl)O)(C3=CC=CC=C3)C4=CC=CC=C4,1,reported_twosides,0.1641586273908615,0.2099089297905069,0.2099089297905069,fitted,platt_logistic_regression,0.5557555001027313,0,0.5138359843831564,0.40709459459459457,0.03125,no_interaction,1,False,0.421875,0.30434782608695654,0.30434782608695654,False,False,True
C1=CN=CC=C1C(=O)NN,CCC1=C(CN(C1=O)C(=O)NCCC2=CC=C(C=C2)S(=O)(=O)NC(=O)NC3CCC(CC3)C)C,0,unreported_twosides_sampled,0.3019173741340637,0.3107778848412204,0.3107778848412204,fitted,platt_logistic_regression,0.5557555001027313,0,0.6197216512934756,0.31165540540540543,0.05489864864864865,no_interaction,1,False,0.3,0.48,0.3,False,False,True
B(C(CC(C)C)NC(=O)C(CC1=CC=CC=C1)NC(=O)C2=NC=CN=C2)(O)O,CCC(=O)N(C1CCN(CC1)CCC2=CC=CC=C2)C3=CC=CC=C3,1,reported_twosides,0.0008095329394564033,0.006661437313629261,0.006661437313629261,fitted,platt_logistic_regression,0.5557555001027313,0,0.04002246072335769,0.8733108108108109,0.0016891891891891893,no_interaction,1,False,0.3088235294117647,0.421875,0.3088235294117647,False,False,True
C1=CN=CC=C1C(=O)NN,CC1=C(C(=CC=C1)NC2=CC=CC=C2C(=O)O)C,0,unreported_twosides_sampled,0.49928444623947144,0.4410903407706336,0.4410903407706336,fitted,platt_logistic_regression,0.5557555001027313,0,0.6861903370752946,0.19510135135135134,0.10557432432432433,no_interaction|interaction,2,True,0.3,0.358974358974359,0.3,False,False,True
C1CCN(CC1)C2=NC(=NC3=C2N=C(N=C3N4CCCCC4)N(CCO)CCO)N(CCO)CCO,CCN(C)C(=O)OC1=CC=CC(=C1)C(C)N(C)C,1,reported_twosides,0.9978200197219849,0.9795751891660492,0.9795751891660492,fitted,platt_logistic_regression,0.5557555001027313,1,0.09968782862114756,0.0016891891891891893,0.7846283783783784,interaction,1,False,0.30434782608695654,0.32653061224489793,0.30434782608695654,False,False,True
CC1=C(C(=CC=C1)NC2=CC=CC=C2C(=O)O)C,CCC1C2(C(C(C(=O)C(CC(C(C(C(=O)C(C(=O)O1)C)C)OC3C(C(CC(O3)C)N(C)C)O)(C)OC)C)C)N(C(=O)O2)CCCCN4C=C(N=C4)C5=CN=CC=C5)C,0,unreported_twosides_sampled,0.49226564168930054,0.43645721090420203,0.43645721090420203,fitted,platt_logistic_regression,0.5557555001027313,0,0.6850499296001044,0.19594594594594594,0.10388513513513513,no_interaction|interaction,2,True,0.358974358974359,0.44642857142857145,0.358974358974359,False,False,True
CC1=CC2=C(C=C1C)N(C=N2)C3C(C(C(O3)CO)OP(=O)(O)OC(C)CNC(=O)CCC4(C(C5C6(C(C(C(=N6)C(=C7C(C(C(=N7)C=C8C(C(C(=N8)C(=C4[N-]5)C)CCC(=O)N)(C)C)CCC(=O)N)(C)CC(=O)N)C)CCC(=O)N)(C)CC(=O)N)C)CC(=O)N)C)O.[C-]#N.[Co+2],CCN(C)C(=O)OC1=CC=CC(=C1)C(C)N(C)C,0,unreported_twosides_sampled,0.187499538064003,0.2283924176412077,0.2283924176412077,fitted,platt_logistic_regression,0.5557555001027313,0,0.5373265735302175,0.3885135135135135,0.03547297297297297,no_interaction,1,False,0.8709677419354839,0.32653061224489793,0.32653061224489793,False,False,True
CC1=C(C2=C(N1C(=O)C3=CC=C(C=C3)Cl)C=CC(=C2)OC)CC(=O)O,CN(CCCNC(=O)C1CCCO1)C2=NC3=CC(=C(C=C3C(=N2)N)OC)OC,0,unreported_twosides_sampled,0.047442615032196045,0.09579340620627569,0.09579340620627569,fitted,platt_logistic_regression,0.5557555001027313,0,0.31574058205322036,0.5701013513513513,0.01097972972972973,no_interaction,1,False,0.3064516129032258,0.5138888888888888,0.3064516129032258,False,False,True
C1=CC=C(C=C1)C2(C(=O)NC(=O)N2)C3=CC=CC=C3,C1=CC=NC(=C1)NS(=O)(=O)C2=CC=C(C=C2)NN=C3C=CC(=O)C(=C3)C(=O)O,1,reported_twosides,0.041141606867313385,0.08748225959125447,0.08748225959125447,fitted,platt_logistic_regression,0.5557555001027313,0,0.2966736613498861,0.5912162162162162,0.010135135135135136,no_interaction,1,False,0.4,0.47619047619047616,0.4,False,False,False
CC1=C(C(=CC=C1)C)OCC(C)N,CC1CC2C3CCC(C3(CC(C2C4(C1=CC(=O)C=C4)C)O)C)(C(=O)CO)O,0,unreported_twosides_sampled,0.8327671885490417,0.6986615049757331,0.6986615049757331,fitted,platt_logistic_regression,0.5557555001027313,1,0.6119941439992271,0.052364864864864864,0.32263513513513514,interaction,1,False,0.2727272727272727,0.6949152542372882,0.2727272727272727,False,False,True
CC(C)NCC(COC1=CC=C(C=C1)CCOCC2CC2)O,CCC1(CC2CC(C3=C(CCN(C2)C1)C4=CC=CC=C4N3)(C5=C(C=C6C(=C5)C78CCN9C7C(C=CC9)(C(C(C8N6C=O)(C(=O)OC)O)OC(=O)C)CC)OC)C(=O)OC)O,0,unreported_twosides_sampled,0.1904512494802475,0.23067473948864042,0.23067473948864042,fitted,platt_logistic_regression,0.5557555001027313,0,0.5400903523054849,0.3885135135135135,0.03547297297297297,no_interaction,1,False,0.5660377358490566,0.89,0.5660377358490566,False,False,False
CC1=C(C=C(C=C1)NC(=O)C2=CC=C(C=C2)CN3CCN(CC3)C)NC4=NC=CC(=N4)C5=CN=CC=C5,CCC1=C2C(=CC=C1)C3=C(N2)C(OCC3)(CC)CC(=O)O,0,unreported_twosides_sampled,0.4685961604118347,0.42089372461464947,0.42089372461464947,fitted,platt_logistic_regression,0.5557555001027313,0,0.6805788315800915,0.21114864864864866,0.09628378378378379,no_interaction,1,False,0.29,0.2413793103448276,0.2413793103448276,False,False,True
CC1COC2=C3N1C=C(C(=O)C3=CC(=C2N4CCN(CC4)C)F)C(=O)O,CCC(C)CC(C)CCCCCCCCC(=O)NC1CC(C(NC(=O)C2CCCN2C(=O)C(NC(=O)C(NC(=O)C3CC(CN3C(=O)C(NC1=O)C(C)O)O)C(C(C4=CC=C(C=C4)O)O)O)C(CCN)O)NCCN)O,1,reported_twosides,0.07616182416677475,0.12929951581787916,0.12929951581787916,fitted,platt_logistic_regression,0.5557555001027313,0,0.38505294220002595,0.5261824324324325,0.017736486486486486,no_interaction,1,False,0.4507042253521127,0.24489795918367346,0.24489795918367346,False,False,True
C1=C(C(=O)NC(=O)N1)F,CC(=O)OCC1=C(N2C(C(C2=O)NC(=O)C(=NOC)C3=CSC(=N3)N)SC1)C(=O)[O-],0,unreported_twosides_sampled,0.9426833391189575,0.8377451472184487,0.8377451472184487,fitted,platt_logistic_regression,0.5557555001027313,1,0.44339009596402346,0.02364864864864865,0.47297297297297297,interaction,1,False,0.1891891891891892,0.7638888888888888,0.1891891891891892,False,False,True
CC1COC2=C3N1C=C(C(=O)C3=CC(=C2N4CCN(CC4)C)F)C(=O)O,CCC(=O)N(C1CCN(CC1)CCC2=CC=CC=C2)C3=CC=CC=C3,1,reported_twosides,0.6636505722999573,0.5549228537494705,0.5549228537494705,fitted,platt_logistic_regression,0.5557555001027313,0,0.6871019493710191,0.10726351351351351,0.19256756756756757,no_interaction|interaction,2,True,0.4507042253521127,0.421875,0.421875,False,False,False
C1=CC=NC(=C1)NS(=O)(=O)C2=CC=C(C=C2)NN=C3C=CC(=O)C(=C3)C(=O)O,COC(=O)C(C1CCCCN1)C2=CC=CC=C2,0,unreported_twosides_sampled,0.021739231422543526,0.058104482771430446,0.058104482771430446,fitted,platt_logistic_regression,0.5557555001027313,0,0.22171976810318902,0.6570945945945946,0.006756756756756757,no_interaction,1,False,0.47619047619047616,0.3225806451612903,0.3225806451612903,False,False,True
CC1=CC(=C(C=C1)O)C(CCN(C(C)C)C(C)C)C2=CC=CC=C2,CCCCN1CCCCC1C(=O)NC2=C(C=CC=C2C)C,0,unreported_twosides_sampled,0.0513998381793499,0.1007979138887629,0.1007979138887629,fitted,platt_logistic_regression,0.5557555001027313,0,0.32683264069047413,0.5633445945945946,0.01097972972972973,no_interaction,1,False,0.2833333333333333,0.8604651162790697,0.2833333333333333,False,False,True
CC(=O)NCCCS(=O)(=O)O,CCC1(CC2CC(C3=C(CCN(C2)C1)C4=CC=CC=C4N3)(C5=C(C=C6C(=C5)C78CCN9C7C(C=CC9)(C(C(C8N6C=O)(C(=O)OC)O)OC(=O)C)CC)OC)C(=O)OC)O,0,unreported_twosides_sampled,0.586724042892456,0.5000020276132984,0.5000020276132984,fitted,platt_logistic_regression,0.5557555001027313,0,0.6931471805517229,0.14442567567567569,0.14442567567567569,no_interaction|interaction,2,True,0.3333333333333333,0.89,0.3333333333333333,False,False,True
C1=CC(=CN=C1)C(=O)[O-],CN(CCCNC(=O)C1CCCO1)C2=NC3=CC(=C(C=C3C(=N2)N)OC)OC,1,reported_twosides,0.4466434121131897,0.40651690153458653,0.40651690153458653,fitted,platt_logistic_regression,0.5557555001027313,0,0.6755657211593226,0.22466216216216217,0.08952702702702703,no_interaction,1,False,0.30303030303030304,0.5138888888888888,0.30303030303030304,False,False,True
CC(C)NCC(COC1=CC=C(C=C1)CCOC)O,CNS(=O)(=O)CC1=CC2=C(C=C1)NC=C2CCN(C)C,1,reported_twosides,0.000194926091353409,0.00257517890935927,0.00257517890935927,fitted,platt_logistic_regression,0.5557555001027313,0,0.01792465530443839,0.918918918918919,0.0008445945945945946,no_interaction,1,False,0.6222222222222222,0.6538461538461539,0.6222222222222222,False,False,False
CC(C)NCC(COC1=CC=C(C=C1)CCOC)O,CCC(C)CC(C)CCCCCCCCC(=O)NC1CC(C(NC(=O)C2CCCN2C(=O)C(NC(=O)C(NC(=O)C3CC(CN3C(=O)C(NC1=O)C(C)O)O)C(C(C4=CC=C(C=C4)O)O)O)C(CCN)O)NCCN)O,1,reported_twosides,0.12321475148200989,0.17511882865293885,0.17511882865293885,fitted,platt_logistic_regression,0.5557555001027313,0,0.4639106463286005,0.4552364864864865,0.02787162162162162,no_interaction,1,False,0.6222222222222222,0.24489795918367346,0.24489795918367346,False,False,True
C1=C(C(=O)NC(=O)N1)F,CC1=CC2=C(C=C1C)N(C=N2)C3C(C(C(O3)CO)OP(=O)(O)OC(C)CNC(=O)CCC4(C(C5C6(C(C(C(=N6)C(=C7C(C(C(=N7)C=C8C(C(C(=N8)C(=C4[N-]5)C)CCC(=O)N)(C)C)CCC(=O)N)(C)CC(=O)N)C)CCC(=O)N)(C)CC(=O)N)C)CC(=O)N)C)O.[C-]#N.[Co+2],1,reported_twosides,0.05929701775312424,0.11036529780651341,0.11036529780651341,fitted,platt_logistic_regression,0.5557555001027313,0,0.34727839919097714,0.549831081081081,0.014358108108108109,no_interaction,1,False,0.1891891891891892,0.8709677419354839,0.1891891891891892,False,False,True
CC(C=CC(C1CC1)O)C2CCC3C2(CCCC3=CC=C4CC(CC(C4=C)O)O)C,CCC1(CC2CC(C3=C(CCN(C2)C1)C4=CC=CC=C4N3)(C5=C(C=C6C(=C5)C78CCN9C7C(C=CC9)(C(C(C8N6C=O)(C(=O)OC)O)OC(=O)C)CC)OC)C(=O)OC)O,0,unreported_twosides_sampled,0.08150788396596909,0.13495752470909317,0.13495752470909317,fitted,platt_logistic_regression,0.5557555001027313,0,0.3957032567413508,0.512668918918919,0.019425675675675675,no_interaction,1,False,0.6323529411764706,0.89,0.6323529411764706,False,False,False
CC1CC2C3CCC(C3(CC(C2C4(C1=CC(=O)C=C4)C)O)C)(C(=O)CO)O,CC1COC2=C3N1C=C(C(=O)C3=CC(=C2N4CCN(CC4)C)F)C(=O)O,1,reported_twosides,0.9905849099159241,0.9471069986971007,0.9471069986971007,fitted,platt_logistic_regression,0.5557555001027313,1,0.20694697418064203,0.0059121621621621625,0.6672297297297297,interaction,1,False,0.6949152542372882,0.4507042253521127,0.4507042253521127,False,False,False
CCC1(CC2CC(C3=C(CCN(C2)C1)C4=CC=CC=C4N3)(C5=C(C=C6C(=C5)C78CCN9C7C(C=CC9)(C(C(C8N6C=O)(C(=O)OC)O)OC(=O)C)CC)OC)C(=O)OC)O,CCC1C2(C(C(C(=O)C(CC(C(C(C(=O)C(C(=O)O1)C)C)OC3C(C(CC(O3)C)N(C)C)O)(C)OC)C)C)N(C(=O)O2)CCCCN4C=C(N=C4)C5=CN=CC=C5)C,0,unreported_twosides_sampled,0.5534769892692566,0.4772829822346882,0.4772829822346882,fitted,platt_logistic_regression,0.5557555001027313,0,0.6921146993795695,0.16300675675675674,0.13175675675675674,no_interaction|interaction,2,True,0.89,0.44642857142857145,0.44642857142857145,False,False,False
CCC1=C(CN(C1=O)C(=O)NCCC2=CC=C(C=C2)S(=O)(=O)NC(=O)NC3CCC(CC3)C)C,COC(=O)C(C1CCCCN1)C2=CC=CC=C2,0,unreported_twosides_sampled,0.019762301817536354,0.054635175056988054,0.054635175056988054,fitted,platt_logistic_regression,0.5557555001027313,0,0.211943406191064,0.6613175675675675,0.0059121621621621625,no_interaction,1,False,0.48,0.3225806451612903,0.3225806451612903,False,False,True
CC1=C(C(=CC=C1)C)OCC(C)N,CN1CCCC1CC2=CNC3=C2C=C(C=C3)CCS(=O)(=O)C4=CC=CC=C4,0,unreported_twosides_sampled,0.07528016716241837,0.12835212555981515,0.12835212555981515,fitted,platt_logistic_regression,0.5557555001027313,0,0.383242116687201,0.527027027027027,0.017736486486486486,no_interaction,1,False,0.2727272727272727,0.4492753623188406,0.2727272727272727,False,False,True
CC1=C(C(C(=C(N1)C)C(=O)OCC(C)C)C2=CC=CC=C2[N+](=O)[O-])C(=O)OC,CC1=C(C=C(C=C1)NC(=O)C2=CC=C(C=C2)CN3CCN(CC3)C)NC4=NC=CC(=N4)C5=CN=CC=C5,0,unreported_twosides_sampled,0.9685137867927551,0.8870620241621173,0.8870620241621173,fitted,platt_logistic_regression,0.5557555001027313,1,0.3526141388361771,0.015202702702702704,0.5422297297297297,interaction,1,False,0.8043478260869565,0.29,0.29,False,False,True
CC1=CC2=C(C=C1C)N(C=N2)C3C(C(C(O3)CO)OP(=O)(O)OC(C)CNC(=O)CCC4(C(C5C6(C(C(C(=N6)C(=C7C(C(C(=N7)C=C8C(C(C(=N8)C(=C4[N-]5)C)CCC(=O)N)(C)C)CCC(=O)N)(C)CC(=O)N)C)CCC(=O)N)(C)CC(=O)N)C)CC(=O)N)C)O.[C-]#N.[Co+2],CN(C)C(=O)C(CC[NH+]1CCC(CC1)(C2=CC=C(C=C2)Cl)O)(C3=CC=CC=C3)C4=CC=CC=C4,1,reported_twosides,3.442321758484468e-05,0.0008071125975588585,0.0008071125975588585,fitted,platt_logistic_regression,0.5557555001027313,0,0.006555080949948416,0.964527027027027,0.0008445945945945946,no_interaction,1,False,0.8709677419354839,0.30434782608695654,0.30434782608695654,False,False,True
CC1CC2C3CCC(C3(CC(C2C4(C1=CC(=O)C=C4)C)O)C)(C(=O)CO)O,CCN(C)C(=O)OC1=CC=CC(=C1)C(C)N(C)C,0,unreported_twosides_sampled,0.999809205532074,0.9959459481628644,0.9959459481628644,fitted,platt_logistic_regression,0.5557555001027313,1,0.026375696415882905,0.0008445945945945946,0.9037162162162162,interaction,1,False,0.6949152542372882,0.32653061224489793,0.32653061224489793,False,False,True
CCC1=C2C(=CC=C1)C3=C(N2)C(OCC3)(CC)CC(=O)O,CNS(=O)(=O)CC1=CC2=C(C=C1)NC=C2CCN(C)C,1,reported_twosides,0.0008877355721779168,0.007083419876848338,0.007083419876848338,fitted,platt_logistic_regression,0.5557555001027313,0,0.0421211904552719,0.8699324324324325,0.0016891891891891893,no_interaction,1,False,0.2413793103448276,0.6538461538461539,0.2413793103448276,False,False,True
CCC1=C(CN(C1=O)C(=O)NCCC2=CC=C(C=C2)S(=O)(=O)NC(=O)NC3CCC(CC3)C)C,CCN(C1=CC=CC(=C1)C2=CC=NC3=C(C=NN23)C#N)C(=O)C,0,unreported_twosides_sampled,0.6782105565071106,0.5658104327703737,0.5658104327703737,fitted,platt_logistic_regression,0.5557555001027313,1,0.6844599692674813,0.10219594594594594,0.19679054054054054,no_interaction|interaction,2,True,0.48,0.21739130434782608,0.21739130434782608,False,False,True
B(C(CC(C)C)NC(=O)C(CC1=CC=CC=C1)NC(=O)C2=NC=CN=C2)(O)O,CC1CC2C3CCC(C3(CC(C2C4(C1=CC(=O)C=C4)C)O)C)(C(=O)CO)O,1,reported_twosides,0.9029137492179871,0.7789426480140503,0.7789426480140503,fitted,platt_logistic_regression,0.5557555001027313,1,0.5282429624655935,0.032939189189189186,0.3952702702702703,interaction,1,False,0.3088235294117647,0.6949152542372882,0.3088235294117647,False,False,True
CC1=CC2=C(C=C1C)N(C=N2)C3C(C(C(O3)CO)OP(=O)(O)OC(C)CNC(=O)CCC4(C(C5C6(C(C(C(=N6)C(=C7C(C(C(=N7)C=C8C(C(C(=N8)C(=C4[N-]5)C)CCC(=O)N)(C)C)CCC(=O)N)(C)CC(=O)N)C)CCC(=O)N)(C)CC(=O)N)C)CC(=O)N)C)O.[C-]#N.[Co+2],CNS(=O)(=O)CC1=CC2=C(C=C1)NC=C2CCN(C)C,1,reported_twosides,0.000981715158559382,0.007574258624781368,0.007574258624781368,fitted,platt_logistic_regression,0.5557555001027313,0,0.04453060460855249,0.8657094594594594,0.0016891891891891893,no_interaction,1,False,0.8709677419354839,0.6538461538461539,0.6538461538461539,False,False,False
CC(CC1=CC=CC=C1)N,CC1=C(C=NO1)C(=O)NC2=CC=C(C=C2)C(F)(F)F,0,unreported_twosides_sampled,0.040162526071071625,0.08614853746573281,0.08614853746573281,fitted,platt_logistic_regression,0.5557555001027313,0,0.2935351947392367,0.5945945945945946,0.010135135135135136,no_interaction,1,False,0.5384615384615384,0.2608695652173913,0.2608695652173913,False,False,True
CC1=C(C(=NO1)C2=CC=CC=C2)C3=CC=C(C=C3)S(=O)(=O)N,CNS(=O)(=O)CC1=CC2=C(C=C1)NC=C2CCN(C)C,1,reported_twosides,0.012116088531911373,0.03977460153394837,0.03977460153394837,fitted,platt_logistic_regression,0.5557555001027313,0,0.16722715656512616,0.7103040540540541,0.004222972972972973,no_interaction,1,False,0.30434782608695654,0.6538461538461539,0.30434782608695654,False,False,True
CC(C)NCC(COC1=CC=CC2=CC=CC=C21)O,CN(C)C(=O)C(CC[NH+]1CCC(CC1)(C2=CC=C(C=C2)Cl)O)(C3=CC=CC=C3)C4=CC=CC=C4,1,reported_twosides,0.08357739448547363,0.1371097986918739,0.1371097986918739,fitted,platt_logistic_regression,0.5557555001027313,0,0.39968203998615404,0.5076013513513513,0.019425675675675675,no_interaction,1,False,0.4489795918367347,0.30434782608695654,0.30434782608695654,False,False,True
CC1COC2=C3N1C=C(C(=O)C3=CC(=C2N4CCN(CC4)C)F)C(=O)O,CNS(=O)(=O)CC1=CC2=C(C=C1)NC=C2CCN(C)C,1,reported_twosides,0.026945365592837334,0.06671935928958782,0.06671935928958782,fitted,platt_logistic_regression,0.5557555001027313,0,0.24506906334156697,0.6351351351351351,0.007601351351351352,no_interaction,1,False,0.4507042253521127,0.6538461538461539,0.4507042253521127,False,False,False
CC(C)(C)NCC(C1=CC(=C(C=C1)O)CO)O,CC1=CC2=C(C=C1C)N(C=N2)C3C(C(C(O3)CO)OP(=O)(O)OC(C)CNC(=O)CCC4(C(C5C6(C(C(C(=N6)C(=C7C(C(C(=N7)C=C8C(C(C(=N8)C(=C4[N-]5)C)CCC(=O)N)(C)C)CCC(=O)N)(C)CC(=O)N)C)CCC(=O)N)(C)CC(=O)N)C)CC(=O)N)C)O.[C-]#N.[Co+2],1,reported_twosides,0.002180576091632247,0.012870981731273353,0.012870981731273353,fitted,platt_logistic_regression,0.5557555001027313,0,0.06881234456744209,0.8268581081081081,0.0016891891891891893,no_interaction,1,False,0.5227272727272727,0.8709677419354839,0.5227272727272727,False,False,False
CC(C)NCC(COC1=CC=C(C=C1)CCOC)O,CC(C)NCC(COC1=CC=C(C=C1)CCOCC2CC2)O,1,reported_twosides,0.6797910928726196,0.5670038147342661,0.5670038147342661,fitted,platt_logistic_regression,0.5557555001027313,1,0.6841410889791231,0.10219594594594594,0.19763513513513514,no_interaction|interaction,2,True,0.6222222222222222,0.5660377358490566,0.5660377358490566,False,False,False
CC1=C(C=NO1)C(=O)NC2=CC=C(C=C2)C(F)(F)F,CCC1C2(C(C(C(=O)C(CC(C(C(C(=O)C(C(=O)O1)C)C)OC3C(C(CC(O3)C)N(C)C)O)(C)OC)C)C)N(C(=O)O2)CCCCN4C=C(N=C4)C5=CN=CC=C5)C,0,unreported_twosides_sampled,0.4429929256439209,0.4041293409842442,0.4041293409842442,fitted,platt_logistic_regression,0.5557555001027313,0,0.6746504870875488,0.22804054054054054,0.08868243243243243,no_interaction,1,False,0.2608695652173913,0.44642857142857145,0.2608695652173913,False,False,True
CC1=CC(=C(C=C1)O)C(CCN(C(C)C)C(C)C)C2=CC=CC=C2,CN1CCCC1CC2=CNC3=C2C=C(C=C3)CCS(=O)(=O)C4=CC=CC=C4,1,reported_twosides,0.029688501730561256,0.07100493015106696,0.07100493015106696,fitted,platt_logistic_regression,0.5557555001027313,0,0.25623066670264427,0.625,0.007601351351351352,no_interaction,1,False,0.2833333333333333,0.4492753623188406,0.2833333333333333,False,False,True
C1=C(C(=O)NC(=O)N1)F,CC1=C(C=NO1)C(=O)NC2=CC=C(C=C2)C(F)(F)F,0,unreported_twosides_sampled,0.12788572907447815,0.1792757660181616,0.1792757660181616,fitted,platt_logistic_regression,0.5557555001027313,0,0.4702935177542651,0.4501689189189189,0.02787162162162162,no_interaction,1,False,0.1891891891891892,0.2608695652173913,0.1891891891891892,False,False,True
CC1=CC(=C(C=C1)O)C(CCN(C(C)C)C(C)C)C2=CC=CC=C2,COC1=C(C=C(C=C1)C2=CC3=C(C=C2)C=C(C=C3)C(=O)O)C45CC6CC(C4)CC(C6)C5,0,unreported_twosides_sampled,0.3536545932292938,0.34549572923998506,0.34549572923998506,fitted,platt_logistic_regression,0.5557555001027313,0,0.6446136396033528,0.27533783783783783,0.06503378378378379,no_interaction,1,False,0.2833333333333333,0.288135593220339,0.2833333333333333,False,False,True
CC(C)NCC(COC1=CC=C(C=C1)CCOC)O,CCC1=C(CN(C1=O)C(=O)NCCC2=CC=C(C=C2)S(=O)(=O)NC(=O)NC3CCC(CC3)C)C,1,reported_twosides,0.01822087913751602,0.051839902642446076,0.051839902642446076,fitted,platt_logistic_regression,0.5557555001027313,0,0.2038974968883886,0.6697635135135135,0.0059121621621621625,no_interaction,1,False,0.6222222222222222,0.48,0.48,False,False,False
CC1COC2=C3N1C=C(C(=O)C3=CC(=C2N4CCN(CC4)C)F)C(=O)O,CCC1C2(C(C(C(=O)C(CC(C(C(C(=O)C(C(=O)O1)C)C)OC3C(C(CC(O3)C)N(C)C)O)(C)OC)C)C)N(C(=O)O2)CCCCN4C=C(N=C4)C5=CN=CC=C5)C,1,reported_twosides,0.8970087766647339,0.7712800555293691,0.7712800555293691,fitted,platt_logistic_regression,0.5557555001027313,1,0.5377250039826343,0.03547297297297297,0.3885135135135135,interaction,1,False,0.4507042253521127,0.44642857142857145,0.44642857142857145,False,False,False
CN(C)C(=O)C(CC[NH+]1CCC(CC1)(C2=CC=C(C=C2)Cl)O)(C3=CC=CC=C3)C4=CC=CC=C4,COC1=C(C=C(C=C1)C2=CC3=C(C=C2)C=C(C=C3)C(=O)O)C45CC6CC(C4)CC(C6)C5,1,reported_twosides,0.08417931199073792,0.13773199097736874,0.13773199097736874,fitted,platt_logistic_regression,0.5557555001027313,0,0.40082493208616143,0.5076013513513513,0.019425675675675675,no_interaction,1,False,0.30434782608695654,0.288135593220339,0.288135593220339,False,False,True
CC(C)(C)NCC(C1=CC(=C(C=C1)O)CO)O,CN(C)C(=O)C(CC[NH+]1CCC(CC1)(C2=CC=C(C=C2)Cl)O)(C3=CC=CC=C3)C4=CC=CC=C4,1,reported_twosides,0.025356825441122055,0.0641626012744151,0.0641626012744151,fitted,platt_logistic_regression,0.5557555001027313,0,0.23827067086447534,0.6402027027027027,0.007601351351351352,no_interaction,1,False,0.5227272727272727,0.30434782608695654,0.30434782608695654,False,False,True
CC(C)NCC(COC1=CC=C(C=C1)CCOC)O,CCOC(=O)C1=C2CN(C(=O)C3=C(N2C=N1)C=CC(=C3)F)C,1,reported_twosides,0.08838192373514175,0.1420303013644772,0.1420303013644772,fitted,platt_logistic_regression,0.5557555001027313,0,0.4086320210730014,0.5008445945945946,0.02027027027027027,no_interaction,1,False,0.6222222222222222,0.24050632911392406,0.24050632911392406,False,False,True
CC1=C(C(C(=C(N1)C)C(=O)OCC(C)C)C2=CC=CC=C2[N+](=O)[O-])C(=O)OC,COC(=O)C(C1CCCCN1)C2=CC=CC=C2,0,unreported_twosides_sampled,0.9783754944801331,0.9104902374904343,0.9104902374904343,fitted,platt_logistic_regression,0.5557555001027313,1,0.30140212287564166,0.010135135135135136,0.5861486486486487,interaction,1,False,0.8043478260869565,0.3225806451612903,0.3225806451612903,False,False,True
C1=CC=C(C=C1)C2(C(=O)NC(=O)N2)C3=CC=CC=C3,CCC1=C(CN(C1=O)C(=O)NCCC2=CC=C(C=C2)S(=O)(=O)NC(=O)NC3CCC(CC3)C)C,1,reported_twosides,0.01757977344095707,0.05065170092095523,0.05065170092095523,fitted,platt_logistic_regression,0.5557555001027313,0,0.20042968454763926,0.6722972972972973,0.0059121621621621625,no_interaction,1,False,0.4,0.48,0.4,False,False,False
C1=CC(=CN=C1)C(=O)[O-],CC1=C(C2=C(N1C(=O)C3=CC=C(C=C3)Cl)C=CC(=C2)OC)CC(=O)O,1,reported_twosides,0.2199765294790268,0.2529327535502831,0.2529327535502831,fitted,platt_logistic_regression,0.5557555001027313,0,0.5655342269786232,0.36908783783783783,0.041385135135135136,no_interaction,1,False,0.30303030303030304,0.3064516129032258,0.30303030303030304,False,False,True
CC(C)NCC(COC1=CC=C(C=C1)CCOC)O,CCC1(CC2CC(C3=C(CCN(C2)C1)C4=CC=CC=C4N3)(C5=C(C=C6C(=C5)C78CCN9C7C(C=CC9)(C(C(C8N6C=O)(C(=O)OC)O)OC(=O)C)CC)OC)C(=O)OC)O,1,reported_twosides,0.032700520008802414,0.07554202293913387,0.07554202293913387,fitted,platt_logistic_regression,0.5557555001027313,0,0.2677440778192224,0.6165540540540541,0.008445945945945946,no_interaction,1,False,0.6222222222222222,0.89,0.6222222222222222,False,False,False
C1=CC(=CN=C1)C(=O)[O-],C1=CC=C(C=C1)C2=C(OC(=N2)CCC(=O)O)C3=CC=CC=C3,1,reported_twosides,0.7547380328178406,0.6267732379177595,0.6267732379177595,fitted,platt_logistic_regression,0.5557555001027313,1,0.6606507105491108,0.07601351351351351,0.25422297297297297,interaction,1,False,0.30303030303030304,0.23529411764705882,0.23529411764705882,False,False,True
CC(C)NCC(COC1=CC=CC2=CC=CC=C21)O,CCC(=O)N(C1CCN(CC1)CCC2=CC=CC=C2)C3=CC=CC=C3,1,reported_twosides,0.21031507849693298,0.24575590449235754,0.24575590449235754,fitted,platt_logistic_regression,0.5557555001027313,0,0.5576243131976701,0.37584459459459457,0.04054054054054054,no_interaction,1,False,0.4489795918367347,0.421875,0.421875,False,False,False
CC(C=CC(C1CC1)O)C2CCC3C2(CCCC3=CC=C4CC(CC(C4=C)O)O)C,CC1=C(C=NO1)C(=O)NC2=CC=C(C=C2)C(F)(F)F,0,unreported_twosides_sampled,0.6247571706771851,0.5266717968322683,0.5266717968322683,fitted,platt_logistic_regression,0.5557555001027313,0,0.6917237355405529,0.12753378378378377,0.17060810810810811,no_interaction|interaction,2,True,0.6323529411764706,0.2608695652173913,0.2608695652173913,False,False,True
CC(C=CC(C1CC1)O)C2CCC3C2(CCCC3=CC=C4CC(CC(C4=C)O)O)C,CC1CC2C3CCC(C3(CC(C2C4(C1=CC(=O)C=C4)C)O)C)(C(=O)CO)O,0,unreported_twosides_sampled,0.7923194766044617,0.6598028799282951,0.6598028799282951,fitted,platt_logistic_regression,0.5557555001027313,1,0.6411661399147026,0.0633445945945946,0.2795608108108108,interaction,1,False,0.6323529411764706,0.6949152542372882,0.6323529411764706,False,False,False
CC(C)NCC(COC1=CC=C(C=C1)CCOCC2CC2)O,CC(C)NCC(COC1=CC=CC2=CC=CC=C21)O,0,unreported_twosides_sampled,0.7632564306259155,0.6340443745908017,0.6340443745908017,fitted,platt_logistic_regression,0.5557555001027313,1,0.6567680575076452,0.07432432432432433,0.25844594594594594,interaction,1,False,0.5660377358490566,0.4489795918367347,0.4489795918367347,False,False,False
CC(=O)NCCCS(=O)(=O)O,CC1COC2=C3N1C=C(C(=O)C3=CC(=C2N4CCN(CC4)C)F)C(=O)O,1,reported_twosides,0.6007943749427795,0.5097736592698422,0.5097736592698422,fitted,platt_logistic_regression,0.5557555001027313,0,0.6929561195604875,0.13935810810810811,0.15287162162162163,no_interaction|interaction,2,True,0.3333333333333333,0.4507042253521127,0.3333333333333333,False,False,True
CC(CC1=CC=CC=C1)N,CNS(=O)(=O)CC1=CC2=C(C=C1)NC=C2CCN(C)C,0,unreported_twosides_sampled,0.012750127352774143,0.041117702854875676,0.041117702854875676,fitted,platt_logistic_regression,0.5557555001027313,0,0.17148014436804626,0.7035472972972973,0.004222972972972973,no_interaction,1,False,0.5384615384615384,0.6538461538461539,0.5384615384615384,False,False,False
CC1=C(C2=C(N1C(=O)C3=CC=C(C=C3)Cl)C=CC(=C2)OC)CC(=O)O,CC1=CC(=C(C=C1)O)C(CCN(C(C)C)C(C)C)C2=CC=CC=C2,1,reported_twosides,0.29890087246894836,0.3087215052733511,0.3087215052733511,fitted,platt_logistic_regression,0.5557555001027313,0,0.6180738923942015,0.31334459459459457,0.05489864864864865,no_interaction,1,False,0.3064516129032258,0.2833333333333333,0.2833333333333333,False,False,True
C1=CC=C(C=C1)C2=C(OC(=N2)CCC(=O)O)C3=CC=CC=C3,CC1=C(C(=NO1)C2=CC=CC=C2)C3=CC=C(C=C3)S(=O)(=O)N,1,reported_twosides,0.12256443500518799,0.17453558800745592,0.17453558800745592,fitted,platt_logistic_regression,0.5557555001027313,0,0.4630055763256422,0.4560810810810811,0.02787162162162162,no_interaction,1,False,0.23529411764705882,0.30434782608695654,0.23529411764705882,False,False,True
CC1=C(C=C(C=C1)NC(=O)C2=CC=C(C=C2)CN3CCN(CC3)C)NC4=NC=CC(=N4)C5=CN=CC=C5,CN(C)C(=O)C(CC[NH+]1CCC(CC1)(C2=CC=C(C=C2)Cl)O)(C3=CC=CC=C3)C4=CC=CC=C4,1,reported_twosides,0.007341304328292608,0.02866760123544872,0.02866760123544872,fitted,platt_logistic_regression,0.5557555001027313,0,0.13007966776524318,0.7525337837837838,0.002533783783783784,no_interaction,1,False,0.29,0.30434782608695654,0.29,False,False,True
CC(C)NCC(COC1=CC=CC2=CC=CC=C21)O,CC1=C(C(=CC=C1)C)OCC(C)N,1,reported_twosides,0.6184901595115662,0.5222188017652523,0.5222188017652523,fitted,platt_logistic_regression,0.5557555001027313,0,0.6921595050456912,0.13175675675675674,0.16300675675675674,no_interaction|interaction,2,True,0.4489795918367347,0.2727272727272727,0.2727272727272727,False,False,True
CC1=C(C(=CC=C1)NC2=CC=CC=C2C(=O)O)C,CN(C)C(=O)C(CC[NH+]1CCC(CC1)(C2=CC=C(C=C2)Cl)O)(C3=CC=CC=C3)C4=CC=CC=C4,0,unreported_twosides_sampled,0.022171715274453163,0.05884754254981857,0.05884754254981857,fitted,platt_logistic_regression,0.5557555001027313,0,0.22378464941455478,0.6570945945945946,0.006756756756756757,no_interaction,1,False,0.358974358974359,0.30434782608695654,0.30434782608695654,False,False,True
CC1COC2=C3N1C=C(C(=O)C3=CC(=C2N4CCN(CC4)C)F)C(=O)O,CCC1(CC2CC(C3=C(CCN(C2)C1)C4=CC=CC=C4N3)(C5=C(C=C6C(=C5)C78CCN9C7C(C=CC9)(C(C(C8N6C=O)(C(=O)OC)O)OC(=O)C)CC)OC)C(=O)OC)O,1,reported_twosides,0.1899416595697403,0.23028152684924258,0.23028152684924258,fitted,platt_logistic_regression,0.5557555001027313,0,0.5396162898432958,0.3885135135135135,0.03547297297297297,no_interaction,1,False,0.4507042253521127,0.89,0.4507042253521127,False,False,False
C1=CN=CC=C1C(=O)NN,CC1=C(C(=CC=C1)C)OCC(C)N,0,unreported_twosides_sampled,0.4322172999382019,0.3970840942709558,0.3970840942709558,fitted,platt_logistic_regression,0.5557555001027313,0,0.6718116409531003,0.23564189189189189,0.08699324324324324,no_interaction,1,False,0.3,0.2727272727272727,0.2727272727272727,False,False,True
CC(C)NCC(COC1=CC=CC2=CC=CC=C21)O,CC1=C(C(C(=C(N1)C)C(=O)OCC(C)C)C2=CC=CC=C2[N+](=O)[O-])C(=O)OC,1,reported_twosides,0.9982249140739441,0.9821602149966518,0.9821602149966518,fitted,platt_logistic_regression,0.5557555001027313,1,0.08950845937162498,0.0016891891891891893,0.7989864864864865,interaction,1,False,0.4489795918367347,0.8043478260869565,0.4489795918367347,False,False,False
B(C(CC(C)C)NC(=O)C(CC1=CC=CC=C1)NC(=O)C2=NC=CN=C2)(O)O,CCC1C2(C(C(C(=O)C(CC(C(C(C(=O)C(C(=O)O1)C)C)OC3C(C(CC(O3)C)N(C)C)O)(C)OC)C)C)N(C(=O)O2)CCCCN4C=C(N=C4)C5=CN=CC=C5)C,0,unreported_twosides_sampled,0.7969218492507935,0.6640319040361903,0.6640319040361903,fitted,platt_logistic_regression,0.5557555001027313,1,0.6383248475970611,0.060810810810810814,0.2846283783783784,interaction,1,False,0.3088235294117647,0.44642857142857145,0.3088235294117647,False,False,True
CC1CC2C3CCC(C3(CC(C2C4(C1=CC(=O)C=C4)C)O)C)(C(=O)CO)O,CCCCN1CCCCC1C(=O)NC2=C(C=CC=C2C)C,1,reported_twosides,0.2049957662820816,0.24176226757050148,0.24176226757050148,fitted,platt_logistic_regression,0.5557555001027313,0,0.553102758881235,0.3783783783783784,0.04054054054054054,no_interaction,1,False,0.6949152542372882,0.8604651162790697,0.6949152542372882,False,False,False
CC(=O)OCC1=C(N2C(C(C2=O)NC(=O)C(=NOC)C3=CSC(=N3)N)SC1)C(=O)[O-],CCC1=C2C(=CC=C1)C3=C(N2)C(OCC3)(CC)CC(=O)O,0,unreported_twosides_sampled,0.9081128239631653,0.7858759913893391,0.7858759913893391,fitted,platt_logistic_regression,0.5557555001027313,1,0.519369660030479,0.03209459459459459,0.4028716216216216,interaction,1,False,0.7638888888888888,0.2413793103448276,0.2413793103448276,False,False,True
CC1=C(C(=CC=C1)NC2=CC=CC=C2C(=O)O)C,CCCCN1CCCCC1C(=O)NC2=C(C=CC=C2C)C,0,unreported_twosides_sampled,0.054915137588977814,0.10512135583892873,0.10512135583892873,fitted,platt_logistic_regression,0.5557555001027313,0,0.3361921850107588,0.5557432432432432,0.013513513513513514,no_interaction,1,False,0.358974358974359,0.8604651162790697,0.358974358974359,False,False,True
C1=CC=C(C=C1)C2=C(OC(=N2)CCC(=O)O)C3=CC=CC=C3,COC(=O)C(C1CCCCN1)C2=CC=CC=C2,0,unreported_twosides_sampled,0.8458715677261353,0.7121963334230443,0.7121963334230443,fitted,platt_logistic_regression,0.5557555001027313,1,0.6001733889704524,0.0472972972972973,0.33361486486486486,interaction,1,False,0.23529411764705882,0.3225806451612903,0.23529411764705882,False,False,True
CC1=C(C(=CC=C1)NC2=CC=CC=C2C(=O)O)C,CCC1=C(CN(C1=O)C(=O)NCCC2=CC=C(C=C2)S(=O)(=O)NC(=O)NC3CCC(CC3)C)C,0,unreported_twosides_sampled,0.16706536710262299,0.2122562587299148,0.2122562587299148,fitted,platt_logistic_regression,0.5557555001027313,0,0.5169307425692828,0.4045608108108108,0.03209459459459459,no_interaction,1,False,0.358974358974359,0.48,0.358974358974359,False,False,True
CC1=C(C=NO1)C(=O)NC2=CC=C(C=C2)C(F)(F)F,CCCCN1CCCCC1C(=O)NC2=C(C=CC=C2C)C,0,unreported_twosides_sampled,0.009606399573385715,0.034185426174110814,0.034185426174110814,fitted,platt_logistic_regression,0.5557555001027313,0,0.1490028197177477,0.731418918918919,0.0033783783783783786,no_interaction,1,False,0.2608695652173913,0.8604651162790697,0.2608695652173913,False,False,True
CCCCN1CCCCC1C(=O)NC2=C(C=CC=C2C)C,COC(=O)C(C1CCCCN1)C2=CC=CC=C2,0,unreported_twosides_sampled,0.008667373098433018,0.03196161126075071,0.03196161126075071,fitted,platt_logistic_regression,0.5557555001027313,0,0.1414961595519232,0.7390202702702703,0.002533783783783784,no_interaction,1,False,0.8604651162790697,0.3225806451612903,0.3225806451612903,False,False,True
CC(CC1=CC=CC=C1)N,CC1=CC(=C(C=C1)O)C(CCN(C(C)C)C(C)C)C2=CC=CC=C2,1,reported_twosides,0.39211305975914,0.3708395564953136,0.3708395564953136,fitted,platt_logistic_regression,0.5557555001027313,0,0.6594009953211977,0.25422297297297297,0.07516891891891891,no_interaction,1,False,0.5384615384615384,0.2833333333333333,0.2833333333333333,False,False,True
CC1=C(C(=CC=C1)C)OCC(C)N,CN(C)C(=O)C(CC[NH+]1CCC(CC1)(C2=CC=C(C=C2)Cl)O)(C3=CC=CC=C3)C4=CC=CC=C4,0,unreported_twosides_sampled,0.19034849107265472,0.23059547551294637,0.23059547551294637,fitted,platt_logistic_regression,0.5557555001027313,0,0.5399948607330686,0.3885135135135135,0.03547297297297297,no_interaction,1,False,0.2727272727272727,0.30434782608695654,0.2727272727272727,False,False,True
CC(CC1=CC=CC=C1)N,CCC(C)CC(C)CCCCCCCCC(=O)NC1CC(C(NC(=O)C2CCCN2C(=O)C(NC(=O)C(NC(=O)C3CC(CN3C(=O)C(NC1=O)C(C)O)O)C(C(C4=CC=C(C=C4)O)O)O)C(CCN)O)NCCN)O,0,unreported_twosides_sampled,0.0027988289948552847,0.015184999021774725,0.015184999021774725,fitted,platt_logistic_regression,0.5557555001027313,0,0.07865550120007597,0.8133445945945946,0.0016891891891891893,no_interaction,1,False,0.5384615384615384,0.24489795918367346,0.24489795918367346,False,False,True
CC1=C(C=C(C=C1)NC(=O)C2=CC=C(C=C2)CN3CCN(CC3)C)NC4=NC=CC(=N4)C5=CN=CC=C5,CCC1=C(CN(C1=O)C(=O)NCCC2=CC=C(C=C2)S(=O)(=O)NC(=O)NC3CCC(CC3)C)C,1,reported_twosides,0.08034861087799072,0.13374285305588646,0.13374285305588646,fitted,platt_logistic_regression,0.5557555001027313,0,0.3934402821106416,0.5160472972972973,0.018581081081081082,no_interaction,1,False,0.29,0.48,0.29,False,False,True
CC(C)(C)NCC(C1=CC(=C(C=C1)O)CO)O,CCN(C1=CC=CC(=C1)C2=CC=NC3=C(C=NN23)C#N)C(=O)C,1,reported_twosides,0.6159918308258057,0.5204504990454777,0.5204504990454777,fitted,platt_logistic_regression,0.5557555001027313,0,0.6923105013674593,0.13682432432432431,0.16216216216216217,no_interaction|interaction,2,True,0.5227272727272727,0.21739130434782608,0.21739130434782608,False,False,True
CC1=C(C=NO1)C(=O)NC2=CC=C(C=C2)C(F)(F)F,CNS(=O)(=O)CC1=CC2=C(C=C1)NC=C2CCN(C)C,1,reported_twosides,0.018900016322731972,0.05308185366084285,0.05308185366084285,fitted,platt_logistic_regression,0.5557555001027313,0,0.20749148429570918,0.6663851351351351,0.0059121621621621625,no_interaction,1,False,0.2608695652173913,0.6538461538461539,0.2608695652173913,False,False,True
C1=CC=C(C=C1)C2=C(OC(=N2)CCC(=O)O)C3=CC=CC=C3,CC1=C(C(C(=C(N1)C)C(=O)OCC(C)C)C2=CC=CC=C2[N+](=O)[O-])C(=O)OC,0,unreported_twosides_sampled,0.9015563130378723,0.7771618348592155,0.7771618348592155,fitted,platt_logistic_regression,0.5557555001027313,1,0.5304767327513369,0.032939189189189186,0.3935810810810811,interaction,1,False,0.23529411764705882,0.8043478260869565,0.23529411764705882,False,False,True
C1=CC(=CN=C1)C(=O)[O-],CC(C=CC(C1CC1)O)C2CCC3C2(CCCC3=CC=C4CC(CC(C4=C)O)O)C,0,unreported_twosides_sampled,0.46315300464630127,0.4173251033017295,0.4173251033017295,fitted,platt_logistic_regression,0.5557555001027313,0,0.6794139199214763,0.21621621621621623,0.09543918918918919,no_interaction,1,False,0.30303030303030304,0.6323529411764706,0.30303030303030304,False,False,True
B(C(CC(C)C)NC(=O)C(CC1=CC=CC=C1)NC(=O)C2=NC=CN=C2)(O)O,CC1(OC2COC3(C(C2O1)OC(O3)(C)C)COS(=O)(=O)N)C,0,unreported_twosides_sampled,0.06935861706733704,0.12187596148229934,0.12187596148229934,fitted,platt_logistic_regression,0.5557555001027313,0,0.3706461248872438,0.5346283783783784,0.015202702702702704,no_interaction,1,False,0.3088235294117647,0.1839080459770115,0.1839080459770115,False,False,True
CC1=CC(=C(C=C1)O)C(CCN(C(C)C)C(C)C)C2=CC=CC=C2,CC1CC2C3CCC(C3(CC(C2C4(C1=CC(=O)C=C4)C)O)C)(C(=O)CO)O,1,reported_twosides,0.7835754752159119,0.6518870252321438,0.6518870252321438,fitted,platt_logistic_regression,0.5557555001027313,1,0.646270663833465,0.06672297297297297,0.2719594594594595,interaction,1,False,0.2833333333333333,0.6949152542372882,0.2833333333333333,False,False,True
C1CCN(CC1)C2=NC(=NC3=C2N=C(N=C3N4CCCCC4)N(CCO)CCO)N(CCO)CCO,CCN(C1=CC=CC(=C1)C2=CC=NC3=C(C=NN23)C#N)C(=O)C,0,unreported_twosides_sampled,0.8795776963233948,0.7498150875091546,0.7498150875091546,fitted,platt_logistic_regression,0.5557555001027313,1,0.5625382005882151,0.041385135135135136,0.3716216216216216,interaction,1,False,0.30434782608695654,0.21739130434782608,0.21739130434782608,False,False,True
C1=CC(=CN=C1)C(=O)[O-],C1C(C(OC1N2C=NC3=C2NC=NCC3O)CO)O,0,unreported_twosides_sampled,0.7688912153244019,0.6389195415799144,0.6389195415799144,fitted,platt_logistic_regression,0.5557555001027313,1,0.6540373195353473,0.07347972972972973,0.2635135135135135,interaction,1,False,0.30303030303030304,0.4406779661016949,0.30303030303030304,False,False,True
CC1=C(C=C(C=C1)NC(=O)C2=CC=C(C=C2)CN3CCN(CC3)C)NC4=NC=CC(=N4)C5=CN=CC=C5,CC1=CC2=C(C=C1C)N(C=N2)C3C(C(C(O3)CO)OP(=O)(O)OC(C)CNC(=O)CCC4(C(C5C6(C(C(C(=N6)C(=C7C(C(C(=N7)C=C8C(C(C(=N8)C(=C4[N-]5)C)CCC(=O)N)(C)C)CCC(=O)N)(C)CC(=O)N)C)CCC(=O)N)(C)CC(=O)N)C)CC(=O)N)C)O.[C-]#N.[Co+2],0,unreported_twosides_sampled,0.0024422132410109043,0.013874688324285548,0.013874688324285548,fitted,platt_logistic_regression,0.5557555001027313,0,0.07312958933055161,0.8192567567567568,0.0016891891891891893,no_interaction,1,False,0.29,0.8709677419354839,0.29,False,False,True
CC(C)NCC(COC1=CC=C(C=C1)CCOC)O,CC1(OC2COC3(C(C2O1)OC(O3)(C)C)COS(=O)(=O)N)C,1,reported_twosides,0.1636778712272644,0.2095193478543948,0.2095193478543948,fitted,platt_logistic_regression,0.5557555001027313,0,0.5133191457010075,0.40709459459459457,0.03125,no_interaction,1,False,0.6222222222222222,0.1839080459770115,0.1839080459770115,False,False,True
CN(C)C(=O)C(CC[NH+]1CCC(CC1)(C2=CC=C(C=C2)Cl)O)(C3=CC=CC=C3)C4=CC=CC=C4,CN(CCCNC(=O)C1CCCO1)C2=NC3=CC(=C(C=C3C(=N2)N)OC)OC,1,reported_twosides,0.01102265901863575,0.03739668481217595,0.03739668481217595,fitted,platt_logistic_regression,0.5557555001027313,0,0.15958052958057006,0.7238175675675675,0.004222972972972973,no_interaction,1,False,0.30434782608695654,0.5138888888888888,0.30434782608695654,False,False,True
CC(C=CC(C1CC1)O)C2CCC3C2(CCCC3=CC=C4CC(CC(C4=C)O)O)C,CC1=C(C(=NO1)C2=CC=CC=C2)C3=CC=C(C=C3)S(=O)(=O)N,0,unreported_twosides_sampled,0.6464070677757263,0.5422585085148576,0.5422585085148576,fitted,platt_logistic_regression,0.5557555001027313,0,0.6895713532594039,0.11570945945945946,0.18074324324324326,no_interaction|interaction,2,True,0.6323529411764706,0.30434782608695654,0.30434782608695654,False,False,True
B(C(CC(C)C)NC(=O)C(CC1=CC=CC=C1)NC(=O)C2=NC=CN=C2)(O)O,C1=CC=C(C=C1)C2(C(=O)NC(=O)N2)C3=CC=CC=C3,0,unreported_twosides_sampled,0.09846422076225281,0.15204021522825656,0.15204021522825656,fitted,platt_logistic_regression,0.5557555001027313,0,0.4262317843708937,0.48817567567567566,0.021114864864864864,no_interaction,1,False,0.3088235294117647,0.4,0.3088235294117647,False,False,True
CC(C)NCC(COC1=CC=C(C=C1)CCOC)O,CC1CC2C3CCC(C3(CC(C2C4(C1=CC(=O)C=C4)C)O)C)(C(=O)CO)O,1,reported_twosides,0.8500005602836609,0.7165747975818794,0.7165747975818794,fitted,platt_logistic_regression,0.5557555001027313,1,0.596159264340235,0.044763513513513514,0.33530405405405406,interaction,1,False,0.6222222222222222,0.6949152542372882,0.6222222222222222,False,False,False
CC(C)(C)NCC(C1=CC(=C(C=C1)O)CO)O,CC1=CC(=C(C=C1)O)C(CCN(C(C)C)C(C)C)C2=CC=CC=C2,1,reported_twosides,0.40683940052986145,0.3804878279445288,0.3804878279445288,fitted,platt_logistic_regression,0.5557555001027313,0,0.6643024369095012,0.24746621621621623,0.07939189189189189,no_interaction,1,False,0.5227272727272727,0.2833333333333333,0.2833333333333333,False,False,True
CC1CC2C3CCC(C3(CC(C2C4(C1=CC(=O)C=C4)C)O)C)(C(=O)CO)O,CCC1=C(CN(C1=O)C(=O)NCCC2=CC=C(C=C2)S(=O)(=O)NC(=O)NC3CCC(CC3)C)C,0,unreported_twosides_sampled,0.8774681687355042,0.7473220216858881,0.7473220216858881,fitted,platt_logistic_regression,0.5557555001027313,1,0.565258125563493,0.041385135135135136,0.37077702702702703,interaction,1,False,0.6949152542372882,0.48,0.48,False,False,False
CCC1(CC2CC(C3=C(CCN(C2)C1)C4=CC=CC=C4N3)(C5=C(C=C6C(=C5)C78CCN9C7C(C=CC9)(C(C(C8N6C=O)(C(=O)OC)O)OC(=O)C)CC)OC)C(=O)OC)O,CN(C)C(=O)C(CC[NH+]1CCC(CC1)(C2=CC=C(C=C2)Cl)O)(C3=CC=CC=C3)C4=CC=CC=C4,1,reported_twosides,0.024863071739673615,0.06335576512141074,0.06335576512141074,fitted,platt_logistic_regression,0.5557555001027313,0,0.23610289080492672,0.6444256756756757,0.007601351351351352,no_interaction,1,False,0.89,0.30434782608695654,0.30434782608695654,False,False,True
C1=CC(=CN=C1)C(=O)[O-],CC(C)NCC(COC1=CC=C(C=C1)CCOCC2CC2)O,1,reported_twosides,0.4916645884513855,0.43606088991358616,0.43606088991358616,fitted,platt_logistic_regression,0.5557555001027313,0,0.6849483292933879,0.19679054054054054,0.10304054054054054,no_interaction|interaction,2,True,0.30303030303030304,0.5660377358490566,0.30303030303030304,False,False,True
C1=CC(=CN=C1)C(=O)[O-],CC1=C(C(C(=C(N1)C)C(=O)OCC(C)C)C2=CC=CC=C2[N+](=O)[O-])C(=O)OC,0,unreported_twosides_sampled,0.9499678015708923,0.8504056991828449,0.8504056991828449,fitted,platt_logistic_regression,0.5557555001027313,1,0.4220047156372151,0.021114864864864864,0.48986486486486486,interaction,1,False,0.30303030303030304,0.8043478260869565,0.30303030303030304,False,False,True
CC1=C(C2=C(N1C(=O)C3=CC=C(C=C3)Cl)C=CC(=C2)OC)CC(=O)O,CN(C)C(=O)C(CC[NH+]1CCC(CC1)(C2=CC=C(C=C2)Cl)O)(C3=CC=CC=C3)C4=CC=CC=C4,1,reported_twosides,0.011687868274748325,0.03885300729935024,0.03885300729935024,fitted,platt_logistic_regression,0.5557555001027313,0,0.16428165387570812,0.7153716216216216,0.004222972972972973,no_interaction,1,False,0.3064516129032258,0.30434782608695654,0.30434782608695654,False,False,True
C1=CC=NC(=C1)NS(=O)(=O)C2=CC=C(C=C2)NN=C3C=CC(=O)C(=C3)C(=O)O,CC(C)(C)NCC(C1=CC(=C(C=C1)O)CO)O,1,reported_twosides,0.015222671441733837,0.04613817660159389,0.04613817660159389,fitted,platt_logistic_regression,0.5557555001027313,0,0.18698336938604687,0.6824324324324325,0.004222972972972973,no_interaction,1,False,0.47619047619047616,0.5227272727272727,0.47619047619047616,False,False,False
CC(CC1=CC=CC=C1)N,CC1=CC2=C(C=C1C)N(C=N2)C3C(C(C(O3)CO)OP(=O)(O)OC(C)CNC(=O)CCC4(C(C5C6(C(C(C(=N6)C(=C7C(C(C(=N7)C=C8C(C(C(=N8)C(=C4[N-]5)C)CCC(=O)N)(C)C)CCC(=O)N)(C)CC(=O)N)C)CCC(=O)N)(C)CC(=O)N)C)CC(=O)N)C)O.[C-]#N.[Co+2],0,unreported_twosides_sampled,0.000388362561352551,0.004081433000020566,0.004081433000020566,fitted,platt_logistic_regression,0.5557555001027313,0,0.026526309047998225,0.9037162162162162,0.0008445945945945946,no_interaction,1,False,0.5384615384615384,0.8709677419354839,0.5384615384615384,False,False,False
CC1=C(C2=C(N1C(=O)C3=CC=C(C=C3)Cl)C=CC(=C2)OC)CC(=O)O,CCC(C)CC(C)CCCCCCCCC(=O)NC1CC(C(NC(=O)C2CCCN2C(=O)C(NC(=O)C(NC(=O)C3CC(CN3C(=O)C(NC1=O)C(C)O)O)C(C(C4=CC=C(C=C4)O)O)O)C(CCN)O)NCCN)O,0,unreported_twosides_sampled,0.04316951707005501,0.09020690115477621,0.09020690115477621,fitted,platt_logistic_regression,0.5557555001027313,0,0.3030162556726902,0.5861486486486487,0.010135135135135136,no_interaction,1,False,0.3064516129032258,0.24489795918367346,0.24489795918367346,False,False,True
CCC1=C2C(=CC=C1)C3=C(N2)C(OCC3)(CC)CC(=O)O,COC(=O)C(C1CCCCN1)C2=CC=CC=C2,1,reported_twosides,0.6819565892219543,0.5686426742074762,0.5686426742074762,fitted,platt_logistic_regression,0.5557555001027313,1,0.683693720048935,0.10219594594594594,0.19847972972972974,no_interaction|interaction,2,True,0.2413793103448276,0.3225806451612903,0.2413793103448276,False,False,True
CC1=C(C(=NO1)C2=CC=CC=C2)C3=CC=C(C=C3)S(=O)(=O)N,CCN(C)C(=O)OC1=CC=CC(=C1)C(C)N(C)C,1,reported_twosides,0.47725021839141846,0.4265746006785204,0.4265746006785204,fitted,platt_logistic_regression,0.5557555001027313,0,0.6823255091474387,0.20270270270270271,0.09797297297297297,no_interaction,1,False,0.30434782608695654,0.32653061224489793,0.30434782608695654,False,False,True
B(C(CC(C)C)NC(=O)C(CC1=CC=CC=C1)NC(=O)C2=NC=CN=C2)(O)O,CCC(C)CC(C)CCCCCCCCC(=O)NC1CC(C(NC(=O)C2CCCN2C(=O)C(NC(=O)C(NC(=O)C3CC(CN3C(=O)C(NC1=O)C(C)O)O)C(C(C4=CC=C(C=C4)O)O)O)C(CCN)O)NCCN)O,0,unreported_twosides_sampled,0.0015798549866303802,0.010393038210218785,0.010393038210218785,fitted,platt_logistic_regression,0.5557555001027313,0,0.05779988930536846,0.839527027027027,0.0016891891891891893,no_interaction,1,False,0.3088235294117647,0.24489795918367346,0.24489795918367346,False,False,True
CC(=O)OCC1=C(N2C(C(C2=O)NC(=O)C(=NOC)C3=CSC(=N3)N)SC1)C(=O)[O-],CC1(OC2COC3(C(C2O1)OC(O3)(C)C)COS(=O)(=O)N)C,0,unreported_twosides_sampled,0.5434205532073975,0.4704987347538796,0.4704987347538796,fitted,platt_logistic_regression,0.5557555001027313,0,0.691405519895362,0.17145270270270271,0.1241554054054054,no_interaction|interaction,2,True,0.7638888888888888,0.1839080459770115,0.1839080459770115,False,False,True
CC1=C(C(=CC=C1)C)OCC(C)N,CC1=CC2=C(C=C1C)N(C=N2)C3C(C(C(O3)CO)OP(=O)(O)OC(C)CNC(=O)CCC4(C(C5C6(C(C(C(=N6)C(=C7C(C(C(=N7)C=C8C(C(C(=N8)C(=C4[N-]5)C)CCC(=O)N)(C)C)CCC(=O)N)(C)CC(=O)N)C)CCC(=O)N)(C)CC(=O)N)C)CC(=O)N)C)O.[C-]#N.[Co+2],1,reported_twosides,0.04309350252151489,0.09010566151753263,0.09010566151753263,fitted,platt_logistic_regression,0.5557555001027313,0,0.30278221714068937,0.5861486486486487,0.010135135135135136,no_interaction,1,False,0.2727272727272727,0.8709677419354839,0.2727272727272727,False,False,True
C1=CC=C(C=C1)C2=C(OC(=N2)CCC(=O)O)C3=CC=CC=C3,CN(C)C(=O)C(CC[NH+]1CCC(CC1)(C2=CC=C(C=C2)Cl)O)(C3=CC=CC=C3)C4=CC=CC=C4,1,reported_twosides,0.1536579430103302,0.2013084189475047,0.2013084189475047,fitted,platt_logistic_regression,0.5557555001027313,0,0.5022109361906123,0.41385135135135137,0.030405405405405407,no_interaction,1,False,0.23529411764705882,0.30434782608695654,0.23529411764705882,False,False,True
CC(C)NCC(COC1=CC=CC2=CC=CC=C21)O,COC(=O)C(C1CCCCN1)C2=CC=CC=C2,1,reported_twosides,0.904850959777832,0.7815048244805192,0.7815048244805192,fitted,platt_logistic_regression,0.5557555001027313,1,0.5249967466626212,0.032939189189189186,0.39864864864864863,interaction,1,False,0.4489795918367347,0.3225806451612903,0.3225806451612903,False,False,True
CC1=C(C(=CC=C1)C)OCC(C)N,CC1=C(C(=NO1)C2=CC=CC=C2)C3=CC=C(C=C3)S(=O)(=O)N,0,unreported_twosides_sampled,0.20825375616550446,0.24421199387102246,0.24421199387102246,fitted,platt_logistic_regression,0.5557555001027313,0,0.5558865680034568,0.3766891891891892,0.04054054054054054,no_interaction,1,False,0.2727272727272727,0.30434782608695654,0.2727272727272727,False,False,True
B(C(CC(C)C)NC(=O)C(CC1=CC=CC=C1)NC(=O)C2=NC=CN=C2)(O)O,CC1=C(C=C(C=C1)NC(=O)C2=CC=C(C=C2)CN3CCN(CC3)C)NC4=NC=CC(=N4)C5=CN=CC=C5,0,unreported_twosides_sampled,0.00285329669713974,0.01537991015043502,0.01537991015043502,fitted,platt_logistic_regression,0.5557555001027313,0,0.07946743395336034,0.8125,0.0016891891891891893,no_interaction,1,False,0.3088235294117647,0.29,0.29,False,False,True
C1=CC=C(C=C1)C2(C(=O)NC(=O)N2)C3=CC=CC=C3,C1=CC=C(C=C1)C2=C(OC(=N2)CCC(=O)O)C3=CC=CC=C3,0,unreported_twosides_sampled,0.749975323677063,0.6227574689035649,0.6227574689035649,fitted,platt_logistic_regression,0.5557555001027313,1,0.6626980605923709,0.07685810810810811,0.2491554054054054,interaction,1,False,0.4,0.23529411764705882,0.23529411764705882,False,False,True
C1CCN(CC1)C2=NC(=NC3=C2N=C(N=C3N4CCCCC4)N(CCO)CCO)N(CCO)CCO,COC1=C(C=C(C=C1)C2=CC3=C(C=C2)C=C(C=C3)C(=O)O)C45CC6CC(C4)CC(C6)C5,0,unreported_twosides_sampled,0.08036572486162186,0.13376083295772268,0.13376083295772268,fitted,platt_logistic_regression,0.5557555001027313,0,0.39347387189820127,0.5160472972972973,0.018581081081081082,no_interaction,1,False,0.30434782608695654,0.288135593220339,0.288135593220339,False,False,True
C1=CC=NC(=C1)NS(=O)(=O)C2=CC=C(C=C2)NN=C3C=CC(=O)C(=C3)C(=O)O,CC(C)NCC(COC1=CC=C(C=C1)CCOC)O,1,reported_twosides,0.004201770760118961,0.019860959002477314,0.019860959002477314,fitted,platt_logistic_regression,0.5557555001027313,0,0.0974974964064186,0.7871621621621622,0.0016891891891891893,no_interaction,1,False,0.47619047619047616,0.6222222222222222,0.47619047619047616,False,False,False
C1=C(C(=O)NC(=O)N1)F,CC(C)NCC(COC1=CC=CC2=CC=CC=C21)O,1,reported_twosides,0.7108640670776367,0.5909729358267269,0.5909729358267269,fitted,platt_logistic_regression,0.5557555001027313,1,0.6765024747040053,0.09206081081081081,0.22381756756756757,interaction,1,False,0.1891891891891892,0.4489795918367347,0.1891891891891892,False,False,True
CC(C)NCC(COC1=CC=CC2=CC=CC=C21)O,CN1CCCC1CC2=CNC3=C2C=C(C=C3)CCS(=O)(=O)C4=CC=CC=C4,1,reported_twosides,0.010314290411770344,0.03581042693238468,0.03581042693238468,fitted,platt_logistic_regression,0.5557555001027313,0,0.1543928353611742,0.7271959459459459,0.004222972972972973,no_interaction,1,False,0.4489795918367347,0.4492753623188406,0.4489795918367347,False,False,False
C1=CC(=CN=C1)C(=O)[O-],CCC1=C2C(=CC=C1)C3=C(N2)C(OCC3)(CC)CC(=O)O,1,reported_twosides,0.30836766958236694,0.3151612129295023,0.3151612129295023,fitted,platt_logistic_regression,0.5557555001027313,0,0.6231681709757053,0.30574324324324326,0.05489864864864865,no_interaction,1,False,0.30303030303030304,0.2413793103448276,0.2413793103448276,False,False,True
C1=CC=NC(=C1)NS(=O)(=O)C2=CC=C(C=C2)NN=C3C=CC(=O)C(=C3)C(=O)O,C1=CN=CC=C1C(=O)NN,1,reported_twosides,0.1300792098045349,0.18120890083301128,0.18120890083301128,fitted,platt_logistic_regression,0.5557555001027313,0,0.47322165849099096,0.44594594594594594,0.02787162162162162,no_interaction,1,False,0.47619047619047616,0.3,0.3,False,False,True
C1=CC(=CN=C1)C(=O)[O-],CC1COC2=C3N1C=C(C(=O)C3=CC(=C2N4CCN(CC4)C)F)C(=O)O,1,reported_twosides,0.5627430081367493,0.4835675948390236,0.4835675948390236,fitted,platt_logistic_regression,0.5557555001027313,0,0.6926070354219334,0.1579391891891892,0.13682432432432431,no_interaction|interaction,2,True,0.30303030303030304,0.4507042253521127,0.30303030303030304,False,False,True
C1=CC=C(C=C1)C2(C(=O)NC(=O)N2)C3=CC=CC=C3,CCC1(CC2CC(C3=C(CCN(C2)C1)C4=CC=CC=C4N3)(C5=C(C=C6C(=C5)C78CCN9C7C(C=CC9)(C(C(C8N6C=O)(C(=O)OC)O)OC(=O)C)CC)OC)C(=O)OC)O,1,reported_twosides,0.015837615355849266,0.04733910382456167,0.04733910382456167,fitted,platt_logistic_regression,0.5557555001027313,0,0.1906045796715461,0.6815878378378378,0.004222972972972973,no_interaction,1,False,0.4,0.89,0.4,False,False,False
B(C(CC(C)C)NC(=O)C(CC1=CC=CC=C1)NC(=O)C2=NC=CN=C2)(O)O,C1=C(C(=O)NC(=O)N1)F,0,unreported_twosides_sampled,0.7470014095306396,0.6202673080171934,0.6202673080171934,fitted,platt_logistic_regression,0.5557555001027313,1,0.6639331147431891,0.0777027027027027,0.24746621621621623,interaction,1,False,0.3088235294117647,0.1891891891891892,0.1891891891891892,False,False,True
CC1=C(C(=CC=C1)C)OCC(C)N,CNS(=O)(=O)CC1=CC2=C(C=C1)NC=C2CCN(C)C,0,unreported_twosides_sampled,0.011380985379219055,0.038184996287301945,0.038184996287301945,fitted,platt_logistic_regression,0.5557555001027313,0,0.16213243823784995,0.7204391891891891,0.004222972972972973,no_interaction,1,False,0.2727272727272727,0.6538461538461539,0.2727272727272727,False,False,True
CC(C)NCC(COC1=CC=CC2=CC=CC=C21)O,CC1COC2=C3N1C=C(C(=O)C3=CC(=C2N4CCN(CC4)C)F)C(=O)O,1,reported_twosides,0.9326774477958679,0.8215044609734884,0.8215044609734884,fitted,platt_logistic_regression,0.5557555001027313,1,0.46910451708959344,0.02787162162162162,0.4518581081081081,interaction,1,False,0.4489795918367347,0.4507042253521127,0.4489795918367347,False,False,False
C1=CC=NC(=C1)NS(=O)(=O)C2=CC=C(C=C2)NN=C3C=CC(=O)C(=C3)C(=O)O,CC1=CC(=C(C=C1)O)C(CCN(C(C)C)C(C)C)C2=CC=CC=C2,1,reported_twosides,0.058449119329452515,0.10936245562325352,0.10936245562325352,fitted,platt_logistic_regression,0.5557555001027313,0,0.3451803172555795,0.549831081081081,0.014358108108108109,no_interaction,1,False,0.47619047619047616,0.2833333333333333,0.2833333333333333,False,False,True
B(C(CC(C)C)NC(=O)C(CC1=CC=CC=C1)NC(=O)C2=NC=CN=C2)(O)O,C1=CN=CC=C1C(=O)NN,0,unreported_twosides_sampled,0.2054799348115921,0.24212706931120484,0.24212706931120484,fitted,platt_logistic_regression,0.5557555001027313,0,0.5535193797635032,0.3783783783783784,0.04054054054054054,no_interaction,1,False,0.3088235294117647,0.3,0.3,False,False,True
CC(C)NCC(COC1=CC=C(C=C1)CCOC)O,CC1=C(C(=CC=C1)C)OCC(C)N,1,reported_twosides,0.20484554767608643,0.24164903012465755,0.24164903012465755,fitted,platt_logistic_regression,0.5557555001027313,0,0.5529732887359018,0.3783783783783784,0.04054054054054054,no_interaction,1,False,0.6222222222222222,0.2727272727272727,0.2727272727272727,False,False,True
CC(=O)OCC1=C(N2C(C(C2=O)NC(=O)C(=NOC)C3=CSC(=N3)N)SC1)C(=O)[O-],CC(C)NCC(COC1=CC=CC2=CC=CC=C21)O,1,reported_twosides,0.5492339730262756,0.47441612730354793,0.47441612730354793,fitted,platt_logistic_regression,0.5557555001027313,0,0.6918375396559722,0.16807432432432431,0.12922297297297297,no_interaction|interaction,2,True,0.7638888888888888,0.4489795918367347,0.4489795918367347,False,False,False
CC(C)NCC(COC1=CC=CC2=CC=CC=C21)O,CCC1(CC2CC(C3=C(CCN(C2)C1)C4=CC=CC=C4N3)(C5=C(C=C6C(=C5)C78CCN9C7C(C=CC9)(C(C(C8N6C=O)(C(=O)OC)O)OC(=O)C)CC)OC)C(=O)OC)O,1,reported_twosides,0.46477505564689636,0.4183882217216636,0.4183882217216636,fitted,platt_logistic_regression,0.5557555001027313,0,0.6797664269958024,0.21452702702702703,0.09543918918918919,no_interaction,1,False,0.4489795918367347,0.89,0.4489795918367347,False,False,False
C1=CC=C(C=C1)C2(C(=O)NC(=O)N2)C3=CC=CC=C3,CC(CC1=CC=CC=C1)N,0,unreported_twosides_sampled,0.7057852745056152,0.5869851137979105,0.5869851137979105,fitted,platt_logistic_regression,0.5557555001027313,1,0.6779370870427535,0.0945945945945946,0.2195945945945946,interaction,1,False,0.4,0.5384615384615384,0.4,False,False,False
CC1=C(C(=CC=C1)NC2=CC=CC=C2C(=O)O)C,CNS(=O)(=O)CC1=CC2=C(C=C1)NC=C2CCN(C)C,0,unreported_twosides_sampled,0.00015099369920790195,0.0021709475070611924,0.0021709475070611924,fitted,platt_logistic_regression,0.5557555001027313,0,0.015482123668738704,0.9273648648648649,0.0008445945945945946,no_interaction,1,False,0.358974358974359,0.6538461538461539,0.358974358974359,False,False,True
CC(=O)OCC1=C(N2C(C(C2=O)NC(=O)C(=NOC)C3=CSC(=N3)N)SC1)C(=O)[O-],CCC(C)CC(C)CCCCCCCCC(=O)NC1CC(C(NC(=O)C2CCCN2C(=O)C(NC(=O)C(NC(=O)C3CC(CN3C(=O)C(NC1=O)C(C)O)O)C(C(C4=CC=C(C=C4)O)O)O)C(CCN)O)NCCN)O,0,unreported_twosides_sampled,0.43222174048423767,0.3970869971519601,0.3970869971519601,fitted,platt_logistic_regression,0.5557555001027313,0,0.6718128532646632,0.23564189189189189,0.08699324324324324,no_interaction,1,False,0.7638888888888888,0.24489795918367346,0.24489795918367346,False,False,True
C1=C(C(=O)NC(=O)N1)F,C1=CC=C(C=C1)C2(C(=O)NC(=O)N2)C3=CC=CC=C3,1,reported_twosides,0.5174574851989746,0.4531358894716182,0.4531358894716182,fitted,platt_logistic_regression,0.5557555001027313,0,0.6887482368202016,0.18412162162162163,0.1097972972972973,no_interaction|interaction,2,True,0.1891891891891892,0.4,0.1891891891891892,False,False,True
CC(=O)OCC1=C(N2C(C(C2=O)NC(=O)C(=NOC)C3=CSC(=N3)N)SC1)C(=O)[O-],CC1CC2C3CCC(C3(CC(C2C4(C1=CC(=O)C=C4)C)O)C)(C(=O)CO)O,1,reported_twosides,0.9965506792068481,0.9724022079549532,0.9724022079549532,fitted,platt_logistic_regression,0.5557555001027313,1,0.12629003238519315,0.002533783783783784,0.7576013513513513,interaction,1,False,0.7638888888888888,0.6949152542372882,0.6949152542372882,False,False,False
CC(C=CC(C1CC1)O)C2CCC3C2(CCCC3=CC=C4CC(CC(C4=C)O)O)C,CCC1C2(C(C(C(=O)C(CC(C(C(C(=O)C(C(=O)O1)C)C)OC3C(C(CC(O3)C)N(C)C)O)(C)OC)C)C)N(C(=O)O2)CCCCN4C=C(N=C4)C5=CN=CC=C5)C,0,unreported_twosides_sampled,0.3082958161830902,0.31511248565261635,0.31511248565261635,fitted,platt_logistic_regression,0.5557555001027313,0,0.6231303482761046,0.30574324324324326,0.05489864864864865,no_interaction,1,False,0.6323529411764706,0.44642857142857145,0.44642857142857145,False,False,False
CC1(OC2COC3(C(C2O1)OC(O3)(C)C)COS(=O)(=O)N)C,CCC(C)CC(C)CCCCCCCCC(=O)NC1CC(C(NC(=O)C2CCCN2C(=O)C(NC(=O)C(NC(=O)C3CC(CN3C(=O)C(NC1=O)C(C)O)O)C(C(C4=CC=C(C=C4)O)O)O)C(CCN)O)NCCN)O,0,unreported_twosides_sampled,0.012396113947033882,0.0403708632494959,0.0403708632494959,fitted,platt_logistic_regression,0.5557555001027313,0,0.16912098550486307,0.7077702702702703,0.004222972972972973,no_interaction,1,False,0.1839080459770115,0.24489795918367346,0.1839080459770115,False,False,True
CC1=CC(=C(C=C1)O)C(CCN(C(C)C)C(C)C)C2=CC=CC=C2,CN(CCCNC(=O)C1CCCO1)C2=NC3=CC(=C(C=C3C(=N2)N)OC)OC,1,reported_twosides,0.07268298417329788,0.1255364788438047,0.1255364788438047,fitted,platt_logistic_regression,0.5557555001027313,0,0.37781278679237645,0.5304054054054054,0.016891891891891893,no_interaction,1,False,0.2833333333333333,0.5138888888888888,0.2833333333333333,False,False,True
CCC1(CC2CC(C3=C(CCN(C2)C1)C4=CC=CC=C4N3)(C5=C(C=C6C(=C5)C78CCN9C7C(C=CC9)(C(C(C8N6C=O)(C(=O)OC)O)OC(=O)C)CC)OC)C(=O)OC)O,COC(=O)C(C1CCCCN1)C2=CC=CC=C2,1,reported_twosides,0.10129623860120773,0.15478178673124263,0.15478178673124263,fitted,platt_logistic_regression,0.5557555001027313,0,0.4309146834998355,0.4873310810810811,0.021114864864864864,no_interaction,1,False,0.89,0.3225806451612903,0.3225806451612903,False,False,True
C1=CC=NC(=C1)NS(=O)(=O)C2=CC=C(C=C2)NN=C3C=CC(=O)C(=C3)C(=O)O,CCC1=C(CN(C1=O)C(=O)NCCC2=CC=C(C=C2)S(=O)(=O)NC(=O)NC3CCC(CC3)C)C,1,reported_twosides,0.00269519817084074,0.014810497878897355,0.014810497878897355,fitted,platt_logistic_regression,0.5557555001027313,0,0.07708830012134271,0.8133445945945946,0.0016891891891891893,no_interaction,1,False,0.47619047619047616,0.48,0.47619047619047616,False,False,False
C1=CC(=CN=C1)C(=O)[O-],CC1=CC2=C(C=C1C)N(C=N2)C3C(C(C(O3)CO)OP(=O)(O)OC(C)CNC(=O)CCC4(C(C5C6(C(C(C(=N6)C(=C7C(C(C(=N7)C=C8C(C(C(=N8)C(=C4[N-]5)C)CCC(=O)N)(C)C)CCC(=O)N)(C)CC(=O)N)C)CCC(=O)N)(C)CC(=O)N)C)CC(=O)N)C)O.[C-]#N.[Co+2],1,reported_twosides,0.0662611573934555,0.11840466249536905,0.11840466249536905,fitted,platt_logistic_regression,0.5557555001027313,0,0.36373429559844095,0.5388513513513513,0.015202702702702704,no_interaction,1,False,0.30303030303030304,0.8709677419354839,0.30303030303030304,False,False,True
CCC1=C2C(=CC=C1)C3=C(N2)C(OCC3)(CC)CC(=O)O,CN1CCCC1CC2=CNC3=C2C=C(C=C3)CCS(=O)(=O)C4=CC=CC=C4,1,reported_twosides,0.03095494583249092,0.07293284044079862,0.07293284044079862,fitted,platt_logistic_regression,0.5557555001027313,0,0.2611600655382367,0.6233108108108109,0.007601351351351352,no_interaction,1,False,0.2413793103448276,0.4492753623188406,0.2413793103448276,False,False,True
C1=CC=C(C=C1)C2(C(=O)NC(=O)N2)C3=CC=CC=C3,CN(C)C(=O)C(CC[NH+]1CCC(CC1)(C2=CC=C(C=C2)Cl)O)(C3=CC=CC=C3)C4=CC=CC=C4,1,reported_twosides,0.2143443077802658,0.24876065087723684,0.24876065087723684,fitted,platt_logistic_regression,0.5557555001027313,0,0.5609694799538846,0.3733108108108108,0.041385135135135136,no_interaction,1,False,0.4,0.30434782608695654,0.30434782608695654,False,False,True
C1=CN=CC=C1C(=O)NN,CC(C)NCC(COC1=CC=CC2=CC=CC=C21)O,0,unreported_twosides_sampled,0.23533612489700317,0.26415618285504944,0.26415618285504944,fitted,platt_logistic_regression,0.5557555001027313,0,0.5773594169208219,0.3597972972972973,0.04222972972972973,no_interaction,1,False,0.3,0.4489795918367347,0.3,False,False,True
CCC(C)CC(C)CCCCCCCCC(=O)NC1CC(C(NC(=O)C2CCCN2C(=O)C(NC(=O)C(NC(=O)C3CC(CN3C(=O)C(NC1=O)C(C)O)O)C(C(C4=CC=C(C=C4)O)O)O)C(CCN)O)NCCN)O,CCC1=C2C(=CC=C1)C3=C(N2)C(OCC3)(CC)CC(=O)O,0,unreported_twosides_sampled,0.035645049065351486,0.07982697456039059,0.07982697456039059,fitted,platt_logistic_regression,0.5557555001027313,0,0.27834658008327967,0.6089527027027027,0.010135135135135136,no_interaction,1,False,0.24489795918367346,0.2413793103448276,0.2413793103448276,False,False,True
CC(C)NCC(COC1=CC=C(C=C1)CCOC)O,CCC1C2(C(C(C(=O)C(CC(C(C(C(=O)C(C(=O)O1)C)C)OC3C(C(CC(O3)C)N(C)C)O)(C)OC)C)C)N(C(=O)O2)CCCCN4C=C(N=C4)C5=CN=CC=C5)C,1,reported_twosides,0.49405330419540405,0.4376363504704515,0.4376363504704515,fitted,platt_logistic_regression,0.5557555001027313,0,0.6853484363447507,0.19594594594594594,0.10472972972972973,no_interaction|interaction,2,True,0.6222222222222222,0.44642857142857145,0.44642857142857145,False,False,False
CC1=C(C=NO1)C(=O)NC2=CC=C(C=C2)C(F)(F)F,CC1CC2C3CCC(C3(CC(C2C4(C1=CC(=O)C=C4)C)O)C)(C(=O)CO)O,1,reported_twosides,0.8251757025718689,0.6910530261999026,0.6910530261999026,fitted,platt_logistic_regression,0.5557555001027313,1,0.618255524204064,0.05489864864864865,0.31334459459459457,interaction,1,False,0.2608695652173913,0.6949152542372882,0.2608695652173913,False,False,True
C1=C(C(=O)NC(=O)N1)F,CC1=C(C=C(C=C1)NC(=O)C2=CC=C(C=C2)CN3CCN(CC3)C)NC4=NC=CC(=N4)C5=CN=CC=C5,0,unreported_twosides_sampled,0.2562076151371002,0.27908749915912084,0.27908749915912084,fitted,platt_logistic_regression,0.5557555001027313,0,0.5920894289380181,0.33952702702702703,0.04307432432432432,no_interaction,1,False,0.1891891891891892,0.29,0.1891891891891892,False,False,True
C1=CC=C(C=C1)C2=C(OC(=N2)CCC(=O)O)C3=CC=CC=C3,CCC(=O)N(C1CCN(CC1)CCC2=CC=CC=C2)C3=CC=CC=C3,1,reported_twosides,0.17499694228172302,0.21859282304480362,0.21859282304480362,fitted,platt_logistic_regression,0.5557555001027313,0,0.5251211663555448,0.39864864864864863,0.032939189189189186,no_interaction,1,False,0.23529411764705882,0.421875,0.23529411764705882,False,False,True
C1=CC=C(C=C1)C2(C(=O)NC(=O)N2)C3=CC=CC=C3,CC1=C(C(=CC=C1)C)OCC(C)N,1,reported_twosides,0.2676931321620941,0.2871680192989056,0.2871680192989056,fitted,platt_logistic_regression,0.5557555001027313,0,0.59959645876114,0.33361486486486486,0.0472972972972973,no_interaction,1,False,0.4,0.2727272727272727,0.2727272727272727,False,False,True
B(C(CC(C)C)NC(=O)C(CC1=CC=CC=C1)NC(=O)C2=NC=CN=C2)(O)O,CCC1=C(CN(C1=O)C(=O)NCCC2=CC=C(C=C2)S(=O)(=O)NC(=O)NC3CCC(CC3)C)C,1,reported_twosides,0.02820308320224285,0.06870371033626528,0.06870371033626528,fitted,platt_logistic_regression,0.5557555001027313,0,0.2502728678537775,0.6334459459459459,0.007601351351351352,no_interaction,1,False,0.3088235294117647,0.48,0.3088235294117647,False,False,True
CC1=CC(=C(C=C1)O)C(CCN(C(C)C)C(C)C)C2=CC=CC=C2,CCN(C)C(=O)OC1=CC=CC(=C1)C(C)N(C)C,1,reported_twosides,0.836274266242981,0.7022322711066092,0.7022322711066092,fitted,platt_logistic_regression,0.5557555001027313,1,0.6089610222565456,0.05152027027027027,0.3260135135135135,interaction,1,False,0.2833333333333333,0.32653061224489793,0.2833333333333333,False,False,True
CN(C)C(=O)C(CC[NH+]1CCC(CC1)(C2=CC=C(C=C2)Cl)O)(C3=CC=CC=C3)C4=CC=CC=C4,COC(=O)C(C1CCCCN1)C2=CC=CC=C2,1,reported_twosides,0.26489293575286865,0.28520610443032907,0.28520610443032907,fitted,platt_logistic_regression,0.5557555001027313,0,0.5978033138511982,0.3344594594594595,0.0472972972972973,no_interaction,1,False,0.30434782608695654,0.3225806451612903,0.30434782608695654,False,False,True
CC1=CC(=C(C=C1)O)C(CCN(C(C)C)C(C)C)C2=CC=CC=C2,CN(C)C(=O)C(CC[NH+]1CCC(CC1)(C2=CC=C(C=C2)Cl)O)(C3=CC=CC=C3)C4=CC=CC=C4,1,reported_twosides,0.023083683103322983,0.06039693746416287,0.06039693746416287,fitted,platt_logistic_regression,0.5557555001027313,0,0.2280583160216531,0.6494932432432432,0.006756756756756757,no_interaction,1,False,0.2833333333333333,0.30434782608695654,0.2833333333333333,False,False,True
CCC1=C(CN(C1=O)C(=O)NCCC2=CC=C(C=C2)S(=O)(=O)NC(=O)NC3CCC(CC3)C)C,CN(CCCNC(=O)C1CCCO1)C2=NC3=CC(=C(C=C3C(=N2)N)OC)OC,1,reported_twosides,0.025521667674183846,0.06443065418396242,0.06443065418396242,fitted,platt_logistic_regression,0.5557555001027313,0,0.23898846081546615,0.6393581081081081,0.007601351351351352,no_interaction,1,False,0.48,0.5138888888888888,0.48,False,False,False
CC1(OC2COC3(C(C2O1)OC(O3)(C)C)COS(=O)(=O)N)C,CN(CCCNC(=O)C1CCCO1)C2=NC3=CC(=C(C=C3C(=N2)N)OC)OC,0,unreported_twosides_sampled,0.08935568481683731,0.1430151495481008,0.1430151495481008,fitted,platt_logistic_regression,0.5557555001027313,0,0.4103993263594704,0.4966216216216216,0.02027027027027027,no_interaction,1,False,0.1839080459770115,0.5138888888888888,0.1839080459770115,False,False,True
C1=CC=NC(=C1)NS(=O)(=O)C2=CC=C(C=C2)NN=C3C=CC(=O)C(=C3)C(=O)O,CC1=C(C(=CC=C1)NC2=CC=CC=C2C(=O)O)C,0,unreported_twosides_sampled,0.6452404856681824,0.5414100921249156,0.5414100921249156,fitted,platt_logistic_regression,0.5557555001027313,0,0.6897136576043497,0.11570945945945946,0.18074324324324326,no_interaction|interaction,2,True,0.47619047619047616,0.358974358974359,0.358974358974359,False,False,True
CC1CC2C3CCC(C3(CC(C2C4(C1=CC(=O)C=C4)C)O)C)(C(=O)CO)O,CCOC(=O)C1=C2CN(C(=O)C3=C(N2C=N1)C=CC(=C3)F)C,1,reported_twosides,0.780874490737915,0.649472039361872,0.649472039361872,fitted,platt_logistic_regression,0.5557555001027313,1,0.6477728548913884,0.06756756756756757,0.2719594594594595,interaction,1,False,0.6949152542372882,0.24050632911392406,0.24050632911392406,False,False,True
CC1=C(C(=CC=C1)C)OCC(C)N,CCC1C2(C(C(C(=O)C(CC(C(C(C(=O)C(C(=O)O1)C)C)OC3C(C(CC(O3)C)N(C)C)O)(C)OC)C)C)N(C(=O)O2)CCCCN4C=C(N=C4)C5=CN=CC=C5)C,0,unreported_twosides_sampled,0.7363634705543518,0.6114644148766736,0.6114644148766736,fitted,platt_logistic_regression,0.5557555001027313,1,0.6680885269736128,0.08361486486486487,0.24239864864864866,interaction,1,False,0.2727272727272727,0.44642857142857145,0.2727272727272727,False,False,True
C1=C(C(=O)NC(=O)N1)F,C1=CC=NC(=C1)NS(=O)(=O)C2=CC=C(C=C2)NN=C3C=CC(=O)C(=C3)C(=O)O,0,unreported_twosides_sampled,0.6686745882034302,0.5586586097120549,0.5586586097120549,fitted,platt_logistic_regression,0.5557555001027313,1,0.6862496422500213,0.10557432432432433,0.19510135135135134,no_interaction|interaction,2,True,0.1891891891891892,0.47619047619047616,0.1891891891891892,False,False,True
CC(=O)OCC1=C(N2C(C(C2=O)NC(=O)C(=NOC)C3=CSC(=N3)N)SC1)C(=O)[O-],CCN(C1=CC=CC(=C1)C2=CC=NC3=C(C=NN23)C#N)C(=O)C,0,unreported_twosides_sampled,0.8783771395683289,0.7483936946823933,0.7483936946823933,fitted,platt_logistic_regression,0.5557555001027313,1,0.5640929805896093,0.041385135135135136,0.3716216216216216,interaction,1,False,0.7638888888888888,0.21739130434782608,0.21739130434782608,False,False,True
CC1COC2=C3N1C=C(C(=O)C3=CC(=C2N4CCN(CC4)C)F)C(=O)O,CN1CCCC1CC2=CNC3=C2C=C(C=C3)CCS(=O)(=O)C4=CC=CC=C4,1,reported_twosides,0.35180702805519104,0.34427054755446224,0.34427054755446224,fitted,platt_logistic_regression,0.5557555001027313,0,0.6438275527618564,0.27618243243243246,0.06503378378378379,no_interaction,1,False,0.4507042253521127,0.4492753623188406,0.4492753623188406,False,False,False
CN(CCCNC(=O)C1CCCO1)C2=NC3=CC(=C(C=C3C(=N2)N)OC)OC,CNS(=O)(=O)CC1=CC2=C(C=C1)NC=C2CCN(C)C,1,reported_twosides,0.0008787099504843354,0.00703537781487542,0.00703537781487542,fitted,platt_logistic_regression,0.5557555001027313,0,0.04188355938555725,0.870777027027027,0.0016891891891891893,no_interaction,1,False,0.5138888888888888,0.6538461538461539,0.5138888888888888,False,False,False
CC1=CC(=C(C=C1)O)C(CCN(C(C)C)C(C)C)C2=CC=CC=C2,CCOC(=O)C1=C2CN(C(=O)C3=C(N2C=N1)C=CC(=C3)F)C,0,unreported_twosides_sampled,0.24224026501178741,0.2691334471978156,0.2691334471978156,fitted,platt_logistic_regression,0.5557555001027313,0,0.582395040956792,0.3530405405405405,0.04222972972972973,no_interaction,1,False,0.2833333333333333,0.24050632911392406,0.24050632911392406,False,False,True
CC1=C(C(=NO1)C2=CC=CC=C2)C3=CC=C(C=C3)S(=O)(=O)N,CC1=CC(=C(C=C1)O)C(CCN(C(C)C)C(C)C)C2=CC=CC=C2,1,reported_twosides,0.5647756457328796,0.48495080355112796,0.48495080355112796,fitted,platt_logistic_regression,0.5557555001027313,0,0.6926941555177355,0.1570945945945946,0.13766891891891891,no_interaction|interaction,2,True,0.30434782608695654,0.2833333333333333,0.2833333333333333,False,False,True
CC1CC2C3CCC(C3(CC(C2C4(C1=CC(=O)C=C4)C)O)C)(C(=O)CO)O,CN(C)C(=O)C(CC[NH+]1CCC(CC1)(C2=CC=C(C=C2)Cl)O)(C3=CC=CC=C3)C4=CC=CC=C4,1,reported_twosides,0.14360199868679047,0.19287968877764067,0.19287968877764067,fitted,platt_logistic_regression,0.5557555001027313,0,0.490371704491918,0.43327702702702703,0.028716216216216218,no_interaction,1,False,0.6949152542372882,0.30434782608695654,0.30434782608695654,False,False,True
C1=CC=C(C=C1)C2=C(OC(=N2)CCC(=O)O)C3=CC=CC=C3,CC1=C(C2=C(N1C(=O)C3=CC=C(C=C3)Cl)C=CC(=C2)OC)CC(=O)O,1,reported_twosides,0.028627384454011917,0.06936560017808331,0.06936560017808331,fitted,platt_logistic_regression,0.5557555001027313,0,0.2519948518729167,0.6309121621621622,0.007601351351351352,no_interaction,1,False,0.23529411764705882,0.3064516129032258,0.23529411764705882,False,False,True
CN1CCCC1CC2=CNC3=C2C=C(C=C3)CCS(=O)(=O)C4=CC=CC=C4,CNS(=O)(=O)CC1=CC2=C(C=C1)NC=C2CCN(C)C,1,reported_twosides,0.9136617183685303,0.7934855664208507,0.7934855664208507,fitted,platt_logistic_regression,0.5557555001027313,1,0.5093017890299499,0.030405405405405407,0.4096283783783784,interaction,1,False,0.4492753623188406,0.6538461538461539,0.4492753623188406,False,False,False
CC1=C(C(=NO1)C2=CC=CC=C2)C3=CC=C(C=C3)S(=O)(=O)N,CC1=C(C=C(C=C1)NC(=O)C2=CC=C(C=C2)CN3CCN(CC3)C)NC4=NC=CC(=N4)C5=CN=CC=C5,0,unreported_twosides_sampled,0.018133744597434998,0.051679328536121005,0.051679328536121005,fitted,platt_logistic_regression,0.5557555001027313,0,0.20343054767356172,0.6697635135135135,0.0059121621621621625,no_interaction,1,False,0.30434782608695654,0.29,0.29,False,False,True
CC(C)(C)NCC(C1=CC(=C(C=C1)O)CO)O,CC(C=CC(C1CC1)O)C2CCC3C2(CCCC3=CC=C4CC(CC(C4=C)O)O)C,1,reported_twosides,0.5389901399612427,0.4675210974710479,0.4675210974710479,fitted,platt_logistic_regression,0.5557555001027313,0,0.6910359361378647,0.17736486486486486,0.12162162162162163,no_interaction|interaction,2,True,0.5227272727272727,0.6323529411764706,0.5227272727272727,False,False,False
CCC1C2(C(C(C(=O)C(CC(C(C(C(=O)C(C(=O)O1)C)C)OC3C(C(CC(O3)C)N(C)C)O)(C)OC)C)C)N(C(=O)O2)CCCCN4C=C(N=C4)C5=CN=CC=C5)C,CCN(C)C(=O)OC1=CC=CC(=C1)C(C)N(C)C,0,unreported_twosides_sampled,0.9936397671699524,0.958910661431516,0.958910661431516,fitted,platt_logistic_regression,0.5557555001027313,1,0.17139080567692547,0.004222972972972973,0.7035472972972973,interaction,1,False,0.44642857142857145,0.32653061224489793,0.32653061224489793,False,False,True
CC1=C(C=NO1)C(=O)NC2=CC=C(C=C2)C(F)(F)F,CCC(C)CC(C)CCCCCCCCC(=O)NC1CC(C(NC(=O)C2CCCN2C(=O)C(NC(=O)C(NC(=O)C3CC(CN3C(=O)C(NC1=O)C(C)O)O)C(C(C4=CC=C(C=C4)O)O)O)C(CCN)O)NCCN)O,0,unreported_twosides_sampled,0.4939393699169159,0.4375611817273808,0.4375611817273808,fitted,platt_logistic_regression,0.5557555001027313,0,0.6853295755221356,0.19594594594594594,0.10472972972972973,no_interaction|interaction,2,True,0.2608695652173913,0.24489795918367346,0.24489795918367346,False,False,True
CC(C)(C)NCC(C1=CC(=C(C=C1)O)CO)O,CCCCN1CCCCC1C(=O)NC2=C(C=CC=C2C)C,1,reported_twosides,0.1108575165271759,0.16383436311566635,0.16383436311566635,fitted,platt_logistic_regression,0.5557555001027313,0,0.4459737811054889,0.46959459459459457,0.02364864864864865,no_interaction,1,False,0.5227272727272727,0.8604651162790697,0.5227272727272727,False,False,False
CC1=CC2=C(C=C1C)N(C=N2)C3C(C(C(O3)CO)OP(=O)(O)OC(C)CNC(=O)CCC4(C(C5C6(C(C(C(=N6)C(=C7C(C(C(=N7)C=C8C(C(C(=N8)C(=C4[N-]5)C)CCC(=O)N)(C)C)CCC(=O)N)(C)CC(=O)N)C)CCC(=O)N)(C)CC(=O)N)C)CC(=O)N)C)O.[C-]#N.[Co+2],CCCCN1CCCCC1C(=O)NC2=C(C=CC=C2C)C,0,unreported_twosides_sampled,0.006824355572462082,0.027326817700503273,0.027326817700503273,fitted,platt_logistic_regression,0.5557555001027313,0,0.12532344019183816,0.7584459459459459,0.002533783783783784,no_interaction,1,False,0.8709677419354839,0.8604651162790697,0.8604651162790697,False,False,False
CC1(OC2COC3(C(C2O1)OC(O3)(C)C)COS(=O)(=O)N)C,CCN(C)C(=O)OC1=CC=CC(=C1)C(C)N(C)C,1,reported_twosides,0.32560503482818604,0.326790178427081,0.326790178427081,fitted,platt_logistic_regression,0.5557555001027313,0,0.6318821501147638,0.2947635135135135,0.05827702702702703,no_interaction,1,False,0.1839080459770115,0.32653061224489793,0.1839080459770115,False,False,True
CC(C)NCC(COC1=CC=C(C=C1)CCOCC2CC2)O,CC1COC2=C3N1C=C(C(=O)C3=CC(=C2N4CCN(CC4)C)F)C(=O)O,0,unreported_twosides_sampled,0.9318742156028748,0.82025096690422,0.82025096690422,fitted,platt_logistic_regression,0.5557555001027313,1,0.47101272033577013,0.02787162162162162,0.4484797297297297,interaction,1,False,0.5660377358490566,0.4507042253521127,0.4507042253521127,False,False,False
CC(C)NCC(COC1=CC=C(C=C1)CCOCC2CC2)O,CC1=CC(=C(C=C1)O)C(CCN(C(C)C)C(C)C)C2=CC=CC=C2,0,unreported_twosides_sampled,0.7744362354278564,0.6437703997055213,0.6437703997055213,fitted,platt_logistic_regression,0.5557555001027313,1,0.6512179439363841,0.07179054054054054,0.2685810810810811,interaction,1,False,0.5660377358490566,0.2833333333333333,0.2833333333333333,False,False,True
C1=CC=NC(=C1)NS(=O)(=O)C2=CC=C(C=C2)NN=C3C=CC(=O)C(=C3)C(=O)O,CC1=C(C=NO1)C(=O)NC2=CC=C(C=C2)C(F)(F)F,1,reported_twosides,0.00901825912296772,0.03280225206932874,0.03280225206932874,fitted,platt_logistic_regression,0.5557555001027313,0,0.14435203906420785,0.7364864864864865,0.002533783783783784,no_interaction,1,False,0.47619047619047616,0.2608695652173913,0.2608695652173913,False,False,True
B(C(CC(C)C)NC(=O)C(CC1=CC=CC=C1)NC(=O)C2=NC=CN=C2)(O)O,CN(C)C(=O)C(CC[NH+]1CCC(CC1)(C2=CC=C(C=C2)Cl)O)(C3=CC=CC=C3)C4=CC=CC=C4,1,reported_twosides,0.006577861029654741,0.026674834693039853,0.026674834693039853,fitted,platt_logistic_regression,0.5557555001027313,0,0.12298638099327971,0.7601351351351351,0.002533783783783784,no_interaction,1,False,0.3088235294117647,0.30434782608695654,0.30434782608695654,False,False,True
CC1=C(C2=C(N1C(=O)C3=CC=C(C=C3)Cl)C=CC(=C2)OC)CC(=O)O,CCC1=C2C(=CC=C1)C3=C(N2)C(OCC3)(CC)CC(=O)O,1,reported_twosides,0.16345004737377167,0.20933459489649803,0.20933459489649803,fitted,platt_logistic_regression,0.5557555001027313,0,0.5130737230176943,0.40878378378378377,0.03125,no_interaction,1,False,0.3064516129032258,0.2413793103448276,0.2413793103448276,False,False,True
