source,target,label,label_evidence,raw_prediction_score,calibrated_prediction_score,prediction_score,calibration_status,calibration_method,threshold,predicted_label,predictive_entropy_nats,conformal_no_interaction_p_value,conformal_interaction_p_value,conformal_prediction_set,conformal_prediction_set_size,conformal_abstain,source_nearest_train_tanimoto,target_nearest_train_tanimoto,pair_minimum_nearest_train_tanimoto,source_exactly_seen_in_training,target_exactly_seen_in_training,structural_ood_flag
C1=NC2=C(N1)C(=S)N=CN2,C1C(C(OC1N2C=NC3=C(N=C(N=C32)Cl)N)CO)O,1,reported_twosides,0.316721111536026,0.3022893261159233,0.3022893261159233,fitted,platt_logistic_regression,0.5027927669387054,0,0.6127915826168043,0.44227504244482174,0.12478777589134125,no_interaction|interaction,2,True,0.3142857142857143,0.6296296296296297,0.3142857142857143,False,False,True
CC(CCC1=CC=C(C=C1)O)NCCC2=CC(=C(C=C2)O)O,CCC(C)(C)C(=O)OC1CC(C=C2C1C(C(C=C2)C)CCC3CC(CC(=O)O3)O)C,1,reported_twosides,0.6454786062240601,0.6282824517878033,0.6282824517878033,fitted,platt_logistic_regression,0.5027927669387054,1,0.6598634650476354,0.16213921901528014,0.3709677419354839,no_interaction|interaction,2,True,0.38596491228070173,0.7424242424242424,0.38596491228070173,False,False,True
CC(C)(C)NCC(COC1=NSN=C1N2CCOCC2)O,CC1=NN=C2N1C3=C(C=C(C=C3)Cl)C(=NC2)C4=CC=CC=C4,1,reported_twosides,0.7962074875831604,0.7832280690367054,0.7832280690367054,fitted,platt_logistic_regression,0.5027927669387054,1,0.5227918329489966,0.06791171477079797,0.5526315789473685,interaction,1,False,0.4,0.62,0.4,False,False,False
C1=CN(C=N1)CC(O)(P(=O)(O)O)P(=O)(O)O,C[N+]1(CCC2=CC(=C(C=C2C1CC3=CC(=C(C=C3)OC)OC)OC)OC)CCC(=O)OCCCCCOC(=O)CC[N+]4(CCC5=CC(=C(C=C5C4CC6=CC(=C(C=C6)OC)OC)OC)OC)C.C1=CC=C(C=C1)S(=O)(=O)[O-].C1=CC=C(C=C1)S(=O)(=O)[O-],0,unreported_twosides_sampled,0.5600861310958862,0.5421322138933412,0.5421322138933412,fitted,platt_logistic_regression,0.5027927669387054,1,0.6895927202687165,0.21392190152801357,0.28098471986417656,no_interaction|interaction,2,True,0.36585365853658536,0.25,0.25,False,False,True
C1=CN(C=N1)CC(O)(P(=O)(O)O)P(=O)(O)O,C1C(C2C(O1)C(CO2)O[N+](=O)[O-])O,1,reported_twosides,0.17792625725269318,0.16879413779154426,0.16879413779154426,fitted,platt_logistic_regression,0.5027927669387054,0,0.45396900256749384,0.6477079796264855,0.04753820033955857,no_interaction,1,False,0.36585365853658536,0.8076923076923077,0.36585365853658536,False,False,True
C1CNCC(C1C2=CC=C(C=C2)F)COC3=CC4=C(C=C3)OCO4,CNCCC(C1=CC=CS1)OC2=CC=CC3=CC=CC=C32,1,reported_twosides,0.5276687741279602,0.50971344053572,0.50971344053572,fitted,platt_logistic_regression,0.5027927669387054,1,0.6929584668346078,0.23599320882852293,0.25127334465195245,no_interaction|interaction,2,True,0.24050632911392406,0.2647058823529412,0.24050632911392406,False,False,True
C1CNCC(C1C2=CC=C(C=C2)F)COC3=CC4=C(C=C3)OCO4,CCCCCN=C(N)NNC=C1C=NC2=C1C=C(C=C2)CO,1,reported_twosides,0.31696033477783203,0.30252131096308627,0.30252131096308627,fitted,platt_logistic_regression,0.5027927669387054,0,0.6129854917994726,0.44227504244482174,0.12478777589134125,no_interaction|interaction,2,True,0.24050632911392406,0.25,0.24050632911392406,False,False,True
C1=CC=C(C=C1)C2(C(=O)NC(=O)N2)C3=CC=CC=C3,CC1=CN(C(=O)NC1=O)C2CC(C(O2)CO)N=[N+]=[N-],0,unreported_twosides_sampled,0.0682133212685585,0.06459820495367317,0.06459820495367317,fitted,platt_logistic_regression,0.5027927669387054,0,0.2394365212448743,0.898981324278438,0.003395585738539898,no_interaction,1,False,0.4,0.7083333333333334,0.4,False,False,False
C1CC2CN(C(=O)C3=CC=CC(=C23)C1)C4CN5CCC4CC5,CNC(=C[N+](=O)[O-])NCCSCC1=CSC(=N1)CN(C)C,0,unreported_twosides_sampled,0.6183140873908997,0.6007554600854761,0.6007554600854761,fitted,platt_logistic_regression,0.5027927669387054,1,0.672704165054089,0.17572156196943972,0.3387096774193548,no_interaction|interaction,2,True,0.30303030303030304,0.603448275862069,0.30303030303030304,False,False,True
CC(C)CN(CC(C(CC1=CC=CC=C1)NC(=O)OC2CCOC2)O)S(=O)(=O)C3=CC=C(C=C3)N,CC1=CN(C(=O)NC1=O)C2CC(C(O2)CO)N=[N+]=[N-],1,reported_twosides,0.06752200424671173,0.06394427675197562,0.06394427675197562,fitted,platt_logistic_regression,0.5027927669387054,0,0.23768515917741936,0.900679117147708,0.003395585738539898,no_interaction,1,False,0.7972972972972973,0.7083333333333334,0.7083333333333334,False,False,False
C1=CN(C=N1)CC(O)(P(=O)(O)O)P(=O)(O)O,CC1=CN(C(=O)NC1=O)C2CC(C(O2)CO)N=[N+]=[N-],0,unreported_twosides_sampled,0.06502197682857513,0.061579624485946664,0.061579624485946664,fitted,platt_logistic_regression,0.5027927669387054,0,0.23129197373586569,0.9049235993208828,0.0025466893039049238,no_interaction,1,False,0.36585365853658536,0.7083333333333334,0.36585365853658536,False,False,True
CC1=CC=CC=C1OC(CCNC)C2=CC=CC=C2,CC1=NN=C2N1C3=C(C=C(C=C3)Cl)C(=NC2)C4=CC=CC=C4Cl,0,unreported_twosides_sampled,0.9568164348602295,0.9530824410172506,0.9530824410172506,fitted,platt_logistic_regression,0.5027927669387054,1,0.1893371590620715,0.001697792869269949,0.9320882852292021,interaction,1,False,0.30612244897959184,0.5454545454545454,0.30612244897959184,False,False,True
CC1=CN(C(=O)NC1=O)C2CC(C(O2)CO)N=[N+]=[N-],CNC(=C[N+](=O)[O-])NCCSCC1=CSC(=N1)CN(C)C,0,unreported_twosides_sampled,0.059385113418102264,0.05624885655083295,0.05624885655083295,fitted,platt_logistic_regression,0.5027927669387054,0,0.21651886216242752,0.9168081494057725,0.0025466893039049238,no_interaction,1,False,0.7083333333333334,0.603448275862069,0.603448275862069,False,False,False
CCCCC(C)(CC=CC1C(CC(=O)C1CCCCCCC(=O)OC)O)O,CN1CCC23C4C1CC5=C2C(=C(C=C5)O)OC3C(=O)CC4,0,unreported_twosides_sampled,0.9654263854026794,0.9623658256610247,0.9623658256610247,fitted,platt_logistic_regression,0.5027927669387054,1,0.16035112785469646,0.0008488964346349745,0.9456706281833617,interaction,1,False,0.3698630136986301,0.5333333333333333,0.3698630136986301,False,False,True
C1=CN(C(=O)N=C1N)C2C(C(C(O2)CO)O)O,CC(C1=CC=CC2=CC=CC=C21)NCCCC3=CC(=CC=C3)C(F)(F)F,0,unreported_twosides_sampled,0.042012009769678116,0.03982398248821009,0.03982398248821009,fitted,platt_logistic_regression,0.5027927669387054,0,0.1673843506246911,0.9405772495755518,0.001697792869269949,no_interaction,1,False,0.5306122448979592,0.24285714285714285,0.24285714285714285,False,False,True
CC(C)(C)NCC(COC1=NSN=C1N2CCOCC2)O,CC1=CC(=C(C=C1)C)OCCCC(C)(C)C(=O)O,0,unreported_twosides_sampled,0.321897029876709,0.3073101742961876,0.3073101742961876,fitted,platt_logistic_regression,0.5027927669387054,0,0.6169315433785929,0.4371816638370119,0.1307300509337861,no_interaction|interaction,2,True,0.4,0.26,0.26,False,False,True
C1=NC2=C(N1COC(CO)CO)NC(=NC2=O)N,CC1=NN=C2N1C3=C(C=C(C=C3)Cl)C(=NC2)C4=CC=CC=C4,0,unreported_twosides_sampled,0.9125170707702637,0.905653428344148,0.905653428344148,fitted,platt_logistic_regression,0.5027927669387054,1,0.3124804966003665,0.013582342954159592,0.8234295415959253,interaction,1,False,0.7307692307692307,0.62,0.62,False,False,False
CNC(=C[N+](=O)[O-])NCCSCC1=CSC(=N1)CN(C)C,CNCC(C1=CC(=C(C=C1)O)O)O,0,unreported_twosides_sampled,0.9628913998603821,0.9596300170206982,0.9596300170206982,fitted,platt_logistic_regression,0.5027927669387054,1,0.16911819641282222,0.001697792869269949,0.9397283531409168,interaction,1,False,0.603448275862069,0.475,0.475,False,False,False
C1CC2CN(C(=O)C3=CC=CC(=C23)C1)C4CN5CCC4CC5,CCCCCN=C(N)NNC=C1C=NC2=C1C=C(C=C2)CO,0,unreported_twosides_sampled,0.21706631779670715,0.20622735395486413,0.20622735395486413,fitted,platt_logistic_regression,0.5027927669387054,0,0.5089151096271569,0.5738539898132428,0.06112054329371817,no_interaction,1,False,0.30303030303030304,0.25,0.25,False,False,True
C1CC2CN(C(=O)C3=CC=CC(=C23)C1)C4CN5CCC4CC5,CC1=CC=CC=C1S(=O)(=O)NC(=O)C2=CC(=C(C=C2)CC3=CN(C4=C3C=C(C=C4)NC(=O)OC5CCCC5)C)OC,0,unreported_twosides_sampled,0.601411759853363,0.583685402416454,0.583685402416454,fitted,platt_logistic_regression,0.5027927669387054,1,0.6790745495108526,0.19015280135823429,0.3242784380305603,no_interaction|interaction,2,True,0.30303030303030304,0.2631578947368421,0.2631578947368421,False,False,True
C1=CC=C(C=C1)C2(C(=O)NC(=O)N2)C3=CC=CC=C3,CN1CCC23C4C1CC5=C2C(=C(C=C5)O)OC3C(=O)CC4,0,unreported_twosides_sampled,0.7443143725395203,0.7294441664695254,0.7294441664695254,fitted,platt_logistic_regression,0.5027927669387054,1,0.5838109013029656,0.10441426146010187,0.4770797962648557,no_interaction|interaction,2,True,0.4,0.5333333333333333,0.4,False,False,False
CNCC(C1=CC(=C(C=C1)O)O)O,C[N+]1(CCC2=CC(=C(C=C2C1CC3=CC(=C(C=C3)OC)OC)OC)OC)CCC(=O)OCCCCCOC(=O)CC[N+]4(CCC5=CC(=C(C=C5C4CC6=CC(=C(C=C6)OC)OC)OC)OC)C.C1=CC=C(C=C1)S(=O)(=O)[O-].C1=CC=C(C=C1)S(=O)(=O)[O-],1,reported_twosides,0.8785918951034546,0.8696544053621812,0.8696544053621812,fitted,platt_logistic_regression,0.5027927669387054,1,0.3870431398315411,0.02801358234295416,0.7410865874363328,interaction,1,False,0.475,0.25,0.25,False,False,True
C1=CN=CC=C1C(=O)NN,COC(=O)C(C1CCCCN1)C2=CC=CC=C2,0,unreported_twosides_sampled,0.049319375306367874,0.04673197505516219,0.04673197505516219,fitted,platt_logistic_regression,0.5027927669387054,0,0.1887779228409094,0.9320882852292021,0.001697792869269949,no_interaction,1,False,0.30303030303030304,0.3225806451612903,0.30303030303030304,False,False,True
CC1=CC=CC=C1S(=O)(=O)NC(=O)C2=CC(=C(C=C2)CC3=CN(C4=C3C=C(C=C4)NC(=O)OC5CCCC5)C)OC,CNC(=C[N+](=O)[O-])NCCSCC1=CSC(=N1)CN(C)C,1,reported_twosides,0.7273089289665222,0.711922211040521,0.711922211040521,fitted,platt_logistic_regression,0.5027927669387054,1,0.60042158116683,0.11375212224108659,0.45585738539898135,no_interaction|interaction,2,True,0.2631578947368421,0.603448275862069,0.2631578947368421,False,False,True
C1C(C(OC1N2C=NC3=C(N=C(N=C32)Cl)N)CO)O,CCCCC(C)(CC=CC1C(CC(=O)C1CCCCCCC(=O)OC)O)O,0,unreported_twosides_sampled,0.11802652478218079,0.1117896850648644,0.1117896850648644,fitted,platt_logistic_regression,0.5027927669387054,0,0.350240823759016,0.7792869269949066,0.022920203735144314,no_interaction,1,False,0.6296296296296297,0.3698630136986301,0.3698630136986301,False,False,True
CC1=NN=C2N1C3=C(C=C(C=C3)Cl)C(=NC2)C4=CC=CC=C4,CNCC(C1=CC(=C(C=C1)O)O)O,1,reported_twosides,0.4060846269130707,0.38944301998315345,0.38944301998315345,fitted,platt_logistic_regression,0.5027927669387054,0,0.6684982907621518,0.35738539898132426,0.1697792869269949,no_interaction|interaction,2,True,0.62,0.475,0.475,False,False,False
C1CC(CCC1C2=CC=C(C=C2)Cl)C3=C(C4=CC=CC=C4C(=O)C3=O)O,CNCCC(C1=CC=CS1)OC2=CC=CC3=CC=CC=C32,0,unreported_twosides_sampled,0.5727992057800293,0.5548880298391433,0.5548880298391433,fitted,platt_logistic_regression,0.5027927669387054,1,0.6871096284254119,0.20628183361629882,0.29456706281833617,no_interaction|interaction,2,True,0.2549019607843137,0.2647058823529412,0.2549019607843137,False,False,True
CC1=CC=CC=C1S(=O)(=O)NC(=O)C2=CC(=C(C=C2)CC3=CN(C4=C3C=C(C=C4)NC(=O)OC5CCCC5)C)OC,C[N+]1(CCC2=CC(=C(C=C2C1CC3=CC(=C(C=C3)OC)OC)OC)OC)CCC(=O)OCCCCCOC(=O)CC[N+]4(CCC5=CC(=C(C=C5C4CC6=CC(=C(C=C6)OC)OC)OC)OC)C.C1=CC=C(C=C1)S(=O)(=O)[O-].C1=CC=C(C=C1)S(=O)(=O)[O-],0,unreported_twosides_sampled,0.9523328542709351,0.948257500714806,0.948257500714806,fitted,platt_logistic_regression,0.5027927669387054,1,0.20361431078886538,0.0025466893039049238,0.9252971137521222,interaction,1,False,0.2631578947368421,0.25,0.25,False,False,True
C1=NC2=C(N1COC(CO)CO)NC(=NC2=O)N,CCC12CCC3C(C1CCC2(C#C)O)CCC4=CC(=O)CCC34,0,unreported_twosides_sampled,0.5727117657661438,0.5548002137291869,0.5548002137291869,fitted,platt_logistic_regression,0.5027927669387054,1,0.6871289710392694,0.20628183361629882,0.29456706281833617,no_interaction|interaction,2,True,0.7307692307692307,0.7169811320754716,0.7169811320754716,False,False,False
CCC(C)(C)C(=O)OC1CC(C=C2C1C(C(C=C2)C)CCC3CC(CC(=O)O3)O)C,CCC12CCC3C(C1CCC2(C#C)O)CCC4=CC(=O)CCC34,1,reported_twosides,0.24993012845516205,0.23778249930946896,0.23778249930946896,fitted,platt_logistic_regression,0.5027927669387054,0,0.5485103524553209,0.5186757215619694,0.08234295415959253,no_interaction,1,False,0.7424242424242424,0.7169811320754716,0.7169811320754716,False,False,False
CCCCC(C)(CC=CC1C(CC(=O)C1CCCCCCC(=O)OC)O)O,CCCCCN=C(N)NNC=C1C=NC2=C1C=C(C=C2)CO,1,reported_twosides,0.18414442241191864,0.17473080577540046,0.17473080577540046,fitted,platt_logistic_regression,0.5027927669387054,0,0.4633087768869659,0.6392190152801358,0.0500848896434635,no_interaction,1,False,0.3698630136986301,0.25,0.25,False,False,True
CC(C)(C)NCC(COC1=NSN=C1N2CCOCC2)O,CC1=CN(C(=O)NC1=O)C2CC(C(O2)CO)N=[N+]=[N-],0,unreported_twosides_sampled,0.04642387107014656,0.043994687081766,0.043994687081766,fitted,platt_logistic_regression,0.5027927669387054,0,0.1804380136955106,0.9354838709677419,0.001697792869269949,no_interaction,1,False,0.4,0.7083333333333334,0.4,False,False,False
C1NC2=CC(=C(C=C2S(=O)(=O)N1)S(=O)(=O)N)Cl,CCCCC(C)(CC=CC1C(CC(=O)C1CCCCCCC(=O)OC)O)O,1,reported_twosides,0.19183747470378876,0.18208089774627337,0.18208089774627337,fitted,platt_logistic_regression,0.5027927669387054,0,0.4745342262511477,0.6239388794567062,0.0500848896434635,no_interaction,1,False,0.5454545454545454,0.3698630136986301,0.3698630136986301,False,False,True
CC(C)C1=NC(=NC(=C1CCC(CC(CC(=O)O)O)O)C2=CC=C(C=C2)F)N(C)S(=O)(=O)C,CNCCC(C1=CC=CS1)OC2=CC=CC3=CC=CC=C32,1,reported_twosides,0.2137320339679718,0.20303232746170535,0.20303232746170535,fitted,platt_logistic_regression,0.5027927669387054,0,0.5045774956222728,0.5789473684210527,0.059422750424448216,no_interaction,1,False,0.4473684210526316,0.2647058823529412,0.2647058823529412,False,False,True
CC1=NN=C2N1C3=C(C=C(C=C3)Cl)C(=NC2)C4=CC=CC=C4Cl,COC1=CC(=CC(=C1OC)OC)CC2=CN=C(N=C2N)N,0,unreported_twosides_sampled,0.9901907444000244,0.9892299669306994,0.9892299669306994,fitted,platt_logistic_regression,0.5027927669387054,1,0.05951071447756269,0.0008488964346349745,0.9932088285229203,interaction,1,False,0.5454545454545454,0.22857142857142856,0.22857142857142856,False,False,True
CCC(C)(C)C(=O)OC1CC(C=C2C1C(C(C=C2)C)CCC3CC(CC(=O)O3)O)C,COC1=C(C=C2C(=C1)C(=NC(=N2)N3CCN(CC3)C(=O)C4=CC=CO4)N)OC,1,reported_twosides,0.9585786461830139,0.954980523625021,0.954980523625021,fitted,platt_logistic_regression,0.5027927669387054,1,0.18358063364760724,0.001697792869269949,0.934634974533107,interaction,1,False,0.7424242424242424,0.5882352941176471,0.5882352941176471,False,False,False
CC(C)[N+]1(C2CCC1CC(C2)OC(=O)C(CO)C3=CC=CC=C3)C,CN1CCCC(CC1)N2C(=O)C3=CC=CC=C3C(=N2)CC4=CC=C(C=C4)Cl,1,reported_twosides,0.16205386817455292,0.15365726545953715,0.15365726545953715,fitted,platt_logistic_regression,0.5027927669387054,0,0.4290008777288548,0.6833616298811545,0.038200339558573854,no_interaction,1,False,0.6326530612244898,0.3,0.3,False,False,True
CN1CCC23C4C1CC5=C2C(=C(C=C5)O)OC3C(=O)CC4,CN1CCCC(CC1)N2C(=O)C3=CC=CC=C3C(=N2)CC4=CC=C(C=C4)Cl,0,unreported_twosides_sampled,0.939099133014679,0.9340504820032354,0.9340504820032354,fitted,platt_logistic_regression,0.5027927669387054,1,0.2430332837197482,0.0050933786078098476,0.8938879456706282,interaction,1,False,0.5333333333333333,0.3,0.3,False,False,True
C1CC(CCC1C2=CC=C(C=C2)Cl)C3=C(C4=CC=CC=C4C(=O)C3=O)O,C1NC2=CC(=C(C=C2S(=O)(=O)N1)S(=O)(=O)N)Cl,1,reported_twosides,0.4873709976673126,0.4696246719812951,0.4696246719812951,fitted,platt_logistic_regression,0.5027927669387054,0,0.6913007227064891,0.2707979626485569,0.22071307300509338,no_interaction|interaction,2,True,0.2549019607843137,0.5454545454545454,0.2549019607843137,False,False,True
CC(CCC1=CC=C(C=C1)O)NCCC2=CC(=C(C=C2)O)O,CCOC(=O)C1(CCN(CC1)C)C2=CC=CC=C2,0,unreported_twosides_sampled,0.6919989585876465,0.6756964276030318,0.6756964276030318,fitted,platt_logistic_regression,0.5027927669387054,1,0.6300709123011949,0.13921901528013583,0.41765704584040747,no_interaction|interaction,2,True,0.38596491228070173,0.3559322033898305,0.3559322033898305,False,False,True
C1C(C(OC1N2C=NC3=C(N=C(N=C32)Cl)N)CO)O,CC(C)[N+]1(C2CCC1CC(C2)OC(=O)C(CO)C3=CC=CC=C3)C,0,unreported_twosides_sampled,0.02666245959699154,0.02531066829149328,0.02531066829149328,fitted,platt_logistic_regression,0.5027927669387054,0,0.11804302972558976,0.966893039049236,0.0008488964346349745,no_interaction,1,False,0.6296296296296297,0.6326530612244898,0.6296296296296297,False,False,False
C1CC(CCC1C2=CC=C(C=C2)Cl)C3=C(C4=CC=CC=C4C(=O)C3=O)O,CC1=CC=CC=C1OC(CCNC)C2=CC=CC=C2,0,unreported_twosides_sampled,0.6772636771202087,0.6606401720137112,0.6606401720137112,fitted,platt_logistic_regression,0.5027927669387054,1,0.640609942061408,0.14516129032258066,0.4032258064516129,no_interaction|interaction,2,True,0.2549019607843137,0.30612244897959184,0.2549019607843137,False,False,True
CC(C)(C)NCC(COC1=NSN=C1N2CCOCC2)O,CC1=C(C(=NO1)C2=C(C=CC=C2Cl)Cl)C(=O)NC3C4N(C3=O)C(C(S4)(C)C)C(=O)[O-],0,unreported_twosides_sampled,0.17782075703144073,0.1686934462957389,0.1686934462957389,fitted,platt_logistic_regression,0.5027927669387054,0,0.4538084442850198,0.6477079796264855,0.04753820033955857,no_interaction,1,False,0.4,0.7777777777777778,0.4,False,False,False
CC(C)CN(CC(C(CC1=CC=CC=C1)NC(=O)OC2CCOC2)O)S(=O)(=O)C3=CC=C(C=C3)N,CC1=NN=C2N1C3=C(C=C(C=C3)Cl)C(=NC2)C4=CC=CC=C4,0,unreported_twosides_sampled,0.6336096525192261,0.6162409091061528,0.6162409091061528,fitted,platt_logistic_regression,0.5027927669387054,1,0.6658744318585463,0.16553480475382004,0.3624787775891341,no_interaction|interaction,2,True,0.7972972972972973,0.62,0.62,False,False,False
CC1=C(C(=NO1)C2=C(C=CC=C2Cl)Cl)C(=O)NC3C4N(C3=O)C(C(S4)(C)C)C(=O)[O-],CC1=NN=C2N1C3=C(C=C(C=C3)Cl)C(=NC2)C4=CC=CC=C4Cl,0,unreported_twosides_sampled,0.8906143307685852,0.8823824060874761,0.8823824060874761,fitted,platt_logistic_regression,0.5027927669387054,1,0.36215118401522295,0.022920203735144314,0.769100169779287,interaction,1,False,0.7777777777777778,0.5454545454545454,0.5454545454545454,False,False,False
CC1=CC=CC=C1S(=O)(=O)NC(=O)C2=CC(=C(C=C2)CC3=CN(C4=C3C=C(C=C4)NC(=O)OC5CCCC5)C)OC,CC1CC2C3CCC4=CC(=O)C=CC4(C3(C(CC2(C1(C(=O)CCl)O)C)O)Cl)C,1,reported_twosides,0.3400515019893646,0.3249465063325445,0.3249465063325445,fitted,platt_logistic_regression,0.5027927669387054,0,0.6305419240103973,0.4168081494057725,0.13921901528013583,no_interaction|interaction,2,True,0.2631578947368421,0.8620689655172413,0.2631578947368421,False,False,True
C1C(C2C(O1)C(CO2)O[N+](=O)[O-])O,COC1=C(C=C2C(=C1)C(=NC(=N2)N3CCN(CC3)C(=O)C4=CC=CO4)N)OC,0,unreported_twosides_sampled,0.935907781124115,0.9306316744509038,0.9306316744509038,fitted,platt_logistic_regression,0.5027927669387054,1,0.25200192817427036,0.005942275042444821,0.8811544991511036,interaction,1,False,0.8076923076923077,0.5882352941176471,0.5882352941176471,False,False,False
C1=NC2=C(N1COC(CO)CO)NC(=NC2=O)N,CC1=CC=CC=C1S(=O)(=O)NC(=O)C2=CC(=C(C=C2)CC3=CN(C4=C3C=C(C=C4)NC(=O)OC5CCCC5)C)OC,0,unreported_twosides_sampled,0.8200498223304749,0.8081040290469444,0.8081040290469444,fitted,platt_logistic_regression,0.5027927669387054,1,0.4889604927059513,0.055178268251273345,0.6001697792869269,interaction,1,False,0.7307692307692307,0.2631578947368421,0.2631578947368421,False,False,True
C1=CN(C=N1)CC(O)(P(=O)(O)O)P(=O)(O)O,CC(C)OC(=O)C(C)(C)OC1=CC=C(C=C1)C(=O)C2=CC=C(C=C2)Cl,1,reported_twosides,0.318044513463974,0.3035727711597128,0.3035727711597128,fitted,platt_logistic_regression,0.5027927669387054,0,0.6138611796894333,0.44142614601018676,0.1273344651952462,no_interaction|interaction,2,True,0.36585365853658536,0.3137254901960784,0.3137254901960784,False,False,True
C1NC2=CC(=C(C=C2S(=O)(=O)N1)S(=O)(=O)N)Cl,CN1CCC23C4C1CC5=C2C(=C(C=C5)O)OC3C(=O)CC4,1,reported_twosides,0.4675107002258301,0.44995129013047747,0.44995129013047747,fitted,platt_logistic_regression,0.5027927669387054,0,0.6881290342769288,0.28777589134125636,0.20882852292020374,no_interaction|interaction,2,True,0.5454545454545454,0.5333333333333333,0.5333333333333333,False,False,False
CCC12CCC3C(C1CCC2(C#C)O)CCC4=CC(=O)CCC34,CNC(=O)CN(CCN(CCN(CC(=O)NC)CC(=O)[O-])CC(=O)[O-])CC(=O)[O-].O.[Gd+3],0,unreported_twosides_sampled,0.10805322974920273,0.10232791713606601,0.10232791713606601,fitted,platt_logistic_regression,0.5027927669387054,0,0.330168028724815,0.8064516129032258,0.017826825127334467,no_interaction,1,False,0.7169811320754716,0.5675675675675675,0.5675675675675675,False,False,False
C1=CN(C(=O)N=C1N)C2C(C(C(O2)CO)O)O,CC(C)(C)NCC(COC1=NSN=C1N2CCOCC2)O,0,unreported_twosides_sampled,0.27520591020584106,0.26213318398669067,0.26213318398669067,fitted,platt_logistic_regression,0.5027927669387054,0,0.5752763558240622,0.4855687606112054,0.100169779286927,no_interaction|interaction,2,True,0.5306122448979592,0.4,0.4,False,False,False
CCCCCN=C(N)NNC=C1C=NC2=C1C=C(C=C2)CO,CNCC(C1=CC(=C(C=C1)O)O)O,1,reported_twosides,0.26585453748703003,0.2531156361619004,0.2531156361619004,fitted,platt_logistic_regression,0.5027927669387054,0,0.565732206128928,0.499151103565365,0.09168081494057725,no_interaction,1,False,0.25,0.475,0.25,False,False,True
CC(C)OC(=O)C(C)(C)OC1=CC=C(C=C1)C(=O)C2=CC=C(C=C2)Cl,CC1=CC=CC=C1OC(CCNC)C2=CC=CC=C2,1,reported_twosides,0.35379546880722046,0.33832521090431106,0.33832521090431106,fitted,platt_logistic_regression,0.5027927669387054,0,0.639918345145696,0.40407470288624786,0.14516129032258066,no_interaction|interaction,2,True,0.3137254901960784,0.30612244897959184,0.30612244897959184,False,False,True
CC(C)OC(=O)C(C)(C)OC1=CC=C(C=C1)C(=O)C2=CC=C(C=C2)Cl,CC1=CN(C(=O)NC1=O)C2CC(C(O2)CO)N=[N+]=[N-],1,reported_twosides,0.1465633511543274,0.13890729738430296,0.13890729738430296,fitted,platt_logistic_regression,0.5027927669387054,0,0.4029749436575638,0.7190152801358234,0.03310696095076401,no_interaction,1,False,0.3137254901960784,0.7083333333333334,0.3137254901960784,False,False,True
CC(C)OC(=O)C(C)(C)OC1=CC=C(C=C1)C(=O)C2=CC=C(C=C2)Cl,CN(C)CCC(C1=CC=C(C=C1)Cl)C2=CC=CC=N2,0,unreported_twosides_sampled,0.35058310627937317,0.3351961179466081,0.3351961179466081,fitted,platt_logistic_regression,0.5027927669387054,0,0.6377975520142171,0.4074702886247878,0.1434634974533107,no_interaction|interaction,2,True,0.3137254901960784,0.28846153846153844,0.28846153846153844,False,False,True
C1=CN(C=N1)CC(O)(P(=O)(O)O)P(=O)(O)O,CC(C)[N+]1(C2CCC1CC(C2)OC(=O)C(CO)C3=CC=CC=C3)C,1,reported_twosides,0.07553178071975708,0.07152218657975126,0.07152218657975126,fitted,platt_logistic_regression,0.5027927669387054,0,0.2575586926267804,0.8760611205432938,0.005942275042444821,no_interaction,1,False,0.36585365853658536,0.6326530612244898,0.36585365853658536,False,False,True
CN1CCC23C4C1CC5=C2C(=C(C=C5)O)OC3C(=O)CC4,CNC(=C[N+](=O)[O-])NCCSCC1=CSC(=N1)CN(C)C,0,unreported_twosides_sampled,0.9299754500389099,0.9242836697741856,0.9242836697741856,fitted,platt_logistic_regression,0.5027927669387054,1,0.2681804162635024,0.006791171477079796,0.866723259762309,interaction,1,False,0.5333333333333333,0.603448275862069,0.5333333333333333,False,False,False
C1=CN(C=N1)CC(O)(P(=O)(O)O)P(=O)(O)O,CCCCC(C)(CC=CC1C(CC(=O)C1CCCCCCC(=O)OC)O)O,0,unreported_twosides_sampled,0.18159827589988708,0.17229946380083927,0.17229946380083927,fitted,platt_logistic_regression,0.5027927669387054,0,0.459513635392901,0.6417657045840407,0.04838709677419355,no_interaction,1,False,0.36585365853658536,0.3698630136986301,0.36585365853658536,False,False,True
C1=CN(C(=O)N=C1N)C2C(C(C(O2)CO)O)O,CC1=CC=CC=C1S(=O)(=O)NC(=O)C2=CC(=C(C=C2)CC3=CN(C4=C3C=C(C=C4)NC(=O)OC5CCCC5)C)OC,0,unreported_twosides_sampled,0.7017092704772949,0.6856377999924492,0.6856377999924492,fitted,platt_logistic_regression,0.5027927669387054,1,0.6225465780754706,0.13242784380305603,0.4303904923599321,no_interaction|interaction,2,True,0.5306122448979592,0.2631578947368421,0.2631578947368421,False,False,True
C1CNCC(C1C2=CC=C(C=C2)F)COC3=CC4=C(C=C3)OCO4,C1NC2=CC(=C(C=C2S(=O)(=O)N1)S(=O)(=O)N)Cl,1,reported_twosides,0.2945254445075989,0.28079502168196874,0.28079502168196874,fitted,platt_logistic_regression,0.5027927669387054,0,0.5937026182015491,0.46519524617996605,0.10696095076400679,no_interaction|interaction,2,True,0.24050632911392406,0.5454545454545454,0.24050632911392406,False,False,True
CC(C)[N+]1(C2CCC1CC(C2)OC(=O)C(CO)C3=CC=CC=C3)C,CC1=C(C(=NO1)C2=C(C=CC=C2Cl)Cl)C(=O)NC3C4N(C3=O)C(C(S4)(C)C)C(=O)[O-],0,unreported_twosides_sampled,0.1774778664112091,0.16836619221202645,0.16836619221202645,fitted,platt_logistic_regression,0.5027927669387054,0,0.4532861196434038,0.6477079796264855,0.04753820033955857,no_interaction,1,False,0.6326530612244898,0.7777777777777778,0.6326530612244898,False,False,False
C1=CC=C(C=C1)C2(C(=O)NC(=O)N2)C3=CC=CC=C3,C1=NC2=C(N1)C(=S)N=CN2,0,unreported_twosides_sampled,0.205253005027771,0.19491267486896613,0.19491267486896613,fitted,platt_logistic_regression,0.5027927669387054,0,0.4932684941468372,0.5950764006791172,0.05602716468590832,no_interaction,1,False,0.4,0.3142857142857143,0.3142857142857143,False,False,True
CCC12CCC3C(C1CCC2(C#C)O)CCC4=CC(=O)CCC34,CNCC(C1=CC(=C(C=C1)O)O)O,0,unreported_twosides_sampled,0.16061696410179138,0.15228812605023204,0.15228812605023204,fitted,platt_logistic_regression,0.5027927669387054,0,0.4266576275128077,0.6850594227504244,0.03735144312393888,no_interaction,1,False,0.7169811320754716,0.475,0.475,False,False,False
CCOC(=O)C1(CCN(CC1)C)C2=CC=CC=C2,COC(=O)C(C1CCCCN1)C2=CC=CC=C2,0,unreported_twosides_sampled,0.771299421787262,0.7573523122293466,0.7573523122293466,fitted,platt_logistic_regression,0.5027927669387054,1,0.5541126948804338,0.0831918505942275,0.5127334465195246,interaction,1,False,0.3559322033898305,0.3225806451612903,0.3225806451612903,False,False,True
C1=CN(C(=O)N=C1N)C2C(C(C(O2)CO)O)O,C1C(C(OC1N2C=NC3=C(N=C(N=C32)Cl)N)CO)O,1,reported_twosides,0.29372239112854004,0.28001843891036576,0.28001843891036576,fitted,platt_logistic_regression,0.5027927669387054,0,0.5929707314471975,0.46604414261460103,0.10696095076400679,no_interaction|interaction,2,True,0.5306122448979592,0.6296296296296297,0.5306122448979592,False,False,False
C1NC2=CC(=C(C=C2S(=O)(=O)N1)S(=O)(=O)N)Cl,CCC12CCC3C(C1CCC2(C#C)O)CCC4=CC(=O)CCC34,1,reported_twosides,0.07141179591417313,0.06762396788102257,0.06762396788102257,fitted,platt_logistic_regression,0.5027927669387054,0,0.24744906794307625,0.8853989813242784,0.0050933786078098476,no_interaction,1,False,0.5454545454545454,0.7169811320754716,0.5454545454545454,False,False,False
CC1=CC=CC=C1S(=O)(=O)NC(=O)C2=CC(=C(C=C2)CC3=CN(C4=C3C=C(C=C4)NC(=O)OC5CCCC5)C)OC,CCC12CCC3C(C1CCC2(C#C)O)CCC4=CC(=O)CCC34,0,unreported_twosides_sampled,0.39448514580726624,0.3780730558314269,0.3780730558314269,fitted,platt_logistic_regression,0.5027927669387054,0,0.6631129091615076,0.36587436332767403,0.16383701188455008,no_interaction|interaction,2,True,0.2631578947368421,0.7169811320754716,0.2631578947368421,False,False,True
CNCC(C1=CC(=C(C=C1)O)O)O,CNCCC(C1=CC=CC=C1)OC2=CC=C(C=C2)C(F)(F)F,1,reported_twosides,0.14759555459022522,0.13988947770154347,0.13988947770154347,fitted,platt_logistic_regression,0.5027927669387054,0,0.404762804305795,0.7156196943972836,0.03310696095076401,no_interaction,1,False,0.475,0.30612244897959184,0.30612244897959184,False,False,True
CC1=NN=C2N1C3=C(C=C(C=C3)Cl)C(=NC2)C4=CC=CC=C4,CNC(=O)CN(CCN(CCN(CC(=O)NC)CC(=O)[O-])CC(=O)[O-])CC(=O)[O-].O.[Gd+3],1,reported_twosides,0.1622958481311798,0.1538878525830263,0.1538878525830263,fitted,platt_logistic_regression,0.5027927669387054,0,0.4293941010947281,0.6808149405772496,0.038200339558573854,no_interaction,1,False,0.62,0.5675675675675675,0.5675675675675675,False,False,False
C1=CC=C(C=C1)C2(C(=O)NC(=O)N2)C3=CC=CC=C3,CCCC(C)(COC(=O)N)COC(=O)N,0,unreported_twosides_sampled,0.9667619466781616,0.9638080837099124,0.9638080837099124,fitted,platt_logistic_regression,0.5027927669387054,1,0.15564699813118016,0.0008488964346349745,0.9465195246179966,interaction,1,False,0.4,0.6774193548387096,0.4,False,False,False
CNC(=O)CN(CCN(CCN(CC(=O)NC)CC(=O)[O-])CC(=O)[O-])CC(=O)[O-].O.[Gd+3],COC(=O)C(C1CCCCN1)C2=CC=CC=C2,0,unreported_twosides_sampled,0.21280452609062195,0.20214376522833616,0.20214376522833616,fitted,platt_logistic_regression,0.5027927669387054,0,0.5033599897945362,0.5797962648556876,0.059422750424448216,no_interaction,1,False,0.5675675675675675,0.3225806451612903,0.3225806451612903,False,False,True
CC(C)(C)NCC(COC1=NSN=C1N2CCOCC2)O,CC(C)OC(=O)C(C)(C)OC1=CC=C(C=C1)C(=O)C2=CC=C(C=C2)Cl,1,reported_twosides,0.6422165036201477,0.624970701368977,0.624970701368977,fitted,platt_logistic_regression,0.5027927669387054,1,0.6615782028181948,0.16213921901528014,0.3692699490662139,no_interaction|interaction,2,True,0.4,0.3137254901960784,0.3137254901960784,False,False,True
CC(C)C1=NC(=NC(=C1CCC(CC(CC(=O)O)O)O)C2=CC=C(C=C2)F)N(C)S(=O)(=O)C,CNCCC(C1=CC=CC=C1)OC2=CC=C(C=C2)C(F)(F)F,1,reported_twosides,0.06319912523031235,0.05985563411402475,0.05985563411402475,fitted,platt_logistic_regression,0.5027927669387054,0,0.22657010976329714,0.9108658743633277,0.0025466893039049238,no_interaction,1,False,0.4473684210526316,0.30612244897959184,0.30612244897959184,False,False,True
C1CNCC(C1C2=CC=C(C=C2)F)COC3=CC4=C(C=C3)OCO4,CC(C1=CC=CC2=CC=CC=C21)NCCCC3=CC(=CC=C3)C(F)(F)F,1,reported_twosides,0.09439989179372787,0.08938660704668147,0.08938660704668147,fitted,platt_logistic_regression,0.5027927669387054,0,0.3011163540026794,0.83276740237691,0.010186757215619695,no_interaction,1,False,0.24050632911392406,0.24285714285714285,0.24050632911392406,False,False,True
COC(=O)C(C1CCCCN1)C2=CC=CC=C2,COC1=C(C=C2C(=C1)C(=NC(=N2)N3CCN(CC3)C(=O)C4=CC=CO4)N)OC,0,unreported_twosides_sampled,0.8361970782279968,0.8250127863923743,0.8250127863923743,fitted,platt_logistic_regression,0.5027927669387054,1,0.4637066127062643,0.0500848896434635,0.6392190152801358,interaction,1,False,0.3225806451612903,0.5882352941176471,0.3225806451612903,False,False,True
CC(C)C1=NC(=NC(=C1CCC(CC(CC(=O)O)O)O)C2=CC=C(C=C2)F)N(C)S(=O)(=O)C,CCCC(C)(COC(=O)N)COC(=O)N,1,reported_twosides,0.7033777832984924,0.6873475914813524,0.6873475914813524,fitted,platt_logistic_regression,0.5027927669387054,1,0.6212064881196263,0.13242784380305603,0.4312393887945671,no_interaction|interaction,2,True,0.4473684210526316,0.6774193548387096,0.4473684210526316,False,False,False
CC(C)OC(=O)C(C)(C)OC1=CC=C(C=C1)C(=O)C2=CC=C(C=C2)Cl,CCOC(=O)C1(CCN(CC1)C)C2=CC=CC=C2,1,reported_twosides,0.2968693673610687,0.28306211716862184,0.28306211716862184,fitted,platt_logistic_regression,0.5027927669387054,0,0.5958221656494314,0.4592529711375212,0.10950764006791172,no_interaction|interaction,2,True,0.3137254901960784,0.3559322033898305,0.3137254901960784,False,False,True
C1NC2=CC(=C(C=C2S(=O)(=O)N1)S(=O)(=O)N)Cl,CC1=C(C(=NO1)C2=C(C=CC=C2Cl)Cl)C(=O)NC3C4N(C3=O)C(C(S4)(C)C)C(=O)[O-],1,reported_twosides,0.21305912733078003,0.20238766688133225,0.20238766688133225,fitted,platt_logistic_regression,0.5027927669387054,0,0.5036946700238019,0.5797962648556876,0.059422750424448216,no_interaction,1,False,0.5454545454545454,0.7777777777777778,0.5454545454545454,False,False,False
C1C(C(OC1N2C=NC3=C(N=C(N=C32)Cl)N)CO)O,CN1CCCC(CC1)N2C(=O)C3=CC=CC=C3C(=N2)CC4=CC=C(C=C4)Cl,0,unreported_twosides_sampled,0.16011367738246918,0.15180861996532677,0.15180861996532677,fitted,platt_logistic_regression,0.5027927669387054,0,0.4258335362343808,0.6859083191850595,0.03735144312393888,no_interaction,1,False,0.6296296296296297,0.3,0.3,False,False,True
C1C(C2C(O1)C(CO2)O[N+](=O)[O-])O,COC(=O)C(C1CCCCN1)C2=CC=CC=C2,1,reported_twosides,0.6485168933868408,0.631368495435788,0.631368495435788,fitted,platt_logistic_regression,0.5027927669387054,1,0.6582233252351146,0.16213921901528014,0.3735144312393888,no_interaction|interaction,2,True,0.8076923076923077,0.3225806451612903,0.3225806451612903,False,False,True
CC(C)C1=NC(=NC(=C1CCC(CC(CC(=O)O)O)O)C2=CC=C(C=C2)F)N(C)S(=O)(=O)C,CNC(=C[N+](=O)[O-])NCCSCC1=CSC(=N1)CN(C)C,1,reported_twosides,0.3462026119232178,0.330931244327659,0.330931244327659,fitted,platt_logistic_regression,0.5027927669387054,0,0.634836168824771,0.41256366723259763,0.14176570458404075,no_interaction|interaction,2,True,0.4473684210526316,0.603448275862069,0.4473684210526316,False,False,False
C1=CC=C(C=C1)C2(C(=O)NC(=O)N2)C3=CC=CC=C3,CC1=NN=C2N1C3=C(C=C(C=C3)Cl)C(=NC2)C4=CC=CC=C4,1,reported_twosides,0.9534943699836731,0.9495068615490726,0.9495068615490726,fitted,platt_logistic_regression,0.5027927669387054,1,0.19996470750880163,0.0025466893039049238,0.9278438030560272,interaction,1,False,0.4,0.62,0.4,False,False,False
CC1=CC=CC=C1S(=O)(=O)NC(=O)C2=CC(=C(C=C2)CC3=CN(C4=C3C=C(C=C4)NC(=O)OC5CCCC5)C)OC,CC1=NN=C2N1C3=C(C=C(C=C3)Cl)C(=NC2)C4=CC=CC=C4,1,reported_twosides,0.8696829676628113,0.8602426261139208,0.8602426261139208,fitted,platt_logistic_regression,0.5027927669387054,1,0.40452280372927807,0.03310696095076401,0.7164685908319185,interaction,1,False,0.2631578947368421,0.62,0.2631578947368421,False,False,True
C1NC2=CC(=C(C=C2S(=O)(=O)N1)S(=O)(=O)N)Cl,CC1=CC(=C(C=C1)C)OCCCC(C)(C)C(=O)O,1,reported_twosides,0.14067107439041138,0.13330238101392422,0.13330238101392422,fitted,platt_logistic_regression,0.5027927669387054,0,0.39261652646303896,0.733446519524618,0.030560271646859084,no_interaction,1,False,0.5454545454545454,0.26,0.26,False,False,True
CN1CCC23C4C1CC5=C2C(=C(C=C5)O)OC3C(=O)CC4,CNCCC(C1=CC=CC=C1)OC2=CC=C(C=C2)C(F)(F)F,1,reported_twosides,0.5701956152915955,0.5522737294155867,0.5522737294155867,fitted,platt_logistic_regression,0.5027927669387054,1,0.6876720954820998,0.20628183361629882,0.2903225806451613,no_interaction|interaction,2,True,0.5333333333333333,0.30612244897959184,0.30612244897959184,False,False,True
CCC12CCC3C(C1CCC2(C#C)O)CCC4=CC(=O)CCC34,COC1=CC(=CC(=C1OC)OC)CC2=CN=C(N=C2N)N,0,unreported_twosides_sampled,0.8502964973449707,0.8398189116086474,0.8398189116086474,fitted,platt_logistic_regression,0.5027927669387054,1,0.43997004329567946,0.04159592529711375,0.666383701188455,interaction,1,False,0.7169811320754716,0.22857142857142856,0.22857142857142856,False,False,True
C1CC(CCC1C2=CC=C(C=C2)Cl)C3=C(C4=CC=CC=C4C(=O)C3=O)O,CNC(=C[N+](=O)[O-])NCCSCC1=CSC(=N1)CN(C)C,0,unreported_twosides_sampled,0.7884299755096436,0.7751362636262872,0.7751362636262872,fitted,platt_logistic_regression,0.5027927669387054,1,0.5329952617283025,0.0730050933786078,0.5415959252971138,interaction,1,False,0.2549019607843137,0.603448275862069,0.2549019607843137,False,False,True
CC1CC2C3CCC4=CC(=O)C=CC4(C3(C(CC2(C1(C(=O)CCl)O)C)O)Cl)C,COC(=O)C(C1CCCCN1)C2=CC=CC=C2,1,reported_twosides,0.25144127011299133,0.2392363112950129,0.2392363112950129,fitted,platt_logistic_regression,0.5027927669387054,0,0.550198039862158,0.5186757215619694,0.08234295415959253,no_interaction,1,False,0.8620689655172413,0.3225806451612903,0.3225806451612903,False,False,True
C1=CN=CC=C1C(=O)NN,CN(C)CCC(C1=CC=C(C=C1)Cl)C2=CC=CC=N2,1,reported_twosides,0.027541078627109528,0.0261417023357598,0.0261417023357598,fitted,platt_logistic_regression,0.5027927669387054,0,0.12106319565732607,0.9626485568760611,0.0008488964346349745,no_interaction,1,False,0.30303030303030304,0.28846153846153844,0.28846153846153844,False,False,True
C1C(C2C(O1)C(CO2)O[N+](=O)[O-])O,CC1=CN(C(=O)NC1=O)C2CC(C(O2)CO)N=[N+]=[N-],0,unreported_twosides_sampled,0.1894451528787613,0.17979459282304086,0.17979459282304086,fitted,platt_logistic_regression,0.5027927669387054,0,0.4710818751833591,0.629881154499151,0.0500848896434635,no_interaction,1,False,0.8076923076923077,0.7083333333333334,0.7083333333333334,False,False,False
CC1=NN=C2N1C3=C(C=C(C=C3)Cl)C(=NC2)C4=CC=CC=C4Cl,CCCC(C)(COC(=O)N)COC(=O)N,1,reported_twosides,0.9937578439712524,0.993128527709153,0.993128527709153,fitted,platt_logistic_regression,0.5027927669387054,1,0.041070331250342616,0.0008488964346349745,0.9966044142614601,interaction,1,False,0.5454545454545454,0.6774193548387096,0.5454545454545454,False,False,False
C1=CN(C=N1)CC(O)(P(=O)(O)O)P(=O)(O)O,C1CC2CN(C(=O)C3=CC=CC(=C23)C1)C4CN5CCC4CC5,1,reported_twosides,0.15397945046424866,0.14596612296780084,0.14596612296780084,fitted,platt_logistic_regression,0.5027927669387054,0,0.4156476302803359,0.7028862478777589,0.035653650254668934,no_interaction,1,False,0.36585365853658536,0.30303030303030304,0.30303030303030304,False,False,True
C1=NC2=C(N1)C(=S)N=CN2,CC1=CC(=C(C=C1)C)OCCCC(C)(C)C(=O)O,0,unreported_twosides_sampled,0.28654801845550537,0.2730839060058654,0.2730839060058654,fitted,platt_logistic_regression,0.5027927669387054,0,0.5863020941250936,0.47453310696095075,0.10441426146010187,no_interaction|interaction,2,True,0.3142857142857143,0.26,0.26,False,False,True
CC(C1=CC=CC2=CC=CC=C21)NCCCC3=CC(=CC=C3)C(F)(F)F,CCOC(=O)C1(CCN(CC1)C)C2=CC=CC=C2,0,unreported_twosides_sampled,0.10720205307006836,0.10152074308805933,0.10152074308805933,fitted,platt_logistic_regression,0.5027927669387054,0,0.32841159682186827,0.8073005093378608,0.016129032258064516,no_interaction,1,False,0.24285714285714285,0.3559322033898305,0.24285714285714285,False,False,True
CC1=CC=CC=C1OC(CCNC)C2=CC=CC=C2,CC1=CN(C(=O)NC1=O)C2CC(C(O2)CO)N=[N+]=[N-],0,unreported_twosides_sampled,0.023261021822690964,0.022092862368287877,0.022092862368287877,fitted,platt_logistic_regression,0.5027927669387054,0,0.10607605080586183,0.9728353140916808,0.0008488964346349745,no_interaction,1,False,0.30612244897959184,0.7083333333333334,0.30612244897959184,False,False,True
CC1=NN=C2N1C3=C(C=C(C=C3)Cl)C(=NC2)C4=CC=CC=C4,CNCCC(C1=CC=CS1)OC2=CC=CC3=CC=CC=C32,1,reported_twosides,0.7850476503372192,0.77162071421722,0.77162071421722,fitted,platt_logistic_regression,0.5027927669387054,1,0.5373105861743006,0.07470288624787776,0.534804753820034,interaction,1,False,0.62,0.2647058823529412,0.2647058823529412,False,False,True
CC(C)C1=NC(=NC(=C1CCC(CC(CC(=O)O)O)O)C2=CC=C(C=C2)F)N(C)S(=O)(=O)C,CN1CCCC(CC1)N2C(=O)C3=CC=CC=C3C(=N2)CC4=CC=C(C=C4)Cl,1,reported_twosides,0.16850897669792175,0.1598103448899427,0.1598103448899427,fitted,platt_logistic_regression,0.5027927669387054,0,0.4393552541166771,0.666383701188455,0.04159592529711375,no_interaction,1,False,0.4473684210526316,0.3,0.3,False,False,True
CNCCC(C1=CC=CC=C1)OC2=CC=C(C=C2)C(F)(F)F,COC(=O)C(C1CCCCN1)C2=CC=CC=C2,1,reported_twosides,0.44075465202331543,0.42353269182415626,0.42353269182415626,fitted,platt_logistic_regression,0.5027927669387054,0,0.6814066631051816,0.3157894736842105,0.1926994906621392,no_interaction|interaction,2,True,0.30612244897959184,0.3225806451612903,0.30612244897959184,False,False,True
C1C(C2C(O1)C(CO2)O[N+](=O)[O-])O,COC1=CC(=CC(=C1OC)OC)CC2=CN=C(N=C2N)N,1,reported_twosides,0.9438303112983704,0.9391239493100045,0.9391239493100045,fitted,platt_logistic_regression,0.5027927669387054,1,0.2293712339187016,0.0025466893039049238,0.9057724957555179,interaction,1,False,0.8076923076923077,0.22857142857142856,0.22857142857142856,False,False,True
C1CC(CCC1C2=CC=C(C=C2)Cl)C3=C(C4=CC=CC=C4C(=O)C3=O)O,CC1=C(C(=NO1)C2=C(C=CC=C2Cl)Cl)C(=O)NC3C4N(C3=O)C(C(S4)(C)C)C(=O)[O-],0,unreported_twosides_sampled,0.31956344842910767,0.305046106077413,0.305046106077413,fitted,platt_logistic_regression,0.5027927669387054,0,0.6150794224038237,0.4397283531409168,0.12818336162988114,no_interaction|interaction,2,True,0.2549019607843137,0.7777777777777778,0.2549019607843137,False,False,True
C1=NC2=C(N1)C(=S)N=CN2,C1C(C2C(O1)C(CO2)O[N+](=O)[O-])O,0,unreported_twosides_sampled,0.3821316063404083,0.3659831243838799,0.3659831243838799,fitted,platt_logistic_regression,0.5027927669387054,0,0.6567831695032733,0.3777589134125637,0.16129032258064516,no_interaction|interaction,2,True,0.3142857142857143,0.8076923076923077,0.3142857142857143,False,False,True
CC(C1=CC=CC2=CC=CC=C21)NCCCC3=CC(=CC=C3)C(F)(F)F,CNCCC(C1=CC=CC=C1)OC2=CC=C(C=C2)C(F)(F)F,0,unreported_twosides_sampled,0.1481359302997589,0.14040370342862016,0.14040370342862016,fitted,platt_logistic_regression,0.5027927669387054,0,0.4056956475787147,0.7147707979626485,0.03395585738539898,no_interaction,1,False,0.24285714285714285,0.30612244897959184,0.24285714285714285,False,False,True
C1=CN(C=N1)CC(O)(P(=O)(O)O)P(=O)(O)O,COC1=CC(=CC(=C1OC)OC)CC2=CN=C(N=C2N)N,1,reported_twosides,0.9258843064308167,0.9199111404101551,0.9199111404101551,fitted,platt_logistic_regression,0.5027927669387054,1,0.27898634410104695,0.00933786078098472,0.8539898132427843,interaction,1,False,0.36585365853658536,0.22857142857142856,0.22857142857142856,False,False,True
CC1=C(C(=NO1)C2=C(C=CC=C2Cl)Cl)C(=O)NC3C4N(C3=O)C(C(S4)(C)C)C(=O)[O-],CC1=CC=CC=C1S(=O)(=O)NC(=O)C2=CC(=C(C=C2)CC3=CN(C4=C3C=C(C=C4)NC(=O)OC5CCCC5)C)OC,0,unreported_twosides_sampled,0.5208031535148621,0.5028670859433089,0.5028670859433089,fitted,platt_logistic_regression,0.5027927669387054,1,0.6931307401062363,0.24023769100169778,0.2461799660441426,no_interaction|interaction,2,True,0.7777777777777778,0.2631578947368421,0.2631578947368421,False,False,True
CCP(CC)CC.CC(=O)OCC1C(C(C(C(O1)[S-])OC(=O)C)OC(=O)C)OC(=O)C.[Au+],CNCCC(C1=CC=CC=C1)OC2=CC=C(C=C2)C(F)(F)F,0,unreported_twosides_sampled,0.12726521492004395,0.12056146866822783,0.12056146866822783,fitted,platt_logistic_regression,0.5027927669387054,0,0.3680421877424662,0.7631578947368421,0.023769100169779286,no_interaction,1,False,0.22950819672131148,0.30612244897959184,0.22950819672131148,False,False,True
CC(C)(C)NCC(COC1=NSN=C1N2CCOCC2)O,CC1=NN=C2N1C3=C(C=C(C=C3)Cl)C(=NC2)C4=CC=CC=C4Cl,0,unreported_twosides_sampled,0.9400405883789062,0.9350595608600204,0.9350595608600204,fitted,platt_logistic_regression,0.5027927669387054,1,0.24035027362177114,0.003395585738539898,0.8964346349745331,interaction,1,False,0.4,0.5454545454545454,0.4,False,False,False
C1=CN(C(=O)N=C1N)C2C(C(C(O2)CO)O)O,CCCC(C)(COC(=O)N)COC(=O)N,0,unreported_twosides_sampled,0.4079183042049408,0.3912420221847317,0.3912420221847317,fitted,platt_logistic_regression,0.5027927669387054,0,0.6693004176284967,0.35738539898132426,0.17147707979626486,no_interaction|interaction,2,True,0.5306122448979592,0.6774193548387096,0.5306122448979592,False,False,False
C1CC2CN(C(=O)C3=CC=CC(=C23)C1)C4CN5CCC4CC5,CC1=NN=C2N1C3=C(C=C(C=C3)Cl)C(=NC2)C4=CC=CC=C4Cl,0,unreported_twosides_sampled,0.837096095085144,0.8259556908547007,0.8259556908547007,fitted,platt_logistic_regression,0.5027927669387054,1,0.462241380403709,0.0500848896434635,0.6409168081494058,interaction,1,False,0.30303030303030304,0.5454545454545454,0.30303030303030304,False,False,True
CNC(=C[N+](=O)[O-])NCCSCC1=CSC(=N1)CN(C)C,CNCCC(C1=CC=CS1)OC2=CC=CC3=CC=CC=C32,1,reported_twosides,0.66716068983078,0.6503375604942622,0.6503375604942622,fitted,platt_logistic_regression,0.5027927669387054,1,0.6472374253831283,0.1502546689303905,0.3930390492359932,no_interaction|interaction,2,True,0.603448275862069,0.2647058823529412,0.2647058823529412,False,False,True
CN(C)CCC(C1=CC=C(C=C1)Cl)C2=CC=CC=N2,CNCCC(C1=CC=CS1)OC2=CC=CC3=CC=CC=C32,0,unreported_twosides_sampled,0.4792439639568329,0.46156751282705794,0.46156751282705794,fitted,platt_logistic_regression,0.5027927669387054,0,0.6901901525966943,0.27928692699490665,0.21561969439728354,no_interaction|interaction,2,True,0.28846153846153844,0.2647058823529412,0.2647058823529412,False,False,True
CN1CCCC(CC1)N2C(=O)C3=CC=CC=C3C(=N2)CC4=CC=C(C=C4)Cl,COC1=C(C=C2C(=C1)C(=NC(=N2)N3CCN(CC3)C(=O)C4=CC=CO4)N)OC,0,unreported_twosides_sampled,0.9862672090530396,0.984953192753238,0.984953192753238,fitted,platt_logistic_regression,0.5027927669387054,1,0.07807830454830457,0.0008488964346349745,0.9889643463497453,interaction,1,False,0.3,0.5882352941176471,0.3,False,False,True
CN1CCCC(CC1)N2C(=O)C3=CC=CC=C3C(=N2)CC4=CC=C(C=C4)Cl,CNC(=C[N+](=O)[O-])NCCSCC1=CSC(=N1)CN(C)C,0,unreported_twosides_sampled,0.7986381649971008,0.7857592575565243,0.7857592575565243,fitted,platt_logistic_regression,0.5027927669387054,1,0.5195214019747113,0.06706281833616298,0.5577249575551783,interaction,1,False,0.3,0.603448275862069,0.3,False,False,True
CC(CCC1=CC=C(C=C1)O)NCCC2=CC(=C(C=C2)O)O,CNCCC(C1=CC=CS1)OC2=CC=CC3=CC=CC=C32,0,unreported_twosides_sampled,0.7415161728858948,0.7265575480158886,0.7265575480158886,fitted,platt_logistic_regression,0.5027927669387054,1,0.5866527983837899,0.10526315789473684,0.47453310696095075,no_interaction|interaction,2,True,0.38596491228070173,0.2647058823529412,0.2647058823529412,False,False,True
CC1=NN=C2N1C3=C(C=C(C=C3)Cl)C(=NC2)C4=CC=CC=C4Cl,COC(=O)C(C1CCCCN1)C2=CC=CC=C2,1,reported_twosides,0.9625329971313477,0.9592433970517799,0.9592433970517799,fitted,platt_logistic_regression,0.5027927669387054,1,0.17034126349751139,0.001697792869269949,0.9388794567062818,interaction,1,False,0.5454545454545454,0.3225806451612903,0.3225806451612903,False,False,True
C1=CC=C(C=C1)C2(C(=O)NC(=O)N2)C3=CC=CC=C3,CNCCC(C1=CC=CC=C1)OC2=CC=C(C=C2)C(F)(F)F,1,reported_twosides,0.10682753473520279,0.10116560275309273,0.10116560275309273,fitted,platt_logistic_regression,0.5027927669387054,0,0.3276365423796384,0.8073005093378608,0.016129032258064516,no_interaction,1,False,0.4,0.30612244897959184,0.30612244897959184,False,False,True
CC1=CN(C(=O)NC1=O)C2CC(C(O2)CO)N=[N+]=[N-],CCCCCN=C(N)NNC=C1C=NC2=C1C=C(C=C2)CO,0,unreported_twosides_sampled,0.050294164568185806,0.04765352187097451,0.04765352187097451,fitted,platt_logistic_regression,0.5027927669387054,0,0.19154734448689775,0.931239388794567,0.001697792869269949,no_interaction,1,False,0.7083333333333334,0.25,0.25,False,False,True
CC1=CN(C(=O)NC1=O)C2CC(C(O2)CO)N=[N+]=[N-],CNCCC(C1=CC=CS1)OC2=CC=CC3=CC=CC=C32,0,unreported_twosides_sampled,0.02218536101281643,0.021075044362167675,0.021075044362167675,fitted,platt_logistic_regression,0.5027927669387054,0,0.10219401407887263,0.9762308998302207,0.0008488964346349745,no_interaction,1,False,0.7083333333333334,0.2647058823529412,0.2647058823529412,False,False,True
CNC(=C[N+](=O)[O-])NCCSCC1=CSC(=N1)CN(C)C,COC(=O)C(C1CCCCN1)C2=CC=CC=C2,0,unreported_twosides_sampled,0.7980319857597351,0.7851279098273553,0.7851279098273553,fitted,platt_logistic_regression,0.5027927669387054,1,0.5203406869283054,0.06706281833616298,0.5560271646859083,interaction,1,False,0.603448275862069,0.3225806451612903,0.3225806451612903,False,False,True
C1=CN(C=N1)CC(O)(P(=O)(O)O)P(=O)(O)O,CN(C)CCC(C1=CC=C(C=C1)Cl)C2=CC=CC=N2,0,unreported_twosides_sampled,0.08049711585044861,0.07622140187810594,0.07622140187810594,fitted,platt_logistic_regression,0.5027927669387054,0,0.2694422993992654,0.865025466893039,0.008488964346349746,no_interaction,1,False,0.36585365853658536,0.28846153846153844,0.28846153846153844,False,False,True
CC(C)[N+]1(C2CCC1CC(C2)OC(=O)C(CO)C3=CC=CC=C3)C,CNC(=O)CN(CCN(CCN(CC(=O)NC)CC(=O)[O-])CC(=O)[O-])CC(=O)[O-].O.[Gd+3],1,reported_twosides,0.0209888257086277,0.019942699258039372,0.019942699258039372,fitted,platt_logistic_regression,0.5027927669387054,0,0.0978160252510343,0.9804753820033956,0.0008488964346349745,no_interaction,1,False,0.6326530612244898,0.5675675675675675,0.5675675675675675,False,False,False
CC1=NN=C2N1C3=C(C=C(C=C3)Cl)C(=NC2)C4=CC=CC=C4Cl,CNCC(C1=CC(=C(C=C1)O)O)O,0,unreported_twosides_sampled,0.9119647145271301,0.9050652039271891,0.9050652039271891,fitted,platt_logistic_regression,0.5027927669387054,1,0.31380885206396464,0.013582342954159592,0.8234295415959253,interaction,1,False,0.5454545454545454,0.475,0.475,False,False,False
C1=NC2=C(N1COC(CO)CO)NC(=NC2=O)N,CNCCC(C1=CC=CS1)OC2=CC=CC3=CC=CC=C32,0,unreported_twosides_sampled,0.2079310268163681,0.19747638166091397,0.19747638166091397,fitted,platt_logistic_regression,0.5027927669387054,0,0.4968839804216191,0.5933786078098472,0.057724957555178265,no_interaction,1,False,0.7307692307692307,0.2647058823529412,0.2647058823529412,False,False,True
CCCC(C)(COC(=O)N)COC(=O)N,CNCC(C1=CC(=C(C=C1)O)O)O,0,unreported_twosides_sampled,0.8662874698638916,0.8566598659337158,0.8566598659337158,fitted,platt_logistic_regression,0.5027927669387054,1,0.41098077069190586,0.03395585738539898,0.7096774193548387,interaction,1,False,0.6774193548387096,0.475,0.475,False,False,False
C1=CN(C(=O)N=C1N)C2C(C(C(O2)CO)O)O,CCCCC(C)(CC=CC1C(CC(=O)C1CCCCCCC(=O)OC)O)O,0,unreported_twosides_sampled,0.32107728719711304,0.30651477520584886,0.30651477520584886,fitted,platt_logistic_regression,0.5027927669387054,0,0.6162836161260934,0.4371816638370119,0.1307300509337861,no_interaction|interaction,2,True,0.5306122448979592,0.3698630136986301,0.3698630136986301,False,False,True
CC1=C(C(=NO1)C2=C(C=CC=C2Cl)Cl)C(=O)NC3C4N(C3=O)C(C(S4)(C)C)C(=O)[O-],CN1CCC23C4C1CC5=C2C(=C(C=C5)O)OC3C(=O)CC4,0,unreported_twosides_sampled,0.8786592483520508,0.8697256244355238,0.8697256244355238,fitted,platt_logistic_regression,0.5027927669387054,1,0.3869079503092401,0.02801358234295416,0.7410865874363328,interaction,1,False,0.7777777777777778,0.5333333333333333,0.5333333333333333,False,False,False
CC(C)C1=NC(=NC(=C1CCC(CC(CC(=O)O)O)O)C2=CC=C(C=C2)F)N(C)S(=O)(=O)C,CN1CCC23C4C1CC5=C2C(=C(C=C5)O)OC3C(=O)CC4,1,reported_twosides,0.7041793465614319,0.6881691502145351,0.6881691502145351,fitted,platt_logistic_regression,0.5027927669387054,1,0.6205577356727924,0.13242784380305603,0.43208828522920206,no_interaction|interaction,2,True,0.4473684210526316,0.5333333333333333,0.4473684210526316,False,False,False
CC1=CC=CC=C1S(=O)(=O)NC(=O)C2=CC(=C(C=C2)CC3=CN(C4=C3C=C(C=C4)NC(=O)OC5CCCC5)C)OC,CNCCC(C1=CC=CC=C1)OC2=CC=C(C=C2)C(F)(F)F,1,reported_twosides,0.1715877652168274,0.16274647354563565,0.16274647354563565,fitted,platt_logistic_regression,0.5027927669387054,0,0.4441962255841959,0.6612903225806451,0.0432937181663837,no_interaction,1,False,0.2631578947368421,0.30612244897959184,0.2631578947368421,False,False,True
C1=CN=CC=C1C(=O)NN,CCCCC(C)(CC=CC1C(CC(=O)C1CCCCCCC(=O)OC)O)O,1,reported_twosides,0.04398026317358017,0.041684647473374394,0.041684647473374394,fitted,platt_logistic_regression,0.5027927669387054,0,0.17326158141676784,0.9388794567062818,0.001697792869269949,no_interaction,1,False,0.30303030303030304,0.3698630136986301,0.30303030303030304,False,False,True
C1CC(CCC1C2=CC=C(C=C2)Cl)C3=C(C4=CC=CC=C4C(=O)C3=O)O,CCCCC(C)(CC=CC1C(CC(=O)C1CCCCCCC(=O)OC)O)O,0,unreported_twosides_sampled,0.3811749219894409,0.3650476734710248,0.3650476734710248,fitted,platt_logistic_regression,0.5027927669387054,0,0.6562672638436692,0.3777589134125637,0.16044142614601017,no_interaction|interaction,2,True,0.2549019607843137,0.3698630136986301,0.2549019607843137,False,False,True
CCC(C)(C)C(=O)OC1CC(C=C2C1C(C(C=C2)C)CCC3CC(CC(=O)O3)O)C,C[N+]1(CCC2=CC(=C(C=C2C1CC3=CC(=C(C=C3)OC)OC)OC)OC)CCC(=O)OCCCCCOC(=O)CC[N+]4(CCC5=CC(=C(C=C5C4CC6=CC(=C(C=C6)OC)OC)OC)OC)C.C1=CC=C(C=C1)S(=O)(=O)[O-].C1=CC=C(C=C1)S(=O)(=O)[O-],0,unreported_twosides_sampled,0.743651270866394,0.7287599890166713,0.7287599890166713,fitted,platt_logistic_regression,0.5027927669387054,1,0.5844882861711512,0.10441426146010187,0.4762308998302207,no_interaction|interaction,2,True,0.7424242424242424,0.25,0.25,False,False,True
CC(CCC1=CC=C(C=C1)O)NCCC2=CC(=C(C=C2)O)O,CC1=CC(=C(C=C1)C)OCCCC(C)(C)C(=O)O,0,unreported_twosides_sampled,0.43014708161354065,0.4130857077584362,0.4130857077584362,fitted,platt_logistic_regression,0.5027927669387054,0,0.6779619715961493,0.32682512733446517,0.18760611205432937,no_interaction|interaction,2,True,0.38596491228070173,0.26,0.26,False,False,True
CC1=CC(=C(C=C1)C)OCCCC(C)(C)C(=O)O,CC1=NN=C2N1C3=C(C=C(C=C3)Cl)C(=NC2)C4=CC=CC=C4,1,reported_twosides,0.5461792945861816,0.5282059722861382,0.5282059722861382,fitted,platt_logistic_regression,0.5027927669387054,1,0.6915551818152343,0.22071307300509338,0.2699490662139219,no_interaction|interaction,2,True,0.26,0.62,0.26,False,False,True
CC(C)[N+]1(C2CCC1CC(C2)OC(=O)C(CO)C3=CC=CC=C3)C,CCC(C)(C)C(=O)OC1CC(C=C2C1C(C(C=C2)C)CCC3CC(CC(=O)O3)O)C,1,reported_twosides,0.22828485071659088,0.2169860093390077,0.2169860093390077,fitted,platt_logistic_regression,0.5027927669387054,0,0.5230666984163967,0.5526315789473685,0.06791171477079797,no_interaction,1,False,0.6326530612244898,0.7424242424242424,0.6326530612244898,False,False,False
CC1CC2C3CCC4=CC(=O)C=CC4(C3(C(CC2(C1(C(=O)CCl)O)C)O)Cl)C,CCOC(=O)C1(CCN(CC1)C)C2=CC=CC=C2,1,reported_twosides,0.2883274555206299,0.2748032949759202,0.2748032949759202,fitted,platt_logistic_regression,0.5027927669387054,0,0.5879779943444775,0.47283531409168084,0.10526315789473684,no_interaction|interaction,2,True,0.8620689655172413,0.3559322033898305,0.3559322033898305,False,False,True
CNC(=O)CN(CCN(CCN(CC(=O)NC)CC(=O)[O-])CC(=O)[O-])CC(=O)[O-].O.[Gd+3],CNCCC(C1=CC=CC=C1)OC2=CC=C(C=C2)C(F)(F)F,0,unreported_twosides_sampled,0.010094888508319855,0.009621701844371664,0.009621701844371664,fitted,platt_logistic_regression,0.5027927669387054,0,0.05425588927107172,0.9940577249575552,0.0008488964346349745,no_interaction,1,False,0.5675675675675675,0.30612244897959184,0.30612244897959184,False,False,True
C1CC(CCC1C2=CC=C(C=C2)Cl)C3=C(C4=CC=CC=C4C(=O)C3=O)O,COC(=O)C(C1CCCCN1)C2=CC=CC=C2,1,reported_twosides,0.8179337978363037,0.8058919326931168,0.8058919326931168,fitted,platt_logistic_regression,0.5027927669387054,1,0.49212517454787874,0.05602716468590832,0.5967741935483871,interaction,1,False,0.2549019607843137,0.3225806451612903,0.2549019607843137,False,False,True
CC1=C(C(=NO1)C2=C(C=CC=C2Cl)Cl)C(=O)NC3C4N(C3=O)C(C(S4)(C)C)C(=O)[O-],CC1=NN=C2N1C3=C(C=C(C=C3)Cl)C(=NC2)C4=CC=CC=C4,1,reported_twosides,0.3961295783519745,0.3796838854408732,0.3796838854408732,fitted,platt_logistic_regression,0.5027927669387054,0,0.6639091611477208,0.36587436332767403,0.16383701188455008,no_interaction|interaction,2,True,0.7777777777777778,0.62,0.62,False,False,False
CCC(C)(C)C(=O)OC1CC(C=C2C1C(C(C=C2)C)CCC3CC(CC(=O)O3)O)C,CNC(=O)CN(CCN(CCN(CC(=O)NC)CC(=O)[O-])CC(=O)[O-])CC(=O)[O-].O.[Gd+3],1,reported_twosides,0.1030731052160263,0.09760599251536496,0.09760599251536496,fitted,platt_logistic_regression,0.5027927669387054,0,0.31979073227252375,0.8157894736842105,0.014431239388794566,no_interaction,1,False,0.7424242424242424,0.5675675675675675,0.5675675675675675,False,False,False
CC(C)(C)NCC(COC1=NSN=C1N2CCOCC2)O,CCC(C)(C)C(=O)OC1CC(C=C2C1C(C(C=C2)C)CCC3CC(CC(=O)O3)O)C,1,reported_twosides,0.7604923844337463,0.7461601662220894,0.7461601662220894,fitted,platt_logistic_regression,0.5027927669387054,1,0.5665144480061793,0.09168081494057725,0.499151103565365,interaction,1,False,0.4,0.7424242424242424,0.4,False,False,False
C1CC2CN(C(=O)C3=CC=CC(=C23)C1)C4CN5CCC4CC5,CC1=NN=C2N1C3=C(C=C(C=C3)Cl)C(=NC2)C4=CC=CC=C4,1,reported_twosides,0.5962811708450317,0.5785125573134255,0.5785125573134255,fitted,platt_logistic_regression,0.5027927669387054,1,0.680767567358294,0.19185059422750425,0.3200339558573854,no_interaction|interaction,2,True,0.30303030303030304,0.62,0.30303030303030304,False,False,True
CC(C1=CC=CC2=CC=CC=C21)NCCCC3=CC(=CC=C3)C(F)(F)F,CCC(C)(C)C(=O)OC1CC(C=C2C1C(C(C=C2)C)CCC3CC(CC(=O)O3)O)C,1,reported_twosides,0.20368146896362305,0.19340856772075882,0.19340856772075882,fitted,platt_logistic_regression,0.5027927669387054,0,0.49112784729728,0.5984719864176571,0.05602716468590832,no_interaction,1,False,0.24285714285714285,0.7424242424242424,0.24285714285714285,False,False,True
C1C(C2C(O1)C(CO2)O[N+](=O)[O-])O,CC1=CC(=C(C=C1)C)OCCCC(C)(C)C(=O)O,1,reported_twosides,0.4869060218334198,0.46916344558591383,0.46916344558591383,fitted,platt_logistic_regression,0.5027927669387054,0,0.6912441869488164,0.2707979626485569,0.22071307300509338,no_interaction|interaction,2,True,0.8076923076923077,0.26,0.26,False,False,True
C1=NC2=C(N1COC(CO)CO)NC(=NC2=O)N,CC(C)OC(=O)C(C)(C)OC1=CC=C(C=C1)C(=O)C2=CC=C(C=C2)Cl,0,unreported_twosides_sampled,0.8352872729301453,0.8240587281927625,0.8240587281927625,fitted,platt_logistic_regression,0.5027927669387054,1,0.4651829093974551,0.0500848896434635,0.6358234295415959,interaction,1,False,0.7307692307692307,0.3137254901960784,0.3137254901960784,False,False,True
C1C(C(OC1N2C=NC3=C(N=C(N=C32)Cl)N)CO)O,CN1CCC23C4C1CC5=C2C(=C(C=C5)O)OC3C(=O)CC4,0,unreported_twosides_sampled,0.8315263390541077,0.8201165796910629,0.8201165796910629,fitted,platt_logistic_regression,0.5027927669387054,1,0.47121666544110147,0.0500848896434635,0.629881154499151,interaction,1,False,0.6296296296296297,0.5333333333333333,0.5333333333333333,False,False,False
CC(CCC1=CC=C(C=C1)O)NCCC2=CC(=C(C=C2)O)O,CN1CCCC(CC1)N2C(=O)C3=CC=CC=C3C(=N2)CC4=CC=C(C=C4)Cl,0,unreported_twosides_sampled,0.9547658562660217,0.9508749778613989,0.9508749778613989,fitted,platt_logistic_regression,0.5027927669387054,1,0.1959308206928287,0.001697792869269949,0.931239388794567,interaction,1,False,0.38596491228070173,0.3,0.3,False,False,True
CC1=NN=C2N1C3=C(C=C(C=C3)Cl)C(=NC2)C4=CC=CC=C4Cl,CNCCC(C1=CC=CS1)OC2=CC=CC3=CC=CC=C32,1,reported_twosides,0.9562370777130127,0.9524586267339976,0.9524586267339976,fitted,platt_logistic_regression,0.5027927669387054,1,0.19121132383989675,0.001697792869269949,0.931239388794567,interaction,1,False,0.5454545454545454,0.2647058823529412,0.2647058823529412,False,False,True
CC1=CC=CC=C1S(=O)(=O)NC(=O)C2=CC(=C(C=C2)CC3=CN(C4=C3C=C(C=C4)NC(=O)OC5CCCC5)C)OC,CCCC(C)(COC(=O)N)COC(=O)N,0,unreported_twosides_sampled,0.9345417022705078,0.9291690601391202,0.9291690601391202,fitted,platt_logistic_regression,0.5027927669387054,1,0.25578304641420213,0.005942275042444821,0.8769100169779287,interaction,1,False,0.2631578947368421,0.6774193548387096,0.2631578947368421,False,False,True
CC1=CC(=C(C=C1)C)OCCCC(C)(C)C(=O)O,CCC(C)(C)C(=O)OC1CC(C=C2C1C(C(C=C2)C)CCC3CC(CC(=O)O3)O)C,1,reported_twosides,0.5060411095619202,0.48816930827208405,0.48816930827208405,fitted,platt_logistic_regression,0.5027927669387054,0,0.6928672239002043,0.2538200339558574,0.23429541595925296,no_interaction|interaction,2,True,0.26,0.7424242424242424,0.26,False,False,True
CC1CC2C3CCC4=CC(=O)C=CC4(C3(C(CC2(C1(C(=O)CCl)O)C)O)Cl)C,CNCCC(C1=CC=CC=C1)OC2=CC=C(C=C2)C(F)(F)F,1,reported_twosides,0.07491209357976913,0.0709358020094103,0.0709358020094103,fitted,platt_logistic_regression,0.5027927669387054,0,0.2560528775375781,0.8760611205432938,0.005942275042444821,no_interaction,1,False,0.8620689655172413,0.30612244897959184,0.30612244897959184,False,False,True
CC(C1=CC=CC2=CC=CC=C21)NCCCC3=CC(=CC=C3)C(F)(F)F,CCCCC(C)(CC=CC1C(CC(=O)C1CCCCCCC(=O)OC)O)O,0,unreported_twosides_sampled,0.07291712611913681,0.06904817543682104,0.06904817543682104,fitted,platt_logistic_regression,0.5027927669387054,0,0.2511698848060079,0.8828522920203735,0.005942275042444821,no_interaction,1,False,0.24285714285714285,0.3698630136986301,0.24285714285714285,False,False,True
C1=CC=C(C=C1)C2(C(=O)NC(=O)N2)C3=CC=CC=C3,CNC(=C[N+](=O)[O-])NCCSCC1=CSC(=N1)CN(C)C,0,unreported_twosides_sampled,0.4308566749095917,0.4137840883101515,0.4137840883101515,fitted,platt_logistic_regression,0.5027927669387054,0,0.6782062537028286,0.32682512733446517,0.18845500848896435,no_interaction|interaction,2,True,0.4,0.603448275862069,0.4,False,False,False
C1CC2CN(C(=O)C3=CC=CC(=C23)C1)C4CN5CCC4CC5,CN1CCC23C4C1CC5=C2C(=C(C=C5)O)OC3C(=O)CC4,1,reported_twosides,0.597406804561615,0.579647118545049,0.579647118545049,fitted,platt_logistic_regression,0.5027927669387054,1,0.6804056453623127,0.19100169779286927,0.32173174872665533,no_interaction|interaction,2,True,0.30303030303030304,0.5333333333333333,0.30303030303030304,False,False,True
CCCCC(C)(CC=CC1C(CC(=O)C1CCCCCCC(=O)OC)O)O,CNCCC(C1=CC=CC=C1)OC2=CC=C(C=C2)C(F)(F)F,1,reported_twosides,0.15150637924671173,0.14361164093161485,0.14361164093161485,fitted,platt_logistic_regression,0.5027927669387054,0,0.4114658762504978,0.7088285229202037,0.03480475382003396,no_interaction,1,False,0.3698630136986301,0.30612244897959184,0.30612244897959184,False,False,True
CC1=C(C(=NO1)C2=C(C=CC=C2Cl)Cl)C(=O)NC3C4N(C3=O)C(C(S4)(C)C)C(=O)[O-],CCCCC(C)(CC=CC1C(CC(=O)C1CCCCCCC(=O)OC)O)O,1,reported_twosides,0.29508230090141296,0.2813335672580597,0.2813335672580597,fitted,platt_logistic_regression,0.5027927669387054,0,0.5942084140737325,0.4634974533106961,0.10696095076400679,no_interaction|interaction,2,True,0.7777777777777778,0.3698630136986301,0.3698630136986301,False,False,True
CC(C)[N+]1(C2CCC1CC(C2)OC(=O)C(CO)C3=CC=CC=C3)C,CNC(=C[N+](=O)[O-])NCCSCC1=CSC(=N1)CN(C)C,1,reported_twosides,0.12440749257802963,0.11784743533712114,0.11784743533712114,fitted,platt_logistic_regression,0.5027927669387054,0,0.36261410308023856,0.769100169779287,0.022920203735144314,no_interaction,1,False,0.6326530612244898,0.603448275862069,0.603448275862069,False,False,False
C1=NC2=C(N1)C(=S)N=CN2,CCCCCCCCCCCCCCCCCCCCCCO,0,unreported_twosides_sampled,0.0017555953236296773,0.0016873583309101525,0.0016873583309101525,fitted,platt_logistic_regression,0.5027927669387054,0,0.012459026906971555,1.0,0.0008488964346349745,no_interaction,1,False,0.3142857142857143,0.24242424242424243,0.24242424242424243,False,False,True
CC(C)C1=NC(=NC(=C1CCC(CC(CC(=O)O)O)O)C2=CC=C(C=C2)F)N(C)S(=O)(=O)C,CC1=C(C(=NO1)C2=C(C=CC=C2Cl)Cl)C(=O)NC3C4N(C3=O)C(C(S4)(C)C)C(=O)[O-],1,reported_twosides,0.1501646637916565,0.1423344957527692,0.1423344957527692,fitted,platt_logistic_regression,0.5027927669387054,0,0.409178743851082,0.7096774193548387,0.03395585738539898,no_interaction,1,False,0.4473684210526316,0.7777777777777778,0.4473684210526316,False,False,False
CC(C1=CC=CC2=CC=CC=C21)NCCCC3=CC(=CC=C3)C(F)(F)F,CN1CCC23C4C1CC5=C2C(=C(C=C5)O)OC3C(=O)CC4,0,unreported_twosides_sampled,0.3039363920688629,0.28990143291078085,0.28990143291078085,fitted,platt_logistic_regression,0.5027927669387054,0,0.6020634035991537,0.45500848896434637,0.11375212224108659,no_interaction|interaction,2,True,0.24285714285714285,0.5333333333333333,0.24285714285714285,False,False,True
C1=CN=CC=C1C(=O)NN,CNC(=O)CN(CCN(CCN(CC(=O)NC)CC(=O)[O-])CC(=O)[O-])CC(=O)[O-].O.[Gd+3],0,unreported_twosides_sampled,0.00795118510723114,0.007586760704976272,0.007586760704976272,fitted,platt_logistic_regression,0.5027927669387054,0,0.04459154681821207,0.9966044142614601,0.0008488964346349745,no_interaction,1,False,0.30303030303030304,0.5675675675675675,0.30303030303030304,False,False,True
C1NC2=CC(=C(C=C2S(=O)(=O)N1)S(=O)(=O)N)Cl,CCCCCN=C(N)NNC=C1C=NC2=C1C=C(C=C2)CO,1,reported_twosides,0.05669839307665825,0.05370839600986233,0.05370839600986233,fitted,platt_logistic_regression,0.5027927669387054,0,0.20929289883324703,0.9210526315789473,0.0025466893039049238,no_interaction,1,False,0.5454545454545454,0.25,0.25,False,False,True
CC1=CC=CC=C1OC(CCNC)C2=CC=CC=C2,CC1CC2C3CCC4=CC(=O)C=CC4(C3(C(CC2(C1(C(=O)CCl)O)C)O)Cl)C,1,reported_twosides,0.17118051648139954,0.16235804313928254,0.16235804313928254,fitted,platt_logistic_regression,0.5027927669387054,0,0.44355944848693674,0.6612903225806451,0.0432937181663837,no_interaction,1,False,0.30612244897959184,0.8620689655172413,0.30612244897959184,False,False,True
C1CNCC(C1C2=CC=C(C=C2)F)COC3=CC4=C(C=C3)OCO4,CCC(C)(C)C(=O)OC1CC(C=C2C1C(C(C=C2)C)CCC3CC(CC(=O)O3)O)C,1,reported_twosides,0.5533442497253418,0.5353773744005951,0.5353773744005951,fitted,platt_logistic_regression,0.5027927669387054,1,0.690641970595491,0.2164685908319185,0.2767402376910017,no_interaction|interaction,2,True,0.24050632911392406,0.7424242424242424,0.24050632911392406,False,False,True
CC1=CC=CC=C1OC(CCNC)C2=CC=CC=C2,CN1CCCC(CC1)N2C(=O)C3=CC=CC=C3C(=N2)CC4=CC=C(C=C4)Cl,0,unreported_twosides_sampled,0.3318649232387543,0.31698858814309605,0.31698858814309605,fitted,platt_logistic_regression,0.5027927669387054,0,0.6245786676129852,0.4295415959252971,0.13497453310696095,no_interaction|interaction,2,True,0.30612244897959184,0.3,0.3,False,False,True
C1NC2=CC(=C(C=C2S(=O)(=O)N1)S(=O)(=O)N)Cl,CC1=CN(C(=O)NC1=O)C2CC(C(O2)CO)N=[N+]=[N-],1,reported_twosides,0.07842367142438889,0.07425892546639791,0.07425892546639791,fitted,platt_logistic_regression,0.5027927669387054,0,0.26451868737298273,0.870118845500849,0.006791171477079796,no_interaction,1,False,0.5454545454545454,0.7083333333333334,0.5454545454545454,False,False,False
C1CNCC(C1C2=CC=C(C=C2)F)COC3=CC4=C(C=C3)OCO4,CC1=NN=C2N1C3=C(C=C(C=C3)Cl)C(=NC2)C4=CC=CC=C4Cl,1,reported_twosides,0.990384578704834,0.9894415331351369,0.9894415331351369,fitted,platt_logistic_regression,0.5027927669387054,1,0.05855228717365056,0.0008488964346349745,0.9932088285229203,interaction,1,False,0.24050632911392406,0.5454545454545454,0.24050632911392406,False,False,True
C1C(C2C(O1)C(CO2)O[N+](=O)[O-])O,CC1=NN=C2N1C3=C(C=C(C=C3)Cl)C(=NC2)C4=CC=CC=C4Cl,1,reported_twosides,0.9910551309585571,0.9901736551794115,0.9901736551794115,fitted,platt_logistic_regression,0.5027927669387054,1,0.055202036152788375,0.0008488964346349745,0.9940577249575552,interaction,1,False,0.8076923076923077,0.5454545454545454,0.5454545454545454,False,False,False
CC1=NN=C2N1C3=C(C=C(C=C3)Cl)C(=NC2)C4=CC=CC=C4Cl,CNC(=C[N+](=O)[O-])NCCSCC1=CSC(=N1)CN(C)C,1,reported_twosides,0.9785319566726685,0.9765474701150377,0.9765474701150377,fitted,platt_logistic_regression,0.5027927669387054,1,0.11118745636962077,0.0008488964346349745,0.969439728353141,interaction,1,False,0.5454545454545454,0.603448275862069,0.5454545454545454,False,False,False
CCCC(C)(COC(=O)N)COC(=O)N,C[N+]1(CCC2=CC(=C(C=C2C1CC3=CC(=C(C=C3)OC)OC)OC)OC)CCC(=O)OCCCCCOC(=O)CC[N+]4(CCC5=CC(=C(C=C5C4CC6=CC(=C(C=C6)OC)OC)OC)OC)C.C1=CC=C(C=C1)S(=O)(=O)[O-].C1=CC=C(C=C1)S(=O)(=O)[O-],0,unreported_twosides_sampled,0.8830130696296692,0.8743314039845983,0.8743314039845983,fitted,platt_logistic_regression,0.5027927669387054,1,0.3780691486199645,0.02801358234295416,0.7487266553480475,interaction,1,False,0.6774193548387096,0.25,0.25,False,False,True
C1C(C2C(O1)C(CO2)O[N+](=O)[O-])O,CC(C)OC(=O)C(C)(C)OC1=CC=C(C=C1)C(=O)C2=CC=C(C=C2)Cl,1,reported_twosides,0.7374521493911743,0.7223675210307259,0.7223675210307259,fitted,platt_logistic_regression,0.5027927669387054,1,0.5907033589784996,0.10696095076400679,0.4694397283531409,no_interaction|interaction,2,True,0.8076923076923077,0.3137254901960784,0.3137254901960784,False,False,True
C1NC2=CC(=C(C=C2S(=O)(=O)N1)S(=O)(=O)N)Cl,COC1=C(C=C2C(=C1)C(=NC(=N2)N3CCN(CC3)C(=O)C4=CC=CO4)N)OC,1,reported_twosides,0.4056543707847595,0.3890209638287326,0.3890209638287326,fitted,platt_logistic_regression,0.5027927669387054,0,0.6683081368741561,0.35738539898132426,0.16893039049235994,no_interaction|interaction,2,True,0.5454545454545454,0.5882352941176471,0.5454545454545454,False,False,False
CNCCC(C1=CC=CC=C1)OC2=CC=C(C=C2)C(F)(F)F,COC1=CC(=CC(=C1OC)OC)CC2=CN=C(N=C2N)N,1,reported_twosides,0.8410062193870544,0.830058546890409,0.830058546890409,fitted,platt_logistic_regression,0.5027927669387054,1,0.45579336733412346,0.04838709677419355,0.6451612903225806,interaction,1,False,0.30612244897959184,0.22857142857142856,0.22857142857142856,False,False,True
CC1=CC(=C(C=C1)C)OCCCC(C)(C)C(=O)O,CC1CC2C3CCC4=CC(=O)C=CC4(C3(C(CC2(C1(C(=O)CCl)O)C)O)Cl)C,1,reported_twosides,0.20905543863773346,0.19855301854174842,0.19855301854174842,fitted,platt_logistic_regression,0.5027927669387054,0,0.49838992643547964,0.5925297113752123,0.057724957555178265,no_interaction,1,False,0.26,0.8620689655172413,0.26,False,False,True
CC1=CC(=C(C=C1)C)OCCCC(C)(C)C(=O)O,CNCCC(C1=CC=CS1)OC2=CC=CC3=CC=CC=C32,1,reported_twosides,0.0733613669872284,0.06946849670657561,0.06946849670657561,fitted,platt_logistic_regression,0.5027927669387054,0,0.2522619382124019,0.8811544991511036,0.005942275042444821,no_interaction,1,False,0.26,0.2647058823529412,0.26,False,False,True
C1=CN=CC=C1C(=O)NN,C1CC2CN(C(=O)C3=CC=CC(=C23)C1)C4CN5CCC4CC5,0,unreported_twosides_sampled,0.0061349282041192055,0.005860847377848053,0.005860847377848053,fitted,platt_logistic_regression,0.5027927669387054,0,0.03596523596697869,0.9966044142614601,0.0008488964346349745,no_interaction,1,False,0.30303030303030304,0.30303030303030304,0.30303030303030304,False,False,True
CC(C)(C)NCC(COC1=NSN=C1N2CCOCC2)O,CN1CCC23C4C1CC5=C2C(=C(C=C5)O)OC3C(=O)CC4,0,unreported_twosides_sampled,0.5654796957969666,0.5475409805272213,0.5475409805272213,fitted,platt_logistic_regression,0.5027927669387054,1,0.6886200551446258,0.20967741935483872,0.2869269949066214,no_interaction|interaction,2,True,0.4,0.5333333333333333,0.4,False,False,False
C1=NC2=C(N1)C(=S)N=CN2,CC1=CC=CC=C1OC(CCNC)C2=CC=CC=C2,0,unreported_twosides_sampled,0.09138384461402893,0.08652955381255685,0.08652955381255685,fitted,platt_logistic_regression,0.5027927669387054,0,0.2944340802835525,0.8404074702886248,0.010186757215619695,no_interaction,1,False,0.3142857142857143,0.30612244897959184,0.30612244897959184,False,False,True
CNC(=O)CN(CCN(CCN(CC(=O)NC)CC(=O)[O-])CC(=O)[O-])CC(=O)[O-].O.[Gd+3],COC1=CC(=CC(=C1OC)OC)CC2=CN=C(N=C2N)N,0,unreported_twosides_sampled,0.4084390699863434,0.3917530205481824,0.3917530205481824,fitted,platt_logistic_regression,0.5027927669387054,0,0.6695257790685569,0.35568760611205436,0.17147707979626486,no_interaction|interaction,2,True,0.5675675675675675,0.22857142857142856,0.22857142857142856,False,False,True
CC1=CN(C(=O)NC1=O)C2CC(C(O2)CO)N=[N+]=[N-],CN1CCCC(CC1)N2C(=O)C3=CC=CC=C3C(=N2)CC4=CC=C(C=C4)Cl,0,unreported_twosides_sampled,0.10130394250154495,0.09592898088327279,0.09592898088327279,fitted,platt_logistic_regression,0.5027927669387054,0,0.31604482270938167,0.8191850594227504,0.013582342954159592,no_interaction,1,False,0.7083333333333334,0.3,0.3,False,False,True
C1CNCC(C1C2=CC=C(C=C2)F)COC3=CC4=C(C=C3)OCO4,CC(C)[N+]1(C2CCC1CC(C2)OC(=O)C(CO)C3=CC=CC=C3)C,1,reported_twosides,0.39670658111572266,0.38024918067160013,0.38024918067160013,fitted,platt_logistic_regression,0.5027927669387054,0,0.6641859807587294,0.36587436332767403,0.16383701188455008,no_interaction|interaction,2,True,0.24050632911392406,0.6326530612244898,0.24050632911392406,False,False,True
C1=CN(C(=O)N=C1N)C2C(C(C(O2)CO)O)O,CCCCCN=C(N)NNC=C1C=NC2=C1C=C(C=C2)CO,0,unreported_twosides_sampled,0.17393675446510315,0.16498723114375863,0.16498723114375863,fitted,platt_logistic_regression,0.5027927669387054,0,0.44784808042152613,0.6553480475382003,0.044142614601018676,no_interaction,1,False,0.5306122448979592,0.25,0.25,False,False,True
C1CNCC(C1C2=CC=C(C=C2)F)COC3=CC4=C(C=C3)OCO4,CNC(=C[N+](=O)[O-])NCCSCC1=CSC(=N1)CN(C)C,1,reported_twosides,0.8622446060180664,0.8523971599613044,0.8523971599613044,fitted,platt_logistic_regression,0.5027927669387054,1,0.41852833711281556,0.0365025466893039,0.6994906621392191,interaction,1,False,0.24050632911392406,0.603448275862069,0.24050632911392406,False,False,True
C1=CN=CC=C1C(=O)NN,CCCCCN=C(N)NNC=C1C=NC2=C1C=C(C=C2)CO,0,unreported_twosides_sampled,0.023200586438179016,0.022035680068042303,0.022035680068042303,fitted,platt_logistic_regression,0.5027927669387054,0,0.10585924499409999,0.9728353140916808,0.0008488964346349745,no_interaction,1,False,0.30303030303030304,0.25,0.25,False,False,True
CC1=NN=C2N1C3=C(C=C(C=C3)Cl)C(=NC2)C4=CC=CC=C4Cl,CNC(=O)CN(CCN(CCN(CC(=O)NC)CC(=O)[O-])CC(=O)[O-])CC(=O)[O-].O.[Gd+3],0,unreported_twosides_sampled,0.48028814792633057,0.4626022044971758,0.4626022044971758,fitted,platt_logistic_regression,0.5027927669387054,0,0.6903473763981529,0.2767402376910017,0.2164685908319185,no_interaction|interaction,2,True,0.5454545454545454,0.5675675675675675,0.5454545454545454,False,False,False
CC1=CC(=C(C=C1)C)OCCCC(C)(C)C(=O)O,CC1=CC=CC=C1OC(CCNC)C2=CC=CC=C2,0,unreported_twosides_sampled,0.27614566683769226,0.2630399472913335,0.2630399472913335,fitted,platt_logistic_regression,0.5027927669387054,0,0.576212650901147,0.4847198641765705,0.100169779286927,no_interaction|interaction,2,True,0.26,0.30612244897959184,0.26,False,False,True
CC1=NN=C2N1C3=C(C=C(C=C3)Cl)C(=NC2)C4=CC=CC=C4Cl,CCC12CCC3C(C1CCC2(C#C)O)CCC4=CC(=O)CCC34,0,unreported_twosides_sampled,0.9694310426712036,0.9666923180660704,0.9666923180660704,fitted,platt_logistic_regression,0.5027927669387054,1,0.14605835994553246,0.0008488964346349745,0.9507640067911715,interaction,1,False,0.5454545454545454,0.7169811320754716,0.5454545454545454,False,False,False
CC(C)C1=NC(=NC(=C1CCC(CC(CC(=O)O)O)O)C2=CC=C(C=C2)F)N(C)S(=O)(=O)C,CNCC(C1=CC(=C(C=C1)O)O)O,1,reported_twosides,0.10227122902870178,0.09684585665352466,0.09684585665352466,fitted,platt_logistic_regression,0.5027927669387054,0,0.31809681704605963,0.8157894736842105,0.013582342954159592,no_interaction,1,False,0.4473684210526316,0.475,0.4473684210526316,False,False,False
CC(CCC1=CC=C(C=C1)O)NCCC2=CC(=C(C=C2)O)O,CNCC(C1=CC(=C(C=C1)O)O)O,1,reported_twosides,0.6084675192832947,0.5908058415359118,0.5908058415359118,fitted,platt_logistic_regression,0.5027927669387054,1,0.6765639057973362,0.1833616298811545,0.3302207130730051,no_interaction|interaction,2,True,0.38596491228070173,0.475,0.38596491228070173,False,False,True
C1=CN=CC=C1C(=O)NN,CC1CC2C3CCC4=CC(=O)C=CC4(C3(C(CC2(C1(C(=O)CCl)O)C)O)Cl)C,0,unreported_twosides_sampled,0.05834013223648071,0.05526073700036218,0.05526073700036218,fitted,platt_logistic_regression,0.5027927669387054,0,0.21372304165188216,0.9193548387096774,0.0025466893039049238,no_interaction,1,False,0.30303030303030304,0.8620689655172413,0.30303030303030304,False,False,True
CCOC(=O)C1(CCN(CC1)C)C2=CC=CC=C2,CNCC(C1=CC(=C(C=C1)O)O)O,0,unreported_twosides_sampled,0.22260363399982452,0.21153600229308173,0.21153600229308173,fitted,platt_logistic_regression,0.5027927669387054,0,0.51598466115163,0.5611205432937182,0.06451612903225806,no_interaction,1,False,0.3559322033898305,0.475,0.3559322033898305,False,False,True
C1=CN(C(=O)N=C1N)C2C(C(C(O2)CO)O)O,CNC(=C[N+](=O)[O-])NCCSCC1=CSC(=N1)CN(C)C,1,reported_twosides,0.4326758086681366,0.4155747841222089,0.4155747841222089,fitted,platt_logistic_regression,0.5027927669387054,0,0.6788234246742157,0.32512733446519526,0.19015280135823429,no_interaction|interaction,2,True,0.5306122448979592,0.603448275862069,0.5306122448979592,False,False,False
CCOC(=O)C1(CCN(CC1)C)C2=CC=CC=C2,CNC(=C[N+](=O)[O-])NCCSCC1=CSC(=N1)CN(C)C,0,unreported_twosides_sampled,0.8511056303977966,0.8406698041793678,0.8406698041793678,fitted,platt_logistic_regression,0.5027927669387054,1,0.43855752037692447,0.04074702886247878,0.66723259762309,interaction,1,False,0.3559322033898305,0.603448275862069,0.3559322033898305,False,False,True
C1=NC2=C(N1COC(CO)CO)NC(=NC2=O)N,CCCCCN=C(N)NNC=C1C=NC2=C1C=C(C=C2)CO,0,unreported_twosides_sampled,0.4006595313549042,0.38412308824367136,0.38412308824367136,fitted,platt_logistic_regression,0.5027927669387054,0,0.6660465492748313,0.3616298811544992,0.166383701188455,no_interaction|interaction,2,True,0.7307692307692307,0.25,0.25,False,False,True
CC1=CC=CC=C1OC(CCNC)C2=CC=CC=C2,CC1=NN=C2N1C3=C(C=C(C=C3)Cl)C(=NC2)C4=CC=CC=C4,1,reported_twosides,0.8105150461196899,0.7981430732841153,0.7981430732841153,fitted,platt_logistic_regression,0.5027927669387054,1,0.5029659199075025,0.059422750424448216,0.5806451612903226,interaction,1,False,0.30612244897959184,0.62,0.30612244897959184,False,False,True
CC(C)OC(=O)C(C)(C)OC1=CC=C(C=C1)C(=O)C2=CC=C(C=C2)Cl,CC1=C(C(=NO1)C2=C(C=CC=C2Cl)Cl)C(=O)NC3C4N(C3=O)C(C(S4)(C)C)C(=O)[O-],0,unreported_twosides_sampled,0.41235604882240295,0.39559767391832523,0.39559767391832523,fitted,platt_logistic_regression,0.5027927669387054,0,0.6711862513880734,0.34465195246179964,0.17232597623089982,no_interaction|interaction,2,True,0.3137254901960784,0.7777777777777778,0.3137254901960784,False,False,True
CC1=NN=C2N1C3=C(C=C(C=C3)Cl)C(=NC2)C4=CC=CC=C4,CNC(=C[N+](=O)[O-])NCCSCC1=CSC(=N1)CN(C)C,1,reported_twosides,0.9395347833633423,0.9345173946580243,0.9345173946580243,fitted,platt_logistic_regression,0.5027927669387054,1,0.24179389250230254,0.004244482173174873,0.8947368421052632,interaction,1,False,0.62,0.603448275862069,0.603448275862069,False,False,False
CC(=O)N(CC(CO)O)C1=C(C(=C(C(=C1I)C(=O)NCC(CO)O)I)C(=O)NCC(CO)O)I,CNC(=O)CN(CCN(CCN(CC(=O)NC)CC(=O)[O-])CC(=O)[O-])CC(=O)[O-].O.[Gd+3],1,reported_twosides,0.03806126117706299,0.03608910524439023,0.03608910524439023,fitted,platt_logistic_regression,0.5027927669387054,0,0.15530941482978405,0.9465195246179966,0.0008488964346349745,no_interaction,1,False,0.9487179487179487,0.5675675675675675,0.5675675675675675,False,False,False
CC(C)OC(=O)C(C)(C)OC1=CC=C(C=C1)C(=O)C2=CC=C(C=C2)Cl,CC1CC2C3CCC4=CC(=O)C=CC4(C3(C(CC2(C1(C(=O)CCl)O)C)O)Cl)C,1,reported_twosides,0.36413997411727905,0.3484103526203532,0.3484103526203532,fitted,platt_logistic_regression,0.5027927669387054,0,0.646457027284473,0.39473684210526316,0.1494057724957555,no_interaction|interaction,2,True,0.3137254901960784,0.8620689655172413,0.3137254901960784,False,False,True
C1=CN(C=N1)CC(O)(P(=O)(O)O)P(=O)(O)O,CC(CCC1=CC=C(C=C1)O)NCCC2=CC(=C(C=C2)O)O,0,unreported_twosides_sampled,0.3461732864379883,0.33090270090664514,0.33090270090664514,fitted,platt_logistic_regression,0.5027927669387054,0,0.6348160730959883,0.41256366723259763,0.14176570458404075,no_interaction|interaction,2,True,0.36585365853658536,0.38596491228070173,0.36585365853658536,False,False,True
C1=CC=C(C=C1)C2(C(=O)NC(=O)N2)C3=CC=CC=C3,CC1CC2C3CCC4=CC(=O)C=CC4(C3(C(CC2(C1(C(=O)CCl)O)C)O)Cl)C,1,reported_twosides,0.06193354353308678,0.058658762501119815,0.058658762501119815,fitted,platt_logistic_regression,0.5027927669387054,0,0.2232609997910729,0.9151103565365025,0.0025466893039049238,no_interaction,1,False,0.4,0.8620689655172413,0.4,False,False,False
CC(C1=CC=CC2=CC=CC=C21)NCCCC3=CC(=CC=C3)C(F)(F)F,CC1=CC(=C(C=C1)C)OCCCC(C)(C)C(=O)O,0,unreported_twosides_sampled,0.035725533962249756,0.03388088597432185,0.03388088597432185,fitted,platt_logistic_regression,0.5027927669387054,0,0.14798388984370828,0.9507640067911715,0.0008488964346349745,no_interaction,1,False,0.24285714285714285,0.26,0.24285714285714285,False,False,True
C1=CN(C=N1)CC(O)(P(=O)(O)O)P(=O)(O)O,CN1CCCC(CC1)N2C(=O)C3=CC=CC=C3C(=N2)CC4=CC=C(C=C4)Cl,0,unreported_twosides_sampled,0.10091621428728104,0.09556147776938541,0.09556147776938541,fitted,platt_logistic_regression,0.5027927669387054,0,0.3152196235178679,0.8208828522920204,0.013582342954159592,no_interaction,1,False,0.36585365853658536,0.3,0.3,False,False,True
C1C(C(OC1N2C=NC3=C(N=C(N=C32)Cl)N)CO)O,CNCCC(C1=CC=CS1)OC2=CC=CC3=CC=CC=C32,0,unreported_twosides_sampled,0.05369638279080391,0.050870037602091966,0.050870037602091966,fitted,platt_logistic_regression,0.5027927669387054,0,0.20106909132382322,0.9278438030560272,0.0025466893039049238,no_interaction,1,False,0.6296296296296297,0.2647058823529412,0.2647058823529412,False,False,True
C1CNCC(C1C2=CC=C(C=C2)F)COC3=CC4=C(C=C3)OCO4,CC(C)OC(=O)C(C)(C)OC1=CC=C(C=C1)C(=O)C2=CC=C(C=C2)Cl,1,reported_twosides,0.690303385257721,0.6739621061094857,0.6739621061094857,fitted,platt_logistic_regression,0.5027927669387054,1,0.6313371582070759,0.13921901528013583,0.4168081494057725,no_interaction|interaction,2,True,0.24050632911392406,0.3137254901960784,0.24050632911392406,False,False,True
C1=CN(C(=O)N=C1N)C2C(C(C(O2)CO)O)O,CC1CC2C3CCC4=CC(=O)C=CC4(C3(C(CC2(C1(C(=O)CCl)O)C)O)Cl)C,0,unreported_twosides_sampled,0.07434745132923126,0.07040152092046277,0.07040152092046277,fitted,platt_logistic_regression,0.5027927669387054,0,0.25467632074956353,0.8794567062818336,0.005942275042444821,no_interaction,1,False,0.5306122448979592,0.8620689655172413,0.5306122448979592,False,False,False
C1=CN(C=N1)CC(O)(P(=O)(O)O)P(=O)(O)O,CC(C)C1=NC(=NC(=C1CCC(CC(CC(=O)O)O)O)C2=CC=C(C=C2)F)N(C)S(=O)(=O)C,1,reported_twosides,0.08586198091506958,0.08130026710393051,0.08130026710393051,fitted,platt_logistic_regression,0.5027927669387054,0,0.28193364593331804,0.8497453310696095,0.010186757215619695,no_interaction,1,False,0.36585365853658536,0.4473684210526316,0.36585365853658536,False,False,True
C1CNCC(C1C2=CC=C(C=C2)F)COC3=CC4=C(C=C3)OCO4,CCCCC(C)(CC=CC1C(CC(=O)C1CCCCCCC(=O)OC)O)O,1,reported_twosides,0.6578502655029297,0.6408577510403533,0.6408577510403533,fitted,platt_logistic_regression,0.5027927669387054,1,0.6529230783927583,0.15449915110356535,0.3845500848896435,no_interaction|interaction,2,True,0.24050632911392406,0.3698630136986301,0.24050632911392406,False,False,True
C1=CN(C(=O)N=C1N)C2C(C(C(O2)CO)O)O,CC1=C(C(=NO1)C2=C(C=CC=C2Cl)Cl)C(=O)NC3C4N(C3=O)C(C(S4)(C)C)C(=O)[O-],0,unreported_twosides_sampled,0.16024154424667358,0.15193044279985488,0.15193044279985488,fitted,platt_logistic_regression,0.5027927669387054,0,0.4260430730567145,0.6859083191850595,0.03735144312393888,no_interaction,1,False,0.5306122448979592,0.7777777777777778,0.5306122448979592,False,False,False
C1=CN=CC=C1C(=O)NN,CCC(C)(C)C(=O)OC1CC(C=C2C1C(C(C=C2)C)CCC3CC(CC(=O)O3)O)C,1,reported_twosides,0.07393471896648407,0.07001099143248457,0.07001099143248457,fitted,platt_logistic_regression,0.5027927669387054,0,0.2536673774151281,0.8803056027164686,0.005942275042444821,no_interaction,1,False,0.30303030303030304,0.7424242424242424,0.30303030303030304,False,False,True
CC(C)C1=NC(=NC(=C1CCC(CC(CC(=O)O)O)O)C2=CC=C(C=C2)F)N(C)S(=O)(=O)C,COC(=O)C(C1CCCCN1)C2=CC=CC=C2,1,reported_twosides,0.40029382705688477,0.3837646111647651,0.3837646111647651,fitted,platt_logistic_regression,0.5027927669387054,0,0.665877046321308,0.3624787775891341,0.16553480475382004,no_interaction|interaction,2,True,0.4473684210526316,0.3225806451612903,0.3225806451612903,False,False,True
CC(C)OC(=O)C(C)(C)OC1=CC=C(C=C1)C(=O)C2=CC=C(C=C2)Cl,CC(C1=CC=CC2=CC=CC=C21)NCCCC3=CC(=CC=C3)C(F)(F)F,1,reported_twosides,0.09575341641902924,0.09066897241545703,0.09066897241545703,fitted,platt_logistic_regression,0.5027927669387054,0,0.3040828549842792,0.830220713073005,0.011035653650254669,no_interaction,1,False,0.3137254901960784,0.24285714285714285,0.24285714285714285,False,False,True
CCCC(C)(COC(=O)N)COC(=O)N,CNCCC(C1=CC=CS1)OC2=CC=CC3=CC=CC=C32,0,unreported_twosides_sampled,0.9779350757598877,0.9759000646700025,0.9759000646700025,fitted,platt_logistic_regression,0.5027927669387054,1,0.11359259106914865,0.0008488964346349745,0.967741935483871,interaction,1,False,0.6774193548387096,0.2647058823529412,0.2647058823529412,False,False,True
CC(C)[N+]1(C2CCC1CC(C2)OC(=O)C(CO)C3=CC=CC=C3)C,CCOC(=O)C1(CCN(CC1)C)C2=CC=CC=C2,1,reported_twosides,0.2564869821071625,0.24409244609565553,0.24409244609565553,fitted,platt_logistic_regression,0.5027927669387054,0,0.5557514732631588,0.5084889643463497,0.0831918505942275,no_interaction,1,False,0.6326530612244898,0.3559322033898305,0.3559322033898305,False,False,True
CC(C)OC(=O)C(C)(C)OC1=CC=C(C=C1)C(=O)C2=CC=C(C=C2)Cl,CNCC(C1=CC(=C(C=C1)O)O)O,0,unreported_twosides_sampled,0.557024359703064,0.5390637271047808,0.5390637271047808,fitted,platt_logistic_regression,0.5027927669387054,1,0.6900921186051916,0.21561969439728354,0.27928692699490665,no_interaction|interaction,2,True,0.3137254901960784,0.475,0.3137254901960784,False,False,True
C1=CN=CC=C1C(=O)NN,CC(=O)N(CC(CO)O)C1=C(C(=C(C(=C1I)C(=O)NCC(CO)O)I)C(=O)NCC(CO)O)I,0,unreported_twosides_sampled,0.0061690532602369785,0.0058932936914467314,0.0058932936914467314,fitted,platt_logistic_regression,0.5027927669387054,0,0.036131711633201474,0.9966044142614601,0.0008488964346349745,no_interaction,1,False,0.30303030303030304,0.9487179487179487,0.30303030303030304,False,False,True
CC1=NN=C2N1C3=C(C=C(C=C3)Cl)C(=NC2)C4=CC=CC=C4Cl,CNCCC(C1=CC=CC=C1)OC2=CC=C(C=C2)C(F)(F)F,1,reported_twosides,0.9566282629966736,0.9528798182605898,0.9528798182605898,fitted,platt_logistic_regression,0.5027927669387054,1,0.18994686043099174,0.001697792869269949,0.9320882852292021,interaction,1,False,0.5454545454545454,0.30612244897959184,0.30612244897959184,False,False,True
CCC(C)(C)C(=O)OC1CC(C=C2C1C(C(C=C2)C)CCC3CC(CC(=O)O3)O)C,CN1CCCC(CC1)N2C(=O)C3=CC=CC=C3C(=N2)CC4=CC=C(C=C4)Cl,1,reported_twosides,0.6805648803710938,0.6640101965665773,0.6640101965665773,fitted,platt_logistic_regression,0.5027927669387054,1,0.6383396361437942,0.1434634974533107,0.4066213921901528,no_interaction|interaction,2,True,0.7424242424242424,0.3,0.3,False,False,True
CCC(C)(C)C(=O)OC1CC(C=C2C1C(C(C=C2)C)CCC3CC(CC(=O)O3)O)C,CNC(=C[N+](=O)[O-])NCCSCC1=CSC(=N1)CN(C)C,1,reported_twosides,0.602692723274231,0.5849775423542704,0.5849775423542704,fitted,platt_logistic_regression,0.5027927669387054,1,0.6786344718752813,0.18930390492359933,0.32512733446519526,no_interaction|interaction,2,True,0.7424242424242424,0.603448275862069,0.603448275862069,False,False,False
CCC(C)(C)C(=O)OC1CC(C=C2C1C(C(C=C2)C)CCC3CC(CC(=O)O3)O)C,CNCCC(C1=CC=CC=C1)OC2=CC=C(C=C2)C(F)(F)F,1,reported_twosides,0.2373766005039215,0.22571499577596435,0.22571499577596435,fitted,platt_logistic_regression,0.5027927669387054,0,0.5340466560307378,0.5415959252971138,0.0730050933786078,no_interaction,1,False,0.7424242424242424,0.30612244897959184,0.30612244897959184,False,False,True
CNC(=O)CN(CCN(CCN(CC(=O)NC)CC(=O)[O-])CC(=O)[O-])CC(=O)[O-].O.[Gd+3],CNCCC(C1=CC=CS1)OC2=CC=CC3=CC=CC=C32,0,unreported_twosides_sampled,0.07372255623340607,0.06981024522214455,0.06981024522214455,fitted,platt_logistic_regression,0.5027927669387054,0,0.2531478334779201,0.8803056027164686,0.005942275042444821,no_interaction,1,False,0.5675675675675675,0.2647058823529412,0.2647058823529412,False,False,True
C1CNCC(C1C2=CC=C(C=C2)F)COC3=CC4=C(C=C3)OCO4,COC1=C(C=C2C(=C1)C(=NC(=N2)N3CCN(CC3)C(=O)C4=CC=CO4)N)OC,0,unreported_twosides_sampled,0.7523231506347656,0.737713539316472,0.737713539316472,fitted,platt_logistic_regression,0.5027927669387054,1,0.5754349227821947,0.100169779286927,0.4847198641765705,no_interaction|interaction,2,True,0.24050632911392406,0.5882352941176471,0.24050632911392406,False,False,True
CC1=C(C(=NO1)C2=C(C=CC=C2Cl)Cl)C(=O)NC3C4N(C3=O)C(C(S4)(C)C)C(=O)[O-],CN1CCCC(CC1)N2C(=O)C3=CC=CC=C3C(=N2)CC4=CC=C(C=C4)Cl,0,unreported_twosides_sampled,0.3791141211986542,0.36303300998647137,0.36303300998647137,fitted,platt_logistic_regression,0.5027927669387054,0,0.6551433409095087,0.37860780984719866,0.15874363327674024,no_interaction|interaction,2,True,0.7777777777777778,0.3,0.3,False,False,True
C1=NC2=C(N1)C(=S)N=CN2,CNC(=O)CN(CCN(CCN(CC(=O)NC)CC(=O)[O-])CC(=O)[O-])CC(=O)[O-].O.[Gd+3],1,reported_twosides,0.009730087593197823,0.009275545527410927,0.009275545527410927,fitted,platt_logistic_regression,0.5027927669387054,0,0.05264541480959574,0.9940577249575552,0.0008488964346349745,no_interaction,1,False,0.3142857142857143,0.5675675675675675,0.3142857142857143,False,False,True
CC(C1=CC=CC2=CC=CC=C21)NCCCC3=CC(=CC=C3)C(F)(F)F,CNCC(C1=CC(=C(C=C1)O)O)O,0,unreported_twosides_sampled,0.06213824823498726,0.05885234965535027,0.05885234965535027,fitted,platt_logistic_regression,0.5027927669387054,0,0.22379797524790512,0.9142614601018676,0.0025466893039049238,no_interaction,1,False,0.24285714285714285,0.475,0.24285714285714285,False,False,True
CCC(C)(C)C(=O)OC1CC(C=C2C1C(C(C=C2)C)CCC3CC(CC(=O)O3)O)C,CCCCCN=C(N)NNC=C1C=NC2=C1C=C(C=C2)CO,1,reported_twosides,0.10735858231782913,0.10166917637567643,0.10166917637567643,fitted,platt_logistic_regression,0.5027927669387054,0,0.3287351260494571,0.8073005093378608,0.016129032258064516,no_interaction,1,False,0.7424242424242424,0.25,0.25,False,False,True
CC1=CC(=C(C=C1)C)OCCCC(C)(C)C(=O)O,CCCC(C)(COC(=O)N)COC(=O)N,0,unreported_twosides_sampled,0.8397448062896729,0.8287346288327324,0.8287346288327324,fitted,platt_logistic_regression,0.5027927669387054,1,0.4578869573362617,0.04838709677419355,0.6426146010186757,interaction,1,False,0.26,0.6774193548387096,0.26,False,False,True
CC(C)[N+]1(C2CCC1CC(C2)OC(=O)C(CO)C3=CC=CC=C3)C,CC1=CC=CC=C1S(=O)(=O)NC(=O)C2=CC(=C(C=C2)CC3=CN(C4=C3C=C(C=C4)NC(=O)OC5CCCC5)C)OC,1,reported_twosides,0.6766217350959778,0.6599850533203032,0.6599850533203032,fitted,platt_logistic_regression,0.5027927669387054,1,0.6410453914295925,0.1460101867572156,0.40237691001697795,no_interaction|interaction,2,True,0.6326530612244898,0.2631578947368421,0.2631578947368421,False,False,True
C1CNCC(C1C2=CC=C(C=C2)F)COC3=CC4=C(C=C3)OCO4,COC(=O)C(C1CCCCN1)C2=CC=CC=C2,1,reported_twosides,0.41334089636802673,0.39656465397780133,0.39656465397780133,fitted,platt_logistic_regression,0.5027927669387054,0,0.671594143693548,0.3438030560271647,0.17402376910016978,no_interaction|interaction,2,True,0.24050632911392406,0.3225806451612903,0.24050632911392406,False,False,True
C1=NC2=C(N1COC(CO)CO)NC(=NC2=O)N,CN1CCCC(CC1)N2C(=O)C3=CC=CC=C3C(=N2)CC4=CC=C(C=C4)Cl,0,unreported_twosides_sampled,0.8605089783668518,0.8505681872573165,0.8505681872573165,fitted,platt_logistic_regression,0.5027927669387054,1,0.42172224224425137,0.0365025466893039,0.6901528013582343,interaction,1,False,0.7307692307692307,0.3,0.3,False,False,True
CC1CC2C3CCC4=CC(=O)C=CC4(C3(C(CC2(C1(C(=O)CCl)O)C)O)Cl)C,CCC(C)(C)C(=O)OC1CC(C=C2C1C(C(C=C2)C)CCC3CC(CC(=O)O3)O)C,1,reported_twosides,0.24353523552417755,0.23163302127569094,0.23163302127569094,fitted,platt_logistic_regression,0.5027927669387054,0,0.5412420228880508,0.5288624787775892,0.07894736842105263,no_interaction,1,False,0.8620689655172413,0.7424242424242424,0.7424242424242424,False,False,False
CC(C)[N+]1(C2CCC1CC(C2)OC(=O)C(CO)C3=CC=CC=C3)C,COC(=O)C(C1CCCCN1)C2=CC=CC=C2,1,reported_twosides,0.4492696225643158,0.4319297133349185,0.4319297133349185,fitted,platt_logistic_regression,0.5027927669387054,0,0.6838512117931428,0.30560271646859083,0.19779286926994907,no_interaction|interaction,2,True,0.6326530612244898,0.3225806451612903,0.3225806451612903,False,False,True
CC(C)C1=NC(=NC(=C1CCC(CC(CC(=O)O)O)O)C2=CC=C(C=C2)F)N(C)S(=O)(=O)C,CCC(C)(C)C(=O)OC1CC(C=C2C1C(C(C=C2)C)CCC3CC(CC(=O)O3)O)C,1,reported_twosides,0.1808503419160843,0.1715853752637223,0.1715853752637223,fitted,platt_logistic_regression,0.5027927669387054,0,0.45839114267560693,0.6417657045840407,0.04838709677419355,no_interaction,1,False,0.4473684210526316,0.7424242424242424,0.4473684210526316,False,False,False
CC(C1=CC=CC2=CC=CC=C21)NCCCC3=CC(=CC=C3)C(F)(F)F,CNCCC(C1=CC=CS1)OC2=CC=CC3=CC=CC=C32,0,unreported_twosides_sampled,0.34524208307266235,0.329996386733906,0.329996386733906,fitted,platt_logistic_regression,0.5027927669387054,0,0.634176076821623,0.4134125636672326,0.14176570458404075,no_interaction|interaction,2,True,0.24285714285714285,0.2647058823529412,0.24285714285714285,False,False,True
CCCCCN=C(N)NNC=C1C=NC2=C1C=C(C=C2)CO,CNCCC(C1=CC=CC=C1)OC2=CC=C(C=C2)C(F)(F)F,1,reported_twosides,0.07891936600208282,0.07472806993596881,0.07472806993596881,fitted,platt_logistic_regression,0.5027927669387054,0,0.2657007583019102,0.868421052631579,0.006791171477079796,no_interaction,1,False,0.25,0.30612244897959184,0.25,False,False,True
C1CC(CCC1C2=CC=C(C=C2)Cl)C3=C(C4=CC=CC=C4C(=O)C3=O)O,CNCC(C1=CC(=C(C=C1)O)O)O,0,unreported_twosides_sampled,0.5028132796287537,0.48495965855846673,0.48495965855846673,fitted,platt_logistic_regression,0.5027927669387054,0,0.6926946885648022,0.2563667232597623,0.23089983022071306,no_interaction|interaction,2,True,0.2549019607843137,0.475,0.2549019607843137,False,False,True
C1C(C2C(O1)C(CO2)O[N+](=O)[O-])O,CN1CCC23C4C1CC5=C2C(=C(C=C5)O)OC3C(=O)CC4,1,reported_twosides,0.8517993688583374,0.8413994516232401,0.8413994516232401,fitted,platt_logistic_regression,0.5027927669387054,1,0.4373419661971122,0.039898132427843805,0.6706281833616299,interaction,1,False,0.8076923076923077,0.5333333333333333,0.5333333333333333,False,False,False
C1=CN(C=N1)CC(O)(P(=O)(O)O)P(=O)(O)O,CCCCCN=C(N)NNC=C1C=NC2=C1C=C(C=C2)CO,1,reported_twosides,0.08055892586708069,0.076279907511367,0.076279907511367,fitted,platt_logistic_regression,0.5027927669387054,0,0.26958823671595233,0.865025466893039,0.008488964346349746,no_interaction,1,False,0.36585365853658536,0.25,0.25,False,False,True
CCCC(C)(COC(=O)N)COC(=O)N,CNCCC(C1=CC=CC=C1)OC2=CC=C(C=C2)C(F)(F)F,0,unreported_twosides_sampled,0.7132629156112671,0.6974868228806671,0.6974868228806671,fitted,platt_logistic_regression,0.5027927669387054,1,0.6129786972784186,0.12478777589134125,0.44227504244482174,no_interaction|interaction,2,True,0.6774193548387096,0.30612244897959184,0.30612244897959184,False,False,True
C1=CN(C(=O)N=C1N)C2C(C(C(O2)CO)O)O,CNC(=O)CN(CCN(CCN(CC(=O)NC)CC(=O)[O-])CC(=O)[O-])CC(=O)[O-].O.[Gd+3],0,unreported_twosides_sampled,0.16329962015151978,0.15484442387995728,0.15484442387995728,fitted,platt_logistic_regression,0.5027927669387054,0,0.4310209999858132,0.6791171477079796,0.03904923599320883,no_interaction,1,False,0.5306122448979592,0.5675675675675675,0.5306122448979592,False,False,False
C1NC2=CC(=C(C=C2S(=O)(=O)N1)S(=O)(=O)N)Cl,CNCCC(C1=CC=CC=C1)OC2=CC=C(C=C2)C(F)(F)F,1,reported_twosides,0.018906911835074425,0.017972036475655134,0.017972036475655134,fitted,platt_logistic_regression,0.5027927669387054,0,0.09003806813218701,0.9838709677419355,0.0008488964346349745,no_interaction,1,False,0.5454545454545454,0.30612244897959184,0.30612244897959184,False,False,True
C1CNCC(C1C2=CC=C(C=C2)F)COC3=CC4=C(C=C3)OCO4,CNCCC(C1=CC=CC=C1)OC2=CC=C(C=C2)C(F)(F)F,1,reported_twosides,0.26989373564720154,0.25700941712554104,0.25700941712554104,fitted,platt_logistic_regression,0.5027927669387054,0,0.5699055611149989,0.49575551782682514,0.09168081494057725,no_interaction,1,False,0.24050632911392406,0.30612244897959184,0.24050632911392406,False,False,True
C1C(C2C(O1)C(CO2)O[N+](=O)[O-])O,C1NC2=CC(=C(C=C2S(=O)(=O)N1)S(=O)(=O)N)Cl,1,reported_twosides,0.2179480642080307,0.2070724701795426,0.2070724701795426,fitted,platt_logistic_regression,0.5027927669387054,0,0.5100519930429757,0.5721561969439728,0.06281833616298811,no_interaction,1,False,0.8076923076923077,0.5454545454545454,0.5454545454545454,False,False,False
CCCCCN=C(N)NNC=C1C=NC2=C1C=C(C=C2)CO,COC(=O)C(C1CCCCN1)C2=CC=CC=C2,1,reported_twosides,0.5292176008224487,0.5112588589411227,0.5112588589411227,fitted,platt_logistic_regression,0.5027927669387054,1,0.6928936353215126,0.23429541595925296,0.2538200339558574,no_interaction|interaction,2,True,0.25,0.3225806451612903,0.25,False,False,True
CC(C)C1=NC(=NC(=C1CCC(CC(CC(=O)O)O)O)C2=CC=C(C=C2)F)N(C)S(=O)(=O)C,CC1=CN(C(=O)NC1=O)C2CC(C(O2)CO)N=[N+]=[N-],1,reported_twosides,0.04899401217699051,0.04642438594534816,0.04642438594534816,fitted,platt_logistic_regression,0.5027927669387054,0,0.18784933376028526,0.932937181663837,0.001697792869269949,no_interaction,1,False,0.4473684210526316,0.7083333333333334,0.4473684210526316,False,False,False
CC1=CC=CC=C1S(=O)(=O)NC(=O)C2=CC(=C(C=C2)CC3=CN(C4=C3C=C(C=C4)NC(=O)OC5CCCC5)C)OC,CN1CCC23C4C1CC5=C2C(=C(C=C5)O)OC3C(=O)CC4,0,unreported_twosides_sampled,0.9338292479515076,0.9284064544469546,0.9284064544469546,fitted,platt_logistic_regression,0.5027927669387054,1,0.2577415857937855,0.005942275042444821,0.8760611205432938,interaction,1,False,0.2631578947368421,0.5333333333333333,0.2631578947368421,False,False,True
C1=NC2=C(N1)C(=S)N=CN2,CC1=NN=C2N1C3=C(C=C(C=C3)Cl)C(=NC2)C4=CC=CC=C4,1,reported_twosides,0.7900435328483582,0.7768141127273838,0.7768141127273838,fitted,platt_logistic_regression,0.5027927669387054,1,0.530910759261156,0.07215619694397284,0.5432937181663837,interaction,1,False,0.3142857142857143,0.62,0.3142857142857143,False,False,True
C1=NC2=C(N1COC(CO)CO)NC(=NC2=O)N,COC1=C(C=C2C(=C1)C(=NC(=N2)N3CCN(CC3)C(=O)C4=CC=CO4)N)OC,0,unreported_twosides_sampled,0.5600013732910156,0.5420472515572076,0.5420472515572076,fitted,platt_logistic_regression,0.5027927669387054,1,0.6896070583685294,0.21392190152801357,0.28098471986417656,no_interaction|interaction,2,True,0.7307692307692307,0.5882352941176471,0.5882352941176471,False,False,False
CC1=C(C(=NO1)C2=C(C=CC=C2Cl)Cl)C(=O)NC3C4N(C3=O)C(C(S4)(C)C)C(=O)[O-],CC1CC2C3CCC4=CC(=O)C=CC4(C3(C(CC2(C1(C(=O)CCl)O)C)O)Cl)C,1,reported_twosides,0.2594771087169647,0.24697157509345655,0.24697157509345655,fitted,platt_logistic_regression,0.5027927669387054,0,0.5589835565431114,0.5059422750424448,0.0865874363327674,no_interaction,1,False,0.7777777777777778,0.8620689655172413,0.7777777777777778,False,False,False
C1=NC2=C(N1COC(CO)CO)NC(=NC2=O)N,CC(C)C1=NC(=NC(=C1CCC(CC(CC(=O)O)O)O)C2=CC=C(C=C2)F)N(C)S(=O)(=O)C,0,unreported_twosides_sampled,0.545380711555481,0.5274071363901466,0.5274071363901466,fitted,platt_logistic_regression,0.5027927669387054,1,0.6916441251001036,0.22156196943972836,0.2691001697792869,no_interaction|interaction,2,True,0.7307692307692307,0.4473684210526316,0.4473684210526316,False,False,False
C1CNCC(C1C2=CC=C(C=C2)F)COC3=CC4=C(C=C3)OCO4,CN1CCCC(CC1)N2C(=O)C3=CC=CC=C3C(=N2)CC4=CC=C(C=C4)Cl,1,reported_twosides,0.34377917647361755,0.32857279773771864,0.32857279773771864,fitted,platt_logistic_regression,0.5027927669387054,0,0.6331633027138182,0.4151103565365025,0.14091680814940577,no_interaction|interaction,2,True,0.24050632911392406,0.3,0.24050632911392406,False,False,True
CCCCC(C)(CC=CC1C(CC(=O)C1CCCCCCC(=O)OC)O)O,CNC(=O)CN(CCN(CCN(CC(=O)NC)CC(=O)[O-])CC(=O)[O-])CC(=O)[O-].O.[Gd+3],0,unreported_twosides_sampled,0.18368731439113617,0.1742942613594097,0.1742942613594097,fitted,platt_logistic_regression,0.5027927669387054,0,0.46263039657123084,0.6409168081494058,0.0500848896434635,no_interaction,1,False,0.3698630136986301,0.5675675675675675,0.3698630136986301,False,False,True
C1=NC2=C(N1)C(=S)N=CN2,CCC12CCC3C(C1CCC2(C#C)O)CCC4=CC(=O)CCC34,0,unreported_twosides_sampled,0.17419545352458954,0.16523404296601374,0.16523404296601374,fitted,platt_logistic_regression,0.5027927669387054,0,0.44824808427668306,0.6553480475382003,0.044142614601018676,no_interaction,1,False,0.3142857142857143,0.7169811320754716,0.3142857142857143,False,False,True
C1NC2=CC(=C(C=C2S(=O)(=O)N1)S(=O)(=O)N)Cl,CC1=NN=C2N1C3=C(C=C(C=C3)Cl)C(=NC2)C4=CC=CC=C4,1,reported_twosides,0.28003278374671936,0.26679167504847023,0.26679167504847023,fitted,platt_logistic_regression,0.5027927669387054,0,0.5800415900594309,0.48047538200339557,0.1035653650254669,no_interaction|interaction,2,True,0.5454545454545454,0.62,0.5454545454545454,False,False,False
CC(C)OC(=O)C(C)(C)OC1=CC=C(C=C1)C(=O)C2=CC=C(C=C2)Cl,CNCCC(C1=CC=CS1)OC2=CC=CC3=CC=CC=C32,1,reported_twosides,0.1949830800294876,0.18508798188517842,0.18508798188517842,fitted,platt_logistic_regression,0.5027927669387054,0,0.4790215757645263,0.6179966044142614,0.05263157894736842,no_interaction,1,False,0.3137254901960784,0.2647058823529412,0.2647058823529412,False,False,True
C1=CC=C(C=C1)C2(C(=O)NC(=O)N2)C3=CC=CC=C3,CC1=CC=CC=C1S(=O)(=O)NC(=O)C2=CC(=C(C=C2)CC3=CN(C4=C3C=C(C=C4)NC(=O)OC5CCCC5)C)OC,0,unreported_twosides_sampled,0.27062422037124634,0.2577138020114836,0.2577138020114836,fitted,platt_logistic_regression,0.5027927669387054,0,0.5706520170613805,0.49490662139219016,0.09422750424448217,no_interaction,1,False,0.4,0.2631578947368421,0.2631578947368421,False,False,True
C1CC(CCC1C2=CC=C(C=C2)Cl)C3=C(C4=CC=CC=C4C(=O)C3=O)O,COC1=CC(=CC(=C1OC)OC)CC2=CN=C(N=C2N)N,0,unreported_twosides_sampled,0.9677615165710449,0.9648879210814725,0.9648879210814725,fitted,platt_logistic_regression,0.5027927669387054,1,0.15208603438746626,0.0008488964346349745,0.9482173174872666,interaction,1,False,0.2549019607843137,0.22857142857142856,0.22857142857142856,False,False,True
C1CC(CCC1C2=CC=C(C=C2)Cl)C3=C(C4=CC=CC=C4C(=O)C3=O)O,CCC(C)(C)C(=O)OC1CC(C=C2C1C(C(C=C2)C)CCC3CC(CC(=O)O3)O)C,0,unreported_twosides_sampled,0.5898975133895874,0.5720819100483803,0.5720819100483803,fitted,platt_logistic_regression,0.5027927669387054,1,0.6827192792931485,0.19439728353140917,0.31239388794567063,no_interaction|interaction,2,True,0.2549019607843137,0.7424242424242424,0.2549019607843137,False,False,True
CCCC(C)(COC(=O)N)COC(=O)N,CN1CCC23C4C1CC5=C2C(=C(C=C5)O)OC3C(=O)CC4,1,reported_twosides,0.967084527015686,0.9641565289568776,0.9641565289568776,fitted,platt_logistic_regression,0.5027927669387054,1,0.1545016354238067,0.0008488964346349745,0.9465195246179966,interaction,1,False,0.6774193548387096,0.5333333333333333,0.5333333333333333,False,False,False
C1=CN=CC=C1C(=O)NN,CNCCC(C1=CC=CS1)OC2=CC=CC3=CC=CC=C32,1,reported_twosides,0.014119080267846584,0.013437338833986538,0.013437338833986538,fitted,platt_logistic_regression,0.5027927669387054,0,0.07125779127893209,0.9906621392190152,0.0008488964346349745,no_interaction,1,False,0.30303030303030304,0.2647058823529412,0.2647058823529412,False,False,True
CC1CC2C3CCC4=CC(=O)C=CC4(C3(C(CC2(C1(C(=O)CCl)O)C)O)Cl)C,COC1=CC(=CC(=C1OC)OC)CC2=CN=C(N=C2N)N,1,reported_twosides,0.7055480480194092,0.6895722425253528,0.6895722425253528,fitted,platt_logistic_regression,0.5027927669387054,1,0.6194424938301076,0.13157894736842105,0.43548387096774194,no_interaction|interaction,2,True,0.8620689655172413,0.22857142857142856,0.22857142857142856,False,False,True
CC(C)[N+]1(C2CCC1CC(C2)OC(=O)C(CO)C3=CC=CC=C3)C,CNCCC(C1=CC=CC=C1)OC2=CC=C(C=C2)C(F)(F)F,1,reported_twosides,0.06879797577857971,0.06515125531151997,0.06515125531151997,fitted,platt_logistic_regression,0.5027927669387054,0,0.24091218421879546,0.8964346349745331,0.003395585738539898,no_interaction,1,False,0.6326530612244898,0.30612244897959184,0.30612244897959184,False,False,True
C1CC2CN(C(=O)C3=CC=CC(=C23)C1)C4CN5CCC4CC5,C1NC2=CC(=C(C=C2S(=O)(=O)N1)S(=O)(=O)N)Cl,1,reported_twosides,0.12867525219917297,0.12190085485905836,0.12190085485905836,fitted,platt_logistic_regression,0.5027927669387054,0,0.3706952810354186,0.7614601018675722,0.025466893039049237,no_interaction,1,False,0.30303030303030304,0.5454545454545454,0.30303030303030304,False,False,True
CCC12CCC3C(C1CCC2(C#C)O)CCC4=CC(=O)CCC34,CCCCC(C)(CC=CC1C(CC(=O)C1CCCCCCC(=O)OC)O)O,1,reported_twosides,0.37534311413764954,0.35934783385892644,0.35934783385892644,fitted,platt_logistic_regression,0.5027927669387054,0,0.6530420385304422,0.3845500848896435,0.15449915110356535,no_interaction|interaction,2,True,0.7169811320754716,0.3698630136986301,0.3698630136986301,False,False,True
C1=NC2=C(N1)C(=S)N=CN2,CCC(C)(C)C(=O)OC1CC(C=C2C1C(C(C=C2)C)CCC3CC(CC(=O)O3)O)C,1,reported_twosides,0.2916674315929413,0.27803156081649755,0.27803156081649755,fitted,platt_logistic_regression,0.5027927669387054,0,0.5910845783845515,0.4694397283531409,0.10696095076400679,no_interaction|interaction,2,True,0.3142857142857143,0.7424242424242424,0.3142857142857143,False,False,True
C1=CN(C=N1)CC(O)(P(=O)(O)O)P(=O)(O)O,CNC(=O)CN(CCN(CCN(CC(=O)NC)CC(=O)[O-])CC(=O)[O-])CC(=O)[O-].O.[Gd+3],0,unreported_twosides_sampled,0.011500762775540352,0.010955275681924401,0.010955275681924401,fitted,platt_logistic_regression,0.5027927669387054,0,0.060346439230592464,0.9932088285229203,0.0008488964346349745,no_interaction,1,False,0.36585365853658536,0.5675675675675675,0.36585365853658536,False,False,True
CC(C)(C)NCC(COC1=NSN=C1N2CCOCC2)O,CCCCCN=C(N)NNC=C1C=NC2=C1C=C(C=C2)CO,1,reported_twosides,0.23984333872795105,0.22808486237218392,0.22808486237218392,fitted,platt_logistic_regression,0.5027927669387054,0,0.5369518839579411,0.5373514431239389,0.07470288624787776,no_interaction,1,False,0.4,0.25,0.25,False,False,True
C1=CN(C=N1)CC(O)(P(=O)(O)O)P(=O)(O)O,CC1CC2C3CCC4=CC(=O)C=CC4(C3(C(CC2(C1(C(=O)CCl)O)C)O)Cl)C,1,reported_twosides,0.12379226833581924,0.1172632321378538,0.1172632321378538,fitted,platt_logistic_regression,0.5027927669387054,0,0.361436473311772,0.769100169779287,0.022920203735144314,no_interaction,1,False,0.36585365853658536,0.8620689655172413,0.36585365853658536,False,False,True
CC1=CC(=C(C=C1)C)OCCCC(C)(C)C(=O)O,CCP(CC)CC.CC(=O)OCC1C(C(C(C(O1)[S-])OC(=O)C)OC(=O)C)OC(=O)C.[Au+],0,unreported_twosides_sampled,0.3999519646167755,0.3834295205226518,0.3834295205226518,fitted,platt_logistic_regression,0.5027927669387054,0,0.6657181100856675,0.3633276740237691,0.16468590831918506,no_interaction|interaction,2,True,0.26,0.22950819672131148,0.22950819672131148,False,False,True
CNCCC(C1=CC=CS1)OC2=CC=CC3=CC=CC=C32,COC1=CC(=CC(=C1OC)OC)CC2=CN=C(N=C2N)N,1,reported_twosides,0.5436263680458069,0.525652564524306,0.525652564524306,fitted,platt_logistic_regression,0.5027927669387054,1,0.6918304944376172,0.22156196943972836,0.266553480475382,no_interaction|interaction,2,True,0.2647058823529412,0.22857142857142856,0.22857142857142856,False,False,True
CC1=CC=CC=C1OC(CCNC)C2=CC=CC=C2,CCCCCN=C(N)NNC=C1C=NC2=C1C=C(C=C2)CO,1,reported_twosides,0.12626618146896362,0.11961259167330342,0.11961259167330342,fitted,platt_logistic_regression,0.5027927669387054,0,0.36615239594426713,0.765704584040747,0.023769100169779286,no_interaction,1,False,0.30612244897959184,0.25,0.25,False,False,True
CN(C)CCC(C1=CC=C(C=C1)Cl)C2=CC=CC=N2,COC1=CC(=CC(=C1OC)OC)CC2=CN=C(N=C2N)N,0,unreported_twosides_sampled,0.8708810210227966,0.8615073274349623,0.8615073274349623,fitted,platt_logistic_regression,0.5027927669387054,1,0.40221778482104303,0.03310696095076401,0.7198641765704584,interaction,1,False,0.28846153846153844,0.22857142857142856,0.22857142857142856,False,False,True
C1=CC=C(C=C1)C2(C(=O)NC(=O)N2)C3=CC=CC=C3,CCCCCN=C(N)NNC=C1C=NC2=C1C=C(C=C2)CO,1,reported_twosides,0.10805793106555939,0.10233237555984921,0.10233237555984921,fitted,platt_logistic_regression,0.5027927669387054,0,0.33017771062916074,0.8064516129032258,0.017826825127334467,no_interaction,1,False,0.4,0.25,0.25,False,False,True
C1CNCC(C1C2=CC=C(C=C2)F)COC3=CC4=C(C=C3)OCO4,COC1=CC(=CC(=C1OC)OC)CC2=CN=C(N=C2N)N,1,reported_twosides,0.8801000714302063,0.8712493779457533,0.8712493779457533,fitted,platt_logistic_regression,0.5027927669387054,1,0.384004770709348,0.02801358234295416,0.7436332767402377,interaction,1,False,0.24050632911392406,0.22857142857142856,0.22857142857142856,False,False,True
C1C(C2C(O1)C(CO2)O[N+](=O)[O-])O,CN1CCCC(CC1)N2C(=O)C3=CC=CC=C3C(=N2)CC4=CC=C(C=C4)Cl,0,unreported_twosides_sampled,0.4337276220321655,0.41661035678324904,0.41661035678324904,fitted,platt_logistic_regression,0.5027927669387054,0,0.6791743127562297,0.3242784380305603,0.19015280135823429,no_interaction|interaction,2,True,0.8076923076923077,0.3,0.3,False,False,True
CC(C)[N+]1(C2CCC1CC(C2)OC(=O)C(CO)C3=CC=CC=C3)C,CCC12CCC3C(C1CCC2(C#C)O)CCC4=CC(=O)CCC34,1,reported_twosides,0.15651561319828033,0.14838125116206194,0.14838125116206194,fitted,platt_logistic_regression,0.5027927669387054,0,0.4198908978765812,0.6926994906621392,0.0365025466893039,no_interaction,1,False,0.6326530612244898,0.7169811320754716,0.6326530612244898,False,False,False
CN1CCC23C4C1CC5=C2C(=C(C=C5)O)OC3C(=O)CC4,COC(=O)C(C1CCCCN1)C2=CC=CC=C2,1,reported_twosides,0.8208123445510864,0.8089013809065452,0.8089013809065452,fitted,platt_logistic_regression,0.5027927669387054,1,0.4878120580331829,0.055178268251273345,0.6027164685908319,interaction,1,False,0.5333333333333333,0.3225806451612903,0.3225806451612903,False,False,True
CC1=CC=CC=C1OC(CCNC)C2=CC=CC=C2,COC1=C(C=C2C(=C1)C(=NC(=N2)N3CCN(CC3)C(=O)C4=CC=CO4)N)OC,0,unreported_twosides_sampled,0.8719716668128967,0.8626589080363695,0.8626589080363695,fitted,platt_logistic_regression,0.5027927669387054,1,0.40010727922996925,0.03310696095076401,0.7224108658743633,interaction,1,False,0.30612244897959184,0.5882352941176471,0.30612244897959184,False,False,True
CCOC(=O)C1(CCN(CC1)C)C2=CC=CC=C2,CN1CCC23C4C1CC5=C2C(=C(C=C5)O)OC3C(=O)CC4,1,reported_twosides,0.8579816818237305,0.8479060733102366,0.8479060733102366,fitted,platt_logistic_regression,0.5027927669387054,1,0.4263240864359997,0.03735144312393888,0.6859083191850595,interaction,1,False,0.3559322033898305,0.5333333333333333,0.3559322033898305,False,False,True
CC(C)OC(=O)C(C)(C)OC1=CC=C(C=C1)C(=O)C2=CC=C(C=C2)Cl,CCCCC(C)(CC=CC1C(CC(=O)C1CCCCCCC(=O)OC)O)O,1,reported_twosides,0.418588787317276,0.4017194917984727,0.4017194917984727,fitted,platt_logistic_regression,0.5027927669387054,0,0.6737027041728174,0.3370118845500849,0.1765704584040747,no_interaction|interaction,2,True,0.3137254901960784,0.3698630136986301,0.3137254901960784,False,False,True
C1=NC2=C(N1)C(=S)N=CN2,CC1CC2C3CCC4=CC(=O)C=CC4(C3(C(CC2(C1(C(=O)CCl)O)C)O)Cl)C,0,unreported_twosides_sampled,0.1371440291404724,0.12994879791372516,0.12994879791372516,fitted,platt_logistic_regression,0.5027927669387054,0,0.386289361642833,0.7410865874363328,0.02801358234295416,no_interaction,1,False,0.3142857142857143,0.8620689655172413,0.3142857142857143,False,False,True
CC(=O)N(CC(CO)O)C1=C(C(=C(C(=C1I)C(=O)NCC(CO)O)I)C(=O)NCC(CO)O)I,CCC(C)(C)C(=O)OC1CC(C=C2C1C(C(C=C2)C)CCC3CC(CC(=O)O3)O)C,0,unreported_twosides_sampled,0.03630972281098366,0.03443319543172068,0.03443319543172068,fitted,platt_logistic_regression,0.5027927669387054,0,0.14982973202002603,0.9507640067911715,0.0008488964346349745,no_interaction,1,False,0.9487179487179487,0.7424242424242424,0.7424242424242424,False,False,False
CC1=CN(C(=O)NC1=O)C2CC(C(O2)CO)N=[N+]=[N-],CC1=NN=C2N1C3=C(C=C(C=C3)Cl)C(=NC2)C4=CC=CC=C4Cl,0,unreported_twosides_sampled,0.6526990532875061,0.6356187885295496,0.6356187885295496,fitted,platt_logistic_regression,0.5027927669387054,1,0.6558974040985011,0.16044142614601017,0.3777589134125637,no_interaction|interaction,2,True,0.7083333333333334,0.5454545454545454,0.5454545454545454,False,False,False
CC(C1=CC=CC2=CC=CC=C21)NCCCC3=CC(=CC=C3)C(F)(F)F,CCCCCN=C(N)NNC=C1C=NC2=C1C=C(C=C2)CO,0,unreported_twosides_sampled,0.10576781630516052,0.10016077070417706,0.10016077070417706,fitted,platt_logistic_regression,0.5027927669387054,0,0.325436079206666,0.8089983022071308,0.016129032258064516,no_interaction,1,False,0.24285714285714285,0.25,0.24285714285714285,False,False,True
C1C(C2C(O1)C(CO2)O[N+](=O)[O-])O,CCC(C)(C)C(=O)OC1CC(C=C2C1C(C(C=C2)C)CCC3CC(CC(=O)O3)O)C,1,reported_twosides,0.3908831477165222,0.37454588618702594,0.37454588618702594,fitted,platt_logistic_regression,0.5027927669387054,0,0.6613308251804697,0.3692699490662139,0.16213921901528014,no_interaction|interaction,2,True,0.8076923076923077,0.7424242424242424,0.7424242424242424,False,False,False
C1=NC2=C(N1)C(=S)N=CN2,CN1CCC23C4C1CC5=C2C(=C(C=C5)O)OC3C(=O)CC4,1,reported_twosides,0.8604493737220764,0.8505053879649794,0.8505053879649794,fitted,platt_logistic_regression,0.5027927669387054,1,0.42183143874525364,0.0365025466893039,0.6893039049235993,interaction,1,False,0.3142857142857143,0.5333333333333333,0.3142857142857143,False,False,True
CC(C)(C)NCC(COC1=NSN=C1N2CCOCC2)O,CN1CCCC(CC1)N2C(=O)C3=CC=CC=C3C(=N2)CC4=CC=C(C=C4)Cl,0,unreported_twosides_sampled,0.5930272936820984,0.5752339561864619,0.5752339561864619,fitted,platt_logistic_regression,0.5027927669387054,1,0.6817837762546072,0.1926994906621392,0.3157894736842105,no_interaction|interaction,2,True,0.4,0.3,0.3,False,False,True
CC1=NN=C2N1C3=C(C=C(C=C3)Cl)C(=NC2)C4=CC=CC=C4,CC1=NN=C2N1C3=C(C=C(C=C3)Cl)C(=NC2)C4=CC=CC=C4Cl,1,reported_twosides,0.9938886165618896,0.9932716844769752,0.9932716844769752,fitted,platt_logistic_regression,0.5027927669387054,1,0.040356831675366744,0.0008488964346349745,0.9966044142614601,interaction,1,False,0.62,0.5454545454545454,0.5454545454545454,False,False,False
C1=CN=CC=C1C(=O)NN,CNC(=C[N+](=O)[O-])NCCSCC1=CSC(=N1)CN(C)C,0,unreported_twosides_sampled,0.037726301699876785,0.03577243831738359,0.03577243831738359,fitted,platt_logistic_regression,0.5027927669387054,0,0.1542677160921732,0.9465195246179966,0.0008488964346349745,no_interaction,1,False,0.30303030303030304,0.603448275862069,0.30303030303030304,False,False,True
C1=CN=CC=C1C(=O)NN,CN1CCC23C4C1CC5=C2C(=C(C=C5)O)OC3C(=O)CC4,1,reported_twosides,0.13161756098270416,0.1246962683154241,0.1246962683154241,fitted,platt_logistic_regression,0.5027927669387054,0,0.37617870466797587,0.7495755517826825,0.027164685908319185,no_interaction,1,False,0.30303030303030304,0.5333333333333333,0.30303030303030304,False,False,True
CCCCC(C)(CC=CC1C(CC(=O)C1CCCCCCC(=O)OC)O)O,COC(=O)C(C1CCCCN1)C2=CC=CC=C2,0,unreported_twosides_sampled,0.7635392546653748,0.7493135104927273,0.7493135104927273,fitted,platt_logistic_regression,0.5027927669387054,1,0.5630880744789271,0.08828522920203735,0.5,interaction,1,False,0.3698630136986301,0.3225806451612903,0.3225806451612903,False,False,True
CC(C)[N+]1(C2CCC1CC(C2)OC(=O)C(CO)C3=CC=CC=C3)C,CC1=CC=CC=C1OC(CCNC)C2=CC=CC=C2,0,unreported_twosides_sampled,0.1937464326620102,0.1839056727148154,0.1839056727148154,fitted,platt_logistic_regression,0.5027927669387054,0,0.4772644578246767,0.6222410865874364,0.05178268251273345,no_interaction,1,False,0.6326530612244898,0.30612244897959184,0.30612244897959184,False,False,True
C1CNCC(C1C2=CC=C(C=C2)F)COC3=CC4=C(C=C3)OCO4,CC1=CC(=C(C=C1)C)OCCCC(C)(C)C(=O)O,1,reported_twosides,0.6180013418197632,0.6004392113180271,0.6004392113180271,fitted,platt_logistic_regression,0.5027927669387054,1,0.6728331802069034,0.17572156196943972,0.3378607809847199,no_interaction|interaction,2,True,0.24050632911392406,0.26,0.24050632911392406,False,False,True
C1=NC2=C(N1COC(CO)CO)NC(=NC2=O)N,CC1=CN(C(=O)NC1=O)C2CC(C(O2)CO)N=[N+]=[N-],1,reported_twosides,0.2822396159172058,0.2689224199282944,0.2689224199282944,fitted,platt_logistic_regression,0.5027927669387054,0,0.5821841065283122,0.4779286926994907,0.10441426146010187,no_interaction|interaction,2,True,0.7307692307692307,0.7083333333333334,0.7083333333333334,False,False,False
CC1=CC=CC=C1S(=O)(=O)NC(=O)C2=CC(=C(C=C2)CC3=CN(C4=C3C=C(C=C4)NC(=O)OC5CCCC5)C)OC,CCCCCN=C(N)NNC=C1C=NC2=C1C=C(C=C2)CO,1,reported_twosides,0.39037197828292847,0.3740454718086021,0.3740454718086021,fitted,platt_logistic_regression,0.5027927669387054,0,0.661073696306588,0.3692699490662139,0.16213921901528014,no_interaction|interaction,2,True,0.2631578947368421,0.25,0.25,False,False,True
C1=CN=CC=C1C(=O)NN,CC(C)(C)NCC(COC1=NSN=C1N2CCOCC2)O,0,unreported_twosides_sampled,0.10046327859163284,0.09513218186389928,0.09513218186389928,fitted,platt_logistic_regression,0.5027927669387054,0,0.3142536942572704,0.8225806451612904,0.013582342954159592,no_interaction,1,False,0.30303030303030304,0.4,0.30303030303030304,False,False,True
CC(C)C1=NC(=NC(=C1CCC(CC(CC(=O)O)O)O)C2=CC=C(C=C2)F)N(C)S(=O)(=O)C,CC1=NN=C2N1C3=C(C=C(C=C3)Cl)C(=NC2)C4=CC=CC=C4Cl,1,reported_twosides,0.9264861941337585,0.9205541596277612,0.9205541596277612,fitted,platt_logistic_regression,0.5027927669387054,1,0.27741383100206607,0.00933786078098472,0.8556876061120543,interaction,1,False,0.4473684210526316,0.5454545454545454,0.4473684210526316,False,False,False
CC1=CC=CC=C1S(=O)(=O)NC(=O)C2=CC(=C(C=C2)CC3=CN(C4=C3C=C(C=C4)NC(=O)OC5CCCC5)C)OC,COC(=O)C(C1CCCCN1)C2=CC=CC=C2,0,unreported_twosides_sampled,0.7419033050537109,0.7269568320624028,0.7269568320624028,fitted,platt_logistic_regression,0.5027927669387054,1,0.5862622060739688,0.10441426146010187,0.47453310696095075,no_interaction|interaction,2,True,0.2631578947368421,0.3225806451612903,0.2631578947368421,False,False,True
CC1CC2C3CCC4=CC(=O)C=CC4(C3(C(CC2(C1(C(=O)CCl)O)C)O)Cl)C,CCC12CCC3C(C1CCC2(C#C)O)CCC4=CC(=O)CCC34,1,reported_twosides,0.18255026638507843,0.1732084545725662,0.1732084545725662,fitted,platt_logistic_regression,0.5027927669387054,0,0.46093732844802915,0.6417657045840407,0.0500848896434635,no_interaction,1,False,0.8620689655172413,0.7169811320754716,0.7169811320754716,False,False,False
CCCC(C)(COC(=O)N)COC(=O)N,COC1=CC(=CC(=C1OC)OC)CC2=CN=C(N=C2N)N,0,unreported_twosides_sampled,0.9835806488990784,0.9820302448681718,0.9820302448681718,fitted,platt_logistic_regression,0.5027927669387054,1,0.09002894077804902,0.0008488964346349745,0.9838709677419355,interaction,1,False,0.6774193548387096,0.22857142857142856,0.22857142857142856,False,False,True
CC(C)(C)NCC(COC1=NSN=C1N2CCOCC2)O,C[N+]1(CCC2=CC(=C(C=C2C1CC3=CC(=C(C=C3)OC)OC)OC)OC)CCC(=O)OCCCCCOC(=O)CC[N+]4(CCC5=CC(=C(C=C5C4CC6=CC(=C(C=C6)OC)OC)OC)OC)C.C1=CC=C(C=C1)S(=O)(=O)[O-].C1=CC=C(C=C1)S(=O)(=O)[O-],0,unreported_twosides_sampled,0.6285794973373413,0.6111442838467367,0.6111442838467367,fitted,platt_logistic_regression,0.5027927669387054,1,0.6682334817663069,0.16893039049235994,0.35738539898132426,no_interaction|interaction,2,True,0.4,0.25,0.25,False,False,True
C1=CC=C(C=C1)C2(C(=O)NC(=O)N2)C3=CC=CC=C3,C1=CN=CC=C1C(=O)NN,1,reported_twosides,0.03030872717499733,0.02875913374298295,0.02875913374298295,fitted,platt_logistic_regression,0.5027927669387054,0,0.13040197745502452,0.9575551782682513,0.0008488964346349745,no_interaction,1,False,0.4,0.30303030303030304,0.30303030303030304,False,False,True
CC1=CC=CC=C1S(=O)(=O)NC(=O)C2=CC(=C(C=C2)CC3=CN(C4=C3C=C(C=C4)NC(=O)OC5CCCC5)C)OC,CC1=CN(C(=O)NC1=O)C2CC(C(O2)CO)N=[N+]=[N-],0,unreported_twosides_sampled,0.14869877696037292,0.14093934048983492,0.14093934048983492,fitted,platt_logistic_regression,0.5027927669387054,0,0.4066650029798764,0.7139219015280136,0.03395585738539898,no_interaction,1,False,0.2631578947368421,0.7083333333333334,0.2631578947368421,False,False,True
C1=CN(C=N1)CC(O)(P(=O)(O)O)P(=O)(O)O,CCP(CC)CC.CC(=O)OCC1C(C(C(C(O1)[S-])OC(=O)C)OC(=O)C)OC(=O)C.[Au+],0,unreported_twosides_sampled,0.21520300209522247,0.20444171574273176,0.20444171574273176,fitted,platt_logistic_regression,0.5027927669387054,0,0.5064986346444735,0.5780984719864176,0.059422750424448216,no_interaction,1,False,0.36585365853658536,0.22950819672131148,0.22950819672131148,False,False,True
CC(C)[N+]1(C2CCC1CC(C2)OC(=O)C(CO)C3=CC=CC=C3)C,CN1CCC23C4C1CC5=C2C(=C(C=C5)O)OC3C(=O)CC4,1,reported_twosides,0.6864044666290283,0.6699758818532211,0.6699758818532211,fitted,platt_logistic_regression,0.5027927669387054,1,0.6341957145079613,0.14176570458404075,0.4134125636672326,no_interaction|interaction,2,True,0.6326530612244898,0.5333333333333333,0.5333333333333333,False,False,False
CCP(CC)CC.CC(=O)OCC1C(C(C(C(O1)[S-])OC(=O)C)OC(=O)C)OC(=O)C.[Au+],COC(=O)C(C1CCCCN1)C2=CC=CC=C2,0,unreported_twosides_sampled,0.7284877300262451,0.7131352146383739,0.7131352146383739,fitted,platt_logistic_regression,0.5027927669387054,1,0.5993205404130713,0.11120543293718166,0.4567062818336163,no_interaction|interaction,2,True,0.22950819672131148,0.3225806451612903,0.22950819672131148,False,False,True
C1=CC=C(C=C1)C2(C(=O)NC(=O)N2)C3=CC=CC=C3,CCCCC(C)(CC=CC1C(CC(=O)C1CCCCCCC(=O)OC)O)O,1,reported_twosides,0.1431131809949875,0.13562501758739498,0.13562501758739498,fitted,platt_logistic_regression,0.5027927669387054,0,0.3969414317950636,0.7283531409168081,0.03225806451612903,no_interaction,1,False,0.4,0.3698630136986301,0.3698630136986301,False,False,True
C1=NC2=C(N1)C(=S)N=CN2,CC1=NN=C2N1C3=C(C=C(C=C3)Cl)C(=NC2)C4=CC=CC=C4Cl,0,unreported_twosides_sampled,0.9800556302070618,0.9782008534844607,0.9782008534844607,fitted,platt_logistic_regression,0.5027927669387054,1,0.10496081545920526,0.0008488964346349745,0.9728353140916808,interaction,1,False,0.3142857142857143,0.5454545454545454,0.3142857142857143,False,False,True
CC1=CC=CC=C1OC(CCNC)C2=CC=CC=C2,CCOC(=O)C1(CCN(CC1)C)C2=CC=CC=C2,0,unreported_twosides_sampled,0.30217882990837097,0.2881999489422697,0.2881999489422697,fitted,platt_logistic_regression,0.5027927669387054,0,0.6005320675795606,0.45585738539898135,0.11375212224108659,no_interaction|interaction,2,True,0.30612244897959184,0.3559322033898305,0.30612244897959184,False,False,True
C1=CN=CC=C1C(=O)NN,CCOC(=O)C1(CCN(CC1)C)C2=CC=CC=C2,0,unreported_twosides_sampled,0.02869211696088314,0.027230322717074415,0.027230322717074415,fitted,platt_logistic_regression,0.5027927669387054,0,0.12497856742579959,0.9601018675721562,0.0008488964346349745,no_interaction,1,False,0.30303030303030304,0.3559322033898305,0.30303030303030304,False,False,True
C1=CN=CC=C1C(=O)NN,CN1CCCC(CC1)N2C(=O)C3=CC=CC=C3C(=N2)CC4=CC=C(C=C4)Cl,0,unreported_twosides_sampled,0.0423753559589386,0.04016746834476409,0.04016746834476409,fitted,platt_logistic_regression,0.5027927669387054,0,0.16847600645839836,0.9397283531409168,0.001697792869269949,no_interaction,1,False,0.30303030303030304,0.3,0.3,False,False,True
CC(CCC1=CC=C(C=C1)O)NCCC2=CC(=C(C=C2)O)O,CCCCC(C)(CC=CC1C(CC(=O)C1CCCCCCC(=O)OC)O)O,0,unreported_twosides_sampled,0.867467999458313,0.8579052294210806,0.8579052294210806,fitted,platt_logistic_regression,0.5027927669387054,1,0.40874795373171235,0.03395585738539898,0.7096774193548387,interaction,1,False,0.38596491228070173,0.3698630136986301,0.3698630136986301,False,False,True
C1=NC2=C(N1)C(=S)N=CN2,CC(C)OC(=O)C(C)(C)OC1=CC=C(C=C1)C(=O)C2=CC=C(C=C2)Cl,1,reported_twosides,0.5351125597953796,0.5171440154841328,0.5171440154841328,fitted,platt_logistic_regression,0.5027927669387054,1,0.6925592307887576,0.23089983022071306,0.2597623089983022,no_interaction|interaction,2,True,0.3142857142857143,0.3137254901960784,0.3137254901960784,False,False,True
CC(C)C1=NC(=NC(=C1CCC(CC(CC(=O)O)O)O)C2=CC=C(C=C2)F)N(C)S(=O)(=O)C,CC(C)[N+]1(C2CCC1CC(C2)OC(=O)C(CO)C3=CC=CC=C3)C,1,reported_twosides,0.14759159088134766,0.1398857059018358,0.1398857059018358,fitted,platt_logistic_regression,0.5027927669387054,0,0.40475595387300656,0.7156196943972836,0.03310696095076401,no_interaction,1,False,0.4473684210526316,0.6326530612244898,0.4473684210526316,False,False,False
CC(C)[N+]1(C2CCC1CC(C2)OC(=O)C(CO)C3=CC=CC=C3)C,CNCCC(C1=CC=CS1)OC2=CC=CC3=CC=CC=C32,1,reported_twosides,0.12776510417461395,0.12103629178646953,0.12103629178646953,fitted,platt_logistic_regression,0.5027927669387054,0,0.3689846581160545,0.7631578947368421,0.023769100169779286,no_interaction,1,False,0.6326530612244898,0.2647058823529412,0.2647058823529412,False,False,True
CC1=CC=CC=C1OC(CCNC)C2=CC=CC=C2,CNCC(C1=CC(=C(C=C1)O)O)O,0,unreported_twosides_sampled,0.1266181617975235,0.11994689149304415,0.11994689149304415,fitted,platt_logistic_regression,0.5027927669387054,0,0.36681916292504313,0.764855687606112,0.023769100169779286,no_interaction,1,False,0.30612244897959184,0.475,0.30612244897959184,False,False,True
C1=NC2=C(N1COC(CO)CO)NC(=NC2=O)N,CNC(=O)CN(CCN(CCN(CC(=O)NC)CC(=O)[O-])CC(=O)[O-])CC(=O)[O-].O.[Gd+3],0,unreported_twosides_sampled,0.24185597896575928,0.23001895800722366,0.23001895800722366,fitted,platt_logistic_regression,0.5027927669387054,0,0.5392992476549423,0.530560271646859,0.07640067911714771,no_interaction,1,False,0.7307692307692307,0.5675675675675675,0.5675675675675675,False,False,False
CC(C)C1=NC(=NC(=C1CCC(CC(CC(=O)O)O)O)C2=CC=C(C=C2)F)N(C)S(=O)(=O)C,COC1=C(C=C2C(=C1)C(=NC(=N2)N3CCN(CC3)C(=O)C4=CC=CO4)N)OC,0,unreported_twosides_sampled,0.7344905138015747,0.7193158555089498,0.7193158555089498,fitted,platt_logistic_regression,0.5027927669387054,1,0.5935983053836417,0.10696095076400679,0.46604414261460103,no_interaction|interaction,2,True,0.4473684210526316,0.5882352941176471,0.4473684210526316,False,False,False
CNCCC(C1=CC=CC=C1)OC2=CC=C(C=C2)C(F)(F)F,COC1=C(C=C2C(=C1)C(=NC(=N2)N3CCN(CC3)C(=O)C4=CC=CO4)N)OC,0,unreported_twosides_sampled,0.6525931358337402,0.6355111111921141,0.6355111111921141,fitted,platt_logistic_regression,0.5027927669387054,1,0.6559572905665196,0.16044142614601017,0.3777589134125637,no_interaction|interaction,2,True,0.30612244897959184,0.5882352941176471,0.30612244897959184,False,False,True
C1NC2=CC(=C(C=C2S(=O)(=O)N1)S(=O)(=O)N)Cl,CC1=NN=C2N1C3=C(C=C(C=C3)Cl)C(=NC2)C4=CC=CC=C4Cl,1,reported_twosides,0.8409665822982788,0.8300169409382739,0.8300169409382739,fitted,platt_logistic_regression,0.5027927669387054,1,0.45585934999673816,0.04838709677419355,0.6451612903225806,interaction,1,False,0.5454545454545454,0.5454545454545454,0.5454545454545454,False,False,False
C1C(C2C(O1)C(CO2)O[N+](=O)[O-])O,CC1CC2C3CCC4=CC(=O)C=CC4(C3(C(CC2(C1(C(=O)CCl)O)C)O)Cl)C,1,reported_twosides,0.17659731209278107,0.16752584552294658,0.16752584552294658,fitted,platt_logistic_regression,0.5027927669387054,0,0.45194135005659913,0.6494057724957555,0.0466893039049236,no_interaction,1,False,0.8076923076923077,0.8620689655172413,0.8076923076923077,False,False,False
C1=CN=CC=C1C(=O)NN,CCC12CCC3C(C1CCC2(C#C)O)CCC4=CC(=O)CCC34,0,unreported_twosides_sampled,0.0278607290238142,0.026444027531977315,0.026444027531977315,fitted,platt_logistic_regression,0.5027927669387054,0,0.12215513938604548,0.9626485568760611,0.0008488964346349745,no_interaction,1,False,0.30303030303030304,0.7169811320754716,0.30303030303030304,False,False,True
C1=CC=C(C=C1)C2(C(=O)NC(=O)N2)C3=CC=CC=C3,COC(=O)C(C1CCCCN1)C2=CC=CC=C2,1,reported_twosides,0.6400455832481384,0.6227676717963165,0.6227676717963165,fitted,platt_logistic_regression,0.5027927669387054,1,0.6626929459785181,0.16383701188455008,0.36587436332767403,no_interaction|interaction,2,True,0.4,0.3225806451612903,0.3225806451612903,False,False,True
C1NC2=CC(=C(C=C2S(=O)(=O)N1)S(=O)(=O)N)Cl,CC(C)OC(=O)C(C)(C)OC1=CC=C(C=C1)C(=O)C2=CC=C(C=C2)Cl,1,reported_twosides,0.4426857531070709,0.42543618487579055,0.42543618487579055,fitted,platt_logistic_regression,0.5027927669387054,0,0.6819860698368834,0.3149405772495755,0.1935483870967742,no_interaction|interaction,2,True,0.5454545454545454,0.3137254901960784,0.3137254901960784,False,False,True
CC(C)(C)NCC(COC1=NSN=C1N2CCOCC2)O,CC(C)[N+]1(C2CCC1CC(C2)OC(=O)C(CO)C3=CC=CC=C3)C,1,reported_twosides,0.30328619480133057,0.28927193860703787,0.28927193860703787,fitted,platt_logistic_regression,0.5027927669387054,0,0.601498500187136,0.45500848896434637,0.11375212224108659,no_interaction|interaction,2,True,0.4,0.6326530612244898,0.4,False,False,False
CCCCCN=C(N)NNC=C1C=NC2=C1C=C(C=C2)CO,CCOC(=O)C1(CCN(CC1)C)C2=CC=CC=C2,1,reported_twosides,0.20205028355121613,0.19184764003539417,0.19184764003539417,fitted,platt_logistic_regression,0.5027927669387054,0,0.48889099800637154,0.6001697792869269,0.055178268251273345,no_interaction,1,False,0.25,0.3559322033898305,0.25,False,False,True
CCC(C)(C)C(=O)OC1CC(C=C2C1C(C(C=C2)C)CCC3CC(CC(=O)O3)O)C,CCCCC(C)(CC=CC1C(CC(=O)C1CCCCCCC(=O)OC)O)O,1,reported_twosides,0.4666914939880371,0.44914096490928873,0.44914096490928873,fitted,platt_logistic_regression,0.5027927669387054,0,0.6879649395807821,0.28862478777589134,0.20882852292020374,no_interaction|interaction,2,True,0.7424242424242424,0.3698630136986301,0.3698630136986301,False,False,True
CC(C)(C)NCC(COC1=NSN=C1N2CCOCC2)O,CC(C)C1=NC(=NC(=C1CCC(CC(CC(=O)O)O)O)C2=CC=C(C=C2)F)N(C)S(=O)(=O)C,1,reported_twosides,0.2767636477947235,0.26363628734133526,0.26363628734133526,fitted,platt_logistic_regression,0.5027927669387054,0,0.5768261001704793,0.4838709677419355,0.10101867572156197,no_interaction|interaction,2,True,0.4,0.4473684210526316,0.4,False,False,False
C1=CC=C(C=C1)C2(C(=O)NC(=O)N2)C3=CC=CC=C3,CC1=NN=C2N1C3=C(C=C(C=C3)Cl)C(=NC2)C4=CC=CC=C4Cl,0,unreported_twosides_sampled,0.9851434826850891,0.9837300938488167,0.9837300938488167,fitted,platt_logistic_regression,0.5027927669387054,1,0.08314342932962437,0.0008488964346349745,0.9864176570458404,interaction,1,False,0.4,0.5454545454545454,0.4,False,False,False
C1CC(CCC1C2=CC=C(C=C2)Cl)C3=C(C4=CC=CC=C4C(=O)C3=O)O,CC1=NN=C2N1C3=C(C=C(C=C3)Cl)C(=NC2)C4=CC=CC=C4,1,reported_twosides,0.9613422155380249,0.9579591715077194,0.9579591715077194,fitted,platt_logistic_regression,0.5027927669387054,1,0.17437664097906447,0.001697792869269949,0.9380305602716469,interaction,1,False,0.2549019607843137,0.62,0.2549019607843137,False,False,True
C1=NC2=C(N1)C(=S)N=CN2,C1NC2=CC(=C(C=C2S(=O)(=O)N1)S(=O)(=O)N)Cl,1,reported_twosides,0.10845055431127548,0.10270471975030583,0.10270471975030583,fitted,platt_logistic_regression,0.5027927669387054,0,0.3309855296926862,0.8039049235993209,0.017826825127334467,no_interaction,1,False,0.3142857142857143,0.5454545454545454,0.3142857142857143,False,False,True
CC(C1=CC=CC2=CC=CC=C21)NCCCC3=CC(=CC=C3)C(F)(F)F,CCC12CCC3C(C1CCC2(C#C)O)CCC4=CC(=O)CCC34,0,unreported_twosides_sampled,0.21799488365650177,0.20711734691880185,0.20711734691880185,fitted,platt_logistic_regression,0.5027927669387054,0,0.5101122412479239,0.5721561969439728,0.06281833616298811,no_interaction,1,False,0.24285714285714285,0.7169811320754716,0.24285714285714285,False,False,True
CC(C)OC(=O)C(C)(C)OC1=CC=C(C=C1)C(=O)C2=CC=C(C=C2)Cl,CCC(C)(C)C(=O)OC1CC(C=C2C1C(C(C=C2)C)CCC3CC(CC(=O)O3)O)C,1,reported_twosides,0.5755414962768555,0.5576426950214257,0.5576426950214257,fitted,platt_logistic_regression,0.5027927669387054,1,0.6864870208898142,0.20458404074702885,0.29711375212224106,no_interaction|interaction,2,True,0.3137254901960784,0.7424242424242424,0.3137254901960784,False,False,True
C1=CN=CC=C1C(=O)NN,CC(C)C1=NC(=NC(=C1CCC(CC(CC(=O)O)O)O)C2=CC=C(C=C2)F)N(C)S(=O)(=O)C,0,unreported_twosides_sampled,0.016886811703443527,0.016059261131815692,0.016059261131815692,fitted,platt_logistic_regression,0.5027927669387054,0,0.08227796413626356,0.9872665534804754,0.0008488964346349745,no_interaction,1,False,0.30303030303030304,0.4473684210526316,0.30303030303030304,False,False,True
CCCCC(C)(CC=CC1C(CC(=O)C1CCCCCCC(=O)OC)O)O,CCP(CC)CC.CC(=O)OCC1C(C(C(C(O1)[S-])OC(=O)C)OC(=O)C)OC(=O)C.[Au+],1,reported_twosides,0.45023706555366516,0.4328843760296448,0.4328843760296448,fitted,platt_logistic_regression,0.5027927669387054,0,0.6841109155990843,0.30475382003395585,0.200339558573854,no_interaction|interaction,2,True,0.3698630136986301,0.22950819672131148,0.22950819672131148,False,False,True
CC(C1=CC=CC2=CC=CC=C21)NCCCC3=CC(=CC=C3)C(F)(F)F,CC1=CN(C(=O)NC1=O)C2CC(C(O2)CO)N=[N+]=[N-],0,unreported_twosides_sampled,0.015476211905479431,0.014723173049559724,0.014723173049559724,fitted,platt_logistic_regression,0.5027927669387054,0,0.07672149252798738,0.9898132427843803,0.0008488964346349745,no_interaction,1,False,0.24285714285714285,0.7083333333333334,0.24285714285714285,False,False,True
C1CNCC(C1C2=CC=C(C=C2)F)COC3=CC4=C(C=C3)OCO4,CC(CCC1=CC=C(C=C1)O)NCCC2=CC(=C(C=C2)O)O,0,unreported_twosides_sampled,0.48352012038230896,0.465805756961898,0.465805756961898,fitted,platt_logistic_regression,0.5027927669387054,0,0.6908068617782241,0.27419354838709675,0.2164685908319185,no_interaction|interaction,2,True,0.24050632911392406,0.38596491228070173,0.24050632911392406,False,False,True
CC1=CC=CC=C1S(=O)(=O)NC(=O)C2=CC(=C(C=C2)CC3=CN(C4=C3C=C(C=C4)NC(=O)OC5CCCC5)C)OC,CNCC(C1=CC(=C(C=C1)O)O)O,1,reported_twosides,0.40775007009506226,0.3910769510509652,0.3910769510509652,fitted,platt_logistic_regression,0.5027927669387054,0,0.669227383393643,0.35738539898132426,0.17062818336162988,no_interaction|interaction,2,True,0.2631578947368421,0.475,0.2631578947368421,False,False,True
C1=CN(C(=O)N=C1N)C2C(C(C(O2)CO)O)O,CNCCC(C1=CC=CC=C1)OC2=CC=C(C=C2)C(F)(F)F,1,reported_twosides,0.06718935072422028,0.06362962147811711,0.06362962147811711,fitted,platt_logistic_regression,0.5027927669387054,0,0.23683990214122755,0.9032258064516129,0.003395585738539898,no_interaction,1,False,0.5306122448979592,0.30612244897959184,0.30612244897959184,False,False,True
C1=CC=C(C=C1)C2(C(=O)NC(=O)N2)C3=CC=CC=C3,CC(C)[N+]1(C2CCC1CC(C2)OC(=O)C(CO)C3=CC=CC=C3)C,1,reported_twosides,0.05100947991013527,0.04832977613154826,0.04832977613154826,fitted,platt_logistic_regression,0.5027927669387054,0,0.1935676913131223,0.931239388794567,0.001697792869269949,no_interaction,1,False,0.4,0.6326530612244898,0.4,False,False,False
C1=CN=CC=C1C(=O)NN,CC1=CC=CC=C1S(=O)(=O)NC(=O)C2=CC(=C(C=C2)CC3=CN(C4=C3C=C(C=C4)NC(=O)OC5CCCC5)C)OC,0,unreported_twosides_sampled,0.060081928968429565,0.056907774379979265,0.056907774379979265,fitted,platt_logistic_regression,0.5027927669387054,0,0.218372986557502,0.9168081494057725,0.0025466893039049238,no_interaction,1,False,0.30303030303030304,0.2631578947368421,0.2631578947368421,False,False,True
CC(C)[N+]1(C2CCC1CC(C2)OC(=O)C(CO)C3=CC=CC=C3)C,CC1=CN(C(=O)NC1=O)C2CC(C(O2)CO)N=[N+]=[N-],1,reported_twosides,0.03137791156768799,0.029770174322435825,0.029770174322435825,fitted,platt_logistic_regression,0.5027927669387054,0,0.133942361631142,0.9575551782682513,0.0008488964346349745,no_interaction,1,False,0.6326530612244898,0.7083333333333334,0.6326530612244898,False,False,False
CCCCC(C)(CC=CC1C(CC(=O)C1CCCCCCC(=O)OC)O)O,CNCCC(C1=CC=CS1)OC2=CC=CC3=CC=CC=C32,1,reported_twosides,0.6107719540596008,0.5931330548776128,0.5931330548776128,fitted,platt_logistic_regression,0.5027927669387054,1,0.6756979178677449,0.1799660441426146,0.33276740237691,no_interaction|interaction,2,True,0.3698630136986301,0.2647058823529412,0.2647058823529412,False,False,True
CC(C)(C)NCC(COC1=NSN=C1N2CCOCC2)O,CCP(CC)CC.CC(=O)OCC1C(C(C(C(O1)[S-])OC(=O)C)OC(=O)C)OC(=O)C.[Au+],0,unreported_twosides_sampled,0.7404463291168213,0.7254542573209231,0.7254542573209231,fitted,platt_logistic_regression,0.5027927669387054,1,0.5877279023856978,0.10526315789473684,0.47283531409168084,no_interaction|interaction,2,True,0.4,0.22950819672131148,0.22950819672131148,False,False,True
CC(C1=CC=CC2=CC=CC=C21)NCCCC3=CC(=CC=C3)C(F)(F)F,CC1=CC=CC=C1OC(CCNC)C2=CC=CC=C2,0,unreported_twosides_sampled,0.22485263645648956,0.21369306299088728,0.21369306299088728,fitted,platt_logistic_regression,0.5027927669387054,0,0.5188087736240392,0.5577249575551783,0.06706281833616298,no_interaction,1,False,0.24285714285714285,0.30612244897959184,0.24285714285714285,False,False,True
CC1=C(C(=NO1)C2=C(C=CC=C2Cl)Cl)C(=O)NC3C4N(C3=O)C(C(S4)(C)C)C(=O)[O-],CNCCC(C1=CC=CC=C1)OC2=CC=C(C=C2)C(F)(F)F,1,reported_twosides,0.09828996658325195,0.09307249734842686,0.09307249734842686,fitted,platt_logistic_regression,0.5027927669387054,0,0.3095894085422942,0.8251273344651953,0.011884550084889643,no_interaction,1,False,0.7777777777777778,0.30612244897959184,0.30612244897959184,False,False,True
C1C(C2C(O1)C(CO2)O[N+](=O)[O-])O,CNC(=O)CN(CCN(CCN(CC(=O)NC)CC(=O)[O-])CC(=O)[O-])CC(=O)[O-].O.[Gd+3],1,reported_twosides,0.17457307875156403,0.16559432791085715,0.16559432791085715,fitted,platt_logistic_regression,0.5027927669387054,0,0.44883119941356414,0.6528013582342954,0.044142614601018676,no_interaction,1,False,0.8076923076923077,0.5675675675675675,0.5675675675675675,False,False,False
CC(C)CN(CC(C(CC1=CC=CC=C1)NC(=O)OC2CCOC2)O)S(=O)(=O)C3=CC=C(C=C3)N,CCC(C)(C)C(=O)OC1CC(C=C2C1C(C(C=C2)C)CCC3CC(CC(=O)O3)O)C,0,unreported_twosides_sampled,0.16822420060634613,0.1595388100330538,0.1595388100330538,fitted,platt_logistic_regression,0.5027927669387054,0,0.43890432935266577,0.66723259762309,0.04074702886247878,no_interaction,1,False,0.7972972972972973,0.7424242424242424,0.7424242424242424,False,False,False
C1=CN=CC=C1C(=O)NN,CC(C)[N+]1(C2CCC1CC(C2)OC(=O)C(CO)C3=CC=CC=C3)C,1,reported_twosides,0.046254370361566544,0.043834450484552444,0.043834450484552444,fitted,platt_logistic_regression,0.5027927669387054,0,0.1799443885620745,0.9354838709677419,0.001697792869269949,no_interaction,1,False,0.30303030303030304,0.6326530612244898,0.30303030303030304,False,False,True
C1=CC=C(C=C1)C2(C(=O)NC(=O)N2)C3=CC=CC=C3,CC(C)OC(=O)C(C)(C)OC1=CC=C(C=C1)C(=O)C2=CC=C(C=C2)Cl,1,reported_twosides,0.2700040638446808,0.2571157994451052,0.2571157994451052,fitted,platt_logistic_regression,0.5027927669387054,0,0.570018463832038,0.49575551782682514,0.09252971137521222,no_interaction,1,False,0.4,0.3137254901960784,0.3137254901960784,False,False,True
CC(C)[N+]1(C2CCC1CC(C2)OC(=O)C(CO)C3=CC=CC=C3)C,CNCC(C1=CC(=C(C=C1)O)O)O,1,reported_twosides,0.2626093327999115,0.2499886073167258,0.2499886073167258,fitted,platt_logistic_regression,0.5027927669387054,0,0.5623226281308437,0.50169779286927,0.08828522920203735,no_interaction,1,False,0.6326530612244898,0.475,0.475,False,False,False
C1=NC2=C(N1)C(=S)N=CN2,COC1=CC(=CC(=C1OC)OC)CC2=CN=C(N=C2N)N,0,unreported_twosides_sampled,0.6917380690574646,0.6754295452388372,0.6754295452388372,fitted,platt_logistic_regression,0.5027927669387054,1,0.6302666585068477,0.13921901528013583,0.41765704584040747,no_interaction|interaction,2,True,0.3142857142857143,0.22857142857142856,0.22857142857142856,False,False,True
CC1=CC=CC=C1OC(CCNC)C2=CC=CC=C2,CN1CCC23C4C1CC5=C2C(=C(C=C5)O)OC3C(=O)CC4,0,unreported_twosides_sampled,0.675061047077179,0.6583926096691309,0.6583926096691309,fitted,platt_logistic_regression,0.5027927669387054,1,0.6420958980598186,0.1460101867572156,0.39728353140916806,no_interaction|interaction,2,True,0.30612244897959184,0.5333333333333333,0.30612244897959184,False,False,True
C1C(C2C(O1)C(CO2)O[N+](=O)[O-])O,C1CC2CN(C(=O)C3=CC=CC(=C23)C1)C4CN5CCC4CC5,1,reported_twosides,0.2610182464122772,0.24845589687258807,0.24845589687258807,fitted,platt_logistic_regression,0.5027927669387054,0,0.5606324071779943,0.5033955857385399,0.08743633276740238,no_interaction,1,False,0.8076923076923077,0.30303030303030304,0.30303030303030304,False,False,True
CN1CCC23C4C1CC5=C2C(=C(C=C5)O)OC3C(=O)CC4,CNCCC(C1=CC=CS1)OC2=CC=CC3=CC=CC=C32,1,reported_twosides,0.6262031197547913,0.6087378786842819,0.6087378786842819,fitted,platt_logistic_regression,0.5027927669387054,1,0.669309302494253,0.17147707979626486,0.35738539898132426,no_interaction|interaction,2,True,0.5333333333333333,0.2647058823529412,0.2647058823529412,False,False,True
CC(C)C1=NC(=NC(=C1CCC(CC(CC(=O)O)O)O)C2=CC=C(C=C2)F)N(C)S(=O)(=O)C,CNC(=O)CN(CCN(CCN(CC(=O)NC)CC(=O)[O-])CC(=O)[O-])CC(=O)[O-].O.[Gd+3],0,unreported_twosides_sampled,0.030327532440423965,0.02877691684153116,0.02877691684153116,fitted,platt_logistic_regression,0.5027927669387054,0,0.13046456152834668,0.9575551782682513,0.0008488964346349745,no_interaction,1,False,0.4473684210526316,0.5675675675675675,0.4473684210526316,False,False,False
C1=CC=C(C=C1)C2(C(=O)NC(=O)N2)C3=CC=CC=C3,C1=NC2=C(N1COC(CO)CO)NC(=NC2=O)N,1,reported_twosides,0.6191635131835938,0.6016144770676988,0.6016144770676988,fitted,platt_logistic_regression,0.5027927669387054,1,0.6723516201599278,0.17572156196943972,0.3404074702886248,no_interaction|interaction,2,True,0.4,0.7307692307692307,0.4,False,False,False
CNC(=C[N+](=O)[O-])NCCSCC1=CSC(=N1)CN(C)C,CNCCC(C1=CC=CC=C1)OC2=CC=C(C=C2)C(F)(F)F,1,reported_twosides,0.6166366338729858,0.5990593937662712,0.5990593937662712,fitted,platt_logistic_regression,0.5027927669387054,1,0.6733912072892606,0.17572156196943972,0.3378607809847199,no_interaction|interaction,2,True,0.603448275862069,0.30612244897959184,0.30612244897959184,False,False,True
C1=CN=CC=C1C(=O)NN,C1C(C(OC1N2C=NC3=C(N=C(N=C32)Cl)N)CO)O,0,unreported_twosides_sampled,0.1804228127002716,0.17117721726732185,0.17117721726732185,fitted,platt_logistic_regression,0.5027927669387054,0,0.4577479389577353,0.6426146010186757,0.04838709677419355,no_interaction,1,False,0.30303030303030304,0.6296296296296297,0.30303030303030304,False,False,True
CC1=CN(C(=O)NC1=O)C2CC(C(O2)CO)N=[N+]=[N-],COC1=CC(=CC(=C1OC)OC)CC2=CN=C(N=C2N)N,1,reported_twosides,0.30030444264411926,0.2863857711786941,0.2863857711786941,fitted,platt_logistic_regression,0.5027927669387054,0,0.5988837603241721,0.4567062818336163,0.11035653650254669,no_interaction|interaction,2,True,0.7083333333333334,0.22857142857142856,0.22857142857142856,False,False,True
CC1CC2C3CCC4=CC(=O)C=CC4(C3(C(CC2(C1(C(=O)CCl)O)C)O)Cl)C,CN1CCC23C4C1CC5=C2C(=C(C=C5)O)OC3C(=O)CC4,1,reported_twosides,0.7565507292747498,0.7420832025776389,0.7420832025776389,fitted,platt_logistic_regression,0.5027927669387054,1,0.570866655217442,0.09422750424448217,0.49490662139219016,interaction,1,False,0.8620689655172413,0.5333333333333333,0.5333333333333333,False,False,False
CC1=CC(=C(C=C1)C)OCCCC(C)(C)C(=O)O,CNCC(C1=CC(=C(C=C1)O)O)O,1,reported_twosides,0.16897855699062347,0.1602581079849425,0.1602581079849425,fitted,platt_logistic_regression,0.5027927669387054,0,0.4400976335753004,0.666383701188455,0.04159592529711375,no_interaction,1,False,0.26,0.475,0.26,False,False,True
C1NC2=CC(=C(C=C2S(=O)(=O)N1)S(=O)(=O)N)Cl,CCOC(=O)C1(CCN(CC1)C)C2=CC=CC=C2,1,reported_twosides,0.05960095301270485,0.056452955630635786,0.056452955630635786,fitted,platt_logistic_regression,0.5027927669387054,0,0.21709404533104132,0.9168081494057725,0.0025466893039049238,no_interaction,1,False,0.5454545454545454,0.3559322033898305,0.3559322033898305,False,False,True
CC(C)OC(=O)C(C)(C)OC1=CC=C(C=C1)C(=O)C2=CC=C(C=C2)Cl,CCCCCN=C(N)NNC=C1C=NC2=C1C=C(C=C2)CO,1,reported_twosides,0.19378942251205444,0.18394677099666962,0.18394677099666962,fitted,platt_logistic_regression,0.5027927669387054,0,0.4773256930340837,0.6213921901528013,0.05178268251273345,no_interaction,1,False,0.3137254901960784,0.25,0.25,False,False,True
CCC(C)(C)C(=O)OC1CC(C=C2C1C(C(C=C2)C)CCC3CC(CC(=O)O3)O)C,CN1CCC23C4C1CC5=C2C(=C(C=C5)O)OC3C(=O)CC4,1,reported_twosides,0.9001327753067017,0.8924820422612644,0.8924820422612644,fitted,platt_logistic_regression,0.5027927669387054,1,0.3412943559466246,0.02037351443123939,0.7903225806451613,interaction,1,False,0.7424242424242424,0.5333333333333333,0.5333333333333333,False,False,False
C1C(C2C(O1)C(CO2)O[N+](=O)[O-])O,C[N+]1(CCC2=CC(=C(C=C2C1CC3=CC(=C(C=C3)OC)OC)OC)OC)CCC(=O)OCCCCCOC(=O)CC[N+]4(CCC5=CC(=C(C=C5C4CC6=CC(=C(C=C6)OC)OC)OC)OC)C.C1=CC=C(C=C1)S(=O)(=O)[O-].C1=CC=C(C=C1)S(=O)(=O)[O-],0,unreported_twosides_sampled,0.5777613520622253,0.5598733917787359,0.5598733917787359,fitted,platt_logistic_regression,0.5027927669387054,1,0.6859603008244091,0.2028862478777589,0.29711375212224106,no_interaction|interaction,2,True,0.8076923076923077,0.25,0.25,False,False,True
C1=CN(C(=O)N=C1N)C2C(C(C(O2)CO)O)O,CC(C)OC(=O)C(C)(C)OC1=CC=C(C=C1)C(=O)C2=CC=C(C=C2)Cl,0,unreported_twosides_sampled,0.591225266456604,0.5734189277904377,0.5734189277904377,fitted,platt_logistic_regression,0.5027927669387054,1,0.6823274236033486,0.19439728353140917,0.3132427843803056,no_interaction|interaction,2,True,0.5306122448979592,0.3137254901960784,0.3137254901960784,False,False,True
CC1=CC(=C(C=C1)C)OCCCC(C)(C)C(=O)O,CC1=CN(C(=O)NC1=O)C2CC(C(O2)CO)N=[N+]=[N-],0,unreported_twosides_sampled,0.04605277627706528,0.04364387481231801,0.04364387481231801,fitted,platt_logistic_regression,0.5027927669387054,0,0.17935650308456957,0.9354838709677419,0.001697792869269949,no_interaction,1,False,0.26,0.7083333333333334,0.26,False,False,True
C1=CN(C=N1)CC(O)(P(=O)(O)O)P(=O)(O)O,C1=CN=CC=C1C(=O)NN,0,unreported_twosides_sampled,0.02468566596508026,0.02344071851039568,0.02344071851039568,fitted,platt_logistic_regression,0.5027927669387054,0,0.11114340817628354,0.969439728353141,0.0008488964346349745,no_interaction,1,False,0.36585365853658536,0.30303030303030304,0.30303030303030304,False,False,True
C1=CC=C(C=C1)C2(C(=O)NC(=O)N2)C3=CC=CC=C3,C1CC2CN(C(=O)C3=CC=CC(=C23)C1)C4CN5CCC4CC5,0,unreported_twosides_sampled,0.30166560411453247,0.2877031677043807,0.2877031677043807,fitted,platt_logistic_regression,0.5027927669387054,0,0.6000823048064281,0.45585738539898135,0.11375212224108659,no_interaction|interaction,2,True,0.4,0.30303030303030304,0.30303030303030304,False,False,True
C1=CC=C(C=C1)C2(C(=O)NC(=O)N2)C3=CC=CC=C3,CC1=CC=CC=C1OC(CCNC)C2=CC=CC=C2,0,unreported_twosides_sampled,0.12847930192947388,0.12171471301444135,0.12171471301444135,fitted,platt_logistic_regression,0.5027927669387054,0,0.3703275724652969,0.7614601018675722,0.025466893039049237,no_interaction,1,False,0.4,0.30612244897959184,0.30612244897959184,False,False,True
CC(C)C1=NC(=NC(=C1CCC(CC(CC(=O)O)O)O)C2=CC=C(C=C2)F)N(C)S(=O)(=O)C,CCC12CCC3C(C1CCC2(C#C)O)CCC4=CC(=O)CCC34,1,reported_twosides,0.1271536946296692,0.12045554318826852,0.12045554318826852,fitted,platt_logistic_regression,0.5027927669387054,0,0.3678316477602106,0.7631578947368421,0.023769100169779286,no_interaction,1,False,0.4473684210526316,0.7169811320754716,0.4473684210526316,False,False,False
C1=CN(C=N1)CC(O)(P(=O)(O)O)P(=O)(O)O,COC(=O)C(C1CCCCN1)C2=CC=CC=C2,1,reported_twosides,0.4099525511264801,0.39323831696552947,0.39323831696552947,fitted,platt_logistic_regression,0.5027927669387054,0,0.6701746072669413,0.3522920203735144,0.17147707979626486,no_interaction|interaction,2,True,0.36585365853658536,0.3225806451612903,0.3225806451612903,False,False,True
C1NC2=CC(=C(C=C2S(=O)(=O)N1)S(=O)(=O)N)Cl,CC(C)[N+]1(C2CCC1CC(C2)OC(=O)C(CO)C3=CC=CC=C3)C,1,reported_twosides,0.0776529461145401,0.07352950732982284,0.07352950732982284,fitted,platt_logistic_regression,0.5027927669387054,0,0.2626744572379388,0.8709677419354839,0.006791171477079796,no_interaction,1,False,0.5454545454545454,0.6326530612244898,0.5454545454545454,False,False,False
C1=CN(C(=O)N=C1N)C2C(C(C(O2)CO)O)O,CNCCC(C1=CC=CS1)OC2=CC=CC3=CC=CC=C32,1,reported_twosides,0.05269724875688553,0.04992541628416959,0.04992541628416959,fitted,platt_logistic_regression,0.5027927669387054,0,0.19829557756310745,0.9278438030560272,0.001697792869269949,no_interaction,1,False,0.5306122448979592,0.2647058823529412,0.2647058823529412,False,False,True
CC1=C(C(=NO1)C2=C(C=CC=C2Cl)Cl)C(=O)NC3C4N(C3=O)C(C(S4)(C)C)C(=O)[O-],CNC(=O)CN(CCN(CCN(CC(=O)NC)CC(=O)[O-])CC(=O)[O-])CC(=O)[O-].O.[Gd+3],0,unreported_twosides_sampled,0.11432666331529617,0.10827870308707221,0.10827870308707221,fitted,platt_logistic_regression,0.5027927669387054,0,0.3429013489033346,0.7886247877758913,0.02037351443123939,no_interaction,1,False,0.7777777777777778,0.5675675675675675,0.5675675675675675,False,False,False
CCCCCN=C(N)NNC=C1C=NC2=C1C=C(C=C2)CO,COC1=C(C=C2C(=C1)C(=NC(=N2)N3CCN(CC3)C(=O)C4=CC=CO4)N)OC,0,unreported_twosides_sampled,0.6835373044013977,0.6670461093099669,0.6670461093099669,fitted,platt_logistic_regression,0.5027927669387054,1,0.6362508346872938,0.14261460101867574,0.4100169779286927,no_interaction|interaction,2,True,0.25,0.5882352941176471,0.25,False,False,True
C1CC(CCC1C2=CC=C(C=C2)Cl)C3=C(C4=CC=CC=C4C(=O)C3=O)O,CNC(=O)CN(CCN(CCN(CC(=O)NC)CC(=O)[O-])CC(=O)[O-])CC(=O)[O-].O.[Gd+3],0,unreported_twosides_sampled,0.2263706922531128,0.21514936507159965,0.21514936507159965,fitted,platt_logistic_regression,0.5027927669387054,0,0.5206997529850798,0.5551782682512734,0.06706281833616298,no_interaction,1,False,0.2549019607843137,0.5675675675675675,0.2549019607843137,False,False,True
C1NC2=CC(=C(C=C2S(=O)(=O)N1)S(=O)(=O)N)Cl,CNCCC(C1=CC=CS1)OC2=CC=CC3=CC=CC=C32,1,reported_twosides,0.06466404348611832,0.06124109345512891,0.06124109345512891,fitted,platt_logistic_regression,0.5027927669387054,0,0.2303688669507922,0.9049235993208828,0.0025466893039049238,no_interaction,1,False,0.5454545454545454,0.2647058823529412,0.2647058823529412,False,False,True
COC(=O)C(C1CCCCN1)C2=CC=CC=C2,COC1=CC(=CC(=C1OC)OC)CC2=CN=C(N=C2N)N,0,unreported_twosides_sampled,0.912431538105011,0.9055623367416542,0.9055623367416542,fitted,platt_logistic_regression,0.5027927669387054,1,0.31268646827549235,0.013582342954159592,0.8234295415959253,interaction,1,False,0.3225806451612903,0.22857142857142856,0.22857142857142856,False,False,True
C1CNCC(C1C2=CC=C(C=C2)F)COC3=CC4=C(C=C3)OCO4,CNCC(C1=CC(=C(C=C1)O)O)O,1,reported_twosides,0.26894840598106384,0.25609795406254593,0.25609795406254593,fitted,platt_logistic_regression,0.5027927669387054,0,0.5689358017160301,0.49745331069609505,0.09168081494057725,no_interaction,1,False,0.24050632911392406,0.475,0.24050632911392406,False,False,True
C1C(C2C(O1)C(CO2)O[N+](=O)[O-])O,CC(C1=CC=CC2=CC=CC=C21)NCCCC3=CC(=CC=C3)C(F)(F)F,1,reported_twosides,0.09041948616504669,0.08561615555648575,0.08561615555648575,fitted,platt_logistic_regression,0.5027927669387054,0,0.2922761207989562,0.8421052631578947,0.010186757215619695,no_interaction,1,False,0.8076923076923077,0.24285714285714285,0.24285714285714285,False,False,True
CC1=CC(=C(C=C1)C)OCCCC(C)(C)C(=O)O,CC1=CC=CC=C1S(=O)(=O)NC(=O)C2=CC(=C(C=C2)CC3=CN(C4=C3C=C(C=C4)NC(=O)OC5CCCC5)C)OC,1,reported_twosides,0.47007906436920166,0.45249240934571233,0.45249240934571233,fitted,platt_logistic_regression,0.5027927669387054,0,0.6886264216827234,0.2860780984719864,0.20967741935483872,no_interaction|interaction,2,True,0.26,0.2631578947368421,0.26,False,False,True
CC(C)(C)NCC(COC1=NSN=C1N2CCOCC2)O,CC1=CC=CC=C1OC(CCNC)C2=CC=CC=C2,0,unreported_twosides_sampled,0.28562986850738525,0.27219688392643376,0.27219688392643376,fitted,platt_logistic_regression,0.5027927669387054,0,0.5854316880231885,0.47538200339558573,0.10441426146010187,no_interaction|interaction,2,True,0.4,0.30612244897959184,0.30612244897959184,False,False,True
CC1=C(C(=NO1)C2=C(C=CC=C2Cl)Cl)C(=O)NC3C4N(C3=O)C(C(S4)(C)C)C(=O)[O-],CC1=CC(=C(C=C1)C)OCCCC(C)(C)C(=O)O,1,reported_twosides,0.26350292563438416,0.2508495403865129,0.2508495403865129,fitted,platt_logistic_regression,0.5027927669387054,0,0.5632665369939708,0.5,0.08913412563667232,no_interaction,1,False,0.7777777777777778,0.26,0.26,False,False,True
CC1=CC(=C(C=C1)C)OCCCC(C)(C)C(=O)O,COC1=CC(=CC(=C1OC)OC)CC2=CN=C(N=C2N)N,0,unreported_twosides_sampled,0.8787737488746643,0.8698466990863265,0.8698466990863265,fitted,platt_logistic_regression,0.5027927669387054,1,0.38667802114273053,0.02801358234295416,0.7410865874363328,interaction,1,False,0.26,0.22857142857142856,0.22857142857142856,False,False,True
C1NC2=CC(=C(C=C2S(=O)(=O)N1)S(=O)(=O)N)Cl,CC(C1=CC=CC2=CC=CC=C21)NCCCC3=CC(=CC=C3)C(F)(F)F,0,unreported_twosides_sampled,0.057698145508766174,0.05465369948391704,0.05465369948391704,fitted,platt_logistic_regression,0.5027927669387054,0,0.21199621402864324,0.9202037351443124,0.0025466893039049238,no_interaction,1,False,0.5454545454545454,0.24285714285714285,0.24285714285714285,False,False,True
CCCC(C)(COC(=O)N)COC(=O)N,CN1CCCC(CC1)N2C(=O)C3=CC=CC=C3C(=N2)CC4=CC=C(C=C4)Cl,0,unreported_twosides_sampled,0.9001107215881348,0.8924586184063935,0.8924586184063935,fitted,platt_logistic_regression,0.5027927669387054,1,0.34134392612822273,0.02037351443123939,0.7903225806451613,interaction,1,False,0.6774193548387096,0.3,0.3,False,False,True
CCC12CCC3C(C1CCC2(C#C)O)CCC4=CC(=O)CCC34,CNCCC(C1=CC=CS1)OC2=CC=CC3=CC=CC=C32,1,reported_twosides,0.3017403185367584,0.2877754862171052,0.2877754862171052,fitted,platt_logistic_regression,0.5027927669387054,0,0.6001478535112108,0.45585738539898135,0.11375212224108659,no_interaction|interaction,2,True,0.7169811320754716,0.2647058823529412,0.2647058823529412,False,False,True
CC1=CC=CC=C1S(=O)(=O)NC(=O)C2=CC(=C(C=C2)CC3=CN(C4=C3C=C(C=C4)NC(=O)OC5CCCC5)C)OC,CCOC(=O)C1(CCN(CC1)C)C2=CC=CC=C2,0,unreported_twosides_sampled,0.4485493302345276,0.431219018766299,0.431219018766299,fitted,platt_logistic_regression,0.5027927669387054,0,0.6836554646886921,0.30560271646859083,0.19779286926994907,no_interaction|interaction,2,True,0.2631578947368421,0.3559322033898305,0.2631578947368421,False,False,True
C1C(C2C(O1)C(CO2)O[N+](=O)[O-])O,CC1=CC=CC=C1S(=O)(=O)NC(=O)C2=CC(=C(C=C2)CC3=CN(C4=C3C=C(C=C4)NC(=O)OC5CCCC5)C)OC,1,reported_twosides,0.8545854091644287,0.8443306807916119,0.8443306807916119,fitted,platt_logistic_regression,0.5027927669387054,1,0.43241833369310084,0.03904923599320883,0.6774193548387096,interaction,1,False,0.8076923076923077,0.2631578947368421,0.2631578947368421,False,False,True
C1=NC2=C(N1COC(CO)CO)NC(=NC2=O)N,CCCCC(C)(CC=CC1C(CC(=O)C1CCCCCCC(=O)OC)O)O,0,unreported_twosides_sampled,0.7345689535140991,0.7193966602315578,0.7193966602315578,fitted,platt_logistic_regression,0.5027927669387054,1,0.5935222462670131,0.10696095076400679,0.46604414261460103,no_interaction|interaction,2,True,0.7307692307692307,0.3698630136986301,0.3698630136986301,False,False,True
CC1=NN=C2N1C3=C(C=C(C=C3)Cl)C(=NC2)C4=CC=CC=C4,CN1CCC23C4C1CC5=C2C(=C(C=C5)O)OC3C(=O)CC4,1,reported_twosides,0.9465327858924866,0.9420247333860214,0.9420247333860214,fitted,platt_logistic_regression,0.5027927669387054,1,0.2213596642669018,0.0025466893039049238,0.9151103565365025,interaction,1,False,0.62,0.5333333333333333,0.5333333333333333,False,False,False
C1C(C2C(O1)C(CO2)O[N+](=O)[O-])O,CNC(=C[N+](=O)[O-])NCCSCC1=CSC(=N1)CN(C)C,1,reported_twosides,0.4281800091266632,0.41115006963957906,0.41115006963957906,fitted,platt_logistic_regression,0.5027927669387054,0,0.6772743991435065,0.32767402376910015,0.18505942275042445,no_interaction|interaction,2,True,0.8076923076923077,0.603448275862069,0.603448275862069,False,False,False
CNCCC(C1=CC=CS1)OC2=CC=CC3=CC=CC=C32,COC(=O)C(C1CCCCN1)C2=CC=CC=C2,1,reported_twosides,0.35881733894348145,0.3432194915086259,0.3432194915086259,fitted,platt_logistic_regression,0.5027927669387054,0,0.6431478878684411,0.39643463497453313,0.1468590831918506,no_interaction|interaction,2,True,0.2647058823529412,0.3225806451612903,0.2647058823529412,False,False,True
CC1=NN=C2N1C3=C(C=C(C=C3)Cl)C(=NC2)C4=CC=CC=C4Cl,CCC(C)(C)C(=O)OC1CC(C=C2C1C(C(C=C2)C)CCC3CC(CC(=O)O3)O)C,1,reported_twosides,0.9922562837600708,0.9914860347289469,0.9914860347289469,fitted,platt_logistic_regression,0.5027927669387054,1,0.049055580984489665,0.0008488964346349745,0.9940577249575552,interaction,1,False,0.5454545454545454,0.7424242424242424,0.5454545454545454,False,False,False
CCC(C)(C)C(=O)OC1CC(C=C2C1C(C(C=C2)C)CCC3CC(CC(=O)O3)O)C,CNCC(C1=CC(=C(C=C1)O)O)O,1,reported_twosides,0.30917009711265564,0.2949703244849026,0.2949703244849026,fitted,platt_logistic_regression,0.5027927669387054,0,0.6065422417871676,0.45076400679117146,0.12139219015280135,no_interaction|interaction,2,True,0.7424242424242424,0.475,0.475,False,False,False
C1=CN=CC=C1C(=O)NN,CC1=CN(C(=O)NC1=O)C2CC(C(O2)CO)N=[N+]=[N-],1,reported_twosides,0.07258349657058716,0.06873251600143457,0.06873251600143457,fitted,platt_logistic_regression,0.5027927669387054,0,0.2503479512371872,0.8828522920203735,0.0050933786078098476,no_interaction,1,False,0.30303030303030304,0.7083333333333334,0.30303030303030304,False,False,True
C1=CN(C=N1)CC(O)(P(=O)(O)O)P(=O)(O)O,CC1=NN=C2N1C3=C(C=C(C=C3)Cl)C(=NC2)C4=CC=CC=C4Cl,1,reported_twosides,0.9448614120483398,0.9402304701287956,0.9402304701287956,fitted,platt_logistic_regression,0.5027927669387054,1,0.22633290434630912,0.0025466893039049238,0.9117147707979627,interaction,1,False,0.36585365853658536,0.5454545454545454,0.36585365853658536,False,False,True
C1=CN(C(=O)N=C1N)C2C(C(C(O2)CO)O)O,COC(=O)C(C1CCCCN1)C2=CC=CC=C2,0,unreported_twosides_sampled,0.21986648440361023,0.20891147842327096,0.20891147842327096,fitted,platt_logistic_regression,0.5027927669387054,0,0.5125108851082772,0.5696095076400679,0.0636672325976231,no_interaction,1,False,0.5306122448979592,0.3225806451612903,0.3225806451612903,False,False,True
CC1CC2C3CCC4=CC(=O)C=CC4(C3(C(CC2(C1(C(=O)CCl)O)C)O)Cl)C,CCCCC(C)(CC=CC1C(CC(=O)C1CCCCCCC(=O)OC)O)O,1,reported_twosides,0.3778531551361084,0.3618005423769036,0.3618005423769036,fitted,platt_logistic_regression,0.5027927669387054,0,0.6544471319403194,0.38115449915110355,0.1570458404074703,no_interaction|interaction,2,True,0.8620689655172413,0.3698630136986301,0.3698630136986301,False,False,True
CC1=CN(C(=O)NC1=O)C2CC(C(O2)CO)N=[N+]=[N-],CC1CC2C3CCC4=CC(=O)C=CC4(C3(C(CC2(C1(C(=O)CCl)O)C)O)Cl)C,0,unreported_twosides_sampled,0.024149945005774498,0.022933895317054923,0.022933895317054923,fitted,platt_logistic_regression,0.5027927669387054,0,0.10924752968988882,0.9711375212224108,0.0008488964346349745,no_interaction,1,False,0.7083333333333334,0.8620689655172413,0.7083333333333334,False,False,False
CC(C)[N+]1(C2CCC1CC(C2)OC(=O)C(CO)C3=CC=CC=C3)C,CC1CC2C3CCC4=CC(=O)C=CC4(C3(C(CC2(C1(C(=O)CCl)O)C)O)Cl)C,1,reported_twosides,0.04706554487347603,0.04460129181038067,0.04460129181038067,fitted,platt_logistic_regression,0.5027927669387054,0,0.18230120901564098,0.934634974533107,0.001697792869269949,no_interaction,1,False,0.6326530612244898,0.8620689655172413,0.6326530612244898,False,False,False
CNCCC(C1=CC=CS1)OC2=CC=CC3=CC=CC=C32,COC1=C(C=C2C(=C1)C(=NC(=N2)N3CCN(CC3)C(=O)C4=CC=CO4)N)OC,0,unreported_twosides_sampled,0.6685928702354431,0.6517970344704236,0.6517970344704236,fitted,platt_logistic_regression,0.5027927669387054,1,0.6463271011738718,0.1494057724957555,0.39473684210526316,no_interaction|interaction,2,True,0.2647058823529412,0.5882352941176471,0.2647058823529412,False,False,True
CNCC(C1=CC(=C(C=C1)O)O)O,CNCCC(C1=CC=CS1)OC2=CC=CC3=CC=CC=C32,1,reported_twosides,0.08435367047786713,0.07987219624060882,0.07987219624060882,fitted,platt_logistic_regression,0.5027927669387054,0,0.2784571196184129,0.8539898132427843,0.00933786078098472,no_interaction,1,False,0.475,0.2647058823529412,0.2647058823529412,False,False,True
C1CC2CN(C(=O)C3=CC=CC(=C23)C1)C4CN5CCC4CC5,CCC(C)(C)C(=O)OC1CC(C=C2C1C(C(C=C2)C)CCC3CC(CC(=O)O3)O)C,1,reported_twosides,0.1639426052570343,0.1554572233751554,0.1554572233751554,fitted,platt_logistic_regression,0.5027927669387054,0,0.432059548702067,0.6774193548387096,0.03904923599320883,no_interaction,1,False,0.30303030303030304,0.7424242424242424,0.30303030303030304,False,False,True
C1=NC2=C(N1)C(=S)N=CN2,CC1=CC=CC=C1S(=O)(=O)NC(=O)C2=CC(=C(C=C2)CC3=CN(C4=C3C=C(C=C4)NC(=O)OC5CCCC5)C)OC,0,unreported_twosides_sampled,0.3400261104106903,0.3249218112233565,0.3249218112233565,fitted,platt_logistic_regression,0.5027927669387054,0,0.6305238672514097,0.4168081494057725,0.13921901528013583,no_interaction|interaction,2,True,0.3142857142857143,0.2631578947368421,0.2631578947368421,False,False,True
C1=NC2=C(N1)C(=S)N=CN2,C1CNCC(C1C2=CC=C(C=C2)F)COC3=CC4=C(C=C3)OCO4,1,reported_twosides,0.46601784229278564,0.44847468540334134,0.44847468540334134,fitted,platt_logistic_regression,0.5027927669387054,0,0.6878280266285103,0.28862478777589134,0.20797962648556875,no_interaction|interaction,2,True,0.3142857142857143,0.24050632911392406,0.24050632911392406,False,False,True
C1=NC2=C(N1COC(CO)CO)NC(=NC2=O)N,CCCC(C)(COC(=O)N)COC(=O)N,0,unreported_twosides_sampled,0.7924851775169373,0.7793539514551572,0.7793539514551572,fitted,platt_logistic_regression,0.5027927669387054,1,0.5277244280649361,0.07045840407470289,0.5466893039049237,interaction,1,False,0.7307692307692307,0.6774193548387096,0.6774193548387096,False,False,False
C1=CC=C(C=C1)C2(C(=O)NC(=O)N2)C3=CC=CC=C3,CC(C)C1=NC(=NC(=C1CCC(CC(CC(=O)O)O)O)C2=CC=C(C=C2)F)N(C)S(=O)(=O)C,1,reported_twosides,0.14589190483093262,0.13826844195878168,0.13826844195878168,fitted,platt_logistic_regression,0.5027927669387054,0,0.4018077104875719,0.7207130730050934,0.03310696095076401,no_interaction,1,False,0.4,0.4473684210526316,0.4,False,False,False
CC(=O)N(CC(CO)O)C1=C(C(=C(C(=C1I)C(=O)NCC(CO)O)I)C(=O)NCC(CO)O)I,CC1=NN=C2N1C3=C(C=C(C=C3)Cl)C(=NC2)C4=CC=CC=C4,0,unreported_twosides_sampled,0.2693321108818054,0.25646790036750866,0.25646790036750866,fitted,platt_logistic_regression,0.5027927669387054,0,0.5693299346449667,0.49745331069609505,0.09168081494057725,no_interaction,1,False,0.9487179487179487,0.62,0.62,False,False,False
C1CNCC(C1C2=CC=C(C=C2)F)COC3=CC4=C(C=C3)OCO4,CCC12CCC3C(C1CCC2(C#C)O)CCC4=CC(=O)CCC34,1,reported_twosides,0.29871389269828796,0.2848466395100136,0.2848466395100136,fitted,platt_logistic_regression,0.5027927669387054,0,0.597472726903045,0.45840407470288624,0.11035653650254669,no_interaction|interaction,2,True,0.24050632911392406,0.7169811320754716,0.24050632911392406,False,False,True
C1CNCC(C1C2=CC=C(C=C2)F)COC3=CC4=C(C=C3)OCO4,CNC(=O)CN(CCN(CCN(CC(=O)NC)CC(=O)[O-])CC(=O)[O-])CC(=O)[O-].O.[Gd+3],1,reported_twosides,0.23293986916542053,0.22145417105740137,0.22145417105740137,fitted,platt_logistic_regression,0.5027927669387054,0,0.5287423050895189,0.5449915110356537,0.07045840407470289,no_interaction,1,False,0.24050632911392406,0.5675675675675675,0.24050632911392406,False,False,True
C1NC2=CC(=C(C=C2S(=O)(=O)N1)S(=O)(=O)N)Cl,CC1=CC=CC=C1OC(CCNC)C2=CC=CC=C2,1,reported_twosides,0.03740967437624931,0.035473100451531576,0.035473100451531576,fitted,platt_logistic_regression,0.5027927669387054,0,0.15328035000654855,0.9473684210526315,0.0008488964346349745,no_interaction,1,False,0.5454545454545454,0.30612244897959184,0.30612244897959184,False,False,True
C1=NC2=C(N1COC(CO)CO)NC(=NC2=O)N,COC(=O)C(C1CCCCN1)C2=CC=CC=C2,0,unreported_twosides_sampled,0.6359968781471252,0.6186610669637288,0.6186610669637288,fitted,platt_logistic_regression,0.5027927669387054,1,0.6647157959495582,0.16383701188455008,0.36417657045840407,no_interaction|interaction,2,True,0.7307692307692307,0.3225806451612903,0.3225806451612903,False,False,True
C1=NC2=C(N1COC(CO)CO)NC(=NC2=O)N,CC1=NN=C2N1C3=C(C=C(C=C3)Cl)C(=NC2)C4=CC=CC=C4Cl,0,unreported_twosides_sampled,0.9677255749702454,0.9648490871010073,0.9648490871010073,fitted,platt_logistic_regression,0.5027927669387054,1,0.15221468724175352,0.0008488964346349745,0.9482173174872666,interaction,1,False,0.7307692307692307,0.5454545454545454,0.5454545454545454,False,False,False
C1CNCC(C1C2=CC=C(C=C2)F)COC3=CC4=C(C=C3)OCO4,CC1=CC=CC=C1S(=O)(=O)NC(=O)C2=CC(=C(C=C2)CC3=CN(C4=C3C=C(C=C4)NC(=O)OC5CCCC5)C)OC,1,reported_twosides,0.6606751084327698,0.6437325159011981,0.6437325159011981,fitted,platt_logistic_regression,0.5027927669387054,1,0.6512403591801917,0.15195246179966043,0.3896434634974533,no_interaction|interaction,2,True,0.24050632911392406,0.2631578947368421,0.24050632911392406,False,False,True
C1CC2CN(C(=O)C3=CC=CC(=C23)C1)C4CN5CCC4CC5,CC(=O)N(CC(CO)O)C1=C(C(=C(C(=C1I)C(=O)NCC(CO)O)I)C(=O)NCC(CO)O)I,0,unreported_twosides_sampled,0.05605073645710945,0.05309602682844257,0.05309602682844257,fitted,platt_logistic_regression,0.5027927669387054,0,0.2075323205442117,0.9227504244482173,0.0025466893039049238,no_interaction,1,False,0.30303030303030304,0.9487179487179487,0.30303030303030304,False,False,True
C1=CN=CC=C1C(=O)NN,C1=NC2=C(N1COC(CO)CO)NC(=NC2=O)N,0,unreported_twosides_sampled,0.19665004312992096,0.1866819442102682,0.1866819442102682,fitted,platt_logistic_regression,0.5027927669387054,0,0.48137582078645885,0.6146010186757216,0.053480475382003394,no_interaction,1,False,0.30303030303030304,0.7307692307692307,0.30303030303030304,False,False,True
CC1=CC=CC=C1OC(CCNC)C2=CC=CC=C2,CNCCC(C1=CC=CS1)OC2=CC=CC3=CC=CC=C32,1,reported_twosides,0.2652972340583801,0.25257854225824483,0.25257854225824483,fitted,platt_logistic_regression,0.5027927669387054,0,0.5651502728789725,0.499151103565365,0.09168081494057725,no_interaction,1,False,0.30612244897959184,0.2647058823529412,0.2647058823529412,False,False,True
C1CC2CN(C(=O)C3=CC=CC(=C23)C1)C4CN5CCC4CC5,CC(C)(C)NCC(COC1=NSN=C1N2CCOCC2)O,0,unreported_twosides_sampled,0.12769167125225067,0.1209665397490043,0.1209665397490043,fitted,platt_logistic_regression,0.5027927669387054,0,0.36884634114724657,0.7631578947368421,0.023769100169779286,no_interaction,1,False,0.30303030303030304,0.4,0.30303030303030304,False,False,True
CCCCCN=C(N)NNC=C1C=NC2=C1C=C(C=C2)CO,CN1CCC23C4C1CC5=C2C(=C(C=C5)O)OC3C(=O)CC4,1,reported_twosides,0.7344963550567627,0.7193218728454639,0.7193218728454639,fitted,platt_logistic_regression,0.5027927669387054,1,0.5935926425557089,0.10696095076400679,0.46604414261460103,no_interaction|interaction,2,True,0.25,0.5333333333333333,0.25,False,False,True
C1CC2CN(C(=O)C3=CC=CC(=C23)C1)C4CN5CCC4CC5,CNCC(C1=CC(=C(C=C1)O)O)O,0,unreported_twosides_sampled,0.07989384233951569,0.07565039061582636,0.07565039061582636,fitted,platt_logistic_regression,0.5027927669387054,0,0.2680154026268174,0.866723259762309,0.006791171477079796,no_interaction,1,False,0.30303030303030304,0.475,0.30303030303030304,False,False,True
CC1=NN=C2N1C3=C(C=C(C=C3)Cl)C(=NC2)C4=CC=CC=C4,CC1CC2C3CCC4=CC(=O)C=CC4(C3(C(CC2(C1(C(=O)CCl)O)C)O)Cl)C,1,reported_twosides,0.4753984808921814,0.4577582919691185,0.4577582919691185,fitted,platt_logistic_regression,0.5027927669387054,0,0.6895741993353514,0.28098471986417656,0.21392190152801357,no_interaction|interaction,2,True,0.62,0.8620689655172413,0.62,False,False,False
C1=CN=CC=C1C(=O)NN,C1C(C2C(O1)C(CO2)O[N+](=O)[O-])O,1,reported_twosides,0.13380536437034607,0.12677531566802755,0.12677531566802755,fitted,platt_logistic_regression,0.5027927669387054,0,0.380210416096331,0.7470288624787776,0.02801358234295416,no_interaction,1,False,0.30303030303030304,0.8076923076923077,0.30303030303030304,False,False,True
CC1=CC=CC=C1OC(CCNC)C2=CC=CC=C2,CCC(C)(C)C(=O)OC1CC(C=C2C1C(C(C=C2)C)CCC3CC(CC(=O)O3)O)C,1,reported_twosides,0.4225899279117584,0.405652132423826,0.405652132423826,fitted,platt_logistic_regression,0.5027927669387054,0,0.6752369568556529,0.33446519524617996,0.1799660441426146,no_interaction|interaction,2,True,0.30612244897959184,0.7424242424242424,0.30612244897959184,False,False,True
CN1CCC23C4C1CC5=C2C(=C(C=C5)O)OC3C(=O)CC4,COC1=CC(=CC(=C1OC)OC)CC2=CN=C(N=C2N)N,0,unreported_twosides_sampled,0.779805064201355,0.7661757439915056,0.7661757439915056,fitted,platt_logistic_regression,0.5027927669387054,1,0.5438561018409244,0.07979626485568761,0.5280135823429541,interaction,1,False,0.5333333333333333,0.22857142857142856,0.22857142857142856,False,False,True
CC1CC2C3CCC4=CC(=O)C=CC4(C3(C(CC2(C1(C(=O)CCl)O)C)O)Cl)C,CN1CCCC(CC1)N2C(=O)C3=CC=CC=C3C(=N2)CC4=CC=C(C=C4)Cl,1,reported_twosides,0.22107535600662231,0.21007051014747,0.21007051014747,fitted,platt_logistic_regression,0.5027927669387054,0,0.514050076320868,0.566213921901528,0.06451612903225806,no_interaction,1,False,0.8620689655172413,0.3,0.3,False,False,True
CC1CC2C3CCC4=CC(=O)C=CC4(C3(C(CC2(C1(C(=O)CCl)O)C)O)Cl)C,CNC(=C[N+](=O)[O-])NCCSCC1=CSC(=N1)CN(C)C,1,reported_twosides,0.10677674412727356,0.10111744089704743,0.10111744089704743,fitted,platt_logistic_regression,0.5027927669387054,0,0.32753132775448124,0.8073005093378608,0.016129032258064516,no_interaction,1,False,0.8620689655172413,0.603448275862069,0.603448275862069,False,False,False
C1C(C(OC1N2C=NC3=C(N=C(N=C32)Cl)N)CO)O,COC(=O)C(C1CCCCN1)C2=CC=CC=C2,0,unreported_twosides_sampled,0.15175533294677734,0.14384863160615266,0.14384863160615266,fitted,platt_logistic_regression,0.5027927669387054,0,0.4118888212336606,0.7079796264855688,0.03480475382003396,no_interaction,1,False,0.6296296296296297,0.3225806451612903,0.3225806451612903,False,False,True
C1=NC2=C(N1)C(=S)N=CN2,C1=NC2=C(N1COC(CO)CO)NC(=NC2=O)N,0,unreported_twosides_sampled,0.7592412829399109,0.7448658201531115,0.7448658201531115,fitted,platt_logistic_regression,0.5027927669387054,1,0.5679056418814191,0.09168081494057725,0.499151103565365,interaction,1,False,0.3142857142857143,0.7307692307692307,0.3142857142857143,False,False,True
C1C(C(OC1N2C=NC3=C(N=C(N=C32)Cl)N)CO)O,C1NC2=CC(=C(C=C2S(=O)(=O)N1)S(=O)(=O)N)Cl,0,unreported_twosides_sampled,0.1182299256324768,0.11198273312523188,0.11198273312523188,fitted,platt_logistic_regression,0.5027927669387054,0,0.350640745525307,0.7792869269949066,0.022920203735144314,no_interaction,1,False,0.6296296296296297,0.5454545454545454,0.5454545454545454,False,False,False
C1=CN(C(=O)N=C1N)C2C(C(C(O2)CO)O)O,C1=NC2=C(N1COC(CO)CO)NC(=NC2=O)N,1,reported_twosides,0.8529945015907288,0.842656674033669,0.842656674033669,fitted,platt_logistic_regression,0.5027927669387054,1,0.43523813212112805,0.039898132427843805,0.6714770797962648,interaction,1,False,0.5306122448979592,0.7307692307692307,0.5306122448979592,False,False,False
C1=CN(C(=O)N=C1N)C2C(C(C(O2)CO)O)O,C1CNCC(C1C2=CC=C(C=C2)F)COC3=CC4=C(C=C3)OCO4,1,reported_twosides,0.10187719017267227,0.09647234545479859,0.09647234545479859,fitted,platt_logistic_regression,0.5027927669387054,0,0.31726205303985666,0.8174872665534805,0.013582342954159592,no_interaction,1,False,0.5306122448979592,0.24050632911392406,0.24050632911392406,False,False,True
CC1=CN(C(=O)NC1=O)C2CC(C(O2)CO)N=[N+]=[N-],CC1=NN=C2N1C3=C(C=C(C=C3)Cl)C(=NC2)C4=CC=CC=C4,1,reported_twosides,0.2583823800086975,0.2459173675154944,0.2459173675154944,fitted,platt_logistic_regression,0.5027927669387054,0,0.5578053038477924,0.5076400679117148,0.08488964346349745,no_interaction,1,False,0.7083333333333334,0.62,0.62,False,False,False
CCCCC(C)(CC=CC1C(CC(=O)C1CCCCCCC(=O)OC)O)O,CCOC(=O)C1(CCN(CC1)C)C2=CC=CC=C2,1,reported_twosides,0.33949053287506104,0.3244009426518757,0.3244009426518757,fitted,platt_logistic_regression,0.5027927669387054,0,0.6301423666557855,0.41765704584040747,0.13921901528013583,no_interaction|interaction,2,True,0.3698630136986301,0.3559322033898305,0.3559322033898305,False,False,True
C1NC2=CC(=C(C=C2S(=O)(=O)N1)S(=O)(=O)N)Cl,CC1=CC=CC=C1S(=O)(=O)NC(=O)C2=CC(=C(C=C2)CC3=CN(C4=C3C=C(C=C4)NC(=O)OC5CCCC5)C)OC,1,reported_twosides,0.29514047503471375,0.2813898305869484,0.2813898305869484,fitted,platt_logistic_regression,0.5027927669387054,0,0.5942611731620266,0.4634974533106961,0.10696095076400679,no_interaction|interaction,2,True,0.5454545454545454,0.2631578947368421,0.2631578947368421,False,False,True
C1C(C(OC1N2C=NC3=C(N=C(N=C32)Cl)N)CO)O,CC(C)OC(=O)C(C)(C)OC1=CC=C(C=C1)C(=O)C2=CC=C(C=C2)Cl,0,unreported_twosides_sampled,0.20288001000881195,0.19264159461734226,0.19264159461734226,fitted,platt_logistic_regression,0.5027927669387054,0,0.49003071292453637,0.6001697792869269,0.055178268251273345,no_interaction,1,False,0.6296296296296297,0.3137254901960784,0.3137254901960784,False,False,True
C1C(C2C(O1)C(CO2)O[N+](=O)[O-])O,C1CC(CCC1C2=CC=C(C=C2)Cl)C3=C(C4=CC=CC=C4C(=O)C3=O)O,0,unreported_twosides_sampled,0.9082787036895752,0.9011416772678501,0.9011416772678501,fitted,platt_logistic_regression,0.5027927669387054,1,0.3225671861400147,0.015280135823429542,0.8140916808149405,interaction,1,False,0.8076923076923077,0.2549019607843137,0.2549019607843137,False,False,True
C1=NC2=C(N1COC(CO)CO)NC(=NC2=O)N,CC(C)[N+]1(C2CCC1CC(C2)OC(=O)C(CO)C3=CC=CC=C3)C,0,unreported_twosides_sampled,0.32532191276550293,0.3106342310282298,0.3106342310282298,fitted,platt_logistic_regression,0.5027927669387054,0,0.61960718499117,0.43548387096774194,0.13157894736842105,no_interaction|interaction,2,True,0.7307692307692307,0.6326530612244898,0.6326530612244898,False,False,False
C1CNCC(C1C2=CC=C(C=C2)F)COC3=CC4=C(C=C3)OCO4,CCOC(=O)C1(CCN(CC1)C)C2=CC=CC=C2,1,reported_twosides,0.24663521349430084,0.23461346680547795,0.23461346680547795,fitted,platt_logistic_regression,0.5027927669387054,0,0.5447910331938381,0.5254668930390493,0.08064516129032258,no_interaction,1,False,0.24050632911392406,0.3559322033898305,0.24050632911392406,False,False,True
C1=NC2=C(N1)C(=S)N=CN2,CC(C1=CC=CC2=CC=CC=C21)NCCCC3=CC(=CC=C3)C(F)(F)F,0,unreported_twosides_sampled,0.0700380727648735,0.06632436706949459,0.06632436706949459,fitted,platt_logistic_regression,0.5027927669387054,0,0.24402573549686266,0.8930390492359932,0.0050933786078098476,no_interaction,1,False,0.3142857142857143,0.24285714285714285,0.24285714285714285,False,False,True
CC1CC2C3CCC4=CC(=O)C=CC4(C3(C(CC2(C1(C(=O)CCl)O)C)O)Cl)C,CNC(=O)CN(CCN(CCN(CC(=O)NC)CC(=O)[O-])CC(=O)[O-])CC(=O)[O-].O.[Gd+3],0,unreported_twosides_sampled,0.009892617352306843,0.009429774873256172,0.009429774873256172,fitted,platt_logistic_regression,0.5027927669387054,0,0.05336454138728666,0.9940577249575552,0.0008488964346349745,no_interaction,1,False,0.8620689655172413,0.5675675675675675,0.5675675675675675,False,False,False
CC1=C(C(=NO1)C2=C(C=CC=C2Cl)Cl)C(=O)NC3C4N(C3=O)C(C(S4)(C)C)C(=O)[O-],CNCCC(C1=CC=CS1)OC2=CC=CC3=CC=CC=C32,0,unreported_twosides_sampled,0.12217767536640167,0.1157301960295576,0.1157301960295576,fitted,platt_logistic_regression,0.5027927669387054,0,0.3583304823161758,0.7707979626485568,0.022920203735144314,no_interaction,1,False,0.7777777777777778,0.2647058823529412,0.2647058823529412,False,False,True
C1=NC2=C(N1)C(=S)N=CN2,CC(C)[N+]1(C2CCC1CC(C2)OC(=O)C(CO)C3=CC=CC=C3)C,0,unreported_twosides_sampled,0.14451748132705688,0.13696085550833173,0.13696085550833173,fitted,platt_logistic_regression,0.5027927669387054,0,0.39940796441390236,0.7224108658743633,0.03310696095076401,no_interaction,1,False,0.3142857142857143,0.6326530612244898,0.3142857142857143,False,False,True
CCCCCN=C(N)NNC=C1C=NC2=C1C=C(C=C2)CO,C[N+]1(CCC2=CC(=C(C=C2C1CC3=CC(=C(C=C3)OC)OC)OC)OC)CCC(=O)OCCCCCOC(=O)CC[N+]4(CCC5=CC(=C(C=C5C4CC6=CC(=C(C=C6)OC)OC)OC)OC)C.C1=CC=C(C=C1)S(=O)(=O)[O-].C1=CC=C(C=C1)S(=O)(=O)[O-],0,unreported_twosides_sampled,0.2321871519088745,0.22073150967575075,0.22073150967575075,fitted,platt_logistic_regression,0.5027927669387054,0,0.5278322507002965,0.5466893039049237,0.07045840407470289,no_interaction,1,False,0.25,0.25,0.25,False,False,True
C1=NC2=C(N1)C(=S)N=CN2,COC(=O)C(C1CCCCN1)C2=CC=CC=C2,0,unreported_twosides_sampled,0.36373698711395264,0.34801721763136056,0.34801721763136056,fitted,platt_logistic_regression,0.5027927669387054,0,0.6462105709447046,0.39473684210526316,0.1494057724957555,no_interaction|interaction,2,True,0.3142857142857143,0.3225806451612903,0.3142857142857143,False,False,True
C1C(C(OC1N2C=NC3=C(N=C(N=C32)Cl)N)CO)O,CC1CC2C3CCC4=CC(=O)C=CC4(C3(C(CC2(C1(C(=O)CCl)O)C)O)Cl)C,0,unreported_twosides_sampled,0.06350291520357132,0.060142939558947416,0.060142939558947416,fitted,platt_logistic_regression,0.5027927669387054,0,0.22736064474692808,0.9108658743633277,0.0025466893039049238,no_interaction,1,False,0.6296296296296297,0.8620689655172413,0.6296296296296297,False,False,False
C1=CC=C(C=C1)C2(C(=O)NC(=O)N2)C3=CC=CC=C3,COC1=CC(=CC(=C1OC)OC)CC2=CN=C(N=C2N)N,1,reported_twosides,0.9280809164047241,0.9222583033199039,0.9222583033199039,fitted,platt_logistic_regression,0.5027927669387054,1,0.2732188630919904,0.00933786078098472,0.8599320882852292,interaction,1,False,0.4,0.22857142857142856,0.22857142857142856,False,False,True
C1=CN(C=N1)CC(O)(P(=O)(O)O)P(=O)(O)O,C1=NC2=C(N1COC(CO)CO)NC(=NC2=O)N,0,unreported_twosides_sampled,0.37632447481155396,0.36030668332492105,0.36030668332492105,fitted,platt_logistic_regression,0.5027927669387054,0,0.6535944452963611,0.3828522920203735,0.15534804753820033,no_interaction|interaction,2,True,0.36585365853658536,0.7307692307692307,0.36585365853658536,False,False,True
C1CC2CN(C(=O)C3=CC=CC(=C23)C1)C4CN5CCC4CC5,CC1CC2C3CCC4=CC(=O)C=CC4(C3(C(CC2(C1(C(=O)CCl)O)C)O)Cl)C,0,unreported_twosides_sampled,0.13480427861213684,0.12772470837158417,0.12772470837158417,fitted,platt_logistic_regression,0.5027927669387054,0,0.3820384695182064,0.7444821731748726,0.02801358234295416,no_interaction,1,False,0.30303030303030304,0.8620689655172413,0.30303030303030304,False,False,True
C1=CN=CC=C1C(=O)NN,CC1=NN=C2N1C3=C(C=C(C=C3)Cl)C(=NC2)C4=CC=CC=C4,1,reported_twosides,0.1041770726442337,0.09865256943476744,0.09865256943476744,fitted,platt_logistic_regression,0.5027927669387054,0,0.3221122387956099,0.8140916808149405,0.015280135823429542,no_interaction,1,False,0.30303030303030304,0.62,0.30303030303030304,False,False,True
CC(C)OC(=O)C(C)(C)OC1=CC=C(C=C1)C(=O)C2=CC=C(C=C2)Cl,COC1=C(C=C2C(=C1)C(=NC(=N2)N3CCN(CC3)C(=O)C4=CC=CO4)N)OC,0,unreported_twosides_sampled,0.9682043790817261,0.9653664609246038,0.9653664609246038,fitted,platt_logistic_regression,0.5027927669387054,1,0.15049701397329857,0.0008488964346349745,0.9499151103565365,interaction,1,False,0.3137254901960784,0.5882352941176471,0.3137254901960784,False,False,True
COC1=CC(=CC(=C1OC)OC)CC2=CN=C(N=C2N)N,C[N+]1(CCC2=CC(=C(C=C2C1CC3=CC(=C(C=C3)OC)OC)OC)OC)CCC(=O)OCCCCCOC(=O)CC[N+]4(CCC5=CC(=C(C=C5C4CC6=CC(=C(C=C6)OC)OC)OC)OC)C.C1=CC=C(C=C1)S(=O)(=O)[O-].C1=CC=C(C=C1)S(=O)(=O)[O-],0,unreported_twosides_sampled,0.9549911618232727,0.9511174575587865,0.9511174575587865,fitted,platt_logistic_regression,0.5027927669387054,1,0.19521171960013678,0.001697792869269949,0.931239388794567,interaction,1,False,0.22857142857142856,0.25,0.22857142857142856,False,False,True
C1=NC2=C(N1)C(=S)N=CN2,CC(C)C1=NC(=NC(=C1CCC(CC(CC(=O)O)O)O)C2=CC=C(C=C2)F)N(C)S(=O)(=O)C,0,unreported_twosides_sampled,0.10036235302686691,0.09503652578662333,0.09503652578662333,fitted,platt_logistic_regression,0.5027927669387054,0,0.31403817371714676,0.8234295415959253,0.013582342954159592,no_interaction,1,False,0.3142857142857143,0.4473684210526316,0.3142857142857143,False,False,True
C1=CC=C(C=C1)C2(C(=O)NC(=O)N2)C3=CC=CC=C3,C1CNCC(C1C2=CC=C(C=C2)F)COC3=CC4=C(C=C3)OCO4,1,reported_twosides,0.3694722652435303,0.35361421491352196,0.35361421491352196,fitted,platt_logistic_regression,0.5027927669387054,0,0.6496553161011365,0.3921901528013582,0.15110356536502548,no_interaction|interaction,2,True,0.4,0.24050632911392406,0.24050632911392406,False,False,True
C1=NC2=C(N1COC(CO)CO)NC(=NC2=O)N,CC1=CC=CC=C1OC(CCNC)C2=CC=CC=C2,0,unreported_twosides_sampled,0.5043526887893677,0.4864902132646074,0.4864902132646074,fitted,platt_logistic_regression,0.5027927669387054,0,0.6927821074563871,0.25551782682512736,0.233446519524618,no_interaction|interaction,2,True,0.7307692307692307,0.30612244897959184,0.30612244897959184,False,False,True
C1CC(CCC1C2=CC=C(C=C2)Cl)C3=C(C4=CC=CC=C4C(=O)C3=O)O,CCC12CCC3C(C1CCC2(C#C)O)CCC4=CC(=O)CCC34,0,unreported_twosides_sampled,0.28561827540397644,0.27218568448956393,0.27218568448956393,fitted,platt_logistic_regression,0.5027927669387054,0,0.5854206730053088,0.47538200339558573,0.10441426146010187,no_interaction|interaction,2,True,0.2549019607843137,0.7169811320754716,0.2549019607843137,False,False,True
C1=CN=CC=C1C(=O)NN,C1NC2=CC(=C(C=C2S(=O)(=O)N1)S(=O)(=O)N)Cl,1,reported_twosides,0.017170576378703117,0.016327991404645976,0.016327991404645976,fitted,platt_logistic_regression,0.5027927669387054,0,0.08338159176122745,0.9864176570458404,0.0008488964346349745,no_interaction,1,False,0.30303030303030304,0.5454545454545454,0.30303030303030304,False,False,True
C1C(C2C(O1)C(CO2)O[N+](=O)[O-])O,CC(C)(C)NCC(COC1=NSN=C1N2CCOCC2)O,1,reported_twosides,0.5710717439651489,0.5531533492336311,0.5531533492336311,fitted,platt_logistic_regression,0.5027927669387054,1,0.6874859321545793,0.20628183361629882,0.2928692699490662,no_interaction|interaction,2,True,0.8076923076923077,0.4,0.4,False,False,False
CC1CC2C3CCC4=CC(=O)C=CC4(C3(C(CC2(C1(C(=O)CCl)O)C)O)Cl)C,CNCCC(C1=CC=CS1)OC2=CC=CC3=CC=CC=C32,1,reported_twosides,0.17293807864189148,0.1640345051717559,0.1640345051717559,fitted,platt_logistic_regression,0.5027927669387054,0,0.44629986065737015,0.6587436332767402,0.044142614601018676,no_interaction,1,False,0.8620689655172413,0.2647058823529412,0.2647058823529412,False,False,True
C1CC2CN(C(=O)C3=CC=CC(=C23)C1)C4CN5CCC4CC5,CCCCC(C)(CC=CC1C(CC(=O)C1CCCCCCC(=O)OC)O)O,0,unreported_twosides_sampled,0.3606676459312439,0.345023585658023,0.345023585658023,fitted,platt_logistic_regression,0.5027927669387054,0,0.6443114950831992,0.39558573853989815,0.14770797962648557,no_interaction|interaction,2,True,0.30303030303030304,0.3698630136986301,0.30303030303030304,False,False,True
CC1=C(C(=NO1)C2=C(C=CC=C2Cl)Cl)C(=O)NC3C4N(C3=O)C(C(S4)(C)C)C(=O)[O-],CCC(C)(C)C(=O)OC1CC(C=C2C1C(C(C=C2)C)CCC3CC(CC(=O)O3)O)C,0,unreported_twosides_sampled,0.48489370942115784,0.4671677078956214,0.4671677078956214,fitted,platt_logistic_regression,0.5027927669387054,0,0.6909897097432824,0.2733446519524618,0.21816638370118846,no_interaction|interaction,2,True,0.7777777777777778,0.7424242424242424,0.7424242424242424,False,False,False
C1NC2=CC(=C(C=C2S(=O)(=O)N1)S(=O)(=O)N)Cl,CC(=O)N(CC(CO)O)C1=C(C(=C(C(=C1I)C(=O)NCC(CO)O)I)C(=O)NCC(CO)O)I,1,reported_twosides,0.13117727637290955,0.12427791900332404,0.12427791900332404,fitted,platt_logistic_regression,0.5027927669387054,0,0.3753626690236443,0.7495755517826825,0.027164685908319185,no_interaction,1,False,0.5454545454545454,0.9487179487179487,0.5454545454545454,False,False,False
C1=CC=C(C=C1)C2(C(=O)NC(=O)N2)C3=CC=CC=C3,CC(C)(C)NCC(COC1=NSN=C1N2CCOCC2)O,1,reported_twosides,0.534504771232605,0.5165370050433723,0.5165370050433723,fitted,platt_logistic_regression,0.5027927669387054,1,0.6926001357283755,0.23089983022071306,0.25891341256366723,no_interaction|interaction,2,True,0.4,0.4,0.4,False,False,False
CC1=CC(=C(C=C1)C)OCCCC(C)(C)C(=O)O,CNC(=O)CN(CCN(CCN(CC(=O)NC)CC(=O)[O-])CC(=O)[O-])CC(=O)[O-].O.[Gd+3],0,unreported_twosides_sampled,0.08631686121225357,0.08173097503990191,0.08173097503990191,fitted,platt_logistic_regression,0.5027927669387054,0,0.28297679099904943,0.8497453310696095,0.010186757215619695,no_interaction,1,False,0.26,0.5675675675675675,0.26,False,False,True
CC(C)C1=NC(=NC(=C1CCC(CC(CC(=O)O)O)O)C2=CC=C(C=C2)F)N(C)S(=O)(=O)C,CC(CCC1=CC=C(C=C1)O)NCCC2=CC(=C(C=C2)O)O,0,unreported_twosides_sampled,0.26763784885406494,0.2548345164974686,0.2548345164974686,fitted,platt_logistic_regression,0.5027927669387054,0,0.5675843419048477,0.499151103565365,0.09168081494057725,no_interaction,1,False,0.4473684210526316,0.38596491228070173,0.38596491228070173,False,False,True
C1=CC=C(C=C1)C2(C(=O)NC(=O)N2)C3=CC=CC=C3,CNC(=O)CN(CCN(CCN(CC(=O)NC)CC(=O)[O-])CC(=O)[O-])CC(=O)[O-].O.[Gd+3],0,unreported_twosides_sampled,0.06014634668827057,0.05696868939449088,0.05696868939449088,fitted,platt_logistic_regression,0.5027927669387054,0,0.21854398504206432,0.9168081494057725,0.0025466893039049238,no_interaction,1,False,0.4,0.5675675675675675,0.4,False,False,False
C1C(C(OC1N2C=NC3=C(N=C(N=C32)Cl)N)CO)O,CC(C1=CC=CC2=CC=CC=C21)NCCCC3=CC(=CC=C3)C(F)(F)F,0,unreported_twosides_sampled,0.03167085349559784,0.030047176189499574,0.030047176189499574,fitted,platt_logistic_regression,0.5027927669387054,0,0.13490611904926023,0.9575551782682513,0.0008488964346349745,no_interaction,1,False,0.6296296296296297,0.24285714285714285,0.24285714285714285,False,False,True
C1NC2=CC(=C(C=C2S(=O)(=O)N1)S(=O)(=O)N)Cl,COC1=CC(=CC(=C1OC)OC)CC2=CN=C(N=C2N)N,1,reported_twosides,0.40215614438056946,0.38559030612791184,0.38559030612791184,fitted,platt_logistic_regression,0.5027927669387054,0,0.6667346518263361,0.3616298811544992,0.166383701188455,no_interaction|interaction,2,True,0.5454545454545454,0.22857142857142856,0.22857142857142856,False,False,True
CCC12CCC3C(C1CCC2(C#C)O)CCC4=CC(=O)CCC34,CCOC(=O)C1(CCN(CC1)C)C2=CC=CC=C2,0,unreported_twosides_sampled,0.29339680075645447,0.2797036023916114,0.2797036023916114,fitted,platt_logistic_regression,0.5027927669387054,0,0.5926731633526152,0.46604414261460103,0.10696095076400679,no_interaction|interaction,2,True,0.7169811320754716,0.3559322033898305,0.3559322033898305,False,False,True
CCC(C)(C)C(=O)OC1CC(C=C2C1C(C(C=C2)C)CCC3CC(CC(=O)O3)O)C,COC1=CC(=CC(=C1OC)OC)CC2=CN=C(N=C2N)N,1,reported_twosides,0.9132819771766663,0.9064681247381322,0.9064681247381322,fitted,platt_logistic_regression,0.5027927669387054,1,0.31063401861194617,0.011884550084889643,0.8251273344651953,interaction,1,False,0.7424242424242424,0.22857142857142856,0.22857142857142856,False,False,True
CC1=CN(C(=O)NC1=O)C2CC(C(O2)CO)N=[N+]=[N-],CCOC(=O)C1(CCN(CC1)C)C2=CC=CC=C2,0,unreported_twosides_sampled,0.07303014397621155,0.06915510708406539,0.06915510708406539,fitted,platt_logistic_regression,0.5027927669387054,0,0.2514479682231421,0.8820033955857386,0.005942275042444821,no_interaction,1,False,0.7083333333333334,0.3559322033898305,0.3559322033898305,False,False,True
CC1=CC(=C(C=C1)C)OCCCC(C)(C)C(=O)O,CN1CCCC(CC1)N2C(=O)C3=CC=CC=C3C(=N2)CC4=CC=C(C=C4)Cl,0,unreported_twosides_sampled,0.36355575919151306,0.34784042695123546,0.34784042695123546,fitted,platt_logistic_regression,0.5027927669387054,0,0.6460995188524101,0.39473684210526316,0.14855687606112053,no_interaction|interaction,2,True,0.26,0.3,0.26,False,False,True
CCCCC(C)(CC=CC1C(CC(=O)C1CCCCCCC(=O)OC)O)O,COC1=C(C=C2C(=C1)C(=NC(=N2)N3CCN(CC3)C(=O)C4=CC=CO4)N)OC,0,unreported_twosides_sampled,0.9767777323722839,0.9746452028486189,0.9746452028486189,fitted,platt_logistic_regression,0.5027927669387054,1,0.11820410001704197,0.0008488964346349745,0.966893039049236,interaction,1,False,0.3698630136986301,0.5882352941176471,0.3698630136986301,False,False,True
C1CC(CCC1C2=CC=C(C=C2)Cl)C3=C(C4=CC=CC=C4C(=O)C3=O)O,CC1=NN=C2N1C3=C(C=C(C=C3)Cl)C(=NC2)C4=CC=CC=C4Cl,0,unreported_twosides_sampled,0.9927775859832764,0.9920560127439555,0.9920560127439555,fitted,platt_logistic_regression,0.5027927669387054,1,0.046324228895169677,0.0008488964346349745,0.9966044142614601,interaction,1,False,0.2549019607843137,0.5454545454545454,0.2549019607843137,False,False,True
C1CC(CCC1C2=CC=C(C=C2)Cl)C3=C(C4=CC=CC=C4C(=O)C3=O)O,CC(C)OC(=O)C(C)(C)OC1=CC=C(C=C1)C(=O)C2=CC=C(C=C2)Cl,1,reported_twosides,0.8242303133010864,0.8124768404359908,0.8124768404359908,fitted,platt_logistic_regression,0.5027927669387054,1,0.4826115231438929,0.053480475382003394,0.6129032258064516,interaction,1,False,0.2549019607843137,0.3137254901960784,0.2549019607843137,False,False,True
C1=CN(C=N1)CC(O)(P(=O)(O)O)P(=O)(O)O,CC(C1=CC=CC2=CC=CC=C21)NCCCC3=CC(=CC=C3)C(F)(F)F,1,reported_twosides,0.07878538966178894,0.07460126825888334,0.07460126825888334,fitted,platt_logistic_regression,0.5027927669387054,0,0.26538157954901387,0.8692699490662139,0.006791171477079796,no_interaction,1,False,0.36585365853658536,0.24285714285714285,0.24285714285714285,False,False,True
CCP(CC)CC.CC(=O)OCC1C(C(C(C(O1)[S-])OC(=O)C)OC(=O)C)OC(=O)C.[Au+],CNCCC(C1=CC=CS1)OC2=CC=CC3=CC=CC=C32,0,unreported_twosides_sampled,0.23888975381851196,0.2271686468699266,0.2271686468699266,fitted,platt_logistic_regression,0.5027927669387054,0,0.5358324873316118,0.5407470288624788,0.07385398981324279,no_interaction,1,False,0.22950819672131148,0.2647058823529412,0.22950819672131148,False,False,True
CN1CCCC(CC1)N2C(=O)C3=CC=CC=C3C(=N2)CC4=CC=C(C=C4)Cl,CNCCC(C1=CC=CC=C1)OC2=CC=C(C=C2)C(F)(F)F,1,reported_twosides,0.27954739332199097,0.2663230955645474,0.2663230955645474,fitted,platt_logistic_regression,0.5027927669387054,0,0.579567312685787,0.48132427843803055,0.1035653650254669,no_interaction|interaction,2,True,0.3,0.30612244897959184,0.3,False,False,True
C1CNCC(C1C2=CC=C(C=C2)F)COC3=CC4=C(C=C3)OCO4,CC1=NN=C2N1C3=C(C=C(C=C3)Cl)C(=NC2)C4=CC=CC=C4,1,reported_twosides,0.8726094961166382,0.8633324890712764,0.8633324890712764,fitted,platt_logistic_regression,0.5027927669387054,1,0.39886762179408874,0.03310696095076401,0.7249575551782682,interaction,1,False,0.24050632911392406,0.62,0.24050632911392406,False,False,True
C1=CC=C(C=C1)C2(C(=O)NC(=O)N2)C3=CC=CC=C3,CCC(C)(C)C(=O)OC1CC(C=C2C1C(C(C=C2)C)CCC3CC(CC(=O)O3)O)C,1,reported_twosides,0.23987461626529694,0.22811491588264116,0.22811491588264116,fitted,platt_logistic_regression,0.5027927669387054,0,0.5369885213362859,0.5373514431239389,0.07470288624787776,no_interaction,1,False,0.4,0.7424242424242424,0.4,False,False,False
CCC12CCC3C(C1CCC2(C#C)O)CCC4=CC(=O)CCC34,CN1CCC23C4C1CC5=C2C(=C(C=C5)O)OC3C(=O)CC4,1,reported_twosides,0.8524617552757263,0.8420962147865435,0.8420962147865435,fitted,platt_logistic_regression,0.5027927669387054,1,0.4361774718378765,0.039898132427843805,0.6706281833616299,interaction,1,False,0.7169811320754716,0.5333333333333333,0.5333333333333333,False,False,False
CCC(C)(C)C(=O)OC1CC(C=C2C1C(C(C=C2)C)CCC3CC(CC(=O)O3)O)C,CCOC(=O)C1(CCN(CC1)C)C2=CC=CC=C2,1,reported_twosides,0.6401882171630859,0.6229123925425235,0.6229123925425235,fitted,platt_logistic_regression,0.5027927669387054,1,0.662620351113781,0.16383701188455008,0.366723259762309,no_interaction|interaction,2,True,0.7424242424242424,0.3559322033898305,0.3559322033898305,False,False,True
CCOC(=O)C1(CCN(CC1)C)C2=CC=CC=C2,COC1=CC(=CC(=C1OC)OC)CC2=CN=C(N=C2N)N,0,unreported_twosides_sampled,0.8714277148246765,0.8620845339865595,0.8620845339865595,fitted,platt_logistic_regression,0.5027927669387054,1,0.4011613306794859,0.03310696095076401,0.7207130730050934,interaction,1,False,0.3559322033898305,0.22857142857142856,0.22857142857142856,False,False,True
C1NC2=CC(=C(C=C2S(=O)(=O)N1)S(=O)(=O)N)Cl,CC(C)CN(CC(C(CC1=CC=CC=C1)NC(=O)OC2CCOC2)O)S(=O)(=O)C3=CC=C(C=C3)N,0,unreported_twosides_sampled,0.16986797749996185,0.16110626275334383,0.16110626275334383,fitted,platt_logistic_regression,0.5027927669387054,0,0.44149977093124276,0.6638370118845501,0.04159592529711375,no_interaction,1,False,0.5454545454545454,0.7972972972972973,0.5454545454545454,False,False,False
C1CC2CN(C(=O)C3=CC=CC(=C23)C1)C4CN5CCC4CC5,CNCCC(C1=CC=CC=C1)OC2=CC=C(C=C2)C(F)(F)F,0,unreported_twosides_sampled,0.14817796647548676,0.14044370647583107,0.14044370647583107,fitted,platt_logistic_regression,0.5027927669387054,0,0.40576812411057295,0.7147707979626485,0.03395585738539898,no_interaction,1,False,0.30303030303030304,0.30612244897959184,0.30303030303030304,False,False,True
CNCCC(C1=CC=CS1)OC2=CC=CC3=CC=CC=C32,C[N+]1(CCC2=CC(=C(C=C2C1CC3=CC(=C(C=C3)OC)OC)OC)OC)CCC(=O)OCCCCCOC(=O)CC[N+]4(CCC5=CC(=C(C=C5C4CC6=CC(=C(C=C6)OC)OC)OC)OC)C.C1=CC=C(C=C1)S(=O)(=O)[O-].C1=CC=C(C=C1)S(=O)(=O)[O-],0,unreported_twosides_sampled,0.3972572982311249,0.38078876391785677,0.38078876391785677,fitted,platt_logistic_regression,0.5027927669387054,0,0.6644489445440518,0.36502546689303905,0.16383701188455008,no_interaction|interaction,2,True,0.2647058823529412,0.25,0.25,False,False,True
CN1CCC23C4C1CC5=C2C(=C(C=C5)O)OC3C(=O)CC4,COC1=C(C=C2C(=C1)C(=NC(=N2)N3CCN(CC3)C(=O)C4=CC=CO4)N)OC,0,unreported_twosides_sampled,0.8122307062149048,0.7999341482589758,0.7999341482589758,fitted,platt_logistic_regression,0.5027927669387054,1,0.5004936998851431,0.05857385398981324,0.5882852292020373,interaction,1,False,0.5333333333333333,0.5882352941176471,0.5333333333333333,False,False,False
C1NC2=CC(=C(C=C2S(=O)(=O)N1)S(=O)(=O)N)Cl,CCCC(C)(COC(=O)N)COC(=O)N,1,reported_twosides,0.4790329337120056,0.46135841937375127,0.46135841937375127,fitted,platt_logistic_regression,0.5027927669387054,0,0.6901578571792464,0.27928692699490665,0.21561969439728354,no_interaction|interaction,2,True,0.5454545454545454,0.6774193548387096,0.5454545454545454,False,False,False
C1CC2CN(C(=O)C3=CC=CC(=C23)C1)C4CN5CCC4CC5,CC(C)[N+]1(C2CCC1CC(C2)OC(=O)C(CO)C3=CC=CC=C3)C,0,unreported_twosides_sampled,0.17436493933200836,0.16539574439911214,0.16539574439911214,fitted,platt_logistic_regression,0.5027927669387054,0,0.44850991163690634,0.6553480475382003,0.044142614601018676,no_interaction,1,False,0.30303030303030304,0.6326530612244898,0.30303030303030304,False,False,True
C1=CC=C(C=C1)C2(C(=O)NC(=O)N2)C3=CC=CC=C3,C1C(C2C(O1)C(CO2)O[N+](=O)[O-])O,1,reported_twosides,0.3356074094772339,0.32062552087235074,0.32062552087235074,fitted,platt_logistic_regression,0.5027927669387054,0,0.6273400588049911,0.4219015280135823,0.13837011884550085,no_interaction|interaction,2,True,0.4,0.8076923076923077,0.4,False,False,False
CC(C)[N+]1(C2CCC1CC(C2)OC(=O)C(CO)C3=CC=CC=C3)C,COC1=CC(=CC(=C1OC)OC)CC2=CN=C(N=C2N)N,1,reported_twosides,0.47526052594184875,0.4576216759783744,0.4576216759783744,fitted,platt_logistic_regression,0.5027927669387054,0,0.6895510230117403,0.28098471986417656,0.21392190152801357,no_interaction|interaction,2,True,0.6326530612244898,0.22857142857142856,0.22857142857142856,False,False,True
CNCC(C1=CC(=C(C=C1)O)O)O,COC1=CC(=CC(=C1OC)OC)CC2=CN=C(N=C2N)N,0,unreported_twosides_sampled,0.8343995809555054,0.8231280151281062,0.8231280151281062,fitted,platt_logistic_regression,0.5027927669387054,1,0.46661703242219676,0.0500848896434635,0.6358234295415959,interaction,1,False,0.475,0.22857142857142856,0.22857142857142856,False,False,True
CCC12CCC3C(C1CCC2(C#C)O)CCC4=CC(=O)CCC34,COC1=C(C=C2C(=C1)C(=NC(=N2)N3CCN(CC3)C(=O)C4=CC=CO4)N)OC,0,unreported_twosides_sampled,0.8731783032417297,0.8639332513990473,0.8639332513990473,fitted,platt_logistic_regression,0.5027927669387054,1,0.39775873600151357,0.03225806451612903,0.7258064516129032,interaction,1,False,0.7169811320754716,0.5882352941176471,0.5882352941176471,False,False,False
C1C(C2C(O1)C(CO2)O[N+](=O)[O-])O,CCCCCN=C(N)NNC=C1C=NC2=C1C=C(C=C2)CO,1,reported_twosides,0.18708276748657227,0.17753746052635178,0.17753746052635178,fitted,platt_logistic_regression,0.5027927669387054,0,0.4676388052651441,0.633276740237691,0.0500848896434635,no_interaction,1,False,0.8076923076923077,0.25,0.25,False,False,True
CCOC(=O)C1(CCN(CC1)C)C2=CC=CC=C2,CN1CCCC(CC1)N2C(=O)C3=CC=CC=C3C(=N2)CC4=CC=C(C=C4)Cl,0,unreported_twosides_sampled,0.3850365877151489,0.3688243498186915,0.3688243498186915,fitted,platt_logistic_regression,0.5027927669387054,0,0.6583270138679014,0.3735144312393888,0.16213921901528014,no_interaction|interaction,2,True,0.3559322033898305,0.3,0.3,False,False,True
C1=CC=C(C=C1)C2(C(=O)NC(=O)N2)C3=CC=CC=C3,CCP(CC)CC.CC(=O)OCC1C(C(C(C(O1)[S-])OC(=O)C)OC(=O)C)OC(=O)C.[Au+],0,unreported_twosides_sampled,0.24265392124652863,0.2307858832961216,0.2307858832961216,fitted,platt_logistic_regression,0.5027927669387054,0,0.5402241907972934,0.5297113752122241,0.07724957555178268,no_interaction,1,False,0.4,0.22950819672131148,0.22950819672131148,False,False,True
C1=CN=CC=C1C(=O)NN,C1=NC2=C(N1)C(=S)N=CN2,0,unreported_twosides_sampled,0.02094837836921215,0.01990441877923811,0.01990441877923811,fitted,platt_logistic_regression,0.5027927669387054,0,0.09766689492474454,0.9821731748726655,0.0008488964346349745,no_interaction,1,False,0.30303030303030304,0.3142857142857143,0.30303030303030304,False,False,True
CC1CC2C3CCC4=CC(=O)C=CC4(C3(C(CC2(C1(C(=O)CCl)O)C)O)Cl)C,CNCC(C1=CC(=C(C=C1)O)O)O,1,reported_twosides,0.2755185067653656,0.2624347945127267,0.2624347945127267,fitted,platt_logistic_regression,0.5027927669387054,0,0.5755882606624624,0.4847198641765705,0.100169779286927,no_interaction|interaction,2,True,0.8620689655172413,0.475,0.475,False,False,False
C1CC(CCC1C2=CC=C(C=C2)Cl)C3=C(C4=CC=CC=C4C(=O)C3=O)O,CCCCCN=C(N)NNC=C1C=NC2=C1C=C(C=C2)CO,0,unreported_twosides_sampled,0.36966773867607117,0.35380504873805946,0.35380504873805946,fitted,platt_logistic_regression,0.5027927669387054,0,0.6497703454960269,0.3921901528013582,0.15110356536502548,no_interaction|interaction,2,True,0.2549019607843137,0.25,0.25,False,False,True
C1=CN(C=N1)CC(O)(P(=O)(O)O)P(=O)(O)O,CNCCC(C1=CC=CC=C1)OC2=CC=C(C=C2)C(F)(F)F,1,reported_twosides,0.047275543212890625,0.044799813906009726,0.044799813906009726,fitted,platt_logistic_regression,0.5027927669387054,0,0.1829090915734068,0.934634974533107,0.001697792869269949,no_interaction,1,False,0.36585365853658536,0.30612244897959184,0.30612244897959184,False,False,True
C1=CN(C(=O)N=C1N)C2C(C(C(O2)CO)O)O,CCC(C)(C)C(=O)OC1CC(C=C2C1C(C(C=C2)C)CCC3CC(CC(=O)O3)O)C,1,reported_twosides,0.41174250841140747,0.3949953291184706,0.3949953291184706,fitted,platt_logistic_regression,0.5027927669387054,0,0.6709301932956768,0.3463497453310696,0.17147707979626486,no_interaction|interaction,2,True,0.5306122448979592,0.7424242424242424,0.5306122448979592,False,False,False
C1=CN(C=N1)CC(O)(P(=O)(O)O)P(=O)(O)O,CNCC(C1=CC(=C(C=C1)O)O)O,1,reported_twosides,0.12020008265972137,0.11385278079023496,0.11385278079023496,fitted,platt_logistic_regression,0.5027927669387054,0,0.35449545458500586,0.7733446519524618,0.022920203735144314,no_interaction,1,False,0.36585365853658536,0.475,0.36585365853658536,False,False,True
C1=CN(C(=O)N=C1N)C2C(C(C(O2)CO)O)O,C1=CN=CC=C1C(=O)NN,1,reported_twosides,0.12428750097751617,0.11773349158621492,0.11773349158621492,fitted,platt_logistic_regression,0.5027927669387054,0,0.3623846747941939,0.769100169779287,0.022920203735144314,no_interaction,1,False,0.5306122448979592,0.30303030303030304,0.30303030303030304,False,False,True
CC(CCC1=CC=C(C=C1)O)NCCC2=CC(=C(C=C2)O)O,CC1=CN(C(=O)NC1=O)C2CC(C(O2)CO)N=[N+]=[N-],0,unreported_twosides_sampled,0.10855548828840256,0.1028042357957872,0.1028042357957872,fitted,platt_logistic_regression,0.5027927669387054,0,0.3312011796840955,0.8039049235993209,0.017826825127334467,no_interaction,1,False,0.38596491228070173,0.7083333333333334,0.38596491228070173,False,False,True
C1=NC2=C(N1)C(=S)N=CN2,CCOC(=O)C1(CCN(CC1)C)C2=CC=CC=C2,1,reported_twosides,0.2908130884170532,0.27720566806830327,0.27720566806830327,fitted,platt_logistic_regression,0.5027927669387054,0,0.5902947727992525,0.4702886247877759,0.10696095076400679,no_interaction|interaction,2,True,0.3142857142857143,0.3559322033898305,0.3142857142857143,False,False,True
C1=CN(C(=O)N=C1N)C2C(C(C(O2)CO)O)O,CC1=CC=CC=C1OC(CCNC)C2=CC=CC=C2,0,unreported_twosides_sampled,0.10214456915855408,0.09672579400294137,0.09672579400294137,fitted,platt_logistic_regression,0.5027927669387054,0,0.3178286620122654,0.8157894736842105,0.013582342954159592,no_interaction,1,False,0.5306122448979592,0.30612244897959184,0.30612244897959184,False,False,True
CC(C)[N+]1(C2CCC1CC(C2)OC(=O)C(CO)C3=CC=CC=C3)C,CC(CCC1=CC=C(C=C1)O)NCCC2=CC(=C(C=C2)O)O,1,reported_twosides,0.38975510001182556,0.373441617649244,0.373441617649244,fitted,platt_logistic_regression,0.5027927669387054,0,0.6607619927210255,0.3692699490662139,0.16213921901528014,no_interaction|interaction,2,True,0.6326530612244898,0.38596491228070173,0.38596491228070173,False,False,True
C1=CN(C=N1)CC(O)(P(=O)(O)O)P(=O)(O)O,CCC(C)(C)C(=O)OC1CC(C=C2C1C(C(C=C2)C)CCC3CC(CC(=O)O3)O)C,1,reported_twosides,0.12944647669792175,0.12263350609978403,0.12263350609978403,fitted,platt_logistic_regression,0.5027927669387054,0,0.37213943557875284,0.7597623089983022,0.02631578947368421,no_interaction,1,False,0.36585365853658536,0.7424242424242424,0.36585365853658536,False,False,True
C1=NC2=C(N1)C(=S)N=CN2,CNCCC(C1=CC=CC=C1)OC2=CC=C(C=C2)C(F)(F)F,0,unreported_twosides_sampled,0.11282449960708618,0.10685352645975109,0.10685352645975109,fitted,platt_logistic_regression,0.5027927669387054,0,0.33988588329094993,0.7903225806451613,0.019524617996604415,no_interaction,1,False,0.3142857142857143,0.30612244897959184,0.30612244897959184,False,False,True
C1CC(CCC1C2=CC=C(C=C2)Cl)C3=C(C4=CC=CC=C4C(=O)C3=O)O,CC(C)C1=NC(=NC(=C1CCC(CC(CC(=O)O)O)O)C2=CC=C(C=C2)F)N(C)S(=O)(=O)C,0,unreported_twosides_sampled,0.43489041924476624,0.4177553720477095,0.4177553720477095,fitted,platt_logistic_regression,0.5027927669387054,0,0.679557147441596,0.3234295415959253,0.19015280135823429,no_interaction|interaction,2,True,0.2549019607843137,0.4473684210526316,0.2549019607843137,False,False,True
C1CNCC(C1C2=CC=C(C=C2)F)COC3=CC4=C(C=C3)OCO4,CC(C)C1=NC(=NC(=C1CCC(CC(CC(=O)O)O)O)C2=CC=C(C=C2)F)N(C)S(=O)(=O)C,1,reported_twosides,0.38217049837112427,0.36602115569460764,0.36602115569460764,fitted,platt_logistic_regression,0.5027927669387054,0,0.6568040641487415,0.3777589134125637,0.16129032258064516,no_interaction|interaction,2,True,0.24050632911392406,0.4473684210526316,0.24050632911392406,False,False,True
CC(C)(C)NCC(COC1=NSN=C1N2CCOCC2)O,CNCC(C1=CC(=C(C=C1)O)O)O,1,reported_twosides,0.16271741688251495,0.1542895862514557,0.1542895862514557,fitted,platt_logistic_regression,0.5027927669387054,0,0.43007820782360934,0.6808149405772496,0.038200339558573854,no_interaction,1,False,0.4,0.475,0.4,False,False,False
CC1=CN(C(=O)NC1=O)C2CC(C(O2)CO)N=[N+]=[N-],CNCC(C1=CC(=C(C=C1)O)O)O,0,unreported_twosides_sampled,0.1127977967262268,0.10682819367851393,0.10682819367851393,fitted,platt_logistic_regression,0.5027927669387054,0,0.33983209104674095,0.7903225806451613,0.019524617996604415,no_interaction,1,False,0.7083333333333334,0.475,0.475,False,False,False
C1=CC=C(C=C1)C2(C(=O)NC(=O)N2)C3=CC=CC=C3,CC1=C(C(=NO1)C2=C(C=CC=C2Cl)Cl)C(=O)NC3C4N(C3=O)C(C(S4)(C)C)C(=O)[O-],0,unreported_twosides_sampled,0.19846361875534058,0.18841641965291797,0.18841641965291797,fitted,platt_logistic_regression,0.5027927669387054,0,0.48391859238132406,0.6103565365025467,0.05432937181663837,no_interaction,1,False,0.4,0.7777777777777778,0.4,False,False,False
C1NC2=CC(=C(C=C2S(=O)(=O)N1)S(=O)(=O)N)Cl,CCP(CC)CC.CC(=O)OCC1C(C(C(C(O1)[S-])OC(=O)C)OC(=O)C)OC(=O)C.[Au+],1,reported_twosides,0.3498452305793762,0.3344775508925821,0.3344775508925821,fitted,platt_logistic_regression,0.5027927669387054,0,0.6373043353748248,0.4083191850594228,0.14261460101867574,no_interaction|interaction,2,True,0.5454545454545454,0.22950819672131148,0.22950819672131148,False,False,True
C1C(C2C(O1)C(CO2)O[N+](=O)[O-])O,C1CNCC(C1C2=CC=C(C=C2)F)COC3=CC4=C(C=C3)OCO4,1,reported_twosides,0.797619640827179,0.7846984832655767,0.7846984832655767,fitted,platt_logistic_regression,0.5027927669387054,1,0.5208965931841232,0.06706281833616298,0.5551782682512734,interaction,1,False,0.8076923076923077,0.24050632911392406,0.24050632911392406,False,False,True
CC1=NN=C2N1C3=C(C=C(C=C3)Cl)C(=NC2)C4=CC=CC=C4,CCP(CC)CC.CC(=O)OCC1C(C(C(C(O1)[S-])OC(=O)C)OC(=O)C)OC(=O)C.[Au+],0,unreported_twosides_sampled,0.9393116235733032,0.9342782144821231,0.9342782144821231,fitted,platt_logistic_regression,0.5027927669387054,1,0.24242922528507377,0.004244482173174873,0.8938879456706282,interaction,1,False,0.62,0.22950819672131148,0.22950819672131148,False,False,True
C1=NC2=C(N1COC(CO)CO)NC(=NC2=O)N,CNC(=C[N+](=O)[O-])NCCSCC1=CSC(=N1)CN(C)C,0,unreported_twosides_sampled,0.8977251648902893,0.8899255041662246,0.8899255041662246,fitted,platt_logistic_regression,0.5027927669387054,1,0.34667106008213955,0.021222410865874362,0.7818336162988115,interaction,1,False,0.7307692307692307,0.603448275862069,0.603448275862069,False,False,False
CC(C1=CC=CC2=CC=CC=C21)NCCCC3=CC(=CC=C3)C(F)(F)F,CN1CCCC(CC1)N2C(=O)C3=CC=CC=C3C(=N2)CC4=CC=C(C=C4)Cl,0,unreported_twosides_sampled,0.14415839314460754,0.1366192570290255,0.1366192570290255,fitted,platt_logistic_regression,0.5027927669387054,0,0.39877866798134337,0.7249575551782682,0.03310696095076401,no_interaction,1,False,0.24285714285714285,0.3,0.24285714285714285,False,False,True
CC1=NN=C2N1C3=C(C=C(C=C3)Cl)C(=NC2)C4=CC=CC=C4,CCCCC(C)(CC=CC1C(CC(=O)C1CCCCCCC(=O)OC)O)O,1,reported_twosides,0.9166121482849121,0.9100166938176044,0.9100166938176044,fitted,platt_logistic_regression,0.5027927669387054,1,0.30249919799652764,0.011035653650254669,0.8310696095076401,interaction,1,False,0.62,0.3698630136986301,0.3698630136986301,False,False,True
C1=CN(C=N1)CC(O)(P(=O)(O)O)P(=O)(O)O,CC1=NN=C2N1C3=C(C=C(C=C3)Cl)C(=NC2)C4=CC=CC=C4,1,reported_twosides,0.5446099638938904,0.5266362330506341,0.5266362330506341,fitted,platt_logistic_regression,0.5027927669387054,1,0.6917275308086137,0.22156196943972836,0.26825127334465193,no_interaction|interaction,2,True,0.36585365853658536,0.62,0.36585365853658536,False,False,True
C1=CN(C(=O)N=C1N)C2C(C(C(O2)CO)O)O,CCC12CCC3C(C1CCC2(C#C)O)CCC4=CC(=O)CCC34,0,unreported_twosides_sampled,0.16959407925605774,0.160845064297385,0.160845064297385,fitted,platt_logistic_regression,0.5027927669387054,0,0.44106853577453176,0.6646859083191851,0.04159592529711375,no_interaction,1,False,0.5306122448979592,0.7169811320754716,0.5306122448979592,False,False,False
C1=NC2=C(N1COC(CO)CO)NC(=NC2=O)N,CC1CC2C3CCC4=CC(=O)C=CC4(C3(C(CC2(C1(C(=O)CCl)O)C)O)Cl)C,0,unreported_twosides_sampled,0.6890013813972473,0.6726306695039683,0.6726306695039683,fitted,platt_logistic_regression,0.5027927669387054,1,0.6322999636670963,0.14091680814940577,0.4159592529711375,no_interaction|interaction,2,True,0.7307692307692307,0.8620689655172413,0.7307692307692307,False,False,False
CC(C1=CC=CC2=CC=CC=C21)NCCCC3=CC(=CC=C3)C(F)(F)F,CNC(=C[N+](=O)[O-])NCCSCC1=CSC(=N1)CN(C)C,0,unreported_twosides_sampled,0.560820460319519,0.5428683596027101,0.5428683596027101,fitted,platt_logistic_regression,0.5027927669387054,1,0.6894672719210592,0.21392190152801357,0.28183361629881154,no_interaction|interaction,2,True,0.24285714285714285,0.603448275862069,0.24285714285714285,False,False,True
CCCCCN=C(N)NNC=C1C=NC2=C1C=C(C=C2)CO,CN1CCCC(CC1)N2C(=O)C3=CC=CC=C3C(=N2)CC4=CC=C(C=C4)Cl,0,unreported_twosides_sampled,0.1647108942270279,0.15618949522730696,0.15618949522730696,fitted,platt_logistic_regression,0.5027927669387054,0,0.43329682421990234,0.6748726655348047,0.03904923599320883,no_interaction,1,False,0.25,0.3,0.25,False,False,True
CC(C)OC(=O)C(C)(C)OC1=CC=C(C=C1)C(=O)C2=CC=C(C=C2)Cl,CN1CCCC(CC1)N2C(=O)C3=CC=CC=C3C(=N2)CC4=CC=C(C=C4)Cl,1,reported_twosides,0.7421708703041077,0.7272328112192713,0.7272328112192713,fitted,platt_logistic_regression,0.5027927669387054,1,0.5859917651201458,0.10441426146010187,0.47453310696095075,no_interaction|interaction,2,True,0.3137254901960784,0.3,0.3,False,False,True
C1C(C2C(O1)C(CO2)O[N+](=O)[O-])O,CNCCC(C1=CC=CC=C1)OC2=CC=C(C=C2)C(F)(F)F,1,reported_twosides,0.07495532929897308,0.07097671357342136,0.07097671357342136,fitted,platt_logistic_regression,0.5027927669387054,0,0.25615810585377463,0.8760611205432938,0.005942275042444821,no_interaction,1,False,0.8076923076923077,0.30612244897959184,0.30612244897959184,False,False,True
CC1=CC=CC=C1S(=O)(=O)NC(=O)C2=CC(=C(C=C2)CC3=CN(C4=C3C=C(C=C4)NC(=O)OC5CCCC5)C)OC,CC1=NN=C2N1C3=C(C=C(C=C3)Cl)C(=NC2)C4=CC=CC=C4Cl,0,unreported_twosides_sampled,0.9738149046897888,0.9714353152819282,0.9714353152819282,fitted,platt_logistic_regression,0.5027927669387054,1,0.1297169126418039,0.0008488964346349745,0.9584040747028862,interaction,1,False,0.2631578947368421,0.5454545454545454,0.2631578947368421,False,False,True
C1NC2=CC(=C(C=C2S(=O)(=O)N1)S(=O)(=O)N)Cl,CNC(=C[N+](=O)[O-])NCCSCC1=CSC(=N1)CN(C)C,1,reported_twosides,0.17641635239124298,0.16735315810260964,0.16735315810260964,fitted,platt_logistic_regression,0.5027927669387054,0,0.45166437949557636,0.6494057724957555,0.0466893039049236,no_interaction,1,False,0.5454545454545454,0.603448275862069,0.5454545454545454,False,False,False
CC(C1=CC=CC2=CC=CC=C21)NCCCC3=CC(=CC=C3)C(F)(F)F,CC1CC2C3CCC4=CC(=O)C=CC4(C3(C(CC2(C1(C(=O)CCl)O)C)O)Cl)C,0,unreported_twosides_sampled,0.10843365639448166,0.1026886943796099,0.1026886943796099,fitted,platt_logistic_regression,0.5027927669387054,0,0.33095079287685636,0.8039049235993209,0.017826825127334467,no_interaction,1,False,0.24285714285714285,0.8620689655172413,0.24285714285714285,False,False,True
C1=NC2=C(N1COC(CO)CO)NC(=NC2=O)N,CC(C)(C)NCC(COC1=NSN=C1N2CCOCC2)O,0,unreported_twosides_sampled,0.4963444769382477,0.4785317213070758,0.4785317213070758,fitted,platt_logistic_regression,0.5027927669387054,0,0.6922251231483876,0.26570458404074704,0.22580645161290322,no_interaction|interaction,2,True,0.7307692307692307,0.4,0.4,False,False,False
C1NC2=CC(=C(C=C2S(=O)(=O)N1)S(=O)(=O)N)Cl,CN(C)CCC(C1=CC=C(C=C1)Cl)C2=CC=CC=N2,0,unreported_twosides_sampled,0.056792572140693665,0.0537974446776046,0.0537974446776046,fitted,platt_logistic_regression,0.5027927669387054,0,0.2095482998367969,0.9210526315789473,0.0025466893039049238,no_interaction,1,False,0.5454545454545454,0.28846153846153844,0.28846153846153844,False,False,True
CC(C)C1=NC(=NC(=C1CCC(CC(CC(=O)O)O)O)C2=CC=C(C=C2)F)N(C)S(=O)(=O)C,CC1=NN=C2N1C3=C(C=C(C=C3)Cl)C(=NC2)C4=CC=CC=C4,1,reported_twosides,0.48050543665885925,0.4628175369752361,0.4628175369752361,fitted,platt_logistic_regression,0.5027927669387054,0,0.6903795552530756,0.2767402376910017,0.2164685908319185,no_interaction|interaction,2,True,0.4473684210526316,0.62,0.4473684210526316,False,False,False
CC1CC2C3CCC4=CC(=O)C=CC4(C3(C(CC2(C1(C(=O)CCl)O)C)O)Cl)C,CN(C)CCC(C1=CC=C(C=C1)Cl)C2=CC=CC=N2,0,unreported_twosides_sampled,0.28157395124435425,0.2682796466665261,0.2682796466665261,fitted,platt_logistic_regression,0.5027927669387054,0,0.5815402198750622,0.47877758913412566,0.10441426146010187,no_interaction|interaction,2,True,0.8620689655172413,0.28846153846153844,0.28846153846153844,False,False,True
CC(C)C1=NC(=NC(=C1CCC(CC(CC(=O)O)O)O)C2=CC=C(C=C2)F)N(C)S(=O)(=O)C,CC1CC2C3CCC4=CC(=O)C=CC4(C3(C(CC2(C1(C(=O)CCl)O)C)O)Cl)C,1,reported_twosides,0.09032896161079407,0.08553041766469983,0.08553041766469983,fitted,platt_logistic_regression,0.5027927669387054,0,0.2920730142317764,0.8421052631578947,0.010186757215619695,no_interaction,1,False,0.4473684210526316,0.8620689655172413,0.4473684210526316,False,False,False
CN1CCCC(CC1)N2C(=O)C3=CC=CC=C3C(=N2)CC4=CC=C(C=C4)Cl,CNCCC(C1=CC=CS1)OC2=CC=CC3=CC=CC=C32,1,reported_twosides,0.6111016273498535,0.5934660536386422,0.5934660536386422,fitted,platt_logistic_regression,0.5027927669387054,1,0.6755721700338273,0.1799660441426146,0.333616298811545,no_interaction|interaction,2,True,0.3,0.2647058823529412,0.2647058823529412,False,False,True
C1=CN=CC=C1C(=O)NN,C1CC(CCC1C2=CC=C(C=C2)Cl)C3=C(C4=CC=CC=C4C(=O)C3=O)O,0,unreported_twosides_sampled,0.06774409115314484,0.0641543502167731,0.0641543502167731,fitted,platt_logistic_regression,0.5027927669387054,0,0.23824855728785385,0.8998302207130731,0.003395585738539898,no_interaction,1,False,0.30303030303030304,0.2549019607843137,0.2549019607843137,False,False,True
CC1=NN=C2N1C3=C(C=C(C=C3)Cl)C(=NC2)C4=CC=CC=C4,CCCC(C)(COC(=O)N)COC(=O)N,1,reported_twosides,0.9829740524291992,0.9813708227265406,0.9813708227265406,fitted,platt_logistic_regression,0.5027927669387054,1,0.09265506869053602,0.0008488964346349745,0.9838709677419355,interaction,1,False,0.62,0.6774193548387096,0.62,False,False,False
CC1=NN=C2N1C3=C(C=C(C=C3)Cl)C(=NC2)C4=CC=CC=C4Cl,CCCCCN=C(N)NNC=C1C=NC2=C1C=C(C=C2)CO,0,unreported_twosides_sampled,0.9402480125427246,0.9352819163930581,0.9352819163930581,fitted,platt_logistic_regression,0.5027927669387054,1,0.23975681280936584,0.003395585738539898,0.8981324278438031,interaction,1,False,0.5454545454545454,0.25,0.25,False,False,True
CC(C1=CC=CC2=CC=CC=C21)NCCCC3=CC(=CC=C3)C(F)(F)F,CNC(=O)CN(CCN(CCN(CC(=O)NC)CC(=O)[O-])CC(=O)[O-])CC(=O)[O-].O.[Gd+3],1,reported_twosides,0.023753713816404343,0.022559020355242248,0.022559020355242248,fitted,platt_logistic_regression,0.5027927669387054,0,0.10783786937447587,0.9719864176570459,0.0008488964346349745,no_interaction,1,False,0.24285714285714285,0.5675675675675675,0.24285714285714285,False,False,True
C1=CC=C(C=C1)C2(C(=O)NC(=O)N2)C3=CC=CC=C3,CNCCC(C1=CC=CS1)OC2=CC=CC3=CC=CC=C32,0,unreported_twosides_sampled,0.27229034900665283,0.2593206290879893,0.2593206290879893,fitted,platt_logistic_regression,0.5027927669387054,0,0.5723451164006113,0.4923599320882852,0.09592529711375213,no_interaction,1,False,0.4,0.2647058823529412,0.2647058823529412,False,False,True
C1=CN(C=N1)CC(O)(P(=O)(O)O)P(=O)(O)O,CC1=CC=CC=C1OC(CCNC)C2=CC=CC=C2,0,unreported_twosides_sampled,0.13805875182151794,0.13081843072153068,0.13081843072153068,fitted,platt_logistic_regression,0.5027927669387054,0,0.3879395533838989,0.7410865874363328,0.02801358234295416,no_interaction,1,False,0.36585365853658536,0.30612244897959184,0.30612244897959184,False,False,True
C1=CN=CC=C1C(=O)NN,CCP(CC)CC.CC(=O)OCC1C(C(C(C(O1)[S-])OC(=O)C)OC(=O)C)OC(=O)C.[Au+],1,reported_twosides,0.31685638427734375,0.3024205049399182,0.3024205049399182,fitted,platt_logistic_regression,0.5027927669387054,0,0.6129012624069768,0.44227504244482174,0.12478777589134125,no_interaction|interaction,2,True,0.30303030303030304,0.22950819672131148,0.22950819672131148,False,False,True
CCOC(=O)C1(CCN(CC1)C)C2=CC=CC=C2,CNCCC(C1=CC=CC=C1)OC2=CC=C(C=C2)C(F)(F)F,1,reported_twosides,0.3595665395259857,0.3439499283998913,0.3439499283998913,fitted,platt_logistic_regression,0.5027927669387054,0,0.6436207435673345,0.39643463497453313,0.1468590831918506,no_interaction|interaction,2,True,0.3559322033898305,0.30612244897959184,0.30612244897959184,False,False,True
CC(C)(C)NCC(COC1=NSN=C1N2CCOCC2)O,CCCCC(C)(CC=CC1C(CC(=O)C1CCCCCCC(=O)OC)O)O,0,unreported_twosides_sampled,0.6206248998641968,0.6030926263927444,0.6030926263927444,fitted,platt_logistic_regression,0.5027927669387054,1,0.6717377719381252,0.17402376910016978,0.34295415959252973,no_interaction|interaction,2,True,0.4,0.3698630136986301,0.3698630136986301,False,False,True
CC(C)OC(=O)C(C)(C)OC1=CC=C(C=C1)C(=O)C2=CC=C(C=C2)Cl,CNC(=C[N+](=O)[O-])NCCSCC1=CSC(=N1)CN(C)C,1,reported_twosides,0.6738829612731934,0.6571908151485527,0.6571908151485527,fitted,platt_logistic_regression,0.5027927669387054,1,0.6428812336793838,0.1468590831918506,0.39643463497453313,no_interaction|interaction,2,True,0.3137254901960784,0.603448275862069,0.3137254901960784,False,False,True
C1=NC2=C(N1COC(CO)CO)NC(=NC2=O)N,C1C(C2C(O1)C(CO2)O[N+](=O)[O-])O,0,unreported_twosides_sampled,0.6869720220565796,0.6705559908153853,0.6705559908153853,fitted,platt_logistic_regression,0.5027927669387054,1,0.6337841920616392,0.14091680814940577,0.4142614601018676,no_interaction|interaction,2,True,0.7307692307692307,0.8076923076923077,0.7307692307692307,False,False,False
CC(C)OC(=O)C(C)(C)OC1=CC=C(C=C1)C(=O)C2=CC=C(C=C2)Cl,CCC12CCC3C(C1CCC2(C#C)O)CCC4=CC(=O)CCC34,1,reported_twosides,0.20554102957248688,0.1951883690129916,0.1951883690129916,fitted,platt_logistic_regression,0.5027927669387054,0,0.49365929638053796,0.5950764006791172,0.05602716468590832,no_interaction,1,False,0.3137254901960784,0.7169811320754716,0.3137254901960784,False,False,True
C1=CN(C=N1)CC(O)(P(=O)(O)O)P(=O)(O)O,CCOC(=O)C1(CCN(CC1)C)C2=CC=CC=C2,1,reported_twosides,0.13487602770328522,0.12779290373965418,0.12779290373965418,fitted,platt_logistic_regression,0.5027927669387054,0,0.3821694674899272,0.7444821731748726,0.02801358234295416,no_interaction,1,False,0.36585365853658536,0.3559322033898305,0.3559322033898305,False,False,True
CCC12CCC3C(C1CCC2(C#C)O)CCC4=CC(=O)CCC34,CNCCC(C1=CC=CC=C1)OC2=CC=C(C=C2)C(F)(F)F,1,reported_twosides,0.21289385855197906,0.20222934272882587,0.20222934272882587,fitted,platt_logistic_regression,0.5027927669387054,0,0.5034774606597422,0.5797962648556876,0.059422750424448216,no_interaction,1,False,0.7169811320754716,0.30612244897959184,0.30612244897959184,False,False,True
CC1=NN=C2N1C3=C(C=C(C=C3)Cl)C(=NC2)C4=CC=CC=C4Cl,CCCCC(C)(CC=CC1C(CC(=O)C1CCCCCCC(=O)OC)O)O,1,reported_twosides,0.9851199984550476,0.9837045406784706,0.9837045406784706,fitted,platt_logistic_regression,0.5027927669387054,1,0.08324822892568658,0.0008488964346349745,0.9864176570458404,interaction,1,False,0.5454545454545454,0.3698630136986301,0.3698630136986301,False,False,True
C1=CC=C(C=C1)C2(C(=O)NC(=O)N2)C3=CC=CC=C3,CN1CCCC(CC1)N2C(=O)C3=CC=CC=C3C(=N2)CC4=CC=C(C=C4)Cl,0,unreported_twosides_sampled,0.17058946192264557,0.16179432859534665,0.16179432859534665,fitted,platt_logistic_regression,0.5027927669387054,0,0.4426333437574914,0.6621392190152802,0.042444821731748725,no_interaction,1,False,0.4,0.3,0.3,False,False,True
C1=CN(C=N1)CC(O)(P(=O)(O)O)P(=O)(O)O,CNCCC(C1=CC=CS1)OC2=CC=CC3=CC=CC=C32,1,reported_twosides,0.11590714752674103,0.10977837309351839,0.10977837309351839,fitted,platt_logistic_regression,0.5027927669387054,0,0.34605172142879426,0.7818336162988115,0.021222410865874362,no_interaction,1,False,0.36585365853658536,0.2647058823529412,0.2647058823529412,False,False,True
CNCC(C1=CC(=C(C=C1)O)O)O,COC(=O)C(C1CCCCN1)C2=CC=CC=C2,1,reported_twosides,0.20042884349822998,0.19029630915582058,0.19029630915582058,fitted,platt_logistic_regression,0.5027927669387054,0,0.48665233081894366,0.6052631578947368,0.055178268251273345,no_interaction,1,False,0.475,0.3225806451612903,0.3225806451612903,False,False,True
C1=NC2=C(N1)C(=S)N=CN2,C1CC(CCC1C2=CC=C(C=C2)Cl)C3=C(C4=CC=CC=C4C(=O)C3=O)O,0,unreported_twosides_sampled,0.39717620611190796,0.38070930876790715,0.38070930876790715,fitted,platt_logistic_regression,0.5027927669387054,0,0.6644102999296735,0.36502546689303905,0.16383701188455008,no_interaction|interaction,2,True,0.3142857142857143,0.2549019607843137,0.2549019607843137,False,False,True
CC(C)OC(=O)C(C)(C)OC1=CC=C(C=C1)C(=O)C2=CC=C(C=C2)Cl,COC1=CC(=CC(=C1OC)OC)CC2=CN=C(N=C2N)N,0,unreported_twosides_sampled,0.886934220790863,0.8784829806389842,0.8784829806389842,fitted,platt_logistic_regression,0.5027927669387054,1,0.3699366892769165,0.02461799660441426,0.7614601018675722,interaction,1,False,0.3137254901960784,0.22857142857142856,0.22857142857142856,False,False,True
C1=CN(C(=O)N=C1N)C2C(C(C(O2)CO)O)O,CC1=CN(C(=O)NC1=O)C2CC(C(O2)CO)N=[N+]=[N-],1,reported_twosides,0.07095043361186981,0.06718748977878353,0.06718748977878353,fitted,platt_logistic_regression,0.5027927669387054,0,0.24630233435489093,0.8879456706281834,0.0050933786078098476,no_interaction,1,False,0.5306122448979592,0.7083333333333334,0.5306122448979592,False,False,False
CC1=NN=C2N1C3=C(C=C(C=C3)Cl)C(=NC2)C4=CC=CC=C4,CCC(C)(C)C(=O)OC1CC(C=C2C1C(C(C=C2)C)CCC3CC(CC(=O)O3)O)C,1,reported_twosides,0.9566000699996948,0.9528494610990437,0.9528494610990437,fitted,platt_logistic_regression,0.5027927669387054,1,0.19003812770127604,0.001697792869269949,0.931239388794567,interaction,1,False,0.62,0.7424242424242424,0.62,False,False,False
C1CNCC(C1C2=CC=C(C=C2)F)COC3=CC4=C(C=C3)OCO4,CC(C)(C)NCC(COC1=NSN=C1N2CCOCC2)O,1,reported_twosides,0.18352718651294708,0.17414134193455716,0.17414134193455716,fitted,platt_logistic_regression,0.5027927669387054,0,0.46239245014810204,0.6409168081494058,0.0500848896434635,no_interaction,1,False,0.24050632911392406,0.4,0.24050632911392406,False,False,True
CC1CC2C3CCC4=CC(=O)C=CC4(C3(C(CC2(C1(C(=O)CCl)O)C)O)Cl)C,CCP(CC)CC.CC(=O)OCC1C(C(C(C(O1)[S-])OC(=O)C)OC(=O)C)OC(=O)C.[Au+],0,unreported_twosides_sampled,0.2305365651845932,0.21914704543777083,0.21914704543777083,fitted,platt_logistic_regression,0.5027927669387054,0,0.5258262837058683,0.5492359932088285,0.07045840407470289,no_interaction,1,False,0.8620689655172413,0.22950819672131148,0.22950819672131148,False,False,True
C1NC2=CC(=C(C=C2S(=O)(=O)N1)S(=O)(=O)N)Cl,CC1CC2C3CCC4=CC(=O)C=CC4(C3(C(CC2(C1(C(=O)CCl)O)C)O)Cl)C,1,reported_twosides,0.06909865885972977,0.0654356904202381,0.0654356904202381,fitted,platt_logistic_regression,0.5027927669387054,0,0.24166916312562453,0.8955857385398981,0.004244482173174873,no_interaction,1,False,0.5454545454545454,0.8620689655172413,0.5454545454545454,False,False,False
C1=CN=CC=C1C(=O)NN,COC1=CC(=CC(=C1OC)OC)CC2=CN=C(N=C2N)N,0,unreported_twosides_sampled,0.15346413850784302,0.14547547543874031,0.14547547543874031,fitted,platt_logistic_regression,0.5027927669387054,0,0.41477988770547775,0.7028862478777589,0.035653650254668934,no_interaction,1,False,0.30303030303030304,0.22857142857142856,0.22857142857142856,False,False,True
C1=CN(C(=O)N=C1N)C2C(C(C(O2)CO)O)O,CN(C)CCC(C1=CC=C(C=C1)Cl)C2=CC=CC=N2,1,reported_twosides,0.21710483729839325,0.2062642715321389,0.2062642715321389,fitted,platt_logistic_regression,0.5027927669387054,0,0.5089648636344613,0.5738539898132428,0.06112054329371817,no_interaction,1,False,0.5306122448979592,0.28846153846153844,0.28846153846153844,False,False,True
CCCCCN=C(N)NNC=C1C=NC2=C1C=C(C=C2)CO,CNCCC(C1=CC=CS1)OC2=CC=CC3=CC=CC=C32,1,reported_twosides,0.14024049043655396,0.1328929156403308,0.1328929156403308,fitted,platt_logistic_regression,0.5027927669387054,0,0.39184925236428403,0.735144312393888,0.030560271646859084,no_interaction,1,False,0.25,0.2647058823529412,0.25,False,False,True
C1=CN(C=N1)CC(O)(P(=O)(O)O)P(=O)(O)O,CC1=CC(=C(C=C1)C)OCCCC(C)(C)C(=O)O,1,reported_twosides,0.20577098429203033,0.19540848548093043,0.19540848548093043,fitted,platt_logistic_regression,0.5027927669387054,0,0.4939709686989202,0.5950764006791172,0.056876061120543296,no_interaction,1,False,0.36585365853658536,0.26,0.26,False,False,True
CC1=CN(C(=O)NC1=O)C2CC(C(O2)CO)N=[N+]=[N-],CN1CCC23C4C1CC5=C2C(=C(C=C5)O)OC3C(=O)CC4,1,reported_twosides,0.21802042424678802,0.20714182783493731,0.20714182783493731,fitted,platt_logistic_regression,0.5027927669387054,0,0.5101451023530612,0.5721561969439728,0.06281833616298811,no_interaction,1,False,0.7083333333333334,0.5333333333333333,0.5333333333333333,False,False,False
C1=CN=CC=C1C(=O)NN,CNCCC(C1=CC=CC=C1)OC2=CC=C(C=C2)C(F)(F)F,1,reported_twosides,0.029875032603740692,0.028349007650511543,0.028349007650511543,fitted,platt_logistic_regression,0.5027927669387054,0,0.12895546490398319,0.9584040747028862,0.0008488964346349745,no_interaction,1,False,0.30303030303030304,0.30612244897959184,0.30303030303030304,False,False,True
C1CC(CCC1C2=CC=C(C=C2)Cl)C3=C(C4=CC=CC=C4C(=O)C3=O)O,CC(C)[N+]1(C2CCC1CC(C2)OC(=O)C(CO)C3=CC=CC=C3)C,0,unreported_twosides_sampled,0.3931586742401123,0.3767739452615672,0.3767739452615672,fitted,platt_logistic_regression,0.5027927669387054,0,0.6624627057202881,0.366723259762309,0.16298811544991512,no_interaction|interaction,2,True,0.2549019607843137,0.6326530612244898,0.2549019607843137,False,False,True
CCCCC(C)(CC=CC1C(CC(=O)C1CCCCCCC(=O)OC)O)O,CNC(=C[N+](=O)[O-])NCCSCC1=CSC(=N1)CN(C)C,1,reported_twosides,0.8239071369171143,0.8121386769670765,0.8121386769670765,fitted,platt_logistic_regression,0.5027927669387054,1,0.48310695825948125,0.05432937181663837,0.6112054329371817,interaction,1,False,0.3698630136986301,0.603448275862069,0.3698630136986301,False,False,True
CC(C)[N+]1(C2CCC1CC(C2)OC(=O)C(CO)C3=CC=CC=C3)C,CCCCCN=C(N)NNC=C1C=NC2=C1C=C(C=C2)CO,1,reported_twosides,0.06959538906812668,0.06590558759876115,0.06590558759876115,fitted,platt_logistic_regression,0.5027927669387054,0,0.24291682434156853,0.8938879456706282,0.0050933786078098476,no_interaction,1,False,0.6326530612244898,0.25,0.25,False,False,True
C1NC2=CC(=C(C=C2S(=O)(=O)N1)S(=O)(=O)N)Cl,CN1CCCC(CC1)N2C(=O)C3=CC=CC=C3C(=N2)CC4=CC=C(C=C4)Cl,1,reported_twosides,0.12977971136569977,0.12295008911855698,0.12295008911855698,fitted,platt_logistic_regression,0.5027927669387054,0,0.37276191833868694,0.7555178268251274,0.02631578947368421,no_interaction,1,False,0.5454545454545454,0.3,0.3,False,False,True
CC1=NN=C2N1C3=C(C=C(C=C3)Cl)C(=NC2)C4=CC=CC=C4,CCC12CCC3C(C1CCC2(C#C)O)CCC4=CC(=O)CCC34,1,reported_twosides,0.7667531967163086,0.7526415499667607,0.7526415499667607,fitted,platt_logistic_regression,0.5027927669387054,1,0.5594144539722512,0.0865874363327674,0.5050933786078099,interaction,1,False,0.62,0.7169811320754716,0.62,False,False,False
CC(C)OC(=O)C(C)(C)OC1=CC=C(C=C1)C(=O)C2=CC=C(C=C2)Cl,CNC(=O)CN(CCN(CCN(CC(=O)NC)CC(=O)[O-])CC(=O)[O-])CC(=O)[O-].O.[Gd+3],1,reported_twosides,0.08289121091365814,0.0784876640538272,0.0784876640538272,fitted,platt_logistic_regression,0.5027927669387054,0,0.2750600945245552,0.8590831918505942,0.00933786078098472,no_interaction,1,False,0.3137254901960784,0.5675675675675675,0.3137254901960784,False,False,True
CC(C)[N+]1(C2CCC1CC(C2)OC(=O)C(CO)C3=CC=CC=C3)C,CCCCC(C)(CC=CC1C(CC(=O)C1CCCCCCC(=O)OC)O)O,1,reported_twosides,0.3338909149169922,0.3189572253511367,0.3189572253511367,fitted,platt_logistic_regression,0.5027927669387054,0,0.626080943432729,0.42784380305602715,0.13582342954159593,no_interaction|interaction,2,True,0.6326530612244898,0.3698630136986301,0.3698630136986301,False,False,True
C1=CN(C=N1)CC(O)(P(=O)(O)O)P(=O)(O)O,CC1=CC=CC=C1S(=O)(=O)NC(=O)C2=CC(=C(C=C2)CC3=CN(C4=C3C=C(C=C4)NC(=O)OC5CCCC5)C)OC,0,unreported_twosides_sampled,0.5248765349388123,0.5069282191379898,0.5069282191379898,fitted,platt_logistic_regression,0.5027927669387054,1,0.6930511770468331,0.23769100169779286,0.2495755517826825,no_interaction|interaction,2,True,0.36585365853658536,0.2631578947368421,0.2631578947368421,False,False,True
C1=NC2=C(N1COC(CO)CO)NC(=NC2=O)N,CCC(C)(C)C(=O)OC1CC(C=C2C1C(C(C=C2)C)CCC3CC(CC(=O)O3)O)C,1,reported_twosides,0.7722943425178528,0.7583837339575918,0.7583837339575918,fitted,platt_logistic_regression,0.5027927669387054,1,0.5529358148393595,0.08234295415959253,0.5144312393887945,interaction,1,False,0.7307692307692307,0.7424242424242424,0.7307692307692307,False,False,False
CCCCCN=C(N)NNC=C1C=NC2=C1C=C(C=C2)CO,CNC(=O)CN(CCN(CCN(CC(=O)NC)CC(=O)[O-])CC(=O)[O-])CC(=O)[O-].O.[Gd+3],0,unreported_twosides_sampled,0.04847678169608116,0.04593541353263281,0.04593541353263281,fitted,platt_logistic_regression,0.5027927669387054,0,0.1863687570253622,0.933786078098472,0.001697792869269949,no_interaction,1,False,0.25,0.5675675675675675,0.25,False,False,True
CC(C)OC(=O)C(C)(C)OC1=CC=C(C=C1)C(=O)C2=CC=C(C=C2)Cl,CC1=CC(=C(C=C1)C)OCCCC(C)(C)C(=O)O,1,reported_twosides,0.8429009914398193,0.8320477993303735,0.8320477993303735,fitted,platt_logistic_regression,0.5027927669387054,1,0.4526242588643927,0.0466893039049236,0.6485568760611206,interaction,1,False,0.3137254901960784,0.26,0.26,False,False,True
C1=NC2=C(N1COC(CO)CO)NC(=NC2=O)N,C1NC2=CC(=C(C=C2S(=O)(=O)N1)S(=O)(=O)N)Cl,0,unreported_twosides_sampled,0.7271780967712402,0.7117875974134794,0.7117875974134794,fitted,platt_logistic_regression,0.5027927669387054,1,0.6005433270710723,0.11375212224108659,0.45585738539898135,no_interaction|interaction,2,True,0.7307692307692307,0.5454545454545454,0.5454545454545454,False,False,False
CC(C)OC(=O)C(C)(C)OC1=CC=C(C=C1)C(=O)C2=CC=C(C=C2)Cl,CNCCC(C1=CC=CC=C1)OC2=CC=C(C=C2)C(F)(F)F,1,reported_twosides,0.15318791568279266,0.14521248346183926,0.14521248346183926,fitted,platt_logistic_regression,0.5027927669387054,0,0.4143139721711102,0.7037351443123939,0.035653650254668934,no_interaction,1,False,0.3137254901960784,0.30612244897959184,0.30612244897959184,False,False,True
CCCCCN=C(N)NNC=C1C=NC2=C1C=C(C=C2)CO,COC1=CC(=CC(=C1OC)OC)CC2=CN=C(N=C2N)N,0,unreported_twosides_sampled,0.7720823287963867,0.7581639271481674,0.7581639271481674,fitted,platt_logistic_regression,0.5027927669387054,1,0.5531871065675918,0.08234295415959253,0.5144312393887945,interaction,1,False,0.25,0.22857142857142856,0.22857142857142856,False,False,True
CC(C)(C)NCC(COC1=NSN=C1N2CCOCC2)O,CC(C1=CC=CC2=CC=CC=C21)NCCCC3=CC(=CC=C3)C(F)(F)F,0,unreported_twosides_sampled,0.11952371895313263,0.11321075052643301,0.11321075052643301,fitted,platt_logistic_regression,0.5027927669387054,0,0.35317597714394683,0.7733446519524618,0.022920203735144314,no_interaction,1,False,0.4,0.24285714285714285,0.24285714285714285,False,False,True
CC1=CC=CC=C1OC(CCNC)C2=CC=CC=C2,CC1=CC=CC=C1S(=O)(=O)NC(=O)C2=CC(=C(C=C2)CC3=CN(C4=C3C=C(C=C4)NC(=O)OC5CCCC5)C)OC,1,reported_twosides,0.2424439787864685,0.23058409476453373,0.23058409476453373,fitted,platt_logistic_regression,0.5027927669387054,0,0.5399811471138155,0.5297113752122241,0.07640067911714771,no_interaction,1,False,0.30612244897959184,0.2631578947368421,0.2631578947368421,False,False,True
CC1CC2C3CCC4=CC(=O)C=CC4(C3(C(CC2(C1(C(=O)CCl)O)C)O)Cl)C,CCCC(C)(COC(=O)N)COC(=O)N,0,unreported_twosides_sampled,0.5745906829833984,0.5566874638655462,0.5566874638655462,fitted,platt_logistic_regression,0.5027927669387054,1,0.6867064036511534,0.20458404074702885,0.29541595925297115,no_interaction|interaction,2,True,0.8620689655172413,0.6774193548387096,0.6774193548387096,False,False,False
C1C(C2C(O1)C(CO2)O[N+](=O)[O-])O,CCCCC(C)(CC=CC1C(CC(=O)C1CCCCCCC(=O)OC)O)O,1,reported_twosides,0.7217903733253479,0.7062466847997156,0.7062466847997156,fitted,platt_logistic_regression,0.5027927669387054,1,0.6054782184664353,0.11969439728353141,0.45161290322580644,no_interaction|interaction,2,True,0.8076923076923077,0.3698630136986301,0.3698630136986301,False,False,True
C1=CN(C(=O)N=C1N)C2C(C(C(O2)CO)O)O,C1=CN(C=N1)CC(O)(P(=O)(O)O)P(=O)(O)O,1,reported_twosides,0.17014048993587494,0.1613661467763651,0.1613661467763651,fitted,platt_logistic_regression,0.5027927669387054,0,0.4419283349766776,0.6629881154499151,0.04159592529711375,no_interaction,1,False,0.5306122448979592,0.36585365853658536,0.36585365853658536,False,False,True
C1NC2=CC(=C(C=C2S(=O)(=O)N1)S(=O)(=O)N)Cl,CC(C)C1=NC(=NC(=C1CCC(CC(CC(=O)O)O)O)C2=CC=C(C=C2)F)N(C)S(=O)(=O)C,1,reported_twosides,0.09508975595235825,0.09004018763254061,0.09004018763254061,fitted,platt_logistic_regression,0.5027927669387054,0,0.30263079274932275,0.8310696095076401,0.011035653650254669,no_interaction,1,False,0.5454545454545454,0.4473684210526316,0.4473684210526316,False,False,False
C1=NC2=C(N1)C(=S)N=CN2,CNCCC(C1=CC=CS1)OC2=CC=CC3=CC=CC=C32,1,reported_twosides,0.09163874387741089,0.08677099314260389,0.08677099314260389,fitted,platt_logistic_regression,0.5027927669387054,0,0.2950027276116499,0.8395585738539898,0.010186757215619695,no_interaction,1,False,0.3142857142857143,0.2647058823529412,0.2647058823529412,False,False,True
CC(C)C1=NC(=NC(=C1CCC(CC(CC(=O)O)O)O)C2=CC=C(C=C2)F)N(C)S(=O)(=O)C,CCCCC(C)(CC=CC1C(CC(=O)C1CCCCCCC(=O)OC)O)O,1,reported_twosides,0.16548489034175873,0.15692726295438394,0.15692726295438394,fitted,platt_logistic_regression,0.5027927669387054,0,0.4345392712659295,0.6723259762308998,0.03904923599320883,no_interaction,1,False,0.4473684210526316,0.3698630136986301,0.3698630136986301,False,False,True
C1CNCC(C1C2=CC=C(C=C2)F)COC3=CC4=C(C=C3)OCO4,CCCC(C)(COC(=O)N)COC(=O)N,1,reported_twosides,0.8657516241073608,0.8560946874753059,0.8560946874753059,fitted,platt_logistic_regression,0.5027927669387054,1,0.4119899091308579,0.03480475382003396,0.7079796264855688,interaction,1,False,0.24050632911392406,0.6774193548387096,0.24050632911392406,False,False,True
C1NC2=CC(=C(C=C2S(=O)(=O)N1)S(=O)(=O)N)Cl,CCC(C)(C)C(=O)OC1CC(C=C2C1C(C(C=C2)C)CCC3CC(CC(=O)O3)O)C,1,reported_twosides,0.13876715302467346,0.1314919619270848,0.1314919619270848,fitted,platt_logistic_regression,0.5027927669387054,0,0.38921305558901054,0.7393887945670629,0.02801358234295416,no_interaction,1,False,0.5454545454545454,0.7424242424242424,0.5454545454545454,False,False,False
CC(C)C1=NC(=NC(=C1CCC(CC(CC(=O)O)O)O)C2=CC=C(C=C2)F)N(C)S(=O)(=O)C,CN(C)CCC(C1=CC=C(C=C1)Cl)C2=CC=CC=N2,0,unreported_twosides_sampled,0.17847414314746857,0.16931706839132868,0.16931706839132868,fitted,platt_logistic_regression,0.5027927669387054,0,0.4548016835729143,0.6468590831918506,0.04753820033955857,no_interaction,1,False,0.4473684210526316,0.28846153846153844,0.28846153846153844,False,False,True
CC(C)OC(=O)C(C)(C)OC1=CC=C(C=C1)C(=O)C2=CC=C(C=C2)Cl,CC(C)[N+]1(C2CCC1CC(C2)OC(=O)C(CO)C3=CC=CC=C3)C,1,reported_twosides,0.39217427372932434,0.3758099971400689,0.3758099971400689,fitted,platt_logistic_regression,0.5027927669387054,0,0.6619756061844675,0.366723259762309,0.16298811544991512,no_interaction|interaction,2,True,0.3137254901960784,0.6326530612244898,0.3137254901960784,False,False,True
CC(C)[N+]1(C2CCC1CC(C2)OC(=O)C(CO)C3=CC=CC=C3)C,CC(C1=CC=CC2=CC=CC=C21)NCCCC3=CC(=CC=C3)C(F)(F)F,1,reported_twosides,0.08547095954418182,0.0809300344925465,0.0809300344925465,fitted,platt_logistic_regression,0.5027927669387054,0,0.28103498330876386,0.8514431239388794,0.010186757215619695,no_interaction,1,False,0.6326530612244898,0.24285714285714285,0.24285714285714285,False,False,True
C1C(C2C(O1)C(CO2)O[N+](=O)[O-])O,CC(C)[N+]1(C2CCC1CC(C2)OC(=O)C(CO)C3=CC=CC=C3)C,1,reported_twosides,0.13964881002902985,0.13233028131258381,0.13233028131258381,fitted,platt_logistic_regression,0.5027927669387054,0,0.3907925896234209,0.7376910016977929,0.028862478777589132,no_interaction,1,False,0.8076923076923077,0.6326530612244898,0.6326530612244898,False,False,False
C1=CN(C(=O)N=C1N)C2C(C(C(O2)CO)O)O,COC1=C(C=C2C(=C1)C(=NC(=N2)N3CCN(CC3)C(=O)C4=CC=CO4)N)OC,0,unreported_twosides_sampled,0.6397104859352112,0.6224276843942171,0.6224276843942171,fitted,platt_logistic_regression,0.5027927669387054,1,0.6628631398521607,0.16383701188455008,0.36587436332767403,no_interaction|interaction,2,True,0.5306122448979592,0.5882352941176471,0.5306122448979592,False,False,False
CC(C)C1=NC(=NC(=C1CCC(CC(CC(=O)O)O)O)C2=CC=C(C=C2)F)N(C)S(=O)(=O)C,CC(C)OC(=O)C(C)(C)OC1=CC=C(C=C1)C(=O)C2=CC=C(C=C2)Cl,1,reported_twosides,0.27895936369895935,0.2657554681518583,0.2657554681518583,fitted,platt_logistic_regression,0.5027927669387054,0,0.5789912777459296,0.48132427843803055,0.1035653650254669,no_interaction|interaction,2,True,0.4473684210526316,0.3137254901960784,0.3137254901960784,False,False,True
C1NC2=CC(=C(C=C2S(=O)(=O)N1)S(=O)(=O)N)Cl,CC(C)(C)NCC(COC1=NSN=C1N2CCOCC2)O,1,reported_twosides,0.2194090634584427,0.20847295672255664,0.20847295672255664,fitted,platt_logistic_regression,0.5027927669387054,0,0.5119264117009937,0.5713073005093379,0.06281833616298811,no_interaction,1,False,0.5454545454545454,0.4,0.4,False,False,False
C1=CC=C(C=C1)C2(C(=O)NC(=O)N2)C3=CC=CC=C3,CCOC(=O)C1(CCN(CC1)C)C2=CC=CC=C2,0,unreported_twosides_sampled,0.2382740080356598,0.22657708404392077,0.22657708404392077,fitted,platt_logistic_regression,0.5027927669387054,0,0.535107199382387,0.5407470288624788,0.0730050933786078,no_interaction,1,False,0.4,0.3559322033898305,0.3559322033898305,False,False,True
C1CC(CCC1C2=CC=C(C=C2)Cl)C3=C(C4=CC=CC=C4C(=O)C3=O)O,CC(CCC1=CC=C(C=C1)O)NCCC2=CC(=C(C=C2)O)O,0,unreported_twosides_sampled,0.7189617156982422,0.7033395734476209,0.7033395734476209,fitted,platt_logistic_regression,0.5027927669387054,1,0.6080080777283952,0.12139219015280135,0.45076400679117146,no_interaction|interaction,2,True,0.2549019607843137,0.38596491228070173,0.2549019607843137,False,False,True
CC1=CC=CC=C1S(=O)(=O)NC(=O)C2=CC(=C(C=C2)CC3=CN(C4=C3C=C(C=C4)NC(=O)OC5CCCC5)C)OC,CNCCC(C1=CC=CS1)OC2=CC=CC3=CC=CC=C32,1,reported_twosides,0.26055654883384705,0.24801119222267395,0.24801119222267395,fitted,platt_logistic_regression,0.5027927669387054,0,0.5601396496045292,0.5050933786078099,0.0865874363327674,no_interaction,1,False,0.2631578947368421,0.2647058823529412,0.2631578947368421,False,False,True
C1=CC=C(C=C1)C2(C(=O)NC(=O)N2)C3=CC=CC=C3,C1=CN(C(=O)N=C1N)C2C(C(C(O2)CO)O)O,1,reported_twosides,0.1644589751958847,0.1559493799451076,0.1559493799451076,fitted,platt_logistic_regression,0.5027927669387054,0,0.4328915650197074,0.6757215619694398,0.03904923599320883,no_interaction,1,False,0.4,0.5306122448979592,0.4,False,False,False
CC(C1=CC=CC2=CC=CC=C21)NCCCC3=CC(=CC=C3)C(F)(F)F,CC1=CC=CC=C1S(=O)(=O)NC(=O)C2=CC(=C(C=C2)CC3=CN(C4=C3C=C(C=C4)NC(=O)OC5CCCC5)C)OC,0,unreported_twosides_sampled,0.09899739921092987,0.0937429075765924,0.0937429075765924,fitted,platt_logistic_regression,0.5027927669387054,0,0.3111130640515567,0.8234295415959253,0.011884550084889643,no_interaction,1,False,0.24285714285714285,0.2631578947368421,0.24285714285714285,False,False,True
C1=CN(C=N1)CC(O)(P(=O)(O)O)P(=O)(O)O,CC(C)(C)NCC(COC1=NSN=C1N2CCOCC2)O,1,reported_twosides,0.2676091492176056,0.2548068509132252,0.2548068509132252,fitted,platt_logistic_regression,0.5027927669387054,0,0.5675546549406059,0.499151103565365,0.09168081494057725,no_interaction,1,False,0.36585365853658536,0.4,0.36585365853658536,False,False,True
C1=CC=C(C=C1)C2(C(=O)NC(=O)N2)C3=CC=CC=C3,CC(C1=CC=CC2=CC=CC=C21)NCCCC3=CC(=CC=C3)C(F)(F)F,1,reported_twosides,0.0686434879899025,0.06500511709382452,0.06500511709382452,fitted,platt_logistic_regression,0.5027927669387054,0,0.24052274432566212,0.8964346349745331,0.003395585738539898,no_interaction,1,False,0.4,0.24285714285714285,0.24285714285714285,False,False,True
C1=CN(C(=O)N=C1N)C2C(C(C(O2)CO)O)O,CC1=CC(=C(C=C1)C)OCCCC(C)(C)C(=O)O,0,unreported_twosides_sampled,0.1278965175151825,0.12116111903653952,0.12116111903653952,fitted,platt_logistic_regression,0.5027927669387054,0,0.3692320740493873,0.7631578947368421,0.02461799660441426,no_interaction,1,False,0.5306122448979592,0.26,0.26,False,False,True
CCC(C)(C)C(=O)OC1CC(C=C2C1C(C(C=C2)C)CCC3CC(CC(=O)O3)O)C,COC(=O)C(C1CCCCN1)C2=CC=CC=C2,1,reported_twosides,0.5875071287155151,0.569675518111083,0.569675518111083,fitted,platt_logistic_regression,0.5027927669387054,1,0.6834061543948452,0.19779286926994907,0.3081494057724958,no_interaction|interaction,2,True,0.7424242424242424,0.3225806451612903,0.3225806451612903,False,False,True
C1=CN(C(=O)N=C1N)C2C(C(C(O2)CO)O)O,CC(C)[N+]1(C2CCC1CC(C2)OC(=O)C(CO)C3=CC=CC=C3)C,1,reported_twosides,0.12474667280912399,0.11816952643186307,0.11816952643186307,fitted,platt_logistic_regression,0.5027927669387054,0,0.36326196556357737,0.769100169779287,0.023769100169779286,no_interaction,1,False,0.5306122448979592,0.6326530612244898,0.5306122448979592,False,False,False
CC1=NN=C2N1C3=C(C=C(C=C3)Cl)C(=NC2)C4=CC=CC=C4,CNCCC(C1=CC=CC=C1)OC2=CC=C(C=C2)C(F)(F)F,1,reported_twosides,0.8735148906707764,0.864288780231581,0.864288780231581,fitted,platt_logistic_regression,0.5027927669387054,1,0.39710105627292264,0.03225806451612903,0.7275042444821732,interaction,1,False,0.62,0.30612244897959184,0.30612244897959184,False,False,True
C1=CN(C(=O)N=C1N)C2C(C(C(O2)CO)O)O,COC1=CC(=CC(=C1OC)OC)CC2=CN=C(N=C2N)N,1,reported_twosides,0.8859738707542419,0.8774658866630513,0.8774658866630513,fitted,platt_logistic_regression,0.5027927669387054,1,0.37194381208365274,0.025466893039049237,0.7597623089983022,interaction,1,False,0.5306122448979592,0.22857142857142856,0.22857142857142856,False,False,True
CC(C)(C)NCC(COC1=NSN=C1N2CCOCC2)O,COC(=O)C(C1CCCCN1)C2=CC=CC=C2,0,unreported_twosides_sampled,0.41723665595054626,0.40039098808220636,0.40039098808220636,fitted,platt_logistic_regression,0.5027927669387054,0,0.6731698805861599,0.3378607809847199,0.17572156196943972,no_interaction|interaction,2,True,0.4,0.3225806451612903,0.3225806451612903,False,False,True
CC(C)(C)NCC(COC1=NSN=C1N2CCOCC2)O,CCOC(=O)C1(CCN(CC1)C)C2=CC=CC=C2,0,unreported_twosides_sampled,0.5315428376197815,0.5135796290271343,0.5135796290271343,fitted,platt_logistic_regression,0.5027927669387054,1,0.6927783225566096,0.233446519524618,0.25551782682512736,no_interaction|interaction,2,True,0.4,0.3559322033898305,0.3559322033898305,False,False,True
C1=NC2=C(N1COC(CO)CO)NC(=NC2=O)N,CC1=C(C(=NO1)C2=C(C=CC=C2Cl)Cl)C(=O)NC3C4N(C3=O)C(C(S4)(C)C)C(=O)[O-],0,unreported_twosides_sampled,0.5018032193183899,0.4839555900507816,0.4839555900507816,fitted,platt_logistic_regression,0.5027927669387054,0,0.6926322459867664,0.25891341256366723,0.23089983022071306,no_interaction|interaction,2,True,0.7307692307692307,0.7777777777777778,0.7307692307692307,False,False,False
CC(C)C1=NC(=NC(=C1CCC(CC(CC(=O)O)O)O)C2=CC=C(C=C2)F)N(C)S(=O)(=O)C,CC(C1=CC=CC2=CC=CC=C21)NCCCC3=CC(=CC=C3)C(F)(F)F,1,reported_twosides,0.10324173420667648,0.09776584959952485,0.09776584959952485,fitted,platt_logistic_regression,0.5027927669387054,0,0.32014612739369763,0.8157894736842105,0.014431239388794566,no_interaction,1,False,0.4473684210526316,0.24285714285714285,0.24285714285714285,False,False,True
C1C(C2C(O1)C(CO2)O[N+](=O)[O-])O,CNCCC(C1=CC=CS1)OC2=CC=CC3=CC=CC=C32,1,reported_twosides,0.2726903259754181,0.2597064172198706,0.2597064172198706,fitted,platt_logistic_regression,0.5027927669387054,0,0.5727496147316475,0.49151103565365023,0.09762308998302208,no_interaction,1,False,0.8076923076923077,0.2647058823529412,0.2647058823529412,False,False,True
CC1=C(C(=NO1)C2=C(C=CC=C2Cl)Cl)C(=O)NC3C4N(C3=O)C(C(S4)(C)C)C(=O)[O-],CNC(=C[N+](=O)[O-])NCCSCC1=CSC(=N1)CN(C)C,0,unreported_twosides_sampled,0.17932501435279846,0.17012924199409066,0.17012924199409066,fitted,platt_logistic_regression,0.5027927669387054,0,0.4560910834784655,0.6451612903225806,0.04838709677419355,no_interaction,1,False,0.7777777777777778,0.603448275862069,0.603448275862069,False,False,False
C1=CN(C(=O)N=C1N)C2C(C(C(O2)CO)O)O,CC1=NN=C2N1C3=C(C=C(C=C3)Cl)C(=NC2)C4=CC=CC=C4,1,reported_twosides,0.8618016839027405,0.8519303578511153,0.8519303578511153,fitted,platt_logistic_regression,0.5027927669387054,1,0.41934602220180506,0.0365025466893039,0.6952461799660441,interaction,1,False,0.5306122448979592,0.62,0.5306122448979592,False,False,False
C1CNCC(C1C2=CC=C(C=C2)F)COC3=CC4=C(C=C3)OCO4,CN1CCC23C4C1CC5=C2C(=C(C=C5)O)OC3C(=O)CC4,1,reported_twosides,0.4459690749645233,0.4286737216641381,0.4286737216641381,fitted,platt_logistic_regression,0.5027927669387054,0,0.6829375112260561,0.31154499151103565,0.1969439728353141,no_interaction|interaction,2,True,0.24050632911392406,0.5333333333333333,0.24050632911392406,False,False,True
C1=CN(C(=O)N=C1N)C2C(C(C(O2)CO)O)O,CC(C)C1=NC(=NC(=C1CCC(CC(CC(=O)O)O)O)C2=CC=C(C=C2)F)N(C)S(=O)(=O)C,0,unreported_twosides_sampled,0.14522846043109894,0.1376372393973393,0.1376372393973393,fitted,platt_logistic_regression,0.5027927669387054,0,0.400651095585722,0.7224108658743633,0.03310696095076401,no_interaction,1,False,0.5306122448979592,0.4473684210526316,0.4473684210526316,False,False,False
C1C(C2C(O1)C(CO2)O[N+](=O)[O-])O,CC(CCC1=CC=C(C=C1)O)NCCC2=CC(=C(C=C2)O)O,0,unreported_twosides_sampled,0.2300558090209961,0.2186856037696365,0.2186856037696365,fitted,platt_logistic_regression,0.5027927669387054,0,0.5252393331912633,0.5500848896434635,0.06960950764006792,no_interaction,1,False,0.8076923076923077,0.38596491228070173,0.38596491228070173,False,False,True
CC1=NN=C2N1C3=C(C=C(C=C3)Cl)C(=NC2)C4=CC=CC=C4,CCCCCN=C(N)NNC=C1C=NC2=C1C=C(C=C2)CO,1,reported_twosides,0.7835958003997803,0.7701123176857929,0.7701123176857929,fitted,platt_logistic_regression,0.5027927669387054,1,0.5391405911584036,0.07640067911714771,0.5314091680814941,interaction,1,False,0.62,0.25,0.25,False,False,True
CC1=CC(=C(C=C1)C)OCCCC(C)(C)C(=O)O,CNC(=C[N+](=O)[O-])NCCSCC1=CSC(=N1)CN(C)C,0,unreported_twosides_sampled,0.6817198991775513,0.6651897141859284,0.6651897141859284,fitted,platt_logistic_regression,0.5027927669387054,1,0.6375330092307543,0.14261460101867574,0.4083191850594228,no_interaction|interaction,2,True,0.26,0.603448275862069,0.26,False,False,True
CC1=CC=CC=C1OC(CCNC)C2=CC=CC=C2,CNCCC(C1=CC=CC=C1)OC2=CC=C(C=C2)C(F)(F)F,1,reported_twosides,0.3756709098815918,0.35966809671347866,0.35966809671347866,fitted,platt_logistic_regression,0.5027927669387054,0,0.6532269904488461,0.3845500848896435,0.15449915110356535,no_interaction|interaction,2,True,0.30612244897959184,0.30612244897959184,0.30612244897959184,False,False,True
C1=CN=CC=C1C(=O)NN,COC1=C(C=C2C(=C1)C(=NC(=N2)N3CCN(CC3)C(=O)C4=CC=CO4)N)OC,0,unreported_twosides_sampled,0.08956406265497208,0.08480598476787192,0.08480598476787192,fitted,platt_logistic_regression,0.5027927669387054,0,0.29035312717320316,0.8421052631578947,0.010186757215619695,no_interaction,1,False,0.30303030303030304,0.5882352941176471,0.30303030303030304,False,False,True
C1NC2=CC(=C(C=C2S(=O)(=O)N1)S(=O)(=O)N)Cl,CC(CCC1=CC=C(C=C1)O)NCCC2=CC(=C(C=C2)O)O,0,unreported_twosides_sampled,0.16993631422519684,0.16117143204061152,0.16117143204061152,fitted,platt_logistic_regression,0.5027927669387054,0,0.4416072858403279,0.6638370118845501,0.04159592529711375,no_interaction,1,False,0.5454545454545454,0.38596491228070173,0.38596491228070173,False,False,True
C1C(C2C(O1)C(CO2)O[N+](=O)[O-])O,CC1=NN=C2N1C3=C(C=C(C=C3)Cl)C(=NC2)C4=CC=CC=C4,1,reported_twosides,0.9595170021057129,0.9559916317257102,0.9559916317257102,fitted,platt_logistic_regression,0.5027927669387054,1,0.18048013168402546,0.001697792869269949,0.9354838709677419,interaction,1,False,0.8076923076923077,0.62,0.62,False,False,False
CC(C)C1=NC(=NC(=C1CCC(CC(CC(=O)O)O)O)C2=CC=C(C=C2)F)N(C)S(=O)(=O)C,COC1=CC(=CC(=C1OC)OC)CC2=CN=C(N=C2N)N,1,reported_twosides,0.9069458842277527,0.8997237578631133,0.8997237578631133,fitted,platt_logistic_regression,0.5027927669387054,1,0.3256895158075428,0.016129032258064516,0.8089983022071308,interaction,1,False,0.4473684210526316,0.22857142857142856,0.22857142857142856,False,False,True
CC(C)(C)NCC(COC1=NSN=C1N2CCOCC2)O,CNC(=O)CN(CCN(CCN(CC(=O)NC)CC(=O)[O-])CC(=O)[O-])CC(=O)[O-].O.[Gd+3],0,unreported_twosides_sampled,0.0988241508603096,0.09357872274780994,0.09357872274780994,fitted,platt_logistic_regression,0.5027927669387054,0,0.31074040819101456,0.8251273344651953,0.011884550084889643,no_interaction,1,False,0.4,0.5675675675675675,0.4,False,False,False
C1C(C(OC1N2C=NC3=C(N=C(N=C32)Cl)N)CO)O,CC(C)C1=NC(=NC(=C1CCC(CC(CC(=O)O)O)O)C2=CC=C(C=C2)F)N(C)S(=O)(=O)C,0,unreported_twosides_sampled,0.05127747356891632,0.048583137661974425,0.048583137661974425,fitted,platt_logistic_regression,0.5027927669387054,0,0.194322055250782,0.931239388794567,0.001697792869269949,no_interaction,1,False,0.6296296296296297,0.4473684210526316,0.4473684210526316,False,False,False
CC(CCC1=CC=C(C=C1)O)NCCC2=CC(=C(C=C2)O)O,CC1=NN=C2N1C3=C(C=C(C=C3)Cl)C(=NC2)C4=CC=CC=C4Cl,0,unreported_twosides_sampled,0.9856321811676025,0.9842619179885923,0.9842619179885923,fitted,platt_logistic_regression,0.5027927669387054,1,0.08095293636317792,0.0008488964346349745,0.9872665534804754,interaction,1,False,0.38596491228070173,0.5454545454545454,0.38596491228070173,False,False,True
CN1CCCC(CC1)N2C(=O)C3=CC=CC=C3C(=N2)CC4=CC=C(C=C4)Cl,COC1=CC(=CC(=C1OC)OC)CC2=CN=C(N=C2N)N,0,unreported_twosides_sampled,0.9604857563972473,0.9570357924491187,0.9570357924491187,fitted,platt_logistic_regression,0.5027927669387054,1,0.17725276304699106,0.001697792869269949,0.9354838709677419,interaction,1,False,0.3,0.22857142857142856,0.22857142857142856,False,False,True
CC1=CC(=C(C=C1)C)OCCCC(C)(C)C(=O)O,COC(=O)C(C1CCCCN1)C2=CC=CC=C2,0,unreported_twosides_sampled,0.2568339705467224,0.24442650229855098,0.24442650229855098,fitted,platt_logistic_regression,0.5027927669387054,0,0.5561287787499105,0.5084889643463497,0.0831918505942275,no_interaction,1,False,0.26,0.3225806451612903,0.26,False,False,True
CC(C)(C)NCC(COC1=NSN=C1N2CCOCC2)O,CC1=CC=CC=C1S(=O)(=O)NC(=O)C2=CC(=C(C=C2)CC3=CN(C4=C3C=C(C=C4)NC(=O)OC5CCCC5)C)OC,0,unreported_twosides_sampled,0.6582775712013245,0.6412925262579687,0.6412925262579687,fitted,platt_logistic_regression,0.5027927669387054,1,0.6526708941379717,0.1536502546689304,0.3862478777589134,no_interaction|interaction,2,True,0.4,0.2631578947368421,0.2631578947368421,False,False,True
C1C(C2C(O1)C(CO2)O[N+](=O)[O-])O,CNCC(C1=CC(=C(C=C1)O)O)O,1,reported_twosides,0.2647010385990143,0.252004005713703,0.252004005713703,fitted,platt_logistic_regression,0.5027927669387054,0,0.5645260794737085,0.499151103565365,0.09083191850594227,no_interaction,1,False,0.8076923076923077,0.475,0.475,False,False,False
C1CC2CN(C(=O)C3=CC=CC(=C23)C1)C4CN5CCC4CC5,CC1=CC(=C(C=C1)C)OCCCC(C)(C)C(=O)O,0,unreported_twosides_sampled,0.1364256739616394,0.12926590338412067,0.12926590338412067,fitted,platt_logistic_regression,0.5027927669387054,0,0.38498883267428674,0.7427843803056027,0.02801358234295416,no_interaction,1,False,0.30303030303030304,0.26,0.26,False,False,True
C1=CN(C(=O)N=C1N)C2C(C(C(O2)CO)O)O,CN1CCC23C4C1CC5=C2C(=C(C=C5)O)OC3C(=O)CC4,1,reported_twosides,0.5744937062263489,0.5565900441115524,0.5565900441115524,fitted,platt_logistic_regression,0.5027927669387054,1,0.6867285697219163,0.20458404074702885,0.29541595925297115,no_interaction|interaction,2,True,0.5306122448979592,0.5333333333333333,0.5306122448979592,False,False,False
CCC12CCC3C(C1CCC2(C#C)O)CCC4=CC(=O)CCC34,COC(=O)C(C1CCCCN1)C2=CC=CC=C2,0,unreported_twosides_sampled,0.41175225377082825,0.39500489626195223,0.39500489626195223,fitted,platt_logistic_regression,0.5027927669387054,0,0.670934272172883,0.3463497453310696,0.17147707979626486,no_interaction|interaction,2,True,0.7169811320754716,0.3225806451612903,0.3225806451612903,False,False,True
CCOC(=O)C1(CCN(CC1)C)C2=CC=CC=C2,CNCCC(C1=CC=CS1)OC2=CC=CC3=CC=CC=C32,1,reported_twosides,0.28646382689476013,0.27300256468597367,0.27300256468597367,fitted,platt_logistic_regression,0.5027927669387054,0,0.5862224417068895,0.47453310696095075,0.10441426146010187,no_interaction|interaction,2,True,0.3559322033898305,0.2647058823529412,0.2647058823529412,False,False,True
C1=CN(C(=O)N=C1N)C2C(C(C(O2)CO)O)O,CN1CCCC(CC1)N2C(=O)C3=CC=CC=C3C(=N2)CC4=CC=C(C=C4)Cl,0,unreported_twosides_sampled,0.3168712854385376,0.3024349552646577,0.3024349552646577,fitted,platt_logistic_regression,0.5027927669387054,0,0.6129133394650176,0.44227504244482174,0.12478777589134125,no_interaction|interaction,2,True,0.5306122448979592,0.3,0.3,False,False,True
CC1=NN=C2N1C3=C(C=C(C=C3)Cl)C(=NC2)C4=CC=CC=C4Cl,CCOC(=O)C1(CCN(CC1)C)C2=CC=CC=C2,1,reported_twosides,0.9731632471084595,0.9707297998261085,0.9707297998261085,fitted,platt_logistic_regression,0.5027927669387054,1,0.13219608782322567,0.0008488964346349745,0.9575551782682513,interaction,1,False,0.5454545454545454,0.3559322033898305,0.3559322033898305,False,False,True
CCOC(=O)C1(CCN(CC1)C)C2=CC=CC=C2,C[N+]1(CCC2=CC(=C(C=C2C1CC3=CC(=C(C=C3)OC)OC)OC)OC)CCC(=O)OCCCCCOC(=O)CC[N+]4(CCC5=CC(=C(C=C5C4CC6=CC(=C(C=C6)OC)OC)OC)OC)C.C1=CC=C(C=C1)S(=O)(=O)[O-].C1=CC=C(C=C1)S(=O)(=O)[O-],0,unreported_twosides_sampled,0.7593981623649597,0.7450281069865367,0.7450281069865367,fitted,platt_logistic_regression,0.5027927669387054,1,0.5677316961133603,0.09168081494057725,0.499151103565365,interaction,1,False,0.3559322033898305,0.25,0.25,False,False,True
CC1=CC=CC=C1OC(CCNC)C2=CC=CC=C2,CNC(=C[N+](=O)[O-])NCCSCC1=CSC(=N1)CN(C)C,0,unreported_twosides_sampled,0.582612156867981,0.5647504578080611,0.5647504578080611,fitted,platt_logistic_regression,0.5027927669387054,1,0.684738340900325,0.20118845500848898,0.3030560271646859,no_interaction|interaction,2,True,0.30612244897959184,0.603448275862069,0.30612244897959184,False,False,True
C1=CN(C=N1)CC(O)(P(=O)(O)O)P(=O)(O)O,C1CNCC(C1C2=CC=C(C=C2)F)COC3=CC4=C(C=C3)OCO4,1,reported_twosides,0.29472509026527405,0.2809880983970449,0.2809880983970449,fitted,platt_logistic_regression,0.5027927669387054,0,0.5938841187117936,0.46519524617996605,0.10696095076400679,no_interaction|interaction,2,True,0.36585365853658536,0.24050632911392406,0.24050632911392406,False,False,True
CC(C)(C)NCC(COC1=NSN=C1N2CCOCC2)O,CNCCC(C1=CC=CS1)OC2=CC=CC3=CC=CC=C32,1,reported_twosides,0.17863723635673523,0.16947273863949,0.16947273863949,fitted,platt_logistic_regression,0.5027927669387054,0,0.4550491870947857,0.6468590831918506,0.04753820033955857,no_interaction,1,False,0.4,0.2647058823529412,0.2647058823529412,False,False,True
CNC(=O)CN(CCN(CCN(CC(=O)NC)CC(=O)[O-])CC(=O)[O-])CC(=O)[O-].O.[Gd+3],CNCC(C1=CC(=C(C=C1)O)O)O,0,unreported_twosides_sampled,0.1790974885225296,0.16991205709467497,0.16991205709467497,fitted,platt_logistic_regression,0.5027927669387054,0,0.45574674094932943,0.6451612903225806,0.04838709677419355,no_interaction,1,False,0.5675675675675675,0.475,0.475,False,False,False
CC1=CC=CC=C1OC(CCNC)C2=CC=CC=C2,COC(=O)C(C1CCCCN1)C2=CC=CC=C2,1,reported_twosides,0.5076528787612915,0.4897725520749125,0.4897725520749125,fitted,platt_logistic_regression,0.5027927669387054,0,0.6929379645869764,0.2529711375212224,0.23429541595925296,no_interaction|interaction,2,True,0.30612244897959184,0.3225806451612903,0.30612244897959184,False,False,True
C1CC2CN(C(=O)C3=CC=CC(=C23)C1)C4CN5CCC4CC5,CCOC(=O)C1(CCN(CC1)C)C2=CC=CC=C2,1,reported_twosides,0.3113288879394531,0.2970620860757102,0.2970620860757102,fitted,platt_logistic_regression,0.5027927669387054,0,0.608354424483903,0.45076400679117146,0.12139219015280135,no_interaction|interaction,2,True,0.30303030303030304,0.3559322033898305,0.30303030303030304,False,False,True
CNC(=C[N+](=O)[O-])NCCSCC1=CSC(=N1)CN(C)C,COC1=CC(=CC(=C1OC)OC)CC2=CN=C(N=C2N)N,0,unreported_twosides_sampled,0.9284093379974365,0.9226093395061581,0.9226093395061581,fitted,platt_logistic_regression,0.5027927669387054,1,0.2723497378663866,0.008488964346349746,0.8599320882852292,interaction,1,False,0.603448275862069,0.22857142857142856,0.22857142857142856,False,False,True
C1C(C2C(O1)C(CO2)O[N+](=O)[O-])O,CCC12CCC3C(C1CCC2(C#C)O)CCC4=CC(=O)CCC34,0,unreported_twosides_sampled,0.22828559577465057,0.21698672430255503,0.21698672430255503,fitted,platt_logistic_regression,0.5027927669387054,0,0.5230676159402572,0.5526315789473685,0.06791171477079797,no_interaction,1,False,0.8076923076923077,0.7169811320754716,0.7169811320754716,False,False,False
CC(C)OC(=O)C(C)(C)OC1=CC=C(C=C1)C(=O)C2=CC=C(C=C2)Cl,CC1=NN=C2N1C3=C(C=C(C=C3)Cl)C(=NC2)C4=CC=CC=C4,1,reported_twosides,0.86204993724823,0.852191990716173,0.852191990716173,fitted,platt_logistic_regression,0.5027927669387054,1,0.41888793978758865,0.0365025466893039,0.6977928692699491,interaction,1,False,0.3137254901960784,0.62,0.3137254901960784,False,False,True
C1=NC2=C(N1COC(CO)CO)NC(=NC2=O)N,COC1=CC(=CC(=C1OC)OC)CC2=CN=C(N=C2N)N,0,unreported_twosides_sampled,0.9062621593475342,0.8989965377478355,0.8989965377478355,fitted,platt_logistic_regression,0.5027927669387054,1,0.327282227771083,0.016129032258064516,0.8081494057724957,interaction,1,False,0.7307692307692307,0.22857142857142856,0.22857142857142856,False,False,True
C1=CN=CC=C1C(=O)NN,CC(CCC1=CC=C(C=C1)O)NCCC2=CC(=C(C=C2)O)O,0,unreported_twosides_sampled,0.050346072763204575,0.04770259525581023,0.04770259525581023,fitted,platt_logistic_regression,0.5027927669387054,0,0.19169429139547628,0.931239388794567,0.001697792869269949,no_interaction,1,False,0.30303030303030304,0.38596491228070173,0.30303030303030304,False,False,True
C1=NC2=C(N1COC(CO)CO)NC(=NC2=O)N,C[N+]1(CCC2=CC(=C(C=C2C1CC3=CC(=C(C=C3)OC)OC)OC)OC)CCC(=O)OCCCCCOC(=O)CC[N+]4(CCC5=CC(=C(C=C5C4CC6=CC(=C(C=C6)OC)OC)OC)OC)C.C1=CC=C(C=C1)S(=O)(=O)[O-].C1=CC=C(C=C1)S(=O)(=O)[O-],0,unreported_twosides_sampled,0.9383569359779358,0.9332551429641365,0.9332551429641365,fitted,platt_logistic_regression,0.5027927669387054,1,0.24513632655117568,0.0050933786078098476,0.8887945670628183,interaction,1,False,0.7307692307692307,0.25,0.25,False,False,True
C1=CN(C(=O)N=C1N)C2C(C(C(O2)CO)O)O,C1NC2=CC(=C(C=C2S(=O)(=O)N1)S(=O)(=O)N)Cl,1,reported_twosides,0.09640809893608093,0.09128927976557524,0.09128927976557524,fitted,platt_logistic_regression,0.5027927669387054,0,0.30551064114896326,0.830220713073005,0.011035653650254669,no_interaction,1,False,0.5306122448979592,0.5454545454545454,0.5306122448979592,False,False,False
C1=NC2=C(N1COC(CO)CO)NC(=NC2=O)N,C1CC2CN(C(=O)C3=CC=CC(=C23)C1)C4CN5CCC4CC5,0,unreported_twosides_sampled,0.24479974806308746,0.23284864712904668,0.23284864712904668,fitted,platt_logistic_regression,0.5027927669387054,0,0.5426955494235033,0.5280135823429541,0.07979626485568761,no_interaction,1,False,0.7307692307692307,0.30303030303030304,0.30303030303030304,False,False,True
CC1=CC(=C(C=C1)C)OCCCC(C)(C)C(=O)O,CN1CCC23C4C1CC5=C2C(=C(C=C5)O)OC3C(=O)CC4,0,unreported_twosides_sampled,0.8000531196594238,0.7872332260418992,0.7872332260418992,fitted,platt_logistic_regression,0.5027927669387054,1,0.5175994423643183,0.06621392190152801,0.5585738539898133,interaction,1,False,0.26,0.5333333333333333,0.26,False,False,True
C1=NC2=C(N1COC(CO)CO)NC(=NC2=O)N,C1CNCC(C1C2=CC=C(C=C2)F)COC3=CC4=C(C=C3)OCO4,0,unreported_twosides_sampled,0.5188940167427063,0.5009645089896524,0.5009645089896524,fitted,platt_logistic_regression,0.5027927669387054,0,0.6931453200036092,0.2427843803056027,0.24448217317487267,no_interaction|interaction,2,True,0.7307692307692307,0.24050632911392406,0.24050632911392406,False,False,True
CCC(C)(C)C(=O)OC1CC(C=C2C1C(C(C=C2)C)CCC3CC(CC(=O)O3)O)C,CNCCC(C1=CC=CS1)OC2=CC=CC3=CC=CC=C32,1,reported_twosides,0.6206942200660706,0.6031627499471153,0.6031627499471153,fitted,platt_logistic_regression,0.5027927669387054,1,0.6717084242254976,0.17402376910016978,0.34295415959252973,no_interaction|interaction,2,True,0.7424242424242424,0.2647058823529412,0.2647058823529412,False,False,True
C1=CN(C(=O)N=C1N)C2C(C(C(O2)CO)O)O,CNCC(C1=CC(=C(C=C1)O)O)O,1,reported_twosides,0.3114471435546875,0.2971766860402048,0.2971766860402048,fitted,platt_logistic_regression,0.5027927669387054,0,0.6084531011302816,0.45076400679117146,0.12139219015280135,no_interaction|interaction,2,True,0.5306122448979592,0.475,0.475,False,False,False
CC(C)C1=NC(=NC(=C1CCC(CC(CC(=O)O)O)O)C2=CC=C(C=C2)F)N(C)S(=O)(=O)C,CCOC(=O)C1(CCN(CC1)C)C2=CC=CC=C2,1,reported_twosides,0.14017152786254883,0.1328273369294344,0.1328273369294344,fitted,platt_logistic_regression,0.5027927669387054,0,0.3917262330367831,0.7359932088285229,0.029711375212224108,no_interaction,1,False,0.4473684210526316,0.3559322033898305,0.3559322033898305,False,False,True
C1CC2CN(C(=O)C3=CC=CC(=C23)C1)C4CN5CCC4CC5,C1CNCC(C1C2=CC=C(C=C2)F)COC3=CC4=C(C=C3)OCO4,1,reported_twosides,0.15461978316307068,0.146575841146754,0.146575841146754,fitted,platt_logistic_regression,0.5027927669387054,0,0.41672326679711835,0.702037351443124,0.0365025466893039,no_interaction,1,False,0.30303030303030304,0.24050632911392406,0.24050632911392406,False,False,True
C1=NC2=C(N1)C(=S)N=CN2,CC(C)(C)NCC(COC1=NSN=C1N2CCOCC2)O,0,unreported_twosides_sampled,0.657355785369873,0.6403546636041249,0.6403546636041249,fitted,platt_logistic_regression,0.5027927669387054,1,0.6532138610594534,0.15449915110356535,0.3845500848896435,no_interaction|interaction,2,True,0.3142857142857143,0.4,0.3142857142857143,False,False,True
C1CC2CN(C(=O)C3=CC=CC(=C23)C1)C4CN5CCC4CC5,CC1=CN(C(=O)NC1=O)C2CC(C(O2)CO)N=[N+]=[N-],0,unreported_twosides_sampled,0.0797690749168396,0.07553229807744893,0.07553229807744893,fitted,platt_logistic_regression,0.5027927669387054,0,0.26771972104609854,0.866723259762309,0.006791171477079796,no_interaction,1,False,0.30303030303030304,0.7083333333333334,0.30303030303030304,False,False,True
CN1CCC23C4C1CC5=C2C(=C(C=C5)O)OC3C(=O)CC4,CNCC(C1=CC(=C(C=C1)O)O)O,1,reported_twosides,0.8171655535697937,0.8050890197248849,0.8050890197248849,fitted,platt_logistic_regression,0.5027927669387054,1,0.49326609052727227,0.05602716468590832,0.5950764006791172,interaction,1,False,0.5333333333333333,0.475,0.475,False,False,False
CC(C)OC(=O)C(C)(C)OC1=CC=C(C=C1)C(=O)C2=CC=C(C=C2)Cl,CC1=CC=CC=C1S(=O)(=O)NC(=O)C2=CC(=C(C=C2)CC3=CN(C4=C3C=C(C=C4)NC(=O)OC5CCCC5)C)OC,1,reported_twosides,0.7870320677757263,0.7736830415174129,0.7736830415174129,fitted,platt_logistic_regression,0.5027927669387054,1,0.5347876395018788,0.0730050933786078,0.5407470288624788,interaction,1,False,0.3137254901960784,0.2631578947368421,0.2631578947368421,False,False,True
C1=CN(C=N1)CC(O)(P(=O)(O)O)P(=O)(O)O,C1=NC2=C(N1)C(=S)N=CN2,0,unreported_twosides_sampled,0.06237315014004707,0.059074495814202085,0.059074495814202085,fitted,platt_logistic_regression,0.5027927669387054,0,0.22441333461419338,0.9125636672325976,0.0025466893039049238,no_interaction,1,False,0.36585365853658536,0.3142857142857143,0.3142857142857143,False,False,True
CC(C)OC(=O)C(C)(C)OC1=CC=C(C=C1)C(=O)C2=CC=C(C=C2)Cl,COC(=O)C(C1CCCCN1)C2=CC=CC=C2,1,reported_twosides,0.6306960582733154,0.6132883314668287,0.6132883314668287,fitted,platt_logistic_regression,0.5027927669387054,1,0.6672544265701825,0.16723259762308998,0.3607809847198642,no_interaction|interaction,2,True,0.3137254901960784,0.3225806451612903,0.3137254901960784,False,False,True
C1CC2CN(C(=O)C3=CC=CC(=C23)C1)C4CN5CCC4CC5,COC(=O)C(C1CCCCN1)C2=CC=CC=C2,0,unreported_twosides_sampled,0.5040773153305054,0.48621639908621894,0.48621639908621894,fitted,platt_logistic_regression,0.5027927669387054,0,0.6927671571099305,0.25551782682512736,0.233446519524618,no_interaction|interaction,2,True,0.30303030303030304,0.3225806451612903,0.30303030303030304,False,False,True
C1=CC=C(C=C1)C2(C(=O)NC(=O)N2)C3=CC=CC=C3,C1NC2=CC(=C(C=C2S(=O)(=O)N1)S(=O)(=O)N)Cl,1,reported_twosides,0.07407735288143158,0.0701459514278362,0.0701459514278362,fitted,platt_logistic_regression,0.5027927669387054,0,0.2540163144214282,0.8794567062818336,0.005942275042444821,no_interaction,1,False,0.4,0.5454545454545454,0.4,False,False,False
C1=NC2=C(N1COC(CO)CO)NC(=NC2=O)N,CNCC(C1=CC(=C(C=C1)O)O)O,0,unreported_twosides_sampled,0.8096086382865906,0.7971970466576406,0.7971970466576406,fitted,platt_logistic_regression,0.5027927669387054,1,0.5042636756143761,0.059422750424448216,0.5789473684210527,interaction,1,False,0.7307692307692307,0.475,0.475,False,False,False
CC1=CC(=C(C=C1)C)OCCCC(C)(C)C(=O)O,CCCCC(C)(CC=CC1C(CC(=O)C1CCCCCCC(=O)OC)O)O,0,unreported_twosides_sampled,0.36087194085121155,0.34522280453836135,0.34522280453836135,fitted,platt_logistic_regression,0.5027927669387054,0,0.6444391038810204,0.39558573853989815,0.14770797962648557,no_interaction|interaction,2,True,0.26,0.3698630136986301,0.26,False,False,True
CN1CCCC(CC1)N2C(=O)C3=CC=CC=C3C(=N2)CC4=CC=C(C=C4)Cl,CNCC(C1=CC(=C(C=C1)O)O)O,1,reported_twosides,0.36042657494544983,0.34478851122475507,0.34478851122475507,fitted,platt_logistic_regression,0.5027927669387054,0,0.6441606932780071,0.39558573853989815,0.14770797962648557,no_interaction|interaction,2,True,0.3,0.475,0.3,False,False,True
CC(CCC1=CC=C(C=C1)O)NCCC2=CC(=C(C=C2)O)O,CC1CC2C3CCC4=CC(=O)C=CC4(C3(C(CC2(C1(C(=O)CCl)O)C)O)Cl)C,0,unreported_twosides_sampled,0.2785334289073944,0.26534433649081157,0.26534433649081157,fitted,platt_logistic_regression,0.5027927669387054,0,0.578573025547408,0.48132427843803055,0.10271646859083192,no_interaction|interaction,2,True,0.38596491228070173,0.8620689655172413,0.38596491228070173,False,False,True
C1=CN=CC=C1C(=O)NN,CC1=CC=CC=C1OC(CCNC)C2=CC=CC=C2,1,reported_twosides,0.03958136588335037,0.03752617205439551,0.03752617205439551,fitted,platt_logistic_regression,0.5027927669387054,0,0.16000087919913228,0.9456706281833617,0.0008488964346349745,no_interaction,1,False,0.30303030303030304,0.30612244897959184,0.30303030303030304,False,False,True
CCP(CC)CC.CC(=O)OCC1C(C(C(C(O1)[S-])OC(=O)C)OC(=O)C)OC(=O)C.[Au+],CNCC(C1=CC(=C(C=C1)O)O)O,0,unreported_twosides_sampled,0.41158270835876465,0.39483845315264954,0.39483845315264954,fitted,platt_logistic_regression,0.5027927669387054,0,0.6708632558142349,0.34804753820033957,0.17147707979626486,no_interaction|interaction,2,True,0.22950819672131148,0.475,0.22950819672131148,False,False,True
CC(C)C1=NC(=NC(=C1CCC(CC(CC(=O)O)O)O)C2=CC=C(C=C2)F)N(C)S(=O)(=O)C,CCCCCN=C(N)NNC=C1C=NC2=C1C=C(C=C2)CO,1,reported_twosides,0.05032508075237274,0.047682749655675004,0.047682749655675004,fitted,platt_logistic_regression,0.5027927669387054,0,0.19163487148477967,0.931239388794567,0.001697792869269949,no_interaction,1,False,0.4473684210526316,0.25,0.25,False,False,True
CC1=NN=C2N1C3=C(C=C(C=C3)Cl)C(=NC2)C4=CC=CC=C4,CN1CCCC(CC1)N2C(=O)C3=CC=CC=C3C(=N2)CC4=CC=C(C=C4)Cl,1,reported_twosides,0.9577615261077881,0.9541002795314399,0.9541002795314399,fitted,platt_logistic_regression,0.5027927669387054,1,0.18626046775498495,0.001697792869269949,0.933786078098472,interaction,1,False,0.62,0.3,0.3,False,False,True
CCC(C)(C)C(=O)OC1CC(C=C2C1C(C(C=C2)C)CCC3CC(CC(=O)O3)O)C,CCCC(C)(COC(=O)N)COC(=O)N,1,reported_twosides,0.7276649475097656,0.7122885343454582,0.7122885343454582,fitted,platt_logistic_regression,0.5027927669387054,1,0.6000898272732932,0.11375212224108659,0.45585738539898135,no_interaction|interaction,2,True,0.7424242424242424,0.6774193548387096,0.6774193548387096,False,False,False
C1CC(CCC1C2=CC=C(C=C2)Cl)C3=C(C4=CC=CC=C4C(=O)C3=O)O,CC1CC2C3CCC4=CC(=O)C=CC4(C3(C(CC2(C1(C(=O)CCl)O)C)O)Cl)C,0,unreported_twosides_sampled,0.3686419129371643,0.35280362520211445,0.35280362520211445,fitted,platt_logistic_regression,0.5027927669387054,0,0.6491649386956999,0.3921901528013582,0.15110356536502548,no_interaction|interaction,2,True,0.2549019607843137,0.8620689655172413,0.2549019607843137,False,False,True
C1=CN(C=N1)CC(O)(P(=O)(O)O)P(=O)(O)O,C1CC(CCC1C2=CC=C(C=C2)Cl)C3=C(C4=CC=CC=C4C(=O)C3=O)O,0,unreported_twosides_sampled,0.7594923973083496,0.7451255921621475,0.7451255921621475,fitted,platt_logistic_regression,0.5027927669387054,1,0.5676271408016631,0.09168081494057725,0.499151103565365,interaction,1,False,0.36585365853658536,0.2549019607843137,0.2549019607843137,False,False,True
CC(C)OC(=O)C(C)(C)OC1=CC=C(C=C1)C(=O)C2=CC=C(C=C2)Cl,CC1=NN=C2N1C3=C(C=C(C=C3)Cl)C(=NC2)C4=CC=CC=C4Cl,1,reported_twosides,0.9836987257003784,0.9821586270782269,0.9821586270782269,fitted,platt_logistic_regression,0.5027927669387054,1,0.08951482419020734,0.0008488964346349745,0.9838709677419355,interaction,1,False,0.3137254901960784,0.5454545454545454,0.3137254901960784,False,False,True
CC1=CC(=C(C=C1)C)OCCCC(C)(C)C(=O)O,CNCCC(C1=CC=CC=C1)OC2=CC=C(C=C2)C(F)(F)F,1,reported_twosides,0.2248949259519577,0.2137336288268242,0.2137336288268242,fitted,platt_logistic_regression,0.5027927669387054,0,0.5188616181630964,0.5577249575551783,0.06706281833616298,no_interaction,1,False,0.26,0.30612244897959184,0.26,False,False,True
C1=NC2=C(N1COC(CO)CO)NC(=NC2=O)N,CC1=CC(=C(C=C1)C)OCCCC(C)(C)C(=O)O,0,unreported_twosides_sampled,0.4367828071117401,0.4196192083207939,0.4196192083207939,fitted,platt_logistic_regression,0.5027927669387054,0,0.6801687931214906,0.3225806451612903,0.19100169779286927,no_interaction|interaction,2,True,0.7307692307692307,0.26,0.26,False,False,True
C1=CN=CC=C1C(=O)NN,C1CNCC(C1C2=CC=C(C=C2)F)COC3=CC4=C(C=C3)OCO4,1,reported_twosides,0.02309751883149147,0.02193815947037595,0.02193815947037595,fitted,platt_logistic_regression,0.5027927669387054,0,0.10548914690043526,0.9728353140916808,0.0008488964346349745,no_interaction,1,False,0.30303030303030304,0.24050632911392406,0.24050632911392406,False,False,True
C1NC2=CC(=C(C=C2S(=O)(=O)N1)S(=O)(=O)N)Cl,CNCC(C1=CC(=C(C=C1)O)O)O,1,reported_twosides,0.16453856229782104,0.156025237320878,0.156025237320878,fitted,platt_logistic_regression,0.5027927669387054,0,0.43301964207377464,0.6757215619694398,0.03904923599320883,no_interaction,1,False,0.5454545454545454,0.475,0.475,False,False,False
CC(C)[N+]1(C2CCC1CC(C2)OC(=O)C(CO)C3=CC=CC=C3)C,CC1=CC(=C(C=C1)C)OCCCC(C)(C)C(=O)O,1,reported_twosides,0.4184838831424713,0.40161641210975685,0.40161641210975685,fitted,platt_logistic_regression,0.5027927669387054,0,0.6736616248440852,0.3370118845500849,0.1765704584040747,no_interaction|interaction,2,True,0.6326530612244898,0.26,0.26,False,False,True
C1=CN=CC=C1C(=O)NN,CC1=NN=C2N1C3=C(C=C(C=C3)Cl)C(=NC2)C4=CC=CC=C4Cl,1,reported_twosides,0.18142476677894592,0.17213380139720708,0.17213380139720708,fitted,platt_logistic_regression,0.5027927669387054,0,0.4592535456929901,0.6417657045840407,0.04838709677419355,no_interaction,1,False,0.30303030303030304,0.5454545454545454,0.30303030303030304,False,False,True
CC(C)[N+]1(C2CCC1CC(C2)OC(=O)C(CO)C3=CC=CC=C3)C,CC1=NN=C2N1C3=C(C=C(C=C3)Cl)C(=NC2)C4=CC=CC=C4,1,reported_twosides,0.559560239315033,0.5416050702105975,0.5416050702105975,fitted,platt_logistic_regression,0.5027927669387054,1,0.689681210655355,0.21392190152801357,0.2801358234295416,no_interaction|interaction,2,True,0.6326530612244898,0.62,0.62,False,False,False
CC1=NN=C2N1C3=C(C=C(C=C3)Cl)C(=NC2)C4=CC=CC=C4,CCOC(=O)C1(CCN(CC1)C)C2=CC=CC=C2,1,reported_twosides,0.8542463779449463,0.8439738976927341,0.8439738976927341,fitted,platt_logistic_regression,0.5027927669387054,1,0.4330211022586245,0.03904923599320883,0.6757215619694398,interaction,1,False,0.62,0.3559322033898305,0.3559322033898305,False,False,True
CC(C)OC(=O)C(C)(C)OC1=CC=C(C=C1)C(=O)C2=CC=C(C=C2)Cl,CN1CCC23C4C1CC5=C2C(=C(C=C5)O)OC3C(=O)CC4,1,reported_twosides,0.9174444079399109,0.9109039505296154,0.9109039505296154,fitted,platt_logistic_regression,0.5027927669387054,1,0.3004414078886961,0.010186757215619695,0.83276740237691,interaction,1,False,0.3137254901960784,0.5333333333333333,0.3137254901960784,False,False,True
C1=CN(C=N1)CC(O)(P(=O)(O)O)P(=O)(O)O,COC1=C(C=C2C(=C1)C(=NC(=N2)N3CCN(CC3)C(=O)C4=CC=CO4)N)OC,0,unreported_twosides_sampled,0.6685813665390015,0.6517853102249621,0.6517853102249621,fitted,platt_logistic_regression,0.5027927669387054,1,0.6463344513594512,0.1494057724957555,0.39473684210526316,no_interaction|interaction,2,True,0.36585365853658536,0.5882352941176471,0.36585365853658536,False,False,True
C1=CN(C=N1)CC(O)(P(=O)(O)O)P(=O)(O)O,CNC(=C[N+](=O)[O-])NCCSCC1=CSC(=N1)CN(C)C,1,reported_twosides,0.4379807710647583,0.4207993463087991,0.4207993463087991,fitted,platt_logistic_regression,0.5027927669387054,0,0.6805486966577157,0.32088285229202035,0.19185059422750425,no_interaction|interaction,2,True,0.36585365853658536,0.603448275862069,0.36585365853658536,False,False,True
C1=CC=C(C=C1)C2(C(=O)NC(=O)N2)C3=CC=CC=C3,C1CC(CCC1C2=CC=C(C=C2)Cl)C3=C(C4=CC=CC=C4C(=O)C3=O)O,0,unreported_twosides_sampled,0.5430483818054199,0.5250746014376798,0.5250746014376798,fitted,platt_logistic_regression,0.5027927669387054,1,0.6918891816764824,0.22156196943972836,0.266553480475382,no_interaction|interaction,2,True,0.4,0.2549019607843137,0.2549019607843137,False,False,True
CC1=CN(C(=O)NC1=O)C2CC(C(O2)CO)N=[N+]=[N-],CNCCC(C1=CC=CC=C1)OC2=CC=C(C=C2)C(F)(F)F,0,unreported_twosides_sampled,0.025524256750941277,0.024234023284328735,0.024234023284328735,fitted,platt_logistic_regression,0.5027927669387054,0,0.11408848929596291,0.967741935483871,0.0008488964346349745,no_interaction,1,False,0.7083333333333334,0.30612244897959184,0.30612244897959184,False,False,True
CC(C)OC(=O)C(C)(C)OC1=CC=C(C=C1)C(=O)C2=CC=C(C=C2)Cl,CC(CCC1=CC=C(C=C1)O)NCCC2=CC(=C(C=C2)O)O,0,unreported_twosides_sampled,0.761665403842926,0.747373982631202,0.747373982631202,fitted,platt_logistic_regression,0.5027927669387054,1,0.5652017729879236,0.09168081494057725,0.499151103565365,interaction,1,False,0.3137254901960784,0.38596491228070173,0.3137254901960784,False,False,True
C1=CC=C(C=C1)C2(C(=O)NC(=O)N2)C3=CC=CC=C3,C1=CN(C=N1)CC(O)(P(=O)(O)O)P(=O)(O)O,0,unreported_twosides_sampled,0.11185741424560547,0.10593609581372229,0.10593609581372229,fitted,platt_logistic_regression,0.5027927669387054,0,0.3379334896832163,0.7920203735144312,0.019524617996604415,no_interaction,1,False,0.4,0.36585365853658536,0.36585365853658536,False,False,True
CN1CCC23C4C1CC5=C2C(=C(C=C5)O)OC3C(=O)CC4,CNC(=O)CN(CCN(CCN(CC(=O)NC)CC(=O)[O-])CC(=O)[O-])CC(=O)[O-].O.[Gd+3],0,unreported_twosides_sampled,0.5815668702125549,0.56369921346794,0.56369921346794,fitted,platt_logistic_regression,0.5027927669387054,1,0.6850099051528222,0.20118845500848898,0.30135823429541597,no_interaction|interaction,2,True,0.5333333333333333,0.5675675675675675,0.5333333333333333,False,False,False
CC1=NN=C2N1C3=C(C=C(C=C3)Cl)C(=NC2)C4=CC=CC=C4Cl,CN1CCC23C4C1CC5=C2C(=C(C=C5)O)OC3C(=O)CC4,1,reported_twosides,0.9607689380645752,0.9573410741268148,0.9573410741268148,fitted,platt_logistic_regression,0.5027927669387054,1,0.17630419362832453,0.001697792869269949,0.9363327674023769,interaction,1,False,0.5454545454545454,0.5333333333333333,0.5333333333333333,False,False,False
CC(C)[N+]1(C2CCC1CC(C2)OC(=O)C(CO)C3=CC=CC=C3)C,CC1=NN=C2N1C3=C(C=C(C=C3)Cl)C(=NC2)C4=CC=CC=C4Cl,1,reported_twosides,0.9225862622261047,0.9163893248339362,0.9163893248339362,fitted,platt_logistic_regression,0.5027927669387054,1,0.28750051676622296,0.010186757215619695,0.8438030560271647,interaction,1,False,0.6326530612244898,0.5454545454545454,0.5454545454545454,False,False,False
CC(C)C1=NC(=NC(=C1CCC(CC(CC(=O)O)O)O)C2=CC=C(C=C2)F)N(C)S(=O)(=O)C,CC1=CC(=C(C=C1)C)OCCCC(C)(C)C(=O)O,1,reported_twosides,0.27930209040641785,0.2660862987943558,0.2660862987943558,fitted,platt_logistic_regression,0.5027927669387054,0,0.5793272091462002,0.48132427843803055,0.1035653650254669,no_interaction|interaction,2,True,0.4473684210526316,0.26,0.26,False,False,True
C1CC(CCC1C2=CC=C(C=C2)Cl)C3=C(C4=CC=CC=C4C(=O)C3=O)O,CC(C1=CC=CC2=CC=CC=C21)NCCCC3=CC(=CC=C3)C(F)(F)F,0,unreported_twosides_sampled,0.19700337946414948,0.18701984328324103,0.18701984328324103,fitted,platt_logistic_regression,0.5027927669387054,0,0.481872736408389,0.6146010186757216,0.053480475382003394,no_interaction,1,False,0.2549019607843137,0.24285714285714285,0.24285714285714285,False,False,True
CC1=NN=C2N1C3=C(C=C(C=C3)Cl)C(=NC2)C4=CC=CC=C4,COC(=O)C(C1CCCCN1)C2=CC=CC=C2,1,reported_twosides,0.9248039126396179,0.9187571433204629,0.9187571433204629,fitted,platt_logistic_regression,0.5027927669387054,1,0.28179441449133735,0.010186757215619695,0.8497453310696095,interaction,1,False,0.62,0.3225806451612903,0.3225806451612903,False,False,True
C1CC(CCC1C2=CC=C(C=C2)Cl)C3=C(C4=CC=CC=C4C(=O)C3=O)O,CC1=CN(C(=O)NC1=O)C2CC(C(O2)CO)N=[N+]=[N-],1,reported_twosides,0.15904563665390015,0.15079112291174962,0.15079112291174962,fitted,platt_logistic_regression,0.5027927669387054,0,0.4240789195739004,0.6867572156196944,0.03735144312393888,no_interaction,1,False,0.2549019607843137,0.7083333333333334,0.2549019607843137,False,False,True
C1=NC2=C(N1)C(=S)N=CN2,CCCCC(C)(CC=CC1C(CC(=O)C1CCCCCCC(=O)OC)O)O,0,unreported_twosides_sampled,0.1698187291622162,0.16105929737510008,0.16105929737510008,fitted,platt_logistic_regression,0.5027927669387054,0,0.4414222689625243,0.6646859083191851,0.04159592529711375,no_interaction,1,False,0.3142857142857143,0.3698630136986301,0.3142857142857143,False,False,True
C1C(C2C(O1)C(CO2)O[N+](=O)[O-])O,CC1=CC=CC=C1OC(CCNC)C2=CC=CC=C2,1,reported_twosides,0.19713513553142548,0.18714584618241278,0.18714584618241278,fitted,platt_logistic_regression,0.5027927669387054,0,0.48205784445561894,0.6146010186757216,0.053480475382003394,no_interaction,1,False,0.8076923076923077,0.30612244897959184,0.30612244897959184,False,False,True
C1=CC=C(C=C1)C2(C(=O)NC(=O)N2)C3=CC=CC=C3,COC1=C(C=C2C(=C1)C(=NC(=N2)N3CCN(CC3)C(=O)C4=CC=CO4)N)OC,0,unreported_twosides_sampled,0.9732471704483032,0.9708206497262316,0.9708206497262316,fitted,platt_logistic_regression,0.5027927669387054,1,0.13187783348780696,0.0008488964346349745,0.9575551782682513,interaction,1,False,0.4,0.5882352941176471,0.4,False,False,False
CCCCCN=C(N)NNC=C1C=NC2=C1C=C(C=C2)CO,CNC(=C[N+](=O)[O-])NCCSCC1=CSC(=N1)CN(C)C,0,unreported_twosides_sampled,0.40091294050216675,0.38437149962100786,0.38437149962100786,fitted,platt_logistic_regression,0.5027927669387054,0,0.6661636899209658,0.3616298811544992,0.166383701188455,no_interaction|interaction,2,True,0.25,0.603448275862069,0.25,False,False,True
CC(CCC1=CC=C(C=C1)O)NCCC2=CC(=C(C=C2)O)O,CC1=C(C(=NO1)C2=C(C=CC=C2Cl)Cl)C(=O)NC3C4N(C3=O)C(C(S4)(C)C)C(=O)[O-],0,unreported_twosides_sampled,0.2683407664299011,0.2555121371423497,0.2555121371423497,fitted,platt_logistic_regression,0.5027927669387054,0,0.5683102150823266,0.499151103565365,0.09168081494057725,no_interaction,1,False,0.38596491228070173,0.7777777777777778,0.38596491228070173,False,False,True
CC1=CC(=C(C=C1)C)OCCCC(C)(C)C(=O)O,CCCCCN=C(N)NNC=C1C=NC2=C1C=C(C=C2)CO,0,unreported_twosides_sampled,0.1671067774295807,0.15847341821654876,0.15847341821654876,fitted,platt_logistic_regression,0.5027927669387054,0,0.4371297663575138,0.6706281833616299,0.039898132427843805,no_interaction,1,False,0.26,0.25,0.25,False,False,True
C1=CN(C(=O)N=C1N)C2C(C(C(O2)CO)O)O,CCOC(=O)C1(CCN(CC1)C)C2=CC=CC=C2,1,reported_twosides,0.15768083930015564,0.14949106680306024,0.14949106680306024,fitted,platt_logistic_regression,0.5027927669387054,0,0.42182527506049894,0.6893039049235993,0.0365025466893039,no_interaction,1,False,0.5306122448979592,0.3559322033898305,0.3559322033898305,False,False,True
C1C(C2C(O1)C(CO2)O[N+](=O)[O-])O,CC(C)C1=NC(=NC(=C1CCC(CC(CC(=O)O)O)O)C2=CC=C(C=C2)F)N(C)S(=O)(=O)C,1,reported_twosides,0.1552848517894745,0.1472091523376246,0.1472091523376246,fitted,platt_logistic_regression,0.5027927669387054,0,0.41783737854464864,0.7011884550084889,0.0365025466893039,no_interaction,1,False,0.8076923076923077,0.4473684210526316,0.4473684210526316,False,False,False
CC(C)(C)NCC(COC1=NSN=C1N2CCOCC2)O,COC1=C(C=C2C(=C1)C(=NC(=N2)N3CCN(CC3)C(=O)C4=CC=CO4)N)OC,0,unreported_twosides_sampled,0.7327407598495483,0.7175136200587721,0.7175136200587721,fitted,platt_logistic_regression,0.5027927669387054,1,0.5952863028761426,0.10865874363327674,0.4601018675721562,no_interaction|interaction,2,True,0.4,0.5882352941176471,0.4,False,False,False
CC(C)C1=NC(=NC(=C1CCC(CC(CC(=O)O)O)O)C2=CC=C(C=C2)F)N(C)S(=O)(=O)C,CC1=CC=CC=C1OC(CCNC)C2=CC=CC=C2,1,reported_twosides,0.18882140517234802,0.17919858118487927,0.17919858118487927,fitted,platt_logistic_regression,0.5027927669387054,0,0.47017607915712906,0.6324278438030561,0.0500848896434635,no_interaction,1,False,0.4473684210526316,0.30612244897959184,0.30612244897959184,False,False,True
CC(C1=CC=CC2=CC=CC=C21)NCCCC3=CC(=CC=C3)C(F)(F)F,CC1=NN=C2N1C3=C(C=C(C=C3)Cl)C(=NC2)C4=CC=CC=C4,1,reported_twosides,0.35046476125717163,0.3350808651968398,0.3350808651968398,fitted,platt_logistic_regression,0.5027927669387054,0,0.6377185998570869,0.4074702886247878,0.1434634974533107,no_interaction|interaction,2,True,0.24285714285714285,0.62,0.24285714285714285,False,False,True
C1NC2=CC(=C(C=C2S(=O)(=O)N1)S(=O)(=O)N)Cl,COC(=O)C(C1CCCCN1)C2=CC=CC=C2,1,reported_twosides,0.1554592251777649,0.14737520599633788,0.14737520599633788,fitted,platt_logistic_regression,0.5027927669387054,0,0.41812896856700604,0.700339558573854,0.0365025466893039,no_interaction,1,False,0.5454545454545454,0.3225806451612903,0.3225806451612903,False,False,True
C1=NC2=C(N1COC(CO)CO)NC(=NC2=O)N,C1CC(CCC1C2=CC=C(C=C2)Cl)C3=C(C4=CC=CC=C4C(=O)C3=O)O,1,reported_twosides,0.9300529360771179,0.9243665263815535,0.9243665263815535,fitted,platt_logistic_regression,0.5027927669387054,1,0.26797305788131454,0.006791171477079796,0.866723259762309,interaction,1,False,0.7307692307692307,0.2549019607843137,0.2549019607843137,False,False,True
CC(C)[N+]1(C2CCC1CC(C2)OC(=O)C(CO)C3=CC=CC=C3)C,COC1=C(C=C2C(=C1)C(=NC(=N2)N3CCN(CC3)C(=O)C4=CC=CO4)N)OC,0,unreported_twosides_sampled,0.728188157081604,0.7128269271936041,0.7128269271936041,fitted,platt_logistic_regression,0.5027927669387054,1,0.5996010532379286,0.11290322580645161,0.4567062818336163,no_interaction|interaction,2,True,0.6326530612244898,0.5882352941176471,0.5882352941176471,False,False,False
C1=CN(C(=O)N=C1N)C2C(C(C(O2)CO)O)O,C1CC2CN(C(=O)C3=CC=CC(=C23)C1)C4CN5CCC4CC5,0,unreported_twosides_sampled,0.11937430500984192,0.11306892598615274,0.11306892598615274,fitted,platt_logistic_regression,0.5027927669387054,0,0.35288395150596263,0.7741935483870968,0.022920203735144314,no_interaction,1,False,0.5306122448979592,0.30303030303030304,0.30303030303030304,False,False,True
C1=CC=C(C=C1)C2(C(=O)NC(=O)N2)C3=CC=CC=C3,CNCC(C1=CC(=C(C=C1)O)O)O,1,reported_twosides,0.16830986738204956,0.1596204927482111,0.1596204927482111,fitted,platt_logistic_regression,0.5027927669387054,0,0.43904003366768807,0.66723259762309,0.04159592529711375,no_interaction,1,False,0.4,0.475,0.4,False,False,False
C1CNCC(C1C2=CC=C(C=C2)F)COC3=CC4=C(C=C3)OCO4,CC1=CN(C(=O)NC1=O)C2CC(C(O2)CO)N=[N+]=[N-],1,reported_twosides,0.03712168708443642,0.03520083698184251,0.03520083698184251,fitted,platt_logistic_regression,0.5027927669387054,0,0.1523800151075295,0.9482173174872666,0.0008488964346349745,no_interaction,1,False,0.24050632911392406,0.7083333333333334,0.24050632911392406,False,False,True
CC(CCC1=CC=C(C=C1)O)NCCC2=CC(=C(C=C2)O)O,COC1=CC(=CC(=C1OC)OC)CC2=CN=C(N=C2N)N,0,unreported_twosides_sampled,0.953453540802002,0.9494629375756953,0.9494629375756953,fitted,platt_logistic_regression,0.5027927669387054,1,0.20009356495680564,0.0025466893039049238,0.9278438030560272,interaction,1,False,0.38596491228070173,0.22857142857142856,0.22857142857142856,False,False,True
C1=CN(C(=O)N=C1N)C2C(C(C(O2)CO)O)O,CC1=NN=C2N1C3=C(C=C(C=C3)Cl)C(=NC2)C4=CC=CC=C4Cl,0,unreported_twosides_sampled,0.9838905930519104,0.9823672560000033,0.9823672560000033,fitted,platt_logistic_regression,0.5027927669387054,1,0.08867734416831399,0.0008488964346349745,0.9847198641765704,interaction,1,False,0.5306122448979592,0.5454545454545454,0.5306122448979592,False,False,False
C1CC2CN(C(=O)C3=CC=CC(=C23)C1)C4CN5CCC4CC5,CNCCC(C1=CC=CS1)OC2=CC=CC3=CC=CC=C32,0,unreported_twosides_sampled,0.27459457516670227,0.26154336644820564,0.26154336644820564,fitted,platt_logistic_regression,0.5027927669387054,0,0.5746650476455691,0.48811544991511036,0.09932088285229201,no_interaction,1,False,0.30303030303030304,0.2647058823529412,0.2647058823529412,False,False,True
CC1=C(C(=NO1)C2=C(C=CC=C2Cl)Cl)C(=O)NC3C4N(C3=O)C(C(S4)(C)C)C(=O)[O-],COC(=O)C(C1CCCCN1)C2=CC=CC=C2,0,unreported_twosides_sampled,0.21122044324874878,0.200626405960536,0.200626405960536,fitted,platt_logistic_regression,0.5027927669387054,0,0.5012695813462142,0.5857385398981324,0.05857385398981324,no_interaction,1,False,0.7777777777777778,0.3225806451612903,0.3225806451612903,False,False,True
C1=CN(C=N1)CC(O)(P(=O)(O)O)P(=O)(O)O,CN1CCC23C4C1CC5=C2C(=C(C=C5)O)OC3C(=O)CC4,1,reported_twosides,0.7874165177345276,0.774082668349342,0.774082668349342,fitted,platt_logistic_regression,0.5027927669387054,1,0.5342959516657282,0.0730050933786078,0.5415959252971138,interaction,1,False,0.36585365853658536,0.5333333333333333,0.36585365853658536,False,False,True
CC(C)CN(CC(C(CC1=CC=CC=C1)NC(=O)OC2CCOC2)O)S(=O)(=O)C3=CC=C(C=C3)N,CNCC(C1=CC(=C(C=C1)O)O)O,0,unreported_twosides_sampled,0.12198908627033234,0.11555114667760502,0.11555114667760502,fitted,platt_logistic_regression,0.5027927669387054,0,0.35796622864112687,0.7707979626485568,0.022920203735144314,no_interaction,1,False,0.7972972972972973,0.475,0.475,False,False,False
CC(C)CN(CC(C(CC1=CC=CC=C1)NC(=O)OC2CCOC2)O)S(=O)(=O)C3=CC=C(C=C3)N,CC(C)OC(=O)C(C)(C)OC1=CC=C(C=C1)C(=O)C2=CC=C(C=C2)Cl,0,unreported_twosides_sampled,0.29380956292152405,0.2801027336392894,0.2801027336392894,fitted,platt_logistic_regression,0.5027927669387054,0,0.5930503192515829,0.46604414261460103,0.10696095076400679,no_interaction|interaction,2,True,0.7972972972972973,0.3137254901960784,0.3137254901960784,False,False,True
CN1CCCC(CC1)N2C(=O)C3=CC=CC=C3C(=N2)CC4=CC=C(C=C4)Cl,COC(=O)C(C1CCCCN1)C2=CC=CC=C2,0,unreported_twosides_sampled,0.5800154209136963,0.5621392242974848,0.5621392242974848,fitted,platt_logistic_regression,0.5027927669387054,1,0.6854046109817522,0.20203735144312393,0.299660441426146,no_interaction|interaction,2,True,0.3,0.3225806451612903,0.3,False,False,True
C1CC2CN(C(=O)C3=CC=CC(=C23)C1)C4CN5CCC4CC5,CC(C)C1=NC(=NC(=C1CCC(CC(CC(=O)O)O)O)C2=CC=C(C=C2)F)N(C)S(=O)(=O)C,1,reported_twosides,0.20060202479362488,0.19046198942301182,0.19046198942301182,fitted,platt_logistic_regression,0.5027927669387054,0,0.48689216103722366,0.6044142614601019,0.055178268251273345,no_interaction,1,False,0.30303030303030304,0.4473684210526316,0.30303030303030304,False,False,True
C1CC2CN(C(=O)C3=CC=CC(=C23)C1)C4CN5CCC4CC5,CC(C)OC(=O)C(C)(C)OC1=CC=C(C=C1)C(=O)C2=CC=C(C=C2)Cl,0,unreported_twosides_sampled,0.2547978162765503,0.24246642827524234,0.24246642827524234,fitted,platt_logistic_regression,0.5027927669387054,0,0.5539062926524281,0.5135823429541596,0.0831918505942275,no_interaction,1,False,0.30303030303030304,0.3137254901960784,0.30303030303030304,False,False,True
C1=CN=CC=C1C(=O)NN,CNCC(C1=CC(=C(C=C1)O)O)O,0,unreported_twosides_sampled,0.019688714295625687,0.018712131847061286,0.018712131847061286,fitted,platt_logistic_regression,0.5027927669387054,0,0.09298373105560812,0.9838709677419355,0.0008488964346349745,no_interaction,1,False,0.30303030303030304,0.475,0.30303030303030304,False,False,True
C1CC(CCC1C2=CC=C(C=C2)Cl)C3=C(C4=CC=CC=C4C(=O)C3=O)O,C1CNCC(C1C2=CC=C(C=C2)F)COC3=CC4=C(C=C3)OCO4,1,reported_twosides,0.7002057433128357,0.6840974727271761,0.6840974727271761,fitted,platt_logistic_regression,0.5027927669387054,1,0.6237422318847444,0.133276740237691,0.4303904923599321,no_interaction|interaction,2,True,0.2549019607843137,0.24050632911392406,0.24050632911392406,False,False,True
CC(=O)N(CC(CO)O)C1=C(C(=C(C(=C1I)C(=O)NCC(CO)O)I)C(=O)NCC(CO)O)I,CC1=CC(=C(C=C1)C)OCCCC(C)(C)C(=O)O,0,unreported_twosides_sampled,0.2145361304283142,0.20380273342971275,0.20380273342971275,fitted,platt_logistic_regression,0.5027927669387054,0,0.5056291541251001,0.5780984719864176,0.059422750424448216,no_interaction,1,False,0.9487179487179487,0.26,0.26,False,False,True
CC1=CN(C(=O)NC1=O)C2CC(C(O2)CO)N=[N+]=[N-],CCC(C)(C)C(=O)OC1CC(C=C2C1C(C(C=C2)C)CCC3CC(CC(=O)O3)O)C,1,reported_twosides,0.24450664222240448,0.23256685719702974,0.23256685719702974,fitted,platt_logistic_regression,0.5027927669387054,0,0.5423593502437295,0.5288624787775892,0.07979626485568761,no_interaction,1,False,0.7083333333333334,0.7424242424242424,0.7083333333333334,False,False,False
CC1=CC(=C(C=C1)C)OCCCC(C)(C)C(=O)O,CCOC(=O)C1(CCN(CC1)C)C2=CC=CC=C2,0,unreported_twosides_sampled,0.18124981224536896,0.17196676194784882,0.17196676194784882,fitted,platt_logistic_regression,0.5027927669387054,0,0.4589910990406028,0.6417657045840407,0.04838709677419355,no_interaction,1,False,0.26,0.3559322033898305,0.26,False,False,True
CC1=CC=CC=C1S(=O)(=O)NC(=O)C2=CC(=C(C=C2)CC3=CN(C4=C3C=C(C=C4)NC(=O)OC5CCCC5)C)OC,CNC(=O)CN(CCN(CCN(CC(=O)NC)CC(=O)[O-])CC(=O)[O-])CC(=O)[O-].O.[Gd+3],0,unreported_twosides_sampled,0.13266699016094208,0.12569347983887844,0.12569347983887844,fitted,platt_logistic_regression,0.5027927669387054,0,0.3781174157226803,0.7487266553480475,0.02801358234295416,no_interaction,1,False,0.2631578947368421,0.5675675675675675,0.2631578947368421,False,False,True
C1=NC2=C(N1)C(=S)N=CN2,CC1=CN(C(=O)NC1=O)C2CC(C(O2)CO)N=[N+]=[N-],0,unreported_twosides_sampled,0.13681721687316895,0.12963811281001403,0.12963811281001403,fitted,platt_logistic_regression,0.5027927669387054,0,0.38569819423961327,0.7419354838709677,0.02801358234295416,no_interaction,1,False,0.3142857142857143,0.7083333333333334,0.3142857142857143,False,False,True
CNC(=C[N+](=O)[O-])NCCSCC1=CSC(=N1)CN(C)C,CNC(=O)CN(CCN(CCN(CC(=O)NC)CC(=O)[O-])CC(=O)[O-])CC(=O)[O-].O.[Gd+3],0,unreported_twosides_sampled,0.24066978693008423,0.22887900407895667,0.22887900407895667,fitted,platt_logistic_regression,0.5027927669387054,0,0.5379182777074342,0.534804753820034,0.07470288624787776,no_interaction,1,False,0.603448275862069,0.5675675675675675,0.5675675675675675,False,False,False
CC1=NN=C2N1C3=C(C=C(C=C3)Cl)C(=NC2)C4=CC=CC=C4Cl,CC1CC2C3CCC4=CC(=O)C=CC4(C3(C(CC2(C1(C(=O)CCl)O)C)O)Cl)C,1,reported_twosides,0.9069539308547974,0.8997323170234092,0.8997323170234092,fitted,platt_logistic_regression,0.5027927669387054,1,0.32567073524309514,0.016129032258064516,0.8089983022071308,interaction,1,False,0.5454545454545454,0.8620689655172413,0.5454545454545454,False,False,False
C1=CN(C(=O)N=C1N)C2C(C(C(O2)CO)O)O,C1=NC2=C(N1)C(=S)N=CN2,1,reported_twosides,0.5728599429130554,0.5549490288857998,0.5549490288857998,fitted,platt_logistic_regression,0.5027927669387054,1,0.6870961742338925,0.20628183361629882,0.29456706281833617,no_interaction|interaction,2,True,0.5306122448979592,0.3142857142857143,0.3142857142857143,False,False,True
C1=CN=CC=C1C(=O)NN,CC1=CC(=C(C=C1)C)OCCCC(C)(C)C(=O)O,0,unreported_twosides_sampled,0.026615895330905914,0.025266624335002364,0.025266624335002364,fitted,platt_logistic_regression,0.5027927669387054,0,0.11788219062306834,0.966893039049236,0.0008488964346349745,no_interaction,1,False,0.30303030303030304,0.26,0.26,False,False,True
C1=CN(C(=O)N=C1N)C2C(C(C(O2)CO)O)O,C1C(C2C(O1)C(CO2)O[N+](=O)[O-])O,1,reported_twosides,0.33806976675987244,0.3230193673759383,0.3230193673759383,fitted,platt_logistic_regression,0.5027927669387054,0,0.6291244581871476,0.41850594227504245,0.13921901528013583,no_interaction|interaction,2,True,0.5306122448979592,0.8076923076923077,0.5306122448979592,False,False,False
CCC(C)(C)C(=O)OC1CC(C=C2C1C(C(C=C2)C)CCC3CC(CC(=O)O3)O)C,CCP(CC)CC.CC(=O)OCC1C(C(C(C(O1)[S-])OC(=O)C)OC(=O)C)OC(=O)C.[Au+],0,unreported_twosides_sampled,0.3134276568889618,0.29909622471723,0.29909622471723,fitted,platt_logistic_regression,0.5027927669387054,0,0.6100965892881922,0.44906621392190155,0.1230899830220713,no_interaction|interaction,2,True,0.7424242424242424,0.22950819672131148,0.22950819672131148,False,False,True
CC(C1=CC=CC2=CC=CC=C21)NCCCC3=CC(=CC=C3)C(F)(F)F,CCCC(C)(COC(=O)N)COC(=O)N,0,unreported_twosides_sampled,0.8335144519805908,0.8222001426761498,0.8222001426761498,fitted,platt_logistic_regression,0.5027927669387054,1,0.4680408557108974,0.0500848896434635,0.633276740237691,interaction,1,False,0.24285714285714285,0.6774193548387096,0.24285714285714285,False,False,True
C1=CN(C=N1)CC(O)(P(=O)(O)O)P(=O)(O)O,CCC12CCC3C(C1CCC2(C#C)O)CCC4=CC(=O)CCC34,0,unreported_twosides_sampled,0.10947677493095398,0.10367798972000727,0.10367798972000727,fitted,platt_logistic_regression,0.5027927669387054,0,0.33308999347992674,0.7988115449915111,0.01867572156196944,no_interaction,1,False,0.36585365853658536,0.7169811320754716,0.36585365853658536,False,False,True
CC(C)C1=NC(=NC(=C1CCC(CC(CC(=O)O)O)O)C2=CC=C(C=C2)F)N(C)S(=O)(=O)C,CC1=CC=CC=C1S(=O)(=O)NC(=O)C2=CC(=C(C=C2)CC3=CN(C4=C3C=C(C=C4)NC(=O)OC5CCCC5)C)OC,1,reported_twosides,0.4988897740840912,0.4810602348680629,0.4810602348680629,fitted,platt_logistic_regression,0.5027927669387054,0,0.6924295794865754,0.2623089983022071,0.2300509337860781,no_interaction|interaction,2,True,0.4473684210526316,0.2631578947368421,0.2631578947368421,False,False,True
CC1CC2C3CCC4=CC(=O)C=CC4(C3(C(CC2(C1(C(=O)CCl)O)C)O)Cl)C,CCCCCN=C(N)NNC=C1C=NC2=C1C=C(C=C2)CO,1,reported_twosides,0.027286050841212273,0.025900492184855614,0.025900492184855614,fitted,platt_logistic_regression,0.5027927669387054,0,0.12018941536422885,0.965195246179966,0.0008488964346349745,no_interaction,1,False,0.8620689655172413,0.25,0.25,False,False,True
C1=CC=C(C=C1)C2(C(=O)NC(=O)N2)C3=CC=CC=C3,CCC12CCC3C(C1CCC2(C#C)O)CCC4=CC(=O)CCC34,0,unreported_twosides_sampled,0.16518265008926392,0.15663916291242697,0.15663916291242697,fitted,platt_logistic_regression,0.5027927669387054,0,0.4340545832273788,0.6740237691001698,0.03904923599320883,no_interaction,1,False,0.4,0.7169811320754716,0.4,False,False,False
C1=CC=C(C=C1)C2(C(=O)NC(=O)N2)C3=CC=CC=C3,C[N+]1(CCC2=CC(=C(C=C2C1CC3=CC(=C(C=C3)OC)OC)OC)OC)CCC(=O)OCCCCCOC(=O)CC[N+]4(CCC5=CC(=C(C=C5C4CC6=CC(=C(C=C6)OC)OC)OC)OC)C.C1=CC=C(C=C1)S(=O)(=O)[O-].C1=CC=C(C=C1)S(=O)(=O)[O-],0,unreported_twosides_sampled,0.3902682363986969,0.3739439167834855,0.3739439167834855,fitted,platt_logistic_regression,0.5027927669387054,0,0.6610213835625788,0.3692699490662139,0.16213921901528014,no_interaction|interaction,2,True,0.4,0.25,0.25,False,False,True
C1CNCC(C1C2=CC=C(C=C2)F)COC3=CC4=C(C=C3)OCO4,CC1=CC=CC=C1OC(CCNC)C2=CC=CC=C2,1,reported_twosides,0.6085928082466125,0.590932347963227,0.590932347963227,fitted,platt_logistic_regression,0.5027927669387054,1,0.6765174071796096,0.1833616298811545,0.3302207130730051,no_interaction|interaction,2,True,0.24050632911392406,0.30612244897959184,0.24050632911392406,False,False,True
CC(C)(C)NCC(COC1=NSN=C1N2CCOCC2)O,CNCCC(C1=CC=CC=C1)OC2=CC=C(C=C2)C(F)(F)F,0,unreported_twosides_sampled,0.15696142613887787,0.14880584939827493,0.14880584939827493,fitted,platt_logistic_regression,0.5027927669387054,0,0.42063210850046373,0.6918505942275043,0.0365025466893039,no_interaction,1,False,0.4,0.30612244897959184,0.30612244897959184,False,False,True
CC(=O)N(CC(CO)O)C1=C(C(=C(C(=C1I)C(=O)NCC(CO)O)I)C(=O)NCC(CO)O)I,CC(C)C1=NC(=NC(=C1CCC(CC(CC(=O)O)O)O)C2=CC=C(C=C2)F)N(C)S(=O)(=O)C,0,unreported_twosides_sampled,0.037591274827718735,0.03564478483603411,0.03564478483603411,fitted,platt_logistic_regression,0.5027927669387054,0,0.1538469699405723,0.9473684210526315,0.0008488964346349745,no_interaction,1,False,0.9487179487179487,0.4473684210526316,0.4473684210526316,False,False,False
CC1=CC(=C(C=C1)C)OCCCC(C)(C)C(=O)O,CC1=NN=C2N1C3=C(C=C(C=C3)Cl)C(=NC2)C4=CC=CC=C4Cl,0,unreported_twosides_sampled,0.9631333351135254,0.9598910243172235,0.9598910243172235,fitted,platt_logistic_regression,0.5027927669387054,1,0.1682903238231237,0.001697792869269949,0.9397283531409168,interaction,1,False,0.26,0.5454545454545454,0.26,False,False,True
C1=CC=C(C=C1)C2(C(=O)NC(=O)N2)C3=CC=CC=C3,CC1=CC(=C(C=C1)C)OCCCC(C)(C)C(=O)O,1,reported_twosides,0.09228379279375076,0.0873819988617159,0.0873819988617159,fitted,platt_logistic_regression,0.5027927669387054,0,0.2964385098659561,0.8387096774193549,0.010186757215619695,no_interaction,1,False,0.4,0.26,0.26,False,False,True
C1=NC2=C(N1)C(=S)N=CN2,CN(C)CCC(C1=CC=C(C=C1)Cl)C2=CC=CC=N2,0,unreported_twosides_sampled,0.2582264244556427,0.2457671956003333,0.2457671956003333,fitted,platt_logistic_regression,0.5027927669387054,0,0.5576369744455533,0.5076400679117148,0.08488964346349745,no_interaction,1,False,0.3142857142857143,0.28846153846153844,0.28846153846153844,False,False,True
CC1=NN=C2N1C3=C(C=C(C=C3)Cl)C(=NC2)C4=CC=CC=C4,COC1=CC(=CC(=C1OC)OC)CC2=CN=C(N=C2N)N,0,unreported_twosides_sampled,0.9818939566612244,0.9801971377413333,0.9801971377413333,fitted,platt_logistic_regression,0.5027927669387054,1,0.09727089399929625,0.0008488964346349745,0.9830220713073005,interaction,1,False,0.62,0.22857142857142856,0.22857142857142856,False,False,True
C1C(C2C(O1)C(CO2)O[N+](=O)[O-])O,CCOC(=O)C1(CCN(CC1)C)C2=CC=CC=C2,0,unreported_twosides_sampled,0.45791223645210266,0.44046266357756175,0.44046266357756175,fitted,platt_logistic_regression,0.5027927669387054,0,0.6860409428148084,0.29711375212224106,0.2028862478777589,no_interaction|interaction,2,True,0.8076923076923077,0.3559322033898305,0.3559322033898305,False,False,True
CC(C1=CC=CC2=CC=CC=C21)NCCCC3=CC(=CC=C3)C(F)(F)F,CC1=NN=C2N1C3=C(C=C(C=C3)Cl)C(=NC2)C4=CC=CC=C4Cl,0,unreported_twosides_sampled,0.6739160418510437,0.6572245583920836,0.6572245583920836,fitted,platt_logistic_regression,0.5027927669387054,1,0.642859271034965,0.1468590831918506,0.39643463497453313,no_interaction|interaction,2,True,0.24285714285714285,0.5454545454545454,0.24285714285714285,False,False,True
CNCCC(C1=CC=CC=C1)OC2=CC=C(C=C2)C(F)(F)F,CNCCC(C1=CC=CS1)OC2=CC=CC3=CC=CC=C32,1,reported_twosides,0.38468071818351746,0.36847623234372556,0.36847623234372556,fitted,platt_logistic_regression,0.5027927669387054,0,0.6581397226723122,0.37436332767402375,0.16213921901528014,no_interaction|interaction,2,True,0.30612244897959184,0.2647058823529412,0.2647058823529412,False,False,True
CC(C)CN(CC(C(CC1=CC=CC=C1)NC(=O)OC2CCOC2)O)S(=O)(=O)C3=CC=C(C=C3)N,CN1CCC23C4C1CC5=C2C(=C(C=C5)O)OC3C(=O)CC4,0,unreported_twosides_sampled,0.7047306895256042,0.6887343089610719,0.6887343089610719,fitted,platt_logistic_regression,0.5027927669387054,1,0.6201096263733825,0.13157894736842105,0.432937181663837,no_interaction|interaction,2,True,0.7972972972972973,0.5333333333333333,0.5333333333333333,False,False,False
CC(C)C1=NC(=NC(=C1CCC(CC(CC(=O)O)O)O)C2=CC=C(C=C2)F)N(C)S(=O)(=O)C,CCP(CC)CC.CC(=O)OCC1C(C(C(C(O1)[S-])OC(=O)C)OC(=O)C)OC(=O)C.[Au+],0,unreported_twosides_sampled,0.20854513347148895,0.19806437933113327,0.19806437933113327,fitted,platt_logistic_regression,0.5027927669387054,0,0.497707346831453,0.5925297113752123,0.057724957555178265,no_interaction,1,False,0.4473684210526316,0.22950819672131148,0.22950819672131148,False,False,True
CN(C)CCC(C1=CC=C(C=C1)Cl)C2=CC=CC=N2,CNC(=C[N+](=O)[O-])NCCSCC1=CSC(=N1)CN(C)C,0,unreported_twosides_sampled,0.6964256167411804,0.6802264827076628,0.6802264827076628,fitted,platt_logistic_regression,0.5027927669387054,1,0.6266986234149264,0.1366723259762309,0.4244482173174873,no_interaction|interaction,2,True,0.28846153846153844,0.603448275862069,0.28846153846153844,False,False,True
C1=CC=C(C=C1)C2(C(=O)NC(=O)N2)C3=CC=CC=C3,C1C(C(OC1N2C=NC3=C(N=C(N=C32)Cl)N)CO)O,1,reported_twosides,0.0674130916595459,0.06384125637934879,0.06384125637934879,fitted,platt_logistic_regression,0.5027927669387054,0,0.23740859851588286,0.900679117147708,0.003395585738539898,no_interaction,1,False,0.4,0.6296296296296297,0.4,False,False,False
CC1=C(C(=NO1)C2=C(C=CC=C2Cl)Cl)C(=O)NC3C4N(C3=O)C(C(S4)(C)C)C(=O)[O-],CCCCCN=C(N)NNC=C1C=NC2=C1C=C(C=C2)CO,0,unreported_twosides_sampled,0.13501320779323578,0.12792329053771323,0.12792329053771323,fitted,platt_logistic_regression,0.5027927669387054,0,0.3824198142041225,0.7444821731748726,0.02801358234295416,no_interaction,1,False,0.7777777777777778,0.25,0.25,False,False,True
CC1=NN=C2N1C3=C(C=C(C=C3)Cl)C(=NC2)C4=CC=CC=C4Cl,CN1CCCC(CC1)N2C(=O)C3=CC=CC=C3C(=N2)CC4=CC=C(C=C4)Cl,0,unreported_twosides_sampled,0.9927073121070862,0.9919791621136049,0.9919791621136049,fitted,platt_logistic_regression,0.5027927669387054,1,0.04669484136783769,0.0008488964346349745,0.9966044142614601,interaction,1,False,0.5454545454545454,0.3,0.3,False,False,True
CC1=CC=CC=C1S(=O)(=O)NC(=O)C2=CC(=C(C=C2)CC3=CN(C4=C3C=C(C=C4)NC(=O)OC5CCCC5)C)OC,CCC(C)(C)C(=O)OC1CC(C=C2C1C(C(C=C2)C)CCC3CC(CC(=O)O3)O)C,1,reported_twosides,0.6861777901649475,0.6697442063925358,0.6697442063925358,fitted,platt_logistic_regression,0.5027927669387054,1,0.6343596369767563,0.14176570458404075,0.4134125636672326,no_interaction|interaction,2,True,0.2631578947368421,0.7424242424242424,0.2631578947368421,False,False,True
C1CNCC(C1C2=CC=C(C=C2)F)COC3=CC4=C(C=C3)OCO4,CC1=C(C(=NO1)C2=C(C=CC=C2Cl)Cl)C(=O)NC3C4N(C3=O)C(C(S4)(C)C)C(=O)[O-],1,reported_twosides,0.14666688442230225,0.1390058088883872,0.1390058088883872,fitted,platt_logistic_regression,0.5027927669387054,0,0.40315462703208194,0.7190152801358234,0.03310696095076401,no_interaction,1,False,0.24050632911392406,0.7777777777777778,0.24050632911392406,False,False,True
C1CNCC(C1C2=CC=C(C=C2)F)COC3=CC4=C(C=C3)OCO4,C[N+]1(CCC2=CC(=C(C=C2C1CC3=CC(=C(C=C3)OC)OC)OC)OC)CCC(=O)OCCCCCOC(=O)CC[N+]4(CCC5=CC(=C(C=C5C4CC6=CC(=C(C=C6)OC)OC)OC)OC)C.C1=CC=C(C=C1)S(=O)(=O)[O-].C1=CC=C(C=C1)S(=O)(=O)[O-],1,reported_twosides,0.9556136727333069,0.9517875010391986,0.9517875010391986,fitted,platt_logistic_regression,0.5027927669387054,1,0.19321803568932594,0.001697792869269949,0.931239388794567,interaction,1,False,0.24050632911392406,0.25,0.24050632911392406,False,False,True
CC(C)(C)NCC(COC1=NSN=C1N2CCOCC2)O,CC1CC2C3CCC4=CC(=O)C=CC4(C3(C(CC2(C1(C(=O)CCl)O)C)O)Cl)C,1,reported_twosides,0.18347884714603424,0.17409517915223352,0.17409517915223352,fitted,platt_logistic_regression,0.5027927669387054,0,0.46232058776623797,0.6409168081494058,0.0500848896434635,no_interaction,1,False,0.4,0.8620689655172413,0.4,False,False,False
C1CNCC(C1C2=CC=C(C=C2)F)COC3=CC4=C(C=C3)OCO4,CC1CC2C3CCC4=CC(=O)C=CC4(C3(C(CC2(C1(C(=O)CCl)O)C)O)Cl)C,1,reported_twosides,0.14239826798439026,0.13494502467455666,0.13494502467455666,fitted,platt_logistic_regression,0.5027927669387054,0,0.3956800332765559,0.7292020373514432,0.03225806451612903,no_interaction,1,False,0.24050632911392406,0.8620689655172413,0.24050632911392406,False,False,True
CC(C)C1=NC(=NC(=C1CCC(CC(CC(=O)O)O)O)C2=CC=C(C=C2)F)N(C)S(=O)(=O)C,C[N+]1(CCC2=CC(=C(C=C2C1CC3=CC(=C(C=C3)OC)OC)OC)OC)CCC(=O)OCCCCCOC(=O)CC[N+]4(CCC5=CC(=C(C=C5C4CC6=CC(=C(C=C6)OC)OC)OC)OC)C.C1=CC=C(C=C1)S(=O)(=O)[O-].C1=CC=C(C=C1)S(=O)(=O)[O-],0,unreported_twosides_sampled,0.3801877200603485,0.36408250523576274,0.36408250523576274,fitted,platt_logistic_regression,0.5027927669387054,0,0.6557310117857701,0.37860780984719866,0.16044142614601017,no_interaction|interaction,2,True,0.4473684210526316,0.25,0.25,False,False,True
C1=CN(C=N1)CC(O)(P(=O)(O)O)P(=O)(O)O,C1NC2=CC(=C(C=C2S(=O)(=O)N1)S(=O)(=O)N)Cl,1,reported_twosides,0.09211324155330658,0.08722044606550142,0.08722044606550142,fitted,platt_logistic_regression,0.5027927669387054,0,0.29605933873656337,0.8395585738539898,0.010186757215619695,no_interaction,1,False,0.36585365853658536,0.5454545454545454,0.36585365853658536,False,False,True
CC1=CC=CC=C1OC(CCNC)C2=CC=CC=C2,CCCCC(C)(CC=CC1C(CC(=O)C1CCCCCCC(=O)OC)O)O,0,unreported_twosides_sampled,0.5937409400939941,0.5759528874841462,0.5759528874841462,fitted,platt_logistic_regression,0.5027927669387054,1,0.6815647109184435,0.1926994906621392,0.3157894736842105,no_interaction|interaction,2,True,0.30612244897959184,0.3698630136986301,0.30612244897959184,False,False,True
