source,target,label,label_evidence,raw_prediction_score,calibrated_prediction_score,prediction_score,calibration_status,calibration_method,threshold,predicted_label,predictive_entropy_nats,conformal_no_interaction_p_value,conformal_interaction_p_value,conformal_prediction_set,conformal_prediction_set_size,conformal_abstain,source_nearest_train_tanimoto,target_nearest_train_tanimoto,pair_minimum_nearest_train_tanimoto,source_exactly_seen_in_training,target_exactly_seen_in_training,structural_ood_flag
C1C(OC(S1)CO)N2C=C(C(=NC2=O)N)F,CC1CN(CCN1)C2=C(C=C3C(=C2OC)N(C=C(C3=O)C(=O)O)C4CC4)F,0,unreported_twosides_sampled,0.699105978012085,0.6355735869306558,0.6355735869306558,fitted,platt_logistic_regression,0.5092713250521524,1,0.6559225497845818,0.13266162888329136,0.3240973971452561,no_interaction|interaction,2,True,0.6326530612244898,0.7230769230769231,0.6326530612244898,False,False,False
CC1CC2C3CCC4=CC(=O)C=CC4(C3(C(CC2(C1(C(=O)CO)O)C)O)F)C,CN1CCC23C=CC(CC2OC4=C(C=CC(=C34)C1)OC)O,0,unreported_twosides_sampled,0.9984941482543945,0.9922266671748633,0.9922266671748633,fitted,platt_logistic_regression,0.5092713250521524,1,0.0454985568334241,0.0008396305625524769,0.943744752308984,interaction,1,False,0.8596491228070176,0.375,0.375,False,False,True
CCC(C)C(=O)OC1CC(C=C2C1C(C(C=C2)C)CCC3CC(CC(=O)O3)O)C,CN1CCC(=C2C3=C(C(=O)CC4=CC=CC=C42)SC=C3)CC1,0,unreported_twosides_sampled,0.9996709823608398,0.9975398431726434,0.9975398431726434,fitted,platt_logistic_regression,0.5092713250521524,1,0.01723659454501424,0.0008396305625524769,0.982367758186398,interaction,1,False,0.7424242424242424,0.3018867924528302,0.3018867924528302,False,False,True
C1CC(OC1CO)N2C=NC3=C2NC=NC3=O,CC1CN(CCN1)C2=C(C=C3C(=C2OC)N(C=C(C3=O)C(=O)O)C4CC4)F,0,unreported_twosides_sampled,0.979532778263092,0.945488394698409,0.945488394698409,fitted,platt_logistic_regression,0.5092713250521524,1,0.21159097411838518,0.005877413937867338,0.783375314861461,interaction,1,False,0.3492063492063492,0.7230769230769231,0.3492063492063492,False,False,True
CC12CCC3C(C1CCC2C(=O)NC4=C(C=CC(=C4)C(F)(F)F)C(F)(F)F)CCC5C3(C=CC(=O)N5)C,CC1=NN=C(S1)SCC2=C(N3C(C(C3=O)NC(=O)CN4C=NN=N4)SC2)C(=O)[O-],0,unreported_twosides_sampled,0.38771966099739075,0.39391867442791695,0.39391867442791695,fitted,platt_logistic_regression,0.5092713250521524,0,0.6704687222867665,0.29974811083123426,0.1486146095717884,no_interaction|interaction,2,True,0.6417910447761194,0.4574468085106383,0.4574468085106383,False,False,False
CCOC1=C(C=CC(=C1)CC(=O)NC(CC(C)C)C2=CC=CC=C2N3CCCCC3)C(=O)O,CN1CCC23C=CC(CC2OC4=C(C=CC(=C34)C1)OC)O,0,unreported_twosides_sampled,0.9994644522666931,0.9964419848148619,0.9964419848148619,fitted,platt_logistic_regression,0.5092713250521524,1,0.023613733067807587,0.0008396305625524769,0.9714525608732157,interaction,1,False,0.2804878048780488,0.375,0.2804878048780488,False,False,True
CC1=NN=C(S1)SCC2=C(N3C(C(C3=O)NC(=O)CN4C=NN=N4)SC2)C(=O)[O-],C[N+](C)(C)CC(CC(=O)O)O,0,unreported_twosides_sampled,0.002433019457384944,0.009451241138171421,0.009451241138171421,fitted,platt_logistic_regression,0.5092713250521524,0,0.05346442950666788,0.9353484466834593,0.0008396305625524769,no_interaction,1,False,0.4574468085106383,0.36666666666666664,0.36666666666666664,False,False,True
C1C(C(C(C(C1N)OC2C(C(C(C(O2)CN)O)O)O)O)OC3C(C(C(C(O3)CO)O)N)O)N,CCCCC(=O)N(CC1=CC=C(C=C1)C2=CC=CC=C2C3=NNN=N3)C(C(C)C)C(=O)O,0,unreported_twosides_sampled,0.8079521059989929,0.732436351862526,0.732436351862526,fitted,platt_logistic_regression,0.5092713250521524,1,0.5808205030026189,0.08312342569269521,0.42401343408900083,interaction,1,False,0.7727272727272727,0.4533333333333333,0.4533333333333333,False,False,False
C1=CC(=C2NC(=C3C=CC=CC3=O)N(N2)C4=CC=C(C=C4)C(=O)O)C(=O)C=C1,CC1=NN=C2N1C3=C(C=C(C=C3)Cl)C(=NC2)C4=CC=CC=C4,1,reported_twosides,0.27052605152130127,0.3021376195934389,0.3021376195934389,fitted,platt_logistic_regression,0.5092713250521524,0,0.612664637693897,0.3811922753988245,0.10327455919395466,no_interaction|interaction,2,True,0.22033898305084745,0.7659574468085106,0.22033898305084745,False,False,True
CC(C)(C(=O)O)ON=C(C1=CSC(=N1)N)C(=O)NC2C3N(C2=O)C(=C(CS3)C[N+]4=CC=CC=C4)C(=O)[O-],CNC(=C[N+](=O)[O-])NCCSCC1=CC=C(O1)CN(C)C,1,reported_twosides,0.29064270853996277,0.3183331155220491,0.3183331155220491,fitted,platt_logistic_regression,0.5092713250521524,0,0.6256066167347494,0.3677581863979849,0.11083123425692695,no_interaction|interaction,2,True,0.6428571428571429,0.603448275862069,0.603448275862069,False,False,False
CC(C)(C(=O)O)ON=C(C1=CSC(=N1)N)C(=O)NC2C3N(C2=O)C(=C(CS3)C[N+]4=CC=CC=C4)C(=O)[O-],CC1=C(C(=O)C2=CC=CC=C2C1=O)CC=C(C)CCCC(C)CCCC(C)CCCC(C)C,1,reported_twosides,0.1435796022415161,0.19154968490310353,0.19154968490310353,fitted,platt_logistic_regression,0.5092713250521524,0,0.48846223748607864,0.5298068849706129,0.047019311502938706,no_interaction,1,False,0.6428571428571429,0.22058823529411764,0.22058823529411764,False,False,True
C1CC(C1)CN2CCC34C5C(CCC3(C2CC6=C4C(=C(C=C6)O)O5)O)O,CCC(C)C(=O)OC1CC(C=C2C1C(C(C=C2)C)CCC3CC(CC(=O)O3)O)C,0,unreported_twosides_sampled,0.6120681166648865,0.5652078034408147,0.5652078034408147,fitted,platt_logistic_regression,0.5092713250521524,1,0.6846187931270324,0.16792611251049538,0.25692695214105793,no_interaction|interaction,2,True,0.6451612903225806,0.7424242424242424,0.6451612903225806,False,False,False
C1C(N(C2=C(N1)NC(=NC2=O)N)C=O)CNC3=CC=C(C=C3)C(=O)NC(CCC(=O)O)C(=O)O,CCOC1=C(C=CC(=C1)CC(=O)NC(CC(C)C)C2=CC=CC=C2N3CCCCC3)C(=O)O,0,unreported_twosides_sampled,0.9091276526451111,0.8408802349854991,0.8408802349854991,fitted,platt_logistic_regression,0.5092713250521524,1,0.43820736225173373,0.03442485306465155,0.5793450881612091,interaction,1,False,0.5256410256410257,0.2804878048780488,0.2804878048780488,False,False,True
C1=CC(=CC=C1N)S(=O)(=O)C2=CC=C(C=C2)N,C1CN=C(N1)NC2=C(C=CC=C2Cl)Cl,1,reported_twosides,0.6119702458381653,0.5651308906320067,0.5651308906320067,fitted,platt_logistic_regression,0.5092713250521524,1,0.6846389572630747,0.16792611251049538,0.25692695214105793,no_interaction|interaction,2,True,0.43333333333333335,0.5853658536585366,0.43333333333333335,False,False,False
CC12CCC3C(C1CCC2(C)O)CCC4C3(COC(=O)C4)C,CC1=NN=C2N1C3=C(C=C(C=C3)Cl)C(=NC2)C4=CC=CC=C4,0,unreported_twosides_sampled,0.8373931646347046,0.7614331480445478,0.7614331480445478,fitted,platt_logistic_regression,0.5092713250521524,1,0.5494223297622679,0.06633081444164568,0.4643157010915197,interaction,1,False,0.31343283582089554,0.7659574468085106,0.31343283582089554,False,False,True
CC12CCC3C(C1CCC2(C)O)CCC4C3(COC(=O)C4)C,CCN(C)C(=O)OC1=CC=CC(=C1)C(C)N(C)C,0,unreported_twosides_sampled,0.9854641556739807,0.9576175834767299,0.9576175834767299,fitted,platt_logistic_regression,0.5092713250521524,1,0.17544305625965964,0.0041981528127623844,0.8094038623005877,interaction,1,False,0.31343283582089554,0.32653061224489793,0.31343283582089554,False,False,True
C1CC(OC1CO)N2C=NC3=C2NC=NC3=O,CC1=C(SC=C1)C(=CCCN2CCCC(C2)C(=O)O)C3=C(C=CS3)C,0,unreported_twosides_sampled,0.7427186965942383,0.6728388201313167,0.6728388201313167,fitted,platt_logistic_regression,0.5092713250521524,1,0.6321499744659022,0.11167086481947942,0.35684298908480266,no_interaction|interaction,2,True,0.3492063492063492,0.26865671641791045,0.26865671641791045,False,False,True
CC(C)C(CCCN(C)CCC1=CC(=C(C=C1)OC)OC)(C#N)C2=CC(=C(C=C2)OC)OC,CC1=C(C(=O)C2=CC=CC=C2C1=O)CC=C(C)CCCC(C)CCCC(C)CCCC(C)C,1,reported_twosides,0.026632113382220268,0.05644237038527504,0.05644237038527504,fitted,platt_logistic_regression,0.5092713250521524,0,0.2170642337028701,0.7791771620486986,0.005877413937867338,no_interaction,1,False,0.23529411764705882,0.22058823529411764,0.22058823529411764,False,False,True
CC1CC2C3CCC4=CC(=O)C=CC4(C3(C(CC2(C1(C(=O)CO)O)C)O)F)C,CC1CN(CCN1)C2=C(C=C3C(=C2OC)N(C=C(C3=O)C(=O)O)C4CC4)F,1,reported_twosides,0.7688048481941223,0.696025187626162,0.696025187626162,fitted,platt_logistic_regression,0.5092713250521524,1,0.6141946291988158,0.10411418975650713,0.3795130142737196,no_interaction|interaction,2,True,0.8596491228070176,0.7230769230769231,0.7230769230769231,False,False,False
CC(C)(C)NCC(C1=CC(=C(C=C1)O)CO)O,CC1=C(SC=C1)C(=CCCN2CCCC(C2)C(=O)O)C3=C(C=CS3)C,1,reported_twosides,0.053810033947229385,0.09441542413613238,0.09441542413613238,fitted,platt_logistic_regression,0.5092713250521524,0,0.3126361912648612,0.6943744752308985,0.01343408900083963,no_interaction,1,False,0.5227272727272727,0.26865671641791045,0.26865671641791045,False,False,True
CC(C)C(CCCN(C)CCC1=CC(=C(C=C1)OC)OC)(C#N)C2=CC(=C(C=C2)OC)OC,CCCCC(=O)N(CC1=CC=C(C=C1)C2=CC=CC=C2C3=NNN=N3)C(C(C)C)C(=O)O,1,reported_twosides,0.7071084976196289,0.6422891422445272,0.6422891422445272,fitted,platt_logistic_regression,0.5092713250521524,1,0.6520897219188329,0.12762384550797648,0.327455919395466,no_interaction|interaction,2,True,0.23529411764705882,0.4533333333333333,0.23529411764705882,False,False,True
CC(C)C(CCCN(C)CCC1=CC(=C(C=C1)OC)OC)(C#N)C2=CC(=C(C=C2)OC)OC,CN1CCC(=C2C3=C(C(=O)CC4=CC=CC=C42)SC=C3)CC1,1,reported_twosides,0.9467753767967224,0.8910766636694473,0.8910766636694473,fitted,platt_logistic_regression,0.5092713250521524,1,0.34425837457345304,0.020990764063811923,0.6742233417296389,interaction,1,False,0.23529411764705882,0.3018867924528302,0.23529411764705882,False,False,True
C1=CC(=CC=C1N)S(=O)(=O)C2=CC=C(C=C2)N,CC(C)C(CCCN(C)CCC1=CC(=C(C=C1)OC)OC)(C#N)C2=CC(=C(C=C2)OC)OC,0,unreported_twosides_sampled,0.03916007652878761,0.07489260771680085,0.07489260771680085,fitted,platt_logistic_regression,0.5092713250521524,0,0.2661145778729249,0.7355163727959698,0.009235936188077247,no_interaction,1,False,0.43333333333333335,0.23529411764705882,0.23529411764705882,False,False,True
CC1=C(SC=C1)C(=CCCN2CCCC(C2)C(=O)O)C3=C(C=CS3)C,CC1=NN=C2N1C3=C(C=C(C=C3)Cl)C(=NC2)C4=CC=CC=C4,1,reported_twosides,0.03141353651881218,0.06372577878853314,0.06372577878853314,fitted,platt_logistic_regression,0.5092713250521524,0,0.2370983850520946,0.7573467674223342,0.006717044500419815,no_interaction,1,False,0.26865671641791045,0.7659574468085106,0.26865671641791045,False,False,True
C1=CC(=CC=C1N)S(=O)(=O)C2=CC=C(C=C2)N,CC1CC2C3CCC4=CC(=O)C=CC4(C3(C(CC2(C1(C(=O)CO)O)C)O)F)C,1,reported_twosides,0.2226279377937317,0.2624267731789029,0.2624267731789029,fitted,platt_logistic_regression,0.5092713250521524,0,0.5755799716361174,0.42989084802686817,0.07976490344248531,no_interaction,1,False,0.43333333333333335,0.8596491228070176,0.43333333333333335,False,False,False
CCCC1(CC(=O)C(=C(O1)O)C(CC)C2=CC(=CC=C2)NS(=O)(=O)C3=NC=C(C=C3)C(F)(F)F)CCC4=CC=CC=C4,CCOC1=C(C=CC(=C1)CC(=O)NC(CC(C)C)C2=CC=CC=C2N3CCCCC3)C(=O)O,0,unreported_twosides_sampled,0.31916385889053345,0.34091871562128445,0.34091871562128445,fitted,platt_logistic_regression,0.5092713250521524,0,0.6416429768038177,0.3434089000839631,0.1200671704450042,no_interaction|interaction,2,True,0.2247191011235955,0.2804878048780488,0.2247191011235955,False,False,True
CC1CC2C3CCC4=CC(=O)C=CC4(C3(C(CC2(C1(C(=O)CO)O)C)O)F)C,CCN(C)C(=O)OC1=CC=CC(=C1)C(C)N(C)C,0,unreported_twosides_sampled,0.3219282627105713,0.34308755711080546,0.34308755711080546,fitted,platt_logistic_regression,0.5092713250521524,0,0.6430622265078134,0.3417296389588581,0.12090680100755667,no_interaction|interaction,2,True,0.8596491228070176,0.32653061224489793,0.32653061224489793,False,False,True
C1CC(OC1CO)N2C=NC3=C2NC=NC3=O,CCCC1(CC(=O)C(=C(O1)O)C(CC)C2=CC(=CC=C2)NS(=O)(=O)C3=NC=C(C=C3)C(F)(F)F)CCC4=CC=CC=C4,1,reported_twosides,0.5834227204322815,0.5428533072176243,0.5428533072176243,fitted,platt_logistic_regression,0.5092713250521524,1,0.689469858901155,0.17968094038623006,0.2367758186397985,no_interaction|interaction,2,True,0.3492063492063492,0.2247191011235955,0.2247191011235955,False,False,True
CC12CCC3C(C1CCC2C(=O)NC4=C(C=CC(=C4)C(F)(F)F)C(F)(F)F)CCC5C3(C=CC(=O)N5)C,CC1C2C(C(=O)N2C(=C1SC3CC(NC3)C(=O)NC4=CC=CC(=C4)C(=O)O)C(=O)O)C(C)O,1,reported_twosides,0.7897638082504272,0.7152503465447249,0.7152503465447249,fitted,platt_logistic_regression,0.5092713250521524,1,0.5973834236812503,0.0948782535684299,0.40218303946263645,interaction,1,False,0.6417910447761194,0.23529411764705882,0.23529411764705882,False,False,True
CC(C)C(CCCN(C)CCC1=CC(=C(C=C1)OC)OC)(C#N)C2=CC(=C(C=C2)OC)OC,CNC(=C[N+](=O)[O-])NCCSCC1=CC=C(O1)CN(C)C,1,reported_twosides,0.782835841178894,0.7088310491279365,0.7088310491279365,fitted,platt_logistic_regression,0.5092713250521524,1,0.6031950269582675,0.09655751469353484,0.39378673383711166,interaction,1,False,0.23529411764705882,0.603448275862069,0.23529411764705882,False,False,True
C1C(N(C2=C(N1)NC(=NC2=O)N)C=O)CNC3=CC=C(C=C3)C(=O)NC(CCC(=O)O)C(=O)O,CC1=C(C(C(=C(N1)C)C(=O)OCC(C)C)C2=CC=CC=C2[N+](=O)[O-])C(=O)OC,0,unreported_twosides_sampled,0.9191263318061829,0.8534110534042485,0.8534110534042485,fitted,platt_logistic_regression,0.5092713250521524,1,0.4167463541596404,0.02938706968933669,0.6028547439126785,interaction,1,False,0.5256410256410257,0.8043478260869565,0.5256410256410257,False,False,False
CC(C)(C(=O)O)ON=C(C1=CSC(=N1)N)C(=O)NC2C3N(C2=O)C(=C(CS3)C[N+]4=CC=CC=C4)C(=O)[O-],CN1C=NC(=C1SC2=NC=NC3=C2NC=N3)[N+](=O)[O-],0,unreported_twosides_sampled,0.9330620765686035,0.8717631526638028,0.8717631526638028,fitted,platt_logistic_regression,0.5092713250521524,1,0.38302122938666433,0.02434928631402183,0.6364399664147775,interaction,1,False,0.6428571428571429,0.25925925925925924,0.25925925925925924,False,False,True
CCC(C)C(=O)OC1CC(C=C2C1C(C(C=C2)C)CCC3CC(CC(=O)O3)O)C,CN(C)NN=C1C(=NC=N1)C(=O)N,0,unreported_twosides_sampled,0.9993777275085449,0.9960139403310911,0.9960139403310911,fitted,platt_logistic_regression,0.5092713250521524,1,0.026000893445812412,0.0008396305625524769,0.9697732997481109,interaction,1,False,0.7424242424242424,0.24390243902439024,0.24390243902439024,False,False,True
CCCCC(=O)N(CC1=CC=C(C=C1)C2=CC=CC=C2C3=NNN=N3)C(C(C)C)C(=O)O,CCOC(=O)N1CCC(=C2C3=C(CCC4=C2N=CC=C4)C=C(C=C3)Cl)CC1,1,reported_twosides,0.33172768354415894,0.35075028349322174,0.35075028349322174,fitted,platt_logistic_regression,0.5092713250521524,0,0.6479098571431612,0.3350125944584383,0.12510495382031905,no_interaction|interaction,2,True,0.4533333333333333,0.5892857142857143,0.4533333333333333,False,False,False
C(CCl)NC(=O)N(CCCl)N=O,CC12CCC3C(C1CCC2(C#C)O)CCC4=CC(=O)CCC34,0,unreported_twosides_sampled,0.002476443536579609,0.00957814172484417,0.00957814172484417,fitted,platt_logistic_regression,0.5092713250521524,0,0.05405392909799123,0.9353484466834593,0.0008396305625524769,no_interaction,1,False,0.2391304347826087,0.7169811320754716,0.2391304347826087,False,False,True
C1C(OC(S1)CO)N2C=C(C(=NC2=O)N)F,CC1CC2C3CCC4=CC(=O)C=CC4(C3(C(CC2(C1(C(=O)CO)O)C)O)F)C,0,unreported_twosides_sampled,0.19092869758605957,0.23498499644081414,0.23498499644081414,fitted,platt_logistic_regression,0.5092713250521524,0,0.5452299610992035,0.4693534844668346,0.06465155331654072,no_interaction,1,False,0.6326530612244898,0.8596491228070176,0.6326530612244898,False,False,False
CCCCC(=O)N(CC1=CC=C(C=C1)C2=CC=CC=C2C3=NNN=N3)C(C(C)C)C(=O)O,C[N+](C)(C)CC(CC(=O)O)O,0,unreported_twosides_sampled,0.012337367050349712,0.03192905426513504,0.03192905426513504,fitted,platt_logistic_regression,0.5092713250521524,0,0.14138509909325708,0.8429890848026869,0.0025188916876574307,no_interaction,1,False,0.4533333333333333,0.36666666666666664,0.36666666666666664,False,False,True
CC1C2C(C(=O)N2C(=C1SC3CC(NC3)C(=O)NC4=CC=CC(=C4)C(=O)O)C(=O)O)C(C)O,CC1CN(CCN1)C2=C(C=C3C(=C2OC)N(C=C(C3=O)C(=O)O)C4CC4)F,0,unreported_twosides_sampled,0.9953317046165466,0.9817957479082939,0.9817957479082939,fitted,platt_logistic_regression,0.5092713250521524,1,0.09096559575082443,0.0008396305625524769,0.8984047019311503,interaction,1,False,0.23529411764705882,0.7230769230769231,0.23529411764705882,False,False,True
C1CC(C1)CN2CCC34C5C(CCC3(C2CC6=C4C(=C(C=C6)O)O5)O)O,CC(C)C(C(=O)OCC(CO)OCN1C=NC2=C1NC(=NC2=O)N)N,0,unreported_twosides_sampled,0.19274242222309113,0.236585652174015,0.236585652174015,fitted,platt_logistic_regression,0.5092713250521524,0,0.5471122181594722,0.46683459277917716,0.06465155331654072,no_interaction,1,False,0.6451612903225806,0.7307692307692307,0.6451612903225806,False,False,False
CC12CCC3C(C1CCC2(C#C)O)CCC4=CC(=O)CCC34,CCOC1=C(C=CC(=C1)CC(=O)NC(CC(C)C)C2=CC=CC=C2N3CCCCC3)C(=O)O,0,unreported_twosides_sampled,0.20249484479427338,0.24512535804277516,0.24512535804277516,fitted,platt_logistic_regression,0.5092713250521524,0,0.5569161596478149,0.4534005037783375,0.07220822837951302,no_interaction,1,False,0.7169811320754716,0.2804878048780488,0.2804878048780488,False,False,True
CC(C)(C(=O)O)ON=C(C1=CSC(=N1)N)C(=O)NC2C3N(C2=O)C(=C(CS3)C[N+]4=CC=CC=C4)C(=O)[O-],CC(C)(C)NCC(C1=CC(=C(C=C1)O)CO)O,1,reported_twosides,0.09975653141736984,0.14749627436206342,0.14749627436206342,fitted,platt_logistic_regression,0.5092713250521524,0,0.41834142613808656,0.6020151133501259,0.031066330814441646,no_interaction,1,False,0.6428571428571429,0.5227272727272727,0.5227272727272727,False,False,False
CC(C)C(C(=O)OCC(CO)OCN1C=NC2=C1NC(=NC2=O)N)N,CC1=C(C(=O)C2=CC=CC=C2C1=O)CC=C(C)CCCC(C)CCCC(C)CCCC(C)C,0,unreported_twosides_sampled,0.45614972710609436,0.4458480888232262,0.4458480888232262,fitted,platt_logistic_regression,0.5092713250521524,0,0.6872708019327131,0.2434928631402183,0.17380352644836272,no_interaction|interaction,2,True,0.7307692307692307,0.22058823529411764,0.22058823529411764,False,False,True
C1CC(C1)(C(=O)O)C(=O)O.N.N.[Pt],CC1=C(C(=O)C2=CC=CC=C2C1=O)CC=C(C)CCCC(C)CCCC(C)CCCC(C)C,0,unreported_twosides_sampled,0.008938638493418694,0.025109321434974036,0.025109321434974036,fitted,platt_logistic_regression,0.5092713250521524,0,0.117307110148887,0.8723761544920235,0.0016792611251049538,no_interaction,1,False,0.26666666666666666,0.22058823529411764,0.22058823529411764,False,False,True
CC12CCC3C(C1CCC2C(=O)NC4=C(C=CC(=C4)C(F)(F)F)C(F)(F)F)CCC5C3(C=CC(=O)N5)C,CCCN1CC(CC2C1CC3=CNC4=CC=CC2=C34)CSC,0,unreported_twosides_sampled,0.005739790387451649,0.0180236987546378,0.0180236987546378,fitted,platt_logistic_regression,0.5092713250521524,0,0.09024468317880636,0.8992443324937027,0.0008396305625524769,no_interaction,1,False,0.6417910447761194,0.42168674698795183,0.42168674698795183,False,False,False
C1C(N(C2=C(N1)NC(=NC2=O)N)C=O)CNC3=CC=C(C=C3)C(=O)NC(CCC(=O)O)C(=O)O,CCOC(=O)C(CCC1=CC=CC=C1)NC(C)C(=O)N2C3CCCCC3CC2C(=O)O,0,unreported_twosides_sampled,0.993811309337616,0.9775222255558943,0.9775222255558943,fitted,platt_logistic_regression,0.5092713250521524,1,0.10753151969286998,0.0008396305625524769,0.8799328295549959,interaction,1,False,0.5256410256410257,0.9636363636363636,0.5256410256410257,False,False,False
CC12CCC3C(C1CCC2C(=O)NC4=C(C=CC(=C4)C(F)(F)F)C(F)(F)F)CCC5C3(C=CC(=O)N5)C,CCCCC(=O)N(CC1=CC=C(C=C1)C2=CC=CC=C2C3=NNN=N3)C(C(C)C)C(=O)O,1,reported_twosides,0.8755818009376526,0.80181435950784,0.80181435950784,fitted,platt_logistic_regression,0.5092713250521524,1,0.4978768765485166,0.051217464315701094,0.5180520570948782,interaction,1,False,0.6417910447761194,0.4533333333333333,0.4533333333333333,False,False,False
CC1=C(SC=C1)C(=CCCN2CCCC(C2)C(=O)O)C3=C(C=CS3)C,CCOC(=O)N1CCC(=C2C3=C(CCC4=C2N=CC=C4)C=C(C=C3)Cl)CC1,1,reported_twosides,0.01283657643944025,0.03288546672336417,0.03288546672336417,fitted,platt_logistic_regression,0.5092713250521524,0,0.1446335205718069,0.8396305625524769,0.0025188916876574307,no_interaction,1,False,0.26865671641791045,0.5892857142857143,0.26865671641791045,False,False,True
CC1(C(N2C(S1)C(C2=O)NC(=O)C(C3=CC=CC=C3)N)C(=O)[O-])C,CC1=NN=C2N1C3=C(C=C(C=C3)Cl)C(=NC2)C4=CC=CC=C4,1,reported_twosides,0.03569765016436577,0.06998772357633586,0.06998772357633586,fitted,platt_logistic_regression,0.5092713250521524,0,0.25360719046982183,0.7489504617968094,0.008396305625524769,no_interaction,1,False,0.6119402985074627,0.7659574468085106,0.6119402985074627,False,False,False
CN(C)NN=C1C(=NC=N1)C(=O)N,CN1C=NC(=C1SC2=NC=NC3=C2NC=N3)[N+](=O)[O-],0,unreported_twosides_sampled,0.9978330731391907,0.9897725109107002,0.9897725109107002,fitted,platt_logistic_regression,0.5092713250521524,1,0.057044279682714576,0.0008396305625524769,0.9311502938706969,interaction,1,False,0.24390243902439024,0.25925925925925924,0.24390243902439024,False,False,True
CC(C)(C)NCC(C1=CC(=C(C=C1)O)CO)O,CC12CCC3C(C1CCC2(C)O)CCC4C3(COC(=O)C4)C,0,unreported_twosides_sampled,0.8127251267433167,0.7370324741192078,0.7370324741192078,fitted,platt_logistic_regression,0.5092713250521524,1,0.5761380268234365,0.07976490344248531,0.4290512174643157,interaction,1,False,0.5227272727272727,0.31343283582089554,0.31343283582089554,False,False,True
CC12CCC3C(C1CCC2(C)O)CCC4C3(COC(=O)C4)C,CCCCC(=O)N(CC1=CC=C(C=C1)C2=CC=CC=C2C3=NNN=N3)C(C(C)C)C(=O)O,0,unreported_twosides_sampled,0.9622835516929626,0.914951541232551,0.914951541232551,fitted,platt_logistic_regression,0.5092713250521524,1,0.2909295386109504,0.0109151973131822,0.7145256087321579,interaction,1,False,0.31343283582089554,0.4533333333333333,0.31343283582089554,False,False,True
CC1CN(CCN1)C2=C(C=C3C(=C2OC)N(C=C(C3=O)C(=O)O)C4CC4)F,CN1CC(=O)N2C(C1=O)CC3=C(C2C4=CC5=C(C=C4)OCO5)NC6=CC=CC=C36,0,unreported_twosides_sampled,0.9881213903427124,0.9634925665067271,0.9634925665067271,fitted,platt_logistic_regression,0.5092713250521524,1,0.1566811203952374,0.0033585222502099076,0.8270361041141897,interaction,1,False,0.7230769230769231,0.24050632911392406,0.24050632911392406,False,False,True
CC1(C(N2C(S1)C(C2=O)NC(=O)C(C3=CC=CC=C3)N)C(=O)[O-])C,COC1=C(C=C(C=C1)C2=CC3=C(C=C2)C=C(C=C3)C(=O)O)C45CC6CC(C4)CC(C6)C5,0,unreported_twosides_sampled,0.1475396305322647,0.1953218007198,0.1953218007198,fitted,platt_logistic_regression,0.5092713250521524,0,0.493848264837367,0.5214105793450882,0.047019311502938706,no_interaction,1,False,0.6119402985074627,0.288135593220339,0.288135593220339,False,False,True
CC1=C(C(C(=C(N1)C)C(=O)OCC(C)C)C2=CC=CC=C2[N+](=O)[O-])C(=O)OC,CN1CC(=O)N2C(C1=O)CC3=C(C2C4=CC5=C(C=C4)OCO5)NC6=CC=CC=C36,0,unreported_twosides_sampled,0.9901177287101746,0.9681482530271834,0.9681482530271834,fitted,platt_logistic_regression,0.5092713250521524,1,0.14112124617328178,0.0025188916876574307,0.8438287153652393,interaction,1,False,0.8043478260869565,0.24050632911392406,0.24050632911392406,False,False,True
C1=CC(=CC=C1N)S(=O)(=O)C2=CC=C(C=C2)N,CC12CCC3C(C1CCC2C(=O)NC4=C(C=CC(=C4)C(F)(F)F)C(F)(F)F)CCC5C3(C=CC(=O)N5)C,1,reported_twosides,0.27226731181144714,0.30354930858090556,0.30354930858090556,fitted,platt_logistic_regression,0.5092713250521524,0,0.6138416964240216,0.3795130142737196,0.10411418975650713,no_interaction|interaction,2,True,0.43333333333333335,0.6417910447761194,0.43333333333333335,False,False,False
C1CC(C1)CN2CCC34C5C(CCC3(C2CC6=C4C(=C(C=C6)O)O5)O)O,CN1C=NC(=C1SC2=NC=NC3=C2NC=N3)[N+](=O)[O-],0,unreported_twosides_sampled,0.2896726429462433,0.31755758499733644,0.31755758499733644,fitted,platt_logistic_regression,0.5092713250521524,0,0.6250147082103803,0.3677581863979849,0.10831234256926953,no_interaction|interaction,2,True,0.6451612903225806,0.25925925925925924,0.25925925925925924,False,False,True
C1=CC(=CC=C1N)S(=O)(=O)C2=CC=C(C=C2)N,CCOC(=O)C(CCC1=CC=CC=C1)NC(C)C(=O)N2C3CCCCC3CC2C(=O)O,0,unreported_twosides_sampled,0.921288788318634,0.8561867295427601,0.8561867295427601,fitted,platt_logistic_regression,0.5092713250521524,1,0.41182574298412944,0.02938706968933669,0.6070528967254408,interaction,1,False,0.43333333333333335,0.9636363636363636,0.43333333333333335,False,False,False
C1CC(OC1CO)N2C=NC3=C2NC=NC3=O,CN(C)CCC1=CNC2=C1C=C(C=C2)CC3COC(=O)N3,0,unreported_twosides_sampled,0.5417152047157288,0.510763902283935,0.510763902283935,fitted,platt_logistic_regression,0.5092713250521524,1,0.6929154394733255,0.19563392107472713,0.21242653232577666,no_interaction|interaction,2,True,0.3492063492063492,0.543859649122807,0.3492063492063492,False,False,True
CC12CCC3C(C1CCC2(C#C)O)CCC4=CC(=O)CCC34,CC1CN(CCN1)C2=C(C=C3C(=C2OC)N(C=C(C3=O)C(=O)O)C4CC4)F,0,unreported_twosides_sampled,0.1720445156097412,0.2180658977017338,0.2180658977017338,fitted,platt_logistic_regression,0.5092713250521524,0,0.5244491105192416,0.491183879093199,0.05709487825356843,no_interaction,1,False,0.7169811320754716,0.7230769230769231,0.7169811320754716,False,False,False
CC12CCC3C(C1CCC2C(=O)NC4=C(C=CC(=C4)C(F)(F)F)C(F)(F)F)CCC5C3(C=CC(=O)N5)C,CC1CN(CCN1)C2=C(C=C3C(=C2OC)N(C=C(C3=O)C(=O)O)C4CC4)F,0,unreported_twosides_sampled,0.7080488801002502,0.6430816291058189,0.6430816291058189,fitted,platt_logistic_regression,0.5092713250521524,1,0.6516245013919038,0.12762384550797648,0.327455919395466,no_interaction|interaction,2,True,0.6417910447761194,0.7230769230769231,0.6417910447761194,False,False,False
CC1CN(CCN1)C2=C(C=C3C(=C2OC)N(C=C(C3=O)C(=O)O)C4CC4)F,CCCN1CC(CC2C1CC3=CNC4=CC=CC2=C34)CSC,0,unreported_twosides_sampled,0.11861549317836761,0.16703056401104222,0.16703056401104222,fitted,platt_logistic_regression,0.5092713250521524,0,0.45114640260922245,0.5684298908480269,0.037783375314861464,no_interaction,1,False,0.7230769230769231,0.42168674698795183,0.42168674698795183,False,False,False
CC(C)C(C(=O)OCC(CO)OCN1C=NC2=C1NC(=NC2=O)N)N,CNC(=C[N+](=O)[O-])NCCSCC1=CC=C(O1)CN(C)C,1,reported_twosides,0.032256461679935455,0.06497614301573926,0.06497614301573926,fitted,platt_logistic_regression,0.5092713250521524,0,0.24044549035149515,0.7556675062972292,0.007556675062972292,no_interaction,1,False,0.7307692307692307,0.603448275862069,0.603448275862069,False,False,False
CC1=NN=C2N1C3=C(C=C(C=C3)Cl)C(=NC2)C4=CC=CC=C4,CN1CCC(=C2C3=C(C(=O)CC4=CC=CC=C42)SC=C3)CC1,0,unreported_twosides_sampled,0.4770335257053375,0.46164123993606915,0.46164123993606915,fitted,platt_logistic_regression,0.5092713250521524,0,0.6902014981263394,0.2325776658270361,0.17968094038623006,no_interaction|interaction,2,True,0.7659574468085106,0.3018867924528302,0.3018867924528302,False,False,True
CC(C=CC(C)C(C)(C)O)C1CCC2C1(CCCC2=CC=C3CC(CC(C3)O)O)C,CC1CC2C3CCC4=CC(=O)C=CC4(C3(C(CC2(C1(C(=O)CO)O)C)O)F)C,0,unreported_twosides_sampled,0.7782096862792969,0.7045807825429793,0.7045807825429793,fitted,platt_logistic_regression,0.5092713250521524,1,0.606932907143455,0.09739714525608732,0.3887489504617968,interaction,1,False,0.5625,0.8596491228070176,0.5625,False,False,False
CCOC(=O)N1CCC(=C2C3=C(CCC4=C2N=CC=C4)C=C(C=C3)Cl)CC1,CN1CCC23C=CC(CC2OC4=C(C=CC(=C34)C1)OC)O,0,unreported_twosides_sampled,0.9942418336868286,0.9787011421027569,0.9787011421027569,fitted,platt_logistic_regression,0.5092713250521524,1,0.1030518823684756,0.0008396305625524769,0.8841309823677582,interaction,1,False,0.5892857142857143,0.375,0.375,False,False,True
C1=CC(=CC=C1N)S(=O)(=O)C2=CC=C(C=C2)N,CCCN1CC(CC2C1CC3=CNC4=CC=CC2=C34)CSC,0,unreported_twosides_sampled,0.057685937732458115,0.09930717581862768,0.09930717581862768,fitted,platt_logistic_regression,0.5092713250521524,0,0.32355801088246156,0.6842989084802686,0.01595298068849706,no_interaction,1,False,0.43333333333333335,0.42168674698795183,0.42168674698795183,False,False,False
CN1C(=C(NC2=CC=CC=N2)O)C(=O)C3=CC=CC=C3S1(=O)=O,CNC(=C[N+](=O)[O-])NCCSCC1=CC=C(O1)CN(C)C,1,reported_twosides,0.8211675882339478,0.7452570685755833,0.7452570685755833,fitted,platt_logistic_regression,0.5092713250521524,1,0.5674860497723708,0.07472712006717044,0.43828715365239296,interaction,1,False,0.62,0.603448275862069,0.603448275862069,False,False,False
CC12CCC3C(C1CCC2C(=O)NC4=C(C=CC(=C4)C(F)(F)F)C(F)(F)F)CCC5C3(C=CC(=O)N5)C,CC1=C(C(=O)C2=CC=CC=C2C1=O)CC=C(C)CCCC(C)CCCC(C)CCCC(C)C,0,unreported_twosides_sampled,0.4939122796058655,0.4744164219662998,0.4744164219662998,fitted,platt_logistic_regression,0.5092713250521524,0,0.6918375698366128,0.22334172963895885,0.18807724601175482,no_interaction|interaction,2,True,0.6417910447761194,0.22058823529411764,0.22058823529411764,False,False,True
CC(C)C(CCCN(C)CCC1=CC(=C(C=C1)OC)OC)(C#N)C2=CC(=C(C=C2)OC)OC,CC1(C(N2C(S1)C(C2=O)NC(=O)C(C3=CC=CC=C3)N)C(=O)[O-])C,0,unreported_twosides_sampled,0.02715843729674816,0.05726115519802042,0.05726115519802042,fitted,platt_logistic_regression,0.5092713250521524,0,0.21936402408155684,0.7774979009235936,0.005877413937867338,no_interaction,1,False,0.23529411764705882,0.6119402985074627,0.23529411764705882,False,False,True
C1C(N(C2=C(N1)NC(=NC2=O)N)C=O)CNC3=CC=C(C=C3)C(=O)NC(CCC(=O)O)C(=O)O,CN1C(=C(NC2=CC=CC=N2)O)C(=O)C3=CC=CC=C3S1(=O)=O,1,reported_twosides,0.9024791717529297,0.8328000783314211,0.8328000783314211,fitted,platt_logistic_regression,0.5092713250521524,1,0.45141842685611194,0.037783375314861464,0.5675902602854744,interaction,1,False,0.5256410256410257,0.62,0.5256410256410257,False,False,False
CC12CCC3C(C1CCC2(C)O)CCC4C3(COC(=O)C4)C,CNC(=C[N+](=O)[O-])NCCSCC1=CC=C(O1)CN(C)C,1,reported_twosides,0.9769842028617859,0.9405986475098876,0.9405986475098876,fitted,platt_logistic_regression,0.5092713250521524,1,0.22531713567777584,0.006717044500419815,0.7691015952980689,interaction,1,False,0.31343283582089554,0.603448275862069,0.31343283582089554,False,False,True
C1C(N(C2=C(N1)NC(=NC2=O)N)C=O)CNC3=CC=C(C=C3)C(=O)NC(CCC(=O)O)C(=O)O,CN(C)CCC1=CNC2=C1C=C(C=C2)CC3COC(=O)N3,0,unreported_twosides_sampled,0.8620654344558716,0.7871030780470227,0.7871030780470227,fitted,platt_logistic_regression,0.5092713250521524,1,0.5177696680669324,0.055415617128463476,0.49538203190596136,interaction,1,False,0.5256410256410257,0.543859649122807,0.5256410256410257,False,False,False
C1CC(C1)CN2CCC34C5C(CCC3(C2CC6=C4C(=C(C=C6)O)O5)O)O,CC1CC2C3CCC4=CC(=O)C=CC4(C3(C(CC2(C1(C(=O)CO)O)C)O)F)C,1,reported_twosides,0.049645695835351944,0.08904332750429805,0.08904332750429805,fitted,platt_logistic_regression,0.5092713250521524,0,0.300318826822106,0.7044500419815282,0.011754827875734676,no_interaction,1,False,0.6451612903225806,0.8596491228070176,0.6451612903225806,False,False,False
CCCCC(=O)N(CC1=CC=C(C=C1)C2=CC=CC=C2C3=NNN=N3)C(C(C)C)C(=O)O,CN1C=NC(=C1SC2=NC=NC3=C2NC=N3)[N+](=O)[O-],1,reported_twosides,0.9993672966957092,0.9959634799995352,0.9959634799995352,fitted,platt_logistic_regression,0.5092713250521524,1,0.02627916348745766,0.0008396305625524769,0.9680940386230059,interaction,1,False,0.4533333333333333,0.25925925925925924,0.25925925925925924,False,False,True
CC(C)C(CCCN(C)CCC1=CC(=C(C=C1)OC)OC)(C#N)C2=CC(=C(C=C2)OC)OC,CN1CC(=O)N2C(C1=O)CC3=C(C2C4=CC5=C(C=C4)OCO5)NC6=CC=CC=C36,1,reported_twosides,0.9590681791305542,0.909782964857084,0.909782964857084,fitted,platt_logistic_regression,0.5092713250521524,1,0.303039675821299,0.012594458438287154,0.7019311502938707,interaction,1,False,0.23529411764705882,0.24050632911392406,0.23529411764705882,False,False,True
CC1=C(C(C(=C(N1)C)C(=O)OCC(C)C)C2=CC=CC=C2[N+](=O)[O-])C(=O)OC,CCOC(=O)N1CCC(=C2C3=C(CCC4=C2N=CC=C4)C=C(C=C3)Cl)CC1,1,reported_twosides,0.5588644742965698,0.5239034604763153,0.5239034604763153,fitted,platt_logistic_regression,0.5092713250521524,1,0.6920039940228615,0.1889168765743073,0.22082283795130142,no_interaction|interaction,2,True,0.8043478260869565,0.5892857142857143,0.5892857142857143,False,False,False
CC12CCC3C(C1CCC2(C#C)O)CCC4=CC(=O)CCC34,CC1=NN=C(S1)SCC2=C(N3C(C(C3=O)NC(=O)CN4C=NN=N4)SC2)C(=O)[O-],0,unreported_twosides_sampled,0.11193674802780151,0.1602247344538882,0.1602247344538882,fitted,platt_logistic_regression,0.5092713250521524,0,0.44004235256095947,0.5776658270361041,0.03442485306465155,no_interaction,1,False,0.7169811320754716,0.4574468085106383,0.4574468085106383,False,False,False
CC(C=CC(C)C(C)(C)O)C1CCC2C1(CCCC2=CC=C3CC(CC(C3)O)O)C,CCOC(=O)C(CCC1=CC=CC=C1)NC(C)C(=O)N2C3CCCCC3CC2C(=O)O,0,unreported_twosides_sampled,0.9984014630317688,0.9918683626348168,0.9918683626348168,fitted,platt_logistic_regression,0.5092713250521524,1,0.04722786751951698,0.0008396305625524769,0.9403862300587741,interaction,1,False,0.5625,0.9636363636363636,0.5625,False,False,False
CC1CN(CCN1)C2=C(C=C3C(=C2OC)N(C=C(C3=O)C(=O)O)C4CC4)F,CCOC(=O)N1CCC(=C2C3=C(CCC4=C2N=CC=C4)C=C(C=C3)Cl)CC1,1,reported_twosides,0.8645246624946594,0.7897425128008608,0.7897425128008608,fitted,platt_logistic_regression,0.5092713250521524,1,0.5142976221931179,0.055415617128463476,0.4995801847187238,interaction,1,False,0.7230769230769231,0.5892857142857143,0.5892857142857143,False,False,False
CC1CN(CCN1)C2=C(C=C3C(=C2OC)N(C=C(C3=O)C(=O)O)C4CC4)F,CCOC(=O)C(CCC1=CC=CC=C1)NC(C)C(=O)N2C3CCCCC3CC2C(=O)O,0,unreported_twosides_sampled,0.9982116222381592,0.991150218129327,0.991150218129327,fitted,platt_logistic_regression,0.5092713250521524,1,0.05064663318235513,0.0008396305625524769,0.9378673383711167,interaction,1,False,0.7230769230769231,0.9636363636363636,0.7230769230769231,False,False,False
CCOC(=O)N1CCC(=C2C3=C(CCC4=C2N=CC=C4)C=C(C=C3)Cl)CC1,C[N+](C)(C)CC(CC(=O)O)O,1,reported_twosides,0.005882881116122007,0.01835958872859491,0.01835958872859491,fitted,platt_logistic_regression,0.5092713250521524,0,0.09158436286679979,0.8984047019311503,0.0008396305625524769,no_interaction,1,False,0.5892857142857143,0.36666666666666664,0.36666666666666664,False,False,True
CC12CCC3C(C1CCC2(C)O)CCC4C3(COC(=O)C4)C,CC1=C(C(C(=C(N1)C)C(=O)OCC(C)C)C2=CC=CC=C2[N+](=O)[O-])C(=O)OC,0,unreported_twosides_sampled,0.8152178525924683,0.7394479980561881,0.7394479980561881,fitted,platt_logistic_regression,0.5092713250521524,1,0.5736335023141976,0.07724601175482787,0.43157010915197314,interaction,1,False,0.31343283582089554,0.8043478260869565,0.31343283582089554,False,False,True
CC12CCC3C(C1CCC2C(=O)NC4=C(C=CC(=C4)C(F)(F)F)C(F)(F)F)CCC5C3(C=CC(=O)N5)C,CC12CCC3C(C1CCC2O)C(CC4=C3C=CC(=C4)O)CCCCCCCCCS(=O)CCCC(C(F)(F)F)(F)F,0,unreported_twosides_sampled,0.08712979406118393,0.13380673082374814,0.13380673082374814,fitted,platt_logistic_regression,0.5092713250521524,0,0.39355960496405074,0.6246851385390428,0.02518891687657431,no_interaction,1,False,0.6417910447761194,0.4492753623188406,0.4492753623188406,False,False,False
C1CC(OC1CO)N2C=NC3=C2NC=NC3=O,CC(C)C(C(=O)OCC(CO)OCN1C=NC2=C1NC(=NC2=O)N)N,1,reported_twosides,0.6085349917411804,0.5624337493375295,0.5624337493375295,fitted,platt_logistic_regression,0.5092713250521524,1,0.6853308481062816,0.1712846347607053,0.2518891687657431,no_interaction|interaction,2,True,0.3492063492063492,0.7307692307692307,0.3492063492063492,False,False,True
CCOC1=C(C=CC(=C1)CC(=O)NC(CC(C)C)C2=CC=CC=C2N3CCCCC3)C(=O)O,CN1C=NC(=C1SC2=NC=NC3=C2NC=N3)[N+](=O)[O-],0,unreported_twosides_sampled,0.9841336011886597,0.9547904568552004,0.9547904568552004,fitted,platt_logistic_regression,0.5092713250521524,1,0.18416079122190598,0.005037783375314861,0.8026868178001679,interaction,1,False,0.2804878048780488,0.25925925925925924,0.25925925925925924,False,False,True
CC1CN(CCN1)C2=C(C=C3C(=C2OC)N(C=C(C3=O)C(=O)O)C4CC4)F,CNC(=C[N+](=O)[O-])NCCSCC1=CC=C(O1)CN(C)C,1,reported_twosides,0.9707103371620178,0.9291872995451773,0.9291872995451773,fitted,platt_logistic_regression,0.5092713250521524,1,0.25573609575036493,0.008396305625524769,0.744752308984047,interaction,1,False,0.7230769230769231,0.603448275862069,0.603448275862069,False,False,False
C1C(N(C2=C(N1)NC(=NC2=O)N)C=O)CNC3=CC=C(C=C3)C(=O)NC(CCC(=O)O)C(=O)O,CC1=NN=C2N1C3=C(C=C(C=C3)Cl)C(=NC2)C4=CC=CC=C4,1,reported_twosides,0.692365288734436,0.6299550303156388,0.6299550303156388,fitted,platt_logistic_regression,0.5092713250521524,1,0.6589796099674823,0.1343408900083963,0.31821998320738876,no_interaction|interaction,2,True,0.5256410256410257,0.7659574468085106,0.5256410256410257,False,False,False
CCOC1=C(C=CC(=C1)CC(=O)NC(CC(C)C)C2=CC=CC=C2N3CCCCC3)C(=O)O,CN(C)CCC1=CNC2=C1C=C(C=C2)CC3COC(=O)N3,0,unreported_twosides_sampled,0.21113137900829315,0.2525986461751892,0.2525986461751892,fitted,platt_logistic_regression,0.5092713250521524,0,0.5651720826881048,0.44080604534005036,0.07388748950461797,no_interaction,1,False,0.2804878048780488,0.543859649122807,0.2804878048780488,False,False,True
CC(C=CC(C)C(C)(C)O)C1CCC2C1(CCCC2=CC=C3CC(CC(C3)O)O)C,CC1=NN=C(S1)SCC2=C(N3C(C(C3=O)NC(=O)CN4C=NN=N4)SC2)C(=O)[O-],1,reported_twosides,0.9050682783126831,0.8359243259263403,0.8359243259263403,fitted,platt_logistic_regression,0.5092713250521524,1,0.4463668984683007,0.03526448362720403,0.5734676742233418,interaction,1,False,0.5625,0.4574468085106383,0.4574468085106383,False,False,False
C1C(N(C2=C(N1)NC(=NC2=O)N)C=O)CNC3=CC=C(C=C3)C(=O)NC(CCC(=O)O)C(=O)O,C1CC(C1)(C(=O)O)C(=O)O.N.N.[Pt],1,reported_twosides,0.057377323508262634,0.0989212794957541,0.0989212794957541,fitted,platt_logistic_regression,0.5092713250521524,0,0.32270629675618023,0.6859781696053736,0.01595298068849706,no_interaction,1,False,0.5256410256410257,0.26666666666666666,0.26666666666666666,False,False,True
CC(C=CC(C)C(C)(C)O)C1CCC2C1(CCCC2=CC=C3CC(CC(C3)O)O)C,CC1=NN=C2N1C3=C(C=C(C=C3)Cl)C(=NC2)C4=CC=CC=C4,1,reported_twosides,0.1916162222623825,0.2355922278473888,0.2355922278473888,fitted,platt_logistic_regression,0.5092713250521524,0,0.5459456961632152,0.46851385390428213,0.06465155331654072,no_interaction,1,False,0.5625,0.7659574468085106,0.5625,False,False,False
C(CCl)NC(=O)N(CCCl)N=O,C1C(OC(S1)CO)N2C=C(C(=NC2=O)N)F,0,unreported_twosides_sampled,0.38326022028923035,0.39051117296419996,0.39051117296419996,fitted,platt_logistic_regression,0.5092713250521524,0,0.6689761916749399,0.30310663308144414,0.14357682619647355,no_interaction|interaction,2,True,0.2391304347826087,0.6326530612244898,0.2391304347826087,False,False,True
CCN(C)C(=O)OC1=CC=CC(=C1)C(C)N(C)C,CCOC(=O)N1CCC(=C2C3=C(CCC4=C2N=CC=C4)C=C(C=C3)Cl)CC1,1,reported_twosides,0.26711800694465637,0.2993688794360499,0.2993688794360499,fitted,platt_logistic_regression,0.5092713250521524,0,0.6103286062061812,0.3853904282115869,0.1015952980688497,no_interaction|interaction,2,True,0.32653061224489793,0.5892857142857143,0.32653061224489793,False,False,True
CC(C)(C)NCC(C1=CC(=C(C=C1)O)CO)O,CC1=NN=C2N1C3=C(C=C(C=C3)Cl)C(=NC2)C4=CC=CC=C4,1,reported_twosides,0.09516853094100952,0.14258477373675701,0.14258477373675701,fitted,platt_logistic_regression,0.5092713250521524,0,0.40962799525541566,0.6146095717884131,0.028547439126784216,no_interaction,1,False,0.5227272727272727,0.7659574468085106,0.5227272727272727,False,False,False
CCOC(=O)C(CCC1=CC=CC=C1)NC(C)C(=O)N2C3CCCCC3CC2C(=O)O,CN1CCC23C=CC(CC2OC4=C(C=CC(=C34)C1)OC)O,0,unreported_twosides_sampled,0.9999387264251709,0.9993123196911029,0.9993123196911029,fitted,platt_logistic_regression,0.5092713250521524,1,0.0056952600611236545,0.0008396305625524769,0.9958018471872376,interaction,1,False,0.9636363636363636,0.375,0.375,False,False,True
C1=CC(=CC=C1N)S(=O)(=O)C2=CC=C(C=C2)N,CC12CCC3C(C1CCC2O)C(CC4=C3C=CC(=C4)O)CCCCCCCCCS(=O)CCCC(C(F)(F)F)(F)F,0,unreported_twosides_sampled,0.08597484230995178,0.13252629710290298,0.13252629710290298,fitted,platt_logistic_regression,0.5092713250521524,0,0.39116103207108305,0.6280436607892528,0.02518891687657431,no_interaction,1,False,0.43333333333333335,0.4492753623188406,0.43333333333333335,False,False,False
CN1CC(=O)N2C(C1=O)CC3=C(C2C4=CC5=C(C=C4)OCO5)NC6=CC=CC=C36,CNC(=C[N+](=O)[O-])NCCSCC1=CC=C(O1)CN(C)C,1,reported_twosides,0.9989383816719055,0.9940299951923767,0.9940299951923767,fitted,platt_logistic_regression,0.5092713250521524,1,0.03652458843107584,0.0008396305625524769,0.9554995801847187,interaction,1,False,0.24050632911392406,0.603448275862069,0.24050632911392406,False,False,True
CC(C)(C(=O)O)ON=C(C1=CSC(=N1)N)C(=O)NC2C3N(C2=O)C(=C(CS3)C[N+]4=CC=CC=C4)C(=O)[O-],CN(C)NN=C1C(=NC=N1)C(=O)N,0,unreported_twosides_sampled,0.435634970664978,0.4303270539445926,0.4303270539445926,fitted,platt_logistic_regression,0.5092713250521524,0,0.6834068759134413,0.2586062132661629,0.16540722082283796,no_interaction|interaction,2,True,0.6428571428571429,0.24390243902439024,0.24390243902439024,False,False,True
CC(C=CC(C)C(C)(C)O)C1CCC2C1(CCCC2=CC=C3CC(CC(C3)O)O)C,CC12CCC3C(C1CCC2C(=O)NC4=C(C=CC(=C4)C(F)(F)F)C(F)(F)F)CCC5C3(C=CC(=O)N5)C,0,unreported_twosides_sampled,0.07494276762008667,0.12002528817764577,0.12002528817764577,fitted,platt_logistic_regression,0.5092713250521524,0,0.36697537317294743,0.6507136859781696,0.02434928631402183,no_interaction,1,False,0.5625,0.6417910447761194,0.5625,False,False,False
CC1(C(N2C(S1)C(C2=O)NC(=O)C(C3=CC=CC=C3)N)C(=O)[O-])C,CN1C(=C(NC2=CC=CC=N2)O)C(=O)C3=CC=CC=C3S1(=O)=O,0,unreported_twosides_sampled,0.0498378723859787,0.0892940596171421,0.0892940596171421,fitted,platt_logistic_regression,0.5092713250521524,0,0.30090148513230386,0.7036104114189756,0.011754827875734676,no_interaction,1,False,0.6119402985074627,0.62,0.6119402985074627,False,False,False
CCCC1(CC(=O)C(=C(O1)O)C(CC)C2=CC(=CC=C2)NS(=O)(=O)C3=NC=C(C=C3)C(F)(F)F)CCC4=CC=CC=C4,CN1CC(=O)N2C(C1=O)CC3=C(C2C4=CC5=C(C=C4)OCO5)NC6=CC=CC=C36,0,unreported_twosides_sampled,0.7788076400756836,0.7051285610615984,0.7051285610615984,fitted,platt_logistic_regression,0.5092713250521524,1,0.6064560528578594,0.09739714525608732,0.3887489504617968,interaction,1,False,0.2247191011235955,0.24050632911392406,0.2247191011235955,False,False,True
CC1=C(C(=O)C2=CC=CC=C2C1=O)CC=C(C)CCCC(C)CCCC(C)CCCC(C)C,CN(C)NN=C1C(=NC=N1)C(=O)N,0,unreported_twosides_sampled,0.5780170559883118,0.5386668513684525,0.5386668513684525,fitted,platt_logistic_regression,0.5092713250521524,1,0.6901539420842215,0.17968094038623006,0.2325776658270361,no_interaction|interaction,2,True,0.22058823529411764,0.24390243902439024,0.22058823529411764,False,False,True
C1CC(C1)CN2CCC34C5C(CCC3(C2CC6=C4C(=C(C=C6)O)O5)O)O,CCOC(=O)N1CCC(=C2C3=C(CCC4=C2N=CC=C4)C=C(C=C3)Cl)CC1,0,unreported_twosides_sampled,0.050532128661870956,0.09019751940376272,0.09019751940376272,fitted,platt_logistic_regression,0.5092713250521524,0,0.30299457286588094,0.7019311502938707,0.012594458438287154,no_interaction,1,False,0.6451612903225806,0.5892857142857143,0.5892857142857143,False,False,False
C1CC(C1)CN2CCC34C5C(CCC3(C2CC6=C4C(=C(C=C6)O)O5)O)O,CCOC1=C(C=CC(=C1)CC(=O)NC(CC(C)C)C2=CC=CC=C2N3CCCCC3)C(=O)O,0,unreported_twosides_sampled,0.24489042162895203,0.2811102643588877,0.2811102643588877,fitted,platt_logistic_regression,0.5092713250521524,0,0.593998864714168,0.40890008396305627,0.09151973131821999,no_interaction,1,False,0.6451612903225806,0.2804878048780488,0.2804878048780488,False,False,True
CCC(C)C(=O)OC1CC(C=C2C1C(C(C=C2)C)CCC3CC(CC(=O)O3)O)C,C[N+](C)(C)CC(CC(=O)O)O,0,unreported_twosides_sampled,0.09352484345436096,0.1408083043518849,0.1408083043518849,fitted,platt_logistic_regression,0.5092713250521524,0,0.40642808293054206,0.6162888329135181,0.028547439126784216,no_interaction,1,False,0.7424242424242424,0.36666666666666664,0.36666666666666664,False,False,True
CC(C)C(C(=O)OCC(CO)OCN1C=NC2=C1NC(=NC2=O)N)N,CN(C)NN=C1C(=NC=N1)C(=O)N,0,unreported_twosides_sampled,0.614543080329895,0.5671541060990081,0.5671541060990081,fitted,platt_logistic_regression,0.5092713250521524,1,0.6841005188469867,0.1670864819479429,0.2577665827036104,no_interaction|interaction,2,True,0.7307692307692307,0.24390243902439024,0.24390243902439024,False,False,True
CCN(C)C(=O)OC1=CC=CC(=C1)C(C)N(C)C,CCOC1=C(C=CC(=C1)CC(=O)NC(CC(C)C)C2=CC=CC=C2N3CCCCC3)C(=O)O,1,reported_twosides,0.45439204573631287,0.4445188584631687,0.4445188584631687,fitted,platt_logistic_regression,0.5092713250521524,0,0.6869781703925256,0.2434928631402183,0.17296389588581024,no_interaction|interaction,2,True,0.32653061224489793,0.2804878048780488,0.2804878048780488,False,False,True
C1=CC(=CC=C1N)S(=O)(=O)C2=CC=C(C=C2)N,CCOC(=O)N1CCC(=C2C3=C(CCC4=C2N=CC=C4)C=C(C=C3)Cl)CC1,1,reported_twosides,0.09185361117124557,0.13899259349958384,0.13899259349958384,fitted,platt_logistic_regression,0.5092713250521524,0,0.4031305270889902,0.617968094038623,0.028547439126784216,no_interaction,1,False,0.43333333333333335,0.5892857142857143,0.43333333333333335,False,False,False
CC12CCC3C(C1CCC2O)C(CC4=C3C=CC(=C4)O)CCCCCCCCCS(=O)CCCC(C(F)(F)F)(F)F,CC1CN(CCN1)C2=C(C=C3C(=C2OC)N(C=C(C3=O)C(=O)O)C4CC4)F,0,unreported_twosides_sampled,0.1377127468585968,0.18590606474241755,0.18590606474241755,fitted,platt_logistic_regression,0.5092713250521524,0,0.48023196208817154,0.5407220822837951,0.04450041981528128,no_interaction,1,False,0.4492753623188406,0.7230769230769231,0.4492753623188406,False,False,False
CC(=O)OCC(=O)C12C(CC3C1(CC(C4(C3CC(C5=CC(=O)C=CC54C)F)F)O)C)OC(O2)(C)C,CC(C)C(CCCN(C)CCC1=CC(=C(C=C1)OC)OC)(C#N)C2=CC(=C(C=C2)OC)OC,0,unreported_twosides_sampled,0.01124423649162054,0.029797629305638527,0.029797629305638527,fitted,platt_logistic_regression,0.5092713250521524,0,0.13403800246049327,0.8480268681780017,0.0025188916876574307,no_interaction,1,False,0.8059701492537313,0.23529411764705882,0.23529411764705882,False,False,True
CC12CCC3C(C1CCC2O)C(CC4=C3C=CC(=C4)O)CCCCCCCCCS(=O)CCCC(C(F)(F)F)(F)F,CC1CC2C3CCC4=CC(=O)C=CC4(C3(C(CC2(C1(C(=O)CO)O)C)O)F)C,1,reported_twosides,0.11220236867666245,0.1604976379115281,0.1604976379115281,fitted,platt_logistic_regression,0.5092713250521524,0,0.44049415603743164,0.5776658270361041,0.03442485306465155,no_interaction,1,False,0.4492753623188406,0.8596491228070176,0.4492753623188406,False,False,False
CC(C)(C(=O)O)ON=C(C1=CSC(=N1)N)C(=O)NC2C3N(C2=O)C(=C(CS3)C[N+]4=CC=CC=C4)C(=O)[O-],CCOC(=O)C(CCC1=CC=CC=C1)NC(C)C(=O)N2C3CCCCC3CC2C(=O)O,0,unreported_twosides_sampled,0.8741422295570374,0.8002229433729647,0.8002229433729647,fitted,platt_logistic_regression,0.5092713250521524,1,0.5000932030298749,0.052057094878253565,0.5163727959697733,interaction,1,False,0.6428571428571429,0.9636363636363636,0.6428571428571429,False,False,False
CC1=C(C(=O)C2=CC=CC=C2C1=O)CC=C(C)CCCC(C)CCCC(C)CCCC(C)C,CN1C=NC(=C1SC2=NC=NC3=C2NC=N3)[N+](=O)[O-],0,unreported_twosides_sampled,0.8671267032623291,0.7925527287496756,0.7925527287496756,fitted,platt_logistic_regression,0.5092713250521524,1,0.5105547969884234,0.055415617128463476,0.5020990764063812,interaction,1,False,0.22058823529411764,0.25925925925925924,0.22058823529411764,False,False,True
CC12CCC3C(C1CCC2C(=O)NC4=C(C=CC(=C4)C(F)(F)F)C(F)(F)F)CCC5C3(C=CC(=O)N5)C,CCOC(=O)N1CCC(=C2C3=C(CCC4=C2N=CC=C4)C=C(C=C3)Cl)CC1,1,reported_twosides,0.16645610332489014,0.21296332590543776,0.21296332590543776,fitted,platt_logistic_regression,0.5092713250521524,0,0.5178564814721256,0.49538203190596136,0.055415617128463476,no_interaction,1,False,0.6417910447761194,0.5892857142857143,0.5892857142857143,False,False,False
CC(C)C(CCCN(C)CCC1=CC(=C(C=C1)OC)OC)(C#N)C2=CC(=C(C=C2)OC)OC,CN(C)CCC1=CNC2=C1C=C(C=C2)CC3COC(=O)N3,1,reported_twosides,0.06713681668043137,0.11084981662650609,0.11084981662650609,fitted,platt_logistic_regression,0.5092713250521524,0,0.3482884033585597,0.672544080604534,0.020990764063811923,no_interaction,1,False,0.23529411764705882,0.543859649122807,0.23529411764705882,False,False,True
C1CN=C(N1)NC2=C(C=CC=C2Cl)Cl,CN1CCC23C=CC(CC2OC4=C(C=CC(=C34)C1)OC)O,1,reported_twosides,0.9997797608375549,0.9981851511371436,0.9981851511371436,fitted,platt_logistic_regression,0.5092713250521524,1,0.013268078938050633,0.0008396305625524769,0.9890848026868178,interaction,1,False,0.5853658536585366,0.375,0.375,False,False,True
CC1=C(C(=O)C2=CC=CC=C2C1=O)CC=C(C)CCCC(C)CCCC(C)CCCC(C)C,CCN(C)C(=O)OC1=CC=CC(=C1)C(C)N(C)C,0,unreported_twosides_sampled,0.5183939337730408,0.4929903397782167,0.4929903397782167,fitted,platt_logistic_regression,0.5092713250521524,0,0.6930489066678007,0.20822837951301426,0.19731318219983207,no_interaction|interaction,2,True,0.22058823529411764,0.32653061224489793,0.22058823529411764,False,False,True
CC12CCC3C(C1CCC2(C)O)CCC4C3(COC(=O)C4)C,CN1CC(=O)N2C(C1=O)CC3=C(C2C4=CC5=C(C=C4)OCO5)NC6=CC=CC=C36,1,reported_twosides,0.9848088622093201,0.956216535966737,0.956216535966737,fitted,platt_logistic_regression,0.5092713250521524,1,0.17978719124064296,0.0041981528127623844,0.8052057094878253,interaction,1,False,0.31343283582089554,0.24050632911392406,0.24050632911392406,False,False,True
C1C(N(C2=C(N1)NC(=NC2=O)N)C=O)CNC3=CC=C(C=C3)C(=O)NC(CCC(=O)O)C(=O)O,CNC(=C[N+](=O)[O-])NCCSCC1=CC=C(O1)CN(C)C,1,reported_twosides,0.8125840425491333,0.7368960747261813,0.7368960747261813,fitted,platt_logistic_regression,0.5092713250521524,1,0.5762785522387434,0.07976490344248531,0.4290512174643157,interaction,1,False,0.5256410256410257,0.603448275862069,0.5256410256410257,False,False,False
C1=CC(=C2NC(=C3C=CC=CC3=O)N(N2)C4=CC=C(C=C4)C(=O)O)C(=O)C=C1,CC(C)(C(=O)O)ON=C(C1=CSC(=N1)N)C(=O)NC2C3N(C2=O)C(=C(CS3)C[N+]4=CC=CC=C4)C(=O)[O-],1,reported_twosides,0.39878642559051514,0.40235790969074076,0.40235790969074076,fitted,platt_logistic_regression,0.5092713250521524,0,0.6739561418635687,0.29135180520570947,0.15197313182199831,no_interaction|interaction,2,True,0.22033898305084745,0.6428571428571429,0.22033898305084745,False,False,True
C1=CC(=C2NC(=C3C=CC=CC3=O)N(N2)C4=CC=C(C=C4)C(=O)O)C(=O)C=C1,CC12CCC3C(C1CCC2C(=O)NC4=C(C=CC(=C4)C(F)(F)F)C(F)(F)F)CCC5C3(C=CC(=O)N5)C,1,reported_twosides,0.3748927712440491,0.38410564750752224,0.38410564750752224,fitted,platt_logistic_regression,0.5092713250521524,0,0.6660383151380347,0.3064651553316541,0.13937867338371115,no_interaction|interaction,2,True,0.22033898305084745,0.6417910447761194,0.22033898305084745,False,False,True
C1C(OC(S1)CO)N2C=C(C(=NC2=O)N)F,CNC(=C[N+](=O)[O-])NCCSCC1=CC=C(O1)CN(C)C,1,reported_twosides,0.8653067350387573,0.7905852425760422,0.7905852425760422,fitted,platt_logistic_regression,0.5092713250521524,1,0.5131802348742452,0.055415617128463476,0.5004198152812762,interaction,1,False,0.6326530612244898,0.603448275862069,0.603448275862069,False,False,False
CC1CC2C3CCC4=CC(=O)C=CC4(C3(C(CC2(C1(C(=O)CO)O)C)O)F)C,CN1CC(=O)N2C(C1=O)CC3=C(C2C4=CC5=C(C=C4)OCO5)NC6=CC=CC=C36,1,reported_twosides,0.7358598709106445,0.6668630055130724,0.6668630055130724,fitted,platt_logistic_regression,0.5092713250521524,1,0.6363779898333529,0.11670864819479429,0.3509655751469353,no_interaction|interaction,2,True,0.8596491228070176,0.24050632911392406,0.24050632911392406,False,False,True
C1CN=C(N1)NC2=C(C=CC=C2Cl)Cl,CC12CCC3C(C1CCC2O)C(CC4=C3C=CC(=C4)O)CCCCCCCCCS(=O)CCCC(C(F)(F)F)(F)F,0,unreported_twosides_sampled,0.9744991064071655,0.9359807477369282,0.9359807477369282,fitted,platt_logistic_regression,0.5092713250521524,1,0.2378863212404676,0.006717044500419815,0.7573467674223342,interaction,1,False,0.5853658536585366,0.4492753623188406,0.4492753623188406,False,False,False
CCCCC(=O)N(CC1=CC=C(C=C1)C2=CC=CC=C2C3=NNN=N3)C(C(C)C)C(=O)O,CCN(C)C(=O)OC1=CC=CC(=C1)C(C)N(C)C,1,reported_twosides,0.9354395270347595,0.8750131608687942,0.8750131608687942,fitted,platt_logistic_regression,0.5092713250521524,1,0.3767445505964458,0.02434928631402183,0.6431570109151973,interaction,1,False,0.4533333333333333,0.32653061224489793,0.32653061224489793,False,False,True
CC(C)(C(=O)O)ON=C(C1=CSC(=N1)N)C(=O)NC2C3N(C2=O)C(=C(CS3)C[N+]4=CC=CC=C4)C(=O)[O-],CC1=NN=C(S1)SCC2=C(N3C(C(C3=O)NC(=O)CN4C=NN=N4)SC2)C(=O)[O-],1,reported_twosides,0.7484722137451172,0.6778885695000969,0.6778885695000969,fitted,platt_logistic_regression,0.5092713250521524,1,0.6284507623331947,0.11167086481947942,0.3618807724601176,no_interaction|interaction,2,True,0.6428571428571429,0.4574468085106383,0.4574468085106383,False,False,False
CC(C)C(C(=O)OCC(CO)OCN1C=NC2=C1NC(=NC2=O)N)N,CN1CCC(=C2C3=C(C(=O)CC4=CC=CC=C42)SC=C3)CC1,0,unreported_twosides_sampled,0.18783432245254517,0.2322447325536828,0.2322447325536828,fitted,platt_logistic_regression,0.5092713250521524,0,0.5419744833452304,0.4727120067170445,0.06381192275398824,no_interaction,1,False,0.7307692307692307,0.3018867924528302,0.3018867924528302,False,False,True
C1C(N(C2=C(N1)NC(=NC2=O)N)C=O)CNC3=CC=C(C=C3)C(=O)NC(CCC(=O)O)C(=O)O,CC12CCC3C(C1CCC2O)C(CC4=C3C=CC(=C4)O)CCCCCCCCCS(=O)CCCC(C(F)(F)F)(F)F,0,unreported_twosides_sampled,0.3347278833389282,0.35308872611154735,0.35308872611154735,fitted,platt_logistic_regression,0.5092713250521524,0,0.6493377423290365,0.33249370277078083,0.12510495382031905,no_interaction|interaction,2,True,0.5256410256410257,0.4492753623188406,0.4492753623188406,False,False,False
CC12CCC3C(C1CCC2C(=O)NC4=C(C=CC(=C4)C(F)(F)F)C(F)(F)F)CCC5C3(C=CC(=O)N5)C,CCOC(=O)C(CCC1=CC=CC=C1)NC(C)C(=O)N2C3CCCCC3CC2C(=O)O,0,unreported_twosides_sampled,0.9612826704978943,0.9133286583005874,0.9133286583005874,fitted,platt_logistic_regression,0.5092713250521524,1,0.29476811390488034,0.0109151973131822,0.7086481947942905,interaction,1,False,0.6417910447761194,0.9636363636363636,0.6417910447761194,False,False,False
C1CC(C1)(C(=O)O)C(=O)O.N.N.[Pt],CC1CC2C3CCC4=CC(=O)C=CC4(C3(C(CC2(C1(C(=O)CO)O)C)O)F)C,1,reported_twosides,0.04695792868733406,0.08550634924259104,0.08550634924259104,fitted,platt_logistic_regression,0.5092713250521524,0,0.29201598107285476,0.7136859781696053,0.0109151973131822,no_interaction,1,False,0.26666666666666666,0.8596491228070176,0.26666666666666666,False,False,True
C1CC(C1)CN2CCC34C5C(CCC3(C2CC6=C4C(=C(C=C6)O)O5)O)O,CC1=NN=C2N1C3=C(C=C(C=C3)Cl)C(=NC2)C4=CC=CC=C4,1,reported_twosides,0.2477320283651352,0.28346506326118853,0.28346506326118853,fitted,platt_logistic_regression,0.5092713250521524,0,0.5961962327311391,0.4063811922753988,0.0948782535684299,no_interaction,1,False,0.6451612903225806,0.7659574468085106,0.6451612903225806,False,False,False
CC(=O)OCC(=O)C12C(CC3C1(CC(C4(C3CC(C5=CC(=O)C=CC54C)F)F)O)C)OC(O2)(C)C,C[N+](C)(C)CC(CC(=O)O)O,0,unreported_twosides_sampled,0.0010044187074527144,0.004844842740204432,0.004844842740204432,fitted,platt_logistic_regression,0.5092713250521524,0,0.03065532650584373,0.963056255247691,0.0008396305625524769,no_interaction,1,False,0.8059701492537313,0.36666666666666664,0.36666666666666664,False,False,True
CC(C)C(CCCN(C)CCC1=CC(=C(C=C1)OC)OC)(C#N)C2=CC(=C(C=C2)OC)OC,CC1C2C(C(=O)N2C(=C1SC3CC(NC3)C(=O)NC4=CC=CC(=C4)C(=O)O)C(=O)O)C(C)O,0,unreported_twosides_sampled,0.5750642418861389,0.5363838618322593,0.5363838618322593,fitted,platt_logistic_regression,0.5092713250521524,1,0.6904972682495505,0.17968094038623006,0.23089840470193115,no_interaction|interaction,2,True,0.23529411764705882,0.23529411764705882,0.23529411764705882,False,False,True
CC1=NN=C2N1C3=C(C=C(C=C3)Cl)C(=NC2)C4=CC=CC=C4,C[N+](C)(C)CC(CC(=O)O)O,0,unreported_twosides_sampled,0.0005255349678918719,0.0029671194276719927,0.0029671194276719927,fitted,platt_logistic_regression,0.5092713250521524,0,0.02023183391510774,0.9781696053736356,0.0008396305625524769,no_interaction,1,False,0.7659574468085106,0.36666666666666664,0.36666666666666664,False,False,True
C1=CC(=C2NC(=C3C=CC=CC3=O)N(N2)C4=CC=C(C=C4)C(=O)O)C(=O)C=C1,CC(C)(C)NCC(C1=CC(=C(C=C1)O)CO)O,1,reported_twosides,0.7489413022994995,0.6783018095539585,0.6783018095539585,fitted,platt_logistic_regression,0.5092713250521524,1,0.6281428853327697,0.11167086481947942,0.36272040302267,no_interaction|interaction,2,True,0.22033898305084745,0.5227272727272727,0.22033898305084745,False,False,True
C1C(N(C2=C(N1)NC(=NC2=O)N)C=O)CNC3=CC=C(C=C3)C(=O)NC(CCC(=O)O)C(=O)O,CN(C)NN=C1C(=NC=N1)C(=O)N,0,unreported_twosides_sampled,0.9885850548744202,0.964553398904928,0.964553398904928,fitted,platt_logistic_regression,0.5092713250521524,1,0.1531928159970053,0.0025188916876574307,0.8320738874895046,interaction,1,False,0.5256410256410257,0.24390243902439024,0.24390243902439024,False,False,True
CC(C=CC(C)C(C)(C)O)C1CCC2C1(CCCC2=CC=C3CC(CC(C3)O)O)C,CCN(C)C(=O)OC1=CC=CC(=C1)C(C)N(C)C,0,unreported_twosides_sampled,0.9143980145454407,0.8474252818441518,0.8474252818441518,fitted,platt_logistic_regression,0.5092713250521524,1,0.4271493212914912,0.03190596137699412,0.5894206549118388,interaction,1,False,0.5625,0.32653061224489793,0.32653061224489793,False,False,True
CC(C)C(CCCN(C)CCC1=CC(=C(C=C1)OC)OC)(C#N)C2=CC(=C(C=C2)OC)OC,CN(C)NN=C1C(=NC=N1)C(=O)N,0,unreported_twosides_sampled,0.7215772867202759,0.6545640048352176,0.6545640048352176,fitted,platt_logistic_regression,0.5092713250521524,1,0.6445754677425272,0.12090680100755667,0.34005037783375314,no_interaction|interaction,2,True,0.23529411764705882,0.24390243902439024,0.23529411764705882,False,False,True
CC12CCC3C(C1CCC2C(=O)NC4=C(C=CC(=C4)C(F)(F)F)C(F)(F)F)CCC5C3(C=CC(=O)N5)C,CC1=C(C(C(=C(N1)C)C(=O)OCC(C)C)C2=CC=CC=C2[N+](=O)[O-])C(=O)OC,1,reported_twosides,0.5773653984069824,0.5381627888302934,0.5381627888302934,fitted,platt_logistic_regression,0.5092713250521524,1,0.6902315489178823,0.17968094038623006,0.2325776658270361,no_interaction|interaction,2,True,0.6417910447761194,0.8043478260869565,0.6417910447761194,False,False,False
C1CC(C1)CN2CCC34C5C(CCC3(C2CC6=C4C(=C(C=C6)O)O5)O)O,CCOC(=O)C(CCC1=CC=CC=C1)NC(C)C(=O)N2C3CCCCC3CC2C(=O)O,0,unreported_twosides_sampled,0.3969903588294983,0.40098980935333123,0.40098980935333123,fitted,platt_logistic_regression,0.5092713250521524,0,0.6734109596366258,0.29135180520570947,0.15197313182199831,no_interaction|interaction,2,True,0.6451612903225806,0.9636363636363636,0.6451612903225806,False,False,False
CC(C)(C)NCC(C1=CC(=C(C=C1)O)CO)O,CC1=NN=C(S1)SCC2=C(N3C(C(C3=O)NC(=O)CN4C=NN=N4)SC2)C(=O)[O-],1,reported_twosides,0.3420484960079193,0.3587806212565709,0.3587806212565709,fitted,platt_logistic_regression,0.5092713250521524,0,0.6527133796412088,0.3266162888329135,0.12846347607052896,no_interaction|interaction,2,True,0.5227272727272727,0.4574468085106383,0.4574468085106383,False,False,False
C1CC(C1)CN2CCC34C5C(CCC3(C2CC6=C4C(=C(C=C6)O)O5)O)O,CNC(=C[N+](=O)[O-])NCCSCC1=CC=C(O1)CN(C)C,1,reported_twosides,0.25755566358566284,0.29155810351334555,0.29155810351334555,fitted,platt_logistic_regression,0.5092713250521524,0,0.6035408945414429,0.39378673383711166,0.09655751469353484,no_interaction,1,False,0.6451612903225806,0.603448275862069,0.603448275862069,False,False,False
CC1=C(SC=C1)C(=CCCN2CCCC(C2)C(=O)O)C3=C(C=CS3)C,CCOC1=C(C=CC(=C1)CC(=O)NC(CC(C)C)C2=CC=CC=C2N3CCCCC3)C(=O)O,0,unreported_twosides_sampled,0.12848781049251556,0.1768899354834979,0.1768899354834979,fitted,platt_logistic_regression,0.5092713250521524,0,0.4666446337110267,0.5507976490344249,0.04114189756507137,no_interaction,1,False,0.26865671641791045,0.2804878048780488,0.26865671641791045,False,False,True
C1CC(C1)(C(=O)O)C(=O)O.N.N.[Pt],CCCC1(CC(=O)C(=C(O1)O)C(CC)C2=CC(=CC=C2)NS(=O)(=O)C3=NC=C(C=C3)C(F)(F)F)CCC4=CC=CC=C4,0,unreported_twosides_sampled,0.0683845803141594,0.11233679511022614,0.11233679511022614,fitted,platt_logistic_regression,0.5092713250521524,0,0.3513732530009024,0.6691855583543241,0.0218303946263644,no_interaction,1,False,0.26666666666666666,0.2247191011235955,0.2247191011235955,False,False,True
CC1=C(C(=O)C2=CC=CC=C2C1=O)CC=C(C)CCCC(C)CCCC(C)CCCC(C)C,CN1CCC23C=CC(CC2OC4=C(C=CC(=C34)C1)OC)O,0,unreported_twosides_sampled,0.997226893901825,0.9876861878788911,0.9876861878788911,fitted,platt_logistic_regression,0.5092713250521524,1,0.06638193101040396,0.0008396305625524769,0.924433249370277,interaction,1,False,0.22058823529411764,0.375,0.22058823529411764,False,False,True
C1CC(C1)CN2CCC34C5C(CCC3(C2CC6=C4C(=C(C=C6)O)O5)O)O,CC(C)(C)NCC(C1=CC(=C(C=C1)O)CO)O,0,unreported_twosides_sampled,0.03461842238903046,0.06843144165426647,0.06843144165426647,fitted,platt_logistic_regression,0.5092713250521524,0,0.24956254485713047,0.7514693534844669,0.007556675062972292,no_interaction,1,False,0.6451612903225806,0.5227272727272727,0.5227272727272727,False,False,False
CC12CCC3C(C1CCC2C(=O)NC4=C(C=CC(=C4)C(F)(F)F)C(F)(F)F)CCC5C3(C=CC(=O)N5)C,CN1C(=C(NC2=CC=CC=N2)O)C(=O)C3=CC=CC=C3S1(=O)=O,0,unreported_twosides_sampled,0.544950544834137,0.5132377137451849,0.5132377137451849,fitted,platt_logistic_regression,0.5092713250521524,1,0.6927966654740236,0.19563392107472713,0.2141057934508816,no_interaction|interaction,2,True,0.6417910447761194,0.62,0.62,False,False,False
C1=CC(=C2NC(=C3C=CC=CC3=O)N(N2)C4=CC=C(C=C4)C(=O)O)C(=O)C=C1,CC12CCC3C(C1CCC2(C)O)CCC4C3(COC(=O)C4)C,0,unreported_twosides_sampled,0.9793257713317871,0.9450848954288794,0.9450848954288794,fitted,platt_logistic_regression,0.5092713250521524,1,0.2127406979321534,0.005877413937867338,0.783375314861461,interaction,1,False,0.22033898305084745,0.31343283582089554,0.22033898305084745,False,False,True
C1CN=C(N1)NC2=C(C=CC=C2Cl)Cl,CC1=C(SC=C1)C(=CCCN2CCCC(C2)C(=O)O)C3=C(C=CS3)C,1,reported_twosides,0.9695550799369812,0.9271689907602273,0.9271689907602273,fitted,platt_logistic_regression,0.5092713250521524,1,0.2609010843191003,0.009235936188077247,0.7413937867338372,interaction,1,False,0.5853658536585366,0.26865671641791045,0.26865671641791045,False,False,True
C1CC(C1)(C(=O)O)C(=O)O.N.N.[Pt],C[N+](C)(C)CC(CC(=O)O)O,0,unreported_twosides_sampled,0.001927918870933354,0.007929659917127253,0.007929659917127253,fitted,platt_logistic_regression,0.5092713250521524,0,0.046255052580284214,0.9429051217464316,0.0008396305625524769,no_interaction,1,False,0.26666666666666666,0.36666666666666664,0.26666666666666666,False,False,True
CC12CCC3C(C1CCC2(C)O)CCC4C3(COC(=O)C4)C,CC12CCC3C(C1CCC2C(=O)NC4=C(C=CC(=C4)C(F)(F)F)C(F)(F)F)CCC5C3(C=CC(=O)N5)C,0,unreported_twosides_sampled,0.2403847873210907,0.2773632440170196,0.2773632440170196,fitted,platt_logistic_regression,0.5092713250521524,0,0.59044572611784,0.41141897565071367,0.08900083963056256,no_interaction,1,False,0.31343283582089554,0.6417910447761194,0.31343283582089554,False,False,True
CCC(C)C(=O)OC1CC(C=C2C1C(C(C=C2)C)CCC3CC(CC(=O)O3)O)C,CN(C)CCC1=CNC2=C1C=C(C=C2)CC3COC(=O)N3,0,unreported_twosides_sampled,0.9689384698867798,0.9261011369842482,0.9261011369842482,fitted,platt_logistic_regression,0.5092713250521524,1,0.26360929227920576,0.009235936188077247,0.7371956339210747,interaction,1,False,0.7424242424242424,0.543859649122807,0.543859649122807,False,False,False
CC(C=CC(C)C(C)(C)O)C1CCC2C1(CCCC2=CC=C3CC(CC(C3)O)O)C,CCOC(=O)N1CCC(=C2C3=C(CCC4=C2N=CC=C4)C=C(C=C3)Cl)CC1,1,reported_twosides,0.25558069348335266,0.2899368303941164,0.2899368303941164,fitted,platt_logistic_regression,0.5092713250521524,0,0.6020951118447581,0.39378673383711166,0.09655751469353484,no_interaction,1,False,0.5625,0.5892857142857143,0.5625,False,False,False
CC1=C(C(=O)C2=CC=CC=C2C1=O)CC=C(C)CCCC(C)CCCC(C)CCCC(C)C,C[N+](C)(C)CC(CC(=O)O)O,0,unreported_twosides_sampled,0.0691986158490181,0.11330258396567652,0.11330258396567652,fitted,platt_logistic_regression,0.5092713250521524,0,0.3533649610837268,0.6658270361041142,0.022670025188916875,no_interaction,1,False,0.22058823529411764,0.36666666666666664,0.22058823529411764,False,False,True
C1CC(OC1CO)N2C=NC3=C2NC=NC3=O,CC(C=CC(C)C(C)(C)O)C1CCC2C1(CCCC2=CC=C3CC(CC(C3)O)O)C,0,unreported_twosides_sampled,0.8366824388504028,0.7607137265650904,0.7607137265650904,fitted,platt_logistic_regression,0.5092713250521524,1,0.5502558327540169,0.06633081444164568,0.4626364399664148,interaction,1,False,0.3492063492063492,0.5625,0.3492063492063492,False,False,True
CC1=NN=C2N1C3=C(C=C(C=C3)Cl)C(=NC2)C4=CC=CC=C4,CCC(C)C(=O)OC1CC(C=C2C1C(C(C=C2)C)CCC3CC(CC(=O)O3)O)C,1,reported_twosides,0.9808098673820496,0.9480043389778766,0.9480043389778766,fitted,platt_logistic_regression,0.5092713250521524,1,0.20434994075371746,0.005877413937867338,0.7875734676742233,interaction,1,False,0.7659574468085106,0.7424242424242424,0.7424242424242424,False,False,False
CC1=NN=C(S1)SCC2=C(N3C(C(C3=O)NC(=O)CN4C=NN=N4)SC2)C(=O)[O-],CCC(C)C(=O)OC1CC(C=C2C1C(C(C=C2)C)CCC3CC(CC(=O)O3)O)C,1,reported_twosides,0.9899915456771851,0.9678468112085169,0.9678468112085169,fitted,platt_logistic_regression,0.5092713250521524,1,0.14214898800182393,0.0025188916876574307,0.8429890848026869,interaction,1,False,0.4574468085106383,0.7424242424242424,0.4574468085106383,False,False,False
CCN(C)C(=O)OC1=CC=CC(=C1)C(C)N(C)C,CNC(=C[N+](=O)[O-])NCCSCC1=CC=C(O1)CN(C)C,1,reported_twosides,0.9812387228012085,0.9488598968801787,0.9488598968801787,fitted,platt_logistic_regression,0.5092713250521524,1,0.2018586223485217,0.005877413937867338,0.7909319899244333,interaction,1,False,0.32653061224489793,0.603448275862069,0.32653061224489793,False,False,True
C1CC(C1)CN2CCC34C5C(CCC3(C2CC6=C4C(=C(C=C6)O)O5)O)O,CCCC1(CC(=O)C(=C(O1)O)C(CC)C2=CC(=CC=C2)NS(=O)(=O)C3=NC=C(C=C3)C(F)(F)F)CCC4=CC=CC=C4,0,unreported_twosides_sampled,0.05643785744905472,0.09774279226433444,0.09774279226433444,fitted,platt_logistic_regression,0.5092713250521524,0,0.32009488409281794,0.6884970612930311,0.01595298068849706,no_interaction,1,False,0.6451612903225806,0.2247191011235955,0.2247191011235955,False,False,True
C(CCl)NC(=O)N(CCCl)N=O,CCOC(=O)N1CCC(=C2C3=C(CCC4=C2N=CC=C4)C=C(C=C3)Cl)CC1,0,unreported_twosides_sampled,0.01251103077083826,0.03226292509083045,0.03226292509083045,fitted,platt_logistic_regression,0.5092713250521524,0,0.14252239878830725,0.8429890848026869,0.0025188916876574307,no_interaction,1,False,0.2391304347826087,0.5892857142857143,0.2391304347826087,False,False,True
CC1=C(SC=C1)C(=CCCN2CCCC(C2)C(=O)O)C3=C(C=CS3)C,CN1CCC(=C2C3=C(C(=O)CC4=CC=CC=C42)SC=C3)CC1,0,unreported_twosides_sampled,0.08940940350294113,0.13631940989298602,0.13631940989298602,fitted,platt_logistic_regression,0.5092713250521524,0,0.398225471100236,0.6213266162888329,0.02518891687657431,no_interaction,1,False,0.26865671641791045,0.3018867924528302,0.26865671641791045,False,False,True
C1CC(C1)CN2CCC34C5C(CCC3(C2CC6=C4C(=C(C=C6)O)O5)O)O,CN(C)CCC1=CNC2=C1C=C(C=C2)CC3COC(=O)N3,0,unreported_twosides_sampled,0.20614315569400787,0.24829214036904693,0.24829214036904693,fitted,platt_logistic_regression,0.5092713250521524,0,0.5604510790937316,0.4433249370277078,0.07220822837951302,no_interaction,1,False,0.6451612903225806,0.543859649122807,0.543859649122807,False,False,False
C(CCl)NC(=O)N(CCCl)N=O,CC1(C(N2C(S1)C(C2=O)NC(=O)C(C3=CC=CC=C3)N)C(=O)[O-])C,0,unreported_twosides_sampled,0.0291482862085104,0.060317361085095916,0.060317361085095916,fitted,platt_logistic_regression,0.5092713250521524,0,0.22783986131252612,0.7682619647355163,0.006717044500419815,no_interaction,1,False,0.2391304347826087,0.6119402985074627,0.2391304347826087,False,False,True
C1CC(C1)CN2CCC34C5C(CCC3(C2CC6=C4C(=C(C=C6)O)O5)O)O,C1CN=C(N1)NC2=C(C=CC=C2Cl)Cl,0,unreported_twosides_sampled,0.9950590133666992,0.9810052079960196,0.9810052079960196,fitted,platt_logistic_regression,0.5092713250521524,1,0.09410081378522814,0.0008396305625524769,0.8950461796809404,interaction,1,False,0.6451612903225806,0.5853658536585366,0.5853658536585366,False,False,False
CC(C)(C(=O)O)ON=C(C1=CSC(=N1)N)C(=O)NC2C3N(C2=O)C(=C(CS3)C[N+]4=CC=CC=C4)C(=O)[O-],CC12CCC3C(C1CCC2C(=O)NC4=C(C=CC(=C4)C(F)(F)F)C(F)(F)F)CCC5C3(C=CC(=O)N5)C,0,unreported_twosides_sampled,0.14561250805854797,0.19348977465318518,0.19348977465318518,fitted,platt_logistic_regression,0.5092713250521524,0,0.49124379066799706,0.5281276238455079,0.047019311502938706,no_interaction,1,False,0.6428571428571429,0.6417910447761194,0.6417910447761194,False,False,False
C1C(C(C(C(C1N)OC2C(C(C(C(O2)CN)O)O)O)O)OC3C(C(C(C(O3)CO)O)N)O)N,CC(C)C(CCCN(C)CCC1=CC(=C(C=C1)OC)OC)(C#N)C2=CC(=C(C=C2)OC)OC,0,unreported_twosides_sampled,0.015421937219798565,0.03768910986857126,0.03768910986857126,fitted,platt_logistic_regression,0.5092713250521524,0,0.160529158748034,0.8194794290512175,0.0033585222502099076,no_interaction,1,False,0.7727272727272727,0.23529411764705882,0.23529411764705882,False,False,True
C1=CC(=C2NC(=C3C=CC=CC3=O)N(N2)C4=CC=C(C=C4)C(=O)O)C(=O)C=C1,C1CC(OC1CO)N2C=NC3=C2NC=NC3=O,0,unreported_twosides_sampled,0.9355514645576477,0.8751671235483977,0.8751671235483977,fitted,platt_logistic_regression,0.5092713250521524,1,0.3764448261173745,0.02434928631402183,0.6431570109151973,interaction,1,False,0.22033898305084745,0.3492063492063492,0.22033898305084745,False,False,True
CC1CC2C3CCC4=CC(=O)C=CC4(C3(C(CC2(C1(C(=O)CO)O)C)O)F)C,CNC(=C[N+](=O)[O-])NCCSCC1=CC=C(O1)CN(C)C,1,reported_twosides,0.822616457939148,0.746681237743343,0.746681237743343,fitted,platt_logistic_regression,0.5092713250521524,1,0.5659518924420048,0.07472712006717044,0.44080604534005036,interaction,1,False,0.8596491228070176,0.603448275862069,0.603448275862069,False,False,False
CC1=NN=C(S1)SCC2=C(N3C(C(C3=O)NC(=O)CN4C=NN=N4)SC2)C(=O)[O-],CN1C=NC(=C1SC2=NC=NC3=C2NC=N3)[N+](=O)[O-],0,unreported_twosides_sampled,0.9541285037994385,0.9020800916327846,0.9020800916327846,fitted,platt_logistic_regression,0.5092713250521524,1,0.32048835752765986,0.01595298068849706,0.6884970612930311,interaction,1,False,0.4574468085106383,0.25925925925925924,0.25925925925925924,False,False,True
C1C(N(C2=C(N1)NC(=NC2=O)N)C=O)CNC3=CC=C(C=C3)C(=O)NC(CCC(=O)O)C(=O)O,CC1=NN=C(S1)SCC2=C(N3C(C(C3=O)NC(=O)CN4C=NN=N4)SC2)C(=O)[O-],1,reported_twosides,0.9528444409370422,0.9001208165422467,0.9001208165422467,fitted,platt_logistic_regression,0.5092713250521524,1,0.32481743119400097,0.016792611251049538,0.6834592779177162,interaction,1,False,0.5256410256410257,0.4574468085106383,0.4574468085106383,False,False,False
CC1=C(SC=C1)C(=CCCN2CCCC(C2)C(=O)O)C3=C(C=CS3)C,CC1CC2C3CCC4=CC(=O)C=CC4(C3(C(CC2(C1(C(=O)CO)O)C)O)F)C,0,unreported_twosides_sampled,0.20829471945762634,0.25015291411732477,0.25015291411732477,fitted,platt_logistic_regression,0.5092713250521524,0,0.5625030756017451,0.4424853064651553,0.07304785894206549,no_interaction,1,False,0.26865671641791045,0.8596491228070176,0.26865671641791045,False,False,True
CC1CN(CCN1)C2=C(C=C3C(=C2OC)N(C=C(C3=O)C(=O)O)C4CC4)F,CN(C)NN=C1C(=NC=N1)C(=O)N,0,unreported_twosides_sampled,0.9967055916786194,0.9859841012566881,0.9859841012566881,fitted,platt_logistic_regression,0.5092713250521524,1,0.0737309443548519,0.0008396305625524769,0.9177162048698573,interaction,1,False,0.7230769230769231,0.24390243902439024,0.24390243902439024,False,False,True
CC1=NN=C(S1)SCC2=C(N3C(C(C3=O)NC(=O)CN4C=NN=N4)SC2)C(=O)[O-],CN1CCC(=C2C3=C(C(=O)CC4=CC=CC=C42)SC=C3)CC1,0,unreported_twosides_sampled,0.1998067945241928,0.24278257808458517,0.24278257808458517,fitted,platt_logistic_regression,0.5092713250521524,0,0.5542661799646347,0.45759865659109994,0.0688497061293031,no_interaction,1,False,0.4574468085106383,0.3018867924528302,0.3018867924528302,False,False,True
CC(C)C(C(=O)OCC(CO)OCN1C=NC2=C1NC(=NC2=O)N)N,CC12CCC3C(C1CCC2C(=O)NC4=C(C=CC(=C4)C(F)(F)F)C(F)(F)F)CCC5C3(C=CC(=O)N5)C,0,unreported_twosides_sampled,0.3768988847732544,0.3856428673285503,0.3856428673285503,fitted,platt_logistic_regression,0.5092713250521524,0,0.6667591335515273,0.3064651553316541,0.14021830394626364,no_interaction|interaction,2,True,0.7307692307692307,0.6417910447761194,0.6417910447761194,False,False,False
C1C(N(C2=C(N1)NC(=NC2=O)N)C=O)CNC3=CC=C(C=C3)C(=O)NC(CCC(=O)O)C(=O)O,CC1CN(CCN1)C2=C(C=C3C(=C2OC)N(C=C(C3=O)C(=O)O)C4CC4)F,0,unreported_twosides_sampled,0.95880126953125,0.9093596474658863,0.9093596474658863,fitted,platt_logistic_regression,0.5092713250521524,1,0.30401686705213116,0.012594458438287154,0.7010915197313182,interaction,1,False,0.5256410256410257,0.7230769230769231,0.5256410256410257,False,False,False
CC1=NN=C(S1)SCC2=C(N3C(C(C3=O)NC(=O)CN4C=NN=N4)SC2)C(=O)[O-],CC1=NN=C2N1C3=C(C=C(C=C3)Cl)C(=NC2)C4=CC=CC=C4,1,reported_twosides,0.36797794699668884,0.37879939879517316,0.37879939879517316,fitted,platt_logistic_regression,0.5092713250521524,0,0.663473314033874,0.3089840470193115,0.1385390428211587,no_interaction|interaction,2,True,0.4574468085106383,0.7659574468085106,0.4574468085106383,False,False,False
CC1C2C(C(=O)N2C(=C1SC3CC(NC3)C(=O)NC4=CC=CC(=C4)C(=O)O)C(=O)O)C(C)O,CCCCC(=O)N(CC1=CC=C(C=C1)C2=CC=CC=C2C3=NNN=N3)C(C(C)C)C(=O)O,0,unreported_twosides_sampled,0.9985300302505493,0.9923668492759838,0.9923668492759838,fitted,platt_logistic_regression,0.5092713250521524,1,0.04481749684762922,0.0008396305625524769,0.943744752308984,interaction,1,False,0.23529411764705882,0.4533333333333333,0.23529411764705882,False,False,True
CC(C)(C(=O)O)ON=C(C1=CSC(=N1)N)C(=O)NC2C3N(C2=O)C(=C(CS3)C[N+]4=CC=CC=C4)C(=O)[O-],CCOC(=O)N1CCC(=C2C3=C(CCC4=C2N=CC=C4)C=C(C=C3)Cl)CC1,0,unreported_twosides_sampled,0.03378674387931824,0.06722267654840289,0.06722267654840289,fitted,platt_logistic_regression,0.5092713250521524,0,0.24639489091768402,0.7548278757346767,0.007556675062972292,no_interaction,1,False,0.6428571428571429,0.5892857142857143,0.5892857142857143,False,False,False
CCC(C)C(=O)OC1CC(C=C2C1C(C(C=C2)C)CCC3CC(CC(=O)O3)O)C,CCOC(=O)N1CCC(=C2C3=C(CCC4=C2N=CC=C4)C=C(C=C3)Cl)CC1,1,reported_twosides,0.9869751930236816,0.9609178149208419,0.9609178149208419,fitted,platt_logistic_regression,0.5092713250521524,1,0.1650162326309045,0.0033585222502099076,0.81696053736356,interaction,1,False,0.7424242424242424,0.5892857142857143,0.5892857142857143,False,False,False
CC(C)C(CCCN(C)CCC1=CC(=C(C=C1)OC)OC)(C#N)C2=CC(=C(C=C2)OC)OC,CCOC(=O)C(CCC1=CC=CC=C1)NC(C)C(=O)N2C3CCCCC3CC2C(=O)O,1,reported_twosides,0.8351625204086304,0.7591786853903212,0.7591786853903212,fitted,platt_logistic_regression,0.5092713250521524,1,0.5520247929326845,0.06801007556675064,0.4617968094038623,interaction,1,False,0.23529411764705882,0.9636363636363636,0.23529411764705882,False,False,True
C1C(OC(S1)CO)N2C=C(C(=NC2=O)N)F,COC1=C(C=C(C=C1)C2=CC3=C(C=C2)C=C(C=C3)C(=O)O)C45CC6CC(C4)CC(C6)C5,0,unreported_twosides_sampled,0.38370078802108765,0.3908480031440127,0.3908480031440127,fitted,platt_logistic_regression,0.5092713250521524,0,0.6691258980443007,0.30310663308144414,0.14357682619647355,no_interaction|interaction,2,True,0.6326530612244898,0.288135593220339,0.288135593220339,False,False,True
CC(C)(C(=O)O)ON=C(C1=CSC(=N1)N)C(=O)NC2C3N(C2=O)C(=C(CS3)C[N+]4=CC=CC=C4)C(=O)[O-],CC(C)C(CCCN(C)CCC1=CC(=C(C=C1)OC)OC)(C#N)C2=CC(=C(C=C2)OC)OC,1,reported_twosides,0.06672431528568268,0.11035644681227637,0.11035644681227637,fitted,platt_logistic_regression,0.5092713250521524,0,0.347259926632708,0.672544080604534,0.020990764063811923,no_interaction,1,False,0.6428571428571429,0.23529411764705882,0.23529411764705882,False,False,True
CN(C)NN=C1C(=NC=N1)C(=O)N,CNC(=C[N+](=O)[O-])NCCSCC1=CC=C(O1)CN(C)C,1,reported_twosides,0.5996902585029602,0.5555109806622431,0.5555109806622431,fitted,platt_logistic_regression,0.5092713250521524,1,0.6869715191738281,0.17296389588581024,0.2434928631402183,no_interaction|interaction,2,True,0.24390243902439024,0.603448275862069,0.24390243902439024,False,False,True
C1=CC(=CC=C1N)S(=O)(=O)C2=CC=C(C=C2)N,CN1CCC(=C2C3=C(C(=O)CC4=CC=CC=C42)SC=C3)CC1,0,unreported_twosides_sampled,0.27414336800575256,0.3050681011201381,0.3050681011201381,fitted,platt_logistic_regression,0.5092713250521524,0,0.6150975315976354,0.3778337531486146,0.10411418975650713,no_interaction|interaction,2,True,0.43333333333333335,0.3018867924528302,0.3018867924528302,False,False,True
CC12CCC3C(C1CCC2C(=O)NC4=C(C=CC(=C4)C(F)(F)F)C(F)(F)F)CCC5C3(C=CC(=O)N5)C,CCOC1=C(C=CC(=C1)CC(=O)NC(CC(C)C)C2=CC=CC=C2N3CCCCC3)C(=O)O,1,reported_twosides,0.6671586632728577,0.6092274244409078,0.6092274244409078,fitted,platt_logistic_regression,0.5092713250521524,1,0.6690924151749236,0.14357682619647355,0.30310663308144414,no_interaction|interaction,2,True,0.6417910447761194,0.2804878048780488,0.2804878048780488,False,False,True
C1C(N(C2=C(N1)NC(=NC2=O)N)C=O)CNC3=CC=C(C=C3)C(=O)NC(CCC(=O)O)C(=O)O,CCCC1(CC(=O)C(=C(O1)O)C(CC)C2=CC(=CC=C2)NS(=O)(=O)C3=NC=C(C=C3)C(F)(F)F)CCC4=CC=CC=C4,0,unreported_twosides_sampled,0.9068341851234436,0.8380714427813898,0.8380714427813898,fitted,platt_logistic_regression,0.5092713250521524,1,0.4428540750476755,0.03526448362720403,0.5776658270361041,interaction,1,False,0.5256410256410257,0.2247191011235955,0.2247191011235955,False,False,True
CC1=C(SC=C1)C(=CCCN2CCCC(C2)C(=O)O)C3=C(C=CS3)C,CN1C(=C(NC2=CC=CC=N2)O)C(=O)C3=CC=CC=C3S1(=O)=O,0,unreported_twosides_sampled,0.21467314660549164,0.25564054273557557,0.25564054273557557,fitted,platt_logistic_regression,0.5092713250521524,0,0.5684474921109162,0.43828715365239296,0.0764063811922754,no_interaction,1,False,0.26865671641791045,0.62,0.26865671641791045,False,False,True
CC12CCC3C(C1CCC2(C#C)O)CCC4=CC(=O)CCC34,CNC(=C[N+](=O)[O-])NCCSCC1=CC=C(O1)CN(C)C,1,reported_twosides,0.029719088226556778,0.06118307182959682,0.06118307182959682,fitted,platt_logistic_regression,0.5092713250521524,0,0.23021045369593238,0.764063811922754,0.006717044500419815,no_interaction,1,False,0.7169811320754716,0.603448275862069,0.603448275862069,False,False,False
CCCCC(=O)N(CC1=CC=C(C=C1)C2=CC=CC=C2C3=NNN=N3)C(C(C)C)C(=O)O,CN1CCC(=C2C3=C(C(=O)CC4=CC=CC=C42)SC=C3)CC1,1,reported_twosides,0.9860588908195496,0.9589045423487229,0.9589045423487229,fitted,platt_logistic_regression,0.5092713250521524,1,0.17141008061381463,0.0033585222502099076,0.815281276238455,interaction,1,False,0.4533333333333333,0.3018867924528302,0.3018867924528302,False,False,True
C1CN=C(N1)NC2=C(C=CC=C2Cl)Cl,CCN(C)C(=O)OC1=CC=CC(=C1)C(C)N(C)C,1,reported_twosides,0.9995284080505371,0.996768600206805,0.996768600206805,fitted,platt_logistic_regression,0.5092713250521524,1,0.02175773353578916,0.0008396305625524769,0.9756507136859782,interaction,1,False,0.5853658536585366,0.32653061224489793,0.32653061224489793,False,False,True
C1CN=C(N1)NC2=C(C=CC=C2Cl)Cl,CC(C)(C)NCC(C1=CC(=C(C=C1)O)CO)O,1,reported_twosides,0.9568543434143066,0.9062970029730513,0.9062970029730513,fitted,platt_logistic_regression,0.5092713250521524,1,0.31102250693680944,0.01343408900083963,0.6952141057934509,interaction,1,False,0.5853658536585366,0.5227272727272727,0.5227272727272727,False,False,False
CCN(C)C(=O)OC1=CC=CC(=C1)C(C)N(C)C,CN(C)CCC1=CNC2=C1C=C(C=C2)CC3COC(=O)N3,0,unreported_twosides_sampled,0.4006303548812866,0.4037618908515593,0.4037618908515593,fitted,platt_logistic_regression,0.5092713250521524,0,0.6745075299978862,0.28883291351805207,0.15197313182199831,no_interaction|interaction,2,True,0.32653061224489793,0.543859649122807,0.32653061224489793,False,False,True
CC1=NN=C2N1C3=C(C=C(C=C3)Cl)C(=NC2)C4=CC=CC=C4,CCN(C)C(=O)OC1=CC=CC(=C1)C(C)N(C)C,1,reported_twosides,0.8878636956214905,0.8156528342054271,0.8156528342054271,fitted,platt_logistic_regression,0.5092713250521524,1,0.4779216807857765,0.0436607892527288,0.5415617128463476,interaction,1,False,0.7659574468085106,0.32653061224489793,0.32653061224489793,False,False,True
CC1CN(CCN1)C2=C(C=C3C(=C2OC)N(C=C(C3=O)C(=O)O)C4CC4)F,CN1CCC(=C2C3=C(C(=O)CC4=CC=CC=C42)SC=C3)CC1,0,unreported_twosides_sampled,0.9904651641845703,0.9689837189673328,0.9689837189673328,fitted,platt_logistic_regression,0.5092713250521524,1,0.1382573061404807,0.0025188916876574307,0.8471872376154492,interaction,1,False,0.7230769230769231,0.3018867924528302,0.3018867924528302,False,False,True
C1CC(OC1CO)N2C=NC3=C2NC=NC3=O,CC12CCC3C(C1CCC2C(=O)NC4=C(C=CC(=C4)C(F)(F)F)C(F)(F)F)CCC5C3(C=CC(=O)N5)C,0,unreported_twosides_sampled,0.3385745882987976,0.35608202384581805,0.35608202384581805,fitted,platt_logistic_regression,0.5092713250521524,0,0.6511305656259155,0.32913518052057095,0.12678421494542402,no_interaction|interaction,2,True,0.3492063492063492,0.6417910447761194,0.3492063492063492,False,False,True
CC1=NN=C2N1C3=C(C=C(C=C3)Cl)C(=NC2)C4=CC=CC=C4,CCOC(=O)C(CCC1=CC=CC=C1)NC(C)C(=O)N2C3CCCCC3CC2C(=O)O,0,unreported_twosides_sampled,0.9424030184745789,0.8847625202129138,0.8847625202129138,fitted,platt_logistic_regression,0.5092713250521524,1,0.3573273559263783,0.022670025188916875,0.6649874055415617,interaction,1,False,0.7659574468085106,0.9636363636363636,0.7659574468085106,False,False,False
CCCCC(=O)N(CC1=CC=C(C=C1)C2=CC=CC=C2C3=NNN=N3)C(C(C)C)C(=O)O,CN(C)CCC1=CNC2=C1C=C(C=C2)CC3COC(=O)N3,1,reported_twosides,0.8382481932640076,0.7623000216788594,0.7623000216788594,fitted,platt_logistic_regression,0.5092713250521524,1,0.5484142069849597,0.0654911838790932,0.4643157010915197,interaction,1,False,0.4533333333333333,0.543859649122807,0.4533333333333333,False,False,False
C1CC(OC1CO)N2C=NC3=C2NC=NC3=O,CNC(=C[N+](=O)[O-])NCCSCC1=CC=C(O1)CN(C)C,1,reported_twosides,0.9249467253684998,0.8609395382088785,0.8609395382088785,fitted,platt_logistic_regression,0.5092713250521524,1,0.4032542780599795,0.028547439126784216,0.617968094038623,interaction,1,False,0.3492063492063492,0.603448275862069,0.3492063492063492,False,False,True
CC(C=CC(C)C(C)(C)O)C1CCC2C1(CCCC2=CC=C3CC(CC(C3)O)O)C,CN(C)CCC1=CNC2=C1C=C(C=C2)CC3COC(=O)N3,0,unreported_twosides_sampled,0.2917459011077881,0.3192144430540616,0.3192144430540616,fitted,platt_logistic_regression,0.5092713250521524,0,0.6262759083139703,0.3669185558354324,0.11083123425692695,no_interaction|interaction,2,True,0.5625,0.543859649122807,0.543859649122807,False,False,False
CC12CCC3C(C1CCC2C(=O)NC4=C(C=CC(=C4)C(F)(F)F)C(F)(F)F)CCC5C3(C=CC(=O)N5)C,CCN(C)C(=O)OC1=CC=CC(=C1)C(C)N(C)C,1,reported_twosides,0.22389280796051025,0.26350018332708364,0.26350018332708364,fitted,platt_logistic_regression,0.5092713250521524,0,0.5766862527104383,0.4282115869017632,0.08144416456759027,no_interaction,1,False,0.6417910447761194,0.32653061224489793,0.32653061224489793,False,False,True
C(CCl)NC(=O)N(CCCl)N=O,CC1=C(C(=O)C2=CC=CC=C2C1=O)CC=C(C)CCCC(C)CCCC(C)CCCC(C)C,0,unreported_twosides_sampled,0.014273719862103462,0.035584904851228304,0.035584904851228304,fitted,platt_logistic_regression,0.5092713250521524,0,0.15364944213829032,0.8312342569269522,0.0025188916876574307,no_interaction,1,False,0.2391304347826087,0.22058823529411764,0.22058823529411764,False,False,True
C1C(N(C2=C(N1)NC(=NC2=O)N)C=O)CNC3=CC=C(C=C3)C(=O)NC(CCC(=O)O)C(=O)O,C1CC(C1)CN2CCC34C5C(CCC3(C2CC6=C4C(=C(C=C6)O)O5)O)O,0,unreported_twosides_sampled,0.42002615332603455,0.4184990467334036,0.4184990467334036,fitted,platt_logistic_regression,0.5092713250521524,0,0.6798029067888938,0.27120067170445006,0.16036943744752308,no_interaction|interaction,2,True,0.5256410256410257,0.6451612903225806,0.5256410256410257,False,False,False
CN1CCC(=C2C3=C(C(=O)CC4=CC=CC=C42)SC=C3)CC1,CNC(=C[N+](=O)[O-])NCCSCC1=CC=C(O1)CN(C)C,1,reported_twosides,0.9925920963287354,0.9742947566291643,0.9742947566291643,fitted,platt_logistic_regression,0.5092713250521524,1,0.11948044145581607,0.0016792611251049538,0.869857262804366,interaction,1,False,0.3018867924528302,0.603448275862069,0.3018867924528302,False,False,True
CC(C)(C)NCC(C1=CC(=C(C=C1)O)CO)O,COC1=C(C=C(C=C1)C2=CC3=C(C=C2)C=C(C=C3)C(=O)O)C45CC6CC(C4)CC(C6)C5,0,unreported_twosides_sampled,0.6814563274383545,0.6209318536473314,0.6209318536473314,fitted,platt_logistic_regression,0.5092713250521524,1,0.6636060958296404,0.1385390428211587,0.3089840470193115,no_interaction|interaction,2,True,0.5227272727272727,0.288135593220339,0.288135593220339,False,False,True
C1=CC(=CC=C1N)S(=O)(=O)C2=CC=C(C=C2)N,CCOC1=C(C=CC(=C1)CC(=O)NC(CC(C)C)C2=CC=CC=C2N3CCCCC3)C(=O)O,0,unreported_twosides_sampled,0.42192336916923523,0.41993797321810894,0.41993797321810894,fitted,platt_logistic_regression,0.5092713250521524,0,0.6802719717004426,0.2703610411418976,0.16036943744752308,no_interaction|interaction,2,True,0.43333333333333335,0.2804878048780488,0.2804878048780488,False,False,True
CCC(C)C(=O)OC1CC(C=C2C1C(C(C=C2)C)CCC3CC(CC(=O)O3)O)C,CN1C=NC(=C1SC2=NC=NC3=C2NC=N3)[N+](=O)[O-],0,unreported_twosides_sampled,0.999971866607666,0.999619090597632,0.999619090597632,fitted,platt_logistic_regression,0.5092713250521524,1,0.0033797171456989026,0.0008396305625524769,0.9991603694374476,interaction,1,False,0.7424242424242424,0.25925925925925924,0.25925925925925924,False,False,True
CC(C)(C)NCC(C1=CC(=C(C=C1)O)CO)O,CN(C)NN=C1C(=NC=N1)C(=O)N,0,unreported_twosides_sampled,0.37472912669181824,0.3839802092270216,0.3839802092270216,fitted,platt_logistic_regression,0.5092713250521524,0,0.66597905521728,0.3064651553316541,0.13937867338371115,no_interaction|interaction,2,True,0.5227272727272727,0.24390243902439024,0.24390243902439024,False,False,True
CCCCC(=O)N(CC1=CC=C(C=C1)C2=CC=CC=C2C3=NNN=N3)C(C(C)C)C(=O)O,CN1CC(=O)N2C(C1=O)CC3=C(C2C4=CC5=C(C=C4)OCO5)NC6=CC=CC=C36,1,reported_twosides,0.9968668818473816,0.9865028381241157,0.9865028381241157,fitted,platt_logistic_regression,0.5092713250521524,1,0.07151466762244953,0.0008396305625524769,0.9202350965575147,interaction,1,False,0.4533333333333333,0.24050632911392406,0.24050632911392406,False,False,True
CC12CCC3C(C1CCC2O)C(CC4=C3C=CC(=C4)O)CCCCCCCCCS(=O)CCCC(C(F)(F)F)(F)F,CC1=NN=C(S1)SCC2=C(N3C(C(C3=O)NC(=O)CN4C=NN=N4)SC2)C(=O)[O-],0,unreported_twosides_sampled,0.3687319755554199,0.3793786150274007,0.3793786150274007,fitted,platt_logistic_regression,0.5092713250521524,0,0.6637591090421457,0.3089840470193115,0.1385390428211587,no_interaction|interaction,2,True,0.4492753623188406,0.4574468085106383,0.4492753623188406,False,False,False
CCOC(=O)N1CCC(=C2C3=C(CCC4=C2N=CC=C4)C=C(C=C3)Cl)CC1,CCOC1=C(C=CC(=C1)CC(=O)NC(CC(C)C)C2=CC=CC=C2N3CCCCC3)C(=O)O,1,reported_twosides,0.4025551676750183,0.4052268528682612,0.4052268528682612,fitted,platt_logistic_regression,0.5092713250521524,0,0.6750741382085464,0.2879932829554996,0.1528127623845508,no_interaction|interaction,2,True,0.5892857142857143,0.2804878048780488,0.2804878048780488,False,False,True
CC12CCC3C(C1CCC2C(=O)NC4=C(C=CC(=C4)C(F)(F)F)C(F)(F)F)CCC5C3(C=CC(=O)N5)C,CCC(C)C(=O)OC1CC(C=C2C1C(C(C=C2)C)CCC3CC(CC(=O)O3)O)C,1,reported_twosides,0.820094108581543,0.7442043346536827,0.7442043346536827,fitted,platt_logistic_regression,0.5092713250521524,1,0.5686132164504272,0.07724601175482787,0.4374475230898405,interaction,1,False,0.6417910447761194,0.7424242424242424,0.6417910447761194,False,False,False
CC(C)(C(=O)O)ON=C(C1=CSC(=N1)N)C(=O)NC2C3N(C2=O)C(=C(CS3)C[N+]4=CC=CC=C4)C(=O)[O-],CC1=C(C(C(=C(N1)C)C(=O)OCC(C)C)C2=CC=CC=C2[N+](=O)[O-])C(=O)OC,0,unreported_twosides_sampled,0.1603076010942459,0.2072940979267017,0.2072940979267017,fitted,platt_logistic_regression,0.5092713250521524,0,0.5103494148822306,0.5020990764063812,0.055415617128463476,no_interaction,1,False,0.6428571428571429,0.8043478260869565,0.6428571428571429,False,False,False
C(CCl)NC(=O)N(CCCl)N=O,CCCCC(=O)N(CC1=CC=C(C=C1)C2=CC=CC=C2C3=NNN=N3)C(C(C)C)C(=O)O,0,unreported_twosides_sampled,0.037520840764045715,0.07258665915720013,0.07258665915720013,fitted,platt_logistic_regression,0.5092713250521524,0,0.26027901661176006,0.743073047858942,0.009235936188077247,no_interaction,1,False,0.2391304347826087,0.4533333333333333,0.2391304347826087,False,False,True
C1CN=C(N1)NC2=C(C=CC=C2Cl)Cl,CCC(C)C(=O)OC1CC(C=C2C1C(C(C=C2)C)CCC3CC(CC(=O)O3)O)C,1,reported_twosides,0.9998990297317505,0.9989954471993686,0.9989954471993686,fitted,platt_logistic_regression,0.5092713250521524,1,0.007938689831070664,0.0008396305625524769,0.9949622166246851,interaction,1,False,0.5853658536585366,0.7424242424242424,0.5853658536585366,False,False,False
CCN(C)C(=O)OC1=CC=CC(=C1)C(C)N(C)C,CN1C=NC(=C1SC2=NC=NC3=C2NC=N3)[N+](=O)[O-],0,unreported_twosides_sampled,0.9987583160400391,0.9932799559083659,0.9932799559083659,fitted,platt_logistic_regression,0.5092713250521524,1,0.040315513406574785,0.0008396305625524769,0.9487825356842989,interaction,1,False,0.32653061224489793,0.25925925925925924,0.25925925925925924,False,False,True
CC1C2C(C(=O)N2C(=C1SC3CC(NC3)C(=O)NC4=CC=CC(=C4)C(=O)O)C(=O)O)C(C)O,CCCN1CC(CC2C1CC3=CNC4=CC=CC2=C34)CSC,0,unreported_twosides_sampled,0.2848173975944519,0.3136680240929694,0.3136680240929694,fitted,platt_logistic_regression,0.5092713250521524,0,0.6220041388482833,0.3711167086481948,0.10747271200671704,no_interaction|interaction,2,True,0.23529411764705882,0.42168674698795183,0.23529411764705882,False,False,True
CC1C2C(C(=O)N2C(=C1SC3CC(NC3)C(=O)NC4=CC=CC(=C4)C(=O)O)C(=O)O)C(C)O,CN1C(=C(NC2=CC=CC=N2)O)C(=O)C3=CC=CC=C3S1(=O)=O,0,unreported_twosides_sampled,0.9860073328018188,0.9587923758113693,0.9587923758113693,fitted,platt_logistic_regression,0.5092713250521524,1,0.17176323381363368,0.0041981528127623844,0.815281276238455,interaction,1,False,0.23529411764705882,0.62,0.23529411764705882,False,False,True
CC(C)C(CCCN(C)CCC1=CC(=C(C=C1)OC)OC)(C#N)C2=CC(=C(C=C2)OC)OC,CCOC(=O)N1CCC(=C2C3=C(CCC4=C2N=CC=C4)C=C(C=C3)Cl)CC1,1,reported_twosides,0.2666632831096649,0.29899887249871976,0.29899887249871976,fitted,platt_logistic_regression,0.5092713250521524,0,0.6100136610204371,0.3853904282115869,0.10075566750629723,no_interaction|interaction,2,True,0.23529411764705882,0.5892857142857143,0.23529411764705882,False,False,True
CN1C=NC(=C1SC2=NC=NC3=C2NC=N3)[N+](=O)[O-],C[N+](C)(C)CC(CC(=O)O)O,0,unreported_twosides_sampled,0.007992477156221867,0.02309519001521429,0.02309519001521429,fitted,platt_logistic_regression,0.5092713250521524,0,0.10985211826952859,0.8774139378673383,0.0016792611251049538,no_interaction,1,False,0.25925925925925924,0.36666666666666664,0.25925925925925924,False,False,True
CC(C)C(CCCN(C)CCC1=CC(=C(C=C1)OC)OC)(C#N)C2=CC(=C(C=C2)OC)OC,CCC(C)C(=O)OC1CC(C=C2C1C(C(C=C2)C)CCC3CC(CC(=O)O3)O)C,1,reported_twosides,0.9220893979072571,0.8572206889775865,0.8572206889775865,fitted,platt_logistic_regression,0.5092713250521524,1,0.4099768376217865,0.028547439126784216,0.6146095717884131,interaction,1,False,0.23529411764705882,0.7424242424242424,0.23529411764705882,False,False,True
C(CCl)NC(=O)N(CCCl)N=O,C1C(N(C2=C(N1)NC(=NC2=O)N)C=O)CNC3=CC=C(C=C3)C(=O)NC(CCC(=O)O)C(=O)O,1,reported_twosides,0.08852139860391617,0.13534289031899488,0.13534289031899488,fitted,platt_logistic_regression,0.5092713250521524,0,0.3964185605803456,0.6213266162888329,0.02518891687657431,no_interaction,1,False,0.2391304347826087,0.5256410256410257,0.2391304347826087,False,False,True
C1CC(C1)(C(=O)O)C(=O)O.N.N.[Pt],CC(C=CC(C)C(C)(C)O)C1CCC2C1(CCCC2=CC=C3CC(CC(C3)O)O)C,0,unreported_twosides_sampled,0.04592979699373245,0.08413793017867705,0.08413793017867705,fitted,platt_logistic_regression,0.5092713250521524,0,0.2887610969950702,0.7178841309823678,0.0109151973131822,no_interaction,1,False,0.26666666666666666,0.5625,0.26666666666666666,False,False,True
CC(C=CC(C)C(C)(C)O)C1CCC2C1(CCCC2=CC=C3CC(CC(C3)O)O)C,CN1CCC(=C2C3=C(C(=O)CC4=CC=CC=C42)SC=C3)CC1,0,unreported_twosides_sampled,0.9857332706451416,0.9581980662481603,0.9581980662481603,fitted,platt_logistic_regression,0.5092713250521524,1,0.1736291070365404,0.0041981528127623844,0.8119227539882452,interaction,1,False,0.5625,0.3018867924528302,0.3018867924528302,False,False,True
CC(C)C(CCCN(C)CCC1=CC(=C(C=C1)OC)OC)(C#N)C2=CC(=C(C=C2)OC)OC,CC(C=CC(C)C(C)(C)O)C1CCC2C1(CCCC2=CC=C3CC(CC(C3)O)O)C,1,reported_twosides,0.04606366902589798,0.08431661001042286,0.08431661001042286,fitted,platt_logistic_regression,0.5092713250521524,0,0.28918747168401804,0.7145256087321579,0.0109151973131822,no_interaction,1,False,0.23529411764705882,0.5625,0.23529411764705882,False,False,True
CC(C)C(C(=O)OCC(CO)OCN1C=NC2=C1NC(=NC2=O)N)N,CC1=NN=C(S1)SCC2=C(N3C(C(C3=O)NC(=O)CN4C=NN=N4)SC2)C(=O)[O-],0,unreported_twosides_sampled,0.3095893859863281,0.3333808063570649,0.3333808063570649,fitted,platt_logistic_regression,0.5092713250521524,0,0.6365470690166875,0.3509655751469353,0.11670864819479429,no_interaction|interaction,2,True,0.7307692307692307,0.4574468085106383,0.4574468085106383,False,False,False
CC(C)C(CCCN(C)CCC1=CC(=C(C=C1)OC)OC)(C#N)C2=CC(=C(C=C2)OC)OC,CC12CCC3C(C1CCC2(C)O)CCC4C3(COC(=O)C4)C,0,unreported_twosides_sampled,0.21759966015815735,0.25814440113159687,0.25814440113159687,fitted,platt_logistic_regression,0.5092713250521524,0,0.5711070570495992,0.4357682619647355,0.07724601175482787,no_interaction,1,False,0.23529411764705882,0.31343283582089554,0.23529411764705882,False,False,True
CCOC1=C(C=CC(=C1)CC(=O)NC(CC(C)C)C2=CC=CC=C2N3CCCCC3)C(=O)O,CN1CCC(=C2C3=C(C(=O)CC4=CC=CC=C42)SC=C3)CC1,0,unreported_twosides_sampled,0.9823381900787354,0.9510793448439303,0.9510793448439303,fitted,platt_logistic_regression,0.5092713250521524,1,0.19532483079970375,0.005037783375314861,0.7968094038623006,interaction,1,False,0.2804878048780488,0.3018867924528302,0.2804878048780488,False,False,True
CCOC(=O)N1CCC(=C2C3=C(CCC4=C2N=CC=C4)C=C(C=C3)Cl)CC1,COC1=C(C=C(C=C1)C2=CC3=C(C=C2)C=C(C=C3)C(=O)O)C45CC6CC(C4)CC(C6)C5,1,reported_twosides,0.7711387276649475,0.698137972924355,0.698137972924355,fitted,platt_logistic_regression,0.5092713250521524,1,0.6124337482249542,0.10327455919395466,0.382031905961377,no_interaction|interaction,2,True,0.5892857142857143,0.288135593220339,0.288135593220339,False,False,True
C1CN=C(N1)NC2=C(C=CC=C2Cl)Cl,CCCCC(=O)N(CC1=CC=C(C=C1)C2=CC=CC=C2C3=NNN=N3)C(C(C)C)C(=O)O,1,reported_twosides,0.998150110244751,0.9909217008193049,0.9909217008193049,fitted,platt_logistic_regression,0.5092713250521524,1,0.05172193436904786,0.0008396305625524769,0.9361880772460117,interaction,1,False,0.5853658536585366,0.4533333333333333,0.4533333333333333,False,False,False
CC1=NN=C(S1)SCC2=C(N3C(C(C3=O)NC(=O)CN4C=NN=N4)SC2)C(=O)[O-],CC1CC2C3CCC4=CC(=O)C=CC4(C3(C(CC2(C1(C(=O)CO)O)C)O)F)C,1,reported_twosides,0.14517822861671448,0.19307597492284187,0.19307597492284187,fitted,platt_logistic_regression,0.5092713250521524,0,0.49065254596952235,0.5289672544080605,0.047019311502938706,no_interaction,1,False,0.4574468085106383,0.8596491228070176,0.4574468085106383,False,False,False
C1C(N(C2=C(N1)NC(=NC2=O)N)C=O)CNC3=CC=C(C=C3)C(=O)NC(CCC(=O)O)C(=O)O,CN1CC(=O)N2C(C1=O)CC3=C(C2C4=CC5=C(C=C4)OCO5)NC6=CC=CC=C36,0,unreported_twosides_sampled,0.9990156888961792,0.9943615322183283,0.9943615322183283,fitted,platt_logistic_regression,0.5092713250521524,1,0.03481933368602147,0.0008396305625524769,0.9580184718723762,interaction,1,False,0.5256410256410257,0.24050632911392406,0.24050632911392406,False,False,True
CCOC1=C(C=CC(=C1)CC(=O)NC(CC(C)C)C2=CC=CC=C2N3CCCCC3)C(=O)O,CN1C(=C(NC2=CC=CC=N2)O)C(=O)C3=CC=CC=C3S1(=O)=O,0,unreported_twosides_sampled,0.785472571849823,0.7112663814212934,0.7112663814212934,fitted,platt_logistic_regression,0.5092713250521524,1,0.6010138870884191,0.09571788413098237,0.39462636439966414,interaction,1,False,0.2804878048780488,0.62,0.2804878048780488,False,False,True
CC(C)C(C(=O)OCC(CO)OCN1C=NC2=C1NC(=NC2=O)N)N,CCOC(=O)N1CCC(=C2C3=C(CCC4=C2N=CC=C4)C=C(C=C3)Cl)CC1,1,reported_twosides,0.032120466232299805,0.06477504567978386,0.06477504567978386,fitted,platt_logistic_regression,0.5092713250521524,0,0.23990892073637235,0.7565071368597817,0.006717044500419815,no_interaction,1,False,0.7307692307692307,0.5892857142857143,0.5892857142857143,False,False,False
CC1CN(CCN1)C2=C(C=C3C(=C2OC)N(C=C(C3=O)C(=O)O)C4CC4)F,CN(C)CCC1=CNC2=C1C=C(C=C2)CC3COC(=O)N3,1,reported_twosides,0.35824400186538696,0.37130817859497794,0.37130817859497794,fitted,platt_logistic_regression,0.5092713250521524,0,0.6596482462971491,0.31738035264483627,0.1351805205709488,no_interaction|interaction,2,True,0.7230769230769231,0.543859649122807,0.543859649122807,False,False,False
C(CCl)NC(=O)N(CCCl)N=O,CN1C=NC(=C1SC2=NC=NC3=C2NC=N3)[N+](=O)[O-],0,unreported_twosides_sampled,0.13638098537921906,0.18461545283441075,0.18461545283441075,fitted,platt_logistic_regression,0.5092713250521524,0,0.47832042944687375,0.5415617128463476,0.0436607892527288,no_interaction,1,False,0.2391304347826087,0.25925925925925924,0.2391304347826087,False,False,True
CCOC(=O)N1CCC(=C2C3=C(CCC4=C2N=CC=C4)C=C(C=C3)Cl)CC1,CN1C(=C(NC2=CC=CC=N2)O)C(=O)C3=CC=CC=C3S1(=O)=O,1,reported_twosides,0.4982539713382721,0.47770578695741733,0.47770578695741733,fitted,platt_logistic_regression,0.5092713250521524,0,0.6921527870396844,0.22082283795130142,0.1897565071368598,no_interaction|interaction,2,True,0.5892857142857143,0.62,0.5892857142857143,False,False,False
CC12CCC3C(C1CCC2(C#C)O)CCC4=CC(=O)CCC34,CC12CCC3C(C1CCC2O)C(CC4=C3C=CC(=C4)O)CCCCCCCCCS(=O)CCCC(C(F)(F)F)(F)F,0,unreported_twosides_sampled,0.020324043929576874,0.046238753044910715,0.046238753044910715,fitted,platt_logistic_regression,0.5092713250521524,0,0.18728788832525456,0.8026868178001679,0.005037783375314861,no_interaction,1,False,0.7169811320754716,0.4492753623188406,0.4492753623188406,False,False,False
CC1=C(C(C(=C(N1)C)C(=O)OCC(C)C)C2=CC=CC=C2[N+](=O)[O-])C(=O)OC,CC1CN(CCN1)C2=C(C=C3C(=C2OC)N(C=C(C3=O)C(=O)O)C4CC4)F,0,unreported_twosides_sampled,0.7494387030601501,0.6787402468821006,0.6787402468821006,fitted,platt_logistic_regression,0.5092713250521524,1,0.6278153799283901,0.11167086481947942,0.36439966414777497,no_interaction|interaction,2,True,0.8043478260869565,0.7230769230769231,0.7230769230769231,False,False,False
CC(C)(C)NCC(C1=CC(=C(C=C1)O)CO)O,CCOC1=C(C=CC(=C1)CC(=O)NC(CC(C)C)C2=CC=CC=C2N3CCCCC3)C(=O)O,1,reported_twosides,0.4969528615474701,0.47671986395135557,0.47671986395135557,fitted,platt_logistic_regression,0.5092713250521524,0,0.6920628591166958,0.22082283795130142,0.1889168765743073,no_interaction|interaction,2,True,0.5227272727272727,0.2804878048780488,0.2804878048780488,False,False,True
C1=CC(=CC=C1N)S(=O)(=O)C2=CC=C(C=C2)N,C1CC(OC1CO)N2C=NC3=C2NC=NC3=O,1,reported_twosides,0.9014753103256226,0.8315961555246987,0.8315961555246987,fitted,platt_logistic_regression,0.5092713250521524,1,0.45334625469208834,0.038623005877413935,0.5659109991603695,interaction,1,False,0.43333333333333335,0.3492063492063492,0.3492063492063492,False,False,True
CN1C=NC(=C1SC2=NC=NC3=C2NC=N3)[N+](=O)[O-],CN1CCC(=C2C3=C(C(=O)CC4=CC=CC=C42)SC=C3)CC1,0,unreported_twosides_sampled,0.9966018199920654,0.9856537976416941,0.9856537976416941,fitted,platt_logistic_regression,0.5092713250521524,1,0.07513195643983231,0.0008396305625524769,0.9143576826196473,interaction,1,False,0.25925925925925924,0.3018867924528302,0.25925925925925924,False,False,True
CC1=C(SC=C1)C(=CCCN2CCCC(C2)C(=O)O)C3=C(C=CS3)C,CCC(C)C(=O)OC1CC(C=C2C1C(C(C=C2)C)CCC3CC(CC(=O)O3)O)C,0,unreported_twosides_sampled,0.9081788063049316,0.839715378290579,0.839715378290579,fitted,platt_logistic_regression,0.5092713250521524,1,0.44014154588095344,0.03442485306465155,0.5776658270361041,interaction,1,False,0.26865671641791045,0.7424242424242424,0.26865671641791045,False,False,True
C1=CC(=CC=C1N)S(=O)(=O)C2=CC=C(C=C2)N,CC1=C(SC=C1)C(=CCCN2CCCC(C2)C(=O)O)C3=C(C=CS3)C,0,unreported_twosides_sampled,0.11187051981687546,0.16015666086117208,0.16015666086117208,fitted,platt_logistic_regression,0.5092713250521524,0,0.4399295675595445,0.5776658270361041,0.03442485306465155,no_interaction,1,False,0.43333333333333335,0.26865671641791045,0.26865671641791045,False,False,True
CC(C=CC(C)C(C)(C)O)C1CCC2C1(CCCC2=CC=C3CC(CC(C3)O)O)C,CC1=C(SC=C1)C(=CCCN2CCCC(C2)C(=O)O)C3=C(C=CS3)C,0,unreported_twosides_sampled,0.30642443895339966,0.3308797254935179,0.3308797254935179,fitted,platt_logistic_regression,0.5092713250521524,0,0.6347998947980575,0.3534844668345928,0.11418975650713686,no_interaction|interaction,2,True,0.5625,0.26865671641791045,0.26865671641791045,False,False,True
CC12CCC3C(C1CCC2C(=O)NC4=C(C=CC(=C4)C(F)(F)F)C(F)(F)F)CCC5C3(C=CC(=O)N5)C,CN(C)NN=C1C(=NC=N1)C(=O)N,0,unreported_twosides_sampled,0.5891451239585876,0.5472954112813392,0.5472954112813392,fitted,platt_logistic_regression,0.5092713250521524,1,0.6886667733457751,0.17716204869857263,0.23761544920235098,no_interaction|interaction,2,True,0.6417910447761194,0.24390243902439024,0.24390243902439024,False,False,True
CC(C)C(CCCN(C)CCC1=CC(=C(C=C1)OC)OC)(C#N)C2=CC(=C(C=C2)OC)OC,CN1C=NC(=C1SC2=NC=NC3=C2NC=N3)[N+](=O)[O-],1,reported_twosides,0.9804952144622803,0.9473800973252867,0.9473800973252867,fitted,platt_logistic_regression,0.5092713250521524,1,0.2061583004972759,0.005877413937867338,0.7875734676742233,interaction,1,False,0.23529411764705882,0.25925925925925924,0.23529411764705882,False,False,True
CCOC1=C(C=CC(=C1)CC(=O)NC(CC(C)C)C2=CC=CC=C2N3CCCCC3)C(=O)O,CNC(=C[N+](=O)[O-])NCCSCC1=CC=C(O1)CN(C)C,1,reported_twosides,0.9306210875511169,0.8684648723992732,0.8684648723992732,fitted,platt_logistic_regression,0.5092713250521524,1,0.38929453693383953,0.02518891687657431,0.6314021830394626,interaction,1,False,0.2804878048780488,0.603448275862069,0.2804878048780488,False,False,True
CC(C)(C)NCC(C1=CC(=C(C=C1)O)CO)O,CC12CCC3C(C1CCC2C(=O)NC4=C(C=CC(=C4)C(F)(F)F)C(F)(F)F)CCC5C3(C=CC(=O)N5)C,1,reported_twosides,0.13230237364768982,0.18064007390338893,0.18064007390338893,fitted,platt_logistic_regression,0.5092713250521524,0,0.47236267469369203,0.5482787573467675,0.042821158690176324,no_interaction,1,False,0.5227272727272727,0.6417910447761194,0.5227272727272727,False,False,False
C1C(C(C(C(C1N)OC2C(C(C(C(O2)CN)O)O)O)O)OC3C(C(C(C(O3)CO)O)N)O)N,C1CN=C(N1)NC2=C(C=CC=C2Cl)Cl,0,unreported_twosides_sampled,0.9729728698730469,0.9332104233042751,0.9332104233042751,fitted,platt_logistic_regression,0.5092713250521524,1,0.2452542720823817,0.007556675062972292,0.7548278757346767,interaction,1,False,0.7727272727272727,0.5853658536585366,0.5853658536585366,False,False,False
C1=CC(=C2NC(=C3C=CC=CC3=O)N(N2)C4=CC=C(C=C4)C(=O)O)C(=O)C=C1,CN(C)CCC1=CNC2=C1C=C(C=C2)CC3COC(=O)N3,0,unreported_twosides_sampled,0.7270398139953613,0.659245575111255,0.659245575111255,fitted,platt_logistic_regression,0.5092713250521524,1,0.641534615826391,0.11922753988245172,0.3434089000839631,no_interaction|interaction,2,True,0.22033898305084745,0.543859649122807,0.22033898305084745,False,False,True
C1CC(C1)(C(=O)O)C(=O)O.N.N.[Pt],CC1=NN=C2N1C3=C(C=C(C=C3)Cl)C(=NC2)C4=CC=CC=C4,1,reported_twosides,0.044626131653785706,0.08238993797093398,0.08238993797093398,fitted,platt_logistic_regression,0.5092713250521524,0,0.2845679742565109,0.7204030226700252,0.0109151973131822,no_interaction,1,False,0.26666666666666666,0.7659574468085106,0.26666666666666666,False,False,True
CCN(C)C(=O)OC1=CC=CC(=C1)C(C)N(C)C,CN1C(=C(NC2=CC=CC=N2)O)C(=O)C3=CC=CC=C3S1(=O)=O,0,unreported_twosides_sampled,0.9893394112586975,0.9663050385265245,0.9663050385265245,fitted,platt_logistic_regression,0.5092713250521524,1,0.14736043271811414,0.0025188916876574307,0.8371116708648195,interaction,1,False,0.32653061224489793,0.62,0.32653061224489793,False,False,True
CC1CN(CCN1)C2=C(C=C3C(=C2OC)N(C=C(C3=O)C(=O)O)C4CC4)F,CN1C=NC(=C1SC2=NC=NC3=C2NC=N3)[N+](=O)[O-],0,unreported_twosides_sampled,0.9968384504318237,0.9864109107288807,0.9864109107288807,fitted,platt_logistic_regression,0.5092713250521524,1,0.07190887458076706,0.0008396305625524769,0.9202350965575147,interaction,1,False,0.7230769230769231,0.25925925925925924,0.25925925925925924,False,False,True
C1CC(C1)CN2CCC34C5C(CCC3(C2CC6=C4C(=C(C=C6)O)O5)O)O,CC(C)C(CCCN(C)CCC1=CC(=C(C=C1)OC)OC)(C#N)C2=CC(=C(C=C2)OC)OC,0,unreported_twosides_sampled,0.027943355962634087,0.05847399887106635,0.05847399887106635,fitted,platt_logistic_regression,0.5092713250521524,0,0.22274786621341597,0.7732997481108312,0.005877413937867338,no_interaction,1,False,0.6451612903225806,0.23529411764705882,0.23529411764705882,False,False,True
CC12CCC3C(C1CCC2(C)O)CCC4C3(COC(=O)C4)C,CC1CC2C3CCC4=CC(=O)C=CC4(C3(C(CC2(C1(C(=O)CO)O)C)O)F)C,1,reported_twosides,0.8227573037147522,0.7468198859943347,0.7468198859943347,fitted,platt_logistic_regression,0.5092713250521524,1,0.5658019642828555,0.07472712006717044,0.44080604534005036,interaction,1,False,0.31343283582089554,0.8596491228070176,0.31343283582089554,False,False,True
C1=CC(=CC=C1N)S(=O)(=O)C2=CC=C(C=C2)N,CC1=C(C(C(=C(N1)C)C(=O)OCC(C)C)C2=CC=CC=C2[N+](=O)[O-])C(=O)OC,0,unreported_twosides_sampled,0.5271915197372437,0.4996841040740693,0.4996841040740693,fitted,platt_logistic_regression,0.5092713250521524,0,0.6931469809794599,0.2040302267002519,0.20235096557514692,no_interaction|interaction,2,True,0.43333333333333335,0.8043478260869565,0.43333333333333335,False,False,False
CC1=NN=C(S1)SCC2=C(N3C(C(C3=O)NC(=O)CN4C=NN=N4)SC2)C(=O)[O-],CNC(=C[N+](=O)[O-])NCCSCC1=CC=C(O1)CN(C)C,1,reported_twosides,0.9620382785797119,0.9145526344150056,0.9145526344150056,fitted,platt_logistic_regression,0.5092713250521524,1,0.29187618053638614,0.0109151973131822,0.7136859781696053,interaction,1,False,0.4574468085106383,0.603448275862069,0.4574468085106383,False,False,False
C1C(OC(S1)CO)N2C=C(C(=NC2=O)N)F,CC1=NN=C2N1C3=C(C=C(C=C3)Cl)C(=NC2)C4=CC=CC=C4,0,unreported_twosides_sampled,0.6023327708244324,0.5575761065213275,0.5575761065213275,fitted,platt_logistic_regression,0.5092713250521524,1,0.6865024338315157,0.17296389588581024,0.24601175482787574,no_interaction|interaction,2,True,0.6326530612244898,0.7659574468085106,0.6326530612244898,False,False,False
C1=CC(=CC=C1N)S(=O)(=O)C2=CC=C(C=C2)N,CC(C)(C(=O)O)ON=C(C1=CSC(=N1)N)C(=O)NC2C3N(C2=O)C(=C(CS3)C[N+]4=CC=CC=C4)C(=O)[O-],1,reported_twosides,0.19210468232631683,0.23602329010758813,0.23602329010758813,fitted,platt_logistic_regression,0.5092713250521524,0,0.5464525402961569,0.46767422334172964,0.06465155331654072,no_interaction,1,False,0.43333333333333335,0.6428571428571429,0.43333333333333335,False,False,False
C1C(N(C2=C(N1)NC(=NC2=O)N)C=O)CNC3=CC=C(C=C3)C(=O)NC(CCC(=O)O)C(=O)O,C1CC(OC1CO)N2C=NC3=C2NC=NC3=O,1,reported_twosides,0.9517894983291626,0.8985236026535247,0.8985236026535247,fitted,platt_logistic_regression,0.5092713250521524,1,0.32831489279075343,0.017632241813602016,0.6817800167926112,interaction,1,False,0.5256410256410257,0.3492063492063492,0.3492063492063492,False,False,True
CC12CCC3C(C1CCC2(C)O)CCC4C3(COC(=O)C4)C,CCOC(=O)N1CCC(=C2C3=C(CCC4=C2N=CC=C4)C=C(C=C3)Cl)CC1,0,unreported_twosides_sampled,0.4430341124534607,0.4359273216797264,0.4359273216797264,fitted,platt_logistic_regression,0.5092713250521524,0,0.6849139440243022,0.25356842989084805,0.16792611251049538,no_interaction|interaction,2,True,0.31343283582089554,0.5892857142857143,0.31343283582089554,False,False,True
C1CC(OC1CO)N2C=NC3=C2NC=NC3=O,CC1=NN=C(S1)SCC2=C(N3C(C(C3=O)NC(=O)CN4C=NN=N4)SC2)C(=O)[O-],0,unreported_twosides_sampled,0.9802835583686829,0.9469618183464799,0.9469618183464799,fitted,platt_logistic_regression,0.5092713250521524,1,0.20736562977826933,0.005877413937867338,0.7858942065491183,interaction,1,False,0.3492063492063492,0.4574468085106383,0.3492063492063492,False,False,True
CC(C)(C)NCC(C1=CC(=C(C=C1)O)CO)O,CC12CCC3C(C1CCC2(C#C)O)CCC4=CC(=O)CCC34,1,reported_twosides,0.037652142345905304,0.07277241419908101,0.07277241419908101,fitted,platt_logistic_regression,0.5092713250521524,0,0.26075199345659994,0.7422334172963896,0.009235936188077247,no_interaction,1,False,0.5227272727272727,0.7169811320754716,0.5227272727272727,False,False,False
C1CC(OC1CO)N2C=NC3=C2NC=NC3=O,CN1C(=C(NC2=CC=CC=N2)O)C(=O)C3=CC=CC=C3S1(=O)=O,0,unreported_twosides_sampled,0.9948148131370544,0.9803068846079592,0.9803068846079592,fitted,platt_logistic_regression,0.5092713250521524,1,0.09684235889848647,0.0008396305625524769,0.8900083963056256,interaction,1,False,0.3492063492063492,0.62,0.3492063492063492,False,False,True
C1=CC(=CC=C1N)S(=O)(=O)C2=CC=C(C=C2)N,CC1CN(CCN1)C2=C(C=C3C(=C2OC)N(C=C(C3=O)C(=O)O)C4CC4)F,0,unreported_twosides_sampled,0.37411925196647644,0.38351266513507554,0.38351266513507554,fitted,platt_logistic_regression,0.5092713250521524,0,0.6657575905541764,0.3064651553316541,0.13937867338371115,no_interaction|interaction,2,True,0.43333333333333335,0.7230769230769231,0.43333333333333335,False,False,False
CC1=NN=C2N1C3=C(C=C(C=C3)Cl)C(=NC2)C4=CC=CC=C4,CN1C=NC(=C1SC2=NC=NC3=C2NC=N3)[N+](=O)[O-],1,reported_twosides,0.9925534129142761,0.9741947818157228,0.9741947818157228,fitted,platt_logistic_regression,0.5092713250521524,1,0.11984365249831669,0.0016792611251049538,0.8690176322418136,interaction,1,False,0.7659574468085106,0.25925925925925924,0.25925925925925924,False,False,True
C1CC(OC1CO)N2C=NC3=C2NC=NC3=O,CC12CCC3C(C1CCC2(C)O)CCC4C3(COC(=O)C4)C,1,reported_twosides,0.9780529737472534,0.9426290374011773,0.9426290374011773,fitted,platt_logistic_regression,0.5092713250521524,1,0.21967150131566907,0.005877413937867338,0.7774979009235936,interaction,1,False,0.3492063492063492,0.31343283582089554,0.31343283582089554,False,False,True
C(CCl)NC(=O)N(CCCl)N=O,CC1=NN=C2N1C3=C(C=C(C=C3)Cl)C(=NC2)C4=CC=CC=C4,0,unreported_twosides_sampled,0.00894945114850998,0.025132004625806177,0.025132004625806177,fitted,platt_logistic_regression,0.5092713250521524,0,0.1173900993926824,0.8723761544920235,0.0016792611251049538,no_interaction,1,False,0.2391304347826087,0.7659574468085106,0.2391304347826087,False,False,True
C1=CC(=C2NC(=C3C=CC=CC3=O)N(N2)C4=CC=C(C=C4)C(=O)O)C(=O)C=C1,C[N+](C)(C)CC(CC(=O)O)O,0,unreported_twosides_sampled,0.005806343164294958,0.018180189903612597,0.018180189903612597,fitted,platt_logistic_regression,0.5092713250521524,0,0.09086962608295321,0.8984047019311503,0.0008396305625524769,no_interaction,1,False,0.22033898305084745,0.36666666666666664,0.22033898305084745,False,False,True
C1=CC(=C2NC(=C3C=CC=CC3=O)N(N2)C4=CC=C(C=C4)C(=O)O)C(=O)C=C1,C1=CC(=CC=C1N)S(=O)(=O)C2=CC=C(C=C2)N,0,unreported_twosides_sampled,0.13884571194648743,0.187001203638302,0.187001203638302,fitted,platt_logistic_regression,0.5092713250521524,0,0.48184534445711635,0.5398824517212426,0.04450041981528128,no_interaction,1,False,0.22033898305084745,0.43333333333333335,0.22033898305084745,False,False,True
CC(C)C(C(=O)OCC(CO)OCN1C=NC2=C1NC(=NC2=O)N)N,CCCCC(=O)N(CC1=CC=C(C=C1)C2=CC=CC=C2C3=NNN=N3)C(C(C)C)C(=O)O,1,reported_twosides,0.9200597405433655,0.854606131864237,0.854606131864237,fitted,platt_logistic_regression,0.5092713250521524,1,0.414635372109755,0.02938706968933669,0.6062132661628883,interaction,1,False,0.7307692307692307,0.4533333333333333,0.4533333333333333,False,False,False
C1CC(OC1CO)N2C=NC3=C2NC=NC3=O,CC1(C(N2C(S1)C(C2=O)NC(=O)C(C3=CC=CC=C3)N)C(=O)[O-])C,0,unreported_twosides_sampled,0.4692212641239166,0.45573265297691384,0.45573265297691384,fitted,platt_logistic_regression,0.5092713250521524,0,0.689222848381658,0.23761544920235098,0.17968094038623006,no_interaction|interaction,2,True,0.3492063492063492,0.6119402985074627,0.3492063492063492,False,False,True
CCOC(=O)N1CCC(=C2C3=C(CCC4=C2N=CC=C4)C=C(C=C3)Cl)CC1,CN(C)CCC1=CNC2=C1C=C(C=C2)CC3COC(=O)N3,1,reported_twosides,0.38908106088638306,0.3949581121620716,0.3949581121620716,fitted,platt_logistic_regression,0.5092713250521524,0,0.6709143224927816,0.2989084802686818,0.1486146095717884,no_interaction|interaction,2,True,0.5892857142857143,0.543859649122807,0.543859649122807,False,False,False
C1CC(C1)(C(=O)O)C(=O)O.N.N.[Pt],CC12CCC3C(C1CCC2O)C(CC4=C3C=CC(=C4)O)CCCCCCCCCS(=O)CCCC(C(F)(F)F)(F)F,1,reported_twosides,0.024668335914611816,0.05334627782337736,0.05334627782337736,fitted,platt_logistic_regression,0.5092713250521524,0,0.20825269569523133,0.7858942065491183,0.005877413937867338,no_interaction,1,False,0.26666666666666666,0.4492753623188406,0.26666666666666666,False,False,True
CCCCC(=O)N(CC1=CC=C(C=C1)C2=CC=CC=C2C3=NNN=N3)C(C(C)C)C(=O)O,CN1CCC23C=CC(CC2OC4=C(C=CC(=C34)C1)OC)O,0,unreported_twosides_sampled,0.9998207688331604,0.9984476242553975,0.9984476242553975,fitted,platt_logistic_regression,0.5092713250521524,1,0.011591888041029296,0.0008396305625524769,0.9916036943744753,interaction,1,False,0.4533333333333333,0.375,0.375,False,False,True
C1=CC(=C2NC(=C3C=CC=CC3=O)N(N2)C4=CC=C(C=C4)C(=O)O)C(=O)C=C1,CCC(C)C(=O)OC1CC(C=C2C1C(C(C=C2)C)CCC3CC(CC(=O)O3)O)C,0,unreported_twosides_sampled,0.9920313358306885,0.9728587200564676,0.9728587200564676,fitted,platt_logistic_regression,0.5092713250521524,1,0.12466001701686424,0.0016792611251049538,0.8606213266162889,interaction,1,False,0.22033898305084745,0.7424242424242424,0.22033898305084745,False,False,True
CC(C)(C)NCC(C1=CC(=C(C=C1)O)CO)O,CC(C=CC(C)C(C)(C)O)C1CCC2C1(CCCC2=CC=C3CC(CC(C3)O)O)C,1,reported_twosides,0.6712742447853088,0.6125830540387479,0.6125830540387479,fitted,platt_logistic_regression,0.5092713250521524,1,0.6675786209236397,0.1418975650713686,0.30394626364399663,no_interaction|interaction,2,True,0.5227272727272727,0.5625,0.5227272727272727,False,False,False
CC(C)C(CCCN(C)CCC1=CC(=C(C=C1)OC)OC)(C#N)C2=CC(=C(C=C2)OC)OC,CCCN1CC(CC2C1CC3=CNC4=CC=CC2=C34)CSC,0,unreported_twosides_sampled,0.011058890260756016,0.02943086267636557,0.02943086267636557,fitted,platt_logistic_regression,0.5092713250521524,0,0.13275819065107072,0.8488664987405542,0.0025188916876574307,no_interaction,1,False,0.23529411764705882,0.42168674698795183,0.23529411764705882,False,False,True
CN(C)CCC1=CNC2=C1C=C(C=C2)CC3COC(=O)N3,COC1=C(C=C(C=C1)C2=CC3=C(C=C2)C=C(C=C3)C(=O)O)C45CC6CC(C4)CC(C6)C5,1,reported_twosides,0.8372064828872681,0.7612440814405955,0.7612440814405955,fitted,platt_logistic_regression,0.5092713250521524,1,0.549641653166284,0.06633081444164568,0.4643157010915197,interaction,1,False,0.543859649122807,0.288135593220339,0.288135593220339,False,False,True
C1CC(C1)(C(=O)O)C(=O)O.N.N.[Pt],CCOC(=O)N1CCC(=C2C3=C(CCC4=C2N=CC=C4)C=C(C=C3)Cl)CC1,1,reported_twosides,0.13846562802791595,0.18663409637025213,0.18663409637025213,fitted,platt_logistic_regression,0.5092713250521524,0,0.4813053948192414,0.5398824517212426,0.04450041981528128,no_interaction,1,False,0.26666666666666666,0.5892857142857143,0.26666666666666666,False,False,True
CCCCC(=O)N(CC1=CC=C(C=C1)C2=CC=CC=C2C3=NNN=N3)C(C(C)C)C(=O)O,CN(C)NN=C1C(=NC=N1)C(=O)N,1,reported_twosides,0.9381076097488403,0.8787067556289838,0.8787067556289838,fitted,platt_logistic_regression,0.5092713250521524,1,0.3694937958576898,0.02434928631402183,0.6490344248530646,interaction,1,False,0.4533333333333333,0.24390243902439024,0.24390243902439024,False,False,True
CC1=NN=C(S1)SCC2=C(N3C(C(C3=O)NC(=O)CN4C=NN=N4)SC2)C(=O)[O-],CC1C2C(C(=O)N2C(=C1SC3CC(NC3)C(=O)NC4=CC=CC(=C4)C(=O)O)C(=O)O)C(C)O,0,unreported_twosides_sampled,0.9934306740760803,0.9764978668927992,0.9764978668927992,fitted,platt_logistic_regression,0.5092713250521524,1,0.11137237533745939,0.0016792611251049538,0.8774139378673383,interaction,1,False,0.4574468085106383,0.23529411764705882,0.23529411764705882,False,False,True
C1CC(C1)(C(=O)O)C(=O)O.N.N.[Pt],CCOC(=O)C(CCC1=CC=CC=C1)NC(C)C(=O)N2C3CCCCC3CC2C(=O)O,0,unreported_twosides_sampled,0.3189525902271271,0.3407528272591902,0.3407528272591902,fitted,platt_logistic_regression,0.5092713250521524,0,0.6415335614905564,0.3434089000839631,0.11922753988245172,no_interaction|interaction,2,True,0.26666666666666666,0.9636363636363636,0.26666666666666666,False,False,True
CC1C2C(C(=O)N2C(=C1SC3CC(NC3)C(=O)NC4=CC=CC(=C4)C(=O)O)C(=O)O)C(C)O,CN1CCC(=C2C3=C(C(=O)CC4=CC=CC=C42)SC=C3)CC1,0,unreported_twosides_sampled,0.9954179525375366,0.9820482639227227,0.9820482639227227,fitted,platt_logistic_regression,0.5092713250521524,1,0.08995683856291459,0.0008396305625524769,0.8992443324937027,interaction,1,False,0.23529411764705882,0.3018867924528302,0.23529411764705882,False,False,True
CC(=O)OCC(=O)C12C(CC3C1(CC(C4(C3CC(C5=CC(=O)C=CC54C)F)F)O)C)OC(O2)(C)C,CC1CC2C3CCC4=CC(=O)C=CC4(C3(C(CC2(C1(C(=O)CO)O)C)O)F)C,1,reported_twosides,0.21063758432865143,0.252173512009708,0.252173512009708,fitted,platt_logistic_regression,0.5092713250521524,0,0.5647104180931763,0.4424853064651553,0.07388748950461797,no_interaction,1,False,0.8059701492537313,0.8596491228070176,0.8059701492537313,False,False,False
C1C(N(C2=C(N1)NC(=NC2=O)N)C=O)CNC3=CC=C(C=C3)C(=O)NC(CCC(=O)O)C(=O)O,CC(C)(C(=O)O)ON=C(C1=CSC(=N1)N)C(=O)NC2C3N(C2=O)C(=C(CS3)C[N+]4=CC=CC=C4)C(=O)[O-],1,reported_twosides,0.6604923605918884,0.603814136087656,0.603814136087656,fitted,platt_logistic_regression,0.5092713250521524,1,0.6714348278682807,0.1494542401343409,0.2963895885810244,no_interaction|interaction,2,True,0.5256410256410257,0.6428571428571429,0.5256410256410257,False,False,False
CC1=C(C(C(=C(N1)C)C(=O)OCC(C)C)C2=CC=CC=C2[N+](=O)[O-])C(=O)OC,CCCN1CC(CC2C1CC3=CNC4=CC=CC2=C34)CSC,0,unreported_twosides_sampled,0.024400809779763222,0.05291925480707547,0.05291925480707547,fitted,platt_logistic_regression,0.5092713250521524,0,0.20702271236482103,0.7875734676742233,0.005877413937867338,no_interaction,1,False,0.8043478260869565,0.42168674698795183,0.42168674698795183,False,False,False
C1C(N(C2=C(N1)NC(=NC2=O)N)C=O)CNC3=CC=C(C=C3)C(=O)NC(CCC(=O)O)C(=O)O,COC1=C(C=C(C=C1)C2=CC3=C(C=C2)C=C(C=C3)C(=O)O)C45CC6CC(C4)CC(C6)C5,0,unreported_twosides_sampled,0.8920932412147522,0.8205341376450161,0.8205341376450161,fitted,platt_logistic_regression,0.5092713250521524,1,0.4705825813121297,0.042821158690176324,0.5499580184718724,interaction,1,False,0.5256410256410257,0.288135593220339,0.288135593220339,False,False,True
CC(C)C(C(=O)OCC(CO)OCN1C=NC2=C1NC(=NC2=O)N)N,CC1CC2C3CCC4=CC(=O)C=CC4(C3(C(CC2(C1(C(=O)CO)O)C)O)F)C,0,unreported_twosides_sampled,0.08037951588630676,0.1262493022163356,0.1262493022163356,fitted,platt_logistic_regression,0.5092713250521524,0,0.37919407650413,0.6406381192275399,0.02434928631402183,no_interaction,1,False,0.7307692307692307,0.8596491228070176,0.7307692307692307,False,False,False
CC1CC2C3CCC4=CC(=O)C=CC4(C3(C(CC2(C1(C(=O)CO)O)C)O)F)C,CCOC(=O)N1CCC(=C2C3=C(CCC4=C2N=CC=C4)C=C(C=C3)Cl)CC1,1,reported_twosides,0.14422132074832916,0.19216294550601884,0.19216294550601884,fitted,platt_logistic_regression,0.5092713250521524,0,0.4893441022705485,0.5289672544080605,0.047019311502938706,no_interaction,1,False,0.8596491228070176,0.5892857142857143,0.5892857142857143,False,False,False
C1CC(OC1CO)N2C=NC3=C2NC=NC3=O,CC(=O)OCC(=O)C12C(CC3C1(CC(C4(C3CC(C5=CC(=O)C=CC54C)F)F)O)C)OC(O2)(C)C,0,unreported_twosides_sampled,0.30366215109825134,0.32869287743849185,0.32869287743849185,fitted,platt_logistic_regression,0.5092713250521524,0,0.6332490846555872,0.35684298908480266,0.11251049538203191,no_interaction|interaction,2,True,0.3492063492063492,0.8059701492537313,0.3492063492063492,False,False,True
CN1C=NC(=C1SC2=NC=NC3=C2NC=N3)[N+](=O)[O-],CN1CC(=O)N2C(C1=O)CC3=C(C2C4=CC5=C(C=C4)OCO5)NC6=CC=CC=C36,0,unreported_twosides_sampled,0.9998898506164551,0.998926901925527,0.998926901925527,fitted,platt_logistic_regression,0.5092713250521524,1,0.008409514066850953,0.0008396305625524769,0.9949622166246851,interaction,1,False,0.25925925925925924,0.24050632911392406,0.24050632911392406,False,False,True
C(CCl)NC(=O)N(CCCl)N=O,CN1CC(=O)N2C(C1=O)CC3=C(C2C4=CC5=C(C=C4)OCO5)NC6=CC=CC=C36,0,unreported_twosides_sampled,0.40329402685165405,0.4057890338188614,0.4057890338188614,fitted,platt_logistic_regression,0.5092713250521524,0,0.6752892100517923,0.2871536523929471,0.1528127623845508,no_interaction|interaction,2,True,0.2391304347826087,0.24050632911392406,0.2391304347826087,False,False,True
CN(C)CCC1=CNC2=C1C=C(C=C2)CC3COC(=O)N3,CN1C(=C(NC2=CC=CC=N2)O)C(=O)C3=CC=CC=C3S1(=O)=O,0,unreported_twosides_sampled,0.2634761929512024,0.2964016229654131,0.2964016229654131,fitted,platt_logistic_regression,0.5092713250521524,0,0.6077845045686644,0.3879093198992443,0.0982367758186398,no_interaction,1,False,0.543859649122807,0.62,0.543859649122807,False,False,False
C1CC(C1)(C(=O)O)C(=O)O.N.N.[Pt],CC1=C(SC=C1)C(=CCCN2CCCC(C2)C(=O)O)C3=C(C=CS3)C,0,unreported_twosides_sampled,0.012499718926846981,0.0322412158933733,0.0322412158933733,fitted,platt_logistic_regression,0.5092713250521524,0,0.14244855735362227,0.8429890848026869,0.0025188916876574307,no_interaction,1,False,0.26666666666666666,0.26865671641791045,0.26666666666666666,False,False,True
CC(C)C(CCCN(C)CCC1=CC(=C(C=C1)OC)OC)(C#N)C2=CC(=C(C=C2)OC)OC,CC1CN(CCN1)C2=C(C=C3C(=C2OC)N(C=C(C3=O)C(=O)O)C4CC4)F,1,reported_twosides,0.25855109095573425,0.2923741897317381,0.2923741897317381,fitted,platt_logistic_regression,0.5092713250521524,0,0.6042638280426104,0.39210747271200674,0.09655751469353484,no_interaction,1,False,0.23529411764705882,0.7230769230769231,0.23529411764705882,False,False,True
C1CC(OC1CO)N2C=NC3=C2NC=NC3=O,CCCN1CC(CC2C1CC3=CNC4=CC=CC2=C34)CSC,0,unreported_twosides_sampled,0.12852250039577484,0.1769241833647449,0.1769241833647449,fitted,platt_logistic_regression,0.5092713250521524,0,0.4666972879317325,0.5507976490344249,0.04114189756507137,no_interaction,1,False,0.3492063492063492,0.42168674698795183,0.3492063492063492,False,False,True
CCCCC(=O)N(CC1=CC=C(C=C1)C2=CC=CC=C2C3=NNN=N3)C(C(C)C)C(=O)O,CN1C(=C(NC2=CC=CC=N2)O)C(=O)C3=CC=CC=C3S1(=O)=O,1,reported_twosides,0.9748615026473999,0.9366456519334483,0.9366456519334483,fitted,platt_logistic_regression,0.5092713250521524,1,0.23609907389743787,0.006717044500419815,0.7590260285474392,interaction,1,False,0.4533333333333333,0.62,0.4533333333333333,False,False,False
CC(=O)OCC(=O)C12C(CC3C1(CC(C4(C3CC(C5=CC(=O)C=CC54C)F)F)O)C)OC(O2)(C)C,CCCCC(=O)N(CC1=CC=C(C=C1)C2=CC=CC=C2C3=NNN=N3)C(C(C)C)C(=O)O,0,unreported_twosides_sampled,0.34911245107650757,0.3642551665971596,0.3642551665971596,fitted,platt_logistic_regression,0.5092713250521524,0,0.6558272386342523,0.3240973971452561,0.13266162888329136,no_interaction|interaction,2,True,0.8059701492537313,0.4533333333333333,0.4533333333333333,False,False,False
CCCC1(CC(=O)C(=C(O1)O)C(CC)C2=CC(=CC=C2)NS(=O)(=O)C3=NC=C(C=C3)C(F)(F)F)CCC4=CC=CC=C4,CN1C=NC(=C1SC2=NC=NC3=C2NC=N3)[N+](=O)[O-],0,unreported_twosides_sampled,0.8907673954963684,0.818997226222605,0.818997226222605,fitted,platt_logistic_regression,0.5092713250521524,1,0.47291063887985035,0.042821158690176324,0.5474391267842149,interaction,1,False,0.2247191011235955,0.25925925925925924,0.2247191011235955,False,False,True
CC(=O)OCC(=O)C12C(CC3C1(CC(C4(C3CC(C5=CC(=O)C=CC54C)F)F)O)C)OC(O2)(C)C,CC12CCC3C(C1CCC2(C#C)O)CCC4=CC(=O)CCC34,0,unreported_twosides_sampled,0.010113971307873726,0.027534801372074685,0.027534801372074685,fitted,platt_logistic_regression,0.5092713250521524,0,0.12606558350107572,0.8572628043660789,0.0016792611251049538,no_interaction,1,False,0.8059701492537313,0.7169811320754716,0.7169811320754716,False,False,False
CC12CCC3C(C1CCC2(C#C)O)CCC4=CC(=O)CCC34,CC1=C(C(C(=C(N1)C)C(=O)OCC(C)C)C2=CC=CC=C2[N+](=O)[O-])C(=O)OC,0,unreported_twosides_sampled,0.08325441181659698,0.12949001907417793,0.12949001907417793,fitted,platt_logistic_regression,0.5092713250521524,0,0.38541610251683345,0.6339210747271201,0.02434928631402183,no_interaction,1,False,0.7169811320754716,0.8043478260869565,0.7169811320754716,False,False,False
CC1=NN=C(S1)SCC2=C(N3C(C(C3=O)NC(=O)CN4C=NN=N4)SC2)C(=O)[O-],CCN(C)C(=O)OC1=CC=CC(=C1)C(C)N(C)C,0,unreported_twosides_sampled,0.8858206272125244,0.8133170005454946,0.8133170005454946,fitted,platt_logistic_regression,0.5092713250521524,1,0.4813773738025245,0.04450041981528128,0.5398824517212426,interaction,1,False,0.4574468085106383,0.32653061224489793,0.32653061224489793,False,False,True
C1=CC(=CC=C1N)S(=O)(=O)C2=CC=C(C=C2)N,CC1C2C(C(=O)N2C(=C1SC3CC(NC3)C(=O)NC4=CC=CC(=C4)C(=O)O)C(=O)O)C(C)O,0,unreported_twosides_sampled,0.7979449033737183,0.7229186542260787,0.7229186542260787,fitted,platt_logistic_regression,0.5092713250521524,1,0.5901755880896321,0.08816120906801007,0.41141897565071367,interaction,1,False,0.43333333333333335,0.23529411764705882,0.23529411764705882,False,False,True
C1CC(OC1CO)N2C=NC3=C2NC=NC3=O,CC1=C(C(=O)C2=CC=CC=C2C1=O)CC=C(C)CCCC(C)CCCC(C)CCCC(C)C,0,unreported_twosides_sampled,0.6127840280532837,0.565770530683645,0.565770530683645,fitted,platt_logistic_regression,0.5092713250521524,1,0.684470531216469,0.16792611251049538,0.25692695214105793,no_interaction|interaction,2,True,0.3492063492063492,0.22058823529411764,0.22058823529411764,False,False,True
CC1CC2C3CCC4=CC(=O)C=CC4(C3(C(CC2(C1(C(=O)CO)O)C)O)F)C,CN1C=NC(=C1SC2=NC=NC3=C2NC=N3)[N+](=O)[O-],1,reported_twosides,0.9596577286720276,0.9107210177937677,0.9107210177937677,fitted,platt_logistic_regression,0.5092713250521524,1,0.30086646968790154,0.011754827875734676,0.7036104114189756,interaction,1,False,0.8596491228070176,0.25925925925925924,0.25925925925925924,False,False,True
C1CC(OC1CO)N2C=NC3=C2NC=NC3=O,CC1CC2C3CCC4=CC(=O)C=CC4(C3(C(CC2(C1(C(=O)CO)O)C)O)F)C,1,reported_twosides,0.6672381162643433,0.6092921062904485,0.6092921062904485,fitted,platt_logistic_regression,0.5092713250521524,1,0.6690636833845587,0.14357682619647355,0.30310663308144414,no_interaction|interaction,2,True,0.3492063492063492,0.8596491228070176,0.3492063492063492,False,False,True
CC12CCC3C(C1CCC2O)C(CC4=C3C=CC(=C4)O)CCCCCCCCCS(=O)CCCC(C(F)(F)F)(F)F,CN1CC(=O)N2C(C1=O)CC3=C(C2C4=CC5=C(C=C4)OCO5)NC6=CC=CC=C36,0,unreported_twosides_sampled,0.7767342329025269,0.7032311269011186,0.7032311269011186,fitted,platt_logistic_regression,0.5092713250521524,1,0.608101666210455,0.09907640638119228,0.3879093198992443,interaction,1,False,0.4492753623188406,0.24050632911392406,0.24050632911392406,False,False,True
CC1C2C(C(=O)N2C(=C1SC3CC(NC3)C(=O)NC4=CC=CC(=C4)C(=O)O)C(=O)O)C(C)O,CCN(C)C(=O)OC1=CC=CC(=C1)C(C)N(C)C,0,unreported_twosides_sampled,0.9986729621887207,0.9929340242949236,0.9929340242949236,fitted,platt_logistic_regression,0.5092713250521524,1,0.04203494418549718,0.0008396305625524769,0.947103274559194,interaction,1,False,0.23529411764705882,0.32653061224489793,0.23529411764705882,False,False,True
C1C(OC(S1)CO)N2C=C(C(=NC2=O)N)F,CN1C(=C(NC2=CC=CC=N2)O)C(=O)C3=CC=CC=C3S1(=O)=O,0,unreported_twosides_sampled,0.9674435257911682,0.9235382139252144,0.9235382139252144,fitted,platt_logistic_regression,0.5092713250521524,1,0.2700416072005921,0.009235936188077247,0.7338371116708649,interaction,1,False,0.6326530612244898,0.62,0.62,False,False,False
C1C(OC(S1)CO)N2C=C(C(=NC2=O)N)F,C1CC(OC1CO)N2C=NC3=C2NC=NC3=O,1,reported_twosides,0.9706421494483948,0.9290675185965911,0.9290675185965911,fitted,platt_logistic_regression,0.5092713250521524,1,0.25604433551851014,0.008396305625524769,0.744752308984047,interaction,1,False,0.6326530612244898,0.3492063492063492,0.3492063492063492,False,False,True
CC12CCC3C(C1CCC2C(=O)NC4=C(C=CC(=C4)C(F)(F)F)C(F)(F)F)CCC5C3(C=CC(=O)N5)C,CNC(=C[N+](=O)[O-])NCCSCC1=CC=C(O1)CN(C)C,1,reported_twosides,0.39219027757644653,0.39733064038310295,0.39733064038310295,fitted,platt_logistic_regression,0.5092713250521524,0,0.6719144789788907,0.2947103274559194,0.15029387069689337,no_interaction|interaction,2,True,0.6417910447761194,0.603448275862069,0.603448275862069,False,False,False
C1CN=C(N1)NC2=C(C=CC=C2Cl)Cl,CCCN1CC(CC2C1CC3=CNC4=CC=CC2=C34)CSC,0,unreported_twosides_sampled,0.4355234205722809,0.43024259696144035,0.43024259696144035,fitted,platt_logistic_regression,0.5092713250521524,0,0.6833831697530518,0.2586062132661629,0.16540722082283796,no_interaction|interaction,2,True,0.5853658536585366,0.42168674698795183,0.42168674698795183,False,False,False
C1=CC(=CC=C1N)S(=O)(=O)C2=CC=C(C=C2)N,CCCCC(=O)N(CC1=CC=C(C=C1)C2=CC=CC=C2C3=NNN=N3)C(C(C)C)C(=O)O,1,reported_twosides,0.8865529894828796,0.8141526907130343,0.8141526907130343,fitted,platt_logistic_regression,0.5092713250521524,1,0.480145178613705,0.04450041981528128,0.5407220822837951,interaction,1,False,0.43333333333333335,0.4533333333333333,0.43333333333333335,False,False,False
C1CN=C(N1)NC2=C(C=CC=C2Cl)Cl,CC1CC2C3CCC4=CC(=O)C=CC4(C3(C(CC2(C1(C(=O)CO)O)C)O)F)C,1,reported_twosides,0.9899770617485046,0.967812276563008,0.967812276563008,fitted,platt_logistic_regression,0.5092713250521524,1,0.14226654419446771,0.0025188916876574307,0.8429890848026869,interaction,1,False,0.5853658536585366,0.8596491228070176,0.5853658536585366,False,False,False
CC(C)(C)NCC(C1=CC(=C(C=C1)O)CO)O,CN1C=NC(=C1SC2=NC=NC3=C2NC=N3)[N+](=O)[O-],1,reported_twosides,0.9770341515541077,0.9406929168999472,0.9406929168999472,fitted,platt_logistic_regression,0.5092713250521524,1,0.2250566652465332,0.006717044500419815,0.7699412258606213,interaction,1,False,0.5227272727272727,0.25925925925925924,0.25925925925925924,False,False,True
CC1=C(C(=O)C2=CC=CC=C2C1=O)CC=C(C)CCCC(C)CCCC(C)CCCC(C)C,CC1=NN=C(S1)SCC2=C(N3C(C(C3=O)NC(=O)CN4C=NN=N4)SC2)C(=O)[O-],1,reported_twosides,0.2604612112045288,0.293938189956111,0.293938189956111,fitted,platt_logistic_regression,0.5092713250521524,0,0.6056403127199598,0.39210747271200674,0.09739714525608732,no_interaction,1,False,0.22058823529411764,0.4574468085106383,0.22058823529411764,False,False,True
CCOC(=O)C(CCC1=CC=CC=C1)NC(C)C(=O)N2C3CCCCC3CC2C(=O)O,CN1C=NC(=C1SC2=NC=NC3=C2NC=N3)[N+](=O)[O-],0,unreported_twosides_sampled,0.9997414946556091,0.9979508184294285,0.9979508184294285,fitted,platt_logistic_regression,0.5092713250521524,1,0.014732159565406938,0.0008396305625524769,0.9857262804366079,interaction,1,False,0.9636363636363636,0.25925925925925924,0.25925925925925924,False,False,True
C1CC(OC1CO)N2C=NC3=C2NC=NC3=O,CCN(C)C(=O)OC1=CC=CC(=C1)C(C)N(C)C,0,unreported_twosides_sampled,0.9929388761520386,0.9751973211335537,0.9751973211335537,fitted,platt_logistic_regression,0.5092713250521524,1,0.11618315026555863,0.0016792611251049538,0.8740554156171285,interaction,1,False,0.3492063492063492,0.32653061224489793,0.32653061224489793,False,False,True
C1C(N(C2=C(N1)NC(=NC2=O)N)C=O)CNC3=CC=C(C=C3)C(=O)NC(CCC(=O)O)C(=O)O,CCC(C)C(=O)OC1CC(C=C2C1C(C(C=C2)C)CCC3CC(CC(=O)O3)O)C,1,reported_twosides,0.9969708919525146,0.986840972242076,0.986840972242076,fitted,platt_logistic_regression,0.5092713250521524,1,0.07005917263112081,0.0008396305625524769,0.9219143576826196,interaction,1,False,0.5256410256410257,0.7424242424242424,0.5256410256410257,False,False,False
CC1=C(C(=O)C2=CC=CC=C2C1=O)CC=C(C)CCCC(C)CCCC(C)CCCC(C)C,CCCC1(CC(=O)C(=C(O1)O)C(CC)C2=CC(=CC=C2)NS(=O)(=O)C3=NC=C(C=C3)C(F)(F)F)CCC4=CC=CC=C4,0,unreported_twosides_sampled,0.21840254962444305,0.25882984308536017,0.25882984308536017,fitted,platt_logistic_regression,0.5092713250521524,0,0.5718294079353934,0.4340890008396306,0.07724601175482787,no_interaction,1,False,0.22058823529411764,0.2247191011235955,0.22058823529411764,False,False,True
C1C(OC(S1)CO)N2C=C(C(=NC2=O)N)F,CC(C)(C)NCC(C1=CC(=C(C=C1)O)CO)O,1,reported_twosides,0.3067501187324524,0.33113731406145475,0.33113731406145475,fitted,platt_logistic_regression,0.5092713250521524,0,0.634981141128454,0.3534844668345928,0.11418975650713686,no_interaction|interaction,2,True,0.6326530612244898,0.5227272727272727,0.5227272727272727,False,False,False
CC(C)(C)NCC(C1=CC(=C(C=C1)O)CO)O,C[N+](C)(C)CC(CC(=O)O)O,0,unreported_twosides_sampled,0.010124671272933483,0.02755652801219183,0.02755652801219183,fitted,platt_logistic_regression,0.5092713250521524,0,0.12614301676808787,0.8572628043660789,0.0016792611251049538,no_interaction,1,False,0.5227272727272727,0.36666666666666664,0.36666666666666664,False,False,True
CC1=C(C(=O)C2=CC=CC=C2C1=O)CC=C(C)CCCC(C)CCCC(C)CCCC(C)C,CCOC(=O)N1CCC(=C2C3=C(CCC4=C2N=CC=C4)C=C(C=C3)Cl)CC1,1,reported_twosides,0.8543217778205872,0.7788927004434146,0.7788927004434146,fitted,platt_logistic_regression,0.5092713250521524,1,0.5283058649483107,0.05961376994122586,0.48530646515533166,interaction,1,False,0.22058823529411764,0.5892857142857143,0.22058823529411764,False,False,True
CC12CCC3C(C1CCC2(C#C)O)CCC4=CC(=O)CCC34,CCCCC(=O)N(CC1=CC=C(C=C1)C2=CC=CC=C2C3=NNN=N3)C(C(C)C)C(=O)O,1,reported_twosides,0.2707953155040741,0.3023560479441813,0.3023560479441813,fitted,platt_logistic_regression,0.5092713250521524,0,0.6128473795295429,0.380352644836272,0.10327455919395466,no_interaction|interaction,2,True,0.7169811320754716,0.4533333333333333,0.4533333333333333,False,False,False
CCCCC(=O)N(CC1=CC=C(C=C1)C2=CC=CC=C2C3=NNN=N3)C(C(C)C)C(=O)O,CCOC(=O)C(CCC1=CC=CC=C1)NC(C)C(=O)N2C3CCCCC3CC2C(=O)O,1,reported_twosides,0.9961912631988525,0.9843714109782362,0.9843714109782362,fitted,platt_logistic_regression,0.5092713250521524,1,0.08049970645000448,0.0008396305625524769,0.9093198992443325,interaction,1,False,0.4533333333333333,0.9636363636363636,0.4533333333333333,False,False,False
CC(C)(C)NCC(C1=CC(=C(C=C1)O)CO)O,CCCN1CC(CC2C1CC3=CNC4=CC=CC2=C34)CSC,0,unreported_twosides_sampled,0.0016098384512588382,0.006920409762245837,0.006920409762245837,fitted,platt_logistic_regression,0.5092713250521524,0,0.041313545812988246,0.9479429051217464,0.0008396305625524769,no_interaction,1,False,0.5227272727272727,0.42168674698795183,0.42168674698795183,False,False,False
CC(C)(C)NCC(C1=CC(=C(C=C1)O)CO)O,CCN(C)C(=O)OC1=CC=CC(=C1)C(C)N(C)C,1,reported_twosides,0.08649559319019318,0.13310425092190126,0.13310425092190126,fitted,platt_logistic_regression,0.5092713250521524,0,0.3922454430894885,0.6263643996641478,0.02518891687657431,no_interaction,1,False,0.5227272727272727,0.32653061224489793,0.32653061224489793,False,False,True
CC1=NN=C2N1C3=C(C=C(C=C3)Cl)C(=NC2)C4=CC=CC=C4,CN1CCC23C=CC(CC2OC4=C(C=CC(=C34)C1)OC)O,1,reported_twosides,0.9939969778060913,0.9780279050931014,0.9780279050931014,fitted,platt_logistic_regression,0.5092713250521524,1,0.10561798465006605,0.0008396305625524769,0.8824517212426533,interaction,1,False,0.7659574468085106,0.375,0.375,False,False,True
CC12CCC3C(C1CCC2C(=O)NC4=C(C=CC(=C4)C(F)(F)F)C(F)(F)F)CCC5C3(C=CC(=O)N5)C,CC1=C(SC=C1)C(=CCCN2CCCC(C2)C(=O)O)C3=C(C=CS3)C,0,unreported_twosides_sampled,0.08248525857925415,0.1286262783277369,0.1286262783277369,fitted,platt_logistic_regression,0.5092713250521524,0,0.383766950242166,0.6364399664147775,0.02434928631402183,no_interaction,1,False,0.6417910447761194,0.26865671641791045,0.26865671641791045,False,False,True
CC(C)(C(=O)O)ON=C(C1=CSC(=N1)N)C(=O)NC2C3N(C2=O)C(=C(CS3)C[N+]4=CC=CC=C4)C(=O)[O-],CC1(C(N2C(S1)C(C2=O)NC(=O)C(C3=CC=CC=C3)N)C(=O)[O-])C,1,reported_twosides,0.14496275782585144,0.19287053443000654,0.19287053443000654,fitted,platt_logistic_regression,0.5092713250521524,0,0.49035860063352055,0.5289672544080605,0.047019311502938706,no_interaction,1,False,0.6428571428571429,0.6119402985074627,0.6119402985074627,False,False,False
CC1=NN=C2N1C3=C(C=C(C=C3)Cl)C(=NC2)C4=CC=CC=C4,CNC(=C[N+](=O)[O-])NCCSCC1=CC=C(O1)CN(C)C,1,reported_twosides,0.4909665882587433,0.4721855793239805,0.4721855793239805,fitted,platt_logistic_regression,0.5092713250521524,0,0.6915990975461432,0.22502099076406382,0.18723761544920234,no_interaction|interaction,2,True,0.7659574468085106,0.603448275862069,0.603448275862069,False,False,False
CC(C)C(CCCN(C)CCC1=CC(=C(C=C1)OC)OC)(C#N)C2=CC(=C(C=C2)OC)OC,CC12CCC3C(C1CCC2(C#C)O)CCC4=CC(=O)CCC34,0,unreported_twosides_sampled,0.02609921060502529,0.055608711266595834,0.055608711266595834,fitted,platt_logistic_regression,0.5092713250521524,0,0.2147097297286805,0.781696053736356,0.005877413937867338,no_interaction,1,False,0.23529411764705882,0.7169811320754716,0.23529411764705882,False,False,True
CC(C)(C)NCC(C1=CC(=C(C=C1)O)CO)O,CN1C(=C(NC2=CC=CC=N2)O)C(=O)C3=CC=CC=C3S1(=O)=O,1,reported_twosides,0.36256229877471924,0.3746348064087576,0.3746348064087576,fitted,platt_logistic_regression,0.5092713250521524,0,0.6613764033620635,0.3148614609571788,0.1376994122586062,no_interaction|interaction,2,True,0.5227272727272727,0.62,0.5227272727272727,False,False,False
CC(C)C(CCCN(C)CCC1=CC(=C(C=C1)OC)OC)(C#N)C2=CC(=C(C=C2)OC)OC,CN1CCC23C=CC(CC2OC4=C(C=CC(=C34)C1)OC)O,1,reported_twosides,0.9989256262779236,0.9939758775563856,0.9939758775563856,fitted,platt_logistic_regression,0.5092713250521524,1,0.03680115518110171,0.0008396305625524769,0.9554995801847187,interaction,1,False,0.23529411764705882,0.375,0.23529411764705882,False,False,True
CC(C)C(C(=O)OCC(CO)OCN1C=NC2=C1NC(=NC2=O)N)N,CC12CCC3C(C1CCC2(C)O)CCC4C3(COC(=O)C4)C,1,reported_twosides,0.2675517499446869,0.29972168536431565,0.29972168536431565,fitted,platt_logistic_regression,0.5092713250521524,0,0.6106283022006769,0.38455079764903444,0.10243492863140219,no_interaction|interaction,2,True,0.7307692307692307,0.31343283582089554,0.31343283582089554,False,False,True
CC1CN(CCN1)C2=C(C=C3C(=C2OC)N(C=C(C3=O)C(=O)O)C4CC4)F,CCOC1=C(C=CC(=C1)CC(=O)NC(CC(C)C)C2=CC=CC=C2N3CCCCC3)C(=O)O,1,reported_twosides,0.9611409902572632,0.9130999753026154,0.9130999753026154,fitted,platt_logistic_regression,0.5092713250521524,1,0.2953063260206425,0.0109151973131822,0.707808564231738,interaction,1,False,0.7230769230769231,0.2804878048780488,0.2804878048780488,False,False,True
C1CN=C(N1)NC2=C(C=CC=C2Cl)Cl,CC1(C(N2C(S1)C(C2=O)NC(=O)C(C3=CC=CC=C3)N)C(=O)[O-])C,0,unreported_twosides_sampled,0.5440390706062317,0.5125405566667988,0.5125405566667988,fitted,platt_logistic_regression,0.5092713250521524,1,0.6928326164520093,0.19563392107472713,0.21242653232577666,no_interaction|interaction,2,True,0.5853658536585366,0.6119402985074627,0.5853658536585366,False,False,False
CC1=NN=C2N1C3=C(C=C(C=C3)Cl)C(=NC2)C4=CC=CC=C4,CCCC1(CC(=O)C(=C(O1)O)C(CC)C2=CC(=CC=C2)NS(=O)(=O)C3=NC=C(C=C3)C(F)(F)F)CCC4=CC=CC=C4,0,unreported_twosides_sampled,0.0965132862329483,0.14403143925208775,0.14403143925208775,fitted,platt_logistic_regression,0.5092713250521524,0,0.4122147569740815,0.6070528967254408,0.02938706968933669,no_interaction,1,False,0.7659574468085106,0.2247191011235955,0.2247191011235955,False,False,True
C1C(N(C2=C(N1)NC(=NC2=O)N)C=O)CNC3=CC=C(C=C3)C(=O)NC(CCC(=O)O)C(=O)O,CCCCC(=O)N(CC1=CC=C(C=C1)C2=CC=CC=C2C3=NNN=N3)C(C(C)C)C(=O)O,1,reported_twosides,0.973440408706665,0.9340540410346386,0.9340540410346386,fitted,platt_logistic_regression,0.5092713250521524,1,0.2430238499026756,0.007556675062972292,0.7548278757346767,interaction,1,False,0.5256410256410257,0.4533333333333333,0.4533333333333333,False,False,False
C1CC(C1)(C(=O)O)C(=O)O.N.N.[Pt],CC(C)(C)NCC(C1=CC(=C(C=C1)O)CO)O,1,reported_twosides,0.07824070751667023,0.12381609251902152,0.12381609251902152,fitted,platt_logistic_regression,0.5092713250521524,0,0.37445995876690846,0.6448362720403022,0.02434928631402183,no_interaction,1,False,0.26666666666666666,0.5227272727272727,0.26666666666666666,False,False,True
CC(C)(C(=O)O)ON=C(C1=CSC(=N1)N)C(=O)NC2C3N(C2=O)C(=C(CS3)C[N+]4=CC=CC=C4)C(=O)[O-],CC(C)C(C(=O)OCC(CO)OCN1C=NC2=C1NC(=NC2=O)N)N,0,unreported_twosides_sampled,0.1636756956577301,0.2104070048910741,0.2104070048910741,fitted,platt_logistic_regression,0.5092713250521524,0,0.5144954227223646,0.4995801847187238,0.055415617128463476,no_interaction,1,False,0.6428571428571429,0.7307692307692307,0.6428571428571429,False,False,False
C1CC(C1)(C(=O)O)C(=O)O.N.N.[Pt],CCOC1=C(C=CC(=C1)CC(=O)NC(CC(C)C)C2=CC=CC=C2N3CCCCC3)C(=O)O,0,unreported_twosides_sampled,0.09305766224861145,0.14030170642857862,0.14030170642857862,fitted,platt_logistic_regression,0.5092713250521524,0,0.40551079192555445,0.6171284634760705,0.028547439126784216,no_interaction,1,False,0.26666666666666666,0.2804878048780488,0.26666666666666666,False,False,True
CC1=NN=C2N1C3=C(C=C(C=C3)Cl)C(=NC2)C4=CC=CC=C4,CC1CN(CCN1)C2=C(C=C3C(=C2OC)N(C=C(C3=O)C(=O)O)C4CC4)F,1,reported_twosides,0.8772520422935486,0.8036685150894336,0.8036685150894336,fitted,platt_logistic_regression,0.5092713250521524,1,0.49527453070467836,0.05037783375314862,0.5197313182199832,interaction,1,False,0.7659574468085106,0.7230769230769231,0.7230769230769231,False,False,False
C(CCl)NC(=O)N(CCCl)N=O,CNC(=C[N+](=O)[O-])NCCSCC1=CC=C(O1)CN(C)C,1,reported_twosides,0.011074364185333252,0.029461545058373693,0.029461545058373693,fitted,platt_logistic_regression,0.5092713250521524,0,0.13286543483848778,0.8488664987405542,0.0025188916876574307,no_interaction,1,False,0.2391304347826087,0.603448275862069,0.2391304347826087,False,False,True
C1CC(C1)CN2CCC34C5C(CCC3(C2CC6=C4C(=C(C=C6)O)O5)O)O,C[N+](C)(C)CC(CC(=O)O)O,0,unreported_twosides_sampled,0.0006605261587537825,0.003527982037185183,0.003527982037185183,fitted,platt_logistic_regression,0.5092713250521524,0,0.0234443690722185,0.9714525608732157,0.0008396305625524769,no_interaction,1,False,0.6451612903225806,0.36666666666666664,0.36666666666666664,False,False,True
C1CN=C(N1)NC2=C(C=CC=C2Cl)Cl,CC12CCC3C(C1CCC2(C)O)CCC4C3(COC(=O)C4)C,0,unreported_twosides_sampled,0.9999866485595703,0.9997836770288295,0.9997836770288295,fitted,platt_logistic_regression,0.5092713250521524,1,0.002041792455276883,0.0008396305625524769,0.9991603694374476,interaction,1,False,0.5853658536585366,0.31343283582089554,0.31343283582089554,False,False,True
CCC(C)C(=O)OC1CC(C=C2C1C(C(C=C2)C)CCC3CC(CC(=O)O3)O)C,CCCN1CC(CC2C1CC3=CNC4=CC=CC2=C34)CSC,1,reported_twosides,0.2732924222946167,0.30437948191465164,0.30437948191465164,fitted,platt_logistic_regression,0.5092713250521524,0,0.6145294871387001,0.3786733837111671,0.10411418975650713,no_interaction|interaction,2,True,0.7424242424242424,0.42168674698795183,0.42168674698795183,False,False,False
CCOC(=O)N1CCC(=C2C3=C(CCC4=C2N=CC=C4)C=C(C=C3)Cl)CC1,CN1C=NC(=C1SC2=NC=NC3=C2NC=N3)[N+](=O)[O-],1,reported_twosides,0.9706352949142456,0.9290554822746845,0.9290554822746845,fitted,platt_logistic_regression,0.5092713250521524,1,0.2560752972912711,0.008396305625524769,0.744752308984047,interaction,1,False,0.5892857142857143,0.25925925925925924,0.25925925925925924,False,False,True
CC1CN(CCN1)C2=C(C=C3C(=C2OC)N(C=C(C3=O)C(=O)O)C4CC4)F,CCCC1(CC(=O)C(=C(O1)O)C(CC)C2=CC(=CC=C2)NS(=O)(=O)C3=NC=C(C=C3)C(F)(F)F)CCC4=CC=CC=C4,0,unreported_twosides_sampled,0.9797414541244507,0.9458963402474815,0.9458963402474815,fitted,platt_logistic_regression,0.5092713250521524,1,0.2104253697045361,0.005877413937867338,0.7842149454240135,interaction,1,False,0.7230769230769231,0.2247191011235955,0.2247191011235955,False,False,True
C1C(C(C(C(C1N)OC2C(C(C(C(O2)CN)O)O)O)O)OC3C(C(C(C(O3)CO)O)N)O)N,CCC(C)C(=O)OC1CC(C=C2C1C(C(C=C2)C)CCC3CC(CC(=O)O3)O)C,0,unreported_twosides_sampled,0.8323462009429932,0.756346676514062,0.756346676514062,fitted,platt_logistic_regression,0.5092713250521524,1,0.5552545785853971,0.06968933669185558,0.45675902602854745,interaction,1,False,0.7727272727272727,0.7424242424242424,0.7424242424242424,False,False,False
C1CC(C1)(C(=O)O)C(=O)O.N.N.[Pt],CC1(C(N2C(S1)C(C2=O)NC(=O)C(C3=CC=CC=C3)N)C(=O)[O-])C,0,unreported_twosides_sampled,0.003525183303281665,0.012496545644529188,0.012496545644529188,fitted,platt_logistic_regression,0.5092713250521524,0,0.06718178625321564,0.9227539882451721,0.0008396305625524769,no_interaction,1,False,0.26666666666666666,0.6119402985074627,0.26666666666666666,False,False,True
C1C(C(C(C(C1N)OC2C(C(C(C(O2)CN)O)O)O)O)OC3C(C(C(C(O3)CO)O)N)O)N,CNC(=C[N+](=O)[O-])NCCSCC1=CC=C(O1)CN(C)C,0,unreported_twosides_sampled,0.10144220292568207,0.14928398331394283,0.14928398331394283,fitted,platt_logistic_regression,0.5092713250521524,0,0.42146507135625966,0.5994962216624685,0.031066330814441646,no_interaction,1,False,0.7727272727272727,0.603448275862069,0.603448275862069,False,False,False
CC(C)(C(=O)O)ON=C(C1=CSC(=N1)N)C(=O)NC2C3N(C2=O)C(=C(CS3)C[N+]4=CC=CC=C4)C(=O)[O-],C[N+](C)(C)CC(CC(=O)O)O,0,unreported_twosides_sampled,0.0009619678603485227,0.004689140535694446,0.004689140535694446,fitted,platt_logistic_regression,0.5092713250521524,0,0.02982367339893718,0.963056255247691,0.0008396305625524769,no_interaction,1,False,0.6428571428571429,0.36666666666666664,0.36666666666666664,False,False,True
CC12CCC3C(C1CCC2C(=O)NC4=C(C=CC(=C4)C(F)(F)F)C(F)(F)F)CCC5C3(C=CC(=O)N5)C,CC1=NN=C2N1C3=C(C=C(C=C3)Cl)C(=NC2)C4=CC=CC=C4,1,reported_twosides,0.20247970521450043,0.24511218592474465,0.24511218592474465,fitted,platt_logistic_regression,0.5092713250521524,0,0.556901343418331,0.4534005037783375,0.07220822837951302,no_interaction,1,False,0.6417910447761194,0.7659574468085106,0.6417910447761194,False,False,False
C1CC(C1)(C(=O)O)C(=O)O.N.N.[Pt],CN1CC(=O)N2C(C1=O)CC3=C(C2C4=CC5=C(C=C4)OCO5)NC6=CC=CC=C36,0,unreported_twosides_sampled,0.5658195614814758,0.5292528427686481,0.5292528427686481,fitted,platt_logistic_regression,0.5092713250521524,1,0.6914347452381969,0.1855583543240974,0.22502099076406382,no_interaction|interaction,2,True,0.26666666666666666,0.24050632911392406,0.24050632911392406,False,False,True
CC(=O)OCC(=O)C12C(CC3C1(CC(C4(C3CC(C5=CC(=O)C=CC54C)F)F)O)C)OC(O2)(C)C,CCC(C)C(=O)OC1CC(C=C2C1C(C(C=C2)C)CCC3CC(CC(=O)O3)O)C,0,unreported_twosides_sampled,0.5124793648719788,0.4884965527752987,0.4884965527752987,fitted,platt_logistic_regression,0.5092713250521524,0,0.69288249861084,0.21242653232577666,0.19563392107472713,no_interaction|interaction,2,True,0.8059701492537313,0.7424242424242424,0.7424242424242424,False,False,False
CC(C)C(C(=O)OCC(CO)OCN1C=NC2=C1NC(=NC2=O)N)N,CC(C)C(CCCN(C)CCC1=CC(=C(C=C1)OC)OC)(C#N)C2=CC(=C(C=C2)OC)OC,0,unreported_twosides_sampled,0.058574214577674866,0.10041453203351827,0.10041453203351827,fitted,platt_logistic_regression,0.5092713250521524,0,0.325992839884744,0.6817800167926112,0.016792611251049538,no_interaction,1,False,0.7307692307692307,0.23529411764705882,0.23529411764705882,False,False,True
CC(C)C(C(=O)OCC(CO)OCN1C=NC2=C1NC(=NC2=O)N)N,CN1CC(=O)N2C(C1=O)CC3=C(C2C4=CC5=C(C=C4)OCO5)NC6=CC=CC=C36,0,unreported_twosides_sampled,0.9611053466796875,0.9130424840804884,0.9130424840804884,fitted,platt_logistic_regression,0.5092713250521524,1,0.295441529557041,0.0109151973131822,0.707808564231738,interaction,1,False,0.7307692307692307,0.24050632911392406,0.24050632911392406,False,False,True
CC(=O)OCC(=O)C12C(CC3C1(CC(C4(C3CC(C5=CC(=O)C=CC54C)F)F)O)C)OC(O2)(C)C,CC1=NN=C2N1C3=C(C=C(C=C3)Cl)C(=NC2)C4=CC=CC=C4,1,reported_twosides,0.0819040983915329,0.12797207056498588,0.12797207056498588,fitted,platt_logistic_regression,0.5092713250521524,0,0.3825134341979506,0.6372795969773299,0.02434928631402183,no_interaction,1,False,0.8059701492537313,0.7659574468085106,0.7659574468085106,False,False,False
C1CC(OC1CO)N2C=NC3=C2NC=NC3=O,CN1CC(=O)N2C(C1=O)CC3=C(C2C4=CC5=C(C=C4)OCO5)NC6=CC=CC=C36,1,reported_twosides,0.998940646648407,0.9940396216753108,0.9940396216753108,fitted,platt_logistic_regression,0.5092713250521524,1,0.036475340969691065,0.0008396305625524769,0.9554995801847187,interaction,1,False,0.3492063492063492,0.24050632911392406,0.24050632911392406,False,False,True
CC(=O)OCC(=O)C12C(CC3C1(CC(C4(C3CC(C5=CC(=O)C=CC54C)F)F)O)C)OC(O2)(C)C,CCCN1CC(CC2C1CC3=CNC4=CC=CC2=C34)CSC,0,unreported_twosides_sampled,0.00622559804469347,0.01915563891593119,0.01915563891593119,fitted,platt_logistic_regression,0.5092713250521524,0,0.0947345681302626,0.8942065491183879,0.0008396305625524769,no_interaction,1,False,0.8059701492537313,0.42168674698795183,0.42168674698795183,False,False,False
C1C(N(C2=C(N1)NC(=NC2=O)N)C=O)CNC3=CC=C(C=C3)C(=O)NC(CCC(=O)O)C(=O)O,CC(C)C(C(=O)OCC(CO)OCN1C=NC2=C1NC(=NC2=O)N)N,0,unreported_twosides_sampled,0.8381257653236389,0.7621758046090921,0.7621758046090921,fitted,platt_logistic_regression,0.5092713250521524,1,0.5485589184055455,0.0654911838790932,0.4643157010915197,interaction,1,False,0.5256410256410257,0.7307692307692307,0.5256410256410257,False,False,False
C1CC(C1)(C(=O)O)C(=O)O.N.N.[Pt],C1CN=C(N1)NC2=C(C=CC=C2Cl)Cl,1,reported_twosides,0.9864891767501831,0.9598452139970232,0.9598452139970232,fitted,platt_logistic_regression,0.5092713250521524,1,0.16843575440637348,0.0033585222502099076,0.8161209068010076,interaction,1,False,0.26666666666666666,0.5853658536585366,0.26666666666666666,False,False,True
CC12CCC3C(C1CCC2(C#C)O)CCC4=CC(=O)CCC34,COC1=C(C=C(C=C1)C2=CC3=C(C=C2)C=C(C=C3)C(=O)O)C45CC6CC(C4)CC(C6)C5,0,unreported_twosides_sampled,0.06274145841598511,0.10554544863274605,0.10554544863274605,fitted,platt_logistic_regression,0.5092713250521524,0,0.3370994557235743,0.6784214945424013,0.018471872376154493,no_interaction,1,False,0.7169811320754716,0.288135593220339,0.288135593220339,False,False,True
C1CN=C(N1)NC2=C(C=CC=C2Cl)Cl,C[N+](C)(C)CC(CC(=O)O)O,1,reported_twosides,0.3311702609062195,0.35031543169594204,0.35031543169594204,fitted,platt_logistic_regression,0.5092713250521524,0,0.6476416849772265,0.33585222502099077,0.12510495382031905,no_interaction|interaction,2,True,0.5853658536585366,0.36666666666666664,0.36666666666666664,False,False,True
CC1=C(C(C(=C(N1)C)C(=O)OCC(C)C)C2=CC=CC=C2[N+](=O)[O-])C(=O)OC,CC1CC2C3CCC4=CC(=O)C=CC4(C3(C(CC2(C1(C(=O)CO)O)C)O)F)C,1,reported_twosides,0.3137608468532562,0.3366700769617265,0.3366700769617265,fitted,platt_logistic_regression,0.5092713250521524,0,0.6388020130349531,0.3492863140218304,0.11922753988245172,no_interaction|interaction,2,True,0.8043478260869565,0.8596491228070176,0.8043478260869565,False,False,False
C1=CC(=C2NC(=C3C=CC=CC3=O)N(N2)C4=CC=C(C=C4)C(=O)O)C(=O)C=C1,C1CN=C(N1)NC2=C(C=CC=C2Cl)Cl,0,unreported_twosides_sampled,0.9760416150093079,0.9388306896878779,0.9388306896878779,fitted,platt_logistic_regression,0.5092713250521524,1,0.23017287278417772,0.006717044500419815,0.764063811922754,interaction,1,False,0.22033898305084745,0.5853658536585366,0.22033898305084745,False,False,True
CC1(C(N2C(S1)C(C2=O)NC(=O)C(C3=CC=CC=C3)N)C(=O)[O-])C,CC1=C(C(=O)C2=CC=CC=C2C1=O)CC=C(C)CCCC(C)CCCC(C)CCCC(C)C,0,unreported_twosides_sampled,0.033154234290122986,0.06629770426655845,0.06629770426655845,fitted,platt_logistic_regression,0.5092713250521524,0,0.24395521806118048,0.7548278757346767,0.007556675062972292,no_interaction,1,False,0.6119402985074627,0.22058823529411764,0.22058823529411764,False,False,True
C1CN=C(N1)NC2=C(C=CC=C2Cl)Cl,CC(=O)OCC(=O)C12C(CC3C1(CC(C4(C3CC(C5=CC(=O)C=CC54C)F)F)O)C)OC(O2)(C)C,1,reported_twosides,0.30251818895339966,0.3277861209941769,0.3277861209941769,fitted,platt_logistic_regression,0.5092713250521524,0,0.6325997032308469,0.35684298908480266,0.11251049538203191,no_interaction|interaction,2,True,0.5853658536585366,0.8059701492537313,0.5853658536585366,False,False,False
C1C(N(C2=C(N1)NC(=NC2=O)N)C=O)CNC3=CC=C(C=C3)C(=O)NC(CCC(=O)O)C(=O)O,CC12CCC3C(C1CCC2C(=O)NC4=C(C=CC(=C4)C(F)(F)F)C(F)(F)F)CCC5C3(C=CC(=O)N5)C,1,reported_twosides,0.531276524066925,0.5027965372801251,0.5027965372801251,fitted,platt_logistic_regression,0.5092713250521524,0,0.6931315392368764,0.1998320738874895,0.20654911838790932,no_interaction|interaction,2,True,0.5256410256410257,0.6417910447761194,0.5256410256410257,False,False,False
CC(C)(C(=O)O)ON=C(C1=CSC(=N1)N)C(=O)NC2C3N(C2=O)C(=C(CS3)C[N+]4=CC=CC=C4)C(=O)[O-],CCC(C)C(=O)OC1CC(C=C2C1C(C(C=C2)C)CCC3CC(CC(=O)O3)O)C,0,unreported_twosides_sampled,0.9911341071128845,0.9706160124727548,0.9706160124727548,fitted,platt_logistic_regression,0.5092713250521524,1,0.1325942842064091,0.0016792611251049538,0.8488664987405542,interaction,1,False,0.6428571428571429,0.7424242424242424,0.6428571428571429,False,False,False
C1CC(C1)CN2CCC34C5C(CCC3(C2CC6=C4C(=C(C=C6)O)O5)O)O,CN1CCC23C=CC(CC2OC4=C(C=CC(=C34)C1)OC)O,0,unreported_twosides_sampled,0.4263773560523987,0.42331457248183546,0.42331457248183546,fitted,platt_logistic_regression,0.5092713250521524,0,0.6813393221103481,0.26364399664147775,0.16204869857262805,no_interaction|interaction,2,True,0.6451612903225806,0.375,0.375,False,False,True
C1CC(C1)(C(=O)O)C(=O)O.N.N.[Pt],CN1C(=C(NC2=CC=CC=N2)O)C(=O)C3=CC=CC=C3S1(=O)=O,0,unreported_twosides_sampled,0.11105241626501083,0.15931478502795907,0.15931478502795907,fitted,platt_logistic_regression,0.5092713250521524,0,0.43853188794857145,0.5785054575986566,0.03442485306465155,no_interaction,1,False,0.26666666666666666,0.62,0.26666666666666666,False,False,True
C1C(C(C(C(C1N)OC2C(C(C(C(O2)CN)O)O)O)O)OC3C(C(C(C(O3)CO)O)N)O)N,CC1=NN=C2N1C3=C(C=C(C=C3)Cl)C(=NC2)C4=CC=CC=C4,0,unreported_twosides_sampled,0.07238354533910751,0.11704957937374222,0.11704957937374222,fitted,platt_logistic_regression,0.5092713250521524,0,0.3610049719962847,0.6607892527287993,0.023509655751469353,no_interaction,1,False,0.7727272727272727,0.7659574468085106,0.7659574468085106,False,False,False
C1CC(OC1CO)N2C=NC3=C2NC=NC3=O,CCCCC(=O)N(CC1=CC=C(C=C1)C2=CC=CC=C2C3=NNN=N3)C(C(C)C)C(=O)O,1,reported_twosides,0.9880774021148682,0.9633925225647166,0.9633925225647166,fitted,platt_logistic_regression,0.5092713250521524,1,0.15700842695918749,0.0033585222502099076,0.8270361041141897,interaction,1,False,0.3492063492063492,0.4533333333333333,0.3492063492063492,False,False,True
C1CC(C1)CN2CCC34C5C(CCC3(C2CC6=C4C(=C(C=C6)O)O5)O)O,CC1=C(SC=C1)C(=CCCN2CCCC(C2)C(=O)O)C3=C(C=CS3)C,0,unreported_twosides_sampled,0.012492457404732704,0.03222727712218642,0.03222727712218642,fitted,platt_logistic_regression,0.5092713250521524,0,0.14240113820278522,0.8429890848026869,0.0025188916876574307,no_interaction,1,False,0.6451612903225806,0.26865671641791045,0.26865671641791045,False,False,True
CC12CCC3C(C1CCC2O)C(CC4=C3C=CC(=C4)O)CCCCCCCCCS(=O)CCCC(C(F)(F)F)(F)F,CCCCC(=O)N(CC1=CC=C(C=C1)C2=CC=CC=C2C3=NNN=N3)C(C(C)C)C(=O)O,1,reported_twosides,0.6645475625991821,0.6071039113701352,0.6071039113701352,fitted,platt_logistic_regression,0.5092713250521524,1,0.6700259304465832,0.14777497900923595,0.3022670025188917,no_interaction|interaction,2,True,0.4492753623188406,0.4533333333333333,0.4492753623188406,False,False,False
CC12CCC3C(C1CCC2C(=O)NC4=C(C=CC(=C4)C(F)(F)F)C(F)(F)F)CCC5C3(C=CC(=O)N5)C,CN(C)CCC1=CNC2=C1C=C(C=C2)CC3COC(=O)N3,0,unreported_twosides_sampled,0.13773420453071594,0.18592682997562981,0.18592682997562981,fitted,platt_logistic_regression,0.5092713250521524,0,0.4802626274711007,0.5407220822837951,0.04450041981528128,no_interaction,1,False,0.6417910447761194,0.543859649122807,0.543859649122807,False,False,False
C1=CC(=C2NC(=C3C=CC=CC3=O)N(N2)C4=CC=C(C=C4)C(=O)O)C(=O)C=C1,CCOC(=O)N1CCC(=C2C3=C(CCC4=C2N=CC=C4)C=C(C=C3)Cl)CC1,1,reported_twosides,0.4909220039844513,0.4721518196330667,0.4721518196330667,fitted,platt_logistic_regression,0.5092713250521524,0,0.6915953353530138,0.22502099076406382,0.18723761544920234,no_interaction|interaction,2,True,0.22033898305084745,0.5892857142857143,0.22033898305084745,False,False,True
CC1CC2C3CCC4=CC(=O)C=CC4(C3(C(CC2(C1(C(=O)CO)O)C)O)F)C,CCCN1CC(CC2C1CC3=CNC4=CC=CC2=C34)CSC,0,unreported_twosides_sampled,0.01224897988140583,0.03175864589055259,0.03175864589055259,fitted,platt_logistic_regression,0.5092713250521524,0,0.14080323112586857,0.8446683459277917,0.0025188916876574307,no_interaction,1,False,0.8596491228070176,0.42168674698795183,0.42168674698795183,False,False,False
CC1(C(N2C(S1)C(C2=O)NC(=O)C(C3=CC=CC=C3)N)C(=O)[O-])C,CCOC(=O)N1CCC(=C2C3=C(CCC4=C2N=CC=C4)C=C(C=C3)Cl)CC1,0,unreported_twosides_sampled,0.034988611936569214,0.06896680712370996,0.06896680712370996,fitted,platt_logistic_regression,0.5092713250521524,0,0.25095816150810113,0.7514693534844669,0.007556675062972292,no_interaction,1,False,0.6119402985074627,0.5892857142857143,0.5892857142857143,False,False,False
CC1=C(C(C(=C(N1)C)C(=O)OCC(C)C)C2=CC=CC=C2[N+](=O)[O-])C(=O)OC,CN1CCC23C=CC(CC2OC4=C(C=CC(=C34)C1)OC)O,0,unreported_twosides_sampled,0.9964646100997925,0.9852210032306716,0.9852210032306716,fitted,platt_logistic_regression,0.5092713250521524,1,0.07695604025637882,0.0008396305625524769,0.9109991603694374,interaction,1,False,0.8043478260869565,0.375,0.375,False,False,True
C1CN=C(N1)NC2=C(C=CC=C2Cl)Cl,CC12CCC3C(C1CCC2C(=O)NC4=C(C=CC(=C4)C(F)(F)F)C(F)(F)F)CCC5C3(C=CC(=O)N5)C,1,reported_twosides,0.9928417205810547,0.9749432864706157,0.9749432864706157,fitted,platt_logistic_regression,0.5092713250521524,1,0.11711455671922022,0.0016792611251049538,0.8723761544920235,interaction,1,False,0.5853658536585366,0.6417910447761194,0.5853658536585366,False,False,False
CCN(C)C(=O)OC1=CC=CC(=C1)C(C)N(C)C,COC1=C(C=C(C=C1)C2=CC3=C(C=C2)C=C(C=C3)C(=O)O)C45CC6CC(C4)CC(C6)C5,0,unreported_twosides_sampled,0.9957162737846375,0.9829314247718143,0.9829314247718143,fitted,platt_logistic_regression,0.5092713250521524,1,0.08639998335265753,0.0008396305625524769,0.9042821158690176,interaction,1,False,0.32653061224489793,0.288135593220339,0.288135593220339,False,False,True
CCCN1CC(CC2C1CC3=CNC4=CC=CC2=C34)CSC,CN(C)CCC1=CNC2=C1C=C(C=C2)CC3COC(=O)N3,0,unreported_twosides_sampled,0.09128151088953018,0.1383688002362562,0.1383688002362562,fitted,platt_logistic_regression,0.5092713250521524,0,0.401991298465898,0.6188077246011755,0.028547439126784216,no_interaction,1,False,0.42168674698795183,0.543859649122807,0.42168674698795183,False,False,False
CC1=NN=C2N1C3=C(C=C(C=C3)Cl)C(=NC2)C4=CC=CC=C4,CN1C(=C(NC2=CC=CC=N2)O)C(=O)C3=CC=CC=C3S1(=O)=O,1,reported_twosides,0.934238076210022,0.8733660211817063,0.8733660211817063,fitted,platt_logistic_regression,0.5092713250521524,1,0.37993757730700534,0.02434928631402183,0.6406381192275399,interaction,1,False,0.7659574468085106,0.62,0.62,False,False,False
CC12CCC3C(C1CCC2(C#C)O)CCC4=CC(=O)CCC34,CCOC(=O)N1CCC(=C2C3=C(CCC4=C2N=CC=C4)C=C(C=C3)Cl)CC1,1,reported_twosides,0.04520602151751518,0.08316927263387998,0.08316927263387998,fitted,platt_logistic_regression,0.5092713250521524,0,0.28644240639839474,0.7195633921074727,0.0109151973131822,no_interaction,1,False,0.7169811320754716,0.5892857142857143,0.5892857142857143,False,False,False
C1CC(OC1CO)N2C=NC3=C2NC=NC3=O,CN1CCC23C=CC(CC2OC4=C(C=CC(=C34)C1)OC)O,0,unreported_twosides_sampled,0.9963241815567017,0.9847825030732578,0.9847825030732578,fitted,platt_logistic_regression,0.5092713250521524,1,0.0787910519105938,0.0008396305625524769,0.9093198992443325,interaction,1,False,0.3492063492063492,0.375,0.3492063492063492,False,False,True
CC1CN(CCN1)C2=C(C=C3C(=C2OC)N(C=C(C3=O)C(=O)O)C4CC4)F,CCCCC(=O)N(CC1=CC=C(C=C1)C2=CC=CC=C2C3=NNN=N3)C(C(C)C)C(=O)O,1,reported_twosides,0.9945318698883057,0.9795084355479513,0.9795084355479513,fitted,platt_logistic_regression,0.5092713250521524,1,0.09994607848975634,0.0008396305625524769,0.8883291351805206,interaction,1,False,0.7230769230769231,0.4533333333333333,0.4533333333333333,False,False,False
C(CCl)NC(=O)N(CCCl)N=O,CN(C)NN=C1C(=NC=N1)C(=O)N,1,reported_twosides,0.022223392501473427,0.04939338879681321,0.04939338879681321,fitted,platt_logistic_regression,0.5092713250521524,0,0.19672522529931125,0.7951301427371956,0.005037783375314861,no_interaction,1,False,0.2391304347826087,0.24390243902439024,0.2391304347826087,False,False,True
CC1=C(C(=O)C2=CC=CC=C2C1=O)CC=C(C)CCCC(C)CCCC(C)CCCC(C)C,CCC(C)C(=O)OC1CC(C=C2C1C(C(C=C2)C)CCC3CC(CC(=O)O3)O)C,0,unreported_twosides_sampled,0.9598628282546997,0.9110483473373915,0.9110483473373915,fitted,platt_logistic_regression,0.5092713250521524,1,0.30010559686743365,0.011754827875734676,0.7052896725440806,interaction,1,False,0.22058823529411764,0.7424242424242424,0.22058823529411764,False,False,True
C1=CC(=C2NC(=C3C=CC=CC3=O)N(N2)C4=CC=C(C=C4)C(=O)O)C(=O)C=C1,CN1C(=C(NC2=CC=CC=N2)O)C(=O)C3=CC=CC=C3S1(=O)=O,0,unreported_twosides_sampled,0.7847698926925659,0.7106164483221411,0.7106164483221411,fitted,platt_logistic_regression,0.5092713250521524,1,0.6015988014131124,0.09655751469353484,0.39462636439966414,interaction,1,False,0.22033898305084745,0.62,0.22033898305084745,False,False,True
CCCN1CC(CC2C1CC3=CNC4=CC=CC2=C34)CSC,CN1CCC23C=CC(CC2OC4=C(C=CC(=C34)C1)OC)O,0,unreported_twosides_sampled,0.758712112903595,0.6869637170490284,0.6869637170490284,fitted,platt_logistic_regression,0.5092713250521524,1,0.6215085416815229,0.10747271200671704,0.37279596977329976,no_interaction|interaction,2,True,0.42168674698795183,0.375,0.375,False,False,True
CC(C)C(C(=O)OCC(CO)OCN1C=NC2=C1NC(=NC2=O)N)N,CC1=NN=C2N1C3=C(C=C(C=C3)Cl)C(=NC2)C4=CC=CC=C4,0,unreported_twosides_sampled,0.18507522344589233,0.22979115803390987,0.22979115803390987,fitted,platt_logistic_regression,0.5092713250521524,0,0.5390238722464535,0.47691015952980687,0.061293031066330814,no_interaction,1,False,0.7307692307692307,0.7659574468085106,0.7307692307692307,False,False,False
C(CCl)NC(=O)N(CCCl)N=O,CN1CCC23C=CC(CC2OC4=C(C=CC(=C34)C1)OC)O,0,unreported_twosides_sampled,0.1912321150302887,0.23525305066384183,0.23525305066384183,fitted,platt_logistic_regression,0.5092713250521524,0,0.5455461654775262,0.4693534844668346,0.06465155331654072,no_interaction,1,False,0.2391304347826087,0.375,0.2391304347826087,False,False,True
C1CC(OC1CO)N2C=NC3=C2NC=NC3=O,CCOC(=O)N1CCC(=C2C3=C(CCC4=C2N=CC=C4)C=C(C=C3)Cl)CC1,1,reported_twosides,0.9054446816444397,0.8363808667733524,0.8363808667733524,fitted,platt_logistic_regression,0.5092713250521524,1,0.4456227935398716,0.03526448362720403,0.5751469353484466,interaction,1,False,0.3492063492063492,0.5892857142857143,0.3492063492063492,False,False,True
CC12CCC3C(C1CCC2O)C(CC4=C3C=CC(=C4)O)CCCCCCCCCS(=O)CCCC(C(F)(F)F)(F)F,CCCN1CC(CC2C1CC3=CNC4=CC=CC2=C34)CSC,0,unreported_twosides_sampled,0.05027863755822182,0.08986806418017931,0.08986806418017931,fitted,platt_logistic_regression,0.5092713250521524,0,0.30223246545931204,0.7019311502938707,0.012594458438287154,no_interaction,1,False,0.4492753623188406,0.42168674698795183,0.42168674698795183,False,False,False
C1C(N(C2=C(N1)NC(=NC2=O)N)C=O)CNC3=CC=C(C=C3)C(=O)NC(CCC(=O)O)C(=O)O,CC1CC2C3CCC4=CC(=O)C=CC4(C3(C(CC2(C1(C(=O)CO)O)C)O)F)C,1,reported_twosides,0.7820944786071777,0.7081480084676344,0.7081480084676344,fitted,platt_logistic_regression,0.5092713250521524,1,0.6038016077347133,0.09655751469353484,0.3929471032745592,interaction,1,False,0.5256410256410257,0.8596491228070176,0.5256410256410257,False,False,False
CC(C)(C)NCC(C1=CC(=C(C=C1)O)CO)O,CC1=C(C(=O)C2=CC=CC=C2C1=O)CC=C(C)CCCC(C)CCCC(C)CCCC(C)C,1,reported_twosides,0.3147766590118408,0.33746985246911004,0.33746985246911004,fitted,platt_logistic_regression,0.5092713250521524,0,0.6393429644823085,0.34760705289672544,0.11922753988245172,no_interaction|interaction,2,True,0.5227272727272727,0.22058823529411764,0.22058823529411764,False,False,True
CC(C)(C(=O)O)ON=C(C1=CSC(=N1)N)C(=O)NC2C3N(C2=O)C(=C(CS3)C[N+]4=CC=CC=C4)C(=O)[O-],CCOC1=C(C=CC(=C1)CC(=O)NC(CC(C)C)C2=CC=CC=C2N3CCCCC3)C(=O)O,0,unreported_twosides_sampled,0.46359556913375854,0.45147853644265673,0.45147853644265673,fitted,platt_logistic_regression,0.5092713250521524,0,0.6884310972194043,0.23761544920235098,0.17632241813602015,no_interaction|interaction,2,True,0.6428571428571429,0.2804878048780488,0.2804878048780488,False,False,True
CC(C)(C)NCC(C1=CC(=C(C=C1)O)CO)O,CN1CCC(=C2C3=C(C(=O)CC4=CC=CC=C42)SC=C3)CC1,1,reported_twosides,0.8618195652961731,0.7868400607108399,0.7868400607108399,fitted,platt_logistic_regression,0.5092713250521524,1,0.518113370323247,0.055415617128463476,0.49538203190596136,interaction,1,False,0.5227272727272727,0.3018867924528302,0.3018867924528302,False,False,True
C1CC(C1)(C(=O)O)C(=O)O.N.N.[Pt],CC(=O)OCC(=O)C12C(CC3C1(CC(C4(C3CC(C5=CC(=O)C=CC54C)F)F)O)C)OC(O2)(C)C,0,unreported_twosides_sampled,0.0017862379318103194,0.007485678986909832,0.007485678986909832,fitted,platt_logistic_regression,0.5092713250521524,0,0.04409821978730325,0.945424013434089,0.0008396305625524769,no_interaction,1,False,0.26666666666666666,0.8059701492537313,0.26666666666666666,False,False,True
C1=CC(=C2NC(=C3C=CC=CC3=O)N(N2)C4=CC=C(C=C4)C(=O)O)C(=O)C=C1,CC12CCC3C(C1CCC2O)C(CC4=C3C=CC(=C4)O)CCCCCCCCCS(=O)CCCC(C(F)(F)F)(F)F,0,unreported_twosides_sampled,0.03681414574384689,0.07158366119693715,0.07158366119693715,fitted,platt_logistic_regression,0.5092713250521524,0,0.25771625674517407,0.743073047858942,0.008396305625524769,no_interaction,1,False,0.22033898305084745,0.4492753623188406,0.22033898305084745,False,False,True
CCCN1CC(CC2C1CC3=CNC4=CC=CC2=C34)CSC,CNC(=C[N+](=O)[O-])NCCSCC1=CC=C(O1)CN(C)C,1,reported_twosides,0.028015129268169403,0.058584420214404055,0.058584420214404055,fitted,platt_logistic_regression,0.5092713250521524,0,0.22305460759907175,0.7716204869857263,0.005877413937867338,no_interaction,1,False,0.42168674698795183,0.603448275862069,0.42168674698795183,False,False,False
CC(C=CC(C)C(C)(C)O)C1CCC2C1(CCCC2=CC=C3CC(CC(C3)O)O)C,CCOC1=C(C=CC(=C1)CC(=O)NC(CC(C)C)C2=CC=CC=C2N3CCCCC3)C(=O)O,1,reported_twosides,0.9581749439239502,0.9083696067889265,0.9083696067889265,fitted,platt_logistic_regression,0.5092713250521524,1,0.3062938170639035,0.01343408900083963,0.7002518891687658,interaction,1,False,0.5625,0.2804878048780488,0.2804878048780488,False,False,True
CCCN1CC(CC2C1CC3=CNC4=CC=CC2=C34)CSC,CCOC1=C(C=CC(=C1)CC(=O)NC(CC(C)C)C2=CC=CC=C2N3CCCCC3)C(=O)O,0,unreported_twosides_sampled,0.16039225459098816,0.20737255994560325,0.20737255994560325,fitted,platt_logistic_regression,0.5092713250521524,0,0.510454638335549,0.5020990764063812,0.055415617128463476,no_interaction,1,False,0.42168674698795183,0.2804878048780488,0.2804878048780488,False,False,True
CC(C)C(CCCN(C)CCC1=CC(=C(C=C1)OC)OC)(C#N)C2=CC(=C(C=C2)OC)OC,CN1C(=C(NC2=CC=CC=N2)O)C(=O)C3=CC=CC=C3S1(=O)=O,1,reported_twosides,0.6330896019935608,0.5818248554234378,0.5818248554234378,fitted,platt_logistic_regression,0.5092713250521524,1,0.6796961474935308,0.16036943744752308,0.27204030226700254,no_interaction|interaction,2,True,0.23529411764705882,0.62,0.23529411764705882,False,False,True
CC(C)(C(=O)O)ON=C(C1=CSC(=N1)N)C(=O)NC2C3N(C2=O)C(=C(CS3)C[N+]4=CC=CC=C4)C(=O)[O-],CN1CC(=O)N2C(C1=O)CC3=C(C2C4=CC5=C(C=C4)OCO5)NC6=CC=CC=C36,0,unreported_twosides_sampled,0.9292823672294617,0.8666719735730636,0.8666719735730636,fitted,platt_logistic_regression,0.5092713250521524,1,0.3926645336267442,0.02518891687657431,0.6263643996641478,interaction,1,False,0.6428571428571429,0.24050632911392406,0.24050632911392406,False,False,True
CC1=NN=C(S1)SCC2=C(N3C(C(C3=O)NC(=O)CN4C=NN=N4)SC2)C(=O)[O-],CCOC(=O)N1CCC(=C2C3=C(CCC4=C2N=CC=C4)C=C(C=C3)Cl)CC1,1,reported_twosides,0.1780037134885788,0.22345705576877575,0.22345705576877575,fitted,platt_logistic_regression,0.5092713250521524,0,0.531248747546279,0.48446683459277917,0.060453400503778336,no_interaction,1,False,0.4574468085106383,0.5892857142857143,0.4574468085106383,False,False,False
CC(C=CC(C)C(C)(C)O)C1CCC2C1(CCCC2=CC=C3CC(CC(C3)O)O)C,CC1=C(C(=O)C2=CC=CC=C2C1=O)CC=C(C)CCCC(C)CCCC(C)CCCC(C)C,0,unreported_twosides_sampled,0.5675771832466125,0.5306067420871632,0.5306067420871632,fitted,platt_logistic_regression,0.5092713250521524,1,0.6912724634229538,0.18387909319899245,0.22670025188916876,no_interaction|interaction,2,True,0.5625,0.22058823529411764,0.22058823529411764,False,False,True
CC1CC2C3CCC4=CC(=O)C=CC4(C3(C(CC2(C1(C(=O)CO)O)C)O)F)C,CN(C)NN=C1C(=NC=N1)C(=O)N,1,reported_twosides,0.42364078760147095,0.4212401998365748,0.4212401998365748,fitted,platt_logistic_regression,0.5092713250521524,0,0.6806891475432904,0.2686817800167926,0.16036943744752308,no_interaction|interaction,2,True,0.8596491228070176,0.24390243902439024,0.24390243902439024,False,False,True
C1CN=C(N1)NC2=C(C=CC=C2Cl)Cl,CC(C)C(CCCN(C)CCC1=CC(=C(C=C1)OC)OC)(C#N)C2=CC(=C(C=C2)OC)OC,1,reported_twosides,0.8582377433776855,0.783025965047036,0.783025965047036,fitted,platt_logistic_regression,0.5092713250521524,1,0.5230513310530445,0.05709487825356843,0.491183879093199,interaction,1,False,0.5853658536585366,0.23529411764705882,0.23529411764705882,False,False,True
CC1(C(N2C(S1)C(C2=O)NC(=O)C(C3=CC=CC=C3)N)C(=O)[O-])C,CC1CC2C3CCC4=CC(=O)C=CC4(C3(C(CC2(C1(C(=O)CO)O)C)O)F)C,1,reported_twosides,0.07026252895593643,0.11455980069434389,0.11455980069434389,fitted,platt_logistic_regression,0.5092713250521524,0,0.35594377020843104,0.6649874055415617,0.022670025188916875,no_interaction,1,False,0.6119402985074627,0.8596491228070176,0.6119402985074627,False,False,False
C(CCl)NC(=O)N(CCCl)N=O,CC(C)C(CCCN(C)CCC1=CC(=C(C=C1)OC)OC)(C#N)C2=CC(=C(C=C2)OC)OC,0,unreported_twosides_sampled,0.0019008684903383255,0.007845538779737857,0.007845538779737857,fitted,platt_logistic_regression,0.5092713250521524,0,0.045848364792426766,0.9429051217464316,0.0008396305625524769,no_interaction,1,False,0.2391304347826087,0.23529411764705882,0.23529411764705882,False,False,True
CC(C)(C)NCC(C1=CC(=C(C=C1)O)CO)O,CN1CCC23C=CC(CC2OC4=C(C=CC(=C34)C1)OC)O,1,reported_twosides,0.9977572560310364,0.9895041642296398,0.9895041642296398,fitted,platt_logistic_regression,0.5092713250521524,1,0.05826774058047011,0.0008396305625524769,0.9303106633081444,interaction,1,False,0.5227272727272727,0.375,0.375,False,False,True
CC(C)(C(=O)O)ON=C(C1=CSC(=N1)N)C(=O)NC2C3N(C2=O)C(=C(CS3)C[N+]4=CC=CC=C4)C(=O)[O-],CN1CCC(=C2C3=C(C(=O)CC4=CC=CC=C42)SC=C3)CC1,0,unreported_twosides_sampled,0.2754623591899872,0.3061345767684734,0.3061345767684734,fitted,platt_logistic_regression,0.5092713250521524,0,0.6159728577024612,0.3778337531486146,0.10495382031905962,no_interaction|interaction,2,True,0.6428571428571429,0.3018867924528302,0.3018867924528302,False,False,True
C1=CC(=C2NC(=C3C=CC=CC3=O)N(N2)C4=CC=C(C=C4)C(=O)O)C(=O)C=C1,CNC(=C[N+](=O)[O-])NCCSCC1=CC=C(O1)CN(C)C,1,reported_twosides,0.9748927354812622,0.9367030876719554,0.9367030876719554,fitted,platt_logistic_regression,0.5092713250521524,1,0.23594433939974302,0.006717044500419815,0.7590260285474392,interaction,1,False,0.22033898305084745,0.603448275862069,0.22033898305084745,False,False,True
CC(C)C(CCCN(C)CCC1=CC(=C(C=C1)OC)OC)(C#N)C2=CC(=C(C=C2)OC)OC,C[N+](C)(C)CC(CC(=O)O)O,0,unreported_twosides_sampled,0.006198033690452576,0.019092040403024937,0.019092040403024937,fitted,platt_logistic_regression,0.5092713250521524,0,0.09448414828817206,0.8942065491183879,0.0008396305625524769,no_interaction,1,False,0.23529411764705882,0.36666666666666664,0.23529411764705882,False,False,True
CC12CCC3C(C1CCC2(C#C)O)CCC4=CC(=O)CCC34,CN1CCC23C=CC(CC2OC4=C(C=CC(=C34)C1)OC)O,0,unreported_twosides_sampled,0.906269371509552,0.8373832467914407,0.8373832467914407,fitted,platt_logistic_regression,0.5092713250521524,1,0.4439836905625606,0.03526448362720403,0.5768261964735516,interaction,1,False,0.7169811320754716,0.375,0.375,False,False,True
C1CC(OC1CO)N2C=NC3=C2NC=NC3=O,CC12CCC3C(C1CCC2(C#C)O)CCC4=CC(=O)CCC34,0,unreported_twosides_sampled,0.23845526576042175,0.2757534977065416,0.2757534977065416,fitted,platt_logistic_regression,0.5092713250521524,0,0.5888977954100586,0.41309823677581864,0.08816120906801007,no_interaction,1,False,0.3492063492063492,0.7169811320754716,0.3492063492063492,False,False,True
C1CC(C1)CN2CCC34C5C(CCC3(C2CC6=C4C(=C(C=C6)O)O5)O)O,CCCCC(=O)N(CC1=CC=C(C=C1)C2=CC=CC=C2C3=NNN=N3)C(C(C)C)C(=O)O,0,unreported_twosides_sampled,0.4988078474998474,0.47812553657911433,0.47812553657911433,fitted,platt_logistic_regression,0.5092713250521524,0,0.6921898907531054,0.22082283795130142,0.19059613769941225,no_interaction|interaction,2,True,0.6451612903225806,0.4533333333333333,0.4533333333333333,False,False,False
C1CC(OC1CO)N2C=NC3=C2NC=NC3=O,C[N+](C)(C)CC(CC(=O)O)O,1,reported_twosides,0.008454524911940098,0.024086162378218718,0.024086162378218718,fitted,platt_logistic_regression,0.5092713250521524,0,0.11354161126095433,0.8765743073047859,0.0016792611251049538,no_interaction,1,False,0.3492063492063492,0.36666666666666664,0.3492063492063492,False,False,True
CC1=C(C(=O)C2=CC=CC=C2C1=O)CC=C(C)CCCC(C)CCCC(C)CCCC(C)C,CNC(=C[N+](=O)[O-])NCCSCC1=CC=C(O1)CN(C)C,1,reported_twosides,0.6985885500907898,0.6351410847496881,0.6351410847496881,fitted,platt_logistic_regression,0.5092713250521524,1,0.6561627051589312,0.13266162888329136,0.3240973971452561,no_interaction|interaction,2,True,0.22058823529411764,0.603448275862069,0.22058823529411764,False,False,True
C1C(OC(S1)CO)N2C=C(C(=NC2=O)N)F,C1CN=C(N1)NC2=C(C=CC=C2Cl)Cl,1,reported_twosides,0.9996688365936279,0.9975276959555123,0.9975276959555123,fitted,platt_logistic_regression,0.5092713250521524,1,0.017309509384012878,0.0008396305625524769,0.982367758186398,interaction,1,False,0.6326530612244898,0.5853658536585366,0.5853658536585366,False,False,False
CCCN1CC(CC2C1CC3=CNC4=CC=CC2=C34)CSC,COC1=C(C=C(C=C1)C2=CC3=C(C=C2)C=C(C=C3)C(=O)O)C45CC6CC(C4)CC(C6)C5,0,unreported_twosides_sampled,0.06836318224668503,0.11231136244222233,0.11231136244222233,fitted,platt_logistic_regression,0.5092713250521524,0,0.3513206781198279,0.6691855583543241,0.0218303946263644,no_interaction,1,False,0.42168674698795183,0.288135593220339,0.288135593220339,False,False,True
CC(C)(C(=O)O)ON=C(C1=CSC(=N1)N)C(=O)NC2C3N(C2=O)C(=C(CS3)C[N+]4=CC=CC=C4)C(=O)[O-],CC(C=CC(C)C(C)(C)O)C1CCC2C1(CCCC2=CC=C3CC(CC(C3)O)O)C,0,unreported_twosides_sampled,0.693453311920166,0.6308596412371557,0.6308596412371557,fitted,platt_logistic_regression,0.5092713250521524,1,0.6584965795349067,0.1343408900083963,0.3198992443324937,no_interaction|interaction,2,True,0.6428571428571429,0.5625,0.5625,False,False,False
CCOC(=O)N1CCC(=C2C3=C(CCC4=C2N=CC=C4)C=C(C=C3)Cl)CC1,CN1CC(=O)N2C(C1=O)CC3=C(C2C4=CC5=C(C=C4)OCO5)NC6=CC=CC=C36,1,reported_twosides,0.7114800810813904,0.6459793139209536,0.6459793139209536,fitted,platt_logistic_regression,0.5092713250521524,1,0.6499001340837642,0.12678421494542402,0.3316540722082284,no_interaction|interaction,2,True,0.5892857142857143,0.24050632911392406,0.24050632911392406,False,False,True
C1CC(OC1CO)N2C=NC3=C2NC=NC3=O,C1CN=C(N1)NC2=C(C=CC=C2Cl)Cl,0,unreported_twosides_sampled,0.9999308586120605,0.9992463011455764,0.9992463011455764,fitted,platt_logistic_regression,0.5092713250521524,1,0.0061728996804272535,0.0008396305625524769,0.9958018471872376,interaction,1,False,0.3492063492063492,0.5853658536585366,0.3492063492063492,False,False,True
CCC(C)C(=O)OC1CC(C=C2C1C(C(C=C2)C)CCC3CC(CC(=O)O3)O)C,CCCCC(=O)N(CC1=CC=C(C=C1)C2=CC=CC=C2C3=NNN=N3)C(C(C)C)C(=O)O,1,reported_twosides,0.9992800354957581,0.9955489648563073,0.9955489648563073,fitted,platt_logistic_regression,0.5092713250521524,1,0.02854177220531294,0.0008396305625524769,0.964735516372796,interaction,1,False,0.7424242424242424,0.4533333333333333,0.4533333333333333,False,False,False
C1CC(C1)(C(=O)O)C(=O)O.N.N.[Pt],CC(C)(C(=O)O)ON=C(C1=CSC(=N1)N)C(=O)NC2C3N(C2=O)C(=C(CS3)C[N+]4=CC=CC=C4)C(=O)[O-],1,reported_twosides,0.016731536015868187,0.040037862484326565,0.040037862484326565,fitted,platt_logistic_regression,0.5092713250521524,0,0.1680644580869087,0.8161209068010076,0.0033585222502099076,no_interaction,1,False,0.26666666666666666,0.6428571428571429,0.26666666666666666,False,False,True
C1=CC(=CC=C1N)S(=O)(=O)C2=CC=C(C=C2)N,CCC(C)C(=O)OC1CC(C=C2C1C(C(C=C2)C)CCC3CC(CC(=O)O3)O)C,1,reported_twosides,0.9164345860481262,0.8499897777627976,0.8499897777627976,fitted,platt_logistic_regression,0.5092713250521524,1,0.4227268188996573,0.031066330814441646,0.5969773299748111,interaction,1,False,0.43333333333333335,0.7424242424242424,0.43333333333333335,False,False,False
CN1CC(=O)N2C(C1=O)CC3=C(C2C4=CC5=C(C=C4)OCO5)NC6=CC=CC=C36,CN1CCC(=C2C3=C(C(=O)CC4=CC=CC=C42)SC=C3)CC1,1,reported_twosides,0.9800601005554199,0.9465216148608736,0.9465216148608736,fitted,platt_logistic_regression,0.5092713250521524,1,0.2086324807391201,0.005877413937867338,0.7858942065491183,interaction,1,False,0.24050632911392406,0.3018867924528302,0.24050632911392406,False,False,True
CC(C)(C)NCC(C1=CC(=C(C=C1)O)CO)O,CCCCC(=O)N(CC1=CC=C(C=C1)C2=CC=CC=C2C3=NNN=N3)C(C(C)C)C(=O)O,1,reported_twosides,0.7920732498168945,0.7174051726178688,0.7174051726178688,fitted,platt_logistic_regression,0.5092713250521524,1,0.5953873644054736,0.09319899244332494,0.4072208228379513,interaction,1,False,0.5227272727272727,0.4533333333333333,0.4533333333333333,False,False,False
CCCN1CC(CC2C1CC3=CNC4=CC=CC2=C34)CSC,CN1C(=C(NC2=CC=CC=N2)O)C(=O)C3=CC=CC=C3S1(=O)=O,0,unreported_twosides_sampled,0.20617496967315674,0.24831969104262783,0.24831969104262783,fitted,platt_logistic_regression,0.5092713250521524,0,0.5604815960910805,0.4433249370277078,0.07220822837951302,no_interaction,1,False,0.42168674698795183,0.62,0.42168674698795183,False,False,False
CC(=O)OCC(=O)C12C(CC3C1(CC(C4(C3CC(C5=CC(=O)C=CC54C)F)F)O)C)OC(O2)(C)C,CC1=C(C(C(=C(N1)C)C(=O)OCC(C)C)C2=CC=CC=C2[N+](=O)[O-])C(=O)OC,0,unreported_twosides_sampled,0.039767567068338394,0.07574009865249548,0.07574009865249548,fitted,platt_logistic_regression,0.5092713250521524,0,0.26823988142937927,0.7346767422334173,0.009235936188077247,no_interaction,1,False,0.8059701492537313,0.8043478260869565,0.8043478260869565,False,False,False
C1C(OC(S1)CO)N2C=C(C(=NC2=O)N)F,CC(C)C(CCCN(C)CCC1=CC(=C(C=C1)OC)OC)(C#N)C2=CC(=C(C=C2)OC)OC,0,unreported_twosides_sampled,0.05261201038956642,0.09288278086929694,0.09288278086929694,fitted,platt_logistic_regression,0.5092713250521524,0,0.3091572707808582,0.6977329974811083,0.01343408900083963,no_interaction,1,False,0.6326530612244898,0.23529411764705882,0.23529411764705882,False,False,True
CC1=C(SC=C1)C(=CCCN2CCCC(C2)C(=O)O)C3=C(C=CS3)C,CN1CC(=O)N2C(C1=O)CC3=C(C2C4=CC5=C(C=C4)OCO5)NC6=CC=CC=C36,0,unreported_twosides_sampled,0.39706408977508545,0.40104598283799275,0.40104598283799275,fitted,platt_logistic_regression,0.5092713250521524,0,0.6734334978804499,0.29135180520570947,0.15197313182199831,no_interaction|interaction,2,True,0.26865671641791045,0.24050632911392406,0.24050632911392406,False,False,True
CC1=C(C(=O)C2=CC=CC=C2C1=O)CC=C(C)CCCC(C)CCCC(C)CCCC(C)C,CC1CN(CCN1)C2=C(C=C3C(=C2OC)N(C=C(C3=O)C(=O)O)C4CC4)F,0,unreported_twosides_sampled,0.8333433270454407,0.757347543092448,0.757347543092448,fitted,platt_logistic_regression,0.5092713250521524,1,0.5541181231360334,0.0688497061293031,0.45759865659109994,interaction,1,False,0.22058823529411764,0.7230769230769231,0.22058823529411764,False,False,True
CC12CCC3C(C1CCC2O)C(CC4=C3C=CC(=C4)O)CCCCCCCCCS(=O)CCCC(C(F)(F)F)(F)F,CCOC(=O)N1CCC(=C2C3=C(CCC4=C2N=CC=C4)C=C(C=C3)Cl)CC1,0,unreported_twosides_sampled,0.17455779016017914,0.22034574088393488,0.22034574088393488,fitted,platt_logistic_regression,0.5092713250521524,0,0.5273452058723639,0.48614609571788414,0.05961376994122586,no_interaction,1,False,0.4492753623188406,0.5892857142857143,0.4492753623188406,False,False,False
C1CC(C1)CN2CCC34C5C(CCC3(C2CC6=C4C(=C(C=C6)O)O5)O)O,C1CC(OC1CO)N2C=NC3=C2NC=NC3=O,0,unreported_twosides_sampled,0.5023507475852966,0.48081118576264475,0.48081118576264475,fitted,platt_logistic_regression,0.5092713250521524,0,0.692410578497637,0.21914357682619648,0.19143576826196473,no_interaction|interaction,2,True,0.6451612903225806,0.3492063492063492,0.3492063492063492,False,False,True
CC(C)(C(=O)O)ON=C(C1=CSC(=N1)N)C(=O)NC2C3N(C2=O)C(=C(CS3)C[N+]4=CC=CC=C4)C(=O)[O-],CCCCC(=O)N(CC1=CC=C(C=C1)C2=CC=CC=C2C3=NNN=N3)C(C(C)C)C(=O)O,0,unreported_twosides_sampled,0.4985768795013428,0.47795049628411584,0.47795049628411584,fitted,platt_logistic_regression,0.5092713250521524,0,0.6921745039241756,0.22082283795130142,0.19059613769941225,no_interaction|interaction,2,True,0.6428571428571429,0.4533333333333333,0.4533333333333333,False,False,False
CN1CC(=O)N2C(C1=O)CC3=C(C2C4=CC5=C(C=C4)OCO5)NC6=CC=CC=C36,C[N+](C)(C)CC(CC(=O)O)O,0,unreported_twosides_sampled,0.02030882053077221,0.04621314763876098,0.04621314763876098,fitted,platt_logistic_regression,0.5092713250521524,0,0.1872103836933029,0.8026868178001679,0.005037783375314861,no_interaction,1,False,0.24050632911392406,0.36666666666666664,0.24050632911392406,False,False,True
CCCCC(=O)N(CC1=CC=C(C=C1)C2=CC=CC=C2C3=NNN=N3)C(C(C)C)C(=O)O,CCOC1=C(C=CC(=C1)CC(=O)NC(CC(C)C)C2=CC=CC=C2N3CCCCC3)C(=O)O,1,reported_twosides,0.935581624507904,0.8752086212982549,0.8752086212982549,fitted,platt_logistic_regression,0.5092713250521524,1,0.3763640038983156,0.02434928631402183,0.6431570109151973,interaction,1,False,0.4533333333333333,0.2804878048780488,0.2804878048780488,False,False,True
C1CN=C(N1)NC2=C(C=CC=C2Cl)Cl,CC1C2C(C(=O)N2C(=C1SC3CC(NC3)C(=O)NC4=CC=CC(=C4)C(=O)O)C(=O)O)C(C)O,0,unreported_twosides_sampled,0.999042809009552,0.9944793496303992,0.9944793496303992,fitted,platt_logistic_regression,0.5092713250521524,1,0.03420867791929677,0.0008396305625524769,0.9580184718723762,interaction,1,False,0.5853658536585366,0.23529411764705882,0.23529411764705882,False,False,True
CC1(C(N2C(S1)C(C2=O)NC(=O)C(C3=CC=CC=C3)N)C(=O)[O-])C,CCC(C)C(=O)OC1CC(C=C2C1C(C(C=C2)C)CCC3CC(CC(=O)O3)O)C,0,unreported_twosides_sampled,0.6831211447715759,0.622303500484777,0.622303500484777,fitted,platt_logistic_regression,0.5092713250521524,1,0.6629251822749208,0.1385390428211587,0.3089840470193115,no_interaction|interaction,2,True,0.6119402985074627,0.7424242424242424,0.6119402985074627,False,False,False
CCN(C)C(=O)OC1=CC=CC(=C1)C(C)N(C)C,CN1CC(=O)N2C(C1=O)CC3=C(C2C4=CC5=C(C=C4)OCO5)NC6=CC=CC=C36,0,unreported_twosides_sampled,0.9999004602432251,0.9990062627408743,0.9990062627408743,fitted,platt_logistic_regression,0.5092713250521524,1,0.007863980225110482,0.0008396305625524769,0.9949622166246851,interaction,1,False,0.32653061224489793,0.24050632911392406,0.24050632911392406,False,False,True
C1CC(C1)(C(=O)O)C(=O)O.N.N.[Pt],CN(C)NN=C1C(=NC=N1)C(=O)N,1,reported_twosides,0.02617052011191845,0.05572054066237645,0.05572054066237645,fitted,platt_logistic_regression,0.5092713250521524,0,0.2150263340325282,0.781696053736356,0.005877413937867338,no_interaction,1,False,0.26666666666666666,0.24390243902439024,0.24390243902439024,False,False,True
C1CC(C1)(C(=O)O)C(=O)O.N.N.[Pt],CC1CN(CCN1)C2=C(C=C3C(=C2OC)N(C=C(C3=O)C(=O)O)C4CC4)F,1,reported_twosides,0.5861579179763794,0.5449751857328865,0.5449751857328865,fitted,platt_logistic_regression,0.5092713250521524,1,0.6890961727132039,0.17968094038623006,0.23761544920235098,no_interaction|interaction,2,True,0.26666666666666666,0.7230769230769231,0.26666666666666666,False,False,True
CC1CC2C3CCC4=CC(=O)C=CC4(C3(C(CC2(C1(C(=O)CO)O)C)O)F)C,COC1=C(C=C(C=C1)C2=CC3=C(C=C2)C=C(C=C3)C(=O)O)C45CC6CC(C4)CC(C6)C5,0,unreported_twosides_sampled,0.24977649748325348,0.2851553803155361,0.2851553803155361,fitted,platt_logistic_regression,0.5092713250521524,0,0.5977567031292488,0.40134340890008396,0.0948782535684299,no_interaction,1,False,0.8596491228070176,0.288135593220339,0.288135593220339,False,False,True
C1CN=C(N1)NC2=C(C=CC=C2Cl)Cl,CNC(=C[N+](=O)[O-])NCCSCC1=CC=C(O1)CN(C)C,1,reported_twosides,0.9997391104698181,0.9979365094519387,0.9979365094519387,fitted,platt_logistic_regression,0.5092713250521524,1,0.014820657343845585,0.0008396305625524769,0.9857262804366079,interaction,1,False,0.5853658536585366,0.603448275862069,0.5853658536585366,False,False,False
CC12CCC3C(C1CCC2(C#C)O)CCC4=CC(=O)CCC34,CCOC(=O)C(CCC1=CC=CC=C1)NC(C)C(=O)N2C3CCCCC3CC2C(=O)O,0,unreported_twosides_sampled,0.22035564482212067,0.2604945959112126,0.2604945959112126,fitted,platt_logistic_regression,0.5092713250521524,0,0.5735736134430964,0.4324097397145256,0.07724601175482787,no_interaction,1,False,0.7169811320754716,0.9636363636363636,0.7169811320754716,False,False,False
CCCN1CC(CC2C1CC3=CNC4=CC=CC2=C34)CSC,CN1CC(=O)N2C(C1=O)CC3=C(C2C4=CC5=C(C=C4)OCO5)NC6=CC=CC=C36,0,unreported_twosides_sampled,0.6389791369438171,0.5865175274183447,0.5865175274183447,fitted,platt_logistic_regression,0.5092713250521524,1,0.6781010001828274,0.15785054575986565,0.2787573467674223,no_interaction|interaction,2,True,0.42168674698795183,0.24050632911392406,0.24050632911392406,False,False,True
CC1=NN=C(S1)SCC2=C(N3C(C(C3=O)NC(=O)CN4C=NN=N4)SC2)C(=O)[O-],CCOC(=O)C(CCC1=CC=CC=C1)NC(C)C(=O)N2C3CCCCC3CC2C(=O)O,0,unreported_twosides_sampled,0.9258109331130981,0.8620733708434255,0.8620733708434255,fitted,platt_logistic_regression,0.5092713250521524,1,0.4011817889862922,0.02686817800167926,0.6188077246011755,interaction,1,False,0.4574468085106383,0.9636363636363636,0.4574468085106383,False,False,False
C1CC(OC1CO)N2C=NC3=C2NC=NC3=O,CC1C2C(C(=O)N2C(=C1SC3CC(NC3)C(=O)NC4=CC=CC(=C4)C(=O)O)C(=O)O)C(C)O,0,unreported_twosides_sampled,0.9959346055984497,0.9835879044316151,0.9835879044316151,fitted,platt_logistic_regression,0.5092713250521524,1,0.08372606541151498,0.0008396305625524769,0.906801007556675,interaction,1,False,0.3492063492063492,0.23529411764705882,0.23529411764705882,False,False,True
C1=CC(=C2NC(=C3C=CC=CC3=O)N(N2)C4=CC=C(C=C4)C(=O)O)C(=O)C=C1,CC1CC2C3CCC4=CC(=O)C=CC4(C3(C(CC2(C1(C(=O)CO)O)C)O)F)C,0,unreported_twosides_sampled,0.9386699795722961,0.8794917559139696,0.8794917559139696,fitted,platt_logistic_regression,0.5092713250521524,1,0.36793641054035464,0.02434928631402183,0.6507136859781696,interaction,1,False,0.22033898305084745,0.8596491228070176,0.22033898305084745,False,False,True
CC1=C(C(C(=C(N1)C)C(=O)OCC(C)C)C2=CC=CC=C2[N+](=O)[O-])C(=O)OC,CN(C)CCC1=CNC2=C1C=C(C=C2)CC3COC(=O)N3,0,unreported_twosides_sampled,0.34547844529151917,0.36144092761130453,0.36144092761130453,fitted,platt_logistic_regression,0.5092713250521524,0,0.6542427496982325,0.3249370277078086,0.13014273719563393,no_interaction|interaction,2,True,0.8043478260869565,0.543859649122807,0.543859649122807,False,False,False
C1C(C(C(C(C1N)OC2C(C(C(C(O2)CN)O)O)O)O)OC3C(C(C(C(O3)CO)O)N)O)N,CCOC(=O)N1CCC(=C2C3=C(CCC4=C2N=CC=C4)C=C(C=C3)Cl)CC1,0,unreported_twosides_sampled,0.019141726195812225,0.044233984394438,0.044233984394438,fitted,platt_logistic_regression,0.5092713250521524,0,0.18117405746614426,0.8043660789252729,0.005037783375314861,no_interaction,1,False,0.7727272727272727,0.5892857142857143,0.5892857142857143,False,False,False
C1C(OC(S1)CO)N2C=C(C(=NC2=O)N)F,CC1C2C(C(=O)N2C(=C1SC3CC(NC3)C(=O)NC4=CC=CC(=C4)C(=O)O)C(=O)O)C(C)O,0,unreported_twosides_sampled,0.9942237734794617,0.9786512311446517,0.9786512311446517,fitted,platt_logistic_regression,0.5092713250521524,1,0.1032428604911298,0.0008396305625524769,0.8841309823677582,interaction,1,False,0.6326530612244898,0.23529411764705882,0.23529411764705882,False,False,True
CC1CC2C3CCC4=CC(=O)C=CC4(C3(C(CC2(C1(C(=O)CO)O)C)O)F)C,C[N+](C)(C)CC(CC(=O)O)O,0,unreported_twosides_sampled,0.010664070025086403,0.028644074259190966,0.028644074259190966,fitted,platt_logistic_regression,0.5092713250521524,0,0.12999677461240766,0.852225020990764,0.0016792611251049538,no_interaction,1,False,0.8596491228070176,0.36666666666666664,0.36666666666666664,False,False,True
CN1CC(=O)N2C(C1=O)CC3=C(C2C4=CC5=C(C=C4)OCO5)NC6=CC=CC=C36,COC1=C(C=C(C=C1)C2=CC3=C(C=C2)C=C(C=C3)C(=O)O)C45CC6CC(C4)CC(C6)C5,0,unreported_twosides_sampled,0.9819397330284119,0.9502705622114858,0.9502705622114858,fitted,platt_logistic_regression,0.5092713250521524,1,0.19771781753626655,0.005037783375314861,0.7934508816120907,interaction,1,False,0.24050632911392406,0.288135593220339,0.24050632911392406,False,False,True
CC(C)C(CCCN(C)CCC1=CC(=C(C=C1)OC)OC)(C#N)C2=CC(=C(C=C2)OC)OC,CC1CC2C3CCC4=CC(=O)C=CC4(C3(C(CC2(C1(C(=O)CO)O)C)O)F)C,1,reported_twosides,0.06787043064832687,0.1117250517721897,0.1117250517721897,fitted,platt_logistic_regression,0.5092713250521524,0,0.35010684445101453,0.6717044500419815,0.020990764063811923,no_interaction,1,False,0.23529411764705882,0.8596491228070176,0.23529411764705882,False,False,True
CC1CN(CCN1)C2=C(C=C3C(=C2OC)N(C=C(C3=O)C(=O)O)C4CC4)F,COC1=C(C=C(C=C1)C2=CC3=C(C=C2)C=C(C=C3)C(=O)O)C45CC6CC(C4)CC(C6)C5,1,reported_twosides,0.9542615413665771,0.9022840583075087,0.9022840583075087,fitted,platt_logistic_regression,0.5092713250521524,1,0.32003520299335997,0.01595298068849706,0.6884970612930311,interaction,1,False,0.7230769230769231,0.288135593220339,0.288135593220339,False,False,True
C1CN=C(N1)NC2=C(C=CC=C2Cl)Cl,CC1=C(C(=O)C2=CC=CC=C2C1=O)CC=C(C)CCCC(C)CCCC(C)CCCC(C)C,1,reported_twosides,0.9973147511482239,0.9879807799622361,0.9879807799622361,fitted,platt_logistic_regression,0.5092713250521524,1,0.06508665352118197,0.0008396305625524769,0.9252728799328296,interaction,1,False,0.5853658536585366,0.22058823529411764,0.22058823529411764,False,False,True
C1C(N(C2=C(N1)NC(=NC2=O)N)C=O)CNC3=CC=C(C=C3)C(=O)NC(CCC(=O)O)C(=O)O,CC(C)(C)NCC(C1=CC(=C(C=C1)O)CO)O,1,reported_twosides,0.5309277772903442,0.502530707553549,0.502530707553549,fitted,platt_logistic_regression,0.5092713250521524,0,0.6931343715438119,0.1998320738874895,0.20654911838790932,no_interaction|interaction,2,True,0.5256410256410257,0.5227272727272727,0.5227272727272727,False,False,False
CC(C=CC(C)C(C)(C)O)C1CCC2C1(CCCC2=CC=C3CC(CC(C3)O)O)C,CC12CCC3C(C1CCC2O)C(CC4=C3C=CC(=C4)O)CCCCCCCCCS(=O)CCCC(C(F)(F)F)(F)F,0,unreported_twosides_sampled,0.5222687721252441,0.4959370803853061,0.4959370803853061,fitted,platt_logistic_regression,0.5092713250521524,0,0.6931141655650228,0.2073887489504618,0.1998320738874895,no_interaction|interaction,2,True,0.5625,0.4492753623188406,0.4492753623188406,False,False,False
CCC(C)C(=O)OC1CC(C=C2C1C(C(C=C2)C)CCC3CC(CC(=O)O3)O)C,CCN(C)C(=O)OC1=CC=CC(=C1)C(C)N(C)C,1,reported_twosides,0.9996179342269897,0.9972448466709207,0.9972448466709207,fitted,platt_logistic_regression,0.5092713250521524,1,0.018991005582934564,0.0008396305625524769,0.979009235936188,interaction,1,False,0.7424242424242424,0.32653061224489793,0.32653061224489793,False,False,True
CC1=C(C(C(=C(N1)C)C(=O)OCC(C)C)C2=CC=CC=C2[N+](=O)[O-])C(=O)OC,CC1=NN=C2N1C3=C(C=C(C=C3)Cl)C(=NC2)C4=CC=CC=C4,1,reported_twosides,0.36283332109451294,0.3748434124868648,0.3748434124868648,fitted,platt_logistic_regression,0.5092713250521524,0,0.6614831969324122,0.3148614609571788,0.1385390428211587,no_interaction|interaction,2,True,0.8043478260869565,0.7659574468085106,0.7659574468085106,False,False,False
CC1CC2C3CCC4=CC(=O)C=CC4(C3(C(CC2(C1(C(=O)CO)O)C)O)F)C,CN1C(=C(NC2=CC=CC=N2)O)C(=O)C3=CC=CC=C3S1(=O)=O,1,reported_twosides,0.4967300295829773,0.47655102703603636,0.47655102703603636,fitted,platt_logistic_regression,0.5092713250521524,0,0.6920470684190292,0.22082283795130142,0.1889168765743073,no_interaction|interaction,2,True,0.8596491228070176,0.62,0.62,False,False,False
C1CC(C1)(C(=O)O)C(=O)O.N.N.[Pt],CN1C=NC(=C1SC2=NC=NC3=C2NC=N3)[N+](=O)[O-],0,unreported_twosides_sampled,0.5332668423652649,0.5043140619644748,0.5043140619644748,fitted,platt_logistic_regression,0.5092713250521524,0,0.6931099578368327,0.1998320738874895,0.2073887489504618,no_interaction|interaction,2,True,0.26666666666666666,0.25925925925925924,0.25925925925925924,False,False,True
CC(C=CC(C)C(C)(C)O)C1CCC2C1(CCCC2=CC=C3CC(CC(C3)O)O)C,CC1=C(C(C(=C(N1)C)C(=O)OCC(C)C)C2=CC=CC=C2[N+](=O)[O-])C(=O)OC,0,unreported_twosides_sampled,0.900010883808136,0.8298471601002007,0.8298471601002007,fitted,platt_logistic_regression,0.5092713250521524,1,0.45612847738088924,0.038623005877413935,0.563392107472712,interaction,1,False,0.5625,0.8043478260869565,0.5625,False,False,False
CC(C)(C)NCC(C1=CC(=C(C=C1)O)CO)O,CCOC(=O)C(CCC1=CC=CC=C1)NC(C)C(=O)N2C3CCCCC3CC2C(=O)O,0,unreported_twosides_sampled,0.7272034883499146,0.6593862679007708,0.6593862679007708,fitted,platt_logistic_regression,0.5092713250521524,1,0.6414417238020694,0.11922753988245172,0.3434089000839631,no_interaction|interaction,2,True,0.5227272727272727,0.9636363636363636,0.5227272727272727,False,False,False
CC(C)C(CCCN(C)CCC1=CC(=C(C=C1)OC)OC)(C#N)C2=CC(=C(C=C2)OC)OC,COC1=C(C=C(C=C1)C2=CC3=C(C=C2)C=C(C=C3)C(=O)O)C45CC6CC(C4)CC(C6)C5,1,reported_twosides,0.4674896001815796,0.4544231425084214,0.4544231425084214,fitted,platt_logistic_regression,0.5092713250521524,0,0.6889869081853947,0.23761544920235098,0.17968094038623006,no_interaction|interaction,2,True,0.23529411764705882,0.288135593220339,0.23529411764705882,False,False,True
C1C(OC(S1)CO)N2C=C(C(=NC2=O)N)F,CC12CCC3C(C1CCC2(C)O)CCC4C3(COC(=O)C4)C,0,unreported_twosides_sampled,0.9681610465049744,0.9247638064883517,0.9247638064883517,fitted,platt_logistic_regression,0.5092713250521524,1,0.2669774518716482,0.009235936188077247,0.7346767422334173,interaction,1,False,0.6326530612244898,0.31343283582089554,0.31343283582089554,False,False,True
CC(C)C(CCCN(C)CCC1=CC(=C(C=C1)OC)OC)(C#N)C2=CC(=C(C=C2)OC)OC,CC1=C(C(C(=C(N1)C)C(=O)OCC(C)C)C2=CC=CC=C2[N+](=O)[O-])C(=O)OC,0,unreported_twosides_sampled,0.22427202761173248,0.2638217071026775,0.2638217071026775,fitted,platt_logistic_regression,0.5092713250521524,0,0.577016466231831,0.42737195633921077,0.08144416456759027,no_interaction,1,False,0.23529411764705882,0.8043478260869565,0.23529411764705882,False,False,True
C1=CC(=CC=C1N)S(=O)(=O)C2=CC=C(C=C2)N,CN1C=NC(=C1SC2=NC=NC3=C2NC=N3)[N+](=O)[O-],1,reported_twosides,0.9984118938446045,0.9919084215905621,0.9919084215905621,fitted,platt_logistic_regression,0.5092713250521524,1,0.04703533153957199,0.0008396305625524769,0.9412258606213266,interaction,1,False,0.43333333333333335,0.25925925925925924,0.25925925925925924,False,False,True
C1CN=C(N1)NC2=C(C=CC=C2Cl)Cl,CC(C)C(C(=O)OCC(CO)OCN1C=NC2=C1NC(=NC2=O)N)N,1,reported_twosides,0.9811428189277649,0.9486680885062784,0.9486680885062784,fitted,platt_logistic_regression,0.5092713250521524,1,0.20241845692246485,0.005877413937867338,0.7900923593618808,interaction,1,False,0.5853658536585366,0.7307692307692307,0.5853658536585366,False,False,False
CC(=O)OCC(=O)C12C(CC3C1(CC(C4(C3CC(C5=CC(=O)C=CC54C)F)F)O)C)OC(O2)(C)C,CCOC1=C(C=CC(=C1)CC(=O)NC(CC(C)C)C2=CC=CC=C2N3CCCCC3)C(=O)O,0,unreported_twosides_sampled,0.06657081097364426,0.11017261975827111,0.11017261975827111,fitted,platt_logistic_regression,0.5092713250521524,0,0.3468760880273738,0.672544080604534,0.020990764063811923,no_interaction,1,False,0.8059701492537313,0.2804878048780488,0.2804878048780488,False,False,True
CC12CCC3C(C1CCC2(C)O)CCC4C3(COC(=O)C4)C,CN1C=NC(=C1SC2=NC=NC3=C2NC=N3)[N+](=O)[O-],0,unreported_twosides_sampled,0.9956091046333313,0.9826123746672094,0.9826123746672094,fitted,platt_logistic_regression,0.5092713250521524,1,0.08769017397337096,0.0008396305625524769,0.9026028547439127,interaction,1,False,0.31343283582089554,0.25925925925925924,0.25925925925925924,False,False,True
CC1CN(CCN1)C2=C(C=C3C(=C2OC)N(C=C(C3=O)C(=O)O)C4CC4)F,CCC(C)C(=O)OC1CC(C=C2C1C(C(C=C2)C)CCC3CC(CC(=O)O3)O)C,1,reported_twosides,0.9991051554679871,0.9947533923008751,0.9947533923008751,fitted,platt_logistic_regression,0.5092713250521524,1,0.0327784211605716,0.0008396305625524769,0.961376994122586,interaction,1,False,0.7230769230769231,0.7424242424242424,0.7230769230769231,False,False,False
CC1C2C(C(=O)N2C(=C1SC3CC(NC3)C(=O)NC4=CC=CC(=C4)C(=O)O)C(=O)O)C(C)O,CC1CC2C3CCC4=CC(=O)C=CC4(C3(C(CC2(C1(C(=O)CO)O)C)O)F)C,1,reported_twosides,0.8347396850585938,0.7587524781481471,0.7587524781481471,fitted,platt_logistic_regression,0.5092713250521524,1,0.5525136598036458,0.0688497061293031,0.46011754827875734,interaction,1,False,0.23529411764705882,0.8596491228070176,0.23529411764705882,False,False,True
CCC(C)C(=O)OC1CC(C=C2C1C(C(C=C2)C)CCC3CC(CC(=O)O3)O)C,CNC(=C[N+](=O)[O-])NCCSCC1=CC=C(O1)CN(C)C,1,reported_twosides,0.9999610185623169,0.9995121066146658,0.9995121066146658,fitted,platt_logistic_regression,0.5092713250521524,1,0.004208163225611356,0.0008396305625524769,0.9974811083123426,interaction,1,False,0.7424242424242424,0.603448275862069,0.603448275862069,False,False,False
C1C(N(C2=C(N1)NC(=NC2=O)N)C=O)CNC3=CC=C(C=C3)C(=O)NC(CCC(=O)O)C(=O)O,CC1(C(N2C(S1)C(C2=O)NC(=O)C(C3=CC=CC=C3)N)C(=O)[O-])C,1,reported_twosides,0.4335595965385437,0.4287555955849705,0.4287555955849705,fitted,platt_logistic_regression,0.5092713250521524,0,0.6829610170028763,0.2586062132661629,0.163727959697733,no_interaction|interaction,2,True,0.5256410256410257,0.6119402985074627,0.5256410256410257,False,False,False
CC12CCC3C(C1CCC2(C)O)CCC4C3(COC(=O)C4)C,CCC(C)C(=O)OC1CC(C=C2C1C(C(C=C2)C)CCC3CC(CC(=O)O3)O)C,0,unreported_twosides_sampled,0.9982553124427795,0.991313726157154,0.991313726157154,fitted,platt_logistic_regression,0.5092713250521524,1,0.04987359156208755,0.0008396305625524769,0.9395465994962217,interaction,1,False,0.31343283582089554,0.7424242424242424,0.31343283582089554,False,False,True
CC1=C(SC=C1)C(=CCCN2CCCC(C2)C(=O)O)C3=C(C=CS3)C,CNC(=C[N+](=O)[O-])NCCSCC1=CC=C(O1)CN(C)C,1,reported_twosides,0.4766221046447754,0.46133002693345637,0.46133002693345637,fitted,platt_logistic_regression,0.5092713250521524,0,0.6901534582736895,0.2325776658270361,0.17968094038623006,no_interaction|interaction,2,True,0.26865671641791045,0.603448275862069,0.26865671641791045,False,False,True
CC(C)(C)NCC(C1=CC(=C(C=C1)O)CO)O,CC(C)C(C(=O)OCC(CO)OCN1C=NC2=C1NC(=NC2=O)N)N,1,reported_twosides,0.10093960165977478,0.14875188001555628,0.14875188001555628,fitted,platt_logistic_regression,0.5092713250521524,0,0.42053797451596386,0.5994962216624685,0.031066330814441646,no_interaction,1,False,0.5227272727272727,0.7307692307692307,0.5227272727272727,False,False,False
CC1=C(C(C(=C(N1)C)C(=O)OCC(C)C)C2=CC=CC=C2[N+](=O)[O-])C(=O)OC,CCCCC(=O)N(CC1=CC=C(C=C1)C2=CC=CC=C2C3=NNN=N3)C(C(C)C)C(=O)O,1,reported_twosides,0.9545827507972717,0.902777285124121,0.902777285124121,fitted,platt_logistic_regression,0.5092713250521524,1,0.3189374448459141,0.01595298068849706,0.6893366918555835,interaction,1,False,0.8043478260869565,0.4533333333333333,0.4533333333333333,False,False,False
CC(C)(C)NCC(C1=CC(=C(C=C1)O)CO)O,CCOC(=O)N1CCC(=C2C3=C(CCC4=C2N=CC=C4)C=C(C=C3)Cl)CC1,1,reported_twosides,0.08806801587343216,0.13484320038493733,0.13484320038493733,fitted,platt_logistic_regression,0.5092713250521524,0,0.3954908069047022,0.6221662468513854,0.02518891687657431,no_interaction,1,False,0.5227272727272727,0.5892857142857143,0.5227272727272727,False,False,False
CC(C)C(C(=O)OCC(CO)OCN1C=NC2=C1NC(=NC2=O)N)N,CCN(C)C(=O)OC1=CC=CC(=C1)C(C)N(C)C,0,unreported_twosides_sampled,0.25882306694984436,0.2925970414666565,0.2925970414666565,fitted,platt_logistic_regression,0.5092713250521524,0,0.6044606824496246,0.39210747271200674,0.09655751469353484,no_interaction,1,False,0.7307692307692307,0.32653061224489793,0.32653061224489793,False,False,True
C1CC(OC1CO)N2C=NC3=C2NC=NC3=O,CC12CCC3C(C1CCC2O)C(CC4=C3C=CC(=C4)O)CCCCCCCCCS(=O)CCCC(C(F)(F)F)(F)F,0,unreported_twosides_sampled,0.08978429436683655,0.13673080853981393,0.13673080853981393,fitted,platt_logistic_regression,0.5092713250521524,0,0.3989842780659082,0.6213266162888329,0.02518891687657431,no_interaction,1,False,0.3492063492063492,0.4492753623188406,0.3492063492063492,False,False,True
C1CC(C1)(C(=O)O)C(=O)O.N.N.[Pt],CC1=C(C(C(=C(N1)C)C(=O)OCC(C)C)C2=CC=CC=C2[N+](=O)[O-])C(=O)OC,0,unreported_twosides_sampled,0.02982388623058796,0.06134150206895099,0.06134150206895099,fitted,platt_logistic_regression,0.5092713250521524,0,0.23064286874872775,0.764063811922754,0.006717044500419815,no_interaction,1,False,0.26666666666666666,0.8043478260869565,0.26666666666666666,False,False,True
CC1(C(N2C(S1)C(C2=O)NC(=O)C(C3=CC=CC=C3)N)C(=O)[O-])C,CC12CCC3C(C1CCC2C(=O)NC4=C(C=CC(=C4)C(F)(F)F)C(F)(F)F)CCC5C3(C=CC(=O)N5)C,0,unreported_twosides_sampled,0.058915939182043076,0.10083922389608098,0.10083922389608098,fitted,platt_logistic_regression,0.5092713250521524,0,0.3269230336903361,0.6817800167926112,0.017632241813602016,no_interaction,1,False,0.6119402985074627,0.6417910447761194,0.6119402985074627,False,False,False
CC1=C(C(C(=C(N1)C)C(=O)OCC(C)C)C2=CC=CC=C2[N+](=O)[O-])C(=O)OC,CNC(=C[N+](=O)[O-])NCCSCC1=CC=C(O1)CN(C)C,1,reported_twosides,0.6214719414710999,0.5726168553751886,0.5726168553751886,fitted,platt_logistic_regression,0.5092713250521524,1,0.6825633731713519,0.16204869857262805,0.2611251049538203,no_interaction|interaction,2,True,0.8043478260869565,0.603448275862069,0.603448275862069,False,False,False
CC(C)C(CCCN(C)CCC1=CC(=C(C=C1)OC)OC)(C#N)C2=CC(=C(C=C2)OC)OC,CC1=NN=C(S1)SCC2=C(N3C(C(C3=O)NC(=O)CN4C=NN=N4)SC2)C(=O)[O-],1,reported_twosides,0.1306629776954651,0.17903224830794787,0.17903224830794787,fitted,platt_logistic_regression,0.5092713250521524,0,0.46992286193893495,0.5499580184718724,0.042821158690176324,no_interaction,1,False,0.23529411764705882,0.4574468085106383,0.23529411764705882,False,False,True
C1CC(C1)(C(=O)O)C(=O)O.N.N.[Pt],COC1=C(C=C(C=C1)C2=CC3=C(C=C2)C=C(C=C3)C(=O)O)C45CC6CC(C4)CC(C6)C5,0,unreported_twosides_sampled,0.5807337164878845,0.5407696321813377,0.5407696321813377,fitted,platt_logistic_regression,0.5092713250521524,1,0.6898191611977664,0.17968094038623006,0.23509655751469352,no_interaction|interaction,2,True,0.26666666666666666,0.288135593220339,0.26666666666666666,False,False,True
CN1C=NC(=C1SC2=NC=NC3=C2NC=N3)[N+](=O)[O-],CNC(=C[N+](=O)[O-])NCCSCC1=CC=C(O1)CN(C)C,1,reported_twosides,0.9995229244232178,0.9967401884639043,0.9967401884639043,fitted,platt_logistic_regression,0.5092713250521524,1,0.021920453429108998,0.0008396305625524769,0.9756507136859782,interaction,1,False,0.25925925925925924,0.603448275862069,0.25925925925925924,False,False,True
CN1CCC23C=CC(CC2OC4=C(C=CC(=C34)C1)OC)O,C[N+](C)(C)CC(CC(=O)O)O,0,unreported_twosides_sampled,0.12526455521583557,0.17369593266877906,0.17369593266877906,fitted,platt_logistic_regression,0.5092713250521524,0,0.4616984553236886,0.5591939546599496,0.04030226700251889,no_interaction,1,False,0.375,0.36666666666666664,0.36666666666666664,False,False,True
C(CCl)NC(=O)N(CCCl)N=O,CC1CN(CCN1)C2=C(C=C3C(=C2OC)N(C=C(C3=O)C(=O)O)C4CC4)F,0,unreported_twosides_sampled,0.09575585275888443,0.14321734140786743,0.14321734140786743,fitted,platt_logistic_regression,0.5092713250521524,0,0.41076117803914247,0.6112510495382032,0.02938706968933669,no_interaction,1,False,0.2391304347826087,0.7230769230769231,0.2391304347826087,False,False,True
CCOC(=O)N1CCC(=C2C3=C(CCC4=C2N=CC=C4)C=C(C=C3)Cl)CC1,CN1CCC(=C2C3=C(C(=O)CC4=CC=CC=C42)SC=C3)CC1,1,reported_twosides,0.9907951951026917,0.9697850158633147,0.9697850158633147,fitted,platt_logistic_regression,0.5092713250521524,1,0.13548868196055405,0.0025188916876574307,0.8480268681780017,interaction,1,False,0.5892857142857143,0.3018867924528302,0.3018867924528302,False,False,True
CC1=NN=C2N1C3=C(C=C(C=C3)Cl)C(=NC2)C4=CC=CC=C4,CCOC1=C(C=CC(=C1)CC(=O)NC(CC(C)C)C2=CC=CC=C2N3CCCCC3)C(=O)O,1,reported_twosides,0.35602420568466187,0.369596017410113,0.369596017410113,fitted,platt_logistic_regression,0.5092713250521524,0,0.6587403242351342,0.3198992443324937,0.1343408900083963,no_interaction|interaction,2,True,0.7659574468085106,0.2804878048780488,0.2804878048780488,False,False,True
C1=CC(=CC=C1N)S(=O)(=O)C2=CC=C(C=C2)N,CC12CCC3C(C1CCC2(C)O)CCC4C3(COC(=O)C4)C,1,reported_twosides,0.566301703453064,0.5296241529135958,0.5296241529135958,fitted,platt_logistic_regression,0.5092713250521524,1,0.6913909713570034,0.18387909319899245,0.22502099076406382,no_interaction|interaction,2,True,0.43333333333333335,0.31343283582089554,0.31343283582089554,False,False,True
CC1=C(C(=O)C2=CC=CC=C2C1=O)CC=C(C)CCCC(C)CCCC(C)CCCC(C)C,CCOC(=O)C(CCC1=CC=CC=C1)NC(C)C(=O)N2C3CCCCC3CC2C(=O)O,0,unreported_twosides_sampled,0.8956419825553894,0.8246791377886152,0.8246791377886152,fitted,platt_logistic_regression,0.5092713250521524,1,0.4642236115599856,0.04030226700251889,0.5549958018471872,interaction,1,False,0.22058823529411764,0.9636363636363636,0.22058823529411764,False,False,True
CC(=O)OCC(=O)C12C(CC3C1(CC(C4(C3CC(C5=CC(=O)C=CC54C)F)F)O)C)OC(O2)(C)C,CC1=C(SC=C1)C(=CCCN2CCCC(C2)C(=O)O)C3=C(C=CS3)C,0,unreported_twosides_sampled,0.010350166819989681,0.028013001374526725,0.028013001374526725,fitted,platt_logistic_regression,0.5092713250521524,0,0.1277658254991834,0.853904282115869,0.0016792611251049538,no_interaction,1,False,0.8059701492537313,0.26865671641791045,0.26865671641791045,False,False,True
CC(C)C(CCCN(C)CCC1=CC(=C(C=C1)OC)OC)(C#N)C2=CC(=C(C=C2)OC)OC,CC1=NN=C2N1C3=C(C=C(C=C3)Cl)C(=NC2)C4=CC=CC=C4,1,reported_twosides,0.06683282554149628,0.11048631670348079,0.11048631670348079,fitted,platt_logistic_regression,0.5092713250521524,0,0.3475308929080275,0.672544080604534,0.020990764063811923,no_interaction,1,False,0.23529411764705882,0.7659574468085106,0.23529411764705882,False,False,True
C1CN=C(N1)NC2=C(C=CC=C2Cl)Cl,CN1CCC(=C2C3=C(C(=O)CC4=CC=CC=C42)SC=C3)CC1,0,unreported_twosides_sampled,0.99997878074646,0.9996925027057887,0.9996925027057887,fitted,platt_logistic_regression,0.5092713250521524,1,0.0027941942432850933,0.0008396305625524769,0.9991603694374476,interaction,1,False,0.5853658536585366,0.3018867924528302,0.3018867924528302,False,False,True
C1C(C(C(C(C1N)OC2C(C(C(C(O2)CN)O)O)O)O)OC3C(C(C(C(O3)CO)O)N)O)N,C1CC(C1)(C(=O)O)C(=O)O.N.N.[Pt],0,unreported_twosides_sampled,0.04001691937446594,0.07608688273571133,0.07608688273571133,fitted,platt_logistic_regression,0.5092713250521524,0,0.26910656842152225,0.7338371116708649,0.009235936188077247,no_interaction,1,False,0.7727272727272727,0.26666666666666666,0.26666666666666666,False,False,True
CCC(C)C(=O)OC1CC(C=C2C1C(C(C=C2)C)CCC3CC(CC(=O)O3)O)C,CCOC1=C(C=CC(=C1)CC(=O)NC(CC(C)C)C2=CC=CC=C2N3CCCCC3)C(=O)O,1,reported_twosides,0.9977008700370789,0.9893060774937164,0.9893060774937164,fitted,platt_logistic_regression,0.5092713250521524,1,0.05916641011493727,0.0008396305625524769,0.9303106633081444,interaction,1,False,0.7424242424242424,0.2804878048780488,0.2804878048780488,False,False,True
C1CN=C(N1)NC2=C(C=CC=C2Cl)Cl,CC1=NN=C(S1)SCC2=C(N3C(C(C3=O)NC(=O)CN4C=NN=N4)SC2)C(=O)[O-],1,reported_twosides,0.9722514748573303,0.9319171763825015,0.9319171763825015,fitted,platt_logistic_regression,0.5092713250521524,1,0.24865133538962125,0.007556675062972292,0.7523089840470193,interaction,1,False,0.5853658536585366,0.4574468085106383,0.4574468085106383,False,False,False
C1CN=C(N1)NC2=C(C=CC=C2Cl)Cl,CCCC1(CC(=O)C(=C(O1)O)C(CC)C2=CC(=CC=C2)NS(=O)(=O)C3=NC=C(C=C3)C(F)(F)F)CCC4=CC=CC=C4,0,unreported_twosides_sampled,0.9888488054275513,0.9651621193720352,0.9651621193720352,fitted,platt_logistic_regression,0.5092713250521524,1,0.15117637507535836,0.0025188916876574307,0.8337531486146096,interaction,1,False,0.5853658536585366,0.2247191011235955,0.2247191011235955,False,False,True
CC1=C(C(C(=C(N1)C)C(=O)OCC(C)C)C2=CC=CC=C2[N+](=O)[O-])C(=O)OC,CCC(C)C(=O)OC1CC(C=C2C1C(C(C=C2)C)CCC3CC(CC(=O)O3)O)C,0,unreported_twosides_sampled,0.9966909885406494,0.9859374601952123,0.9859374601952123,fitted,platt_logistic_regression,0.5092713250521524,1,0.07392925105922558,0.0008396305625524769,0.9160369437447523,interaction,1,False,0.8043478260869565,0.7424242424242424,0.7424242424242424,False,False,False
CN1C(=C(NC2=CC=CC=N2)O)C(=O)C3=CC=CC=C3S1(=O)=O,CN1C=NC(=C1SC2=NC=NC3=C2NC=N3)[N+](=O)[O-],0,unreported_twosides_sampled,0.9998065829277039,0.9983553235164747,0.9983553235164747,fitted,platt_logistic_regression,0.5092713250521524,1,0.01218604750220968,0.0008396305625524769,0.9916036943744753,interaction,1,False,0.62,0.25925925925925924,0.25925925925925924,False,False,True
C1CN=C(N1)NC2=C(C=CC=C2Cl)Cl,CN1C(=C(NC2=CC=CC=N2)O)C(=O)C3=CC=CC=C3S1(=O)=O,1,reported_twosides,0.9899937510490417,0.9678520707633043,0.9678520707633043,fitted,platt_logistic_regression,0.5092713250521524,1,0.14213108107596364,0.0025188916876574307,0.8429890848026869,interaction,1,False,0.5853658536585366,0.62,0.5853658536585366,False,False,False
C(CCl)NC(=O)N(CCCl)N=O,CC(C)(C(=O)O)ON=C(C1=CSC(=N1)N)C(=O)NC2C3N(C2=O)C(=C(CS3)C[N+]4=CC=CC=C4)C(=O)[O-],1,reported_twosides,0.023616736754775047,0.05166012060786667,0.05166012060786667,fitted,platt_logistic_regression,0.5092713250521524,0,0.20337465585179745,0.7892527287993283,0.005877413937867338,no_interaction,1,False,0.2391304347826087,0.6428571428571429,0.2391304347826087,False,False,True
C1CC(C1)(C(=O)O)C(=O)O.N.N.[Pt],CCN(C)C(=O)OC1=CC=CC(=C1)C(C)N(C)C,0,unreported_twosides_sampled,0.03574739396572113,0.07005912916193249,0.07005912916193249,fitted,platt_logistic_regression,0.5092713250521524,0,0.25379186884879806,0.7489504617968094,0.008396305625524769,no_interaction,1,False,0.26666666666666666,0.32653061224489793,0.26666666666666666,False,False,True
CC(C)(C(=O)O)ON=C(C1=CSC(=N1)N)C(=O)NC2C3N(C2=O)C(=C(CS3)C[N+]4=CC=CC=C4)C(=O)[O-],CC1CC2C3CCC4=CC(=O)C=CC4(C3(C(CC2(C1(C(=O)CO)O)C)O)F)C,1,reported_twosides,0.05519866198301315,0.09617949207919083,0.09617949207919083,fitted,platt_logistic_regression,0.5092713250521524,0,0.31660643289920093,0.6910159529806885,0.014273719563392108,no_interaction,1,False,0.6428571428571429,0.8596491228070176,0.6428571428571429,False,False,False
CC1CC2C3CCC4=CC(=O)C=CC4(C3(C(CC2(C1(C(=O)CO)O)C)O)F)C,CCCCC(=O)N(CC1=CC=C(C=C1)C2=CC=CC=C2C3=NNN=N3)C(C(C)C)C(=O)O,1,reported_twosides,0.6505258679389954,0.5957695131231733,0.5957695131231733,fitted,platt_logistic_regression,0.5092713250521524,1,0.6746897396483429,0.1528127623845508,0.28883291351805207,no_interaction|interaction,2,True,0.8596491228070176,0.4533333333333333,0.4533333333333333,False,False,False
C1CC(C1)(C(=O)O)C(=O)O.N.N.[Pt],CN1CCC23C=CC(CC2OC4=C(C=CC(=C34)C1)OC)O,0,unreported_twosides_sampled,0.9706369042396545,0.9290583081184077,0.9290583081184077,fitted,platt_logistic_regression,0.5092713250521524,1,0.25606802839673126,0.008396305625524769,0.744752308984047,interaction,1,False,0.26666666666666666,0.375,0.26666666666666666,False,False,True
C(CCl)NC(=O)N(CCCl)N=O,CC12CCC3C(C1CCC2O)C(CC4=C3C=CC(=C4)O)CCCCCCCCCS(=O)CCCC(C(F)(F)F)(F)F,0,unreported_twosides_sampled,0.013050009496510029,0.03329131492147532,0.03329131492147532,fitted,platt_logistic_regression,0.5092713250521524,0,0.1460032301779921,0.8387909319899244,0.0025188916876574307,no_interaction,1,False,0.2391304347826087,0.4492753623188406,0.2391304347826087,False,False,True
CC(C)(C)NCC(C1=CC(=C(C=C1)O)CO)O,CC12CCC3C(C1CCC2O)C(CC4=C3C=CC(=C4)O)CCCCCCCCCS(=O)CCCC(C(F)(F)F)(F)F,1,reported_twosides,0.08224718272686005,0.12835844327408558,0.12835844327408558,fitted,platt_logistic_regression,0.5092713250521524,0,0.383254218773206,0.6364399664147775,0.02434928631402183,no_interaction,1,False,0.5227272727272727,0.4492753623188406,0.4492753623188406,False,False,False
C1=CC(=CC=C1N)S(=O)(=O)C2=CC=C(C=C2)N,CC(C)(C)NCC(C1=CC(=C(C=C1)O)CO)O,1,reported_twosides,0.2539534568786621,0.28859886769210646,0.28859886769210646,fitted,platt_logistic_regression,0.5092713250521524,0,0.6008923592263482,0.39462636439966414,0.09571788413098237,no_interaction,1,False,0.43333333333333335,0.5227272727272727,0.43333333333333335,False,False,False
C1C(N(C2=C(N1)NC(=NC2=O)N)C=O)CNC3=CC=C(C=C3)C(=O)NC(CCC(=O)O)C(=O)O,CN1CCC23C=CC(CC2OC4=C(C=CC(=C34)C1)OC)O,0,unreported_twosides_sampled,0.9997132420539856,0.9977832287840497,0.9977832287840497,fitted,platt_logistic_regression,0.5092713250521524,1,0.015762560868914425,0.0008396305625524769,0.9857262804366079,interaction,1,False,0.5256410256410257,0.375,0.375,False,False,True
C1CN=C(N1)NC2=C(C=CC=C2Cl)Cl,CC1=NN=C2N1C3=C(C=C(C=C3)Cl)C(=NC2)C4=CC=CC=C4,1,reported_twosides,0.9936537742614746,0.9770963045093416,0.9770963045093416,fitted,platt_logistic_regression,0.5092713250521524,1,0.10913420144375725,0.0016792611251049538,0.8782535684298909,interaction,1,False,0.5853658536585366,0.7659574468085106,0.5853658536585366,False,False,False
C1=CC(=C2NC(=C3C=CC=CC3=O)N(N2)C4=CC=C(C=C4)C(=O)O)C(=O)C=C1,CC(C)C(C(=O)OCC(CO)OCN1C=NC2=C1NC(=NC2=O)N)N,0,unreported_twosides_sampled,0.5447890162467957,0.5131141527847973,0.5131141527847973,fitted,platt_logistic_regression,0.5092713250521524,1,0.6928031791059428,0.19563392107472713,0.21326616288832914,no_interaction|interaction,2,True,0.22033898305084745,0.7307692307692307,0.22033898305084745,False,False,True
C1CC(C1)(C(=O)O)C(=O)O.N.N.[Pt],CCC(C)C(=O)OC1CC(C=C2C1C(C(C=C2)C)CCC3CC(CC(=O)O3)O)C,1,reported_twosides,0.7403220534324646,0.6707453770906168,0.6707453770906168,fitted,platt_logistic_regression,0.5092713250521524,1,0.633649513897603,0.11335012594458438,0.35684298908480266,no_interaction|interaction,2,True,0.26666666666666666,0.7424242424242424,0.26666666666666666,False,False,True
CCCC1(CC(=O)C(=C(O1)O)C(CC)C2=CC(=CC=C2)NS(=O)(=O)C3=NC=C(C=C3)C(F)(F)F)CCC4=CC=CC=C4,CCCCC(=O)N(CC1=CC=C(C=C1)C2=CC=CC=C2C3=NNN=N3)C(C(C)C)C(=O)O,0,unreported_twosides_sampled,0.8550959825515747,0.7797068951423525,0.7797068951423525,fitted,platt_logistic_regression,0.5092713250521524,1,0.5272786841514723,0.05961376994122586,0.48614609571788414,interaction,1,False,0.2247191011235955,0.4533333333333333,0.2247191011235955,False,False,True
C(CCl)NC(=O)N(CCCl)N=O,C1CC(C1)CN2CCC34C5C(CCC3(C2CC6=C4C(=C(C=C6)O)O5)O)O,0,unreported_twosides_sampled,0.02251051738858223,0.049863648215299566,0.049863648215299566,fitted,platt_logistic_regression,0.5092713250521524,0,0.19811356796410257,0.7926112510495382,0.005037783375314861,no_interaction,1,False,0.2391304347826087,0.6451612903225806,0.2391304347826087,False,False,True
CC1CN(CCN1)C2=C(C=C3C(=C2OC)N(C=C(C3=O)C(=O)O)C4CC4)F,CN1C(=C(NC2=CC=CC=N2)O)C(=O)C3=CC=CC=C3S1(=O)=O,0,unreported_twosides_sampled,0.9892687201499939,0.9661394818981648,0.9661394818981648,fitted,platt_logistic_regression,0.5092713250521524,1,0.14791564225006718,0.0025188916876574307,0.8371116708648195,interaction,1,False,0.7230769230769231,0.62,0.62,False,False,False
C1CC(C1)(C(=O)O)C(=O)O.N.N.[Pt],CCCCC(=O)N(CC1=CC=C(C=C1)C2=CC=CC=C2C3=NNN=N3)C(C(C)C)C(=O)O,1,reported_twosides,0.18029233813285828,0.2255143700564599,0.2255143700564599,fitted,platt_logistic_regression,0.5092713250521524,0,0.5337992361669475,0.4811083123425693,0.060453400503778336,no_interaction,1,False,0.26666666666666666,0.4533333333333333,0.26666666666666666,False,False,True
C1C(N(C2=C(N1)NC(=NC2=O)N)C=O)CNC3=CC=C(C=C3)C(=O)NC(CCC(=O)O)C(=O)O,CC(C)C(CCCN(C)CCC1=CC(=C(C=C1)OC)OC)(C#N)C2=CC(=C(C=C2)OC)OC,1,reported_twosides,0.23113666474819183,0.26961897429360815,0.26961897429360815,fitted,platt_logistic_regression,0.5092713250521524,0,0.5828794949583453,0.42149454240134343,0.08480268681780016,no_interaction,1,False,0.5256410256410257,0.23529411764705882,0.23529411764705882,False,False,True
C(CCl)NC(=O)N(CCCl)N=O,CC1=C(SC=C1)C(=CCCN2CCCC(C2)C(=O)O)C3=C(C=CS3)C,0,unreported_twosides_sampled,0.011889129877090454,0.03106143114926362,0.03106143114926362,fitted,platt_logistic_regression,0.5092713250521524,0,0.13841266700351545,0.8471872376154492,0.0025188916876574307,no_interaction,1,False,0.2391304347826087,0.26865671641791045,0.2391304347826087,False,False,True
CC1=NN=C(S1)SCC2=C(N3C(C(C3=O)NC(=O)CN4C=NN=N4)SC2)C(=O)[O-],CN1C(=C(NC2=CC=CC=N2)O)C(=O)C3=CC=CC=C3S1(=O)=O,0,unreported_twosides_sampled,0.6872197389602661,0.625688506165429,0.625688506165429,fitted,platt_logistic_regression,0.5092713250521524,1,0.6612105200316509,0.1376994122586062,0.3148614609571788,no_interaction|interaction,2,True,0.4574468085106383,0.62,0.4574468085106383,False,False,False
CC(C)C(C(=O)OCC(CO)OCN1C=NC2=C1NC(=NC2=O)N)N,CC(C=CC(C)C(C)(C)O)C1CCC2C1(CCCC2=CC=C3CC(CC(C3)O)O)C,0,unreported_twosides_sampled,0.7265100479125977,0.6587903623538613,0.6587903623538613,fitted,platt_logistic_regression,0.5092713250521524,1,0.6418345651051689,0.1200671704450042,0.3434089000839631,no_interaction|interaction,2,True,0.7307692307692307,0.5625,0.5625,False,False,False
CC1=NN=C(S1)SCC2=C(N3C(C(C3=O)NC(=O)CN4C=NN=N4)SC2)C(=O)[O-],CN(C)CCC1=CNC2=C1C=C(C=C2)CC3COC(=O)N3,0,unreported_twosides_sampled,0.24993504583835602,0.2852863294674686,0.2852863294674686,fitted,platt_logistic_regression,0.5092713250521524,0,0.5978770073990584,0.40134340890008396,0.0948782535684299,no_interaction,1,False,0.4574468085106383,0.543859649122807,0.4574468085106383,False,False,False
CN(C)CCC1=CNC2=C1C=C(C=C2)CC3COC(=O)N3,CNC(=C[N+](=O)[O-])NCCSCC1=CC=C(O1)CN(C)C,1,reported_twosides,0.11021140217781067,0.15844743604195116,0.15844743604195116,fitted,platt_logistic_regression,0.5092713250521524,0,0.437086383189212,0.5793450881612091,0.03442485306465155,no_interaction,1,False,0.543859649122807,0.603448275862069,0.543859649122807,False,False,False
CC1=C(C(C(=C(N1)C)C(=O)OCC(C)C)C2=CC=CC=C2[N+](=O)[O-])C(=O)OC,CN1CCC(=C2C3=C(C(=O)CC4=CC=CC=C42)SC=C3)CC1,0,unreported_twosides_sampled,0.9984568357467651,0.9920817787059717,0.9920817787059717,fitted,platt_logistic_regression,0.5092713250521524,1,0.0461998050461155,0.0008396305625524769,0.9429051217464316,interaction,1,False,0.8043478260869565,0.3018867924528302,0.3018867924528302,False,False,True
C1CC(OC1CO)N2C=NC3=C2NC=NC3=O,CN1C=NC(=C1SC2=NC=NC3=C2NC=N3)[N+](=O)[O-],0,unreported_twosides_sampled,0.9996628761291504,0.997494053841302,0.997494053841302,fitted,platt_logistic_regression,0.5092713250521524,1,0.0175111379918807,0.0008396305625524769,0.980688497061293,interaction,1,False,0.3492063492063492,0.25925925925925924,0.25925925925925924,False,False,True
CC1CC2C3CCC4=CC(=O)C=CC4(C3(C(CC2(C1(C(=O)CO)O)C)O)F)C,CCOC1=C(C=CC(=C1)CC(=O)NC(CC(C)C)C2=CC=CC=C2N3CCCCC3)C(=O)O,1,reported_twosides,0.41211333870887756,0.4124930570761155,0.4124930570761155,fitted,platt_logistic_regression,0.5092713250521524,0,0.6777530941689629,0.28127623845507976,0.15785054575986565,no_interaction|interaction,2,True,0.8596491228070176,0.2804878048780488,0.2804878048780488,False,False,True
CC(C)(C)NCC(C1=CC(=C(C=C1)O)CO)O,CN(C)CCC1=CNC2=C1C=C(C=C2)CC3COC(=O)N3,1,reported_twosides,0.15320762991905212,0.200671240685407,0.200671240685407,fitted,platt_logistic_regression,0.5092713250521524,0,0.5013315538818921,0.5121746431570109,0.05289672544080604,no_interaction,1,False,0.5227272727272727,0.543859649122807,0.5227272727272727,False,False,False
C1CC(OC1CO)N2C=NC3=C2NC=NC3=O,CC(C)C(CCCN(C)CCC1=CC(=C(C=C1)OC)OC)(C#N)C2=CC(=C(C=C2)OC)OC,1,reported_twosides,0.3568086326122284,0.3702012258676912,0.3702012258676912,fitted,platt_logistic_regression,0.5092713250521524,0,0.659062689624599,0.31738035264483627,0.1343408900083963,no_interaction|interaction,2,True,0.3492063492063492,0.23529411764705882,0.23529411764705882,False,False,True
CC12CCC3C(C1CCC2(C#C)O)CCC4=CC(=O)CCC34,CN1CC(=O)N2C(C1=O)CC3=C(C2C4=CC5=C(C=C4)OCO5)NC6=CC=CC=C36,0,unreported_twosides_sampled,0.21879985928535461,0.25916879888449434,0.25916879888449434,fitted,platt_logistic_regression,0.5092713250521524,0,0.5721857101921858,0.4340890008396306,0.07724601175482787,no_interaction,1,False,0.7169811320754716,0.24050632911392406,0.24050632911392406,False,False,True
C1=CC(=CC=C1N)S(=O)(=O)C2=CC=C(C=C2)N,C1CC(C1)(C(=O)O)C(=O)O.N.N.[Pt],0,unreported_twosides_sampled,0.009829535149037838,0.026954986303921978,0.026954986303921978,fitted,platt_logistic_regression,0.5092713250521524,0,0.12399257932915717,0.8614609571788413,0.0016792611251049538,no_interaction,1,False,0.43333333333333335,0.26666666666666666,0.26666666666666666,False,False,True
CC12CCC3C(C1CCC2O)C(CC4=C3C=CC(=C4)O)CCCCCCCCCS(=O)CCCC(C(F)(F)F)(F)F,CC1=NN=C2N1C3=C(C=C(C=C3)Cl)C(=NC2)C4=CC=CC=C4,0,unreported_twosides_sampled,0.08498725295066833,0.13142737459026224,0.13142737459026224,fitted,platt_logistic_regression,0.5092713250521524,0,0.38909110733842794,0.6314021830394626,0.02518891687657431,no_interaction,1,False,0.4492753623188406,0.7659574468085106,0.4492753623188406,False,False,False
C1C(N(C2=C(N1)NC(=NC2=O)N)C=O)CNC3=CC=C(C=C3)C(=O)NC(CCC(=O)O)C(=O)O,CC1=C(C(=O)C2=CC=CC=C2C1=O)CC=C(C)CCCC(C)CCCC(C)CCCC(C)C,1,reported_twosides,0.43782445788383484,0.43198458880174306,0.43198458880174306,fitted,platt_logistic_regression,0.5092713250521524,0,0.6838662405623991,0.2586062132661629,0.1670864819479429,no_interaction|interaction,2,True,0.5256410256410257,0.22058823529411764,0.22058823529411764,False,False,True
C1CN=C(N1)NC2=C(C=CC=C2Cl)Cl,CN1CC(=O)N2C(C1=O)CC3=C(C2C4=CC5=C(C=C4)OCO5)NC6=CC=CC=C36,1,reported_twosides,0.9998323917388916,0.9985245765970199,0.9985245765970199,fitted,platt_logistic_regression,0.5092713250521524,1,0.011092339673205892,0.0008396305625524769,0.9916036943744753,interaction,1,False,0.5853658536585366,0.24050632911392406,0.24050632911392406,False,False,True
CC1CC2C3CCC4=CC(=O)C=CC4(C3(C(CC2(C1(C(=O)CO)O)C)O)F)C,CCC(C)C(=O)OC1CC(C=C2C1C(C(C=C2)C)CCC3CC(CC(=O)O3)O)C,1,reported_twosides,0.9744529128074646,0.9358961948017699,0.9358961948017699,fitted,platt_logistic_regression,0.5092713250521524,1,0.2381130673373253,0.006717044500419815,0.7573467674223342,interaction,1,False,0.8596491228070176,0.7424242424242424,0.7424242424242424,False,False,False
C1C(N(C2=C(N1)NC(=NC2=O)N)C=O)CNC3=CC=C(C=C3)C(=O)NC(CCC(=O)O)C(=O)O,CCN(C)C(=O)OC1=CC=CC(=C1)C(C)N(C)C,0,unreported_twosides_sampled,0.7685697674751282,0.6958127468839488,0.6958127468839488,fitted,platt_logistic_regression,0.5092713250521524,1,0.6143705171793021,0.10411418975650713,0.3786733837111671,no_interaction|interaction,2,True,0.5256410256410257,0.32653061224489793,0.32653061224489793,False,False,True
C1=CC(=CC=C1N)S(=O)(=O)C2=CC=C(C=C2)N,C[N+](C)(C)CC(CC(=O)O)O,0,unreported_twosides_sampled,0.007458856794983149,0.021931821198245008,0.021931821198245008,fitted,platt_logistic_regression,0.5092713250521524,0,0.1054650773560729,0.8824517212426533,0.0008396305625524769,no_interaction,1,False,0.43333333333333335,0.36666666666666664,0.36666666666666664,False,False,True
C1CC(OC1CO)N2C=NC3=C2NC=NC3=O,CCOC1=C(C=CC(=C1)CC(=O)NC(CC(C)C)C2=CC=CC=C2N3CCCCC3)C(=O)O,1,reported_twosides,0.9785078763961792,0.9435019098746439,0.9435019098746439,fitted,platt_logistic_regression,0.5092713250521524,1,0.2172211357188789,0.005877413937867338,0.7791771620486986,interaction,1,False,0.3492063492063492,0.2804878048780488,0.2804878048780488,False,False,True
CN1CCC23C=CC(CC2OC4=C(C=CC(=C34)C1)OC)O,CNC(=C[N+](=O)[O-])NCCSCC1=CC=C(O1)CN(C)C,1,reported_twosides,0.999987006187439,0.9997880902411054,0.9997880902411054,fitted,platt_logistic_regression,0.5092713250521524,1,0.0020045061317122306,0.0008396305625524769,0.9991603694374476,interaction,1,False,0.375,0.603448275862069,0.375,False,False,True
CC(C)(C)NCC(C1=CC(=C(C=C1)O)CO)O,CCC(C)C(=O)OC1CC(C=C2C1C(C(C=C2)C)CCC3CC(CC(=O)O3)O)C,1,reported_twosides,0.9763318300247192,0.9393728275266399,0.9393728275266399,fitted,platt_logistic_regression,0.5092713250521524,1,0.2286897339198123,0.006717044500419815,0.7657430730478589,interaction,1,False,0.5227272727272727,0.7424242424242424,0.5227272727272727,False,False,False
CC(=O)OCC(=O)C12C(CC3C1(CC(C4(C3CC(C5=CC(=O)C=CC54C)F)F)O)C)OC(O2)(C)C,CC1C2C(C(=O)N2C(=C1SC3CC(NC3)C(=O)NC4=CC=CC(=C4)C(=O)O)C(=O)O)C(C)O,0,unreported_twosides_sampled,0.18105196952819824,0.2261956541169971,0.2261956541169971,fitted,platt_logistic_regression,0.5092713250521524,0,0.5346384870226599,0.4794290512174643,0.061293031066330814,no_interaction,1,False,0.8059701492537313,0.23529411764705882,0.23529411764705882,False,False,True
C1=CC(=CC=C1N)S(=O)(=O)C2=CC=C(C=C2)N,C1C(OC(S1)CO)N2C=C(C(=NC2=O)N)F,1,reported_twosides,0.9289087653160095,0.8661735942549672,0.8661735942549672,fitted,platt_logistic_regression,0.5092713250521524,1,0.3935963503730149,0.02518891687657431,0.6246851385390428,interaction,1,False,0.43333333333333335,0.6326530612244898,0.43333333333333335,False,False,False
C(CCl)NC(=O)N(CCCl)N=O,CC1CC2C3CCC4=CC(=O)C=CC4(C3(C(CC2(C1(C(=O)CO)O)C)O)F)C,1,reported_twosides,0.03893343359231949,0.07457545932483044,0.07457545932483044,fitted,platt_logistic_regression,0.5092713250521524,0,0.2653165860939372,0.7363560033585222,0.009235936188077247,no_interaction,1,False,0.2391304347826087,0.8596491228070176,0.2391304347826087,False,False,True
CC1=C(C(C(=C(N1)C)C(=O)OCC(C)C)C2=CC=CC=C2[N+](=O)[O-])C(=O)OC,CN1C(=C(NC2=CC=CC=N2)O)C(=O)C3=CC=CC=C3S1(=O)=O,0,unreported_twosides_sampled,0.573424220085144,0.5351170018289287,0.5351170018289287,fitted,platt_logistic_regression,0.5092713250521524,1,0.6906787411912751,0.181360201511335,0.23089840470193115,no_interaction|interaction,2,True,0.8043478260869565,0.62,0.62,False,False,False
CC(C)(C)NCC(C1=CC(=C(C=C1)O)CO)O,CC1=C(C(C(=C(N1)C)C(=O)OCC(C)C)C2=CC=CC=C2[N+](=O)[O-])C(=O)OC,1,reported_twosides,0.3486692011356354,0.36391213947266277,0.36391213947266277,fitted,platt_logistic_regression,0.5092713250521524,0,0.6556359381037915,0.3240973971452561,0.13266162888329136,no_interaction|interaction,2,True,0.5227272727272727,0.8043478260869565,0.5227272727272727,False,False,False
CC(=O)OCC(=O)C12C(CC3C1(CC(C4(C3CC(C5=CC(=O)C=CC54C)F)F)O)C)OC(O2)(C)C,CC(C)(C)NCC(C1=CC(=C(C=C1)O)CO)O,1,reported_twosides,0.014951803721487522,0.03683286161292106,0.03683286161292106,fitted,platt_logistic_regression,0.5092713250521524,0,0.15774476142570365,0.8270361041141897,0.0033585222502099076,no_interaction,1,False,0.8059701492537313,0.5227272727272727,0.5227272727272727,False,False,False
CC1=NN=C2N1C3=C(C=C(C=C3)Cl)C(=NC2)C4=CC=CC=C4,CN1CC(=O)N2C(C1=O)CC3=C(C2C4=CC5=C(C=C4)OCO5)NC6=CC=CC=C36,1,reported_twosides,0.9596084356307983,0.9106424248140622,0.9106424248140622,fitted,platt_logistic_regression,0.5092713250521524,1,0.301048961591767,0.011754827875734676,0.7036104114189756,interaction,1,False,0.7659574468085106,0.24050632911392406,0.24050632911392406,False,False,True
C(CCl)NC(=O)N(CCCl)N=O,CCC(C)C(=O)OC1CC(C=C2C1C(C(C=C2)C)CCC3CC(CC(=O)O3)O)C,0,unreported_twosides_sampled,0.2946638762950897,0.32154237612842584,0.32154237612842584,fitted,platt_logistic_regression,0.5092713250521524,0,0.6280265955624663,0.36272040302267,0.11167086481947942,no_interaction|interaction,2,True,0.2391304347826087,0.7424242424242424,0.2391304347826087,False,False,True
CNC(=C[N+](=O)[O-])NCCSCC1=CC=C(O1)CN(C)C,C[N+](C)(C)CC(CC(=O)O)O,1,reported_twosides,0.010072160512208939,0.02744984466638311,0.02744984466638311,fitted,platt_logistic_regression,0.5092713250521524,0,0.12576263030437979,0.8581024349286314,0.0016792611251049538,no_interaction,1,False,0.603448275862069,0.36666666666666664,0.36666666666666664,False,False,True
CC12CCC3C(C1CCC2O)C(CC4=C3C=CC(=C4)O)CCCCCCCCCS(=O)CCCC(C(F)(F)F)(F)F,CN1C=NC(=C1SC2=NC=NC3=C2NC=N3)[N+](=O)[O-],0,unreported_twosides_sampled,0.9735307693481445,0.9342175905601521,0.9342175905601521,fitted,platt_logistic_regression,0.5092713250521524,1,0.24259011209780457,0.007556675062972292,0.7548278757346767,interaction,1,False,0.4492753623188406,0.25925925925925924,0.25925925925925924,False,False,True
C1=CC(=CC=C1N)S(=O)(=O)C2=CC=C(C=C2)N,CC1=NN=C2N1C3=C(C=C(C=C3)Cl)C(=NC2)C4=CC=CC=C4,0,unreported_twosides_sampled,0.28226348757743835,0.3116166141028914,0.3116166141028914,fitted,platt_logistic_regression,0.5092713250521524,0,0.6203880453720518,0.37363560033585225,0.10579345088161209,no_interaction|interaction,2,True,0.43333333333333335,0.7659574468085106,0.43333333333333335,False,False,False
C1CC(C1)(C(=O)O)C(=O)O.N.N.[Pt],CC1C2C(C(=O)N2C(=C1SC3CC(NC3)C(=O)NC4=CC=CC(=C4)C(=O)O)C(=O)O)C(C)O,1,reported_twosides,0.7995424866676331,0.724427674527942,0.724427674527942,fitted,platt_logistic_regression,0.5092713250521524,1,0.5887227688807836,0.08816120906801007,0.4139378673383711,interaction,1,False,0.26666666666666666,0.23529411764705882,0.23529411764705882,False,False,True
C1C(N(C2=C(N1)NC(=NC2=O)N)C=O)CNC3=CC=C(C=C3)C(=O)NC(CCC(=O)O)C(=O)O,CN1C=NC(=C1SC2=NC=NC3=C2NC=N3)[N+](=O)[O-],0,unreported_twosides_sampled,0.9992863535881042,0.99557854524232,0.99557854524232,fitted,platt_logistic_regression,0.5092713250521524,1,0.028381638704866218,0.0008396305625524769,0.9655751469353484,interaction,1,False,0.5256410256410257,0.25925925925925924,0.25925925925925924,False,False,True
C1=CC(=CC=C1N)S(=O)(=O)C2=CC=C(C=C2)N,CC1=NN=C(S1)SCC2=C(N3C(C(C3=O)NC(=O)CN4C=NN=N4)SC2)C(=O)[O-],1,reported_twosides,0.5240811109542847,0.49731611696707295,0.49731611696707295,fitted,platt_logistic_regression,0.5092713250521524,0,0.6931327740344937,0.20654911838790932,0.1998320738874895,no_interaction|interaction,2,True,0.43333333333333335,0.4574468085106383,0.43333333333333335,False,False,False
CC12CCC3C(C1CCC2(C)O)CCC4C3(COC(=O)C4)C,CCOC1=C(C=CC(=C1)CC(=O)NC(CC(C)C)C2=CC=CC=C2N3CCCCC3)C(=O)O,0,unreported_twosides_sampled,0.7289448976516724,0.6608846972133802,0.6608846972133802,fitted,platt_logistic_regression,0.5092713250521524,1,0.6404469186406874,0.11922753988245172,0.345088161209068,no_interaction|interaction,2,True,0.31343283582089554,0.2804878048780488,0.2804878048780488,False,False,True
CC1CC2C3CCC4=CC(=O)C=CC4(C3(C(CC2(C1(C(=O)CO)O)C)O)F)C,CCOC(=O)C(CCC1=CC=CC=C1)NC(C)C(=O)N2C3CCCCC3CC2C(=O)O,1,reported_twosides,0.6432333588600159,0.5899181136597287,0.5899181136597287,fitted,platt_logistic_regression,0.5092713250521524,1,0.6768883366681535,0.1570109151973132,0.2837951301427372,no_interaction|interaction,2,True,0.8596491228070176,0.9636363636363636,0.8596491228070176,False,False,False
CC12CCC3C(C1CCC2(C#C)O)CCC4=CC(=O)CCC34,CN1C(=C(NC2=CC=CC=N2)O)C(=O)C3=CC=CC=C3S1(=O)=O,0,unreported_twosides_sampled,0.11090382188558578,0.15916167809561757,0.15916167809561757,fitted,platt_logistic_regression,0.5092713250521524,0,0.43827713225322873,0.5785054575986566,0.03442485306465155,no_interaction,1,False,0.7169811320754716,0.62,0.62,False,False,False
C1CC(OC1CO)N2C=NC3=C2NC=NC3=O,CC1=NN=C2N1C3=C(C=C(C=C3)Cl)C(=NC2)C4=CC=CC=C4,1,reported_twosides,0.9661316275596619,0.9213182081727217,0.9213182081727217,fitted,platt_logistic_regression,0.5092713250521524,1,0.27553798540658075,0.0109151973131822,0.7279596977329975,interaction,1,False,0.3492063492063492,0.7659574468085106,0.3492063492063492,False,False,True
CC1=C(SC=C1)C(=CCCN2CCCC(C2)C(=O)O)C3=C(C=CS3)C,COC1=C(C=C(C=C1)C2=CC3=C(C=C2)C=C(C=C3)C(=O)O)C45CC6CC(C4)CC(C6)C5,0,unreported_twosides_sampled,0.051764413714408875,0.09179228561145454,0.09179228561145454,fitted,platt_logistic_regression,0.5092713250521524,0,0.30666502279331603,0.7002518891687658,0.01343408900083963,no_interaction,1,False,0.26865671641791045,0.288135593220339,0.26865671641791045,False,False,True
CC1(C(N2C(S1)C(C2=O)NC(=O)C(C3=CC=CC=C3)N)C(=O)[O-])C,CCOC1=C(C=CC(=C1)CC(=O)NC(CC(C)C)C2=CC=CC=C2N3CCCCC3)C(=O)O,0,unreported_twosides_sampled,0.30219870805740356,0.32753276895026884,0.32753276895026884,fitted,platt_logistic_regression,0.5092713250521524,0,0.6324175962599787,0.35684298908480266,0.11251049538203191,no_interaction|interaction,2,True,0.6119402985074627,0.2804878048780488,0.2804878048780488,False,False,True
C1CC(C1)(C(=O)O)C(=O)O.N.N.[Pt],CC12CCC3C(C1CCC2C(=O)NC4=C(C=CC(=C4)C(F)(F)F)C(F)(F)F)CCC5C3(C=CC(=O)N5)C,1,reported_twosides,0.0441209077835083,0.08170855710236298,0.08170855710236298,fitted,platt_logistic_regression,0.5092713250521524,0,0.28292255737423216,0.7220822837951302,0.0109151973131822,no_interaction,1,False,0.26666666666666666,0.6417910447761194,0.26666666666666666,False,False,True
C1C(OC(S1)CO)N2C=C(C(=NC2=O)N)F,C1CC(C1)(C(=O)O)C(=O)O.N.N.[Pt],0,unreported_twosides_sampled,0.15686213970184326,0.20409069471371252,0.20409069471371252,fitted,platt_logistic_regression,0.5092713250521524,0,0.5060213019467166,0.5088161209068011,0.054575986565911,no_interaction,1,False,0.6326530612244898,0.26666666666666666,0.26666666666666666,False,False,True
CC(C)(C(=O)O)ON=C(C1=CSC(=N1)N)C(=O)NC2C3N(C2=O)C(=C(CS3)C[N+]4=CC=CC=C4)C(=O)[O-],CN1CCC23C=CC(CC2OC4=C(C=CC(=C34)C1)OC)O,0,unreported_twosides_sampled,0.9937997460365295,0.9774908657079069,0.9774908657079069,fitted,platt_logistic_regression,0.5092713250521524,1,0.10764980216286496,0.0008396305625524769,0.8790931989924433,interaction,1,False,0.6428571428571429,0.375,0.375,False,False,True
C1=CC(=CC=C1N)S(=O)(=O)C2=CC=C(C=C2)N,CC1=C(C(=O)C2=CC=CC=C2C1=O)CC=C(C)CCCC(C)CCCC(C)CCCC(C)C,0,unreported_twosides_sampled,0.2039763331413269,0.24641308275503537,0.24641308275503537,fitted,platt_logistic_regression,0.5092713250521524,0,0.5583600936737367,0.4508816120906801,0.07220822837951302,no_interaction,1,False,0.43333333333333335,0.22058823529411764,0.22058823529411764,False,False,True
CC12CCC3C(C1CCC2(C)O)CCC4C3(COC(=O)C4)C,CC1=C(C(=O)C2=CC=CC=C2C1=O)CC=C(C)CCCC(C)CCCC(C)CCCC(C)C,0,unreported_twosides_sampled,0.9407259821891785,0.8823815635474676,0.8823815635474676,fitted,platt_logistic_regression,0.5092713250521524,1,0.3621528818873881,0.02434928631402183,0.6591099916036943,interaction,1,False,0.31343283582089554,0.22058823529411764,0.22058823529411764,False,False,True
CC1(C(N2C(S1)C(C2=O)NC(=O)C(C3=CC=CC=C3)N)C(=O)[O-])C,CCCN1CC(CC2C1CC3=CNC4=CC=CC2=C34)CSC,0,unreported_twosides_sampled,0.007164857815951109,0.0212816084801246,0.0212816084801246,fitted,platt_logistic_regression,0.5092713250521524,0,0.10298585182855483,0.8849706129303107,0.0008396305625524769,no_interaction,1,False,0.6119402985074627,0.42168674698795183,0.42168674698795183,False,False,False
C1CC(OC1CO)N2C=NC3=C2NC=NC3=O,CCC(C)C(=O)OC1CC(C=C2C1C(C(C=C2)C)CCC3CC(CC(=O)O3)O)C,0,unreported_twosides_sampled,0.9909862875938416,0.9702525287294589,0.9702525287294589,fitted,platt_logistic_regression,0.5092713250521524,1,0.133863254684661,0.0025188916876574307,0.8480268681780017,interaction,1,False,0.3492063492063492,0.7424242424242424,0.3492063492063492,False,False,True
CC(C)(C(=O)O)ON=C(C1=CSC(=N1)N)C(=O)NC2C3N(C2=O)C(=C(CS3)C[N+]4=CC=CC=C4)C(=O)[O-],CC1=NN=C2N1C3=C(C=C(C=C3)Cl)C(=NC2)C4=CC=CC=C4,0,unreported_twosides_sampled,0.05648185312747955,0.09779810899463638,0.09779810899463638,fitted,platt_logistic_regression,0.5092713250521524,0,0.3202178115086328,0.6884970612930311,0.01595298068849706,no_interaction,1,False,0.6428571428571429,0.7659574468085106,0.6428571428571429,False,False,False
CC1=C(SC=C1)C(=CCCN2CCCC(C2)C(=O)O)C3=C(C=CS3)C,CN1C=NC(=C1SC2=NC=NC3=C2NC=N3)[N+](=O)[O-],0,unreported_twosides_sampled,0.5667027235031128,0.5299330375851765,0.5299330375851765,fitted,platt_logistic_regression,0.5092713250521524,1,0.6913541351547047,0.18387909319899245,0.2258606213266163,no_interaction|interaction,2,True,0.26865671641791045,0.25925925925925924,0.25925925925925924,False,False,True
C1=CC(=C2NC(=C3C=CC=CC3=O)N(N2)C4=CC=C(C=C4)C(=O)O)C(=O)C=C1,C1CC(C1)(C(=O)O)C(=O)O.N.N.[Pt],0,unreported_twosides_sampled,0.20080992579460144,0.2436578190392663,0.2436578190392663,fitted,platt_logistic_regression,0.5092713250521524,0,0.5552596708840087,0.45675902602854745,0.06968933669185558,no_interaction,1,False,0.22033898305084745,0.26666666666666666,0.22033898305084745,False,False,True
CC1=NN=C2N1C3=C(C=C(C=C3)Cl)C(=NC2)C4=CC=CC=C4,CCCCC(=O)N(CC1=CC=C(C=C1)C2=CC=CC=C2C3=NNN=N3)C(C(C)C)C(=O)O,1,reported_twosides,0.6669865250587463,0.6090873018896347,0.6090873018896347,fitted,platt_logistic_regression,0.5092713250521524,1,0.6691545975861989,0.14357682619647355,0.30310663308144414,no_interaction|interaction,2,True,0.7659574468085106,0.4533333333333333,0.4533333333333333,False,False,False
C1C(N(C2=C(N1)NC(=NC2=O)N)C=O)CNC3=CC=C(C=C3)C(=O)NC(CCC(=O)O)C(=O)O,CCOC(=O)N1CCC(=C2C3=C(CCC4=C2N=CC=C4)C=C(C=C3)Cl)CC1,1,reported_twosides,0.13874447345733643,0.18690344978297177,0.18690344978297177,fitted,platt_logistic_regression,0.5092713250521524,0,0.4817016525352382,0.5398824517212426,0.04450041981528128,no_interaction,1,False,0.5256410256410257,0.5892857142857143,0.5256410256410257,False,False,False
C1=CC(=CC=C1N)S(=O)(=O)C2=CC=C(C=C2)N,CCCC1(CC(=O)C(=C(O1)O)C(CC)C2=CC(=CC=C2)NS(=O)(=O)C3=NC=C(C=C3)C(F)(F)F)CCC4=CC=CC=C4,1,reported_twosides,0.34264934062957764,0.3592469363577159,0.3592469363577159,fitted,platt_logistic_regression,0.5092713250521524,0,0.6529836779026993,0.3266162888329135,0.12846347607052896,no_interaction|interaction,2,True,0.43333333333333335,0.2247191011235955,0.2247191011235955,False,False,True
CCC(C)C(=O)OC1CC(C=C2C1C(C(C=C2)C)CCC3CC(CC(=O)O3)O)C,CN1CC(=O)N2C(C1=O)CC3=C(C2C4=CC5=C(C=C4)OCO5)NC6=CC=CC=C36,1,reported_twosides,0.999119222164154,0.9948158660202435,0.9948158660202435,fitted,platt_logistic_regression,0.5092713250521524,1,0.032450376530417144,0.0008396305625524769,0.961376994122586,interaction,1,False,0.7424242424242424,0.24050632911392406,0.24050632911392406,False,False,True
CC12CCC3C(C1CCC2C(=O)NC4=C(C=CC(=C4)C(F)(F)F)C(F)(F)F)CCC5C3(C=CC(=O)N5)C,CN1CC(=O)N2C(C1=O)CC3=C(C2C4=CC5=C(C=C4)OCO5)NC6=CC=CC=C36,1,reported_twosides,0.7706708312034607,0.6977138636184165,0.6977138636184165,fitted,platt_logistic_regression,0.5092713250521524,1,0.6127889146353516,0.10327455919395466,0.380352644836272,no_interaction|interaction,2,True,0.6417910447761194,0.24050632911392406,0.24050632911392406,False,False,True
CC1=NN=C2N1C3=C(C=C(C=C3)Cl)C(=NC2)C4=CC=CC=C4,CC1C2C(C(=O)N2C(=C1SC3CC(NC3)C(=O)NC4=CC=CC(=C4)C(=O)O)C(=O)O)C(C)O,0,unreported_twosides_sampled,0.8915804028511047,0.8199389161954443,0.8199389161954443,fitted,platt_logistic_regression,0.5092713250521524,1,0.47148609844521694,0.042821158690176324,0.5491183879093199,interaction,1,False,0.7659574468085106,0.23529411764705882,0.23529411764705882,False,False,True
C1C(N(C2=C(N1)NC(=NC2=O)N)C=O)CNC3=CC=C(C=C3)C(=O)NC(CCC(=O)O)C(=O)O,CC12CCC3C(C1CCC2(C)O)CCC4C3(COC(=O)C4)C,0,unreported_twosides_sampled,0.9591753482818604,0.909953174071297,0.909953174071297,fitted,platt_logistic_regression,0.5092713250521524,1,0.3026461478175788,0.012594458438287154,0.7019311502938707,interaction,1,False,0.5256410256410257,0.31343283582089554,0.31343283582089554,False,False,True
CC1=NN=C2N1C3=C(C=C(C=C3)Cl)C(=NC2)C4=CC=CC=C4,CN(C)CCC1=CNC2=C1C=C(C=C2)CC3COC(=O)N3,1,reported_twosides,0.5601304173469543,0.5248761966919689,0.5248761966919689,fitted,platt_logistic_regression,0.5092713250521524,1,0.691909019137236,0.18807724601175482,0.22334172963895885,no_interaction|interaction,2,True,0.7659574468085106,0.543859649122807,0.543859649122807,False,False,False
CC(C)(C)NCC(C1=CC(=C(C=C1)O)CO)O,CC1CN(CCN1)C2=C(C=C3C(=C2OC)N(C=C(C3=O)C(=O)O)C4CC4)F,1,reported_twosides,0.969907283782959,0.9277818478440604,0.9277818478440604,fitted,platt_logistic_regression,0.5092713250521524,1,0.25933919125867577,0.008396305625524769,0.743073047858942,interaction,1,False,0.5227272727272727,0.7230769230769231,0.5227272727272727,False,False,False
C1CC(C1)CN2CCC34C5C(CCC3(C2CC6=C4C(=C(C=C6)O)O5)O)O,CC1CN(CCN1)C2=C(C=C3C(=C2OC)N(C=C(C3=O)C(=O)O)C4CC4)F,1,reported_twosides,0.3437696695327759,0.36011608811665113,0.36011608811665113,fitted,platt_logistic_regression,0.5092713250521524,0,0.6534849584892772,0.3266162888329135,0.12846347607052896,no_interaction|interaction,2,True,0.6451612903225806,0.7230769230769231,0.6451612903225806,False,False,False
CC(C=CC(C)C(C)(C)O)C1CCC2C1(CCCC2=CC=C3CC(CC(C3)O)O)C,CC1CN(CCN1)C2=C(C=C3C(=C2OC)N(C=C(C3=O)C(=O)O)C4CC4)F,0,unreported_twosides_sampled,0.975073516368866,0.9370359490724514,0.9370359490724514,fitted,platt_logistic_regression,0.5092713250521524,1,0.2350464985472592,0.006717044500419815,0.7590260285474392,interaction,1,False,0.5625,0.7230769230769231,0.5625,False,False,False
C(CCl)NC(=O)N(CCCl)N=O,CC(C)C(C(=O)OCC(CO)OCN1C=NC2=C1NC(=NC2=O)N)N,0,unreported_twosides_sampled,0.013069924898445606,0.03332909324159044,0.03332909324159044,fitted,platt_logistic_regression,0.5092713250521524,0,0.1461304680863329,0.8387909319899244,0.0025188916876574307,no_interaction,1,False,0.2391304347826087,0.7307692307692307,0.2391304347826087,False,False,True
CC(C)C(C(=O)OCC(CO)OCN1C=NC2=C1NC(=NC2=O)N)N,COC1=C(C=C(C=C1)C2=CC3=C(C=C2)C=C(C=C3)C(=O)O)C45CC6CC(C4)CC(C6)C5,0,unreported_twosides_sampled,0.1932973712682724,0.23707460667338,0.23707460667338,fitted,platt_logistic_regression,0.5092713250521524,0,0.5476843622387995,0.4659949622166247,0.0654911838790932,no_interaction,1,False,0.7307692307692307,0.288135593220339,0.288135593220339,False,False,True
C1=CC(=CC=C1N)S(=O)(=O)C2=CC=C(C=C2)N,C1C(N(C2=C(N1)NC(=NC2=O)N)C=O)CNC3=CC=C(C=C3)C(=O)NC(CCC(=O)O)C(=O)O,1,reported_twosides,0.5245887041091919,0.49770244560583726,0.49770244560583726,fitted,platt_logistic_regression,0.5092713250521524,0,0.693136623010403,0.20654911838790932,0.1998320738874895,no_interaction|interaction,2,True,0.43333333333333335,0.5256410256410257,0.43333333333333335,False,False,False
CN1CCC(=C2C3=C(C(=O)CC4=CC=CC=C42)SC=C3)CC1,COC1=C(C=C(C=C1)C2=CC3=C(C=C2)C=C(C=C3)C(=O)O)C45CC6CC(C4)CC(C6)C5,0,unreported_twosides_sampled,0.9882445335388184,0.9637731801491589,0.9637731801491589,fitted,platt_logistic_regression,0.5092713250521524,1,0.15576153612915514,0.0033585222502099076,0.8278757346767422,interaction,1,False,0.3018867924528302,0.288135593220339,0.288135593220339,False,False,True
C1=CC(=C2NC(=C3C=CC=CC3=O)N(N2)C4=CC=C(C=C4)C(=O)O)C(=O)C=C1,CC1=C(C(=O)C2=CC=CC=C2C1=O)CC=C(C)CCCC(C)CCCC(C)CCCC(C)C,0,unreported_twosides_sampled,0.33822762966156006,0.35581226223593854,0.35581226223593854,fitted,platt_logistic_regression,0.5092713250521524,0,0.6509705973769737,0.32913518052057095,0.12678421494542402,no_interaction|interaction,2,True,0.22033898305084745,0.22058823529411764,0.22033898305084745,False,False,True
C1CN=C(N1)NC2=C(C=CC=C2Cl)Cl,CC(C)(C(=O)O)ON=C(C1=CSC(=N1)N)C(=O)NC2C3N(C2=O)C(=C(CS3)C[N+]4=CC=CC=C4)C(=O)[O-],1,reported_twosides,0.8419877886772156,0.7661094587560529,0.7661094587560529,fitted,platt_logistic_regression,0.5092713250521524,1,0.5439347596661224,0.06381192275398824,0.47103274559193953,interaction,1,False,0.5853658536585366,0.6428571428571429,0.5853658536585366,False,False,False
CNC(=C[N+](=O)[O-])NCCSCC1=CC=C(O1)CN(C)C,COC1=C(C=C(C=C1)C2=CC3=C(C=C2)C=C(C=C3)C(=O)O)C45CC6CC(C4)CC(C6)C5,1,reported_twosides,0.9781622290611267,0.9428381950348386,0.9428381950348386,fitted,platt_logistic_regression,0.5092713250521524,1,0.21908563603190523,0.005877413937867338,0.7774979009235936,interaction,1,False,0.603448275862069,0.288135593220339,0.288135593220339,False,False,True
CC(C=CC(C)C(C)(C)O)C1CCC2C1(CCCC2=CC=C3CC(CC(C3)O)O)C,CCC(C)C(=O)OC1CC(C=C2C1C(C(C=C2)C)CCC3CC(CC(=O)O3)O)C,1,reported_twosides,0.9962671399116516,0.9846056225408287,0.9846056225408287,fitted,platt_logistic_regression,0.5092713250521524,1,0.07952759938483903,0.0008396305625524769,0.9093198992443325,interaction,1,False,0.5625,0.7424242424242424,0.5625,False,False,False
CC(C)C(C(=O)OCC(CO)OCN1C=NC2=C1NC(=NC2=O)N)N,CC1CN(CCN1)C2=C(C=C3C(=C2OC)N(C=C(C3=O)C(=O)O)C4CC4)F,0,unreported_twosides_sampled,0.7937120795249939,0.7189389398902074,0.7189389398902074,fitted,platt_logistic_regression,0.5092713250521524,1,0.5939526578530973,0.09151973131821999,0.40890008396305627,interaction,1,False,0.7307692307692307,0.7230769230769231,0.7230769230769231,False,False,False
CC1CC2C3CCC4=CC(=O)C=CC4(C3(C(CC2(C1(C(=O)CO)O)C)O)F)C,CN(C)CCC1=CNC2=C1C=C(C=C2)CC3COC(=O)N3,0,unreported_twosides_sampled,0.0316963791847229,0.06414638643834948,0.06414638643834948,fitted,platt_logistic_regression,0.5092713250521524,0,0.2382272125699751,0.7573467674223342,0.006717044500419815,no_interaction,1,False,0.8596491228070176,0.543859649122807,0.543859649122807,False,False,False
C(CCl)NC(=O)N(CCCl)N=O,CCOC1=C(C=CC(=C1)CC(=O)NC(CC(C)C)C2=CC=CC=C2N3CCCCC3)C(=O)O,0,unreported_twosides_sampled,0.07766775786876678,0.1231609566982569,0.1231609566982569,fitted,platt_logistic_regression,0.5092713250521524,0,0.37317602180837184,0.6456759026028548,0.02434928631402183,no_interaction,1,False,0.2391304347826087,0.2804878048780488,0.2391304347826087,False,False,True
C(CCl)NC(=O)N(CCCl)N=O,CC12CCC3C(C1CCC2C(=O)NC4=C(C=CC(=C4)C(F)(F)F)C(F)(F)F)CCC5C3(C=CC(=O)N5)C,0,unreported_twosides_sampled,0.01135189551860094,0.030009926994337594,0.030009926994337594,fitted,platt_logistic_regression,0.5092713250521524,0,0.1347766736987418,0.8480268681780017,0.0025188916876574307,no_interaction,1,False,0.2391304347826087,0.6417910447761194,0.2391304347826087,False,False,True
C1=CC(=C2NC(=C3C=CC=CC3=O)N(N2)C4=CC=C(C=C4)C(=O)O)C(=O)C=C1,CN1CC(=O)N2C(C1=O)CC3=C(C2C4=CC5=C(C=C4)OCO5)NC6=CC=CC=C36,0,unreported_twosides_sampled,0.9128891825675964,0.8455382706519547,0.8455382706519547,fitted,platt_logistic_regression,0.5092713250521524,1,0.4303709692300831,0.03190596137699412,0.5869017632241813,interaction,1,False,0.22033898305084745,0.24050632911392406,0.22033898305084745,False,False,True
CCOC(=O)N1CCC(=C2C3=C(CCC4=C2N=CC=C4)C=C(C=C3)Cl)CC1,CNC(=C[N+](=O)[O-])NCCSCC1=CC=C(O1)CN(C)C,1,reported_twosides,0.3693554699420929,0.3798574473352136,0.3798574473352136,fitted,platt_logistic_regression,0.5092713250521524,0,0.6639942970313414,0.3089840470193115,0.1385390428211587,no_interaction|interaction,2,True,0.5892857142857143,0.603448275862069,0.5892857142857143,False,False,False
CC(C)C(C(=O)OCC(CO)OCN1C=NC2=C1NC(=NC2=O)N)N,CCC(C)C(=O)OC1CC(C=C2C1C(C(C=C2)C)CCC3CC(CC(=O)O3)O)C,1,reported_twosides,0.9882185459136963,0.9637138934616948,0.9637138934616948,fitted,platt_logistic_regression,0.5092713250521524,1,0.1559560087760672,0.0033585222502099076,0.8278757346767422,interaction,1,False,0.7307692307692307,0.7424242424242424,0.7307692307692307,False,False,False
C1=CC(=C2NC(=C3C=CC=CC3=O)N(N2)C4=CC=C(C=C4)C(=O)O)C(=O)C=C1,CC(C)C(CCCN(C)CCC1=CC(=C(C=C1)OC)OC)(C#N)C2=CC(=C(C=C2)OC)OC,0,unreported_twosides_sampled,0.7702421545982361,0.6973255414103914,0.6973255414103914,fitted,platt_logistic_regression,0.5092713250521524,1,0.6131133635381312,0.10411418975650713,0.380352644836272,no_interaction|interaction,2,True,0.22033898305084745,0.23529411764705882,0.22033898305084745,False,False,True
C(CCl)NC(=O)N(CCCl)N=O,CC(C)(C)NCC(C1=CC(=C(C=C1)O)CO)O,1,reported_twosides,0.0013927447143942118,0.006203040626397308,0.006203040626397308,fitted,platt_logistic_regression,0.5092713250521524,0,0.037712053743655785,0.9529806884970613,0.0008396305625524769,no_interaction,1,False,0.2391304347826087,0.5227272727272727,0.2391304347826087,False,False,True
C1CC(OC1CO)N2C=NC3=C2NC=NC3=O,CC(C)(C)NCC(C1=CC(=C(C=C1)O)CO)O,1,reported_twosides,0.4686111509799957,0.4552712709892506,0.4552712709892506,fitted,platt_logistic_regression,0.5092713250521524,0,0.6891405081553172,0.23761544920235098,0.17968094038623006,no_interaction|interaction,2,True,0.3492063492063492,0.5227272727272727,0.3492063492063492,False,False,True
CC(C)(C)NCC(C1=CC(=C(C=C1)O)CO)O,CC1CC2C3CCC4=CC(=O)C=CC4(C3(C(CC2(C1(C(=O)CO)O)C)O)F)C,1,reported_twosides,0.26800987124443054,0.30009418429380375,0.30009418429380375,fitted,platt_logistic_regression,0.5092713250521524,0,0.6109440830861087,0.38455079764903444,0.10243492863140219,no_interaction|interaction,2,True,0.5227272727272727,0.8596491228070176,0.5227272727272727,False,False,False
CC1=C(C(=O)C2=CC=CC=C2C1=O)CC=C(C)CCCC(C)CCCC(C)CCCC(C)C,CC1CC2C3CCC4=CC(=O)C=CC4(C3(C(CC2(C1(C(=O)CO)O)C)O)F)C,1,reported_twosides,0.17291802167892456,0.21885930349367133,0.21885930349367133,fitted,platt_logistic_regression,0.5092713250521524,0,0.5254604241612246,0.48866498740554154,0.05961376994122586,no_interaction,1,False,0.22058823529411764,0.8596491228070176,0.22058823529411764,False,False,True
CC(C=CC(C)C(C)(C)O)C1CCC2C1(CCCC2=CC=C3CC(CC(C3)O)O)C,CNC(=C[N+](=O)[O-])NCCSCC1=CC=C(O1)CN(C)C,1,reported_twosides,0.9978627562522888,0.9898782140996139,0.9898782140996139,fitted,platt_logistic_regression,0.5092713250521524,1,0.05656040907409253,0.0008396305625524769,0.9311502938706969,interaction,1,False,0.5625,0.603448275862069,0.5625,False,False,False
C1CC(C1)(C(=O)O)C(=O)O.N.N.[Pt],CC1=NN=C(S1)SCC2=C(N3C(C(C3=O)NC(=O)CN4C=NN=N4)SC2)C(=O)[O-],0,unreported_twosides_sampled,0.11226581782102585,0.16056279869930667,0.16056279869930667,fitted,platt_logistic_regression,0.5092713250521524,0,0.4406019507653596,0.5776658270361041,0.03442485306465155,no_interaction,1,False,0.26666666666666666,0.4574468085106383,0.26666666666666666,False,False,True
CC12CCC3C(C1CCC2(C#C)O)CCC4=CC(=O)CCC34,CC1CC2C3CCC4=CC(=O)C=CC4(C3(C(CC2(C1(C(=O)CO)O)C)O)F)C,0,unreported_twosides_sampled,0.08982596546411514,0.1367765063153789,0.1367765063153789,fitted,platt_logistic_regression,0.5092713250521524,0,0.3990684770818828,0.6213266162888329,0.02518891687657431,no_interaction,1,False,0.7169811320754716,0.8596491228070176,0.7169811320754716,False,False,False
CC1=C(C(C(=C(N1)C)C(=O)OCC(C)C)C2=CC=CC=C2[N+](=O)[O-])C(=O)OC,CN(C)NN=C1C(=NC=N1)C(=O)N,0,unreported_twosides_sampled,0.8521520495414734,0.7766185534493174,0.7766185534493174,fitted,platt_logistic_regression,0.5092713250521524,1,0.5311545497583731,0.060453400503778336,0.48446683459277917,interaction,1,False,0.8043478260869565,0.24390243902439024,0.24390243902439024,False,False,True
C1=CC(=C2NC(=C3C=CC=CC3=O)N(N2)C4=CC=C(C=C4)C(=O)O)C(=O)C=C1,CN1C=NC(=C1SC2=NC=NC3=C2NC=N3)[N+](=O)[O-],0,unreported_twosides_sampled,0.9975426197052002,0.9887565661682904,0.9887565661682904,fitted,platt_logistic_regression,0.5092713250521524,1,0.061640192953086766,0.0008396305625524769,0.9269521410579346,interaction,1,False,0.22033898305084745,0.25925925925925924,0.22033898305084745,False,False,True
C1C(N(C2=C(N1)NC(=NC2=O)N)C=O)CNC3=CC=C(C=C3)C(=O)NC(CCC(=O)O)C(=O)O,C[N+](C)(C)CC(CC(=O)O)O,0,unreported_twosides_sampled,0.012544448487460613,0.03232702821375683,0.03232702821375683,fitted,platt_logistic_regression,0.5092713250521524,0,0.14274035041782604,0.8429890848026869,0.0025188916876574307,no_interaction,1,False,0.5256410256410257,0.36666666666666664,0.36666666666666664,False,False,True
C1CC(C1)(C(=O)O)C(=O)O.N.N.[Pt],CNC(=C[N+](=O)[O-])NCCSCC1=CC=C(O1)CN(C)C,1,reported_twosides,0.1046319305896759,0.15264307470729221,0.15264307470729221,fitted,platt_logistic_regression,0.5092713250521524,0,0.42726650382924736,0.5885810243492863,0.03190596137699412,no_interaction,1,False,0.26666666666666666,0.603448275862069,0.26666666666666666,False,False,True
C1C(OC(S1)CO)N2C=C(C(=NC2=O)N)F,CCCC1(CC(=O)C(=C(O1)O)C(CC)C2=CC(=CC=C2)NS(=O)(=O)C3=NC=C(C=C3)C(F)(F)F)CCC4=CC=CC=C4,1,reported_twosides,0.4121896028518677,0.4125509811081733,0.4125509811081733,fitted,platt_logistic_regression,0.5092713250521524,0,0.6777735731631416,0.2804366078925273,0.15785054575986565,no_interaction|interaction,2,True,0.6326530612244898,0.2247191011235955,0.2247191011235955,False,False,True
CCCCC(=O)N(CC1=CC=C(C=C1)C2=CC=CC=C2C3=NNN=N3)C(C(C)C)C(=O)O,CCCN1CC(CC2C1CC3=CNC4=CC=CC2=C34)CSC,1,reported_twosides,0.20987889170646667,0.2515198147020295,0.2515198147020295,fitted,platt_logistic_regression,0.5092713250521524,0,0.5639986804541817,0.4424853064651553,0.07304785894206549,no_interaction,1,False,0.4533333333333333,0.42168674698795183,0.42168674698795183,False,False,False
C1=CC(=C2NC(=C3C=CC=CC3=O)N(N2)C4=CC=C(C=C4)C(=O)O)C(=O)C=C1,CN1CCC23C=CC(CC2OC4=C(C=CC(=C34)C1)OC)O,0,unreported_twosides_sampled,0.9866385459899902,0.9601737010968865,0.9601737010968865,fitted,platt_logistic_regression,0.5092713250521524,1,0.16739172288619852,0.0033585222502099076,0.8161209068010076,interaction,1,False,0.22033898305084745,0.375,0.22033898305084745,False,False,True
C1=CC(=C2NC(=C3C=CC=CC3=O)N(N2)C4=CC=C(C=C4)C(=O)O)C(=O)C=C1,CCN(C)C(=O)OC1=CC=CC(=C1)C(C)N(C)C,0,unreported_twosides_sampled,0.9744402170181274,0.93587296427106,0.93587296427106,fitted,platt_logistic_regression,0.5092713250521524,1,0.23817534391265963,0.006717044500419815,0.7573467674223342,interaction,1,False,0.22033898305084745,0.32653061224489793,0.22033898305084745,False,False,True
CC(C)C(C(=O)OCC(CO)OCN1C=NC2=C1NC(=NC2=O)N)N,CN1C=NC(=C1SC2=NC=NC3=C2NC=N3)[N+](=O)[O-],0,unreported_twosides_sampled,0.81020188331604,0.7345980504742451,0.7345980504742451,fitted,platt_logistic_regression,0.5092713250521524,1,0.578631688624394,0.08144416456759027,0.4248530646515533,interaction,1,False,0.7307692307692307,0.25925925925925924,0.25925925925925924,False,False,True
C(CCl)NC(=O)N(CCCl)N=O,C1CC(C1)(C(=O)O)C(=O)O.N.N.[Pt],1,reported_twosides,0.0018389093456789851,0.007651723376564773,0.007651723376564773,fitted,platt_logistic_regression,0.5092713250521524,0,0.04490787819475252,0.943744752308984,0.0008396305625524769,no_interaction,1,False,0.2391304347826087,0.26666666666666666,0.2391304347826087,False,False,True
C1CN=C(N1)NC2=C(C=CC=C2Cl)Cl,CCOC1=C(C=CC(=C1)CC(=O)NC(CC(C)C)C2=CC=CC=C2N3CCCCC3)C(=O)O,1,reported_twosides,0.9996077418327332,0.9971893493525402,0.9971893493525402,fitted,platt_logistic_regression,0.5092713250521524,1,0.019317412550665467,0.0008396305625524769,0.979009235936188,interaction,1,False,0.5853658536585366,0.2804878048780488,0.2804878048780488,False,False,True
CC1(C(N2C(S1)C(C2=O)NC(=O)C(C3=CC=CC=C3)N)C(=O)[O-])C,CC1=NN=C(S1)SCC2=C(N3C(C(C3=O)NC(=O)CN4C=NN=N4)SC2)C(=O)[O-],1,reported_twosides,0.24691632390022278,0.28278975153176156,0.28278975153176156,fitted,platt_logistic_regression,0.5092713250521524,0,0.5955688672359176,0.4072208228379513,0.09319899244332494,no_interaction,1,False,0.6119402985074627,0.4574468085106383,0.4574468085106383,False,False,False
C1C(N(C2=C(N1)NC(=NC2=O)N)C=O)CNC3=CC=C(C=C3)C(=O)NC(CCC(=O)O)C(=O)O,C1CN=C(N1)NC2=C(C=CC=C2Cl)Cl,1,reported_twosides,0.9771642088890076,0.9409386581976771,0.9409386581976771,fitted,platt_logistic_regression,0.5092713250521524,1,0.22437692190194736,0.006717044500419815,0.7699412258606213,interaction,1,False,0.5256410256410257,0.5853658536585366,0.5256410256410257,False,False,False
CC1=C(C(=O)C2=CC=CC=C2C1=O)CC=C(C)CCCC(C)CCCC(C)CCCC(C)C,CC1=NN=C2N1C3=C(C=C(C=C3)Cl)C(=NC2)C4=CC=CC=C4,1,reported_twosides,0.4769348204135895,0.4615665752978777,0.4615665752978777,fitted,platt_logistic_regression,0.5092713250521524,0,0.6901900081837591,0.2325776658270361,0.17968094038623006,no_interaction|interaction,2,True,0.22058823529411764,0.7659574468085106,0.22058823529411764,False,False,True
CC1=NN=C(S1)SCC2=C(N3C(C(C3=O)NC(=O)CN4C=NN=N4)SC2)C(=O)[O-],CN1CC(=O)N2C(C1=O)CC3=C(C2C4=CC5=C(C=C4)OCO5)NC6=CC=CC=C36,0,unreported_twosides_sampled,0.992182195186615,0.973242314745745,0.973242314745745,fitted,platt_logistic_regression,0.5092713250521524,1,0.12328426220644748,0.0016792611251049538,0.8631402183039463,interaction,1,False,0.4574468085106383,0.24050632911392406,0.24050632911392406,False,False,True
CC1=C(SC=C1)C(=CCCN2CCCC(C2)C(=O)O)C3=C(C=CS3)C,CC1=NN=C(S1)SCC2=C(N3C(C(C3=O)NC(=O)CN4C=NN=N4)SC2)C(=O)[O-],0,unreported_twosides_sampled,0.2765769958496094,0.3070349708674987,0.3070349708674987,fitted,platt_logistic_regression,0.5092713250521524,0,0.6167077008198042,0.3778337531486146,0.10495382031905962,no_interaction|interaction,2,True,0.26865671641791045,0.4574468085106383,0.26865671641791045,False,False,True
C1=CC(=CC=C1N)S(=O)(=O)C2=CC=C(C=C2)N,CC(C)C(C(=O)OCC(CO)OCN1C=NC2=C1NC(=NC2=O)N)N,1,reported_twosides,0.30711856484413147,0.3314286657859367,0.3314286657859367,fitted,platt_logistic_regression,0.5092713250521524,0,0.6351857830910905,0.3534844668345928,0.11418975650713686,no_interaction|interaction,2,True,0.43333333333333335,0.7307692307692307,0.43333333333333335,False,False,False
C1CN=C(N1)NC2=C(C=CC=C2Cl)Cl,CN1C=NC(=C1SC2=NC=NC3=C2NC=N3)[N+](=O)[O-],1,reported_twosides,0.9995291233062744,0.9967723120316428,0.9967723120316428,fitted,platt_logistic_regression,0.5092713250521524,1,0.021736456688989304,0.0008396305625524769,0.9756507136859782,interaction,1,False,0.5853658536585366,0.25925925925925924,0.25925925925925924,False,False,True
C1CC(OC1CO)N2C=NC3=C2NC=NC3=O,CC(C)(C(=O)O)ON=C(C1=CSC(=N1)N)C(=O)NC2C3N(C2=O)C(=C(CS3)C[N+]4=CC=CC=C4)C(=O)[O-],0,unreported_twosides_sampled,0.8682056069374084,0.7937233371100464,0.7937233371100464,fitted,platt_logistic_regression,0.5092713250521524,1,0.5089815616645608,0.055415617128463476,0.5054575986565911,interaction,1,False,0.3492063492063492,0.6428571428571429,0.3492063492063492,False,False,True
CC12CCC3C(C1CCC2C(=O)NC4=C(C=CC(=C4)C(F)(F)F)C(F)(F)F)CCC5C3(C=CC(=O)N5)C,CN1CCC(=C2C3=C(C(=O)CC4=CC=CC=C42)SC=C3)CC1,0,unreported_twosides_sampled,0.4971384108066559,0.47686045559883344,0.47686045559883344,fitted,platt_logistic_regression,0.5092713250521524,0,0.6920759209426952,0.22082283795130142,0.1889168765743073,no_interaction|interaction,2,True,0.6417910447761194,0.3018867924528302,0.3018867924528302,False,False,True
C1C(OC(S1)CO)N2C=C(C(=NC2=O)N)F,CCC(C)C(=O)OC1CC(C=C2C1C(C(C=C2)C)CCC3CC(CC(=O)O3)O)C,0,unreported_twosides_sampled,0.985002338886261,0.9566284013428642,0.9566284013428642,fitted,platt_logistic_regression,0.5092713250521524,1,0.17851507840266548,0.0041981528127623844,0.8085642317380353,interaction,1,False,0.6326530612244898,0.7424242424242424,0.6326530612244898,False,False,False
CCOC1=C(C=CC(=C1)CC(=O)NC(CC(C)C)C2=CC=CC=C2N3CCCCC3)C(=O)O,CN(C)NN=C1C(=NC=N1)C(=O)N,0,unreported_twosides_sampled,0.8480933308601379,0.7723941507708874,0.7723941507708874,fitted,platt_logistic_regression,0.5092713250521524,1,0.5363672398522517,0.061293031066330814,0.47774979009235935,interaction,1,False,0.2804878048780488,0.24390243902439024,0.24390243902439024,False,False,True
CC1CC2C3CCC4=CC(=O)C=CC4(C3(C(CC2(C1(C(=O)CO)O)C)O)F)C,CN1CCC(=C2C3=C(C(=O)CC4=CC=CC=C42)SC=C3)CC1,1,reported_twosides,0.9106884598731995,0.8428051577288075,0.8428051577288075,fitted,platt_logistic_regression,0.5092713250521524,1,0.43498887410195136,0.033585222502099076,0.5801847187237615,interaction,1,False,0.8596491228070176,0.3018867924528302,0.3018867924528302,False,False,True
C1CC(C1)(C(=O)O)C(=O)O.N.N.[Pt],C1CC(C1)CN2CCC34C5C(CCC3(C2CC6=C4C(=C(C=C6)O)O5)O)O,0,unreported_twosides_sampled,0.10169931501150131,0.14955588738982514,0.14955588738982514,fitted,platt_logistic_regression,0.5092713250521524,0,0.42193795549950647,0.5994962216624685,0.031066330814441646,no_interaction,1,False,0.26666666666666666,0.6451612903225806,0.26666666666666666,False,False,True
C1=CC(=CC=C1N)S(=O)(=O)C2=CC=C(C=C2)N,CNC(=C[N+](=O)[O-])NCCSCC1=CC=C(O1)CN(C)C,1,reported_twosides,0.16854573786258698,0.21487675304723058,0.21487675304723058,fitted,platt_logistic_regression,0.5092713250521524,0,0.5203467290341245,0.49370277078085645,0.056255247691015954,no_interaction,1,False,0.43333333333333335,0.603448275862069,0.43333333333333335,False,False,False
CC1=C(C(C(=C(N1)C)C(=O)OCC(C)C)C2=CC=CC=C2[N+](=O)[O-])C(=O)OC,CCN(C)C(=O)OC1=CC=CC(=C1)C(C)N(C)C,0,unreported_twosides_sampled,0.6184234023094177,0.5702108031508673,0.5702108031508673,fitted,platt_logistic_regression,0.5092713250521524,1,0.6832554078068472,0.16456759026028547,0.2586062132661629,no_interaction|interaction,2,True,0.8043478260869565,0.32653061224489793,0.32653061224489793,False,False,True
CCOC(=O)C(CCC1=CC=CC=C1)NC(C)C(=O)N2C3CCCCC3CC2C(=O)O,CN1CCC(=C2C3=C(C(=O)CC4=CC=CC=C42)SC=C3)CC1,0,unreported_twosides_sampled,0.9874429106712341,0.9619605742671249,0.9619605742671249,fitted,platt_logistic_regression,0.5092713250521524,1,0.1616624835474137,0.0033585222502099076,0.8178001679261125,interaction,1,False,0.9636363636363636,0.3018867924528302,0.3018867924528302,False,False,True
CC12CCC3C(C1CCC2(C#C)O)CCC4=CC(=O)CCC34,CC1=NN=C2N1C3=C(C=C(C=C3)Cl)C(=NC2)C4=CC=CC=C4,1,reported_twosides,0.06228715553879738,0.1049910597283055,0.1049910597283055,fitted,platt_logistic_regression,0.5092713250521524,0,0.3359130561536112,0.6792611251049538,0.017632241813602016,no_interaction,1,False,0.7169811320754716,0.7659574468085106,0.7169811320754716,False,False,False
CCOC(=O)C(CCC1=CC=CC=C1)NC(C)C(=O)N2C3CCCCC3CC2C(=O)O,CNC(=C[N+](=O)[O-])NCCSCC1=CC=C(O1)CN(C)C,1,reported_twosides,0.9975305199623108,0.9887149260397641,0.9887149260397641,fitted,platt_logistic_regression,0.5092713250521524,1,0.06182652392258404,0.0008396305625524769,0.9269521410579346,interaction,1,False,0.9636363636363636,0.603448275862069,0.603448275862069,False,False,False
CC(C)C(C(=O)OCC(CO)OCN1C=NC2=C1NC(=NC2=O)N)N,CN1C(=C(NC2=CC=CC=N2)O)C(=O)C3=CC=CC=C3S1(=O)=O,0,unreported_twosides_sampled,0.3827020823955536,0.39008439546495727,0.39008439546495727,fitted,platt_logistic_regression,0.5092713250521524,0,0.668785823005098,0.30310663308144414,0.14357682619647355,no_interaction|interaction,2,True,0.7307692307692307,0.62,0.62,False,False,False
CN1CCC(=C2C3=C(C(=O)CC4=CC=CC=C42)SC=C3)CC1,C[N+](C)(C)CC(CC(=O)O)O,0,unreported_twosides_sampled,0.02827112190425396,0.05897761154751391,0.05897761154751391,fitted,platt_logistic_regression,0.5092713250521524,0,0.22414506821933408,0.7707808564231738,0.006717044500419815,no_interaction,1,False,0.3018867924528302,0.36666666666666664,0.3018867924528302,False,False,True
CC(C)(C)NCC(C1=CC(=C(C=C1)O)CO)O,CCCC1(CC(=O)C(=C(O1)O)C(CC)C2=CC(=CC=C2)NS(=O)(=O)C3=NC=C(C=C3)C(F)(F)F)CCC4=CC=CC=C4,0,unreported_twosides_sampled,0.8334245681762695,0.7574291761766236,0.7574291761766236,fitted,platt_logistic_regression,0.5092713250521524,1,0.5540251908759686,0.0688497061293031,0.45759865659109994,interaction,1,False,0.5227272727272727,0.2247191011235955,0.2247191011235955,False,False,True
CC(C)(C)NCC(C1=CC(=C(C=C1)O)CO)O,CC(C)C(CCCN(C)CCC1=CC(=C(C=C1)OC)OC)(C#N)C2=CC(=C(C=C2)OC)OC,1,reported_twosides,0.086543008685112,0.1331568237399482,0.1331568237399482,fitted,platt_logistic_regression,0.5092713250521524,0,0.3923439413279974,0.6263643996641478,0.02518891687657431,no_interaction,1,False,0.5227272727272727,0.23529411764705882,0.23529411764705882,False,False,True
CC(C)(C(=O)O)ON=C(C1=CSC(=N1)N)C(=O)NC2C3N(C2=O)C(=C(CS3)C[N+]4=CC=CC=C4)C(=O)[O-],COC1=C(C=C(C=C1)C2=CC3=C(C=C2)C=C(C=C3)C(=O)O)C45CC6CC(C4)CC(C6)C5,0,unreported_twosides_sampled,0.2671951949596405,0.2994316732547298,0.2994316732547298,fitted,platt_logistic_regression,0.5092713250521524,0,0.6103819907053732,0.3853904282115869,0.1015952980688497,no_interaction|interaction,2,True,0.6428571428571429,0.288135593220339,0.288135593220339,False,False,True
C1CN=C(N1)NC2=C(C=CC=C2Cl)Cl,CC1CN(CCN1)C2=C(C=C3C(=C2OC)N(C=C(C3=O)C(=O)O)C4CC4)F,1,reported_twosides,0.9994034767150879,0.9961394059048592,0.9961394059048592,fitted,platt_logistic_regression,0.5092713250521524,1,0.025306199740195278,0.0008396305625524769,0.9697732997481109,interaction,1,False,0.5853658536585366,0.7230769230769231,0.5853658536585366,False,False,False
CC(C=CC(C)C(C)(C)O)C1CCC2C1(CCCC2=CC=C3CC(CC(C3)O)O)C,CN1C(=C(NC2=CC=CC=N2)O)C(=O)C3=CC=CC=C3S1(=O)=O,0,unreported_twosides_sampled,0.9162424206733704,0.8497469269694647,0.8497469269694647,fitted,platt_logistic_regression,0.5092713250521524,1,0.4231478175074458,0.031066330814441646,0.5969773299748111,interaction,1,False,0.5625,0.62,0.5625,False,False,False
C1=CC(=CC=C1N)S(=O)(=O)C2=CC=C(C=C2)N,CN1C(=C(NC2=CC=CC=N2)O)C(=O)C3=CC=CC=C3S1(=O)=O,0,unreported_twosides_sampled,0.9016077518463135,0.83175475752394,0.83175475752394,fitted,platt_logistic_regression,0.5092713250521524,1,0.4530928803217038,0.038623005877413935,0.5659109991603695,interaction,1,False,0.43333333333333335,0.62,0.43333333333333335,False,False,False
CC(C)C(CCCN(C)CCC1=CC(=C(C=C1)OC)OC)(C#N)C2=CC(=C(C=C2)OC)OC,CC12CCC3C(C1CCC2O)C(CC4=C3C=CC(=C4)O)CCCCCCCCCS(=O)CCCC(C(F)(F)F)(F)F,1,reported_twosides,0.035011086612939835,0.06899925764874433,0.06899925764874433,fitted,platt_logistic_regression,0.5092713250521524,0,0.25104261130430916,0.7514693534844669,0.007556675062972292,no_interaction,1,False,0.23529411764705882,0.4492753623188406,0.23529411764705882,False,False,True
CC1(C(N2C(S1)C(C2=O)NC(=O)C(C3=CC=CC=C3)N)C(=O)[O-])C,CNC(=C[N+](=O)[O-])NCCSCC1=CC=C(O1)CN(C)C,1,reported_twosides,0.07795069366693497,0.12348465566585397,0.12348465566585397,fitted,platt_logistic_regression,0.5092713250521524,0,0.37381090352416396,0.6448362720403022,0.02434928631402183,no_interaction,1,False,0.6119402985074627,0.603448275862069,0.603448275862069,False,False,False
C1=CC(=CC=C1N)S(=O)(=O)C2=CC=C(C=C2)N,CN(C)CCC1=CNC2=C1C=C(C=C2)CC3COC(=O)N3,0,unreported_twosides_sampled,0.6668710708618164,0.6089933310428329,0.6089933310428329,fitted,platt_logistic_regression,0.5092713250521524,1,0.6691962529854738,0.14441645675902604,0.30310663308144414,no_interaction|interaction,2,True,0.43333333333333335,0.543859649122807,0.43333333333333335,False,False,False
CC12CCC3C(C1CCC2O)C(CC4=C3C=CC(=C4)O)CCCCCCCCCS(=O)CCCC(C(F)(F)F)(F)F,CNC(=C[N+](=O)[O-])NCCSCC1=CC=C(O1)CN(C)C,1,reported_twosides,0.8836017847061157,0.8107959594191988,0.8107959594191988,fitted,platt_logistic_regression,0.5092713250521524,1,0.4850667548780172,0.04534005037783375,0.5340050377833753,interaction,1,False,0.4492753623188406,0.603448275862069,0.4492753623188406,False,False,False
CC(C)(C)NCC(C1=CC(=C(C=C1)O)CO)O,CC1(C(N2C(S1)C(C2=O)NC(=O)C(C3=CC=CC=C3)N)C(=O)[O-])C,1,reported_twosides,0.04561777040362358,0.08372087907857248,0.08372087907857248,fitted,platt_logistic_regression,0.5092713250521524,0,0.28776429547584786,0.7178841309823678,0.0109151973131822,no_interaction,1,False,0.5227272727272727,0.6119402985074627,0.5227272727272727,False,False,False
CC12CCC3C(C1CCC2C(=O)NC4=C(C=CC(=C4)C(F)(F)F)C(F)(F)F)CCC5C3(C=CC(=O)N5)C,CC1CC2C3CCC4=CC(=O)C=CC4(C3(C(CC2(C1(C(=O)CO)O)C)O)F)C,1,reported_twosides,0.14354877173900604,0.19152020195607627,0.19152020195607627,fitted,platt_logistic_regression,0.5092713250521524,0,0.48841978006126013,0.5298068849706129,0.047019311502938706,no_interaction,1,False,0.6417910447761194,0.8596491228070176,0.6417910447761194,False,False,False
CC1C2C(C(=O)N2C(=C1SC3CC(NC3)C(=O)NC4=CC=CC(=C4)C(=O)O)C(=O)O)C(C)O,CCOC(=O)N1CCC(=C2C3=C(CCC4=C2N=CC=C4)C=C(C=C3)Cl)CC1,0,unreported_twosides_sampled,0.9884759187698364,0.9643026525406045,0.9643026525406045,fitted,platt_logistic_regression,0.5092713250521524,1,0.15402027378005412,0.0025188916876574307,0.8312342569269522,interaction,1,False,0.23529411764705882,0.5892857142857143,0.23529411764705882,False,False,True
C1CC(OC1CO)N2C=NC3=C2NC=NC3=O,CN(C)NN=C1C(=NC=N1)C(=O)N,0,unreported_twosides_sampled,0.999569833278656,0.9969859351862412,0.9969859351862412,fitted,platt_logistic_regression,0.5092713250521524,1,0.020504553702941714,0.0008396305625524769,0.9781696053736356,interaction,1,False,0.3492063492063492,0.24390243902439024,0.24390243902439024,False,False,True
CC1=NN=C(S1)SCC2=C(N3C(C(C3=O)NC(=O)CN4C=NN=N4)SC2)C(=O)[O-],CCOC1=C(C=CC(=C1)CC(=O)NC(CC(C)C)C2=CC=CC=C2N3CCCCC3)C(=O)O,1,reported_twosides,0.5116700530052185,0.4878820146079354,0.4878820146079354,fitted,platt_logistic_regression,0.5092713250521524,0,0.6928534606617681,0.21242653232577666,0.19563392107472713,no_interaction|interaction,2,True,0.4574468085106383,0.2804878048780488,0.2804878048780488,False,False,True
CCOC(=O)C(CCC1=CC=CC=C1)NC(C)C(=O)N2C3CCCCC3CC2C(=O)O,CN(C)CCC1=CNC2=C1C=C(C=C2)CC3COC(=O)N3,0,unreported_twosides_sampled,0.5796219706535339,0.5399088267461232,0.5399088267461232,fitted,platt_logistic_regression,0.5092713250521524,1,0.6899583606874953,0.17968094038623006,0.2325776658270361,no_interaction|interaction,2,True,0.9636363636363636,0.543859649122807,0.543859649122807,False,False,False
C1C(OC(S1)CO)N2C=C(C(=NC2=O)N)F,CN1CC(=O)N2C(C1=O)CC3=C(C2C4=CC5=C(C=C4)OCO5)NC6=CC=CC=C36,0,unreported_twosides_sampled,0.9533101916313171,0.9008295279251658,0.9008295279251658,fitted,platt_logistic_regression,0.5092713250521524,1,0.3232564819410147,0.01595298068849706,0.6851385390428212,interaction,1,False,0.6326530612244898,0.24050632911392406,0.24050632911392406,False,False,True
C1CC(C1)(C(=O)O)C(=O)O.N.N.[Pt],C1CC(OC1CO)N2C=NC3=C2NC=NC3=O,1,reported_twosides,0.34864434599876404,0.36389290240636263,0.36389290240636263,fitted,platt_logistic_regression,0.5092713250521524,0,0.6556251948603922,0.3240973971452561,0.13266162888329136,no_interaction|interaction,2,True,0.26666666666666666,0.3492063492063492,0.26666666666666666,False,False,True
CCN(C)C(=O)OC1=CC=CC(=C1)C(C)N(C)C,CN1CCC23C=CC(CC2OC4=C(C=CC(=C34)C1)OC)O,1,reported_twosides,0.9998635053634644,0.9987373489122199,0.9987373489122199,fitted,platt_logistic_regression,0.5092713250521524,1,0.009689470984610317,0.0008396305625524769,0.9924433249370277,interaction,1,False,0.32653061224489793,0.375,0.32653061224489793,False,False,True
CC1C2C(C(=O)N2C(=C1SC3CC(NC3)C(=O)NC4=CC=CC(=C4)C(=O)O)C(=O)O)C(C)O,CNC(=C[N+](=O)[O-])NCCSCC1=CC=C(O1)CN(C)C,1,reported_twosides,0.9998924732208252,0.99894634012621,0.99894634012621,fitted,platt_logistic_regression,0.5092713250521524,1,0.008276454651554849,0.0008396305625524769,0.9949622166246851,interaction,1,False,0.23529411764705882,0.603448275862069,0.23529411764705882,False,False,True
C1C(N(C2=C(N1)NC(=NC2=O)N)C=O)CNC3=CC=C(C=C3)C(=O)NC(CCC(=O)O)C(=O)O,CN1CCC(=C2C3=C(C(=O)CC4=CC=CC=C42)SC=C3)CC1,0,unreported_twosides_sampled,0.9678103923797607,0.9241638285947397,0.9241638285947397,fitted,platt_logistic_regression,0.5092713250521524,1,0.2684801593506612,0.009235936188077247,0.7338371116708649,interaction,1,False,0.5256410256410257,0.3018867924528302,0.3018867924528302,False,False,True
CC12CCC3C(C1CCC2O)C(CC4=C3C=CC(=C4)O)CCCCCCCCCS(=O)CCCC(C(F)(F)F)(F)F,CC1=C(C(C(=C(N1)C)C(=O)OCC(C)C)C2=CC=CC=C2[N+](=O)[O-])C(=O)OC,0,unreported_twosides_sampled,0.6942185163497925,0.6314963739502809,0.6314963739502809,fitted,platt_logistic_regression,0.5092713250521524,1,0.6581544796756242,0.13350125944584382,0.3198992443324937,no_interaction|interaction,2,True,0.4492753623188406,0.8043478260869565,0.4492753623188406,False,False,False
CCOC1=C(C=CC(=C1)CC(=O)NC(CC(C)C)C2=CC=CC=C2N3CCCCC3)C(=O)O,CN1CC(=O)N2C(C1=O)CC3=C(C2C4=CC5=C(C=C4)OCO5)NC6=CC=CC=C36,0,unreported_twosides_sampled,0.9844529032707214,0.9554626133605824,0.9554626133605824,fitted,platt_logistic_regression,0.5092713250521524,1,0.1821053322461813,0.005037783375314861,0.8043660789252729,interaction,1,False,0.2804878048780488,0.24050632911392406,0.24050632911392406,False,False,True
CC(C=CC(C)C(C)(C)O)C1CCC2C1(CCCC2=CC=C3CC(CC(C3)O)O)C,C[N+](C)(C)CC(CC(=O)O)O,1,reported_twosides,0.027734855189919472,0.05815277205900971,0.05815277205900971,fitted,platt_logistic_regression,0.5092713250521524,0,0.22185426393291277,0.7758186397984886,0.005877413937867338,no_interaction,1,False,0.5625,0.36666666666666664,0.36666666666666664,False,False,True
CC(C)C(CCCN(C)CCC1=CC(=C(C=C1)OC)OC)(C#N)C2=CC(=C(C=C2)OC)OC,CC1=C(SC=C1)C(=CCCN2CCCC(C2)C(=O)O)C3=C(C=CS3)C,1,reported_twosides,0.022941408678889275,0.05056625994011684,0.05056625994011684,fitted,platt_logistic_regression,0.5092713250521524,0,0.20017919792250777,0.7917716204869857,0.005877413937867338,no_interaction,1,False,0.23529411764705882,0.26865671641791045,0.23529411764705882,False,False,True
CC1=NN=C2N1C3=C(C=C(C=C3)Cl)C(=NC2)C4=CC=CC=C4,CC1CC2C3CCC4=CC(=O)C=CC4(C3(C(CC2(C1(C(=O)CO)O)C)O)F)C,1,reported_twosides,0.18362610042095184,0.2284985619191584,0.2284985619191584,fitted,platt_logistic_regression,0.5092713250521524,0,0.5374557627612807,0.47774979009235935,0.061293031066330814,no_interaction,1,False,0.7659574468085106,0.8596491228070176,0.7659574468085106,False,False,False
CC12CCC3C(C1CCC2O)C(CC4=C3C=CC(=C4)O)CCCCCCCCCS(=O)CCCC(C(F)(F)F)(F)F,CN1C(=C(NC2=CC=CC=N2)O)C(=O)C3=CC=CC=C3S1(=O)=O,0,unreported_twosides_sampled,0.61846524477005,0.5702437996201704,0.5702437996201704,fitted,platt_logistic_regression,0.5092713250521524,1,0.6832460771116258,0.16456759026028547,0.2586062132661629,no_interaction|interaction,2,True,0.4492753623188406,0.62,0.4492753623188406,False,False,False
CC(C)C(CCCN(C)CCC1=CC(=C(C=C1)OC)OC)(C#N)C2=CC(=C(C=C2)OC)OC,CC12CCC3C(C1CCC2C(=O)NC4=C(C=CC(=C4)C(F)(F)F)C(F)(F)F)CCC5C3(C=CC(=O)N5)C,1,reported_twosides,0.020054252818226814,0.04578418223198073,0.04578418223198073,fitted,platt_logistic_regression,0.5092713250521524,0,0.1859097364235377,0.8026868178001679,0.005037783375314861,no_interaction,1,False,0.23529411764705882,0.6417910447761194,0.23529411764705882,False,False,True
CC1=NN=C(S1)SCC2=C(N3C(C(C3=O)NC(=O)CN4C=NN=N4)SC2)C(=O)[O-],CC1CN(CCN1)C2=C(C=C3C(=C2OC)N(C=C(C3=O)C(=O)O)C4CC4)F,1,reported_twosides,0.9421949982643127,0.8844659948902056,0.8844659948902056,fitted,platt_logistic_regression,0.5092713250521524,1,0.3579313398031795,0.022670025188916875,0.6633081444164568,interaction,1,False,0.4574468085106383,0.7230769230769231,0.4574468085106383,False,False,False
C1CN=C(N1)NC2=C(C=CC=C2Cl)Cl,CC1=C(C(C(=C(N1)C)C(=O)OCC(C)C)C2=CC=CC=C2[N+](=O)[O-])C(=O)OC,1,reported_twosides,0.9800900220870972,0.946580476551577,0.946580476551577,fitted,platt_logistic_regression,0.5092713250521524,1,0.20846330647880368,0.005877413937867338,0.7858942065491183,interaction,1,False,0.5853658536585366,0.8043478260869565,0.5853658536585366,False,False,False
CC1=NN=C2N1C3=C(C=C(C=C3)Cl)C(=NC2)C4=CC=CC=C4,CN(C)NN=C1C(=NC=N1)C(=O)N,1,reported_twosides,0.9000279307365417,0.8298674704412684,0.8298674704412684,fitted,platt_logistic_regression,0.5092713250521524,1,0.4560962932819466,0.038623005877413935,0.563392107472712,interaction,1,False,0.7659574468085106,0.24390243902439024,0.24390243902439024,False,False,True
C(CCl)NC(=O)N(CCCl)N=O,C1=CC(=CC=C1N)S(=O)(=O)C2=CC=C(C=C2)N,0,unreported_twosides_sampled,0.005150152370333672,0.0166159467319514,0.0166159467319514,fitted,platt_logistic_regression,0.5092713250521524,0,0.08455918472006238,0.9059613769941226,0.0008396305625524769,no_interaction,1,False,0.2391304347826087,0.43333333333333335,0.2391304347826087,False,False,True
CC1=C(C(=O)C2=CC=CC=C2C1=O)CC=C(C)CCCC(C)CCCC(C)CCCC(C)C,CCCCC(=O)N(CC1=CC=C(C=C1)C2=CC=CC=C2C3=NNN=N3)C(C(C)C)C(=O)O,0,unreported_twosides_sampled,0.9047352075576782,0.8355208434386263,0.8355208434386263,fitted,platt_logistic_regression,0.5092713250521524,1,0.44702325973481716,0.03610411418975651,0.5734676742233418,interaction,1,False,0.22058823529411764,0.4533333333333333,0.22058823529411764,False,False,True
CC(=O)OCC(=O)C12C(CC3C1(CC(C4(C3CC(C5=CC(=O)C=CC54C)F)F)O)C)OC(O2)(C)C,CNC(=C[N+](=O)[O-])NCCSCC1=CC=C(O1)CN(C)C,0,unreported_twosides_sampled,0.1078629195690155,0.15601506342889976,0.15601506342889976,fitted,platt_logistic_regression,0.5092713250521524,0,0.43300246708465373,0.5827036104114189,0.033585222502099076,no_interaction,1,False,0.8059701492537313,0.603448275862069,0.603448275862069,False,False,False
C1=CC(=C2NC(=C3C=CC=CC3=O)N(N2)C4=CC=C(C=C4)C(=O)O)C(=O)C=C1,CCCCC(=O)N(CC1=CC=C(C=C1)C2=CC=CC=C2C3=NNN=N3)C(C(C)C)C(=O)O,1,reported_twosides,0.6575534343719482,0.6014360170779058,0.6014360170779058,fitted,platt_logistic_regression,0.5092713250521524,1,0.672425114333113,0.15029387069689337,0.2947103274559194,no_interaction|interaction,2,True,0.22033898305084745,0.4533333333333333,0.22033898305084745,False,False,True
CC(C)(C)NCC(C1=CC(=C(C=C1)O)CO)O,CNC(=C[N+](=O)[O-])NCCSCC1=CC=C(O1)CN(C)C,1,reported_twosides,0.2247801423072815,0.26425230366640673,0.26425230366640673,fitted,platt_logistic_regression,0.5092713250521524,0,0.5774578667517267,0.42737195633921077,0.08144416456759027,no_interaction,1,False,0.5227272727272727,0.603448275862069,0.5227272727272727,False,False,False
CC1=NN=C2N1C3=C(C=C(C=C3)Cl)C(=NC2)C4=CC=CC=C4,CCCN1CC(CC2C1CC3=CNC4=CC=CC2=C34)CSC,1,reported_twosides,0.07058649510145187,0.11494151129289167,0.11494151129289167,fitted,platt_logistic_regression,0.5092713250521524,0,0.3567236462767121,0.6649874055415617,0.022670025188916875,no_interaction,1,False,0.7659574468085106,0.42168674698795183,0.42168674698795183,False,False,False
CCC(C)C(=O)OC1CC(C=C2C1C(C(C=C2)C)CCC3CC(CC(=O)O3)O)C,COC1=C(C=C(C=C1)C2=CC3=C(C=C2)C=C(C=C3)C(=O)O)C45CC6CC(C4)CC(C6)C5,0,unreported_twosides_sampled,0.9771232604980469,0.9408612429660028,0.9408612429660028,fitted,platt_logistic_regression,0.5092713250521524,1,0.2245911766936585,0.006717044500419815,0.7699412258606213,interaction,1,False,0.7424242424242424,0.288135593220339,0.288135593220339,False,False,True
C1CN=C(N1)NC2=C(C=CC=C2Cl)Cl,CC(C=CC(C)C(C)(C)O)C1CCC2C1(CCCC2=CC=C3CC(CC(C3)O)O)C,1,reported_twosides,0.9974138736724854,0.9883161054680417,0.9883161054680417,fitted,platt_logistic_regression,0.5092713250521524,1,0.06360337232826394,0.0008396305625524769,0.9269521410579346,interaction,1,False,0.5853658536585366,0.5625,0.5625,False,False,False
CC1CC2C3CCC4=CC(=O)C=CC4(C3(C(CC2(C1(C(=O)CO)O)C)O)F)C,CCCC1(CC(=O)C(=C(O1)O)C(CC)C2=CC(=CC=C2)NS(=O)(=O)C3=NC=C(C=C3)C(F)(F)F)CCC4=CC=CC=C4,0,unreported_twosides_sampled,0.1514916718006134,0.19905773090307294,0.19905773090307294,fitted,platt_logistic_regression,0.5092713250521524,0,0.4990933833290415,0.5172124265323258,0.052057094878253565,no_interaction,1,False,0.8596491228070176,0.2247191011235955,0.2247191011235955,False,False,True
C1CC(C1)(C(=O)O)C(=O)O.N.N.[Pt],CC12CCC3C(C1CCC2(C)O)CCC4C3(COC(=O)C4)C,1,reported_twosides,0.5529401302337646,0.5193565740067099,0.5193565740067099,fitted,platt_logistic_regression,0.5092713250521524,1,0.6923976393559947,0.19143576826196473,0.21914357682619648,no_interaction|interaction,2,True,0.26666666666666666,0.31343283582089554,0.26666666666666666,False,False,True
CC(C=CC(C)C(C)(C)O)C1CCC2C1(CCCC2=CC=C3CC(CC(C3)O)O)C,CCCCC(=O)N(CC1=CC=C(C=C1)C2=CC=CC=C2C3=NNN=N3)C(C(C)C)C(=O)O,1,reported_twosides,0.9922663569450378,0.9734571760809392,0.9734571760809392,fitted,platt_logistic_regression,0.5092713250521524,1,0.1225112024088782,0.0016792611251049538,0.8639798488664987,interaction,1,False,0.5625,0.4533333333333333,0.4533333333333333,False,False,False
CC(C)C(CCCN(C)CCC1=CC(=C(C=C1)OC)OC)(C#N)C2=CC(=C(C=C2)OC)OC,CCN(C)C(=O)OC1=CC=CC(=C1)C(C)N(C)C,1,reported_twosides,0.6363433003425598,0.5844152111913574,0.5844152111913574,fitted,platt_logistic_regression,0.5092713250521524,1,0.6788268357285026,0.15869017632241814,0.2753988245172124,no_interaction|interaction,2,True,0.23529411764705882,0.32653061224489793,0.23529411764705882,False,False,True
CC(C)C(CCCN(C)CCC1=CC(=C(C=C1)OC)OC)(C#N)C2=CC(=C(C=C2)OC)OC,CCOC1=C(C=CC(=C1)CC(=O)NC(CC(C)C)C2=CC=CC=C2N3CCCCC3)C(=O)O,1,reported_twosides,0.08263890445232391,0.12879900850227027,0.12879900850227027,fitted,platt_logistic_regression,0.5092713250521524,0,0.38409727762504575,0.635600335852225,0.02434928631402183,no_interaction,1,False,0.23529411764705882,0.2804878048780488,0.23529411764705882,False,False,True
CCC(C)C(=O)OC1CC(C=C2C1C(C(C=C2)C)CCC3CC(CC(=O)O3)O)C,CN1C(=C(NC2=CC=CC=N2)O)C(=O)C3=CC=CC=C3S1(=O)=O,1,reported_twosides,0.993868887424469,0.9776786093022203,0.9776786093022203,fitted,platt_logistic_regression,0.5092713250521524,1,0.10694100517083935,0.0008396305625524769,0.8807724601175483,interaction,1,False,0.7424242424242424,0.62,0.62,False,False,False
CC(C)(C)NCC(C1=CC(=C(C=C1)O)CO)O,CN1CC(=O)N2C(C1=O)CC3=C(C2C4=CC5=C(C=C4)OCO5)NC6=CC=CC=C36,1,reported_twosides,0.9828921556472778,0.9522124669508479,0.9522124669508479,fitted,platt_logistic_regression,0.5092713250521524,1,0.19194850657791976,0.005037783375314861,0.799328295549958,interaction,1,False,0.5227272727272727,0.24050632911392406,0.24050632911392406,False,False,True
C1C(N(C2=C(N1)NC(=NC2=O)N)C=O)CNC3=CC=C(C=C3)C(=O)NC(CCC(=O)O)C(=O)O,CC(C=CC(C)C(C)(C)O)C1CCC2C1(CCCC2=CC=C3CC(CC(C3)O)O)C,0,unreported_twosides_sampled,0.9768180847167969,0.9402855567552314,0.9402855567552314,fitted,platt_logistic_regression,0.5092713250521524,1,0.22618107903258836,0.006717044500419815,0.7691015952980689,interaction,1,False,0.5256410256410257,0.5625,0.5256410256410257,False,False,False
C1CC(C1)(C(=O)O)C(=O)O.N.N.[Pt],CC(C)C(CCCN(C)CCC1=CC(=C(C=C1)OC)OC)(C#N)C2=CC(=C(C=C2)OC)OC,1,reported_twosides,0.1731945276260376,0.21911022423773227,0.21911022423773227,fitted,platt_logistic_regression,0.5092713250521524,0,0.525779493110651,0.48866498740554154,0.05961376994122586,no_interaction,1,False,0.26666666666666666,0.23529411764705882,0.23529411764705882,False,False,True
CCCCC(=O)N(CC1=CC=C(C=C1)C2=CC=CC=C2C3=NNN=N3)C(C(C)C)C(=O)O,CNC(=C[N+](=O)[O-])NCCSCC1=CC=C(O1)CN(C)C,1,reported_twosides,0.9820772409439087,0.950549093665801,0.950549093665801,fitted,platt_logistic_regression,0.5092713250521524,1,0.19689528576093296,0.005037783375314861,0.7951301427371956,interaction,1,False,0.4533333333333333,0.603448275862069,0.4533333333333333,False,False,False
CN1C(=C(NC2=CC=CC=N2)O)C(=O)C3=CC=CC=C3S1(=O)=O,CN1CC(=O)N2C(C1=O)CC3=C(C2C4=CC5=C(C=C4)OCO5)NC6=CC=CC=C36,0,unreported_twosides_sampled,0.9983654618263245,0.99173060084316,0.99173060084316,fitted,platt_logistic_regression,0.5092713250521524,1,0.04788848150960849,0.0008396305625524769,0.9403862300587741,interaction,1,False,0.62,0.24050632911392406,0.24050632911392406,False,False,True
CC(=O)OCC(=O)C12C(CC3C1(CC(C4(C3CC(C5=CC(=O)C=CC54C)F)F)O)C)OC(O2)(C)C,CC1CN(CCN1)C2=C(C=C3C(=C2OC)N(C=C(C3=O)C(=O)O)C4CC4)F,0,unreported_twosides_sampled,0.16888964176177979,0.21519102655676434,0.21519102655676434,fitted,platt_logistic_regression,0.5092713250521524,0,0.5207536645117864,0.49370277078085645,0.056255247691015954,no_interaction,1,False,0.8059701492537313,0.7230769230769231,0.7230769230769231,False,False,False
C1CN=C(N1)NC2=C(C=CC=C2Cl)Cl,CCOC(=O)N1CCC(=C2C3=C(CCC4=C2N=CC=C4)C=C(C=C3)Cl)CC1,1,reported_twosides,0.9981371164321899,0.9908736746003746,0.9908736746003746,fitted,platt_logistic_regression,0.5092713250521524,1,0.05194718136851254,0.0008396305625524769,0.9361880772460117,interaction,1,False,0.5853658536585366,0.5892857142857143,0.5853658536585366,False,False,False
C1C(OC(S1)CO)N2C=C(C(=NC2=O)N)F,CN1C=NC(=C1SC2=NC=NC3=C2NC=N3)[N+](=O)[O-],0,unreported_twosides_sampled,0.9964062571525574,0.9850382570490654,0.9850382570490654,fitted,platt_logistic_regression,0.5092713250521524,1,0.07772236971986318,0.0008396305625524769,0.9093198992443325,interaction,1,False,0.6326530612244898,0.25925925925925924,0.25925925925925924,False,False,True
CC1=NN=C(S1)SCC2=C(N3C(C(C3=O)NC(=O)CN4C=NN=N4)SC2)C(=O)[O-],CCCC1(CC(=O)C(=C(O1)O)C(CC)C2=CC(=CC=C2)NS(=O)(=O)C3=NC=C(C=C3)C(F)(F)F)CCC4=CC=CC=C4,0,unreported_twosides_sampled,0.2011750340461731,0.2439760949830326,0.2439760949830326,fitted,platt_logistic_regression,0.5092713250521524,0,0.5556199165280279,0.45591939546599497,0.06968933669185558,no_interaction,1,False,0.4574468085106383,0.2247191011235955,0.2247191011235955,False,False,True
CC1=NN=C2N1C3=C(C=C(C=C3)Cl)C(=NC2)C4=CC=CC=C4,CCOC(=O)N1CCC(=C2C3=C(CCC4=C2N=CC=C4)C=C(C=C3)Cl)CC1,1,reported_twosides,0.26753970980644226,0.2997118936288377,0.2997118936288377,fitted,platt_logistic_regression,0.5092713250521524,0,0.6106199924752473,0.38455079764903444,0.10243492863140219,no_interaction|interaction,2,True,0.7659574468085106,0.5892857142857143,0.5892857142857143,False,False,False
CC1=NN=C(S1)SCC2=C(N3C(C(C3=O)NC(=O)CN4C=NN=N4)SC2)C(=O)[O-],CCCCC(=O)N(CC1=CC=C(C=C1)C2=CC=CC=C2C3=NNN=N3)C(C(C)C)C(=O)O,1,reported_twosides,0.6635883450508118,0.6063248573462114,0.6063248573462114,fitted,platt_logistic_regression,0.5092713250521524,1,0.6703636676090483,0.14777497900923595,0.30058774139378674,no_interaction|interaction,2,True,0.4574468085106383,0.4533333333333333,0.4533333333333333,False,False,False
