source,target,label,label_evidence,raw_prediction_score,calibrated_prediction_score,prediction_score,calibration_status,calibration_method,threshold,predicted_label,predictive_entropy_nats,conformal_no_interaction_p_value,conformal_interaction_p_value,conformal_prediction_set,conformal_prediction_set_size,conformal_abstain,source_nearest_train_tanimoto,target_nearest_train_tanimoto,pair_minimum_nearest_train_tanimoto,source_exactly_seen_in_training,target_exactly_seen_in_training,structural_ood_flag
C1=CC(=C2C(=C1NCCNCCO)C(=O)C3=C(C=CC(=C3C2=O)O)O)NCCNCCO,CC1NC2=CC(=C(C=C2C(=O)N1C3=CC=CC=C3C)S(=O)(=O)N)Cl,0,unreported_twosides_sampled,0.5736851692199707,0.4946165723525948,0.4946165723525948,fitted,platt_logistic_regression,0.42850215989437923,1,0.6930892168535365,0.17296389588581024,0.16540722082283796,no_interaction|interaction,2,True,0.23529411764705882,0.36764705882352944,0.23529411764705882,False,False,True
CC(=O)CCCCN1C(=O)C2=C(N=CN2C)N(C1=O)C,CC(C)C(CC1=CC(=C(C=C1)OC)OCCCOC)CC(C(CC(C(C)C)C(=O)NCC(C)(C)C(=O)N)O)N,0,unreported_twosides_sampled,0.2685520350933075,0.2334675664484694,0.2334675664484694,fitted,platt_logistic_regression,0.42850215989437923,0,0.5434324125562808,0.3786733837111671,0.04869857262804366,no_interaction,1,False,0.2916666666666667,0.28735632183908044,0.28735632183908044,False,False,True
C1=CC(=CC=C1CCC2=CNC3=C2C(=O)N=C(N3)N)C(=O)NC(CCC(=O)O)C(=O)O,CC(=O)CCCCN1C(=O)C2=C(N=CN2C)N(C1=O)C,0,unreported_twosides_sampled,0.3983093202114105,0.3409455036003608,0.3409455036003608,fitted,platt_logistic_regression,0.42850215989437923,0,0.6416606339176467,0.2787573467674223,0.08396305625524769,no_interaction,1,False,0.5,0.2916666666666667,0.2916666666666667,False,False,True
CCCCC1=NC(=C(N1CC2=CC=C(C=C2)C3=CC=CC=C3C4=NNN=N4)CO)Cl,COC1=C(C=C(C=C1)C2=CC3=C(C=C2)C=C(C=C3)C(=O)O)C45CC6CC(C4)CC(C6)C5,0,unreported_twosides_sampled,0.6016550660133362,0.5205463441150899,0.5205463441150899,fitted,platt_logistic_regression,0.42850215989437923,1,0.6923026382696083,0.1570109151973132,0.18052057094878254,no_interaction|interaction,2,True,0.5142857142857142,0.288135593220339,0.288135593220339,False,False,True
C1CN(CCN1CCCN2C(=O)N3C=CC=CC3=N2)C4=CC(=CC=C4)Cl,CC(C)(C)C1=CC=C(C=C1)S(=O)(=O)NC2=C(C(=NC(=N2)C3=NC=CC=N3)OCCO)OC4=CC=CC=C4OC,0,unreported_twosides_sampled,0.2708873748779297,0.23537983926580625,0.23537983926580625,fitted,platt_logistic_regression,0.42850215989437923,0,0.5456955897656258,0.37615449202350965,0.04869857262804366,no_interaction,1,False,0.5522388059701493,0.2878787878787879,0.2878787878787879,False,False,True
CCC1=C(CN(C1=O)C(=O)NCCC2=CC=C(C=C2)S(=O)(=O)NC(=O)NC3CCC(CC3)C)C,C[N+]1(CCCC1)CC2=C(N3C(C(C3=O)NC(=O)C(=NOC)C4=CSC(=N4)N)SC2)C(=O)[O-],1,reported_twosides,0.04139379784464836,0.0425998923151725,0.0425998923151725,fitted,platt_logistic_regression,0.42850215989437923,0,0.17612050207777952,0.6750629722921915,0.010075566750629723,no_interaction,1,False,0.48,0.7631578947368421,0.48,False,False,False
CC(CC1=CC=CC=C1)N(C)CC#C,CC1=CN(C(=O)NC1=O)C2C=CC(O2)CO,0,unreported_twosides_sampled,0.3980725407600403,0.3407460000145494,0.3407460000145494,fitted,platt_logistic_regression,0.42850215989437923,0,0.6415290558070008,0.2787573467674223,0.08396305625524769,no_interaction,1,False,0.42424242424242425,0.5652173913043478,0.42424242424242425,False,False,False
C1C(N(C2=C(N1)NC(=NC2=O)N)C=O)CNC3=CC=C(C=C3)C(=O)NC(CCC(=O)O)C(=O)O,CCOC1=NC2=CC=CC(=C2N1CC3=CC=C(C=C3)C4=CC=CC=C4C5=NNN=N5)C(=O)O,1,reported_twosides,0.9987760186195374,0.9967855017917456,0.9967855017917456,fitted,platt_logistic_regression,0.42850215989437923,1,0.02166081593516151,0.0025188916876574307,0.8933669185558354,interaction,1,False,0.5256410256410257,0.449438202247191,0.449438202247191,False,False,False
C1=NC2=C(N1COC(CO)CO)NC(=NC2=O)N,C1C(C(C(C(C1N)OC2C(C(C(C(O2)CO)O)N)O)O)OC3C(CC(C(O3)CN)O)N)N,0,unreported_twosides_sampled,0.1210266649723053,0.11202325892114749,0.11202325892114749,fitted,platt_logistic_regression,0.42850215989437923,0,0.35072465186578267,0.5465994962216625,0.0218303946263644,no_interaction,1,False,0.7307692307692307,0.7727272727272727,0.7307692307692307,False,False,False
C(C(C(C(C(CO)O)O)O)O)O,CN(C)CC(C1=CC=C(C=C1)O)C2(CCCCC2)O,0,unreported_twosides_sampled,0.5814691781997681,0.5017845162235308,0.5017845162235308,fitted,platt_logistic_regression,0.42850215989437923,1,0.6931408115501198,0.16960537363560033,0.17296389588581024,no_interaction|interaction,2,True,0.2,0.717948717948718,0.2,False,False,True
CC(C)(C)C1=CC=C(C=C1)S(=O)(=O)NC2=C(C(=NC(=N2)C3=NC=CC=N3)OCCO)OC4=CC=CC=C4OC,CCC1=C2CN3C(=CC4=C(C3=O)COC(=O)C4(CC)O)C2=NC5=C1C=C(C=C5)OC(=O)N6CCC(CC6)N7CCCCC7,0,unreported_twosides_sampled,0.18384027481079102,0.1641181018681283,0.1641181018681283,fitted,platt_logistic_regression,0.42850215989437923,0,0.44643597328010287,0.4617968094038623,0.031066330814441646,no_interaction,1,False,0.2878787878787879,0.5164835164835165,0.2878787878787879,False,False,True
CCCCC1=NC(=C(N1CC2=CC=C(C=C2)C3=CC=CC=C3C4=NNN=N4)CO)Cl,CN1CCC23C4C(=O)CCC2(C1CC5=C3C(=C(C=C5)OC)O4)O,1,reported_twosides,0.270498126745224,0.2350610801676748,0.2350610801676748,fitted,platt_logistic_regression,0.42850215989437923,0,0.5453197522359463,0.3778337531486146,0.04869857262804366,no_interaction,1,False,0.5142857142857142,0.609375,0.5142857142857142,False,False,False
CC1=CN(C(=O)NC1=O)C2C=CC(O2)CO,CN(C)CCCN1C2=CC=CC=C2CCC3=C1C=C(C=C3)Cl,0,unreported_twosides_sampled,0.2600879967212677,0.22653974804758287,0.22653974804758287,fitted,platt_logistic_regression,0.42850215989437923,0,0.5350613564790705,0.38455079764903444,0.04534005037783375,no_interaction,1,False,0.5652173913043478,0.7631578947368421,0.5652173913043478,False,False,False
CC(C)(C(=O)O)ON=C(C1=CSC(=N1)N)C(=O)NC2C3N(C2=O)C(=C(CS3)C[N+]4=CC=CC=C4)C(=O)[O-],CC(C1C(=O)NC(CSSCC(C(=O)NC(C(=O)NC(C(=O)NC(C(=O)N1)CCCCN)CC2=CNC3=CC=CC=C32)CC4=CC=CC=C4)NC(=O)C(CC5=CC=CC=C5)N)C(=O)NC(CO)C(C)O)O,1,reported_twosides,0.17653609812259674,0.15811206488967758,0.15811206488967758,fitted,platt_logistic_regression,0.42850215989437923,0,0.43652594987145044,0.4693534844668346,0.030226700251889168,no_interaction,1,False,0.6428571428571429,0.3333333333333333,0.3333333333333333,False,False,True
C1=NC2=C(N1COC(CO)CO)NC(=NC2=O)N,CN(C)CCC=C1C2=CC=CC=C2C=CC3=CC=CC=C31,0,unreported_twosides_sampled,0.07362135499715805,0.07148060721064976,0.07148060721064976,fitted,platt_logistic_regression,0.42850215989437923,0,0.2574520892821494,0.617968094038623,0.01595298068849706,no_interaction,1,False,0.7307692307692307,0.6285714285714286,0.6285714285714286,False,False,False
C1=CC(=CC=C1CCC2=CNC3=C2C(=O)N=C(N3)N)C(=O)NC(CCC(=O)O)C(=O)O,CC(C1=CC(=CC(=C1)C(F)(F)F)C(F)(F)F)OC2C(N(CCO2)CC3=NC(=O)NN3)C4=CC=C(C=C4)F,1,reported_twosides,0.3995001018047333,0.34194906903644406,0.34194906903644406,fitted,platt_logistic_regression,0.42850215989437923,0,0.6423198274042305,0.2779177162048699,0.08396305625524769,no_interaction,1,False,0.5,0.2235294117647059,0.2235294117647059,False,False,True
C1CN(CCN1CCOCCO)C(C2=CC=CC=C2)C3=CC=C(C=C3)Cl,CC(=O)NCC1CN(C(=O)O1)C2=CC(=C(C=C2)N3CCOCC3)F,1,reported_twosides,0.3504399061203003,0.3009141083930173,0.3009141083930173,fitted,platt_logistic_regression,0.42850215989437923,0,0.6116368357829316,0.3157010915197313,0.07220822837951302,no_interaction,1,False,0.7446808510638298,0.23376623376623376,0.23376623376623376,False,False,True
C1CC(OC1CO)N2C=NC3=C2NC=NC3=O,CC1=C(N2C(C(C2=O)NC(=O)C(C3=CC=CC=C3)N)SC1)C(=O)O,1,reported_twosides,0.0895269364118576,0.08526952634351645,0.08526952634351645,fitted,platt_logistic_regression,0.42850215989437923,0,0.29145440400504374,0.5986565910999161,0.018471872376154493,no_interaction,1,False,0.3492063492063492,0.8431372549019608,0.3492063492063492,False,False,True
CC(C)(C)C1=CC=C(C=C1)S(=O)(=O)NC2=C(C(=NC(=N2)C3=NC=CC=N3)OCCO)OC4=CC=CC=C4OC,CCOC1=NC2=CC=CC(=C2N1CC3=CC=C(C=C3)C4=CC=CC=C4C5=NNN=N5)C(=O)O,1,reported_twosides,0.9914542436599731,0.9817253488463653,0.9817253488463653,fitted,platt_logistic_regression,0.42850215989437923,1,0.09124618959606243,0.0033585222502099076,0.7716204869857263,interaction,1,False,0.2878787878787879,0.449438202247191,0.2878787878787879,False,False,True
C1=CC(=C2C(=C1NCCNCCO)C(=O)C3=C(C=CC(=C3C2=O)O)O)NCCNCCO,CCC1=C(CN(C1=O)C(=O)NCCC2=CC=C(C=C2)S(=O)(=O)NC(=O)NC3CCC(CC3)C)C,0,unreported_twosides_sampled,0.37913912534713745,0.32484405144312656,0.32484405144312656,fitted,platt_logistic_regression,0.42850215989437923,0,0.630466992099131,0.2963895885810244,0.08144416456759027,no_interaction,1,False,0.23529411764705882,0.48,0.23529411764705882,False,False,True
CCC(CO)NCCNC(CC)CO,CNC1CCC(C2=CC=CC=C12)C3=CC(=C(C=C3)Cl)Cl,1,reported_twosides,0.20362158119678497,0.18034554853328197,0.18034554853328197,fitted,platt_logistic_regression,0.42850215989437923,0,0.47191705417842067,0.434928631402183,0.033585222502099076,no_interaction,1,False,0.21951219512195122,0.2641509433962264,0.21951219512195122,False,False,True
CCCC1=NC(=C2N1NC(=NC2=O)C3=C(C=CC(=C3)S(=O)(=O)N4CCN(CC4)CC)OCC)C,CCCCC1=NC(=C(N1CC2=CC=C(C=C2)C3=CC=CC=C3C4=NNN=N4)CO)Cl,1,reported_twosides,0.8169283270835876,0.7418859073133118,0.7418859073133118,fitted,platt_logistic_regression,0.42850215989437923,1,0.5710750599810542,0.05373635600335852,0.3501259445843829,interaction,1,False,0.5657894736842105,0.5142857142857142,0.5142857142857142,False,False,False
CC1NC2=CC(=C(C=C2C(=O)N1C3=CC=CC=C3C)S(=O)(=O)N)Cl,CCC1=C(CN(C1=O)C(=O)NCCC2=CC=C(C=C2)S(=O)(=O)NC(=O)NC3CCC(CC3)C)C,1,reported_twosides,0.09091588854789734,0.08646320651523004,0.08646320651523004,fitted,platt_logistic_regression,0.42850215989437923,0,0.29427768744294097,0.5969773299748111,0.018471872376154493,no_interaction,1,False,0.36764705882352944,0.48,0.36764705882352944,False,False,True
C1=CC=C(C(=C1)CC(=O)[O-])NC2=C(C=CC=C2Cl)Cl,C1C(N(C2=C(N1)NC(=NC2=O)N)C=O)CNC3=CC=C(C=C3)C(=O)NC(CCC(=O)O)C(=O)O,1,reported_twosides,0.6735027432441711,0.5896112807969631,0.5896112807969631,fitted,platt_logistic_regression,0.42850215989437923,1,0.6769997147718327,0.11251049538203191,0.22837951301427373,no_interaction|interaction,2,True,0.3111111111111111,0.5256410256410257,0.3111111111111111,False,False,True
CCOC1=NC2=CC=CC(=C2N1CC3=CC=C(C=C3)C4=CC=CC=C4C5=NNN=N5)C(=O)O,COC1=C(C=C(C=C1)C2=CC3=C(C=C2)C=C(C=C3)C(=O)O)C45CC6CC(C4)CC(C6)C5,0,unreported_twosides_sampled,0.47431060671806335,0.40593681242811674,0.40593681242811674,fitted,platt_logistic_regression,0.42850215989437923,0,0.6753455276803002,0.23005877413937867,0.10663308144416457,no_interaction|interaction,2,True,0.449438202247191,0.288135593220339,0.288135593220339,False,False,True
CC1(C(N2C(S1)C(C2=O)NC(=O)C(C3=CC=CC=C3)N)C(=O)[O-])C,CN1CCC23C4C(=O)CCC2(C1CC5=C3C(=C(C=C5)OC)O4)O,0,unreported_twosides_sampled,0.10951637476682663,0.1023167583209616,0.1023167583209616,fitted,platt_logistic_regression,0.42850215989437923,0,0.3301437953152012,0.5642317380352645,0.019311502938706968,no_interaction,1,False,0.7090909090909091,0.609375,0.609375,False,False,False
CC(CC1=CC=CC=C1)N(C)CC#C,CN1CCN(CC1)C2=C3C=CC=CC3=NC4=C(N2)C=C(C=C4)Cl,0,unreported_twosides_sampled,0.7978023886680603,0.7201492588035417,0.7201492588035417,fitted,platt_logistic_regression,0.42850215989437923,1,0.5928122929782974,0.06213266162888329,0.32913518052057095,interaction,1,False,0.42424242424242425,0.5,0.42424242424242425,False,False,False
C1=CC(=C2C(=C1NCCNCCO)C(=O)C3=C(C=CC(=C3C2=O)O)O)NCCNCCO,CCOC1=NC2=CC=CC(=C2N1CC3=CC=C(C=C3)C4=CC=CC=C4C5=NNN=N5)C(=O)O,1,reported_twosides,0.11949333548545837,0.11073414429256498,0.11073414429256498,fitted,platt_logistic_regression,0.42850215989437923,0,0.3480474952661953,0.5491183879093199,0.0218303946263644,no_interaction,1,False,0.23529411764705882,0.449438202247191,0.23529411764705882,False,False,True
C1CN(CCN1CCOCCO)C(C2=CC=CC=C2)C3=CC=C(C=C3)Cl,CCC1=C2CN3C(=CC4=C(C3=O)COC(=O)C4(CC)O)C2=NC5=C1C=C(C=C5)OC(=O)N6CCC(CC6)N7CCCCC7,1,reported_twosides,0.17381909489631653,0.15587552183785622,0.15587552183785622,fitted,platt_logistic_regression,0.42850215989437923,0,0.43276682151330625,0.47103274559193953,0.030226700251889168,no_interaction,1,False,0.7446808510638298,0.5164835164835165,0.5164835164835165,False,False,False
CCOC1=NC2=CC=CC(=C2N1CC3=CC=C(C=C3)C4=CC=CC=C4C5=NNN=N5)C(=O)O,CN1CCN(CC1)C2=C3C=CC=CC3=NC4=C(N2)C=C(C=C4)Cl,0,unreported_twosides_sampled,0.9941977262496948,0.9870578706400757,0.9870578706400757,fitted,platt_logistic_regression,0.42850215989437923,1,0.06912091401087375,0.0033585222502099076,0.8060453400503779,interaction,1,False,0.449438202247191,0.5,0.449438202247191,False,False,False
CN1CCN(CC1)C2=C3C=CC=CC3=NC4=C(N2)C=C(C=C4)Cl,COC1=C(C=C(C=C1)C2=CC3=C(C=C2)C=C(C=C3)C(=O)O)C45CC6CC(C4)CC(C6)C5,0,unreported_twosides_sampled,0.10500285029411316,0.09849050842392887,0.09849050842392887,fitted,platt_logistic_regression,0.42850215989437923,0,0.3217535656537196,0.5717884130982368,0.019311502938706968,no_interaction,1,False,0.5,0.288135593220339,0.288135593220339,False,False,True
CC(C1C(=O)NC(CSSCC(C(=O)NC(C(=O)NC(C(=O)NC(C(=O)N1)CCCCN)CC2=CNC3=CC=CC=C32)CC4=CC=CC=C4)NC(=O)C(CC5=CC=CC=C5)N)C(=O)NC(CO)C(C)O)O,CCOC1=NC2=CC=CC(=C2N1CC3=CC=C(C=C3)C4=CC=CC=C4C5=NNN=N5)C(=O)O,0,unreported_twosides_sampled,0.029944218695163727,0.03185978135276368,0.03185978135276368,fitted,platt_logistic_regression,0.42850215989437923,0,0.14114867685392601,0.7111670864819479,0.008396305625524769,no_interaction,1,False,0.3333333333333333,0.449438202247191,0.3333333333333333,False,False,True
CC(C)C(CC1=CC(=C(C=C1)OC)OCCCOC)CC(C(CC(C(C)C)C(=O)NCC(C)(C)C(=O)N)O)N,CCCC1=NC(=C2N1NC(=NC2=O)C3=C(C=CC(=C3)S(=O)(=O)N4CCN(CC4)CC)OCC)C,0,unreported_twosides_sampled,0.5625119805335999,0.4843899118910065,0.4843899118910065,fitted,platt_logistic_regression,0.42850215989437923,1,0.6926597516576107,0.17800167926112512,0.15869017632241814,no_interaction|interaction,2,True,0.28735632183908044,0.5657894736842105,0.28735632183908044,False,False,True
CCC(C)C(=O)OC1CC(C=C2C1C(C(C=C2)C)CCC(CC(CC(=O)O)O)O)O,COC1=C(C=C(C=C1)C2=CC3=C(C=C2)C=C(C=C3)C(=O)O)C45CC6CC(C4)CC(C6)C5,0,unreported_twosides_sampled,0.3492403030395508,0.2999179632432482,0.2999179632432482,fitted,platt_logistic_regression,0.42850215989437923,0,0.6107947764617101,0.3157010915197313,0.07136859781696053,no_interaction,1,False,0.5466666666666666,0.288135593220339,0.288135593220339,False,False,True
CC(C)(C(=O)O)ON=C(C1=CSC(=N1)N)C(=O)NC2C3N(C2=O)C(=C(CS3)C[N+]4=CC=CC=C4)C(=O)[O-],CC1(OC2CC3C4CC(C5=CC(=O)C=CC5(C4C(CC3(C2(O1)C(=O)CO)C)O)C)F)C,0,unreported_twosides_sampled,0.0892203226685524,0.08500581341474728,0.08500581341474728,fitted,platt_logistic_regression,0.42850215989437923,0,0.29082821649548646,0.5994962216624685,0.018471872376154493,no_interaction,1,False,0.6428571428571429,0.7076923076923077,0.6428571428571429,False,False,False
CC(=O)NCC1CN(C(=O)O1)C2=CC(=C(C=C2)N3CCOCC3)F,CCCCC1=NC(=C(N1CC2=CC=C(C=C2)C3=CC=CC=C3C4=NNN=N4)CO)Cl,1,reported_twosides,0.2542138397693634,0.22173391722095648,0.22173391722095648,fitted,platt_logistic_regression,0.42850215989437923,0,0.5290937784954248,0.3895885810243493,0.04534005037783375,no_interaction,1,False,0.23376623376623376,0.5142857142857142,0.23376623376623376,False,False,True
C1C(N(C2=C(N1)NC(=NC2=O)N)C=O)CNC3=CC=C(C=C3)C(=O)NC(CCC(=O)O)C(=O)O,C1CN(CCN1CCCN2C(=O)N3C=CC=CC3=N2)C4=CC(=CC=C4)Cl,0,unreported_twosides_sampled,0.96247798204422,0.9326123831778539,0.9326123831778539,fitted,platt_logistic_regression,0.42850215989437923,1,0.24682849277561425,0.015113350125944584,0.6238455079764903,interaction,1,False,0.5256410256410257,0.5522388059701493,0.5256410256410257,False,False,False
CC(C)(C(=O)O)ON=C(C1=CSC(=N1)N)C(=O)NC2C3N(C2=O)C(=C(CS3)C[N+]4=CC=CC=C4)C(=O)[O-],CC(C)C(CC1=CC(=C(C=C1)OC)OCCCOC)CC(C(CC(C(C)C)C(=O)NCC(C)(C)C(=O)N)O)N,0,unreported_twosides_sampled,0.052938513457775116,0.05313090866463503,0.05313090866463503,fitted,platt_logistic_regression,0.42850215989437923,0,0.20763280635056428,0.6507136859781696,0.0109151973131822,no_interaction,1,False,0.6428571428571429,0.28735632183908044,0.28735632183908044,False,False,True
CC(C)C(CC1=CC(=C(C=C1)OC)OCCCOC)CC(C(CC(C(C)C)C(=O)NCC(C)(C)C(=O)N)O)N,CCC(CO)NCCNC(CC)CO,0,unreported_twosides_sampled,0.06077450141310692,0.06014991916122516,0.06014991916122516,fitted,platt_logistic_regression,0.42850215989437923,0,0.22737983126883804,0.6381192275398825,0.012594458438287154,no_interaction,1,False,0.28735632183908044,0.21951219512195122,0.21951219512195122,False,False,True
C(C(C(C(C(CO)O)O)O)O)O,C1CC(=O)NC(=O)C1N2C(=O)C3=CC=CC=C3C2=O,0,unreported_twosides_sampled,0.6991075873374939,0.6152148665550444,0.6152148665550444,fitted,platt_logistic_regression,0.42850215989437923,1,0.6663581641130112,0.09907640638119228,0.24265323257766583,interaction,1,False,0.2,0.5454545454545454,0.2,False,False,True
C1C(N(C2=C(N1)NC(=NC2=O)N)C=O)CNC3=CC=C(C=C3)C(=O)NC(CCC(=O)O)C(=O)O,CC(=O)NCC1CN(C(=O)O1)C2=CC(=C(C=C2)N3CCOCC3)F,1,reported_twosides,0.17599771916866302,0.15766900003794226,0.15766900003794226,fitted,platt_logistic_regression,0.42850215989437923,0,0.4357842556007887,0.4693534844668346,0.030226700251889168,no_interaction,1,False,0.5256410256410257,0.23376623376623376,0.23376623376623376,False,False,True
CC(CC1=CC=CC=C1)N(C)CC#C,C[N+]1(CCCC1)CC2=C(N3C(C(C3=O)NC(=O)C(=NOC)C4=CSC(=N4)N)SC2)C(=O)[O-],0,unreported_twosides_sampled,0.018978910520672798,0.021166419355339288,0.021166419355339288,fitted,platt_logistic_regression,0.42850215989437923,0,0.10254454262280013,0.7657430730478589,0.0033585222502099076,no_interaction,1,False,0.42424242424242425,0.7631578947368421,0.42424242424242425,False,False,False
CCC1=C2CN3C(=CC4=C(C3=O)COC(=O)C4(CC)O)C2=NC5=C1C=C(C=C5)OC(=O)N6CCC(CC6)N7CCCCC7,CCCCC1=NC(=C(N1CC2=CC=C(C=C2)C3=CC=CC=C3C4=NNN=N4)CO)Cl,1,reported_twosides,0.04431196302175522,0.04528627979467143,0.04528627979467143,fitted,platt_logistic_regression,0.42850215989437923,0,0.18439478392919206,0.6683459277917716,0.0109151973131822,no_interaction,1,False,0.5164835164835165,0.5142857142857142,0.5142857142857142,False,False,False
C1CN(CCN1CCCN2C(=O)N3C=CC=CC3=N2)C4=CC(=CC=C4)Cl,CC1(OC2CC3C4CC(C5=CC(=O)C=CC5(C4C(CC3(C2(O1)C(=O)CO)C)O)C)F)C,0,unreported_twosides_sampled,0.2342611849308014,0.205416838786748,0.205416838786748,fitted,platt_logistic_regression,0.42850215989437923,0,0.5078206743081721,0.40470193115029385,0.04114189756507137,no_interaction,1,False,0.5522388059701493,0.7076923076923077,0.5522388059701493,False,False,False
C1C(C(C(C(C1N)OC2C(C(C(C(O2)CO)O)N)O)O)OC3C(CC(C(O3)CN)O)N)N,CN1CCC23C4C(=O)CCC2(C1CC5=C3C(=C(C=C5)OC)O4)O,1,reported_twosides,0.07086020708084106,0.06906166064958502,0.06906166064958502,fitted,platt_logistic_regression,0.42850215989437923,0,0.2512049638655247,0.6188077246011755,0.015113350125944584,no_interaction,1,False,0.7727272727272727,0.609375,0.609375,False,False,False
CC1=CN(C(=O)NC1=O)C2C=CC(O2)CO,CNC1CCC(C2=CC=CC=C12)C3=CC(=C(C=C3)Cl)Cl,1,reported_twosides,0.4524883031845093,0.3870641252424347,0.3870641252424347,fitted,platt_logistic_regression,0.42850215989437923,0,0.6674167021637155,0.24181360201511334,0.09991603694374475,no_interaction,1,False,0.5652173913043478,0.2641509433962264,0.2641509433962264,False,False,True
C1CN(CCN1CCOCCO)C(C2=CC=CC=C2)C3=CC=C(C=C3)Cl,CNS(=O)(=O)CC1=CC2=C(C=C1)NC=C2CCN(C)C,1,reported_twosides,0.4543568193912506,0.38867285529139456,0.38867285529139456,fitted,platt_logistic_regression,0.42850215989437923,0,0.6681507354957118,0.24181360201511334,0.10075566750629723,no_interaction|interaction,2,True,0.7446808510638298,0.6538461538461539,0.6538461538461539,False,False,False
C1=NC2=C(N1COC(CO)CO)NC(=NC2=O)N,C1CN(CCN1CCCN2C(=O)N3C=CC=CC3=N2)C4=CC(=CC=C4)Cl,0,unreported_twosides_sampled,0.008450843393802643,0.010245298914944136,0.010245298914944136,fitted,platt_logistic_regression,0.42850215989437923,0,0.057125697600735124,0.8245172124265323,0.0033585222502099076,no_interaction,1,False,0.7307692307692307,0.5522388059701493,0.5522388059701493,False,False,False
CN(C)CCC=C1C2=CC=CC=C2C=CC3=CC=CC=C31,CN1CCC23C4C(=O)CCC2(C1CC5=C3C(=C(C=C5)OC)O4)O,1,reported_twosides,0.0999298095703125,0.09417487487478476,0.09417487487478476,fitted,platt_logistic_regression,0.42850215989437923,0,0.31209200052027236,0.5801847187237615,0.019311502938706968,no_interaction,1,False,0.6285714285714286,0.609375,0.609375,False,False,False
CC(C1C(=O)NC(CSSCC(C(=O)NC(C(=O)NC(C(=O)NC(C(=O)N1)CCCCN)CC2=CNC3=CC=CC=C32)CC4=CC=CC=C4)NC(=O)C(CC5=CC=CC=C5)N)C(=O)NC(CO)C(C)O)O,CN1CCN(CC1)C2=C3C=CC=CC3=NC4=C(N2)C=C(C=C4)Cl,0,unreported_twosides_sampled,0.08980200439691544,0.08550604358946853,0.08550604358946853,fitted,platt_logistic_regression,0.42850215989437923,0,0.29201525674163387,0.5978169605373636,0.018471872376154493,no_interaction,1,False,0.3333333333333333,0.5,0.3333333333333333,False,False,True
CCC(CO)NCCNC(CC)CO,CCC1=C(CN(C1=O)C(=O)NCCC2=CC=C(C=C2)S(=O)(=O)NC(=O)NC3CCC(CC3)C)C,0,unreported_twosides_sampled,0.1866186559200287,0.1664004222048837,0.1664004222048837,fitted,platt_logistic_regression,0.42850215989437923,0,0.45013244963672727,0.45927791771620485,0.031066330814441646,no_interaction,1,False,0.21951219512195122,0.48,0.21951219512195122,False,False,True
CN(C)CCC=C1C2=CC=CC=C2C=CC3=CC=CC=C31,C[N+]1(CCCC1)CC2=C(N3C(C(C3=O)NC(=O)C(=NOC)C4=CSC(=N4)N)SC2)C(=O)[O-],1,reported_twosides,0.111146941781044,0.1036961167287704,0.1036961167287704,fitted,platt_logistic_regression,0.42850215989437923,0,0.33312909184927075,0.5608732157850546,0.019311502938706968,no_interaction,1,False,0.6285714285714286,0.7631578947368421,0.6285714285714286,False,False,False
C1C(N(C2=C(N1)NC(=NC2=O)N)C=O)CNC3=CC=C(C=C3)C(=O)NC(CCC(=O)O)C(=O)O,CC(C1=CC(=CC(=C1)C(F)(F)F)C(F)(F)F)OC2C(N(CCO2)CC3=NC(=O)NN3)C4=CC=C(C=C4)F,1,reported_twosides,0.5369154810905457,0.46122442284784126,0.46122442284784126,fitted,platt_logistic_regression,0.42850215989437923,1,0.6901370683200612,0.19227539882451722,0.1418975650713686,no_interaction|interaction,2,True,0.5256410256410257,0.2235294117647059,0.2235294117647059,False,False,True
CC(C1=CC(=CC(=C1)C(F)(F)F)C(F)(F)F)OC2C(N(CCO2)CC3=NC(=O)NN3)C4=CC=C(C=C4)F,CCC(C)C(=O)OC1CC(C=C2C1C(C(C=C2)C)CCC(CC(CC(=O)O)O)O)O,0,unreported_twosides_sampled,0.3412942588329315,0.2933271825666385,0.2933271825666385,fitted,platt_logistic_regression,0.42850215989437923,0,0.6051039668248209,0.32157850545759864,0.06801007556675064,no_interaction,1,False,0.2235294117647059,0.5466666666666666,0.2235294117647059,False,False,True
C1=CC(=CC=C1CCC2=CNC3=C2C(=O)N=C(N3)N)C(=O)NC(CCC(=O)O)C(=O)O,CCC(C)C(=O)OC1CC(C=C2C1C(C(C=C2)C)CCC(CC(CC(=O)O)O)O)O,1,reported_twosides,0.9870629906654358,0.9735876812659792,0.9735876812659792,fitted,platt_logistic_regression,0.42850215989437923,1,0.12204078030428858,0.005877413937867338,0.7355163727959698,interaction,1,False,0.5,0.5466666666666666,0.5,False,False,False
CC(C1=CC(=CC(=C1)C(F)(F)F)C(F)(F)F)OC2C(N(CCO2)CC3=NC(=O)NN3)C4=CC=C(C=C4)F,CCC(CO)NCCNC(CC)CO,0,unreported_twosides_sampled,0.2342156618833542,0.20537961353136594,0.20537961353136594,fitted,platt_logistic_regression,0.42850215989437923,0,0.5077703126169476,0.40470193115029385,0.04114189756507137,no_interaction,1,False,0.2235294117647059,0.21951219512195122,0.21951219512195122,False,False,True
CNC1CCC(C2=CC=CC=C12)C3=CC(=C(C=C3)Cl)Cl,CNS(=O)(=O)CC1=CC2=C(C=C1)NC=C2CCN(C)C,1,reported_twosides,0.06934966146945953,0.06773475169088063,0.06773475169088063,fitted,platt_logistic_regression,0.42850215989437923,0,0.24773964231552403,0.6230058774139379,0.015113350125944584,no_interaction,1,False,0.2641509433962264,0.6538461538461539,0.2641509433962264,False,False,True
C1CN(CCN1CCOCCO)C(C2=CC=CC=C2)C3=CC=C(C=C3)Cl,CC(C1=CC(=CC(=C1)C(F)(F)F)C(F)(F)F)OC2C(N(CCO2)CC3=NC(=O)NN3)C4=CC=C(C=C4)F,0,unreported_twosides_sampled,0.5766232013702393,0.4973178228345026,0.4973178228345026,fitted,platt_logistic_regression,0.42850215989437923,1,0.693132792342244,0.17296389588581024,0.16540722082283796,no_interaction|interaction,2,True,0.7446808510638298,0.2235294117647059,0.2235294117647059,False,False,True
C(CN)CNCCSP(=O)(O)O,CN(C)CCCN1C2=CC=CC=C2CCC3=C1C=C(C=C3)Cl,0,unreported_twosides_sampled,0.1016179770231247,0.09561284433649388,0.09561284433649388,fitted,platt_logistic_regression,0.42850215989437923,0,0.31533505690409164,0.5768261964735516,0.019311502938706968,no_interaction,1,False,0.3333333333333333,0.7631578947368421,0.3333333333333333,False,False,True
CC1NC2=CC(=C(C=C2C(=O)N1C3=CC=CC=C3C)S(=O)(=O)N)Cl,CCC1=C2CN3C(=CC4=C(C3=O)COC(=O)C4(CC)O)C2=NC5=C1C=C(C=C5)OC(=O)N6CCC(CC6)N7CCCCC7,0,unreported_twosides_sampled,0.012524234130978584,0.014580346671755114,0.014580346671755114,fitted,platt_logistic_regression,0.42850215989437923,0,0.07612041648293055,0.7968094038623006,0.0033585222502099076,no_interaction,1,False,0.36764705882352944,0.5164835164835165,0.36764705882352944,False,False,True
CC1NC2=CC(=C(C=C2C(=O)N1C3=CC=CC=C3C)S(=O)(=O)N)Cl,CCCC1=NC(=C2N1NC(=NC2=O)C3=C(C=CC(=C3)S(=O)(=O)N4CCN(CC4)CC)OCC)C,1,reported_twosides,0.3904970586299896,0.3343715749012602,0.3343715749012602,fitted,platt_logistic_regression,0.42850215989437923,0,0.6372313983889936,0.28967254408060455,0.08228379513014274,no_interaction,1,False,0.36764705882352944,0.5657894736842105,0.36764705882352944,False,False,True
C1CC(OC1CO)N2C=NC3=C2NC=NC3=O,CC(C)(C)C1=CC=C(C=C1)S(=O)(=O)NC2=C(C(=NC(=N2)C3=NC=CC=N3)OCCO)OC4=CC=CC=C4OC,1,reported_twosides,0.45159411430358887,0.38629472238541823,0.38629472238541823,fitted,platt_logistic_regression,0.42850215989437923,0,0.6670617828780143,0.24181360201511334,0.09907640638119228,no_interaction,1,False,0.3492063492063492,0.2878787878787879,0.2878787878787879,False,False,True
C(C(C(C(C(CO)O)O)O)O)O,C1CN1P(=S)(N2CC2)N3CC3,0,unreported_twosides_sampled,0.5833879113197327,0.5035569937441094,0.5035569937441094,fitted,platt_logistic_regression,0.42850215989437923,1,0.693121875937512,0.16540722082283796,0.17296389588581024,no_interaction|interaction,2,True,0.2,0.1111111111111111,0.1111111111111111,False,False,True
C1CN1P(=S)(N2CC2)N3CC3,CC(C1C(=O)NC(CSSCC(C(=O)NC(C(=O)NC(C(=O)NC(C(=O)N1)CCCCN)CC2=CNC3=CC=CC=C32)CC4=CC=CC=C4)NC(=O)C(CC5=CC=CC=C5)N)C(=O)NC(CO)C(C)O)O,0,unreported_twosides_sampled,0.18712081015110016,0.1668127970718735,0.1668127970718735,fitted,platt_logistic_regression,0.42850215989437923,0,0.45079631982382645,0.45843828715365237,0.031066330814441646,no_interaction,1,False,0.1111111111111111,0.3333333333333333,0.1111111111111111,False,False,True
CC(=O)CCCCN1C(=O)C2=C(N=CN2C)N(C1=O)C,CCC1=C(CN(C1=O)C(=O)NCCC2=CC=C(C=C2)S(=O)(=O)NC(=O)NC3CCC(CC3)C)C,1,reported_twosides,0.12925326824188232,0.11892103861326492,0.11892103861326492,fitted,platt_logistic_regression,0.42850215989437923,0,0.36476970961552285,0.5306465155331654,0.0218303946263644,no_interaction,1,False,0.2916666666666667,0.48,0.2916666666666667,False,False,True
C1=NC2=C(N1COC(CO)CO)NC(=NC2=O)N,CN1CCN(CC1)C2=C3C=CC=CC3=NC4=C(N2)C=C(C=C4)Cl,0,unreported_twosides_sampled,0.07376314699649811,0.07160460479126708,0.07160460479126708,fitted,platt_logistic_regression,0.42850215989437923,0,0.2577699237813664,0.617968094038623,0.01595298068849706,no_interaction,1,False,0.7307692307692307,0.5,0.5,False,False,False
C(C(C(C(C(CO)O)O)O)O)O,CN1CCN(CC1)C2=C3C=CC=CC3=NC4=C(N2)C=C(C=C4)Cl,0,unreported_twosides_sampled,0.16247573494911194,0.1465216640479525,0.1465216640479525,fitted,platt_logistic_regression,0.42850215989437923,0,0.416627810526799,0.4903442485306465,0.027707808564231738,no_interaction,1,False,0.2,0.5,0.2,False,False,True
CC1(C(N2C(S1)C(C2=O)NC(=O)C(C3=CC=CC=C3)N)C(=O)[O-])C,CCC1=C2CN3C(=CC4=C(C3=O)COC(=O)C4(CC)O)C2=NC5=C1C=C(C=C5)OC(=O)N6CCC(CC6)N7CCCCC7,0,unreported_twosides_sampled,0.03492329642176628,0.03657348702333212,0.03657348702333212,fitted,platt_logistic_regression,0.42850215989437923,0,0.15689725484338626,0.6994122586062133,0.008396305625524769,no_interaction,1,False,0.7090909090909091,0.5164835164835165,0.5164835164835165,False,False,False
CN(C)CC(C1=CC=C(C=C1)O)C2(CCCCC2)O,CN(C)NN=C1C(=NC=N1)C(=O)N,0,unreported_twosides_sampled,0.7653136849403381,0.6843703101353382,0.6843703101353382,fitted,platt_logistic_regression,0.42850215989437923,1,0.6235312472481132,0.07724601175482787,0.30142737195633923,interaction,1,False,0.717948717948718,0.24390243902439024,0.24390243902439024,False,False,True
C1=CC=C(C(=C1)CC(=O)[O-])NC2=C(C=CC=C2Cl)Cl,CN(C)NN=C1C(=NC=N1)C(=O)N,1,reported_twosides,0.5762465000152588,0.49697119420556374,0.49697119420556374,fitted,platt_logistic_regression,0.42850215989437923,1,0.6931288331186547,0.17296389588581024,0.16540722082283796,no_interaction|interaction,2,True,0.3111111111111111,0.24390243902439024,0.24390243902439024,False,False,True
C1C(C(C(C(C1N)OC2C(C(C(C(O2)CO)O)N)O)O)OC3C(CC(C(O3)CN)O)N)N,CCC1=C2CN3C(=CC4=C(C3=O)COC(=O)C4(CC)O)C2=NC5=C1C=C(C=C5)OC(=O)N6CCC(CC6)N7CCCCC7,1,reported_twosides,0.006113667972385883,0.007662715803817617,0.007662715803817617,fitted,platt_logistic_regression,0.42850215989437923,0,0.04496134997485148,0.8471872376154492,0.0033585222502099076,no_interaction,1,False,0.7727272727272727,0.5164835164835165,0.5164835164835165,False,False,False
CC(C1C(=O)NC(CSSCC(C(=O)NC(C(=O)NC(C(=O)NC(C(=O)N1)CCCCN)CC2=CNC3=CC=CC=C32)CC4=CC=CC=C4)NC(=O)C(CC5=CC=CC=C5)N)C(=O)NC(CO)C(C)O)O,CCC(C)C(=O)OC1CC(C=C2C1C(C(C=C2)C)CCC(CC(CC(=O)O)O)O)O,0,unreported_twosides_sampled,0.04799451306462288,0.04865171142725723,0.04865171142725723,fitted,platt_logistic_regression,0.42850215989437923,0,0.1945259891272423,0.6599496221662469,0.0109151973131822,no_interaction,1,False,0.3333333333333333,0.5466666666666666,0.3333333333333333,False,False,True
C1CN(CCN1CCOCCO)C(C2=CC=CC=C2)C3=CC=C(C=C3)Cl,CC(C)(C(=O)O)ON=C(C1=CSC(=N1)N)C(=O)NC2C3N(C2=O)C(=C(CS3)C[N+]4=CC=CC=C4)C(=O)[O-],1,reported_twosides,0.2511006295681,0.21918744872603352,0.21918744872603352,fitted,platt_logistic_regression,0.42850215989437923,0,0.5258776171284252,0.39126784214945426,0.04450041981528128,no_interaction,1,False,0.7446808510638298,0.6428571428571429,0.6428571428571429,False,False,False
C1=CC=C(C(=C1)CC(=O)[O-])NC2=C(C=CC=C2Cl)Cl,C1=NC2=C(N1COC(CO)CO)NC(=NC2=O)N,1,reported_twosides,0.16485491394996643,0.14848592315420356,0.14848592315420356,fitted,platt_logistic_regression,0.42850215989437923,0,0.42007375355382426,0.48614609571788414,0.028547439126784216,no_interaction,1,False,0.3111111111111111,0.7307692307692307,0.3111111111111111,False,False,True
CN(C)NN=C1C(=NC=N1)C(=O)N,CNC1CCC(C2=CC=CC=C12)C3=CC(=C(C=C3)Cl)Cl,0,unreported_twosides_sampled,0.17945146560668945,0.16051038953029567,0.16051038953029567,fitted,platt_logistic_regression,0.42850215989437923,0,0.4405152533706637,0.4659949622166247,0.031066330814441646,no_interaction,1,False,0.24390243902439024,0.2641509433962264,0.24390243902439024,False,False,True
C1CN(CCN1CCOCCO)C(C2=CC=CC=C2)C3=CC=C(C=C3)Cl,CC(C)C(CC1=CC(=C(C=C1)OC)OCCCOC)CC(C(CC(C(C)C)C(=O)NCC(C)(C)C(=O)N)O)N,0,unreported_twosides_sampled,0.99014812707901,0.9792612318485383,0.9792612318485383,fitted,platt_logistic_regression,0.42850215989437923,1,0.10090050814509206,0.0033585222502099076,0.7682619647355163,interaction,1,False,0.7446808510638298,0.28735632183908044,0.28735632183908044,False,False,True
C1CC(OC1CO)N2C=NC3=C2NC=NC3=O,CCC(CO)NCCNC(CC)CO,1,reported_twosides,0.3148847222328186,0.2715077359726311,0.2715077359726311,fitted,platt_logistic_regression,0.42850215989437923,0,0.5847527083176745,0.3333333333333333,0.05961376994122586,no_interaction,1,False,0.3492063492063492,0.21951219512195122,0.21951219512195122,False,False,True
CC(C1C(=O)NC(CSSCC(C(=O)NC(C(=O)NC(C(=O)NC(C(=O)N1)CCCCN)CC2=CNC3=CC=CC=C32)CC4=CC=CC=C4)NC(=O)C(CC5=CC=CC=C5)N)C(=O)NC(CO)C(C)O)O,CCC1=C2CN3C(=CC4=C(C3=O)COC(=O)C4(CC)O)C2=NC5=C1C=C(C=C5)OC(=O)N6CCC(CC6)N7CCCCC7,1,reported_twosides,0.13780906796455383,0.12606467281500994,0.12606467281500994,fitted,platt_logistic_regression,0.42850215989437923,0,0.37883674960488256,0.5222502099076406,0.022670025188916875,no_interaction,1,False,0.3333333333333333,0.5164835164835165,0.3333333333333333,False,False,True
CC(C1C(=O)NC(CSSCC(C(=O)NC(C(=O)NC(C(=O)NC(C(=O)N1)CCCCN)CC2=CNC3=CC=CC=C32)CC4=CC=CC=C4)NC(=O)C(CC5=CC=CC=C5)N)C(=O)NC(CO)C(C)O)O,CCCCC1=NC(=C(N1CC2=CC=C(C=C2)C3=CC=CC=C3C4=NNN=N4)CO)Cl,1,reported_twosides,0.08689794689416885,0.08300590687841122,0.08300590687841122,fitted,platt_logistic_regression,0.42850215989437923,0,0.28605014614491314,0.6011754827875735,0.017632241813602016,no_interaction,1,False,0.3333333333333333,0.5142857142857142,0.3333333333333333,False,False,True
CC1(OC2CC3C4CC(C5=CC(=O)C=CC5(C4C(CC3(C2(O1)C(=O)CO)C)O)C)F)C,CCC1=C(CN(C1=O)C(=O)NCCC2=CC=C(C=C2)S(=O)(=O)NC(=O)NC3CCC(CC3)C)C,0,unreported_twosides_sampled,0.059660810977220535,0.05915782292651968,0.05915782292651968,fitted,platt_logistic_regression,0.42850215989437923,0,0.22464392702040592,0.6397984886649875,0.012594458438287154,no_interaction,1,False,0.7076923076923077,0.48,0.48,False,False,False
C1=CC(=C2C(=C1NCCNCCO)C(=O)C3=C(C=CC(=C3C2=O)O)O)NCCNCCO,C1CC(=O)NC(=O)C1N2C(=O)C3=CC=CC=C3C2=O,1,reported_twosides,0.3518410921096802,0.30207803763894814,0.30207803763894814,fitted,platt_logistic_regression,0.42850215989437923,0,0.6126147508788247,0.3157010915197313,0.07304785894206549,no_interaction,1,False,0.23529411764705882,0.5454545454545454,0.23529411764705882,False,False,True
C1=CC(=C2C(=C1NCCNCCO)C(=O)C3=C(C=CC(=C3C2=O)O)O)NCCNCCO,C1=CC=C(C(=C1)CC(=O)[O-])NC2=C(C=CC=C2Cl)Cl,0,unreported_twosides_sampled,0.5193694233894348,0.4455429804786913,0.4455429804786913,fitted,platt_logistic_regression,0.42850215989437923,1,0.6872042644974695,0.20235096557514692,0.12846347607052896,no_interaction|interaction,2,True,0.23529411764705882,0.3111111111111111,0.23529411764705882,False,False,True
C1=CC(=C2C(=C1NCCNCCO)C(=O)C3=C(C=CC(=C3C2=O)O)O)NCCNCCO,CC1=C(N2C(C(C2=O)NC(=O)C(C3=CC=CC=C3)N)SC1)C(=O)O,0,unreported_twosides_sampled,0.150389164686203,0.13652058868302117,0.13652058868302117,fitted,platt_logistic_regression,0.42850215989437923,0,0.3985967160327245,0.5071368597816961,0.02518891687657431,no_interaction,1,False,0.23529411764705882,0.8431372549019608,0.23529411764705882,False,False,True
C1CN1P(=S)(N2CC2)N3CC3,CN1CCC23C4C(=O)CCC2(C1CC5=C3C(=C(C=C5)OC)O4)O,0,unreported_twosides_sampled,0.07796624302864075,0.0752708268940228,0.0752708268940228,fitted,platt_logistic_regression,0.42850215989437923,0,0.26706433515202677,0.6129303106633082,0.016792611251049538,no_interaction,1,False,0.1111111111111111,0.609375,0.1111111111111111,False,False,True
C1CN(CCN1CCOCCO)C(C2=CC=CC=C2)C3=CC=C(C=C3)Cl,CN(C)CCC=C1C2=CC=CC=C2C=CC3=CC=CC=C31,1,reported_twosides,0.9933111667633057,0.985308043422984,0.985308043422984,fitted,platt_logistic_regression,0.42850215989437923,1,0.07659024047491399,0.0033585222502099076,0.7968094038623006,interaction,1,False,0.7446808510638298,0.6285714285714286,0.6285714285714286,False,False,False
CN1CCC23C4C(=O)CCC2(C1CC5=C3C(=C(C=C5)OC)O4)O,C[N+]1(CCCC1)CC2=C(N3C(C(C3=O)NC(=O)C(=NOC)C4=CSC(=N4)N)SC2)C(=O)[O-],1,reported_twosides,0.08738533407449722,0.08342598553358709,0.08342598553358709,fitted,platt_logistic_regression,0.42850215989437923,0,0.2870580971590861,0.600335852225021,0.017632241813602016,no_interaction,1,False,0.609375,0.7631578947368421,0.609375,False,False,False
C1C(C(C(C(C1N)OC2C(C(C(C(O2)CO)O)N)O)O)OC3C(CC(C(O3)CN)O)N)N,CN(C)CCCN1C2=CC=CC=C2CCC3=C1C=C(C=C3)Cl,0,unreported_twosides_sampled,0.016795668751001358,0.01896951121448315,0.01896951121448315,fitted,platt_logistic_regression,0.42850215989437923,0,0.09400107875548039,0.7707808564231738,0.0033585222502099076,no_interaction,1,False,0.7727272727272727,0.7631578947368421,0.7631578947368421,False,False,False
C1=CC(=CC=C1CCC2=CNC3=C2C(=O)N=C(N3)N)C(=O)NC(CCC(=O)O)C(=O)O,CC1=CN(C(=O)NC1=O)C2C=CC(O2)CO,0,unreported_twosides_sampled,0.6819359064102173,0.5979809097321889,0.5979809097321889,fitted,platt_logistic_regression,0.42850215989437923,1,0.6738218492203003,0.10663308144416457,0.23173803526448364,no_interaction|interaction,2,True,0.5,0.5652173913043478,0.5,False,False,False
CCCCC1=NC(=C(N1CC2=CC=C(C=C2)C3=CC=CC=C3C4=NNN=N4)CO)Cl,CNC1CCC(C2=CC=CC=C12)C3=CC(=C(C=C3)Cl)Cl,1,reported_twosides,0.17693747580051422,0.15844234839447371,0.15844234839447371,fitted,platt_logistic_regression,0.42850215989437923,0,0.4370778876082937,0.46851385390428213,0.030226700251889168,no_interaction,1,False,0.5142857142857142,0.2641509433962264,0.2641509433962264,False,False,True
CC(C)(C(=O)O)ON=C(C1=CSC(=N1)N)C(=O)NC2C3N(C2=O)C(=C(CS3)C[N+]4=CC=CC=C4)C(=O)[O-],CC1(C(N2C(S1)C(C2=O)NC(=O)C(C3=CC=CC=C3)N)C(=O)[O-])C,1,reported_twosides,0.5346747636795044,0.45921314194715673,0.45921314194715673,fitted,platt_logistic_regression,0.42850215989437923,1,0.6898163451798662,0.19311502938706968,0.1385390428211587,no_interaction|interaction,2,True,0.6428571428571429,0.7090909090909091,0.6428571428571429,False,False,False
CC(C)(C(=O)O)ON=C(C1=CSC(=N1)N)C(=O)NC2C3N(C2=O)C(=C(CS3)C[N+]4=CC=CC=C4)C(=O)[O-],CCOC1=NC2=CC=CC(=C2N1CC3=CC=C(C=C3)C4=CC=CC=C4C5=NNN=N5)C(=O)O,1,reported_twosides,0.04368240386247635,0.044708241752617145,0.044708241752617145,fitted,platt_logistic_regression,0.42850215989437923,0,0.18262880866217934,0.6683459277917716,0.0109151973131822,no_interaction,1,False,0.6428571428571429,0.449438202247191,0.449438202247191,False,False,False
CN(C)CCC=C1C2=CC=CC=C2C=CC3=CC=CC=C31,CN(C)CCCN1C2=CC=CC=C2CCC3=C1C=C(C=C3)Cl,0,unreported_twosides_sampled,0.6246432065963745,0.5422363357226311,0.5422363357226311,fitted,platt_logistic_regression,0.42850215989437923,1,0.6895751091880687,0.1376994122586062,0.19311502938706968,no_interaction|interaction,2,True,0.6285714285714286,0.7631578947368421,0.6285714285714286,False,False,False
CC(C)(C(=O)O)ON=C(C1=CSC(=N1)N)C(=O)NC2C3N(C2=O)C(=C(CS3)C[N+]4=CC=CC=C4)C(=O)[O-],CNS(=O)(=O)CC1=CC2=C(C=C1)NC=C2CCN(C)C,0,unreported_twosides_sampled,0.013957043178379536,0.0160677525292391,0.0160677525292391,fitted,platt_logistic_regression,0.42850215989437923,0,0.08231290633282087,0.7892527287993283,0.0033585222502099076,no_interaction,1,False,0.6428571428571429,0.6538461538461539,0.6428571428571429,False,False,False
CC1(OC2CC3C4CC(C5=CC(=O)C=CC5(C4C(CC3(C2(O1)C(=O)CO)C)O)C)F)C,CN1CCN(CC1)C2=C3C=CC=CC3=NC4=C(N2)C=C(C=C4)Cl,0,unreported_twosides_sampled,0.4928106963634491,0.4220887058421399,0.4220887058421399,fitted,platt_logistic_regression,0.42850215989437923,0,0.6809572283051682,0.22082283795130142,0.11838790931989925,no_interaction|interaction,2,True,0.7076923076923077,0.5,0.5,False,False,False
CC(C)(C)C1=CC=C(C=C1)S(=O)(=O)NC2=C(C(=NC(=N2)C3=NC=CC=N3)OCCO)OC4=CC=CC=C4OC,CC(C)C(CC1=CC(=C(C=C1)OC)OCCCOC)CC(C(CC(C(C)C)C(=O)NCC(C)(C)C(=O)N)O)N,0,unreported_twosides_sampled,0.7736279964447021,0.693398537716799,0.693398537716799,fitted,platt_logistic_regression,0.42850215989437923,1,0.6163543753264284,0.07388748950461797,0.30982367758186397,interaction,1,False,0.2878787878787879,0.28735632183908044,0.28735632183908044,False,False,True
C(C(C(C(C(CO)O)O)O)O)O,C1=NC2=C(N1COC(CO)CO)NC(=NC2=O)N,1,reported_twosides,0.6625237464904785,0.5788038444260112,0.5788038444260112,fitted,platt_logistic_regression,0.42850215989437923,1,0.6806751513930588,0.11838790931989925,0.2216624685138539,no_interaction|interaction,2,True,0.2,0.7307692307692307,0.2,False,False,True
CN1CCC23C4C(=O)CCC2(C1CC5=C3C(=C(C=C5)OC)O4)O,COC1=C(C=C(C=C1)C2=CC3=C(C=C2)C=C(C=C3)C(=O)O)C45CC6CC(C4)CC(C6)C5,1,reported_twosides,0.1536100208759308,0.1391895967946784,0.1391895967946784,fitted,platt_logistic_regression,0.42850215989437923,0,0.4034896364562719,0.5004198152812762,0.02686817800167926,no_interaction,1,False,0.609375,0.288135593220339,0.288135593220339,False,False,True
CC1(OC2CC3C4CC(C5=CC(=O)C=CC5(C4C(CC3(C2(O1)C(=O)CO)C)O)C)F)C,CNC1CCC(C2=CC=CC=C12)C3=CC(=C(C=C3)Cl)Cl,1,reported_twosides,0.05578521266579628,0.0556915155055347,0.0556915155055347,fitted,platt_logistic_regression,0.42850215989437923,0,0.2149441827038168,0.6448362720403022,0.012594458438287154,no_interaction,1,False,0.7076923076923077,0.2641509433962264,0.2641509433962264,False,False,True
C1=CC(=CC=C1CCC2=CNC3=C2C(=O)N=C(N3)N)C(=O)NC(CCC(=O)O)C(=O)O,CCCCC1=NC(=C(N1CC2=CC=C(C=C2)C3=CC=CC=C3C4=NNN=N4)CO)Cl,1,reported_twosides,0.9904634356498718,0.9798523207062102,0.9798523207062102,fitted,platt_logistic_regression,0.42850215989437923,1,0.09861329953293194,0.0033585222502099076,0.7691015952980689,interaction,1,False,0.5,0.5142857142857142,0.5,False,False,False
C1=CC(=C2C(=C1NCCNCCO)C(=O)C3=C(C=CC(=C3C2=O)O)O)NCCNCCO,CN(C)CCC=C1C2=CC=CC=C2C=CC3=CC=CC=C31,1,reported_twosides,0.24009868502616882,0.21019022246282237,0.21019022246282237,fitted,platt_logistic_regression,0.42850215989437923,0,0.5142085921614262,0.40218303946263645,0.041981528127623846,no_interaction,1,False,0.23529411764705882,0.6285714285714286,0.23529411764705882,False,False,True
CC1(C(N2C(S1)C(C2=O)NC(=O)C(C3=CC=CC=C3)N)C(=O)[O-])C,CCC1=C(CN(C1=O)C(=O)NCCC2=CC=C(C=C2)S(=O)(=O)NC(=O)NC3CCC(CC3)C)C,0,unreported_twosides_sampled,0.6104695796966553,0.5288209943347104,0.5288209943347104,fitted,platt_logistic_regression,0.42850215989437923,1,0.6914849599342717,0.1486146095717884,0.1847187237615449,no_interaction|interaction,2,True,0.7090909090909091,0.48,0.48,False,False,False
CC1=C(N2C(C(C2=O)NC(=O)C(C3=CC=CC=C3)N)SC1)C(=O)O,CCCC1=NC(=C2N1NC(=NC2=O)C3=C(C=CC(=C3)S(=O)(=O)N4CCN(CC4)CC)OCC)C,1,reported_twosides,0.10143665969371796,0.0954584894538265,0.0954584894538265,fitted,platt_logistic_regression,0.42850215989437923,0,0.314988091311285,0.5768261964735516,0.019311502938706968,no_interaction,1,False,0.8431372549019608,0.5657894736842105,0.5657894736842105,False,False,False
CC(CC1=CC=CC=C1)N(C)CC#C,CC1=C(N2C(C(C2=O)NC(=O)C(C3=CC=CC=C3)N)SC1)C(=O)O,0,unreported_twosides_sampled,0.2052910476922989,0.1817130963316959,0.1817130963316959,fitted,platt_logistic_regression,0.42850215989437923,0,0.47398121923070746,0.4332493702770781,0.033585222502099076,no_interaction,1,False,0.42424242424242425,0.8431372549019608,0.42424242424242425,False,False,False
CC(C)(C(=O)O)ON=C(C1=CSC(=N1)N)C(=O)NC2C3N(C2=O)C(=C(CS3)C[N+]4=CC=CC=C4)C(=O)[O-],CCCCC1=NC(=C(N1CC2=CC=C(C=C2)C3=CC=CC=C3C4=NNN=N4)CO)Cl,0,unreported_twosides_sampled,0.08932488411664963,0.08509575326305092,0.08509575326305092,fitted,platt_logistic_regression,0.42850215989437923,0,0.2910418794050977,0.5994962216624685,0.018471872376154493,no_interaction,1,False,0.6428571428571429,0.5142857142857142,0.5142857142857142,False,False,False
C1C(C(C(C(C1N)OC2C(C(C(C(O2)CO)O)N)O)O)OC3C(CC(C(O3)CN)O)N)N,CC(CC1=CC=CC=C1)N(C)CC#C,0,unreported_twosides_sampled,0.015352750197052956,0.017501453824849574,0.017501453824849574,fitted,platt_logistic_regression,0.42850215989437923,0,0.08814903163683276,0.7791771620486986,0.0033585222502099076,no_interaction,1,False,0.7727272727272727,0.42424242424242425,0.42424242424242425,False,False,False
CCC(C)C(=O)OC1CC(C=C2C1C(C(C=C2)C)CCC(CC(CC(=O)O)O)O)O,C[N+]1(CCCC1)CC2=C(N3C(C(C3=O)NC(=O)C(=NOC)C4=CSC(=N4)N)SC2)C(=O)[O-],1,reported_twosides,0.15665942430496216,0.14171382939637356,0.14171382939637356,fitted,platt_logistic_regression,0.42850215989437923,0,0.4080624260602733,0.4979009235936188,0.027707808564231738,no_interaction,1,False,0.5466666666666666,0.7631578947368421,0.5466666666666666,False,False,False
CC(=O)CCCCN1C(=O)C2=C(N=CN2C)N(C1=O)C,CC1(OC2CC3C4CC(C5=CC(=O)C=CC5(C4C(CC3(C2(O1)C(=O)CO)C)O)C)F)C,0,unreported_twosides_sampled,0.06285089999437332,0.061995106405569614,0.061995106405569614,fitted,platt_logistic_regression,0.42850215989437923,0,0.23242220072081607,0.6347607052896725,0.012594458438287154,no_interaction,1,False,0.2916666666666667,0.7076923076923077,0.2916666666666667,False,False,True
C1CN(CCN1CCOCCO)C(C2=CC=CC=C2)C3=CC=C(C=C3)Cl,CCCC1=NC(=C2N1NC(=NC2=O)C3=C(C=CC(=C3)S(=O)(=O)N4CCN(CC4)CC)OCC)C,1,reported_twosides,0.954208254814148,0.9198842305336424,0.9198842305336424,fitted,platt_logistic_regression,0.42850215989437923,1,0.2790520299715403,0.017632241813602016,0.6053736356003359,interaction,1,False,0.7446808510638298,0.5657894736842105,0.5657894736842105,False,False,False
CC(C1C(=O)NC(CSSCC(C(=O)NC(C(=O)NC(C(=O)NC(C(=O)N1)CCCCN)CC2=CNC3=CC=CC=C32)CC4=CC=CC=C4)NC(=O)C(CC5=CC=CC=C5)N)C(=O)NC(CO)C(C)O)O,CCC(CO)NCCNC(CC)CO,0,unreported_twosides_sampled,0.195416659116745,0.17362046757331587,0.17362046757331587,fitted,platt_logistic_regression,0.42850215989437923,0,0.46158073584996573,0.4475230898404702,0.03190596137699412,no_interaction,1,False,0.3333333333333333,0.21951219512195122,0.21951219512195122,False,False,True
C1=CC(=C2C(=C1NCCNCCO)C(=O)C3=C(C=CC(=C3C2=O)O)O)NCCNCCO,C1CN(CCN1CCOCCO)C(C2=CC=CC=C2)C3=CC=C(C=C3)Cl,0,unreported_twosides_sampled,0.46049290895462036,0.39396516335632664,0.39396516335632664,fitted,platt_logistic_regression,0.42850215989437923,0,0.6704887484312774,0.235936188077246,0.10411418975650713,no_interaction|interaction,2,True,0.23529411764705882,0.7446808510638298,0.23529411764705882,False,False,True
CC(C)(C(=O)O)ON=C(C1=CSC(=N1)N)C(=O)NC2C3N(C2=O)C(=C(CS3)C[N+]4=CC=CC=C4)C(=O)[O-],CCC1=C(CN(C1=O)C(=O)NCCC2=CC=C(C=C2)S(=O)(=O)NC(=O)NC3CCC(CC3)C)C,0,unreported_twosides_sampled,0.01575150340795517,0.017908530132858758,0.017908530132858758,fitted,platt_logistic_regression,0.42850215989437923,0,0.08978387739102636,0.7766582703610412,0.0033585222502099076,no_interaction,1,False,0.6428571428571429,0.48,0.48,False,False,False
CC(CC1=CC=CC=C1)N(C)CC#C,CN(C)CCC=C1C2=CC=CC=C2C=CC3=CC=CC=C31,0,unreported_twosides_sampled,0.6792093515396118,0.5952682785342959,0.5952682785342959,fitted,platt_logistic_regression,0.42850215989437923,1,0.6748836312882631,0.10663308144416457,0.23089840470193115,no_interaction|interaction,2,True,0.42424242424242425,0.6285714285714286,0.42424242424242425,False,False,False
C1=CC(=CC=C1CCC2=CNC3=C2C(=O)N=C(N3)N)C(=O)NC(CCC(=O)O)C(=O)O,C1C(C(C(C(C1N)OC2C(C(C(C(O2)CO)O)N)O)O)OC3C(CC(C(O3)CN)O)N)N,0,unreported_twosides_sampled,0.11017085611820221,0.10287059013730052,0.10287059013730052,fitted,platt_logistic_regression,0.42850215989437923,0,0.3313449090198972,0.5625524769101595,0.019311502938706968,no_interaction,1,False,0.5,0.7727272727272727,0.5,False,False,False
C1=CC(=C2C(=C1NCCNCCO)C(=O)C3=C(C=CC(=C3C2=O)O)O)NCCNCCO,CNS(=O)(=O)CC1=CC2=C(C=C1)NC=C2CCN(C)C,1,reported_twosides,0.009182927198708057,0.01103801018267698,0.01103801018267698,fitted,platt_logistic_regression,0.42850215989437923,0,0.06071867085408145,0.818639798488665,0.0033585222502099076,no_interaction,1,False,0.23529411764705882,0.6538461538461539,0.23529411764705882,False,False,True
CCCCC1=NC(=C(N1CC2=CC=C(C=C2)C3=CC=CC=C3C4=NNN=N4)CO)Cl,CCOC1=NC2=CC=CC(=C2N1CC3=CC=C(C=C3)C4=CC=CC=C4C5=NNN=N5)C(=O)O,1,reported_twosides,0.9977103471755981,0.9943647398179792,0.9943647398179792,fitted,platt_logistic_regression,0.42850215989437923,1,0.03480274149601352,0.0025188916876574307,0.8648194794290512,interaction,1,False,0.5142857142857142,0.449438202247191,0.449438202247191,False,False,False
C1C(N(C2=C(N1)NC(=NC2=O)N)C=O)CNC3=CC=C(C=C3)C(=O)NC(CCC(=O)O)C(=O)O,CCCC1=NC(=C2N1NC(=NC2=O)C3=C(C=CC(=C3)S(=O)(=O)N4CCN(CC4)CC)OCC)C,0,unreported_twosides_sampled,0.830249547958374,0.7573535793471912,0.7573535793471912,fitted,platt_logistic_regression,0.42850215989437923,1,0.554111252619721,0.05037783375314862,0.3711167086481948,interaction,1,False,0.5256410256410257,0.5657894736842105,0.5256410256410257,False,False,False
CCCC1=NC(=C2N1NC(=NC2=O)C3=C(C=CC(=C3)S(=O)(=O)N4CCN(CC4)CC)OCC)C,CNS(=O)(=O)CC1=CC2=C(C=C1)NC=C2CCN(C)C,0,unreported_twosides_sampled,0.0376422293484211,0.03911833846041526,0.03911833846041526,fitted,platt_logistic_regression,0.42850215989437923,0,0.1651319863920329,0.6926952141057935,0.010075566750629723,no_interaction,1,False,0.5657894736842105,0.6538461538461539,0.5657894736842105,False,False,False
CN(C)CCCN1C2=CC=CC=C2CCC3=C1C=C(C=C3)Cl,CN1CCC23C4C(=O)CCC2(C1CC5=C3C(=C(C=C5)OC)O4)O,1,reported_twosides,0.007009710650891066,0.008663183692084075,0.008663183692084075,fitted,platt_logistic_regression,0.42850215989437923,0,0.04976417590542155,0.8413098236775819,0.0033585222502099076,no_interaction,1,False,0.7631578947368421,0.609375,0.609375,False,False,False
CC(C1C(=O)NC(CSSCC(C(=O)NC(C(=O)NC(C(=O)NC(C(=O)N1)CCCCN)CC2=CNC3=CC=CC=C32)CC4=CC=CC=C4)NC(=O)C(CC5=CC=CC=C5)N)C(=O)NC(CO)C(C)O)O,CCCC1=NC(=C2N1NC(=NC2=O)C3=C(C=CC(=C3)S(=O)(=O)N4CCN(CC4)CC)OCC)C,0,unreported_twosides_sampled,0.205540731549263,0.18191760432169077,0.18191760432169077,fitted,platt_logistic_regression,0.42850215989437923,0,0.4742888189787788,0.4332493702770781,0.033585222502099076,no_interaction,1,False,0.3333333333333333,0.5657894736842105,0.3333333333333333,False,False,True
CC1(C(N2C(S1)C(C2=O)NC(=O)C(C3=CC=CC=C3)N)C(=O)[O-])C,CN(C)CCC=C1C2=CC=CC=C2C=CC3=CC=CC=C31,0,unreported_twosides_sampled,0.8136753439903259,0.7381508151894023,0.7381508151894023,fitted,platt_logistic_regression,0.42850215989437923,1,0.5749822335096296,0.05793450881612091,0.34760705289672544,interaction,1,False,0.7090909090909091,0.6285714285714286,0.6285714285714286,False,False,False
C1C(C(C(C(C1N)OC2C(C(C(C(O2)CO)O)N)O)O)OC3C(CC(C(O3)CN)O)N)N,CC(C1C(=O)NC(CSSCC(C(=O)NC(C(=O)NC(C(=O)NC(C(=O)N1)CCCCN)CC2=CNC3=CC=CC=C32)CC4=CC=CC=C4)NC(=O)C(CC5=CC=CC=C5)N)C(=O)NC(CO)C(C)O)O,1,reported_twosides,0.03630334138870239,0.03786756684405331,0.03786756684405331,fitted,platt_logistic_regression,0.42850215989437923,0,0.1611069149712666,0.6985726280436608,0.008396305625524769,no_interaction,1,False,0.7727272727272727,0.3333333333333333,0.3333333333333333,False,False,True
C1C(N(C2=C(N1)NC(=NC2=O)N)C=O)CNC3=CC=C(C=C3)C(=O)NC(CCC(=O)O)C(=O)O,CC(=O)CCCCN1C(=O)C2=C(N=CN2C)N(C1=O)C,0,unreported_twosides_sampled,0.6272403001785278,0.5447096035095726,0.5447096035095726,fitted,platt_logistic_regression,0.42850215989437923,1,0.6891439384272727,0.13685978169605373,0.1964735516372796,no_interaction|interaction,2,True,0.5256410256410257,0.2916666666666667,0.2916666666666667,False,False,True
CC1=CN(C(=O)NC1=O)C2C=CC(O2)CO,CN(C)NN=C1C(=NC=N1)C(=O)N,0,unreported_twosides_sampled,0.2589157223701477,0.2255805507721673,0.2255805507721673,fitted,platt_logistic_regression,0.42850215989437923,0,0.5338808784038649,0.38455079764903444,0.04534005037783375,no_interaction,1,False,0.5652173913043478,0.24390243902439024,0.24390243902439024,False,False,True
CC1C(C(=O)N1S(=O)(=O)O)NC(=O)C(=NOC(C)(C)C(=O)O)C2=CSC(=N2)N,COC1=C(C=C(C=C1)C2=CC3=C(C=C2)C=C(C=C3)C(=O)O)C45CC6CC(C4)CC(C6)C5,0,unreported_twosides_sampled,0.20649543404579163,0.18269952112625587,0.18269952112625587,fitted,platt_logistic_regression,0.42850215989437923,0,0.4754623080893673,0.43157010915197314,0.033585222502099076,no_interaction,1,False,0.4444444444444444,0.288135593220339,0.288135593220339,False,False,True
C1CC(=O)NC(=O)C1N2C(=O)C3=CC=CC=C3C2=O,CCC1=C(CN(C1=O)C(=O)NCCC2=CC=C(C=C2)S(=O)(=O)NC(=O)NC3CCC(CC3)C)C,1,reported_twosides,0.16093747317790985,0.1452509468379125,0.1452509468379125,fitted,platt_logistic_regression,0.42850215989437923,0,0.4143821485021514,0.4920235096557515,0.027707808564231738,no_interaction,1,False,0.5454545454545454,0.48,0.48,False,False,False
CC(=O)NCC1CN(C(=O)O1)C2=CC(=C(C=C2)N3CCOCC3)F,C[N+]1(CCCC1)CC2=C(N3C(C(C3=O)NC(=O)C(=NOC)C4=CSC(=N4)N)SC2)C(=O)[O-],1,reported_twosides,0.10470543056726456,0.09823794492362484,0.09823794492362484,fitted,platt_logistic_regression,0.42850215989437923,0,0.3211940027015781,0.5717884130982368,0.019311502938706968,no_interaction,1,False,0.23376623376623376,0.7631578947368421,0.23376623376623376,False,False,True
C1CC(OC1CO)N2C=NC3=C2NC=NC3=O,CC1(OC2CC3C4CC(C5=CC(=O)C=CC5(C4(C(CC3(C2(O1)C(=O)CO)C)O)F)C)F)C,0,unreported_twosides_sampled,0.14424528181552887,0.13142065736667363,0.13142065736667363,fitted,platt_logistic_regression,0.42850215989437923,0,0.3890784223573354,0.5138539042821159,0.02434928631402183,no_interaction,1,False,0.3492063492063492,0.5540540540540541,0.3492063492063492,False,False,True
C1=CC=C(C(=C1)CC(=O)[O-])NC2=C(C=CC=C2Cl)Cl,CC(=O)NCC1CN(C(=O)O1)C2=CC(=C(C=C2)N3CCOCC3)F,1,reported_twosides,0.6882838606834412,0.6043213928659401,0.6043213928659401,fitted,platt_logistic_regression,0.42850215989437923,1,0.6712205406159077,0.10579345088161209,0.23341729638958858,no_interaction|interaction,2,True,0.3111111111111111,0.23376623376623376,0.23376623376623376,False,False,True
C1=CC=C(C(=C1)C(C2=CC=C(C=C2)Cl)C(Cl)Cl)Cl,CC(=O)NCC1CN(C(=O)O1)C2=CC(=C(C=C2)N3CCOCC3)F,0,unreported_twosides_sampled,0.2966659367084503,0.2565201307864976,0.2565201307864976,fitted,platt_logistic_regression,0.42850215989437923,0,0.5693855219904482,0.3509655751469353,0.05373635600335852,no_interaction,1,False,0.2765957446808511,0.23376623376623376,0.23376623376623376,False,False,True
C1CN(CCN1CCCN2C(=O)N3C=CC=CC3=N2)C4=CC(=CC=C4)Cl,CCCCC1=NC(=C(N1CC2=CC=C(C=C2)C3=CC=CC=C3C4=NNN=N4)CO)Cl,1,reported_twosides,0.7447118759155273,0.6623505593318572,0.6623505593318572,fitted,platt_logistic_regression,0.42850215989437923,1,0.6394640407457605,0.08312342569269521,0.28211586901763225,interaction,1,False,0.5522388059701493,0.5142857142857142,0.5142857142857142,False,False,False
C1C(C(C(C(C1N)OC2C(C(C(C(O2)CO)O)N)O)O)OC3C(CC(C(O3)CN)O)N)N,CC1(C(N2C(S1)C(C2=O)NC(=O)C(C3=CC=CC=C3)N)C(=O)[O-])C,1,reported_twosides,0.06148892268538475,0.06078544163589143,0.06078544163589143,fitted,platt_logistic_regression,0.42850215989437923,0,0.2291232459578019,0.6372795969773299,0.012594458438287154,no_interaction,1,False,0.7727272727272727,0.7090909090909091,0.7090909090909091,False,False,False
C1CC(OC1CO)N2C=NC3=C2NC=NC3=O,CC(C1=CC(=CC(=C1)C(F)(F)F)C(F)(F)F)OC2C(N(CCO2)CC3=NC(=O)NN3)C4=CC=C(C=C4)F,0,unreported_twosides_sampled,0.5432263016700745,0.46690311016657865,0.46690311016657865,fitted,platt_logistic_regression,0.42850215989437923,1,0.6909547696357912,0.18807724601175482,0.14441645675902604,no_interaction|interaction,2,True,0.3492063492063492,0.2235294117647059,0.2235294117647059,False,False,True
CC(C)C(CC1=CC(=C(C=C1)OC)OCCCOC)CC(C(CC(C(C)C)C(=O)NCC(C)(C)C(=O)N)O)N,CCOC1=NC2=CC=CC(=C2N1CC3=CC=C(C=C3)C4=CC=CC=C4C5=NNN=N5)C(=O)O,1,reported_twosides,0.985251784324646,0.9703372303773087,0.9703372303773087,fitted,platt_logistic_regression,0.42850215989437923,1,0.13356796094529913,0.008396305625524769,0.7187237615449202,interaction,1,False,0.28735632183908044,0.449438202247191,0.28735632183908044,False,False,True
CC(=O)NCC1CN(C(=O)O1)C2=CC(=C(C=C2)N3CCOCC3)F,CC1=C(N2C(C(C2=O)NC(=O)C(C3=CC=CC=C3)N)SC1)C(=O)O,1,reported_twosides,0.16558724641799927,0.14909027405460645,0.14909027405460645,fitted,platt_logistic_regression,0.42850215989437923,0,0.4211278253053651,0.48614609571788414,0.028547439126784216,no_interaction,1,False,0.23376623376623376,0.8431372549019608,0.23376623376623376,False,False,True
C1C(N(C2=C(N1)NC(=NC2=O)N)C=O)CNC3=CC=C(C=C3)C(=O)NC(CCC(=O)O)C(=O)O,CN(C)CCC=C1C2=CC=CC=C2C=CC3=CC=CC=C31,1,reported_twosides,0.9472818374633789,0.909507910410243,0.909507910410243,fitted,platt_logistic_regression,0.42850215989437923,1,0.30367486284139733,0.018471872376154493,0.5885810243492863,interaction,1,False,0.5256410256410257,0.6285714285714286,0.5256410256410257,False,False,False
C1=CC=C(C(=C1)CC(=O)[O-])NC2=C(C=CC=C2Cl)Cl,C[N+]1(CCCC1)CC2=C(N3C(C(C3=O)NC(=O)C(=NOC)C4=CSC(=N4)N)SC2)C(=O)[O-],1,reported_twosides,0.41998612880706787,0.3592813014148231,0.3592813014148231,fitted,platt_logistic_regression,0.42850215989437923,0,0.6530035601331331,0.2619647355163728,0.08900083963056256,no_interaction,1,False,0.3111111111111111,0.7631578947368421,0.3111111111111111,False,False,True
C1C(C(C(C(C1N)OC2C(C(C(C(O2)CO)O)N)O)O)OC3C(CC(C(O3)CN)O)N)N,CC(C)(C)C1=CC=C(C=C1)S(=O)(=O)NC2=C(C(=NC(=N2)C3=NC=CC=N3)OCCO)OC4=CC=CC=C4OC,1,reported_twosides,0.06151990965008736,0.06081299082241337,0.06081299082241337,fitted,platt_logistic_regression,0.42850215989437923,0,0.22919866054440408,0.6372795969773299,0.012594458438287154,no_interaction,1,False,0.7727272727272727,0.2878787878787879,0.2878787878787879,False,False,True
CNC1CCC(C2=CC=CC=C12)C3=CC(=C(C=C3)Cl)Cl,C[N+]1(CCCC1)CC2=C(N3C(C(C3=O)NC(=O)C(=NOC)C4=CSC(=N4)N)SC2)C(=O)[O-],1,reported_twosides,0.030399562790989876,0.03229398036664634,0.03229398036664634,fitted,platt_logistic_regression,0.42850215989437923,0,0.14262800363621328,0.7103274559193955,0.008396305625524769,no_interaction,1,False,0.2641509433962264,0.7631578947368421,0.2641509433962264,False,False,True
C1=CC=C(C(=C1)CC(=O)[O-])NC2=C(C=CC=C2Cl)Cl,C1CN(CCN1CCOCCO)C(C2=CC=CC=C2)C3=CC=C(C=C3)Cl,1,reported_twosides,0.9088488817214966,0.8554907239211936,0.8554907239211936,fitted,platt_logistic_regression,0.42850215989437923,1,0.41306543358668457,0.027707808564231738,0.4945424013434089,interaction,1,False,0.3111111111111111,0.7446808510638298,0.3111111111111111,False,False,True
C1CN(CCN1CCOCCO)C(C2=CC=CC=C2)C3=CC=C(C=C3)Cl,CN(C)NN=C1C(=NC=N1)C(=O)N,0,unreported_twosides_sampled,0.41431206464767456,0.3544677132126898,0.3544677132126898,fitted,platt_logistic_regression,0.42850215989437923,0,0.6501685448010188,0.26700251889168763,0.08480268681780016,no_interaction,1,False,0.7446808510638298,0.24390243902439024,0.24390243902439024,False,False,True
C1CN1P(=S)(N2CC2)N3CC3,C[N+]1(CCCC1)CC2=C(N3C(C(C3=O)NC(=O)C(=NOC)C4=CSC(=N4)N)SC2)C(=O)[O-],1,reported_twosides,0.26561999320983887,0.23106720642446316,0.23106720642446316,fitted,platt_logistic_regression,0.42850215989437923,0,0.540562646959006,0.3795130142737196,0.04785894206549118,no_interaction,1,False,0.1111111111111111,0.7631578947368421,0.1111111111111111,False,False,True
CC(CC1=CC=CC=C1)N(C)CC#C,CNC1CCC(C2=CC=CC=C12)C3=CC(=C(C=C3)Cl)Cl,0,unreported_twosides_sampled,0.46933287382125854,0.40161530417632013,0.40161530417632013,fitted,platt_logistic_regression,0.42850215989437923,0,0.6736611830701741,0.2325776658270361,0.10663308144416457,no_interaction|interaction,2,True,0.42424242424242425,0.2641509433962264,0.2641509433962264,False,False,True
CCOC1=NC2=CC=CC(=C2N1CC3=CC=C(C=C3)C4=CC=CC=C4C5=NNN=N5)C(=O)O,CNC1CCC(C2=CC=CC=C12)C3=CC(=C(C=C3)Cl)Cl,1,reported_twosides,0.12370409071445465,0.11427156580986904,0.11427156580986904,fitted,platt_logistic_regression,0.42850215989437923,0,0.3553539235244534,0.5424013434089001,0.0218303946263644,no_interaction,1,False,0.449438202247191,0.2641509433962264,0.2641509433962264,False,False,True
CC(=O)NCC1CN(C(=O)O1)C2=CC(=C(C=C2)N3CCOCC3)F,CN(C)NN=C1C(=NC=N1)C(=O)N,0,unreported_twosides_sampled,0.5144149661064148,0.44114258226023084,0.44114258226023084,fitted,platt_logistic_regression,0.42850215989437923,1,0.6862026990932297,0.20486985726280438,0.12762384550797648,no_interaction|interaction,2,True,0.23376623376623376,0.24390243902439024,0.23376623376623376,False,False,True
CC(C)(C)C1=CC=C(C=C1)S(=O)(=O)NC2=C(C(=NC(=N2)C3=NC=CC=N3)OCCO)OC4=CC=CC=C4OC,CNS(=O)(=O)CC1=CC2=C(C=C1)NC=C2CCN(C)C,1,reported_twosides,0.01359205599874258,0.015690428144230897,0.015690428144230897,fitted,platt_logistic_regression,0.42850215989437923,0,0.08075577571387041,0.7909319899244333,0.0033585222502099076,no_interaction,1,False,0.2878787878787879,0.6538461538461539,0.2878787878787879,False,False,True
CC1C(C(=O)N1S(=O)(=O)O)NC(=O)C(=NOC(C)(C)C(=O)O)C2=CSC(=N2)N,CN(C)CCC=C1C2=CC=CC=C2C=CC3=CC=CC=C31,0,unreported_twosides_sampled,0.5732454657554626,0.4942127447075511,0.4942127447075511,fitted,platt_logistic_regression,0.42850215989437923,1,0.6930801944165775,0.17296389588581024,0.16540722082283796,no_interaction|interaction,2,True,0.4444444444444444,0.6285714285714286,0.4444444444444444,False,False,False
C1C(N(C2=C(N1)NC(=NC2=O)N)C=O)CNC3=CC=C(C=C3)C(=O)NC(CCC(=O)O)C(=O)O,CN(C)NN=C1C(=NC=N1)C(=O)N,0,unreported_twosides_sampled,0.3617020845413208,0.3102815855531888,0.3102815855531888,fitted,platt_logistic_regression,0.42850215989437923,0,0.6193257811476038,0.3047858942065491,0.07472712006717044,no_interaction,1,False,0.5256410256410257,0.24390243902439024,0.24390243902439024,False,False,True
CC(C)C(CC1=CC(=C(C=C1)OC)OCCCOC)CC(C(CC(C(C)C)C(=O)NCC(C)(C)C(=O)N)O)N,CC1(OC2CC3C4CC(C5=CC(=O)C=CC5(C4C(CC3(C2(O1)C(=O)CO)C)O)C)F)C,0,unreported_twosides_sampled,0.1054103747010231,0.09883648222299073,0.09883648222299073,fitted,platt_logistic_regression,0.42850215989437923,0,0.32251891648886044,0.5709487825356843,0.019311502938706968,no_interaction,1,False,0.28735632183908044,0.7076923076923077,0.28735632183908044,False,False,True
C1=CC(=CC=C1CCC2=CNC3=C2C(=O)N=C(N3)N)C(=O)NC(CCC(=O)O)C(=O)O,CN1CCN(CC1)C2=C3C=CC=CC3=NC4=C(N2)C=C(C=C4)Cl,0,unreported_twosides_sampled,0.9764156937599182,0.9551161298207802,0.9551161298207802,fitted,platt_logistic_regression,0.42850215989437923,1,0.1831661974723352,0.0109151973131822,0.6683459277917716,interaction,1,False,0.5,0.5,0.5,False,False,False
C(C(C(C(C(CO)O)O)O)O)O,CCC1=C2CN3C(=CC4=C(C3=O)COC(=O)C4(CC)O)C2=NC5=C1C=C(C=C5)OC(=O)N6CCC(CC6)N7CCCCC7,1,reported_twosides,0.14004337787628174,0.12792562728617285,0.12792562728617285,fitted,platt_logistic_regression,0.42850215989437923,0,0.38242429944353085,0.5188916876574308,0.023509655751469353,no_interaction,1,False,0.2,0.5164835164835165,0.2,False,False,True
C1CC(=O)NC(=O)C1N2C(=O)C3=CC=CC=C3C2=O,C1CN1P(=S)(N2CC2)N3CC3,0,unreported_twosides_sampled,0.5126076936721802,0.43954034989165464,0.43954034989165464,fitted,platt_logistic_regression,0.42850215989437923,1,0.6858185213246135,0.20570948782535683,0.12594458438287154,no_interaction|interaction,2,True,0.5454545454545454,0.1111111111111111,0.1111111111111111,False,False,True
C1=CC(=C2C(=C1NCCNCCO)C(=O)C3=C(C=CC(=C3C2=O)O)O)NCCNCCO,CN1CCC23C4C(=O)CCC2(C1CC5=C3C(=C(C=C5)OC)O4)O,1,reported_twosides,0.2681710720062256,0.23315565366776744,0.23315565366776744,fitted,platt_logistic_regression,0.42850215989437923,0,0.5430613281828405,0.3786733837111671,0.04869857262804366,no_interaction,1,False,0.23529411764705882,0.609375,0.23529411764705882,False,False,True
C1CC(OC1CO)N2C=NC3=C2NC=NC3=O,CCC1=C2CN3C(=CC4=C(C3=O)COC(=O)C4(CC)O)C2=NC5=C1C=C(C=C5)OC(=O)N6CCC(CC6)N7CCCCC7,0,unreported_twosides_sampled,0.551398515701294,0.47428818981908655,0.47428818981908655,fitted,platt_logistic_regression,0.42850215989437923,1,0.6918244028444765,0.18219983207388749,0.15029387069689337,no_interaction|interaction,2,True,0.3492063492063492,0.5164835164835165,0.3492063492063492,False,False,True
C1=CC=C(C(=C1)CC(=O)[O-])NC2=C(C=CC=C2Cl)Cl,CCCC1=NC(=C2N1NC(=NC2=O)C3=C(C=CC(=C3)S(=O)(=O)N4CCN(CC4)CC)OCC)C,1,reported_twosides,0.26504138112068176,0.23059358091244933,0.23059358091244933,fitted,platt_logistic_regression,0.42850215989437923,0,0.539992577820515,0.3811922753988245,0.04785894206549118,no_interaction,1,False,0.3111111111111111,0.5657894736842105,0.3111111111111111,False,False,True
CC(C1=CC(=CC(=C1)C(F)(F)F)C(F)(F)F)OC2C(N(CCO2)CC3=NC(=O)NN3)C4=CC=C(C=C4)F,CCCC1=NC(=C2N1NC(=NC2=O)C3=C(C=CC(=C3)S(=O)(=O)N4CCN(CC4)CC)OCC)C,0,unreported_twosides_sampled,0.49831247329711914,0.4269207838578437,0.4269207838578437,fitted,platt_logistic_regression,0.42850215989437923,0,0.6824276792296694,0.21494542401343408,0.12090680100755667,no_interaction|interaction,2,True,0.2235294117647059,0.5657894736842105,0.2235294117647059,False,False,True
CC(=O)CCCCN1C(=O)C2=C(N=CN2C)N(C1=O)C,CCCCC1=NC(=C(N1CC2=CC=C(C=C2)C3=CC=CC=C3C4=NNN=N4)CO)Cl,1,reported_twosides,0.432818740606308,0.3702067396091517,0.3702067396091517,fitted,platt_logistic_regression,0.42850215989437923,0,0.6590656193060571,0.25272879932829556,0.09319899244332494,no_interaction,1,False,0.2916666666666667,0.5142857142857142,0.2916666666666667,False,False,True
C1C(C(C(C(C1N)OC2C(C(C(C(O2)CO)O)N)O)O)OC3C(CC(C(O3)CN)O)N)N,CC(C1=CC(=CC(=C1)C(F)(F)F)C(F)(F)F)OC2C(N(CCO2)CC3=NC(=O)NN3)C4=CC=C(C=C4)F,0,unreported_twosides_sampled,0.20086669921875,0.1780883123570236,0.1780883123570236,fitted,platt_logistic_regression,0.42850215989437923,0,0.46848228974105566,0.4357682619647355,0.0327455919395466,no_interaction,1,False,0.7727272727272727,0.2235294117647059,0.2235294117647059,False,False,True
CC1=CN(C(=O)NC1=O)C2C=CC(O2)CO,CCC(CO)NCCNC(CC)CO,1,reported_twosides,0.32429763674736023,0.2792706456527494,0.2792706456527494,fitted,platt_logistic_regression,0.42850215989437923,0,0.5922631502263627,0.32913518052057095,0.06213266162888329,no_interaction,1,False,0.5652173913043478,0.21951219512195122,0.21951219512195122,False,False,True
CCC(C)C(=O)OC1CC(C=C2C1C(C(C=C2)C)CCC(CC(CC(=O)O)O)O)O,CN1CCN(CC1)C2=C3C=CC=CC3=NC4=C(N2)C=C(C=C4)Cl,1,reported_twosides,0.9720702767372131,0.9479337600551735,0.9479337600551735,fitted,platt_logistic_regression,0.42850215989437923,1,0.20455479489020895,0.0109151973131822,0.6523929471032746,interaction,1,False,0.5466666666666666,0.5,0.5,False,False,False
C1=CC=C(C(=C1)CC(=O)[O-])NC2=C(C=CC=C2Cl)Cl,CC(C1=CC(=CC(=C1)C(F)(F)F)C(F)(F)F)OC2C(N(CCO2)CC3=NC(=O)NN3)C4=CC=C(C=C4)F,0,unreported_twosides_sampled,0.42350396513938904,0.3622708734944293,0.3622708734944293,fitted,platt_logistic_regression,0.42850215989437923,0,0.654713593102702,0.2586062132661629,0.0906801007556675,no_interaction,1,False,0.3111111111111111,0.2235294117647059,0.2235294117647059,False,False,True
C1CN(CCN1CCCN2C(=O)N3C=CC=CC3=N2)C4=CC(=CC=C4)Cl,CCC1=C2CN3C(=CC4=C(C3=O)COC(=O)C4(CC)O)C2=NC5=C1C=C(C=C5)OC(=O)N6CCC(CC6)N7CCCCC7,0,unreported_twosides_sampled,0.04047685116529465,0.04175195537664931,0.04175195537664931,fitted,platt_logistic_regression,0.42850215989437923,0,0.1734725379802125,0.6775818639798489,0.010075566750629723,no_interaction,1,False,0.5522388059701493,0.5164835164835165,0.5164835164835165,False,False,False
CC1(OC2CC3C4CC(C5=CC(=O)C=CC5(C4C(CC3(C2(O1)C(=O)CO)C)O)C)F)C,COC1=C(C=C(C=C1)C2=CC3=C(C=C2)C=C(C=C3)C(=O)O)C45CC6CC(C4)CC(C6)C5,0,unreported_twosides_sampled,0.014095577411353588,0.01621070024826272,0.01621070024826272,fitted,platt_logistic_regression,0.42850215989437923,0,0.08290045504132751,0.7875734676742233,0.0033585222502099076,no_interaction,1,False,0.7076923076923077,0.288135593220339,0.288135593220339,False,False,True
C(C(C(C(C(CO)O)O)O)O)O,CN1CCC23C4C(=O)CCC2(C1CC5=C3C(=C(C=C5)OC)O4)O,1,reported_twosides,0.336212158203125,0.28911852440805735,0.28911852440805735,fitted,platt_logistic_regression,0.42850215989437923,0,0.6013605354403252,0.3232577665827036,0.0654911838790932,no_interaction,1,False,0.2,0.609375,0.2,False,False,True
CCC1=C(CN(C1=O)C(=O)NCCC2=CC=C(C=C2)S(=O)(=O)NC(=O)NC3CCC(CC3)C)C,CN1CCN(CC1)C2=C3C=CC=CC3=NC4=C(N2)C=C(C=C4)Cl,1,reported_twosides,0.3465782403945923,0.29770848506173175,0.29770848506173175,fitted,platt_logistic_regression,0.42850215989437923,0,0.6089101855903543,0.31821998320738876,0.0688497061293031,no_interaction,1,False,0.48,0.5,0.48,False,False,False
CC1NC2=CC(=C(C=C2C(=O)N1C3=CC=CC=C3C)S(=O)(=O)N)Cl,CN(C)NN=C1C(=NC=N1)C(=O)N,0,unreported_twosides_sampled,0.3032529354095459,0.26193365316860356,0.26193365316860356,fitted,platt_logistic_regression,0.42850215989437923,0,0.5750697563245324,0.34676742233417296,0.05793450881612091,no_interaction,1,False,0.36764705882352944,0.24390243902439024,0.24390243902439024,False,False,True
C1CN(CCN1CCCN2C(=O)N3C=CC=CC3=N2)C4=CC(=CC=C4)Cl,CN(C)CCCN1C2=CC=CC=C2CCC3=C1C=C(C=C3)Cl,0,unreported_twosides_sampled,0.24943599104881287,0.21782597202901227,0.21782597202901227,fitted,platt_logistic_regression,0.42850215989437923,0,0.5241425630307113,0.39378673383711166,0.04450041981528128,no_interaction,1,False,0.5522388059701493,0.7631578947368421,0.5522388059701493,False,False,False
C1C(C(C(C(C1N)OC2C(C(C(C(O2)CO)O)N)O)O)OC3C(CC(C(O3)CN)O)N)N,CC(=O)CCCCN1C(=O)C2=C(N=CN2C)N(C1=O)C,0,unreported_twosides_sampled,0.16350771486759186,0.14737383462937834,0.14737383462937834,fitted,platt_logistic_regression,0.42850215989437923,0,0.4181265613472228,0.489504617968094,0.027707808564231738,no_interaction,1,False,0.7727272727272727,0.2916666666666667,0.2916666666666667,False,False,True
CC1(C(N2C(S1)C(C2=O)NC(=O)C(C3=CC=CC=C3)N)C(=O)[O-])C,CCCC1=NC(=C2N1NC(=NC2=O)C3=C(C=CC(=C3)S(=O)(=O)N4CCN(CC4)CC)OCC)C,0,unreported_twosides_sampled,0.333239883184433,0.2866593819653292,0.2866593819653292,fitted,platt_logistic_regression,0.42850215989437923,0,0.5991333846085722,0.3232577665827036,0.06465155331654072,no_interaction,1,False,0.7090909090909091,0.5657894736842105,0.5657894736842105,False,False,False
C1=CC=C(C(=C1)CC(=O)[O-])NC2=C(C=CC=C2Cl)Cl,CC(C)(C(=O)O)ON=C(C1=CSC(=N1)N)C(=O)NC2C3N(C2=O)C(=C(CS3)C[N+]4=CC=CC=C4)C(=O)[O-],1,reported_twosides,0.6417916417121887,0.5586569741756526,0.5586569741756526,fitted,platt_logistic_regression,0.42850215989437923,1,0.6862500277730197,0.12762384550797648,0.20486985726280438,no_interaction|interaction,2,True,0.3111111111111111,0.6428571428571429,0.3111111111111111,False,False,True
C(C(C(C(C(CO)O)O)O)O)O,CCCCC1=NC(=C(N1CC2=CC=C(C=C2)C3=CC=CC=C3C4=NNN=N4)CO)Cl,1,reported_twosides,0.2969740629196167,0.25677324222122727,0.25677324222122727,fitted,platt_logistic_regression,0.42850215989437923,0,0.5696546986893759,0.3509655751469353,0.05373635600335852,no_interaction,1,False,0.2,0.5142857142857142,0.2,False,False,True
C1CC(OC1CO)N2C=NC3=C2NC=NC3=O,CC(C1C(=O)NC(CSSCC(C(=O)NC(C(=O)NC(C(=O)NC(C(=O)N1)CCCCN)CC2=CNC3=CC=CC=C32)CC4=CC=CC=C4)NC(=O)C(CC5=CC=CC=C5)N)C(=O)NC(CO)C(C)O)O,0,unreported_twosides_sampled,0.8221234083175659,0.7478846578854009,0.7478846578854009,fitted,platt_logistic_regression,0.42850215989437923,1,0.5646471753277211,0.052057094878253565,0.3593618807724601,interaction,1,False,0.3492063492063492,0.3333333333333333,0.3333333333333333,False,False,True
C(C(C(C(C(CO)O)O)O)O)O,CC(C)(C)C1=CC=C(C=C1)S(=O)(=O)NC2=C(C(=NC(=N2)C3=NC=CC=N3)OCCO)OC4=CC=CC=C4OC,0,unreported_twosides_sampled,0.25779926776885986,0.22466708759297727,0.22466708759297727,fitted,platt_logistic_regression,0.42850215989437923,0,0.5327517892088157,0.38623005877413935,0.04534005037783375,no_interaction,1,False,0.2,0.2878787878787879,0.2,False,False,True
CC1(OC2CC3C4CC(C5=CC(=O)C=CC5(C4C(CC3(C2(O1)C(=O)CO)C)O)C)F)C,CCC1=C2CN3C(=CC4=C(C3=O)COC(=O)C4(CC)O)C2=NC5=C1C=C(C=C5)OC(=O)N6CCC(CC6)N7CCCCC7,0,unreported_twosides_sampled,0.01920570246875286,0.021393081521444913,0.021393081521444913,fitted,platt_logistic_regression,0.42850215989437923,0,0.10341231751053362,0.7615449202350966,0.0033585222502099076,no_interaction,1,False,0.7076923076923077,0.5164835164835165,0.5164835164835165,False,False,False
CCC(CO)NCCNC(CC)CO,CCCCC1=NC(=C(N1CC2=CC=C(C=C2)C3=CC=CC=C3C4=NNN=N4)CO)Cl,1,reported_twosides,0.30590713024139404,0.2641166149854453,0.2641166149854453,fitted,platt_logistic_regression,0.42850215989437923,0,0.5773188765067956,0.3434089000839631,0.05877413937867338,no_interaction,1,False,0.21951219512195122,0.5142857142857142,0.21951219512195122,False,False,True
CC1=CN(C(=O)NC1=O)C2C=CC(O2)CO,CCC1=C(CN(C1=O)C(=O)NCCC2=CC=C(C=C2)S(=O)(=O)NC(=O)NC3CCC(CC3)C)C,0,unreported_twosides_sampled,0.1565699726343155,0.14163981922485935,0.14163981922485935,fitted,platt_logistic_regression,0.42850215989437923,0,0.4079291017599107,0.4979009235936188,0.027707808564231738,no_interaction,1,False,0.5652173913043478,0.48,0.48,False,False,False
C1=NC2=C(N1COC(CO)CO)NC(=NC2=O)N,CCC(CO)NCCNC(CC)CO,1,reported_twosides,0.10808893293142319,0.10110797893235354,0.10110797893235354,fitted,platt_logistic_regression,0.42850215989437923,0,0.32751065410136115,0.5667506297229219,0.019311502938706968,no_interaction,1,False,0.7307692307692307,0.21951219512195122,0.21951219512195122,False,False,True
C1C(C(C(C(C1N)OC2C(C(C(C(O2)CO)O)N)O)O)OC3C(CC(C(O3)CN)O)N)N,CC(C)C(CC1=CC(=C(C=C1)OC)OCCCOC)CC(C(CC(C(C)C)C(=O)NCC(C)(C)C(=O)N)O)N,0,unreported_twosides_sampled,0.0480206124484539,0.04867547092302627,0.04867547092302627,fitted,platt_logistic_regression,0.42850215989437923,0,0.1945966246021937,0.6599496221662469,0.0109151973131822,no_interaction,1,False,0.7727272727272727,0.28735632183908044,0.28735632183908044,False,False,True
C1=CC=C(C(=C1)CC(=O)[O-])NC2=C(C=CC=C2Cl)Cl,CNS(=O)(=O)CC1=CC2=C(C=C1)NC=C2CCN(C)C,1,reported_twosides,0.20568232238292694,0.1820335744115379,0.1820335744115379,fitted,platt_logistic_regression,0.42850215989437923,0,0.4744631243015145,0.4332493702770781,0.033585222502099076,no_interaction,1,False,0.3111111111111111,0.6538461538461539,0.3111111111111111,False,False,True
C1CC(OC1CO)N2C=NC3=C2NC=NC3=O,CC1=CN(C(=O)NC1=O)C2C=CC(O2)CO,1,reported_twosides,0.7103381752967834,0.626631704055022,0.626631704055022,fitted,platt_logistic_regression,0.42850215989437923,1,0.660724038696699,0.09571788413098237,0.2510495382031906,interaction,1,False,0.3492063492063492,0.5652173913043478,0.3492063492063492,False,False,True
CCC(CO)NCCNC(CC)CO,C[N+]1(CCCC1)CC2=C(N3C(C(C3=O)NC(=O)C(=NOC)C4=CSC(=N4)N)SC2)C(=O)[O-],0,unreported_twosides_sampled,0.2491404265165329,0.21758424327855527,0.21758424327855527,fitted,platt_logistic_regression,0.42850215989437923,0,0.5238333701096961,0.3954659949622166,0.04450041981528128,no_interaction,1,False,0.21951219512195122,0.7631578947368421,0.21951219512195122,False,False,True
C1CN(CCN1CCOCCO)C(C2=CC=CC=C2)C3=CC=C(C=C3)Cl,CN(C)CCCN1C2=CC=CC=C2CCC3=C1C=C(C=C3)Cl,1,reported_twosides,0.47107335925102234,0.4031251946895159,0.4031251946895159,fitted,platt_logistic_regression,0.42850215989437923,0,0.6742584943281088,0.23089840470193115,0.10663308144416457,no_interaction|interaction,2,True,0.7446808510638298,0.7631578947368421,0.7446808510638298,False,False,False
CCC1=C2CN3C(=CC4=C(C3=O)COC(=O)C4(CC)O)C2=NC5=C1C=C(C=C5)OC(=O)N6CCC(CC6)N7CCCCC7,CN(C)CCC=C1C2=CC=CC=C2C=CC3=CC=CC=C31,1,reported_twosides,0.08856836706399918,0.08444482746504198,0.08444482746504198,fitted,platt_logistic_regression,0.42850215989437923,0,0.28949317566538096,0.5994962216624685,0.018471872376154493,no_interaction,1,False,0.5164835164835165,0.6285714285714286,0.5164835164835165,False,False,False
CC(C)C(CC1=CC(=C(C=C1)OC)OCCCOC)CC(C(CC(C(C)C)C(=O)NCC(C)(C)C(=O)N)O)N,CC1NC2=CC(=C(C=C2C(=O)N1C3=CC=CC=C3C)S(=O)(=O)N)Cl,1,reported_twosides,0.3538361191749573,0.3037359899502582,0.3037359899502582,fitted,platt_logistic_regression,0.42850215989437923,0,0.6139966441003557,0.3123425692695214,0.07304785894206549,no_interaction,1,False,0.28735632183908044,0.36764705882352944,0.28735632183908044,False,False,True
C1=NC2=C(N1COC(CO)CO)NC(=NC2=O)N,CCOC1=NC2=CC=CC(=C2N1CC3=CC=C(C=C3)C4=CC=CC=C4C5=NNN=N5)C(=O)O,0,unreported_twosides_sampled,0.15089929103851318,0.13694351379011058,0.13694351379011058,fitted,platt_logistic_regression,0.42850215989437923,0,0.3993760411157077,0.5054575986565911,0.02518891687657431,no_interaction,1,False,0.7307692307692307,0.449438202247191,0.449438202247191,False,False,False
CC(C1=CC(=CC(=C1)C(F)(F)F)C(F)(F)F)OC2C(N(CCO2)CC3=NC(=O)NN3)C4=CC=C(C=C4)F,CC1=C(N2C(C(C2=O)NC(=O)C(C3=CC=CC=C3)N)SC1)C(=O)O,1,reported_twosides,0.05863933265209198,0.05824634130541249,0.05824634130541249,fitted,platt_logistic_regression,0.42850215989437923,0,0.22211475283433219,0.6406381192275399,0.012594458438287154,no_interaction,1,False,0.2235294117647059,0.8431372549019608,0.2235294117647059,False,False,True
CC1NC2=CC(=C(C=C2C(=O)N1C3=CC=CC=C3C)S(=O)(=O)N)Cl,CCC(CO)NCCNC(CC)CO,0,unreported_twosides_sampled,0.0968041643500328,0.09150738983252561,0.09150738983252561,fitted,platt_logistic_regression,0.42850215989437923,0,0.30601157012549657,0.5852225020990764,0.018471872376154493,no_interaction,1,False,0.36764705882352944,0.21951219512195122,0.21951219512195122,False,False,True
C1CN(CCN1CCOCCO)C(C2=CC=CC=C2)C3=CC=C(C=C3)Cl,CN1CCC23C4C(=O)CCC2(C1CC5=C3C(=C(C=C5)OC)O4)O,1,reported_twosides,0.45635679364204407,0.39039622901048565,0.39039622901048565,fitted,platt_logistic_regression,0.42850215989437923,0,0.668924995004429,0.2409739714525609,0.1015952980688497,no_interaction|interaction,2,True,0.7446808510638298,0.609375,0.609375,False,False,False
CCC1=C2CN3C(=CC4=C(C3=O)COC(=O)C4(CC)O)C2=NC5=C1C=C(C=C5)OC(=O)N6CCC(CC6)N7CCCCC7,CN1CCN(CC1)C2=C3C=CC=CC3=NC4=C(N2)C=C(C=C4)Cl,0,unreported_twosides_sampled,0.11071373522281647,0.10332979763327854,0.10332979763327854,fitted,platt_logistic_regression,0.42850215989437923,0,0.3323382867430414,0.5617128463476071,0.019311502938706968,no_interaction,1,False,0.5164835164835165,0.5,0.5,False,False,False
C1=CC(=C2C(=C1NCCNCCO)C(=O)C3=C(C=CC(=C3C2=O)O)O)NCCNCCO,CCC(CO)NCCNC(CC)CO,0,unreported_twosides_sampled,0.1653502732515335,0.14889472747958926,0.14889472747958926,fitted,platt_logistic_regression,0.42850215989437923,0,0.420787080502672,0.48614609571788414,0.028547439126784216,no_interaction,1,False,0.23529411764705882,0.21951219512195122,0.21951219512195122,False,False,True
C1CN(CCN1CCCN2C(=O)N3C=CC=CC3=N2)C4=CC(=CC=C4)Cl,C[N+]1(CCCC1)CC2=C(N3C(C(C3=O)NC(=O)C(=NOC)C4=CSC(=N4)N)SC2)C(=O)[O-],0,unreported_twosides_sampled,0.01658560149371624,0.018756623681228705,0.018756623681228705,fitted,platt_logistic_regression,0.42850215989437923,0,0.09315985123393827,0.7707808564231738,0.0033585222502099076,no_interaction,1,False,0.5522388059701493,0.7631578947368421,0.5522388059701493,False,False,False
C1=CC(=C2C(=C1NCCNCCO)C(=O)C3=C(C=CC(=C3C2=O)O)O)NCCNCCO,C[N+]1(CCCC1)CC2=C(N3C(C(C3=O)NC(=O)C(=NOC)C4=CSC(=N4)N)SC2)C(=O)[O-],1,reported_twosides,0.36715489625930786,0.3148274871002823,0.3148274871002823,fitted,platt_logistic_regression,0.42850215989437923,0,0.6229089085827899,0.30142737195633923,0.07724601175482787,no_interaction,1,False,0.23529411764705882,0.7631578947368421,0.23529411764705882,False,False,True
C1=CC(=CC=C1CCC2=CNC3=C2C(=O)N=C(N3)N)C(=O)NC(CCC(=O)O)C(=O)O,C1=NC2=C(N1COC(CO)CO)NC(=NC2=O)N,0,unreported_twosides_sampled,0.12259019911289215,0.11333660857790201,0.11333660857790201,fitted,platt_logistic_regression,0.42850215989437923,0,0.3534349589826923,0.5440806045340051,0.0218303946263644,no_interaction,1,False,0.5,0.7307692307692307,0.5,False,False,False
C1C(C(C(C(C1N)OC2C(C(C(C(O2)CO)O)N)O)O)OC3C(CC(C(O3)CN)O)N)N,C1C(N(C2=C(N1)NC(=NC2=O)N)C=O)CNC3=CC=C(C=C3)C(=O)NC(CCC(=O)O)C(=O)O,1,reported_twosides,0.15183700621128082,0.13772073547503283,0.13772073547503283,fitted,platt_logistic_regression,0.42850215989437923,0,0.40080428607519547,0.5046179680940386,0.02518891687657431,no_interaction,1,False,0.7727272727272727,0.5256410256410257,0.5256410256410257,False,False,False
CCOC1=NC2=CC=CC(=C2N1CC3=CC=C(C=C3)C4=CC=CC=C4C5=NNN=N5)C(=O)O,CN1CCC23C4C(=O)CCC2(C1CC5=C3C(=C(C=C5)OC)O4)O,1,reported_twosides,0.1622614562511444,0.14634468865823874,0.14634468865823874,fitted,platt_logistic_regression,0.42850215989437923,0,0.4163158286289709,0.4903442485306465,0.027707808564231738,no_interaction,1,False,0.449438202247191,0.609375,0.449438202247191,False,False,False
C1=CC(=C2C(=C1NCCNCCO)C(=O)C3=C(C=CC(=C3C2=O)O)O)NCCNCCO,COC1=C(C=C(C=C1)C2=CC3=C(C=C2)C=C(C=C3)C(=O)O)C45CC6CC(C4)CC(C6)C5,0,unreported_twosides_sampled,0.10811728984117508,0.10113200355919004,0.10113200355919004,fitted,platt_logistic_regression,0.42850215989437923,0,0.3275631441081924,0.5659109991603695,0.019311502938706968,no_interaction,1,False,0.23529411764705882,0.288135593220339,0.23529411764705882,False,False,True
C1C(N(C2=C(N1)NC(=NC2=O)N)C=O)CNC3=CC=C(C=C3)C(=O)NC(CCC(=O)O)C(=O)O,CCC1=C2CN3C(=CC4=C(C3=O)COC(=O)C4(CC)O)C2=NC5=C1C=C(C=C5)OC(=O)N6CCC(CC6)N7CCCCC7,1,reported_twosides,0.20132842659950256,0.17846668406288244,0.17846668406288244,fitted,platt_logistic_regression,0.42850215989437923,0,0.4690604650201464,0.4357682619647355,0.0327455919395466,no_interaction,1,False,0.5256410256410257,0.5164835164835165,0.5164835164835165,False,False,False
C1=CC(=C2C(=C1NCCNCCO)C(=O)C3=C(C=CC(=C3C2=O)O)O)NCCNCCO,CCCCC1=NC(=C(N1CC2=CC=C(C=C2)C3=CC=CC=C3C4=NNN=N4)CO)Cl,1,reported_twosides,0.2057584673166275,0.18209594027041742,0.18209594027041742,fitted,platt_logistic_regression,0.42850215989437923,0,0.4745568240613197,0.4332493702770781,0.033585222502099076,no_interaction,1,False,0.23529411764705882,0.5142857142857142,0.23529411764705882,False,False,True
CC1NC2=CC(=C(C=C2C(=O)N1C3=CC=CC=C3C)S(=O)(=O)N)Cl,CNC1CCC(C2=CC=CC=C12)C3=CC(=C(C=C3)Cl)Cl,1,reported_twosides,0.12032417953014374,0.11143280037092874,0.11143280037092874,fitted,platt_logistic_regression,0.42850215989437923,0,0.34950050640749875,0.5482787573467675,0.0218303946263644,no_interaction,1,False,0.36764705882352944,0.2641509433962264,0.2641509433962264,False,False,True
CC(C)(C(=O)O)ON=C(C1=CSC(=N1)N)C(=O)NC2C3N(C2=O)C(=C(CS3)C[N+]4=CC=CC=C4)C(=O)[O-],C[N+]1(CCCC1)CC2=C(N3C(C(C3=O)NC(=O)C(=NOC)C4=CSC(=N4)N)SC2)C(=O)[O-],1,reported_twosides,0.8780778646469116,0.8154740869470392,0.8154740869470392,fitted,platt_logistic_regression,0.42850215989437923,1,0.47818740178221136,0.03442485306465155,0.42989084802686817,interaction,1,False,0.6428571428571429,0.7631578947368421,0.6428571428571429,False,False,False
C1=CC(=C2C(=C1NCCNCCO)C(=O)C3=C(C=CC(=C3C2=O)O)O)NCCNCCO,CN(C)CCCN1C2=CC=CC=C2CCC3=C1C=C(C=C3)Cl,0,unreported_twosides_sampled,0.040405381470918655,0.041685784863665115,0.041685784863665115,fitted,platt_logistic_regression,0.42850215989437923,0,0.17326514716919025,0.6784214945424013,0.010075566750629723,no_interaction,1,False,0.23529411764705882,0.7631578947368421,0.23529411764705882,False,False,True
C1C(N(C2=C(N1)NC(=NC2=O)N)C=O)CNC3=CC=C(C=C3)C(=O)NC(CCC(=O)O)C(=O)O,CC(C)C(CC1=CC(=C(C=C1)OC)OCCCOC)CC(C(CC(C(C)C)C(=O)NCC(C)(C)C(=O)N)O)N,0,unreported_twosides_sampled,0.9722189903259277,0.9481768113944864,0.9481768113944864,fitted,platt_logistic_regression,0.42850215989437923,1,0.20384891698459526,0.0109151973131822,0.6523929471032746,interaction,1,False,0.5256410256410257,0.28735632183908044,0.28735632183908044,False,False,True
CC(C)(C)C1=CC=C(C=C1)S(=O)(=O)NC2=C(C(=NC(=N2)C3=NC=CC=N3)OCCO)OC4=CC=CC=C4OC,CCC(C)C(=O)OC1CC(C=C2C1C(C(C=C2)C)CCC(CC(CC(=O)O)O)O)O,1,reported_twosides,0.9484579563140869,0.9112531538881078,0.9112531538881078,fitted,platt_logistic_regression,0.42850215989437923,1,0.2996288548401005,0.018471872376154493,0.5910999160369438,interaction,1,False,0.2878787878787879,0.5466666666666666,0.2878787878787879,False,False,True
CC(CC1=CC=CC=C1)N(C)CC#C,CCCCC1=NC(=C(N1CC2=CC=C(C=C2)C3=CC=CC=C3C4=NNN=N4)CO)Cl,1,reported_twosides,0.5814757943153381,0.5017906241838087,0.5017906241838087,fitted,platt_logistic_regression,0.42850215989437923,1,0.6931407678763024,0.16960537363560033,0.17296389588581024,no_interaction|interaction,2,True,0.42424242424242425,0.5142857142857142,0.42424242424242425,False,False,False
CC(C1=CC(=CC(=C1)C(F)(F)F)C(F)(F)F)OC2C(N(CCO2)CC3=NC(=O)NN3)C4=CC=C(C=C4)F,CC(CC1=CC=CC=C1)N(C)CC#C,0,unreported_twosides_sampled,0.2315502166748047,0.20319997590622393,0.20319997590622393,fitted,platt_logistic_regression,0.42850215989437923,0,0.504806659472722,0.4072208228379513,0.04114189756507137,no_interaction,1,False,0.2235294117647059,0.42424242424242425,0.2235294117647059,False,False,True
CC(=O)NCC1CN(C(=O)O1)C2=CC(=C(C=C2)N3CCOCC3)F,CC1(C(N2C(S1)C(C2=O)NC(=O)C(C3=CC=CC=C3)N)C(=O)[O-])C,0,unreported_twosides_sampled,0.46587538719177246,0.39861950130190965,0.39861950130190965,fitted,platt_logistic_regression,0.42850215989437923,0,0.6724479510586971,0.23341729638958858,0.10663308144416457,no_interaction|interaction,2,True,0.23376623376623376,0.7090909090909091,0.23376623376623376,False,False,True
C(C(C(C(C(CO)O)O)O)O)O,CC1(OC2CC3C4CC(C5=CC(=O)C=CC5(C4C(CC3(C2(O1)C(=O)CO)C)O)C)F)C,0,unreported_twosides_sampled,0.046496666967868805,0.047286015213409055,0.047286015213409055,fitted,platt_logistic_regression,0.42850215989437923,0,0.19044518052522302,0.6624685138539043,0.0109151973131822,no_interaction,1,False,0.2,0.7076923076923077,0.2,False,False,True
C1CN(CCN1CCCN2C(=O)N3C=CC=CC3=N2)C4=CC(=CC=C4)Cl,CC(=O)NCC1CN(C(=O)O1)C2=CC(=C(C=C2)N3CCOCC3)F,0,unreported_twosides_sampled,0.03801136463880539,0.03946238994726641,0.03946238994726641,fitted,platt_logistic_regression,0.42850215989437923,0,0.16623181443886867,0.690176322418136,0.010075566750629723,no_interaction,1,False,0.5522388059701493,0.23376623376623376,0.23376623376623376,False,False,True
C1=NC2=C(N1COC(CO)CO)NC(=NC2=O)N,C[N+]1(CCCC1)CC2=C(N3C(C(C3=O)NC(=O)C(=NOC)C4=CSC(=N4)N)SC2)C(=O)[O-],1,reported_twosides,0.3384813666343689,0.29099711004599854,0.29099711004599854,fitted,platt_logistic_regression,0.42850215989437923,0,0.6030420663064477,0.32157850545759864,0.06633081444164568,no_interaction,1,False,0.7307692307692307,0.7631578947368421,0.7307692307692307,False,False,False
CCCCC1=NC(=C(N1CC2=CC=C(C=C2)C3=CC=CC=C3C4=NNN=N4)CO)Cl,CN1CCN(CC1)C2=C3C=CC=CC3=NC4=C(N2)C=C(C=C4)Cl,1,reported_twosides,0.9573606848716736,0.9246896441590823,0.9246896441590823,fitted,platt_logistic_regression,0.42850215989437923,1,0.2671634786669902,0.016792611251049538,0.6129303106633082,interaction,1,False,0.5142857142857142,0.5,0.5,False,False,False
CC1=C(N2C(C(C2=O)NC(=O)C(C3=CC=CC=C3)N)SC1)C(=O)O,C[N+]1(CCCC1)CC2=C(N3C(C(C3=O)NC(=O)C(=NOC)C4=CSC(=N4)N)SC2)C(=O)[O-],0,unreported_twosides_sampled,0.3133118748664856,0.2702119697360161,0.2702119697360161,fitted,platt_logistic_regression,0.42850215989437923,0,0.5834695560514307,0.33585222502099077,0.05961376994122586,no_interaction,1,False,0.8431372549019608,0.7631578947368421,0.7631578947368421,False,False,False
C1=CC=C(C(=C1)CC(=O)[O-])NC2=C(C=CC=C2Cl)Cl,CC(CC1=CC=CC=C1)N(C)CC#C,0,unreported_twosides_sampled,0.4662269949913025,0.39892394070168063,0.39892394070168063,fitted,platt_logistic_regression,0.42850215989437923,0,0.6725729494870234,0.23341729638958858,0.10663308144416457,no_interaction|interaction,2,True,0.3111111111111111,0.42424242424242425,0.3111111111111111,False,False,True
CC(C)(C)C1=CC=C(C=C1)S(=O)(=O)NC2=C(C(=NC(=N2)C3=NC=CC=N3)OCCO)OC4=CC=CC=C4OC,CN1CCN(CC1)C2=C3C=CC=CC3=NC4=C(N2)C=C(C=C4)Cl,0,unreported_twosides_sampled,0.7430745363235474,0.6606210744833936,0.6606210744833936,fitted,platt_logistic_regression,0.42850215989437923,1,0.6406226630361169,0.08312342569269521,0.28211586901763225,interaction,1,False,0.2878787878787879,0.5,0.2878787878787879,False,False,True
C1CN(CCN1CCCN2C(=O)N3C=CC=CC3=N2)C4=CC(=CC=C4)Cl,CN1CCN(CC1)C2=C3C=CC=CC3=NC4=C(N2)C=C(C=C4)Cl,1,reported_twosides,0.9799442291259766,0.9610834903423419,0.9610834903423419,fitted,platt_logistic_regression,0.42850215989437923,1,0.16448533718641373,0.010075566750629723,0.6926952141057935,interaction,1,False,0.5522388059701493,0.5,0.5,False,False,False
C1=NC2=C(N1COC(CO)CO)NC(=NC2=O)N,CC1=CN(C(=O)NC1=O)C2C=CC(O2)CO,1,reported_twosides,0.5558022856712341,0.4782828411316187,0.4782828411316187,fitted,platt_logistic_regression,0.42850215989437923,1,0.6922036137711971,0.18052057094878254,0.1570109151973132,no_interaction|interaction,2,True,0.7307692307692307,0.5652173913043478,0.5652173913043478,False,False,False
C1=NC2=C(N1COC(CO)CO)NC(=NC2=O)N,C1CN(CCN1CCOCCO)C(C2=CC=CC=C2)C3=CC=C(C=C3)Cl,0,unreported_twosides_sampled,0.1983691155910492,0.17604123886886397,0.17604123886886397,fitted,platt_logistic_regression,0.42850215989437923,0,0.4653372332336361,0.4399664147774979,0.0327455919395466,no_interaction,1,False,0.7307692307692307,0.7446808510638298,0.7307692307692307,False,False,False
C1=CC=C(C(=C1)C(C2=CC=C(C=C2)Cl)C(Cl)Cl)Cl,C1CC(OC1CO)N2C=NC3=C2NC=NC3=O,0,unreported_twosides_sampled,0.14664770662784576,0.13341628414073248,0.13341628414073248,fitted,platt_logistic_regression,0.42850215989437923,0,0.3928297049617903,0.5121746431570109,0.02434928631402183,no_interaction,1,False,0.2765957446808511,0.3492063492063492,0.2765957446808511,False,False,True
C1=NC2=C(N1COC(CO)CO)NC(=NC2=O)N,CC(=O)NCC1CN(C(=O)O1)C2=CC(=C(C=C2)N3CCOCC3)F,1,reported_twosides,0.050805311650037766,0.051203451086810674,0.051203451086810674,fitted,platt_logistic_regression,0.42850215989437923,0,0.2020436009261418,0.6540722082283795,0.0109151973131822,no_interaction,1,False,0.7307692307692307,0.23376623376623376,0.23376623376623376,False,False,True
CCCCC1=NC(=C(N1CC2=CC=C(C=C2)C3=CC=CC=C3C4=NNN=N4)CO)Cl,CN(C)CCC=C1C2=CC=CC=C2C=CC3=CC=CC=C31,1,reported_twosides,0.8492074608802795,0.7798757131518023,0.7798757131518023,fitted,platt_logistic_regression,0.42850215989437923,1,0.5270652221124907,0.04534005037783375,0.39126784214945426,interaction,1,False,0.5142857142857142,0.6285714285714286,0.5142857142857142,False,False,False
C1=CC(=C2C(=C1NCCNCCO)C(=O)C3=C(C=CC(=C3C2=O)O)O)NCCNCCO,CNC1CCC(C2=CC=CC=C12)C3=CC(=C(C=C3)Cl)Cl,1,reported_twosides,0.027511682361364365,0.029528515480155528,0.029528515480155528,fitted,platt_logistic_regression,0.42850215989437923,0,0.133099402366112,0.7195633921074727,0.008396305625524769,no_interaction,1,False,0.23529411764705882,0.2641509433962264,0.23529411764705882,False,False,True
CC1=C(N2C(C(C2=O)NC(=O)C(C3=CC=CC=C3)N)SC1)C(=O)O,CN(C)CC(C1=CC=C(C=C1)O)C2(CCCCC2)O,0,unreported_twosides_sampled,0.7644866704940796,0.6834768654192792,0.6834768654192792,fitted,platt_logistic_regression,0.42850215989437923,1,0.6242208636883068,0.07808564231738035,0.30142737195633923,interaction,1,False,0.8431372549019608,0.717948717948718,0.717948717948718,False,False,False
CC(C)(C(=O)O)ON=C(C1=CSC(=N1)N)C(=O)NC2C3N(C2=O)C(=C(CS3)C[N+]4=CC=CC=C4)C(=O)[O-],CC1NC2=CC(=C(C=C2C(=O)N1C3=CC=CC=C3C)S(=O)(=O)N)Cl,1,reported_twosides,0.7662811875343323,0.6854165688060019,0.6854165688060019,fitted,platt_logistic_regression,0.42850215989437923,1,0.6227189814451786,0.07724601175482787,0.30142737195633923,interaction,1,False,0.6428571428571429,0.36764705882352944,0.36764705882352944,False,False,True
CC(C)(C)C1=CC=C(C=C1)S(=O)(=O)NC2=C(C(=NC(=N2)C3=NC=CC=N3)OCCO)OC4=CC=CC=C4OC,CNC1CCC(C2=CC=CC=C12)C3=CC(=C(C=C3)Cl)Cl,1,reported_twosides,0.20039822161197662,0.17770438716567294,0.17770438716567294,fitted,platt_logistic_regression,0.42850215989437923,0,0.4678946286610256,0.4357682619647355,0.0327455919395466,no_interaction,1,False,0.2878787878787879,0.2641509433962264,0.2641509433962264,False,False,True
CCOC1=NC2=CC=CC(=C2N1CC3=CC=C(C=C3)C4=CC=CC=C4C5=NNN=N5)C(=O)O,CN(C)CC(C1=CC=C(C=C1)O)C2(CCCCC2)O,0,unreported_twosides_sampled,0.9947205781936646,0.9881039320429185,0.9881039320429185,fitted,platt_logistic_regression,0.42850215989437923,1,0.06454301599499634,0.0033585222502099076,0.8119227539882452,interaction,1,False,0.449438202247191,0.717948717948718,0.449438202247191,False,False,False
C1CN(CCN1CCCN2C(=O)N3C=CC=CC3=N2)C4=CC(=CC=C4)Cl,CCC(C)C(=O)OC1CC(C=C2C1C(C(C=C2)C)CCC(CC(CC(=O)O)O)O)O,1,reported_twosides,0.8550917506217957,0.7869972617814511,0.7869972617814511,fitted,platt_logistic_regression,0.42850215989437923,1,0.517907994835793,0.0436607892527288,0.4005037783375315,interaction,1,False,0.5522388059701493,0.5466666666666666,0.5466666666666666,False,False,False
CC(C[N+](C)(C)C)OC(=O)N,CN1CCC23C4C(=O)CCC2(C1CC5=C3C(=C(C=C5)OC)O4)O,0,unreported_twosides_sampled,0.12849682569503784,0.11828802830090984,0.11828802830090984,fitted,platt_logistic_regression,0.42850215989437923,0,0.36350007268916645,0.5331654072208228,0.0218303946263644,no_interaction,1,False,0.41379310344827586,0.609375,0.41379310344827586,False,False,False
C1=NC2=C(N1COC(CO)CO)NC(=NC2=O)N,CNS(=O)(=O)CC1=CC2=C(C=C1)NC=C2CCN(C)C,0,unreported_twosides_sampled,0.0030531147494912148,0.004108906066932849,0.004108906066932849,fitted,platt_logistic_regression,0.42850215989437923,0,0.026677241831924797,0.8832913518052057,0.0025188916876574307,no_interaction,1,False,0.7307692307692307,0.6538461538461539,0.6538461538461539,False,False,False
C1CC(OC1CO)N2C=NC3=C2NC=NC3=O,COC1=C(C=C(C=C1)C2=CC3=C(C=C2)C=C(C=C3)C(=O)O)C45CC6CC(C4)CC(C6)C5,0,unreported_twosides_sampled,0.4654240608215332,0.3982287924789471,0.3982287924789471,fitted,platt_logistic_regression,0.42850215989437923,0,0.6722869651444867,0.23341729638958858,0.10663308144416457,no_interaction|interaction,2,True,0.3492063492063492,0.288135593220339,0.288135593220339,False,False,True
C(C(C(C(C(CO)O)O)O)O)O,C1=CC(=C2C(=C1NCCNCCO)C(=O)C3=C(C=CC(=C3C2=O)O)O)NCCNCCO,1,reported_twosides,0.6950034499168396,0.6110718445667764,0.6110718445667764,fitted,platt_logistic_regression,0.42850215989437923,1,0.668266222314562,0.10075566750629723,0.24181360201511334,no_interaction|interaction,2,True,0.2,0.23529411764705882,0.2,False,False,True
C1=CC=C(C(=C1)CC(=O)[O-])NC2=C(C=CC=C2Cl)Cl,CCOC1=NC2=CC=CC(=C2N1CC3=CC=C(C=C3)C4=CC=CC=C4C5=NNN=N5)C(=O)O,1,reported_twosides,0.4206375479698181,0.35983459426959463,0.35983459426959463,fitted,platt_logistic_regression,0.42850215989437923,0,0.6533229668901344,0.2611251049538203,0.08900083963056256,no_interaction,1,False,0.3111111111111111,0.449438202247191,0.3111111111111111,False,False,True
CCC1=C(CN(C1=O)C(=O)NCCC2=CC=C(C=C2)S(=O)(=O)NC(=O)NC3CCC(CC3)C)C,CN1CCC23C4C(=O)CCC2(C1CC5=C3C(=C(C=C5)OC)O4)O,1,reported_twosides,0.02532973326742649,0.02741944650967643,0.02741944650967643,fitted,platt_logistic_regression,0.42850215989437923,0,0.12565416570898205,0.7321578505457599,0.006717044500419815,no_interaction,1,False,0.48,0.609375,0.48,False,False,False
C1CN(CCN1CCCN2C(=O)N3C=CC=CC3=N2)C4=CC(=CC=C4)Cl,CCC1=C(CN(C1=O)C(=O)NCCC2=CC=C(C=C2)S(=O)(=O)NC(=O)NC3CCC(CC3)C)C,0,unreported_twosides_sampled,0.03297892212867737,0.034741413865505076,0.034741413865505076,fitted,platt_logistic_regression,0.42850215989437923,0,0.1508558134644368,0.7044500419815282,0.008396305625524769,no_interaction,1,False,0.5522388059701493,0.48,0.48,False,False,False
C1=CC(=CC=C1CCC2=CNC3=C2C(=O)N=C(N3)N)C(=O)NC(CCC(=O)O)C(=O)O,CCC1=C2CN3C(=CC4=C(C3=O)COC(=O)C4(CC)O)C2=NC5=C1C=C(C=C5)OC(=O)N6CCC(CC6)N7CCCCC7,0,unreported_twosides_sampled,0.10881161689758301,0.10172010660119328,0.10172010660119328,fitted,platt_logistic_regression,0.42850215989437923,0,0.328846079351295,0.5650713685978169,0.019311502938706968,no_interaction,1,False,0.5,0.5164835164835165,0.5,False,False,False
CC(=O)CCCCN1C(=O)C2=C(N=CN2C)N(C1=O)C,C[N+]1(CCCC1)CC2=C(N3C(C(C3=O)NC(=O)C(=NOC)C4=CSC(=N4)N)SC2)C(=O)[O-],0,unreported_twosides_sampled,0.044030800461769104,0.045028227355440854,0.045028227355440854,fitted,platt_logistic_regression,0.42850215989437923,0,0.18360736346470466,0.6683459277917716,0.0109151973131822,no_interaction,1,False,0.2916666666666667,0.7631578947368421,0.2916666666666667,False,False,True
CN(C)CC(C1=CC=C(C=C1)O)C2(CCCCC2)O,CNC1CCC(C2=CC=CC=C12)C3=CC(=C(C=C3)Cl)Cl,1,reported_twosides,0.4179171323776245,0.3575248769605068,0.3575248769605068,fitted,platt_logistic_regression,0.42850215989437923,0,0.6519807895544967,0.26448362720403024,0.08648194794290512,no_interaction,1,False,0.717948717948718,0.2641509433962264,0.2641509433962264,False,False,True
C1C(N(C2=C(N1)NC(=NC2=O)N)C=O)CNC3=CC=C(C=C3)C(=O)NC(CCC(=O)O)C(=O)O,C1CC(=O)NC(=O)C1N2C(=O)C3=CC=CC=C3C2=O,1,reported_twosides,0.3276703655719757,0.2820557708959338,0.2820557708959338,fitted,platt_logistic_regression,0.42850215989437923,0,0.5948844481082047,0.32829554995801846,0.06213266162888329,no_interaction,1,False,0.5256410256410257,0.5454545454545454,0.5256410256410257,False,False,False
C1=CC(=CC=C1CCC2=CNC3=C2C(=O)N=C(N3)N)C(=O)NC(CCC(=O)O)C(=O)O,CN(C)CCC=C1C2=CC=CC=C2C=CC3=CC=CC=C31,1,reported_twosides,0.7503890991210938,0.6683702262873334,0.6683702262873334,fitted,platt_logistic_regression,0.42850215989437923,1,0.6353268154039333,0.08228379513014274,0.29303106633081444,interaction,1,False,0.5,0.6285714285714286,0.5,False,False,False
C1C(C(C(C(C1N)OC2C(C(C(C(O2)CO)O)N)O)O)OC3C(CC(C(O3)CN)O)N)N,CN1CCN(CC1)C2=C3C=CC=CC3=NC4=C(N2)C=C(C=C4)Cl,0,unreported_twosides_sampled,0.11201119422912598,0.10442661479714838,0.10442661479714838,fitted,platt_logistic_regression,0.42850215989437923,0,0.3347017761492624,0.5591939546599496,0.019311502938706968,no_interaction,1,False,0.7727272727272727,0.5,0.5,False,False,False
CCC1=C2CN3C(=CC4=C(C3=O)COC(=O)C4(CC)O)C2=NC5=C1C=C(C=C5)OC(=O)N6CCC(CC6)N7CCCCC7,CN1CCC23C4C(=O)CCC2(C1CC5=C3C(=C(C=C5)OC)O4)O,1,reported_twosides,0.22201679646968842,0.19540287539192452,0.19540287539192452,fitted,platt_logistic_regression,0.42850215989437923,0,0.49396302896216826,0.41225860621326615,0.037783375314861464,no_interaction,1,False,0.5164835164835165,0.609375,0.5164835164835165,False,False,False
CC(C)C(CC1=CC(=C(C=C1)OC)OCCCOC)CC(C(CC(C(C)C)C(=O)NCC(C)(C)C(=O)N)O)N,C[N+]1(CCCC1)CC2=C(N3C(C(C3=O)NC(=O)C(=NOC)C4=CSC(=N4)N)SC2)C(=O)[O-],0,unreported_twosides_sampled,0.07129072397947311,0.06943937018560685,0.06943937018560685,fitted,platt_logistic_regression,0.42850215989437923,0,0.25218635174818005,0.6188077246011755,0.015113350125944584,no_interaction,1,False,0.28735632183908044,0.7631578947368421,0.28735632183908044,False,False,True
CCOC1=NC2=CC=CC(=C2N1CC3=CC=C(C=C3)C4=CC=CC=C4C5=NNN=N5)C(=O)O,CN(C)CCCN1C2=CC=CC=C2CCC3=C1C=C(C=C3)Cl,0,unreported_twosides_sampled,0.2047737091779709,0.18128934373116953,0.18128934373116953,fitted,platt_logistic_regression,0.42850215989437923,0,0.47334295893365896,0.4332493702770781,0.033585222502099076,no_interaction,1,False,0.449438202247191,0.7631578947368421,0.449438202247191,False,False,False
CC(=O)CCCCN1C(=O)C2=C(N=CN2C)N(C1=O)C,CN1CCC23C4C(=O)CCC2(C1CC5=C3C(=C(C=C5)OC)O4)O,1,reported_twosides,0.05359005182981491,0.053718105585827285,0.053718105585827285,fitted,platt_logistic_regression,0.42850215989437923,0,0.2093207544989729,0.6481947942905122,0.0109151973131822,no_interaction,1,False,0.2916666666666667,0.609375,0.2916666666666667,False,False,True
CN(C)CC(C1=CC=C(C=C1)O)C2(CCCCC2)O,CN(C)CCC=C1C2=CC=CC=C2C=CC3=CC=CC=C31,1,reported_twosides,0.9961866736412048,0.9911043897453979,0.9911043897453979,fitted,platt_logistic_regression,0.42850215989437923,1,0.050862753672215905,0.0033585222502099076,0.8387909319899244,interaction,1,False,0.717948717948718,0.6285714285714286,0.6285714285714286,False,False,False
C1CN(CCN1CCOCCO)C(C2=CC=CC=C2)C3=CC=C(C=C3)Cl,CCC(CO)NCCNC(CC)CO,1,reported_twosides,0.18090812861919403,0.1617081567730749,0.1617081567730749,fitted,platt_logistic_regression,0.42850215989437923,0,0.4424915691103468,0.4643157010915197,0.031066330814441646,no_interaction,1,False,0.7446808510638298,0.21951219512195122,0.21951219512195122,False,False,True
C1CN1P(=S)(N2CC2)N3CC3,CCOC1=NC2=CC=CC(=C2N1CC3=CC=C(C=C3)C4=CC=CC=C4C5=NNN=N5)C(=O)O,0,unreported_twosides_sampled,0.05690384283661842,0.05669428343575474,0.05669428343575474,fitted,platt_logistic_regression,0.42850215989437923,0,0.21777313605482257,0.6431570109151973,0.012594458438287154,no_interaction,1,False,0.1111111111111111,0.449438202247191,0.1111111111111111,False,False,True
C1CC(=O)NC(=O)C1N2C(=O)C3=CC=CC=C3C2=O,CN1CCC23C4C(=O)CCC2(C1CC5=C3C(=C(C=C5)OC)O4)O,1,reported_twosides,0.4324052333831787,0.3698538221173717,0.3698538221173717,fitted,platt_logistic_regression,0.42850215989437923,0,0.6588778365192893,0.25356842989084805,0.09319899244332494,no_interaction,1,False,0.5454545454545454,0.609375,0.5454545454545454,False,False,False
CC(C)(C(=O)O)ON=C(C1=CSC(=N1)N)C(=O)NC2C3N(C2=O)C(=C(CS3)C[N+]4=CC=CC=C4)C(=O)[O-],CC(CC1=CC=CC=C1)N(C)CC#C,0,unreported_twosides_sampled,0.04816359654068947,0.048805613757819874,0.048805613757819874,fitted,platt_logistic_regression,0.42850215989437923,0,0.1949833148801972,0.6591099916036943,0.0109151973131822,no_interaction,1,False,0.6428571428571429,0.42424242424242425,0.42424242424242425,False,False,False
C(CN)CNCCSP(=O)(O)O,CC(C1C(=O)NC(CSSCC(C(=O)NC(C(=O)NC(C(=O)NC(C(=O)N1)CCCCN)CC2=CNC3=CC=CC=C32)CC4=CC=CC=C4)NC(=O)C(CC5=CC=CC=C5)N)C(=O)NC(CO)C(C)O)O,0,unreported_twosides_sampled,0.10503873229026794,0.09852097507515847,0.09852097507515847,fitted,platt_logistic_regression,0.42850215989437923,0,0.3218210169561741,0.5717884130982368,0.019311502938706968,no_interaction,1,False,0.3333333333333333,0.3333333333333333,0.3333333333333333,False,False,True
CC(C)(C)C1=CC=C(C=C1)S(=O)(=O)NC2=C(C(=NC(=N2)C3=NC=CC=N3)OCCO)OC4=CC=CC=C4OC,CN(C)CCC=C1C2=CC=CC=C2C=CC3=CC=CC=C31,1,reported_twosides,0.3453919589519501,0.296724362989048,0.296724362989048,fitted,platt_logistic_regression,0.42850215989437923,0,0.6080632611686928,0.31905961376994124,0.0688497061293031,no_interaction,1,False,0.2878787878787879,0.6285714285714286,0.2878787878787879,False,False,True
CC1=CN(C(=O)NC1=O)C2C=CC(O2)CO,CCC1=C2CN3C(=CC4=C(C3=O)COC(=O)C4(CC)O)C2=NC5=C1C=C(C=C5)OC(=O)N6CCC(CC6)N7CCCCC7,0,unreported_twosides_sampled,0.45331311225891113,0.3877740962570171,0.3877740962570171,fitted,platt_logistic_regression,0.42850215989437923,0,0.6677419924241966,0.24181360201511334,0.09991603694374475,no_interaction,1,False,0.5652173913043478,0.5164835164835165,0.5164835164835165,False,False,False
C(CN)CNCCSP(=O)(O)O,CCCC1=NC(=C2N1NC(=NC2=O)C3=C(C=CC(=C3)S(=O)(=O)N4CCN(CC4)CC)OCC)C,0,unreported_twosides_sampled,0.32593825459480286,0.2806251850837405,0.2806251850837405,fitted,platt_logistic_regression,0.42850215989437923,0,0.5935428118118949,0.32913518052057095,0.06213266162888329,no_interaction,1,False,0.3333333333333333,0.5657894736842105,0.3333333333333333,False,False,True
C1=NC2=C(N1COC(CO)CO)NC(=NC2=O)N,CC1=C(N2C(C(C2=O)NC(=O)C(C3=CC=CC=C3)N)SC1)C(=O)O,1,reported_twosides,0.013500708155333996,0.015595829117280725,0.015595829117280725,fitted,platt_logistic_regression,0.42850215989437923,0,0.08036395049153953,0.7909319899244333,0.0033585222502099076,no_interaction,1,False,0.7307692307692307,0.8431372549019608,0.7307692307692307,False,False,False
C1CN(CCN1CCOCCO)C(C2=CC=CC=C2)C3=CC=C(C=C3)Cl,CCOC1=NC2=CC=CC(=C2N1CC3=CC=C(C=C3)C4=CC=CC=C4C5=NNN=N5)C(=O)O,1,reported_twosides,0.998078465461731,0.9951836545512739,0.9951836545512739,fitted,platt_logistic_regression,0.42850215989437923,1,0.030503494505084723,0.0025188916876574307,0.8706968933669186,interaction,1,False,0.7446808510638298,0.449438202247191,0.449438202247191,False,False,False
CC(=O)NCC1CN(C(=O)O1)C2=CC(=C(C=C2)N3CCOCC3)F,CC1C(C(=O)N1S(=O)(=O)O)NC(=O)C(=NOC(C)(C)C(=O)O)C2=CSC(=N2)N,1,reported_twosides,0.4631189703941345,0.3962345525314697,0.3962345525314697,fitted,platt_logistic_regression,0.42850215989437923,0,0.6714553394687373,0.23341729638958858,0.10663308144416457,no_interaction|interaction,2,True,0.23376623376623376,0.4444444444444444,0.23376623376623376,False,False,True
C1CC(=O)NC(=O)C1N2C(=O)C3=CC=CC=C3C2=O,CN(C)CCCN1C2=CC=CC=C2CCC3=C1C=C(C=C3)Cl,0,unreported_twosides_sampled,0.0844554752111435,0.08089772638972881,0.08089772638972881,fitted,platt_logistic_regression,0.42850215989437923,0,0.280956474798227,0.6036943744752309,0.017632241813602016,no_interaction,1,False,0.5454545454545454,0.7631578947368421,0.5454545454545454,False,False,False
CC(C1C(=O)NC(CSSCC(C(=O)NC(C(=O)NC(C(=O)NC(C(=O)N1)CCCCN)CC2=CNC3=CC=CC=C32)CC4=CC=CC=C4)NC(=O)C(CC5=CC=CC=C5)N)C(=O)NC(CO)C(C)O)O,CN1CCC23C4C(=O)CCC2(C1CC5=C3C(=C(C=C5)OC)O4)O,1,reported_twosides,0.24978786706924438,0.2181137583917453,0.2181137583917453,fitted,platt_logistic_regression,0.42850215989437923,0,0.5245102206196581,0.3929471032745592,0.04450041981528128,no_interaction,1,False,0.3333333333333333,0.609375,0.3333333333333333,False,False,True
C1CN(CCN1CCCN2C(=O)N3C=CC=CC3=N2)C4=CC(=CC=C4)Cl,CC(=O)CCCCN1C(=O)C2=C(N=CN2C)N(C1=O)C,1,reported_twosides,0.10524382442235947,0.0986950992757737,0.0986950992757737,fitted,platt_logistic_regression,0.42850215989437923,0,0.32220631681962963,0.5717884130982368,0.019311502938706968,no_interaction,1,False,0.5522388059701493,0.2916666666666667,0.2916666666666667,False,False,True
C1=CC(=C2C(=C1NCCNCCO)C(=O)C3=C(C=CC(=C3C2=O)O)O)NCCNCCO,CC(CC1=CC=CC=C1)N(C)CC#C,0,unreported_twosides_sampled,0.04842815920710564,0.049046317211145406,0.049046317211145406,fitted,platt_logistic_regression,0.42850215989437923,0,0.19569755054664276,0.6591099916036943,0.0109151973131822,no_interaction,1,False,0.23529411764705882,0.42424242424242425,0.23529411764705882,False,False,True
CCCCC1=NC(=C(N1CC2=CC=C(C=C2)C3=CC=CC=C3C4=NNN=N4)CO)Cl,CN(C)CCCN1C2=CC=CC=C2CCC3=C1C=C(C=C3)Cl,1,reported_twosides,0.20032387971878052,0.17764346070081824,0.17764346070081824,fitted,platt_logistic_regression,0.42850215989437923,0,0.4678012779220984,0.4357682619647355,0.0327455919395466,no_interaction,1,False,0.5142857142857142,0.7631578947368421,0.5142857142857142,False,False,False
C1C(C(C(C(C1N)OC2C(C(C(C(O2)CO)O)N)O)O)OC3C(CC(C(O3)CN)O)N)N,CC(=O)NCC1CN(C(=O)O1)C2=CC(=C(C=C2)N3CCOCC3)F,1,reported_twosides,0.13468512892723083,0.12345966362319083,0.12345966362319083,fitted,platt_logistic_regression,0.42850215989437923,0,0.37376192030101957,0.5239294710327456,0.022670025188916875,no_interaction,1,False,0.7727272727272727,0.23376623376623376,0.23376623376623376,False,False,True
C(C(C(C(C(CO)O)O)O)O)O,CC1=CN(C(=O)NC1=O)C2C=CC(O2)CO,0,unreported_twosides_sampled,0.5091096758842468,0.4364435889611623,0.4364435889611623,fitted,platt_logistic_regression,0.42850215989437923,1,0.6850464480955449,0.20570948782535683,0.12342569269521411,no_interaction|interaction,2,True,0.2,0.5652173913043478,0.2,False,False,True
CC(C)C(CC1=CC(=C(C=C1)OC)OCCCOC)CC(C(CC(C(C)C)C(=O)NCC(C)(C)C(=O)N)O)N,CN1CCC23C4C(=O)CCC2(C1CC5=C3C(=C(C=C5)OC)O4)O,0,unreported_twosides_sampled,0.036864157766103745,0.0383920275146574,0.0383920275146574,fitted,platt_logistic_regression,0.42850215989437923,0,0.1627998170245189,0.6960537363560033,0.008396305625524769,no_interaction,1,False,0.28735632183908044,0.609375,0.28735632183908044,False,False,True
C1C(N(C2=C(N1)NC(=NC2=O)N)C=O)CNC3=CC=C(C=C3)C(=O)NC(CCC(=O)O)C(=O)O,CC1(C(N2C(S1)C(C2=O)NC(=O)C(C3=CC=CC=C3)N)C(=O)[O-])C,1,reported_twosides,0.8250040411949158,0.7512291589820353,0.7512291589820353,fitted,platt_logistic_regression,0.42850215989437923,1,0.5609807421570466,0.051217464315701094,0.36272040302267,interaction,1,False,0.5256410256410257,0.7090909090909091,0.5256410256410257,False,False,False
CC(C)(C)C1=CC=C(C=C1)S(=O)(=O)NC2=C(C(=NC(=N2)C3=NC=CC=N3)OCCO)OC4=CC=CC=C4OC,CC(C1C(=O)NC(CSSCC(C(=O)NC(C(=O)NC(C(=O)NC(C(=O)N1)CCCCN)CC2=CNC3=CC=CC=C32)CC4=CC=CC=C4)NC(=O)C(CC5=CC=CC=C5)N)C(=O)NC(CO)C(C)O)O,1,reported_twosides,0.08972163498401642,0.08543694415502225,0.08543694415502225,fitted,platt_logistic_regression,0.42850215989437923,0,0.29185147548278056,0.5978169605373636,0.018471872376154493,no_interaction,1,False,0.2878787878787879,0.3333333333333333,0.2878787878787879,False,False,True
C1CC(=O)NC(=O)C1N2C(=O)C3=CC=CC=C3C2=O,CN(C)CCC=C1C2=CC=CC=C2C=CC3=CC=CC=C31,1,reported_twosides,0.27331531047821045,0.23736835088094183,0.23736835088094183,fitted,platt_logistic_regression,0.42850215989437923,0,0.5480274477063023,0.37531486146095716,0.04869857262804366,no_interaction,1,False,0.5454545454545454,0.6285714285714286,0.5454545454545454,False,False,False
C1C(N(C2=C(N1)NC(=NC2=O)N)C=O)CNC3=CC=C(C=C3)C(=O)NC(CCC(=O)O)C(=O)O,CC(C1C(=O)NC(CSSCC(C(=O)NC(C(=O)NC(C(=O)NC(C(=O)N1)CCCCN)CC2=CNC3=CC=CC=C32)CC4=CC=CC=C4)NC(=O)C(CC5=CC=CC=C5)N)C(=O)NC(CO)C(C)O)O,1,reported_twosides,0.2591712474822998,0.2257896250133642,0.2257896250133642,fitted,platt_logistic_regression,0.42850215989437923,0,0.5341386330890378,0.38455079764903444,0.04534005037783375,no_interaction,1,False,0.5256410256410257,0.3333333333333333,0.3333333333333333,False,False,True
CC1NC2=CC(=C(C=C2C(=O)N1C3=CC=CC=C3C)S(=O)(=O)N)Cl,CCCCC1=NC(=C(N1CC2=CC=C(C=C2)C3=CC=CC=C3C4=NNN=N4)CO)Cl,1,reported_twosides,0.473421573638916,0.40516424254870625,0.40516424254870625,fitted,platt_logistic_regression,0.42850215989437923,0,0.6750501044287089,0.23005877413937867,0.10663308144416457,no_interaction|interaction,2,True,0.36764705882352944,0.5142857142857142,0.36764705882352944,False,False,True
CCCC1=NC(=C2N1NC(=NC2=O)C3=C(C=CC(=C3)S(=O)(=O)N4CCN(CC4)CC)OCC)C,CNC1CCC(C2=CC=CC=C12)C3=CC(=C(C=C3)Cl)Cl,1,reported_twosides,0.2583394944667816,0.22510908425279882,0.22510908425279882,fitted,platt_logistic_regression,0.42850215989437923,0,0.5332987179482134,0.38455079764903444,0.04534005037783375,no_interaction,1,False,0.5657894736842105,0.2641509433962264,0.2641509433962264,False,False,True
CC(=O)CCCCN1C(=O)C2=C(N=CN2C)N(C1=O)C,CN(C)CC(C1=CC=C(C=C1)O)C2(CCCCC2)O,0,unreported_twosides_sampled,0.8437461853027344,0.7733231303191271,0.7733231303191271,fitted,platt_logistic_regression,0.42850215989437923,1,0.5352296818724525,0.04534005037783375,0.38455079764903444,interaction,1,False,0.2916666666666667,0.717948717948718,0.2916666666666667,False,False,True
C1=CC=C(C(=C1)CC(=O)[O-])NC2=C(C=CC=C2Cl)Cl,CN1CCC23C4C(=O)CCC2(C1CC5=C3C(=C(C=C5)OC)O4)O,1,reported_twosides,0.47578245401382446,0.4072165612930978,0.4072165612930978,fitted,platt_logistic_regression,0.42850215989437923,0,0.67582944635016,0.23005877413937867,0.10831234256926953,no_interaction|interaction,2,True,0.3111111111111111,0.609375,0.3111111111111111,False,False,True
C1=CC(=CC=C1CCC2=CNC3=C2C(=O)N=C(N3)N)C(=O)NC(CCC(=O)O)C(=O)O,CCCC1=NC(=C2N1NC(=NC2=O)C3=C(C=CC(=C3)S(=O)(=O)N4CCN(CC4)CC)OCC)C,0,unreported_twosides_sampled,0.7155833840370178,0.6320050231594578,0.6320050231594578,fitted,platt_logistic_regression,0.42850215989437923,1,0.6578799440238474,0.09319899244332494,0.25524769101595296,interaction,1,False,0.5,0.5657894736842105,0.5,False,False,False
CC(=O)NCC1CN(C(=O)O1)C2=CC(=C(C=C2)N3CCOCC3)F,CNC1CCC(C2=CC=CC=C12)C3=CC(=C(C=C3)Cl)Cl,1,reported_twosides,0.31455329060554504,0.27123465953664916,0.27123465953664916,fitted,platt_logistic_regression,0.42850215989437923,0,0.58448299704794,0.3341729638958858,0.05961376994122586,no_interaction,1,False,0.23376623376623376,0.2641509433962264,0.23376623376623376,False,False,True
C(C(C(C(C(CO)O)O)O)O)O,C1CN(CCN1CCCN2C(=O)N3C=CC=CC3=N2)C4=CC(=CC=C4)Cl,0,unreported_twosides_sampled,0.02783587947487831,0.029840392591975476,0.029840392591975476,fitted,platt_logistic_regression,0.42850215989437923,0,0.13418691861699691,0.7170445004198153,0.008396305625524769,no_interaction,1,False,0.2,0.5522388059701493,0.2,False,False,True
CC(C)(C(=O)O)ON=C(C1=CSC(=N1)N)C(=O)NC2C3N(C2=O)C(=C(CS3)C[N+]4=CC=CC=C4)C(=O)[O-],CNC1CCC(C2=CC=CC=C12)C3=CC(=C(C=C3)Cl)Cl,1,reported_twosides,0.06526423245668411,0.06413262116870899,0.06413262116870899,fitted,platt_logistic_regression,0.42850215989437923,0,0.23819031605909796,0.6314021830394626,0.014273719563392108,no_interaction,1,False,0.6428571428571429,0.2641509433962264,0.2641509433962264,False,False,True
C1CC(=O)NC(=O)C1N2C(=O)C3=CC=CC=C3C2=O,CC1=C(N2C(C(C2=O)NC(=O)C(C3=CC=CC=C3)N)SC1)C(=O)O,1,reported_twosides,0.05555146560072899,0.05548173855664372,0.05548173855664372,fitted,platt_logistic_regression,0.42850215989437923,0,0.2143499639231286,0.6448362720403022,0.012594458438287154,no_interaction,1,False,0.5454545454545454,0.8431372549019608,0.5454545454545454,False,False,False
C1C(C(C(C(C1N)OC2C(C(C(C(O2)CO)O)N)O)O)OC3C(CC(C(O3)CN)O)N)N,CN(C)CC(C1=CC=C(C=C1)O)C2(CCCCC2)O,0,unreported_twosides_sampled,0.47907352447509766,0.4100813391516128,0.4100813391516128,fitted,platt_logistic_regression,0.42850215989437923,0,0.6768881376950332,0.22837951301427373,0.11167086481947942,no_interaction|interaction,2,True,0.7727272727272727,0.717948717948718,0.717948717948718,False,False,False
CC(=O)CCCCN1C(=O)C2=C(N=CN2C)N(C1=O)C,CCC1=C2CN3C(=CC4=C(C3=O)COC(=O)C4(CC)O)C2=NC5=C1C=C(C=C5)OC(=O)N6CCC(CC6)N7CCCCC7,0,unreported_twosides_sampled,0.01894114539027214,0.02112864873138883,0.02112864873138883,fitted,platt_logistic_regression,0.42850215989437923,0,0.10239969765243198,0.7657430730478589,0.0033585222502099076,no_interaction,1,False,0.2916666666666667,0.5164835164835165,0.2916666666666667,False,False,True
C(CN)CNCCSP(=O)(O)O,C1=CC=C(C(=C1)CC(=O)[O-])NC2=C(C=CC=C2Cl)Cl,0,unreported_twosides_sampled,0.5093792080879211,0.4366819982806121,0.4366819982806121,fitted,platt_logistic_regression,0.42850215989437923,1,0.6851072719573281,0.20570948782535683,0.12342569269521411,no_interaction|interaction,2,True,0.3333333333333333,0.3111111111111111,0.3111111111111111,False,False,True
CC1C(C(=O)N1S(=O)(=O)O)NC(=O)C(=NOC(C)(C)C(=O)O)C2=CSC(=N2)N,CNC1CCC(C2=CC=CC=C12)C3=CC(=C(C=C3)Cl)Cl,0,unreported_twosides_sampled,0.2362627238035202,0.20705352830783685,0.20705352830783685,fitted,platt_logistic_regression,0.42850215989437923,0,0.5100265594000526,0.40470193115029385,0.041981528127623846,no_interaction,1,False,0.4444444444444444,0.2641509433962264,0.2641509433962264,False,False,True
C1CC(=O)NC(=O)C1N2C(=O)C3=CC=CC=C3C2=O,CCOC1=NC2=CC=CC(=C2N1CC3=CC=C(C=C3)C4=CC=CC=C4C5=NNN=N5)C(=O)O,1,reported_twosides,0.1404133141040802,0.12823357473840719,0.12823357473840719,fitted,platt_logistic_regression,0.42850215989437923,0,0.3830149569507008,0.5188916876574308,0.023509655751469353,no_interaction,1,False,0.5454545454545454,0.449438202247191,0.449438202247191,False,False,False
C1=CC(=CC=C1CCC2=CNC3=C2C(=O)N=C(N3)N)C(=O)NC(CCC(=O)O)C(=O)O,CC1=C(N2C(C(C2=O)NC(=O)C(C3=CC=CC=C3)N)SC1)C(=O)O,0,unreported_twosides_sampled,0.21002136170864105,0.1855866735577021,0.1855866735577021,fitted,platt_logistic_regression,0.42850215989437923,0,0.4797599370873601,0.4256926952141058,0.03442485306465155,no_interaction,1,False,0.5,0.8431372549019608,0.5,False,False,False
C(C(C(C(C(CO)O)O)O)O)O,CN(C)NN=C1C(=NC=N1)C(=O)N,0,unreported_twosides_sampled,0.5165678262710571,0.44305323302825456,0.44305323302825456,fitted,platt_logistic_regression,0.42850215989437923,1,0.686647216592875,0.20235096557514692,0.12846347607052896,no_interaction|interaction,2,True,0.2,0.24390243902439024,0.2,False,False,True
C1CC(OC1CO)N2C=NC3=C2NC=NC3=O,CNS(=O)(=O)CC1=CC2=C(C=C1)NC=C2CCN(C)C,0,unreported_twosides_sampled,0.006296087056398392,0.00786755910758276,0.00786755910758276,fitted,platt_logistic_regression,0.42850215989437923,0,0.04595491060205266,0.8455079764903443,0.0033585222502099076,no_interaction,1,False,0.3492063492063492,0.6538461538461539,0.3492063492063492,False,False,True
C1=CC=C(C(=C1)CC(=O)[O-])NC2=C(C=CC=C2Cl)Cl,CC1=C(N2C(C(C2=O)NC(=O)C(C3=CC=CC=C3)N)SC1)C(=O)O,1,reported_twosides,0.47140347957611084,0.4034117159005231,0.4034117159005231,fitted,platt_logistic_regression,0.42850215989437923,0,0.6743707719244909,0.23089840470193115,0.10663308144416457,no_interaction|interaction,2,True,0.3111111111111111,0.8431372549019608,0.3111111111111111,False,False,True
CCCC1=NC(=C2N1NC(=NC2=O)C3=C(C=CC(=C3)S(=O)(=O)N4CCN(CC4)CC)OCC)C,CCOC1=NC2=CC=CC(=C2N1CC3=CC=C(C=C3)C4=CC=CC=C4C5=NNN=N5)C(=O)O,1,reported_twosides,0.9475904703140259,0.9099652561868895,0.9099652561868895,fitted,platt_logistic_regression,0.42850215989437923,1,0.30261820022838626,0.018471872376154493,0.5894206549118388,interaction,1,False,0.5657894736842105,0.449438202247191,0.449438202247191,False,False,False
C1CC(OC1CO)N2C=NC3=C2NC=NC3=O,C[N+]1(CCCC1)CC2=C(N3C(C(C3=O)NC(=O)C(=NOC)C4=CSC(=N4)N)SC2)C(=O)[O-],0,unreported_twosides_sampled,0.3321146070957184,0.2857288040744395,0.2857288040744395,fitted,platt_logistic_regression,0.42850215989437923,0,0.5982828911076956,0.3249370277078086,0.06297229219143577,no_interaction,1,False,0.3492063492063492,0.7631578947368421,0.3492063492063492,False,False,True
C1CN(CCN1CCCN2C(=O)N3C=CC=CC3=N2)C4=CC(=CC=C4)Cl,CCOC1=NC2=CC=CC(=C2N1CC3=CC=C(C=C3)C4=CC=CC=C4C5=NNN=N5)C(=O)O,1,reported_twosides,0.9729796051979065,0.9494228565130748,0.9494228565130748,fitted,platt_logistic_regression,0.42850215989437923,1,0.20021111357360544,0.0109151973131822,0.6557514693534845,interaction,1,False,0.5522388059701493,0.449438202247191,0.449438202247191,False,False,False
C(C(C(C(C(CO)O)O)O)O)O,CC(CC1=CC=CC=C1)N(C)CC#C,0,unreported_twosides_sampled,0.04820889234542847,0.04884683373828957,0.04884683373828957,fitted,platt_logistic_regression,0.42850215989437923,0,0.19510571469650995,0.6591099916036943,0.0109151973131822,no_interaction,1,False,0.2,0.42424242424242425,0.2,False,False,True
CC(C)(C(=O)O)ON=C(C1=CSC(=N1)N)C(=O)NC2C3N(C2=O)C(=C(CS3)C[N+]4=CC=CC=C4)C(=O)[O-],CCC(C)C(=O)OC1CC(C=C2C1C(C(C=C2)C)CCC(CC(CC(=O)O)O)O)O,1,reported_twosides,0.10150276124477386,0.09551476398688571,0.09551476398688571,fitted,platt_logistic_regression,0.42850215989437923,0,0.3151146195848624,0.5768261964735516,0.019311502938706968,no_interaction,1,False,0.6428571428571429,0.5466666666666666,0.5466666666666666,False,False,False
CCC1=C(CN(C1=O)C(=O)NCCC2=CC=C(C=C2)S(=O)(=O)NC(=O)NC3CCC(CC3)C)C,CCC1=C2CN3C(=CC4=C(C3=O)COC(=O)C4(CC)O)C2=NC5=C1C=C(C=C5)OC(=O)N6CCC(CC6)N7CCCCC7,0,unreported_twosides_sampled,0.013937297277152538,0.016047365602710115,0.016047365602710115,fitted,platt_logistic_regression,0.42850215989437923,0,0.08222900622494084,0.7892527287993283,0.0033585222502099076,no_interaction,1,False,0.48,0.5164835164835165,0.48,False,False,False
C(C(C(C(C(CO)O)O)O)O)O,CCC(C)C(=O)OC1CC(C=C2C1C(C(C=C2)C)CCC(CC(CC(=O)O)O)O)O,0,unreported_twosides_sampled,0.1698393076658249,0.15259689078538713,0.15259689078538713,fitted,platt_logistic_regression,0.42850215989437923,0,0.42718733543337717,0.4760705289672544,0.030226700251889168,no_interaction,1,False,0.2,0.5466666666666666,0.2,False,False,True
CC1(OC2CC3C4CC(C5=CC(=O)C=CC5(C4C(CC3(C2(O1)C(=O)CO)C)O)C)F)C,CC1=C(N2C(C(C2=O)NC(=O)C(C3=CC=CC=C3)N)SC1)C(=O)O,1,reported_twosides,0.17321962118148804,0.15538186567425194,0.15538186567425194,fitted,platt_logistic_regression,0.42850215989437923,0,0.43193198983162556,0.47103274559193953,0.030226700251889168,no_interaction,1,False,0.7076923076923077,0.8431372549019608,0.7076923076923077,False,False,False
C1CN(CCN1CCOCCO)C(C2=CC=CC=C2)C3=CC=C(C=C3)Cl,CCCCC1=NC(=C(N1CC2=CC=C(C=C2)C3=CC=CC=C3C4=NNN=N4)CO)Cl,1,reported_twosides,0.98978590965271,0.9785849999285688,0.9785849999285688,fitted,platt_logistic_regression,0.42850215989437923,1,0.10349610202633752,0.0033585222502099076,0.7615449202350966,interaction,1,False,0.7446808510638298,0.5142857142857142,0.5142857142857142,False,False,False
CC(C1=CC(=CC(=C1)C(F)(F)F)C(F)(F)F)OC2C(N(CCO2)CC3=NC(=O)NN3)C4=CC=C(C=C4)F,CCCCC1=NC(=C(N1CC2=CC=C(C=C2)C3=CC=CC=C3C4=NNN=N4)CO)Cl,1,reported_twosides,0.5978382229804993,0.516979024117391,0.516979024117391,fitted,platt_logistic_regression,0.42850215989437923,1,0.6925704951761167,0.15785054575986565,0.17800167926112512,no_interaction|interaction,2,True,0.2235294117647059,0.5142857142857142,0.2235294117647059,False,False,True
C1=CC=C(C(=C1)CC(=O)[O-])NC2=C(C=CC=C2Cl)Cl,C1CC(=O)NC(=O)C1N2C(=O)C3=CC=CC=C3C2=O,1,reported_twosides,0.7648098468780518,0.6838259036518258,0.6838259036518258,fitted,platt_logistic_regression,0.42850215989437923,1,0.6239518936616227,0.07808564231738035,0.30142737195633923,interaction,1,False,0.3111111111111111,0.5454545454545454,0.3111111111111111,False,False,True
C1=CC(=C2C(=C1NCCNCCO)C(=O)C3=C(C=CC(=C3C2=O)O)O)NCCNCCO,C1C(N(C2=C(N1)NC(=NC2=O)N)C=O)CNC3=CC=C(C=C3)C(=O)NC(CCC(=O)O)C(=O)O,1,reported_twosides,0.5034186244010925,0.4314175808830452,0.4314175808830452,fitted,platt_logistic_regression,0.42850215989437923,1,0.683710362059969,0.20990764063811923,0.12090680100755667,no_interaction|interaction,2,True,0.23529411764705882,0.5256410256410257,0.23529411764705882,False,False,True
CC(C)(C)C1=CC=C(C=C1)S(=O)(=O)NC2=C(C(=NC(=N2)C3=NC=CC=N3)OCCO)OC4=CC=CC=C4OC,CCC1=C(CN(C1=O)C(=O)NCCC2=CC=C(C=C2)S(=O)(=O)NC(=O)NC3CCC(CC3)C)C,1,reported_twosides,0.7842742800712585,0.7050849694544983,0.7050849694544983,fitted,platt_logistic_regression,0.42850215989437923,1,0.6064940532248536,0.06801007556675064,0.3198992443324937,interaction,1,False,0.2878787878787879,0.48,0.2878787878787879,False,False,True
CC(C)(C)C1=CC=C(C=C1)S(=O)(=O)NC2=C(C(=NC(=N2)C3=NC=CC=N3)OCCO)OC4=CC=CC=C4OC,CC1NC2=CC(=C(C=C2C(=O)N1C3=CC=CC=C3C)S(=O)(=O)N)Cl,1,reported_twosides,0.07697033882141113,0.07440374262980455,0.07440374262980455,fitted,platt_logistic_regression,0.42850215989437923,0,0.26488391393179395,0.6129303106633082,0.016792611251049538,no_interaction,1,False,0.2878787878787879,0.36764705882352944,0.2878787878787879,False,False,True
CC(=O)CCCCN1C(=O)C2=C(N=CN2C)N(C1=O)C,CC(=O)NCC1CN(C(=O)O1)C2=CC(=C(C=C2)N3CCOCC3)F,1,reported_twosides,0.13271498680114746,0.12181486675430253,0.12181486675430253,fitted,platt_logistic_regression,0.42850215989437923,0,0.3705254585527286,0.5264483627204031,0.0218303946263644,no_interaction,1,False,0.2916666666666667,0.23376623376623376,0.23376623376623376,False,False,True
C1CC(OC1CO)N2C=NC3=C2NC=NC3=O,CNC1CCC(C2=CC=CC=C12)C3=CC(=C(C=C3)Cl)Cl,1,reported_twosides,0.07363950461149216,0.07149648029590995,0.07149648029590995,fitted,platt_logistic_regression,0.42850215989437923,0,0.25749278859516556,0.617968094038623,0.01595298068849706,no_interaction,1,False,0.3492063492063492,0.2641509433962264,0.2641509433962264,False,False,True
C(C(C(C(C(CO)O)O)O)O)O,CCOC1=NC2=CC=CC(=C2N1CC3=CC=C(C=C3)C4=CC=CC=C4C5=NNN=N5)C(=O)O,0,unreported_twosides_sampled,0.13065366446971893,0.12009229300524495,0.12009229300524495,fitted,platt_logistic_regression,0.42850215989437923,0,0.367108838317842,0.5298068849706129,0.0218303946263644,no_interaction,1,False,0.2,0.449438202247191,0.2,False,False,True
C1=CC=C(C(=C1)CC(=O)[O-])NC2=C(C=CC=C2Cl)Cl,CCC(CO)NCCNC(CC)CO,0,unreported_twosides_sampled,0.2764546573162079,0.2399401951734908,0.2399401951734908,fitted,platt_logistic_regression,0.42850215989437923,0,0.5510109824839793,0.3719563392107473,0.04953820319059614,no_interaction,1,False,0.3111111111111111,0.21951219512195122,0.21951219512195122,False,False,True
CCCC1=NC(=C2N1NC(=NC2=O)C3=C(C=CC(=C3)S(=O)(=O)N4CCN(CC4)CC)OCC)C,COC1=C(C=C(C=C1)C2=CC3=C(C=C2)C=C(C=C3)C(=O)O)C45CC6CC(C4)CC(C6)C5,0,unreported_twosides_sampled,0.3386915922164917,0.29117119770250716,0.29117119770250716,fitted,platt_logistic_regression,0.42850215989437923,0,0.6031970259814552,0.32157850545759864,0.06633081444164568,no_interaction,1,False,0.5657894736842105,0.288135593220339,0.288135593220339,False,False,True
CC(C)(C(=O)O)ON=C(C1=CSC(=N1)N)C(=O)NC2C3N(C2=O)C(=C(CS3)C[N+]4=CC=CC=C4)C(=O)[O-],CC1=C(N2C(C(C2=O)NC(=O)C(C3=CC=CC=C3)N)SC1)C(=O)O,0,unreported_twosides_sampled,0.561947226524353,0.48387490447503567,0.48387490447503567,fitted,platt_logistic_regression,0.42850215989437923,1,0.6926270529647394,0.17800167926112512,0.15869017632241814,no_interaction|interaction,2,True,0.6428571428571429,0.8431372549019608,0.6428571428571429,False,False,False
C1CC(OC1CO)N2C=NC3=C2NC=NC3=O,CN(C)CCC=C1C2=CC=CC=C2C=CC3=CC=CC=C31,1,reported_twosides,0.21128542721271515,0.18662150622369789,0.18662150622369789,fitted,platt_logistic_regression,0.42850215989437923,0,0.48128686121012476,0.4256926952141058,0.03442485306465155,no_interaction,1,False,0.3492063492063492,0.6285714285714286,0.3492063492063492,False,False,True
CC1NC2=CC(=C(C=C2C(=O)N1C3=CC=CC=C3C)S(=O)(=O)N)Cl,CNS(=O)(=O)CC1=CC2=C(C=C1)NC=C2CCN(C)C,0,unreported_twosides_sampled,0.05516582354903221,0.055135459068881246,0.055135459068881246,fitted,platt_logistic_regression,0.42850215989437923,0,0.21336724643903104,0.6465155331654072,0.012594458438287154,no_interaction,1,False,0.36764705882352944,0.6538461538461539,0.36764705882352944,False,False,True
C(CN)CNCCSP(=O)(O)O,CN1CCC23C4C(=O)CCC2(C1CC5=C3C(=C(C=C5)OC)O4)O,1,reported_twosides,0.29435646533966064,0.25462337153119086,0.25462337153119086,fitted,platt_logistic_regression,0.42850215989437923,0,0.5673576676494626,0.35432409739714527,0.05289672544080604,no_interaction,1,False,0.3333333333333333,0.609375,0.3333333333333333,False,False,True
CN(C)CC(C1=CC=C(C=C1)O)C2(CCCCC2)O,CNS(=O)(=O)CC1=CC2=C(C=C1)NC=C2CCN(C)C,0,unreported_twosides_sampled,0.5817379951477051,0.502032707862681,0.502032707862681,fitted,platt_logistic_regression,0.42850215989437923,1,0.6931389167346717,0.1670864819479429,0.17296389588581024,no_interaction|interaction,2,True,0.717948717948718,0.6538461538461539,0.6538461538461539,False,False,False
CC(=O)NCC1CN(C(=O)O1)C2=CC(=C(C=C2)N3CCOCC3)F,CC(CC1=CC=CC=C1)N(C)CC#C,0,unreported_twosides_sampled,0.19624567031860352,0.17430028843977982,0.17430028843977982,fitted,platt_logistic_regression,0.42850215989437923,0,0.4626397715289654,0.4475230898404702,0.03190596137699412,no_interaction,1,False,0.23376623376623376,0.42424242424242425,0.23376623376623376,False,False,True
C1CC(OC1CO)N2C=NC3=C2NC=NC3=O,CC1C(C(=O)N1S(=O)(=O)O)NC(=O)C(=NOC(C)(C)C(=O)O)C2=CSC(=N2)N,0,unreported_twosides_sampled,0.07788056880235672,0.07519627292982829,0.07519627292982829,fitted,platt_logistic_regression,0.42850215989437923,0,0.2668772834319302,0.6129303106633082,0.016792611251049538,no_interaction,1,False,0.3492063492063492,0.4444444444444444,0.3492063492063492,False,False,True
CC(=O)NCC1CN(C(=O)O1)C2=CC(=C(C=C2)N3CCOCC3)F,COC1=C(C=C(C=C1)C2=CC3=C(C=C2)C=C(C=C3)C(=O)O)C45CC6CC(C4)CC(C6)C5,0,unreported_twosides_sampled,0.17383548617362976,0.15588901878613176,0.15588901878613176,fitted,platt_logistic_regression,0.42850215989437923,0,0.4327896204359223,0.47103274559193953,0.030226700251889168,no_interaction,1,False,0.23376623376623376,0.288135593220339,0.23376623376623376,False,False,True
C1=CC(=C2C(=C1NCCNCCO)C(=O)C3=C(C=CC(=C3C2=O)O)O)NCCNCCO,CN1CCN(CC1)C2=C3C=CC=CC3=NC4=C(N2)C=C(C=C4)Cl,0,unreported_twosides_sampled,0.21584245562553406,0.19035125517666457,0.19035125517666457,fitted,platt_logistic_regression,0.42850215989437923,0,0.48673188758569047,0.42065491183879095,0.03526448362720403,no_interaction,1,False,0.23529411764705882,0.5,0.23529411764705882,False,False,True
CC(=O)NCC1CN(C(=O)O1)C2=CC(=C(C=C2)N3CCOCC3)F,CN1CCC23C4C(=O)CCC2(C1CC5=C3C(=C(C=C5)OC)O4)O,1,reported_twosides,0.11356993764638901,0.10574308360108924,0.10574308360108924,fitted,platt_logistic_regression,0.42850215989437923,0,0.3375216092102538,0.5549958018471872,0.020151133501259445,no_interaction,1,False,0.23376623376623376,0.609375,0.23376623376623376,False,False,True
CC(=O)CCCCN1C(=O)C2=C(N=CN2C)N(C1=O)C,COC1=C(C=C(C=C1)C2=CC3=C(C=C2)C=C(C=C3)C(=O)O)C45CC6CC(C4)CC(C6)C5,0,unreported_twosides_sampled,0.06035660207271576,0.05977784803034521,0.05977784803034521,fitted,platt_logistic_regression,0.42850215989437923,0,0.22635582549151573,0.6389588581024349,0.012594458438287154,no_interaction,1,False,0.2916666666666667,0.288135593220339,0.288135593220339,False,False,True
CCC1=C(CN(C1=O)C(=O)NCCC2=CC=C(C=C2)S(=O)(=O)NC(=O)NC3CCC(CC3)C)C,CN(C)NN=C1C(=NC=N1)C(=O)N,0,unreported_twosides_sampled,0.12204980105161667,0.11288281134088607,0.11288281134088607,fitted,platt_logistic_regression,0.42850215989437923,0,0.3525004254185492,0.5449202350965575,0.0218303946263644,no_interaction,1,False,0.48,0.24390243902439024,0.24390243902439024,False,False,True
CC1(C(N2C(S1)C(C2=O)NC(=O)C(C3=CC=CC=C3)N)C(=O)[O-])C,CN(C)NN=C1C(=NC=N1)C(=O)N,0,unreported_twosides_sampled,0.545158863067627,0.4686462952408286,0.4686462952408286,fitted,platt_logistic_regression,0.42850215989437923,1,0.6911797803957116,0.1855583543240974,0.14609571788413098,no_interaction|interaction,2,True,0.7090909090909091,0.24390243902439024,0.24390243902439024,False,False,True
C1CC(OC1CO)N2C=NC3=C2NC=NC3=O,CC(=O)CCCCN1C(=O)C2=C(N=CN2C)N(C1=O)C,0,unreported_twosides_sampled,0.19677679240703583,0.1747357872368839,0.1747357872368839,fitted,platt_logistic_regression,0.42850215989437923,0,0.4633165103360215,0.44584382871536526,0.03190596137699412,no_interaction,1,False,0.3492063492063492,0.2916666666666667,0.2916666666666667,False,False,True
CC1=C(N2C(C(C2=O)NC(=O)C(C3=CC=CC=C3)N)SC1)C(=O)O,CN1CCC23C4C(=O)CCC2(C1CC5=C3C(=C(C=C5)OC)O4)O,1,reported_twosides,0.04649947211146355,0.047288576846251276,0.047288576846251276,fitted,platt_logistic_regression,0.42850215989437923,0,0.19045287329236066,0.6624685138539043,0.0109151973131822,no_interaction,1,False,0.8431372549019608,0.609375,0.609375,False,False,False
C1=CC(=C2C(=C1NCCNCCO)C(=O)C3=C(C=CC(=C3C2=O)O)O)NCCNCCO,CC(C)(C(=O)O)ON=C(C1=CSC(=N1)N)C(=O)NC2C3N(C2=O)C(=C(CS3)C[N+]4=CC=CC=C4)C(=O)[O-],1,reported_twosides,0.316125750541687,0.2725304076267173,0.2725304076267173,fitted,platt_logistic_regression,0.42850215989437923,0,0.5857594295422471,0.33249370277078083,0.060453400503778336,no_interaction,1,False,0.23529411764705882,0.6428571428571429,0.23529411764705882,False,False,True
CN(C)CCC=C1C2=CC=CC=C2C=CC3=CC=CC=C31,CN1CCN(CC1)C2=C3C=CC=CC3=NC4=C(N2)C=C(C=C4)Cl,1,reported_twosides,0.9490211606025696,0.9120912344574272,0.9120912344574272,fitted,platt_logistic_regression,0.42850215989437923,1,0.29767258266519303,0.018471872376154493,0.5936188077246012,interaction,1,False,0.6285714285714286,0.5,0.5,False,False,False
C1=CC(=CC=C1CCC2=CNC3=C2C(=O)N=C(N3)N)C(=O)NC(CCC(=O)O)C(=O)O,CC(=O)NCC1CN(C(=O)O1)C2=CC(=C(C=C2)N3CCOCC3)F,0,unreported_twosides_sampled,0.21709656715393066,0.1913774779944063,0.1913774779944063,fitted,platt_logistic_regression,0.42850215989437923,0,0.48821416858835687,0.41981528127623846,0.03526448362720403,no_interaction,1,False,0.5,0.23376623376623376,0.23376623376623376,False,False,True
CC(=O)CCCCN1C(=O)C2=C(N=CN2C)N(C1=O)C,CC1(C(N2C(S1)C(C2=O)NC(=O)C(C3=CC=CC=C3)N)C(=O)[O-])C,0,unreported_twosides_sampled,0.4233361482620239,0.36212816519275365,0.36212816519275365,fitted,platt_logistic_regression,0.42850215989437923,0,0.6546328444223841,0.2594458438287154,0.0906801007556675,no_interaction,1,False,0.2916666666666667,0.7090909090909091,0.2916666666666667,False,False,True
CN(C)CC(C1=CC=C(C=C1)O)C2(CCCCC2)O,CN(C)CCCN1C2=CC=CC=C2CCC3=C1C=C(C=C3)Cl,0,unreported_twosides_sampled,0.6515179872512817,0.5680673212315597,0.5680673212315597,fitted,platt_logistic_regression,0.42850215989437923,1,0.683852024251463,0.12090680100755667,0.20990764063811923,no_interaction|interaction,2,True,0.717948717948718,0.7631578947368421,0.717948717948718,False,False,False
CC1C(C(=O)N1S(=O)(=O)O)NC(=O)C(=NOC(C)(C)C(=O)O)C2=CSC(=N2)N,C[N+]1(CCCC1)CC2=C(N3C(C(C3=O)NC(=O)C(=NOC)C4=CSC(=N4)N)SC2)C(=O)[O-],1,reported_twosides,0.31879922747612,0.27473431543895416,0.27473431543895416,fitted,platt_logistic_regression,0.42850215989437923,0,0.5879110455333558,0.3308144416456759,0.061293031066330814,no_interaction,1,False,0.4444444444444444,0.7631578947368421,0.4444444444444444,False,False,False
C1CN(CCN1CCOCCO)C(C2=CC=CC=C2)C3=CC=C(C=C3)Cl,CC1=CN(C(=O)NC1=O)C2C=CC(O2)CO,1,reported_twosides,0.9161649942398071,0.8653818954941253,0.8653818954941253,fitted,platt_logistic_regression,0.42850215989437923,1,0.3950721818412797,0.02434928631402183,0.5104953820319059,interaction,1,False,0.7446808510638298,0.5652173913043478,0.5652173913043478,False,False,False
C1=CC=C(C(=C1)CC(=O)[O-])NC2=C(C=CC=C2Cl)Cl,COC1=C(C=C(C=C1)C2=CC3=C(C=C2)C=C(C=C3)C(=O)O)C45CC6CC(C4)CC(C6)C5,0,unreported_twosides_sampled,0.22411508858203888,0.19711924100324726,0.19711924100324726,fitted,platt_logistic_regression,0.42850215989437923,0,0.4963828158008714,0.41141897565071367,0.037783375314861464,no_interaction,1,False,0.3111111111111111,0.288135593220339,0.288135593220339,False,False,True
C1CN(CCN1CCOCCO)C(C2=CC=CC=C2)C3=CC=C(C=C3)Cl,CC1=C(N2C(C(C2=O)NC(=O)C(C3=CC=CC=C3)N)SC1)C(=O)O,1,reported_twosides,0.7422061562538147,0.6597050129936475,0.6597050129936475,fitted,platt_logistic_regression,0.42850215989437923,1,0.641230947194959,0.08312342569269521,0.2795969773299748,interaction,1,False,0.7446808510638298,0.8431372549019608,0.7446808510638298,False,False,False
CC1C(C(=O)N1S(=O)(=O)O)NC(=O)C(=NOC(C)(C)C(=O)O)C2=CSC(=N2)N,CNS(=O)(=O)CC1=CC2=C(C=C1)NC=C2CCN(C)C,0,unreported_twosides_sampled,0.1920156329870224,0.17083063066318718,0.17083063066318718,fitted,platt_logistic_regression,0.42850215989437923,0,0.4572008419235995,0.4534005037783375,0.031066330814441646,no_interaction,1,False,0.4444444444444444,0.6538461538461539,0.4444444444444444,False,False,False
C1CC(OC1CO)N2C=NC3=C2NC=NC3=O,CCOC1=NC2=CC=CC(=C2N1CC3=CC=C(C=C3)C4=CC=CC=C4C5=NNN=N5)C(=O)O,1,reported_twosides,0.39738914370536804,0.3401702802375942,0.3401702802375942,fitted,platt_logistic_regression,0.42850215989437923,0,0.6411483591769028,0.2795969773299748,0.08312342569269521,no_interaction,1,False,0.3492063492063492,0.449438202247191,0.3492063492063492,False,False,True
CCC(C)C(=O)OC1CC(C=C2C1C(C(C=C2)C)CCC(CC(CC(=O)O)O)O)O,CN(C)NN=C1C(=NC=N1)C(=O)N,1,reported_twosides,0.1430845856666565,0.13045582171543957,0.13045582171543957,fitted,platt_logistic_regression,0.42850215989437923,0,0.38725228694499547,0.5163727959697733,0.02434928631402183,no_interaction,1,False,0.5466666666666666,0.24390243902439024,0.24390243902439024,False,False,True
CC(C)C(CC1=CC(=C(C=C1)OC)OCCCOC)CC(C(CC(C(C)C)C(=O)NCC(C)(C)C(=O)N)O)N,CC(C1C(=O)NC(CSSCC(C(=O)NC(C(=O)NC(C(=O)NC(C(=O)N1)CCCCN)CC2=CNC3=CC=CC=C32)CC4=CC=CC=C4)NC(=O)C(CC5=CC=CC=C5)N)C(=O)NC(CO)C(C)O)O,0,unreported_twosides_sampled,0.03922291472554207,0.040589284870455954,0.040589284870455954,fitted,platt_logistic_regression,0.42850215989437923,0,0.1698124263261058,0.6826196473551638,0.010075566750629723,no_interaction,1,False,0.28735632183908044,0.3333333333333333,0.28735632183908044,False,False,True
C1C(N(C2=C(N1)NC(=NC2=O)N)C=O)CNC3=CC=C(C=C3)C(=O)NC(CCC(=O)O)C(=O)O,CCCCC1=NC(=C(N1CC2=CC=C(C=C2)C3=CC=CC=C3C4=NNN=N4)CO)Cl,1,reported_twosides,0.9943418502807617,0.9873451095786567,0.9873451095786567,fitted,platt_logistic_regression,0.42850215989437923,1,0.06787269813123878,0.0033585222502099076,0.8085642317380353,interaction,1,False,0.5256410256410257,0.5142857142857142,0.5142857142857142,False,False,False
C1=NC2=C(N1COC(CO)CO)NC(=NC2=O)N,CCCCC1=NC(=C(N1CC2=CC=C(C=C2)C3=CC=CC=C3C4=NNN=N4)CO)Cl,0,unreported_twosides_sampled,0.2504441738128662,0.21865053644363647,0.21865053644363647,fitted,platt_logistic_regression,0.42850215989437923,0,0.5251946768751019,0.39210747271200674,0.04450041981528128,no_interaction,1,False,0.7307692307692307,0.5142857142857142,0.5142857142857142,False,False,False
C1=CC(=C2C(=C1NCCNCCO)C(=O)C3=C(C=CC(=C3C2=O)O)O)NCCNCCO,C1C(C(C(C(C1N)OC2C(C(C(C(O2)CO)O)N)O)O)OC3C(CC(C(O3)CN)O)N)N,0,unreported_twosides_sampled,0.12848159670829773,0.11827528180842384,0.11827528180842384,fitted,platt_logistic_regression,0.42850215989437923,0,0.3634744674843154,0.5331654072208228,0.0218303946263644,no_interaction,1,False,0.23529411764705882,0.7727272727272727,0.23529411764705882,False,False,True
C1CN(CCN1CCOCCO)C(C2=CC=CC=C2)C3=CC=C(C=C3)Cl,CC1(C(N2C(S1)C(C2=O)NC(=O)C(C3=CC=CC=C3)N)C(=O)[O-])C,0,unreported_twosides_sampled,0.8097035884857178,0.7336120090730284,0.7336120090730284,fitted,platt_logistic_regression,0.42850215989437923,1,0.5796330641787893,0.05877413937867338,0.3408900083963056,interaction,1,False,0.7446808510638298,0.7090909090909091,0.7090909090909091,False,False,False
CCOC1=NC2=CC=CC(=C2N1CC3=CC=C(C=C3)C4=CC=CC=C4C5=NNN=N5)C(=O)O,C[N+]1(CCCC1)CC2=C(N3C(C(C3=O)NC(=O)C(=NOC)C4=CSC(=N4)N)SC2)C(=O)[O-],1,reported_twosides,0.10823313146829605,0.1012301423499567,0.1012301423499567,fitted,platt_logistic_regression,0.42850215989437923,0,0.32777749590333294,0.5659109991603695,0.019311502938706968,no_interaction,1,False,0.449438202247191,0.7631578947368421,0.449438202247191,False,False,False
CC1(C(N2C(S1)C(C2=O)NC(=O)C(C3=CC=CC=C3)N)C(=O)[O-])C,CN1CCN(CC1)C2=C3C=CC=CC3=NC4=C(N2)C=C(C=C4)Cl,0,unreported_twosides_sampled,0.9079120755195618,0.8542356157730905,0.8542356157730905,fitted,platt_logistic_regression,0.42850215989437923,1,0.4152910760663777,0.027707808564231738,0.4920235096557515,interaction,1,False,0.7090909090909091,0.5,0.5,False,False,False
CCC(CO)NCCNC(CC)CO,COC1=C(C=C(C=C1)C2=CC3=C(C=C2)C=C(C=C3)C(=O)O)C45CC6CC(C4)CC(C6)C5,0,unreported_twosides_sampled,0.4530082941055298,0.3875116881150434,0.3875116881150434,fitted,platt_logistic_regression,0.42850215989437923,0,0.667622011261205,0.24181360201511334,0.09991603694374475,no_interaction,1,False,0.21951219512195122,0.288135593220339,0.21951219512195122,False,False,True
C1C(C(C(C(C1N)OC2C(C(C(C(O2)CO)O)N)O)O)OC3C(CC(C(O3)CN)O)N)N,CCCCC1=NC(=C(N1CC2=CC=C(C=C2)C3=CC=CC=C3C4=NNN=N4)CO)Cl,1,reported_twosides,0.11242147535085678,0.10477325486501272,0.10477325486501272,fitted,platt_logistic_regression,0.42850215989437923,0,0.3354460567938903,0.5566750629722922,0.020151133501259445,no_interaction,1,False,0.7727272727272727,0.5142857142857142,0.5142857142857142,False,False,False
CC(C1C(=O)NC(CSSCC(C(=O)NC(C(=O)NC(C(=O)NC(C(=O)N1)CCCCN)CC2=CNC3=CC=CC=C32)CC4=CC=CC=C4)NC(=O)C(CC5=CC=CC=C5)N)C(=O)NC(CO)C(C)O)O,CC1NC2=CC(=C(C=C2C(=O)N1C3=CC=CC=C3C)S(=O)(=O)N)Cl,0,unreported_twosides_sampled,0.20651349425315857,0.18271431198737192,0.18271431198737192,fitted,platt_logistic_regression,0.42850215989437923,0,0.47548446649201387,0.43157010915197314,0.033585222502099076,no_interaction,1,False,0.3333333333333333,0.36764705882352944,0.3333333333333333,False,False,True
CC1=C(N2C(C(C2=O)NC(=O)C(C3=CC=CC=C3)N)SC1)C(=O)O,CCC(CO)NCCNC(CC)CO,0,unreported_twosides_sampled,0.04070741683244705,0.04196534650312637,0.04196534650312637,fitted,platt_logistic_regression,0.42850215989437923,0,0.17414060113287902,0.6767422334172963,0.010075566750629723,no_interaction,1,False,0.8431372549019608,0.21951219512195122,0.21951219512195122,False,False,True
CC1(C(N2C(S1)C(C2=O)NC(=O)C(C3=CC=CC=C3)N)C(=O)[O-])C,CCC(C)C(=O)OC1CC(C=C2C1C(C(C=C2)C)CCC(CC(CC(=O)O)O)O)O,0,unreported_twosides_sampled,0.3632502853870392,0.31157157641709954,0.31157157641709954,fitted,platt_logistic_regression,0.42850215989437923,0,0.6203523450218529,0.30310663308144414,0.0764063811922754,no_interaction,1,False,0.7090909090909091,0.5466666666666666,0.5466666666666666,False,False,False
C1=CC(=C2C(=C1NCCNCCO)C(=O)C3=C(C=CC(=C3C2=O)O)O)NCCNCCO,CN(C)CC(C1=CC=C(C=C1)O)C2(CCCCC2)O,0,unreported_twosides_sampled,0.8366063833236694,0.7648363635610345,0.7648363635610345,fitted,platt_logistic_regression,0.42850215989437923,1,0.5454407343244638,0.04869857262804366,0.3778337531486146,interaction,1,False,0.23529411764705882,0.717948717948718,0.23529411764705882,False,False,True
C1=CC=C(C(=C1)CC(=O)[O-])NC2=C(C=CC=C2Cl)Cl,CN(C)CC(C1=CC=C(C=C1)O)C2(CCCCC2)O,0,unreported_twosides_sampled,0.9625476002693176,0.9327212763888381,0.9327212763888381,fitted,platt_logistic_regression,0.42850215989437923,1,0.2465422783865088,0.015113350125944584,0.6238455079764903,interaction,1,False,0.3111111111111111,0.717948717948718,0.3111111111111111,False,False,True
C1CN1P(=S)(N2CC2)N3CC3,CCCC1=NC(=C2N1NC(=NC2=O)C3=C(C=CC(=C3)S(=O)(=O)N4CCN(CC4)CC)OCC)C,0,unreported_twosides_sampled,0.22669173777103424,0.1992266876894246,0.1992266876894246,fitted,platt_logistic_regression,0.42850215989437923,0,0.49932851444513504,0.40890008396305627,0.038623005877413935,no_interaction,1,False,0.1111111111111111,0.5657894736842105,0.1111111111111111,False,False,True
CC1=C(N2C(C(C2=O)NC(=O)C(C3=CC=CC=C3)N)SC1)C(=O)O,CN(C)CCC=C1C2=CC=CC=C2C=CC3=CC=CC=C31,1,reported_twosides,0.44181114435195923,0.37789625524367393,0.37789625524367393,fitted,platt_logistic_regression,0.42850215989437923,0,0.6630248428144583,0.24769101595298068,0.09739714525608732,no_interaction,1,False,0.8431372549019608,0.6285714285714286,0.6285714285714286,False,False,False
C1CC(OC1CO)N2C=NC3=C2NC=NC3=O,CC1(OC2CC3C4CC(C5=CC(=O)C=CC5(C4C(CC3(C2(O1)C(=O)CO)C)O)C)F)C,0,unreported_twosides_sampled,0.057532086968421936,0.05725663538062663,0.05725663538062663,fitted,platt_logistic_regression,0.42850215989437923,0,0.21935136312977677,0.6431570109151973,0.012594458438287154,no_interaction,1,False,0.3492063492063492,0.7076923076923077,0.3492063492063492,False,False,True
C1=NC2=C(N1COC(CO)CO)NC(=NC2=O)N,CN1CCC23C4C(=O)CCC2(C1CC5=C3C(=C(C=C5)OC)O4)O,1,reported_twosides,0.477125346660614,0.4083849658335206,0.4083849658335206,fitted,platt_logistic_regression,0.42850215989437923,0,0.676265336694174,0.22837951301427373,0.10831234256926953,no_interaction|interaction,2,True,0.7307692307692307,0.609375,0.609375,False,False,False
C1CN1P(=S)(N2CC2)N3CC3,CC(=O)NCC1CN(C(=O)O1)C2=CC(=C(C=C2)N3CCOCC3)F,0,unreported_twosides_sampled,0.3305024802684784,0.28439601701181255,0.28439601701181255,fitted,platt_logistic_regression,0.42850215989437923,0,0.5970574095612948,0.327455919395466,0.06297229219143577,no_interaction,1,False,0.1111111111111111,0.23376623376623376,0.1111111111111111,False,False,True
CC(=O)CCCCN1C(=O)C2=C(N=CN2C)N(C1=O)C,CCC(CO)NCCNC(CC)CO,0,unreported_twosides_sampled,0.13819913566112518,0.1263896898271273,0.1263896898271273,fitted,platt_logistic_regression,0.42850215989437923,0,0.37946557216400706,0.5205709487825357,0.022670025188916875,no_interaction,1,False,0.2916666666666667,0.21951219512195122,0.21951219512195122,False,False,True
C1=CC(=C2C(=C1NCCNCCO)C(=O)C3=C(C=CC(=C3C2=O)O)O)NCCNCCO,CC(C[N+](C)(C)C)OC(=O)N,0,unreported_twosides_sampled,0.21903391182422638,0.19296261824178212,0.19296261824178212,fitted,platt_logistic_regression,0.42850215989437923,0,0.49049038814860785,0.4156171284634761,0.036943744752308987,no_interaction,1,False,0.23529411764705882,0.41379310344827586,0.23529411764705882,False,False,True
CC(C1C(=O)NC(CSSCC(C(=O)NC(C(=O)NC(C(=O)NC(C(=O)N1)CCCCN)CC2=CNC3=CC=CC=C32)CC4=CC=CC=C4)NC(=O)C(CC5=CC=CC=C5)N)C(=O)NC(CO)C(C)O)O,C[N+]1(CCCC1)CC2=C(N3C(C(C3=O)NC(=O)C(=NOC)C4=CSC(=N4)N)SC2)C(=O)[O-],1,reported_twosides,0.1543116569519043,0.1397706237959118,0.1397706237959118,fitted,platt_logistic_regression,0.42850215989437923,0,0.4045468821477206,0.4987405541561713,0.02686817800167926,no_interaction,1,False,0.3333333333333333,0.7631578947368421,0.3333333333333333,False,False,True
C1=CC(=C2C(=C1NCCNCCO)C(=O)C3=C(C=CC(=C3C2=O)O)O)NCCNCCO,CC1=CN(C(=O)NC1=O)C2C=CC(O2)CO,0,unreported_twosides_sampled,0.18164683878421783,0.16231543811292287,0.16231543811292287,fitted,platt_logistic_regression,0.42850215989437923,0,0.44348953605181407,0.4643157010915197,0.031066330814441646,no_interaction,1,False,0.23529411764705882,0.5652173913043478,0.23529411764705882,False,False,True
C1CC(OC1CO)N2C=NC3=C2NC=NC3=O,CCCCC1=NC(=C(N1CC2=CC=C(C=C2)C3=CC=CC=C3C4=NNN=N4)CO)Cl,1,reported_twosides,0.2713904082775116,0.23579179443872478,0.23579179443872478,fitted,platt_logistic_regression,0.42850215989437923,0,0.5461804752710923,0.37615449202350965,0.04869857262804366,no_interaction,1,False,0.3492063492063492,0.5142857142857142,0.3492063492063492,False,False,True
CN1CCC23C4C(=O)CCC2(C1CC5=C3C(=C(C=C5)OC)O4)O,CNC1CCC(C2=CC=CC=C12)C3=CC(=C(C=C3)Cl)Cl,1,reported_twosides,0.028589308261871338,0.030563766462706386,0.030563766462706386,fitted,platt_logistic_regression,0.42850215989437923,0,0.1366964478425427,0.7162048698572628,0.008396305625524769,no_interaction,1,False,0.609375,0.2641509433962264,0.2641509433962264,False,False,True
CCCC1=NC(=C2N1NC(=NC2=O)C3=C(C=CC(=C3)S(=O)(=O)N4CCN(CC4)CC)OCC)C,C[N+]1(CCCC1)CC2=C(N3C(C(C3=O)NC(=O)C(=NOC)C4=CSC(=N4)N)SC2)C(=O)[O-],0,unreported_twosides_sampled,0.043400317430496216,0.0444489745376268,0.0444489745376268,fitted,platt_logistic_regression,0.42850215989437923,0,0.1818341806290027,0.6700251889168766,0.0109151973131822,no_interaction,1,False,0.5657894736842105,0.7631578947368421,0.5657894736842105,False,False,False
CCC1=C(CN(C1=O)C(=O)NCCC2=CC=C(C=C2)S(=O)(=O)NC(=O)NC3CCC(CC3)C)C,CCCCC1=NC(=C(N1CC2=CC=C(C=C2)C3=CC=CC=C3C4=NNN=N4)CO)Cl,1,reported_twosides,0.9484246969223022,0.911203709716587,0.911203709716587,fitted,platt_logistic_regression,0.42850215989437923,1,0.2997439968275121,0.018471872376154493,0.5910999160369438,interaction,1,False,0.48,0.5142857142857142,0.48,False,False,False
CC1=CN(C(=O)NC1=O)C2C=CC(O2)CO,CNS(=O)(=O)CC1=CC2=C(C=C1)NC=C2CCN(C)C,0,unreported_twosides_sampled,0.1867169439792633,0.1664811403990034,0.1664811403990034,fitted,platt_logistic_regression,0.42850215989437923,0,0.4502624919085857,0.45927791771620485,0.031066330814441646,no_interaction,1,False,0.5652173913043478,0.6538461538461539,0.5652173913043478,False,False,False
C1=CC(=CC=C1CCC2=CNC3=C2C(=O)N=C(N3)N)C(=O)NC(CCC(=O)O)C(=O)O,CNS(=O)(=O)CC1=CC2=C(C=C1)NC=C2CCN(C)C,0,unreported_twosides_sampled,0.112205371260643,0.1045906834627374,0.1045906834627374,fitted,platt_logistic_regression,0.42850215989437923,0,0.33505421251405243,0.5575146935348446,0.020151133501259445,no_interaction,1,False,0.5,0.6538461538461539,0.5,False,False,False
C1C(N(C2=C(N1)NC(=NC2=O)N)C=O)CNC3=CC=C(C=C3)C(=O)NC(CCC(=O)O)C(=O)O,CC1=CN(C(=O)NC1=O)C2C=CC(O2)CO,1,reported_twosides,0.7333840131759644,0.6504444536678572,0.6504444536678572,fitted,platt_logistic_regression,0.42850215989437923,1,0.6471710705512169,0.08480268681780016,0.2753988245172124,interaction,1,False,0.5256410256410257,0.5652173913043478,0.5256410256410257,False,False,False
CC(C)C(CC1=CC(=C(C=C1)OC)OCCCOC)CC(C(CC(C(C)C)C(=O)NCC(C)(C)C(=O)N)O)N,CN(C)CC(C1=CC=C(C=C1)O)C2(CCCCC2)O,0,unreported_twosides_sampled,0.9426469802856445,0.9026923749775654,0.9026923749775654,fitted,platt_logistic_regression,0.42850215989437923,1,0.319126623627381,0.019311502938706968,0.5726280436607892,interaction,1,False,0.28735632183908044,0.717948717948718,0.28735632183908044,False,False,True
C(C(C(C(C(CO)O)O)O)O)O,CC1=C(N2C(C(C2=O)NC(=O)C(C3=CC=CC=C3)N)SC1)C(=O)O,0,unreported_twosides_sampled,0.06243892014026642,0.06162945883015086,0.06162945883015086,fitted,platt_logistic_regression,0.42850215989437923,0,0.23142769437735877,0.635600335852225,0.012594458438287154,no_interaction,1,False,0.2,0.8431372549019608,0.2,False,False,True
C1CN(CCN1CCCN2C(=O)N3C=CC=CC3=N2)C4=CC(=CC=C4)Cl,CC1=CN(C(=O)NC1=O)C2C=CC(O2)CO,1,reported_twosides,0.4609830379486084,0.39438851901948274,0.39438851901948274,fitted,platt_logistic_regression,0.42850215989437923,0,0.6706707018309257,0.23425692695214106,0.10411418975650713,no_interaction|interaction,2,True,0.5522388059701493,0.5652173913043478,0.5522388059701493,False,False,False
C1C(N(C2=C(N1)NC(=NC2=O)N)C=O)CNC3=CC=C(C=C3)C(=O)NC(CCC(=O)O)C(=O)O,CCC(CO)NCCNC(CC)CO,0,unreported_twosides_sampled,0.1721787303686142,0.15452454208031716,0.15452454208031716,fitted,platt_logistic_regression,0.42850215989437923,0,0.43047773747242046,0.4727120067170445,0.030226700251889168,no_interaction,1,False,0.5256410256410257,0.21951219512195122,0.21951219512195122,False,False,True
C1CC(=O)NC(=O)C1N2C(=O)C3=CC=CC=C3C2=O,CN(C)CC(C1=CC=C(C=C1)O)C2(CCCCC2)O,0,unreported_twosides_sampled,0.723392128944397,0.6400545279622657,0.6400545279622657,fitted,platt_logistic_regression,0.42850215989437923,1,0.6533868149067059,0.08900083963056256,0.2611251049538203,interaction,1,False,0.5454545454545454,0.717948717948718,0.5454545454545454,False,False,False
CC1(OC2CC3C4CC(C5=CC(=O)C=CC5(C4C(CC3(C2(O1)C(=O)CO)C)O)C)F)C,CN1CCC23C4C(=O)CCC2(C1CC5=C3C(=C(C=C5)OC)O4)O,0,unreported_twosides_sampled,0.013195754028856754,0.015279537441454596,0.015279537441454596,fitted,platt_logistic_regression,0.42850215989437923,0,0.07904963105160454,0.7951301427371956,0.0033585222502099076,no_interaction,1,False,0.7076923076923077,0.609375,0.609375,False,False,False
C1=CC(=C2C(=C1NCCNCCO)C(=O)C3=C(C=CC(=C3C2=O)O)O)NCCNCCO,CC(C)(C)C1=CC=C(C=C1)S(=O)(=O)NC2=C(C(=NC(=N2)C3=NC=CC=N3)OCCO)OC4=CC=CC=C4OC,0,unreported_twosides_sampled,0.09090794622898102,0.08645638510359892,0.08645638510359892,fitted,platt_logistic_regression,0.42850215989437923,0,0.29426160495634734,0.5969773299748111,0.018471872376154493,no_interaction,1,False,0.23529411764705882,0.2878787878787879,0.23529411764705882,False,False,True
CC(C1=CC(=CC(=C1)C(F)(F)F)C(F)(F)F)OC2C(N(CCO2)CC3=NC(=O)NN3)C4=CC=C(C=C4)F,CCOC1=NC2=CC=CC(=C2N1CC3=CC=C(C=C3)C4=CC=CC=C4C5=NNN=N5)C(=O)O,1,reported_twosides,0.7633166313171387,0.6822142374319883,0.6822142374319883,fitted,platt_logistic_regression,0.42850215989437923,1,0.6251891482743157,0.07808564231738035,0.30058774139378674,interaction,1,False,0.2235294117647059,0.449438202247191,0.2235294117647059,False,False,True
CC1=C(N2C(C(C2=O)NC(=O)C(C3=CC=CC=C3)N)SC1)C(=O)O,CNS(=O)(=O)CC1=CC2=C(C=C1)NC=C2CCN(C)C,1,reported_twosides,0.052758876234292984,0.05296888953842946,0.05296888953842946,fitted,platt_logistic_regression,0.42850215989437923,0,0.20716586498903083,0.6515533165407221,0.0109151973131822,no_interaction,1,False,0.8431372549019608,0.6538461538461539,0.6538461538461539,False,False,False
C1=CC(=C2C(=C1NCCNCCO)C(=O)C3=C(C=CC(=C3C2=O)O)O)NCCNCCO,CC(=O)NCC1CN(C(=O)O1)C2=CC(=C(C=C2)N3CCOCC3)F,1,reported_twosides,0.2918626666069031,0.2525759286808116,0.2525759286808116,fitted,platt_logistic_regression,0.42850215989437923,0,0.5651474373725128,0.3593618807724601,0.05289672544080604,no_interaction,1,False,0.23529411764705882,0.23376623376623376,0.23376623376623376,False,False,True
CCC(C)C(=O)OC1CC(C=C2C1C(C(C=C2)C)CCC(CC(CC(=O)O)O)O)O,CCC1=C2CN3C(=CC4=C(C3=O)COC(=O)C4(CC)O)C2=NC5=C1C=C(C=C5)OC(=O)N6CCC(CC6)N7CCCCC7,1,reported_twosides,0.1329745650291443,0.12203166604822885,0.12203166604822885,fitted,platt_logistic_regression,0.42850215989437923,0,0.37095349455459303,0.5264483627204031,0.0218303946263644,no_interaction,1,False,0.5466666666666666,0.5164835164835165,0.5164835164835165,False,False,False
C1=CC=C(C(=C1)CC(=O)[O-])NC2=C(C=CC=C2Cl)Cl,CN(C)CCCN1C2=CC=CC=C2CCC3=C1C=C(C=C3)Cl,1,reported_twosides,0.4598640501499176,0.3934221143514407,0.3934221143514407,fitted,platt_logistic_regression,0.42850215989437923,0,0.6702542531316507,0.2367758186397985,0.10411418975650713,no_interaction|interaction,2,True,0.3111111111111111,0.7631578947368421,0.3111111111111111,False,False,True
C(C(C(C(C(CO)O)O)O)O)O,CCC(CO)NCCNC(CC)CO,0,unreported_twosides_sampled,0.5270461440086365,0.45238488794406473,0.45238488794406473,fitted,platt_logistic_regression,0.42850215989437923,1,0.6886059041969828,0.1964735516372796,0.13602015113350127,no_interaction|interaction,2,True,0.2,0.21951219512195122,0.2,False,False,True
C1C(N(C2=C(N1)NC(=NC2=O)N)C=O)CNC3=CC=C(C=C3)C(=O)NC(CCC(=O)O)C(=O)O,CNS(=O)(=O)CC1=CC2=C(C=C1)NC=C2CCN(C)C,0,unreported_twosides_sampled,0.1776949018239975,0.15906553536736526,0.15906553536736526,fitted,platt_logistic_regression,0.42850215989437923,0,0.43811707017375456,0.46767422334172964,0.030226700251889168,no_interaction,1,False,0.5256410256410257,0.6538461538461539,0.5256410256410257,False,False,False
CC(=O)NCC1CN(C(=O)O1)C2=CC(=C(C=C2)N3CCOCC3)F,CN(C)CCCN1C2=CC=CC=C2CCC3=C1C=C(C=C3)Cl,0,unreported_twosides_sampled,0.179172545671463,0.16028100119518374,0.16028100119518374,fitted,platt_logistic_regression,0.42850215989437923,0,0.4401355498556233,0.4659949622166247,0.031066330814441646,no_interaction,1,False,0.23376623376623376,0.7631578947368421,0.23376623376623376,False,False,True
C1C(C(C(C(C1N)OC2C(C(C(C(O2)CO)O)N)O)O)OC3C(CC(C(O3)CN)O)N)N,CN(C)NN=C1C(=NC=N1)C(=O)N,0,unreported_twosides_sampled,0.17566722631454468,0.1573969907182035,0.1573969907182035,fitted,platt_logistic_regression,0.42850215989437923,0,0.4353281776595489,0.4693534844668346,0.030226700251889168,no_interaction,1,False,0.7727272727272727,0.24390243902439024,0.24390243902439024,False,False,True
CC(C1=CC(=CC(=C1)C(F)(F)F)C(F)(F)F)OC2C(N(CCO2)CC3=NC(=O)NN3)C4=CC=C(C=C4)F,CC1NC2=CC(=C(C=C2C(=O)N1C3=CC=CC=C3C)S(=O)(=O)N)Cl,0,unreported_twosides_sampled,0.24710237979888916,0.21591747595842475,0.21591747595842475,fitted,platt_logistic_regression,0.42850215989437923,0,0.5216920665898633,0.3963056255247691,0.04450041981528128,no_interaction,1,False,0.2235294117647059,0.36764705882352944,0.2235294117647059,False,False,True
CC(C1=CC(=CC(=C1)C(F)(F)F)C(F)(F)F)OC2C(N(CCO2)CC3=NC(=O)NN3)C4=CC=C(C=C4)F,CN(C)CCCN1C2=CC=CC=C2CCC3=C1C=C(C=C3)Cl,0,unreported_twosides_sampled,0.03957003727555275,0.04091150830260788,0.04091150830260788,fitted,platt_logistic_regression,0.42850215989437923,0,0.17083022972552664,0.6801007556675063,0.010075566750629723,no_interaction,1,False,0.2235294117647059,0.7631578947368421,0.2235294117647059,False,False,True
C1=NC2=C(N1COC(CO)CO)NC(=NC2=O)N,C1CC(OC1CO)N2C=NC3=C2NC=NC3=O,1,reported_twosides,0.9368875026702881,0.8943530465507472,0.8943530465507472,fitted,platt_logistic_regression,0.42850215989437923,1,0.33731632431591935,0.020151133501259445,0.5558354324097398,interaction,1,False,0.7307692307692307,0.3492063492063492,0.3492063492063492,False,False,True
CC(C1=CC(=CC(=C1)C(F)(F)F)C(F)(F)F)OC2C(N(CCO2)CC3=NC(=O)NN3)C4=CC=C(C=C4)F,CCC1=C2CN3C(=CC4=C(C3=O)COC(=O)C4(CC)O)C2=NC5=C1C=C(C=C5)OC(=O)N6CCC(CC6)N7CCCCC7,1,reported_twosides,0.3015945255756378,0.26057016287507195,0.26057016287507195,fitted,platt_logistic_regression,0.42850215989437923,0,0.5736524451528061,0.34844668345927793,0.05709487825356843,no_interaction,1,False,0.2235294117647059,0.5164835164835165,0.2235294117647059,False,False,True
CC1=C(N2C(C(C2=O)NC(=O)C(C3=CC=CC=C3)N)SC1)C(=O)O,CC1NC2=CC(=C(C=C2C(=O)N1C3=CC=CC=C3C)S(=O)(=O)N)Cl,1,reported_twosides,0.46506643295288086,0.39791925479448953,0.39791925479448953,fitted,platt_logistic_regression,0.42850215989437923,0,0.6721589723916174,0.23341729638958858,0.10663308144416457,no_interaction|interaction,2,True,0.8431372549019608,0.36764705882352944,0.36764705882352944,False,False,True
CCC1=C2CN3C(=CC4=C(C3=O)COC(=O)C4(CC)O)C2=NC5=C1C=C(C=C5)OC(=O)N6CCC(CC6)N7CCCCC7,C[N+]1(CCCC1)CC2=C(N3C(C(C3=O)NC(=O)C(=NOC)C4=CSC(=N4)N)SC2)C(=O)[O-],1,reported_twosides,0.028066541999578476,0.030062063590388346,0.030062063590388346,fitted,platt_logistic_regression,0.42850215989437923,0,0.13495784120552068,0.7170445004198153,0.008396305625524769,no_interaction,1,False,0.5164835164835165,0.7631578947368421,0.5164835164835165,False,False,False
CC(=O)CCCCN1C(=O)C2=C(N=CN2C)N(C1=O)C,CC(C1C(=O)NC(CSSCC(C(=O)NC(C(=O)NC(C(=O)NC(C(=O)N1)CCCCN)CC2=CNC3=CC=CC=C32)CC4=CC=CC=C4)NC(=O)C(CC5=CC=CC=C5)N)C(=O)NC(CO)C(C)O)O,0,unreported_twosides_sampled,0.11496405303478241,0.10691940288305465,0.10691940288305465,fitted,platt_logistic_regression,0.42850215989437923,0,0.3400257354154969,0.5541561712846348,0.020990764063811923,no_interaction,1,False,0.2916666666666667,0.3333333333333333,0.2916666666666667,False,False,True
C1=CC(=CC=C1CCC2=CNC3=C2C(=O)N=C(N3)N)C(=O)NC(CCC(=O)O)C(=O)O,C1CC(=O)NC(=O)C1N2C(=O)C3=CC=CC=C3C2=O,0,unreported_twosides_sampled,0.1601898968219757,0.1446331831054349,0.1446331831054349,fitted,platt_logistic_regression,0.42850215989437923,0,0.41328571928204816,0.4945424013434089,0.027707808564231738,no_interaction,1,False,0.5,0.5454545454545454,0.5,False,False,False
CCC1=C(CN(C1=O)C(=O)NCCC2=CC=C(C=C2)S(=O)(=O)NC(=O)NC3CCC(CC3)C)C,CN(C)CCCN1C2=CC=CC=C2CCC3=C1C=C(C=C3)Cl,1,reported_twosides,0.010233068838715553,0.012163844485474877,0.012163844485474877,fitted,platt_logistic_regression,0.42850215989437923,0,0.06572344806959426,0.8119227539882452,0.0033585222502099076,no_interaction,1,False,0.48,0.7631578947368421,0.48,False,False,False
CC(=O)CCCCN1C(=O)C2=C(N=CN2C)N(C1=O)C,CC1NC2=CC(=C(C=C2C(=O)N1C3=CC=CC=C3C)S(=O)(=O)N)Cl,1,reported_twosides,0.7839531898498535,0.7047303806411311,0.7047303806411311,fitted,platt_logistic_regression,0.42850215989437923,1,0.6068028215799998,0.06801007556675064,0.3198992443324937,interaction,1,False,0.2916666666666667,0.36764705882352944,0.2916666666666667,False,False,True
CN(C)CC(C1=CC=C(C=C1)O)C2(CCCCC2)O,CN1CCN(CC1)C2=C3C=CC=CC3=NC4=C(N2)C=C(C=C4)Cl,0,unreported_twosides_sampled,0.9977973699569702,0.9945569717434868,0.9945569717434868,fitted,platt_logistic_regression,0.42850215989437923,1,0.03380497881322955,0.0025188916876574307,0.8681780016792612,interaction,1,False,0.717948717948718,0.5,0.5,False,False,False
C1=NC2=C(N1COC(CO)CO)NC(=NC2=O)N,C1CN1P(=S)(N2CC2)N3CC3,0,unreported_twosides_sampled,0.05876417085528374,0.05835781611131447,0.05835781611131447,fitted,platt_logistic_regression,0.42850215989437923,0,0.22242488097795546,0.6406381192275399,0.012594458438287154,no_interaction,1,False,0.7307692307692307,0.1111111111111111,0.1111111111111111,False,False,True
CC(C)(C)C1=CC=C(C=C1)S(=O)(=O)NC2=C(C(=NC(=N2)C3=NC=CC=N3)OCCO)OC4=CC=CC=C4OC,CC1(C(N2C(S1)C(C2=O)NC(=O)C(C3=CC=CC=C3)N)C(=O)[O-])C,0,unreported_twosides_sampled,0.5315028429031372,0.4563704179663304,0.4563704179663304,fitted,platt_logistic_regression,0.42850215989437923,1,0.6893352536400726,0.1964735516372796,0.13685978169605373,no_interaction|interaction,2,True,0.2878787878787879,0.7090909090909091,0.2878787878787879,False,False,True
C1C(C(C(C(C1N)OC2C(C(C(C(O2)CO)O)N)O)O)OC3C(CC(C(O3)CN)O)N)N,CN(C)CCC=C1C2=CC=CC=C2C=CC3=CC=CC=C31,1,reported_twosides,0.12330841273069382,0.11393951484961894,0.11393951484961894,fitted,platt_logistic_regression,0.42850215989437923,0,0.35467339359586764,0.5432409739714525,0.0218303946263644,no_interaction,1,False,0.7727272727272727,0.6285714285714286,0.6285714285714286,False,False,False
C1=CC=C(C(=C1)CC(=O)[O-])NC2=C(C=CC=C2Cl)Cl,CC1=CN(C(=O)NC1=O)C2C=CC(O2)CO,1,reported_twosides,0.40358251333236694,0.3453927970879759,0.3453927970879759,fitted,platt_logistic_regression,0.42850215989437923,0,0.644547853046836,0.2762384550797649,0.08480268681780016,no_interaction,1,False,0.3111111111111111,0.5652173913043478,0.3111111111111111,False,False,True
CC(C)(C(=O)O)ON=C(C1=CSC(=N1)N)C(=O)NC2C3N(C2=O)C(=C(CS3)C[N+]4=CC=CC=C4)C(=O)[O-],CN(C)CCCN1C2=CC=CC=C2CCC3=C1C=C(C=C3)Cl,0,unreported_twosides_sampled,0.01205702219158411,0.014091594467678187,0.014091594467678187,fitted,platt_logistic_regression,0.42850215989437923,0,0.07405270523237886,0.799328295549958,0.0033585222502099076,no_interaction,1,False,0.6428571428571429,0.7631578947368421,0.6428571428571429,False,False,False
C1C(C(C(C(C1N)OC2C(C(C(C(O2)CO)O)N)O)O)OC3C(CC(C(O3)CN)O)N)N,C1CC(=O)NC(=O)C1N2C(=O)C3=CC=CC=C3C2=O,1,reported_twosides,0.43612200021743774,0.3730281052034935,0.3730281052034935,fitted,platt_logistic_regression,0.42850215989437923,0,0.6605476427361414,0.2510495382031906,0.09571788413098237,no_interaction,1,False,0.7727272727272727,0.5454545454545454,0.5454545454545454,False,False,False
C1CC(=O)NC(=O)C1N2C(=O)C3=CC=CC=C3C2=O,CC(C)(C(=O)O)ON=C(C1=CSC(=N1)N)C(=O)NC2C3N(C2=O)C(=C(CS3)C[N+]4=CC=CC=C4)C(=O)[O-],1,reported_twosides,0.2677178680896759,0.23278460642964816,0.23278460642964816,fitted,platt_logistic_regression,0.42850215989437923,0,0.54261918250842,0.3786733837111671,0.04869857262804366,no_interaction,1,False,0.5454545454545454,0.6428571428571429,0.5454545454545454,False,False,False
CC(C)(C(=O)O)ON=C(C1=CSC(=N1)N)C(=O)NC2C3N(C2=O)C(=C(CS3)C[N+]4=CC=CC=C4)C(=O)[O-],CCCC1=NC(=C2N1NC(=NC2=O)C3=C(C=CC(=C3)S(=O)(=O)N4CCN(CC4)CC)OCC)C,0,unreported_twosides_sampled,0.021557459607720375,0.0237278333497727,0.0237278333497727,fitted,platt_logistic_regression,0.42850215989437923,0,0.11221242699173455,0.7472712006717045,0.0041981528127623844,no_interaction,1,False,0.6428571428571429,0.5657894736842105,0.5657894736842105,False,False,False
C1C(N(C2=C(N1)NC(=NC2=O)N)C=O)CNC3=CC=C(C=C3)C(=O)NC(CCC(=O)O)C(=O)O,CNC1CCC(C2=CC=CC=C12)C3=CC(=C(C=C3)Cl)Cl,1,reported_twosides,0.2541523873806,0.2216836486271742,0.2216836486271742,fitted,platt_logistic_regression,0.42850215989437923,0,0.5290306544105814,0.3895885810243493,0.04534005037783375,no_interaction,1,False,0.5256410256410257,0.2641509433962264,0.2641509433962264,False,False,True
CC(=O)CCCCN1C(=O)C2=C(N=CN2C)N(C1=O)C,CCC(C)C(=O)OC1CC(C=C2C1C(C(C=C2)C)CCC(CC(CC(=O)O)O)O)O,1,reported_twosides,0.4115687906742096,0.352144113384137,0.352144113384137,fitted,platt_logistic_regression,0.42850215989437923,0,0.6487638349767532,0.2703610411418976,0.08480268681780016,no_interaction,1,False,0.2916666666666667,0.5466666666666666,0.2916666666666667,False,False,True
CC(=O)CCCCN1C(=O)C2=C(N=CN2C)N(C1=O)C,CC(C)(C(=O)O)ON=C(C1=CSC(=N1)N)C(=O)NC2C3N(C2=O)C(=C(CS3)C[N+]4=CC=CC=C4)C(=O)[O-],0,unreported_twosides_sampled,0.08579999208450317,0.0820588525487671,0.0820588525487671,fitted,platt_logistic_regression,0.42850215989437923,0,0.2837692301609423,0.6020151133501259,0.017632241813602016,no_interaction,1,False,0.2916666666666667,0.6428571428571429,0.2916666666666667,False,False,True
CN1CCC23C4C(=O)CCC2(C1CC5=C3C(=C(C=C5)OC)O4)O,CNS(=O)(=O)CC1=CC2=C(C=C1)NC=C2CCN(C)C,1,reported_twosides,0.001738626742735505,0.0024783275144791,0.0024783275144791,fitted,platt_logistic_regression,0.42850215989437923,0,0.01734564363335353,0.9059613769941226,0.0025188916876574307,no_interaction,1,False,0.609375,0.6538461538461539,0.609375,False,False,False
C1CC(OC1CO)N2C=NC3=C2NC=NC3=O,C1CN1P(=S)(N2CC2)N3CC3,0,unreported_twosides_sampled,0.1098976582288742,0.102639435785394,0.102639435785394,fitted,platt_logistic_regression,0.42850215989437923,0,0.33084400181314166,0.563392107472712,0.019311502938706968,no_interaction,1,False,0.3492063492063492,0.1111111111111111,0.1111111111111111,False,False,True
CN(C)CCCN1C2=CC=CC=C2CCC3=C1C=C(C=C3)Cl,CNC1CCC(C2=CC=CC=C12)C3=CC(=C(C=C3)Cl)Cl,1,reported_twosides,0.3759796917438507,0.3221998444422753,0.3221998444422753,fitted,platt_logistic_regression,0.42850215989437923,0,0.6285165319561657,0.2989084802686818,0.07976490344248531,no_interaction,1,False,0.7631578947368421,0.2641509433962264,0.2641509433962264,False,False,True
CCC1=C(CN(C1=O)C(=O)NCCC2=CC=C(C=C2)S(=O)(=O)NC(=O)NC3CCC(CC3)C)C,CN(C)CCC=C1C2=CC=CC=C2C=CC3=CC=CC=C31,1,reported_twosides,0.3570433557033539,0.3064031783444484,0.3064031783444484,fitted,platt_logistic_regression,0.42850215989437923,0,0.6161924720127344,0.30982367758186397,0.07388748950461797,no_interaction,1,False,0.48,0.6285714285714286,0.48,False,False,False
C1=CC=C(C(=C1)CC(=O)[O-])NC2=C(C=CC=C2Cl)Cl,CCC(C)C(=O)OC1CC(C=C2C1C(C(C=C2)C)CCC(CC(CC(=O)O)O)O)O,1,reported_twosides,0.5042349100112915,0.43213755665800774,0.43213755665800774,fitted,platt_logistic_regression,0.42850215989437923,1,0.6839080691549826,0.20990764063811923,0.12090680100755667,no_interaction|interaction,2,True,0.3111111111111111,0.5466666666666666,0.3111111111111111,False,False,True
C1CC(=O)NC(=O)C1N2C(=O)C3=CC=CC=C3C2=O,CC(=O)NCC1CN(C(=O)O1)C2=CC(=C(C=C2)N3CCOCC3)F,1,reported_twosides,0.5969067811965942,0.5161098972133141,0.5161098972133141,fitted,platt_logistic_regression,0.42850215989437923,1,0.6926280331392629,0.15869017632241814,0.17800167926112512,no_interaction|interaction,2,True,0.5454545454545454,0.23376623376623376,0.23376623376623376,False,False,True
CCOC1=NC2=CC=CC(=C2N1CC3=CC=C(C=C3)C4=CC=CC=C4C5=NNN=N5)C(=O)O,CN(C)NN=C1C(=NC=N1)C(=O)N,0,unreported_twosides_sampled,0.22833675146102905,0.2005720476286836,0.2005720476286836,fitted,platt_logistic_regression,0.42850215989437923,0,0.5011944280499477,0.4080604534005038,0.03946263643996641,no_interaction,1,False,0.449438202247191,0.24390243902439024,0.24390243902439024,False,False,True
C(C(C(C(C(CO)O)O)O)O)O,C1CC(OC1CO)N2C=NC3=C2NC=NC3=O,0,unreported_twosides_sampled,0.6087606549263,0.5272127186311117,0.5272127186311117,fitted,platt_logistic_regression,0.42850215989437923,1,0.6916653843979987,0.1486146095717884,0.18303946263643997,no_interaction|interaction,2,True,0.2,0.3492063492063492,0.2,False,False,True
CCC1=C2CN3C(=CC4=C(C3=O)COC(=O)C4(CC)O)C2=NC5=C1C=C(C=C5)OC(=O)N6CCC(CC6)N7CCCCC7,CCCC1=NC(=C2N1NC(=NC2=O)C3=C(C=CC(=C3)S(=O)(=O)N4CCN(CC4)CC)OCC)C,0,unreported_twosides_sampled,0.07166597992181778,0.06976842972853638,0.06976842972853638,fitted,platt_logistic_regression,0.42850215989437923,0,0.25303953428265,0.6188077246011755,0.015113350125944584,no_interaction,1,False,0.5164835164835165,0.5657894736842105,0.5164835164835165,False,False,False
C1CC(=O)NC(=O)C1N2C(=O)C3=CC=CC=C3C2=O,C[N+]1(CCCC1)CC2=C(N3C(C(C3=O)NC(=O)C(=NOC)C4=CSC(=N4)N)SC2)C(=O)[O-],1,reported_twosides,0.28739461302757263,0.24890933327636428,0.24890933327636428,fitted,platt_logistic_regression,0.42850215989437923,0,0.5611337495264613,0.36272040302267,0.052057094878253565,no_interaction,1,False,0.5454545454545454,0.7631578947368421,0.5454545454545454,False,False,False
CC(C1C(=O)NC(CSSCC(C(=O)NC(C(=O)NC(C(=O)NC(C(=O)N1)CCCCN)CC2=CNC3=CC=CC=C32)CC4=CC=CC=C4)NC(=O)C(CC5=CC=CC=C5)N)C(=O)NC(CO)C(C)O)O,CC1=C(N2C(C(C2=O)NC(=O)C(C3=CC=CC=C3)N)SC1)C(=O)O,0,unreported_twosides_sampled,0.031267546117305756,0.03311983635899369,0.03311983635899369,fitted,platt_logistic_regression,0.42850215989437923,0,0.14542512978376015,0.707808564231738,0.008396305625524769,no_interaction,1,False,0.3333333333333333,0.8431372549019608,0.3333333333333333,False,False,True
CC(C)(C)C1=CC=C(C=C1)S(=O)(=O)NC2=C(C(=NC(=N2)C3=NC=CC=N3)OCCO)OC4=CC=CC=C4OC,C[N+]1(CCCC1)CC2=C(N3C(C(C3=O)NC(=O)C(=NOC)C4=CSC(=N4)N)SC2)C(=O)[O-],1,reported_twosides,0.16186711192131042,0.14601896579980927,0.14601896579980927,fitted,platt_logistic_regression,0.42850215989437923,0,0.41574097103311247,0.4903442485306465,0.027707808564231738,no_interaction,1,False,0.2878787878787879,0.7631578947368421,0.2878787878787879,False,False,True
CC(C1C(=O)NC(CSSCC(C(=O)NC(C(=O)NC(C(=O)NC(C(=O)N1)CCCCN)CC2=CNC3=CC=CC=C32)CC4=CC=CC=C4)NC(=O)C(CC5=CC=CC=C5)N)C(=O)NC(CO)C(C)O)O,CNC1CCC(C2=CC=CC=C12)C3=CC(=C(C=C3)Cl)Cl,1,reported_twosides,0.029756667092442513,0.03168074440872395,0.03168074440872395,fitted,platt_logistic_regression,0.42850215989437923,0,0.1405369183601655,0.7111670864819479,0.008396305625524769,no_interaction,1,False,0.3333333333333333,0.2641509433962264,0.2641509433962264,False,False,True
CC(C)(C(=O)O)ON=C(C1=CSC(=N1)N)C(=O)NC2C3N(C2=O)C(=C(CS3)C[N+]4=CC=CC=C4)C(=O)[O-],CCC1=C2CN3C(=CC4=C(C3=O)COC(=O)C4(CC)O)C2=NC5=C1C=C(C=C5)OC(=O)N6CCC(CC6)N7CCCCC7,0,unreported_twosides_sampled,0.015260821208357811,0.0174074515068545,0.0174074515068545,fitted,platt_logistic_regression,0.42850215989437923,0,0.08777015030016556,0.7808564231738035,0.0033585222502099076,no_interaction,1,False,0.6428571428571429,0.5164835164835165,0.5164835164835165,False,False,False
CCC(CO)NCCNC(CC)CO,CN1CCC23C4C(=O)CCC2(C1CC5=C3C(=C(C=C5)OC)O4)O,1,reported_twosides,0.2866714596748352,0.24831609638431998,0.24831609638431998,fitted,platt_logistic_regression,0.42850215989437923,0,0.5604776146340631,0.3635600335852225,0.051217464315701094,no_interaction,1,False,0.21951219512195122,0.609375,0.21951219512195122,False,False,True
CCOC1=NC2=CC=CC(=C2N1CC3=CC=C(C=C3)C4=CC=CC=C4C5=NNN=N5)C(=O)O,CNS(=O)(=O)CC1=CC2=C(C=C1)NC=C2CCN(C)C,1,reported_twosides,0.0733850970864296,0.07127395157443812,0.07127395157443812,fitted,platt_logistic_regression,0.42850215989437923,0,0.25692186810389533,0.617968094038623,0.01595298068849706,no_interaction,1,False,0.449438202247191,0.6538461538461539,0.449438202247191,False,False,False
CC1=CN(C(=O)NC1=O)C2C=CC(O2)CO,CN1CCN(CC1)C2=C3C=CC=CC3=NC4=C(N2)C=C(C=C4)Cl,0,unreported_twosides_sampled,0.8423762321472168,0.7716878149038778,0.7716878149038778,fitted,platt_logistic_regression,0.42850215989437923,1,0.5372288792956678,0.047019311502938706,0.38287153652392947,interaction,1,False,0.5652173913043478,0.5,0.5,False,False,False
CC1NC2=CC(=C(C=C2C(=O)N1C3=CC=CC=C3C)S(=O)(=O)N)Cl,CCOC1=NC2=CC=CC(=C2N1CC3=CC=C(C=C3)C4=CC=CC=C4C5=NNN=N5)C(=O)O,1,reported_twosides,0.3996109664440155,0.34204252442229294,0.34204252442229294,fitted,platt_logistic_regression,0.42850215989437923,0,0.6423809858119497,0.2779177162048699,0.08396305625524769,no_interaction,1,False,0.36764705882352944,0.449438202247191,0.36764705882352944,False,False,True
CC1C(C(=O)N1S(=O)(=O)O)NC(=O)C(=NOC(C)(C)C(=O)O)C2=CSC(=N2)N,CCC(C)C(=O)OC1CC(C=C2C1C(C(C=C2)C)CCC(CC(CC(=O)O)O)O)O,0,unreported_twosides_sampled,0.21829870343208313,0.1923610912409509,0.1923610912409509,fitted,platt_logistic_regression,0.42850215989437923,0,0.48962851642742167,0.417296389588581,0.03526448362720403,no_interaction,1,False,0.4444444444444444,0.5466666666666666,0.4444444444444444,False,False,False
C1=CC=C(C(=C1)CC(=O)[O-])NC2=C(C=CC=C2Cl)Cl,C1CN1P(=S)(N2CC2)N3CC3,0,unreported_twosides_sampled,0.5594127178192139,0.481565867881207,0.481565867881207,fitted,platt_logistic_regression,0.42850215989437923,1,0.692467392054561,0.17884130982367757,0.1570109151973132,no_interaction|interaction,2,True,0.3111111111111111,0.1111111111111111,0.1111111111111111,False,False,True
C(C(C(C(C(CO)O)O)O)O)O,CC(C)(C(=O)O)ON=C(C1=CSC(=N1)N)C(=O)NC2C3N(C2=O)C(=C(CS3)C[N+]4=CC=CC=C4)C(=O)[O-],0,unreported_twosides_sampled,0.32791170477867126,0.28225513970409577,0.28225513970409577,fitted,platt_logistic_regression,0.42850215989437923,0,0.5950706176790338,0.327455919395466,0.06213266162888329,no_interaction,1,False,0.2,0.6428571428571429,0.2,False,False,True
CCCC1=NC(=C2N1NC(=NC2=O)C3=C(C=CC(=C3)S(=O)(=O)N4CCN(CC4)CC)OCC)C,CN(C)NN=C1C(=NC=N1)C(=O)N,0,unreported_twosides_sampled,0.17299476265907288,0.15519668044361756,0.15519668044361756,fitted,platt_logistic_regression,0.42850215989437923,0,0.4316183407480496,0.47103274559193953,0.030226700251889168,no_interaction,1,False,0.5657894736842105,0.24390243902439024,0.24390243902439024,False,False,True
C1CN(CCN1CCCN2C(=O)N3C=CC=CC3=N2)C4=CC(=CC=C4)Cl,CC(C)C(CC1=CC(=C(C=C1)OC)OCCCOC)CC(C(CC(C(C)C)C(=O)NCC(C)(C)C(=O)N)O)N,0,unreported_twosides_sampled,0.6654191017150879,0.5816443918883063,0.5816443918883063,fitted,platt_logistic_regression,0.42850215989437923,1,0.6797556821018711,0.11670864819479429,0.22334172963895885,no_interaction|interaction,2,True,0.5522388059701493,0.28735632183908044,0.28735632183908044,False,False,True
CC(C)(C(=O)O)ON=C(C1=CSC(=N1)N)C(=O)NC2C3N(C2=O)C(=C(CS3)C[N+]4=CC=CC=C4)C(=O)[O-],COC1=C(C=C(C=C1)C2=CC3=C(C=C2)C=C(C=C3)C(=O)O)C45CC6CC(C4)CC(C6)C5,0,unreported_twosides_sampled,0.05246501788496971,0.05270373726406959,0.05270373726406959,fitted,platt_logistic_regression,0.42850215989437923,0,0.20640056280358188,0.6523929471032746,0.0109151973131822,no_interaction,1,False,0.6428571428571429,0.288135593220339,0.288135593220339,False,False,True
C1=CC(=C2C(=C1NCCNCCO)C(=O)C3=C(C=CC(=C3C2=O)O)O)NCCNCCO,CCC(C)C(=O)OC1CC(C=C2C1C(C(C=C2)C)CCC(CC(CC(=O)O)O)O)O,1,reported_twosides,0.36750462651252747,0.31511929217155193,0.31511929217155193,fitted,platt_logistic_regression,0.42850215989437923,0,0.6231356322391741,0.30142737195633923,0.07724601175482787,no_interaction,1,False,0.23529411764705882,0.5466666666666666,0.23529411764705882,False,False,True
CN(C)CCC=C1C2=CC=CC=C2C=CC3=CC=CC=C31,CNC1CCC(C2=CC=CC=C12)C3=CC(=C(C=C3)Cl)Cl,1,reported_twosides,0.3993331491947174,0.3418083400338274,0.3418083400338274,fitted,platt_logistic_regression,0.42850215989437923,0,0.6422276593011702,0.2779177162048699,0.08396305625524769,no_interaction,1,False,0.6285714285714286,0.2641509433962264,0.2641509433962264,False,False,True
CC(C1=CC(=CC(=C1)C(F)(F)F)C(F)(F)F)OC2C(N(CCO2)CC3=NC(=O)NN3)C4=CC=C(C=C4)F,CNS(=O)(=O)CC1=CC2=C(C=C1)NC=C2CCN(C)C,0,unreported_twosides_sampled,0.01695694960653782,0.019132770173848478,0.019132770173848478,fitted,platt_logistic_regression,0.42850215989437923,0,0.09464454703133321,0.7691015952980689,0.0033585222502099076,no_interaction,1,False,0.2235294117647059,0.6538461538461539,0.2235294117647059,False,False,True
C(C(C(C(C(CO)O)O)O)O)O,C[N+]1(CCCC1)CC2=C(N3C(C(C3=O)NC(=O)C(=NOC)C4=CSC(=N4)N)SC2)C(=O)[O-],1,reported_twosides,0.4385841488838196,0.37513353985121084,0.37513353985121084,fitted,platt_logistic_regression,0.42850215989437923,0,0.6616314156940775,0.24769101595298068,0.09739714525608732,no_interaction,1,False,0.2,0.7631578947368421,0.2,False,False,True
CC(CC1=CC=CC=C1)N(C)CC#C,CNS(=O)(=O)CC1=CC2=C(C=C1)NC=C2CCN(C)C,0,unreported_twosides_sampled,0.2182396650314331,0.1923127865070412,0.1923127865070412,fitted,platt_logistic_regression,0.42850215989437923,0,0.4895592041460466,0.417296389588581,0.03526448362720403,no_interaction,1,False,0.42424242424242425,0.6538461538461539,0.42424242424242425,False,False,False
C(C(C(C(C(CO)O)O)O)O)O,CC(=O)NCC1CN(C(=O)O1)C2=CC(=C(C=C2)N3CCOCC3)F,1,reported_twosides,0.2856386601924896,0.24746893549453416,0.24746893549453416,fitted,platt_logistic_regression,0.42850215989437923,0,0.5595373639530561,0.36439966414777497,0.051217464315701094,no_interaction,1,False,0.2,0.23376623376623376,0.2,False,False,True
CC(CC1=CC=CC=C1)N(C)CC#C,CN1CCC23C4C(=O)CCC2(C1CC5=C3C(=C(C=C5)OC)O4)O,1,reported_twosides,0.016308527439832687,0.018475401738812562,0.018475401738812562,fitted,platt_logistic_regression,0.42850215989437923,0,0.09204481995480195,0.7707808564231738,0.0033585222502099076,no_interaction,1,False,0.42424242424242425,0.609375,0.42424242424242425,False,False,False
CC1=C(N2C(C(C2=O)NC(=O)C(C3=CC=CC=C3)N)SC1)C(=O)O,CN(C)NN=C1C(=NC=N1)C(=O)N,1,reported_twosides,0.2975695729255676,0.2572624591486418,0.2572624591486418,fitted,platt_logistic_regression,0.42850215989437923,0,0.570174015476758,0.3509655751469353,0.05373635600335852,no_interaction,1,False,0.8431372549019608,0.24390243902439024,0.24390243902439024,False,False,True
C1CN1P(=S)(N2CC2)N3CC3,CC(CC1=CC=CC=C1)N(C)CC#C,0,unreported_twosides_sampled,0.056570690125226974,0.056395834410842366,0.056395834410842366,fitted,platt_logistic_regression,0.42850215989437923,0,0.21693314771082517,0.6431570109151973,0.012594458438287154,no_interaction,1,False,0.1111111111111111,0.42424242424242425,0.1111111111111111,False,False,True
C1C(C(C(C(C1N)OC2C(C(C(C(O2)CO)O)N)O)O)OC3C(CC(C(O3)CN)O)N)N,CCC(C)C(=O)OC1CC(C=C2C1C(C(C=C2)C)CCC(CC(CC(=O)O)O)O)O,1,reported_twosides,0.17259301245212555,0.15486578885314795,0.15486578885314795,fitted,platt_logistic_regression,0.42850215989437923,0,0.43105725673422635,0.471872376154492,0.030226700251889168,no_interaction,1,False,0.7727272727272727,0.5466666666666666,0.5466666666666666,False,False,False
C1C(C(C(C(C1N)OC2C(C(C(C(O2)CO)O)N)O)O)OC3C(CC(C(O3)CN)O)N)N,CCCC1=NC(=C2N1NC(=NC2=O)C3=C(C=CC(=C3)S(=O)(=O)N4CCN(CC4)CC)OCC)C,0,unreported_twosides_sampled,0.08435555547475815,0.0808113733069074,0.0808113733069074,fitted,platt_logistic_regression,0.42850215989437923,0,0.28074656836633305,0.6036943744752309,0.017632241813602016,no_interaction,1,False,0.7727272727272727,0.5657894736842105,0.5657894736842105,False,False,False
C1C(N(C2=C(N1)NC(=NC2=O)N)C=O)CNC3=CC=C(C=C3)C(=O)NC(CCC(=O)O)C(=O)O,C1CN(CCN1CCOCCO)C(C2=CC=CC=C2)C3=CC=C(C=C3)Cl,0,unreported_twosides_sampled,0.9991611242294312,0.9977096070027838,0.9977096070027838,fitted,platt_logistic_regression,0.42850215989437923,1,0.01621114004809366,0.0016792611251049538,0.9093198992443325,interaction,1,False,0.5256410256410257,0.7446808510638298,0.5256410256410257,False,False,False
C1=CC(=CC=C1CCC2=CNC3=C2C(=O)N=C(N3)N)C(=O)NC(CCC(=O)O)C(=O)O,CC1NC2=CC(=C(C=C2C(=O)N1C3=CC=CC=C3C)S(=O)(=O)N)Cl,0,unreported_twosides_sampled,0.5027163028717041,0.43079836786404996,0.43079836786404996,fitted,platt_logistic_regression,0.42850215989437923,1,0.6835386344057832,0.21074727120067172,0.12090680100755667,no_interaction|interaction,2,True,0.5,0.36764705882352944,0.36764705882352944,False,False,True
CC(C1=CC(=CC(=C1)C(F)(F)F)C(F)(F)F)OC2C(N(CCO2)CC3=NC(=O)NN3)C4=CC=C(C=C4)F,CN(C)CCC=C1C2=CC=CC=C2C=CC3=CC=CC=C31,0,unreported_twosides_sampled,0.34344229102134705,0.2951075748758488,0.2951075748758488,fitted,platt_logistic_regression,0.42850215989437923,0,0.6066617917062207,0.3198992443324937,0.06801007556675064,no_interaction,1,False,0.2235294117647059,0.6285714285714286,0.2235294117647059,False,False,True
C1=CC(=C2C(=C1NCCNCCO)C(=O)C3=C(C=CC(=C3C2=O)O)O)NCCNCCO,C1=NC2=C(N1COC(CO)CO)NC(=NC2=O)N,0,unreported_twosides_sampled,0.5703819990158081,0.4915856883030815,0.4915856883030815,fitted,platt_logistic_regression,0.42850215989437923,1,0.6930055725928812,0.17296389588581024,0.163727959697733,no_interaction|interaction,2,True,0.23529411764705882,0.7307692307692307,0.23529411764705882,False,False,True
C1CN(CCN1CCOCCO)C(C2=CC=CC=C2)C3=CC=C(C=C3)Cl,CC(C)(C)C1=CC=C(C=C1)S(=O)(=O)NC2=C(C(=NC(=N2)C3=NC=CC=N3)OCCO)OC4=CC=CC=C4OC,1,reported_twosides,0.9676011204719543,0.9407120642081996,0.9407120642081996,fitted,platt_logistic_regression,0.42850215989437923,1,0.22500374094486586,0.012594458438287154,0.6397984886649875,interaction,1,False,0.7446808510638298,0.2878787878787879,0.2878787878787879,False,False,True
C1C(N(C2=C(N1)NC(=NC2=O)N)C=O)CNC3=CC=C(C=C3)C(=O)NC(CCC(=O)O)C(=O)O,CN(C)CC(C1=CC=C(C=C1)O)C2(CCCCC2)O,0,unreported_twosides_sampled,0.9955042004585266,0.9896941430227986,0.9896941430227986,fitted,platt_logistic_regression,0.42850215989437923,1,0.05740230611725437,0.0033585222502099076,0.8245172124265323,interaction,1,False,0.5256410256410257,0.717948717948718,0.5256410256410257,False,False,False
CC(=O)NCC1CN(C(=O)O1)C2=CC(=C(C=C2)N3CCOCC3)F,CN(C)CCC=C1C2=CC=CC=C2C=CC3=CC=CC=C31,1,reported_twosides,0.27665767073631287,0.24010653727905337,0.24010653727905337,fitted,platt_logistic_regression,0.42850215989437923,0,0.551202700315267,0.3719563392107473,0.04953820319059614,no_interaction,1,False,0.23376623376623376,0.6285714285714286,0.23376623376623376,False,False,True
CC(C)C(CC1=CC(=C(C=C1)OC)OCCCOC)CC(C(CC(C(C)C)C(=O)NCC(C)(C)C(=O)N)O)N,CNC1CCC(C2=CC=CC=C12)C3=CC(=C(C=C3)Cl)Cl,1,reported_twosides,0.11015142500400543,0.10285415076006431,0.10285415076006431,fitted,platt_logistic_regression,0.42850215989437923,0,0.3313093043306497,0.5625524769101595,0.019311502938706968,no_interaction,1,False,0.28735632183908044,0.2641509433962264,0.2641509433962264,False,False,True
C1CC(=O)NC(=O)C1N2C(=O)C3=CC=CC=C3C2=O,CCC(CO)NCCNC(CC)CO,0,unreported_twosides_sampled,0.6082342863082886,0.5267177433333271,0.5267177433333271,fitted,platt_logistic_regression,0.42850215989437923,1,0.6917188247458899,0.1494542401343409,0.18219983207388749,no_interaction|interaction,2,True,0.5454545454545454,0.21951219512195122,0.21951219512195122,False,False,True
C1CC(=O)NC(=O)C1N2C(=O)C3=CC=CC=C3C2=O,CN(C)NN=C1C(=NC=N1)C(=O)N,1,reported_twosides,0.26405656337738037,0.2297875000230865,0.2297875000230865,fitted,platt_logistic_regression,0.42850215989437923,0,0.5390194478781645,0.382031905961377,0.04785894206549118,no_interaction,1,False,0.5454545454545454,0.24390243902439024,0.24390243902439024,False,False,True
CC1=CN(C(=O)NC1=O)C2C=CC(O2)CO,CN(C)CC(C1=CC=C(C=C1)O)C2(CCCCC2)O,0,unreported_twosides_sampled,0.9712754487991333,0.9466378411731523,0.9466378411731523,fitted,platt_logistic_regression,0.42850215989437923,1,0.2082983690156039,0.0109151973131822,0.6490344248530646,interaction,1,False,0.5652173913043478,0.717948717948718,0.5652173913043478,False,False,False
CC1=C(N2C(C(C2=O)NC(=O)C(C3=CC=CC=C3)N)SC1)C(=O)O,CCCCC1=NC(=C(N1CC2=CC=C(C=C2)C3=CC=CC=C3C4=NNN=N4)CO)Cl,1,reported_twosides,0.20575539767742157,0.18209342611820484,0.18209342611820484,fitted,platt_logistic_regression,0.42850215989437923,0,0.4745530472521079,0.4332493702770781,0.033585222502099076,no_interaction,1,False,0.8431372549019608,0.5142857142857142,0.5142857142857142,False,False,False
CC(C)(C)C1=CC=C(C=C1)S(=O)(=O)NC2=C(C(=NC(=N2)C3=NC=CC=N3)OCCO)OC4=CC=CC=C4OC,CC1=C(N2C(C(C2=O)NC(=O)C(C3=CC=CC=C3)N)SC1)C(=O)O,0,unreported_twosides_sampled,0.07096689194440842,0.06915527871704874,0.06915527871704874,fitted,platt_logistic_regression,0.42850215989437923,0,0.2514484144241742,0.6188077246011755,0.015113350125944584,no_interaction,1,False,0.2878787878787879,0.8431372549019608,0.2878787878787879,False,False,True
CC1(C(N2C(S1)C(C2=O)NC(=O)C(C3=CC=CC=C3)N)C(=O)[O-])C,CCOC1=NC2=CC=CC(=C2N1CC3=CC=C(C=C3)C4=CC=CC=C4C5=NNN=N5)C(=O)O,0,unreported_twosides_sampled,0.8027723431587219,0.7257466810944034,0.7257466810944034,fitted,platt_logistic_regression,0.42850215989437923,1,0.5874435452974365,0.061293031066330814,0.3308144416456759,interaction,1,False,0.7090909090909091,0.449438202247191,0.449438202247191,False,False,False
C1C(N(C2=C(N1)NC(=NC2=O)N)C=O)CNC3=CC=C(C=C3)C(=O)NC(CCC(=O)O)C(=O)O,CCC(C)C(=O)OC1CC(C=C2C1C(C(C=C2)C)CCC(CC(CC(=O)O)O)O)O,1,reported_twosides,0.9918931722640991,0.9825631862335187,0.9825631862335187,fitted,platt_logistic_regression,0.42850215989437923,1,0.08788855180118423,0.0033585222502099076,0.7808564231738035,interaction,1,False,0.5256410256410257,0.5466666666666666,0.5256410256410257,False,False,False
C1CN(CCN1CCOCCO)C(C2=CC=CC=C2)C3=CC=C(C=C3)Cl,COC1=C(C=C(C=C1)C2=CC3=C(C=C2)C=C(C=C3)C(=O)O)C45CC6CC(C4)CC(C6)C5,0,unreported_twosides_sampled,0.3205026686191559,0.27613916373371167,0.27613916373371167,fitted,platt_logistic_regression,0.42850215989437923,0,0.5892698316894247,0.32997481108312343,0.061293031066330814,no_interaction,1,False,0.7446808510638298,0.288135593220339,0.288135593220339,False,False,True
C1CC(=O)NC(=O)C1N2C(=O)C3=CC=CC=C3C2=O,CN1CCN(CC1)C2=C3C=CC=CC3=NC4=C(N2)C=C(C=C4)Cl,0,unreported_twosides_sampled,0.2003302276134491,0.177648663102871,0.177648663102871,fitted,platt_logistic_regression,0.42850215989437923,0,0.46780924996714424,0.4357682619647355,0.0327455919395466,no_interaction,1,False,0.5454545454545454,0.5,0.5,False,False,False
CC(=O)NCC1CN(C(=O)O1)C2=CC(=C(C=C2)N3CCOCC3)F,CCC(CO)NCCNC(CC)CO,1,reported_twosides,0.2340533584356308,0.20524689406773453,0.20524689406773453,fitted,platt_logistic_regression,0.42850215989437923,0,0.5075906886159534,0.40470193115029385,0.04114189756507137,no_interaction,1,False,0.23376623376623376,0.21951219512195122,0.21951219512195122,False,False,True
CC(C)(C)C1=CC=C(C=C1)S(=O)(=O)NC2=C(C(=NC(=N2)C3=NC=CC=N3)OCCO)OC4=CC=CC=C4OC,CC1=CN(C(=O)NC1=O)C2C=CC(O2)CO,1,reported_twosides,0.5302538275718689,0.45525243858799125,0.45525243858799125,fitted,platt_logistic_regression,0.42850215989437923,1,0.6891371290113582,0.1964735516372796,0.13685978169605373,no_interaction|interaction,2,True,0.2878787878787879,0.5652173913043478,0.2878787878787879,False,False,True
CC1=C(N2C(C(C2=O)NC(=O)C(C3=CC=CC=C3)N)SC1)C(=O)O,CN(C)CCCN1C2=CC=CC=C2CCC3=C1C=C(C=C3)Cl,0,unreported_twosides_sampled,0.03880598023533821,0.04020188074161072,0.04020188074161072,fitted,platt_logistic_regression,0.42850215989437923,0,0.16858520577682265,0.6826196473551638,0.010075566750629723,no_interaction,1,False,0.8431372549019608,0.7631578947368421,0.7631578947368421,False,False,False
C1CC(=O)NC(=O)C1N2C(=O)C3=CC=CC=C3C2=O,CC1=CN(C(=O)NC1=O)C2C=CC(O2)CO,0,unreported_twosides_sampled,0.5830904245376587,0.5032820361989856,0.5032820361989856,fitted,platt_logistic_regression,0.42850215989437923,1,0.6931256368820119,0.16540722082283796,0.17296389588581024,no_interaction|interaction,2,True,0.5454545454545454,0.5652173913043478,0.5454545454545454,False,False,False
CC(C1C(=O)NC(CSSCC(C(=O)NC(C(=O)NC(C(=O)NC(C(=O)N1)CCCCN)CC2=CNC3=CC=CC=C32)CC4=CC=CC=C4)NC(=O)C(CC5=CC=CC=C5)N)C(=O)NC(CO)C(C)O)O,CC1(C(N2C(S1)C(C2=O)NC(=O)C(C3=CC=CC=C3)N)C(=O)[O-])C,0,unreported_twosides_sampled,0.11106910556554794,0.10363030625254137,0.10363030625254137,fitted,platt_logistic_regression,0.42850215989437923,0,0.33298712753364984,0.5608732157850546,0.019311502938706968,no_interaction,1,False,0.3333333333333333,0.7090909090909091,0.3333333333333333,False,False,True
CC1=CN(C(=O)NC1=O)C2C=CC(O2)CO,CCCC1=NC(=C2N1NC(=NC2=O)C3=C(C=CC(=C3)S(=O)(=O)N4CCN(CC4)CC)OCC)C,0,unreported_twosides_sampled,0.4994528293609619,0.4279240268706651,0.4279240268706651,fitted,platt_logistic_regression,0.42850215989437923,0,0.6827210030078703,0.21326616288832914,0.12090680100755667,no_interaction|interaction,2,True,0.5652173913043478,0.5657894736842105,0.5652173913043478,False,False,False
CC(C1C(=O)NC(CSSCC(C(=O)NC(C(=O)NC(C(=O)NC(C(=O)N1)CCCCN)CC2=CNC3=CC=CC=C32)CC4=CC=CC=C4)NC(=O)C(CC5=CC=CC=C5)N)C(=O)NC(CO)C(C)O)O,CCC1=C(CN(C1=O)C(=O)NCCC2=CC=C(C=C2)S(=O)(=O)NC(=O)NC3CCC(CC3)C)C,0,unreported_twosides_sampled,0.07045005261898041,0.06870162353177482,0.06870162353177482,fitted,platt_logistic_regression,0.42850215989437923,0,0.2502674279914948,0.6188077246011755,0.015113350125944584,no_interaction,1,False,0.3333333333333333,0.48,0.3333333333333333,False,False,True
CCC1=C(CN(C1=O)C(=O)NCCC2=CC=C(C=C2)S(=O)(=O)NC(=O)NC3CCC(CC3)C)C,CN(C)CC(C1=CC=C(C=C1)O)C2(CCCCC2)O,0,unreported_twosides_sampled,0.8838121294975281,0.8227546897980369,0.8227546897980369,fitted,platt_logistic_regression,0.42850215989437923,1,0.46719061098786413,0.0327455919395466,0.436607892527288,interaction,1,False,0.48,0.717948717948718,0.48,False,False,False
C(C(C(C(C(CO)O)O)O)O)O,CC1(C(N2C(S1)C(C2=O)NC(=O)C(C3=CC=CC=C3)N)C(=O)[O-])C,1,reported_twosides,0.2840944230556488,0.24620246503791235,0.24620246503791235,fitted,platt_logistic_regression,0.42850215989437923,0,0.558124538343678,0.36607892527287994,0.051217464315701094,no_interaction,1,False,0.2,0.7090909090909091,0.2,False,False,True
C1CC(OC1CO)N2C=NC3=C2NC=NC3=O,C1CN(CCN1CCOCCO)C(C2=CC=CC=C2)C3=CC=C(C=C3)Cl,1,reported_twosides,0.4847410023212433,0.4150253546138898,0.4150253546138898,fitted,platt_logistic_regression,0.42850215989437923,0,0.6786354662157349,0.2258606213266163,0.11586901763224182,no_interaction|interaction,2,True,0.3492063492063492,0.7446808510638298,0.3492063492063492,False,False,True
C1=CC(=CC=C1CCC2=CNC3=C2C(=O)N=C(N3)N)C(=O)NC(CCC(=O)O)C(=O)O,CN1CCC23C4C(=O)CCC2(C1CC5=C3C(=C(C=C5)OC)O4)O,1,reported_twosides,0.12986087799072266,0.11942932752458288,0.11942932752458288,fitted,platt_logistic_regression,0.42850215989437923,0,0.36578642211810075,0.5298068849706129,0.0218303946263644,no_interaction,1,False,0.5,0.609375,0.5,False,False,False
C1CN(CCN1CCOCCO)C(C2=CC=CC=C2)C3=CC=C(C=C3)Cl,CCC(C)C(=O)OC1CC(C=C2C1C(C(C=C2)C)CCC(CC(CC(=O)O)O)O)O,1,reported_twosides,0.9962299466133118,0.9911947029561214,0.9911947029561214,fitted,platt_logistic_regression,0.42850215989437923,1,0.05043661972406069,0.0033585222502099076,0.8404701931150294,interaction,1,False,0.7446808510638298,0.5466666666666666,0.5466666666666666,False,False,False
CC(C)(C(=O)O)ON=C(C1=CSC(=N1)N)C(=O)NC2C3N(C2=O)C(=C(CS3)C[N+]4=CC=CC=C4)C(=O)[O-],CC1C(C(=O)N1S(=O)(=O)O)NC(=O)C(=NOC(C)(C)C(=O)O)C2=CSC(=N2)N,0,unreported_twosides_sampled,0.4440036118030548,0.37977540844735785,0.37977540844735785,fitted,platt_logistic_regression,0.42850215989437923,0,0.6639540711111837,0.24601175482787574,0.09907640638119228,no_interaction,1,False,0.6428571428571429,0.4444444444444444,0.4444444444444444,False,False,False
CC1(C(N2C(S1)C(C2=O)NC(=O)C(C3=CC=CC=C3)N)C(=O)[O-])C,CNC1CCC(C2=CC=CC=C12)C3=CC(=C(C=C3)Cl)Cl,0,unreported_twosides_sampled,0.3790615499019623,0.3247790957811008,0.3247790957811008,fitted,platt_logistic_regression,0.42850215989437923,0,0.6304194610167152,0.2972292191435768,0.08144416456759027,no_interaction,1,False,0.7090909090909091,0.2641509433962264,0.2641509433962264,False,False,True
CC(C)C(CC1=CC(=C(C=C1)OC)OCCCOC)CC(C(CC(C(C)C)C(=O)NCC(C)(C)C(=O)N)O)N,CCCCC1=NC(=C(N1CC2=CC=C(C=C2)C3=CC=CC=C3C4=NNN=N4)CO)Cl,1,reported_twosides,0.9621666669845581,0.9321258180493046,0.9321258180493046,fitted,platt_logistic_regression,0.42850215989437923,1,0.24810507713203778,0.015113350125944584,0.6221662468513854,interaction,1,False,0.28735632183908044,0.5142857142857142,0.28735632183908044,False,False,True
CCOC1=NC2=CC=CC(=C2N1CC3=CC=C(C=C3)C4=CC=CC=C4C5=NNN=N5)C(=O)O,CN(C)CCC=C1C2=CC=CC=C2C=CC3=CC=CC=C31,1,reported_twosides,0.9648829102516174,0.9363923390937887,0.9363923390937887,fitted,platt_logistic_regression,0.42850215989437923,1,0.23678084760924498,0.014273719563392108,0.6322418136020151,interaction,1,False,0.449438202247191,0.6285714285714286,0.449438202247191,False,False,False
CCCCC1=NC(=C(N1CC2=CC=C(C=C2)C3=CC=CC=C3C4=NNN=N4)CO)Cl,CNS(=O)(=O)CC1=CC2=C(C=C1)NC=C2CCN(C)C,1,reported_twosides,0.1313677579164505,0.12068923036994572,0.12068923036994572,fitted,platt_logistic_regression,0.42850215989437923,0,0.36829598912501493,0.5289672544080605,0.0218303946263644,no_interaction,1,False,0.5142857142857142,0.6538461538461539,0.5142857142857142,False,False,False
C1CN(CCN1CCCN2C(=O)N3C=CC=CC3=N2)C4=CC(=CC=C4)Cl,CNC1CCC(C2=CC=CC=C12)C3=CC(=C(C=C3)Cl)Cl,1,reported_twosides,0.1357424259185791,0.12434174071828064,0.12434174071828064,fitted,platt_logistic_regression,0.42850215989437923,0,0.3754872640268901,0.5230898404701931,0.022670025188916875,no_interaction,1,False,0.5522388059701493,0.2641509433962264,0.2641509433962264,False,False,True
C1CN(CCN1CCCN2C(=O)N3C=CC=CC3=N2)C4=CC(=CC=C4)Cl,CN(C)CCC=C1C2=CC=CC=C2C=CC3=CC=CC=C31,1,reported_twosides,0.8802553415298462,0.8182299418902322,0.8182299418902322,fitted,platt_logistic_regression,0.42850215989437923,1,0.4740669234912605,0.033585222502099076,0.4332493702770781,interaction,1,False,0.5522388059701493,0.6285714285714286,0.5522388059701493,False,False,False
C1CC(=O)NC(=O)C1N2C(=O)C3=CC=CC=C3C2=O,CNC1CCC(C2=CC=CC=C12)C3=CC(=C(C=C3)Cl)Cl,1,reported_twosides,0.3260151445865631,0.28068867898749755,0.28068867898749755,fitted,platt_logistic_regression,0.42850215989437923,0,0.5936025726138482,0.32913518052057095,0.06213266162888329,no_interaction,1,False,0.5454545454545454,0.2641509433962264,0.2641509433962264,False,False,True
CC1=CN(C(=O)NC1=O)C2C=CC(O2)CO,CN1CCC23C4C(=O)CCC2(C1CC5=C3C(=C(C=C5)OC)O4)O,1,reported_twosides,0.5399492979049683,0.463951746611372,0.463951746611372,fitted,platt_logistic_regression,0.42850215989437923,1,0.6905459712017024,0.19059613769941225,0.14357682619647355,no_interaction|interaction,2,True,0.5652173913043478,0.609375,0.5652173913043478,False,False,False
C1=CC(=C2C(=C1NCCNCCO)C(=O)C3=C(C=CC(=C3C2=O)O)O)NCCNCCO,CC(C1C(=O)NC(CSSCC(C(=O)NC(C(=O)NC(C(=O)NC(C(=O)N1)CCCCN)CC2=CNC3=CC=CC=C32)CC4=CC=CC=C4)NC(=O)C(CC5=CC=CC=C5)N)C(=O)NC(CO)C(C)O)O,0,unreported_twosides_sampled,0.5628144145011902,0.4846657802125673,0.4846657802125673,fitted,platt_logistic_regression,0.42850215989437923,1,0.6926768302191931,0.17716204869857263,0.15869017632241814,no_interaction|interaction,2,True,0.23529411764705882,0.3333333333333333,0.23529411764705882,False,False,True
C1C(C(C(C(C1N)OC2C(C(C(C(O2)CO)O)N)O)O)OC3C(CC(C(O3)CN)O)N)N,CCOC1=NC2=CC=CC(=C2N1CC3=CC=C(C=C3)C4=CC=CC=C4C5=NNN=N5)C(=O)O,0,unreported_twosides_sampled,0.03939005360007286,0.040744470196115753,0.040744470196115753,fitted,platt_logistic_regression,0.42850215989437923,0,0.17030293998980944,0.6826196473551638,0.010075566750629723,no_interaction,1,False,0.7727272727272727,0.449438202247191,0.449438202247191,False,False,False
C1C(C(C(C(C1N)OC2C(C(C(C(O2)CO)O)N)O)O)OC3C(CC(C(O3)CN)O)N)N,CNC1CCC(C2=CC=CC=C12)C3=CC(=C(C=C3)Cl)Cl,1,reported_twosides,0.07636907696723938,0.07387977751150328,0.07387977751150328,fitted,platt_logistic_regression,0.42850215989437923,0,0.26356103600447367,0.6154492023509656,0.016792611251049538,no_interaction,1,False,0.7727272727272727,0.2641509433962264,0.2641509433962264,False,False,True
CC(=O)NCC1CN(C(=O)O1)C2=CC(=C(C=C2)N3CCOCC3)F,CC(C)(C(=O)O)ON=C(C1=CSC(=N1)N)C(=O)NC2C3N(C2=O)C(=C(CS3)C[N+]4=CC=CC=C4)C(=O)[O-],1,reported_twosides,0.13929326832294464,0.12730106183183582,0.12730106183183582,fitted,platt_logistic_regression,0.42850215989437923,0,0.38122374175976514,0.5197313182199832,0.023509655751469353,no_interaction,1,False,0.23376623376623376,0.6428571428571429,0.23376623376623376,False,False,True
C1=CC(=C2C(=C1NCCNCCO)C(=O)C3=C(C=CC(=C3C2=O)O)O)NCCNCCO,CC(=O)CCCCN1C(=O)C2=C(N=CN2C)N(C1=O)C,0,unreported_twosides_sampled,0.5879367589950562,0.507768105103356,0.507768105103356,fitted,platt_logistic_regression,0.42850215989437923,1,0.6930264887905726,0.16456759026028547,0.17296389588581024,no_interaction|interaction,2,True,0.23529411764705882,0.2916666666666667,0.23529411764705882,False,False,True
C1=CC(=CC=C1CCC2=CNC3=C2C(=O)N=C(N3)N)C(=O)NC(CCC(=O)O)C(=O)O,C1C(N(C2=C(N1)NC(=NC2=O)N)C=O)CNC3=CC=C(C=C3)C(=O)NC(CCC(=O)O)C(=O)O,1,reported_twosides,0.9915281534194946,0.9818660675690465,0.9818660675690465,fitted,platt_logistic_regression,0.42850215989437923,1,0.09068504155483528,0.0033585222502099076,0.7741393786733837,interaction,1,False,0.5,0.5256410256410257,0.5,False,False,False
C(C(C(C(C(CO)O)O)O)O)O,CNS(=O)(=O)CC1=CC2=C(C=C1)NC=C2CCN(C)C,0,unreported_twosides_sampled,0.007437434978783131,0.009135991430305796,0.009135991430305796,fitted,platt_logistic_regression,0.42850215989437923,0,0.05199248498772359,0.8371116708648195,0.0033585222502099076,no_interaction,1,False,0.2,0.6538461538461539,0.2,False,False,True
CCCCC1=NC(=C(N1CC2=CC=C(C=C2)C3=CC=CC=C3C4=NNN=N4)CO)Cl,CN(C)NN=C1C(=NC=N1)C(=O)N,0,unreported_twosides_sampled,0.39557233452796936,0.3386403849924196,0.3386403849924196,fitted,platt_logistic_regression,0.42850215989437923,0,0.6401295315593514,0.28211586901763225,0.08312342569269521,no_interaction,1,False,0.5142857142857142,0.24390243902439024,0.24390243902439024,False,False,True
CCC1=C(CN(C1=O)C(=O)NCCC2=CC=C(C=C2)S(=O)(=O)NC(=O)NC3CCC(CC3)C)C,CCOC1=NC2=CC=CC(=C2N1CC3=CC=C(C=C3)C4=CC=CC=C4C5=NNN=N5)C(=O)O,1,reported_twosides,0.9741714596748352,0.951385451261663,0.951385451261663,fitted,platt_logistic_regression,0.42850215989437923,1,0.1944154823488046,0.0109151973131822,0.6599496221662469,interaction,1,False,0.48,0.449438202247191,0.449438202247191,False,False,False
C1CC(=O)NC(=O)C1N2C(=O)C3=CC=CC=C3C2=O,CC1NC2=CC(=C(C=C2C(=O)N1C3=CC=CC=C3C)S(=O)(=O)N)Cl,1,reported_twosides,0.2757599949836731,0.2393710389946382,0.2393710389946382,fitted,platt_logistic_regression,0.42850215989437923,0,0.5503538525666729,0.37363560033585225,0.04953820319059614,no_interaction,1,False,0.5454545454545454,0.36764705882352944,0.36764705882352944,False,False,True
CCC1=C2CN3C(=CC4=C(C3=O)COC(=O)C4(CC)O)C2=NC5=C1C=C(C=C5)OC(=O)N6CCC(CC6)N7CCCCC7,CCOC1=NC2=CC=CC(=C2N1CC3=CC=C(C=C3)C4=CC=CC=C4C5=NNN=N5)C(=O)O,1,reported_twosides,0.056080084294080734,0.055956029649090425,0.055956029649090425,fitted,platt_logistic_regression,0.42850215989437923,0,0.21569225884371923,0.6448362720403022,0.012594458438287154,no_interaction,1,False,0.5164835164835165,0.449438202247191,0.449438202247191,False,False,False
CC(C1C(=O)NC(CSSCC(C(=O)NC(C(=O)NC(C(=O)NC(C(=O)N1)CCCCN)CC2=CNC3=CC=CC=C32)CC4=CC=CC=C4)NC(=O)C(CC5=CC=CC=C5)N)C(=O)NC(CO)C(C)O)O,COC1=C(C=C(C=C1)C2=CC3=C(C=C2)C=C(C=C3)C(=O)O)C45CC6CC(C4)CC(C6)C5,0,unreported_twosides_sampled,0.0461706668138504,0.04698821139934409,0.04698821139934409,fitted,platt_logistic_regression,0.42850215989437923,0,0.18954985955964823,0.6633081444164568,0.0109151973131822,no_interaction,1,False,0.3333333333333333,0.288135593220339,0.288135593220339,False,False,True
CC(=O)NCC1CN(C(=O)O1)C2=CC(=C(C=C2)N3CCOCC3)F,CC(C1=CC(=CC(=C1)C(F)(F)F)C(F)(F)F)OC2C(N(CCO2)CC3=NC(=O)NN3)C4=CC=C(C=C4)F,0,unreported_twosides_sampled,0.20349563658237457,0.1802423704478408,0.1802423704478408,fitted,platt_logistic_regression,0.42850215989437923,0,0.4717608057044622,0.434928631402183,0.033585222502099076,no_interaction,1,False,0.23376623376623376,0.2235294117647059,0.2235294117647059,False,False,True
C1CN1P(=S)(N2CC2)N3CC3,CNC1CCC(C2=CC=CC=C12)C3=CC(=C(C=C3)Cl)Cl,1,reported_twosides,0.09216777235269547,0.08753780137035301,0.08753780137035301,fitted,platt_logistic_regression,0.42850215989437923,0,0.2968038748125261,0.5944584382871536,0.018471872376154493,no_interaction,1,False,0.1111111111111111,0.2641509433962264,0.1111111111111111,False,False,True
CC(=O)NCC1CN(C(=O)O1)C2=CC(=C(C=C2)N3CCOCC3)F,CCOC1=NC2=CC=CC(=C2N1CC3=CC=C(C=C3)C4=CC=CC=C4C5=NNN=N5)C(=O)O,1,reported_twosides,0.09621252119541168,0.09100170529707852,0.09100170529707852,fitted,platt_logistic_regression,0.42850215989437923,0,0.3048492979808466,0.5877413937867338,0.018471872376154493,no_interaction,1,False,0.23376623376623376,0.449438202247191,0.23376623376623376,False,False,True
C1CN(CCN1CCCN2C(=O)N3C=CC=CC3=N2)C4=CC(=CC=C4)Cl,CN1CCC23C4C(=O)CCC2(C1CC5=C3C(=C(C=C5)OC)O4)O,1,reported_twosides,0.022772686555981636,0.024923824639128,0.024923824639128,fitted,platt_logistic_regression,0.42850215989437923,0,0.11662765685963716,0.7413937867338372,0.0041981528127623844,no_interaction,1,False,0.5522388059701493,0.609375,0.5522388059701493,False,False,False
CC(C)(C)C1=CC=C(C=C1)S(=O)(=O)NC2=C(C(=NC(=N2)C3=NC=CC=N3)OCCO)OC4=CC=CC=C4OC,CCC(CO)NCCNC(CC)CO,0,unreported_twosides_sampled,0.2830592393875122,0.2453536146125129,0.2453536146125129,fitted,platt_logistic_regression,0.42850215989437923,0,0.5571727577635726,0.36859781696053734,0.05037783375314862,no_interaction,1,False,0.2878787878787879,0.21951219512195122,0.21951219512195122,False,False,True
C1CC(=O)NC(=O)C1N2C(=O)C3=CC=CC=C3C2=O,CCC(C)C(=O)OC1CC(C=C2C1C(C(C=C2)C)CCC(CC(CC(=O)O)O)O)O,1,reported_twosides,0.25500190258026123,0.22237857209129785,0.22237857209129785,fitted,platt_logistic_regression,0.42850215989437923,0,0.5299019976788959,0.38706968933669184,0.04534005037783375,no_interaction,1,False,0.5454545454545454,0.5466666666666666,0.5454545454545454,False,False,False
CN(C)NN=C1C(=NC=N1)C(=O)N,C[N+]1(CCCC1)CC2=C(N3C(C(C3=O)NC(=O)C(=NOC)C4=CSC(=N4)N)SC2)C(=O)[O-],0,unreported_twosides_sampled,0.2918342649936676,0.25255261466916734,0.25255261466916734,fitted,platt_logistic_regression,0.42850215989437923,0,0.5651221420764262,0.3593618807724601,0.05289672544080604,no_interaction,1,False,0.24390243902439024,0.7631578947368421,0.24390243902439024,False,False,True
CC(CC1=CC=CC=C1)N(C)CC#C,CC1NC2=CC(=C(C=C2C(=O)N1C3=CC=CC=C3C)S(=O)(=O)N)Cl,0,unreported_twosides_sampled,0.11490735411643982,0.10687158189828742,0.10687158189828742,fitted,platt_logistic_regression,0.42850215989437923,0,0.33992421854418275,0.5541561712846348,0.020990764063811923,no_interaction,1,False,0.42424242424242425,0.36764705882352944,0.36764705882352944,False,False,True
C1=NC2=C(N1COC(CO)CO)NC(=NC2=O)N,CC(C)(C(=O)O)ON=C(C1=CSC(=N1)N)C(=O)NC2C3N(C2=O)C(=C(CS3)C[N+]4=CC=CC=C4)C(=O)[O-],1,reported_twosides,0.10081035643815994,0.09492515364758092,0.09492515364758092,fitted,platt_logistic_regression,0.42850215989437923,0,0.31378710962154993,0.5785054575986566,0.019311502938706968,no_interaction,1,False,0.7307692307692307,0.6428571428571429,0.6428571428571429,False,False,False
CC(=O)CCCCN1C(=O)C2=C(N=CN2C)N(C1=O)C,CN(C)CCC=C1C2=CC=CC=C2C=CC3=CC=CC=C31,1,reported_twosides,0.4095662832260132,0.3504494338149577,0.3504494338149577,fitted,platt_logistic_regression,0.42850215989437923,0,0.6477244123395611,0.27455919395465994,0.08480268681780016,no_interaction,1,False,0.2916666666666667,0.6285714285714286,0.2916666666666667,False,False,True
CC1(OC2CC3C4CC(C5=CC(=O)C=CC5(C4(C(CC3(C2(O1)C(=O)CO)C)O)F)C)F)C,CN(C)CCC=C1C2=CC=CC=C2C=CC3=CC=CC=C31,0,unreported_twosides_sampled,0.38520950078964233,0.32993182402114507,0.32993182402114507,fitted,platt_logistic_regression,0.42850215989437923,0,0.6341303439913041,0.2938706968933669,0.08144416456759027,no_interaction,1,False,0.5540540540540541,0.6285714285714286,0.5540540540540541,False,False,False
CC(C)(C(=O)O)ON=C(C1=CSC(=N1)N)C(=O)NC2C3N(C2=O)C(=C(CS3)C[N+]4=CC=CC=C4)C(=O)[O-],CC(C[N+](C)(C)C)OC(=O)N,0,unreported_twosides_sampled,0.09395287185907364,0.08906803988182806,0.08906803988182806,fitted,platt_logistic_regression,0.42850215989437923,0,0.30037628853513576,0.5902602854743912,0.018471872376154493,no_interaction,1,False,0.6428571428571429,0.41379310344827586,0.41379310344827586,False,False,False
CC(C)(C)C1=CC=C(C=C1)S(=O)(=O)NC2=C(C(=NC(=N2)C3=NC=CC=N3)OCCO)OC4=CC=CC=C4OC,CCCCC1=NC(=C(N1CC2=CC=C(C=C2)C3=CC=CC=C3C4=NNN=N4)CO)Cl,1,reported_twosides,0.9813434481620789,0.9634879678073116,0.9634879678073116,fitted,platt_logistic_regression,0.42850215989437923,1,0.15669617186258547,0.008396305625524769,0.7002518891687658,interaction,1,False,0.2878787878787879,0.5142857142857142,0.2878787878787879,False,False,True
CC(=O)CCCCN1C(=O)C2=C(N=CN2C)N(C1=O)C,CCCC1=NC(=C2N1NC(=NC2=O)C3=C(C=CC(=C3)S(=O)(=O)N4CCN(CC4)CC)OCC)C,1,reported_twosides,0.304254412651062,0.26275721278155995,0.26275721278155995,fitted,platt_logistic_regression,0.42850215989437923,0,0.5759211637208809,0.345088161209068,0.05877413937867338,no_interaction,1,False,0.2916666666666667,0.5657894736842105,0.2916666666666667,False,False,True
C1=NC2=C(N1COC(CO)CO)NC(=NC2=O)N,CC(=O)CCCCN1C(=O)C2=C(N=CN2C)N(C1=O)C,0,unreported_twosides_sampled,0.14547426998615265,0.13244177661411544,0.13244177661411544,fitted,platt_logistic_regression,0.42850215989437923,0,0.39100220355474435,0.5130142737195634,0.02434928631402183,no_interaction,1,False,0.7307692307692307,0.2916666666666667,0.2916666666666667,False,False,True
C1CC(=O)NC(=O)C1N2C(=O)C3=CC=CC=C3C2=O,CC(C1C(=O)NC(CSSCC(C(=O)NC(C(=O)NC(C(=O)NC(C(=O)N1)CCCCN)CC2=CNC3=CC=CC=C32)CC4=CC=CC=C4)NC(=O)C(CC5=CC=CC=C5)N)C(=O)NC(CO)C(C)O)O,1,reported_twosides,0.7341758608818054,0.6512722721560158,0.6512722721560158,fitted,platt_logistic_regression,0.42850215989437923,1,0.6466554931602471,0.08480268681780016,0.2753988245172124,interaction,1,False,0.5454545454545454,0.3333333333333333,0.3333333333333333,False,False,True
CN(C)CCC=C1C2=CC=CC=C2C=CC3=CC=CC=C31,CNS(=O)(=O)CC1=CC2=C(C=C1)NC=C2CCN(C)C,1,reported_twosides,0.3413350284099579,0.2933609657404363,0.2933609657404363,fitted,platt_logistic_regression,0.42850215989437923,0,0.6051336689116815,0.32157850545759864,0.06801007556675064,no_interaction,1,False,0.6285714285714286,0.6538461538461539,0.6285714285714286,False,False,False
CN1CCN(CC1)C2=C3C=CC=CC3=NC4=C(N2)C=C(C=C4)Cl,CNS(=O)(=O)CC1=CC2=C(C=C1)NC=C2CCN(C)C,0,unreported_twosides_sampled,0.5944994688034058,0.5138662018123208,0.5138662018123208,fitted,platt_logistic_regression,0.42850215989437923,1,0.6927625881482421,0.15952980688497062,0.17632241813602015,no_interaction|interaction,2,True,0.5,0.6538461538461539,0.5,False,False,False
CC(C)(C(=O)O)ON=C(C1=CSC(=N1)N)C(=O)NC2C3N(C2=O)C(=C(CS3)C[N+]4=CC=CC=C4)C(=O)[O-],CCC(CO)NCCNC(CC)CO,0,unreported_twosides_sampled,0.14524590969085693,0.13225207803658257,0.13225207803658257,fitted,platt_logistic_regression,0.42850215989437923,0,0.3906455009282235,0.5130142737195634,0.02434928631402183,no_interaction,1,False,0.6428571428571429,0.21951219512195122,0.21951219512195122,False,False,True
CC(=O)NCC1CN(C(=O)O1)C2=CC(=C(C=C2)N3CCOCC3)F,CC1NC2=CC(=C(C=C2C(=O)N1C3=CC=CC=C3C)S(=O)(=O)N)Cl,1,reported_twosides,0.23367835581302643,0.2049402443467191,0.2049402443467191,fitted,platt_logistic_regression,0.42850215989437923,0,0.5071752523957446,0.40470193115029385,0.04114189756507137,no_interaction,1,False,0.23376623376623376,0.36764705882352944,0.23376623376623376,False,False,True
CC1NC2=CC(=C(C=C2C(=O)N1C3=CC=CC=C3C)S(=O)(=O)N)Cl,CN(C)CCC=C1C2=CC=CC=C2C=CC3=CC=CC=C31,1,reported_twosides,0.43696656823158264,0.3737500732333257,0.3737500732333257,fitted,platt_logistic_regression,0.42850215989437923,0,0.6609214091090487,0.2510495382031906,0.09739714525608732,no_interaction,1,False,0.36764705882352944,0.6285714285714286,0.36764705882352944,False,False,True
CC(=O)NCC1CN(C(=O)O1)C2=CC(=C(C=C2)N3CCOCC3)F,CC1=CN(C(=O)NC1=O)C2C=CC(O2)CO,1,reported_twosides,0.27508795261383057,0.23882045361249682,0.23882045361249682,fitted,platt_logistic_regression,0.42850215989437923,0,0.5497164708959187,0.37363560033585225,0.04953820319059614,no_interaction,1,False,0.23376623376623376,0.5652173913043478,0.23376623376623376,False,False,True
C1=CC=C(C(=C1)C(C2=CC=C(C=C2)Cl)C(Cl)Cl)Cl,CNC1CCC(C2=CC=CC=C12)C3=CC(=C(C=C3)Cl)Cl,0,unreported_twosides_sampled,0.37088122963905334,0.31793816492444027,0.31793816492444027,fitted,platt_logistic_regression,0.42850215989437923,0,0.6253055249740842,0.30058774139378674,0.07808564231738035,no_interaction,1,False,0.2765957446808511,0.2641509433962264,0.2641509433962264,False,False,True
CC(C1=CC(=CC(=C1)C(F)(F)F)C(F)(F)F)OC2C(N(CCO2)CC3=NC(=O)NN3)C4=CC=C(C=C4)F,CN1CCN(CC1)C2=C3C=CC=CC3=NC4=C(N2)C=C(C=C4)Cl,0,unreported_twosides_sampled,0.3753989636898041,0.3217140974407682,0.3217140974407682,fitted,platt_logistic_regression,0.42850215989437923,0,0.6281547510294663,0.2989084802686818,0.07976490344248531,no_interaction,1,False,0.2235294117647059,0.5,0.2235294117647059,False,False,True
CC(C1=CC(=CC(=C1)C(F)(F)F)C(F)(F)F)OC2C(N(CCO2)CC3=NC(=O)NN3)C4=CC=C(C=C4)F,CC(C1C(=O)NC(CSSCC(C(=O)NC(C(=O)NC(C(=O)NC(C(=O)N1)CCCCN)CC2=CNC3=CC=CC=C32)CC4=CC=CC=C4)NC(=O)C(CC5=CC=CC=C5)N)C(=O)NC(CO)C(C)O)O,0,unreported_twosides_sampled,0.06125447899103165,0.060576965718122336,0.060576965718122336,fitted,platt_logistic_regression,0.42850215989437923,0,0.22855212171410405,0.6372795969773299,0.012594458438287154,no_interaction,1,False,0.2235294117647059,0.3333333333333333,0.2235294117647059,False,False,True
CC(=O)CCCCN1C(=O)C2=C(N=CN2C)N(C1=O)C,CC(C)(C)C1=CC=C(C=C1)S(=O)(=O)NC2=C(C(=NC(=N2)C3=NC=CC=N3)OCCO)OC4=CC=CC=C4OC,1,reported_twosides,0.20523323118686676,0.18166573992596902,0.18166573992596902,fitted,platt_logistic_regression,0.42850215989437923,0,0.4739099505291694,0.4332493702770781,0.033585222502099076,no_interaction,1,False,0.2916666666666667,0.2878787878787879,0.2878787878787879,False,False,True
C1C(C(C(C(C1N)OC2C(C(C(C(O2)CO)O)N)O)O)OC3C(CC(C(O3)CN)O)N)N,CCC1=C(CN(C1=O)C(=O)NCCC2=CC=C(C=C2)S(=O)(=O)NC(=O)NC3CCC(CC3)C)C,0,unreported_twosides_sampled,0.023151302710175514,0.025295090491728293,0.025295090491728293,fitted,platt_logistic_regression,0.42850215989437923,0,0.11798615192921554,0.7405541561712846,0.0041981528127623844,no_interaction,1,False,0.7727272727272727,0.48,0.48,False,False,False
C(C(C(C(C(CO)O)O)O)O)O,CC1NC2=CC(=C(C=C2C(=O)N1C3=CC=CC=C3C)S(=O)(=O)N)Cl,1,reported_twosides,0.3937213718891144,0.33708269990295,0.33708269990295,fitted,platt_logistic_regression,0.42850215989437923,0,0.6390814600233408,0.2837951301427372,0.08312342569269521,no_interaction,1,False,0.2,0.36764705882352944,0.2,False,False,True
C1CN(CCN1CCCN2C(=O)N3C=CC=CC3=N2)C4=CC(=CC=C4)Cl,CC1(C(N2C(S1)C(C2=O)NC(=O)C(C3=CC=CC=C3)N)C(=O)[O-])C,0,unreported_twosides_sampled,0.4633728861808777,0.3964541243151078,0.3964541243151078,fitted,platt_logistic_regression,0.42850215989437923,0,0.6715477178349295,0.23341729638958858,0.10663308144416457,no_interaction|interaction,2,True,0.5522388059701493,0.7090909090909091,0.5522388059701493,False,False,False
CC(C)(C(=O)O)ON=C(C1=CSC(=N1)N)C(=O)NC2C3N(C2=O)C(=C(CS3)C[N+]4=CC=CC=C4)C(=O)[O-],CC(C1=CC(=CC(=C1)C(F)(F)F)C(F)(F)F)OC2C(N(CCO2)CC3=NC(=O)NN3)C4=CC=C(C=C4)F,0,unreported_twosides_sampled,0.13618788123130798,0.12471324594367122,0.12471324594367122,fitted,platt_logistic_regression,0.42850215989437923,0,0.37621178748235545,0.5230898404701931,0.022670025188916875,no_interaction,1,False,0.6428571428571429,0.2235294117647059,0.2235294117647059,False,False,True
CN(C)CCC=C1C2=CC=CC=C2C=CC3=CC=CC=C31,CN(C)NN=C1C(=NC=N1)C(=O)N,0,unreported_twosides_sampled,0.3207643926143646,0.2763550526749049,0.2763550526749049,fitted,platt_logistic_regression,0.42850215989437923,0,0.5894777660431357,0.32913518052057095,0.061293031066330814,no_interaction,1,False,0.6285714285714286,0.24390243902439024,0.24390243902439024,False,False,True
CC(CC1=CC=CC=C1)N(C)CC#C,CCCC1=NC(=C2N1NC(=NC2=O)C3=C(C=CC(=C3)S(=O)(=O)N4CCN(CC4)CC)OCC)C,0,unreported_twosides_sampled,0.261363685131073,0.2275836401718578,0.2275836401718578,fitted,platt_logistic_regression,0.42850215989437923,0,0.536340101655914,0.38455079764903444,0.047019311502938706,no_interaction,1,False,0.42424242424242425,0.5657894736842105,0.42424242424242425,False,False,False
C1CC(=O)NC(=O)C1N2C(=O)C3=CC=CC=C3C2=O,CCCC1=NC(=C2N1NC(=NC2=O)C3=C(C=CC(=C3)S(=O)(=O)N4CCN(CC4)CC)OCC)C,0,unreported_twosides_sampled,0.43083393573760986,0.36851329548752604,0.36851329548752604,fitted,platt_logistic_regression,0.42850215989437923,0,0.6581596878366519,0.25524769101595296,0.09319899244332494,no_interaction,1,False,0.5454545454545454,0.5657894736842105,0.5454545454545454,False,False,False
CC(=O)NCC1CN(C(=O)O1)C2=CC(=C(C=C2)N3CCOCC3)F,CC(C)C(CC1=CC(=C(C=C1)OC)OCCCOC)CC(C(CC(C(C)C)C(=O)NCC(C)(C)C(=O)N)O)N,0,unreported_twosides_sampled,0.07222022861242294,0.07025416419069701,0.07025416419069701,fitted,platt_logistic_regression,0.42850215989437923,0,0.2542958951242862,0.6188077246011755,0.01595298068849706,no_interaction,1,False,0.23376623376623376,0.28735632183908044,0.23376623376623376,False,False,True
C(CN)CNCCSP(=O)(O)O,CNC1CCC(C2=CC=CC=C12)C3=CC(=C(C=C3)Cl)Cl,0,unreported_twosides_sampled,0.15046343207359314,0.13658216557304978,0.13658216557304978,fitted,platt_logistic_regression,0.42850215989437923,0,0.3987102781944386,0.5071368597816961,0.02518891687657431,no_interaction,1,False,0.3333333333333333,0.2641509433962264,0.2641509433962264,False,False,True
C(C(C(C(C(CO)O)O)O)O)O,C1=CC=C(C(=C1)CC(=O)[O-])NC2=C(C=CC=C2Cl)Cl,1,reported_twosides,0.5706945061683655,0.49187216131145245,0.49187216131145245,fitted,platt_logistic_regression,0.42850215989437923,1,0.6930150512169609,0.17296389588581024,0.163727959697733,no_interaction|interaction,2,True,0.2,0.3111111111111111,0.2,False,False,True
C1CN1P(=S)(N2CC2)N3CC3,CC(C1=CC(=CC(=C1)C(F)(F)F)C(F)(F)F)OC2C(N(CCO2)CC3=NC(=O)NN3)C4=CC=C(C=C4)F,0,unreported_twosides_sampled,0.1590086966753006,0.14365680514397272,0.14365680514397272,fitted,platt_logistic_regression,0.42850215989437923,0,0.4115465136839508,0.49538203190596136,0.027707808564231738,no_interaction,1,False,0.1111111111111111,0.2235294117647059,0.1111111111111111,False,False,True
C1C(N(C2=C(N1)NC(=NC2=O)N)C=O)CNC3=CC=C(C=C3)C(=O)NC(CCC(=O)O)C(=O)O,CC1NC2=CC(=C(C=C2C(=O)N1C3=CC=CC=C3C)S(=O)(=O)N)Cl,1,reported_twosides,0.6926348805427551,0.6086877859202415,0.6086877859202415,fitted,platt_logistic_regression,0.42850215989437923,1,0.6693314387312611,0.1015952980688497,0.23845507976490343,no_interaction|interaction,2,True,0.5256410256410257,0.36764705882352944,0.36764705882352944,False,False,True
CC1=C(N2C(C(C2=O)NC(=O)C(C3=CC=CC=C3)N)SC1)C(=O)O,CN1CCN(CC1)C2=C3C=CC=CC3=NC4=C(N2)C=C(C=C4)Cl,1,reported_twosides,0.6609842777252197,0.577296265476649,0.577296265476649,fitted,platt_logistic_regression,0.42850215989437923,1,0.6811496980798653,0.11922753988245172,0.21914357682619648,no_interaction|interaction,2,True,0.8431372549019608,0.5,0.5,False,False,False
CN(C)NN=C1C(=NC=N1)C(=O)N,CN1CCC23C4C(=O)CCC2(C1CC5=C3C(=C(C=C5)OC)O4)O,1,reported_twosides,0.1773180067539215,0.1587554505768709,0.1587554505768709,fitted,platt_logistic_regression,0.42850215989437923,0,0.43760035817216236,0.46767422334172964,0.030226700251889168,no_interaction,1,False,0.24390243902439024,0.609375,0.24390243902439024,False,False,True
CC(C1=CC(=CC(=C1)C(F)(F)F)C(F)(F)F)OC2C(N(CCO2)CC3=NC(=O)NN3)C4=CC=C(C=C4)F,CC1(C(N2C(S1)C(C2=O)NC(=O)C(C3=CC=CC=C3)N)C(=O)[O-])C,0,unreported_twosides_sampled,0.37647902965545654,0.32261758184282413,0.32261758184282413,fitted,platt_logistic_regression,0.42850215989437923,0,0.6288267956755726,0.2989084802686818,0.07976490344248531,no_interaction,1,False,0.2235294117647059,0.7090909090909091,0.2235294117647059,False,False,True
C1CN1P(=S)(N2CC2)N3CC3,CC1=CN(C(=O)NC1=O)C2C=CC(O2)CO,0,unreported_twosides_sampled,0.11521661281585693,0.10713239622582178,0.10713239622582178,fitted,platt_logistic_regression,0.42850215989437923,0,0.3404775979983788,0.5541561712846348,0.020990764063811923,no_interaction,1,False,0.1111111111111111,0.5652173913043478,0.1111111111111111,False,False,True
C1=CC=C(C(=C1)CC(=O)[O-])NC2=C(C=CC=C2Cl)Cl,CC(C)C(CC1=CC(=C(C=C1)OC)OCCCOC)CC(C(CC(C(C)C)C(=O)NCC(C)(C)C(=O)N)O)N,1,reported_twosides,0.43200698494911194,0.36951398309340233,0.36951398309340233,fitted,platt_logistic_regression,0.42850215989437923,0,0.6586965075457619,0.25356842989084805,0.09319899244332494,no_interaction,1,False,0.3111111111111111,0.28735632183908044,0.28735632183908044,False,False,True
CCCC1=NC(=C2N1NC(=NC2=O)C3=C(C=CC(=C3)S(=O)(=O)N4CCN(CC4)CC)OCC)C,CN1CCC23C4C(=O)CCC2(C1CC5=C3C(=C(C=C5)OC)O4)O,1,reported_twosides,0.0703459233045578,0.0686101878655386,0.0686101878655386,fitted,platt_logistic_regression,0.42850215989437923,0,0.2500290075054138,0.6204869857262805,0.015113350125944584,no_interaction,1,False,0.5657894736842105,0.609375,0.5657894736842105,False,False,False
CC(=O)NCC1CN(C(=O)O1)C2=CC(=C(C=C2)N3CCOCC3)F,CNS(=O)(=O)CC1=CC2=C(C=C1)NC=C2CCN(C)C,0,unreported_twosides_sampled,0.13253356516361237,0.1216633278031828,0.1216633278031828,fitted,platt_logistic_regression,0.42850215989437923,0,0.3702260079534014,0.5272879932829555,0.0218303946263644,no_interaction,1,False,0.23376623376623376,0.6538461538461539,0.23376623376623376,False,False,True
CCC1=C(CN(C1=O)C(=O)NCCC2=CC=C(C=C2)S(=O)(=O)NC(=O)NC3CCC(CC3)C)C,CCCC1=NC(=C2N1NC(=NC2=O)C3=C(C=CC(=C3)S(=O)(=O)N4CCN(CC4)CC)OCC)C,1,reported_twosides,0.39040422439575195,0.3342935593861697,0.3342935593861697,fitted,platt_logistic_regression,0.42850215989437923,0,0.6371776726932559,0.28967254408060455,0.08228379513014274,no_interaction,1,False,0.48,0.5657894736842105,0.48,False,False,False
CN(C)CCC=C1C2=CC=CC=C2C=CC3=CC=CC=C31,COC1=C(C=C(C=C1)C2=CC3=C(C=C2)C=C(C=C3)C(=O)O)C45CC6CC(C4)CC(C6)C5,1,reported_twosides,0.1537540704011917,0.1393088959202035,0.1393088959202035,fitted,platt_logistic_regression,0.42850215989437923,0,0.40370694453061406,0.4995801847187238,0.02686817800167926,no_interaction,1,False,0.6285714285714286,0.288135593220339,0.288135593220339,False,False,True
C1=CC(=CC=C1CCC2=CNC3=C2C(=O)N=C(N3)N)C(=O)NC(CCC(=O)O)C(=O)O,CC(C)(C(=O)O)ON=C(C1=CSC(=N1)N)C(=O)NC2C3N(C2=O)C(=C(CS3)C[N+]4=CC=CC=C4)C(=O)[O-],0,unreported_twosides_sampled,0.0625469908118248,0.0617253972434303,0.0617253972434303,fitted,platt_logistic_regression,0.42850215989437923,0,0.23168885560943298,0.635600335852225,0.012594458438287154,no_interaction,1,False,0.5,0.6428571428571429,0.5,False,False,False
CCC(C)C(=O)OC1CC(C=C2C1C(C(C=C2)C)CCC(CC(CC(=O)O)O)O)O,CNC1CCC(C2=CC=CC=C12)C3=CC(=C(C=C3)Cl)Cl,1,reported_twosides,0.21533851325511932,0.18993886094934406,0.18993886094934406,fitted,platt_logistic_regression,0.42850215989437923,0,0.4861343002710272,0.42065491183879095,0.03526448362720403,no_interaction,1,False,0.5466666666666666,0.2641509433962264,0.2641509433962264,False,False,True
CC(C)(C(=O)O)ON=C(C1=CSC(=N1)N)C(=O)NC2C3N(C2=O)C(=C(CS3)C[N+]4=CC=CC=C4)C(=O)[O-],CC(C)(C)C1=CC=C(C=C1)S(=O)(=O)NC2=C(C(=NC(=N2)C3=NC=CC=N3)OCCO)OC4=CC=CC=C4OC,0,unreported_twosides_sampled,0.053099215030670166,0.0532758045422449,0.0532758045422449,fitted,platt_logistic_regression,0.42850215989437923,0,0.2080499562430926,0.6490344248530646,0.0109151973131822,no_interaction,1,False,0.6428571428571429,0.2878787878787879,0.2878787878787879,False,False,True
C1CN(CCN1CCOCCO)C(C2=CC=CC=C2)C3=CC=C(C=C3)Cl,CN(C)CC(C1=CC=C(C=C1)O)C2(CCCCC2)O,1,reported_twosides,0.9965270161628723,0.99181786041809,0.99181786041809,fitted,platt_logistic_regression,0.42850215989437923,1,0.04747031370106592,0.0033585222502099076,0.8438287153652393,interaction,1,False,0.7446808510638298,0.717948717948718,0.717948717948718,False,False,False
C1CC(OC1CO)N2C=NC3=C2NC=NC3=O,C1CN(CCN1CCCN2C(=O)N3C=CC=CC3=N2)C4=CC(=CC=C4)Cl,0,unreported_twosides_sampled,0.013999182730913162,0.016111250090452268,0.016111250090452268,fitted,platt_logistic_regression,0.42850215989437923,0,0.08249182782111239,0.7892527287993283,0.0033585222502099076,no_interaction,1,False,0.3492063492063492,0.5522388059701493,0.3492063492063492,False,False,True
C1CC(OC1CO)N2C=NC3=C2NC=NC3=O,CCCC1=NC(=C2N1NC(=NC2=O)C3=C(C=CC(=C3)S(=O)(=O)N4CCN(CC4)CC)OCC)C,1,reported_twosides,0.5161018967628479,0.44263953458134864,0.44263953458134864,fitted,platt_logistic_regression,0.42850215989437923,1,0.6865522239577002,0.20235096557514692,0.12846347607052896,no_interaction|interaction,2,True,0.3492063492063492,0.5657894736842105,0.3492063492063492,False,False,True
C1C(N(C2=C(N1)NC(=NC2=O)N)C=O)CNC3=CC=C(C=C3)C(=O)NC(CCC(=O)O)C(=O)O,CN1CCN(CC1)C2=C3C=CC=CC3=NC4=C(N2)C=C(C=C4)Cl,0,unreported_twosides_sampled,0.9930500984191895,0.9847979871479733,0.9847979871479733,fitted,platt_logistic_regression,0.42850215989437923,1,0.07872647570517768,0.0033585222502099076,0.7951301427371956,interaction,1,False,0.5256410256410257,0.5,0.5,False,False,False
C1CN(CCN1CCOCCO)C(C2=CC=CC=C2)C3=CC=C(C=C3)Cl,CC(C1C(=O)NC(CSSCC(C(=O)NC(C(=O)NC(C(=O)NC(C(=O)N1)CCCCN)CC2=CNC3=CC=CC=C32)CC4=CC=CC=C4)NC(=O)C(CC5=CC=CC=C5)N)C(=O)NC(CO)C(C)O)O,0,unreported_twosides_sampled,0.08542720973491669,0.08173707270942078,0.08173707270942078,fitted,platt_logistic_regression,0.42850215989437923,0,0.28299154136356347,0.6020151133501259,0.017632241813602016,no_interaction,1,False,0.7446808510638298,0.3333333333333333,0.3333333333333333,False,False,True
C1=CC(=CC=C1CCC2=CNC3=C2C(=O)N=C(N3)N)C(=O)NC(CCC(=O)O)C(=O)O,C1CC(OC1CO)N2C=NC3=C2NC=NC3=O,0,unreported_twosides_sampled,0.3797031044960022,0.3253163309368194,0.3253163309368194,fitted,platt_logistic_regression,0.42850215989437923,0,0.6308120026856703,0.2955499580184719,0.08144416456759027,no_interaction,1,False,0.5,0.3492063492063492,0.3492063492063492,False,False,True
CN(C)CCCN1C2=CC=CC=C2CCC3=C1C=C(C=C3)Cl,COC1=C(C=C(C=C1)C2=CC3=C(C=C2)C=C(C=C3)C(=O)O)C45CC6CC(C4)CC(C6)C5,0,unreported_twosides_sampled,0.020617637783288956,0.022798130067622664,0.022798130067622664,fitted,platt_logistic_regression,0.42850215989437923,0,0.1087377347616472,0.7514693534844669,0.0041981528127623844,no_interaction,1,False,0.7631578947368421,0.288135593220339,0.288135593220339,False,False,True
C(C(C(C(C(CO)O)O)O)O)O,C1CN(CCN1CCOCCO)C(C2=CC=CC=C2)C3=CC=C(C=C3)Cl,0,unreported_twosides_sampled,0.3387543261051178,0.29122314926000564,0.29122314926000564,fitted,platt_logistic_regression,0.42850215989437923,0,0.6032432408806032,0.32157850545759864,0.06633081444164568,no_interaction,1,False,0.2,0.7446808510638298,0.2,False,False,True
C(CN)CNCCSP(=O)(O)O,CN(C)CCC=C1C2=CC=CC=C2C=CC3=CC=CC=C31,0,unreported_twosides_sampled,0.45939862728118896,0.39302029846071007,0.39302029846071007,fitted,platt_logistic_regression,0.42850215989437923,0,0.6700799486109812,0.2367758186397985,0.10327455919395466,no_interaction|interaction,2,True,0.3333333333333333,0.6285714285714286,0.3333333333333333,False,False,True
CC1=C(N2C(C(C2=O)NC(=O)C(C3=CC=CC=C3)N)SC1)C(=O)O,CC1C(C(=O)N1S(=O)(=O)O)NC(=O)C(=NOC(C)(C)C(=O)O)C2=CSC(=N2)N,0,unreported_twosides_sampled,0.4392484128475189,0.37570193141234903,0.37570193141234903,fitted,platt_logistic_regression,0.42850215989437923,0,0.6619207518616252,0.24769101595298068,0.09739714525608732,no_interaction,1,False,0.8431372549019608,0.4444444444444444,0.4444444444444444,False,False,False
C1=CC=C(C(=C1)CC(=O)[O-])NC2=C(C=CC=C2Cl)Cl,CCC1=C(CN(C1=O)C(=O)NCCC2=CC=C(C=C2)S(=O)(=O)NC(=O)NC3CCC(CC3)C)C,1,reported_twosides,0.36605358123779297,0.3139087731773995,0.3139087731773995,fitted,platt_logistic_regression,0.42850215989437923,0,0.622192517107226,0.30142737195633923,0.07724601175482787,no_interaction,1,False,0.3111111111111111,0.48,0.3111111111111111,False,False,True
C1CN(CCN1CCCN2C(=O)N3C=CC=CC3=N2)C4=CC(=CC=C4)Cl,CN(C)CC(C1=CC=C(C=C1)O)C2(CCCCC2)O,0,unreported_twosides_sampled,0.9931545257568359,0.9850017397758576,0.9850017397758576,fitted,platt_logistic_regression,0.42850215989437923,1,0.07787522905750069,0.0033585222502099076,0.7951301427371956,interaction,1,False,0.5522388059701493,0.717948717948718,0.5522388059701493,False,False,False
CN1CCC23C4C(=O)CCC2(C1CC5=C3C(=C(C=C5)OC)O4)O,CN1CCN(CC1)C2=C3C=CC=CC3=NC4=C(N2)C=C(C=C4)Cl,1,reported_twosides,0.20349180698394775,0.18023923308842843,0.18023923308842843,fitted,platt_logistic_regression,0.42850215989437923,0,0.47175605349316396,0.434928631402183,0.033585222502099076,no_interaction,1,False,0.609375,0.5,0.5,False,False,False
CC(C1C(=O)NC(CSSCC(C(=O)NC(C(=O)NC(C(=O)NC(C(=O)N1)CCCCN)CC2=CNC3=CC=CC=C32)CC4=CC=CC=C4)NC(=O)C(CC5=CC=CC=C5)N)C(=O)NC(CO)C(C)O)O,CN(C)CCC=C1C2=CC=CC=C2C=CC3=CC=CC=C31,1,reported_twosides,0.0752853974699974,0.0729344924304866,0.0729344924304866,fitted,platt_logistic_regression,0.42850215989437923,0,0.26116426568034057,0.6162888329135181,0.01595298068849706,no_interaction,1,False,0.3333333333333333,0.6285714285714286,0.3333333333333333,False,False,True
CCC(C)C(=O)OC1CC(C=C2C1C(C(C=C2)C)CCC(CC(CC(=O)O)O)O)O,CN(C)CC(C1=CC=C(C=C1)O)C2(CCCCC2)O,1,reported_twosides,0.9795736074447632,0.9604504043358608,0.9604504043358608,fitted,platt_logistic_regression,0.42850215989437923,1,0.16651008749496776,0.010075566750629723,0.6884970612930311,interaction,1,False,0.5466666666666666,0.717948717948718,0.5466666666666666,False,False,False
C1CC(=O)NC(=O)C1N2C(=O)C3=CC=CC=C3C2=O,C1CN(CCN1CCCN2C(=O)N3C=CC=CC3=N2)C4=CC(=CC=C4)Cl,0,unreported_twosides_sampled,0.023000149056315422,0.025146946752100868,0.025146946752100868,fitted,platt_logistic_regression,0.42850215989437923,0,0.11744475552519845,0.7413937867338372,0.0041981528127623844,no_interaction,1,False,0.5454545454545454,0.5522388059701493,0.5454545454545454,False,False,False
CC1(OC2CC3C4CC(C5=CC(=O)C=CC5(C4C(CC3(C2(O1)C(=O)CO)C)O)C)F)C,CNS(=O)(=O)CC1=CC2=C(C=C1)NC=C2CCN(C)C,0,unreported_twosides_sampled,0.18553981184959412,0.16551433710177613,0.16551433710177613,fitted,platt_logistic_regression,0.42850215989437923,0,0.44870181682290816,0.46011754827875734,0.031066330814441646,no_interaction,1,False,0.7076923076923077,0.6538461538461539,0.6538461538461539,False,False,False
CC(C1C(=O)NC(CSSCC(C(=O)NC(C(=O)NC(C(=O)NC(C(=O)N1)CCCCN)CC2=CNC3=CC=CC=C32)CC4=CC=CC=C4)NC(=O)C(CC5=CC=CC=C5)N)C(=O)NC(CO)C(C)O)O,CC1=CN(C(=O)NC1=O)C2C=CC(O2)CO,0,unreported_twosides_sampled,0.16927707195281982,0.15213344724052288,0.15213344724052288,fitted,platt_logistic_regression,0.42850215989437923,0,0.42639198742076073,0.47691015952980687,0.02938706968933669,no_interaction,1,False,0.3333333333333333,0.5652173913043478,0.3333333333333333,False,False,True
C(C(C(C(C(CO)O)O)O)O)O,C1C(C(C(C(C1N)OC2C(C(C(C(O2)CO)O)N)O)O)OC3C(CC(C(O3)CN)O)N)N,1,reported_twosides,0.4378761947154999,0.3745279353063086,0.3745279353063086,fitted,platt_logistic_regression,0.42850215989437923,0,0.6613216199336529,0.24853064651553317,0.09739714525608732,no_interaction,1,False,0.2,0.7727272727272727,0.2,False,False,True
C1CC(=O)NC(=O)C1N2C(=O)C3=CC=CC=C3C2=O,CCCCC1=NC(=C(N1CC2=CC=C(C=C2)C3=CC=CC=C3C4=NNN=N4)CO)Cl,1,reported_twosides,0.35365769267082214,0.30358767451960783,0.30358767451960783,fitted,platt_logistic_regression,0.42850215989437923,0,0.6138735540490883,0.3123425692695214,0.07304785894206549,no_interaction,1,False,0.5454545454545454,0.5142857142857142,0.5142857142857142,False,False,False
CC1=CN(C(=O)NC1=O)C2C=CC(O2)CO,CCCCC1=NC(=C(N1CC2=CC=C(C=C2)C3=CC=CC=C3C4=NNN=N4)CO)Cl,1,reported_twosides,0.335300475358963,0.2883640569582286,0.2883640569582286,fitted,platt_logistic_regression,0.42850215989437923,0,0.6006803789837171,0.3232577665827036,0.06465155331654072,no_interaction,1,False,0.5652173913043478,0.5142857142857142,0.5142857142857142,False,False,False
C1=NC2=C(N1COC(CO)CO)NC(=NC2=O)N,C1C(N(C2=C(N1)NC(=NC2=O)N)C=O)CNC3=CC=C(C=C3)C(=O)NC(CCC(=O)O)C(=O)O,1,reported_twosides,0.2883665859699249,0.24970677489276488,0.24970677489276488,fitted,platt_logistic_regression,0.42850215989437923,0,0.5620127745702823,0.36272040302267,0.052057094878253565,no_interaction,1,False,0.7307692307692307,0.5256410256410257,0.5256410256410257,False,False,False
C1=CC=C(C(=C1)CC(=O)[O-])NC2=C(C=CC=C2Cl)Cl,C1CN(CCN1CCCN2C(=O)N3C=CC=CC3=N2)C4=CC(=CC=C4)Cl,1,reported_twosides,0.35362908244132996,0.30356389317318555,0.30356389317318555,fitted,platt_logistic_regression,0.42850215989437923,0,0.6138538077383666,0.3123425692695214,0.07304785894206549,no_interaction,1,False,0.3111111111111111,0.5522388059701493,0.3111111111111111,False,False,True
C1CN(CCN1CCOCCO)C(C2=CC=CC=C2)C3=CC=C(C=C3)Cl,CNC1CCC(C2=CC=CC=C12)C3=CC(=C(C=C3)Cl)Cl,1,reported_twosides,0.40288713574409485,0.3448058613035467,0.3448058613035467,fitted,platt_logistic_regression,0.42850215989437923,0,0.644171831828177,0.2762384550797649,0.08480268681780016,no_interaction,1,False,0.7446808510638298,0.2641509433962264,0.2641509433962264,False,False,True
CCCC1=NC(=C2N1NC(=NC2=O)C3=C(C=CC(=C3)S(=O)(=O)N4CCN(CC4)CC)OCC)C,CN(C)CCC=C1C2=CC=CC=C2C=CC3=CC=CC=C31,1,reported_twosides,0.47673743963241577,0.4080473846496738,0.4080473846496738,fitted,platt_logistic_regression,0.42850215989437923,0,0.6761399777624215,0.22837951301427373,0.10831234256926953,no_interaction|interaction,2,True,0.5657894736842105,0.6285714285714286,0.5657894736842105,False,False,False
C1=CC(=CC=C1CCC2=CNC3=C2C(=O)N=C(N3)N)C(=O)NC(CCC(=O)O)C(=O)O,CNC1CCC(C2=CC=CC=C12)C3=CC(=C(C=C3)Cl)Cl,1,reported_twosides,0.1801861822605133,0.16111456851297634,0.16111456851297634,fitted,platt_logistic_regression,0.42850215989437923,0,0.44151347534454166,0.4643157010915197,0.031066330814441646,no_interaction,1,False,0.5,0.2641509433962264,0.2641509433962264,False,False,True
CC(=O)NCC1CN(C(=O)O1)C2=CC(=C(C=C2)N3CCOCC3)F,CCCC1=NC(=C2N1NC(=NC2=O)C3=C(C=CC(=C3)S(=O)(=O)N4CCN(CC4)CC)OCC)C,0,unreported_twosides_sampled,0.07892153412103653,0.07610164109442799,0.07610164109442799,fitted,platt_logistic_regression,0.42850215989437923,0,0.26914341468879915,0.6129303106633082,0.016792611251049538,no_interaction,1,False,0.23376623376623376,0.5657894736842105,0.23376623376623376,False,False,True
CC1=CN(C(=O)NC1=O)C2C=CC(O2)CO,CCC(C)C(=O)OC1CC(C=C2C1C(C(C=C2)C)CCC(CC(CC(=O)O)O)O)O,1,reported_twosides,0.6124044060707092,0.5306442285231986,0.5306442285231986,fitted,platt_logistic_regression,0.42850215989437923,1,0.6912678655060307,0.14693534844668346,0.1847187237615449,no_interaction|interaction,2,True,0.5652173913043478,0.5466666666666666,0.5466666666666666,False,False,False
C1CN(CCN1CCCN2C(=O)N3C=CC=CC3=N2)C4=CC(=CC=C4)Cl,CC(C1=CC(=CC(=C1)C(F)(F)F)C(F)(F)F)OC2C(N(CCO2)CC3=NC(=O)NN3)C4=CC=C(C=C4)F,0,unreported_twosides_sampled,0.07034560292959213,0.06860990652631266,0.06860990652631266,fitted,platt_logistic_regression,0.42850215989437923,0,0.2500282737054559,0.6204869857262805,0.015113350125944584,no_interaction,1,False,0.5522388059701493,0.2235294117647059,0.2235294117647059,False,False,True
C1CN(CCN1CCOCCO)C(C2=CC=CC=C2)C3=CC=C(C=C3)Cl,CC(=O)CCCCN1C(=O)C2=C(N=CN2C)N(C1=O)C,1,reported_twosides,0.779964029788971,0.7003361829113083,0.7003361829113083,fitted,platt_logistic_regression,0.42850215989437923,1,0.6105791858432252,0.07136859781696053,0.3157010915197313,interaction,1,False,0.7446808510638298,0.2916666666666667,0.2916666666666667,False,False,True
C1=NC2=C(N1COC(CO)CO)NC(=NC2=O)N,CCC(C)C(=O)OC1CC(C=C2C1C(C(C=C2)C)CCC(CC(CC(=O)O)O)O)O,1,reported_twosides,0.07746376097202301,0.07483346291219274,0.07483346291219274,fitted,platt_logistic_regression,0.42850215989437923,0,0.265965871180494,0.6129303106633082,0.016792611251049538,no_interaction,1,False,0.7307692307692307,0.5466666666666666,0.5466666666666666,False,False,False
C1=NC2=C(N1COC(CO)CO)NC(=NC2=O)N,CC(C)(C)C1=CC=C(C=C1)S(=O)(=O)NC2=C(C(=NC(=N2)C3=NC=CC=N3)OCCO)OC4=CC=CC=C4OC,0,unreported_twosides_sampled,0.5160588026046753,0.44260127659000914,0.44260127659000914,fitted,platt_logistic_regression,0.42850215989437923,1,0.6865434041908611,0.2031905961376994,0.12846347607052896,no_interaction|interaction,2,True,0.7307692307692307,0.2878787878787879,0.2878787878787879,False,False,True
C1CC(OC1CO)N2C=NC3=C2NC=NC3=O,CN1CCN(CC1)C2=C3C=CC=CC3=NC4=C(N2)C=C(C=C4)Cl,0,unreported_twosides_sampled,0.33008497953414917,0.28405093541737614,0.28405093541737614,fitted,platt_logistic_regression,0.42850215989437923,0,0.5967386897038174,0.327455919395466,0.06213266162888329,no_interaction,1,False,0.3492063492063492,0.5,0.3492063492063492,False,False,True
CCC(CO)NCCNC(CC)CO,CN(C)CCCN1C2=CC=CC=C2CCC3=C1C=C(C=C3)Cl,0,unreported_twosides_sampled,0.02140146493911743,0.02357381231341264,0.02357381231341264,fitted,platt_logistic_regression,0.42850215989437923,0,0.11163940340912927,0.7481108312342569,0.0041981528127623844,no_interaction,1,False,0.21951219512195122,0.7631578947368421,0.21951219512195122,False,False,True
C1CC(=O)NC(=O)C1N2C(=O)C3=CC=CC=C3C2=O,C1CC(OC1CO)N2C=NC3=C2NC=NC3=O,0,unreported_twosides_sampled,0.6829147338867188,0.5989562989941145,0.5989562989941145,fitted,platt_logistic_regression,0.42850215989437923,1,0.673432582606815,0.10663308144416457,0.2325776658270361,no_interaction|interaction,2,True,0.5454545454545454,0.3492063492063492,0.3492063492063492,False,False,True
CC1=C(N2C(C(C2=O)NC(=O)C(C3=CC=CC=C3)N)SC1)C(=O)O,CC1=CN(C(=O)NC1=O)C2C=CC(O2)CO,0,unreported_twosides_sampled,0.1380138099193573,0.12623527736246815,0.12623527736246815,fitted,platt_logistic_regression,0.42850215989437923,0,0.37916694402011347,0.5222502099076406,0.022670025188916875,no_interaction,1,False,0.8431372549019608,0.5652173913043478,0.5652173913043478,False,False,False
CCCCC1=NC(=C(N1CC2=CC=C(C=C2)C3=CC=CC=C3C4=NNN=N4)CO)Cl,CN(C)CC(C1=CC=C(C=C1)O)C2(CCCCC2)O,1,reported_twosides,0.9850594997406006,0.9699952148611299,0.9699952148611299,fitted,platt_logistic_regression,0.42850215989437923,1,0.13475880140131513,0.008396305625524769,0.7170445004198153,interaction,1,False,0.5142857142857142,0.717948717948718,0.5142857142857142,False,False,False
C1C(N(C2=C(N1)NC(=NC2=O)N)C=O)CNC3=CC=C(C=C3)C(=O)NC(CCC(=O)O)C(=O)O,CC1(OC2CC3C4CC(C5=CC(=O)C=CC5(C4(C(CC3(C2(O1)C(=O)CO)C)O)F)C)F)C,0,unreported_twosides_sampled,0.5150699615478516,0.4417236515770608,0.4417236515770608,fitted,platt_logistic_regression,0.42850215989437923,1,0.6863394525223359,0.2031905961376994,0.12762384550797648,no_interaction|interaction,2,True,0.5256410256410257,0.5540540540540541,0.5256410256410257,False,False,False
C1=CC=C(C(=C1)CC(=O)[O-])NC2=C(C=CC=C2Cl)Cl,C1CC(OC1CO)N2C=NC3=C2NC=NC3=O,1,reported_twosides,0.3467883765697479,0.29788284144842636,0.29788284144842636,fitted,platt_logistic_regression,0.42850215989437923,0,0.6090597514444087,0.31821998320738876,0.0688497061293031,no_interaction,1,False,0.3111111111111111,0.3492063492063492,0.3111111111111111,False,False,True
C1CN1P(=S)(N2CC2)N3CC3,CNS(=O)(=O)CC1=CC2=C(C=C1)NC=C2CCN(C)C,0,unreported_twosides_sampled,0.007420347072184086,0.009117157493418435,0.009117157493418435,fitted,platt_logistic_regression,0.42850215989437923,0,0.051904202856911,0.8371116708648195,0.0033585222502099076,no_interaction,1,False,0.1111111111111111,0.6538461538461539,0.1111111111111111,False,False,True
CC(C1=CC(=CC(=C1)C(F)(F)F)C(F)(F)F)OC2C(N(CCO2)CC3=NC(=O)NN3)C4=CC=C(C=C4)F,CC1C(C(=O)N1S(=O)(=O)O)NC(=O)C(=NOC(C)(C)C(=O)O)C2=CSC(=N2)N,0,unreported_twosides_sampled,0.4071643352508545,0.34841834228948243,0.34841834228948243,fitted,platt_logistic_regression,0.42850215989437923,0,0.6464620289486387,0.2753988245172124,0.08480268681780016,no_interaction,1,False,0.2235294117647059,0.4444444444444444,0.2235294117647059,False,False,True
CCC(C)C(=O)OC1CC(C=C2C1C(C(C=C2)C)CCC(CC(CC(=O)O)O)O)O,CCCCC1=NC(=C(N1CC2=CC=C(C=C2)C3=CC=CC=C3C4=NNN=N4)CO)Cl,1,reported_twosides,0.9923157691955566,0.9833748955670674,0.9833748955670674,fitted,platt_logistic_regression,0.42850215989437923,1,0.08459655140646138,0.0033585222502099076,0.7867338371116709,interaction,1,False,0.5466666666666666,0.5142857142857142,0.5142857142857142,False,False,False
C1CC(=O)NC(=O)C1N2C(=O)C3=CC=CC=C3C2=O,C1CN(CCN1CCOCCO)C(C2=CC=CC=C2)C3=CC=C(C=C3)Cl,1,reported_twosides,0.3760034441947937,0.3222197138869276,0.3222197138869276,fitted,platt_logistic_regression,0.42850215989437923,0,0.6285313075708361,0.2989084802686818,0.07976490344248531,no_interaction,1,False,0.5454545454545454,0.7446808510638298,0.5454545454545454,False,False,False
C1C(N(C2=C(N1)NC(=NC2=O)N)C=O)CNC3=CC=C(C=C3)C(=O)NC(CCC(=O)O)C(=O)O,CC1=C(N2C(C(C2=O)NC(=O)C(C3=CC=CC=C3)N)SC1)C(=O)O,1,reported_twosides,0.24909348785877228,0.21754585449975583,0.21754585449975583,fitted,platt_logistic_regression,0.42850215989437923,0,0.5237842358161339,0.3954659949622166,0.04450041981528128,no_interaction,1,False,0.5256410256410257,0.8431372549019608,0.5256410256410257,False,False,False
CC1=CN(C(=O)NC1=O)C2C=CC(O2)CO,CCOC1=NC2=CC=CC(=C2N1CC3=CC=C(C=C3)C4=CC=CC=C4C5=NNN=N5)C(=O)O,1,reported_twosides,0.5878612399101257,0.5076980889434664,0.5076980889434664,fitted,platt_logistic_regression,0.42850215989437923,1,0.6930286547303175,0.16456759026028547,0.17296389588581024,no_interaction|interaction,2,True,0.5652173913043478,0.449438202247191,0.449438202247191,False,False,False
CCC(C)C(=O)OC1CC(C=C2C1C(C(C=C2)C)CCC(CC(CC(=O)O)O)O)O,CCC1=C(CN(C1=O)C(=O)NCCC2=CC=C(C=C2)S(=O)(=O)NC(=O)NC3CCC(CC3)C)C,1,reported_twosides,0.6369872689247131,0.5540349140896408,0.5540349140896408,fitted,platt_logistic_regression,0.42850215989437923,1,0.6872962164850006,0.12930310663308145,0.20235096557514692,no_interaction|interaction,2,True,0.5466666666666666,0.48,0.48,False,False,False
C1C(C(C(C(C1N)OC2C(C(C(C(O2)CO)O)N)O)O)OC3C(CC(C(O3)CN)O)N)N,CC1NC2=CC(=C(C=C2C(=O)N1C3=CC=CC=C3C)S(=O)(=O)N)Cl,1,reported_twosides,0.35531988739967346,0.30496963079623973,0.30496963079623973,fitted,platt_logistic_regression,0.42850215989437923,0,0.6150164401955289,0.3123425692695214,0.07304785894206549,no_interaction,1,False,0.7727272727272727,0.36764705882352944,0.36764705882352944,False,False,True
C1C(N(C2=C(N1)NC(=NC2=O)N)C=O)CNC3=CC=C(C=C3)C(=O)NC(CCC(=O)O)C(=O)O,CN(C)CCCN1C2=CC=CC=C2CCC3=C1C=C(C=C3)Cl,0,unreported_twosides_sampled,0.09789203107357025,0.09243656000567779,0.09243656000567779,fitted,platt_logistic_regression,0.42850215989437923,0,0.3081391798454523,0.5827036104114189,0.018471872376154493,no_interaction,1,False,0.5256410256410257,0.7631578947368421,0.5256410256410257,False,False,False
C(CN)CNCCSP(=O)(O)O,C1=CC(=C2C(=C1NCCNCCO)C(=O)C3=C(C=CC(=C3C2=O)O)O)NCCNCCO,0,unreported_twosides_sampled,0.4408113360404968,0.3770398968977101,0.3770398968977101,fitted,platt_logistic_regression,0.42850215989437923,0,0.6625963989859482,0.24769101595298068,0.09739714525608732,no_interaction,1,False,0.3333333333333333,0.23529411764705882,0.23529411764705882,False,False,True
C1=CC=C(C(=C1)CC(=O)[O-])NC2=C(C=CC=C2Cl)Cl,CNC1CCC(C2=CC=CC=C12)C3=CC(=C(C=C3)Cl)Cl,1,reported_twosides,0.4227054715156555,0.3615919324112162,0.3615919324112162,fitted,platt_logistic_regression,0.42850215989437923,0,0.6543286394854894,0.26028547439126787,0.08984047019311503,no_interaction,1,False,0.3111111111111111,0.2641509433962264,0.2641509433962264,False,False,True
C1CN1P(=S)(N2CC2)N3CC3,CN1CCN(CC1)C2=C3C=CC=CC3=NC4=C(N2)C=C(C=C4)Cl,0,unreported_twosides_sampled,0.06136602535843849,0.06067616610504326,0.06067616610504326,fitted,platt_logistic_regression,0.42850215989437923,0,0.22882397839305524,0.6372795969773299,0.012594458438287154,no_interaction,1,False,0.1111111111111111,0.5,0.1111111111111111,False,False,True
C1C(C(C(C(C1N)OC2C(C(C(C(O2)CO)O)N)O)O)OC3C(CC(C(O3)CN)O)N)N,C[N+]1(CCCC1)CC2=C(N3C(C(C3=O)NC(=O)C(=NOC)C4=CSC(=N4)N)SC2)C(=O)[O-],1,reported_twosides,0.20698653161525726,0.18310170819846258,0.18310170819846258,fitted,platt_logistic_regression,0.42850215989437923,0,0.4760643089422266,0.43157010915197314,0.03442485306465155,no_interaction,1,False,0.7727272727272727,0.7631578947368421,0.7631578947368421,False,False,False
CC(=O)NCC1CN(C(=O)O1)C2=CC(=C(C=C2)N3CCOCC3)F,CCC1=C(CN(C1=O)C(=O)NCCC2=CC=C(C=C2)S(=O)(=O)NC(=O)NC3CCC(CC3)C)C,0,unreported_twosides_sampled,0.07697467505931854,0.07440752010125003,0.07440752010125003,fitted,platt_logistic_regression,0.42850215989437923,0,0.2648934365764182,0.6129303106633082,0.016792611251049538,no_interaction,1,False,0.23376623376623376,0.48,0.23376623376623376,False,False,True
CC(C1=CC(=CC(=C1)C(F)(F)F)C(F)(F)F)OC2C(N(CCO2)CC3=NC(=O)NN3)C4=CC=C(C=C4)F,C[N+]1(CCCC1)CC2=C(N3C(C(C3=O)NC(=O)C(=NOC)C4=CSC(=N4)N)SC2)C(=O)[O-],0,unreported_twosides_sampled,0.29202502965927124,0.2527092092725126,0.2527092092725126,fitted,platt_logistic_regression,0.42850215989437923,0,0.5652919892173852,0.3593618807724601,0.05289672544080604,no_interaction,1,False,0.2235294117647059,0.7631578947368421,0.2235294117647059,False,False,True
C1=NC2=C(N1COC(CO)CO)NC(=NC2=O)N,CC1(OC2CC3C4CC(C5=CC(=O)C=CC5(C4C(CC3(C2(O1)C(=O)CO)C)O)C)F)C,0,unreported_twosides_sampled,0.03429871052503586,0.03598612530372328,0.03598612530372328,fitted,platt_logistic_regression,0.42850215989437923,0,0.15497097235131946,0.7019311502938707,0.008396305625524769,no_interaction,1,False,0.7307692307692307,0.7076923076923077,0.7076923076923077,False,False,False
CN(C)CCCN1C2=CC=CC=C2CCC3=C1C=C(C=C3)Cl,CNS(=O)(=O)CC1=CC2=C(C=C1)NC=C2CCN(C)C,0,unreported_twosides_sampled,0.18009167909622192,0.1610368609682379,0.1610368609682379,fitted,platt_logistic_regression,0.42850215989437923,0,0.44138523878468916,0.4643157010915197,0.031066330814441646,no_interaction,1,False,0.7631578947368421,0.6538461538461539,0.6538461538461539,False,False,False
CCC1=C(CN(C1=O)C(=O)NCCC2=CC=C(C=C2)S(=O)(=O)NC(=O)NC3CCC(CC3)C)C,CNC1CCC(C2=CC=CC=C12)C3=CC(=C(C=C3)Cl)Cl,1,reported_twosides,0.03702620789408684,0.038543422991682466,0.038543422991682466,fitted,platt_logistic_regression,0.42850215989437923,0,0.1632871150379399,0.6960537363560033,0.008396305625524769,no_interaction,1,False,0.48,0.2641509433962264,0.2641509433962264,False,False,True
C1CN(CCN1CCOCCO)C(C2=CC=CC=C2)C3=CC=C(C=C3)Cl,CC(CC1=CC=CC=C1)N(C)CC#C,1,reported_twosides,0.759358823299408,0.6779552493335133,0.6779552493335133,fitted,platt_logistic_regression,0.42850215989437923,1,0.6284011366625746,0.07976490344248531,0.2989084802686818,interaction,1,False,0.7446808510638298,0.42424242424242425,0.42424242424242425,False,False,False
CC(=O)CCCCN1C(=O)C2=C(N=CN2C)N(C1=O)C,CC(C1=CC(=CC(=C1)C(F)(F)F)C(F)(F)F)OC2C(N(CCO2)CC3=NC(=O)NN3)C4=CC=C(C=C4)F,0,unreported_twosides_sampled,0.18144091963768005,0.1621461644967424,0.1621461644967424,fitted,platt_logistic_regression,0.42850215989437923,0,0.44321163571932964,0.4643157010915197,0.031066330814441646,no_interaction,1,False,0.2916666666666667,0.2235294117647059,0.2235294117647059,False,False,True
C1CC(OC1CO)N2C=NC3=C2NC=NC3=O,CC(=O)NCC1CN(C(=O)O1)C2=CC(=C(C=C2)N3CCOCC3)F,0,unreported_twosides_sampled,0.0896339863538742,0.08536158040057172,0.08536158040057172,fitted,platt_logistic_regression,0.42850215989437923,0,0.29167277670227154,0.5978169605373636,0.018471872376154493,no_interaction,1,False,0.3492063492063492,0.23376623376623376,0.23376623376623376,False,False,True
C(C(C(C(C(CO)O)O)O)O)O,C1=CC(=CC=C1CCC2=CNC3=C2C(=O)N=C(N3)N)C(=O)NC(CCC(=O)O)C(=O)O,1,reported_twosides,0.15696656703948975,0.14196793567801214,0.14196793567801214,fitted,platt_logistic_regression,0.42850215989437923,0,0.4085198386562845,0.49706129303106633,0.027707808564231738,no_interaction,1,False,0.2,0.5,0.2,False,False,True
CC(C)C(CC1=CC(=C(C=C1)OC)OCCCOC)CC(C(CC(C(C)C)C(=O)NCC(C)(C)C(=O)N)O)N,CC1=CN(C(=O)NC1=O)C2C=CC(O2)CO,0,unreported_twosides_sampled,0.45465797185897827,0.38893226074052284,0.38893226074052284,fitted,platt_logistic_regression,0.42850215989437923,0,0.668268077138644,0.24181360201511334,0.10075566750629723,no_interaction|interaction,2,True,0.28735632183908044,0.5652173913043478,0.28735632183908044,False,False,True
C1=CC(=C2C(=C1NCCNCCO)C(=O)C3=C(C=CC(=C3C2=O)O)O)NCCNCCO,CCCC1=NC(=C2N1NC(=NC2=O)C3=C(C=CC(=C3)S(=O)(=O)N4CCN(CC4)CC)OCC)C,0,unreported_twosides_sampled,0.34968292713165283,0.3002854806420633,0.3002854806420633,fitted,platt_logistic_regression,0.42850215989437923,0,0.6111059951815386,0.3157010915197313,0.07136859781696053,no_interaction,1,False,0.23529411764705882,0.5657894736842105,0.23529411764705882,False,False,True
CN1CCN(CC1)C2=C3C=CC=CC3=NC4=C(N2)C=C(C=C4)Cl,CNC1CCC(C2=CC=CC=C12)C3=CC(=C(C=C3)Cl)Cl,1,reported_twosides,0.4176747798919678,0.3573192277542495,0.3573192277542495,fitted,platt_logistic_regression,0.42850215989437923,0,0.6518601617278184,0.26448362720403024,0.08648194794290512,no_interaction,1,False,0.5,0.2641509433962264,0.2641509433962264,False,False,True
CC1C(C(=O)N1S(=O)(=O)O)NC(=O)C(=NOC(C)(C)C(=O)O)C2=CSC(=N2)N,CCC1=C(CN(C1=O)C(=O)NCCC2=CC=C(C=C2)S(=O)(=O)NC(=O)NC3CCC(CC3)C)C,0,unreported_twosides_sampled,0.11859268695116043,0.10997640710667161,0.10997640710667161,fitted,platt_logistic_regression,0.42850215989437923,0,0.34646600744398837,0.5507976490344249,0.020990764063811923,no_interaction,1,False,0.4444444444444444,0.48,0.4444444444444444,False,False,False
CN(C)NN=C1C(=NC=N1)C(=O)N,CNS(=O)(=O)CC1=CC2=C(C=C1)NC=C2CCN(C)C,0,unreported_twosides_sampled,0.10961213707923889,0.10239780911250468,0.10239780911250468,fitted,platt_logistic_regression,0.42850215989437923,0,0.3303197811156485,0.5642317380352645,0.019311502938706968,no_interaction,1,False,0.24390243902439024,0.6538461538461539,0.24390243902439024,False,False,True
C1=CC(=CC=C1CCC2=CNC3=C2C(=O)N=C(N3)N)C(=O)NC(CCC(=O)O)C(=O)O,CN(C)NN=C1C(=NC=N1)C(=O)N,0,unreported_twosides_sampled,0.4065678119659424,0.3479141937288427,0.3479141937288427,fitted,platt_logistic_regression,0.42850215989437923,0,0.6461458726310053,0.2753988245172124,0.08480268681780016,no_interaction,1,False,0.5,0.24390243902439024,0.24390243902439024,False,False,True
C1CC(OC1CO)N2C=NC3=C2NC=NC3=O,CCC1=C(CN(C1=O)C(=O)NCCC2=CC=C(C=C2)S(=O)(=O)NC(=O)NC3CCC(CC3)C)C,1,reported_twosides,0.27658286690711975,0.24004524523363444,0.24004524523363444,fitted,platt_logistic_regression,0.42850215989437923,0,0.5511320757292935,0.3719563392107473,0.04953820319059614,no_interaction,1,False,0.3492063492063492,0.48,0.3492063492063492,False,False,True
C1CN(CCN1CCOCCO)C(C2=CC=CC=C2)C3=CC=C(C=C3)Cl,CC1NC2=CC(=C(C=C2C(=O)N1C3=CC=CC=C3C)S(=O)(=O)N)Cl,1,reported_twosides,0.9091290235519409,0.8558665427311466,0.8558665427311466,fitted,platt_logistic_regression,0.42850215989437923,1,0.41239653149097116,0.027707808564231738,0.4945424013434089,interaction,1,False,0.7446808510638298,0.36764705882352944,0.36764705882352944,False,False,True
C1C(C(C(C(C1N)OC2C(C(C(C(O2)CO)O)N)O)O)OC3C(CC(C(O3)CN)O)N)N,CC(C)(C(=O)O)ON=C(C1=CSC(=N1)N)C(=O)NC2C3N(C2=O)C(=C(CS3)C[N+]4=CC=CC=C4)C(=O)[O-],1,reported_twosides,0.21048548817634583,0.18596664597098658,0.18596664597098658,fitted,platt_logistic_regression,0.42850215989437923,0,0.4803214183970054,0.4256926952141058,0.03442485306465155,no_interaction,1,False,0.7727272727272727,0.6428571428571429,0.6428571428571429,False,False,False
C1=CC=C(C(=C1)CC(=O)[O-])NC2=C(C=CC=C2Cl)Cl,CC(C1C(=O)NC(CSSCC(C(=O)NC(C(=O)NC(C(=O)NC(C(=O)N1)CCCCN)CC2=CNC3=CC=CC=C32)CC4=CC=CC=C4)NC(=O)C(CC5=CC=CC=C5)N)C(=O)NC(CO)C(C)O)O,1,reported_twosides,0.36649733781814575,0.31427891864440644,0.31427891864440644,fitted,platt_logistic_regression,0.42850215989437923,0,0.6224816188721852,0.30142737195633923,0.07724601175482787,no_interaction,1,False,0.3111111111111111,0.3333333333333333,0.3111111111111111,False,False,True
C1CN(CCN1CCOCCO)C(C2=CC=CC=C2)C3=CC=C(C=C3)Cl,CCC1=C(CN(C1=O)C(=O)NCCC2=CC=C(C=C2)S(=O)(=O)NC(=O)NC3CCC(CC3)C)C,1,reported_twosides,0.8071847558021545,0.7307456554155357,0.7307456554155357,fitted,platt_logistic_regression,0.42850215989437923,1,0.5825157831428537,0.05961376994122586,0.33753148614609574,interaction,1,False,0.7446808510638298,0.48,0.48,False,False,False
C(C(C(C(C(CO)O)O)O)O)O,CC(C)C(CC1=CC(=C(C=C1)OC)OCCCOC)CC(C(CC(C(C)C)C(=O)NCC(C)(C)C(=O)N)O)N,0,unreported_twosides_sampled,0.17157894372940063,0.15403043298804497,0.15403043298804497,fitted,platt_logistic_regression,0.42850215989437923,0,0.42963704105610534,0.473551637279597,0.030226700251889168,no_interaction,1,False,0.2,0.28735632183908044,0.2,False,False,True
C1C(C(C(C(C1N)OC2C(C(C(C(O2)CO)O)N)O)O)OC3C(CC(C(O3)CN)O)N)N,CC1C(C(=O)N1S(=O)(=O)O)NC(=O)C(=NOC(C)(C)C(=O)O)C2=CSC(=N2)N,1,reported_twosides,0.11479270458221436,0.10677487904158174,0.10677487904158174,fitted,platt_logistic_regression,0.42850215989437923,0,0.33971885947492975,0.5541561712846348,0.020151133501259445,no_interaction,1,False,0.7727272727272727,0.4444444444444444,0.4444444444444444,False,False,False
C1=CC=C(C(=C1)CC(=O)[O-])NC2=C(C=CC=C2Cl)Cl,CN(C)CCC=C1C2=CC=CC=C2C=CC3=CC=CC=C31,1,reported_twosides,0.7188195586204529,0.6353336322067001,0.6353336322067001,fitted,platt_logistic_regression,0.42850215989437923,1,0.656055889094228,0.09151973131821999,0.25692695214105793,interaction,1,False,0.3111111111111111,0.6285714285714286,0.3111111111111111,False,False,True
CC1(OC2CC3C4CC(C5=CC(=O)C=CC5(C4C(CC3(C2(O1)C(=O)CO)C)O)C)F)C,CN(C)CCC=C1C2=CC=CC=C2C=CC3=CC=CC=C31,1,reported_twosides,0.2887677550315857,0.2500359376443662,0.2500359376443662,fitted,platt_logistic_regression,0.42850215989437923,0,0.5623746227126067,0.3610411418975651,0.052057094878253565,no_interaction,1,False,0.7076923076923077,0.6285714285714286,0.6285714285714286,False,False,False
CCC(C)C(=O)OC1CC(C=C2C1C(C(C=C2)C)CCC(CC(CC(=O)O)O)O)O,CN1CCC23C4C(=O)CCC2(C1CC5=C3C(=C(C=C5)OC)O4)O,1,reported_twosides,0.12022439390420914,0.11134890846245503,0.11134890846245503,fitted,platt_logistic_regression,0.42850215989437923,0,0.3493262954402944,0.5482787573467675,0.0218303946263644,no_interaction,1,False,0.5466666666666666,0.609375,0.5466666666666666,False,False,False
CCC1=C2CN3C(=CC4=C(C3=O)COC(=O)C4(CC)O)C2=NC5=C1C=C(C=C5)OC(=O)N6CCC(CC6)N7CCCCC7,CNC1CCC(C2=CC=CC=C12)C3=CC(=C(C=C3)Cl)Cl,1,reported_twosides,0.06918147951364517,0.06758685475379593,0.06758685475379593,fitted,platt_logistic_regression,0.42850215989437923,0,0.24735168057030935,0.6238455079764903,0.015113350125944584,no_interaction,1,False,0.5164835164835165,0.2641509433962264,0.2641509433962264,False,False,True
C1C(N(C2=C(N1)NC(=NC2=O)N)C=O)CNC3=CC=C(C=C3)C(=O)NC(CCC(=O)O)C(=O)O,CN1CCC23C4C(=O)CCC2(C1CC5=C3C(=C(C=C5)OC)O4)O,1,reported_twosides,0.2961520850658417,0.25609805113585365,0.25609805113585365,fitted,platt_logistic_regression,0.42850215989437923,0,0.5689359052300653,0.3518052057094878,0.05289672544080604,no_interaction,1,False,0.5256410256410257,0.609375,0.5256410256410257,False,False,False
C1CN1P(=S)(N2CC2)N3CC3,CC(C)(C)C1=CC=C(C=C1)S(=O)(=O)NC2=C(C(=NC(=N2)C3=NC=CC=N3)OCCO)OC4=CC=CC=C4OC,0,unreported_twosides_sampled,0.10489104688167572,0.09839557338998003,0.09839557338998003,fitted,platt_logistic_regression,0.42850215989437923,0,0.32154331824164706,0.5717884130982368,0.019311502938706968,no_interaction,1,False,0.1111111111111111,0.2878787878787879,0.1111111111111111,False,False,True
CCCCC1=NC(=C(N1CC2=CC=C(C=C2)C3=CC=CC=C3C4=NNN=N4)CO)Cl,C[N+]1(CCCC1)CC2=C(N3C(C(C3=O)NC(=O)C(=NOC)C4=CSC(=N4)N)SC2)C(=O)[O-],1,reported_twosides,0.21411284804344177,0.18893579244930722,0.18893579244930722,fitted,platt_logistic_regression,0.42850215989437923,0,0.484676168150589,0.42233417296389586,0.03526448362720403,no_interaction,1,False,0.5142857142857142,0.7631578947368421,0.5142857142857142,False,False,False
C1CN(CCN1CCCN2C(=O)N3C=CC=CC3=N2)C4=CC(=CC=C4)Cl,CC1(OC2CC3C4CC(C5=CC(=O)C=CC5(C4(C(CC3(C2(O1)C(=O)CO)C)O)F)C)F)C,0,unreported_twosides_sampled,0.5571597218513489,0.4795163283100883,0.4795163283100883,fitted,platt_logistic_regression,0.42850215989437923,1,0.6923077840596847,0.18052057094878254,0.1570109151973132,no_interaction|interaction,2,True,0.5522388059701493,0.5540540540540541,0.5522388059701493,False,False,False
CC1=C(N2C(C(C2=O)NC(=O)C(C3=CC=CC=C3)N)SC1)C(=O)O,CNC1CCC(C2=CC=CC=C12)C3=CC(=C(C=C3)Cl)Cl,1,reported_twosides,0.11819964647293091,0.10964560659829344,0.10964560659829344,fitted,platt_logistic_regression,0.42850215989437923,0,0.3457737500207914,0.5507976490344249,0.020990764063811923,no_interaction,1,False,0.8431372549019608,0.2641509433962264,0.2641509433962264,False,False,True
C1C(N(C2=C(N1)NC(=NC2=O)N)C=O)CNC3=CC=C(C=C3)C(=O)NC(CCC(=O)O)C(=O)O,C1CC(OC1CO)N2C=NC3=C2NC=NC3=O,1,reported_twosides,0.5164467096328735,0.44294568360628583,0.44294568360628583,fitted,platt_logistic_regression,0.42850215989437923,1,0.6866225880262595,0.20235096557514692,0.12846347607052896,no_interaction|interaction,2,True,0.5256410256410257,0.3492063492063492,0.3492063492063492,False,False,True
CC(=O)NCC1CN(C(=O)O1)C2=CC(=C(C=C2)N3CCOCC3)F,CN1CCN(CC1)C2=C3C=CC=CC3=NC4=C(N2)C=C(C=C4)Cl,0,unreported_twosides_sampled,0.4364386796951294,0.3732987853189062,0.3732987853189062,fitted,platt_logistic_regression,0.42850215989437923,0,0.6606880362096627,0.2510495382031906,0.09571788413098237,no_interaction,1,False,0.23376623376623376,0.5,0.23376623376623376,False,False,True
C1CC(OC1CO)N2C=NC3=C2NC=NC3=O,CN(C)CCCN1C2=CC=CC=C2CCC3=C1C=C(C=C3)Cl,0,unreported_twosides_sampled,0.020220903679728508,0.022404364483966245,0.022404364483966245,fitted,platt_logistic_regression,0.42850215989437923,0,0.10725445829637754,0.7531486146095718,0.0033585222502099076,no_interaction,1,False,0.3492063492063492,0.7631578947368421,0.3492063492063492,False,False,True
CC(C)C(CC1=CC(=C(C=C1)OC)OCCCOC)CC(C(CC(C(C)C)C(=O)NCC(C)(C)C(=O)N)O)N,CN1CCN(CC1)C2=C3C=CC=CC3=NC4=C(N2)C=C(C=C4)Cl,0,unreported_twosides_sampled,0.9230055809020996,0.8747809579666386,0.8747809579666386,fitted,platt_logistic_regression,0.42850215989437923,1,0.37719617814748313,0.022670025188916875,0.5222502099076406,interaction,1,False,0.28735632183908044,0.5,0.28735632183908044,False,False,True
CC1(OC2CC3C4CC(C5=CC(=O)C=CC5(C4C(CC3(C2(O1)C(=O)CO)C)O)C)F)C,CCCCC1=NC(=C(N1CC2=CC=C(C=C2)C3=CC=CC=C3C4=NNN=N4)CO)Cl,0,unreported_twosides_sampled,0.10912758857011795,0.10198764536480832,0.10198764536480832,fitted,platt_logistic_regression,0.42850215989437923,0,0.3294284560899728,0.5642317380352645,0.019311502938706968,no_interaction,1,False,0.7076923076923077,0.5142857142857142,0.5142857142857142,False,False,False
C1CN(CCN1CCCN2C(=O)N3C=CC=CC3=N2)C4=CC(=CC=C4)Cl,C1CN(CCN1CCOCCO)C(C2=CC=CC=C2)C3=CC=C(C=C3)Cl,1,reported_twosides,0.9962762594223022,0.9912914869349843,0.9912914869349843,fitted,platt_logistic_regression,0.42850215989437923,1,0.04997891644571869,0.0033585222502099076,0.8404701931150294,interaction,1,False,0.5522388059701493,0.7446808510638298,0.5522388059701493,False,False,False
C1CC(=O)NC(=O)C1N2C(=O)C3=CC=CC=C3C2=O,CC(=O)CCCCN1C(=O)C2=C(N=CN2C)N(C1=O)C,1,reported_twosides,0.2436724454164505,0.21311257525520266,0.21311257525520266,fitted,platt_logistic_regression,0.42850215989437923,0,0.5180515070485848,0.4005037783375315,0.04450041981528128,no_interaction,1,False,0.5454545454545454,0.2916666666666667,0.2916666666666667,False,False,True
CC1(OC2CC3C4CC(C5=CC(=O)C=CC5(C4C(CC3(C2(O1)C(=O)CO)C)O)C)F)C,CCC(C)C(=O)OC1CC(C=C2C1C(C(C=C2)C)CCC(CC(CC(=O)O)O)O)O,0,unreported_twosides_sampled,0.1385979801416397,0.12672196262505306,0.12672196262505306,fitted,platt_logistic_regression,0.42850215989437923,0,0.38010744378739675,0.5197313182199832,0.022670025188916875,no_interaction,1,False,0.7076923076923077,0.5466666666666666,0.5466666666666666,False,False,False
CC(=O)NCC1CN(C(=O)O1)C2=CC(=C(C=C2)N3CCOCC3)F,CC1(OC2CC3C4CC(C5=CC(=O)C=CC5(C4C(CC3(C2(O1)C(=O)CO)C)O)C)F)C,0,unreported_twosides_sampled,0.06839399039745331,0.06689391183932807,0.06689391183932807,fitted,platt_logistic_regression,0.42850215989437923,0,0.24552932530298965,0.6263643996641478,0.015113350125944584,no_interaction,1,False,0.23376623376623376,0.7076923076923077,0.23376623376623376,False,False,True
CC1NC2=CC(=C(C=C2C(=O)N1C3=CC=CC=C3C)S(=O)(=O)N)Cl,CN1CCN(CC1)C2=C3C=CC=CC3=NC4=C(N2)C=C(C=C4)Cl,0,unreported_twosides_sampled,0.8762747645378113,0.8132000660788908,0.8132000660788908,fitted,platt_logistic_regression,0.42850215989437923,1,0.481549422283168,0.03442485306465155,0.4248530646515533,interaction,1,False,0.36764705882352944,0.5,0.36764705882352944,False,False,True
CC(=O)CCCCN1C(=O)C2=C(N=CN2C)N(C1=O)C,CC1=C(N2C(C(C2=O)NC(=O)C(C3=CC=CC=C3)N)SC1)C(=O)O,1,reported_twosides,0.21517738699913025,0.1898070024165335,0.1898070024165335,fitted,platt_logistic_regression,0.42850215989437923,0,0.48594299515667394,0.42149454240134343,0.03526448362720403,no_interaction,1,False,0.2916666666666667,0.8431372549019608,0.2916666666666667,False,False,True
CC(C1=CC(=CC(=C1)C(F)(F)F)C(F)(F)F)OC2C(N(CCO2)CC3=NC(=O)NN3)C4=CC=C(C=C4)F,CN(C)NN=C1C(=NC=N1)C(=O)N,1,reported_twosides,0.4272383451461792,0.36544893307765447,0.36544893307765447,fitted,platt_logistic_regression,0.42850215989437923,0,0.6564890225823048,0.25692695214105793,0.09235936188077246,no_interaction,1,False,0.2235294117647059,0.24390243902439024,0.2235294117647059,False,False,True
C1C(C(C(C(C1N)OC2C(C(C(C(O2)CO)O)N)O)O)OC3C(CC(C(O3)CN)O)N)N,CCC(CO)NCCNC(CC)CO,0,unreported_twosides_sampled,0.10379079729318619,0.09746090978012961,0.09746090978012961,fitted,platt_logistic_regression,0.42850215989437923,0,0.3194679324272638,0.5726280436607892,0.019311502938706968,no_interaction,1,False,0.7727272727272727,0.21951219512195122,0.21951219512195122,False,False,True
C1=CC(=CC=C1CCC2=CNC3=C2C(=O)N=C(N3)N)C(=O)NC(CCC(=O)O)C(=O)O,C1=CC=C(C(=C1)CC(=O)[O-])NC2=C(C=CC=C2Cl)Cl,0,unreported_twosides_sampled,0.5839999318122864,0.5041228345941018,0.5041228345941018,fitted,platt_logistic_regression,0.42850215989437923,1,0.6931131846445222,0.16540722082283796,0.17296389588581024,no_interaction|interaction,2,True,0.5,0.3111111111111111,0.3111111111111111,False,False,True
CN(C)CCCN1C2=CC=CC=C2CCC3=C1C=C(C=C3)Cl,CN(C)NN=C1C(=NC=N1)C(=O)N,0,unreported_twosides_sampled,0.08874759078025818,0.0845990776108155,0.0845990776108155,fitted,platt_logistic_regression,0.42850215989437923,0,0.2898606666467044,0.5994962216624685,0.018471872376154493,no_interaction,1,False,0.7631578947368421,0.24390243902439024,0.24390243902439024,False,False,True
CN1CCN(CC1)C2=C3C=CC=CC3=NC4=C(N2)C=C(C=C4)Cl,C[N+]1(CCCC1)CC2=C(N3C(C(C3=O)NC(=O)C(=NOC)C4=CSC(=N4)N)SC2)C(=O)[O-],0,unreported_twosides_sampled,0.10963162779808044,0.1024143049180405,0.1024143049180405,fitted,platt_logistic_regression,0.42850215989437923,0,0.33035558974720913,0.5642317380352645,0.019311502938706968,no_interaction,1,False,0.5,0.7631578947368421,0.5,False,False,False
CCC1=C(CN(C1=O)C(=O)NCCC2=CC=C(C=C2)S(=O)(=O)NC(=O)NC3CCC(CC3)C)C,COC1=C(C=C(C=C1)C2=CC3=C(C=C2)C=C(C=C3)C(=O)O)C45CC6CC(C4)CC(C6)C5,0,unreported_twosides_sampled,0.22268663346767426,0.19595080820624697,0.19595080820624697,fitted,platt_logistic_regression,0.42850215989437923,0,0.4947375522148495,0.41225860621326615,0.037783375314861464,no_interaction,1,False,0.48,0.288135593220339,0.288135593220339,False,False,True
C1CN1P(=S)(N2CC2)N3CC3,CC1=C(N2C(C(C2=O)NC(=O)C(C3=CC=CC=C3)N)SC1)C(=O)O,0,unreported_twosides_sampled,0.047024521976709366,0.04776778275346512,0.04776778275346512,fitted,platt_logistic_regression,0.42850215989437923,0,0.19188940894436574,0.6616288832913518,0.0109151973131822,no_interaction,1,False,0.1111111111111111,0.8431372549019608,0.1111111111111111,False,False,True
CC(C1C(=O)NC(CSSCC(C(=O)NC(C(=O)NC(C(=O)NC(C(=O)N1)CCCCN)CC2=CNC3=CC=CC=C32)CC4=CC=CC=C4)NC(=O)C(CC5=CC=CC=C5)N)C(=O)NC(CO)C(C)O)O,CN(C)CCCN1C2=CC=CC=C2CCC3=C1C=C(C=C3)Cl,0,unreported_twosides_sampled,0.013281552121043205,0.015368601252434133,0.015368601252434133,fitted,platt_logistic_regression,0.42850215989437923,0,0.0794203938317874,0.7942905121746432,0.0033585222502099076,no_interaction,1,False,0.3333333333333333,0.7631578947368421,0.3333333333333333,False,False,True
CN(C)CCCN1C2=CC=CC=C2CCC3=C1C=C(C=C3)Cl,CN1CCN(CC1)C2=C3C=CC=CC3=NC4=C(N2)C=C(C=C4)Cl,1,reported_twosides,0.7072347402572632,0.6234649263433609,0.6234649263433609,fitted,platt_logistic_regression,0.42850215989437923,1,0.6623423687535719,0.09739714525608732,0.24769101595298068,interaction,1,False,0.7631578947368421,0.5,0.5,False,False,False
CC1(OC2CC3C4CC(C5=CC(=O)C=CC5(C4C(CC3(C2(O1)C(=O)CO)C)O)C)F)C,CCC(CO)NCCNC(CC)CO,0,unreported_twosides_sampled,0.04827290028333664,0.04890507566072429,0.04890507566072429,fitted,platt_logistic_regression,0.42850215989437923,0,0.19527859763103797,0.6591099916036943,0.0109151973131822,no_interaction,1,False,0.7076923076923077,0.21951219512195122,0.21951219512195122,False,False,True
CCC(C)C(=O)OC1CC(C=C2C1C(C(C=C2)C)CCC(CC(CC(=O)O)O)O)O,CNS(=O)(=O)CC1=CC2=C(C=C1)NC=C2CCN(C)C,1,reported_twosides,0.13579672574996948,0.12438703024288261,0.12438703024288261,fitted,platt_logistic_regression,0.42850215989437923,0,0.3755756571407622,0.5230898404701931,0.022670025188916875,no_interaction,1,False,0.5466666666666666,0.6538461538461539,0.5466666666666666,False,False,False
CC(C1=CC(=CC(=C1)C(F)(F)F)C(F)(F)F)OC2C(N(CCO2)CC3=NC(=O)NN3)C4=CC=C(C=C4)F,CNC1CCC(C2=CC=CC=C12)C3=CC(=C(C=C3)Cl)Cl,1,reported_twosides,0.2783074378967285,0.24145842826060873,0.24145842826060873,fitted,platt_logistic_regression,0.42850215989437923,0,0.5527552058848018,0.3719563392107473,0.04953820319059614,no_interaction,1,False,0.2235294117647059,0.2641509433962264,0.2235294117647059,False,False,True
C1CC(OC1CO)N2C=NC3=C2NC=NC3=O,CN1CCC23C4C(=O)CCC2(C1CC5=C3C(=C(C=C5)OC)O4)O,1,reported_twosides,0.6669180393218994,0.5831176256878465,0.5831176256878465,fitted,platt_logistic_regression,0.42850215989437923,1,0.6792657499117533,0.11670864819479429,0.22502099076406382,no_interaction|interaction,2,True,0.3492063492063492,0.609375,0.3492063492063492,False,False,True
C1=CC=C(C(=C1)CC(=O)[O-])NC2=C(C=CC=C2Cl)Cl,CC(=O)CCCCN1C(=O)C2=C(N=CN2C)N(C1=O)C,1,reported_twosides,0.41251182556152344,0.3529426146162538,0.3529426146162538,fitted,platt_logistic_regression,0.42850215989437923,0,0.6492492265779485,0.2703610411418976,0.08480268681780016,no_interaction,1,False,0.3111111111111111,0.2916666666666667,0.2916666666666667,False,False,True
C1=NC2=C(N1COC(CO)CO)NC(=NC2=O)N,CCC1=C2CN3C(=CC4=C(C3=O)COC(=O)C4(CC)O)C2=NC5=C1C=C(C=C5)OC(=O)N6CCC(CC6)N7CCCCC7,0,unreported_twosides_sampled,0.37907874584198,0.3247934941928164,0.3247934941928164,fitted,platt_logistic_regression,0.42850215989437923,0,0.6304299986646437,0.2963895885810244,0.08144416456759027,no_interaction,1,False,0.7307692307692307,0.5164835164835165,0.5164835164835165,False,False,False
CCC(CO)NCCNC(CC)CO,CNS(=O)(=O)CC1=CC2=C(C=C1)NC=C2CCN(C)C,0,unreported_twosides_sampled,0.007208289112895727,0.008883053956326508,0.008883053956326508,fitted,platt_logistic_regression,0.42850215989437923,0,0.05080356360401041,0.8396305625524769,0.0033585222502099076,no_interaction,1,False,0.21951219512195122,0.6538461538461539,0.21951219512195122,False,False,True
CC(=O)NCC1CN(C(=O)O1)C2=CC(=C(C=C2)N3CCOCC3)F,CCC(C)C(=O)OC1CC(C=C2C1C(C(C=C2)C)CCC(CC(CC(=O)O)O)O)O,1,reported_twosides,0.10387566685676575,0.09753303354783847,0.09753303354783847,fitted,platt_logistic_regression,0.42850215989437923,0,0.31962843310786865,0.5726280436607892,0.019311502938706968,no_interaction,1,False,0.23376623376623376,0.5466666666666666,0.23376623376623376,False,False,True
C(C(C(C(C(CO)O)O)O)O)O,CC(C1=CC(=CC(=C1)C(F)(F)F)C(F)(F)F)OC2C(N(CCO2)CC3=NC(=O)NN3)C4=CC=C(C=C4)F,1,reported_twosides,0.3686159551143646,0.3160467499476757,0.3160467499476757,fitted,platt_logistic_regression,0.42850215989437923,0,0.6238536198229498,0.30142737195633923,0.07724601175482787,no_interaction,1,False,0.2,0.2235294117647059,0.2,False,False,True
C1C(C(C(C(C1N)OC2C(C(C(C(O2)CO)O)N)O)O)OC3C(CC(C(O3)CN)O)N)N,CC1=C(N2C(C(C2=O)NC(=O)C(C3=CC=CC=C3)N)SC1)C(=O)O,1,reported_twosides,0.025463663041591644,0.02754942378184647,0.02754942378184647,fitted,platt_logistic_regression,0.42850215989437923,0,0.12611769938649386,0.7313182199832073,0.006717044500419815,no_interaction,1,False,0.7727272727272727,0.8431372549019608,0.7727272727272727,False,False,False
C1CC(=O)NC(=O)C1N2C(=O)C3=CC=CC=C3C2=O,CCC1=C2CN3C(=CC4=C(C3=O)COC(=O)C4(CC)O)C2=NC5=C1C=C(C=C5)OC(=O)N6CCC(CC6)N7CCCCC7,1,reported_twosides,0.35521042346954346,0.3048786031898782,0.3048786031898782,fitted,platt_logistic_regression,0.42850215989437923,0,0.6149414372639576,0.3123425692695214,0.07304785894206549,no_interaction,1,False,0.5454545454545454,0.5164835164835165,0.5164835164835165,False,False,False
CC(C)(C(=O)O)ON=C(C1=CSC(=N1)N)C(=O)NC2C3N(C2=O)C(=C(CS3)C[N+]4=CC=CC=C4)C(=O)[O-],CN(C)CCC=C1C2=CC=CC=C2C=CC3=CC=CC=C31,0,unreported_twosides_sampled,0.1992921233177185,0.17679783195185894,0.17679783195185894,fitted,platt_logistic_regression,0.42850215989437923,0,0.46650298966490633,0.43912678421494544,0.0327455919395466,no_interaction,1,False,0.6428571428571429,0.6285714285714286,0.6285714285714286,False,False,False
CC1NC2=CC(=C(C=C2C(=O)N1C3=CC=CC=C3C)S(=O)(=O)N)Cl,CN(C)CCCN1C2=CC=CC=C2CCC3=C1C=C(C=C3)Cl,0,unreported_twosides_sampled,0.1502557247877121,0.1364099463007533,0.1364099463007533,fitted,platt_logistic_regression,0.42850215989437923,0,0.39839258481893025,0.5071368597816961,0.02518891687657431,no_interaction,1,False,0.36764705882352944,0.7631578947368421,0.36764705882352944,False,False,True
C1=CC=C(C(=C1)CC(=O)[O-])NC2=C(C=CC=C2Cl)Cl,CC1NC2=CC(=C(C=C2C(=O)N1C3=CC=CC=C3C)S(=O)(=O)N)Cl,1,reported_twosides,0.8136537075042725,0.7381260257191817,0.7381260257191817,fitted,platt_logistic_regression,0.42850215989437923,1,0.5750079232175704,0.05793450881612091,0.34760705289672544,interaction,1,False,0.3111111111111111,0.36764705882352944,0.3111111111111111,False,False,True
CC(C1C(=O)NC(CSSCC(C(=O)NC(C(=O)NC(C(=O)NC(C(=O)N1)CCCCN)CC2=CNC3=CC=CC=C32)CC4=CC=CC=C4)NC(=O)C(CC5=CC=CC=C5)N)C(=O)NC(CO)C(C)O)O,CNS(=O)(=O)CC1=CC2=C(C=C1)NC=C2CCN(C)C,0,unreported_twosides_sampled,0.005762871354818344,0.007266997658690996,0.007266997658690996,fitted,platt_logistic_regression,0.42850215989437923,0,0.04302621967137127,0.8513853904282116,0.0025188916876574307,no_interaction,1,False,0.3333333333333333,0.6538461538461539,0.3333333333333333,False,False,True
CC1NC2=CC(=C(C=C2C(=O)N1C3=CC=CC=C3C)S(=O)(=O)N)Cl,CCC(C)C(=O)OC1CC(C=C2C1C(C(C=C2)C)CCC(CC(CC(=O)O)O)O)O,1,reported_twosides,0.5338620543479919,0.45848428863343255,0.45848428863343255,fitted,platt_logistic_regression,0.42850215989437923,1,0.6896961001635726,0.19311502938706968,0.1376994122586062,no_interaction|interaction,2,True,0.36764705882352944,0.5466666666666666,0.36764705882352944,False,False,True
C1CN(CCN1CCOCCO)C(C2=CC=CC=C2)C3=CC=C(C=C3)Cl,C[N+]1(CCCC1)CC2=C(N3C(C(C3=O)NC(=O)C(=NOC)C4=CSC(=N4)N)SC2)C(=O)[O-],1,reported_twosides,0.32975587248802185,0.2837789370476162,0.2837789370476162,fitted,platt_logistic_regression,0.42850215989437923,0,0.5964870573960568,0.327455919395466,0.06213266162888329,no_interaction,1,False,0.7446808510638298,0.7631578947368421,0.7446808510638298,False,False,False
C1CN(CCN1CCCN2C(=O)N3C=CC=CC3=N2)C4=CC(=CC=C4)Cl,COC1=C(C=C(C=C1)C2=CC3=C(C=C2)C=C(C=C3)C(=O)O)C45CC6CC(C4)CC(C6)C5,0,unreported_twosides_sampled,0.028736896812915802,0.03070523830346753,0.03070523830346753,fitted,platt_logistic_regression,0.42850215989437923,0,0.13718516453987675,0.7136859781696053,0.008396305625524769,no_interaction,1,False,0.5522388059701493,0.288135593220339,0.288135593220339,False,False,True
C1CN(CCN1CCCN2C(=O)N3C=CC=CC3=N2)C4=CC(=CC=C4)Cl,CCCC1=NC(=C2N1NC(=NC2=O)C3=C(C=CC(=C3)S(=O)(=O)N4CCN(CC4)CC)OCC)C,1,reported_twosides,0.25533708930015564,0.2226527703493789,0.2226527703493789,fitted,platt_logistic_regression,0.42850215989437923,0,0.5302450378008026,0.38623005877413935,0.04534005037783375,no_interaction,1,False,0.5522388059701493,0.5657894736842105,0.5522388059701493,False,False,False
C(C(C(C(C(CO)O)O)O)O)O,CN(C)CCCN1C2=CC=CC=C2CCC3=C1C=C(C=C3)Cl,0,unreported_twosides_sampled,0.02986590750515461,0.03178503932877278,0.03178503932877278,fitted,platt_logistic_regression,0.42850215989437923,0,0.14089341453086127,0.7111670864819479,0.008396305625524769,no_interaction,1,False,0.2,0.7631578947368421,0.2,False,False,True
C1=NC2=C(N1COC(CO)CO)NC(=NC2=O)N,CNC1CCC(C2=CC=CC=C12)C3=CC(=C(C=C3)Cl)Cl,0,unreported_twosides_sampled,0.031836654990911484,0.033660057965876844,0.033660057965876844,fitted,platt_logistic_regression,0.42850215989437923,0,0.1472432732514232,0.7061293031066331,0.008396305625524769,no_interaction,1,False,0.7307692307692307,0.2641509433962264,0.2641509433962264,False,False,True
CC1NC2=CC(=C(C=C2C(=O)N1C3=CC=CC=C3C)S(=O)(=O)N)Cl,CN(C)CC(C1=CC=C(C=C1)O)C2(CCCCC2)O,0,unreported_twosides_sampled,0.9830021262168884,0.966369486508414,0.966369486508414,fitted,platt_logistic_regression,0.42850215989437923,1,0.14714407300952062,0.008396305625524769,0.7061293031066331,interaction,1,False,0.36764705882352944,0.717948717948718,0.36764705882352944,False,False,True
CC1=CN(C(=O)NC1=O)C2C=CC(O2)CO,C[N+]1(CCCC1)CC2=C(N3C(C(C3=O)NC(=O)C(=NOC)C4=CSC(=N4)N)SC2)C(=O)[O-],0,unreported_twosides_sampled,0.2109760344028473,0.18636823096631233,0.18636823096631233,fitted,platt_logistic_regression,0.42850215989437923,0,0.48091379977870236,0.4256926952141058,0.03442485306465155,no_interaction,1,False,0.5652173913043478,0.7631578947368421,0.5652173913043478,False,False,False
CC1(OC2CC3C4CC(C5=CC(=O)C=CC5(C4C(CC3(C2(O1)C(=O)CO)C)O)C)F)C,CCOC1=NC2=CC=CC(=C2N1CC3=CC=C(C=C3)C4=CC=CC=C4C5=NNN=N5)C(=O)O,0,unreported_twosides_sampled,0.05991524085402489,0.05938462572417406,0.05938462572417406,fitted,platt_logistic_regression,0.42850215989437923,0,0.22527093050867358,0.6397984886649875,0.012594458438287154,no_interaction,1,False,0.7076923076923077,0.449438202247191,0.449438202247191,False,False,False
C1CN(CCN1CCOCCO)C(C2=CC=CC=C2)C3=CC=C(C=C3)Cl,CN1CCN(CC1)C2=C3C=CC=CC3=NC4=C(N2)C=C(C=C4)Cl,1,reported_twosides,0.9984009861946106,0.9959149406526507,0.9959149406526507,fitted,platt_logistic_regression,0.42850215989437923,1,0.02654624225029402,0.0025188916876574307,0.8832913518052057,interaction,1,False,0.7446808510638298,0.5,0.5,False,False,False
COC1=C(C=C(C=C1)C2=CC3=C(C=C2)C=C(C=C3)C(=O)O)C45CC6CC(C4)CC(C6)C5,C[N+]1(CCCC1)CC2=C(N3C(C(C3=O)NC(=O)C(=NOC)C4=CSC(=N4)N)SC2)C(=O)[O-],0,unreported_twosides_sampled,0.17614977061748505,0.1577941378668113,0.1577941378668113,fitted,platt_logistic_regression,0.42850215989437923,0,0.4359938870088965,0.4693534844668346,0.030226700251889168,no_interaction,1,False,0.288135593220339,0.7631578947368421,0.288135593220339,False,False,True
C1=CC=C(C(=C1)CC(=O)[O-])NC2=C(C=CC=C2Cl)Cl,C1C(C(C(C(C1N)OC2C(C(C(C(O2)CO)O)N)O)O)OC3C(CC(C(O3)CN)O)N)N,1,reported_twosides,0.3017072081565857,0.2606627953136303,0.2606627953136303,fitted,platt_logistic_regression,0.42850215989437923,0,0.5737490391904376,0.34760705289672544,0.05709487825356843,no_interaction,1,False,0.3111111111111111,0.7727272727272727,0.3111111111111111,False,False,True
CC1=C(N2C(C(C2=O)NC(=O)C(C3=CC=CC=C3)N)SC1)C(=O)O,CCC1=C2CN3C(=CC4=C(C3=O)COC(=O)C4(CC)O)C2=NC5=C1C=C(C=C5)OC(=O)N6CCC(CC6)N7CCCCC7,1,reported_twosides,0.00785878486931324,0.009599003699687546,0.009599003699687546,fitted,platt_logistic_regression,0.42850215989437923,0,0.054150677520014026,0.832913518052057,0.0033585222502099076,no_interaction,1,False,0.8431372549019608,0.5164835164835165,0.5164835164835165,False,False,False
CC1=C(N2C(C(C2=O)NC(=O)C(C3=CC=CC=C3)N)SC1)C(=O)O,CCC1=C(CN(C1=O)C(=O)NCCC2=CC=C(C=C2)S(=O)(=O)NC(=O)NC3CCC(CC3)C)C,1,reported_twosides,0.07171091437339783,0.06980782206868041,0.06980782206868041,fitted,platt_logistic_regression,0.42850215989437923,0,0.2531415584155393,0.6188077246011755,0.015113350125944584,no_interaction,1,False,0.8431372549019608,0.48,0.48,False,False,False
C(C(C(C(C(CO)O)O)O)O)O,CCC1=C(CN(C1=O)C(=O)NCCC2=CC=C(C=C2)S(=O)(=O)NC(=O)NC3CCC(CC3)C)C,1,reported_twosides,0.2370413839817047,0.20769024520616786,0.20769024520616786,fitted,platt_logistic_regression,0.42850215989437923,0,0.5108802953826018,0.4038623005877414,0.041981528127623846,no_interaction,1,False,0.2,0.48,0.2,False,False,True
CC(=O)NCC1CN(C(=O)O1)C2=CC(=C(C=C2)N3CCOCC3)F,CC(C)(C)C1=CC=C(C=C1)S(=O)(=O)NC2=C(C(=NC(=N2)C3=NC=CC=N3)OCCO)OC4=CC=CC=C4OC,0,unreported_twosides_sampled,0.1195974051952362,0.11082167488339359,0.11082167488339359,fitted,platt_logistic_regression,0.42850215989437923,0,0.348229805702318,0.5482787573467675,0.0218303946263644,no_interaction,1,False,0.23376623376623376,0.2878787878787879,0.23376623376623376,False,False,True
CC(C)(C(=O)O)ON=C(C1=CSC(=N1)N)C(=O)NC2C3N(C2=O)C(=C(CS3)C[N+]4=CC=CC=C4)C(=O)[O-],CN1CCN(CC1)C2=C3C=CC=CC3=NC4=C(N2)C=C(C=C4)Cl,0,unreported_twosides_sampled,0.23952381312847137,0.2097201440779986,0.2097201440779986,fitted,platt_logistic_regression,0.42850215989437923,0,0.5135856462728485,0.40218303946263645,0.041981528127623846,no_interaction,1,False,0.6428571428571429,0.5,0.5,False,False,False
C1=CC(=C2C(=C1NCCNCCO)C(=O)C3=C(C=CC(=C3C2=O)O)O)NCCNCCO,C1CN1P(=S)(N2CC2)N3CC3,1,reported_twosides,0.2991501986980438,0.25856117121615085,0.25856117121615085,fitted,platt_logistic_regression,0.42850215989437923,0,0.571546560997508,0.3501259445843829,0.055415617128463476,no_interaction,1,False,0.23529411764705882,0.1111111111111111,0.1111111111111111,False,False,True
CC1NC2=CC(=C(C=C2C(=O)N1C3=CC=CC=C3C)S(=O)(=O)N)Cl,C[N+]1(CCCC1)CC2=C(N3C(C(C3=O)NC(=O)C(=NOC)C4=CSC(=N4)N)SC2)C(=O)[O-],1,reported_twosides,0.7527275681495667,0.6708602451329739,0.6708602451329739,fitted,platt_logistic_regression,0.42850215989437923,1,0.6335677487235503,0.08144416456759027,0.2947103274559194,interaction,1,False,0.36764705882352944,0.7631578947368421,0.36764705882352944,False,False,True
C1=CC=C(C(=C1)CC(=O)[O-])NC2=C(C=CC=C2Cl)Cl,CN1CCN(CC1)C2=C3C=CC=CC3=NC4=C(N2)C=C(C=C4)Cl,1,reported_twosides,0.754375159740448,0.67261833985831,0.67261833985831,fitted,platt_logistic_regression,0.42850215989437923,1,0.6323088419911367,0.08144416456759027,0.2955499580184719,interaction,1,False,0.3111111111111111,0.5,0.3111111111111111,False,False,True
CC1=C(N2C(C(C2=O)NC(=O)C(C3=CC=CC=C3)N)SC1)C(=O)O,COC1=C(C=C(C=C1)C2=CC3=C(C=C2)C=C(C=C3)C(=O)O)C45CC6CC(C4)CC(C6)C5,1,reported_twosides,0.04593390226364136,0.04677179599575761,0.04677179599575761,fitted,platt_logistic_regression,0.42850215989437923,0,0.18889798379965964,0.6633081444164568,0.0109151973131822,no_interaction,1,False,0.8431372549019608,0.288135593220339,0.288135593220339,False,False,True
CC(=O)CCCCN1C(=O)C2=C(N=CN2C)N(C1=O)C,CC(CC1=CC=CC=C1)N(C)CC#C,0,unreported_twosides_sampled,0.07300681620836258,0.07094294424957495,0.07094294424957495,fitted,platt_logistic_regression,0.42850215989437923,0,0.2560712498675294,0.6188077246011755,0.01595298068849706,no_interaction,1,False,0.2916666666666667,0.42424242424242425,0.2916666666666667,False,False,True
C1CC(=O)NC(=O)C1N2C(=O)C3=CC=CC=C3C2=O,CC(C1=CC(=CC(=C1)C(F)(F)F)C(F)(F)F)OC2C(N(CCO2)CC3=NC(=O)NN3)C4=CC=C(C=C4)F,0,unreported_twosides_sampled,0.49628618359565735,0.42513957210852804,0.42513957210852804,fitted,platt_logistic_regression,0.42850215989437923,0,0.6818967588530344,0.2174643157010915,0.1200671704450042,no_interaction|interaction,2,True,0.5454545454545454,0.2235294117647059,0.2235294117647059,False,False,True
CC1=CN(C(=O)NC1=O)C2C=CC(O2)CO,CC1NC2=CC(=C(C=C2C(=O)N1C3=CC=CC=C3C)S(=O)(=O)N)Cl,0,unreported_twosides_sampled,0.6588008403778076,0.5751613042177613,0.5751613042177613,fitted,platt_logistic_regression,0.42850215989437923,1,0.6818057963135344,0.1200671704450042,0.2174643157010915,no_interaction|interaction,2,True,0.5652173913043478,0.36764705882352944,0.36764705882352944,False,False,True
C(C(C(C(C(CO)O)O)O)O)O,CN(C)CCC=C1C2=CC=CC=C2C=CC3=CC=CC=C31,0,unreported_twosides_sampled,0.20620477199554443,0.18246147237241186,0.18246147237241186,fitted,platt_logistic_regression,0.42850215989437923,0,0.4751054822092743,0.4332493702770781,0.033585222502099076,no_interaction,1,False,0.2,0.6285714285714286,0.2,False,False,True
C1CC(OC1CO)N2C=NC3=C2NC=NC3=O,CCC(C)C(=O)OC1CC(C=C2C1C(C(C=C2)C)CCC(CC(CC(=O)O)O)O)O,1,reported_twosides,0.30506443977355957,0.26342343385287514,0.26342343385287514,fitted,platt_logistic_regression,0.42850215989437923,0,0.5766073502082212,0.3434089000839631,0.05877413937867338,no_interaction,1,False,0.3492063492063492,0.5466666666666666,0.3492063492063492,False,False,True
CC(C)(C(=O)O)ON=C(C1=CSC(=N1)N)C(=O)NC2C3N(C2=O)C(=C(CS3)C[N+]4=CC=CC=C4)C(=O)[O-],CN1CCC23C4C(=O)CCC2(C1CC5=C3C(=C(C=C5)OC)O4)O,1,reported_twosides,0.10063159465789795,0.09477287955892087,0.09477287955892087,fitted,platt_logistic_regression,0.42850215989437923,0,0.31344360736600074,0.5785054575986566,0.019311502938706968,no_interaction,1,False,0.6428571428571429,0.609375,0.609375,False,False,False
CC(=O)NCC1CN(C(=O)O1)C2=CC(=C(C=C2)N3CCOCC3)F,CC(C1C(=O)NC(CSSCC(C(=O)NC(C(=O)NC(C(=O)NC(C(=O)N1)CCCCN)CC2=CNC3=CC=CC=C32)CC4=CC=CC=C4)NC(=O)C(CC5=CC=CC=C5)N)C(=O)NC(CO)C(C)O)O,1,reported_twosides,0.20210565626621246,0.17910355290230515,0.17910355290230515,fitted,platt_logistic_regression,0.42850215989437923,0,0.4700314356864391,0.4357682619647355,0.0327455919395466,no_interaction,1,False,0.23376623376623376,0.3333333333333333,0.23376623376623376,False,False,True
C1C(N(C2=C(N1)NC(=NC2=O)N)C=O)CNC3=CC=C(C=C3)C(=O)NC(CCC(=O)O)C(=O)O,CC(C)(C(=O)O)ON=C(C1=CSC(=N1)N)C(=O)NC2C3N(C2=O)C(=C(CS3)C[N+]4=CC=CC=C4)C(=O)[O-],1,reported_twosides,0.0813203752040863,0.07818407971590387,0.07818407971590387,fitted,platt_logistic_regression,0.42850215989437923,0,0.27431170574315555,0.6070528967254408,0.017632241813602016,no_interaction,1,False,0.5256410256410257,0.6428571428571429,0.5256410256410257,False,False,False
CC(C)(C(=O)O)ON=C(C1=CSC(=N1)N)C(=O)NC2C3N(C2=O)C(=C(CS3)C[N+]4=CC=CC=C4)C(=O)[O-],CN(C)CC(C1=CC=C(C=C1)O)C2(CCCCC2)O,0,unreported_twosides_sampled,0.6046034693717957,0.5233084711622746,0.5233084711622746,fitted,platt_logistic_regression,0.42850215989437923,1,0.6920602170170715,0.15449202350965574,0.18052057094878254,no_interaction|interaction,2,True,0.6428571428571429,0.717948717948718,0.6428571428571429,False,False,False
CN(C)CCCN1C2=CC=CC=C2CCC3=C1C=C(C=C3)Cl,C[N+]1(CCCC1)CC2=C(N3C(C(C3=O)NC(=O)C(=NOC)C4=CSC(=N4)N)SC2)C(=O)[O-],0,unreported_twosides_sampled,0.005880056414753199,0.007399458970773343,0.007399458970773343,fitted,platt_logistic_regression,0.42850215989437923,0,0.0436763388348339,0.8497061293031066,0.0033585222502099076,no_interaction,1,False,0.7631578947368421,0.7631578947368421,0.7631578947368421,False,False,False
CC1NC2=CC(=C(C=C2C(=O)N1C3=CC=CC=C3C)S(=O)(=O)N)Cl,CN1CCC23C4C(=O)CCC2(C1CC5=C3C(=C(C=C5)OC)O4)O,1,reported_twosides,0.4978940188884735,0.4265527901475198,0.4265527901475198,fitted,platt_logistic_regression,0.42850215989437923,0,0.6823190557348566,0.21578505457598657,0.1200671704450042,no_interaction|interaction,2,True,0.36764705882352944,0.609375,0.36764705882352944,False,False,True
C1CC(=O)NC(=O)C1N2C(=O)C3=CC=CC=C3C2=O,CNS(=O)(=O)CC1=CC2=C(C=C1)NC=C2CCN(C)C,0,unreported_twosides_sampled,0.10351844131946564,0.09722942584557444,0.09722942584557444,fitted,platt_logistic_regression,0.42850215989437923,0,0.31895239979411383,0.5734676742233418,0.019311502938706968,no_interaction,1,False,0.5454545454545454,0.6538461538461539,0.5454545454545454,False,False,False
C1C(C(C(C(C1N)OC2C(C(C(C(O2)CO)O)N)O)O)OC3C(CC(C(O3)CN)O)N)N,CC1=CN(C(=O)NC1=O)C2C=CC(O2)CO,1,reported_twosides,0.4224517047405243,0.3613762041040427,0.3613762041040427,fitted,platt_logistic_regression,0.42850215989437923,0,0.6542059054671137,0.26028547439126787,0.08984047019311503,no_interaction,1,False,0.7727272727272727,0.5652173913043478,0.5652173913043478,False,False,False
C(C(C(C(C(CO)O)O)O)O)O,CC(C1C(=O)NC(CSSCC(C(=O)NC(C(=O)NC(C(=O)NC(C(=O)N1)CCCCN)CC2=CNC3=CC=CC=C32)CC4=CC=CC=C4)NC(=O)C(CC5=CC=CC=C5)N)C(=O)NC(CO)C(C)O)O,0,unreported_twosides_sampled,0.6394554972648621,0.5564073444597277,0.5564073444597277,fitted,platt_logistic_regression,0.42850215989437923,1,0.6867700359805168,0.12846347607052896,0.20235096557514692,no_interaction|interaction,2,True,0.2,0.3333333333333333,0.2,False,False,True
CC(=O)NCC1CN(C(=O)O1)C2=CC(=C(C=C2)N3CCOCC3)F,CCC1=C2CN3C(=CC4=C(C3=O)COC(=O)C4(CC)O)C2=NC5=C1C=C(C=C5)OC(=O)N6CCC(CC6)N7CCCCC7,0,unreported_twosides_sampled,0.11080000549554825,0.10340275611206153,0.10340275611206153,fitted,platt_logistic_regression,0.42850215989437923,0,0.33249590395680534,0.5617128463476071,0.019311502938706968,no_interaction,1,False,0.23376623376623376,0.5164835164835165,0.23376623376623376,False,False,True
CC1=C(N2C(C(C2=O)NC(=O)C(C3=CC=CC=C3)N)SC1)C(=O)O,CCC(C)C(=O)OC1CC(C=C2C1C(C(C=C2)C)CCC(CC(CC(=O)O)O)O)O,1,reported_twosides,0.17997509241104126,0.16094099261177347,0.16094099261177347,fitted,platt_logistic_regression,0.42850215989437923,0,0.44122697083342155,0.4643157010915197,0.031066330814441646,no_interaction,1,False,0.8431372549019608,0.5466666666666666,0.5466666666666666,False,False,False
CCC1=C2CN3C(=CC4=C(C3=O)COC(=O)C4(CC)O)C2=NC5=C1C=C(C=C5)OC(=O)N6CCC(CC6)N7CCCCC7,CNS(=O)(=O)CC1=CC2=C(C=C1)NC=C2CCN(C)C,0,unreported_twosides_sampled,0.11141956597566605,0.10392659362337534,0.10392659362337534,fitted,platt_logistic_regression,0.42850215989437923,0,0.33362590225998434,0.5608732157850546,0.019311502938706968,no_interaction,1,False,0.5164835164835165,0.6538461538461539,0.5164835164835165,False,False,False
C1CN(CCN1CCCN2C(=O)N3C=CC=CC3=N2)C4=CC(=CC=C4)Cl,CC1NC2=CC(=C(C=C2C(=O)N1C3=CC=CC=C3C)S(=O)(=O)N)Cl,1,reported_twosides,0.2991061210632324,0.25852495083307975,0.25852495083307975,fitted,platt_logistic_regression,0.42850215989437923,0,0.5715084008380764,0.3501259445843829,0.055415617128463476,no_interaction,1,False,0.5522388059701493,0.36764705882352944,0.36764705882352944,False,False,True
C1C(N(C2=C(N1)NC(=NC2=O)N)C=O)CNC3=CC=C(C=C3)C(=O)NC(CCC(=O)O)C(=O)O,CC(C)(C)C1=CC=C(C=C1)S(=O)(=O)NC2=C(C(=NC(=N2)C3=NC=CC=N3)OCCO)OC4=CC=CC=C4OC,0,unreported_twosides_sampled,0.945522665977478,0.9069095747514243,0.9069095747514243,fitted,platt_logistic_regression,0.42850215989437923,1,0.30963022279811503,0.018471872376154493,0.5827036104114189,interaction,1,False,0.5256410256410257,0.2878787878787879,0.2878787878787879,False,False,True
C1CC(OC1CO)N2C=NC3=C2NC=NC3=O,CC(C)(C(=O)O)ON=C(C1=CSC(=N1)N)C(=O)NC2C3N(C2=O)C(=C(CS3)C[N+]4=CC=CC=C4)C(=O)[O-],0,unreported_twosides_sampled,0.14483673870563507,0.13191213788137912,0.13191213788137912,fitted,platt_logistic_regression,0.42850215989437923,0,0.39000550456354544,0.5130142737195634,0.02434928631402183,no_interaction,1,False,0.3492063492063492,0.6428571428571429,0.3492063492063492,False,False,True
CC1(OC2CC3C4CC(C5=CC(=O)C=CC5(C4(C(CC3(C2(O1)C(=O)CO)C)O)F)C)F)C,CCOC1=NC2=CC=CC(=C2N1CC3=CC=C(C=C3)C4=CC=CC=C4C5=NNN=N5)C(=O)O,0,unreported_twosides_sampled,0.06104382500052452,0.06038958091096149,0.06038958091096149,fitted,platt_logistic_regression,0.42850215989437923,0,0.2280381253439443,0.6381192275398825,0.012594458438287154,no_interaction,1,False,0.5540540540540541,0.449438202247191,0.449438202247191,False,False,False
C1=CC(=CC=C1CCC2=CNC3=C2C(=O)N=C(N3)N)C(=O)NC(CCC(=O)O)C(=O)O,C1CN(CCN1CCCN2C(=O)N3C=CC=CC3=N2)C4=CC(=CC=C4)Cl,0,unreported_twosides_sampled,0.8630378842353821,0.7967194597382848,0.7967194597382848,fitted,platt_logistic_regression,0.42850215989437923,1,0.504916723624673,0.04114189756507137,0.4063811922753988,interaction,1,False,0.5,0.5522388059701493,0.5,False,False,False
C1CN(CCN1CCCN2C(=O)N3C=CC=CC3=N2)C4=CC(=CC=C4)Cl,CNS(=O)(=O)CC1=CC2=C(C=C1)NC=C2CCN(C)C,1,reported_twosides,0.24699260294437408,0.21582770027249973,0.21582770027249973,fitted,platt_logistic_regression,0.42850215989437923,0,0.5215762664439481,0.3963056255247691,0.04450041981528128,no_interaction,1,False,0.5522388059701493,0.6538461538461539,0.5522388059701493,False,False,False
C(C(C(C(C(CO)O)O)O)O)O,C1C(N(C2=C(N1)NC(=NC2=O)N)C=O)CNC3=CC=C(C=C3)C(=O)NC(CCC(=O)O)C(=O)O,1,reported_twosides,0.376566082239151,0.32269041504269524,0.32269041504269524,fitted,platt_logistic_regression,0.42850215989437923,0,0.6288808088995228,0.2989084802686818,0.07976490344248531,no_interaction,1,False,0.2,0.5256410256410257,0.2,False,False,True
C1CC(OC1CO)N2C=NC3=C2NC=NC3=O,CC1NC2=CC(=C(C=C2C(=O)N1C3=CC=CC=C3C)S(=O)(=O)N)Cl,0,unreported_twosides_sampled,0.25372689962387085,0.22133559969823988,0.22133559969823988,fitted,platt_logistic_regression,0.42850215989437923,0,0.5285931949539464,0.3895885810243493,0.04534005037783375,no_interaction,1,False,0.3492063492063492,0.36764705882352944,0.3492063492063492,False,False,True
C1C(C(C(C(C1N)OC2C(C(C(C(O2)CO)O)N)O)O)OC3C(CC(C(O3)CN)O)N)N,C1CN(CCN1CCOCCO)C(C2=CC=CC=C2)C3=CC=C(C=C3)Cl,1,reported_twosides,0.1675456315279007,0.15070581904320224,0.15070581904320224,fitted,platt_logistic_regression,0.42850215989437923,0,0.4239314511315119,0.47858942065491183,0.02938706968933669,no_interaction,1,False,0.7727272727272727,0.7446808510638298,0.7446808510638298,False,False,False
CCC1=C(CN(C1=O)C(=O)NCCC2=CC=C(C=C2)S(=O)(=O)NC(=O)NC3CCC(CC3)C)C,CNS(=O)(=O)CC1=CC2=C(C=C1)NC=C2CCN(C)C,0,unreported_twosides_sampled,0.0038765710778534412,0.005091184998479567,0.005091184998479567,fitted,platt_logistic_regression,0.42850215989437923,0,0.03196090529971274,0.8690176322418136,0.0025188916876574307,no_interaction,1,False,0.48,0.6538461538461539,0.48,False,False,False
C1=CC=C(C(=C1)C(C2=CC=C(C=C2)Cl)C(Cl)Cl)Cl,CCCCC1=NC(=C(N1CC2=CC=C(C=C2)C3=CC=CC=C3C4=NNN=N4)CO)Cl,0,unreported_twosides_sampled,0.4746938943862915,0.4062699894361172,0.4062699894361172,fitted,platt_logistic_regression,0.42850215989437923,0,0.6754721674061837,0.23005877413937867,0.10747271200671704,no_interaction|interaction,2,True,0.2765957446808511,0.5142857142857142,0.2765957446808511,False,False,True
CC1(OC2CC3C4CC(C5=CC(=O)C=CC5(C4C(CC3(C2(O1)C(=O)CO)C)O)C)F)C,CCCC1=NC(=C2N1NC(=NC2=O)C3=C(C=CC(=C3)S(=O)(=O)N4CCN(CC4)CC)OCC)C,0,unreported_twosides_sampled,0.12626788020133972,0.11642136356386126,0.11642136356386126,fitted,platt_logistic_regression,0.42850215989437923,0,0.3597336419412859,0.5398824517212426,0.0218303946263644,no_interaction,1,False,0.7076923076923077,0.5657894736842105,0.5657894736842105,False,False,False
C1=CC=C(C(=C1)CC(=O)[O-])NC2=C(C=CC=C2Cl)Cl,CCCCC1=NC(=C(N1CC2=CC=C(C=C2)C3=CC=CC=C3C4=NNN=N4)CO)Cl,1,reported_twosides,0.5263718366622925,0.45178273910703365,0.45178273910703365,fitted,platt_logistic_regression,0.42850215989437923,1,0.6884901382146307,0.19731318219983207,0.13602015113350127,no_interaction|interaction,2,True,0.3111111111111111,0.5142857142857142,0.3111111111111111,False,False,True
C(CN)CNCCSP(=O)(O)O,CCCCC1=NC(=C(N1CC2=CC=C(C=C2)C3=CC=CC=C3C4=NNN=N4)CO)Cl,0,unreported_twosides_sampled,0.5280172824859619,0.453252503633921,0.453252503633921,fitted,platt_logistic_regression,0.42850215989437923,1,0.6887701338107803,0.1964735516372796,0.13602015113350127,no_interaction|interaction,2,True,0.3333333333333333,0.5142857142857142,0.3333333333333333,False,False,True
C1CC(=O)NC(=O)C1N2C(=O)C3=CC=CC=C3C2=O,CC(C)(C)C1=CC=C(C=C1)S(=O)(=O)NC2=C(C(=NC(=N2)C3=NC=CC=N3)OCCO)OC4=CC=CC=C4OC,0,unreported_twosides_sampled,0.38850098848342896,0.3326946543409355,0.3326946543409355,fitted,platt_logistic_regression,0.42850215989437923,0,0.6360705516590137,0.29135180520570947,0.08228379513014274,no_interaction,1,False,0.5454545454545454,0.2878787878787879,0.2878787878787879,False,False,True
C1=CC=C(C(=C1)C(C2=CC=C(C=C2)Cl)C(Cl)Cl)Cl,CC(C1=CC(=CC(=C1)C(F)(F)F)C(F)(F)F)OC2C(N(CCO2)CC3=NC(=O)NN3)C4=CC=C(C=C4)F,0,unreported_twosides_sampled,0.33283212780952454,0.2863221504202215,0.2863221504202215,fitted,platt_logistic_regression,0.42850215989437923,0,0.5988256644924432,0.3240973971452561,0.06465155331654072,no_interaction,1,False,0.2765957446808511,0.2235294117647059,0.2235294117647059,False,False,True
C1C(N(C2=C(N1)NC(=NC2=O)N)C=O)CNC3=CC=C(C=C3)C(=O)NC(CCC(=O)O)C(=O)O,CCC1=C(CN(C1=O)C(=O)NCCC2=CC=C(C=C2)S(=O)(=O)NC(=O)NC3CCC(CC3)C)C,1,reported_twosides,0.849116325378418,0.7797659215931548,0.7797659215931548,fitted,platt_logistic_regression,0.42850215989437923,1,0.5272040669878848,0.04534005037783375,0.39126784214945426,interaction,1,False,0.5256410256410257,0.48,0.48,False,False,False
CCC(C)C(=O)OC1CC(C=C2C1C(C(C=C2)C)CCC(CC(CC(=O)O)O)O)O,CCOC1=NC2=CC=CC(=C2N1CC3=CC=C(C=C3)C4=CC=CC=C4C5=NNN=N5)C(=O)O,1,reported_twosides,0.9996795654296875,0.9990346887916081,0.9990346887916081,fitted,platt_logistic_regression,0.42850215989437923,1,0.007667058796502156,0.0008396305625524769,0.9303106633081444,interaction,1,False,0.5466666666666666,0.449438202247191,0.449438202247191,False,False,False
CC1(C(N2C(S1)C(C2=O)NC(=O)C(C3=CC=CC=C3)N)C(=O)[O-])C,CCCCC1=NC(=C(N1CC2=CC=C(C=C2)C3=CC=CC=C3C4=NNN=N4)CO)Cl,0,unreported_twosides_sampled,0.8527399897575378,0.7841432229872501,0.7841432229872501,fitted,platt_logistic_regression,0.42850215989437923,1,0.5216137772550868,0.04450041981528128,0.3963056255247691,interaction,1,False,0.7090909090909091,0.5142857142857142,0.5142857142857142,False,False,False
CCC(CO)NCCNC(CC)CO,CN(C)CCC=C1C2=CC=CC=C2C=CC3=CC=CC=C31,0,unreported_twosides_sampled,0.08612268418073654,0.08233729993412645,0.08233729993412645,fitted,platt_logistic_regression,0.42850215989437923,0,0.28444108198313267,0.6020151133501259,0.017632241813602016,no_interaction,1,False,0.21951219512195122,0.6285714285714286,0.21951219512195122,False,False,True
CCC(C)C(=O)OC1CC(C=C2C1C(C(C=C2)C)CCC(CC(CC(=O)O)O)O)O,CCCC1=NC(=C2N1NC(=NC2=O)C3=C(C=CC(=C3)S(=O)(=O)N4CCN(CC4)CC)OCC)C,1,reported_twosides,0.8947076201438904,0.8368024602351747,0.8368024602351747,fitted,platt_logistic_regression,0.42850215989437923,1,0.4449342959350208,0.031066330814441646,0.4626364399664148,interaction,1,False,0.5466666666666666,0.5657894736842105,0.5466666666666666,False,False,False
CCC1=C2CN3C(=CC4=C(C3=O)COC(=O)C4(CC)O)C2=NC5=C1C=C(C=C5)OC(=O)N6CCC(CC6)N7CCCCC7,CN(C)NN=C1C(=NC=N1)C(=O)N,0,unreported_twosides_sampled,0.09064390510320663,0.08622958037652079,0.08622958037652079,fitted,platt_logistic_regression,0.42850215989437923,0,0.29372654357522027,0.5969773299748111,0.018471872376154493,no_interaction,1,False,0.5164835164835165,0.24390243902439024,0.24390243902439024,False,False,True
CC(C)C(CC1=CC(=C(C=C1)OC)OCCCOC)CC(C(CC(C(C)C)C(=O)NCC(C)(C)C(=O)N)O)N,CCC(C)C(=O)OC1CC(C=C2C1C(C(C=C2)C)CCC(CC(CC(=O)O)O)O)O,1,reported_twosides,0.8484611511230469,0.7789770773335981,0.7789770773335981,fitted,platt_logistic_regression,0.42850215989437923,1,0.5281995947706969,0.04534005037783375,0.39126784214945426,interaction,1,False,0.28735632183908044,0.5466666666666666,0.28735632183908044,False,False,True
C1C(C(C(C(C1N)OC2C(C(C(C(O2)CO)O)N)O)O)OC3C(CC(C(O3)CN)O)N)N,CNS(=O)(=O)CC1=CC2=C(C=C1)NC=C2CCN(C)C,0,unreported_twosides_sampled,0.007601853925734758,0.009316983119270214,0.009316983119270214,fitted,platt_logistic_regression,0.42850215989437923,0,0.052838878792977224,0.836272040302267,0.0033585222502099076,no_interaction,1,False,0.7727272727272727,0.6538461538461539,0.6538461538461539,False,False,False
CC(=O)CCCCN1C(=O)C2=C(N=CN2C)N(C1=O)C,CCOC1=NC2=CC=CC(=C2N1CC3=CC=C(C=C3)C4=CC=CC=C4C5=NNN=N5)C(=O)O,1,reported_twosides,0.41425269842147827,0.35441740402651684,0.35441740402651684,fitted,platt_logistic_regression,0.42850215989437923,0,0.6501383810280947,0.26700251889168763,0.08480268681780016,no_interaction,1,False,0.2916666666666667,0.449438202247191,0.2916666666666667,False,False,True
C(C(C(C(C(CO)O)O)O)O)O,C(CN)CNCCSP(=O)(O)O,1,reported_twosides,0.4321345388889313,0.36962282331649327,0.36962282331649327,fitted,platt_logistic_regression,0.42850215989437923,0,0.6587546357146814,0.25356842989084805,0.09319899244332494,no_interaction,1,False,0.2,0.3333333333333333,0.2,False,False,True
C1CC(=O)NC(=O)C1N2C(=O)C3=CC=CC=C3C2=O,CC1(C(N2C(S1)C(C2=O)NC(=O)C(C3=CC=CC=C3)N)C(=O)[O-])C,0,unreported_twosides_sampled,0.21770113706588745,0.19187215919207584,0.19187215919207584,fitted,platt_logistic_regression,0.42850215989437923,0,0.48892625581858407,0.41981528127623846,0.03526448362720403,no_interaction,1,False,0.5454545454545454,0.7090909090909091,0.5454545454545454,False,False,False
CC1=C(N2C(C(C2=O)NC(=O)C(C3=CC=CC=C3)N)SC1)C(=O)O,CCOC1=NC2=CC=CC(=C2N1CC3=CC=C(C=C3)C4=CC=CC=C4C5=NNN=N5)C(=O)O,1,reported_twosides,0.11119764298200607,0.10373898274166782,0.10373898274166782,fitted,platt_logistic_regression,0.42850215989437923,0,0.3332215360183361,0.5608732157850546,0.019311502938706968,no_interaction,1,False,0.8431372549019608,0.449438202247191,0.449438202247191,False,False,False
CCC(C)C(=O)OC1CC(C=C2C1C(C(C=C2)C)CCC(CC(CC(=O)O)O)O)O,CN(C)CCCN1C2=CC=CC=C2CCC3=C1C=C(C=C3)Cl,1,reported_twosides,0.0400615930557251,0.041367323834927625,0.041367323834927625,fitted,platt_logistic_regression,0.42850215989437923,0,0.1722654944276574,0.6784214945424013,0.010075566750629723,no_interaction,1,False,0.5466666666666666,0.7631578947368421,0.5466666666666666,False,False,False
CCC(CO)NCCNC(CC)CO,CN1CCN(CC1)C2=C3C=CC=CC3=NC4=C(N2)C=C(C=C4)Cl,0,unreported_twosides_sampled,0.07245572656393051,0.07046044944002455,0.07046044944002455,fitted,platt_logistic_regression,0.42850215989437923,0,0.25482836150313615,0.6188077246011755,0.01595298068849706,no_interaction,1,False,0.21951219512195122,0.5,0.21951219512195122,False,False,True
C1CC(OC1CO)N2C=NC3=C2NC=NC3=O,CC(CC1=CC=CC=C1)N(C)CC#C,0,unreported_twosides_sampled,0.07128914445638657,0.06943798478333084,0.06943798478333084,fitted,platt_logistic_regression,0.42850215989437923,0,0.252182756152762,0.6188077246011755,0.015113350125944584,no_interaction,1,False,0.3492063492063492,0.42424242424242425,0.3492063492063492,False,False,True
CC1=CN(C(=O)NC1=O)C2C=CC(O2)CO,CN(C)CCC=C1C2=CC=CC=C2C=CC3=CC=CC=C31,1,reported_twosides,0.626675009727478,0.5441708591362752,0.5441708591362752,fitted,platt_logistic_regression,0.42850215989437923,1,0.6892399595169234,0.13685978169605373,0.1964735516372796,no_interaction|interaction,2,True,0.5652173913043478,0.6285714285714286,0.5652173913043478,False,False,False
CCC(C)C(=O)OC1CC(C=C2C1C(C(C=C2)C)CCC(CC(CC(=O)O)O)O)O,CN(C)CCC=C1C2=CC=CC=C2C=CC3=CC=CC=C31,1,reported_twosides,0.8446542620658875,0.7744089409318581,0.7744089409318581,fitted,platt_logistic_regression,0.42850215989437923,1,0.5338938394020081,0.04534005037783375,0.38455079764903444,interaction,1,False,0.5466666666666666,0.6285714285714286,0.5466666666666666,False,False,False
CC(C)(C)C1=CC=C(C=C1)S(=O)(=O)NC2=C(C(=NC(=N2)C3=NC=CC=N3)OCCO)OC4=CC=CC=C4OC,CN1CCC23C4C(=O)CCC2(C1CC5=C3C(=C(C=C5)OC)O4)O,1,reported_twosides,0.10513366013765335,0.09860157249227328,0.09860157249227328,fitted,platt_logistic_regression,0.42850215989437923,0,0.32199940432168583,0.5717884130982368,0.019311502938706968,no_interaction,1,False,0.2878787878787879,0.609375,0.2878787878787879,False,False,True
C1=CC=C(C(=C1)C(C2=CC=C(C=C2)Cl)C(Cl)Cl)Cl,CN(C)CCC=C1C2=CC=CC=C2C=CC3=CC=CC=C31,0,unreported_twosides_sampled,0.5810106992721558,0.5013613156544334,0.5013613156544334,fitted,platt_logistic_regression,0.42850215989437923,1,0.6931434741947442,0.1704450041981528,0.17296389588581024,no_interaction|interaction,2,True,0.2765957446808511,0.6285714285714286,0.2765957446808511,False,False,True
CN(C)CC(C1=CC=C(C=C1)O)C2(CCCCC2)O,CN1CCC23C4C(=O)CCC2(C1CC5=C3C(=C(C=C5)OC)O4)O,1,reported_twosides,0.6798849105834961,0.595939793814098,0.595939793814098,fitted,platt_logistic_regression,0.42850215989437923,1,0.6746236329057,0.10663308144416457,0.23089840470193115,no_interaction|interaction,2,True,0.717948717948718,0.609375,0.609375,False,False,False
C1C(C(C(C(C1N)OC2C(C(C(C(O2)CO)O)N)O)O)OC3C(CC(C(O3)CN)O)N)N,C1CN(CCN1CCCN2C(=O)N3C=CC=CC3=N2)C4=CC(=CC=C4)Cl,0,unreported_twosides_sampled,0.009064961224794388,0.010910731693701315,0.010910731693701315,fitted,platt_logistic_regression,0.42850215989437923,0,0.06014576960211904,0.8203190596137699,0.0033585222502099076,no_interaction,1,False,0.7727272727272727,0.5522388059701493,0.5522388059701493,False,False,False
CC1(OC2CC3C4CC(C5=CC(=O)C=CC5(C4(C(CC3(C2(O1)C(=O)CO)C)O)F)C)F)C,CNC1CCC(C2=CC=CC=C12)C3=CC(=C(C=C3)Cl)Cl,0,unreported_twosides_sampled,0.1394711136817932,0.12744915974735108,0.12744915974735108,fitted,platt_logistic_regression,0.42850215989437923,0,0.3815087368680083,0.5197313182199832,0.023509655751469353,no_interaction,1,False,0.5540540540540541,0.2641509433962264,0.2641509433962264,False,False,True
C(C(C(C(C(CO)O)O)O)O)O,CCCC1=NC(=C2N1NC(=NC2=O)C3=C(C=CC(=C3)S(=O)(=O)N4CCN(CC4)CC)OCC)C,0,unreported_twosides_sampled,0.4164581298828125,0.3562871181464163,0.3562871181464163,fitted,platt_logistic_regression,0.42850215989437923,0,0.6512519738714477,0.26448362720403024,0.08648194794290512,no_interaction,1,False,0.2,0.5657894736842105,0.2,False,False,True
CC(=O)CCCCN1C(=O)C2=C(N=CN2C)N(C1=O)C,CNC1CCC(C2=CC=CC=C12)C3=CC(=C(C=C3)Cl)Cl,1,reported_twosides,0.0672399178147316,0.0658770823442285,0.0658770823442285,fitted,platt_logistic_regression,0.42850215989437923,0,0.24284124021235237,0.6288832913518052,0.015113350125944584,no_interaction,1,False,0.2916666666666667,0.2641509433962264,0.2641509433962264,False,False,True
CC(C)(C)C1=CC=C(C=C1)S(=O)(=O)NC2=C(C(=NC(=N2)C3=NC=CC=N3)OCCO)OC4=CC=CC=C4OC,CCCC1=NC(=C2N1NC(=NC2=O)C3=C(C=CC(=C3)S(=O)(=O)N4CCN(CC4)CC)OCC)C,0,unreported_twosides_sampled,0.78153395652771,0.7020630606367808,0.7020630606367808,fitted,platt_logistic_regression,0.42850215989437923,1,0.6091061280016143,0.0688497061293031,0.31821998320738876,interaction,1,False,0.2878787878787879,0.5657894736842105,0.2878787878787879,False,False,True
C1CN(CCN1CCCN2C(=O)N3C=CC=CC3=N2)C4=CC(=CC=C4)Cl,CCC(CO)NCCNC(CC)CO,0,unreported_twosides_sampled,0.008646816946566105,0.010458176101227843,0.010458176101227843,fitted,platt_logistic_regression,0.42850215989437923,0,0.05809646287641659,0.8236775818639799,0.0033585222502099076,no_interaction,1,False,0.5522388059701493,0.21951219512195122,0.21951219512195122,False,False,True
CN(C)CC(C1=CC=C(C=C1)O)C2(CCCCC2)O,C[N+]1(CCCC1)CC2=C(N3C(C(C3=O)NC(=O)C(=NOC)C4=CSC(=N4)N)SC2)C(=O)[O-],0,unreported_twosides_sampled,0.48901230096817017,0.418760471779399,0.418760471779399,fitted,platt_logistic_regression,0.42850215989437923,0,0.6798887590117111,0.22334172963895885,0.11670864819479429,no_interaction|interaction,2,True,0.717948717948718,0.7631578947368421,0.717948717948718,False,False,False
CCC1=C2CN3C(=CC4=C(C3=O)COC(=O)C4(CC)O)C2=NC5=C1C=C(C=C5)OC(=O)N6CCC(CC6)N7CCCCC7,CN(C)CC(C1=CC=C(C=C1)O)C2(CCCCC2)O,0,unreported_twosides_sampled,0.5608961582183838,0.48291690052208175,0.48291690052208175,fitted,platt_logistic_regression,0.42850215989437923,1,0.692563402376566,0.17800167926112512,0.15785054575986565,no_interaction|interaction,2,True,0.5164835164835165,0.717948717948718,0.5164835164835165,False,False,False
C1=CC=C(C(=C1)CC(=O)[O-])NC2=C(C=CC=C2Cl)Cl,CC(C)(C)C1=CC=C(C=C1)S(=O)(=O)NC2=C(C(=NC(=N2)C3=NC=CC=N3)OCCO)OC4=CC=CC=C4OC,0,unreported_twosides_sampled,0.2258247435092926,0.19851759426437474,0.19851759426437474,fitted,platt_logistic_regression,0.42850215989437923,0,0.49834049277844217,0.40890008396305627,0.038623005877413935,no_interaction,1,False,0.3111111111111111,0.2878787878787879,0.2878787878787879,False,False,True
C1=CC(=C2C(=C1NCCNCCO)C(=O)C3=C(C=CC(=C3C2=O)O)O)NCCNCCO,CC(C)C(CC1=CC(=C(C=C1)OC)OCCCOC)CC(C(CC(C(C)C)C(=O)NCC(C)(C)C(=O)N)O)N,0,unreported_twosides_sampled,0.3467599153518677,0.2978592257707062,0.2978592257707062,fitted,platt_logistic_regression,0.42850215989437923,0,0.6090395020285071,0.31821998320738876,0.0688497061293031,no_interaction,1,False,0.23529411764705882,0.28735632183908044,0.23529411764705882,False,False,True
C1=CC(=CC=C1CCC2=CNC3=C2C(=O)N=C(N3)N)C(=O)NC(CCC(=O)O)C(=O)O,CCOC1=NC2=CC=CC(=C2N1CC3=CC=C(C=C3)C4=CC=CC=C4C5=NNN=N5)C(=O)O,1,reported_twosides,0.9961559176445007,0.9910402688191509,0.9910402688191509,fitted,platt_logistic_regression,0.42850215989437923,1,0.05116473977581718,0.0033585222502099076,0.837951301427372,interaction,1,False,0.5,0.449438202247191,0.449438202247191,False,False,False
C1C(N(C2=C(N1)NC(=NC2=O)N)C=O)CNC3=CC=C(C=C3)C(=O)NC(CCC(=O)O)C(=O)O,C[N+]1(CCCC1)CC2=C(N3C(C(C3=O)NC(=O)C(=NOC)C4=CSC(=N4)N)SC2)C(=O)[O-],1,reported_twosides,0.12843643128871918,0.11823747827420852,0.11823747827420852,fitted,platt_logistic_regression,0.42850215989437923,0,0.3633985184315859,0.5331654072208228,0.0218303946263644,no_interaction,1,False,0.5256410256410257,0.7631578947368421,0.5256410256410257,False,False,False
CC(C1=CC(=CC(=C1)C(F)(F)F)C(F)(F)F)OC2C(N(CCO2)CC3=NC(=O)NN3)C4=CC=C(C=C4)F,CN1CCC23C4C(=O)CCC2(C1CC5=C3C(=C(C=C5)OC)O4)O,1,reported_twosides,0.16075481474399567,0.14510001891926444,0.14510001891926444,fitted,platt_logistic_regression,0.42850215989437923,0,0.4141145603943345,0.4920235096557515,0.027707808564231738,no_interaction,1,False,0.2235294117647059,0.609375,0.2235294117647059,False,False,True
CC(C)(C)C1=CC=C(C=C1)S(=O)(=O)NC2=C(C(=NC(=N2)C3=NC=CC=N3)OCCO)OC4=CC=CC=C4OC,CN(C)NN=C1C(=NC=N1)C(=O)N,0,unreported_twosides_sampled,0.2365211546421051,0.2072648495811894,0.2072648495811894,fitted,platt_logistic_regression,0.42850215989437923,0,0.5103101810715094,0.40470193115029385,0.041981528127623846,no_interaction,1,False,0.2878787878787879,0.24390243902439024,0.24390243902439024,False,False,True
C1=NC2=C(N1COC(CO)CO)NC(=NC2=O)N,CCCC1=NC(=C2N1NC(=NC2=O)C3=C(C=CC(=C3)S(=O)(=O)N4CCN(CC4)CC)OCC)C,0,unreported_twosides_sampled,0.1619097888469696,0.14605421816279215,0.14605421816279215,fitted,platt_logistic_regression,0.42850215989437923,0,0.41580322780344625,0.4903442485306465,0.027707808564231738,no_interaction,1,False,0.7307692307692307,0.5657894736842105,0.5657894736842105,False,False,False
CC1(OC2CC3C4CC(C5=CC(=O)C=CC5(C4C(CC3(C2(O1)C(=O)CO)C)O)C)F)C,CN(C)CCCN1C2=CC=CC=C2CCC3=C1C=C(C=C3)Cl,0,unreported_twosides_sampled,0.019290314987301826,0.021477574625861796,0.021477574625861796,fitted,platt_logistic_regression,0.42850215989437923,0,0.10373516964375956,0.7598656591099916,0.0033585222502099076,no_interaction,1,False,0.7076923076923077,0.7631578947368421,0.7076923076923077,False,False,False
C(C(C(C(C(CO)O)O)O)O)O,CNC1CCC(C2=CC=CC=C12)C3=CC(=C(C=C3)Cl)Cl,0,unreported_twosides_sampled,0.07022570073604584,0.06850460555573504,0.06850460555573504,fitted,platt_logistic_regression,0.42850215989437923,0,0.249753536568774,0.6213266162888329,0.015113350125944584,no_interaction,1,False,0.2,0.2641509433962264,0.2,False,False,True
C1=NC2=C(N1COC(CO)CO)NC(=NC2=O)N,CC1C(C(=O)N1S(=O)(=O)O)NC(=O)C(=NOC(C)(C)C(=O)O)C2=CSC(=N2)N,0,unreported_twosides_sampled,0.07708188891410828,0.07450091246515124,0.07450091246515124,fitted,platt_logistic_regression,0.42850215989437923,0,0.2651288039442269,0.6129303106633082,0.016792611251049538,no_interaction,1,False,0.7307692307692307,0.4444444444444444,0.4444444444444444,False,False,False
CC(C)(C(=O)O)ON=C(C1=CSC(=N1)N)C(=O)NC2C3N(C2=O)C(=C(CS3)C[N+]4=CC=CC=C4)C(=O)[O-],CC1=CN(C(=O)NC1=O)C2C=CC(O2)CO,1,reported_twosides,0.2224571853876114,0.19576311955161704,0.19576311955161704,fitted,platt_logistic_regression,0.42850215989437923,0,0.49447246215202156,0.41225860621326615,0.037783375314861464,no_interaction,1,False,0.6428571428571429,0.5652173913043478,0.5652173913043478,False,False,False
C1=CC=C(C(=C1)CC(=O)[O-])NC2=C(C=CC=C2Cl)Cl,CCC1=C2CN3C(=CC4=C(C3=O)COC(=O)C4(CC)O)C2=NC5=C1C=C(C=C5)OC(=O)N6CCC(CC6)N7CCCCC7,1,reported_twosides,0.0203989390283823,0.022581165395027525,0.022581165395027525,fitted,platt_logistic_regression,0.42850215989437923,0,0.10792131854821259,0.7531486146095718,0.0033585222502099076,no_interaction,1,False,0.3111111111111111,0.5164835164835165,0.3111111111111111,False,False,True
C1=CC=C(C(=C1)C(C2=CC=C(C=C2)Cl)C(Cl)Cl)Cl,C1CC(=O)NC(=O)C1N2C(=O)C3=CC=CC=C3C2=O,0,unreported_twosides_sampled,0.22486937046051025,0.1977361915738433,0.1977361915738433,fitted,platt_logistic_regression,0.42850215989437923,0,0.49724805799441707,0.41141897565071367,0.037783375314861464,no_interaction,1,False,0.2765957446808511,0.5454545454545454,0.2765957446808511,False,False,True
C1CN(CCN1CCCN2C(=O)N3C=CC=CC3=N2)C4=CC(=CC=C4)Cl,CC1=C(N2C(C(C2=O)NC(=O)C(C3=CC=CC=C3)N)SC1)C(=O)O,1,reported_twosides,0.3092358112335205,0.2668556974957482,0.2668556974957482,fitted,platt_logistic_regression,0.42850215989437923,0,0.5801063038289666,0.34005037783375314,0.05961376994122586,no_interaction,1,False,0.5522388059701493,0.8431372549019608,0.5522388059701493,False,False,False
CNS(=O)(=O)CC1=CC2=C(C=C1)NC=C2CCN(C)C,C[N+]1(CCCC1)CC2=C(N3C(C(C3=O)NC(=O)C(=NOC)C4=CSC(=N4)N)SC2)C(=O)[O-],0,unreported_twosides_sampled,0.004364996682852507,0.00566337994141936,0.00566337994141936,fitted,platt_logistic_regression,0.42850215989437923,0,0.03494813628046483,0.8639798488664987,0.0025188916876574307,no_interaction,1,False,0.6538461538461539,0.7631578947368421,0.6538461538461539,False,False,False
