dataset_row_index,source,target,label,source_graph_status,target_graph_status
40,C1CCC(CC1)(CC(=O)O)CN,[Li+].[AlH4-],1.0,graph_compatible,counterion_or_inorganic_only_structure
75,CC(C)NCC(COC1=CC=C(C=C1)COCCOC(C)C)O,[Ca+2],1.0,graph_compatible,counterion_or_inorganic_only_structure
115,CC(=O)CC(C1=CC=CC=C1)C2=C(OC3=CC=CC=C3C2=O)O,[Na+].[Cl-],1.0,graph_compatible,counterion_or_inorganic_only_structure
153,C1CCN(CC1)C2=NC(=N)N(C(=C2)N)O,[Na+].[Cl-],1.0,graph_compatible,counterion_or_inorganic_only_structure
176,C1=CC(=C(C(=C1)Cl)Cl)C2=C(N=C(N=N2)N)N,[Na+].[Cl-],1.0,graph_compatible,counterion_or_inorganic_only_structure
238,C1CC(CCC1C2=CC=C(C=C2)Cl)C3=C(C4=CC=CC=C4C(=O)C3=O)O,[Ca+2],1.0,graph_compatible,counterion_or_inorganic_only_structure
256,CCCCNC1=C(C(=CC(=C1)C(=O)O)S(=O)(=O)N)OC2=CC=CC=C2,[Na+].[Cl-],1.0,graph_compatible,counterion_or_inorganic_only_structure
277,CCC1(CC2CC(C3=C(CCN(C2)C1)C4=CC=CC=C4N3)(C5=C(C=C6C(=C5)C78CCN9C7C(C=CC9)(C(C(C8N6C=O)(C(=O)OC)O)OC(=O)C)CC)OC)C(=O)OC)O,[Na+].[Cl-],1.0,graph_compatible,counterion_or_inorganic_only_structure
429,C1C(=NC(=O)N1N=CC2=CC=C(O2)C3=CC=C(C=C3)[N+](=O)[O-])[O-],[Na+].[Cl-],1.0,graph_compatible,counterion_or_inorganic_only_structure
453,CN1CCN(CC1)C2=C3C=CC=CC3=NC4=C(N2)C=C(C=C4)Cl,[Na+].[Cl-],1.0,graph_compatible,counterion_or_inorganic_only_structure
527,CCN(CC)CCNC(=O)C1=CC(=C(C=C1OC)N)Cl,[Ca+2],1.0,graph_compatible,counterion_or_inorganic_only_structure
541,COC1=CC=CC=C1OCCNCC(COC2=CC=CC3=C2C4=CC=CC=C4N3)O,[Li+].[AlH4-],1.0,graph_compatible,counterion_or_inorganic_only_structure
648,CC1=NN=C2N1C3=C(C=C(C=C3)Cl)C(=NC2)C4=CC=CC=C4,[Ca+2],1.0,graph_compatible,counterion_or_inorganic_only_structure
665,CC12CCC3C(C1CCC2(C#C)O)CCC4=CC(=O)CCC34,[Cl-].[K+],1.0,graph_compatible,counterion_or_inorganic_only_structure
692,CN1C(=NC(=O)C(=N1)[O-])SCC2=C(N3C(C(C3=O)NC(=O)C(=NOC)C4=CSC(=N4)N)SC2)C(=O)[O-],[Na+].[Cl-],1.0,graph_compatible,counterion_or_inorganic_only_structure
739,CC(C)(C1=CC=C(C=C1)C(CCCN2CCC(CC2)C(C3=CC=CC=C3)(C4=CC=CC=C4)O)O)C(=O)O,[Ca+2],1.0,graph_compatible,counterion_or_inorganic_only_structure
743,CCC(=O)N(C1CCN(CC1)CCC2=CC=CC=C2)C3=CC=CC=C3,[Ca+2],1.0,graph_compatible,counterion_or_inorganic_only_structure
749,CN1C2=C(C(=O)N(C1=O)C)NC=N2.CN1C2=C(C(=O)N(C1=O)C)NC=N2.C(CN)N,[Na+].[Cl-],1.0,graph_compatible,counterion_or_inorganic_only_structure
791,CN(C)CCCN1C2=CC=CC=C2CCC3=CC=CC=C31,[Li+].[AlH4-],1.0,graph_compatible,counterion_or_inorganic_only_structure
815,CC(C)OC(=O)OCOP(=O)(COC(C)CN1C=NC2=C(N=CN=C21)N)OCOC(=O)OC(C)C,[Cl-].[K+],1.0,graph_compatible,counterion_or_inorganic_only_structure
925,CN1C2CCC1CC(C2)OC(=O)C(CO)C3=CC=CC=C3,O.O.O.O.O.O.[Cl-].[Cl-].[Ca+2],1.0,graph_compatible,counterion_or_inorganic_only_structure
957,C1C(=O)NC2=C(C=C(C=C2)[N+](=O)[O-])C(=N1)C3=CC=CC=C3Cl,[Cl-].[K+],1.0,graph_compatible,counterion_or_inorganic_only_structure
998,C1=CC(=C(C=C1F)F)C(CN2C=NC=N2)(CN3C=NC=N3)O,[Na+].[Cl-],1.0,graph_compatible,counterion_or_inorganic_only_structure
1009,C1=CC(=CN=C1)C(=O)[O-],[Ca+2],1.0,graph_compatible,counterion_or_inorganic_only_structure
1085,CC(C)(C1=CC=C(C=C1)C(CCCN2CCC(CC2)C(C3=CC=CC=C3)(C4=CC=CC=C4)O)O)C(=O)O,[Li+].[AlH4-],1.0,graph_compatible,counterion_or_inorganic_only_structure
1092,CN(C)CCCN1C2=CC=CC=C2CCC3=CC=CC=C31,[Cl-].[K+],1.0,graph_compatible,counterion_or_inorganic_only_structure
1096,C1CCC(C(C1)[NH-])[NH-].C(=O)(C(=O)O)O.[Pt+2],O.O.O.O.O.O.[Cl-].[Cl-].[Ca+2],1.0,graph_compatible,counterion_or_inorganic_only_structure
1104,C1C2=NN=CN2C3=C(C=C(C=C3)Cl)C(=N1)C4=CC=CC=C4,[Li+].[AlH4-],1.0,graph_compatible,counterion_or_inorganic_only_structure
1138,COC(=O)C(C1=CC=CC=C1Cl)N2CCC3=C(C2)C=CS3,[Na+].[Cl-],1.0,graph_compatible,counterion_or_inorganic_only_structure
1154,CC1=NN=C2N1C3=C(C=C(C=C3)Cl)C(=NC2)C4=CC=CC=C4,[Cl-].[K+],1.0,graph_compatible,counterion_or_inorganic_only_structure
1169,C1CC(=O)NC2=C1C=CC(=C2)OCCCCN3CCN(CC3)C4=C(C(=CC=C4)Cl)Cl,[Cl-].[K+],1.0,graph_compatible,counterion_or_inorganic_only_structure
1218,C(C1C(C(C(C(O1)OC2(C(C(C(O2)OS(=O)(=O)O)OS(=O)(=O)O)OS(=O)(=O)O)COS(=O)(=O)O)OS(=O)(=O)O)OS(=O)(=O)O)OS(=O)(=O)O)OS(=O)(=O)O.O.O.O.O.O.O.O.O.O.O.O.O.O.O.O.O.O.O.O.O.[Al].[Al].[Al].[Al].[Al].[Al].[Al].[Al].[Al],[Cl-].[K+],1.0,graph_compatible,counterion_or_inorganic_only_structure
1269,CC(=O)SC1CC2=CC(=O)CCC2(C3C1C4CCC5(C4(CC3)C)CCC(=O)O5)C,[Na+].[Cl-],1.0,graph_compatible,counterion_or_inorganic_only_structure
1334,C1CC(=O)NC(=O)C1N2CC3=C(C2=O)C=CC=C3N,[Na+].[Cl-],1.0,graph_compatible,counterion_or_inorganic_only_structure
1368,CC1=C2C(C(=O)C3(C(CC4C(C3C(C(C2(C)C)(CC1OC(=O)C(C(C5=CC=CC=C5)NC(=O)C6=CC=CC=C6)O)O)OC(=O)C7=CC=CC=C7)(CO4)OC(=O)C)O)C)OC(=O)C,[Na+].[Cl-],1.0,graph_compatible,counterion_or_inorganic_only_structure
1449,CN1CCC23C4C1CC5=C2C(=C(C=C5)O)OC3C(=O)CC4,O.O.O.O.O.O.[Cl-].[Cl-].[Ca+2],1.0,graph_compatible,counterion_or_inorganic_only_structure
1471,CCC(C)C(=O)OC1CC(C=C2C1C(C(C=C2)C)CCC3CC(CC(=O)O3)O)C,[Ca+2],1.0,graph_compatible,counterion_or_inorganic_only_structure
1474,CCCCC1=NC(=C(N1CC2=CC=C(C=C2)C3=CC=CC=C3C4=NNN=N4)CO)Cl,[Ca+2],1.0,graph_compatible,counterion_or_inorganic_only_structure
1531,C1=NC(=NN1C2C(C(C(O2)CO)O)O)C(=O)N,[Ca+2],1.0,graph_compatible,counterion_or_inorganic_only_structure
1565,CCC(C)C(=O)OC1CC(C=C2C1C(C(C=C2)C)CCC(CC(CC(=O)O)O)O)O,[Li+].[AlH4-],1.0,graph_compatible,counterion_or_inorganic_only_structure
1568,CN(C)CCCC1(C2=C(CO1)C=C(C=C2)C#N)C3=CC=C(C=C3)F,[Ca+2],1.0,graph_compatible,counterion_or_inorganic_only_structure
1573,C(C1C(C(C(C(O1)OC2(C(C(C(O2)OS(=O)(=O)O)OS(=O)(=O)O)OS(=O)(=O)O)COS(=O)(=O)O)OS(=O)(=O)O)OS(=O)(=O)O)OS(=O)(=O)O)OS(=O)(=O)O.O.O.O.O.O.O.O.O.O.O.O.O.O.O.O.O.O.O.O.O.[Al].[Al].[Al].[Al].[Al].[Al].[Al].[Al].[Al],O.O.O.O.O.O.[Cl-].[Cl-].[Ca+2],1.0,graph_compatible,counterion_or_inorganic_only_structure
1615,CCCCC1=NC2(CCCC2)C(=O)N1CC3=CC=C(C=C3)C4=CC=CC=C4C5=NNN=N5,[Li+].[AlH4-],1.0,graph_compatible,counterion_or_inorganic_only_structure
1660,CC1=CC(=NC(=N1)OC(C(=O)O)C(C2=CC=CC=C2)(C3=CC=CC=C3)OC)C,[Cl-].[K+],1.0,graph_compatible,counterion_or_inorganic_only_structure
1674,CC(=O)OC1C(SC2=CC=CC=C2N(C1=O)CC[NH+](C)C)C3=CC=C(C=C3)OC,O.O.O.O.O.O.[Cl-].[Cl-].[Ca+2],1.0,graph_compatible,counterion_or_inorganic_only_structure
1696,CC1=CN=C(S1)NC(=C2C(=O)C3=CC=CC=C3S(=O)(=O)N2C)O,O.O.O.O.O.O.[Cl-].[Cl-].[Ca+2],1.0,graph_compatible,counterion_or_inorganic_only_structure
1703,CCC(C)C1C(=O)NC(C(=O)NC(C(=O)NC(CSSCC(C(=O)NC(C(=O)N1)CC2=CC=C(C=C2)O)N)C(=O)N3CCCC3C(=O)NC(CC(C)C)C(=O)NCC(=O)N)CC(=O)N)CCC(=O)N,[Na+].[Cl-],1.0,graph_compatible,counterion_or_inorganic_only_structure
1704,CN1CCN(CC1)C2=C3C=CC=CC3=NC4=C(N2)C=C(C=C4)Cl,[Cl-].[K+],1.0,graph_compatible,counterion_or_inorganic_only_structure
1762,C(N)(N)(Cl)Cl,[Cl-].[K+],1.0,graph_compatible,counterion_or_inorganic_only_structure
1775,CC(CCC(=O)O)C1CCC2C1(CCC3C2C(CC4C3(CCC(C4)O)C)O)C,[Cl-].[K+],1.0,graph_compatible,counterion_or_inorganic_only_structure
1776,CC(C)C(C(=O)OCCOCN1C=NC2=C1NC(=NC2=O)N)N,[Cl-].[K+],1.0,graph_compatible,counterion_or_inorganic_only_structure
1789,CN(C)CCC=C1C2=CC=CC=C2COC3=CC=CC=C31,O.O.O.O.O.O.[Cl-].[Cl-].[Ca+2],1.0,graph_compatible,counterion_or_inorganic_only_structure
1807,B(C(CC(C)C)NC(=O)C(CC1=CC=CC=C1)NC(=O)C2=NC=CN=C2)(O)O,[O-2].[O-2].[O-2].[As+3].[As+3],1.0,graph_compatible,counterion_or_inorganic_only_structure
1968,O.O.O.O.O.O.[Cl-].[Cl-].[Ca+2],[Ca+2],1.0,counterion_or_inorganic_only_structure,counterion_or_inorganic_only_structure
2048,CC1=C(C(=CC=C1)C(C)C2=CN=CN2)C,[Cl-].[K+],1.0,graph_compatible,counterion_or_inorganic_only_structure
2086,CC1(C(N2C(S1)C(C2=O)NC(=O)C(C3=CC=CC=C3)N)C(=O)[O-])C,[Cl-].[K+],1.0,graph_compatible,counterion_or_inorganic_only_structure
2106,COC1=CC2=C(C=CN=C2C=C1)C(C3CC4CCN3CC4C=C)O,O.O.O.O.O.O.[Cl-].[Cl-].[Ca+2],1.0,graph_compatible,counterion_or_inorganic_only_structure
2133,CC12CC(=O)C3C(C1CCC2(C(=O)CO)O)CCC4=CC(=O)C=CC34C,[Li+].[AlH4-],1.0,graph_compatible,counterion_or_inorganic_only_structure
2161,CC(C1=CC(=CC(=C1)C(F)(F)F)C(F)(F)F)OC2C(N(CCO2)CC3=NC(=O)NN3)C4=CC=C(C=C4)F,[Cl-].[K+],1.0,graph_compatible,counterion_or_inorganic_only_structure
2232,CCOC(=O)N1CCC(=C2C3=C(CCC4=C2N=CC=C4)C=C(C=C3)Cl)CC1,O.O.O.O.O.O.[Cl-].[Cl-].[Ca+2],1.0,graph_compatible,counterion_or_inorganic_only_structure
2279,C1=CC(=CC=C1N)S(=O)(=O)C2=CC=C(C=C2)N,[Ca+2],1.0,graph_compatible,counterion_or_inorganic_only_structure
2376,CC(C)NCC(C1=CC=C(C=C1)NS(=O)(=O)C)O,[Cl-].[K+],1.0,graph_compatible,counterion_or_inorganic_only_structure
2423,C1C(C(C(C(C1N)OC2C(C(C(C(O2)CO)O)N)O)O)OC3C(CC(C(O3)CN)O)N)N,[Na+].[Cl-],1.0,graph_compatible,counterion_or_inorganic_only_structure
2428,C1=CC(=CC=C1C(CC(=O)O)CN)Cl,[Li+].[AlH4-],1.0,graph_compatible,counterion_or_inorganic_only_structure
2506,CC1C(C(CC(O1)OC2CC(CC3=C2C(=C4C(=C3O)C(=O)C5=C(C4=O)C(=CC=C5)OC)O)(C(=O)CO)O)[NH3+])O,[O-2].[O-2].[O-2].[As+3].[As+3],1.0,graph_compatible,counterion_or_inorganic_only_structure
2571,C(CN)C(O)(P(=O)(O)O)P(=O)(O)O,O.O.O.O.O.O.[Cl-].[Cl-].[Ca+2],1.0,graph_compatible,counterion_or_inorganic_only_structure
2587,CNC(=C[N+](=O)[O-])NCCSCC1=CC=C(O1)CN(C)C,O.O.O.O.O.O.[Cl-].[Cl-].[Ca+2],1.0,graph_compatible,counterion_or_inorganic_only_structure
2595,C1CC1C#CC2(C3=C(C=CC(=C3)Cl)NC(=O)O2)C(F)(F)F,[Li+].[AlH4-],1.0,graph_compatible,counterion_or_inorganic_only_structure
2683,CN(C)CCCC1(C2=C(CO1)C=C(C=C2)C#N)C3=CC=C(C=C3)F,[O-2].[O-2].[O-2].[As+3].[As+3],1.0,graph_compatible,counterion_or_inorganic_only_structure
2756,CCCC1OC2CC3C4CCC5=CC(=O)C=CC5(C4C(CC3(C2(O1)C(=O)CO)C)O)C,[Na+].[Cl-],1.0,graph_compatible,counterion_or_inorganic_only_structure
2762,C1=CC(=CC=C1C2C(C(=O)N2C3=CC=C(C=C3)F)CCC(C4=CC=C(C=C4)F)O)O,[Cl-].[K+],1.0,graph_compatible,counterion_or_inorganic_only_structure
2833,CCN(C)C(=O)OC1=CC=CC(=C1)C(C)N(C)C,[Li+].[AlH4-],1.0,graph_compatible,counterion_or_inorganic_only_structure
2892,C1=NC2=C(N1COCCO)NC(=NC2=O)N,[Cl-].[K+],1.0,graph_compatible,counterion_or_inorganic_only_structure
2897,CC(C)(CC1=CC=CC=C1)N,[Cl-].[K+],1.0,graph_compatible,counterion_or_inorganic_only_structure
2958,C(C1C(C(C(C(O1)O)O)O)O)O,O.O.O.O.O.O.[Cl-].[Cl-].[Ca+2],1.0,graph_compatible,counterion_or_inorganic_only_structure
2990,CCOC(=O)C1(CCN(CC1)C)C2=CC=CC=C2,[Cl-].[K+],1.0,graph_compatible,counterion_or_inorganic_only_structure
2996,CC1NC2=CC(=C(C=C2C(=O)N1C3=CC=CC=C3C)S(=O)(=O)N)Cl,O.O.O.O.O.O.[Cl-].[Cl-].[Ca+2],1.0,graph_compatible,counterion_or_inorganic_only_structure
3054,CN1CCN2C(C1)C3=CC=CC=C3CC4=C2N=CC=C4,O.O.O.O.O.O.[Cl-].[Cl-].[Ca+2],1.0,graph_compatible,counterion_or_inorganic_only_structure
3058,C1CN(CC2=C1SC=C2)CC3=CC=CC=C3Cl,[Cl-].[K+],1.0,graph_compatible,counterion_or_inorganic_only_structure
3076,CN1CCN2C(C1)C3=CC=CC=C3CC4=C2N=CC=C4,[Ca+2],1.0,graph_compatible,counterion_or_inorganic_only_structure
3078,C1CCN(CC1)C2=NC(=N)N(C(=C2)N)O,[Ca+2],1.0,graph_compatible,counterion_or_inorganic_only_structure
3105,CCC(C(=O)N)N1CCCC1=O,[Cl-].[K+],1.0,graph_compatible,counterion_or_inorganic_only_structure
3112,CC(=O)NC1=CC=C(C=C1)O,[Na+].[Cl-],1.0,graph_compatible,counterion_or_inorganic_only_structure
3116,CC(C1=CC2=C(C=C1)C=C(C=C2)OC)C(=O)O,[Na+].[Cl-],1.0,graph_compatible,counterion_or_inorganic_only_structure
3117,CC(C1=CC(=CC=C1)C(=O)C2=CC=CC=C2)C(=O)O,[Na+].[Cl-],1.0,graph_compatible,counterion_or_inorganic_only_structure
3132,CC1=CC=C(C=C1)C2=C(N3C=C(C=CC3=N2)C)CC(=O)N(C)C,[Li+].[AlH4-],1.0,graph_compatible,counterion_or_inorganic_only_structure
3141,COC(=O)C(C1=CC=CC=C1Cl)N2CCC3=C(C2)C=CS3,[Li+].[AlH4-],1.0,graph_compatible,counterion_or_inorganic_only_structure
3193,CC(=O)NC(CS)C(=O)O,O.O.O.O.O.O.[Cl-].[Cl-].[Ca+2],1.0,graph_compatible,counterion_or_inorganic_only_structure
3215,CC1=CC(=C(C=C1)O)C(CCN(C(C)C)C(C)C)C2=CC=CC=C2,[Na+].[Cl-],1.0,graph_compatible,counterion_or_inorganic_only_structure
3286,C1=NC(=NN1C2C(C(C(O2)CO)O)O)C(=O)N,[Li+].[AlH4-],1.0,graph_compatible,counterion_or_inorganic_only_structure
3312,CC1C2C(C3C(C(=O)C(=C(N)O)C(=O)C3(C(=O)C2=C(C4=C1C=CC=C4O)O)O)N(C)C)O,[Cl-].[K+],1.0,graph_compatible,counterion_or_inorganic_only_structure
3353,C1=CC(=C(C(=C1)Cl)Cl)C2=C(N=C(N=N2)N)N,[Cl-].[K+],1.0,graph_compatible,counterion_or_inorganic_only_structure
3484,CC1=C(C=NO1)C(=O)NC2=CC=C(C=C2)C(F)(F)F,[Cl-].[K+],1.0,graph_compatible,counterion_or_inorganic_only_structure
3696,C1CC2C(=O)NC3CSSCCC(=O)N(C3=O)C(C(=O)NCC(=O)NC(C(=O)NC(C(=O)N2C1)CC4=CNC5=CC=CC=C54)CC(=O)O)CCCCN=C(N)N,[Cl-].[K+],1.0,graph_compatible,counterion_or_inorganic_only_structure
3725,C1=NNC2=C1NC=NC2=O,[Cl-].[K+],1.0,graph_compatible,counterion_or_inorganic_only_structure
3735,C(C1C(C(C(C(O1)OC(C(CO)O)C(C(=O)CO)O)O)O)O)O,[Ca+2],1.0,graph_compatible,counterion_or_inorganic_only_structure
3796,C1=CC=C(C=C1)C2(C(=O)NC(=O)N2)C3=CC=CC=C3,O.O.O.O.O.O.[Cl-].[Cl-].[Ca+2],1.0,graph_compatible,counterion_or_inorganic_only_structure
3798,CC1=CN=C(C=N1)C(=O)NCCC2=CC=C(C=C2)S(=O)(=O)NC(=O)NC3CCCCC3,[Li+].[AlH4-],1.0,graph_compatible,counterion_or_inorganic_only_structure
3870,C(OC(C(F)(F)F)C(F)(F)F)F,O.O.O.O.O.O.[Cl-].[Cl-].[Ca+2],1.0,graph_compatible,counterion_or_inorganic_only_structure
3929,C1C2=CC=CC=C2N(C3=CC=CC=C3C1=O)C(=O)N,[Li+].[AlH4-],1.0,graph_compatible,counterion_or_inorganic_only_structure
3949,CN(C)C(=N)N=C(N)N,[Na+].[Cl-],1.0,graph_compatible,counterion_or_inorganic_only_structure
3971,CCC(CC)OC1C=C(CC(C1NC(=O)C)N)C(=O)OCC,[Cl-].[K+],1.0,graph_compatible,counterion_or_inorganic_only_structure
4038,CC1C=CC=CC=CC=CC=CC=CC=CC(CC2C(C(CC(O2)(CC(CC(C(CCC(CC(CC(=O)OC(C(C1O)C)C)O)O)O)O)O)O)O)C(=O)O)OC3C(C(C(C(O3)C)O)N)O,[Na+].[Cl-],1.0,graph_compatible,counterion_or_inorganic_only_structure
4064,CC(C)C1=NC(=NC(=C1CCC(CC(CC(=O)O)O)O)C2=CC=C(C=C2)F)N(C)S(=O)(=O)C,[Na+].[Cl-],1.0,graph_compatible,counterion_or_inorganic_only_structure
4102,CN(CCOC1=CC=C(C=C1)CC2C(=O)NC(=O)S2)C3=CC=CC=N3,[Ca+2],1.0,graph_compatible,counterion_or_inorganic_only_structure
4109,C1=NC2=C(N1)C(=S)N=CN2,[O-2].[O-2].[O-2].[As+3].[As+3],1.0,graph_compatible,counterion_or_inorganic_only_structure
4193,CC1=CC=C(C=C1)C2=C(N3C=C(C=CC3=N2)C)CC(=O)N(C)C,[O-2].[O-2].[O-2].[As+3].[As+3],1.0,graph_compatible,counterion_or_inorganic_only_structure
4194,CC1=C(C(C(=C(N1)C)C(=O)OC(C)C)C2=CC(=CC=C2)[N+](=O)[O-])C(=O)OCCOC,[Cl-].[K+],1.0,graph_compatible,counterion_or_inorganic_only_structure
4206,CC12CCC3C(C1CCC2=O)CC(=C)C4=CC(=O)C=CC34C,O.O.O.O.O.O.[Cl-].[Cl-].[Ca+2],1.0,graph_compatible,counterion_or_inorganic_only_structure
4347,CCC(=O)N(C1CCN(CC1)CCC2=CC=CC=C2)C3=CC=CC=C3,[Na+].[Cl-],1.0,graph_compatible,counterion_or_inorganic_only_structure
4368,C1C(N(C2=C(N1)NC(=NC2=O)N)C=O)CNC3=CC=C(C=C3)C(=O)NC(CCC(=O)O)C(=O)O,[Na+].[Cl-],1.0,graph_compatible,counterion_or_inorganic_only_structure
4399,C1=CC=C(C(=C1)CC(=O)[O-])NC2=C(C=CC=C2Cl)Cl,[Cl-].[K+],1.0,graph_compatible,counterion_or_inorganic_only_structure
4461,CS(=O)(=O)C1=CC=C(C=C1)C2=C(C(=O)OC2)C3=CC=CC=C3,O.O.O.O.O.O.[Cl-].[Cl-].[Ca+2],1.0,graph_compatible,counterion_or_inorganic_only_structure
4465,CC(C)NCC(COC1=CC=C(C=C1)CCOC)O,[Cl-].[K+],1.0,graph_compatible,counterion_or_inorganic_only_structure
4537,CC1COC2=C3N1C=C(C(=O)C3=CC(=C2N4CCN(CC4)C)F)C(=O)O,[Ca+2],1.0,graph_compatible,counterion_or_inorganic_only_structure
4539,CC1=CC2=C(NC3=CC=CC=C3N=C2S1)N4CCN(CC4)C,[Ca+2],1.0,graph_compatible,counterion_or_inorganic_only_structure
4558,CC12CCC3C(C1CCC2C(=O)NC(C)(C)C)CCC4C3(C=CC(=O)N4)C,[Cl-].[K+],1.0,graph_compatible,counterion_or_inorganic_only_structure
4582,CCC(C(=O)N)N1CCCC1=O,[Na+].[Cl-],1.0,graph_compatible,counterion_or_inorganic_only_structure
4600,CN(C)CCC=C1C2=CC=CC=C2C=CC3=CC=CC=C31,O.O.O.O.O.O.[Cl-].[Cl-].[Ca+2],1.0,graph_compatible,counterion_or_inorganic_only_structure
4604,C1=COC(=C1)CNC2=CC(=C(C=C2C(=O)O)S(=O)(=O)N)Cl,[O-2].[O-2].[O-2].[As+3].[As+3],1.0,graph_compatible,counterion_or_inorganic_only_structure
4609,CN1C2CCC1CC(C2)OC(=O)C(CO)C3=CC=CC=C3,[Na+].[Cl-],1.0,graph_compatible,counterion_or_inorganic_only_structure
4631,[Ca+2],[Na+].[Cl-],1.0,counterion_or_inorganic_only_structure,counterion_or_inorganic_only_structure
4717,C1CN(CC=C1N2C3=CC=CC=C3NC2=O)CCCC(=O)C4=CC=C(C=C4)F,[Cl-].[K+],1.0,graph_compatible,counterion_or_inorganic_only_structure
4718,S=[Se],[Cl-].[K+],1.0,graph_compatible,counterion_or_inorganic_only_structure
4757,C1CC1N2C=C(C(=O)C3=CC(=C(C=C32)N4CCNCC4)F)C(=O)O,[Na+].[Cl-],1.0,graph_compatible,counterion_or_inorganic_only_structure
4760,CN1CCN(CC1)CCCN2C3=CC=CC=C3SC4=C2C=C(C=C4)Cl,[Ca+2],1.0,graph_compatible,counterion_or_inorganic_only_structure
4761,CCCC1=NN(C2=C1NC(=NC2=O)C3=C(C=CC(=C3)S(=O)(=O)N4CCN(CC4)C)OCC)C,O.O.O.O.O.O.[Cl-].[Cl-].[Ca+2],1.0,graph_compatible,counterion_or_inorganic_only_structure
4792,C1C(C2C(O1)C(CO2)O[N+](=O)[O-])O,[Cl-].[K+],1.0,graph_compatible,counterion_or_inorganic_only_structure
4835,CN1C2=C(C(=O)N(C1=O)C)NC=N2.CN1C2=C(C(=O)N(C1=O)C)NC=N2.C(CN)N,[Cl-].[K+],1.0,graph_compatible,counterion_or_inorganic_only_structure
4882,CCC1C(C(C(N(CC(CC(C(C(C(C(C(=O)O1)C)OC2CC(C(C(O2)C)O)(C)OC)C)OC3C(C(CC(O3)C)N(C)C)O)(C)O)C)C)C)O)(C)O,[Cl-].[K+],1.0,graph_compatible,counterion_or_inorganic_only_structure
4951,CCCNC1CCC2=C(C1)SC(=N2)N,[Cl-].[K+],1.0,graph_compatible,counterion_or_inorganic_only_structure
5076,CC(C)[N+]1(C2CCC1CC(C2)OC(=O)C(CO)C3=CC=CC=C3)C,O.O.O.O.O.O.[Cl-].[Cl-].[Ca+2],1.0,graph_compatible,counterion_or_inorganic_only_structure
5085,COC1=C(C(=NC=C1)CS(=O)C2=NC3=C(N2)C=C(C=C3)OC(F)F)OC,[O-2].[O-2].[O-2].[As+3].[As+3],1.0,graph_compatible,counterion_or_inorganic_only_structure
5140,CN1CCN2C(C1)C3=CC=CC=C3CC4=C2N=CC=C4,[Li+].[AlH4-],1.0,graph_compatible,counterion_or_inorganic_only_structure
5287,CS(=O)(=O)C1=CC=C(C=C1)C2=C(C(=O)OC2)C3=CC=CC=C3,[Li+].[AlH4-],1.0,graph_compatible,counterion_or_inorganic_only_structure
5290,CCC1C(C(C(C(=O)C(CC(C(C(C(C(C(=O)O1)C)OC2CC(C(C(O2)C)O)(C)OC)C)OC3C(C(CC(O3)C)N(C)C)O)(C)O)C)C)O)(C)O,O.O.O.O.O.O.[Cl-].[Cl-].[Ca+2],1.0,graph_compatible,counterion_or_inorganic_only_structure
5375,CC1=CC2=C(NC3=CC=CC=C3N=C2S1)N4CCN(CC4)C,[Cl-].[K+],1.0,graph_compatible,counterion_or_inorganic_only_structure
5425,CN(C)CCC=C1C2=CC=CC=C2C=CC3=CC=CC=C31,[Li+].[AlH4-],1.0,graph_compatible,counterion_or_inorganic_only_structure
5432,CNS(=O)(=O)CC1=CC2=C(C=C1)NC=C2CCN(C)C,[Cl-].[K+],1.0,graph_compatible,counterion_or_inorganic_only_structure
5523,CC12CC(C3C(C1CCC2(C(=O)CO)O)CCC4=CC(=O)C=CC34C)O,[Li+].[AlH4-],1.0,graph_compatible,counterion_or_inorganic_only_structure
5597,CN1C2CCC1CC(C2)OC(=O)C(CO)C3=CC=CC=C3,[Cl-].[K+],1.0,graph_compatible,counterion_or_inorganic_only_structure
5625,CC1C(C(CC(O1)OC2C(C(C(OC2OC3=C4C=C5C=C3OC6=C(C=C(C=C6)C(C(C(=O)NC(C(=O)NC5C(=O)NC7C8=CC(=C(C=C8)O)C9=C(C=C(C=C9O)O)C(NC(=O)C(C(C1=CC(=C(O4)C=C1)Cl)O)NC7=O)C(=O)O)CC(=O)N)NC(=O)C(CC(C)C)NC)O)Cl)CO)O)O)(C)N)O,[Na+].[Cl-],1.0,graph_compatible,counterion_or_inorganic_only_structure
5690,CCN(CC)CCNC(=O)C1=C(NC(=C1C)C=C2C3=C(C=CC(=C3)F)NC2=O)C,[Cl-].[K+],1.0,graph_compatible,counterion_or_inorganic_only_structure
5698,O.O.O.O.O.O.[Cl-].[Cl-].[Ca+2],[Li+].[AlH4-],1.0,counterion_or_inorganic_only_structure,counterion_or_inorganic_only_structure
5719,C1C(=O)NC2=C(C=C(C=C2)[N+](=O)[O-])C(=N1)C3=CC=CC=C3Cl,[Ca+2],1.0,graph_compatible,counterion_or_inorganic_only_structure
5720,C1CN=C(N1)NC2=C(C=CC=C2Cl)Cl,[Ca+2],1.0,graph_compatible,counterion_or_inorganic_only_structure
5722,COC(=O)C(C1=CC=CC=C1Cl)N2CCC3=C(C2)C=CS3,[Ca+2],1.0,graph_compatible,counterion_or_inorganic_only_structure
5763,CCCCCOC(=O)NC1=NC(=O)N(C=C1F)C2C(C(C(O2)C)O)O,[Cl-].[K+],1.0,graph_compatible,counterion_or_inorganic_only_structure
5780,C(CC(=O)O)CN,[Cl-].[K+],1.0,graph_compatible,counterion_or_inorganic_only_structure
5781,CN1C(=O)N2C=NC(=C2N=N1)C(=O)N,[Cl-].[K+],1.0,graph_compatible,counterion_or_inorganic_only_structure
5815,CC1=NN=C2N1C3=C(C=C(C=C3)Cl)C(=NC2)C4=CC=CC=C4Cl,[Li+].[AlH4-],1.0,graph_compatible,counterion_or_inorganic_only_structure
5921,C1=NC2=C(N1COCCO)NC(=NC2=O)N,[O-2].[O-2].[O-2].[As+3].[As+3],1.0,graph_compatible,counterion_or_inorganic_only_structure
5931,CC1(OC2COC3(C(C2O1)OC(O3)(C)C)COS(=O)(=O)N)C,[Na+].[Cl-],1.0,graph_compatible,counterion_or_inorganic_only_structure
5982,C1C(C(C(C(C1N)OC2C(C(C(C(O2)CO)O)N)O)O)OC3C(CC(C(O3)CN)O)N)N,O.O.O.O.O.O.[Cl-].[Cl-].[Ca+2],1.0,graph_compatible,counterion_or_inorganic_only_structure
6030,CC1CC2C3CCC4=CC(=O)C=CC4(C3(C(CC2(C1(C(=O)CO)O)C)O)F)C,[Na+].[Cl-],1.0,graph_compatible,counterion_or_inorganic_only_structure
6139,C1CN(CCN1CCCN2C(=O)N3C=CC=CC3=N2)C4=CC(=CC=C4)Cl,[Cl-].[K+],1.0,graph_compatible,counterion_or_inorganic_only_structure
6154,CCCCC1=NC2(CCCC2)C(=O)N1CC3=CC=C(C=C3)C4=CC=CC=C4C5=NNN=N5,[O-2].[O-2].[O-2].[As+3].[As+3],1.0,graph_compatible,counterion_or_inorganic_only_structure
6169,C(CCl)NC(=O)N(CCCl)N=O,[Na+].[Cl-],1.0,graph_compatible,counterion_or_inorganic_only_structure
6217,CC(C)CC(CC(=O)O)CN,[Na+].[Cl-],1.0,graph_compatible,counterion_or_inorganic_only_structure
6233,C=CCN.C1C(O1)CCl,[Na+].[Cl-],1.0,graph_compatible,counterion_or_inorganic_only_structure
6247,CC(C)(C1=CC=CC=C1CCC(C2=CC=CC(=C2)C=CC3=NC4=C(C=CC(=C4)Cl)C=C3)S)O,[Na+].[Cl-],1.0,graph_compatible,counterion_or_inorganic_only_structure
6278,CCCCC(=O)N(CC1=CC=C(C=C1)C2=CC=CC=C2C3=NNN=N3)C(C(C)C)C(=O)O,[Na+].[Cl-],1.0,graph_compatible,counterion_or_inorganic_only_structure
6295,CCCN(CCC)CCC1=C2CC(=O)NC2=CC=C1,[Cl-].[K+],1.0,graph_compatible,counterion_or_inorganic_only_structure
6362,CC1=C(N=CN1)CSCCNC(=NC)NC#N,[Cl-].[K+],1.0,graph_compatible,counterion_or_inorganic_only_structure
6399,CN(C)C(=O)C(CC[NH+]1CCC(CC1)(C2=CC=C(C=C2)Cl)O)(C3=CC=CC=C3)C4=CC=CC=C4,[Cl-].[K+],1.0,graph_compatible,counterion_or_inorganic_only_structure
6430,CC(C)C(CCCN(C)CCC1=CC(=C(C=C1)OC)OC)(C#N)C2=CC(=C(C=C2)OC)OC,[Cl-].[K+],1.0,graph_compatible,counterion_or_inorganic_only_structure
6473,CN1C=NC(=C1SC2=NC=NC3=C2NC=N3)[N+](=O)[O-],[Cl-].[K+],1.0,graph_compatible,counterion_or_inorganic_only_structure
6479,CC(=O)OCC1=C(N2C(C(C2=O)NC(=O)C(=NOC)C3=CSC(=N3)N)SC1)C(=O)[O-],[Na+].[Cl-],1.0,graph_compatible,counterion_or_inorganic_only_structure
6514,C1=CC(=CC=C1C(=O)NC(CCC(=O)O)C(=O)O)NCC2=CN=C3C(=N2)C(=O)N=C(N3)N,O.O.O.O.O.O.[Cl-].[Cl-].[Ca+2],1.0,graph_compatible,counterion_or_inorganic_only_structure
6515,CC(CN1C2=CC=CC=C2CCC3=CC=CC=C31)CN(C)C,[Li+].[AlH4-],1.0,graph_compatible,counterion_or_inorganic_only_structure
6518,CCC1(CC2CC(C3=C(CCN(C2)C1)C4=CC=CC=C4N3)(C5=C(C=C6C(=C5)C78CCN9C7C(C=CC9)(C(C(C8N6C=O)(C(=O)OC)O)OC(=O)C)CC)OC)C(=O)OC)O,O.O.O.O.O.O.[Cl-].[Cl-].[Ca+2],1.0,graph_compatible,counterion_or_inorganic_only_structure
6546,C1CN(CCN1CCC2=C(C=C3C(=C2)CC(=O)N3)Cl)C4=NSC5=CC=CC=C54,[Cl-].[K+],1.0,graph_compatible,counterion_or_inorganic_only_structure
6600,COCCOC1=C(C=C2C(=C1)C(=NC=N2)NC3=CC=CC(=C3)C#C)OCCOC,[Cl-].[K+],1.0,graph_compatible,counterion_or_inorganic_only_structure
6633,CCN(CCCC(C)NC1=C2C=CC(=CC2=NC=C1)Cl)CCO,[Na+].[Cl-],1.0,graph_compatible,counterion_or_inorganic_only_structure
6654,CCC1=CN=C(C=C1)CCOC2=CC=C(C=C2)CC3C(=O)NC(=O)S3,[Cl-].[K+],1.0,graph_compatible,counterion_or_inorganic_only_structure
6664,CC1=C2C(C(=O)C3(C(CC4C(C3C(C(C2(C)C)(CC1OC(=O)C(C(C5=CC=CC=C5)NC(=O)OC(C)(C)C)O)O)OC(=O)C6=CC=CC=C6)(CO4)OC(=O)C)O)C)O,[Li+].[AlH4-],1.0,graph_compatible,counterion_or_inorganic_only_structure
6695,CC(CC1=CC=CC=C1)N(C)CC#C,[Li+].[AlH4-],1.0,graph_compatible,counterion_or_inorganic_only_structure
6705,CCCC(C)(COC(=O)N)COC(=O)NC(C)C,[Cl-].[K+],1.0,graph_compatible,counterion_or_inorganic_only_structure
6707,C(CN)C(O)(P(=O)(O)O)P(=O)(O)O,[Ca+2],1.0,graph_compatible,counterion_or_inorganic_only_structure
6708,COC1=C(C(=NC=C1)CS(=O)C2=NC3=C(N2)C=C(C=C3)OC(F)F)OC,[Ca+2],1.0,graph_compatible,counterion_or_inorganic_only_structure
6753,CC12CCC3C(C1CCC2C(=O)NC(C)(C)C)CCC4C3(C=CC(=O)N4)C,[Li+].[AlH4-],1.0,graph_compatible,counterion_or_inorganic_only_structure
6769,[O-2].[O-2].[O-2].[As+3].[As+3],[O-]S(=O)(=O)[O-],1.0,counterion_or_inorganic_only_structure,graph_compatible
6797,C1CC(N(C1)C(=O)C(CCCCN)NC(CCC2=CC=CC=C2)C(=O)O)C(=O)O,O.O.O.O.O.O.[Cl-].[Cl-].[Ca+2],1.0,graph_compatible,counterion_or_inorganic_only_structure
6838,C1=C(C=C(C(=C1I)OC2=CC(=C(C(=C2)I)O)I)I)CC(C(=O)O)N,[Na+].[Cl-],1.0,graph_compatible,counterion_or_inorganic_only_structure
6848,COC1C(C(C(C(O1)COS(=O)(=O)O)OC2C(C(C(C(O2)C(=O)O)OC3C(C(C(C(O3)COS(=O)(=O)O)OC4C(C(C(C(O4)C(=O)O)OC5C(C(C(C(O5)COS(=O)(=O)O)O)O)NS(=O)(=O)O)O)O)OS(=O)(=O)O)NS(=O)(=O)O)O)OS(=O)(=O)O)O)NS(=O)(=O)O,[Na+].[Cl-],1.0,graph_compatible,counterion_or_inorganic_only_structure
6887,C1=CC=C(C=C1)CCCCOCCCCCCNCC(C2=CC(=C(C=C2)O)CO)O,[Li+].[AlH4-],1.0,graph_compatible,counterion_or_inorganic_only_structure
6893,C1C(OC(S1)CO)N2C=CC(=NC2=O)N,[Na+].[Cl-],1.0,graph_compatible,counterion_or_inorganic_only_structure
6954,CN1CCN(CC1)C2=NC3=CC=CC=C3OC4=C2C=C(C=C4)Cl,[Li+].[AlH4-],1.0,graph_compatible,counterion_or_inorganic_only_structure
7013,CC1=CC2=C(C=C1C)N(C=N2)C3C(C(C(O3)CO)OP(=O)(O)OC(C)CNC(=O)CCC4(C(C5C6(C(C(C(=N6)C(=C7C(C(C(=N7)C=C8C(C(C(=N8)C(=C4[N-]5)C)CCC(=O)N)(C)C)CCC(=O)N)(C)CC(=O)N)C)CCC(=O)N)(C)CC(=O)N)C)CC(=O)N)C)O.[C-]#N.[Co+2],[Li+].[AlH4-],1.0,graph_compatible,counterion_or_inorganic_only_structure
7066,CC1=CC=C(C=C1)C2=CC(=NN2C3=CC=C(C=C3)S(=O)(=O)N)C(F)(F)F,[Ca+2],1.0,graph_compatible,counterion_or_inorganic_only_structure
7116,CCCCNC1=C(C(=CC(=C1)C(=O)O)S(=O)(=O)N)OC2=CC=CC=C2,[Ca+2],1.0,graph_compatible,counterion_or_inorganic_only_structure
7211,CC(C)(C)NCC(C1=CC(=C(C=C1)O)CO)O,[Na+].[Cl-],1.0,graph_compatible,counterion_or_inorganic_only_structure
7227,CC(C=CC(C)C(C)(C)O)C1CCC2C1(CCCC2=CC=C3CC(CC(C3)O)O)C,[Cl-].[K+],1.0,graph_compatible,counterion_or_inorganic_only_structure
7285,CNC1CCC(C2=CC=CC=C12)C3=CC(=C(C=C3)Cl)Cl,[Na+].[Cl-],1.0,graph_compatible,counterion_or_inorganic_only_structure
7430,CC(C)(C1=CC=CC=C1CCC(C2=CC=CC(=C2)C=CC3=NC4=C(C=CC(=C4)Cl)C=C3)S)O,[Ca+2],1.0,graph_compatible,counterion_or_inorganic_only_structure
7444,CC1=CC=C(C=C1)C2=C(N3C=C(C=CC3=N2)C)CC(=O)N(C)C,O.O.O.O.O.O.[Cl-].[Cl-].[Ca+2],1.0,graph_compatible,counterion_or_inorganic_only_structure
7450,CCOC(=O)C1=C(NC(=C(C1C2=C(C(=CC=C2)Cl)Cl)C(=O)OC)C)C,[Li+].[AlH4-],1.0,graph_compatible,counterion_or_inorganic_only_structure
7494,CC(=O)OCC1=C(N2C(C(C2=O)NC(=O)C(=NOC)C3=CSC(=N3)N)SC1)C(=O)[O-],[Cl-].[K+],1.0,graph_compatible,counterion_or_inorganic_only_structure
7499,C1=CC(=C(C=C1OC2=C(C=C(C=C2I)CC(C(=O)O)N)I)I)O,[Cl-].[K+],1.0,graph_compatible,counterion_or_inorganic_only_structure
7515,C1=CC=C(C=C1)C(C2=CC=CC=C2)S(=O)CC(=O)N,[Cl-].[K+],1.0,graph_compatible,counterion_or_inorganic_only_structure
7562,C(OC(C(F)(F)F)C(F)(F)F)F,[Na+].[Cl-],1.0,graph_compatible,counterion_or_inorganic_only_structure
7563,CN1CCC23C4C1CC5=C2C(=C(C=C5)O)OC3C(=O)CC4,[Cl-].[K+],1.0,graph_compatible,counterion_or_inorganic_only_structure
7643,CCC(=O)N(C1=CC=CC=C1)C2(CCN(CC2)CCN3C(=O)N(N=N3)CC)COC,[Na+].[Cl-],1.0,graph_compatible,counterion_or_inorganic_only_structure
7667,CCC(=C(C1=CC=CC=C1)C2=CC=C(C=C2)OCCN(C)C)C3=CC=CC=C3,[Ca+2],1.0,graph_compatible,counterion_or_inorganic_only_structure
7670,CC1CC(C2C(CC(C(O2)(C(=O)C(=O)N3CCCCC3C(=O)OC(C(C(CC(=O)C(C=C(C1)C)CC=C)O)C)C(=CC4CCC(C(C4)OC)O)C)O)C)OC)OC,[Ca+2],1.0,graph_compatible,counterion_or_inorganic_only_structure
7674,CC1CN(CCN1)C2=C(C=C3C(=C2OC)N(C=C(C3=O)C(=O)O)C4CC4)F,[Ca+2],1.0,graph_compatible,counterion_or_inorganic_only_structure
7676,CN(C)C(=N)N=C(N)N,O.O.O.O.O.O.[Cl-].[Cl-].[Ca+2],1.0,graph_compatible,counterion_or_inorganic_only_structure
7695,CNC(=O)C1=NC=CC(=C1)OC2=CC=C(C=C2)NC(=O)NC3=CC(=C(C=C3)Cl)C(F)(F)F,[Cl-].[K+],1.0,graph_compatible,counterion_or_inorganic_only_structure
7756,C1=CC=NC(=C1)NS(=O)(=O)C2=CC=C(C=C2)NN=C3C=CC(=O)C(=C3)C(=O)O,[Cl-].[K+],1.0,graph_compatible,counterion_or_inorganic_only_structure
7785,CCOC(=O)C1=C(NC(=C(C1C2=C(C(=CC=C2)Cl)Cl)C(=O)OC)C)C,[Ca+2],1.0,graph_compatible,counterion_or_inorganic_only_structure
7795,CC(C)OC(=O)C(C)(C)OC1=CC=C(C=C1)C(=O)C2=CC=C(C=C2)Cl,[Ca+2],1.0,graph_compatible,counterion_or_inorganic_only_structure
7801,CC1=NC=CN1CC2CCC3=C(C2=O)C4=CC=CC=C4N3C,[Na+].[Cl-],1.0,graph_compatible,counterion_or_inorganic_only_structure
7871,CN1C(=NC(=O)C(=N1)[O-])SCC2=C(N3C(C(C3=O)NC(=O)C(=NOC)C4=CSC(=N4)N)SC2)C(=O)[O-],O.O.O.O.O.O.[Cl-].[Cl-].[Ca+2],1.0,graph_compatible,counterion_or_inorganic_only_structure
7874,CC1CC2C3CC(C4=CC(=O)C=CC4(C3(C(CC2(C1(C(=O)SCF)O)C)O)F)C)F,O.O.O.O.O.O.[Cl-].[Cl-].[Ca+2],1.0,graph_compatible,counterion_or_inorganic_only_structure
7881,C1CN=C(N1)NC2=C(C=CC3=NSN=C32)Cl,[Cl-].[K+],1.0,graph_compatible,counterion_or_inorganic_only_structure
7897,CC(=O)OC1C(SC2=CC=CC=C2N(C1=O)CC[NH+](C)C)C3=CC=C(C=C3)OC,[O-2].[O-2].[O-2].[As+3].[As+3],1.0,graph_compatible,counterion_or_inorganic_only_structure
7913,CC1=CN(C(=O)NC1=O)C2C=CC(O2)CO,[Cl-].[K+],1.0,graph_compatible,counterion_or_inorganic_only_structure
7915,C1=CC=C(C=C1)CCCCOCCCCCCNCC(C2=CC(=C(C=C2)O)CO)O,[Cl-].[K+],1.0,graph_compatible,counterion_or_inorganic_only_structure
7952,C1CN(CCN1CCOCC(=O)O)C(C2=CC=CC=C2)C3=CC=C(C=C3)Cl,[Cl-].[K+],1.0,graph_compatible,counterion_or_inorganic_only_structure
7960,C1=CC(=C(C=C1F)F)C(CN2C=NC=N2)(CN3C=NC=N3)O,O.O.O.O.O.O.[Cl-].[Cl-].[Ca+2],1.0,graph_compatible,counterion_or_inorganic_only_structure
7999,CC12CC(C3(C(C1CC(C2(C(=O)CO)O)O)CCC4=CC(=O)C=CC43C)F)O,O.O.O.O.O.O.[Cl-].[Cl-].[Ca+2],1.0,graph_compatible,counterion_or_inorganic_only_structure
8136,CN1C=CNC1=S,[Cl-].[K+],1.0,graph_compatible,counterion_or_inorganic_only_structure
8255,C1C(C2C(O1)C(CO2)O[N+](=O)[O-])O[N+](=O)[O-],[Cl-].[K+],1.0,graph_compatible,counterion_or_inorganic_only_structure
8300,C1CCNC(C1)C[NH2+]C(=O)C2=C(C=CC(=C2)OCC(F)(F)F)OCC(F)(F)F,[Cl-].[K+],1.0,graph_compatible,counterion_or_inorganic_only_structure
8377,CC1CC2C3CCC(C3(CC(C2C4(C1=CC(=O)C=C4)C)O)C)(C(=O)CO)O,O.O.O.O.O.O.[Cl-].[Cl-].[Ca+2],1.0,graph_compatible,counterion_or_inorganic_only_structure
8465,CC(=O)CCCCN1C(=O)C2=C(N=CN2C)N(C1=O)C,[Ca+2],1.0,graph_compatible,counterion_or_inorganic_only_structure
8512,C1CNP(=O)(OC1)N(CCCl)CCCl,[O-2].[O-2].[O-2].[As+3].[As+3],1.0,graph_compatible,counterion_or_inorganic_only_structure
8530,CCC(C(=O)N)N1CCCC1=O,[Li+].[AlH4-],1.0,graph_compatible,counterion_or_inorganic_only_structure
8609,CC(C)NCC(COC1=CC=C(C=C1)CCOC)O,[Li+].[AlH4-],1.0,graph_compatible,counterion_or_inorganic_only_structure
8632,CN(C)CC1CCCCC1(C2=CC(=CC=C2)OC)O,O.O.O.O.O.O.[Cl-].[Cl-].[Ca+2],1.0,graph_compatible,counterion_or_inorganic_only_structure
8647,CC(=O)NC1=CC=C(C=C1)O,[Ca+2],1.0,graph_compatible,counterion_or_inorganic_only_structure
8648,CC(C)C(CCCN(C)CCC1=CC(=C(C=C1)OC)OC)(C#N)C2=CC(=C(C=C2)OC)OC,[Li+].[AlH4-],1.0,graph_compatible,counterion_or_inorganic_only_structure
8673,CC(=O)NC(CS)C(=O)O,[Ca+2],1.0,graph_compatible,counterion_or_inorganic_only_structure
8703,CCC(=O)N(C1=CC=CC=C1)C2(CCN(CC2)CCC3=CC=CS3)COC,[Cl-].[K+],1.0,graph_compatible,counterion_or_inorganic_only_structure
8795,CC(C)CC(CC(=O)O)CN,O.O.O.O.O.O.[Cl-].[Cl-].[Ca+2],1.0,graph_compatible,counterion_or_inorganic_only_structure
8801,C1=NNC2=C1NC=NC2=O,[O-2].[O-2].[O-2].[As+3].[As+3],1.0,graph_compatible,counterion_or_inorganic_only_structure
8904,CCCCCN=C(N)NNC=C1C=NC2=C1C=C(C=C2)CO,[Na+].[Cl-],1.0,graph_compatible,counterion_or_inorganic_only_structure
8938,CCC(=C(C1=CC=CC=C1)C2=CC=C(C=C2)OCCN(C)C)C3=CC=CC=C3,[Cl-].[K+],1.0,graph_compatible,counterion_or_inorganic_only_structure
9030,CCC1C(C(C(C(=O)C(CC(C(C(C(C(C(=O)O1)C)OC2CC(C(C(O2)C)O)(C)OC)C)OC3C(C(CC(O3)C)N(C)C)O)(C)OC)C)C)O)(C)O,[Na+].[Cl-],1.0,graph_compatible,counterion_or_inorganic_only_structure
9057,C=CCN.C1C(O1)CCl,O.O.O.O.O.O.[Cl-].[Cl-].[Ca+2],1.0,graph_compatible,counterion_or_inorganic_only_structure
9174,C1=CC(=CC=C1C(=O)NC(CCC(=O)O)C(=O)O)NCC2=CN=C3C(=N2)C(=O)N=C(N3)N,[Cl-].[K+],1.0,graph_compatible,counterion_or_inorganic_only_structure
9199,CN1CCC23C4C1CC5=C2C(=C(C=C5)O)OC3C(C=C4)O,[Na+].[Cl-],1.0,graph_compatible,counterion_or_inorganic_only_structure
9216,C1C(C2C(O1)C(CO2)O[N+](=O)[O-])O,[Ca+2],1.0,graph_compatible,counterion_or_inorganic_only_structure
9300,CC1CC2C3CCC(C3(CC(C2C4(C1=CC(=O)C=C4)C)O)C)(C(=O)CO)O,[Na+].[Cl-],1.0,graph_compatible,counterion_or_inorganic_only_structure
9307,CC1=CC(=C(C=C1)C)OCCCC(C)(C)C(=O)O,[Li+].[AlH4-],1.0,graph_compatible,counterion_or_inorganic_only_structure
9313,CN(C)CCCC1(C2=C(CO1)C=C(C=C2)C#N)C3=CC=C(C=C3)F,[Na+].[Cl-],1.0,graph_compatible,counterion_or_inorganic_only_structure
9483,CN1C2=C(C(=O)N(C1=O)C)NC=N2,[Ca+2],1.0,graph_compatible,counterion_or_inorganic_only_structure
9485,CCCCC1=C(C2=CC=CC=C2O1)C(=O)C3=CC(=C(C(=C3)I)OCC[NH+](CC)CC)I,[Ca+2],1.0,graph_compatible,counterion_or_inorganic_only_structure
9565,CC1=C(C=NO1)C(=O)NC2=CC=C(C=C2)C(F)(F)F,O.O.O.O.O.O.[Cl-].[Cl-].[Ca+2],1.0,graph_compatible,counterion_or_inorganic_only_structure
9576,C1CCN(CC1)C2=NC(=N)N(C(=C2)N)O,[Cl-].[K+],1.0,graph_compatible,counterion_or_inorganic_only_structure
9608,CCN(C)C(=O)OC1=CC=CC(=C1)C(C)N(C)C,[Cl-].[K+],1.0,graph_compatible,counterion_or_inorganic_only_structure
9643,CC(=O)OC1CC2CCC3C(C2(CC1N4CCCCC4)C)CCC5(C3CC(C5OC(=O)C)[N+]6(CCCCC6)C)C,[Li+].[AlH4-],1.0,graph_compatible,counterion_or_inorganic_only_structure
9678,CC12CC(=O)C3C(C1CCC2(C(=O)CO)O)CCC4=CC(=O)C=CC34C,[O-2].[O-2].[O-2].[As+3].[As+3],1.0,graph_compatible,counterion_or_inorganic_only_structure
10047,CC1=CC2C(CCC3(C2CCC3(C(=O)C)O)C)C4(C1=CC(=O)CC4)C,[Cl-].[K+],1.0,graph_compatible,counterion_or_inorganic_only_structure
10076,CC12CC(C3C(C1CCC2(C(=O)CO)O)CCC4=CC(=O)C=CC34C)O,[Ca+2],1.0,graph_compatible,counterion_or_inorganic_only_structure
10083,CC(C)(C)C#CC=CCN(C)CC1=CC=CC2=CC=CC=C21,[Cl-].[K+],1.0,graph_compatible,counterion_or_inorganic_only_structure
10084,COC1=C(C=C2C(=C1)C(=NC(=N2)N3CCN(CC3)C(=O)C4CCCO4)N)OC,[Cl-].[K+],1.0,graph_compatible,counterion_or_inorganic_only_structure
10092,CC12CCC3C(C1CCC2O)CCC4=CC(=O)CCC34C,[Cl-].[K+],1.0,graph_compatible,counterion_or_inorganic_only_structure
10102,CCNC1CN(S(=O)(=O)C2=C1C=C(S2)S(=O)(=O)N)CCCOC,[Cl-].[K+],1.0,graph_compatible,counterion_or_inorganic_only_structure
10118,CC1(C(N2C(S1)C(C2=O)NC(=O)C(C3=CC=C(C=C3)O)N)C(=O)O)C,[Cl-].[K+],1.0,graph_compatible,counterion_or_inorganic_only_structure
10196,CC(=O)CC(C1=CC=CC=C1)C2=C(OC3=CC=CC=C3C2=O)O,[O-2].[O-2].[O-2].[As+3].[As+3],1.0,graph_compatible,counterion_or_inorganic_only_structure
10198,CC(=O)CC(C1=CC=CC=C1)C2=C(OC3=CC=CC=C3C2=O)O,[Ca+2],1.0,graph_compatible,counterion_or_inorganic_only_structure
10320,CC(=O)NC1=CC=C(C=C1)O,O.O.O.O.O.O.[Cl-].[Cl-].[Ca+2],1.0,graph_compatible,counterion_or_inorganic_only_structure
10336,C1=C(C=C(C(=C1I)OC2=CC(=C(C(=C2)I)O)I)I)CC(C(=O)O)N,[O-2].[O-2].[O-2].[As+3].[As+3],1.0,graph_compatible,counterion_or_inorganic_only_structure
10369,CC12CCC3C(C1CCC2C(=O)NC4=C(C=CC(=C4)C(F)(F)F)C(F)(F)F)CCC5C3(C=CC(=O)N5)C,[Cl-].[K+],1.0,graph_compatible,counterion_or_inorganic_only_structure
10445,C1CN2C(=CC=C2C(=O)C3=CC=CC=C3)C1C(=O)O,[Li+].[AlH4-],1.0,graph_compatible,counterion_or_inorganic_only_structure
10464,CC1CCC2CC(C(=CC=CC=CC(CC(C(=O)C(C(C(=CC(C(=O)CC(OC(=O)C3CCCCN3C(=O)C(=O)C1(O2)O)C(C)CC4CCC(C(C4)OC)O)C)C)O)OC)C)C)C)OC,[Na+].[Cl-],1.0,graph_compatible,counterion_or_inorganic_only_structure
10466,CC12CC(=O)C3C(C1CCC2(C(=O)CO)O)CCC4=CC(=O)C=CC34C,O.O.O.O.O.O.[Cl-].[Cl-].[Ca+2],1.0,graph_compatible,counterion_or_inorganic_only_structure
10502,C1=CC=C(C=C1)C2=NC(C(=O)NC3=C2C=C(C=C3)Cl)O,[Na+].[Cl-],1.0,graph_compatible,counterion_or_inorganic_only_structure
10541,CC(=O)OC1=CC=CC=C1C(=O)O,O.O.O.O.O.O.[Cl-].[Cl-].[Ca+2],1.0,graph_compatible,counterion_or_inorganic_only_structure
10651,CNCCC=C1C2=CC=CC=C2CCC3=CC=CC=C31,[Cl-].[K+],1.0,graph_compatible,counterion_or_inorganic_only_structure
10695,C1=CC=C(C(=C1)C(C2=CC=C(C=C2)Cl)C(Cl)Cl)Cl,[Cl-].[K+],1.0,graph_compatible,counterion_or_inorganic_only_structure
10737,CC(C)NCC(COC1=CC=CC2=CC=CC=C21)O,[O-2].[O-2].[O-2].[As+3].[As+3],1.0,graph_compatible,counterion_or_inorganic_only_structure
10739,COC1=C(C=C2C(=C1)CC(C2=O)CC3CCN(CC3)CC4=CC=CC=C4)OC,[Cl-].[K+],1.0,graph_compatible,counterion_or_inorganic_only_structure
10748,CC(CS)C(=O)N1CCCC1C(=O)O,[Na+].[Cl-],1.0,graph_compatible,counterion_or_inorganic_only_structure
10760,C1CCN(CC1)CCOC2=CC=C(C=C2)C(=O)C3=C(SC4=C3C=CC(=C4)O)C5=CC=C(C=C5)O,[Ca+2],1.0,graph_compatible,counterion_or_inorganic_only_structure
10765,CCOC(=O)C(CCC1=CC=CC=C1)NC(C)C(=O)N2C3CCCC3CC2C(=O)O,[Ca+2],1.0,graph_compatible,counterion_or_inorganic_only_structure
10766,CNC(=C[N+](=O)[O-])NCCSCC1=CC=C(O1)CN(C)C,[Ca+2],1.0,graph_compatible,counterion_or_inorganic_only_structure
10830,CC1=C2COC(=O)C2=C(C(=C1OC)CC(=O)O)O,[Ca+2],1.0,graph_compatible,counterion_or_inorganic_only_structure
10874,CC1=CN=C(C=N1)C(=O)NCCC2=CC=C(C=C2)S(=O)(=O)NC(=O)NC3CCCCC3,[Ca+2],1.0,graph_compatible,counterion_or_inorganic_only_structure
10879,CCC1=C(CN(C1=O)C(=O)NCCC2=CC=C(C=C2)S(=O)(=O)NC(=O)NC3CCC(CC3)C)C,[Ca+2],1.0,graph_compatible,counterion_or_inorganic_only_structure
10920,COC(=O)C(C1=CC=CC=C1Cl)N2CCC3=C(C2)C=CS3,O.O.O.O.O.O.[Cl-].[Cl-].[Ca+2],1.0,graph_compatible,counterion_or_inorganic_only_structure
10957,CCCCCC1=CC(=C2C3C=C(CCC3C(OC2=C1)(C)C)C)O,[Cl-].[K+],1.0,graph_compatible,counterion_or_inorganic_only_structure
10991,CCOC(=O)N1CCC(=C2C3=C(CCC4=C2N=CC=C4)C=C(C=C3)Cl)CC1,[Na+].[Cl-],1.0,graph_compatible,counterion_or_inorganic_only_structure
11038,CC1=CC=C(C=C1)C2=CC(=NN2C3=CC=C(C=C3)S(=O)(=O)N)C(F)(F)F,[O-2].[O-2].[O-2].[As+3].[As+3],1.0,graph_compatible,counterion_or_inorganic_only_structure
11055,CCC(C)CC(C)CCCCCCCCC(=O)NC1CC(C(NC(=O)C2CCCN2C(=O)C(NC(=O)C(NC(=O)C3CC(CN3C(=O)C(NC1=O)C(C)O)O)C(C(C4=CC=C(C=C4)O)O)O)C(CCN)O)NCCN)O,[Cl-].[K+],1.0,graph_compatible,counterion_or_inorganic_only_structure
11091,CCC(=O)N(C1=CC=CC=C1)C2(CCN(CC2)CCC3=CC=CS3)COC,[Na+].[Cl-],1.0,graph_compatible,counterion_or_inorganic_only_structure
11146,CC(C)CC1=CC=C(C=C1)C(C)C(=O)O,[Na+].[Cl-],1.0,graph_compatible,counterion_or_inorganic_only_structure
11165,C1CC(N(C1)C(=O)C2CSSCCC(=O)NC(C(=O)NC(C(=O)NC(C(=O)NC(C(=O)N2)CC(=O)N)CCC(=O)N)CC3=CC=CC=C3)CC4=CC=C(C=C4)O)C(=O)NC(CCCN=C(N)N)C(=O)NCC(=O)N,[Cl-].[K+],1.0,graph_compatible,counterion_or_inorganic_only_structure
11228,CNCCC(C1=CC=CC=C1)OC2=CC=C(C=C2)C(F)(F)F,[Li+].[AlH4-],1.0,graph_compatible,counterion_or_inorganic_only_structure
11367,CC(C)(C1=CC=CC=C1CCC(C2=CC=CC(=C2)C=CC3=NC4=C(C=CC(=C4)Cl)C=C3)S)O,[Li+].[AlH4-],1.0,graph_compatible,counterion_or_inorganic_only_structure
11430,CC1CC2=CC=CC=C2N1NC(=O)C3=CC(=C(C=C3)Cl)S(=O)(=O)N,O.O.O.O.O.O.[Cl-].[Cl-].[Ca+2],1.0,graph_compatible,counterion_or_inorganic_only_structure
11444,CC1C(C(CC(O1)OC2C(C(C(OC2OC3=C4C=C5C=C3OC6=C(C=C(C=C6)C(C(C(=O)NC(C(=O)NC5C(=O)NC7C8=CC(=C(C=C8)O)C9=C(C=C(C=C9O)O)C(NC(=O)C(C(C1=CC(=C(O4)C=C1)Cl)O)NC7=O)C(=O)O)CC(=O)N)NC(=O)C(CC(C)C)NC)O)Cl)CO)O)O)(C)N)O,[Li+].[AlH4-],1.0,graph_compatible,counterion_or_inorganic_only_structure
11493,C(CC(O)(P(=O)(O)O)P(=O)(O)O)CN,[Na+].[Cl-],1.0,graph_compatible,counterion_or_inorganic_only_structure
11516,C1CCN(CC1)C2=NC(=NC3=C2N=C(N=C3N4CCCCC4)N(CCO)CCO)N(CCO)CCO,[Cl-].[K+],1.0,graph_compatible,counterion_or_inorganic_only_structure
11551,CCCCC1=NC2(CCCC2)C(=O)N1CC3=CC=C(C=C3)C4=CC=CC=C4C5=NNN=N5,[Cl-].[K+],1.0,graph_compatible,counterion_or_inorganic_only_structure
11580,C1CN(CCN1CCOCCO)C(C2=CC=CC=C2)C3=CC=C(C=C3)Cl,[Li+].[AlH4-],1.0,graph_compatible,counterion_or_inorganic_only_structure
11623,CC1=C(C(C(=C(N1)C)C(=O)OC(C)C)C2=CC=CC3=NON=C32)C(=O)OC,[Ca+2],1.0,graph_compatible,counterion_or_inorganic_only_structure
11626,C1C(C2C(O1)C(CO2)O[N+](=O)[O-])O[N+](=O)[O-],[Ca+2],1.0,graph_compatible,counterion_or_inorganic_only_structure
11628,CC(=O)OC1=CC=CC=C1C(=O)O,[O-2].[O-2].[O-2].[As+3].[As+3],1.0,graph_compatible,counterion_or_inorganic_only_structure
11637,C1CC2C(=O)NC3CSSCCC(=O)N(C3=O)C(C(=O)NCC(=O)NC(C(=O)NC(C(=O)N2C1)CC4=CNC5=CC=CC=C54)CC(=O)O)CCCCN=C(N)N,[Na+].[Cl-],1.0,graph_compatible,counterion_or_inorganic_only_structure
11677,CNC1CCC(C2=CC=CC=C12)C3=CC(=C(C=C3)Cl)Cl,[Ca+2],1.0,graph_compatible,counterion_or_inorganic_only_structure
11707,CN1CCC23C4C(=O)CCC2(C1CC5=C3C(=C(C=C5)OC)O4)O,[Li+].[AlH4-],1.0,graph_compatible,counterion_or_inorganic_only_structure
11711,CC1=C(N2C(C(C2=O)NC(=O)C(C3=CC=CC=C3)N)SC1)C(=O)O,[Ca+2],1.0,graph_compatible,counterion_or_inorganic_only_structure
11760,C1C2CC3CC(CC1N3CC2=O)OC(=O)C4=CNC5=CC=CC=C54,[O-2].[O-2].[O-2].[As+3].[As+3],1.0,graph_compatible,counterion_or_inorganic_only_structure
11771,CC12CCC(=O)C=C1CCC3C2C(CC4(C3CCC4(C(=O)CO)O)C)O,O.O.O.O.O.O.[Cl-].[Cl-].[Ca+2],1.0,graph_compatible,counterion_or_inorganic_only_structure
11817,CN1CCN(CC1)CCCN2C3=CC=CC=C3SC4=C2C=C(C=C4)Cl,O.O.O.O.O.O.[Cl-].[Cl-].[Ca+2],1.0,graph_compatible,counterion_or_inorganic_only_structure
11979,C1CC1C#CC2(C3=C(C=CC(=C3)Cl)NC(=O)O2)C(F)(F)F,[Na+].[Cl-],1.0,graph_compatible,counterion_or_inorganic_only_structure
12009,CN1CCC23C4C(=O)CCC2(C1CC5=C3C(=C(C=C5)OC)O4)O,[Cl-].[K+],1.0,graph_compatible,counterion_or_inorganic_only_structure
12086,C1CC2CN(C(=O)C3=CC=CC(=C23)C1)C4CN5CCC4CC5,[Cl-].[K+],1.0,graph_compatible,counterion_or_inorganic_only_structure
12152,CN1C(=O)CN=C(C2=C1C=CC(=C2)Cl)C3=CC=CC=C3,[Li+].[AlH4-],1.0,graph_compatible,counterion_or_inorganic_only_structure
12171,C1=CC=C(C(=C1)C2=NC(C(=O)NC3=C2C=C(C=C3)Cl)O)Cl,O.O.O.O.O.O.[Cl-].[Cl-].[Ca+2],1.0,graph_compatible,counterion_or_inorganic_only_structure
12207,CC(C)CC(C(=O)NC(CCCN=C(N)N)C(=O)N1CCCC1C(=O)NNC(=O)N)NC(=O)C(COC(C)(C)C)NC(=O)C(CC2=CC=C(C=C2)O)NC(=O)C(CO)NC(=O)C(CC3=CNC4=CC=CC=C43)NC(=O)C(CC5=CN=CN5)NC(=O)C6CCC(=O)N6,[Cl-].[K+],1.0,graph_compatible,counterion_or_inorganic_only_structure
12221,C1C2CC3CC1CC(C2)(C3)N,[Cl-].[K+],1.0,graph_compatible,counterion_or_inorganic_only_structure
12267,CC(C)C(C)C=CC(C)C1CCC2C1(CCCC2=CC=C3CC(CCC3=C)O)C,[Cl-].[K+],1.0,graph_compatible,counterion_or_inorganic_only_structure
12325,C1CC(=O)NC(=O)C1N2C(=O)C3=CC=CC=C3C2=O,[Cl-].[K+],1.0,graph_compatible,counterion_or_inorganic_only_structure
12354,C=CCN.C1C(O1)CCl,[Ca+2],1.0,graph_compatible,counterion_or_inorganic_only_structure
12426,CC1OCC2C(O1)C(C(C(O2)OC3C4COC(=O)C4C(C5=CC6=C(C=C35)OCO6)C7=CC(=C(C(=C7)OC)O)OC)O)O,[Cl-].[K+],1.0,graph_compatible,counterion_or_inorganic_only_structure
12491,CN(C)NN=C1C(=NC=N1)C(=O)N,[Cl-].[K+],1.0,graph_compatible,counterion_or_inorganic_only_structure
12577,CC12CC(C3(C(C1CC(C2(C(=O)CO)O)O)CCC4=CC(=O)C=CC43C)F)O,[Na+].[Cl-],1.0,graph_compatible,counterion_or_inorganic_only_structure
12601,C1=NC(=NN1C2C(C(C(O2)CO)O)O)C(=O)N,[Na+].[Cl-],1.0,graph_compatible,counterion_or_inorganic_only_structure
12622,COC1=C(C=C2C(=C1)N=CN=C2NC3=CC(=C(C=C3)F)Cl)OCCCN4CCOCC4,[Na+].[Cl-],1.0,graph_compatible,counterion_or_inorganic_only_structure
12663,CN1CCCC1CC2=CNC3=C2C=C(C=C3)CCS(=O)(=O)C4=CC=CC=C4,[Cl-].[K+],1.0,graph_compatible,counterion_or_inorganic_only_structure
12665,CN(CCOC1=CC=C(C=C1)CC2C(=O)NC(=O)S2)C3=CC=CC=N3,[Cl-].[K+],1.0,graph_compatible,counterion_or_inorganic_only_structure
12673,CCCC1CC(N(C1)C)C(=O)NC(C2C(C(C(C(O2)SC)O)O)O)C(C)Cl,[O-2].[O-2].[O-2].[As+3].[As+3],1.0,graph_compatible,counterion_or_inorganic_only_structure
12704,CCCCC(=O)N(CC1=CC=C(C=C1)C2=CC=CC=C2C3=NNN=N3)C(C(C)C)C(=O)O,[Li+].[AlH4-],1.0,graph_compatible,counterion_or_inorganic_only_structure
12706,CN1C(=O)CN=C(C2=C1C=CC(=C2)Cl)C3=CC=CC=C3,[Ca+2],1.0,graph_compatible,counterion_or_inorganic_only_structure
12766,CC1C=CC=C(C(=O)NC2=C(C3=C(C4=C(C(=C3O)C)OC(C4=O)(OC=CC(C(C(C(C(C(C1O)C)O)C)OC(=O)C)C)OC)C)C(=O)C2=CNN5CCN(CC5)C)O)C,[Cl-].[K+],1.0,graph_compatible,counterion_or_inorganic_only_structure
12771,C1=CC(=CN=C1)C(=O)[O-],O.O.O.O.O.O.[Cl-].[Cl-].[Ca+2],1.0,graph_compatible,counterion_or_inorganic_only_structure
12822,CC(C=CC(C)C(C)(C)O)C1CCC2C1(CCCC2=CC=C3CC(CC(C3)O)O)C,[Ca+2],1.0,graph_compatible,counterion_or_inorganic_only_structure
12858,CC12CCC3C(C1CCC2O)C(CC4=C3C=CC(=C4)O)CCCCCCCCCS(=O)CCCC(C(F)(F)F)(F)F,O.O.O.O.O.O.[Cl-].[Cl-].[Ca+2],1.0,graph_compatible,counterion_or_inorganic_only_structure
12898,CC(C)C1=C(C(=CC=C1)C(C)C)O,O.O.O.O.O.O.[Cl-].[Cl-].[Ca+2],1.0,graph_compatible,counterion_or_inorganic_only_structure
12930,C1=C(N=C(S1)N=C(N)N)CSCCC(=NS(=O)(=O)N)N,[Cl-].[K+],1.0,graph_compatible,counterion_or_inorganic_only_structure
12954,CCCC1CC(N(C1)C)C(=O)NC(C2C(C(C(C(O2)SC)O)O)O)C(C)Cl,[Cl-].[K+],1.0,graph_compatible,counterion_or_inorganic_only_structure
13051,C[N+]1(CCCC1)CC2=C(N3C(C(C3=O)NC(=O)C(=NOC)C4=CSC(=N4)N)SC2)C(=O)[O-],[Na+].[Cl-],1.0,graph_compatible,counterion_or_inorganic_only_structure
13102,CN1C(=C(NC2=CC=CC=N2)O)C(=O)C3=CC=CC=C3S1(=O)=O,[Na+].[Cl-],1.0,graph_compatible,counterion_or_inorganic_only_structure
13143,CCCN1CC(CC2C1CC3=CNC4=CC=CC2=C34)CSC,[Cl-].[K+],1.0,graph_compatible,counterion_or_inorganic_only_structure
13187,C(=O)(N)NO,[Cl-].[K+],1.0,graph_compatible,counterion_or_inorganic_only_structure
13329,CCOC1=NC2=CC=CC(=C2N1CC3=CC=C(C=C3)C4=CC=CC=C4C5=NNN=N5)C(=O)O,[Ca+2],1.0,graph_compatible,counterion_or_inorganic_only_structure
13427,C1NC2=CC(=C(C=C2S(=O)(=O)N1)S(=O)(=O)N)Cl,[Ca+2],1.0,graph_compatible,counterion_or_inorganic_only_structure
13432,C1=CC=C2C(=C1)C=NN=C2NN,[Ca+2],1.0,graph_compatible,counterion_or_inorganic_only_structure
13447,C1=CC=C(C=C1)C2(C(=O)NC(=O)N2)C3=CC=CC=C3,[Ca+2],1.0,graph_compatible,counterion_or_inorganic_only_structure
13463,CC1=C(C=CN=C1CS(=O)C2=NC3=CC=CC=C3N2)OCCCOC,[Na+].[Cl-],1.0,graph_compatible,counterion_or_inorganic_only_structure
13498,CC(C(=O)O)N.CC(=O)O.C1=CC(=CC=C1CC(C(=O)O)N)O.C(CCN)CC(C(=O)O)N.C(CC(=O)O)C(C(=O)O)N,[Cl-].[K+],1.0,graph_compatible,counterion_or_inorganic_only_structure
13620,CCCCNC1=C(C(=CC(=C1)C(=O)O)S(=O)(=O)N)OC2=CC=CC=C2,[Cl-].[K+],1.0,graph_compatible,counterion_or_inorganic_only_structure
13643,COCCCCC(=NOCCN)C1=CC=C(C=C1)C(F)(F)F,[Li+].[AlH4-],1.0,graph_compatible,counterion_or_inorganic_only_structure
13878,C1=CC(=CC=C1C2C(C(=O)N2C3=CC=C(C=C3)F)CCC(C4=CC=C(C=C4)F)O)O,[O-2].[O-2].[O-2].[As+3].[As+3],1.0,graph_compatible,counterion_or_inorganic_only_structure
13944,CS(=O)(=O)C1=CC=C(C=C1)C2=C(C(=O)OC2)C3=CC=CC=C3,[O-2].[O-2].[O-2].[As+3].[As+3],1.0,graph_compatible,counterion_or_inorganic_only_structure
13947,CN1C(=O)CN=C(C2=C1C=CC(=C2)Cl)C3=CC=CC=C3,[O-2].[O-2].[O-2].[As+3].[As+3],1.0,graph_compatible,counterion_or_inorganic_only_structure
14039,C[N+]1(CCC2=CC(=C(C=C2C1CC3=CC(=C(C=C3)OC)OC)OC)OC)CCC(=O)OCCCCCOC(=O)CC[N+]4(CCC5=CC(=C(C=C5C4CC6=CC(=C(C=C6)OC)OC)OC)OC)C.C1=CC=C(C=C1)S(=O)(=O)[O-].C1=CC=C(C=C1)S(=O)(=O)[O-],[Na+].[Cl-],1.0,graph_compatible,counterion_or_inorganic_only_structure
14040,CC(C)[N+]1(C2CCC1CC(C2)OC(=O)C(CO)C3=CC=CC=C3)C,[Na+].[Cl-],1.0,graph_compatible,counterion_or_inorganic_only_structure
14051,C1=COC(=C1)CNC2=CC(=C(C=C2C(=O)O)S(=O)(=O)N)Cl,[Li+].[AlH4-],1.0,graph_compatible,counterion_or_inorganic_only_structure
14067,CC(C)(C1=CC=C(C=C1)C(CCCN2CCC(CC2)C(C3=CC=CC=C3)(C4=CC=CC=C4)O)O)C(=O)O,O.O.O.O.O.O.[Cl-].[Cl-].[Ca+2],1.0,graph_compatible,counterion_or_inorganic_only_structure
14133,CCN(C1=CC=CC(=C1)C2=CC=NC3=C(C=NN23)C#N)C(=O)C,[Cl-].[K+],1.0,graph_compatible,counterion_or_inorganic_only_structure
14138,CC1=CC=CC=C1S(=O)(=O)NC(=O)C2=CC(=C(C=C2)CC3=CN(C4=C3C=C(C=C4)NC(=O)OC5CCCC5)C)OC,[Cl-].[K+],1.0,graph_compatible,counterion_or_inorganic_only_structure
14193,[Ca+2],[O-]S(=O)(=O)[O-],1.0,counterion_or_inorganic_only_structure,graph_compatible
14235,[Cl-].[K+],[Li+].[AlH4-],1.0,counterion_or_inorganic_only_structure,counterion_or_inorganic_only_structure
14247,CN1C(=NC(=O)C(=N1)[O-])SCC2=C(N3C(C(C3=O)NC(=O)C(=NOC)C4=CSC(=N4)N)SC2)C(=O)[O-],[O-2].[O-2].[O-2].[As+3].[As+3],1.0,graph_compatible,counterion_or_inorganic_only_structure
14301,CC1=NC=CN1CC2CCC3=C(C2=O)C4=CC=CC=C4N3C,O.O.O.O.O.O.[Cl-].[Cl-].[Ca+2],1.0,graph_compatible,counterion_or_inorganic_only_structure
14305,C1CN=C(N1)NC2=C(C=CC=C2Cl)Cl,[Li+].[AlH4-],1.0,graph_compatible,counterion_or_inorganic_only_structure
14338,CC12CC(C3C(C1CCC2(C(=O)CO)O)CCC4=CC(=O)C=CC34C)O,O.O.O.O.O.O.[Cl-].[Cl-].[Ca+2],1.0,graph_compatible,counterion_or_inorganic_only_structure
14387,CC(C)CC1=CC=C(C=C1)C(C)C(=O)O,[Cl-].[K+],1.0,graph_compatible,counterion_or_inorganic_only_structure
14424,C1C(C2C(O1)C(CO2)O[N+](=O)[O-])O[N+](=O)[O-],[Li+].[AlH4-],1.0,graph_compatible,counterion_or_inorganic_only_structure
14438,CC1=C(C(C(=C(N1)C)C(=O)OC)C2=CC=CC=C2[N+](=O)[O-])C(=O)OC,[Cl-].[K+],1.0,graph_compatible,counterion_or_inorganic_only_structure
14495,CC(C)OC(=O)CCCC=CCC1C(CC(C1CCC(CCC2=CC=CC=C2)O)O)O,[Li+].[AlH4-],1.0,graph_compatible,counterion_or_inorganic_only_structure
14539,C1=CC=C2C(=C1)C(=NO2)CS(=O)(=O)N,[Li+].[AlH4-],1.0,graph_compatible,counterion_or_inorganic_only_structure
14574,CC(C(=O)C1=CC(=CC=C1)Cl)NC(C)(C)C,[Na+].[Cl-],1.0,graph_compatible,counterion_or_inorganic_only_structure
14595,CC1CC2C3CCC4=CC(=O)C=CC4(C3(C(CC2(C1(C(=O)CO)O)C)O)Cl)C,[Cl-].[K+],1.0,graph_compatible,counterion_or_inorganic_only_structure
14657,C1C2CNCC1C3=CC4=NC=CN=C4C=C23,[Na+].[Cl-],1.0,graph_compatible,counterion_or_inorganic_only_structure
14670,C(=O)(O)[O-].[Na+],[Ca+2],1.0,graph_compatible,counterion_or_inorganic_only_structure
14737,CC(=O)N1CCN(CC1)C2=CC=C(C=C2)OCC3COC(O3)(CN4C=CN=C4)C5=C(C=C(C=C5)Cl)Cl,[Na+].[Cl-],1.0,graph_compatible,counterion_or_inorganic_only_structure
14745,CC(CCC1=CC=CC=C1)NCC(C2=CC(=C(C=C2)O)C(=O)N)O,[Ca+2],1.0,graph_compatible,counterion_or_inorganic_only_structure
14789,CC12CCC3C(C1CCC2O)CCC4=C3C=CC(=C4)O,[Na+].[Cl-],1.0,graph_compatible,counterion_or_inorganic_only_structure
14852,CCC1C(=O)N(CC(=O)N(C(C(=O)NC(C(=O)N(C(C(=O)NC(C(=O)NC(C(=O)N(C(C(=O)N(C(C(=O)N(C(C(=O)N(C(C(=O)N1)C(C(C)CC=CC)O)C)C(C)C)C)CC(C)C)C)CC(C)C)C)C)C)CC(C)C)C)C(C)C)CC(C)C)C)C,O.O.O.O.O.O.[Cl-].[Cl-].[Ca+2],1.0,graph_compatible,counterion_or_inorganic_only_structure
14908,CCC(C)C(=O)OC1CC(C=C2C1C(C(C=C2)C)CCC(CC(CC(=O)O)O)O)O,O.O.O.O.O.O.[Cl-].[Cl-].[Ca+2],1.0,graph_compatible,counterion_or_inorganic_only_structure
15150,CC(C)CC(CC(=O)O)CN,[Li+].[AlH4-],1.0,graph_compatible,counterion_or_inorganic_only_structure
15176,C1=C(N=C(S1)N=C(N)N)CSCCC(=NS(=O)(=O)N)N,[Li+].[AlH4-],1.0,graph_compatible,counterion_or_inorganic_only_structure
15197,CNC1CCC(C2=CC=CC=C12)C3=CC(=C(C=C3)Cl)Cl,[O-2].[O-2].[O-2].[As+3].[As+3],1.0,graph_compatible,counterion_or_inorganic_only_structure
15210,CC(C1=NC=NC=C1F)C(CN2C=NC=N2)(C3=C(C=C(C=C3)F)F)O,[Na+].[Cl-],1.0,graph_compatible,counterion_or_inorganic_only_structure
15241,C1CN=C(N1)NC2=C(C=CC=C2Cl)Cl,O.O.O.O.O.O.[Cl-].[Cl-].[Ca+2],1.0,graph_compatible,counterion_or_inorganic_only_structure
15258,CON=C(C1=CC=CO1)C(=O)NC2C3N(C2=O)C(=C(CS3)COC(=O)N)C(=O)[O-],[Na+].[Cl-],1.0,graph_compatible,counterion_or_inorganic_only_structure
15329,COC1=CC=CC=C1OCCNCC(COC2=CC=CC3=C2C4=CC=CC=C4N3)O,O.O.O.O.O.O.[Cl-].[Cl-].[Ca+2],1.0,graph_compatible,counterion_or_inorganic_only_structure
15348,CC(=O)CCC1=CC2=C(C=C1)C=C(C=C2)OC,[Cl-].[K+],1.0,graph_compatible,counterion_or_inorganic_only_structure
15391,CC1C=CC=CCCC=CC=CC=CC=CC(CC(C(C(CC(=O)CC(C(CCC(CC(CC(CC(=O)OC(C(C1O)C)C)O)O)O)O)O)O)C(=O)O)O)OC2C(C(C(C(O2)C)O)N)O,[Na+].[Cl-],1.0,graph_compatible,counterion_or_inorganic_only_structure
15394,CC(C)(C(=O)O)ON=C(C1=CSC(=N1)N)C(=O)NC2C3N(C2=O)C(=C(CS3)C[N+]4=CC=CC=C4)C(=O)[O-],[Na+].[Cl-],1.0,graph_compatible,counterion_or_inorganic_only_structure
15521,C1=CC=C(C(=C1)CC(=O)[O-])NC2=C(C=CC=C2Cl)Cl,[Li+].[AlH4-],1.0,graph_compatible,counterion_or_inorganic_only_structure
15575,CC1=C(C=CN=C1CS(=O)C2=NC3=CC=CC=C3N2)OCCCOC,[Cl-].[K+],1.0,graph_compatible,counterion_or_inorganic_only_structure
15581,C1=C(C(=O)NC(=O)N1)F,[Na+].[Cl-],1.0,graph_compatible,counterion_or_inorganic_only_structure
15627,CC=CC1=C(N2C(C(C2=O)NC(=O)C(C3=CC=C(C=C3)O)N)SC1)C(=O)O,[Cl-].[K+],1.0,graph_compatible,counterion_or_inorganic_only_structure
15714,CC(=O)N1CCN(CC1)C2=CC=C(C=C2)OCC3COC(O3)(CN4C=CN=C4)C5=C(C=C(C=C5)Cl)Cl,[Cl-].[K+],1.0,graph_compatible,counterion_or_inorganic_only_structure
15717,CC(C)NCC(COC1=CC=C(C=C1)CC(=O)N)O,[Ca+2],1.0,graph_compatible,counterion_or_inorganic_only_structure
15718,CC(=O)OC1=CC=CC=C1C(=O)O,[Ca+2],1.0,graph_compatible,counterion_or_inorganic_only_structure
15784,CN(C)CCCN1C2=CC=CC=C2SC3=C1C=C(C=C3)Cl,[Li+].[AlH4-],1.0,graph_compatible,counterion_or_inorganic_only_structure
15989,CNC1CCC(C2=CC=CC=C12)C3=CC(=C(C=C3)Cl)Cl,O.O.O.O.O.O.[Cl-].[Cl-].[Ca+2],1.0,graph_compatible,counterion_or_inorganic_only_structure
16053,CNCCC(C1=CC=CS1)OC2=CC=CC3=CC=CC=C32,[Na+].[Cl-],1.0,graph_compatible,counterion_or_inorganic_only_structure
16072,COC1=C(C=C2C(=C1)C(=NC(=N2)N3CCN(CC3)C(=O)C4COC5=CC=CC=C5O4)N)OC,[Cl-].[K+],1.0,graph_compatible,counterion_or_inorganic_only_structure
16077,CCCC1OC2CC3C4CCC5=CC(=O)C=CC5(C4C(CC3(C2(O1)C(=O)CO)C)O)C,[Cl-].[K+],1.0,graph_compatible,counterion_or_inorganic_only_structure
16163,CC(C)OC(=O)C(C)(C)OC1=CC=C(C=C1)C(=O)C2=CC=C(C=C2)Cl,[Cl-].[K+],1.0,graph_compatible,counterion_or_inorganic_only_structure
16171,CCOC(=O)C(CCC1=CC=CC=C1)NC(C)C(=O)N2C3CCCC3CC2C(=O)O,[Cl-].[K+],1.0,graph_compatible,counterion_or_inorganic_only_structure
16173,CNC(=C[N+](=O)[O-])NCCSCC1=CC=C(O1)CN(C)C,[Cl-].[K+],1.0,graph_compatible,counterion_or_inorganic_only_structure
16178,CC(C)NCC(COC1=CC=C(C=C1)CCOC)O,[Na+].[Cl-],1.0,graph_compatible,counterion_or_inorganic_only_structure
16216,CC1=NC=C2N1C3=C(C=C(C=C3)Cl)C(=NC2)C4=CC=CC=C4F,[Cl-].[K+],1.0,graph_compatible,counterion_or_inorganic_only_structure
16235,C[N+]1(CCCC1)CC2=C(N3C(C(C3=O)NC(=O)C(=NOC)C4=CSC(=N4)N)SC2)C(=O)[O-],[Cl-].[K+],1.0,graph_compatible,counterion_or_inorganic_only_structure
16255,C1CC(C1)(C(=O)O)C(=O)O.N.N.[Pt],[Cl-].[K+],1.0,graph_compatible,counterion_or_inorganic_only_structure
16259,C1=NNC2=C1NC=NC2=O,O.O.O.O.O.O.[Cl-].[Cl-].[Ca+2],1.0,graph_compatible,counterion_or_inorganic_only_structure
16268,CC1CC2C3CCC(C3(CC(C2C4(C1=CC(=O)C=C4)C)O)C)(C(=O)CO)O,[Li+].[AlH4-],1.0,graph_compatible,counterion_or_inorganic_only_structure
16327,CNS(=O)(=O)CC1=CC2=C(C=C1)NC=C2CCN(C)C,[Li+].[AlH4-],1.0,graph_compatible,counterion_or_inorganic_only_structure
16407,CC1=C(C(=CC=C1)Cl)NC(=O)C2=CN=C(S2)NC3=CC(=NC(=N3)C)N4CCN(CC4)CCO,[Cl-].[K+],1.0,graph_compatible,counterion_or_inorganic_only_structure
16449,CC(C1=CC2=C(C=C1)C=C(C=C2)OC)C(=O)O,[Cl-].[K+],1.0,graph_compatible,counterion_or_inorganic_only_structure
16450,CC(C1=NC=NC=C1F)C(CN2C=NC=N2)(C3=C(C=C(C=C3)F)F)O,[Cl-].[K+],1.0,graph_compatible,counterion_or_inorganic_only_structure
16464,CCN1C=C(C(=O)C2=CC(=C(C=C21)N3CCNCC3)F)C(=O)O,[Cl-].[K+],1.0,graph_compatible,counterion_or_inorganic_only_structure
16488,CCCN(CCC)CCC1=C2CC(=O)NC2=CC=C1,[Li+].[AlH4-],1.0,graph_compatible,counterion_or_inorganic_only_structure
16571,CN(C)CCC=C1C2=CC=CC=C2CCC3=CC=CC=C31,[Ca+2],1.0,graph_compatible,counterion_or_inorganic_only_structure
16585,C(C(C(C(C(CO)O)O)O)O)O,[Ca+2],1.0,graph_compatible,counterion_or_inorganic_only_structure
16625,CC(=O)NC1=CC=C(C=C1)O,[O-2].[O-2].[O-2].[As+3].[As+3],1.0,graph_compatible,counterion_or_inorganic_only_structure
16626,CC1=C(C=CN=C1CS(=O)C2=NC3=CC=CC=C3N2)OCCCOC,[Li+].[AlH4-],1.0,graph_compatible,counterion_or_inorganic_only_structure
16705,CC(C1C(O1)CC2COC(C(C2O)O)CC(=CC(=O)OCCCCCCCCC(=O)O)C)C(C)O,[Cl-].[K+],1.0,graph_compatible,counterion_or_inorganic_only_structure
16775,C(CC(O)(P(=O)(O)O)P(=O)(O)O)CN,[O-2].[O-2].[O-2].[As+3].[As+3],1.0,graph_compatible,counterion_or_inorganic_only_structure
16863,C1CC(OC1CO)N2C=NC3=C2NC=NC3=O,[Cl-].[K+],1.0,graph_compatible,counterion_or_inorganic_only_structure
16892,C(C1C(C(C(C(O1)OC2(C(C(C(O2)OS(=O)(=O)O)OS(=O)(=O)O)OS(=O)(=O)O)COS(=O)(=O)O)OS(=O)(=O)O)OS(=O)(=O)O)OS(=O)(=O)O)OS(=O)(=O)O.O.O.O.O.O.O.O.O.O.O.O.O.O.O.O.O.O.O.O.O.[Al].[Al].[Al].[Al].[Al].[Al].[Al].[Al].[Al],[Ca+2],1.0,graph_compatible,counterion_or_inorganic_only_structure
16904,CC(=O)N(CC(CN(C1=C(C(=C(C(=C1I)C(=O)NCC(CO)O)I)C(=O)NCC(CO)O)I)C(=O)C)O)C2=C(C(=C(C(=C2I)C(=O)NCC(CO)O)I)C(=O)NCC(CO)O)I,[Cl-].[K+],1.0,graph_compatible,counterion_or_inorganic_only_structure
16969,CCN(C1=CC=CC(=C1)C2=CC=NC3=C(C=NN23)C#N)C(=O)C,[Li+].[AlH4-],1.0,graph_compatible,counterion_or_inorganic_only_structure
16981,CC(C)CC(CC(=O)O)CN,[Ca+2],1.0,graph_compatible,counterion_or_inorganic_only_structure
17018,CCCC1=NN(C2=C1NC(=NC2=O)C3=C(C=CC(=C3)S(=O)(=O)N4CCN(CC4)C)OCC)C,[Cl-].[K+],1.0,graph_compatible,counterion_or_inorganic_only_structure
17026,CCOC(=O)C1=C(NC(=C(C1C2=CC=CC=C2Cl)C(=O)OC)C)COCCN,[Li+].[AlH4-],1.0,graph_compatible,counterion_or_inorganic_only_structure
17082,CCCCCC(C=CC1C(CC(=O)C1CCCCCCC(=O)O)O)O,[Na+].[Cl-],1.0,graph_compatible,counterion_or_inorganic_only_structure
17094,C1=CC(=C(C=C1F)F)C(CN2C=NC=N2)(CN3C=NC=N3)O,[Ca+2],1.0,graph_compatible,counterion_or_inorganic_only_structure
17195,COC1=CC=CC=C1OCC(COC(=O)N)O,[Cl-].[K+],1.0,graph_compatible,counterion_or_inorganic_only_structure
17238,CC1C=CC=CCCC=CC=CC=CC=CC(CC(C(C(CC(=O)CC(C(CCC(CC(CC(CC(=O)OC(C(C1O)C)C)O)O)O)O)O)O)C(=O)O)O)OC2C(C(C(C(O2)C)O)N)O,[Cl-].[K+],1.0,graph_compatible,counterion_or_inorganic_only_structure
17348,CC(=O)CCCCN1C(=O)C2=C(N=CN2C)N(C1=O)C,[Cl-].[K+],1.0,graph_compatible,counterion_or_inorganic_only_structure
17418,C1=CC(=C(C=C1Cl)Cl)COC(CN2C=CN=C2)C3=C(C=C(C=C3)Cl)Cl,[Na+].[Cl-],1.0,graph_compatible,counterion_or_inorganic_only_structure
17428,CC(C)NCC(COC1=CC=CC2=CC=CC=C21)O,[Li+].[AlH4-],1.0,graph_compatible,counterion_or_inorganic_only_structure
17483,C1=CC=C(C=C1)C(C2=CC=CC=C2)S(=O)CC(=O)N,[Na+].[Cl-],1.0,graph_compatible,counterion_or_inorganic_only_structure
17561,CCC1=C2CN3C(=CC4=C(C3=O)COC(=O)C4(CC)O)C2=NC5=C1C=C(C=C5)OC(=O)N6CCC(CC6)N7CCCCC7,[Cl-].[K+],1.0,graph_compatible,counterion_or_inorganic_only_structure
17577,C1NC2=CC(=C(C=C2S(=O)(=O)N1)S(=O)(=O)N)Cl,[Na+].[Cl-],1.0,graph_compatible,counterion_or_inorganic_only_structure
17633,CCC1=C2C(=CC=C1)C3=C(N2)C(OCC3)(CC)CC(=O)O,[Cl-].[K+],1.0,graph_compatible,counterion_or_inorganic_only_structure
17644,CC1=C(C=CN=C1CS(=O)C2=NC3=CC=CC=C3N2)OCC(F)(F)F,O.O.O.O.O.O.[Cl-].[Cl-].[Ca+2],1.0,graph_compatible,counterion_or_inorganic_only_structure
17647,CCC12CCC3C(C1CCC2(C#C)O)CCC4=CC(=O)CCC34,[Cl-].[K+],1.0,graph_compatible,counterion_or_inorganic_only_structure
17701,CC1=CC2C(CCC3(C2CCC3(C(=O)C)O)C)C4(C1=CC(=O)CC4)C,[Na+].[Cl-],1.0,graph_compatible,counterion_or_inorganic_only_structure
17830,CC1=CC(=CC=C1)NC2=C(C=NC=C2)S(=O)(=O)NC(=O)NC(C)C,[Cl-].[K+],1.0,graph_compatible,counterion_or_inorganic_only_structure
17846,CC1=C(C=CN=C1CS(=O)C2=NC3=CC=CC=C3N2)OCC(F)(F)F,[Cl-].[K+],1.0,graph_compatible,counterion_or_inorganic_only_structure
17876,CC1CCC2CC(C(=CC=CC=CC(CC(C(=O)C(C(C(=CC(C(=O)CC(OC(=O)C3CCCCN3C(=O)C(=O)C1(O2)O)C(C)CC4CCC(C(C4)OC)O)C)C)O)OC)C)C)C)OC,[Ca+2],1.0,graph_compatible,counterion_or_inorganic_only_structure
17881,CC(CCCC(C)(C)O)C1CCC2C1(CCCC2=CC=C3CC(CC(C3=C)O)O)C,[Cl-].[K+],1.0,graph_compatible,counterion_or_inorganic_only_structure
17905,C1=CN(C=N1)CC(O)(P(=O)(O)O)P(=O)(O)O,[O-2].[O-2].[O-2].[As+3].[As+3],1.0,graph_compatible,counterion_or_inorganic_only_structure
17910,C1CN(CCN1CCOCC(=O)O)C(C2=CC=CC=C2)C3=CC=C(C=C3)Cl,[Na+].[Cl-],1.0,graph_compatible,counterion_or_inorganic_only_structure
17919,CN1CCC23C4C1CC5=C2C(=C(C=C5)O)OC3C(C=C4)O,O.O.O.O.O.O.[Cl-].[Cl-].[Ca+2],1.0,graph_compatible,counterion_or_inorganic_only_structure
17990,C1=COC(=C1)CNC2=CC(=C(C=C2C(=O)O)S(=O)(=O)N)Cl,[Ca+2],1.0,graph_compatible,counterion_or_inorganic_only_structure
17993,C1CCC(CC1)(CC(=O)O)CN,[Ca+2],1.0,graph_compatible,counterion_or_inorganic_only_structure
18047,C1CN(P(=O)(OC1)NCCCl)CCCl,[Cl-].[K+],1.0,graph_compatible,counterion_or_inorganic_only_structure
18101,C1CCC(C(C1)[NH-])[NH-].C(=O)(C(=O)O)O.[Pt+2],[Na+].[Cl-],1.0,graph_compatible,counterion_or_inorganic_only_structure
18134,CNCCC(C1=CC=CS1)OC2=CC=CC3=CC=CC=C32,[Cl-].[K+],1.0,graph_compatible,counterion_or_inorganic_only_structure
18148,C1CN(CC1C(C2=CC=CC=C2)(C3=CC=CC=C3)C(=O)N)CCC4=CC5=C(C=C4)OCC5,[Cl-].[K+],1.0,graph_compatible,counterion_or_inorganic_only_structure
18210,CC12CCC3C(C1CCC2=O)CC(=C)C4=CC(=O)C=CC34C,[Cl-].[K+],1.0,graph_compatible,counterion_or_inorganic_only_structure
18222,C1C(=S)N(C2=C(C=C(C=C2)Cl)C(=N1)C3=CC=CC=C3F)CC(F)(F)F,[Li+].[AlH4-],1.0,graph_compatible,counterion_or_inorganic_only_structure
18268,CCN(CC)CCNC(=O)C1=CC(=C(C=C1OC)N)Cl,[Li+].[AlH4-],1.0,graph_compatible,counterion_or_inorganic_only_structure
18276,C1CNCC(C1C2=CC=C(C=C2)F)COC3=CC4=C(C=C3)OCO4,[Cl-].[K+],1.0,graph_compatible,counterion_or_inorganic_only_structure
18321,CC(C)OC(=O)CCCC=CCC1C(CC(C1CCC(CCC2=CC=CC=C2)O)O)O,O.O.O.O.O.O.[Cl-].[Cl-].[Ca+2],1.0,graph_compatible,counterion_or_inorganic_only_structure
18413,C1C2=NN=CN2C3=C(C=C(C=C3)Cl)C(=N1)C4=CC=CC=C4,[Cl-].[K+],1.0,graph_compatible,counterion_or_inorganic_only_structure
18422,CN(C)CCCN1C2=CC=CC=C2CCC3=C1C=C(C=C3)Cl,[Li+].[AlH4-],1.0,graph_compatible,counterion_or_inorganic_only_structure
18438,CC(=O)NC1C(C(C(OC1O)COS(=O)(=O)O)OC2C(C(C(C(O2)C(=O)O)OC3C(C(C(C(O3)CO)OC4C(C(C(C(O4)C(=O)O)O)O)OS(=O)(=O)O)OS(=O)(=O)O)NS(=O)(=O)O)O)OS(=O)(=O)O)O,[Na+].[Cl-],1.0,graph_compatible,counterion_or_inorganic_only_structure
18599,CC(C)(C)NCC(COC1=CC=CC2=C1CC(C(C2)O)O)O,[Li+].[AlH4-],1.0,graph_compatible,counterion_or_inorganic_only_structure
18626,CC12CCC3C(C1CCC2C(=O)NC(C)(C)C)CCC4C3(C=CC(=O)N4)C,[Ca+2],1.0,graph_compatible,counterion_or_inorganic_only_structure
18634,CCCCN1CCCCC1C(=O)NC2=C(C=CC=C2C)C,[Na+].[Cl-],1.0,graph_compatible,counterion_or_inorganic_only_structure
18676,C1CNCC(C1C2=CC=C(C=C2)F)COC3=CC4=C(C=C3)OCO4,[Ca+2],1.0,graph_compatible,counterion_or_inorganic_only_structure
18730,CC12CC(C3C(C1CCC2(C(=O)CO)O)CCC4=CC(=O)C=CC34C)O,[Cl-].[K+],1.0,graph_compatible,counterion_or_inorganic_only_structure
18809,CN1CCN(CC1)C(=O)OC2C3=NC=CN=C3C(=O)N2C4=NC=C(C=C4)Cl,[Li+].[AlH4-],1.0,graph_compatible,counterion_or_inorganic_only_structure
18899,CC1=NC=C(N1CCO)[N+](=O)[O-],[Na+].[Cl-],1.0,graph_compatible,counterion_or_inorganic_only_structure
18998,C1=C(C=C(C(=C1I)OC2=CC(=C(C(=C2)I)O)I)I)CC(C(=O)O)N,O.O.O.O.O.O.[Cl-].[Cl-].[Ca+2],1.0,graph_compatible,counterion_or_inorganic_only_structure
19015,O.O.O.O.O.O.[Cl-].[Cl-].[Ca+2],[O-]S(=O)(=O)[O-],1.0,counterion_or_inorganic_only_structure,graph_compatible
19025,O.O.O.O.O.O.[Cl-].[Cl-].[Ca+2],S=[Se],1.0,counterion_or_inorganic_only_structure,graph_compatible
19043,CN(C)CCCN1C2=CC=CC=C2CCC3=C1C=C(C=C3)Cl,[Cl-].[K+],1.0,graph_compatible,counterion_or_inorganic_only_structure
19075,C1=NC2=C(N1COC(CO)CO)NC(=NC2=O)N,[Cl-].[K+],1.0,graph_compatible,counterion_or_inorganic_only_structure
19077,CC1=C(N2C(C(C2=O)NC(=O)C(C3=CC=CC=C3)N)SC1)C(=O)O,[Na+].[Cl-],1.0,graph_compatible,counterion_or_inorganic_only_structure
19085,C(N)(N)(Cl)Cl,O.O.O.O.O.O.[Cl-].[Cl-].[Ca+2],1.0,graph_compatible,counterion_or_inorganic_only_structure
19131,C1C2=CC=CC=C2N(C3=CC=CC=C3C1=O)C(=O)N,O.O.O.O.O.O.[Cl-].[Cl-].[Ca+2],1.0,graph_compatible,counterion_or_inorganic_only_structure
19132,CC(CCCC(C)(C)O)C1CCC2C1(CCCC2=CC=C3CC(CC(C3=C)O)O)C,O.O.O.O.O.O.[Cl-].[Cl-].[Ca+2],1.0,graph_compatible,counterion_or_inorganic_only_structure
19162,CC1C(C(=O)NC(C(=O)N2CCCC2C(=O)N(CC(=O)N(C(C(=O)O1)C(C)C)C)C)C(C)C)NC(=O)C3=C4C(=C(C=C3)C)OC5=C(C(=O)C(=C(C5=N4)C(=O)NC6C(OC(=O)C(N(C(=O)CN(C(=O)C7CCCN7C(=O)C(NC6=O)C(C)C)C)C)C(C)C)C)N)C,[Ca+2],1.0,graph_compatible,counterion_or_inorganic_only_structure
19201,CC1=C2C(=NC=C1)N(C3=C(C=CC=N3)C(=O)N2)C4CC4,[Cl-].[K+],1.0,graph_compatible,counterion_or_inorganic_only_structure
19262,CCC1C2(C(C(C(=O)C(CC(C(C(C(=O)C(C(=O)O1)C)C)OC3C(C(CC(O3)C)N(C)C)O)(C)OC)C)C)N(C(=O)O2)CCCCN4C=C(N=C4)C5=CN=CC=C5)C,[Ca+2],1.0,graph_compatible,counterion_or_inorganic_only_structure
19298,CCN(CC)C(=S)SSC(=S)N(CC)CC,[Li+].[AlH4-],1.0,graph_compatible,counterion_or_inorganic_only_structure
19317,CCC1C2(C(C(C(=O)C(CC(C(C(C(=O)C(C(=O)O1)C)C)OC3C(C(CC(O3)C)N(C)C)O)(C)OC)C)C)N(C(=O)O2)CCCCN4C=C(N=C4)C5=CN=CC=C5)C,[Cl-].[K+],1.0,graph_compatible,counterion_or_inorganic_only_structure
19326,CC12CC(C3C(C1CCC2(C(=O)CO)O)CCC4=CC(=O)C=CC34C)O,[O-2].[O-2].[O-2].[As+3].[As+3],1.0,graph_compatible,counterion_or_inorganic_only_structure
19331,CC1=C(C2=C(N1C(=O)C3=CC=C(C=C3)Cl)C=CC(=C2)OC)CC(=O)O,[Li+].[AlH4-],1.0,graph_compatible,counterion_or_inorganic_only_structure
19341,CC1COC2=C3N1C=C(C(=O)C3=CC(=C2N4CCN(CC4)C)F)C(=O)O,[O-2].[O-2].[O-2].[As+3].[As+3],1.0,graph_compatible,counterion_or_inorganic_only_structure
19344,CC1=C(C=CN=C1CS(=O)C2=NC3=CC=CC=C3N2)OCC(F)(F)F,[Li+].[AlH4-],1.0,graph_compatible,counterion_or_inorganic_only_structure
19357,CC(=O)SC1CC2=CC(=O)CCC2(C3C1C4CCC5(C4(CC3)C)CCC(=O)O5)C,O.O.O.O.O.O.[Cl-].[Cl-].[Ca+2],1.0,graph_compatible,counterion_or_inorganic_only_structure
19404,CN1CCN(CC1)CCC=C2C3=CC=CC=C3SC4=C2C=C(C=C4)S(=O)(=O)N(C)C,[Cl-].[K+],1.0,graph_compatible,counterion_or_inorganic_only_structure
19515,C(CCl)NC(=O)N(CCCl)N=O,[Cl-].[K+],1.0,graph_compatible,counterion_or_inorganic_only_structure
19572,COC1=CC(=CC(=C1OC)OC)CC2=CN=C(N=C2N)N,[Na+].[Cl-],1.0,graph_compatible,counterion_or_inorganic_only_structure
19599,CC1=NN=C(S1)SCC2=C(N3C(C(C3=O)NC(=O)CN4C=NN=N4)SC2)C(=O)[O-],[Na+].[Cl-],1.0,graph_compatible,counterion_or_inorganic_only_structure
19604,CCOC(=O)C1=C(NC(=C(C1C2=C(C(=CC=C2)Cl)Cl)C(=O)OC)C)C,[Cl-].[K+],1.0,graph_compatible,counterion_or_inorganic_only_structure
19672,C(CC(O)(P(=O)(O)O)P(=O)(O)O)CN,[Ca+2],1.0,graph_compatible,counterion_or_inorganic_only_structure
19674,CC(C)(C)NCC(C1=CC(=C(C=C1)O)CO)O,[Ca+2],1.0,graph_compatible,counterion_or_inorganic_only_structure
19717,CC1=CC=C(C=C1)C2=CC(=NN2C3=CC=C(C=C3)S(=O)(=O)N)C(F)(F)F,[Cl-].[K+],1.0,graph_compatible,counterion_or_inorganic_only_structure
19755,CC1=CC(=C(C=C1)C)OCCCC(C)(C)C(=O)O,[Cl-].[K+],1.0,graph_compatible,counterion_or_inorganic_only_structure
19782,C1=C(C(=O)NC(=O)N1)F,[Cl-].[K+],1.0,graph_compatible,counterion_or_inorganic_only_structure
19807,CC1=C(C2=C(C1=CC3=CC=C(C=C3)S(=O)C)C=CC(=C2)F)CC(=O)O,[Li+].[AlH4-],1.0,graph_compatible,counterion_or_inorganic_only_structure
19971,CN(CC1=CN=C2C(=N1)C(=NC(=N2)N)N)C3=CC=C(C=C3)C(=O)NC(CCC(=O)O)C(=O)O,[Cl-].[K+],1.0,graph_compatible,counterion_or_inorganic_only_structure
20226,C=CCN1CCC23C4C(=O)CCC2(C1CC5=C3C(=C(C=C5)O)O4)O,[Cl-].[K+],1.0,graph_compatible,counterion_or_inorganic_only_structure
20233,CCCCCOC(=O)NC1=NC(=O)N(C=C1F)C2C(C(C(O2)C)O)O,[Li+].[AlH4-],1.0,graph_compatible,counterion_or_inorganic_only_structure
20275,CCC1=C(CN(C1=O)C(=O)NCCC2=CC=C(C=C2)S(=O)(=O)NC(=O)NC3CCC(CC3)C)C,[Cl-].[K+],1.0,graph_compatible,counterion_or_inorganic_only_structure
20420,CN1CC(=O)N2C(C1=O)CC3=C(C2C4=CC5=C(C=C4)OCO5)NC6=CC=CC=C36,[Cl-].[K+],1.0,graph_compatible,counterion_or_inorganic_only_structure
20498,C1CC(C1)(C(=O)O)C(=O)O.N.N.[Pt],[Na+].[Cl-],1.0,graph_compatible,counterion_or_inorganic_only_structure
20520,C(C(CO[N+](=O)[O-])O[N+](=O)[O-])O[N+](=O)[O-],[Na+].[Cl-],1.0,graph_compatible,counterion_or_inorganic_only_structure
20551,CCCCCC(C=CC1C(CC2C1CC(=CCCCC(=O)O)O2)O)O,[Cl-].[K+],1.0,graph_compatible,counterion_or_inorganic_only_structure
20590,CC1CC2C3CCC4=CC(=O)C=CC4(C3(C(CC2(C1(C(=O)CCl)O)C)O)Cl)C,[Li+].[AlH4-],1.0,graph_compatible,counterion_or_inorganic_only_structure
20591,CN(C)CCC1=CNC2=C1C=C(C=C2)CN3C=NC=N3,[Li+].[AlH4-],1.0,graph_compatible,counterion_or_inorganic_only_structure
20597,COC1=C(C=C2C(=C1)CC(C2=O)CC3CCN(CC3)CC4=CC=CC=C4)OC,O.O.O.O.O.O.[Cl-].[Cl-].[Ca+2],1.0,graph_compatible,counterion_or_inorganic_only_structure
20712,CC12CC(C3(C(C1CC(C2(C(=O)CO)O)O)CCC4=CC(=O)C=CC43C)F)O,[Li+].[AlH4-],1.0,graph_compatible,counterion_or_inorganic_only_structure
20870,C1=CC=C(C=C1)C2=NC(C(=O)NC3=C2C=C(C=C3)Cl)O,[Ca+2],1.0,graph_compatible,counterion_or_inorganic_only_structure
20877,CC(C)(C#N)C1=CC(=CC(=C1)CN2C=NC=N2)C(C)(C)C#N,[Cl-].[K+],1.0,graph_compatible,counterion_or_inorganic_only_structure
20925,CCC1C(COC1=O)CC2=CN=CN2C,[Cl-].[K+],1.0,graph_compatible,counterion_or_inorganic_only_structure
20962,CCC(C)C(=O)OC1CC(C=C2C1C(C(C=C2)C)CCC3CC(CC(=O)O3)O)C,O.O.O.O.O.O.[Cl-].[Cl-].[Ca+2],1.0,graph_compatible,counterion_or_inorganic_only_structure
20997,CC1=C(N2C(C(C2=O)NC(=O)C(C3=CC=C(C=C3)O)N)SC1)C(=O)O,[Ca+2],1.0,graph_compatible,counterion_or_inorganic_only_structure
20998,CC1=NN=C(S1)SCC2=C(N3C(C(C3=O)NC(=O)CN4C=NN=N4)SC2)C(=O)[O-],[Ca+2],1.0,graph_compatible,counterion_or_inorganic_only_structure
21001,CCC1=NN(C(=O)N1CCOC2=CC=CC=C2)CCCN3CCN(CC3)C4=CC(=CC=C4)Cl,[Li+].[AlH4-],1.0,graph_compatible,counterion_or_inorganic_only_structure
21033,CC(C)C(C(=O)OCC(CO)OCN1C=NC2=C1NC(=NC2=O)N)N,[Ca+2],1.0,graph_compatible,counterion_or_inorganic_only_structure
21072,CN(CCOC1=CC=C(C=C1)CC2C(=O)NC(=O)S2)C3=CC=CC=N3,[Na+].[Cl-],1.0,graph_compatible,counterion_or_inorganic_only_structure
21086,C(C1C(C(C(C(O1)OC(C(CO)O)C(C(=O)CO)O)O)O)O)O,O.O.O.O.O.O.[Cl-].[Cl-].[Ca+2],1.0,graph_compatible,counterion_or_inorganic_only_structure
21113,C1CN(CCN1CCC2=C(C=C3C(=C2)CC(=O)N3)Cl)C4=NSC5=CC=CC=C54,[Li+].[AlH4-],1.0,graph_compatible,counterion_or_inorganic_only_structure
21178,C1=COC(=C1)CNC2=CC(=C(C=C2C(=O)O)S(=O)(=O)N)Cl,[Cl-].[K+],1.0,graph_compatible,counterion_or_inorganic_only_structure
21291,CC(C)[N+]1(C2CCC1CC(C2)OC(=O)C(CO)C3=CC=CC=C3)C,[Cl-].[K+],1.0,graph_compatible,counterion_or_inorganic_only_structure
21353,CCCC(C)(COC(=O)N)COC(=O)NC(C)C,[Na+].[Cl-],1.0,graph_compatible,counterion_or_inorganic_only_structure
21386,CC1=NN=C2N1C3=C(C=C(C=C3)Cl)C(=NC2)C4=CC=CC=C4,[Na+].[Cl-],1.0,graph_compatible,counterion_or_inorganic_only_structure
21407,CC12CC(C3(C(C1CC(C2(C(=O)CO)O)O)CCC4=CC(=O)C=CC43C)F)O,[Cl-].[K+],1.0,graph_compatible,counterion_or_inorganic_only_structure
21412,CC(=O)OC1CC2CCC3C(C2(CC1[N+]4(CCCCC4)C)C)CCC5(C3CC(C5OC(=O)C)[N+]6(CCCCC6)C)C,[Cl-].[K+],1.0,graph_compatible,counterion_or_inorganic_only_structure
21417,C1=NC2=C(N=C(N=C2N1C3C(C(C(O3)CO)O)F)Cl)N,[Cl-].[K+],1.0,graph_compatible,counterion_or_inorganic_only_structure
21453,C1=CC=C(C=C1)C2=NC(C(=O)NC3=C2C=C(C=C3)Cl)O,[Li+].[AlH4-],1.0,graph_compatible,counterion_or_inorganic_only_structure
21498,CC1=C2C(C(=O)C3(C(CC4C(C3C(C(C2(C)C)(CC1OC(=O)C(C(C5=CC=CC=C5)NC(=O)C6=CC=CC=C6)O)O)OC(=O)C7=CC=CC=C7)(CO4)OC(=O)C)O)C)OC(=O)C,O.O.O.O.O.O.[Cl-].[Cl-].[Ca+2],1.0,graph_compatible,counterion_or_inorganic_only_structure
21595,CC1=C(C(=O)N2CCCC(C2=N1)O)CCN3CCC(CC3)C4=NOC5=C4C=CC(=C5)F,[Cl-].[K+],1.0,graph_compatible,counterion_or_inorganic_only_structure
21601,CN(C)CCC=C1C2=CC=CC=C2COC3=CC=CC=C31,[Cl-].[K+],1.0,graph_compatible,counterion_or_inorganic_only_structure
21624,CC1CC2C3CC(C4=CC(=O)C=CC4(C3(C(CC2(C1(C(=O)SCF)O)C)O)F)C)F,[Li+].[AlH4-],1.0,graph_compatible,counterion_or_inorganic_only_structure
21662,CC1=CC=CC=C1C(C2=CC=CC=C2)OCCN(C)C,[Li+].[AlH4-],1.0,graph_compatible,counterion_or_inorganic_only_structure
21694,[Na+].[Cl-],[O-]S(=O)(=O)[O-],1.0,counterion_or_inorganic_only_structure,graph_compatible
21704,C(OC(C(F)(F)F)C(F)(F)F)F,[Cl-].[K+],1.0,graph_compatible,counterion_or_inorganic_only_structure
21711,C1=CN(C(=O)N=C1N)C2C(C(C(O2)CO)O)O,[O-2].[O-2].[O-2].[As+3].[As+3],1.0,graph_compatible,counterion_or_inorganic_only_structure
21715,CNC1(CCCCC1=O)C2=CC=CC=C2Cl,[Cl-].[K+],1.0,graph_compatible,counterion_or_inorganic_only_structure
21783,C1C(=O)NC2=C(C=C(C=C2)[N+](=O)[O-])C(=N1)C3=CC=CC=C3,[Cl-].[K+],1.0,graph_compatible,counterion_or_inorganic_only_structure
21811,CC(=O)CC(C1=CC=CC=C1)C2=C(OC3=CC=CC=C3C2=O)O,O.O.O.O.O.O.[Cl-].[Cl-].[Ca+2],1.0,graph_compatible,counterion_or_inorganic_only_structure
21818,C1=NC2=C(N1COCCO)NC(=NC2=O)N,[Li+].[AlH4-],1.0,graph_compatible,counterion_or_inorganic_only_structure
21858,CCC1C(C(C(C(=O)C(CC(C(C(C(C(C(=O)O1)C)OC2CC(C(C(O2)C)O)(C)OC)C)OC3C(C(CC(O3)C)N(C)C)O)(C)O)C)C)O)(C)O,[Cl-].[K+],1.0,graph_compatible,counterion_or_inorganic_only_structure
21903,CCN(CC)CC(=O)NC1=C(C=CC=C1C)C,[Na+].[Cl-],1.0,graph_compatible,counterion_or_inorganic_only_structure
21966,CCC1=C2CN3C(=CC4=C(C3=O)COC(=O)C4(CC)O)C2=NC5=C1C=C(C=C5)OC(=O)N6CCC(CC6)N7CCCCC7,[Na+].[Cl-],1.0,graph_compatible,counterion_or_inorganic_only_structure
21975,C1CNP(=O)(OC1)N(CCCl)CCCl,O.O.O.O.O.O.[Cl-].[Cl-].[Ca+2],1.0,graph_compatible,counterion_or_inorganic_only_structure
21985,CCCCCC(CCC1C(CC2C1CC3=C(C2)C(=CC=C3)OCC(=O)O)O)O,[Na+].[Cl-],1.0,graph_compatible,counterion_or_inorganic_only_structure
21992,[Ca+2],[Cl-].[K+],1.0,counterion_or_inorganic_only_structure,counterion_or_inorganic_only_structure
22002,CC1C(C(CC(O1)OC2C(OC(CC2O)OC3C(OC(CC3O)OC4CCC5(C(C4)CCC6C5CC(C7(C6(CCC7C8=CC(=O)OC8)O)C)O)C)C)C)O)O,[Ca+2],1.0,graph_compatible,counterion_or_inorganic_only_structure
22008,CCCCCN(C)CCC(O)(P(=O)(O)O)P(=O)(O)O,O.O.O.O.O.O.[Cl-].[Cl-].[Ca+2],1.0,graph_compatible,counterion_or_inorganic_only_structure
22011,CCCCC1=C(C2=CC=CC=C2O1)C(=O)C3=CC(=C(C(=C3)I)OCC[NH+](CC)CC)I,[Cl-].[K+],1.0,graph_compatible,counterion_or_inorganic_only_structure
22034,CCC(C)(C)C(=O)OC1CC(C=C2C1C(C(C=C2)C)CCC3CC(CC(=O)O3)O)C,O.O.O.O.O.O.[Cl-].[Cl-].[Ca+2],1.0,graph_compatible,counterion_or_inorganic_only_structure
22071,COC1=C2C(=CC(=C1N3CC4CCCNC4C3)F)C(=O)C(=CN2C5CC5)C(=O)O,[Na+].[Cl-],1.0,graph_compatible,counterion_or_inorganic_only_structure
22095,C1=CC=C2C(=C1)C(=O)NC2(C3=CC(=C(C=C3)Cl)S(=O)(=O)N)O,[Cl-].[K+],1.0,graph_compatible,counterion_or_inorganic_only_structure
22120,CN1CCC23C4C(=O)CCC2(C1CC5=C3C(=C(C=C5)OC)O4)O,[Na+].[Cl-],1.0,graph_compatible,counterion_or_inorganic_only_structure
22230,CC1OCC2C(O1)C(C(C(O2)OC3C4COC(=O)C4C(C5=CC6=C(C=C35)OCO6)C7=CC(=C(C(=C7)OC)O)OC)O)O,O.O.O.O.O.O.[Cl-].[Cl-].[Ca+2],1.0,graph_compatible,counterion_or_inorganic_only_structure
22278,C1=CN=CC=C1C(=O)NN,[Cl-].[K+],1.0,graph_compatible,counterion_or_inorganic_only_structure
22330,CN(C)CCCC1(C2=C(CO1)C=C(C=C2)C#N)C3=CC=C(C=C3)F,[Li+].[AlH4-],1.0,graph_compatible,counterion_or_inorganic_only_structure
22337,CC1=C(C(=O)N2CCCCC2=N1)CCN3CCC(CC3)C4=NOC5=C4C=CC(=C5)F,[Li+].[AlH4-],1.0,graph_compatible,counterion_or_inorganic_only_structure
22383,CCCC1=CC(=O)NC(=S)N1,[Cl-].[K+],1.0,graph_compatible,counterion_or_inorganic_only_structure
22426,CCCC1=NC(=C2N1NC(=NC2=O)C3=C(C=CC(=C3)S(=O)(=O)N4CCN(CC4)CC)OCC)C,[Cl-].[K+],1.0,graph_compatible,counterion_or_inorganic_only_structure
22459,CNCC(C1=CC(=C(C=C1)O)O)O,[Cl-].[K+],1.0,graph_compatible,counterion_or_inorganic_only_structure
22643,CC1=C(C(=O)N2CCCCC2=N1)CCN3CCC(CC3)C4=NOC5=C4C=CC(=C5)F,[Cl-].[K+],1.0,graph_compatible,counterion_or_inorganic_only_structure
22644,CC(C)C1=NC(=CS1)CN(C)C(=O)NC(C(C)C)C(=O)NC(CC2=CC=CC=C2)CC(C(CC3=CC=CC=C3)NC(=O)OCC4=CN=CS4)O,[Cl-].[K+],1.0,graph_compatible,counterion_or_inorganic_only_structure
22650,CN(C)CCC1=CNC2=C1C=C(C=C2)CN3C=NC=N3,[Cl-].[K+],1.0,graph_compatible,counterion_or_inorganic_only_structure
22653,CN1CCC23C4C1CC5=C2C(=C(C=C5)O)OC3C(=O)CC4,[Ca+2],1.0,graph_compatible,counterion_or_inorganic_only_structure
22657,CC12CCC(=O)C=C1CCC3C2C(CC4(C3CCC4(C(=O)CO)O)C)O,[Ca+2],1.0,graph_compatible,counterion_or_inorganic_only_structure
22734,C1CC2CN(C(=O)C3=CC=CC(=C23)C1)C4CN5CCC4CC5,[O-2].[O-2].[O-2].[As+3].[As+3],1.0,graph_compatible,counterion_or_inorganic_only_structure
22757,CN(C)CC1CCCCC1(C2=CC(=CC=C2)OC)O,[Cl-].[K+],1.0,graph_compatible,counterion_or_inorganic_only_structure
22835,C1=CC(=CC=C1C2C(C(=O)N2C3=CC=C(C=C3)F)CCC(C4=CC=C(C=C4)F)O)O,O.O.O.O.O.O.[Cl-].[Cl-].[Ca+2],1.0,graph_compatible,counterion_or_inorganic_only_structure
22878,CC(C)(C)NCC(C1=CC(=C(C=C1)O)CO)O,[Cl-].[K+],1.0,graph_compatible,counterion_or_inorganic_only_structure
22885,CN(C)CCCN1C2=CC=CC=C2SC3=C1C=C(C=C3)Cl,[Cl-].[K+],1.0,graph_compatible,counterion_or_inorganic_only_structure
22899,C1C(OC(S1)CO)N2C=CC(=NC2=O)N,[Cl-].[K+],1.0,graph_compatible,counterion_or_inorganic_only_structure
22934,CC(C)(C)C(=O)OCOP(=O)(COCCN1C=NC2=C(N=CN=C21)N)OCOC(=O)C(C)(C)C,[Cl-].[K+],1.0,graph_compatible,counterion_or_inorganic_only_structure
22951,CNCC(C1=CC(=C(C=C1)O)O)O,[Na+].[Cl-],1.0,graph_compatible,counterion_or_inorganic_only_structure
22955,CCCCCN=C(N)NNC=C1C=NC2=C1C=C(C=C2)CO,O.O.O.O.O.O.[Cl-].[Cl-].[Ca+2],1.0,graph_compatible,counterion_or_inorganic_only_structure
23005,CC(=O)NCC1CN(C(=O)O1)C2=CC(=C(C=C2)N3CCOCC3)F,[Na+].[Cl-],1.0,graph_compatible,counterion_or_inorganic_only_structure
23088,C1=CC=NC(=C1)NS(=O)(=O)C2=CC=C(C=C2)NN=C3C=CC(=O)C(=C3)C(=O)O,[Li+].[AlH4-],1.0,graph_compatible,counterion_or_inorganic_only_structure
23254,CCOC(=O)N1CCC(=C2C3=C(CCC4=C2N=CC=C4)C=C(C=C3)Cl)CC1,[Cl-].[K+],1.0,graph_compatible,counterion_or_inorganic_only_structure
23266,C1=CC=C(C(=C1)C2=NC(C(=O)NC3=C2C=C(C=C3)Cl)O)Cl,[O-2].[O-2].[O-2].[As+3].[As+3],1.0,graph_compatible,counterion_or_inorganic_only_structure
23422,CCOC1=CC=CC=C1OCCNC(C)CC2=CC(=C(C=C2)OC)S(=O)(=O)N,[Li+].[AlH4-],1.0,graph_compatible,counterion_or_inorganic_only_structure
23446,C1=NC(=C2C(=N1)N(C=N2)C3C(C(C(O3)CO)O)O)N,[Cl-].[K+],1.0,graph_compatible,counterion_or_inorganic_only_structure
23471,CC(C)NCC(COC1=CC=C(C=C1)CC(=O)N)O,[Cl-].[K+],1.0,graph_compatible,counterion_or_inorganic_only_structure
23503,C1CC(N(C1)C(=O)C(CCCCN)NC(CCC2=CC=CC=C2)C(=O)O)C(=O)O,[O-2].[O-2].[O-2].[As+3].[As+3],1.0,graph_compatible,counterion_or_inorganic_only_structure
23614,C1CN(CCN1CCCN2C(=O)N3C=CC=CC3=N2)C4=CC(=CC=C4)Cl,[Li+].[AlH4-],1.0,graph_compatible,counterion_or_inorganic_only_structure
23705,CCNC1CC(S(=O)(=O)C2=C1C=C(S2)S(=O)(=O)N)C,[Cl-].[K+],1.0,graph_compatible,counterion_or_inorganic_only_structure
23736,C1CC(=O)NC(=O)C1N2CC3=C(C2=O)C=CC=C3N,[Cl-].[K+],1.0,graph_compatible,counterion_or_inorganic_only_structure
23792,C(C1C(C(C(C(O1)OC2(C(C(C(O2)OS(=O)(=O)O)OS(=O)(=O)O)OS(=O)(=O)O)COS(=O)(=O)O)OS(=O)(=O)O)OS(=O)(=O)O)OS(=O)(=O)O)OS(=O)(=O)O.O.O.O.O.O.O.O.O.O.O.O.O.O.O.O.O.O.O.O.O.[Al].[Al].[Al].[Al].[Al].[Al].[Al].[Al].[Al],[Na+].[Cl-],1.0,graph_compatible,counterion_or_inorganic_only_structure
23819,CNCCC(C1=CC=CS1)OC2=CC=CC3=CC=CC=C32,[Li+].[AlH4-],1.0,graph_compatible,counterion_or_inorganic_only_structure
23862,CN1CCN(CC1)C2=C3C=CC=CC3=NC4=C(N2)C=C(C=C4)Cl,[Li+].[AlH4-],1.0,graph_compatible,counterion_or_inorganic_only_structure
23872,CC(C)C1=NC(=NC(=C1CCC(CC(CC(=O)O)O)O)C2=CC=C(C=C2)F)N(C)S(=O)(=O)C,[Ca+2],1.0,graph_compatible,counterion_or_inorganic_only_structure
23916,CC1=NN=C2N1C3=C(C=C(C=C3)Cl)C(=NC2)C4=CC=CC=C4,O.O.O.O.O.O.[Cl-].[Cl-].[Ca+2],1.0,graph_compatible,counterion_or_inorganic_only_structure
23930,CC1COC2=C3N1C=C(C(=O)C3=CC(=C2N4CCN(CC4)C)F)C(=O)O,O.O.O.O.O.O.[Cl-].[Cl-].[Ca+2],1.0,graph_compatible,counterion_or_inorganic_only_structure
23943,C(C1C(C(C(C(O1)OC2(C(C(C(O2)OS(=O)(=O)O)OS(=O)(=O)O)OS(=O)(=O)O)COS(=O)(=O)O)OS(=O)(=O)O)OS(=O)(=O)O)OS(=O)(=O)O)OS(=O)(=O)O.O.O.O.O.O.O.O.O.O.O.O.O.O.O.O.O.O.O.O.O.[Al].[Al].[Al].[Al].[Al].[Al].[Al].[Al].[Al],[Li+].[AlH4-],1.0,graph_compatible,counterion_or_inorganic_only_structure
23987,CC1=C(C(C(=C(N1)C)C(=O)OC)C2=CC=CC=C2[N+](=O)[O-])C(=O)OC,[Ca+2],1.0,graph_compatible,counterion_or_inorganic_only_structure
24034,CNS(=O)(=O)CC1=CC2=C(C=C1)NC=C2CCN(C)C,[Ca+2],1.0,graph_compatible,counterion_or_inorganic_only_structure
24045,CNC(=C[N+](=O)[O-])NCCSCC1=CC=C(O1)CN(C)C,[Na+].[Cl-],1.0,graph_compatible,counterion_or_inorganic_only_structure
24077,CCC1C(C(C(C(=O)C(CC(C(C(C(C(C(=O)O1)C)OC2CC(C(C(O2)C)O)(C)OC)C)OC3C(C(CC(O3)C)N(C)C)O)(C)O)C)C)O)(C)O,[Li+].[AlH4-],1.0,graph_compatible,counterion_or_inorganic_only_structure
24088,CCN(CCCC(C)NC1=C2C=CC(=CC2=NC=C1)Cl)CCO,[Cl-].[K+],1.0,graph_compatible,counterion_or_inorganic_only_structure
24118,CN1C2=C(C(=O)N(C1=O)C)NC=N2,[Cl-].[K+],1.0,graph_compatible,counterion_or_inorganic_only_structure
24190,CC(C)(CC1=CC=CC=C1)N,[Li+].[AlH4-],1.0,graph_compatible,counterion_or_inorganic_only_structure
24292,CC1=C(C(=NO1)C2=CC=CC=C2)C(=O)NC3C4N(C3=O)C(C(S4)(C)C)C(=O)[O-],[Cl-].[K+],1.0,graph_compatible,counterion_or_inorganic_only_structure
24338,CC(CCC1=CC=CC=C1)NCC(C2=CC(=C(C=C2)O)C(=O)N)O,[Cl-].[K+],1.0,graph_compatible,counterion_or_inorganic_only_structure
24381,CC(C)NCC(COC1=CC=CC2=CC=CC=C21)O,[Na+].[Cl-],1.0,graph_compatible,counterion_or_inorganic_only_structure
24389,CC1CC2C3CC(C4=CC(=O)C=CC4(C3(C(CC2(C1(C(=O)SCF)O)C)O)F)C)F,[Na+].[Cl-],1.0,graph_compatible,counterion_or_inorganic_only_structure
24469,C1C(N(C2=C(N1)NC(=NC2=O)N)C=O)CNC3=CC=C(C=C3)C(=O)NC(CCC(=O)O)C(=O)O,O.O.O.O.O.O.[Cl-].[Cl-].[Ca+2],1.0,graph_compatible,counterion_or_inorganic_only_structure
24537,CN1CCN2C(C1)C3=CC=CC=C3CC4=C2N=CC=C4,[Na+].[Cl-],1.0,graph_compatible,counterion_or_inorganic_only_structure
24579,CC(C)(C)NC(=O)C1CC2CCCCC2CN1CC(C(CC3=CC=CC=C3)NC(=O)C(CC(=O)N)NC(=O)C4=NC5=CC=CC=C5C=C4)O,[Cl-].[K+],1.0,graph_compatible,counterion_or_inorganic_only_structure
24594,CCC(CC)OC1C=C(CC(C1NC(=O)C)N)C(=O)OCC,[Na+].[Cl-],1.0,graph_compatible,counterion_or_inorganic_only_structure
24664,C(C(C(C(C(CO)O)O)O)O)O,O.O.O.O.O.O.[Cl-].[Cl-].[Ca+2],1.0,graph_compatible,counterion_or_inorganic_only_structure
24711,C1=CC(=CC=C1C(=O)NC(CCC(=O)O)C(=O)O)NCC2=CN=C3C(=N2)C(=O)N=C(N3)N,[Na+].[Cl-],1.0,graph_compatible,counterion_or_inorganic_only_structure
24968,C1CC1N2C=C(C(=O)C3=CC(=C(C=C32)N4CCNCC4)F)C(=O)O,[Ca+2],1.0,graph_compatible,counterion_or_inorganic_only_structure
25001,CC(C)OC(=O)CCCC=CCC1C(CC(C1C=CC(COC2=CC=CC(=C2)C(F)(F)F)O)O)O,[Cl-].[K+],1.0,graph_compatible,counterion_or_inorganic_only_structure
25025,CC12CC(C3C(C1CCC2(C(=O)CO)O)CCC4=CC(=O)C=CC34C)O,[Na+].[Cl-],1.0,graph_compatible,counterion_or_inorganic_only_structure
25051,C1C2CC3CC(CC1N3CC2=O)OC(=O)C4=CNC5=CC=CC=C54,[Ca+2],1.0,graph_compatible,counterion_or_inorganic_only_structure
25069,CC(=O)OC1C(SC2=CC=CC=C2N(C1=O)CC[NH+](C)C)C3=CC=C(C=C3)OC,[Li+].[AlH4-],1.0,graph_compatible,counterion_or_inorganic_only_structure
25086,C1CN(CCC1(C2=CC=C(C=C2)Cl)O)CCCC(=O)C3=CC=C(C=C3)F,[Li+].[AlH4-],1.0,graph_compatible,counterion_or_inorganic_only_structure
25124,CC(=O)NCC1CN(C(=O)O1)C2=CC(=C(C=C2)N3CCOCC3)F,O.O.O.O.O.O.[Cl-].[Cl-].[Ca+2],1.0,graph_compatible,counterion_or_inorganic_only_structure
25129,CC12CCC(=O)C=C1CCC3C2C(CC4(C3CCC4(C(=O)CO)O)C)O,[Li+].[AlH4-],1.0,graph_compatible,counterion_or_inorganic_only_structure
25152,C1C(=O)NC2=C(C=C(C=C2)[N+](=O)[O-])C(=N1)C3=CC=CC=C3Cl,[Na+].[Cl-],1.0,graph_compatible,counterion_or_inorganic_only_structure
25177,CC1C(C(CC(O1)OC2C(OC(CC2O)OC3C(OC(CC3O)OC4CCC5(C(C4)CCC6C5CC(C7(C6(CCC7C8=CC(=O)OC8)O)C)O)C)C)C)O)O,[Li+].[AlH4-],1.0,graph_compatible,counterion_or_inorganic_only_structure
25289,C1C(N(C2=C(N1)NC(=NC2=O)N)C=O)CNC3=CC=C(C=C3)C(=O)NC(CCC(=O)O)C(=O)O,[Li+].[AlH4-],1.0,graph_compatible,counterion_or_inorganic_only_structure
25324,C1=CC(=CC=C1CCC2=CNC3=C2C(=O)N=C(N3)N)C(=O)NC(CCC(=O)O)C(=O)O,[Cl-].[K+],1.0,graph_compatible,counterion_or_inorganic_only_structure
25336,C1CN(CC=C1N2C3=CC=CC=C3NC2=O)CCCC(=O)C4=CC=C(C=C4)F,[Na+].[Cl-],1.0,graph_compatible,counterion_or_inorganic_only_structure
25341,C1=CN(C(=O)N=C1N)C2C(C(C(O2)CO)O)(F)F,[Cl-].[K+],1.0,graph_compatible,counterion_or_inorganic_only_structure
25362,CCCNC1CCC2=C(C1)SC(=N2)N,[Li+].[AlH4-],1.0,graph_compatible,counterion_or_inorganic_only_structure
25376,C1CN(CCC1(C2=CC=C(C=C2)Cl)O)CCCC(=O)C3=CC=C(C=C3)F,[Cl-].[K+],1.0,graph_compatible,counterion_or_inorganic_only_structure
25459,CN(C)CCC=C1C2=CC=CC=C2COC3=CC=CC=C31,[Li+].[AlH4-],1.0,graph_compatible,counterion_or_inorganic_only_structure
25637,C1CC1N2C=C(C(=O)C3=CC(=C(C=C32)N4CCNCC4)F)C(=O)O,[Cl-].[K+],1.0,graph_compatible,counterion_or_inorganic_only_structure
25657,CC1=CN=C(C(=C1OC)C)CS(=O)C2=NC3=C(N2)C=C(C=C3)OC,[Li+].[AlH4-],1.0,graph_compatible,counterion_or_inorganic_only_structure
25750,CC1=CN=C(C(=C1OC)C)CS(=O)C2=NC3=C(N2)C=C(C=C3)OC,[Cl-].[K+],1.0,graph_compatible,counterion_or_inorganic_only_structure
25757,C1=CN(C=N1)CC(O)(P(=O)(O)O)P(=O)(O)O,[Na+].[Cl-],1.0,graph_compatible,counterion_or_inorganic_only_structure
25923,CCCCCN=C(N)NNC=C1C=NC2=C1C=C(C=C2)CO,[Cl-].[K+],1.0,graph_compatible,counterion_or_inorganic_only_structure
26098,CCCC1=NC(=C(N1CC2=CC=C(C=C2)C3=CC=CC=C3C4=NNN=N4)C(=O)OCC5=C(OC(=O)O5)C)C(C)(C)O,[Na+].[Cl-],1.0,graph_compatible,counterion_or_inorganic_only_structure
26130,CC1=NC=CN1CC2CCC3=C(C2=O)C4=CC=CC=C4N3C,[Cl-].[K+],1.0,graph_compatible,counterion_or_inorganic_only_structure
26182,CC(C)(C)NCC(C1=CC(=C(C=C1)O)CO)O,[O-2].[O-2].[O-2].[As+3].[As+3],1.0,graph_compatible,counterion_or_inorganic_only_structure
26186,CCCC(CCC)C(=O)O,[Li+].[AlH4-],1.0,graph_compatible,counterion_or_inorganic_only_structure
26283,CC(CCC1=CC=C(C=C1)O)NCCC2=CC(=C(C=C2)O)O,O.O.O.O.O.O.[Cl-].[Cl-].[Ca+2],1.0,graph_compatible,counterion_or_inorganic_only_structure
26353,CCC(C)N1C(=O)N(C=N1)C2=CC=C(C=C2)N3CCN(CC3)C4=CC=C(C=C4)OCC5COC(O5)(CN6C=NC=N6)C7=C(C=C(C=C7)Cl)Cl,[O-2].[O-2].[O-2].[As+3].[As+3],1.0,graph_compatible,counterion_or_inorganic_only_structure
26454,CCN1CCN(C(=O)C1=O)C(=O)NC(C2=CC=CC=C2)C(=O)NC3C4N(C3=O)C(C(S4)(C)C)C(=O)[O-],[Cl-].[K+],1.0,graph_compatible,counterion_or_inorganic_only_structure
26530,CC(C)(C1=CC=CC=C1CCC(C2=CC=CC(=C2)C=CC3=NC4=C(C=CC(=C4)Cl)C=C3)S)O,[Cl-].[K+],1.0,graph_compatible,counterion_or_inorganic_only_structure
26673,CN(C)CC1CCCCC1(C2=CC(=CC=C2)OC)O,[Na+].[Cl-],1.0,graph_compatible,counterion_or_inorganic_only_structure
26695,COC1=CC2=C(C=CN=C2C=C1)C(C3CC4CCN3CC4C=C)O,[Cl-].[K+],1.0,graph_compatible,counterion_or_inorganic_only_structure
26705,CCC(C)(C)C(=O)OC1CC(C=C2C1C(C(C=C2)C)CCC3CC(CC(=O)O3)O)C,[Ca+2],1.0,graph_compatible,counterion_or_inorganic_only_structure
26720,CC1=CC(=CC=C1)NC2=C(C=NC=C2)S(=O)(=O)NC(=O)NC(C)C,[Ca+2],1.0,graph_compatible,counterion_or_inorganic_only_structure
26802,C1=CC(=CC=C1C2C(C(=O)N2C3=CC=C(C=C3)F)CCC(C4=CC=C(C=C4)F)O)O,[Ca+2],1.0,graph_compatible,counterion_or_inorganic_only_structure
26810,CN1C(=O)CN=C(C2=C1C=CC(=C2)Cl)C3=CC=CC=C3,[Cl-].[K+],1.0,graph_compatible,counterion_or_inorganic_only_structure
26942,CN(C)CCCC1(C2=C(CO1)C=C(C=C2)C#N)C3=CC=C(C=C3)F,[Cl-].[K+],1.0,graph_compatible,counterion_or_inorganic_only_structure
27072,CCOC1=CC=CC=C1OCCNC(C)CC2=CC(=C(C=C2)OC)S(=O)(=O)N,[Cl-].[K+],1.0,graph_compatible,counterion_or_inorganic_only_structure
27121,CC(C)(C)C1=CC=C(C=C1)S(=O)(=O)NC2=C(C(=NC(=N2)C3=NC=CC=N3)OCCO)OC4=CC=CC=C4OC,[Na+].[Cl-],1.0,graph_compatible,counterion_or_inorganic_only_structure
27150,C(C1C(C(C(C(O1)O)O)O)O)O,[Li+].[AlH4-],1.0,graph_compatible,counterion_or_inorganic_only_structure
27185,CC1=NC=C(N1CCO)[N+](=O)[O-],[Cl-].[K+],1.0,graph_compatible,counterion_or_inorganic_only_structure
27197,CN1CCCC1CC2=CNC3=C2C=C(C=C3)CCS(=O)(=O)C4=CC=CC=C4,[Li+].[AlH4-],1.0,graph_compatible,counterion_or_inorganic_only_structure
27200,CN(CCOC1=CC=C(C=C1)CC2C(=O)NC(=O)S2)C3=CC=CC=N3,[Li+].[AlH4-],1.0,graph_compatible,counterion_or_inorganic_only_structure
27252,CCC(=O)N(C1CCN(CC1)CCC2=CC=CC=C2)C3=CC=CC=C3,[Cl-].[K+],1.0,graph_compatible,counterion_or_inorganic_only_structure
27271,CCC(=O)OC(C(C)C)OP(=O)(CCCCC1=CC=CC=C1)CC(=O)N2CC(CC2C(=O)[O-])C3CCCCC3,[Ca+2],1.0,graph_compatible,counterion_or_inorganic_only_structure
27314,CC(=O)CC(C1=CC=CC=C1)C2=C(OC3=CC=CC=C3C2=O)O,[Cl-].[K+],1.0,graph_compatible,counterion_or_inorganic_only_structure
27368,CCC(C)N1C(=O)N(C=N1)C2=CC=C(C=C2)N3CCN(CC3)C4=CC=C(C=C4)OCC5COC(O5)(CN6C=NC=N6)C7=C(C=C(C=C7)Cl)Cl,[Cl-].[K+],1.0,graph_compatible,counterion_or_inorganic_only_structure
27378,CCC(=O)N(C1CCN(CC1)CCC2=CC=CC=C2)C3=CC=CC=C3,[Li+].[AlH4-],1.0,graph_compatible,counterion_or_inorganic_only_structure
27410,CNCCC(C1=CC=CS1)OC2=CC=CC3=CC=CC=C32,O.O.O.O.O.O.[Cl-].[Cl-].[Ca+2],1.0,graph_compatible,counterion_or_inorganic_only_structure
27433,CCC1(CC2CC(C3=C(CCN(C2)C1)C4=CC=CC=C4N3)(C5=C(C=C6C(=C5)C78CCN9C7C(C=CC9)(C(C(C8N6C=O)(C(=O)OC)O)OC(=O)C)CC)OC)C(=O)OC)O,[Ca+2],1.0,graph_compatible,counterion_or_inorganic_only_structure
27456,CN(C)NN=C1C(=NC=N1)C(=O)N,[Na+].[Cl-],1.0,graph_compatible,counterion_or_inorganic_only_structure
27503,CC(C)C(CCCN(C)CCC1=CC(=C(C=C1)OC)OC)(C#N)C2=CC(=C(C=C2)OC)OC,[Ca+2],1.0,graph_compatible,counterion_or_inorganic_only_structure
27504,CC(C=CC(C1CC1)O)C2CCC3C2(CCCC3=CC=C4CC(CC(C4=C)O)O)C,[Ca+2],1.0,graph_compatible,counterion_or_inorganic_only_structure
27505,CC(CCCC(C)(C)O)C1CCC2C1(CCCC2=CC=C3CC(CC(C3=C)O)O)C,[Ca+2],1.0,graph_compatible,counterion_or_inorganic_only_structure
27507,C1C2CNCC1C3=CC4=NC=CN=C4C=C23,[Cl-].[K+],1.0,graph_compatible,counterion_or_inorganic_only_structure
27512,COC1=CC=CC=C1OCC(CO)O,[Cl-].[K+],1.0,graph_compatible,counterion_or_inorganic_only_structure
27590,CC1CN(CCN1)C2=C(C=C3C(=C2OC)N(C=C(C3=O)C(=O)O)C4CC4)F,[Na+].[Cl-],1.0,graph_compatible,counterion_or_inorganic_only_structure
27616,C1=NNC2=C1NC=NC2=O,[Li+].[AlH4-],1.0,graph_compatible,counterion_or_inorganic_only_structure
27669,CC1=C2C(C(=O)C3(C(CC4C(C3C(C(C2(C)C)(CC1OC(=O)C(C(C5=CC=CC=C5)NC(=O)OC(C)(C)C)O)O)OC(=O)C6=CC=CC=C6)(CO4)OC(=O)C)O)C)O,[Na+].[Cl-],1.0,graph_compatible,counterion_or_inorganic_only_structure
27741,CC1=C(C(=O)N2CCCCC2=N1)CCN3CCC(CC3)C4=NOC5=C4C=CC(=C5)F,O.O.O.O.O.O.[Cl-].[Cl-].[Ca+2],1.0,graph_compatible,counterion_or_inorganic_only_structure
27798,CC1C(C(CC(O1)OC2C(OC(CC2O)OC3C(OC(CC3O)OC4CCC5(C(C4)CCC6C5CC(C7(C6(CCC7C8=CC(=O)OC8)O)C)O)C)C)C)O)O,[O-2].[O-2].[O-2].[As+3].[As+3],1.0,graph_compatible,counterion_or_inorganic_only_structure
27834,CC12CCC3C(C1CCC2O)CCC4=C3C=CC(=C4)O,[Li+].[AlH4-],1.0,graph_compatible,counterion_or_inorganic_only_structure
27864,C1(=C(N=C(C(=N1)Cl)N)N)C(=O)N=C(N)N,[Cl-].[K+],1.0,graph_compatible,counterion_or_inorganic_only_structure
27871,CC1COC2=C3N1C=C(C(=O)C3=CC(=C2N4CCN(CC4)C)F)C(=O)O,[Na+].[Cl-],1.0,graph_compatible,counterion_or_inorganic_only_structure
27886,CCCCCC(CCC1C(CC2C1CC3=C(C2)C(=CC=C3)OCC(=O)O)O)O,[Cl-].[K+],1.0,graph_compatible,counterion_or_inorganic_only_structure
27959,C1=CC=C(C=C1)C2(C(=O)NC(=O)N2)C3=CC=CC=C3,[Li+].[AlH4-],1.0,graph_compatible,counterion_or_inorganic_only_structure
28091,COC1=CC=CC=C1OCCNCC(COC2=CC=CC3=C2C4=CC=CC=C4N3)O,[Na+].[Cl-],1.0,graph_compatible,counterion_or_inorganic_only_structure
28184,CC12CC(=O)C3C(C1CCC2(C(=O)CO)O)CCC4=CC(=O)C=CC34C,[Ca+2],1.0,graph_compatible,counterion_or_inorganic_only_structure
28210,COC1=C(C=C(C=C1)Cl)C(=O)NCCC2=CC=C(C=C2)S(=O)(=O)NC(=O)NC3CCCCC3,[Cl-].[K+],1.0,graph_compatible,counterion_or_inorganic_only_structure
28229,C1=CN(C=N1)CC(O)(P(=O)(O)O)P(=O)(O)O,O.O.O.O.O.O.[Cl-].[Cl-].[Ca+2],1.0,graph_compatible,counterion_or_inorganic_only_structure
28238,C1=CC=C2C(=C1)C=CC3=CC=CC=C3N2C(=O)N,O.O.O.O.O.O.[Cl-].[Cl-].[Ca+2],1.0,graph_compatible,counterion_or_inorganic_only_structure
28383,C(C(CO[N+](=O)[O-])O[N+](=O)[O-])O[N+](=O)[O-],[O-2].[O-2].[O-2].[As+3].[As+3],1.0,graph_compatible,counterion_or_inorganic_only_structure
28436,CNCCC=C1C2=CC=CC=C2CCC3=CC=CC=C31,[Li+].[AlH4-],1.0,graph_compatible,counterion_or_inorganic_only_structure
28514,CC1=C(C(=NO1)C2=CC=CC=C2)C3=CC=C(C=C3)S(=O)(=O)N,[Cl-].[K+],1.0,graph_compatible,counterion_or_inorganic_only_structure
28536,CCC1C(C(C(N(CC(CC(C(C(C(C(C(=O)O1)C)OC2CC(C(C(O2)C)O)(C)OC)C)OC3C(C(CC(O3)C)N(C)C)O)(C)O)C)C)C)O)(C)O,[Li+].[AlH4-],1.0,graph_compatible,counterion_or_inorganic_only_structure
28564,C1=CC(=C(C=C1F)F)C(CN2C=NC=N2)(CN3C=NC=N3)O,[Cl-].[K+],1.0,graph_compatible,counterion_or_inorganic_only_structure
28588,CCC(C(C)O)N1C(=O)N(C=N1)C2=CC=C(C=C2)N3CCN(CC3)C4=CC=C(C=C4)OCC5CC(OC5)(CN6C=NC=N6)C7=C(C=C(C=C7)F)F,[Na+].[Cl-],1.0,graph_compatible,counterion_or_inorganic_only_structure
28681,O.O.O.O.O.O.[Cl-].[Cl-].[Ca+2],[Cl-].[K+],1.0,counterion_or_inorganic_only_structure,counterion_or_inorganic_only_structure
28820,CN(C)CC1CCCCC1(C2=CC(=CC=C2)OC)O,[Ca+2],1.0,graph_compatible,counterion_or_inorganic_only_structure
28843,CC1C=CC=C(C(=O)NC2=C(C3=C(C4=C(C(=C3O)C)OC(C4=O)(OC=CC(C(C(C(C(C(C1O)C)O)C)OC(=O)C)C)OC)C)C(=O)C2=CNN5CCN(CC5)C)O)C,[Na+].[Cl-],1.0,graph_compatible,counterion_or_inorganic_only_structure
28919,CNC(=C[N+](=O)[O-])NCCSCC1=CC=C(O1)CN(C)C,[O-2].[O-2].[O-2].[As+3].[As+3],1.0,graph_compatible,counterion_or_inorganic_only_structure
29006,CC(C)NCC(COC1=CC=C(C=C1)COCCOC(C)C)O,[Cl-].[K+],1.0,graph_compatible,counterion_or_inorganic_only_structure
29064,CC1NC2=CC(=C(C=C2C(=O)N1C3=CC=CC=C3C)S(=O)(=O)N)Cl,[Na+].[Cl-],1.0,graph_compatible,counterion_or_inorganic_only_structure
29066,CNCCC(C1=CC=CC=C1)OC2=CC=C(C=C2)C(F)(F)F,[Ca+2],1.0,graph_compatible,counterion_or_inorganic_only_structure
29068,C1=C(C(=O)NC(=O)N1)F,[Ca+2],1.0,graph_compatible,counterion_or_inorganic_only_structure
29075,C1=NNC2=C1NC=NC2=O,[Na+].[Cl-],1.0,graph_compatible,counterion_or_inorganic_only_structure
29148,CC(C1C(=O)NC(CSSCC(C(=O)NC(C(=O)NC(C(=O)NC(C(=O)N1)CCCCN)CC2=CNC3=CC=CC=C32)CC4=CC=CC=C4)NC(=O)C(CC5=CC=CC=C5)N)C(=O)NC(CO)C(C)O)O,[Na+].[Cl-],1.0,graph_compatible,counterion_or_inorganic_only_structure
29166,C1=CC=C(C=C1)C2=NC(C(=O)NC3=C2C=C(C=C3)Cl)O,[Cl-].[K+],1.0,graph_compatible,counterion_or_inorganic_only_structure
29170,C1=CC=C(C=C1)C(C2=CC=CC=C2)(C3=CC=CC=C3Cl)N4C=CN=C4,[Ca+2],1.0,graph_compatible,counterion_or_inorganic_only_structure
29211,C1C(C2C(O1)C(CO2)O[N+](=O)[O-])O[N+](=O)[O-],[Na+].[Cl-],1.0,graph_compatible,counterion_or_inorganic_only_structure
29248,COC(=O)C(C1=CC=CC=C1Cl)N2CCC3=C(C2)C=CS3,[O-2].[O-2].[O-2].[As+3].[As+3],1.0,graph_compatible,counterion_or_inorganic_only_structure
29334,CCN(CC)C(=O)C(=CC1=CC(=C(C(=C1)O)O)[N+](=O)[O-])C#N,O.O.O.O.O.O.[Cl-].[Cl-].[Ca+2],1.0,graph_compatible,counterion_or_inorganic_only_structure
29335,CC(C1C(=O)NC(CSSCC(C(=O)NC(C(=O)NC(C(=O)NC(C(=O)N1)CCCCN)CC2=CNC3=CC=CC=C32)CC4=CC=CC=C4)NC(=O)C(CC5=CC=CC=C5)N)C(=O)NC(CO)C(C)O)O,[Cl-].[K+],1.0,graph_compatible,counterion_or_inorganic_only_structure
29347,C1=CC(=C2C(=C1NCCNCCO)C(=O)C3=C(C=CC(=C3C2=O)O)O)NCCNCCO,[Cl-].[K+],1.0,graph_compatible,counterion_or_inorganic_only_structure
29374,CC(C(=O)C1=CC(=CC=C1)Cl)NC(C)(C)C,[Cl-].[K+],1.0,graph_compatible,counterion_or_inorganic_only_structure
29390,CCCN(CCC)CCC1=C2CC(=O)NC2=CC=C1,[Ca+2],1.0,graph_compatible,counterion_or_inorganic_only_structure
29391,CS(=O)(=O)C1=CC=C(C=C1)C2=C(C(=O)OC2)C3=CC=CC=C3,[Ca+2],1.0,graph_compatible,counterion_or_inorganic_only_structure
29449,CCCCC1=NC(=C(N1CC2=CC=C(C=C2)C3=CC=CC=C3C4=NNN=N4)CO)Cl,[Li+].[AlH4-],1.0,graph_compatible,counterion_or_inorganic_only_structure
29595,C1=CC(=CC=C1C2C(C(=O)N2C3=CC=C(C=C3)F)CCC(C4=CC=C(C=C4)F)O)O,[Na+].[Cl-],1.0,graph_compatible,counterion_or_inorganic_only_structure
29648,S=[Se],[Na+].[Cl-],1.0,graph_compatible,counterion_or_inorganic_only_structure
29699,CCOC1=NC2=CC=CC(=C2N1CC3=CC=C(C=C3)C4=CC=CC=C4C5=NNN=N5)C(=O)O,[Cl-].[K+],1.0,graph_compatible,counterion_or_inorganic_only_structure
29751,C1C(=C(N2C(S1)C(C2=O)NC(=O)C(C3=CC=CC=C3)N)C(=O)O)Cl,[Na+].[Cl-],1.0,graph_compatible,counterion_or_inorganic_only_structure
29762,CC(C)C(C(=O)OCCOCN1C=NC2=C1NC(=NC2=O)N)N,[Na+].[Cl-],1.0,graph_compatible,counterion_or_inorganic_only_structure
29827,C(C1C(C(C(C(O1)O)O)O)O)O,[Na+].[Cl-],1.0,graph_compatible,counterion_or_inorganic_only_structure
29846,CC(C)C(CC1=CC(=C(C=C1)OC)OCCCOC)CC(C(CC(C(C)C)C(=O)NCC(C)(C)C(=O)N)O)N,[Cl-].[K+],1.0,graph_compatible,counterion_or_inorganic_only_structure
29946,C1=CC=C(C(=C1)C2=NC(C(=O)NC3=C2C=C(C=C3)Cl)O)Cl,[Li+].[AlH4-],1.0,graph_compatible,counterion_or_inorganic_only_structure
30006,CC(C)C1CCCC(C1)C(=O)NC(CC2=CC=CC=C2)C(=O)O,[Ca+2],1.0,graph_compatible,counterion_or_inorganic_only_structure
30024,CCC(C(C)O)N1C(=O)N(C=N1)C2=CC=C(C=C2)N3CCN(CC3)C4=CC=C(C=C4)OCC5CC(OC5)(CN6C=NC=N6)C7=C(C=C(C=C7)F)F,[Cl-].[K+],1.0,graph_compatible,counterion_or_inorganic_only_structure
30028,C1CCC(CC1)C(CCN2CCCCC2)(C3=CC=CC=C3)O,[Li+].[AlH4-],1.0,graph_compatible,counterion_or_inorganic_only_structure
30048,C1CC(N(C1)C(=O)C(CCCCN)NC(CCC2=CC=CC=C2)C(=O)O)C(=O)O,[Na+].[Cl-],1.0,graph_compatible,counterion_or_inorganic_only_structure
30058,CC(=O)NC(CS)C(=O)O,[Cl-].[K+],1.0,graph_compatible,counterion_or_inorganic_only_structure
30059,C(C(F)(F)F)(OC(F)F)Cl,[Li+].[AlH4-],1.0,graph_compatible,counterion_or_inorganic_only_structure
30082,[Li+].[AlH4-],[Na+].[Cl-],1.0,counterion_or_inorganic_only_structure,counterion_or_inorganic_only_structure
30130,COC1=C(C=C2C(=C1)CC(C2=O)CC3CCN(CC3)CC4=CC=CC=C4)OC,[Li+].[AlH4-],1.0,graph_compatible,counterion_or_inorganic_only_structure
30133,C(C(F)(F)F)(OC(F)F)Cl,[Cl-].[K+],1.0,graph_compatible,counterion_or_inorganic_only_structure
30191,CC1=CN(C(=O)NC1=O)C2CC(C(O2)CO)N=[N+]=[N-],[Li+].[AlH4-],1.0,graph_compatible,counterion_or_inorganic_only_structure
30245,CCC(=O)OC(C(C)C)OP(=O)(CCCCC1=CC=CC=C1)CC(=O)N2CC(CC2C(=O)[O-])C3CCCCC3,[Li+].[AlH4-],1.0,graph_compatible,counterion_or_inorganic_only_structure
30276,COC1=CC(=CC(=C1OC)OC)CC2=CN=C(N=C2N)N,[Cl-].[K+],1.0,graph_compatible,counterion_or_inorganic_only_structure
30292,CN(C)CCC=C1C2=CC=CC=C2CCC3=CC=CC=C31,[Li+].[AlH4-],1.0,graph_compatible,counterion_or_inorganic_only_structure
30293,CN=C1CN(C(=C2C=C(C=CC2=N1)Cl)C3=CC=CC=C3)O,[Cl-].[K+],1.0,graph_compatible,counterion_or_inorganic_only_structure
30319,CC(C1C(O1)CC2COC(C(C2O)O)CC(=CC(=O)OCCCCCCCCC(=O)O)C)C(C)O,[Na+].[Cl-],1.0,graph_compatible,counterion_or_inorganic_only_structure
30322,CC(C)CC(C(=O)NC(CCCN=C(N)N)C(=O)N1CCCC1C(=O)NNC(=O)N)NC(=O)C(COC(C)(C)C)NC(=O)C(CC2=CC=C(C=C2)O)NC(=O)C(CO)NC(=O)C(CC3=CNC4=CC=CC=C43)NC(=O)C(CC5=CN=CN5)NC(=O)C6CCC(=O)N6,O.O.O.O.O.O.[Cl-].[Cl-].[Ca+2],1.0,graph_compatible,counterion_or_inorganic_only_structure
30331,CC1=C2COC(=O)C2=C(C(=C1OC)CC(=O)O)O,[Cl-].[K+],1.0,graph_compatible,counterion_or_inorganic_only_structure
30386,C1CC(=O)NC(=O)C1N2C(=O)C3=CC=CC=C3C2=O,[Li+].[AlH4-],1.0,graph_compatible,counterion_or_inorganic_only_structure
30497,COC1C(C(C(C(O1)COS(=O)(=O)O)OC2C(C(C(C(O2)C(=O)O)OC3C(C(C(C(O3)COS(=O)(=O)O)OC4C(C(C(C(O4)C(=O)O)OC5C(C(C(C(O5)COS(=O)(=O)O)O)O)NS(=O)(=O)O)O)O)OS(=O)(=O)O)NS(=O)(=O)O)O)OS(=O)(=O)O)O)NS(=O)(=O)O,[Cl-].[K+],1.0,graph_compatible,counterion_or_inorganic_only_structure
30508,CCOC(=O)C1=C(NC(=C(C1C2=CC=CC=C2Cl)C(=O)OC)C)COCCN,[Na+].[Cl-],1.0,graph_compatible,counterion_or_inorganic_only_structure
30512,CC(=O)NC1C(C(C(OC1O)COS(=O)(=O)O)OC2C(C(C(C(O2)C(=O)O)OC3C(C(C(C(O3)CO)OC4C(C(C(C(O4)C(=O)O)O)O)OS(=O)(=O)O)OS(=O)(=O)O)NS(=O)(=O)O)O)OS(=O)(=O)O)O,[O-2].[O-2].[O-2].[As+3].[As+3],1.0,graph_compatible,counterion_or_inorganic_only_structure
30562,CN(C)C1C2CC3CC4=C(C=CC(=C4C(=C3C(=O)C2(C(=O)C(=C(N)O)C1=O)O)O)O)N(C)C,[Cl-].[K+],1.0,graph_compatible,counterion_or_inorganic_only_structure
30571,CC1=C(C(=CC=C1)C)OCC(C)N,[Cl-].[K+],1.0,graph_compatible,counterion_or_inorganic_only_structure
30618,CC(=O)OC1=CC=CC=C1C(=O)O,[Li+].[AlH4-],1.0,graph_compatible,counterion_or_inorganic_only_structure
30678,C1=CC=C(C=C1)C2(C(=O)NC(=O)N2)C3=CC=CC=C3,[Na+].[Cl-],1.0,graph_compatible,counterion_or_inorganic_only_structure
30689,CC1=C(C=C(C=C1)NC(=O)C2=CC=C(C=C2)CN3CCN(CC3)C)NC4=NC=CC(=N4)C5=CN=CC=C5,[Cl-].[K+],1.0,graph_compatible,counterion_or_inorganic_only_structure
30707,CCCN(CCC1=CC=CS1)C2CCC3=C(C2)C=CC=C3O,[Cl-].[K+],1.0,graph_compatible,counterion_or_inorganic_only_structure
30736,CC1=C(N=CN1)CSCCNC(=NC)NC#N,[Na+].[Cl-],1.0,graph_compatible,counterion_or_inorganic_only_structure
30788,COCC1=C(N2C(C(C2=O)NC(=O)C(=NOC)C3=CSC(=N3)N)SC1)C(=O)O,[Cl-].[K+],1.0,graph_compatible,counterion_or_inorganic_only_structure
30794,CC12CCC3C(C1CCC2O)CCC4=C3C=CC(=C4)O,[Cl-].[K+],1.0,graph_compatible,counterion_or_inorganic_only_structure
30928,CCC(C)(C)C(=O)OC1CC(C=C2C1C(C(C=C2)C)CCC3CC(CC(=O)O3)O)C,[Li+].[AlH4-],1.0,graph_compatible,counterion_or_inorganic_only_structure
30929,C#CCNC1CCC2=CC=CC=C12,[Cl-].[K+],1.0,graph_compatible,counterion_or_inorganic_only_structure
30931,CC(CCC1=CC=C(C=C1)O)NCCC2=CC(=C(C=C2)O)O,[Cl-].[K+],1.0,graph_compatible,counterion_or_inorganic_only_structure
30960,COC1=C2C(=CC(=C1N3CC4CCCNC4C3)F)C(=O)C(=CN2C5CC5)C(=O)O,[Cl-].[K+],1.0,graph_compatible,counterion_or_inorganic_only_structure
30990,CN1CCC23C4C(=O)CCC2(C1CC5=C3C(=C(C=C5)OC)O4)O,O.O.O.O.O.O.[Cl-].[Cl-].[Ca+2],1.0,graph_compatible,counterion_or_inorganic_only_structure
31093,CN(C)CCC=C1C2=CC=CC=C2C=CC3=CC=CC=C31,[Cl-].[K+],1.0,graph_compatible,counterion_or_inorganic_only_structure
31155,CC(C(=O)C1=CC(=CC=C1)Cl)NC(C)(C)C,O.O.O.O.O.O.[Cl-].[Cl-].[Ca+2],1.0,graph_compatible,counterion_or_inorganic_only_structure
31236,C1C(C(C(C(C1NC(=O)C(CCN)O)OC2C(C(C(C(O2)CO)O)N)O)O)OC3C(C(C(C(O3)CN)O)O)O)N,[Cl-].[K+],1.0,graph_compatible,counterion_or_inorganic_only_structure
31332,CCC1=CN=C(C=C1)CCOC2=CC=C(C=C2)CC3C(=O)NC(=O)S3,[Ca+2],1.0,graph_compatible,counterion_or_inorganic_only_structure
31378,CC(CC1=CC=C(C=C1)OC)NCC(C2=CC(=C(C=C2)O)NC=O)O,[Cl-].[K+],1.0,graph_compatible,counterion_or_inorganic_only_structure
31380,CC(C)C1=C(C(=C(N1CCC(CC(CC(=O)O)O)O)C2=CC=C(C=C2)F)C3=CC=CC=C3)C(=O)NC4=CC=CC=C4,[Na+].[Cl-],1.0,graph_compatible,counterion_or_inorganic_only_structure
31403,CCOC(=O)C(CCC1=CC=CC=C1)NC(C)C(=O)N2CC3=CC=CC=C3CC2C(=O)O,O.O.O.O.O.O.[Cl-].[Cl-].[Ca+2],1.0,graph_compatible,counterion_or_inorganic_only_structure
31411,CC1=CC2=C(C=C1C)N(C=N2)C3C(C(C(O3)CO)OP(=O)(O)OC(C)CNC(=O)CCC4(C(C5C6(C(C(C(=N6)C(=C7C(C(C(=N7)C=C8C(C(C(=N8)C(=C4[N-]5)C)CCC(=O)N)(C)C)CCC(=O)N)(C)CC(=O)N)C)CCC(=O)N)(C)CC(=O)N)C)CC(=O)N)C)O.[C-]#N.[Co+2],[Ca+2],1.0,graph_compatible,counterion_or_inorganic_only_structure
31415,CN(C)CCC=C1C2=CC=CC=C2C=CC3=CC=CC=C31,[Ca+2],1.0,graph_compatible,counterion_or_inorganic_only_structure
31424,C1(=C(N=C(C(=N1)Cl)N)N)C(=O)N=C(N)N,[Li+].[AlH4-],1.0,graph_compatible,counterion_or_inorganic_only_structure
31434,CN1C(=O)CN=C(C2=C1C=CC(=C2)Cl)C3=CC=CC=C3,O.O.O.O.O.O.[Cl-].[Cl-].[Ca+2],1.0,graph_compatible,counterion_or_inorganic_only_structure
31449,CC1=C(N=CN1)CN2CCC3=C(C2=O)C4=CC=CC=C4N3C,[Cl-].[K+],1.0,graph_compatible,counterion_or_inorganic_only_structure
31497,CC1CC(C2C(CC(C(O2)(C(=O)C(=O)N3CCCCC3C(=O)OC(C(C(CC(=O)C(C=C(C1)C)CC=C)O)C)C(=CC4CCC(C(C4)OC)O)C)O)C)OC)OC,[Na+].[Cl-],1.0,graph_compatible,counterion_or_inorganic_only_structure
31508,CCC1C(=O)N(CC(=O)N(C(C(=O)NC(C(=O)N(C(C(=O)NC(C(=O)NC(C(=O)N(C(C(=O)N(C(C(=O)N(C(C(=O)N(C(C(=O)N1)C(C(C)CC=CC)O)C)C(C)C)C)CC(C)C)C)CC(C)C)C)C)C)CC(C)C)C)C(C)C)CC(C)C)C)C,[Na+].[Cl-],1.0,graph_compatible,counterion_or_inorganic_only_structure
31514,C1=C(N=C(S1)N=C(N)N)CSCCC(=NS(=O)(=O)N)N,[Na+].[Cl-],1.0,graph_compatible,counterion_or_inorganic_only_structure
31519,CC1=C(C(=CC=C1)C)OCC(C)N,[O-2].[O-2].[O-2].[As+3].[As+3],1.0,graph_compatible,counterion_or_inorganic_only_structure
31554,CC1=C(C2=C(N1C(=O)C3=CC=C(C=C3)Cl)C=CC(=C2)OC)CC(=O)O,[Cl-].[K+],1.0,graph_compatible,counterion_or_inorganic_only_structure
31655,CNC(=O)CN(CCN(CCN(CC(=O)NC)CC(=O)[O-])CC(=O)[O-])CC(=O)[O-].O.[Gd+3],[Ca+2],1.0,graph_compatible,counterion_or_inorganic_only_structure
31657,COC1=C(C=C2C(=C1)N=CN=C2NC3=CC(=C(C=C3)F)Cl)OCCCN4CCOCC4,[Cl-].[K+],1.0,graph_compatible,counterion_or_inorganic_only_structure
31668,CCC(C)C(=O)OC1CC(C=C2C1C(C(C=C2)C)CCC3CC(CC(=O)O3)O)C,[Na+].[Cl-],1.0,graph_compatible,counterion_or_inorganic_only_structure
31673,C1=CC=C(C=C1)CCNN,[Li+].[AlH4-],1.0,graph_compatible,counterion_or_inorganic_only_structure
31674,C1CC(N(C1)C(=O)C2CSSCCC(=O)NC(C(=O)NC(C(=O)NC(C(=O)NC(C(=O)N2)CC(=O)N)CCC(=O)N)CC3=CC=CC=C3)CC4=CC=C(C=C4)O)C(=O)NC(CCCN=C(N)N)C(=O)NCC(=O)N,[Na+].[Cl-],1.0,graph_compatible,counterion_or_inorganic_only_structure
31698,CC1C(C(CC(O1)OC2C(C(C(OC2OC3=C4C=C5C=C3OC6=C(C=C(C=C6)C(C(C(=O)NC(C(=O)NC5C(=O)NC7C8=CC(=C(C=C8)O)C9=C(C=C(C=C9O)O)C(NC(=O)C(C(C1=CC(=C(O4)C=C1)Cl)O)NC7=O)C(=O)O)CC(=O)N)NC(=O)C(CC(C)C)NC)O)Cl)CO)O)O)(C)N)O,[O-2].[O-2].[O-2].[As+3].[As+3],1.0,graph_compatible,counterion_or_inorganic_only_structure
31711,CNC(=O)CN(CCN(CCN(CC(=O)NC)CC(=O)[O-])CC(=O)[O-])CC(=O)[O-].O.[Gd+3],[Cl-].[K+],1.0,graph_compatible,counterion_or_inorganic_only_structure
31759,CC(C)(C(=O)O)ON=C(C1=CSC(=N1)N)C(=O)NC2C3N(C2=O)C(=C(CS3)C[N+]4=CC=CC=C4)C(=O)[O-],[Cl-].[K+],1.0,graph_compatible,counterion_or_inorganic_only_structure
31763,CON=C1CN(CC1CN)C2=C(C=C3C(=O)C(=CN(C3=N2)C4CC4)C(=O)O)F,[Cl-].[K+],1.0,graph_compatible,counterion_or_inorganic_only_structure
31765,C1=CC=C(C(=C1)C2=NC(C(=O)NC3=C2C=C(C=C3)Cl)O)Cl,[Na+].[Cl-],1.0,graph_compatible,counterion_or_inorganic_only_structure
31793,CC1=C(C(C(=C(N1)C)C(=O)OC)C2=CC=CC=C2[N+](=O)[O-])C(=O)OC,[Li+].[AlH4-],1.0,graph_compatible,counterion_or_inorganic_only_structure
31885,CCN(CC)CC(=O)NC1=C(C=CC=C1C)C,[Li+].[AlH4-],1.0,graph_compatible,counterion_or_inorganic_only_structure
31898,C1=CN(C=N1)CC(O)(P(=O)(O)O)P(=O)(O)O,[Cl-].[K+],1.0,graph_compatible,counterion_or_inorganic_only_structure
31906,CC(C)C1=NC(=NC(=C1CCC(CC(CC(=O)O)O)O)C2=CC=C(C=C2)F)N(C)S(=O)(=O)C,O.O.O.O.O.O.[Cl-].[Cl-].[Ca+2],1.0,graph_compatible,counterion_or_inorganic_only_structure
31932,C1=CC(=CC=C1N)S(=O)(=O)C2=CC=C(C=C2)N,[Cl-].[K+],1.0,graph_compatible,counterion_or_inorganic_only_structure
31983,CC(C(=O)C1=CC(=CC=C1)Cl)NC(C)(C)C,[Li+].[AlH4-],1.0,graph_compatible,counterion_or_inorganic_only_structure
31986,C1CN(CCN1CCOCCO)C2=NC3=CC=CC=C3SC4=CC=CC=C42,[Cl-].[K+],1.0,graph_compatible,counterion_or_inorganic_only_structure
31991,CCOC(=O)C(CCC1=CC=CC=C1)NC(C)C(=O)N2CC3=CC=CC=C3CC2C(=O)O,[Cl-].[K+],1.0,graph_compatible,counterion_or_inorganic_only_structure
31994,CC(=O)NCC1CN(C(=O)O1)C2=CC(=C(C=C2)N3CCOCC3)F,[Ca+2],1.0,graph_compatible,counterion_or_inorganic_only_structure
32030,C1CN(P(=O)(OC1)NCCCl)CCCl,[Ca+2],1.0,graph_compatible,counterion_or_inorganic_only_structure
32054,COC1=CC=CC=C1OCCNCC(COC2=CC=CC3=C2C4=CC=CC=C4N3)O,[O-2].[O-2].[O-2].[As+3].[As+3],1.0,graph_compatible,counterion_or_inorganic_only_structure
32154,C1=C(N=C(S1)N=C(N)N)CSCCC(=NS(=O)(=O)N)N,O.O.O.O.O.O.[Cl-].[Cl-].[Ca+2],1.0,graph_compatible,counterion_or_inorganic_only_structure
32178,CC(C)NCC(COC1=CC=CC2=C1C=CN2)O,[Cl-].[K+],1.0,graph_compatible,counterion_or_inorganic_only_structure
32238,CN(C)C(=O)C(CC[NH+]1CCC(CC1)(C2=CC=C(C=C2)Cl)O)(C3=CC=CC=C3)C4=CC=CC=C4,O.O.O.O.O.O.[Cl-].[Cl-].[Ca+2],1.0,graph_compatible,counterion_or_inorganic_only_structure
32260,CC1(OC2COC3(C(C2O1)OC(O3)(C)C)COS(=O)(=O)N)C,O.O.O.O.O.O.[Cl-].[Cl-].[Ca+2],1.0,graph_compatible,counterion_or_inorganic_only_structure
32322,CC1C2C(C3C(C(=O)C(=C(N)O)C(=O)C3(C(=O)C2=C(C4=C1C=CC=C4O)O)O)N(C)C)O,[Li+].[AlH4-],1.0,graph_compatible,counterion_or_inorganic_only_structure
32361,CON=C(C1=CC=CO1)C(=O)NC2C3N(C2=O)C(=C(CS3)COC(=O)N)C(=O)[O-],O.O.O.O.O.O.[Cl-].[Cl-].[Ca+2],1.0,graph_compatible,counterion_or_inorganic_only_structure
32424,CCC1C2(C(C(C(=O)C(CC(C(C(C(=O)C(C(=O)O1)C)C)OC3C(C(CC(O3)C)N(C)C)O)(C)OC)C)C)N(C(=O)O2)CCCCN4C=C(N=C4)C5=CN=CC=C5)C,[Li+].[AlH4-],1.0,graph_compatible,counterion_or_inorganic_only_structure
32426,CC1OCC2C(O1)C(C(C(O2)OC3C4COC(=O)C4C(C5=CC6=C(C=C35)OCO6)C7=CC(=C(C(=C7)OC)O)OC)O)O,[Na+].[Cl-],1.0,graph_compatible,counterion_or_inorganic_only_structure
32459,CC(C)CC1=CC=C(C=C1)C(C)C(=O)O,O.O.O.O.O.O.[Cl-].[Cl-].[Ca+2],1.0,graph_compatible,counterion_or_inorganic_only_structure
32471,CCC1=CN=C(C=C1)CCOC2=CC=C(C=C2)CC3C(=O)NC(=O)S3,O.O.O.O.O.O.[Cl-].[Cl-].[Ca+2],1.0,graph_compatible,counterion_or_inorganic_only_structure
32574,CN(CC1=CN=C2C(=N1)C(=NC(=N2)N)N)C3=CC=C(C=C3)C(=O)NC(CCC(=O)O)C(=O)O,[Na+].[Cl-],1.0,graph_compatible,counterion_or_inorganic_only_structure
32575,CN(C)C(=N)N=C(N)N,[Cl-].[K+],1.0,graph_compatible,counterion_or_inorganic_only_structure
32596,CC1=C(SC=C1)C(=CCCN2CCCC(C2)C(=O)O)C3=C(C=CS3)C,[Cl-].[K+],1.0,graph_compatible,counterion_or_inorganic_only_structure
32645,CC1=C(C2=C(C1=CC3=CC=C(C=C3)S(=O)C)C=CC(=C2)F)CC(=O)O,[Cl-].[K+],1.0,graph_compatible,counterion_or_inorganic_only_structure
32669,C1=CC(=CN=C1)C(=O)[O-],[Cl-].[K+],1.0,graph_compatible,counterion_or_inorganic_only_structure
32673,C1CNP(=O)(OC1)N(CCCl)CCCl,[Na+].[Cl-],1.0,graph_compatible,counterion_or_inorganic_only_structure
32756,CC1=C(C(C(=C(N1)C)C(=O)OC)C2=CC=CC=C2[N+](=O)[O-])C(=O)OC,O.O.O.O.O.O.[Cl-].[Cl-].[Ca+2],1.0,graph_compatible,counterion_or_inorganic_only_structure
32790,C1C(=O)NC(=O)N1N=CC2=CC=C(O2)[N+](=O)[O-],[Li+].[AlH4-],1.0,graph_compatible,counterion_or_inorganic_only_structure
32791,B(C(CC(C)C)NC(=O)C(CC1=CC=CC=C1)NC(=O)C2=NC=CN=C2)(O)O,[Cl-].[K+],1.0,graph_compatible,counterion_or_inorganic_only_structure
32876,COC1=C(C(=NC=C1)CS(=O)C2=NC3=C(N2)C=C(C=C3)OC(F)F)OC,[Li+].[AlH4-],1.0,graph_compatible,counterion_or_inorganic_only_structure
32889,C(CO)N(C1=C(C(=C(C(=C1I)C(=O)NCC(CO)O)I)C(=O)NCC(CO)O)I)C(=O)CO,[Cl-].[K+],1.0,graph_compatible,counterion_or_inorganic_only_structure
32895,C1=CN(C=N1)CC(O)(P(=O)(O)O)P(=O)(O)O,[Li+].[AlH4-],1.0,graph_compatible,counterion_or_inorganic_only_structure
32913,CC1=C(C2=C(N1C(=O)C3=CC=C(C=C3)Cl)C=CC(=C2)OC)CC(=O)O,[Ca+2],1.0,graph_compatible,counterion_or_inorganic_only_structure
32914,CC(C)CC(C1(CCC1)C2=CC=C(C=C2)Cl)N(C)C,[Cl-].[K+],1.0,graph_compatible,counterion_or_inorganic_only_structure
32916,C1=CN=C(N=C1)NS(=O)(=O)C2=CC=C(C=C2)N,[Cl-].[K+],1.0,graph_compatible,counterion_or_inorganic_only_structure
32988,CC(=O)NCCCS(=O)(=O)O,[Li+].[AlH4-],1.0,graph_compatible,counterion_or_inorganic_only_structure
33038,CC(C)(C)NCC(=O)NC1=CC(=C2CC3CC4C(C(=O)C(=C(N)O)C(=O)C4(C(=O)C3=C(C2=C1O)O)O)N(C)C)N(C)C,[Cl-].[K+],1.0,graph_compatible,counterion_or_inorganic_only_structure
33047,C(C1C(C(C(C(O1)O)O)O)O)O,[Cl-].[K+],1.0,graph_compatible,counterion_or_inorganic_only_structure
33078,CN(C)C(=O)C(CC[NH+]1CCC(CC1)(C2=CC=C(C=C2)Cl)O)(C3=CC=CC=C3)C4=CC=CC=C4,[O-2].[O-2].[O-2].[As+3].[As+3],1.0,graph_compatible,counterion_or_inorganic_only_structure
33183,COC1=C(C(=NC=C1)CS(=O)C2=NC3=C(N2)C=C(C=C3)OC(F)F)OC,[Cl-].[K+],1.0,graph_compatible,counterion_or_inorganic_only_structure
33194,CC(C)C(C)C=CC(C)C1CCC2C1(CCCC2=CC=C3CC(CCC3=C)O)C,[Na+].[Cl-],1.0,graph_compatible,counterion_or_inorganic_only_structure
33208,CCCC(CCC)C(=O)O,[Na+].[Cl-],1.0,graph_compatible,counterion_or_inorganic_only_structure
33213,CN1CCN(CC1)CCCN2C3=CC=CC=C3SC4=C2C=C(C=C4)Cl,[Na+].[Cl-],1.0,graph_compatible,counterion_or_inorganic_only_structure
33317,C1CCC2(C1)CC(=O)N(C(=O)C2)CCCCN3CCN(CC3)C4=NC=CC=N4,[Li+].[AlH4-],1.0,graph_compatible,counterion_or_inorganic_only_structure
33320,C[N+]1(C2CC(CC1C3C2O3)OC(=O)C(C4=CC=CS4)(C5=CC=CS5)O)C,[Na+].[Cl-],1.0,graph_compatible,counterion_or_inorganic_only_structure
33326,CC12CCC(=O)C=C1CCC3C2C(CC4(C3CCC4(C(=O)CO)O)C)O,[Na+].[Cl-],1.0,graph_compatible,counterion_or_inorganic_only_structure
33338,CC(=O)SC1CC2=CC(=O)CCC2(C3C1C4CCC5(C4(CC3)C)CCC(=O)O5)C,[Li+].[AlH4-],1.0,graph_compatible,counterion_or_inorganic_only_structure
33355,CCCCC(=O)N(CC1=CC=C(C=C1)C2=CC=CC=C2C3=NNN=N3)C(C(C)C)C(=O)O,[Ca+2],1.0,graph_compatible,counterion_or_inorganic_only_structure
33356,CC1C(C(CC(O1)OC2C(C(C(OC2OC3=C4C=C5C=C3OC6=C(C=C(C=C6)C(C(C(=O)NC(C(=O)NC5C(=O)NC7C8=CC(=C(C=C8)O)C9=C(C=C(C=C9O)O)C(NC(=O)C(C(C1=CC(=C(O4)C=C1)Cl)O)NC7=O)C(=O)O)CC(=O)N)NC(=O)C(CC(C)C)NC)O)Cl)CO)O)O)(C)N)O,[Ca+2],1.0,graph_compatible,counterion_or_inorganic_only_structure
33357,CN(C)CC(C1=CC=C(C=C1)OC)C2(CCCCC2)O,[Ca+2],1.0,graph_compatible,counterion_or_inorganic_only_structure
33488,C1C(C(C(C(C1N)OC2C(C(C(C(O2)CO)O)N)O)O)OC3C(CC(C(O3)CN)O)N)N,[Cl-].[K+],1.0,graph_compatible,counterion_or_inorganic_only_structure
33491,CC(C)C1=C(C(=CC=C1)C(C)C)O,[Na+].[Cl-],1.0,graph_compatible,counterion_or_inorganic_only_structure
33540,C(C1C(C(C(C(O1)OC(C(CO)O)C(C(=O)CO)O)O)O)O)O,[Na+].[Cl-],1.0,graph_compatible,counterion_or_inorganic_only_structure
33612,CC1=C(C=CN=C1CS(=O)C2=NC3=CC=CC=C3N2)OCC(F)(F)F,[Ca+2],1.0,graph_compatible,counterion_or_inorganic_only_structure
33626,C1NC2=CC(=C(C=C2S(=O)(=O)N1)S(=O)(=O)N)Cl,[Cl-].[K+],1.0,graph_compatible,counterion_or_inorganic_only_structure
33645,CN1CCN(CC1)C(=O)OC2C3=NC=CN=C3C(=O)N2C4=NC=C(C=C4)Cl,O.O.O.O.O.O.[Cl-].[Cl-].[Ca+2],1.0,graph_compatible,counterion_or_inorganic_only_structure
33668,CC1C(C(CC(O1)OC2C(C(C(OC2OC3=C4C=C5C=C3OC6=C(C=C(C=C6)C(C(C(=O)NC(C(=O)NC5C(=O)NC7C8=CC(=C(C=C8)O)C9=C(C=C(C=C9O)O)C(NC(=O)C(C(C1=CC(=C(O4)C=C1)Cl)O)NC7=O)C(=O)O)CC(=O)N)NC(=O)C(CC(C)C)NC)O)Cl)CO)O)O)(C)N)O,O.O.O.O.O.O.[Cl-].[Cl-].[Ca+2],1.0,graph_compatible,counterion_or_inorganic_only_structure
33690,CN1C2=C(C=C(C=C2)Cl)C(=NC(C1=O)O)C3=CC=CC=C3,O.O.O.O.O.O.[Cl-].[Cl-].[Ca+2],1.0,graph_compatible,counterion_or_inorganic_only_structure
33766,CN1CCC23C4C(=O)CCC2(C1CC5=C3C(=C(C=C5)OC)O4)O,[Ca+2],1.0,graph_compatible,counterion_or_inorganic_only_structure
33784,CN1C2=C(C=C(C=C2)Cl)C(=NC(C1=O)O)C3=CC=CC=C3,[Cl-].[K+],1.0,graph_compatible,counterion_or_inorganic_only_structure
33841,CN(C)CC(C1=CC=C(C=C1)OC)C2(CCCCC2)O,O.O.O.O.O.O.[Cl-].[Cl-].[Ca+2],1.0,graph_compatible,counterion_or_inorganic_only_structure
33870,CC(=O)NC1=CC=C(C=C1)O,[Li+].[AlH4-],1.0,graph_compatible,counterion_or_inorganic_only_structure
33896,C1=CC=C(C=C1)C2(C(=O)NC(=O)N2)C3=CC=CC=C3,[Cl-].[K+],1.0,graph_compatible,counterion_or_inorganic_only_structure
33953,CCCC1=NC2=C(N1CC3=CC=C(C=C3)C4=CC=CC=C4C(=O)O)C=C(C=C2C)C5=NC6=CC=CC=C6N5C,O.O.O.O.O.O.[Cl-].[Cl-].[Ca+2],1.0,graph_compatible,counterion_or_inorganic_only_structure
33990,CC1=C(N=C(N=C1N)C(CC(=O)N)NCC(C(=O)N)N)C(=O)NC(C(C2=CN=CN2)OC3C(C(C(C(O3)CO)O)O)OC4C(C(C(C(O4)CO)O)OC(=O)N)O)C(=O)NC(C)C(C(C)C(=O)NC(C(C)O)C(=O)NCCC5=NC(=CS5)C6=NC(=CS6)C(=O)NCCC[S+](C)C)O,[Cl-].[K+],1.0,graph_compatible,counterion_or_inorganic_only_structure
34001,C1CC(CCC1C2=CC=C(C=C2)Cl)C3=C(C4=CC=CC=C4C(=O)C3=O)O,[Cl-].[K+],1.0,graph_compatible,counterion_or_inorganic_only_structure
34066,CCN(CC)CC#CCOC(=O)C(C1CCCCC1)(C2=CC=CC=C2)O,O.O.O.O.O.O.[Cl-].[Cl-].[Ca+2],1.0,graph_compatible,counterion_or_inorganic_only_structure
34119,C(=O)(O)[O-].[Na+],[Cl-].[K+],1.0,graph_compatible,counterion_or_inorganic_only_structure
34128,[Cl-].[K+],[O-2].[O-2].[O-2].[As+3].[As+3],1.0,counterion_or_inorganic_only_structure,counterion_or_inorganic_only_structure
34168,CN1CCCC(CC1)N2C(=O)C3=CC=CC=C3C(=N2)CC4=CC=C(C=C4)Cl,[Cl-].[K+],1.0,graph_compatible,counterion_or_inorganic_only_structure
34244,CCC(C)(C)C(=O)OC1CC(C=C2C1C(C(C=C2)C)CCC3CC(CC(=O)O3)O)C,[Na+].[Cl-],1.0,graph_compatible,counterion_or_inorganic_only_structure
34299,CCCNCC(COC1=CC=CC=C1C(=O)CCC2=CC=CC=C2)O,[Cl-].[K+],1.0,graph_compatible,counterion_or_inorganic_only_structure
34302,CC1=C(C=CN=C1CS(=O)C2=NC3=CC=CC=C3N2)OCCCOC,[Ca+2],1.0,graph_compatible,counterion_or_inorganic_only_structure
34308,CC1CC2C3CCC4=CC(=O)C=CC4(C3(C(CC2(C1(C(=O)CO)O)C)O)F)C,[Li+].[AlH4-],1.0,graph_compatible,counterion_or_inorganic_only_structure
34406,CC(C1CCC(C(O1)OC2C(CC(C(C2O)OC3C(C(C(CO3)(C)O)NC)O)N)N)N)NC,[Ca+2],1.0,graph_compatible,counterion_or_inorganic_only_structure
34408,CC1=CC(=C(C=C1)C)OCCCC(C)(C)C(=O)O,[Ca+2],1.0,graph_compatible,counterion_or_inorganic_only_structure
34418,C(CS(=O)(=O)O)S,[Cl-].[K+],1.0,graph_compatible,counterion_or_inorganic_only_structure
34440,C(CN)C(O)(P(=O)(O)O)P(=O)(O)O,[Na+].[Cl-],1.0,graph_compatible,counterion_or_inorganic_only_structure
34458,CCC1C(C(C(C(=O)C(CC(C(C(C(C(C(=O)O1)C)OC2CC(C(C(O2)C)O)(C)OC)C)OC3C(C(CC(O3)C)N(C)C)O)(C)OC)C)C)O)(C)O,[Li+].[AlH4-],1.0,graph_compatible,counterion_or_inorganic_only_structure
34466,CN1CCN2C(C1)C3=CC=CC=C3CC4=C2N=CC=C4,[Cl-].[K+],1.0,graph_compatible,counterion_or_inorganic_only_structure
34535,CC1C(C(CC(O1)OC2CC(CC3=C2C(=C4C(=C3O)C(=O)C5=C(C4=O)C(=CC=C5)OC)O)(C(=O)CO)O)[NH3+])O,[Li+].[AlH4-],1.0,graph_compatible,counterion_or_inorganic_only_structure
34556,CC1C(C(CC(O1)OC2C(OC(CC2O)OC3C(OC(CC3O)OC4CCC5(C(C4)CCC6C5CC(C7(C6(CCC7C8=CC(=O)OC8)O)C)O)C)C)C)O)O,[Na+].[Cl-],1.0,graph_compatible,counterion_or_inorganic_only_structure
34631,C1=CC(=C(C=C1F)F)C(CN2C=NC=N2)(CN3C=NC=N3)O,[Li+].[AlH4-],1.0,graph_compatible,counterion_or_inorganic_only_structure
34643,CC1CC2C3CC(C4=CC(=O)C=CC4(C3(C(CC2(C1(C(=O)SCF)O)C)O)F)C)F,[Cl-].[K+],1.0,graph_compatible,counterion_or_inorganic_only_structure
34686,CC1=CC=CC=C1OC(CCNC)C2=CC=CC=C2,[Cl-].[K+],1.0,graph_compatible,counterion_or_inorganic_only_structure
34833,CC1C(C(CC(O1)OC2CC(CC3=C2C(=C4C(=C3O)C(=O)C5=C(C4=O)C(=CC=C5)OC)O)(C(=O)CO)O)[NH3+])O,[Cl-].[K+],1.0,graph_compatible,counterion_or_inorganic_only_structure
34865,CC(C)(C)NCC(COC1=NSN=C1N2CCOCC2)O,[Cl-].[K+],1.0,graph_compatible,counterion_or_inorganic_only_structure
34875,CCCC1CC(N(C1)C)C(=O)NC(C2C(C(C(C(O2)SC)O)O)O)C(C)Cl,[Na+].[Cl-],1.0,graph_compatible,counterion_or_inorganic_only_structure
34907,C1=NC2=C(N1COC(CO)CO)NC(=NC2=O)N,[Na+].[Cl-],1.0,graph_compatible,counterion_or_inorganic_only_structure
34962,CCCCC1=NC(=C(N1CC2=CC=C(C=C2)C3=CC=CC=C3C4=NNN=N4)CO)Cl,[Na+].[Cl-],1.0,graph_compatible,counterion_or_inorganic_only_structure
35061,CC(=O)NC1C(C(C(OC1O)COS(=O)(=O)O)OC2C(C(C(C(O2)C(=O)O)OC3C(C(C(C(O3)CO)OC4C(C(C(C(O4)C(=O)O)O)O)OS(=O)(=O)O)OS(=O)(=O)O)NS(=O)(=O)O)O)OS(=O)(=O)O)O,O.O.O.O.O.O.[Cl-].[Cl-].[Ca+2],1.0,graph_compatible,counterion_or_inorganic_only_structure
35093,CCN(CC)CCNC(=O)C1=C(NC(=C1C)C=C2C3=C(C=CC(=C3)F)NC2=O)C,[Ca+2],1.0,graph_compatible,counterion_or_inorganic_only_structure
35125,CCOC1=C(C=CC(=C1)CC(=O)NC(CC(C)C)C2=CC=CC=C2N3CCCCC3)C(=O)O,[Ca+2],1.0,graph_compatible,counterion_or_inorganic_only_structure
35133,CN1C(=O)CN=C(C2=C1C=CC(=C2)Cl)C3=CC=CC=C3,[Na+].[Cl-],1.0,graph_compatible,counterion_or_inorganic_only_structure
35135,C1CC(C1)(C(=O)O)C(=O)O.N.N.[Pt],O.O.O.O.O.O.[Cl-].[Cl-].[Ca+2],1.0,graph_compatible,counterion_or_inorganic_only_structure
35158,CC1=CN(C(=O)NC1=O)C2CC(C(O2)CO)N=[N+]=[N-],[Na+].[Cl-],1.0,graph_compatible,counterion_or_inorganic_only_structure
35221,C1CN(CCN1CCOCC(=O)O)C(C2=CC=CC=C2)C3=CC=C(C=C3)Cl,[Ca+2],1.0,graph_compatible,counterion_or_inorganic_only_structure
35264,CN(CC1=CN=C2C(=N1)C(=NC(=N2)N)N)C3=CC=C(C=C3)C(=O)NC(CCC(=O)O)C(=O)O,[Li+].[AlH4-],1.0,graph_compatible,counterion_or_inorganic_only_structure
35298,CCN(CCCC(C)NC1=C2C=CC(=CC2=NC=C1)Cl)CCO,[Li+].[AlH4-],1.0,graph_compatible,counterion_or_inorganic_only_structure
35307,CCCCC(C)(CC=CC1C(CC(=O)C1CCCCCCC(=O)OC)O)O,[Cl-].[K+],1.0,graph_compatible,counterion_or_inorganic_only_structure
35414,C(C(C(C(C(CO)O)O)O)O)O,[Na+].[Cl-],1.0,graph_compatible,counterion_or_inorganic_only_structure
35454,COCCNC(=O)CN(CCN(CCN(CC(=O)NCCOC)CC(=O)[O-])CC(=O)[O-])CC(=O)[O-].[Gd+3],[Ca+2],1.0,graph_compatible,counterion_or_inorganic_only_structure
35552,CC1CC2C3CCC4=CC(=O)C=CC4(C3(C(CC2(C1(C(=O)CCl)O)C)O)Cl)C,O.O.O.O.O.O.[Cl-].[Cl-].[Ca+2],1.0,graph_compatible,counterion_or_inorganic_only_structure
35562,CCN(CC)CCNC(=O)C1=C(NC(=C1C)C=C2C3=C(C=CC(=C3)F)NC2=O)C,[Na+].[Cl-],1.0,graph_compatible,counterion_or_inorganic_only_structure
35571,C(CC(O)(P(=O)(O)O)P(=O)(O)O)CN,[Li+].[AlH4-],1.0,graph_compatible,counterion_or_inorganic_only_structure
35593,C1CN(CCC1(C2=CC=C(C=C2)Cl)O)CCCC(=O)C3=CC=C(C=C3)F,[Na+].[Cl-],1.0,graph_compatible,counterion_or_inorganic_only_structure
35824,CC(C)C(C(=O)OCC(CO)OCN1C=NC2=C1NC(=NC2=O)N)N,[Cl-].[K+],1.0,graph_compatible,counterion_or_inorganic_only_structure
35893,CC(=O)NC1C(C(C(OC1O)COS(=O)(=O)O)OC2C(C(C(C(O2)C(=O)O)OC3C(C(C(C(O3)CO)OC4C(C(C(C(O4)C(=O)O)O)O)OS(=O)(=O)O)OS(=O)(=O)O)NS(=O)(=O)O)O)OS(=O)(=O)O)O,[Li+].[AlH4-],1.0,graph_compatible,counterion_or_inorganic_only_structure
35896,CC(C)NCC(COC1=CC=C(C=C1)CC(=O)N)O,O.O.O.O.O.O.[Cl-].[Cl-].[Ca+2],1.0,graph_compatible,counterion_or_inorganic_only_structure
35910,CC1=CN=C(C(=C1OC)C)CS(=O)C2=NC3=C(N2)C=C(C=C3)OC,[Na+].[Cl-],1.0,graph_compatible,counterion_or_inorganic_only_structure
35912,CC(C)OC(=O)CCCC=CCC1C(CC(C1CCC(CCC2=CC=CC=C2)O)O)O,[Cl-].[K+],1.0,graph_compatible,counterion_or_inorganic_only_structure
35927,CC1(OC2COC3(C(C2O1)OC(O3)(C)C)COS(=O)(=O)N)C,[Ca+2],1.0,graph_compatible,counterion_or_inorganic_only_structure
35929,CC1=CC(=C(C=C1)O)C(CCN(C(C)C)C(C)C)C2=CC=CC=C2,[Ca+2],1.0,graph_compatible,counterion_or_inorganic_only_structure
35952,CCCC1=NC(=C(N1CC2=CC=C(C=C2)C3=CC=CC=C3C4=NNN=N4)C(=O)OCC5=C(OC(=O)O5)C)C(C)(C)O,O.O.O.O.O.O.[Cl-].[Cl-].[Ca+2],1.0,graph_compatible,counterion_or_inorganic_only_structure
35977,CCCCC(=O)N(CC1=CC=C(C=C1)C2=CC=CC=C2C3=NNN=N3)C(C(C)C)C(=O)O,O.O.O.O.O.O.[Cl-].[Cl-].[Ca+2],1.0,graph_compatible,counterion_or_inorganic_only_structure
36097,CCC1(CC2CC(C3=C(CCN(C2)C1)C4=CC=CC=C4N3)(C5=C(C=C6C(=C5)C78CCN9C7C(C=CC9)(C(C(C8N6C=O)(C(=O)OC)O)OC(=O)C)CC)OC)C(=O)OC)O,[O-2].[O-2].[O-2].[As+3].[As+3],1.0,graph_compatible,counterion_or_inorganic_only_structure
36115,CC1=C(C(=O)N2CCCC(C2=N1)O)CCN3CCC(CC3)C4=NOC5=C4C=CC(=C5)F,[Li+].[AlH4-],1.0,graph_compatible,counterion_or_inorganic_only_structure
36181,CCCN(CCC)CCC1=C2CC(=O)NC2=CC=C1,O.O.O.O.O.O.[Cl-].[Cl-].[Ca+2],1.0,graph_compatible,counterion_or_inorganic_only_structure
36182,CC1CC2C3CCC4=CC(=O)C=CC4(C3(C(CC2(C1(C(=O)CO)O)C)O)F)C,[Ca+2],1.0,graph_compatible,counterion_or_inorganic_only_structure
36221,C[N+]1(C2CC(CC1C3C2O3)OC(=O)C(C4=CC=CS4)(C5=CC=CS5)O)C,O.O.O.O.O.O.[Cl-].[Cl-].[Ca+2],1.0,graph_compatible,counterion_or_inorganic_only_structure
36222,CC1=NN=C(S1)SCC2=C(N3C(C(C3=O)NC(=O)CN4C=NN=N4)SC2)C(=O)[O-],O.O.O.O.O.O.[Cl-].[Cl-].[Ca+2],1.0,graph_compatible,counterion_or_inorganic_only_structure
36259,C1=NC2=C(N1COCCO)NC(=NC2=O)N,O.O.O.O.O.O.[Cl-].[Cl-].[Ca+2],1.0,graph_compatible,counterion_or_inorganic_only_structure
36274,COC(=O)C(C1CCCCN1)C2=CC=CC=C2,[Li+].[AlH4-],1.0,graph_compatible,counterion_or_inorganic_only_structure
36286,CC(C)(C1=CC=C(C=C1)C(CCCN2CCC(CC2)C(C3=CC=CC=C3)(C4=CC=CC=C4)O)O)C(=O)O,[Cl-].[K+],1.0,graph_compatible,counterion_or_inorganic_only_structure
36399,CCOC1=CC=CC=C1OCCNC(C)CC2=CC(=C(C=C2)OC)S(=O)(=O)N,[Ca+2],1.0,graph_compatible,counterion_or_inorganic_only_structure
36405,CCOC(=O)C1=C(NC(=C(C1C2=CC=CC=C2Cl)C(=O)OC)C)COCCN,[Ca+2],1.0,graph_compatible,counterion_or_inorganic_only_structure
36415,CC(C1CCC(C(O1)OC2C(CC(C(C2O)OC3C(C(C(CO3)(C)O)NC)O)N)N)N)NC,[Cl-].[K+],1.0,graph_compatible,counterion_or_inorganic_only_structure
36542,C1=CC(=CN=C1)C(=O)[O-],[Li+].[AlH4-],1.0,graph_compatible,counterion_or_inorganic_only_structure
36545,CC(C1=CC=CC2=CC=CC=C21)NCCCC3=CC(=CC=C3)C(F)(F)F,[Cl-].[K+],1.0,graph_compatible,counterion_or_inorganic_only_structure
36609,C1=CC(=C(C(=C1)Cl)Cl)C2=C(N=C(N=N2)N)N,O.O.O.O.O.O.[Cl-].[Cl-].[Ca+2],1.0,graph_compatible,counterion_or_inorganic_only_structure
36638,CC(C)(C)NCC(C1=NC(=C(C=C1)O)CO)O,[Cl-].[K+],1.0,graph_compatible,counterion_or_inorganic_only_structure
36663,CC1=C(C(CCC1)(C)C)C=CC(=CC=CC(=CC(=O)O)C)C,[Li+].[AlH4-],1.0,graph_compatible,counterion_or_inorganic_only_structure
36731,CC1CC2C(CCC3(C2CCC3(C(=O)C)O)C)C4(C1=CC(=O)CC4)C,[Cl-].[K+],1.0,graph_compatible,counterion_or_inorganic_only_structure
36752,C1C(C2C(O1)C(CO2)O[N+](=O)[O-])O,[Li+].[AlH4-],1.0,graph_compatible,counterion_or_inorganic_only_structure
36778,CN(C)CCCC1(C2=C(CO1)C=C(C=C2)C#N)C3=CC=C(C=C3)F,O.O.O.O.O.O.[Cl-].[Cl-].[Ca+2],1.0,graph_compatible,counterion_or_inorganic_only_structure
36832,CC1=CC=C(C=C1)C2=CC(=NN2C3=CC=C(C=C3)S(=O)(=O)N)C(F)(F)F,[Li+].[AlH4-],1.0,graph_compatible,counterion_or_inorganic_only_structure
36846,CC12CCC3C(C1CCC2C(=O)NC(C)(C)C)CCC4C3(C=CC(=O)N4)C,[O-2].[O-2].[O-2].[As+3].[As+3],1.0,graph_compatible,counterion_or_inorganic_only_structure
36889,CC1=C(C(C(=C(N1)C)C(=O)OCC[NH+](C)CC2=CC=CC=C2)C3=CC(=CC=C3)[N+](=O)[O-])C(=O)OC,[Cl-].[K+],1.0,graph_compatible,counterion_or_inorganic_only_structure
36894,CC12CC3CC(C1)(CC(C3)(C2)N)C,[Li+].[AlH4-],1.0,graph_compatible,counterion_or_inorganic_only_structure
36926,CCN(CC)CCNC(=O)C1=CC(=C(C=C1OC)N)Cl,[Cl-].[K+],1.0,graph_compatible,counterion_or_inorganic_only_structure
36928,CCOC(=O)C(CCC1=CC=CC=C1)NC(C)C(=O)N2CCCC2C(=O)O,O.O.O.O.O.O.[Cl-].[Cl-].[Ca+2],1.0,graph_compatible,counterion_or_inorganic_only_structure
36938,CCCCC1=NC2(CCCC2)C(=O)N1CC3=CC=C(C=C3)C4=CC=CC=C4C5=NNN=N5,O.O.O.O.O.O.[Cl-].[Cl-].[Ca+2],1.0,graph_compatible,counterion_or_inorganic_only_structure
36974,CC1=C(C(CCC1)(C)C)C=CC(=CC=CC(=CC(=O)O)C)C,[Cl-].[K+],1.0,graph_compatible,counterion_or_inorganic_only_structure
37011,CCCC1=NC(=C2N1NC(=NC2=O)C3=C(C=CC(=C3)S(=O)(=O)N4CCN(CC4)CC)OCC)C,[Li+].[AlH4-],1.0,graph_compatible,counterion_or_inorganic_only_structure
37022,CCC1C2(C(C(C(=O)C(CC(C(C(C(=O)C(C(=O)O1)C)C)OC3C(C(CC(O3)C)N(C)C)O)(C)OC)C)C)N(C(=O)O2)CCCCN4C=C(N=C4)C5=CN=CC=C5)C,[Na+].[Cl-],1.0,graph_compatible,counterion_or_inorganic_only_structure
37053,CC1=NN=C(S1)SCC2=C(N3C(C(C3=O)NC(=O)CN4C=NN=N4)SC2)C(=O)[O-],[Li+].[AlH4-],1.0,graph_compatible,counterion_or_inorganic_only_structure
37078,CC(C)(C)NCC(COC1=CC=CC2=C1CC(C(C2)O)O)O,O.O.O.O.O.O.[Cl-].[Cl-].[Ca+2],1.0,graph_compatible,counterion_or_inorganic_only_structure
37093,CCC1C(=O)N(CC(=O)N(C(C(=O)NC(C(=O)N(C(C(=O)NC(C(=O)NC(C(=O)N(C(C(=O)N(C(C(=O)N(C(C(=O)N(C(C(=O)N1)C(C(C)CC=CC)O)C)C(C)C)C)CC(C)C)C)CC(C)C)C)C)C)CC(C)C)C)C(C)C)CC(C)C)C)C,[Cl-].[K+],1.0,graph_compatible,counterion_or_inorganic_only_structure
37116,CC(C)OC(=O)C(C)(C)OC1=CC=C(C=C1)C(=O)C2=CC=C(C=C2)Cl,[Na+].[Cl-],1.0,graph_compatible,counterion_or_inorganic_only_structure
37237,C1=CC(=C(C=C1F)F)C(CN2C=NC=N2)(CN3C=NC=N3)O,[O-2].[O-2].[O-2].[As+3].[As+3],1.0,graph_compatible,counterion_or_inorganic_only_structure
37283,CCC(=O)C(CC(C)N(C)C)(C1=CC=CC=C1)C2=CC=CC=C2,[Li+].[AlH4-],1.0,graph_compatible,counterion_or_inorganic_only_structure
37294,CCN(CC)CC#CCOC(=O)C(C1CCCCC1)(C2=CC=CC=C2)O,[Ca+2],1.0,graph_compatible,counterion_or_inorganic_only_structure
37302,CCCCN1CCCCC1C(=O)NC2=C(C=CC=C2C)C,[Cl-].[K+],1.0,graph_compatible,counterion_or_inorganic_only_structure
37331,COC1(C2N(C1=O)C(=C(CS2)COC(=O)N)C(=O)[O-])NC(=O)CC3=CC=CS3,[Cl-].[K+],1.0,graph_compatible,counterion_or_inorganic_only_structure
37341,CCC1=CN=C(C=C1)CCOC2=CC=C(C=C2)CC3C(=O)NC(=O)S3,[Li+].[AlH4-],1.0,graph_compatible,counterion_or_inorganic_only_structure
37369,CCOC1=CC=CC=C1OCCNC(C)CC2=CC(=C(C=C2)OC)S(=O)(=O)N,[O-2].[O-2].[O-2].[As+3].[As+3],1.0,graph_compatible,counterion_or_inorganic_only_structure
37387,C1CN2C(=CC=C2C(=O)C3=CC=CC=C3)C1C(=O)O,[Cl-].[K+],1.0,graph_compatible,counterion_or_inorganic_only_structure
37443,CCOC(=O)C1=CN=CN1C(C)C2=CC=CC=C2,[Cl-].[K+],1.0,graph_compatible,counterion_or_inorganic_only_structure
37470,CC(=O)OC1=CC=CC=C1C(=O)O,[Cl-].[K+],1.0,graph_compatible,counterion_or_inorganic_only_structure
37492,C1CN2CCC1C(C2)OC(=O)N3CCC4=CC=CC=C4C3C5=CC=CC=C5,[Cl-].[K+],1.0,graph_compatible,counterion_or_inorganic_only_structure
37529,C1=CC(=C(C=C1N)C(=O)O)O,[Cl-].[K+],1.0,graph_compatible,counterion_or_inorganic_only_structure
37533,CC12CC3CC(C1)(CC(C3)(C2)N)C,[Cl-].[K+],1.0,graph_compatible,counterion_or_inorganic_only_structure
37557,CCNC(=O)C1CCCN1C(=O)C(CCCN=C(N)N)NC(=O)C(CC(C)C)NC(=O)C(CC(C)C)NC(=O)C(CC2=CC=C(C=C2)O)NC(=O)C(CO)NC(=O)C(CC3=CNC4=CC=CC=C43)NC(=O)C(CC5=CN=CN5)NC(=O)C6CCC(=O)N6,[Cl-].[K+],1.0,graph_compatible,counterion_or_inorganic_only_structure
37597,CC1=C(C(C(=C(N1)C)C(=O)OCC(C)C)C2=CC=CC=C2[N+](=O)[O-])C(=O)OC,O.O.O.O.O.O.[Cl-].[Cl-].[Ca+2],1.0,graph_compatible,counterion_or_inorganic_only_structure
37600,CCC(CO)NC(=O)C1CN(C2CC3=CNC4=CC=CC(=C34)C2=C1)C,[Na+].[Cl-],1.0,graph_compatible,counterion_or_inorganic_only_structure
37616,CC1=CN(C(=O)NC1=O)C2CC(C(O2)CO)N=[N+]=[N-],[Cl-].[K+],1.0,graph_compatible,counterion_or_inorganic_only_structure
37640,CCC(=O)N(C1=CC=CC=C1)C2(CCN(CC2)CCN3C(=O)N(N=N3)CC)COC,[Cl-].[K+],1.0,graph_compatible,counterion_or_inorganic_only_structure
37654,CS(=O)(=O)C1=CC=C(C=C1)C2=C(C(=O)OC2)C3=CC=CC=C3,[Na+].[Cl-],1.0,graph_compatible,counterion_or_inorganic_only_structure
37711,C1=CC(=CN=C1)CC(O)(P(=O)(O)O)P(=O)(O)O,[Na+].[Cl-],1.0,graph_compatible,counterion_or_inorganic_only_structure
37756,CC(=O)OC1CC2CCC3C(C2(CC1N4CCCCC4)C)CCC5(C3CC(C5OC(=O)C)[N+]6(CCCCC6)C)C,[Na+].[Cl-],1.0,graph_compatible,counterion_or_inorganic_only_structure
37759,C1C(C2C(O1)C(CO2)O[N+](=O)[O-])O,O.O.O.O.O.O.[Cl-].[Cl-].[Ca+2],1.0,graph_compatible,counterion_or_inorganic_only_structure
37802,CN1CCN(CC1)C(=O)OC2C3=NC=CN=C3C(=O)N2C4=NC=C(C=C4)Cl,[Cl-].[K+],1.0,graph_compatible,counterion_or_inorganic_only_structure
37849,CCCC1CC(N(C1)C)C(=O)NC(C2C(C(C(C(O2)SC)O)O)O)C(C)Cl,[Li+].[AlH4-],1.0,graph_compatible,counterion_or_inorganic_only_structure
37888,CC(CN1C2=CC=CC=C2CCC3=CC=CC=C31)CN(C)C,[Cl-].[K+],1.0,graph_compatible,counterion_or_inorganic_only_structure
37914,COC(=O)C(C1=CC=CC=C1Cl)N2CCC3=C(C2)C=CS3,[Cl-].[K+],1.0,graph_compatible,counterion_or_inorganic_only_structure
37934,CN(C)CC(C1=CC=C(C=C1)OC)C2(CCCCC2)O,[Na+].[Cl-],1.0,graph_compatible,counterion_or_inorganic_only_structure
37951,CC1NC2=CC(=C(C=C2C(=O)N1C3=CC=CC=C3C)S(=O)(=O)N)Cl,[Cl-].[K+],1.0,graph_compatible,counterion_or_inorganic_only_structure
38224,CC(CCC(=O)O)C1CCC2C1(CCC3C2C(CC4C3(CCC(C4)O)C)O)C,[Li+].[AlH4-],1.0,graph_compatible,counterion_or_inorganic_only_structure
38266,CC1=C(C(=O)C2=CC=CC=C2C1=O)CC=C(C)CCCC(C)CCCC(C)CCCC(C)C,[Cl-].[K+],1.0,graph_compatible,counterion_or_inorganic_only_structure
38316,CC1=C(C=CN=C1CS(=O)C2=NC3=CC=CC=C3N2)OCC(F)(F)F,[Na+].[Cl-],1.0,graph_compatible,counterion_or_inorganic_only_structure
38328,C1=NC2=C(N1COCCO)NC(=NC2=O)N,[Ca+2],1.0,graph_compatible,counterion_or_inorganic_only_structure
38383,CCOC(=O)C(CCC1=CC=CC=C1)NC(C)C(=O)N2CCCC2C(=O)O,[Na+].[Cl-],1.0,graph_compatible,counterion_or_inorganic_only_structure
38410,CC(=O)NC1C(C(C(OC1O)COS(=O)(=O)O)OC2C(C(C(C(O2)C(=O)O)OC3C(C(C(C(O3)CO)OC4C(C(C(C(O4)C(=O)O)O)O)OS(=O)(=O)O)OS(=O)(=O)O)NS(=O)(=O)O)O)OS(=O)(=O)O)O,[Ca+2],1.0,graph_compatible,counterion_or_inorganic_only_structure
38427,CC(C)OC(=O)OCOP(=O)(COC(C)CN1C=NC2=C(N=CN=C21)N)OCOC(=O)OC(C)C,[Na+].[Cl-],1.0,graph_compatible,counterion_or_inorganic_only_structure
38476,CN1CCN(CC1)CCCN2C3=CC=CC=C3SC4=C2C=C(C=C4)Cl,[Li+].[AlH4-],1.0,graph_compatible,counterion_or_inorganic_only_structure
38530,COC(=O)C(C1CCCCN1)C2=CC=CC=C2,[Cl-].[K+],1.0,graph_compatible,counterion_or_inorganic_only_structure
38553,C1CNCC(C1C2=CC=C(C=C2)F)COC3=CC4=C(C=C3)OCO4,[Na+].[Cl-],1.0,graph_compatible,counterion_or_inorganic_only_structure
38558,CCCC1=NC(=C(N1CC2=CC=C(C=C2)C3=CC=CC=C3C4=NNN=N4)C(=O)OCC5=C(OC(=O)O5)C)C(C)(C)O,[Cl-].[K+],1.0,graph_compatible,counterion_or_inorganic_only_structure
38582,CC(C)(C)C1=CC=C(C=C1)S(=O)(=O)NC2=C(C(=NC(=N2)C3=NC=CC=N3)OCCO)OC4=CC=CC=C4OC,[Cl-].[K+],1.0,graph_compatible,counterion_or_inorganic_only_structure
38601,C[N+]1(CCC2=CC(=C(C=C2C1CC3=CC(=C(C=C3)OC)OC)OC)OC)CCC(=O)OCCCCCOC(=O)CC[N+]4(CCC5=CC(=C(C=C5C4CC6=CC(=C(C=C6)OC)OC)OC)OC)C.C1=CC=C(C=C1)S(=O)(=O)[O-].C1=CC=C(C=C1)S(=O)(=O)[O-],[Cl-].[K+],1.0,graph_compatible,counterion_or_inorganic_only_structure
38609,C1CN(CCN1CCCN2C3=CC=CC=C3SC4=C2C=C(C=C4)Cl)CCO,[Li+].[AlH4-],1.0,graph_compatible,counterion_or_inorganic_only_structure
38772,CN(C)CCC=C1C2=CC=CC=C2CCC3=CC=CC=C31,[Cl-].[K+],1.0,graph_compatible,counterion_or_inorganic_only_structure
38796,CC(C)C(CCCN(C)CCC1=CC(=C(C=C1)OC)OC)(C#N)C2=CC(=C(C=C2)OC)OC,[O-2].[O-2].[O-2].[As+3].[As+3],1.0,graph_compatible,counterion_or_inorganic_only_structure
38849,[Li+].[AlH4-],[O-]S(=O)(=O)[O-],1.0,counterion_or_inorganic_only_structure,graph_compatible
38853,CC1=NC=C2N1C3=C(C=C(C=C3)Cl)C(=NC2)C4=CC=CC=C4F,O.O.O.O.O.O.[Cl-].[Cl-].[Ca+2],1.0,graph_compatible,counterion_or_inorganic_only_structure
38879,C(CC(O)(P(=O)(O)O)P(=O)(O)O)CN,O.O.O.O.O.O.[Cl-].[Cl-].[Ca+2],1.0,graph_compatible,counterion_or_inorganic_only_structure
38983,C1=CC=C2C(=C1)C=CC3=CC=CC=C3N2C(=O)N,[Na+].[Cl-],1.0,graph_compatible,counterion_or_inorganic_only_structure
38988,CC(C)(C)C#CC=CCN(C)CC1=CC=CC2=CC=CC=C21,[Li+].[AlH4-],1.0,graph_compatible,counterion_or_inorganic_only_structure
38995,CCCC1=NN(C2=C1NC(=NC2=O)C3=C(C=CC(=C3)S(=O)(=O)N4CCN(CC4)C)OCC)C,[Na+].[Cl-],1.0,graph_compatible,counterion_or_inorganic_only_structure
39057,CN(CCOC1=CC=C(C=C1)CC2C(=O)NC(=O)S2)C3=CC=CC=N3,O.O.O.O.O.O.[Cl-].[Cl-].[Ca+2],1.0,graph_compatible,counterion_or_inorganic_only_structure
39059,CCC(CO)NCCNC(CC)CO,[Na+].[Cl-],1.0,graph_compatible,counterion_or_inorganic_only_structure
39100,CCOC1=C(C=CC(=C1)CC(=O)NC(CC(C)C)C2=CC=CC=C2N3CCCCC3)C(=O)O,[Li+].[AlH4-],1.0,graph_compatible,counterion_or_inorganic_only_structure
39112,CC12CCC3C(C1CCC2C(=O)NC(C)(C)C)CCC4C3(C=CC(=O)N4)C,[Na+].[Cl-],1.0,graph_compatible,counterion_or_inorganic_only_structure
39119,C1=CC=C(C=C1)C(C2=CC=CC=C2)(C3=CC=CC=C3Cl)N4C=CN=C4,[Cl-].[K+],1.0,graph_compatible,counterion_or_inorganic_only_structure
39126,[Cl-].[K+],[O-]S(=O)(=O)[O-],1.0,counterion_or_inorganic_only_structure,graph_compatible
39173,CCOC(=O)C1(CCN(CC1)C)C2=CC=CC=C2,[Li+].[AlH4-],1.0,graph_compatible,counterion_or_inorganic_only_structure
39193,CCCC1CC(N(C1)C)C(=O)NC(C2C(C(C(C(O2)SC)O)O)O)C(C)Cl,[Ca+2],1.0,graph_compatible,counterion_or_inorganic_only_structure
39238,CC(C)C1=C(C(=C(N1CCC(CC(CC(=O)O)O)O)C2=CC=C(C=C2)F)C3=CC=CC=C3)C(=O)NC4=CC=CC=C4,[Ca+2],1.0,graph_compatible,counterion_or_inorganic_only_structure
39243,CC(=O)CCCCN1C(=O)C2=C(N=CN2C)N(C1=O)C,[Na+].[Cl-],1.0,graph_compatible,counterion_or_inorganic_only_structure
39246,C1C(OC(S1)CO)N2C=CC(=NC2=O)N,O.O.O.O.O.O.[Cl-].[Cl-].[Ca+2],1.0,graph_compatible,counterion_or_inorganic_only_structure
39260,C1CN(CCN1CCCN2C3=CC=CC=C3SC4=C2C=C(C=C4)Cl)CCO,[Cl-].[K+],1.0,graph_compatible,counterion_or_inorganic_only_structure
39298,CC1(OC2CC3C4CCC5=CC(=O)C=CC5(C4C(CC3(C2(O1)C(=O)CO)C)O)C)C,[Cl-].[K+],1.0,graph_compatible,counterion_or_inorganic_only_structure
39299,CCCC(CCC)C(=O)O,[Ca+2],1.0,graph_compatible,counterion_or_inorganic_only_structure
39339,C1=CC(=CN=C1)CC(O)(P(=O)(O)O)P(=O)(O)O,[Cl-].[K+],1.0,graph_compatible,counterion_or_inorganic_only_structure
39354,C1=CN(C=N1)CC(O)(P(=O)(O)O)P(=O)(O)O,[Ca+2],1.0,graph_compatible,counterion_or_inorganic_only_structure
39471,CCOC1=C(C=CC(=C1)CC(=O)NC(CC(C)C)C2=CC=CC=C2N3CCCCC3)C(=O)O,[Cl-].[K+],1.0,graph_compatible,counterion_or_inorganic_only_structure
39513,B(C(CC(C)C)NC(=O)C(CC1=CC=CC=C1)NC(=O)C2=NC=CN=C2)(O)O,[Ca+2],1.0,graph_compatible,counterion_or_inorganic_only_structure
39520,C1=CC(=CN=C1)CC(O)(P(=O)(O)O)P(=O)(O)O,[Li+].[AlH4-],1.0,graph_compatible,counterion_or_inorganic_only_structure
39588,CC(C)NCC(COC1=CC=CC2=CC=CC=C21)O,O.O.O.O.O.O.[Cl-].[Cl-].[Ca+2],1.0,graph_compatible,counterion_or_inorganic_only_structure
39602,C1CCC(CC1)(CC(=O)O)CN,O.O.O.O.O.O.[Cl-].[Cl-].[Ca+2],1.0,graph_compatible,counterion_or_inorganic_only_structure
39809,CC1=C(C(=CC=C1)C)NC(=O)CN2CCN(CC2)CC(COC3=CC=CC=C3OC)O,[Cl-].[K+],1.0,graph_compatible,counterion_or_inorganic_only_structure
39810,CC(C)NCC(COC1=CC=C(C=C1)CC(=O)N)O,[Li+].[AlH4-],1.0,graph_compatible,counterion_or_inorganic_only_structure
39896,CC1=C(C2=CC3=NC(=CC4=C(C(=C(N4)C=C5C6(C(C(=CC=C6C(=N5)C=C1N2)C(=O)OC)C(=O)OC)C)C)CCC(=O)OC)C(=C3C)CCC(=O)O)C=C,[Cl-].[K+],1.0,graph_compatible,counterion_or_inorganic_only_structure
39938,CCOC(=O)C1=C(NC(=C(C1C2=C(C(=CC=C2)Cl)Cl)C(=O)OC)C)C,[Na+].[Cl-],1.0,graph_compatible,counterion_or_inorganic_only_structure
39959,C1CC(=O)NC(=O)C1N2C(=O)C3=CC=CC=C3C2=O,[Ca+2],1.0,graph_compatible,counterion_or_inorganic_only_structure
40015,CN1C(=O)N2C=NC(=C2N=N1)C(=O)N,[O-2].[O-2].[O-2].[As+3].[As+3],1.0,graph_compatible,counterion_or_inorganic_only_structure
40033,C1CC(=O)NC(=O)C1N2C(=O)C3=CC=CC=C3C2=O,[Na+].[Cl-],1.0,graph_compatible,counterion_or_inorganic_only_structure
40050,CCCCC1=NC2(CCCC2)C(=O)N1CC3=CC=C(C=C3)C4=CC=CC=C4C5=NNN=N5,[Ca+2],1.0,graph_compatible,counterion_or_inorganic_only_structure
40055,CC(C)[N+]1(C2CCC1CC(C2)OC(=O)C(CO)C3=CC=CC=C3)C,[Ca+2],1.0,graph_compatible,counterion_or_inorganic_only_structure
40061,C1=NC(=NN1C2C(C(C(O2)CO)O)O)C(=O)N,O.O.O.O.O.O.[Cl-].[Cl-].[Ca+2],1.0,graph_compatible,counterion_or_inorganic_only_structure
40086,C1=C(C=C(C(=C1I)OC2=CC(=C(C(=C2)I)O)I)I)CC(C(=O)O)N,[Li+].[AlH4-],1.0,graph_compatible,counterion_or_inorganic_only_structure
40088,CN1C(=O)N2C=NC(=C2N=N1)C(=O)N,[Na+].[Cl-],1.0,graph_compatible,counterion_or_inorganic_only_structure
40261,CN1C2CC(CC1C3C2O3)OC(=O)C(CO)C4=CC=CC=C4,[Cl-].[K+],1.0,graph_compatible,counterion_or_inorganic_only_structure
40296,CC1=C(C(=NO1)C2=CC=CC=C2)C3=CC=C(C=C3)S(=O)(=O)N,[Ca+2],1.0,graph_compatible,counterion_or_inorganic_only_structure
40301,CN1CCCC1C2=CN=CC=C2,[Cl-].[K+],1.0,graph_compatible,counterion_or_inorganic_only_structure
40304,CCC(=O)OC(C(C)C)OP(=O)(CCCCC1=CC=CC=C1)CC(=O)N2CC(CC2C(=O)[O-])C3CCCCC3,[Cl-].[K+],1.0,graph_compatible,counterion_or_inorganic_only_structure
40323,CCOC(=O)N1CCC(=C2C3=C(CCC4=C2N=CC=C4)C=C(C=C3)Cl)CC1,[Li+].[AlH4-],1.0,graph_compatible,counterion_or_inorganic_only_structure
40458,CC1NC2=CC(=C(C=C2C(=O)N1C3=CC=CC=C3C)S(=O)(=O)N)Cl,[Ca+2],1.0,graph_compatible,counterion_or_inorganic_only_structure
40459,CC(C)NCC(COC1=CC=C(C=C1)CCOC)O,[Ca+2],1.0,graph_compatible,counterion_or_inorganic_only_structure
40460,CC1=NC=C(N1CCO)[N+](=O)[O-],[Ca+2],1.0,graph_compatible,counterion_or_inorganic_only_structure
40481,C1=COC(=C1)CNC2=CC(=C(C=C2C(=O)O)S(=O)(=O)N)Cl,O.O.O.O.O.O.[Cl-].[Cl-].[Ca+2],1.0,graph_compatible,counterion_or_inorganic_only_structure
40535,CNC(=C[N+](=O)[O-])NCCSCC1=CC=C(O1)CN(C)C,[Li+].[AlH4-],1.0,graph_compatible,counterion_or_inorganic_only_structure
40558,CC(C)C1=C(C(=C(N1CCC(CC(CC(=O)O)O)O)C2=CC=C(C=C2)F)C3=CC=CC=C3)C(=O)NC4=CC=CC=C4,[Li+].[AlH4-],1.0,graph_compatible,counterion_or_inorganic_only_structure
40632,CCC1(CC2CC(C3=C(CCN(C2)C1)C4=CC=CC=C4N3)(C5=C(C=C6C(=C5)C78CCN9C7C(C=CC9)(C(C(C8N6C=O)(C(=O)OC)O)OC(=O)C)CC)OC)C(=O)OC)O,[Cl-].[K+],1.0,graph_compatible,counterion_or_inorganic_only_structure
40654,C1CN(CCN1CCOCCO)C(C2=CC=CC=C2)C3=CC=C(C=C3)Cl,O.O.O.O.O.O.[Cl-].[Cl-].[Ca+2],1.0,graph_compatible,counterion_or_inorganic_only_structure
40705,CC1=CC=CC=C1OC(CCNC)C2=CC=CC=C2,[Li+].[AlH4-],1.0,graph_compatible,counterion_or_inorganic_only_structure
40723,CC1=C(C(=CC=C1)C(C)C2=CN=CN2)C,[Na+].[Cl-],1.0,graph_compatible,counterion_or_inorganic_only_structure
40737,CCCC1=NN(C2=C1NC(=NC2=O)C3=C(C=CC(=C3)S(=O)(=O)N4CCN(CC4)C)OCC)C,[Li+].[AlH4-],1.0,graph_compatible,counterion_or_inorganic_only_structure
40760,C(C(CO[N+](=O)[O-])O[N+](=O)[O-])O[N+](=O)[O-],O.O.O.O.O.O.[Cl-].[Cl-].[Ca+2],1.0,graph_compatible,counterion_or_inorganic_only_structure
40790,CC1=CC(=CC=C1)CN2CCN(CC2)C(C3=CC=CC=C3)C4=CC=C(C=C4)Cl,[Cl-].[K+],1.0,graph_compatible,counterion_or_inorganic_only_structure
40796,C1=CC=C2C(=C1)C=CC3=CC=CC=C3N2C(=O)N,[Li+].[AlH4-],1.0,graph_compatible,counterion_or_inorganic_only_structure
40803,CC(CC1=CC=CC=C1)N(C)CC#C,[Cl-].[K+],1.0,graph_compatible,counterion_or_inorganic_only_structure
40838,C1CC2=C(C=CC(=C2)Cl)C(=C3CCNCC3)C4=C1C=CC=N4,[Na+].[Cl-],1.0,graph_compatible,counterion_or_inorganic_only_structure
40929,CCC(C)(C)C(=O)OC1CC(C=C2C1C(C(C=C2)C)CCC3CC(CC(=O)O3)O)C,[O-2].[O-2].[O-2].[As+3].[As+3],1.0,graph_compatible,counterion_or_inorganic_only_structure
40930,CN1CCC23C4C1CC5=C2C(=C(C=C5)O)OC3C(=O)CC4,[Li+].[AlH4-],1.0,graph_compatible,counterion_or_inorganic_only_structure
41037,C1=CC(=C2NC(=C3C=CC=CC3=O)N(N2)C4=CC=C(C=C4)C(=O)O)C(=O)C=C1,[Cl-].[K+],1.0,graph_compatible,counterion_or_inorganic_only_structure
41067,CCOC(=O)C1=C(NC(=C(C1C2=CC=CC=C2Cl)C(=O)OC)C)COCCN,O.O.O.O.O.O.[Cl-].[Cl-].[Ca+2],1.0,graph_compatible,counterion_or_inorganic_only_structure
41104,CC(C)C(CCCN(C)CCC1=CC(=C(C=C1)OC)OC)(C#N)C2=CC(=C(C=C2)OC)OC,[Na+].[Cl-],1.0,graph_compatible,counterion_or_inorganic_only_structure
41137,CN1CCN(CC1)CCCN2C3=CC=CC=C3SC4=C2C=C(C=C4)Cl,[O-2].[O-2].[O-2].[As+3].[As+3],1.0,graph_compatible,counterion_or_inorganic_only_structure
41152,CC(=O)NCC1CN(C(=O)O1)C2=CC(=C(C=C2)N3CCOCC3)F,[Li+].[AlH4-],1.0,graph_compatible,counterion_or_inorganic_only_structure
41216,CC1=CC2=C(C=C1C)N(C=N2)C3C(C(C(O3)CO)OP(=O)(O)OC(C)CNC(=O)CCC4(C(C5C6(C(C(C(=N6)C(=C7C(C(C(=N7)C=C8C(C(C(=N8)C(=C4[N-]5)C)CCC(=O)N)(C)C)CCC(=O)N)(C)CC(=O)N)C)CCC(=O)N)(C)CC(=O)N)C)CC(=O)N)C)O.[C-]#N.[Co+2],[Na+].[Cl-],1.0,graph_compatible,counterion_or_inorganic_only_structure
41253,C(CO)N(C1=C(C(=C(C(=C1I)C(=O)NCC(CO)O)I)C(=O)NCC(CO)O)I)C(=O)CO,[Na+].[Cl-],1.0,graph_compatible,counterion_or_inorganic_only_structure
41305,C1CN=C(N1)NC2=C(C=CC=C2Cl)Cl,[Cl-].[K+],1.0,graph_compatible,counterion_or_inorganic_only_structure
41339,C1C2=CC=CC=C2N(C3=CC=CC=C3C1=O)C(=O)N,[Cl-].[K+],1.0,graph_compatible,counterion_or_inorganic_only_structure
41391,CCOC(=O)N1CCC(=C2C3=C(CCC4=C2N=CC=C4)C=C(C=C3)Cl)CC1,[Ca+2],1.0,graph_compatible,counterion_or_inorganic_only_structure
41393,CN(C)C(=O)C(CC[NH+]1CCC(CC1)(C2=CC=C(C=C2)Cl)O)(C3=CC=CC=C3)C4=CC=CC=C4,[Ca+2],1.0,graph_compatible,counterion_or_inorganic_only_structure
41395,C1=CC=C(C(=C1)C2=NC(C(=O)NC3=C2C=C(C=C3)Cl)O)Cl,[Ca+2],1.0,graph_compatible,counterion_or_inorganic_only_structure
41414,CCCC1=NC(=C(N1CC2=CC=C(C=C2)C3=CC=CC=C3C4=NNN=N4)C(=O)OCC5=C(OC(=O)O5)C)C(C)(C)O,[Ca+2],1.0,graph_compatible,counterion_or_inorganic_only_structure
41441,CC1=C(C(=O)N2CCCCC2=N1)CCN3CCC(CC3)C4=NOC5=C4C=CC(=C5)F,[Ca+2],1.0,graph_compatible,counterion_or_inorganic_only_structure
41442,CC12CC(=O)C3C(C1CCC2(C(=O)CO)O)CCC4=CC(=O)C=CC34C,[Cl-].[K+],1.0,graph_compatible,counterion_or_inorganic_only_structure
41604,C(C(CO[N+](=O)[O-])O[N+](=O)[O-])O[N+](=O)[O-],[Li+].[AlH4-],1.0,graph_compatible,counterion_or_inorganic_only_structure
41644,C1=CC(=C2NC(=C3C=CC=CC3=O)N(N2)C4=CC=C(C=C4)C(=O)O)C(=O)C=C1,[O-2].[O-2].[O-2].[As+3].[As+3],1.0,graph_compatible,counterion_or_inorganic_only_structure
41683,CCCCC(=O)N(CC1=CC=C(C=C1)C2=CC=CC=C2C3=NNN=N3)C(C(C)C)C(=O)O,[Cl-].[K+],1.0,graph_compatible,counterion_or_inorganic_only_structure
41684,CC1C(C(CC(O1)OC2C(C(C(OC2OC3=C4C=C5C=C3OC6=C(C=C(C=C6)C(C(C(=O)NC(C(=O)NC5C(=O)NC7C8=CC(=C(C=C8)O)C9=C(C=C(C=C9O)O)C(NC(=O)C(C(C1=CC(=C(O4)C=C1)Cl)O)NC7=O)C(=O)O)CC(=O)N)NC(=O)C(CC(C)C)NC)O)Cl)CO)O)O)(C)N)O,[Cl-].[K+],1.0,graph_compatible,counterion_or_inorganic_only_structure
41685,CN(C)CC(C1=CC=C(C=C1)OC)C2(CCCCC2)O,[Cl-].[K+],1.0,graph_compatible,counterion_or_inorganic_only_structure
41787,CCCC(C(=O)OCC)NC(C)C(=O)N1C2CCCCC2CC1C(=O)O,[Cl-].[K+],1.0,graph_compatible,counterion_or_inorganic_only_structure
41793,CC(CS)C(=O)N1CCCC1C(=O)O,[Li+].[AlH4-],1.0,graph_compatible,counterion_or_inorganic_only_structure
41834,C[N+]1(C2CC(CC1C3C2O3)OC(=O)C(C4=CC=CS4)(C5=CC=CS5)O)C,[Li+].[AlH4-],1.0,graph_compatible,counterion_or_inorganic_only_structure
41914,C1=CN=C(N=C1)NS(=O)(=O)C2=CC=C(C=C2)N,[Na+].[Cl-],1.0,graph_compatible,counterion_or_inorganic_only_structure
41927,CCOC(=O)C(CCC1=CC=CC=C1)NC(C)C(=O)N2CC3=CC(=C(C=C3CC2C(=O)O)OC)OC,[Cl-].[K+],1.0,graph_compatible,counterion_or_inorganic_only_structure
41940,CC1=NC=CN1CC2CCC3=C(C2=O)C4=CC=CC=C4N3C,[O-2].[O-2].[O-2].[As+3].[As+3],1.0,graph_compatible,counterion_or_inorganic_only_structure
41959,C1=CC(=CC=C1N)S(=O)(=O)C2=CC=C(C=C2)N,[Na+].[Cl-],1.0,graph_compatible,counterion_or_inorganic_only_structure
42154,CCCCNC1=C(C(=CC(=C1)C(=O)O)S(=O)(=O)N)OC2=CC=CC=C2,[Li+].[AlH4-],1.0,graph_compatible,counterion_or_inorganic_only_structure
42264,C1=NC(=C2C(=N1)N(C=N2)C3C(C(C(O3)CO)O)O)N,[Na+].[Cl-],1.0,graph_compatible,counterion_or_inorganic_only_structure
42291,C(C(CO[N+](=O)[O-])O[N+](=O)[O-])O[N+](=O)[O-],[Ca+2],1.0,graph_compatible,counterion_or_inorganic_only_structure
42296,CC(=O)SC1CC2=CC(=O)CCC2(C3C1C4CCC5(C4(CC3)C)CCC(=O)O5)C,[Cl-].[K+],1.0,graph_compatible,counterion_or_inorganic_only_structure
42299,CC1=C(C=CN=C1CS(=O)C2=NC3=CC=CC=C3N2)OCCCOC,O.O.O.O.O.O.[Cl-].[Cl-].[Ca+2],1.0,graph_compatible,counterion_or_inorganic_only_structure
42306,CCN(C1=CC=CC(=C1)C2=CC=NC3=C(C=NN23)C#N)C(=O)C,[Na+].[Cl-],1.0,graph_compatible,counterion_or_inorganic_only_structure
42374,C(CN)C(O)(P(=O)(O)O)P(=O)(O)O,[O-2].[O-2].[O-2].[As+3].[As+3],1.0,graph_compatible,counterion_or_inorganic_only_structure
42419,CN(CCC1=CC=C(C=C1)NS(=O)(=O)C)CCOC2=CC=C(C=C2)NS(=O)(=O)C,[Cl-].[K+],1.0,graph_compatible,counterion_or_inorganic_only_structure
42445,CC(C)C(C)C=CC(C)C1CCC2C1(CCCC2=CC=C3CC(CCC3=C)O)C,[Ca+2],1.0,graph_compatible,counterion_or_inorganic_only_structure
42498,CC(C)C1=NC(=NC(=C1CCC(CC(CC(=O)O)O)O)C2=CC=C(C=C2)F)N(C)S(=O)(=O)C,[Cl-].[K+],1.0,graph_compatible,counterion_or_inorganic_only_structure
42590,CCOC1=C(C=CC(=C1)CC(=O)NC(CC(C)C)C2=CC=CC=C2N3CCCCC3)C(=O)O,[O-2].[O-2].[O-2].[As+3].[As+3],1.0,graph_compatible,counterion_or_inorganic_only_structure
42767,C[N+]1(C2CC(CC1C3C2O3)OC(=O)C(C4=CC=CS4)(C5=CC=CS5)O)C,[Ca+2],1.0,graph_compatible,counterion_or_inorganic_only_structure
42770,CNCCC(C1=CC=CS1)OC2=CC=CC3=CC=CC=C32,[Ca+2],1.0,graph_compatible,counterion_or_inorganic_only_structure
42796,CC(C)(C)NCC(COC1=NSN=C1N2CCOCC2)O,[Na+].[Cl-],1.0,graph_compatible,counterion_or_inorganic_only_structure
42809,CN1CC(=O)N2C(C1=O)CC3=C(C2C4=CC5=C(C=C4)OCO5)NC6=CC=CC=C36,[Li+].[AlH4-],1.0,graph_compatible,counterion_or_inorganic_only_structure
42927,C1C2CC3CC(CC1N3CC2=O)OC(=O)C4=CNC5=CC=CC=C54,[Cl-].[K+],1.0,graph_compatible,counterion_or_inorganic_only_structure
42931,CC1=NC=C2N1C3=C(C=C(C=C3)Cl)C(=NC2)C4=CC=CC=C4F,[Na+].[Cl-],1.0,graph_compatible,counterion_or_inorganic_only_structure
42948,CC(=O)OC1C(CC2C1(CCC3C2CCC4C3(CC(C(C4)O)N5CCOCC5)C)C)[N+]6(CCCC6)CC=C,[Na+].[Cl-],1.0,graph_compatible,counterion_or_inorganic_only_structure
42956,C[N+](C)(C)CC(CC(=O)O)O,[Ca+2],1.0,graph_compatible,counterion_or_inorganic_only_structure
43092,CC12CC(C3(C(C1CC(C2(C(=O)CO)O)O)CCC4=CC(=O)C=CC43C)F)O,[Ca+2],1.0,graph_compatible,counterion_or_inorganic_only_structure
43099,CN1CCC23C4C(=O)CCC2(C1CC5=C3C(=C(C=C5)OC)O4)O,[O-2].[O-2].[O-2].[As+3].[As+3],1.0,graph_compatible,counterion_or_inorganic_only_structure
43102,CCOC(=O)C(CCC1=CC=CC=C1)NC2CCC3=CC=CC=C3N(C2=O)CC(=O)O,[Cl-].[K+],1.0,graph_compatible,counterion_or_inorganic_only_structure
43133,CCN(CCCC(C)NC1=C2C=CC(=CC2=NC=C1)Cl)CCO,O.O.O.O.O.O.[Cl-].[Cl-].[Ca+2],1.0,graph_compatible,counterion_or_inorganic_only_structure
43274,CCC1C(=O)N(CC(=O)N(C(C(=O)NC(C(=O)N(C(C(=O)NC(C(=O)NC(C(=O)N(C(C(=O)N(C(C(=O)N(C(C(=O)N(C(C(=O)N1)C(C(C)CC=CC)O)C)C(C)C)C)CC(C)C)C)CC(C)C)C)C)C)CC(C)C)C)C(C)C)CC(C)C)C)C,[Li+].[AlH4-],1.0,graph_compatible,counterion_or_inorganic_only_structure
43386,COC1=C(C(=NC=C1)CS(=O)C2=NC3=C(N2)C=C(C=C3)OC(F)F)OC,[Na+].[Cl-],1.0,graph_compatible,counterion_or_inorganic_only_structure
43539,CC1=CC(=C(C=C1)O)C(CCN(C(C)C)C(C)C)C2=CC=CC=C2,O.O.O.O.O.O.[Cl-].[Cl-].[Ca+2],1.0,graph_compatible,counterion_or_inorganic_only_structure
43566,CC1=CC(=CC=C1)CN2CCN(CC2)C(C3=CC=CC=C3)C4=CC=C(C=C4)Cl,[Ca+2],1.0,graph_compatible,counterion_or_inorganic_only_structure
43650,C1CC(=O)NC2=C1C=CC(=C2)OCCCCN3CCN(CC3)C4=C(C(=CC=C4)Cl)Cl,[Na+].[Cl-],1.0,graph_compatible,counterion_or_inorganic_only_structure
43898,CC1=C2C(C(=O)C3(C(CC4C(C3C(C(C2(C)C)(CC1OC(=O)C(C(C5=CC=CC=C5)NC(=O)C6=CC=CC=C6)O)O)OC(=O)C7=CC=CC=C7)(CO4)OC(=O)C)O)C)OC(=O)C,[Cl-].[K+],1.0,graph_compatible,counterion_or_inorganic_only_structure
43908,CCN(CC)C(=O)C(=CC1=CC(=C(C(=C1)O)O)[N+](=O)[O-])C#N,[Cl-].[K+],1.0,graph_compatible,counterion_or_inorganic_only_structure
44014,C1=CC=C(C=C1)C(C2=CC=CC=C2)S(=O)CC(=O)N,[Li+].[AlH4-],1.0,graph_compatible,counterion_or_inorganic_only_structure
44025,C1=CC(=C(C=C1OC2=C(C=C(C=C2I)CC(C(=O)O)N)I)I)O,[Ca+2],1.0,graph_compatible,counterion_or_inorganic_only_structure
44038,CC(C1=NC=NC=C1F)C(CN2C=NC=N2)(C3=C(C=C(C=C3)F)F)O,[Ca+2],1.0,graph_compatible,counterion_or_inorganic_only_structure
44049,C1CN(CCN1CCCN2C3=CC=CC=C3SC4=C2C=C(C=C4)C(F)(F)F)CCO,[Li+].[AlH4-],1.0,graph_compatible,counterion_or_inorganic_only_structure
44117,CN(CCCNC(=O)C1CCCO1)C2=NC3=CC(=C(C=C3C(=N2)N)OC)OC,[Cl-].[K+],1.0,graph_compatible,counterion_or_inorganic_only_structure
44159,CC1=C(C(CCC1)(C)C)C=CC(=CC=CC(=CC(=O)O)C)C,[O-2].[O-2].[O-2].[As+3].[As+3],1.0,graph_compatible,counterion_or_inorganic_only_structure
44168,CCCN(CCC)S(=O)(=O)C1=CC=C(C=C1)C(=O)O,[Cl-].[K+],1.0,graph_compatible,counterion_or_inorganic_only_structure
44190,CC(CC1=CC(=C(C=C1)O)O)(C(=O)O)N,[Cl-].[K+],1.0,graph_compatible,counterion_or_inorganic_only_structure
44223,CN1CCCC1C2=CN=CC=C2,[Li+].[AlH4-],1.0,graph_compatible,counterion_or_inorganic_only_structure
44261,COC1=C(C=C2C(=C1)C(=NC(=N2)N3CCN(CC3)C(=O)C4COC5=CC=CC=C5O4)N)OC,O.O.O.O.O.O.[Cl-].[Cl-].[Ca+2],1.0,graph_compatible,counterion_or_inorganic_only_structure
44308,C1CCN(CC1)CCOC2=CC=C(C=C2)C(=O)C3=C(SC4=C3C=CC(=C4)O)C5=CC=C(C=C5)O,O.O.O.O.O.O.[Cl-].[Cl-].[Ca+2],1.0,graph_compatible,counterion_or_inorganic_only_structure
44329,C1CN(CC1C(C2=CC=CC=C2)(C3=CC=CC=C3)C(=O)N)CCC4=CC5=C(C=C4)OCC5,[Li+].[AlH4-],1.0,graph_compatible,counterion_or_inorganic_only_structure
44374,C1CN(CCN1CCOCCO)C(C2=CC=CC=C2)C3=CC=C(C=C3)Cl,[Na+].[Cl-],1.0,graph_compatible,counterion_or_inorganic_only_structure
44428,C1CCC(C(C1)[NH-])[NH-].C(=O)(C(=O)O)O.[Pt+2],[Cl-].[K+],1.0,graph_compatible,counterion_or_inorganic_only_structure
44494,CC1=CN=C(C(=C1OC)C)CS(=O)C2=NC3=C(N2)C=C(C=C3)OC,[Ca+2],1.0,graph_compatible,counterion_or_inorganic_only_structure
44495,CC1=NC=CN1CC2CCC3=C(C2=O)C4=CC=CC=C4N3C,[Ca+2],1.0,graph_compatible,counterion_or_inorganic_only_structure
44538,C1CN(CCN1CCOCC(=O)O)C(C2=CC=CC=C2)C3=CC=C(C=C3)Cl,[Li+].[AlH4-],1.0,graph_compatible,counterion_or_inorganic_only_structure
44576,C1=CC(=CN=C1)CC(O)(P(=O)(O)O)P(=O)(O)O,[Ca+2],1.0,graph_compatible,counterion_or_inorganic_only_structure
44590,C[N+]1(CCCC1)CC2=C(N3C(C(C3=O)NC(=O)C(=NOC)C4=CSC(=N4)N)SC2)C(=O)[O-],[Ca+2],1.0,graph_compatible,counterion_or_inorganic_only_structure
44643,CCCC1OC2CC3C4CCC5=CC(=O)C=CC5(C4C(CC3(C2(O1)C(=O)CO)C)O)C,[Li+].[AlH4-],1.0,graph_compatible,counterion_or_inorganic_only_structure
44754,CC(CN1C2=CC=CC=C2SC3=CC=CC=C31)N(C)C,[Ca+2],1.0,graph_compatible,counterion_or_inorganic_only_structure
44763,C1C2CNCC1C3=CC4=NC=CN=C4C=C23,[Li+].[AlH4-],1.0,graph_compatible,counterion_or_inorganic_only_structure
44850,CC1=CN=C(C(=C1OC)C)CS(=O)C2=NC3=C(N2)C=C(C=C3)OC,O.O.O.O.O.O.[Cl-].[Cl-].[Ca+2],1.0,graph_compatible,counterion_or_inorganic_only_structure
44883,C1CCC(CC1)(CC(=O)O)CN,[Na+].[Cl-],1.0,graph_compatible,counterion_or_inorganic_only_structure
44960,C1CN=C(N1)NC2=C(C=CC3=NSN=C32)Cl,[Li+].[AlH4-],1.0,graph_compatible,counterion_or_inorganic_only_structure
44984,C1=CC=C(C=C1)C(C2=CC=CC=C2)S(=O)CC(=O)N,O.O.O.O.O.O.[Cl-].[Cl-].[Ca+2],1.0,graph_compatible,counterion_or_inorganic_only_structure
44986,CC1=CC(=CC=C1)CN2CCN(CC2)C(C3=CC=CC=C3)C4=CC=C(C=C4)Cl,[Li+].[AlH4-],1.0,graph_compatible,counterion_or_inorganic_only_structure
45007,CC(C1=CC2=C(C=C1)C=C(C=C2)OC)C(=O)O,[Li+].[AlH4-],1.0,graph_compatible,counterion_or_inorganic_only_structure
45009,CC(C)[N+]1(C2CCC1CC(C2)OC(=O)C(CO)C3=CC=CC=C3)C,[Li+].[AlH4-],1.0,graph_compatible,counterion_or_inorganic_only_structure
45011,C1CC(CCC1C2=CC=C(C=C2)Cl)C3=C(C4=CC=CC=C4C(=O)C3=O)O,[Na+].[Cl-],1.0,graph_compatible,counterion_or_inorganic_only_structure
45014,CC1C(C(CC(O1)OC2CC(CC3=C2C(=C4C(=C3O)C(=O)C5=C(C4=O)C(=CC=C5)OC)O)(C(=O)CO)O)[NH3+])O,[Na+].[Cl-],1.0,graph_compatible,counterion_or_inorganic_only_structure
45043,CN1C2CCC1CC(C2)OC(=O)C(CO)C3=CC=CC=C3,[Li+].[AlH4-],1.0,graph_compatible,counterion_or_inorganic_only_structure
45140,C1C(=O)NC(=O)N1N=CC2=CC=C(O2)[N+](=O)[O-],[Cl-].[K+],1.0,graph_compatible,counterion_or_inorganic_only_structure
45194,CC1C=CC=CCCC=CC=CC=CC=CC(CC(C(C(CC(=O)CC(C(CCC(CC(CC(CC(=O)OC(C(C1O)C)C)O)O)O)O)O)O)C(=O)O)O)OC2C(C(C(C(O2)C)O)N)O,[Ca+2],1.0,graph_compatible,counterion_or_inorganic_only_structure
45233,CC(C)C(C(=O)OCC(CO)OCN1C=NC2=C1NC(=NC2=O)N)N,[Na+].[Cl-],1.0,graph_compatible,counterion_or_inorganic_only_structure
45277,CCOC(=O)OC1(CCC2C1(CC(C3C2CCC4=CC(=O)C=CC34C)O)C)C(=O)OCCl,[Cl-].[K+],1.0,graph_compatible,counterion_or_inorganic_only_structure
45370,C1=C(N=C(S1)N=C(N)N)CSCCC(=NS(=O)(=O)N)N,[O-2].[O-2].[O-2].[As+3].[As+3],1.0,graph_compatible,counterion_or_inorganic_only_structure
45375,C1CN(CCN1CCOCCO)C(C2=CC=CC=C2)C3=CC=C(C=C3)Cl,[Cl-].[K+],1.0,graph_compatible,counterion_or_inorganic_only_structure
45379,C1=CN(C(=O)N=C1N)C2C(C(C(O2)CO)O)O,[Na+].[Cl-],1.0,graph_compatible,counterion_or_inorganic_only_structure
45387,CC(C)(C)NCC(COC1=CC=CC2=C1CC(C(C2)O)O)O,[Ca+2],1.0,graph_compatible,counterion_or_inorganic_only_structure
45480,C1CN(CCN1CCOCC(=O)O)C(C2=CC=CC=C2)C3=CC=C(C=C3)Cl,O.O.O.O.O.O.[Cl-].[Cl-].[Ca+2],1.0,graph_compatible,counterion_or_inorganic_only_structure
45506,CC(=O)SC1CC2=CC(=O)CCC2(C3C1C4CCC5(C4(CC3)C)CCC(=O)O5)C,[O-2].[O-2].[O-2].[As+3].[As+3],1.0,graph_compatible,counterion_or_inorganic_only_structure
45571,CC12CCC3C(C1CCC2(C)O)CCC4C3(COC(=O)C4)C,[Na+].[Cl-],1.0,graph_compatible,counterion_or_inorganic_only_structure
45588,CC1=CC=CC=C1C(C2=CC=CC=C2)OCCN(C)C,[Cl-].[K+],1.0,graph_compatible,counterion_or_inorganic_only_structure
45604,CC(C1=CC(=CC=C1)C(=O)C2=CC=CC=C2)C(=O)O,[Cl-].[K+],1.0,graph_compatible,counterion_or_inorganic_only_structure
45675,CCC(C)C(=O)OC1CC(C=C2C1C(C(C=C2)C)CCC3CC(CC(=O)O3)O)C,[Cl-].[K+],1.0,graph_compatible,counterion_or_inorganic_only_structure
45734,C1=CC(=CC=C1NC(=NC(=NCCCCCCN=C(N)N=C(N)NC2=CC=C(C=C2)Cl)N)N)Cl,[Cl-].[K+],1.0,graph_compatible,counterion_or_inorganic_only_structure
45760,C=CC1=C(N2C(C(C2=O)NC(=O)C(=NO)C3=CSC(=N3)N)SC1)C(=O)O,[Cl-].[K+],1.0,graph_compatible,counterion_or_inorganic_only_structure
45800,CC1C2C(C3C(C(=O)C(=C(N)O)C(=O)C3(C(=O)C2=C(C4=C1C=CC=C4O)O)O)N(C)C)O,[Na+].[Cl-],1.0,graph_compatible,counterion_or_inorganic_only_structure
45928,CC1CC2C3CC(C4=CC(=O)C=CC4(C3(C(CC2(C1(C(=O)SCF)O)C)O)F)C)F,[Ca+2],1.0,graph_compatible,counterion_or_inorganic_only_structure
45941,C1=C(C=C(C(=C1I)OC2=CC(=C(C(=C2)I)O)I)I)CC(C(=O)O)N,[Cl-].[K+],1.0,graph_compatible,counterion_or_inorganic_only_structure
45967,CC1=C(N2C(C(C2=O)NC(=O)C(C3=CC=CC=C3)N)SC1)C(=O)O,[Li+].[AlH4-],1.0,graph_compatible,counterion_or_inorganic_only_structure
46007,CN(C)C(=N)N=C(N)N,[Li+].[AlH4-],1.0,graph_compatible,counterion_or_inorganic_only_structure
46016,CC(=O)OC1C(SC2=CC=CC=C2N(C1=O)CC[NH+](C)C)C3=CC=C(C=C3)OC,[Cl-].[K+],1.0,graph_compatible,counterion_or_inorganic_only_structure
46023,CC(C)C1=NC(=CS1)CN(C)C(=O)NC(C(C)C)C(=O)NC(CC2=CC=CC=C2)CC(C(CC3=CC=CC=C3)NC(=O)OCC4=CN=CS4)O,[Li+].[AlH4-],1.0,graph_compatible,counterion_or_inorganic_only_structure
46041,CCOC(=O)C(CCC1=CC=CC=C1)NC(C)C(=O)N2C3CCCCC3CC2C(=O)O,[Cl-].[K+],1.0,graph_compatible,counterion_or_inorganic_only_structure
46091,CC(C)C1=NC(=NC(=C1CCC(CC(CC(=O)O)O)O)C2=CC=C(C=C2)F)N(C)S(=O)(=O)C,[Li+].[AlH4-],1.0,graph_compatible,counterion_or_inorganic_only_structure
46139,C1=CC=C(C=C1)C(C2=CC=CC=C2)(C3=CC=CC=C3Cl)N4C=CN=C4,[Li+].[AlH4-],1.0,graph_compatible,counterion_or_inorganic_only_structure
46144,COC1=CC=CC=C1OCCNCC(COC2=CC=CC3=C2C4=CC=CC=C4N3)O,[Ca+2],1.0,graph_compatible,counterion_or_inorganic_only_structure
46153,CC(C)C1=C(C(=C(N1CCC(CC(CC(=O)O)O)O)C2=CC=C(C=C2)F)C3=CC=CC=C3)C(=O)NC4=CC=CC=C4,[Cl-].[K+],1.0,graph_compatible,counterion_or_inorganic_only_structure
46241,CCN(CC)CC(=O)NC1=C(C=CC=C1C)C,[Ca+2],1.0,graph_compatible,counterion_or_inorganic_only_structure
46242,CC(C)CC1=CC=C(C=C1)C(C)C(=O)O,[Ca+2],1.0,graph_compatible,counterion_or_inorganic_only_structure
46244,CNCC(C1=CC(=C(C=C1)O)O)O,O.O.O.O.O.O.[Cl-].[Cl-].[Ca+2],1.0,graph_compatible,counterion_or_inorganic_only_structure
46295,CC1=CC=C(C=C1)C2=CC(=NN2C3=CC=C(C=C3)S(=O)(=O)N)C(F)(F)F,[Na+].[Cl-],1.0,graph_compatible,counterion_or_inorganic_only_structure
46378,CCOC(=O)C1=CN=CN1C(C)C2=CC=CC=C2,[Na+].[Cl-],1.0,graph_compatible,counterion_or_inorganic_only_structure
46405,CCOC(=O)C1(CCN(CC1)C)C2=CC=CC=C2,O.O.O.O.O.O.[Cl-].[Cl-].[Ca+2],1.0,graph_compatible,counterion_or_inorganic_only_structure
46481,CNCCC(C1=CC=CC=C1)OC2=CC=C(C=C2)C(F)(F)F,[Cl-].[K+],1.0,graph_compatible,counterion_or_inorganic_only_structure
46517,CC1=CC(=C(C=C1)O)C(CCN(C(C)C)C(C)C)C2=CC=CC=C2,[Li+].[AlH4-],1.0,graph_compatible,counterion_or_inorganic_only_structure
46664,C1CNP(=O)(OC1)N(CCCl)CCCl,[Cl-].[K+],1.0,graph_compatible,counterion_or_inorganic_only_structure
46669,C1CN2CCC1C(C2)OC(=O)N3CCC4=CC=CC=C4C3C5=CC=CC=C5,[Li+].[AlH4-],1.0,graph_compatible,counterion_or_inorganic_only_structure
46745,C1NC2=CC(=C(C=C2S(=O)(=O)N1)S(=O)(=O)N)Cl,[O-2].[O-2].[O-2].[As+3].[As+3],1.0,graph_compatible,counterion_or_inorganic_only_structure
46774,CCCCCC(C=CC1C(CC(=O)C1CCCCCCC(=O)O)O)O,[Cl-].[K+],1.0,graph_compatible,counterion_or_inorganic_only_structure
46807,C1C(N(C2=C(N1)NC(=NC2=O)N)C=O)CNC3=CC=C(C=C3)C(=O)NC(CCC(=O)O)C(=O)O,[Cl-].[K+],1.0,graph_compatible,counterion_or_inorganic_only_structure
46869,CC(C)C(CCCN(C)CCC1=CC(=C(C=C1)OC)OC)(C#N)C2=CC(=C(C=C2)OC)OC,O.O.O.O.O.O.[Cl-].[Cl-].[Ca+2],1.0,graph_compatible,counterion_or_inorganic_only_structure
46894,CC(=O)OCC1=C(N2C(C(C2=O)NC(=O)C(=NOC)C3=CSC(=N3)N)SC1)C(=O)[O-],[Li+].[AlH4-],1.0,graph_compatible,counterion_or_inorganic_only_structure
46988,C1=CN=CC=C1C(=O)NN,[Li+].[AlH4-],1.0,graph_compatible,counterion_or_inorganic_only_structure
47289,CCN(CC)CC#CCOC(=O)C(C1CCCCC1)(C2=CC=CC=C2)O,[Cl-].[K+],1.0,graph_compatible,counterion_or_inorganic_only_structure
47324,C1CN2C(=CC=C2C(=O)C3=CC=CC=C3)C1C(=O)O,[Na+].[Cl-],1.0,graph_compatible,counterion_or_inorganic_only_structure
47421,CN(CC1=CN=C2C(=N1)C(=NC(=N2)N)N)C3=CC=C(C=C3)C(=O)NC(CCC(=O)O)C(=O)O,O.O.O.O.O.O.[Cl-].[Cl-].[Ca+2],1.0,graph_compatible,counterion_or_inorganic_only_structure
47454,C1CC1NC2=C3C(=NC(=N2)N)N(C=N3)C4CC(C=C4)CO,[Cl-].[K+],1.0,graph_compatible,counterion_or_inorganic_only_structure
47478,CC1=CC2=C(NC3=CC=CC=C3N=C2S1)N4CCN(CC4)C,[Li+].[AlH4-],1.0,graph_compatible,counterion_or_inorganic_only_structure
47522,CCOC1=NC2=CC=CC(=C2N1CC3=CC=C(C=C3)C4=CC=CC=C4C5=NNN=N5)C(=O)O,[Li+].[AlH4-],1.0,graph_compatible,counterion_or_inorganic_only_structure
47531,C1CC(=O)NC(=O)C1N2CC3=C(C2=O)C=CC=C3N,[Ca+2],1.0,graph_compatible,counterion_or_inorganic_only_structure
47707,C1=C(N=C(S1)N=C(N)N)CSCCC(=NS(=O)(=O)N)N,[Ca+2],1.0,graph_compatible,counterion_or_inorganic_only_structure
47810,CCN(CC)CCNC(=O)C1=CC(=C(C=C1OC)N)Cl,O.O.O.O.O.O.[Cl-].[Cl-].[Ca+2],1.0,graph_compatible,counterion_or_inorganic_only_structure
47813,C1CC1N2C=C(C(=O)C3=CC(=C(C=C32)N4CCNCC4)F)C(=O)O,[O-2].[O-2].[O-2].[As+3].[As+3],1.0,graph_compatible,counterion_or_inorganic_only_structure
47868,CC1=C(C(C(=C(N1)C)C(=O)OC(C)C)C2=CC=CC3=NON=C32)C(=O)OC,[Cl-].[K+],1.0,graph_compatible,counterion_or_inorganic_only_structure
47881,CC1(C(N2C(S1)C(C2=O)NC(=O)C(C3=CC=C(C=C3)O)N)C(=O)O)C,[Li+].[AlH4-],1.0,graph_compatible,counterion_or_inorganic_only_structure
47961,CCC(CC)OC1C=C(CC(C1NC(=O)C)N)C(=O)OCC,[Ca+2],1.0,graph_compatible,counterion_or_inorganic_only_structure
48003,CC1CC(C2C(CC(C(O2)(C(=O)C(=O)N3CCCCC3C(=O)OC(C(C(CC(=O)C(C=C(C1)C)CC=C)O)C)C(=CC4CCC(C(C4)OC)O)C)O)C)OC)OC,O.O.O.O.O.O.[Cl-].[Cl-].[Ca+2],1.0,graph_compatible,counterion_or_inorganic_only_structure
48064,C(C(F)(F)F)(OC(F)F)Cl,[Na+].[Cl-],1.0,graph_compatible,counterion_or_inorganic_only_structure
48121,CC1=C(C(=O)C2=CC=CC=C2C1=O)CC=C(C)CCCC(C)CCCC(C)CCCC(C)C,O.O.O.O.O.O.[Cl-].[Cl-].[Ca+2],1.0,graph_compatible,counterion_or_inorganic_only_structure
48141,CCCC1=NC(=C(N1CC2=CC=C(C=C2)C3=CC=CC=C3C4=NNN=N4)C(=O)OCC5=C(OC(=O)O5)C)C(C)(C)O,[Li+].[AlH4-],1.0,graph_compatible,counterion_or_inorganic_only_structure
48169,CCC(=C(C1=CC=CC=C1)C2=CC=C(C=C2)OCCN(C)C)C3=CC=CC=C3,O.O.O.O.O.O.[Cl-].[Cl-].[Ca+2],1.0,graph_compatible,counterion_or_inorganic_only_structure
48374,C1=CC=C(C(=C1)CC(=O)[O-])NC2=C(C=CC=C2Cl)Cl,[Na+].[Cl-],1.0,graph_compatible,counterion_or_inorganic_only_structure
48433,C1C(=O)NC2=C(C=C(C=C2)[N+](=O)[O-])C(=N1)C3=CC=CC=C3,[Li+].[AlH4-],1.0,graph_compatible,counterion_or_inorganic_only_structure
48458,CC(C)NCC(COC1=CC=C(C=C1)CCOC)O,O.O.O.O.O.O.[Cl-].[Cl-].[Ca+2],1.0,graph_compatible,counterion_or_inorganic_only_structure
48485,CCOC(=O)C(CCC1=CC=CC=C1)NC(C)C(=O)N2C3CCCC3CC2C(=O)O,[Li+].[AlH4-],1.0,graph_compatible,counterion_or_inorganic_only_structure
48499,CN1C(=C(NC2=CC=CC=N2)O)C(=O)C3=CC=CC=C3S1(=O)=O,[Cl-].[K+],1.0,graph_compatible,counterion_or_inorganic_only_structure
48578,COC1=C(C=C(C=C1)Cl)C(=O)NCCC2=CC=C(C=C2)S(=O)(=O)NC(=O)NC3CCCCC3,[Ca+2],1.0,graph_compatible,counterion_or_inorganic_only_structure
48603,C(CS(=O)(=O)O)S,[Ca+2],1.0,graph_compatible,counterion_or_inorganic_only_structure
48615,COC1=C(C=C2C(=C1)C(=NC(=N2)N3CCN(CC3)C(=O)C4COC5=CC=CC=C5O4)N)OC,[Ca+2],1.0,graph_compatible,counterion_or_inorganic_only_structure
48629,CNC(=C[N+](=O)[O-])NCCSCC1=CSC(=N1)CN(C)C,[Cl-].[K+],1.0,graph_compatible,counterion_or_inorganic_only_structure
48641,C(CS(=O)(=O)O)S,[Na+].[Cl-],1.0,graph_compatible,counterion_or_inorganic_only_structure
48650,C1=CC(=CC=C1C(CC(=O)O)CN)Cl,[Cl-].[K+],1.0,graph_compatible,counterion_or_inorganic_only_structure
48668,CC(=O)NC1=NN=C(S1)S(=O)(=O)N,[Cl-].[K+],1.0,graph_compatible,counterion_or_inorganic_only_structure
48719,C1CC2=C(C=CC(=C2)Cl)C(=C3CCNCC3)C4=C1C=CC=N4,[Cl-].[K+],1.0,graph_compatible,counterion_or_inorganic_only_structure
48720,C(=O)(N)NO,[O-2].[O-2].[O-2].[As+3].[As+3],1.0,graph_compatible,counterion_or_inorganic_only_structure
48801,CC1CC2C3CCC4=CC(=O)C=CC4(C3(C(CC2(C1(C(=O)CO)O)C)O)F)C,O.O.O.O.O.O.[Cl-].[Cl-].[Ca+2],1.0,graph_compatible,counterion_or_inorganic_only_structure
48836,C1CC1C#CC2(C3=C(C=CC(=C3)Cl)NC(=O)O2)C(F)(F)F,[Cl-].[K+],1.0,graph_compatible,counterion_or_inorganic_only_structure
48947,CN1C2=C(C(=O)N(C1=O)C)NC=N2,[Na+].[Cl-],1.0,graph_compatible,counterion_or_inorganic_only_structure
48987,CCCC(=O)NC1=CC(=C(C=C1)OCC(CNC(C)C)O)C(=O)C,[Cl-].[K+],1.0,graph_compatible,counterion_or_inorganic_only_structure
49074,CC1CC2C3CCC4=CC(=O)C=CC4(C3(C(CC2(C1(C(=O)CCl)O)C)O)Cl)C,[Cl-].[K+],1.0,graph_compatible,counterion_or_inorganic_only_structure
49139,CCCCCN(C)CCC(O)(P(=O)(O)O)P(=O)(O)O,[Li+].[AlH4-],1.0,graph_compatible,counterion_or_inorganic_only_structure
49299,[Cl-].[K+],[Na+].[Cl-],1.0,counterion_or_inorganic_only_structure,counterion_or_inorganic_only_structure
49300,CN(CC(CO)O)C(=O)C1=C(C(=C(C(=C1I)C(=O)NCC(CO)O)I)NC(=O)COC)I,[Ca+2],1.0,graph_compatible,counterion_or_inorganic_only_structure
49344,CC12CCC(=O)C=C1CCC3C2C(CC4(C3CCC4(C(=O)CO)O)C)O,[Cl-].[K+],1.0,graph_compatible,counterion_or_inorganic_only_structure
49367,C(C(C(C(C(CO)O)O)O)O)O,[Cl-].[K+],1.0,graph_compatible,counterion_or_inorganic_only_structure
49373,CCCCCN(C)CCC(O)(P(=O)(O)O)P(=O)(O)O,[Cl-].[K+],1.0,graph_compatible,counterion_or_inorganic_only_structure
49536,CCCCC(=O)N(CC1=CC=C(C=C1)C2=CC=CC=C2C3=NNN=N3)C(C(C)C)C(=O)O,[O-2].[O-2].[O-2].[As+3].[As+3],1.0,graph_compatible,counterion_or_inorganic_only_structure
49552,C[N+]1(CCCC1)CC2=C(N3C(C(C3=O)NC(=O)C(=NOC)C4=CSC(=N4)N)SC2)C(=O)[O-],O.O.O.O.O.O.[Cl-].[Cl-].[Ca+2],1.0,graph_compatible,counterion_or_inorganic_only_structure
49591,CCC1C(C(C(N(CC(CC(C(C(C(C(C(=O)O1)C)OC2CC(C(C(O2)C)O)(C)OC)C)OC3C(C(CC(O3)C)N(C)C)O)(C)O)C)C)C)O)(C)O,[Na+].[Cl-],1.0,graph_compatible,counterion_or_inorganic_only_structure
49605,CC1=CC(=CC=C1)NC2=C(C=NC=C2)S(=O)(=O)NC(=O)NC(C)C,[Na+].[Cl-],1.0,graph_compatible,counterion_or_inorganic_only_structure
49722,C1CC2=C(C=CC(=C2)Cl)C(=C3CCNCC3)C4=C1C=CC=N4,[Li+].[AlH4-],1.0,graph_compatible,counterion_or_inorganic_only_structure
49740,C1C(C2C(O1)C(CO2)O[N+](=O)[O-])O,[Na+].[Cl-],1.0,graph_compatible,counterion_or_inorganic_only_structure
49805,C(N)(N)(Cl)Cl,[Na+].[Cl-],1.0,graph_compatible,counterion_or_inorganic_only_structure
49812,CS(=O)(=O)C1=CC=C(C=C1)C2=C(C(=O)OC2)C3=CC=CC=C3,[Cl-].[K+],1.0,graph_compatible,counterion_or_inorganic_only_structure
49924,C1=CC=C2C(=C1)C(=NO2)CS(=O)(=O)N,[Cl-].[K+],1.0,graph_compatible,counterion_or_inorganic_only_structure
49938,CC1=CC=C(C=C1)C2=C(N3C=C(C=CC3=N2)C)CC(=O)N(C)C,[Cl-].[K+],1.0,graph_compatible,counterion_or_inorganic_only_structure
49994,CCCNC1CCC2=C(C1)SC(=N2)N,[Ca+2],1.0,graph_compatible,counterion_or_inorganic_only_structure
50003,CCC(C)C(=O)OC1CC(C=C2C1C(C(C=C2)C)CCC(CC(CC(=O)O)O)O)O,[Ca+2],1.0,graph_compatible,counterion_or_inorganic_only_structure
50021,CC1(C2CC3C(C(=O)C(=C(N)O)C(=O)C3(C(=O)C2=C(C4=C1C=CC=C4O)O)O)N(C)C)O,[Cl-].[K+],1.0,graph_compatible,counterion_or_inorganic_only_structure
50042,CC(C1C(O1)CC2COC(C(C2O)O)CC(=CC(=O)OCCCCCCCCC(=O)O)C)C(C)O,[Ca+2],1.0,graph_compatible,counterion_or_inorganic_only_structure
50110,CC12CC(=O)C3C(C1CCC2(C(=O)CO)O)CCC4=CC(=O)C=CC34C,[Na+].[Cl-],1.0,graph_compatible,counterion_or_inorganic_only_structure
50116,CN1C2=C(C=C(C=C2)Cl)C(=NC(C1=O)O)C3=CC=CC=C3,[Na+].[Cl-],1.0,graph_compatible,counterion_or_inorganic_only_structure
50200,CN(CC(CO)O)C(=O)C1=C(C(=C(C(=C1I)C(=O)NCC(CO)O)I)NC(=O)COC)I,[Cl-].[K+],1.0,graph_compatible,counterion_or_inorganic_only_structure
50236,C(=O)(O)[O-].[Na+],[Na+].[Cl-],1.0,graph_compatible,counterion_or_inorganic_only_structure
50260,C1CNCC(C1C2=CC=C(C=C2)F)COC3=CC4=C(C=C3)OCO4,[O-2].[O-2].[O-2].[As+3].[As+3],1.0,graph_compatible,counterion_or_inorganic_only_structure
50274,C(CCC(=O)O)CCN,[Cl-].[K+],1.0,graph_compatible,counterion_or_inorganic_only_structure
50292,CCN(CC)CCNC(=O)C1=CC(=C(C=C1OC)N)Cl,[Na+].[Cl-],1.0,graph_compatible,counterion_or_inorganic_only_structure
50299,CC(=O)OC1CC2CCC3C(C2(CC1N4CCCCC4)C)CCC5(C3CC(C5OC(=O)C)[N+]6(CCCCC6)C)C,O.O.O.O.O.O.[Cl-].[Cl-].[Ca+2],1.0,graph_compatible,counterion_or_inorganic_only_structure
50302,CC1C=CC=CC=CC=CC=CC=CC=CC(CC2C(C(CC(O2)(CC(CC(C(CCC(CC(CC(=O)OC(C(C1O)C)C)O)O)O)O)O)O)O)C(=O)O)OC3C(C(C(C(O3)C)O)N)O,O.O.O.O.O.O.[Cl-].[Cl-].[Ca+2],1.0,graph_compatible,counterion_or_inorganic_only_structure
50304,CC(C)C1=C(C(=CC=C1)C(C)C)O,[Cl-].[K+],1.0,graph_compatible,counterion_or_inorganic_only_structure
50396,CCOC(=O)C1(CCN(CC1)C)C2=CC=CC=C2,[Na+].[Cl-],1.0,graph_compatible,counterion_or_inorganic_only_structure
50414,C(C1C(C(C(C(O1)OC(C(CO)O)C(C(=O)CO)O)O)O)O)O,[Cl-].[K+],1.0,graph_compatible,counterion_or_inorganic_only_structure
50604,CCCCCOC(=O)NC1=NC(=O)N(C=C1F)C2C(C(C(O2)C)O)O,O.O.O.O.O.O.[Cl-].[Cl-].[Ca+2],1.0,graph_compatible,counterion_or_inorganic_only_structure
50625,CC1=CC(=NC(=N1)OC(C(=O)O)C(C2=CC=CC=C2)(C3=CC=CC=C3)OC)C,[Ca+2],1.0,graph_compatible,counterion_or_inorganic_only_structure
50679,C1CCC2(C1)CC(=O)N(C(=O)C2)CCCCN3CCN(CC3)C4=NC=CC=N4,[Cl-].[K+],1.0,graph_compatible,counterion_or_inorganic_only_structure
50687,CC1=C(C=CN=C1CS(=O)C2=NC3=CC=CC=C3N2)OCC(F)(F)F,[O-2].[O-2].[O-2].[As+3].[As+3],1.0,graph_compatible,counterion_or_inorganic_only_structure
50701,C1CN(CCN1CCOCCO)C2=NC3=CC=CC=C3SC4=CC=CC=C42,[Ca+2],1.0,graph_compatible,counterion_or_inorganic_only_structure
50704,CCOC(=O)C(CCC1=CC=CC=C1)NC(C)C(=O)N2CC3=CC=CC=C3CC2C(=O)O,[Ca+2],1.0,graph_compatible,counterion_or_inorganic_only_structure
50715,C1CC[N+]2(C1)C3CCC2CC(C3)OC(=O)C(C4=CC=CC=C4)(C5=CC=CC=C5)O,[Cl-].[K+],1.0,graph_compatible,counterion_or_inorganic_only_structure
50726,C1CNCC(C1C2=CC=C(C=C2)F)COC3=CC4=C(C=C3)OCO4,O.O.O.O.O.O.[Cl-].[Cl-].[Ca+2],1.0,graph_compatible,counterion_or_inorganic_only_structure
50730,CC1=CC2=C(NC3=CC=CC=C3N=C2S1)N4CCN(CC4)C,[O-2].[O-2].[O-2].[As+3].[As+3],1.0,graph_compatible,counterion_or_inorganic_only_structure
50826,C1=CC(=CC=C1C(=O)NC(CCC(=O)O)C(=O)O)NCC2=CN=C3C(=N2)C(=O)N=C(N3)N,[Ca+2],1.0,graph_compatible,counterion_or_inorganic_only_structure
50829,CC(C)N1C2=CC=CC=C2C(=C1C=CC(CC(CC(=O)O)O)O)C3=CC=C(C=C3)F,[Ca+2],1.0,graph_compatible,counterion_or_inorganic_only_structure
50835,CCC1C(C(C(C(=O)C(CC(C(C(C(C(C(=O)O1)C)OC2CC(C(C(O2)C)O)(C)OC)C)OC3C(C(CC(O3)C)N(C)C)O)(C)OC)C)C)O)(C)O,[Cl-].[K+],1.0,graph_compatible,counterion_or_inorganic_only_structure
50837,CC(C)(C#N)C1=CC(=CC(=C1)CN2C=NC=N2)C(C)(C)C#N,O.O.O.O.O.O.[Cl-].[Cl-].[Ca+2],1.0,graph_compatible,counterion_or_inorganic_only_structure
50840,CC(CN1C2=CC=CC=C2SC3=CC=CC=C31)N(C)C,O.O.O.O.O.O.[Cl-].[Cl-].[Ca+2],1.0,graph_compatible,counterion_or_inorganic_only_structure
50877,CC1=NC=CN1CC2CCC3=C(C2=O)C4=CC=CC=C4N3C,[Li+].[AlH4-],1.0,graph_compatible,counterion_or_inorganic_only_structure
50938,CCN(CC1=CC=NC=C1)C(=O)C(CO)C2=CC=CC=C2,[Cl-].[K+],1.0,graph_compatible,counterion_or_inorganic_only_structure
50965,CC(=O)CC(C1=CC=CC=C1)C2=C(OC3=CC=CC=C3C2=O)O,[Li+].[AlH4-],1.0,graph_compatible,counterion_or_inorganic_only_structure
51005,CCNC(=O)CCCC=CCC1C(CC(C1C=CC(CCC2=CC=CC=C2)O)O)O,[Cl-].[K+],1.0,graph_compatible,counterion_or_inorganic_only_structure
51009,COC1=CC2=C(C=CN=C2C=C1)C(C3CC4CCN3CC4C=C)O,[Ca+2],1.0,graph_compatible,counterion_or_inorganic_only_structure
51037,C1CN(CCN1CCOCCO)C2=NC3=CC=CC=C3SC4=CC=CC=C42,[Na+].[Cl-],1.0,graph_compatible,counterion_or_inorganic_only_structure
51131,CC(=O)OCC(CCN1C=NC2=CN=C(N=C21)N)COC(=O)C,[Cl-].[K+],1.0,graph_compatible,counterion_or_inorganic_only_structure
51139,CC(C)CC1=CC=C(C=C1)C(C)C(=O)O,[Li+].[AlH4-],1.0,graph_compatible,counterion_or_inorganic_only_structure
51141,C1CC1N2C=C(C(=O)C3=CC(=C(C=C32)N4CCNCC4)F)C(=O)O,O.O.O.O.O.O.[Cl-].[Cl-].[Ca+2],1.0,graph_compatible,counterion_or_inorganic_only_structure
51157,CC1=C(C(=O)N2CCCCC2=N1)CCN3CCC(CC3)C4=NOC5=C4C=CC(=C5)F,[Na+].[Cl-],1.0,graph_compatible,counterion_or_inorganic_only_structure
51194,CC1=C2C(C(=O)C3(C(CC4C(C3C(C(C2(C)C)(CC1OC(=O)C(C(C5=CC=CC=C5)NC(=O)OC(C)(C)C)O)O)OC(=O)C6=CC=CC=C6)(CO4)OC(=O)C)O)C)O,O.O.O.O.O.O.[Cl-].[Cl-].[Ca+2],1.0,graph_compatible,counterion_or_inorganic_only_structure
51206,C1CC(N(C1)C(=O)C(CCCCN)NC(CCC2=CC=CC=C2)C(=O)O)C(=O)O,[Cl-].[K+],1.0,graph_compatible,counterion_or_inorganic_only_structure
51222,CCCCNC(=O)NS(=O)(=O)C1=CC=C(C=C1)C,[Cl-].[K+],1.0,graph_compatible,counterion_or_inorganic_only_structure
51232,CCN(CC)CC(=O)NC1=C(C=CC=C1C)C,O.O.O.O.O.O.[Cl-].[Cl-].[Ca+2],1.0,graph_compatible,counterion_or_inorganic_only_structure
51234,C1CN=C(N1)NC2=C(C=CC=C2Cl)Cl,[Na+].[Cl-],1.0,graph_compatible,counterion_or_inorganic_only_structure
51283,CCCCCCCCCCCC(CC1C(C(=O)O1)CCCCCC)OC(=O)C(CC(C)C)NC=O,[Li+].[AlH4-],1.0,graph_compatible,counterion_or_inorganic_only_structure
51326,C1=CN=C(C=N1)C(=O)N,[Cl-].[K+],1.0,graph_compatible,counterion_or_inorganic_only_structure
51406,CN(C)CCC=C1C2=CC=CC=C2C=CC3=CC=CC=C31,[Na+].[Cl-],1.0,graph_compatible,counterion_or_inorganic_only_structure
51447,CC(C)(C(C(=O)O)N)S,[Cl-].[K+],1.0,graph_compatible,counterion_or_inorganic_only_structure
51450,CCN(CC)CCN1C(=O)CN=C(C2=C1C=CC(=C2)Cl)C3=CC=CC=C3F,[Li+].[AlH4-],1.0,graph_compatible,counterion_or_inorganic_only_structure
51457,C(C1C(C(C(C(O1)OC(C(CO)O)C(C(=O)CO)O)O)O)O)O,[Li+].[AlH4-],1.0,graph_compatible,counterion_or_inorganic_only_structure
51507,CC1COC2=C3N1C=C(C(=O)C3=CC(=C2N4CCN(CC4)C)F)C(=O)O,[Li+].[AlH4-],1.0,graph_compatible,counterion_or_inorganic_only_structure
51508,COC1=C(C=C2C(=C1)C(=NC(=N2)N3CCN(CC3)C(=O)C4COC5=CC=CC=C5O4)N)OC,[Li+].[AlH4-],1.0,graph_compatible,counterion_or_inorganic_only_structure
51519,CCOC(=O)C(CCC1=CC=CC=C1)NC(C)C(=O)N2CCCC2C(=O)O,[Li+].[AlH4-],1.0,graph_compatible,counterion_or_inorganic_only_structure
51524,C1CC(=O)NC2=C1C=CC(=C2)OCCCCN3CCN(CC3)C4=C(C(=CC=C4)Cl)Cl,[Li+].[AlH4-],1.0,graph_compatible,counterion_or_inorganic_only_structure
51547,CC1OCC2C(O1)C(C(C(O2)OC3C4COC(=O)C4C(C5=CC6=C(C=C35)OCO6)C7=CC(=C(C(=C7)OC)O)OC)O)O,[O-2].[O-2].[O-2].[As+3].[As+3],1.0,graph_compatible,counterion_or_inorganic_only_structure
51567,CC(C)NCC(COC1=CC=CC2=CC=CC=C21)O,[Cl-].[K+],1.0,graph_compatible,counterion_or_inorganic_only_structure
51585,CC(C1=CC2=C(C=C1)C=C(C=C2)OC)C(=O)O,[Ca+2],1.0,graph_compatible,counterion_or_inorganic_only_structure
51608,CCOC1=NC2=CC=CC(=C2N1CC3=CC=C(C=C3)C4=CC=CC=C4C5=NNN=N5)C(=O)O,O.O.O.O.O.O.[Cl-].[Cl-].[Ca+2],1.0,graph_compatible,counterion_or_inorganic_only_structure
51640,C1=CC(=CC=C1C#N)C(C2=CC=C(C=C2)C#N)N3C=NC=N3,O.O.O.O.O.O.[Cl-].[Cl-].[Ca+2],1.0,graph_compatible,counterion_or_inorganic_only_structure
51642,CCCC1=NN(C2=C1NC(=NC2=O)C3=C(C=CC(=C3)S(=O)(=O)N4CCN(CC4)C)OCC)C,[Ca+2],1.0,graph_compatible,counterion_or_inorganic_only_structure
51669,CN1C(=NC(=O)C(=N1)[O-])SCC2=C(N3C(C(C3=O)NC(=O)C(=NOC)C4=CSC(=N4)N)SC2)C(=O)[O-],[Ca+2],1.0,graph_compatible,counterion_or_inorganic_only_structure
51672,CC(C)(C(=O)O)ON=C(C1=CSC(=N1)N)C(=O)NC2C3N(C2=O)C(=C(CS3)C[N+]4=CC=CC=C4)C(=O)[O-],[Ca+2],1.0,graph_compatible,counterion_or_inorganic_only_structure
51678,CON=C(C1=CC=CO1)C(=O)NC2C3N(C2=O)C(=C(CS3)COC(=O)N)C(=O)[O-],[Ca+2],1.0,graph_compatible,counterion_or_inorganic_only_structure
51706,C=CCN.C1C(O1)CCl,[Cl-].[K+],1.0,graph_compatible,counterion_or_inorganic_only_structure
51804,CN1CCC23C4C1CC5=C2C(=C(C=C5)O)OC3C(C=C4)O,[Cl-].[K+],1.0,graph_compatible,counterion_or_inorganic_only_structure
51814,CC1COC2=C3N1C=C(C(=O)C3=CC(=C2N4CCN(CC4)C)F)C(=O)O,[Cl-].[K+],1.0,graph_compatible,counterion_or_inorganic_only_structure
51957,CCCCCCCCCCCC(CC1C(C(=O)O1)CCCCCC)OC(=O)C(CC(C)C)NC=O,[Cl-].[K+],1.0,graph_compatible,counterion_or_inorganic_only_structure
52064,CC1CC2=CC=CC=C2N1NC(=O)C3=CC(=C(C=C3)Cl)S(=O)(=O)N,[Cl-].[K+],1.0,graph_compatible,counterion_or_inorganic_only_structure
52079,C1CN=C(N1)NC2=C(C3=NC=CN=C3C=C2)Br,[Cl-].[K+],1.0,graph_compatible,counterion_or_inorganic_only_structure
52155,CN(C)CCC1=CNC2=C1C=C(C=C2)CC3COC(=O)N3,[Cl-].[K+],1.0,graph_compatible,counterion_or_inorganic_only_structure
52209,CC1=NN=C2N1C3=C(C=C(C=C3)Cl)C(=NC2)C4=CC=CC=C4Cl,[Cl-].[K+],1.0,graph_compatible,counterion_or_inorganic_only_structure
52219,CC1C(C(CC(O1)OC2C(OC(CC2O)OC3C(OC(CC3O)OC4CCC5(C(C4)CCC6C5CC(C7(C6(CCC7C8=CC(=O)OC8)O)C)O)C)C)C)O)O,[Cl-].[K+],1.0,graph_compatible,counterion_or_inorganic_only_structure
52308,CON=C(C1=CC=CO1)C(=O)NC2C3N(C2=O)C(=C(CS3)COC(=O)N)C(=O)[O-],[Cl-].[K+],1.0,graph_compatible,counterion_or_inorganic_only_structure
52342,C1=CC=C(C=C1)CCCCOCCCCCCNCC(C2=CC(=C(C=C2)O)CO)O,[Na+].[Cl-],1.0,graph_compatible,counterion_or_inorganic_only_structure
52349,CN1C(=NC(=O)C(=N1)[O-])SCC2=C(N3C(C(C3=O)NC(=O)C(=NOC)C4=CSC(=N4)N)SC2)C(=O)[O-],[Cl-].[K+],1.0,graph_compatible,counterion_or_inorganic_only_structure
52378,CCCC(C)(COC(=O)N)COC(=O)NC(C)C,[Li+].[AlH4-],1.0,graph_compatible,counterion_or_inorganic_only_structure
52398,CC12CCC3C(C1CCC2O)C(CC4=C3C=CC(=C4)O)CCCCCCCCCS(=O)CCCC(C(F)(F)F)(F)F,[Cl-].[K+],1.0,graph_compatible,counterion_or_inorganic_only_structure
52411,CC1=NN=C2N1C3=C(C=C(C=C3)Cl)C(=NC2)C4=CC=CC=C4,[Li+].[AlH4-],1.0,graph_compatible,counterion_or_inorganic_only_structure
52417,C1CN(CCN1CCCN2C(=O)N3C=CC=CC3=N2)C4=CC(=CC=C4)Cl,[Ca+2],1.0,graph_compatible,counterion_or_inorganic_only_structure
52470,CC1CN(CCN1)C2=C(C=C3C(=C2OC)N(C=C(C3=O)C(=O)O)C4CC4)F,[Cl-].[K+],1.0,graph_compatible,counterion_or_inorganic_only_structure
52473,CN1C2CCCC1CC(C2)NC(=O)C3=NN(C4=CC=CC=C43)C,[Na+].[Cl-],1.0,graph_compatible,counterion_or_inorganic_only_structure
52478,CC1CC(C2C(CC(C(O2)(C(=O)C(=O)N3CCCCC3C(=O)OC(C(C(CC(=O)C(C=C(C1)C)CC=C)O)C)C(=CC4CCC(C(C4)OC)O)C)O)C)OC)OC,[Cl-].[K+],1.0,graph_compatible,counterion_or_inorganic_only_structure
52490,C1=C2C(=CC(=C1Cl)S(=O)(=O)N)S(=O)(=O)N=CN2,[Cl-].[K+],1.0,graph_compatible,counterion_or_inorganic_only_structure
52494,CC1=CC=C(C=C1)C2=C(N3C=C(C=CC3=N2)C)CC(=O)N(C)C,[Na+].[Cl-],1.0,graph_compatible,counterion_or_inorganic_only_structure
52512,C(CN)C(O)(P(=O)(O)O)P(=O)(O)O,[Li+].[AlH4-],1.0,graph_compatible,counterion_or_inorganic_only_structure
52554,CC1=CC(=CC=C1)CN2CCN(CC2)C(C3=CC=CC=C3)C4=CC=C(C=C4)Cl,[Na+].[Cl-],1.0,graph_compatible,counterion_or_inorganic_only_structure
52565,CC1CC2C3CCC4=CC(=O)C=CC4(C3(C(CC2(C1(C(=O)CCl)O)C)O)Cl)C,[Na+].[Cl-],1.0,graph_compatible,counterion_or_inorganic_only_structure
52568,CC1=CC2=C(NC3=CC=CC=C3N=C2S1)N4CCN(CC4)C,O.O.O.O.O.O.[Cl-].[Cl-].[Ca+2],1.0,graph_compatible,counterion_or_inorganic_only_structure
52623,CC(=O)OC1CC2CCC3C(C2(CC1[N+]4(CCCCC4)C)C)CCC5(C3CC(C5OC(=O)C)[N+]6(CCCCC6)C)C,O.O.O.O.O.O.[Cl-].[Cl-].[Ca+2],1.0,graph_compatible,counterion_or_inorganic_only_structure
52654,C1=CN(C(=O)N=C1N)C2C(C(C(O2)CO)O)O,[Cl-].[K+],1.0,graph_compatible,counterion_or_inorganic_only_structure
52685,CC1=NC=C(N1CCO)[N+](=O)[O-],O.O.O.O.O.O.[Cl-].[Cl-].[Ca+2],1.0,graph_compatible,counterion_or_inorganic_only_structure
52688,CC(C)N1C2=CC=CC=C2C(=C1C=CC(CC(CC(=O)O)O)O)C3=CC=C(C=C3)F,[Cl-].[K+],1.0,graph_compatible,counterion_or_inorganic_only_structure
52756,CC(C)C1CCCC(C1)C(=O)NC(CC2=CC=CC=C2)C(=O)O,[Cl-].[K+],1.0,graph_compatible,counterion_or_inorganic_only_structure
52923,COC1=C(C=C2C(=C1)C(=NC(=N2)N3CCN(CC3)C(=O)C4CCCO4)N)OC,[Li+].[AlH4-],1.0,graph_compatible,counterion_or_inorganic_only_structure
52956,CC1=CC=C(C=C1)C2=C(N3C=C(C=CC3=N2)C)CC(=O)N(C)C,[Ca+2],1.0,graph_compatible,counterion_or_inorganic_only_structure
53002,C1C(C1N)C2=CC=CC=C2,[Li+].[AlH4-],1.0,graph_compatible,counterion_or_inorganic_only_structure
53004,C1=CC(=CC=C1C#N)C(C2=CC=C(C=C2)C#N)N3C=NC=N3,[Na+].[Cl-],1.0,graph_compatible,counterion_or_inorganic_only_structure
53060,CC1=CN(C(=O)NC1=O)C2C=CC(O2)CO,[Na+].[Cl-],1.0,graph_compatible,counterion_or_inorganic_only_structure
53084,C1CCC2(C3CC4=C(C2(C1)CCN3CC5CCC5)C=C(C=C4)O)O,[Li+].[AlH4-],1.0,graph_compatible,counterion_or_inorganic_only_structure
53085,C1=CC=C2C(=C1)C=CC3=CC=CC=C3N2C(=O)N,[Cl-].[K+],1.0,graph_compatible,counterion_or_inorganic_only_structure
53119,B(C(CC(C)C)NC(=O)C(CC1=CC=CC=C1)NC(=O)C2=NC=CN=C2)(O)O,[Na+].[Cl-],1.0,graph_compatible,counterion_or_inorganic_only_structure
53180,C(CN)C(O)(P(=O)(O)O)P(=O)(O)O,[Cl-].[K+],1.0,graph_compatible,counterion_or_inorganic_only_structure
53187,CCC(=O)N(C1CCN(CC1)CCC2=CC=CC=C2)C3=CC=CC=C3,O.O.O.O.O.O.[Cl-].[Cl-].[Ca+2],1.0,graph_compatible,counterion_or_inorganic_only_structure
53205,CC1(OC2COC3(C(C2O1)OC(O3)(C)C)COS(=O)(=O)N)C,[Cl-].[K+],1.0,graph_compatible,counterion_or_inorganic_only_structure
53210,CC1=CC(=C(C=C1)O)C(CCN(C(C)C)C(C)C)C2=CC=CC=C2,[Cl-].[K+],1.0,graph_compatible,counterion_or_inorganic_only_structure
53225,C1CN(CCN1CCOCCO)C2=NC3=CC=CC=C3SC4=CC=CC=C42,[Li+].[AlH4-],1.0,graph_compatible,counterion_or_inorganic_only_structure
53252,CCCCC(C)(CC=CC1C(CC(=O)C1CCCCCCC(=O)OC)O)O,[Na+].[Cl-],1.0,graph_compatible,counterion_or_inorganic_only_structure
53259,CC(C1=CC(=CC(=C1)C(F)(F)F)C(F)(F)F)OC2C(N(CCO2)CC3=NC(=O)NN3)C4=CC=C(C=C4)F,[Na+].[Cl-],1.0,graph_compatible,counterion_or_inorganic_only_structure
53319,C1=CC=C2C(=C1)C=CC3=CC=CC=C3N2C(=O)N,[Ca+2],1.0,graph_compatible,counterion_or_inorganic_only_structure
53321,CC(CS)C(=O)N1CCCC1C(=O)O,[Ca+2],1.0,graph_compatible,counterion_or_inorganic_only_structure
53356,CCC1=CC2CC(C3=C(CN(C2)C1)C4=CC=CC=C4N3)(C5=C(C=C6C(=C5)C78CCN9C7C(C=CC9)(C(C(C8N6C)(C(=O)OC)O)OC(=O)C)CC)OC)C(=O)OC,[Na+].[Cl-],1.0,graph_compatible,counterion_or_inorganic_only_structure
53439,CC(C)C(C)C=CC(C)C1CCC2C1(CCCC2=CC=C3CC(CCC3=C)O)C,O.O.O.O.O.O.[Cl-].[Cl-].[Ca+2],1.0,graph_compatible,counterion_or_inorganic_only_structure
53559,CC1(OC2COC3(C(C2O1)OC(O3)(C)C)COS(=O)(=O)N)C,[Li+].[AlH4-],1.0,graph_compatible,counterion_or_inorganic_only_structure
53595,C1C(=O)NC2=C(C=C(C=C2)[N+](=O)[O-])C(=N1)C3=CC=CC=C3Cl,O.O.O.O.O.O.[Cl-].[Cl-].[Ca+2],1.0,graph_compatible,counterion_or_inorganic_only_structure
53626,CCC1C(COC1=O)CC2=CN=CN2C,[Li+].[AlH4-],1.0,graph_compatible,counterion_or_inorganic_only_structure
53645,O.O.O.O.O.O.[Cl-].[Cl-].[Ca+2],[Na+].[Cl-],1.0,counterion_or_inorganic_only_structure,counterion_or_inorganic_only_structure
53666,COC1=CC=CC=C1OCC(CO)O,[Na+].[Cl-],1.0,graph_compatible,counterion_or_inorganic_only_structure
53702,CC(=O)OC1CC2CCC3C(C2(CC1N4CCCCC4)C)CCC5(C3CC(C5OC(=O)C)[N+]6(CCCCC6)C)C,[Cl-].[K+],1.0,graph_compatible,counterion_or_inorganic_only_structure
53870,CN(C)C(=O)C(CC[NH+]1CCC(CC1)(C2=CC=C(C=C2)Cl)O)(C3=CC=CC=C3)C4=CC=CC=C4,[Na+].[Cl-],1.0,graph_compatible,counterion_or_inorganic_only_structure
53899,CC1C(C(CC(O1)OC2CC(CC3=C2C(=C4C(=C3O)C(=O)C5=C(C4=O)C(=CC=C5)OC)O)(C(=O)CO)O)[NH3+])O,O.O.O.O.O.O.[Cl-].[Cl-].[Ca+2],1.0,graph_compatible,counterion_or_inorganic_only_structure
53942,CC1CC2C3CCC(C3(CC(C2C4(C1=CC(=O)C=C4)C)O)C)(C(=O)CO)O,[Ca+2],1.0,graph_compatible,counterion_or_inorganic_only_structure
53979,CC(CS)C(=O)N1CCCC1C(=O)O,[Cl-].[K+],1.0,graph_compatible,counterion_or_inorganic_only_structure
54029,CCC(=O)N(C1CCN(CC1)CCC2=CC=CC=C2)C3=CC=CC=C3,[O-2].[O-2].[O-2].[As+3].[As+3],1.0,graph_compatible,counterion_or_inorganic_only_structure
54058,CC(C)(C)NCC(COC1=CC=CC2=C1CC(C(C2)O)O)O,[Cl-].[K+],1.0,graph_compatible,counterion_or_inorganic_only_structure
54089,CCC1=CN=C(C=C1)CCOC2=CC=C(C=C2)CC3C(=O)NC(=O)S3,[Na+].[Cl-],1.0,graph_compatible,counterion_or_inorganic_only_structure
54098,CCCCC1=NC2(CCCC2)C(=O)N1CC3=CC=C(C=C3)C4=CC=CC=C4C5=NNN=N5,[Na+].[Cl-],1.0,graph_compatible,counterion_or_inorganic_only_structure
54104,CCOC(=O)C(CCC1=CC=CC=C1)NC(C)C(=O)N2C3CCCC3CC2C(=O)O,[Na+].[Cl-],1.0,graph_compatible,counterion_or_inorganic_only_structure
54129,CC(=O)OC1=CC=CC=C1C(=O)O,[Na+].[Cl-],1.0,graph_compatible,counterion_or_inorganic_only_structure
54168,C1CN(CCN1CCOCCO)C2=NC3=CC=CC=C3SC4=CC=CC=C42,O.O.O.O.O.O.[Cl-].[Cl-].[Ca+2],1.0,graph_compatible,counterion_or_inorganic_only_structure
54282,CC1CC2C3CCC4=CC(=O)C=CC4(C3(C(CC2(C1(C(=O)CO)O)C)O)F)C,[O-2].[O-2].[O-2].[As+3].[As+3],1.0,graph_compatible,counterion_or_inorganic_only_structure
54286,CC(C)C(C)C=CC(C)C1CCC2C1(CCCC2=CC=C3CC(CCC3=C)O)C,[Li+].[AlH4-],1.0,graph_compatible,counterion_or_inorganic_only_structure
54387,CN1CCC23C4C1CC5=C2C(=C(C=C5)O)OC3C(=O)CC4,[Na+].[Cl-],1.0,graph_compatible,counterion_or_inorganic_only_structure
54457,CCOC(=O)C(CCC1=CC=CC=C1)NC(C)C(=O)N2CCCC2C(=O)O,[Cl-].[K+],1.0,graph_compatible,counterion_or_inorganic_only_structure
54466,CC(=O)NC(CS)C(=O)O,[Na+].[Cl-],1.0,graph_compatible,counterion_or_inorganic_only_structure
54517,CC1=CN=C(S1)NC(=C2C(=O)C3=CC=CC=C3S(=O)(=O)N2C)O,[Cl-].[K+],1.0,graph_compatible,counterion_or_inorganic_only_structure
54598,C1CC(C(C(C1N)O)OC2C(C(C(O2)CO)OC3C(C(C(C(O3)CN)O)O)N)O)OC4CC(C(C(C4N)O)O)CN,[Cl-].[K+],1.0,graph_compatible,counterion_or_inorganic_only_structure
54618,CC1=C(C(=NO1)C2=CC=CC=C2)C3=CC=C(C=C3)S(=O)(=O)N,[Li+].[AlH4-],1.0,graph_compatible,counterion_or_inorganic_only_structure
54637,COC1=CC(=C(C=C1)OC)C(CNC(=O)CN)O,[Ca+2],1.0,graph_compatible,counterion_or_inorganic_only_structure
54640,C1=CC(=CN=C1)C(=O)[O-],[Na+].[Cl-],1.0,graph_compatible,counterion_or_inorganic_only_structure
54749,C1CC1N2C=C(C(=O)C3=CC(=C(C=C32)N4CCNCC4)F)C(=O)O,[Li+].[AlH4-],1.0,graph_compatible,counterion_or_inorganic_only_structure
54771,CC(=O)NC1=CC=C(C=C1)O,[Cl-].[K+],1.0,graph_compatible,counterion_or_inorganic_only_structure
54828,C1=CC(=CC=C1C(=O)NC(CCC(=O)O)C(=O)O)NCC2=CN=C3C(=N2)C(=O)N=C(N3)N,[O-2].[O-2].[O-2].[As+3].[As+3],1.0,graph_compatible,counterion_or_inorganic_only_structure
54847,CC1OCC2C(O1)C(C(C(O2)OC3C4COC(=O)C4C(C5=CC6=C(C=C35)OCO6)C7=CC(=C(C(=C7)OC)O)OC)O)O,[Ca+2],1.0,graph_compatible,counterion_or_inorganic_only_structure
54910,CN1CCC23CCCCC2C1CC4=C3C=C(C=C4)OC,[Cl-].[K+],1.0,graph_compatible,counterion_or_inorganic_only_structure
54929,CC1(C(N2C(S1)C(C2=O)NC(=O)C(C3=CC=C(C=C3)O)N)C(=O)O)C,[Na+].[Cl-],1.0,graph_compatible,counterion_or_inorganic_only_structure
55001,CCOC(=O)C1=C(NC(=C(C1C2=CC=CC=C2Cl)C(=O)OC)C)COCCN,[Cl-].[K+],1.0,graph_compatible,counterion_or_inorganic_only_structure
55175,CC1=CC2=C(C=C1C)N(C=N2)C3C(C(C(O3)CO)OP(=O)(O)OC(C)CNC(=O)CCC4(C(C5C6(C(C(C(=N6)C(=C7C(C(C(=N7)C=C8C(C(C(=N8)C(=C4[N-]5)C)CCC(=O)N)(C)C)CCC(=O)N)(C)CC(=O)N)C)CCC(=O)N)(C)CC(=O)N)C)CC(=O)N)C)O.[C-]#N.[Co+2],[Cl-].[K+],1.0,graph_compatible,counterion_or_inorganic_only_structure
55184,CN(C)CCC1=CNC2=C1C=C(C=C2)CS(=O)(=O)N3CCCC3,[Cl-].[K+],1.0,graph_compatible,counterion_or_inorganic_only_structure
55188,CC(CCC(=O)O)C1CCC2C1(CCC3C2C(CC4C3(CCC(C4)O)C)O)C,[Na+].[Cl-],1.0,graph_compatible,counterion_or_inorganic_only_structure
55229,CC(CN1C2=CC=CC=C2SC3=CC=CC=C31)N(C)C,[Na+].[Cl-],1.0,graph_compatible,counterion_or_inorganic_only_structure
55247,CCCC1=NC2=C(N1CC3=CC=C(C=C3)C4=CC=CC=C4C(=O)O)C=C(C=C2C)C5=NC6=CC=CC=C6N5C,[Cl-].[K+],1.0,graph_compatible,counterion_or_inorganic_only_structure
55263,CC1CC2C3CCC4=CC(=O)C=CC4(C3(C(CC2(C1(C(=O)CCl)O)C)O)F)C,[Cl-].[K+],1.0,graph_compatible,counterion_or_inorganic_only_structure
55266,CC1CC2C3CCC4=CC(=O)C=CC4(C3(C(CC2(C1(C(=O)CO)O)C)O)F)C,[Cl-].[K+],1.0,graph_compatible,counterion_or_inorganic_only_structure
55298,C(=O)(O)[O-].[Na+],O.O.O.O.O.O.[Cl-].[Cl-].[Ca+2],1.0,graph_compatible,counterion_or_inorganic_only_structure
55318,CC1=C(C(C(=C(N1)C)C(=O)OC)C2=CC=CC=C2[N+](=O)[O-])C(=O)OC,[O-2].[O-2].[O-2].[As+3].[As+3],1.0,graph_compatible,counterion_or_inorganic_only_structure
55419,C1CC(N(C1)C(=O)C(CCCCN)NC(CCC2=CC=CC=C2)C(=O)O)C(=O)O,[Li+].[AlH4-],1.0,graph_compatible,counterion_or_inorganic_only_structure
55481,CC(C)C1=NC(=CS1)CN(C)C(=O)NC(C(C)C)C(=O)NC(CC2=CC=CC=C2)CC(C(CC3=CC=CC=C3)NC(=O)OCC4=CN=CS4)O,[Na+].[Cl-],1.0,graph_compatible,counterion_or_inorganic_only_structure
55500,CC1(OC2CC3C4CC(C5=CC(=O)C=CC5(C4C(CC3(C2(O1)C(=O)CO)C)O)C)F)C,[Cl-].[K+],1.0,graph_compatible,counterion_or_inorganic_only_structure
55527,CC(C1C(O1)CC2COC(C(C2O)O)CC(=CC(=O)OCCCCCCCCC(=O)O)C)C(C)O,O.O.O.O.O.O.[Cl-].[Cl-].[Ca+2],1.0,graph_compatible,counterion_or_inorganic_only_structure
55530,CN(C)CC(C1=CC=C(C=C1)OC)C2(CCCCC2)O,[Li+].[AlH4-],1.0,graph_compatible,counterion_or_inorganic_only_structure
55541,C1CC(N(C1)C(=O)C(CCCCN)NC(CCC2=CC=CC=C2)C(=O)O)C(=O)O,[Ca+2],1.0,graph_compatible,counterion_or_inorganic_only_structure
55545,C1CCN(CC1)CCOC2=CC=C(C=C2)C(=O)C3=C(SC4=C3C=CC(=C4)O)C5=CC=C(C=C5)O,[Cl-].[K+],1.0,graph_compatible,counterion_or_inorganic_only_structure
55563,CC1=CN=C(S1)NC(=C2C(=O)C3=CC=CC=C3S(=O)(=O)N2C)O,[Li+].[AlH4-],1.0,graph_compatible,counterion_or_inorganic_only_structure
55572,B(C(CC(C)C)NC(=O)C(CC1=CC=CC=C1)NC(=O)C2=NC=CN=C2)(O)O,[Li+].[AlH4-],1.0,graph_compatible,counterion_or_inorganic_only_structure
55632,CCN(CC)CC#CCOC(=O)C(C1CCCCC1)(C2=CC=CC=C2)O,[Na+].[Cl-],1.0,graph_compatible,counterion_or_inorganic_only_structure
55640,CC1C=CC=CC=CC=CC=CC=CC=CC(CC2C(C(CC(O2)(CC(CC(C(CCC(CC(CC(=O)OC(C(C1O)C)C)O)O)O)O)O)O)O)C(=O)O)OC3C(C(C(C(O3)C)O)N)O,[Cl-].[K+],1.0,graph_compatible,counterion_or_inorganic_only_structure
55650,CC(CCC1=CC=C(C=C1)O)NCCC2=CC(=C(C=C2)O)O,[Na+].[Cl-],1.0,graph_compatible,counterion_or_inorganic_only_structure
55655,C1=CC=C(C(=C1)C2=NC(C(=O)NC3=C2C=C(C=C3)Cl)O)Cl,[Cl-].[K+],1.0,graph_compatible,counterion_or_inorganic_only_structure
55660,C1=CC(=CC=C1NC(=NC(=NCCCCCCN=C(N)N=C(N)NC2=CC=C(C=C2)Cl)N)N)Cl,[Na+].[Cl-],1.0,graph_compatible,counterion_or_inorganic_only_structure
55693,CCOC1=CC=CC=C1OCCNC(C)CC2=CC(=C(C=C2)OC)S(=O)(=O)N,[Na+].[Cl-],1.0,graph_compatible,counterion_or_inorganic_only_structure
55784,C1=COC(=C1)CNC2=CC(=C(C=C2C(=O)O)S(=O)(=O)N)Cl,[Na+].[Cl-],1.0,graph_compatible,counterion_or_inorganic_only_structure
55795,C1=NNC2=C1NC=NC2=O,[Ca+2],1.0,graph_compatible,counterion_or_inorganic_only_structure
55822,CN1CCC23C4C1CC5=C2C(=C(C=C5)O)OC3C(C=C4)O,[O-2].[O-2].[O-2].[As+3].[As+3],1.0,graph_compatible,counterion_or_inorganic_only_structure
55863,C[N+]1(C2CC(CC1C3C2O3)OC(=O)C(C4=CC=CS4)(C5=CC=CS5)O)C,[Cl-].[K+],1.0,graph_compatible,counterion_or_inorganic_only_structure
55903,C[N+]1=CC=CC(=C1)OC(=O)N(C)C,[Cl-].[K+],1.0,graph_compatible,counterion_or_inorganic_only_structure
55931,CCN(CC)CC(=O)NC1=C(C=CC=C1C)C,[Cl-].[K+],1.0,graph_compatible,counterion_or_inorganic_only_structure
55966,CC(C)NCC(COC1=CC=C(C=C1)CC(=O)N)O,[O-2].[O-2].[O-2].[As+3].[As+3],1.0,graph_compatible,counterion_or_inorganic_only_structure
55970,CNC1CCC(C2=CC=CC=C12)C3=CC(=C(C=C3)Cl)Cl,[Li+].[AlH4-],1.0,graph_compatible,counterion_or_inorganic_only_structure
55982,CCC1(C(=O)NCNC1=O)C2=CC=CC=C2,[Li+].[AlH4-],1.0,graph_compatible,counterion_or_inorganic_only_structure
56028,C1CNCC(C1C2=CC=C(C=C2)F)COC3=CC4=C(C=C3)OCO4,[Li+].[AlH4-],1.0,graph_compatible,counterion_or_inorganic_only_structure
56078,CCC(C)C(=O)OC1CC(C=C2C1C(C(C=C2)C)CCC(CC(CC(=O)O)O)O)O,[O-2].[O-2].[O-2].[As+3].[As+3],1.0,graph_compatible,counterion_or_inorganic_only_structure
56169,CC1=CC=C(C=C1)C2=CC(=NN2C3=CC=C(C=C3)S(=O)(=O)N)C(F)(F)F,O.O.O.O.O.O.[Cl-].[Cl-].[Ca+2],1.0,graph_compatible,counterion_or_inorganic_only_structure
56197,CC1=CN=C(C=N1)C(=O)NCCC2=CC=C(C=C2)S(=O)(=O)NC(=O)NC3CCCCC3,[Cl-].[K+],1.0,graph_compatible,counterion_or_inorganic_only_structure
56330,CC1=NC=C(N1CCO)[N+](=O)[O-],[Li+].[AlH4-],1.0,graph_compatible,counterion_or_inorganic_only_structure
56367,CC12CCC3C(C1CCC2O)CCC4=CC(=O)CCC34C,[Ca+2],1.0,graph_compatible,counterion_or_inorganic_only_structure
56368,COC1=C(C=C2C(=C1)C(=NC(=N2)N3CCN(CC3)C(=O)C4CCCO4)N)OC,[Ca+2],1.0,graph_compatible,counterion_or_inorganic_only_structure
56440,CCC1C(C(C(C(=O)C(CC(C(C(C(C(C(=O)O1)C)OC2CC(C(C(O2)C)O)(C)OC)C)OC3C(C(CC(O3)C)N(C)C)O)(C)OC)C)C)O)(C)O,[Ca+2],1.0,graph_compatible,counterion_or_inorganic_only_structure
56453,CNC1CCC(C2=CC=CC=C12)C3=CC(=C(C=C3)Cl)Cl,[Cl-].[K+],1.0,graph_compatible,counterion_or_inorganic_only_structure
56467,CCC1C(C(C(C(=O)C(CC(C(C(C(C(C(=O)O1)C)OC2CC(C(C(O2)C)O)(C)OC)C)OC3C(C(CC(O3)C)N(C)C)O)(C)O)C)C)O)(C)O,[Na+].[Cl-],1.0,graph_compatible,counterion_or_inorganic_only_structure
56469,C1=CC(=C(C=C1Cl)Cl)COC(CN2C=CN=C2)C3=C(C=C(C=C3)Cl)Cl,[Cl-].[K+],1.0,graph_compatible,counterion_or_inorganic_only_structure
56515,CC1=C(C=CC=C1O)C(=O)NC(CSC2=CC=CC=C2)C(CN3CC4CCCCC4CC3C(=O)NC(C)(C)C)O,[Cl-].[K+],1.0,graph_compatible,counterion_or_inorganic_only_structure
56554,CC(C(=O)C1=CC(=CC=C1)Cl)NC(C)(C)C,[Ca+2],1.0,graph_compatible,counterion_or_inorganic_only_structure
56585,CCCCNC1=C(C(=CC(=C1)C(=O)O)S(=O)(=O)N)OC2=CC=CC=C2,O.O.O.O.O.O.[Cl-].[Cl-].[Ca+2],1.0,graph_compatible,counterion_or_inorganic_only_structure
56595,COC1=C(C=C2C(=C1)CC(C2=O)CC3CCN(CC3)CC4=CC=CC=C4)OC,[Na+].[Cl-],1.0,graph_compatible,counterion_or_inorganic_only_structure
56670,CC1C=CC=CC=CC=CC=CC=CC=CC(CC2C(C(CC(O2)(CC(CC(C(CCC(CC(CC(=O)OC(C(C1O)C)C)O)O)O)O)O)O)O)C(=O)O)OC3C(C(C(C(O3)C)O)N)O,[O-2].[O-2].[O-2].[As+3].[As+3],1.0,graph_compatible,counterion_or_inorganic_only_structure
56681,CC12CCC3C(C1CCC2O)CCC4=C3C=CC(=C4)O,O.O.O.O.O.O.[Cl-].[Cl-].[Ca+2],1.0,graph_compatible,counterion_or_inorganic_only_structure
56746,CC1C(C(C(C(O1)OC2C(OC(C(C2O)O)OC3C(OC(C(C3O)O)O)CO)CO)O)O)NC4C=C(C(C(C4O)O)O)CO,[Na+].[Cl-],1.0,graph_compatible,counterion_or_inorganic_only_structure
56836,CN(C)CC1CCCCC1(C2=CC(=CC=C2)OC)O,[Li+].[AlH4-],1.0,graph_compatible,counterion_or_inorganic_only_structure
56839,CN1C2=C(C=C(C=C2)Cl)C(=NC(C1=O)O)C3=CC=CC=C3,[Li+].[AlH4-],1.0,graph_compatible,counterion_or_inorganic_only_structure
56847,CC(C)OC(=O)CCCC=CCC1C(CC(C1CCC(CCC2=CC=CC=C2)O)O)O,[Na+].[Cl-],1.0,graph_compatible,counterion_or_inorganic_only_structure
56863,CN(CC1=CN=C2C(=N1)C(=NC(=N2)N)N)C3=CC=C(C=C3)C(=O)NC(CCC(=O)O)C(=O)O,[Ca+2],1.0,graph_compatible,counterion_or_inorganic_only_structure
56864,CC1=CN=C(C(=C1OC)C)CS(=O)C2=NC3=C(N2)C=C(C=C3)OC,[O-2].[O-2].[O-2].[As+3].[As+3],1.0,graph_compatible,counterion_or_inorganic_only_structure
56920,CC(C)C(C(=O)OCCOCN1C=NC2=C1NC(=NC2=O)N)N,[Ca+2],1.0,graph_compatible,counterion_or_inorganic_only_structure
56954,CN1C2=C(C=C(C=C2)Cl)C(=NC(C1=O)O)C3=CC=CC=C3,[Ca+2],1.0,graph_compatible,counterion_or_inorganic_only_structure
56991,CC(C)CC(CC(=O)O)CN,[Cl-].[K+],1.0,graph_compatible,counterion_or_inorganic_only_structure
57003,C1=NC2=C(N1COCCO)NC(=NC2=O)N,[Na+].[Cl-],1.0,graph_compatible,counterion_or_inorganic_only_structure
57023,C1C(OC(S1)CO)N2C=CC(=NC2=O)N,[Li+].[AlH4-],1.0,graph_compatible,counterion_or_inorganic_only_structure
57049,CCC1=C(CN(C1=O)C(=O)NCCC2=CC=C(C=C2)S(=O)(=O)NC(=O)NC3CCC(CC3)C)C,[Na+].[Cl-],1.0,graph_compatible,counterion_or_inorganic_only_structure
57210,COC1=C2C(=CC(=C1N3CC4CCCNC4C3)F)C(=O)C(=CN2C5CC5)C(=O)O,[Ca+2],1.0,graph_compatible,counterion_or_inorganic_only_structure
57214,CN1CCC23C4C1CC5=C2C(=C(C=C5)O)OC3C(C=C4)O,[Ca+2],1.0,graph_compatible,counterion_or_inorganic_only_structure
57328,CC(C)(C1=CC=C(C=C1)C(CCCN2CCC(CC2)C(C3=CC=CC=C3)(C4=CC=CC=C4)O)O)C(=O)O,[Na+].[Cl-],1.0,graph_compatible,counterion_or_inorganic_only_structure
57341,CC(C1=CC=CC2=CC=CC=C21)NCCCC3=CC(=CC=C3)C(F)(F)F,[Ca+2],1.0,graph_compatible,counterion_or_inorganic_only_structure
57372,CC(C)OC(=O)C(C)(C)OC1=CC=C(C=C1)C(=O)C2=CC=C(C=C2)Cl,O.O.O.O.O.O.[Cl-].[Cl-].[Ca+2],1.0,graph_compatible,counterion_or_inorganic_only_structure
57413,CCC(C(=O)N)N1CCCC1=O,O.O.O.O.O.O.[Cl-].[Cl-].[Ca+2],1.0,graph_compatible,counterion_or_inorganic_only_structure
57426,C1=NC(=NN1C2C(C(C(O2)CO)O)O)C(=O)N,[Cl-].[K+],1.0,graph_compatible,counterion_or_inorganic_only_structure
57760,CN(C)C(=N)N=C(N)N,[Ca+2],1.0,graph_compatible,counterion_or_inorganic_only_structure
57763,CC1=C(C(C(=C(N1)C)C(=O)OC)C2=CC=CC=C2[N+](=O)[O-])C(=O)OC,[Na+].[Cl-],1.0,graph_compatible,counterion_or_inorganic_only_structure
57768,CC#CCC(C)C(C=CC1C(CC2C1CC(=CCCCC(=O)O)C2)O)O,[Cl-].[K+],1.0,graph_compatible,counterion_or_inorganic_only_structure
57793,CC(C)NCC(COC1=CC=C(C=C1)CCOC)O,[O-2].[O-2].[O-2].[As+3].[As+3],1.0,graph_compatible,counterion_or_inorganic_only_structure
57800,CC1=C(C(C(=C(N1)C)C(=O)OCC(C)C)C2=CC=CC=C2[N+](=O)[O-])C(=O)OC,[Cl-].[K+],1.0,graph_compatible,counterion_or_inorganic_only_structure
57802,CCCNC1CCC2=C(C1)SC(=N2)N,[Na+].[Cl-],1.0,graph_compatible,counterion_or_inorganic_only_structure
57835,CC1=CC2C(CCC3(C2CCC3(C(=O)C)O)C)C4(C1=CC(=O)CC4)C,[Ca+2],1.0,graph_compatible,counterion_or_inorganic_only_structure
57837,CC1C(C(C(C(O1)OC2C(OC(C(C2O)O)OC3C(OC(C(C3O)O)O)CO)CO)O)O)NC4C=C(C(C(C4O)O)O)CO,[Cl-].[K+],1.0,graph_compatible,counterion_or_inorganic_only_structure
57867,CC(=O)OC1C(SC2=CC=CC=C2N(C1=O)CC[NH+](C)C)C3=CC=C(C=C3)OC,[Na+].[Cl-],1.0,graph_compatible,counterion_or_inorganic_only_structure
57886,CC(=O)C1CCC2C1(CCC3C2CCC4=CC(=O)CCC34C)C,[Cl-].[K+],1.0,graph_compatible,counterion_or_inorganic_only_structure
57887,CC(CN1C2=CC=CC=C2SC3=CC=CC=C31)N(C)C,[Cl-].[K+],1.0,graph_compatible,counterion_or_inorganic_only_structure
57962,CN1CCC23C4C1CC5=C2C(=C(C=C5)O)OC3C(C=C4)O,[Li+].[AlH4-],1.0,graph_compatible,counterion_or_inorganic_only_structure
57969,CCCC(CCC)C(=O)O,[Cl-].[K+],1.0,graph_compatible,counterion_or_inorganic_only_structure
58005,CC(=O)CCC1=CC2=C(C=C1)C=C(C=C2)OC,[Li+].[AlH4-],1.0,graph_compatible,counterion_or_inorganic_only_structure
58020,C1=NC2=C(N1COC(CO)CO)NC(=NC2=O)N,[Ca+2],1.0,graph_compatible,counterion_or_inorganic_only_structure
58131,C1=CC(=CC=C1C#N)C(C2=CC=C(C=C2)C#N)N3C=NC=N3,[Cl-].[K+],1.0,graph_compatible,counterion_or_inorganic_only_structure
58139,CCC1=CC2CC(C3=C(CN(C2)C1)C4=CC=CC=C4N3)(C5=C(C=C6C(=C5)C78CCN9C7C(C=CC9)(C(C(C8N6C)(C(=O)OC)O)OC(=O)C)CC)OC)C(=O)OC,[Cl-].[K+],1.0,graph_compatible,counterion_or_inorganic_only_structure
58189,C1=NC2=C(N=C(N=C2N1C3C(C(C(O3)CO)O)O)F)N,[Cl-].[K+],1.0,graph_compatible,counterion_or_inorganic_only_structure
58217,CC(C)NCC(COC1=CC=C(C=C1)CC(=O)N)O,[Na+].[Cl-],1.0,graph_compatible,counterion_or_inorganic_only_structure
58244,CC(C)OC(=O)C(C)(C)OC1=CC=C(C=C1)C(=O)C2=CC=C(C=C2)Cl,[Li+].[AlH4-],1.0,graph_compatible,counterion_or_inorganic_only_structure
58319,CCCCC1=NC(=C(N1CC2=CC=C(C=C2)C3=CC=CC=C3C4=NNN=N4)CO)Cl,O.O.O.O.O.O.[Cl-].[Cl-].[Ca+2],1.0,graph_compatible,counterion_or_inorganic_only_structure
58354,CCC1(C(=O)NCNC1=O)C2=CC=CC=C2,[Cl-].[K+],1.0,graph_compatible,counterion_or_inorganic_only_structure
58372,C1NC2=CC(=C(C=C2S(=O)(=O)N1)S(=O)(=O)N)Cl,[Li+].[AlH4-],1.0,graph_compatible,counterion_or_inorganic_only_structure
58374,COC1(C2N(C1=O)C(=C(CS2)COC(=O)N)C(=O)[O-])NC(=O)CC3=CC=CS3,[Na+].[Cl-],1.0,graph_compatible,counterion_or_inorganic_only_structure
58399,C1=NC2=C(N1)C(=S)N=CN2,[Cl-].[K+],1.0,graph_compatible,counterion_or_inorganic_only_structure
58509,C1C(=O)NC2=C(C=C(C=C2)[N+](=O)[O-])C(=N1)C3=CC=CC=C3Cl,[Li+].[AlH4-],1.0,graph_compatible,counterion_or_inorganic_only_structure
58645,C1CNP(=O)(OC1)N(CCCl)CCCl,[Ca+2],1.0,graph_compatible,counterion_or_inorganic_only_structure
58648,CCC1C(=O)N(CC(=O)N(C(C(=O)NC(C(=O)N(C(C(=O)NC(C(=O)NC(C(=O)N(C(C(=O)N(C(C(=O)N(C(C(=O)N(C(C(=O)N1)C(C(C)CC=CC)O)C)C(C)C)C)CC(C)C)C)CC(C)C)C)C)C)CC(C)C)C)C(C)C)CC(C)C)C)C,[Ca+2],1.0,graph_compatible,counterion_or_inorganic_only_structure
58657,CC(C)CN(CC(C(CC1=CC=CC=C1)NC(=O)OC2COC3C2CCO3)O)S(=O)(=O)C4=CC=C(C=C4)N,[Cl-].[K+],1.0,graph_compatible,counterion_or_inorganic_only_structure
58725,CCNC(=O)N(CCCN(C)C)C(=O)C1CC2C(CC3=CNC4=CC=CC2=C34)N(C1)CC=C,[Li+].[AlH4-],1.0,graph_compatible,counterion_or_inorganic_only_structure
58746,CCN(CC)CCNC(=O)C1=C(NC(=C1C)C=C2C3=C(C=CC(=C3)F)NC2=O)C,O.O.O.O.O.O.[Cl-].[Cl-].[Ca+2],1.0,graph_compatible,counterion_or_inorganic_only_structure
58758,CN1C2CCCC1CC(C2)NC(=O)C3=NN(C4=CC=CC=C43)C,[Cl-].[K+],1.0,graph_compatible,counterion_or_inorganic_only_structure
58765,CCC(C)C(=O)OC1CC(C=C2C1C(C(C=C2)C)CCC(CC(CC(=O)O)O)O)O,[Cl-].[K+],1.0,graph_compatible,counterion_or_inorganic_only_structure
58778,CCN(CC)CCNC(=O)C1=CC(=C(C=C1OC)N)Cl,[O-2].[O-2].[O-2].[As+3].[As+3],1.0,graph_compatible,counterion_or_inorganic_only_structure
58812,CN1CCN(CC1)CCCN2C3=CC=CC=C3SC4=C2C=C(C=C4)Cl,[Cl-].[K+],1.0,graph_compatible,counterion_or_inorganic_only_structure
58909,CCCCCN=C(N)NNC=C1C=NC2=C1C=C(C=C2)CO,[Li+].[AlH4-],1.0,graph_compatible,counterion_or_inorganic_only_structure
58916,CC(CCCC(C)(C)O)C1CCC2C1(CCCC2=CC=C3CC(CC(C3=C)O)O)C,[Na+].[Cl-],1.0,graph_compatible,counterion_or_inorganic_only_structure
58929,CC1=C(C(=CC=C1)NC2=CC=CC=C2C(=O)O)C,[Li+].[AlH4-],1.0,graph_compatible,counterion_or_inorganic_only_structure
58932,CC(C)C(CC1=CC(=C(C=C1)OC)OCCCOC)CC(C(CC(C(C)C)C(=O)NCC(C)(C)C(=O)N)O)N,[Ca+2],1.0,graph_compatible,counterion_or_inorganic_only_structure
58934,CCOC(=O)C(CCC1=CC=CC=C1)NC(C)C(=O)N2CCCC2C(=O)O,[Ca+2],1.0,graph_compatible,counterion_or_inorganic_only_structure
58951,CCC1(C(=O)NCNC1=O)C2=CC=CC=C2,[Na+].[Cl-],1.0,graph_compatible,counterion_or_inorganic_only_structure
58952,CCN1CCN(C(=O)C1=O)C(=O)NC(C2=CC=CC=C2)C(=O)NC3C4N(C3=O)C(C(S4)(C)C)C(=O)[O-],[O-2].[O-2].[O-2].[As+3].[As+3],1.0,graph_compatible,counterion_or_inorganic_only_structure
58981,C(CC(O)(P(=O)(O)O)P(=O)(O)O)CN,[Cl-].[K+],1.0,graph_compatible,counterion_or_inorganic_only_structure
59195,CCCC1OC2CC3C4CCC5=CC(=O)C=CC5(C4C(CC3(C2(O1)C(=O)CO)C)O)C,O.O.O.O.O.O.[Cl-].[Cl-].[Ca+2],1.0,graph_compatible,counterion_or_inorganic_only_structure
59197,CCCCC1=NC(=C(N1CC2=CC=C(C=C2)C3=CC=CC=C3C4=NNN=N4)CO)Cl,[O-2].[O-2].[O-2].[As+3].[As+3],1.0,graph_compatible,counterion_or_inorganic_only_structure
59392,CCOC(=O)C(CCC1=CC=CC=C1)NC(C)C(=O)N2CC3=CC=CC=C3CC2C(=O)O,[Li+].[AlH4-],1.0,graph_compatible,counterion_or_inorganic_only_structure
59489,CCN(CC)CCOC(=O)C1(CCCCC1)C2CCCCC2,[Cl-].[K+],1.0,graph_compatible,counterion_or_inorganic_only_structure
59525,C1CC2CN(C(=O)C3=CC=CC(=C23)C1)C4CN5CCC4CC5,[Na+].[Cl-],1.0,graph_compatible,counterion_or_inorganic_only_structure
59530,COC(=O)C(C1CCCCN1)C2=CC=CC=C2,[Na+].[Cl-],1.0,graph_compatible,counterion_or_inorganic_only_structure
59542,C1=CC=C(C=C1)C2=C(OC(=N2)CCC(=O)O)C3=CC=CC=C3,[Cl-].[K+],1.0,graph_compatible,counterion_or_inorganic_only_structure
59545,CC(C)(C)NCC(C1=CC(=C(C=C1)O)CO)O,[Li+].[AlH4-],1.0,graph_compatible,counterion_or_inorganic_only_structure
59562,CC(C1=CC2=C(C=C1)C=C(C=C2)OC)C(=O)O,O.O.O.O.O.O.[Cl-].[Cl-].[Ca+2],1.0,graph_compatible,counterion_or_inorganic_only_structure
59563,C1NC2=CC(=C(C=C2S(=O)(=O)N1)S(=O)(=O)N)Cl,O.O.O.O.O.O.[Cl-].[Cl-].[Ca+2],1.0,graph_compatible,counterion_or_inorganic_only_structure
59564,CCC(C)N1C(=O)N(C=N1)C2=CC=C(C=C2)N3CCN(CC3)C4=CC=C(C=C4)OCC5COC(O5)(CN6C=NC=N6)C7=C(C=C(C=C7)Cl)Cl,[Na+].[Cl-],1.0,graph_compatible,counterion_or_inorganic_only_structure
59614,CCCCC1=C(C2=CC=CC=C2O1)C(=O)C3=CC(=C(C(=C3)I)OCC[NH+](CC)CC)I,[Na+].[Cl-],1.0,graph_compatible,counterion_or_inorganic_only_structure
59617,C1CCC(CC1)(CC(=O)O)CN,[Cl-].[K+],1.0,graph_compatible,counterion_or_inorganic_only_structure
59666,CNC(=C[N+](=O)[O-])NCCSCC1=CSC(=N1)CN(C)C,[Na+].[Cl-],1.0,graph_compatible,counterion_or_inorganic_only_structure
59700,C1=CC=C(C=C1)C(C2=CC=CC=C2)(C3=CC=CC=C3Cl)N4C=CN=C4,[Na+].[Cl-],1.0,graph_compatible,counterion_or_inorganic_only_structure
59705,CC1C(C(CC(O1)OC2CC(CC3=C2C(=C4C(=C3O)C(=O)C5=C(C4=O)C(=CC=C5)OC)O)(C(=O)CO)O)[NH3+])O,[Ca+2],1.0,graph_compatible,counterion_or_inorganic_only_structure
59800,C1CC(=O)NC(=O)C1N2C(=O)C3=CC=CC=C3C2=O,[O-2].[O-2].[O-2].[As+3].[As+3],1.0,graph_compatible,counterion_or_inorganic_only_structure
59809,COC1=CC=CC=C1OCCNCC(COC2=CC=CC3=C2C4=CC=CC=C4N3)O,[Cl-].[K+],1.0,graph_compatible,counterion_or_inorganic_only_structure
59820,C1=C(C=C(C(=C1I)OC2=CC(=C(C(=C2)I)O)I)I)CC(C(=O)O)N,[Ca+2],1.0,graph_compatible,counterion_or_inorganic_only_structure
59828,CC(=O)CC(C1=CC=C(C=C1)[N+](=O)[O-])C2=C(OC3=CC=CC=C3C2=O)O,[Cl-].[K+],1.0,graph_compatible,counterion_or_inorganic_only_structure
59834,COC1=C(C(=NC=C1)CS(=O)C2=NC3=C(N2)C=C(C=C3)OC(F)F)OC,O.O.O.O.O.O.[Cl-].[Cl-].[Ca+2],1.0,graph_compatible,counterion_or_inorganic_only_structure
59875,COC1=CC=CC=C1OCC(COC(=O)N)O,[Li+].[AlH4-],1.0,graph_compatible,counterion_or_inorganic_only_structure
60068,CC1=CC(=NC(=N1)OC(C(=O)O)C(C2=CC=CC=C2)(C3=CC=CC=C3)OC)C,[Na+].[Cl-],1.0,graph_compatible,counterion_or_inorganic_only_structure
60118,CCC(CO)NCCNC(CC)CO,[Cl-].[K+],1.0,graph_compatible,counterion_or_inorganic_only_structure
60203,CC12CCC(=O)C=C1CC(C3C24C(O4)CC5(C3CCC56CCC(=O)O6)C)C(=O)OC,[Cl-].[K+],1.0,graph_compatible,counterion_or_inorganic_only_structure
60331,CC1C=CC=CCCC=CC=CC=CC=CC(CC(C(C(CC(=O)CC(C(CCC(CC(CC(CC(=O)OC(C(C1O)C)C)O)O)O)O)O)O)C(=O)O)O)OC2C(C(C(C(O2)C)O)N)O,O.O.O.O.O.O.[Cl-].[Cl-].[Ca+2],1.0,graph_compatible,counterion_or_inorganic_only_structure
60397,C(=O)([O-])[O-].C(=O)([O-])[O-].C(=O)([O-])[O-].O.[La+3].[La+3],[Ca+2],1.0,graph_compatible,counterion_or_inorganic_only_structure
60401,CC(=O)NCC1CN(C(=O)O1)C2=CC(=C(C=C2)N3CCOCC3)F,[Cl-].[K+],1.0,graph_compatible,counterion_or_inorganic_only_structure
60414,CCOC(=O)C1=CN=CN1C(C)C2=CC=CC=C2,[Li+].[AlH4-],1.0,graph_compatible,counterion_or_inorganic_only_structure
60422,CC1CC2C(CCC3(C2CCC3(C(=O)C)O)C)C4(C1=CC(=O)CC4)C,[Li+].[AlH4-],1.0,graph_compatible,counterion_or_inorganic_only_structure
60472,CC(C)(C)NCC(C1=CC(=C(C=C1)O)CO)O,O.O.O.O.O.O.[Cl-].[Cl-].[Ca+2],1.0,graph_compatible,counterion_or_inorganic_only_structure
60716,CN1CCN(CC1)CCC=C2C3=CC=CC=C3SC4=C2C=C(C=C4)S(=O)(=O)N(C)C,[Li+].[AlH4-],1.0,graph_compatible,counterion_or_inorganic_only_structure
60912,C1CC(C1)(C(=O)O)C(=O)O.N.N.[Pt],[Li+].[AlH4-],1.0,graph_compatible,counterion_or_inorganic_only_structure
60931,CC(C1CCC(C(O1)OC2C(CC(C(C2O)OC3C(C(C(CO3)(C)O)NC)O)N)N)N)NC,[Na+].[Cl-],1.0,graph_compatible,counterion_or_inorganic_only_structure
61001,C1=CC(=C(C(=C1)Cl)Cl)C2=C(N=C(N=N2)N)N,[Li+].[AlH4-],1.0,graph_compatible,counterion_or_inorganic_only_structure
61030,CC(=O)SC1CC2=CC(=O)CCC2(C3C1C4CCC5(C4(CC3)C)CCC(=O)O5)C,[Ca+2],1.0,graph_compatible,counterion_or_inorganic_only_structure
61034,COC1=C(C=C2C(=C1)C(=NC(=N2)N3CCN(CC3)C(=O)C4COC5=CC=CC=C5O4)N)OC,[Na+].[Cl-],1.0,graph_compatible,counterion_or_inorganic_only_structure
61039,C1=CC(=C(C=C1OC2=C(C=C(C=C2I)CC(C(=O)O)N)I)I)O,[Li+].[AlH4-],1.0,graph_compatible,counterion_or_inorganic_only_structure
61078,CCC(C)C(=O)OC1CC(C=C2C1C(C(C=C2)C)CCC3CC(CC(=O)O3)O)C,[Li+].[AlH4-],1.0,graph_compatible,counterion_or_inorganic_only_structure
61086,CCN(CC)CC#CCOC(=O)C(C1CCCCC1)(C2=CC=CC=C2)O,[Li+].[AlH4-],1.0,graph_compatible,counterion_or_inorganic_only_structure
61144,C1CN(CCC1(C2=CC=C(C=C2)Cl)O)CCCC(=O)C3=CC=C(C=C3)F,[Ca+2],1.0,graph_compatible,counterion_or_inorganic_only_structure
61196,CCN1CCN(C(=O)C1=O)C(=O)NC(C2=CC=CC=C2)C(=O)NC3C4N(C3=O)C(C(S4)(C)C)C(=O)[O-],[Na+].[Cl-],1.0,graph_compatible,counterion_or_inorganic_only_structure
61214,C1=CC(=CC=C1C2C(C(=O)N2C3=CC=C(C=C3)F)CCC(C4=CC=C(C=C4)F)O)O,[Li+].[AlH4-],1.0,graph_compatible,counterion_or_inorganic_only_structure
61239,CCCCCCCCCCNCC=C.C[N+](C)(C)CCCCCCNCC=C.C=CCN.C1C(O1)CCl.Cl.[Cl-],[Cl-].[K+],1.0,graph_compatible,counterion_or_inorganic_only_structure
61300,C1=CC(=C(C=C1N)C(=O)O)O,[Li+].[AlH4-],1.0,graph_compatible,counterion_or_inorganic_only_structure
61313,CC1CC2C3CCC(C3(CC(C2C4(C1=CC(=O)C=C4)C)O)C)(C(=O)CO)O,[Cl-].[K+],1.0,graph_compatible,counterion_or_inorganic_only_structure
61320,C(C(CO[N+](=O)[O-])O[N+](=O)[O-])O[N+](=O)[O-],[Cl-].[K+],1.0,graph_compatible,counterion_or_inorganic_only_structure
61411,CC(C)(C1=CC=CC=C1CCC(C2=CC=CC(=C2)C=CC3=NC4=C(C=CC(=C4)Cl)C=C3)S)O,O.O.O.O.O.O.[Cl-].[Cl-].[Ca+2],1.0,graph_compatible,counterion_or_inorganic_only_structure
61543,CC1=C(C(CCC1)(C)C)C=CC(=CC=CC(=CCO)C)C,[Cl-].[K+],1.0,graph_compatible,counterion_or_inorganic_only_structure
61609,CC1=CC2=C(NC3=CC=CC=C3N=C2S1)N4CCN(CC4)C,[Na+].[Cl-],1.0,graph_compatible,counterion_or_inorganic_only_structure
61644,CCC(=O)N(C1=CC=CC=C1)C2(CCN(CC2)CCN3C(=O)N(N=N3)CC)COC,O.O.O.O.O.O.[Cl-].[Cl-].[Ca+2],1.0,graph_compatible,counterion_or_inorganic_only_structure
61730,CC(=O)NC1C(C(C(OC1O)COS(=O)(=O)O)OC2C(C(C(C(O2)C(=O)O)OC3C(C(C(C(O3)CO)OC4C(C(C(C(O4)C(=O)O)O)O)OS(=O)(=O)O)OS(=O)(=O)O)NS(=O)(=O)O)O)OS(=O)(=O)O)O,[Cl-].[K+],1.0,graph_compatible,counterion_or_inorganic_only_structure
61803,C1CC1NC2=C3C(=NC(=N2)N)N(C=N3)C4CC(C=C4)CO,[Na+].[Cl-],1.0,graph_compatible,counterion_or_inorganic_only_structure
61906,CC(C)C1=C(C(=CC=C1)C(C)C)O,[Li+].[AlH4-],1.0,graph_compatible,counterion_or_inorganic_only_structure
61997,CCC1=NN(C(=O)N1CCOC2=CC=CC=C2)CCCN3CCN(CC3)C4=CC(=CC=C4)Cl,[Cl-].[K+],1.0,graph_compatible,counterion_or_inorganic_only_structure
62035,CC12CCC3C(C1CCC2O)CCC4=CC(=O)CCC34C,[Li+].[AlH4-],1.0,graph_compatible,counterion_or_inorganic_only_structure
62037,CN1C(=NC(=O)C(=N1)[O-])SCC2=C(N3C(C(C3=O)NC(=O)C(=NOC)C4=CSC(=N4)N)SC2)C(=O)[O-],[Li+].[AlH4-],1.0,graph_compatible,counterion_or_inorganic_only_structure
62052,CC(=O)OC1C(SC2=CC=CC=C2N(C1=O)CC[NH+](C)C)C3=CC=C(C=C3)OC,[Ca+2],1.0,graph_compatible,counterion_or_inorganic_only_structure
62075,C1CNP(=O)(OC1)N(CCCl)CCCl,[Li+].[AlH4-],1.0,graph_compatible,counterion_or_inorganic_only_structure
62124,CC1C(C(CC(O1)OC2C(OC(CC2O)OC3C(OC(CC3O)OC4CCC5(C(C4)CCC6C5CC(C7(C6(CCC7C8=CC(=O)OC8)O)C)O)C)C)C)O)O,O.O.O.O.O.O.[Cl-].[Cl-].[Ca+2],1.0,graph_compatible,counterion_or_inorganic_only_structure
62258,C1=CC(=CC=C1C(=O)NC(CCC(=O)O)C(=O)O)NCC2=CN=C3C(=N2)C(=O)N=C(N3)N,[Li+].[AlH4-],1.0,graph_compatible,counterion_or_inorganic_only_structure
62277,CN1CCCC1C2=CN=CC=C2,[Na+].[Cl-],1.0,graph_compatible,counterion_or_inorganic_only_structure
62297,C1=CN(C(=O)N=C1N)C2C(C(C(O2)CO)O)(F)F,[Na+].[Cl-],1.0,graph_compatible,counterion_or_inorganic_only_structure
62382,COC1=C(C=C(C=C1)Cl)C(=O)NCCC2=CC=C(C=C2)S(=O)(=O)NC(=O)NC3CCCCC3,[Li+].[AlH4-],1.0,graph_compatible,counterion_or_inorganic_only_structure
62450,CC1=C(SC=C1)C(=CCCN2CCCC(C2)C(=O)O)C3=C(C=CS3)C,[Li+].[AlH4-],1.0,graph_compatible,counterion_or_inorganic_only_structure
62466,CN(CC1=CN=C2C(=N1)C(=NC(=N2)N)N)C3=CC=C(C=C3)C(=O)NC(CCC(=O)O)C(=O)O,[O-2].[O-2].[O-2].[As+3].[As+3],1.0,graph_compatible,counterion_or_inorganic_only_structure
62490,CC1=C2C(C(=O)C3(C(CC4C(C3C(C(C2(C)C)(CC1OC(=O)C(C(C5=CC=CC=C5)NC(=O)OC(C)(C)C)O)O)OC(=O)C6=CC=CC=C6)(CO4)OC(=O)C)O)C)O,[Cl-].[K+],1.0,graph_compatible,counterion_or_inorganic_only_structure
62589,CCCCC1=NC(=C(N1CC2=CC=C(C=C2)C3=CC=CC=C3C4=NNN=N4)CO)Cl,[Cl-].[K+],1.0,graph_compatible,counterion_or_inorganic_only_structure
62606,CCC(C)(C)C(=O)OC1CC(C=C2C1C(C(C=C2)C)CCC3CC(CC(=O)O3)O)C,[Cl-].[K+],1.0,graph_compatible,counterion_or_inorganic_only_structure
62703,CC1CCC2CC(C(=CC=CC=CC(CC(C(=O)C(C(C(=CC(C(=O)CC(OC(=O)C3CCCCN3C(=O)C(=O)C1(O2)O)C(C)CC4CCC(C(C4)OC)O)C)C)O)OC)C)C)C)OC,[Cl-].[K+],1.0,graph_compatible,counterion_or_inorganic_only_structure
62712,C1CN(CCN1CCOCCO)C(C2=CC=CC=C2)C3=CC=C(C=C3)Cl,[Ca+2],1.0,graph_compatible,counterion_or_inorganic_only_structure
62748,CC(=O)OC1C(CC2C1(CCC3C2CCC4C3(CC(C(C4)O)N5CCOCC5)C)C)[N+]6(CCCC6)CC=C,[Cl-].[K+],1.0,graph_compatible,counterion_or_inorganic_only_structure
62776,C=CCN1CCC23C4C(=O)CCC2(C1CC5=C3C(=C(C=C5)O)O4)O,[Na+].[Cl-],1.0,graph_compatible,counterion_or_inorganic_only_structure
62812,CC(C)C1=C(C(=C(N1CCC(CC(CC(=O)O)O)O)C2=CC=C(C=C2)F)C3=CC=CC=C3)C(=O)NC4=CC=CC=C4,O.O.O.O.O.O.[Cl-].[Cl-].[Ca+2],1.0,graph_compatible,counterion_or_inorganic_only_structure
62816,CN1C=NC(=C1SC2=NC=NC3=C2NC=N3)[N+](=O)[O-],[Ca+2],1.0,graph_compatible,counterion_or_inorganic_only_structure
62827,CCC1C(C(C(N(CC(CC(C(C(C(C(C(=O)O1)C)OC2CC(C(C(O2)C)O)(C)OC)C)OC3C(C(CC(O3)C)N(C)C)O)(C)O)C)C)C)O)(C)O,[Ca+2],1.0,graph_compatible,counterion_or_inorganic_only_structure
62842,CC(C)CC(C(=O)NC(CCCN=C(N)N)C(=O)N1CCCC1C(=O)NNC(=O)N)NC(=O)C(COC(C)(C)C)NC(=O)C(CC2=CC=C(C=C2)O)NC(=O)C(CO)NC(=O)C(CC3=CNC4=CC=CC=C43)NC(=O)C(CC5=CN=CN5)NC(=O)C6CCC(=O)N6,[Na+].[Cl-],1.0,graph_compatible,counterion_or_inorganic_only_structure
62855,CCC(C)C(=O)OC1CC(C=C2C1C(C(C=C2)C)CCC(CC(CC(=O)O)O)O)O,[Na+].[Cl-],1.0,graph_compatible,counterion_or_inorganic_only_structure
62856,CCOC1=CC=CC=C1OCCNC(C)CC2=CC(=C(C=C2)OC)S(=O)(=O)N,O.O.O.O.O.O.[Cl-].[Cl-].[Ca+2],1.0,graph_compatible,counterion_or_inorganic_only_structure
62871,CC1=NN=C(S1)SCC2=C(N3C(C(C3=O)NC(=O)CN4C=NN=N4)SC2)C(=O)[O-],[Cl-].[K+],1.0,graph_compatible,counterion_or_inorganic_only_structure
62905,CC1=C(C(=O)C2=CC=CC=C2C1=O)CC=C(C)CCCC(C)CCCC(C)CCCC(C)C,[Na+].[Cl-],1.0,graph_compatible,counterion_or_inorganic_only_structure
62948,CC(C)(C(=O)O)ON=C(C1=CSC(=N1)N)C(=O)NC2C3N(C2=O)C(=C(CS3)C[N+]4=CC=CC=C4)C(=O)[O-],[O-2].[O-2].[O-2].[As+3].[As+3],1.0,graph_compatible,counterion_or_inorganic_only_structure
62989,CCOC(=O)C(CCC1=CC=CC=C1)NC(C)C(=O)N2C3CCCC3CC2C(=O)O,O.O.O.O.O.O.[Cl-].[Cl-].[Ca+2],1.0,graph_compatible,counterion_or_inorganic_only_structure
62991,C1C2=CC=CC=C2N(C3=CC=CC=C3C1=O)C(=O)N,[Na+].[Cl-],1.0,graph_compatible,counterion_or_inorganic_only_structure
63014,CN(C)CCC=C1C2=CC=CC=C2COC3=C1C=C(C=C3)CC(=O)O,[Cl-].[K+],1.0,graph_compatible,counterion_or_inorganic_only_structure
63094,C1=CC(=CN=C1)CC(O)(P(=O)(O)O)P(=O)(O)O,O.O.O.O.O.O.[Cl-].[Cl-].[Ca+2],1.0,graph_compatible,counterion_or_inorganic_only_structure
63116,CCCCCC(C=CC1C(CC2C1CC(=CCCCC(=O)O)O2)O)O,[Na+].[Cl-],1.0,graph_compatible,counterion_or_inorganic_only_structure
63153,C1CN(CCN1CCC2=C(C=C3C(=C2)CC(=O)N3)Cl)C4=NSC5=CC=CC=C54,[Na+].[Cl-],1.0,graph_compatible,counterion_or_inorganic_only_structure
63160,CC1=CN=C(S1)NC(=C2C(=O)C3=CC=CC=C3S(=O)(=O)N2C)O,[Na+].[Cl-],1.0,graph_compatible,counterion_or_inorganic_only_structure
63180,C1=CC=C(C=C1)CCCCOCCCCCCNCC(C2=CC(=C(C=C2)O)CO)O,[Ca+2],1.0,graph_compatible,counterion_or_inorganic_only_structure
63219,C1C2CC3CC(CC1N3CC2=O)OC(=O)C4=CNC5=CC=CC=C54,[Na+].[Cl-],1.0,graph_compatible,counterion_or_inorganic_only_structure
63228,CC(CN1C2=CC=CC=C2SC3=CC=CC=C31)N(C)C,[Li+].[AlH4-],1.0,graph_compatible,counterion_or_inorganic_only_structure
63253,C1CCN(CC1)CCOC2=CC=C(C=C2)C(=O)C3=C(SC4=C3C=CC(=C4)O)C5=CC=C(C=C5)O,[Li+].[AlH4-],1.0,graph_compatible,counterion_or_inorganic_only_structure
63316,CC(CC1=CC(=C(C=C1)O)O)(C(=O)O)N,[Na+].[Cl-],1.0,graph_compatible,counterion_or_inorganic_only_structure
63415,CC1=C(N2C(C(C2=O)NC(=O)C(C3=CC=CC=C3)N)SC1)C(=O)O,[Cl-].[K+],1.0,graph_compatible,counterion_or_inorganic_only_structure
63424,C1CCN(CC1)C2=NC(=NC3=C2N=C(N=C3N4CCCCC4)N(CCO)CCO)N(CCO)CCO,[Na+].[Cl-],1.0,graph_compatible,counterion_or_inorganic_only_structure
63464,C1C2CNCC1C3=CC4=NC=CN=C4C=C23,O.O.O.O.O.O.[Cl-].[Cl-].[Ca+2],1.0,graph_compatible,counterion_or_inorganic_only_structure
