source,target,label,label_evidence,raw_prediction_score,calibrated_prediction_score,prediction_score,calibration_status,calibration_method,threshold,predicted_label,predictive_entropy_nats,conformal_no_interaction_p_value,conformal_interaction_p_value,conformal_prediction_set,conformal_prediction_set_size,conformal_abstain,source_nearest_train_tanimoto,target_nearest_train_tanimoto,pair_minimum_nearest_train_tanimoto,source_exactly_seen_in_training,target_exactly_seen_in_training,structural_ood_flag
C1C(OC(S1)CO)N2C=C(C(=NC2=O)N)F,CC1CN(CCN1)C2=C(C=C3C(=C2OC)N(C=C(C3=O)C(=O)O)C4CC4)F,0,unreported_twosides_sampled,0.5761176943778992,0.6168167588436012,0.6168167588436012,fitted,platt_logistic_regression,0.49581294690645394,1,0.6656009949557833,0.16792611251049538,0.39378673383711166,no_interaction|interaction,2,True,0.6326530612244898,0.7230769230769231,0.6326530612244898,False,False,False
CC1CC2C3CCC4=CC(=O)C=CC4(C3(C(CC2(C1(C(=O)CO)O)C)O)F)C,CN1CCC23C=CC(CC2OC4=C(C=CC(=C34)C1)OC)O,0,unreported_twosides_sampled,0.9071863293647766,0.9329055887648897,0.9329055887648897,fitted,platt_logistic_regression,0.49581294690645394,1,0.24605740188586991,0.011754827875734676,0.8900083963056256,interaction,1,False,0.8596491228070176,0.375,0.375,False,False,True
CCC(C)C(=O)OC1CC(C=C2C1C(C(C=C2)C)CCC3CC(CC(=O)O3)O)C,CN1CCC(=C2C3=C(C(=O)CC4=CC=CC=C42)SC=C3)CC1,0,unreported_twosides_sampled,0.8619788885116577,0.8949817158768696,0.8949817158768696,fitted,platt_logistic_regression,0.49581294690645394,1,0.3359713929586537,0.019311502938706968,0.8219983207388749,interaction,1,False,0.7424242424242424,0.3018867924528302,0.3018867924528302,False,False,True
C1CC(OC1CO)N2C=NC3=C2NC=NC3=O,CC1CN(CCN1)C2=C(C=C3C(=C2OC)N(C=C(C3=O)C(=O)O)C4CC4)F,0,unreported_twosides_sampled,0.8714936375617981,0.9031503167465744,0.9031503167465744,fitted,platt_logistic_regression,0.49581294690645394,1,0.31810536088988906,0.017632241813602016,0.8371116708648195,interaction,1,False,0.3492063492063492,0.7230769230769231,0.3492063492063492,False,False,True
CC12CCC3C(C1CCC2C(=O)NC4=C(C=CC(=C4)C(F)(F)F)C(F)(F)F)CCC5C3(C=CC(=O)N5)C,CC1=NN=C(S1)SCC2=C(N3C(C(C3=O)NC(=O)CN4C=NN=N4)SC2)C(=O)[O-],0,unreported_twosides_sampled,0.6609753370285034,0.704819956508901,0.704819956508901,fitted,platt_logistic_regression,0.49581294690645394,1,0.6067248778876209,0.10495382031905962,0.5054575986565911,no_interaction|interaction,2,True,0.6417910447761194,0.4574468085106383,0.4574468085106383,False,False,False
CCOC1=C(C=CC(=C1)CC(=O)NC(CC(C)C)C2=CC=CC=C2N3CCCCC3)C(=O)O,CN1CCC23C=CC(CC2OC4=C(C=CC(=C34)C1)OC)O,0,unreported_twosides_sampled,0.9471126794815063,0.9642204658862727,0.9642204658862727,fitted,platt_logistic_regression,0.49581294690645394,1,0.15429108997710353,0.0033585222502099076,0.9462636439966414,interaction,1,False,0.2804878048780488,0.375,0.2804878048780488,False,False,True
CC1=NN=C(S1)SCC2=C(N3C(C(C3=O)NC(=O)CN4C=NN=N4)SC2)C(=O)[O-],C[N+](C)(C)CC(CC(=O)O)O,0,unreported_twosides_sampled,0.9793947339057922,0.9873920901855825,0.9873920901855825,fitted,platt_logistic_regression,0.49581294690645394,1,0.06766791632683819,0.0025188916876574307,0.9832073887489504,interaction,1,False,0.4574468085106383,0.36666666666666664,0.36666666666666664,False,False,True
C1C(C(C(C(C1N)OC2C(C(C(C(O2)CN)O)O)O)O)OC3C(C(C(C(O3)CO)O)N)O)N,CCCCC(=O)N(CC1=CC=C(C=C1)C2=CC=CC=C2C3=NNN=N3)C(C(C)C)C(=O)O,0,unreported_twosides_sampled,0.48178720474243164,0.5152572947193242,0.5152572947193242,fitted,platt_logistic_regression,0.49581294690645394,1,0.692681538196882,0.2577665827036104,0.2938706968933669,no_interaction|interaction,2,True,0.7727272727272727,0.4533333333333333,0.4533333333333333,False,False,False
C1=CC(=C2NC(=C3C=CC=CC3=O)N(N2)C4=CC=C(C=C4)C(=O)O)C(=O)C=C1,CC1=NN=C2N1C3=C(C=C(C=C3)Cl)C(=NC2)C4=CC=CC=C4,1,reported_twosides,0.13327273726463318,0.12948374497649434,0.12948374497649434,fitted,platt_logistic_regression,0.49581294690645394,0,0.385404147203308,0.7741393786733837,0.023509655751469353,no_interaction,1,False,0.22033898305084745,0.7659574468085106,0.22033898305084745,False,False,True
CC(C)(C(=O)O)ON=C(C1=CSC(=N1)N)C(=O)NC2C3N(C2=O)C(=C(CS3)C[N+]4=CC=CC=C4)C(=O)[O-],CNC(=C[N+](=O)[O-])NCCSCC1=CC=C(O1)CN(C)C,1,reported_twosides,0.0684397965669632,0.06222743056424932,0.06222743056424932,fitted,platt_logistic_regression,0.49581294690645394,0,0.23305289215280103,0.9034424853064652,0.010075566750629723,no_interaction,1,False,0.6428571428571429,0.603448275862069,0.603448275862069,False,False,False
CC(C)(C(=O)O)ON=C(C1=CSC(=N1)N)C(=O)NC2C3N(C2=O)C(=C(CS3)C[N+]4=CC=CC=C4)C(=O)[O-],CC1=C(C(=O)C2=CC=CC=C2C1=O)CC=C(C)CCCC(C)CCCC(C)CCCC(C)C,1,reported_twosides,0.11670562624931335,0.11191813438614459,0.11191813438614459,fitted,platt_logistic_regression,0.49581294690645394,0,0.3505069633870659,0.8035264483627204,0.019311502938706968,no_interaction,1,False,0.6428571428571429,0.22058823529411764,0.22058823529411764,False,False,True
C1CC(C1)CN2CCC34C5C(CCC3(C2CC6=C4C(=C(C=C6)O)O5)O)O,CCC(C)C(=O)OC1CC(C=C2C1C(C(C=C2)C)CCC3CC(CC(=O)O3)O)C,0,unreported_twosides_sampled,0.5239505171775818,0.5610640753998504,0.5610640753998504,fitted,platt_logistic_regression,0.49581294690645394,1,0.685670887643258,0.2174643157010915,0.3417296389588581,no_interaction|interaction,2,True,0.6451612903225806,0.7424242424242424,0.6451612903225806,False,False,False
C1C(N(C2=C(N1)NC(=NC2=O)N)C=O)CNC3=CC=C(C=C3)C(=O)NC(CCC(=O)O)C(=O)O,CCOC1=C(C=CC(=C1)CC(=O)NC(CC(C)C)C2=CC=CC=C2N3CCCCC3)C(=O)O,0,unreported_twosides_sampled,0.7893166542053223,0.8297973995691972,0.8297973995691972,fitted,platt_logistic_regression,0.49581294690645394,1,0.45620731638665624,0.041981528127623846,0.6977329974811083,interaction,1,False,0.5256410256410257,0.2804878048780488,0.2804878048780488,False,False,True
C1=CC(=CC=C1N)S(=O)(=O)C2=CC=C(C=C2)N,C1CN=C(N1)NC2=C(C=CC=C2Cl)Cl,1,reported_twosides,0.0226751659065485,0.01847999210872928,0.01847999210872928,fitted,platt_logistic_regression,0.49581294690645394,0,0.09206305538431733,0.9714525608732157,0.0025188916876574307,no_interaction,1,False,0.43333333333333335,0.5853658536585366,0.43333333333333335,False,False,False
CC12CCC3C(C1CCC2(C)O)CCC4C3(COC(=O)C4)C,CC1=NN=C2N1C3=C(C=C(C=C3)Cl)C(=NC2)C4=CC=CC=C4,0,unreported_twosides_sampled,0.4243214726448059,0.4519756710034256,0.4519756710034256,fitted,platt_logistic_regression,0.49581294690645394,0,0.6885273896585975,0.3266162888329135,0.22837951301427373,no_interaction|interaction,2,True,0.31343283582089554,0.7659574468085106,0.31343283582089554,False,False,True
CC12CCC3C(C1CCC2(C)O)CCC4C3(COC(=O)C4)C,CCN(C)C(=O)OC1=CC=CC(=C1)C(C)N(C)C,0,unreported_twosides_sampled,0.38530033826828003,0.408590379312799,0.408590379312799,fitted,platt_logistic_regression,0.49581294690645394,0,0.6763413850353912,0.36607892527287994,0.18723761544920234,no_interaction|interaction,2,True,0.31343283582089554,0.32653061224489793,0.31343283582089554,False,False,True
C1CC(OC1CO)N2C=NC3=C2NC=NC3=O,CC1=C(SC=C1)C(=CCCN2CCCC(C2)C(=O)O)C3=C(C=CS3)C,0,unreported_twosides_sampled,0.7482513785362244,0.7910367792929442,0.7910367792929442,fitted,platt_logistic_regression,0.49581294690645394,1,0.5125797718214682,0.056255247691015954,0.6221662468513854,interaction,1,False,0.3492063492063492,0.26865671641791045,0.26865671641791045,False,False,True
CC(C)C(CCCN(C)CCC1=CC(=C(C=C1)OC)OC)(C#N)C2=CC(=C(C=C2)OC)OC,CC1=C(C(=O)C2=CC=CC=C2C1=O)CC=C(C)CCCC(C)CCCC(C)CCCC(C)C,1,reported_twosides,0.20598366856575012,0.20850963876695794,0.20850963876695794,fitted,platt_logistic_regression,0.49581294690645394,0,0.5119753471465411,0.6221662468513854,0.056255247691015954,no_interaction,1,False,0.23529411764705882,0.22058823529411764,0.22058823529411764,False,False,True
CC1CC2C3CCC4=CC(=O)C=CC4(C3(C(CC2(C1(C(=O)CO)O)C)O)F)C,CC1CN(CCN1)C2=C(C=C3C(=C2OC)N(C=C(C3=O)C(=O)O)C4CC4)F,1,reported_twosides,0.8859617114067078,0.9153872124332765,0.9153872124332765,fitted,platt_logistic_regression,0.49581294690645394,1,0.28989331485375813,0.015113350125944584,0.8572628043660789,interaction,1,False,0.8596491228070176,0.7230769230769231,0.7230769230769231,False,False,False
CC(C)(C)NCC(C1=CC(=C(C=C1)O)CO)O,CC1=C(SC=C1)C(=CCCN2CCCC(C2)C(=O)O)C3=C(C=CS3)C,1,reported_twosides,0.3990919589996338,0.42395440274897117,0.42395440274897117,fitted,platt_logistic_regression,0.49581294690645394,0,0.6815363073247958,0.3518052057094878,0.20235096557514692,no_interaction|interaction,2,True,0.5227272727272727,0.26865671641791045,0.26865671641791045,False,False,True
CC(C)C(CCCN(C)CCC1=CC(=C(C=C1)OC)OC)(C#N)C2=CC(=C(C=C2)OC)OC,CCCCC(=O)N(CC1=CC=C(C=C1)C2=CC=CC=C2C3=NNN=N3)C(C(C)C)C(=O)O,1,reported_twosides,0.6364671587944031,0.6797850411105344,0.6797850411105344,fitted,platt_logistic_regression,0.49581294690645394,1,0.6270313813596384,0.12510495382031905,0.4693534844668346,no_interaction|interaction,2,True,0.23529411764705882,0.4533333333333333,0.23529411764705882,False,False,True
CC(C)C(CCCN(C)CCC1=CC(=C(C=C1)OC)OC)(C#N)C2=CC(=C(C=C2)OC)OC,CN1CCC(=C2C3=C(C(=O)CC4=CC=CC=C42)SC=C3)CC1,1,reported_twosides,0.6027665734291077,0.6448412784030609,0.6448412784030609,fitted,platt_logistic_regression,0.49581294690645394,1,0.6505817322055334,0.1452560873215785,0.42401343408900083,no_interaction|interaction,2,True,0.23529411764705882,0.3018867924528302,0.23529411764705882,False,False,True
C1=CC(=CC=C1N)S(=O)(=O)C2=CC=C(C=C2)N,CC(C)C(CCCN(C)CCC1=CC(=C(C=C1)OC)OC)(C#N)C2=CC(=C(C=C2)OC)OC,0,unreported_twosides_sampled,0.014969098381698132,0.011717886027868529,0.011717886027868529,fitted,platt_logistic_regression,0.49581294690645394,0,0.06375416950910141,0.9848866498740554,0.0025188916876574307,no_interaction,1,False,0.43333333333333335,0.23529411764705882,0.23529411764705882,False,False,True
CC1=C(SC=C1)C(=CCCN2CCCC(C2)C(=O)O)C3=C(C=CS3)C,CC1=NN=C2N1C3=C(C=C(C=C3)Cl)C(=NC2)C4=CC=CC=C4,1,reported_twosides,0.43727633357048035,0.4663137951972217,0.4663137951972217,fitted,platt_logistic_regression,0.49581294690645394,0,0.6908759397388649,0.31150293870696893,0.23761544920235098,no_interaction|interaction,2,True,0.26865671641791045,0.7659574468085106,0.26865671641791045,False,False,True
C1=CC(=CC=C1N)S(=O)(=O)C2=CC=C(C=C2)N,CC1CC2C3CCC4=CC(=O)C=CC4(C3(C(CC2(C1(C(=O)CO)O)C)O)F)C,1,reported_twosides,0.04915627837181091,0.04323974687162125,0.04323974687162125,fitted,platt_logistic_regression,0.49581294690645394,0,0.17810697066628864,0.9353484466834593,0.0033585222502099076,no_interaction,1,False,0.43333333333333335,0.8596491228070176,0.43333333333333335,False,False,False
CCCC1(CC(=O)C(=C(O1)O)C(CC)C2=CC(=CC=C2)NS(=O)(=O)C3=NC=C(C=C3)C(F)(F)F)CCC4=CC=CC=C4,CCOC1=C(C=CC(=C1)CC(=O)NC(CC(C)C)C2=CC=CC=C2N3CCCCC3)C(=O)O,0,unreported_twosides_sampled,0.30604487657546997,0.31994715027646214,0.31994715027646214,fitted,platt_logistic_regression,0.49581294690645394,0,0.6268296145229197,0.47019311502938704,0.12510495382031905,no_interaction|interaction,2,True,0.2247191011235955,0.2804878048780488,0.2247191011235955,False,False,True
CC1CC2C3CCC4=CC(=O)C=CC4(C3(C(CC2(C1(C(=O)CO)O)C)O)F)C,CCN(C)C(=O)OC1=CC=CC(=C1)C(C)N(C)C,0,unreported_twosides_sampled,0.41725772619247437,0.4441425699406716,0.4441425699406716,fitted,platt_logistic_regression,0.49581294690645394,0,0.6868940307054949,0.33669185558354325,0.2216624685138539,no_interaction|interaction,2,True,0.8596491228070176,0.32653061224489793,0.32653061224489793,False,False,True
C1CC(OC1CO)N2C=NC3=C2NC=NC3=O,CCCC1(CC(=O)C(=C(O1)O)C(CC)C2=CC(=CC=C2)NS(=O)(=O)C3=NC=C(C=C3)C(F)(F)F)CCC4=CC=CC=C4,1,reported_twosides,0.36424413323402405,0.38508414412743347,0.38508414412743347,fitted,platt_logistic_regression,0.49581294690645394,0,0.6664982969660107,0.39378673383711166,0.16960537363560033,no_interaction|interaction,2,True,0.3492063492063492,0.2247191011235955,0.2247191011235955,False,False,True
CC12CCC3C(C1CCC2C(=O)NC4=C(C=CC(=C4)C(F)(F)F)C(F)(F)F)CCC5C3(C=CC(=O)N5)C,CC1C2C(C(=O)N2C(=C1SC3CC(NC3)C(=O)NC4=CC=CC(=C4)C(=O)O)C(=O)O)C(C)O,1,reported_twosides,0.5983008146286011,0.6401682708257032,0.6401682708257032,fitted,platt_logistic_regression,0.49581294690645394,1,0.6533213163421323,0.15029387069689337,0.41981528127623846,no_interaction|interaction,2,True,0.6417910447761194,0.23529411764705882,0.23529411764705882,False,False,True
CC(C)C(CCCN(C)CCC1=CC(=C(C=C1)OC)OC)(C#N)C2=CC(=C(C=C2)OC)OC,CNC(=C[N+](=O)[O-])NCCSCC1=CC=C(O1)CN(C)C,1,reported_twosides,0.1217055693268776,0.11719698369525422,0.11719698369525422,fitted,platt_logistic_regression,0.49581294690645394,0,0.3613027226188689,0.7951301427371956,0.020990764063811923,no_interaction,1,False,0.23529411764705882,0.603448275862069,0.23529411764705882,False,False,True
C1C(N(C2=C(N1)NC(=NC2=O)N)C=O)CNC3=CC=C(C=C3)C(=O)NC(CCC(=O)O)C(=O)O,CC1=C(C(C(=C(N1)C)C(=O)OCC(C)C)C2=CC=CC=C2[N+](=O)[O-])C(=O)OC,0,unreported_twosides_sampled,0.8097394108772278,0.8485844638448802,0.8485844638448802,fitted,platt_logistic_regression,0.49581294690645394,1,0.4251566407571895,0.033585222502099076,0.7338371116708649,interaction,1,False,0.5256410256410257,0.8043478260869565,0.5256410256410257,False,False,False
CC(C)(C(=O)O)ON=C(C1=CSC(=N1)N)C(=O)NC2C3N(C2=O)C(=C(CS3)C[N+]4=CC=CC=C4)C(=O)[O-],CN1C=NC(=C1SC2=NC=NC3=C2NC=N3)[N+](=O)[O-],0,unreported_twosides_sampled,0.9012307524681091,0.9280447826048273,0.9280447826048273,fitted,platt_logistic_regression,0.49581294690645394,1,0.25866737466594464,0.011754827875734676,0.8799328295549959,interaction,1,False,0.6428571428571429,0.25925925925925924,0.25925925925925924,False,False,True
CCC(C)C(=O)OC1CC(C=C2C1C(C(C=C2)C)CCC3CC(CC(=O)O3)O)C,CN(C)NN=C1C(=NC=N1)C(=O)N,0,unreported_twosides_sampled,0.16399313509464264,0.16254691811877003,0.16254691811877003,fitted,platt_logistic_regression,0.49581294690645394,0,0.4438692209287146,0.709487825356843,0.03946263643996641,no_interaction,1,False,0.7424242424242424,0.24390243902439024,0.24390243902439024,False,False,True
CCCCC(=O)N(CC1=CC=C(C=C1)C2=CC=CC=C2C3=NNN=N3)C(C(C)C)C(=O)O,CCOC(=O)N1CCC(=C2C3=C(CCC4=C2N=CC=C4)C=C(C=C3)Cl)CC1,1,reported_twosides,0.794031023979187,0.8341643008675143,0.8341643008675143,fitted,platt_logistic_regression,0.49581294690645394,1,0.4492213290737367,0.04114189756507137,0.7019311502938707,interaction,1,False,0.4533333333333333,0.5892857142857143,0.4533333333333333,False,False,False
C(CCl)NC(=O)N(CCCl)N=O,CC12CCC3C(C1CCC2(C#C)O)CCC4=CC(=O)CCC34,0,unreported_twosides_sampled,0.04685911908745766,0.04102300772314472,0.04102300772314472,fitted,platt_logistic_regression,0.49581294690645394,0,0.17118180438670605,0.9395465994962217,0.0033585222502099076,no_interaction,1,False,0.2391304347826087,0.7169811320754716,0.2391304347826087,False,False,True
C1C(OC(S1)CO)N2C=C(C(=NC2=O)N)F,CC1CC2C3CCC4=CC(=O)C=CC4(C3(C(CC2(C1(C(=O)CO)O)C)O)F)C,0,unreported_twosides_sampled,0.6176254749298096,0.6603194345102921,0.6603194345102921,fitted,platt_logistic_regression,0.49581294690645394,1,0.6408233714247873,0.13602015113350127,0.44584382871536526,no_interaction|interaction,2,True,0.6326530612244898,0.8596491228070176,0.6326530612244898,False,False,False
CCCCC(=O)N(CC1=CC=C(C=C1)C2=CC=CC=C2C3=NNN=N3)C(C(C)C)C(=O)O,C[N+](C)(C)CC(CC(=O)O)O,0,unreported_twosides_sampled,0.8758143186569214,0.9068284548076921,0.9068284548076921,fitted,platt_logistic_regression,0.49581294690645394,1,0.3098148510688613,0.016792611251049538,0.8421494542401343,interaction,1,False,0.4533333333333333,0.36666666666666664,0.36666666666666664,False,False,True
CC1C2C(C(=O)N2C(=C1SC3CC(NC3)C(=O)NC4=CC=CC(=C4)C(=O)O)C(=O)O)C(C)O,CC1CN(CCN1)C2=C(C=C3C(=C2OC)N(C=C(C3=O)C(=O)O)C4CC4)F,0,unreported_twosides_sampled,0.9918968081474304,0.995479399965001,0.995479399965001,fitted,platt_logistic_regression,0.49581294690645394,1,0.02891758599967056,0.0008396305625524769,0.9949622166246851,interaction,1,False,0.23529411764705882,0.7230769230769231,0.23529411764705882,False,False,True
C1CC(C1)CN2CCC34C5C(CCC3(C2CC6=C4C(=C(C=C6)O)O5)O)O,CC(C)C(C(=O)OCC(CO)OCN1C=NC2=C1NC(=NC2=O)N)N,0,unreported_twosides_sampled,0.5804460048675537,0.6213907891907404,0.6213907891907404,fitted,platt_logistic_regression,0.49581294690645394,1,0.663379161198948,0.16624685138539042,0.399664147774979,no_interaction|interaction,2,True,0.6451612903225806,0.7307692307692307,0.6451612903225806,False,False,False
CC12CCC3C(C1CCC2(C#C)O)CCC4=CC(=O)CCC34,CCOC1=C(C=CC(=C1)CC(=O)NC(CC(C)C)C2=CC=CC=C2N3CCCCC3)C(=O)O,0,unreported_twosides_sampled,0.2725604474544525,0.2824889454683668,0.2824889454683668,fitted,platt_logistic_regression,0.49581294690645394,0,0.5952886943457714,0.5188916876574308,0.09907640638119228,no_interaction,1,False,0.7169811320754716,0.2804878048780488,0.2804878048780488,False,False,True
CC(C)(C(=O)O)ON=C(C1=CSC(=N1)N)C(=O)NC2C3N(C2=O)C(=C(CS3)C[N+]4=CC=CC=C4)C(=O)[O-],CC(C)(C)NCC(C1=CC(=C(C=C1)O)CO)O,1,reported_twosides,0.13484078645706177,0.13115685820031228,0.13115685820031228,fitted,platt_logistic_regression,0.49581294690645394,0,0.3885799443419361,0.7699412258606213,0.02434928631402183,no_interaction,1,False,0.6428571428571429,0.5227272727272727,0.5227272727272727,False,False,False
CC(C)C(C(=O)OCC(CO)OCN1C=NC2=C1NC(=NC2=O)N)N,CC1=C(C(=O)C2=CC=CC=C2C1=O)CC=C(C)CCCC(C)CCCC(C)CCCC(C)C,0,unreported_twosides_sampled,0.6093651056289673,0.6517283020936839,0.6517283020936839,fitted,platt_logistic_regression,0.49581294690645394,1,0.6463701823702848,0.14021830394626364,0.4324097397145256,no_interaction|interaction,2,True,0.7307692307692307,0.22058823529411764,0.22058823529411764,False,False,True
C1CC(C1)(C(=O)O)C(=O)O.N.N.[Pt],CC1=C(C(=O)C2=CC=CC=C2C1=O)CC=C(C)CCCC(C)CCCC(C)CCCC(C)C,0,unreported_twosides_sampled,0.5023762583732605,0.5377005782929875,0.5377005782929875,fitted,platt_logistic_regression,0.49581294690645394,1,0.6903018136227799,0.23509655751469352,0.3157010915197313,no_interaction|interaction,2,True,0.26666666666666666,0.22058823529411764,0.22058823529411764,False,False,True
CC12CCC3C(C1CCC2C(=O)NC4=C(C=CC(=C4)C(F)(F)F)C(F)(F)F)CCC5C3(C=CC(=O)N5)C,CCCN1CC(CC2C1CC3=CNC4=CC=CC2=C34)CSC,0,unreported_twosides_sampled,0.02914336696267128,0.024342440833024028,0.024342440833024028,fitted,platt_logistic_regression,0.49581294690645394,0,0.11448889439531618,0.9655751469353484,0.0033585222502099076,no_interaction,1,False,0.6417910447761194,0.42168674698795183,0.42168674698795183,False,False,False
C1C(N(C2=C(N1)NC(=NC2=O)N)C=O)CNC3=CC=C(C=C3)C(=O)NC(CCC(=O)O)C(=O)O,CCOC(=O)C(CCC1=CC=CC=C1)NC(C)C(=O)N2C3CCCCC3CC2C(=O)O,0,unreported_twosides_sampled,0.8810882568359375,0.9112908696093149,0.9112908696093149,fitted,platt_logistic_regression,0.49581294690645394,1,0.29954100489045676,0.01595298068849706,0.853904282115869,interaction,1,False,0.5256410256410257,0.9636363636363636,0.5256410256410257,False,False,False
CC12CCC3C(C1CCC2C(=O)NC4=C(C=CC(=C4)C(F)(F)F)C(F)(F)F)CCC5C3(C=CC(=O)N5)C,CCCCC(=O)N(CC1=CC=C(C=C1)C2=CC=CC=C2C3=NNN=N3)C(C(C)C)C(=O)O,1,reported_twosides,0.8069412112236023,0.8460306852194218,0.8460306852194218,fitted,platt_logistic_regression,0.49581294690645394,1,0.42953292205005517,0.03526448362720403,0.7279596977329975,interaction,1,False,0.6417910447761194,0.4533333333333333,0.4533333333333333,False,False,False
CC1=C(SC=C1)C(=CCCN2CCCC(C2)C(=O)O)C3=C(C=CS3)C,CCOC(=O)N1CCC(=C2C3=C(CCC4=C2N=CC=C4)C=C(C=C3)Cl)CC1,1,reported_twosides,0.19528453052043915,0.19673075551890534,0.19673075551890534,fitted,platt_logistic_regression,0.49581294690645394,0,0.49583675076485045,0.6490344248530646,0.05373635600335852,no_interaction,1,False,0.26865671641791045,0.5892857142857143,0.26865671641791045,False,False,True
CC1(C(N2C(S1)C(C2=O)NC(=O)C(C3=CC=CC=C3)N)C(=O)[O-])C,CC1=NN=C2N1C3=C(C=C(C=C3)Cl)C(=NC2)C4=CC=CC=C4,1,reported_twosides,0.02350805699825287,0.01922637638116871,0.01922637638116871,fitted,platt_logistic_regression,0.49581294690645394,0,0.09501284482538506,0.9706129303106633,0.0025188916876574307,no_interaction,1,False,0.6119402985074627,0.7659574468085106,0.6119402985074627,False,False,False
CN(C)NN=C1C(=NC=N1)C(=O)N,CN1C=NC(=C1SC2=NC=NC3=C2NC=N3)[N+](=O)[O-],0,unreported_twosides_sampled,0.6629629135131836,0.706835550797004,0.706835550797004,fitted,platt_logistic_regression,0.49581294690645394,1,0.604960814888869,0.10411418975650713,0.5062972292191436,no_interaction|interaction,2,True,0.24390243902439024,0.25925925925925924,0.24390243902439024,False,False,True
CC(C)(C)NCC(C1=CC(=C(C=C1)O)CO)O,CC12CCC3C(C1CCC2(C)O)CCC4C3(COC(=O)C4)C,0,unreported_twosides_sampled,0.12726706266403198,0.12309195747148845,0.12309195747148845,fitted,platt_logistic_regression,0.49581294690645394,0,0.3730405659164232,0.7808564231738035,0.022670025188916875,no_interaction,1,False,0.5227272727272727,0.31343283582089554,0.31343283582089554,False,False,True
CC12CCC3C(C1CCC2(C)O)CCC4C3(COC(=O)C4)C,CCCCC(=O)N(CC1=CC=C(C=C1)C2=CC=CC=C2C3=NNN=N3)C(C(C)C)C(=O)O,0,unreported_twosides_sampled,0.8089420199394226,0.8478573943490247,0.8478573943490247,fitted,platt_logistic_regression,0.49581294690645394,1,0.4264077209258814,0.033585222502099076,0.7321578505457599,interaction,1,False,0.31343283582089554,0.4533333333333333,0.31343283582089554,False,False,True
CC1CN(CCN1)C2=C(C=C3C(=C2OC)N(C=C(C3=O)C(=O)O)C4CC4)F,CN1CC(=O)N2C(C1=O)CC3=C(C2C4=CC5=C(C=C4)OCO5)NC6=CC=CC=C36,0,unreported_twosides_sampled,0.8324023485183716,0.8690195490571958,0.8690195490571958,fitted,platt_logistic_regression,0.49581294690645394,1,0.38824626244204663,0.023509655751469353,0.7707808564231738,interaction,1,False,0.7230769230769231,0.24050632911392406,0.24050632911392406,False,False,True
CC1(C(N2C(S1)C(C2=O)NC(=O)C(C3=CC=CC=C3)N)C(=O)[O-])C,COC1=C(C=C(C=C1)C2=CC3=C(C=C2)C=C(C=C3)C(=O)O)C45CC6CC(C4)CC(C6)C5,0,unreported_twosides_sampled,0.09978324919939041,0.09421344848858983,0.09421344848858983,fitted,platt_logistic_regression,0.49581294690645394,0,0.3121793106137716,0.8421494542401343,0.016792611251049538,no_interaction,1,False,0.6119402985074627,0.288135593220339,0.288135593220339,False,False,True
CC1=C(C(C(=C(N1)C)C(=O)OCC(C)C)C2=CC=CC=C2[N+](=O)[O-])C(=O)OC,CN1CC(=O)N2C(C1=O)CC3=C(C2C4=CC5=C(C=C4)OCO5)NC6=CC=CC=C36,0,unreported_twosides_sampled,0.9310030937194824,0.9518735282733182,0.9518735282733182,fitted,platt_logistic_regression,0.49581294690645394,1,0.19296135955288907,0.0033585222502099076,0.9269521410579346,interaction,1,False,0.8043478260869565,0.24050632911392406,0.24050632911392406,False,False,True
C1=CC(=CC=C1N)S(=O)(=O)C2=CC=C(C=C2)N,CC12CCC3C(C1CCC2C(=O)NC4=C(C=CC(=C4)C(F)(F)F)C(F)(F)F)CCC5C3(C=CC(=O)N5)C,1,reported_twosides,0.034815069288015366,0.02959386895029835,0.02959386895029835,fitted,platt_logistic_regression,0.49581294690645394,0,0.1333275700296104,0.9563392107472712,0.0033585222502099076,no_interaction,1,False,0.43333333333333335,0.6417910447761194,0.43333333333333335,False,False,False
C1CC(C1)CN2CCC34C5C(CCC3(C2CC6=C4C(=C(C=C6)O)O5)O)O,CN1C=NC(=C1SC2=NC=NC3=C2NC=N3)[N+](=O)[O-],0,unreported_twosides_sampled,0.8726198673248291,0.9041109713743565,0.9041109713743565,fitted,platt_logistic_regression,0.49581294690645394,1,0.31595518861498495,0.017632241813602016,0.8396305625524769,interaction,1,False,0.6451612903225806,0.25925925925925924,0.25925925925925924,False,False,True
C1=CC(=CC=C1N)S(=O)(=O)C2=CC=C(C=C2)N,CCOC(=O)C(CCC1=CC=CC=C1)NC(C)C(=O)N2C3CCCCC3CC2C(=O)O,0,unreported_twosides_sampled,0.05201805382966995,0.046016060812984406,0.046016060812984406,fitted,platt_logistic_regression,0.49581294690645394,0,0.18661332598602648,0.929471032745592,0.0033585222502099076,no_interaction,1,False,0.43333333333333335,0.9636363636363636,0.43333333333333335,False,False,False
C1CC(OC1CO)N2C=NC3=C2NC=NC3=O,CN(C)CCC1=CNC2=C1C=C(C=C2)CC3COC(=O)N3,0,unreported_twosides_sampled,0.5762521624565125,0.6169589872459421,0.6169589872459421,fitted,platt_logistic_regression,0.49581294690645394,1,0.6655332430943993,0.16792611251049538,0.39378673383711166,no_interaction|interaction,2,True,0.3492063492063492,0.543859649122807,0.3492063492063492,False,False,True
CC12CCC3C(C1CCC2(C#C)O)CCC4=CC(=O)CCC34,CC1CN(CCN1)C2=C(C=C3C(=C2OC)N(C=C(C3=O)C(=O)O)C4CC4)F,0,unreported_twosides_sampled,0.6589649319648743,0.7027789238388313,0.7027789238388313,fitted,platt_logistic_regression,0.49581294690645394,1,0.6084913064822766,0.10663308144416457,0.5012594458438288,no_interaction|interaction,2,True,0.7169811320754716,0.7230769230769231,0.7169811320754716,False,False,False
CC12CCC3C(C1CCC2C(=O)NC4=C(C=CC(=C4)C(F)(F)F)C(F)(F)F)CCC5C3(C=CC(=O)N5)C,CC1CN(CCN1)C2=C(C=C3C(=C2OC)N(C=C(C3=O)C(=O)O)C4CC4)F,0,unreported_twosides_sampled,0.5233098864555359,0.5603727222390623,0.5603727222390623,fitted,platt_logistic_regression,0.49581294690645394,1,0.6858396318703539,0.21914357682619648,0.3408900083963056,no_interaction|interaction,2,True,0.6417910447761194,0.7230769230769231,0.6417910447761194,False,False,False
CC1CN(CCN1)C2=C(C=C3C(=C2OC)N(C=C(C3=O)C(=O)O)C4CC4)F,CCCN1CC(CC2C1CC3=CNC4=CC=CC2=C34)CSC,0,unreported_twosides_sampled,0.1332227885723114,0.1294304779320189,0.1294304779320189,fitted,platt_logistic_regression,0.49581294690645394,0,0.38530263260681713,0.7741393786733837,0.023509655751469353,no_interaction,1,False,0.7230769230769231,0.42168674698795183,0.42168674698795183,False,False,False
CC(C)C(C(=O)OCC(CO)OCN1C=NC2=C1NC(=NC2=O)N)N,CNC(=C[N+](=O)[O-])NCCSCC1=CC=C(O1)CN(C)C,1,reported_twosides,0.18603573739528656,0.1865828991945769,0.1865828991945769,fitted,platt_logistic_regression,0.49581294690645394,0,0.4812300223514615,0.6683459277917716,0.05037783375314862,no_interaction,1,False,0.7307692307692307,0.603448275862069,0.603448275862069,False,False,False
CC1=NN=C2N1C3=C(C=C(C=C3)Cl)C(=NC2)C4=CC=CC=C4,CN1CCC(=C2C3=C(C(=O)CC4=CC=CC=C42)SC=C3)CC1,0,unreported_twosides_sampled,0.8124728798866272,0.8510727949091442,0.8510727949091442,fitted,platt_logistic_regression,0.49581294690645394,1,0.42084369444060454,0.031066330814441646,0.7388748950461796,interaction,1,False,0.7659574468085106,0.3018867924528302,0.3018867924528302,False,False,True
CC(C=CC(C)C(C)(C)O)C1CCC2C1(CCCC2=CC=C3CC(CC(C3)O)O)C,CC1CC2C3CCC4=CC(=O)C=CC4(C3(C(CC2(C1(C(=O)CO)O)C)O)F)C,0,unreported_twosides_sampled,0.7513288855552673,0.7939847778892547,0.7939847778892547,fitted,platt_logistic_regression,0.49581294690645394,1,0.5086290570557706,0.056255247691015954,0.6280436607892528,interaction,1,False,0.5625,0.8596491228070176,0.5625,False,False,False
CCOC(=O)N1CCC(=C2C3=C(CCC4=C2N=CC=C4)C=C(C=C3)Cl)CC1,CN1CCC23C=CC(CC2OC4=C(C=CC(=C34)C1)OC)O,0,unreported_twosides_sampled,0.9169794917106628,0.9407995526438018,0.9407995526438018,fitted,platt_logistic_regression,0.49581294690645394,1,0.2247618340248536,0.008396305625524769,0.910159529806885,interaction,1,False,0.5892857142857143,0.375,0.375,False,False,True
C1=CC(=CC=C1N)S(=O)(=O)C2=CC=C(C=C2)N,CCCN1CC(CC2C1CC3=CNC4=CC=CC2=C34)CSC,0,unreported_twosides_sampled,0.002492031781002879,0.001645564427452124,0.001645564427452124,fitted,platt_logistic_regression,0.49581294690645394,0,0.012191737709022071,0.9974811083123426,0.0008396305625524769,no_interaction,1,False,0.43333333333333335,0.42168674698795183,0.42168674698795183,False,False,False
CN1C(=C(NC2=CC=CC=N2)O)C(=O)C3=CC=CC=C3S1(=O)=O,CNC(=C[N+](=O)[O-])NCCSCC1=CC=C(O1)CN(C)C,1,reported_twosides,0.7554986476898193,0.797968229374926,0.797968229374926,fitted,platt_logistic_regression,0.49581294690645394,1,0.5032061879955296,0.054575986565911,0.6389588581024349,interaction,1,False,0.62,0.603448275862069,0.603448275862069,False,False,False
CC12CCC3C(C1CCC2C(=O)NC4=C(C=CC(=C4)C(F)(F)F)C(F)(F)F)CCC5C3(C=CC(=O)N5)C,CC1=C(C(=O)C2=CC=CC=C2C1=O)CC=C(C)CCCC(C)CCCC(C)CCCC(C)C,0,unreported_twosides_sampled,0.24667848646640778,0.25361971395703753,0.25361971395703753,fitted,platt_logistic_regression,0.49581294690645394,0,0.5662769787862205,0.5617128463476071,0.08060453400503778,no_interaction,1,False,0.6417910447761194,0.22058823529411764,0.22058823529411764,False,False,True
CC(C)C(CCCN(C)CCC1=CC(=C(C=C1)OC)OC)(C#N)C2=CC(=C(C=C2)OC)OC,CC1(C(N2C(S1)C(C2=O)NC(=O)C(C3=CC=CC=C3)N)C(=O)[O-])C,0,unreported_twosides_sampled,0.025373557582497597,0.020907637530043807,0.020907637530043807,fitted,platt_logistic_regression,0.49581294690645394,0,0.10155076452271528,0.9689336691855583,0.0025188916876574307,no_interaction,1,False,0.23529411764705882,0.6119402985074627,0.23529411764705882,False,False,True
C1C(N(C2=C(N1)NC(=NC2=O)N)C=O)CNC3=CC=C(C=C3)C(=O)NC(CCC(=O)O)C(=O)O,CN1C(=C(NC2=CC=CC=N2)O)C(=O)C3=CC=CC=C3S1(=O)=O,1,reported_twosides,0.8220277428627014,0.8597205298027141,0.8597205298027141,fitted,platt_logistic_regression,0.49581294690645394,1,0.40547048033908883,0.028547439126784216,0.7523089840470193,interaction,1,False,0.5256410256410257,0.62,0.5256410256410257,False,False,False
CC12CCC3C(C1CCC2(C)O)CCC4C3(COC(=O)C4)C,CNC(=C[N+](=O)[O-])NCCSCC1=CC=C(O1)CN(C)C,1,reported_twosides,0.137931227684021,0.13445934208073457,0.13445934208073457,fitted,platt_logistic_regression,0.49581294690645394,0,0.39477665977609006,0.764063811922754,0.02434928631402183,no_interaction,1,False,0.31343283582089554,0.603448275862069,0.31343283582089554,False,False,True
C1C(N(C2=C(N1)NC(=NC2=O)N)C=O)CNC3=CC=C(C=C3)C(=O)NC(CCC(=O)O)C(=O)O,CN(C)CCC1=CNC2=C1C=C(C=C2)CC3COC(=O)N3,0,unreported_twosides_sampled,0.80439692735672,0.8437029621150984,0.8437029621150984,fitted,platt_logistic_regression,0.49581294690645394,1,0.43347818953995926,0.03610411418975651,0.7229219143576826,interaction,1,False,0.5256410256410257,0.543859649122807,0.5256410256410257,False,False,False
C1CC(C1)CN2CCC34C5C(CCC3(C2CC6=C4C(=C(C=C6)O)O5)O)O,CC1CC2C3CCC4=CC(=O)C=CC4(C3(C(CC2(C1(C(=O)CO)O)C)O)F)C,1,reported_twosides,0.4568093717098236,0.4878574739685486,0.4878574739685486,fitted,platt_logistic_regression,0.49581294690645394,0,0.6928522696911494,0.2879932829554996,0.2619647355163728,no_interaction|interaction,2,True,0.6451612903225806,0.8596491228070176,0.6451612903225806,False,False,False
CCCCC(=O)N(CC1=CC=C(C=C1)C2=CC=CC=C2C3=NNN=N3)C(C(C)C)C(=O)O,CN1C=NC(=C1SC2=NC=NC3=C2NC=N3)[N+](=O)[O-],1,reported_twosides,0.9857046604156494,0.9915686671171882,0.9915686671171882,fitted,platt_logistic_regression,0.49581294690645394,1,0.04866205189747738,0.0008396305625524769,0.9882451721242653,interaction,1,False,0.4533333333333333,0.25925925925925924,0.25925925925925924,False,False,True
CC(C)C(CCCN(C)CCC1=CC(=C(C=C1)OC)OC)(C#N)C2=CC(=C(C=C2)OC)OC,CN1CC(=O)N2C(C1=O)CC3=C(C2C4=CC5=C(C=C4)OCO5)NC6=CC=CC=C36,1,reported_twosides,0.41600123047828674,0.4427481688448988,0.4427481688448988,fitted,platt_logistic_regression,0.49581294690645394,0,0.6865772355060111,0.33753148614609574,0.2216624685138539,no_interaction|interaction,2,True,0.23529411764705882,0.24050632911392406,0.23529411764705882,False,False,True
CC1=C(C(C(=C(N1)C)C(=O)OCC(C)C)C2=CC=CC=C2[N+](=O)[O-])C(=O)OC,CCOC(=O)N1CCC(=C2C3=C(CCC4=C2N=CC=C4)C=C(C=C3)Cl)CC1,1,reported_twosides,0.48175182938575745,0.5152186181180454,0.5152186181180454,fitted,platt_logistic_regression,0.49581294690645394,1,0.6926838963365884,0.2577665827036104,0.2938706968933669,no_interaction|interaction,2,True,0.8043478260869565,0.5892857142857143,0.5892857142857143,False,False,False
CC12CCC3C(C1CCC2(C#C)O)CCC4=CC(=O)CCC34,CC1=NN=C(S1)SCC2=C(N3C(C(C3=O)NC(=O)CN4C=NN=N4)SC2)C(=O)[O-],0,unreported_twosides_sampled,0.5360866189002991,0.574131918672152,0.574131918672152,fitted,platt_logistic_regression,0.49581294690645394,1,0.6821154715630398,0.2040302267002519,0.3509655751469353,no_interaction|interaction,2,True,0.7169811320754716,0.4574468085106383,0.4574468085106383,False,False,False
CC(C=CC(C)C(C)(C)O)C1CCC2C1(CCCC2=CC=C3CC(CC(C3)O)O)C,CCOC(=O)C(CCC1=CC=CC=C1)NC(C)C(=O)N2C3CCCCC3CC2C(=O)O,0,unreported_twosides_sampled,0.6254774332046509,0.6684537950489069,0.6684537950489069,fitted,platt_logistic_regression,0.49581294690645394,1,0.635268232735549,0.13266162888329136,0.45424013434089,no_interaction|interaction,2,True,0.5625,0.9636363636363636,0.5625,False,False,False
CC1CN(CCN1)C2=C(C=C3C(=C2OC)N(C=C(C3=O)C(=O)O)C4CC4)F,CCOC(=O)N1CCC(=C2C3=C(CCC4=C2N=CC=C4)C=C(C=C3)Cl)CC1,1,reported_twosides,0.6461488604545593,0.6897143016964912,0.6897143016964912,fitted,platt_logistic_regression,0.49581294690645394,1,0.619329066386175,0.1200671704450042,0.48614609571788414,no_interaction|interaction,2,True,0.7230769230769231,0.5892857142857143,0.5892857142857143,False,False,False
CC1CN(CCN1)C2=C(C=C3C(=C2OC)N(C=C(C3=O)C(=O)O)C4CC4)F,CCOC(=O)C(CCC1=CC=CC=C1)NC(C)C(=O)N2C3CCCCC3CC2C(=O)O,0,unreported_twosides_sampled,0.9103101491928101,0.93543724120997,0.93543724120997,fitted,platt_logistic_regression,0.49581294690645394,1,0.2393417707110857,0.0109151973131822,0.8958858102434929,interaction,1,False,0.7230769230769231,0.9636363636363636,0.7230769230769231,False,False,False
CCOC(=O)N1CCC(=C2C3=C(CCC4=C2N=CC=C4)C=C(C=C3)Cl)CC1,C[N+](C)(C)CC(CC(=O)O)O,1,reported_twosides,0.5993565320968628,0.6412738484096944,0.6412738484096944,fitted,platt_logistic_regression,0.49581294690645394,1,0.6526817448078277,0.1486146095717884,0.42149454240134343,no_interaction|interaction,2,True,0.5892857142857143,0.36666666666666664,0.36666666666666664,False,False,True
CC12CCC3C(C1CCC2(C)O)CCC4C3(COC(=O)C4)C,CC1=C(C(C(=C(N1)C)C(=O)OCC(C)C)C2=CC=CC=C2[N+](=O)[O-])C(=O)OC,0,unreported_twosides_sampled,0.4520076811313629,0.4825704305304261,0.4825704305304261,fitted,platt_logistic_regression,0.49581294690645394,0,0.6925394776652417,0.2963895885810244,0.25524769101595296,no_interaction|interaction,2,True,0.31343283582089554,0.8043478260869565,0.31343283582089554,False,False,True
CC12CCC3C(C1CCC2C(=O)NC4=C(C=CC(=C4)C(F)(F)F)C(F)(F)F)CCC5C3(C=CC(=O)N5)C,CC12CCC3C(C1CCC2O)C(CC4=C3C=CC(=C4)O)CCCCCCCCCS(=O)CCCC(C(F)(F)F)(F)F,0,unreported_twosides_sampled,0.1413632333278656,0.13813435428952825,0.13813435428952825,fitted,platt_logistic_regression,0.49581294690645394,0,0.40156228853753795,0.7573467674223342,0.02686817800167926,no_interaction,1,False,0.6417910447761194,0.4492753623188406,0.4492753623188406,False,False,False
C1CC(OC1CO)N2C=NC3=C2NC=NC3=O,CC(C)C(C(=O)OCC(CO)OCN1C=NC2=C1NC(=NC2=O)N)N,1,reported_twosides,0.8514300584793091,0.8858184037106608,0.8858184037106608,fitted,platt_logistic_regression,0.49581294690645394,1,0.35516964100869175,0.020151133501259445,0.797649034424853,interaction,1,False,0.3492063492063492,0.7307692307692307,0.3492063492063492,False,False,True
CCOC1=C(C=CC(=C1)CC(=O)NC(CC(C)C)C2=CC=CC=C2N3CCCCC3)C(=O)O,CN1C=NC(=C1SC2=NC=NC3=C2NC=N3)[N+](=O)[O-],0,unreported_twosides_sampled,0.9524788856506348,0.9682330216742575,0.9682330216742575,fitted,platt_logistic_regression,0.49581294690645394,1,0.14083170456436694,0.0033585222502099076,0.9546599496221663,interaction,1,False,0.2804878048780488,0.25925925925925924,0.25925925925925924,False,False,True
CC1CN(CCN1)C2=C(C=C3C(=C2OC)N(C=C(C3=O)C(=O)O)C4CC4)F,CNC(=C[N+](=O)[O-])NCCSCC1=CC=C(O1)CN(C)C,1,reported_twosides,0.5718738436698914,0.6123238597574513,0.6123238597574513,fitted,platt_logistic_regression,0.49581294690645394,1,0.6676972378193229,0.17296389588581024,0.3895885810243493,no_interaction|interaction,2,True,0.7230769230769231,0.603448275862069,0.603448275862069,False,False,False
C1C(N(C2=C(N1)NC(=NC2=O)N)C=O)CNC3=CC=C(C=C3)C(=O)NC(CCC(=O)O)C(=O)O,CC1=NN=C2N1C3=C(C=C(C=C3)Cl)C(=NC2)C4=CC=CC=C4,1,reported_twosides,0.49849334359169006,0.5334785116328361,0.5334785116328361,fitted,platt_logistic_regression,0.49581294690645394,1,0.6909038811110947,0.23761544920235098,0.31150293870696893,no_interaction|interaction,2,True,0.5256410256410257,0.7659574468085106,0.5256410256410257,False,False,False
CCOC1=C(C=CC(=C1)CC(=O)NC(CC(C)C)C2=CC=CC=C2N3CCCCC3)C(=O)O,CN(C)CCC1=CNC2=C1C=C(C=C2)CC3COC(=O)N3,0,unreported_twosides_sampled,0.5557805299758911,0.5952149770916185,0.5952149770916185,fitted,platt_logistic_regression,0.49581294690645394,1,0.6749041884364185,0.18387909319899245,0.3694374475230898,no_interaction|interaction,2,True,0.2804878048780488,0.543859649122807,0.2804878048780488,False,False,True
CC(C=CC(C)C(C)(C)O)C1CCC2C1(CCCC2=CC=C3CC(CC(C3)O)O)C,CC1=NN=C(S1)SCC2=C(N3C(C(C3=O)NC(=O)CN4C=NN=N4)SC2)C(=O)[O-],1,reported_twosides,0.7063899040222168,0.75028976636639,0.75028976636639,fitted,platt_logistic_regression,0.49581294690645394,1,0.5620165797646803,0.07892527287993283,0.5659109991603695,interaction,1,False,0.5625,0.4574468085106383,0.4574468085106383,False,False,False
C1C(N(C2=C(N1)NC(=NC2=O)N)C=O)CNC3=CC=C(C=C3)C(=O)NC(CCC(=O)O)C(=O)O,C1CC(C1)(C(=O)O)C(=O)O.N.N.[Pt],1,reported_twosides,0.9635407328605652,0.97632220484434,0.97632220484434,fitted,platt_logistic_regression,0.49581294690645394,1,0.11202637630773415,0.0033585222502099076,0.966414777497901,interaction,1,False,0.5256410256410257,0.26666666666666666,0.26666666666666666,False,False,True
CC(C=CC(C)C(C)(C)O)C1CCC2C1(CCCC2=CC=C3CC(CC(C3)O)O)C,CC1=NN=C2N1C3=C(C=C(C=C3)Cl)C(=NC2)C4=CC=CC=C4,1,reported_twosides,0.5694770216941833,0.609782869256788,0.609782869256788,fitted,platt_logistic_regression,0.49581294690645394,1,0.6688451130054422,0.17380352644836272,0.3879093198992443,no_interaction|interaction,2,True,0.5625,0.7659574468085106,0.5625,False,False,False
C(CCl)NC(=O)N(CCCl)N=O,C1C(OC(S1)CO)N2C=C(C(=NC2=O)N)F,0,unreported_twosides_sampled,0.18990769982337952,0.19082714560091862,0.19082714560091862,fitted,platt_logistic_regression,0.49581294690645394,0,0.4874201138889097,0.6616288832913518,0.05037783375314862,no_interaction,1,False,0.2391304347826087,0.6326530612244898,0.2391304347826087,False,False,True
CCN(C)C(=O)OC1=CC=CC(=C1)C(C)N(C)C,CCOC(=O)N1CCC(=C2C3=C(CCC4=C2N=CC=C4)C=C(C=C3)Cl)CC1,1,reported_twosides,0.2509188652038574,0.25834212564905096,0.25834212564905096,fitted,platt_logistic_regression,0.49581294690645394,0,0.5713156800120753,0.5533165407220823,0.08228379513014274,no_interaction,1,False,0.32653061224489793,0.5892857142857143,0.32653061224489793,False,False,True
CC(C)(C)NCC(C1=CC(=C(C=C1)O)CO)O,CC1=NN=C2N1C3=C(C=C(C=C3)Cl)C(=NC2)C4=CC=CC=C4,1,reported_twosides,0.11678194999694824,0.11199856146801941,0.11199856146801941,fitted,platt_logistic_regression,0.49581294690645394,0,0.35067351916819506,0.8035264483627204,0.019311502938706968,no_interaction,1,False,0.5227272727272727,0.7659574468085106,0.5227272727272727,False,False,False
CCOC(=O)C(CCC1=CC=CC=C1)NC(C)C(=O)N2C3CCCCC3CC2C(=O)O,CN1CCC23C=CC(CC2OC4=C(C=CC(=C34)C1)OC)O,0,unreported_twosides_sampled,0.9374502897262573,0.9568660789290929,0.9568660789290929,fitted,platt_logistic_regression,0.49581294690645394,1,0.17777911464069607,0.0033585222502099076,0.9361880772460117,interaction,1,False,0.9636363636363636,0.375,0.375,False,False,True
C1=CC(=CC=C1N)S(=O)(=O)C2=CC=C(C=C2)N,CC12CCC3C(C1CCC2O)C(CC4=C3C=CC(=C4)O)CCCCCCCCCS(=O)CCCC(C(F)(F)F)(F)F,0,unreported_twosides_sampled,0.05791577696800232,0.05178594498275784,0.05178594498275784,fitted,platt_logistic_regression,0.49581294690645394,0,0.2037406467062981,0.9227539882451721,0.0041981528127623844,no_interaction,1,False,0.43333333333333335,0.4492753623188406,0.43333333333333335,False,False,False
CN1CC(=O)N2C(C1=O)CC3=C(C2C4=CC5=C(C=C4)OCO5)NC6=CC=CC=C36,CNC(=C[N+](=O)[O-])NCCSCC1=CC=C(O1)CN(C)C,1,reported_twosides,0.3795202672481537,0.4021431471780635,0.4021431471780635,fitted,platt_logistic_regression,0.49581294690645394,0,0.6738710751562124,0.3702770780856423,0.18303946263643997,no_interaction|interaction,2,True,0.24050632911392406,0.603448275862069,0.24050632911392406,False,False,True
CC(C)(C(=O)O)ON=C(C1=CSC(=N1)N)C(=O)NC2C3N(C2=O)C(=C(CS3)C[N+]4=CC=CC=C4)C(=O)[O-],CN(C)NN=C1C(=NC=N1)C(=O)N,0,unreported_twosides_sampled,0.030297335237264633,0.02540313655066785,0.02540313655066785,fitted,platt_logistic_regression,0.49581294690645394,0,0.11838044833831836,0.964735516372796,0.0033585222502099076,no_interaction,1,False,0.6428571428571429,0.24390243902439024,0.24390243902439024,False,False,True
CC(C=CC(C)C(C)(C)O)C1CCC2C1(CCCC2=CC=C3CC(CC(C3)O)O)C,CC12CCC3C(C1CCC2C(=O)NC4=C(C=CC(=C4)C(F)(F)F)C(F)(F)F)CCC5C3(C=CC(=O)N5)C,0,unreported_twosides_sampled,0.3805527985095978,0.40329518279399457,0.40329518279399457,fitted,platt_logistic_regression,0.49581294690645394,0,0.6743251478528306,0.3702770780856423,0.18303946263643997,no_interaction|interaction,2,True,0.5625,0.6417910447761194,0.5625,False,False,False
CC1(C(N2C(S1)C(C2=O)NC(=O)C(C3=CC=CC=C3)N)C(=O)[O-])C,CN1C(=C(NC2=CC=CC=N2)O)C(=O)C3=CC=CC=C3S1(=O)=O,0,unreported_twosides_sampled,0.08958373218774796,0.0836777271834706,0.0836777271834706,fitted,platt_logistic_regression,0.49581294690645394,0,0.2876610280740639,0.8581024349286314,0.014273719563392108,no_interaction,1,False,0.6119402985074627,0.62,0.6119402985074627,False,False,False
CCCC1(CC(=O)C(=C(O1)O)C(CC)C2=CC(=CC=C2)NS(=O)(=O)C3=NC=C(C=C3)C(F)(F)F)CCC4=CC=CC=C4,CN1CC(=O)N2C(C1=O)CC3=C(C2C4=CC5=C(C=C4)OCO5)NC6=CC=CC=C36,0,unreported_twosides_sampled,0.25385618209838867,0.26161523878804854,0.26161523878804854,fitted,platt_logistic_regression,0.49581294690645394,0,0.574739635050559,0.5465994962216625,0.08564231738035265,no_interaction,1,False,0.2247191011235955,0.24050632911392406,0.2247191011235955,False,False,True
CC1=C(C(=O)C2=CC=CC=C2C1=O)CC=C(C)CCCC(C)CCCC(C)CCCC(C)C,CN(C)NN=C1C(=NC=N1)C(=O)N,0,unreported_twosides_sampled,0.16800908744335175,0.1669088301613692,0.1669088301613692,fitted,platt_logistic_regression,0.49581294690645394,0,0.4509507449420539,0.7010915197313182,0.04114189756507137,no_interaction,1,False,0.22058823529411764,0.24390243902439024,0.22058823529411764,False,False,True
C1CC(C1)CN2CCC34C5C(CCC3(C2CC6=C4C(=C(C=C6)O)O5)O)O,CCOC(=O)N1CCC(=C2C3=C(CCC4=C2N=CC=C4)C=C(C=C3)Cl)CC1,0,unreported_twosides_sampled,0.36563408374786377,0.38663736873756366,0.38663736873756366,fitted,platt_logistic_regression,0.49581294690645394,0,0.6672201511487961,0.3904282115869018,0.17296389588581024,no_interaction|interaction,2,True,0.6451612903225806,0.5892857142857143,0.5892857142857143,False,False,False
C1CC(C1)CN2CCC34C5C(CCC3(C2CC6=C4C(=C(C=C6)O)O5)O)O,CCOC1=C(C=CC(=C1)CC(=O)NC(CC(C)C)C2=CC=CC=C2N3CCCCC3)C(=O)O,0,unreported_twosides_sampled,0.3737938404083252,0.39575152494896715,0.39575152494896715,fitted,platt_logistic_regression,0.49581294690645394,0,0.671251410475692,0.3811922753988245,0.17968094038623006,no_interaction|interaction,2,True,0.6451612903225806,0.2804878048780488,0.2804878048780488,False,False,True
CCC(C)C(=O)OC1CC(C=C2C1C(C(C=C2)C)CCC3CC(CC(=O)O3)O)C,C[N+](C)(C)CC(CC(=O)O)O,0,unreported_twosides_sampled,0.8840321898460388,0.9137685361499669,0.9137685361499669,fitted,platt_logistic_regression,0.49581294690645394,1,0.29373098961639377,0.015113350125944584,0.8564231738035264,interaction,1,False,0.7424242424242424,0.36666666666666664,0.36666666666666664,False,False,True
CC(C)C(C(=O)OCC(CO)OCN1C=NC2=C1NC(=NC2=O)N)N,CN(C)NN=C1C(=NC=N1)C(=O)N,0,unreported_twosides_sampled,0.0329408124089241,0.027848150361559278,0.027848150361559278,fitted,platt_logistic_regression,0.49581294690645394,0,0.12718065275754523,0.9605373635600336,0.0033585222502099076,no_interaction,1,False,0.7307692307692307,0.24390243902439024,0.24390243902439024,False,False,True
CCN(C)C(=O)OC1=CC=CC(=C1)C(C)N(C)C,CCOC1=C(C=CC(=C1)CC(=O)NC(CC(C)C)C2=CC=CC=C2N3CCCCC3)C(=O)O,1,reported_twosides,0.49371668696403503,0.5282777914613666,0.5282777914613666,fitted,platt_logistic_regression,0.49581294690645394,1,0.6915470599358171,0.24265323257766583,0.30394626364399663,no_interaction|interaction,2,True,0.32653061224489793,0.2804878048780488,0.2804878048780488,False,False,True
C1=CC(=CC=C1N)S(=O)(=O)C2=CC=C(C=C2)N,CCOC(=O)N1CCC(=C2C3=C(CCC4=C2N=CC=C4)C=C(C=C3)Cl)CC1,1,reported_twosides,0.007192613556981087,0.005248996348509296,0.005248996348509296,fitted,platt_logistic_regression,0.49581294690645394,0,0.03279094887259345,0.9916036943744753,0.0008396305625524769,no_interaction,1,False,0.43333333333333335,0.5892857142857143,0.43333333333333335,False,False,False
CC12CCC3C(C1CCC2O)C(CC4=C3C=CC(=C4)O)CCCCCCCCCS(=O)CCCC(C(F)(F)F)(F)F,CC1CN(CCN1)C2=C(C=C3C(=C2OC)N(C=C(C3=O)C(=O)O)C4CC4)F,0,unreported_twosides_sampled,0.4586375951766968,0.4898688950087401,0.4898688950087401,fitted,platt_logistic_regression,0.49581294690645394,0,0.6929418879345188,0.28547439126784213,0.26448362720403024,no_interaction|interaction,2,True,0.4492753623188406,0.7230769230769231,0.4492753623188406,False,False,False
CC(=O)OCC(=O)C12C(CC3C1(CC(C4(C3CC(C5=CC(=O)C=CC54C)F)F)O)C)OC(O2)(C)C,CC(C)C(CCCN(C)CCC1=CC(=C(C=C1)OC)OC)(C#N)C2=CC(=C(C=C2)OC)OC,0,unreported_twosides_sampled,0.1321081668138504,0.1282422657381014,0.1282422657381014,fitted,platt_logistic_regression,0.49581294690645394,0,0.38303161437494504,0.7758186397984886,0.022670025188916875,no_interaction,1,False,0.8059701492537313,0.23529411764705882,0.23529411764705882,False,False,True
CC12CCC3C(C1CCC2O)C(CC4=C3C=CC(=C4)O)CCCCCCCCCS(=O)CCCC(C(F)(F)F)(F)F,CC1CC2C3CCC4=CC(=O)C=CC4(C3(C(CC2(C1(C(=O)CO)O)C)O)F)C,1,reported_twosides,0.4088522791862488,0.43480881432157664,0.43480881432157664,fitted,platt_logistic_regression,0.49581294690645394,0,0.6846231518238406,0.34424853064651556,0.21242653232577666,no_interaction|interaction,2,True,0.4492753623188406,0.8596491228070176,0.4492753623188406,False,False,False
CC(C)(C(=O)O)ON=C(C1=CSC(=N1)N)C(=O)NC2C3N(C2=O)C(=C(CS3)C[N+]4=CC=CC=C4)C(=O)[O-],CCOC(=O)C(CCC1=CC=CC=C1)NC(C)C(=O)N2C3CCCCC3CC2C(=O)O,0,unreported_twosides_sampled,0.3541843295097351,0.37383732606417497,0.37383732606417497,fitted,platt_logistic_regression,0.49581294690645394,0,0.6609664294610004,0.40470193115029385,0.16288832913518053,no_interaction|interaction,2,True,0.6428571428571429,0.9636363636363636,0.6428571428571429,False,False,False
CC1=C(C(=O)C2=CC=CC=C2C1=O)CC=C(C)CCCC(C)CCCC(C)CCCC(C)C,CN1C=NC(=C1SC2=NC=NC3=C2NC=N3)[N+](=O)[O-],0,unreported_twosides_sampled,0.9266712665557861,0.9484832131979437,0.9484832131979437,fitted,platt_logistic_regression,0.49581294690645394,1,0.20295734077087585,0.0041981528127623844,0.9227539882451721,interaction,1,False,0.22058823529411764,0.25925925925925924,0.22058823529411764,False,False,True
CC12CCC3C(C1CCC2C(=O)NC4=C(C=CC(=C4)C(F)(F)F)C(F)(F)F)CCC5C3(C=CC(=O)N5)C,CCOC(=O)N1CCC(=C2C3=C(CCC4=C2N=CC=C4)C=C(C=C3)Cl)CC1,1,reported_twosides,0.34683388471603394,0.3656144777711801,0.3656144777711801,fitted,platt_logistic_regression,0.49581294690645394,0,0.656580309604778,0.4139378673383711,0.1561712846347607,no_interaction|interaction,2,True,0.6417910447761194,0.5892857142857143,0.5892857142857143,False,False,False
CC(C)C(CCCN(C)CCC1=CC(=C(C=C1)OC)OC)(C#N)C2=CC(=C(C=C2)OC)OC,CN(C)CCC1=CNC2=C1C=C(C=C2)CC3COC(=O)N3,1,reported_twosides,0.219736248254776,0.22370516440410482,0.22370516440410482,fitted,platt_logistic_regression,0.49581294690645394,0,0.5315576224452356,0.600335852225021,0.06465155331654072,no_interaction,1,False,0.23529411764705882,0.543859649122807,0.23529411764705882,False,False,True
C1CN=C(N1)NC2=C(C=CC=C2Cl)Cl,CN1CCC23C=CC(CC2OC4=C(C=CC(=C34)C1)OC)O,1,reported_twosides,0.35364067554473877,0.373229280788875,0.373229280788875,fitted,platt_logistic_regression,0.49581294690645394,0,0.6606520162296379,0.40470193115029385,0.16288832913518053,no_interaction|interaction,2,True,0.5853658536585366,0.375,0.375,False,False,True
CC1=C(C(=O)C2=CC=CC=C2C1=O)CC=C(C)CCCC(C)CCCC(C)CCCC(C)C,CCN(C)C(=O)OC1=CC=CC(=C1)C(C)N(C)C,0,unreported_twosides_sampled,0.24786141514778137,0.25493677884062577,0.25493677884062577,fitted,platt_logistic_regression,0.49581294690645394,0,0.5676940410418632,0.5617128463476071,0.08060453400503778,no_interaction,1,False,0.22058823529411764,0.32653061224489793,0.22058823529411764,False,False,True
CC12CCC3C(C1CCC2(C)O)CCC4C3(COC(=O)C4)C,CN1CC(=O)N2C(C1=O)CC3=C(C2C4=CC5=C(C=C4)OCO5)NC6=CC=CC=C36,1,reported_twosides,0.8166108727455139,0.8548275922222426,0.8548275922222426,fitted,platt_logistic_regression,0.49581294690645394,1,0.41424292534551854,0.030226700251889168,0.744752308984047,interaction,1,False,0.31343283582089554,0.24050632911392406,0.24050632911392406,False,False,True
C1C(N(C2=C(N1)NC(=NC2=O)N)C=O)CNC3=CC=C(C=C3)C(=O)NC(CCC(=O)O)C(=O)O,CNC(=C[N+](=O)[O-])NCCSCC1=CC=C(O1)CN(C)C,1,reported_twosides,0.7465254664421082,0.7893805472625851,0.7893805472625851,fitted,platt_logistic_regression,0.49581294690645394,1,0.5147762436408494,0.056255247691015954,0.6213266162888329,interaction,1,False,0.5256410256410257,0.603448275862069,0.5256410256410257,False,False,False
C1=CC(=C2NC(=C3C=CC=CC3=O)N(N2)C4=CC=C(C=C4)C(=O)O)C(=O)C=C1,CC(C)(C(=O)O)ON=C(C1=CSC(=N1)N)C(=O)NC2C3N(C2=O)C(=C(CS3)C[N+]4=CC=CC=C4)C(=O)[O-],1,reported_twosides,0.05879772827029228,0.05265407178007256,0.05265407178007256,fitted,platt_logistic_regression,0.49581294690645394,0,0.20625705820898854,0.9227539882451721,0.0041981528127623844,no_interaction,1,False,0.22033898305084745,0.6428571428571429,0.22033898305084745,False,False,True
C1=CC(=C2NC(=C3C=CC=CC3=O)N(N2)C4=CC=C(C=C4)C(=O)O)C(=O)C=C1,CC12CCC3C(C1CCC2C(=O)NC4=C(C=CC(=C4)C(F)(F)F)C(F)(F)F)CCC5C3(C=CC(=O)N5)C,1,reported_twosides,0.2571309804916382,0.2652661329749458,0.2652661329749458,fitted,platt_logistic_regression,0.49581294690645394,0,0.5784933694686125,0.5440806045340051,0.0873215785054576,no_interaction,1,False,0.22033898305084745,0.6417910447761194,0.22033898305084745,False,False,True
C1C(OC(S1)CO)N2C=C(C(=NC2=O)N)F,CNC(=C[N+](=O)[O-])NCCSCC1=CC=C(O1)CN(C)C,1,reported_twosides,0.2264927178621292,0.23119053506394122,0.23119053506394122,fitted,platt_logistic_regression,0.49581294690645394,0,0.5407108815640376,0.5860621326616289,0.0688497061293031,no_interaction,1,False,0.6326530612244898,0.603448275862069,0.603448275862069,False,False,False
CC1CC2C3CCC4=CC(=O)C=CC4(C3(C(CC2(C1(C(=O)CO)O)C)O)F)C,CN1CC(=O)N2C(C1=O)CC3=C(C2C4=CC5=C(C=C4)OCO5)NC6=CC=CC=C36,1,reported_twosides,0.8431065082550049,0.8785116531171839,0.8785116531171839,fitted,platt_logistic_regression,0.49581294690645394,1,0.36987996718681493,0.0218303946263644,0.7825356842989085,interaction,1,False,0.8596491228070176,0.24050632911392406,0.24050632911392406,False,False,True
C1CN=C(N1)NC2=C(C=CC=C2Cl)Cl,CC12CCC3C(C1CCC2O)C(CC4=C3C=CC(=C4)O)CCCCCCCCCS(=O)CCCC(C(F)(F)F)(F)F,0,unreported_twosides_sampled,0.11527865380048752,0.11041534430270628,0.11041534430270628,fitted,platt_logistic_regression,0.49581294690645394,0,0.3473828342350684,0.8043660789252729,0.019311502938706968,no_interaction,1,False,0.5853658536585366,0.4492753623188406,0.4492753623188406,False,False,False
CCCCC(=O)N(CC1=CC=C(C=C1)C2=CC=CC=C2C3=NNN=N3)C(C(C)C)C(=O)O,CCN(C)C(=O)OC1=CC=CC(=C1)C(C)N(C)C,1,reported_twosides,0.676697313785553,0.7207011373519779,0.7207011373519779,fitted,platt_logistic_regression,0.49581294690645394,1,0.5922899002829963,0.09739714525608732,0.5272879932829555,interaction,1,False,0.4533333333333333,0.32653061224489793,0.32653061224489793,False,False,True
CC(C)(C(=O)O)ON=C(C1=CSC(=N1)N)C(=O)NC2C3N(C2=O)C(=C(CS3)C[N+]4=CC=CC=C4)C(=O)[O-],CC1=NN=C(S1)SCC2=C(N3C(C(C3=O)NC(=O)CN4C=NN=N4)SC2)C(=O)[O-],1,reported_twosides,0.6229280233383179,0.6658161575733879,0.6658161575733879,fitted,platt_logistic_regression,0.49581294690645394,1,0.6371020693928047,0.1343408900083963,0.4508816120906801,no_interaction|interaction,2,True,0.6428571428571429,0.4574468085106383,0.4574468085106383,False,False,False
CC(C)C(C(=O)OCC(CO)OCN1C=NC2=C1NC(=NC2=O)N)N,CN1CCC(=C2C3=C(C(=O)CC4=CC=CC=C42)SC=C3)CC1,0,unreported_twosides_sampled,0.7703818678855896,0.8120827627509489,0.8120827627509489,fitted,platt_logistic_regression,0.49581294690645394,1,0.48318880458519253,0.05037783375314862,0.6666666666666666,interaction,1,False,0.7307692307692307,0.3018867924528302,0.3018867924528302,False,False,True
C1C(N(C2=C(N1)NC(=NC2=O)N)C=O)CNC3=CC=C(C=C3)C(=O)NC(CCC(=O)O)C(=O)O,CC12CCC3C(C1CCC2O)C(CC4=C3C=CC(=C4)O)CCCCCCCCCS(=O)CCCC(C(F)(F)F)(F)F,0,unreported_twosides_sampled,0.38132375478744507,0.4041552785114363,0.4041552785114363,fitted,platt_logistic_regression,0.49581294690645394,0,0.67466055693813,0.3694374475230898,0.18387909319899245,no_interaction|interaction,2,True,0.5256410256410257,0.4492753623188406,0.4492753623188406,False,False,False
CC12CCC3C(C1CCC2C(=O)NC4=C(C=CC(=C4)C(F)(F)F)C(F)(F)F)CCC5C3(C=CC(=O)N5)C,CCOC(=O)C(CCC1=CC=CC=C1)NC(C)C(=O)N2C3CCCCC3CC2C(=O)O,0,unreported_twosides_sampled,0.6628612875938416,0.7067325470553224,0.7067325470553224,fitted,platt_logistic_regression,0.49581294690645394,1,0.6050514392087241,0.10411418975650713,0.5062972292191436,no_interaction|interaction,2,True,0.6417910447761194,0.9636363636363636,0.6417910447761194,False,False,False
C1CC(C1)(C(=O)O)C(=O)O.N.N.[Pt],CC1CC2C3CCC4=CC(=O)C=CC4(C3(C(CC2(C1(C(=O)CO)O)C)O)F)C,1,reported_twosides,0.3810209035873413,0.40381742036511875,0.40381742036511875,fitted,platt_logistic_regression,0.49581294690645394,0,0.6745291698184528,0.3694374475230898,0.18303946263643997,no_interaction|interaction,2,True,0.26666666666666666,0.8596491228070176,0.26666666666666666,False,False,True
C1CC(C1)CN2CCC34C5C(CCC3(C2CC6=C4C(=C(C=C6)O)O5)O)O,CC1=NN=C2N1C3=C(C=C(C=C3)Cl)C(=NC2)C4=CC=CC=C4,1,reported_twosides,0.29648756980895996,0.3092481371374435,0.3092481371374435,fitted,platt_logistic_regression,0.49581294690645394,0,0.618497762442256,0.4903442485306465,0.11922753988245172,no_interaction|interaction,2,True,0.6451612903225806,0.7659574468085106,0.6451612903225806,False,False,False
CC(=O)OCC(=O)C12C(CC3C1(CC(C4(C3CC(C5=CC(=O)C=CC54C)F)F)O)C)OC(O2)(C)C,C[N+](C)(C)CC(CC(=O)O)O,0,unreported_twosides_sampled,0.631786584854126,0.6749667760120228,0.6749667760120228,fitted,platt_logistic_regression,0.49581294690645394,1,0.6306053088679962,0.12846347607052896,0.4643157010915197,no_interaction|interaction,2,True,0.8059701492537313,0.36666666666666664,0.36666666666666664,False,False,True
CC(C)C(CCCN(C)CCC1=CC(=C(C=C1)OC)OC)(C#N)C2=CC(=C(C=C2)OC)OC,CC1C2C(C(=O)N2C(=C1SC3CC(NC3)C(=O)NC4=CC=CC(=C4)C(=O)O)C(=O)O)C(C)O,0,unreported_twosides_sampled,0.6681721210479736,0.7121074322349853,0.7121074322349853,fitted,platt_logistic_regression,0.49581294690645394,1,0.6002539208442437,0.10243492863140219,0.5146935348446684,no_interaction|interaction,2,True,0.23529411764705882,0.23529411764705882,0.23529411764705882,False,False,True
CC1=NN=C2N1C3=C(C=C(C=C3)Cl)C(=NC2)C4=CC=CC=C4,C[N+](C)(C)CC(CC(=O)O)O,0,unreported_twosides_sampled,0.6740922927856445,0.7180797100402605,0.7180797100402605,fitted,platt_logistic_regression,0.49581294690645394,1,0.5947578246957316,0.09907640638119228,0.5214105793450882,interaction,1,False,0.7659574468085106,0.36666666666666664,0.36666666666666664,False,False,True
C1=CC(=C2NC(=C3C=CC=CC3=O)N(N2)C4=CC=C(C=C4)C(=O)O)C(=O)C=C1,CC(C)(C)NCC(C1=CC(=C(C=C1)O)CO)O,1,reported_twosides,0.12138551473617554,0.11685847108060084,0.11685847108060084,fitted,platt_logistic_regression,0.49581294690645394,0,0.36061862814656886,0.7959697732997482,0.020990764063811923,no_interaction,1,False,0.22033898305084745,0.5227272727272727,0.22033898305084745,False,False,True
C1C(N(C2=C(N1)NC(=NC2=O)N)C=O)CNC3=CC=C(C=C3)C(=O)NC(CCC(=O)O)C(=O)O,CN(C)NN=C1C(=NC=N1)C(=O)N,0,unreported_twosides_sampled,0.37815847992897034,0.40062353892393404,0.40062353892393404,fitted,platt_logistic_regression,0.49581294690645394,0,0.6732636804248554,0.37363560033585225,0.18219983207388749,no_interaction|interaction,2,True,0.5256410256410257,0.24390243902439024,0.24390243902439024,False,False,True
CC(C=CC(C)C(C)(C)O)C1CCC2C1(CCCC2=CC=C3CC(CC(C3)O)O)C,CCN(C)C(=O)OC1=CC=CC(=C1)C(C)N(C)C,0,unreported_twosides_sampled,0.38187676668167114,0.4047721825240749,0.4047721825240749,fitted,platt_logistic_regression,0.49581294690645394,0,0.6748992372718661,0.3694374475230898,0.18387909319899245,no_interaction|interaction,2,True,0.5625,0.32653061224489793,0.32653061224489793,False,False,True
CC(C)C(CCCN(C)CCC1=CC(=C(C=C1)OC)OC)(C#N)C2=CC(=C(C=C2)OC)OC,CN(C)NN=C1C(=NC=N1)C(=O)N,0,unreported_twosides_sampled,0.17337150871753693,0.17274568087210457,0.17274568087210457,fitted,platt_logistic_regression,0.49581294690645394,0,0.4602132386190718,0.6910159529806885,0.041981528127623846,no_interaction,1,False,0.23529411764705882,0.24390243902439024,0.23529411764705882,False,False,True
CC12CCC3C(C1CCC2C(=O)NC4=C(C=CC(=C4)C(F)(F)F)C(F)(F)F)CCC5C3(C=CC(=O)N5)C,CC1=C(C(C(=C(N1)C)C(=O)OCC(C)C)C2=CC=CC=C2[N+](=O)[O-])C(=O)OC,1,reported_twosides,0.5176923871040344,0.5543040064663523,0.5543040064663523,fitted,platt_logistic_regression,0.49581294690645394,1,0.6872376803880599,0.2216624685138539,0.33585222502099077,no_interaction|interaction,2,True,0.6417910447761194,0.8043478260869565,0.6417910447761194,False,False,False
C1CC(C1)CN2CCC34C5C(CCC3(C2CC6=C4C(=C(C=C6)O)O5)O)O,CCOC(=O)C(CCC1=CC=CC=C1)NC(C)C(=O)N2C3CCCCC3CC2C(=O)O,0,unreported_twosides_sampled,0.4211273789405823,0.4484349530837763,0.4484349530837763,fitted,platt_logistic_regression,0.49581294690645394,0,0.6878198053830309,0.33249370277078083,0.22418136020151133,no_interaction|interaction,2,True,0.6451612903225806,0.9636363636363636,0.6451612903225806,False,False,False
CC(C)(C)NCC(C1=CC(=C(C=C1)O)CO)O,CC1=NN=C(S1)SCC2=C(N3C(C(C3=O)NC(=O)CN4C=NN=N4)SC2)C(=O)[O-],1,reported_twosides,0.550500214099884,0.58957761401353,0.58957761401353,fitted,platt_logistic_regression,0.49581294690645394,1,0.6770119118805004,0.18723761544920234,0.36523929471032746,no_interaction|interaction,2,True,0.5227272727272727,0.4574468085106383,0.4574468085106383,False,False,False
C1CC(C1)CN2CCC34C5C(CCC3(C2CC6=C4C(=C(C=C6)O)O5)O)O,CNC(=C[N+](=O)[O-])NCCSCC1=CC=C(O1)CN(C)C,1,reported_twosides,0.1789112389087677,0.17878976839372718,0.17878976839372718,fitted,platt_logistic_regression,0.49581294690645394,0,0.4695533848552333,0.6784214945424013,0.04617968094038623,no_interaction,1,False,0.6451612903225806,0.603448275862069,0.603448275862069,False,False,False
CC1=C(SC=C1)C(=CCCN2CCCC(C2)C(=O)O)C3=C(C=CS3)C,CCOC1=C(C=CC(=C1)CC(=O)NC(CC(C)C)C2=CC=CC=C2N3CCCCC3)C(=O)O,0,unreported_twosides_sampled,0.4861219525337219,0.5199936477578675,0.5199936477578675,fitted,platt_logistic_regression,0.49581294690645394,1,0.6923474754597903,0.2502099076406381,0.2980688497061293,no_interaction|interaction,2,True,0.26865671641791045,0.2804878048780488,0.26865671641791045,False,False,True
C1CC(C1)(C(=O)O)C(=O)O.N.N.[Pt],CCCC1(CC(=O)C(=C(O1)O)C(CC)C2=CC(=CC=C2)NS(=O)(=O)C3=NC=C(C=C3)C(F)(F)F)CCC4=CC=CC=C4,0,unreported_twosides_sampled,0.171035498380661,0.17020128449597294,0.17020128449597294,fitted,platt_logistic_regression,0.49581294690645394,0,0.4562052316869911,0.6977329974811083,0.041981528127623846,no_interaction,1,False,0.26666666666666666,0.2247191011235955,0.2247191011235955,False,False,True
CC1=C(C(=O)C2=CC=CC=C2C1=O)CC=C(C)CCCC(C)CCCC(C)CCCC(C)C,CN1CCC23C=CC(CC2OC4=C(C=CC(=C34)C1)OC)O,0,unreported_twosides_sampled,0.8834256529808044,0.9132588511416889,0.9132588511416889,fitted,platt_logistic_regression,0.49581294690645394,1,0.29493247707254877,0.015113350125944584,0.8564231738035264,interaction,1,False,0.22058823529411764,0.375,0.22058823529411764,False,False,True
C1CC(C1)CN2CCC34C5C(CCC3(C2CC6=C4C(=C(C=C6)O)O5)O)O,CC(C)(C)NCC(C1=CC(=C(C=C1)O)CO)O,0,unreported_twosides_sampled,0.2332814782857895,0.23872347815056197,0.23872347815056197,fitted,platt_logistic_regression,0.49581294690645394,0,0.5496040352188163,0.581024349286314,0.07304785894206549,no_interaction,1,False,0.6451612903225806,0.5227272727272727,0.5227272727272727,False,False,False
CC12CCC3C(C1CCC2C(=O)NC4=C(C=CC(=C4)C(F)(F)F)C(F)(F)F)CCC5C3(C=CC(=O)N5)C,CN1C(=C(NC2=CC=CC=N2)O)C(=O)C3=CC=CC=C3S1(=O)=O,0,unreported_twosides_sampled,0.425152987241745,0.45289707195768847,0.45289707195768847,fitted,platt_logistic_regression,0.49581294690645394,0,0.6887032220663453,0.3266162888329135,0.22921914357682618,no_interaction|interaction,2,True,0.6417910447761194,0.62,0.62,False,False,False
C1=CC(=C2NC(=C3C=CC=CC3=O)N(N2)C4=CC=C(C=C4)C(=O)O)C(=O)C=C1,CC12CCC3C(C1CCC2(C)O)CCC4C3(COC(=O)C4)C,0,unreported_twosides_sampled,0.10473809391260147,0.0993699357294782,0.0993699357294782,fitted,platt_logistic_regression,0.49581294690645394,0,0.32369637111057914,0.8320738874895046,0.017632241813602016,no_interaction,1,False,0.22033898305084745,0.31343283582089554,0.22033898305084745,False,False,True
C1CN=C(N1)NC2=C(C=CC=C2Cl)Cl,CC1=C(SC=C1)C(=CCCN2CCCC(C2)C(=O)O)C3=C(C=CS3)C,1,reported_twosides,0.19235222041606903,0.19350977988480247,0.19350977988480247,fitted,platt_logistic_regression,0.49581294690645394,0,0.4912723466920081,0.6574307304785895,0.052057094878253565,no_interaction,1,False,0.5853658536585366,0.26865671641791045,0.26865671641791045,False,False,True
C1CC(C1)(C(=O)O)C(=O)O.N.N.[Pt],C[N+](C)(C)CC(CC(=O)O)O,0,unreported_twosides_sampled,0.7827911972999573,0.8237238322908726,0.8237238322908726,fitted,platt_logistic_regression,0.49581294690645394,1,0.4656996327403714,0.0436607892527288,0.6842989084802686,interaction,1,False,0.26666666666666666,0.36666666666666664,0.26666666666666666,False,False,True
CC12CCC3C(C1CCC2(C)O)CCC4C3(COC(=O)C4)C,CC12CCC3C(C1CCC2C(=O)NC4=C(C=CC(=C4)C(F)(F)F)C(F)(F)F)CCC5C3(C=CC(=O)N5)C,0,unreported_twosides_sampled,0.3578333854675293,0.3779179725633061,0.3779179725633061,fitted,platt_logistic_regression,0.49581294690645394,0,0.6630356676165654,0.4005037783375315,0.16456759026028547,no_interaction|interaction,2,True,0.31343283582089554,0.6417910447761194,0.31343283582089554,False,False,True
CCC(C)C(=O)OC1CC(C=C2C1C(C(C=C2)C)CCC3CC(CC(=O)O3)O)C,CN(C)CCC1=CNC2=C1C=C(C=C2)CC3COC(=O)N3,0,unreported_twosides_sampled,0.4505002200603485,0.4809093629230852,0.4809093629230852,fitted,platt_logistic_regression,0.49581294690645394,0,0.6924180985078288,0.2980688497061293,0.2510495382031906,no_interaction|interaction,2,True,0.7424242424242424,0.543859649122807,0.543859649122807,False,False,False
CC(C=CC(C)C(C)(C)O)C1CCC2C1(CCCC2=CC=C3CC(CC(C3)O)O)C,CCOC(=O)N1CCC(=C2C3=C(CCC4=C2N=CC=C4)C=C(C=C3)Cl)CC1,1,reported_twosides,0.2984005808830261,0.31138935481834107,0.31138935481834107,fitted,platt_logistic_regression,0.49581294690645394,0,0.6202078055603317,0.48614609571788414,0.12090680100755667,no_interaction|interaction,2,True,0.5625,0.5892857142857143,0.5625,False,False,False
CC1=C(C(=O)C2=CC=CC=C2C1=O)CC=C(C)CCCC(C)CCCC(C)CCCC(C)C,C[N+](C)(C)CC(CC(=O)O)O,0,unreported_twosides_sampled,0.7834488749504089,0.824337479681284,0.824337479681284,fitted,platt_logistic_regression,0.49581294690645394,1,0.46475222350476686,0.042821158690176324,0.6842989084802686,interaction,1,False,0.22058823529411764,0.36666666666666664,0.22058823529411764,False,False,True
C1CC(OC1CO)N2C=NC3=C2NC=NC3=O,CC(C=CC(C)C(C)(C)O)C1CCC2C1(CCCC2=CC=C3CC(CC(C3)O)O)C,0,unreported_twosides_sampled,0.82536381483078,0.8627211709163868,0.8627211709163868,fitted,platt_logistic_regression,0.49581294690645394,1,0.39999285159924,0.02518891687657431,0.7581863979848866,interaction,1,False,0.3492063492063492,0.5625,0.3492063492063492,False,False,True
CC1=NN=C2N1C3=C(C=C(C=C3)Cl)C(=NC2)C4=CC=CC=C4,CCC(C)C(=O)OC1CC(C=C2C1C(C(C=C2)C)CCC3CC(CC(=O)O3)O)C,1,reported_twosides,0.6014797687530518,0.6434957412058865,0.6434957412058865,fitted,platt_logistic_regression,0.49581294690645394,1,0.6513803132285392,0.14777497900923595,0.42317380352644834,no_interaction|interaction,2,True,0.7659574468085106,0.7424242424242424,0.7424242424242424,False,False,False
CC1=NN=C(S1)SCC2=C(N3C(C(C3=O)NC(=O)CN4C=NN=N4)SC2)C(=O)[O-],CCC(C)C(=O)OC1CC(C=C2C1C(C(C=C2)C)CCC3CC(CC(=O)O3)O)C,1,reported_twosides,0.8338750004768372,0.8703316962288142,0.8703316962288142,fitted,platt_logistic_regression,0.49581294690645394,1,0.38575567868976846,0.023509655751469353,0.7732997481108312,interaction,1,False,0.4574468085106383,0.7424242424242424,0.4574468085106383,False,False,False
CCN(C)C(=O)OC1=CC=CC(=C1)C(C)N(C)C,CNC(=C[N+](=O)[O-])NCCSCC1=CC=C(O1)CN(C)C,1,reported_twosides,0.47890225052833557,0.5121018656254587,0.5121018656254587,fitted,platt_logistic_regression,0.49581294690645394,1,0.6928542416511931,0.2619647355163728,0.2879932829554996,no_interaction|interaction,2,True,0.32653061224489793,0.603448275862069,0.32653061224489793,False,False,True
C1CC(C1)CN2CCC34C5C(CCC3(C2CC6=C4C(=C(C=C6)O)O5)O)O,CCCC1(CC(=O)C(=C(O1)O)C(CC)C2=CC(=CC=C2)NS(=O)(=O)C3=NC=C(C=C3)C(F)(F)F)CCC4=CC=CC=C4,0,unreported_twosides_sampled,0.24829062819480896,0.2554147268762336,0.2554147268762336,fitted,platt_logistic_regression,0.49581294690645394,0,0.5682060170060909,0.5617128463476071,0.08060453400503778,no_interaction,1,False,0.6451612903225806,0.2247191011235955,0.2247191011235955,False,False,True
C(CCl)NC(=O)N(CCCl)N=O,CCOC(=O)N1CCC(=C2C3=C(CCC4=C2N=CC=C4)C=C(C=C3)Cl)CC1,0,unreported_twosides_sampled,0.08541475236415863,0.07940421556638345,0.07940421556638345,fitted,platt_logistic_regression,0.49581294690645394,0,0.27731184253031627,0.8656591099916037,0.014273719563392108,no_interaction,1,False,0.2391304347826087,0.5892857142857143,0.2391304347826087,False,False,True
CC1=C(SC=C1)C(=CCCN2CCCC(C2)C(=O)O)C3=C(C=CS3)C,CN1CCC(=C2C3=C(C(=O)CC4=CC=CC=C42)SC=C3)CC1,0,unreported_twosides_sampled,0.522271990776062,0.5592523289021972,0.5592523289021972,fitted,platt_logistic_regression,0.49581294690645394,1,0.6861089759304615,0.22082283795130142,0.33921074727120065,no_interaction|interaction,2,True,0.26865671641791045,0.3018867924528302,0.26865671641791045,False,False,True
C1CC(C1)CN2CCC34C5C(CCC3(C2CC6=C4C(=C(C=C6)O)O5)O)O,CN(C)CCC1=CNC2=C1C=C(C=C2)CC3COC(=O)N3,0,unreported_twosides_sampled,0.1750364452600479,0.17456071467999962,0.17456071467999962,fitted,platt_logistic_regression,0.49581294690645394,0,0.46304461639786176,0.6893366918555835,0.042821158690176324,no_interaction,1,False,0.6451612903225806,0.543859649122807,0.543859649122807,False,False,False
C(CCl)NC(=O)N(CCCl)N=O,CC1(C(N2C(S1)C(C2=O)NC(=O)C(C3=CC=CC=C3)N)C(=O)[O-])C,0,unreported_twosides_sampled,0.025011273100972176,0.02058013160809682,0.02058013160809682,fitted,platt_logistic_regression,0.49581294690645394,0,0.10028837587847976,0.9689336691855583,0.0025188916876574307,no_interaction,1,False,0.2391304347826087,0.6119402985074627,0.2391304347826087,False,False,True
C1CC(C1)CN2CCC34C5C(CCC3(C2CC6=C4C(=C(C=C6)O)O5)O)O,C1CN=C(N1)NC2=C(C=CC=C2Cl)Cl,0,unreported_twosides_sampled,0.22851279377937317,0.23343086348027758,0.23343086348027758,fitted,platt_logistic_regression,0.49581294690645394,0,0.5433887750616243,0.5852225020990764,0.06968933669185558,no_interaction,1,False,0.6451612903225806,0.5853658536585366,0.5853658536585366,False,False,False
CC(C)(C(=O)O)ON=C(C1=CSC(=N1)N)C(=O)NC2C3N(C2=O)C(=C(CS3)C[N+]4=CC=CC=C4)C(=O)[O-],CC12CCC3C(C1CCC2C(=O)NC4=C(C=CC(=C4)C(F)(F)F)C(F)(F)F)CCC5C3(C=CC(=O)N5)C,0,unreported_twosides_sampled,0.1324765384197235,0.12863486065100804,0.12863486065100804,fitted,platt_logistic_regression,0.49581294690645394,0,0.38378336926967016,0.7758186397984886,0.022670025188916875,no_interaction,1,False,0.6428571428571429,0.6417910447761194,0.6417910447761194,False,False,False
C1C(C(C(C(C1N)OC2C(C(C(C(O2)CN)O)O)O)O)OC3C(C(C(C(O3)CO)O)N)O)N,CC(C)C(CCCN(C)CCC1=CC(=C(C=C1)OC)OC)(C#N)C2=CC(=C(C=C2)OC)OC,0,unreported_twosides_sampled,0.12806789577007294,0.12394275065535555,0.12394275065535555,fitted,platt_logistic_regression,0.49581294690645394,0,0.374707726790653,0.780016792611251,0.022670025188916875,no_interaction,1,False,0.7727272727272727,0.23529411764705882,0.23529411764705882,False,False,True
C1=CC(=C2NC(=C3C=CC=CC3=O)N(N2)C4=CC=C(C=C4)C(=O)O)C(=O)C=C1,C1CC(OC1CO)N2C=NC3=C2NC=NC3=O,0,unreported_twosides_sampled,0.40932586789131165,0.43533506048480747,0.43533506048480747,fitted,platt_logistic_regression,0.49581294690645394,0,0.6847606004985002,0.34424853064651556,0.2141057934508816,no_interaction|interaction,2,True,0.22033898305084745,0.3492063492063492,0.22033898305084745,False,False,True
CC1CC2C3CCC4=CC(=O)C=CC4(C3(C(CC2(C1(C(=O)CO)O)C)O)F)C,CNC(=C[N+](=O)[O-])NCCSCC1=CC=C(O1)CN(C)C,1,reported_twosides,0.3401118218898773,0.35809162968557523,0.35809162968557523,fitted,platt_logistic_regression,0.49581294690645394,0,0.652312277422306,0.42149454240134343,0.1486146095717884,no_interaction|interaction,2,True,0.8596491228070176,0.603448275862069,0.603448275862069,False,False,False
CC1=NN=C(S1)SCC2=C(N3C(C(C3=O)NC(=O)CN4C=NN=N4)SC2)C(=O)[O-],CN1C=NC(=C1SC2=NC=NC3=C2NC=N3)[N+](=O)[O-],0,unreported_twosides_sampled,0.97655189037323,0.985461623713949,0.985461623713949,fitted,platt_logistic_regression,0.49581294690645394,1,0.07594351739084847,0.0025188916876574307,0.9781696053736356,interaction,1,False,0.4574468085106383,0.25925925925925924,0.25925925925925924,False,False,True
C1C(N(C2=C(N1)NC(=NC2=O)N)C=O)CNC3=CC=C(C=C3)C(=O)NC(CCC(=O)O)C(=O)O,CC1=NN=C(S1)SCC2=C(N3C(C(C3=O)NC(=O)CN4C=NN=N4)SC2)C(=O)[O-],1,reported_twosides,0.9378343820571899,0.9571614236816429,0.9571614236816429,fitted,platt_logistic_regression,0.49581294690645394,1,0.1768626777546655,0.0033585222502099076,0.9370277078085643,interaction,1,False,0.5256410256410257,0.4574468085106383,0.4574468085106383,False,False,False
CC1=C(SC=C1)C(=CCCN2CCCC(C2)C(=O)O)C3=C(C=CS3)C,CC1CC2C3CCC4=CC(=O)C=CC4(C3(C(CC2(C1(C(=O)CO)O)C)O)F)C,0,unreported_twosides_sampled,0.3906397819519043,0.41454199688221416,0.41454199688221416,fitted,platt_logistic_regression,0.49581294690645394,0,0.6784690826562382,0.35852225020990763,0.1897565071368598,no_interaction|interaction,2,True,0.26865671641791045,0.8596491228070176,0.26865671641791045,False,False,True
CC1CN(CCN1)C2=C(C=C3C(=C2OC)N(C=C(C3=O)C(=O)O)C4CC4)F,CN(C)NN=C1C(=NC=N1)C(=O)N,0,unreported_twosides_sampled,0.6866002082824707,0.7306294490075586,0.7306294490075586,fitted,platt_logistic_regression,0.49581294690645394,1,0.5826317703539861,0.0906801007556675,0.5407220822837951,interaction,1,False,0.7230769230769231,0.24390243902439024,0.24390243902439024,False,False,True
CC1=NN=C(S1)SCC2=C(N3C(C(C3=O)NC(=O)CN4C=NN=N4)SC2)C(=O)[O-],CN1CCC(=C2C3=C(C(=O)CC4=CC=CC=C42)SC=C3)CC1,0,unreported_twosides_sampled,0.8151831030845642,0.853533695927337,0.853533695927337,fitted,platt_logistic_regression,0.49581294690645394,1,0.41653024586494936,0.030226700251889168,0.7439126784214946,interaction,1,False,0.4574468085106383,0.3018867924528302,0.3018867924528302,False,False,True
CC(C)C(C(=O)OCC(CO)OCN1C=NC2=C1NC(=NC2=O)N)N,CC12CCC3C(C1CCC2C(=O)NC4=C(C=CC(=C4)C(F)(F)F)C(F)(F)F)CCC5C3(C=CC(=O)N5)C,0,unreported_twosides_sampled,0.40699663758277893,0.4327464536467463,0.4327464536467463,fitted,platt_logistic_regression,0.49581294690645394,0,0.6840736250477463,0.345088161209068,0.21158690176322417,no_interaction|interaction,2,True,0.7307692307692307,0.6417910447761194,0.6417910447761194,False,False,False
C1C(N(C2=C(N1)NC(=NC2=O)N)C=O)CNC3=CC=C(C=C3)C(=O)NC(CCC(=O)O)C(=O)O,CC1CN(CCN1)C2=C(C=C3C(=C2OC)N(C=C(C3=O)C(=O)O)C4CC4)F,0,unreported_twosides_sampled,0.969074010848999,0.9802644361443404,0.9802644361443404,fitted,platt_logistic_regression,0.49581294690645394,1,0.09700818373424683,0.0025188916876574307,0.9706129303106633,interaction,1,False,0.5256410256410257,0.7230769230769231,0.5256410256410257,False,False,False
CC1=NN=C(S1)SCC2=C(N3C(C(C3=O)NC(=O)CN4C=NN=N4)SC2)C(=O)[O-],CC1=NN=C2N1C3=C(C=C(C=C3)Cl)C(=NC2)C4=CC=CC=C4,1,reported_twosides,0.6577177047729492,0.7015115443868105,0.7015115443868105,fitted,platt_logistic_regression,0.49581294690645394,1,0.6095781285718126,0.10747271200671704,0.5004198152812762,no_interaction|interaction,2,True,0.4574468085106383,0.7659574468085106,0.4574468085106383,False,False,False
CC1C2C(C(=O)N2C(=C1SC3CC(NC3)C(=O)NC4=CC=CC(=C4)C(=O)O)C(=O)O)C(C)O,CCCCC(=O)N(CC1=CC=C(C=C1)C2=CC=CC=C2C3=NNN=N3)C(C(C)C)C(=O)O,0,unreported_twosides_sampled,0.9380705952644348,0.9573429386537903,0.9573429386537903,fitted,platt_logistic_regression,0.49581294690645394,1,0.1762983931855485,0.0033585222502099076,0.9370277078085643,interaction,1,False,0.23529411764705882,0.4533333333333333,0.23529411764705882,False,False,True
CC(C)(C(=O)O)ON=C(C1=CSC(=N1)N)C(=O)NC2C3N(C2=O)C(=C(CS3)C[N+]4=CC=CC=C4)C(=O)[O-],CCOC(=O)N1CCC(=C2C3=C(CCC4=C2N=CC=C4)C=C(C=C3)Cl)CC1,0,unreported_twosides_sampled,0.04325918108224869,0.03757147298907093,0.03757147298907093,fitted,platt_logistic_regression,0.49581294690645394,0,0.1601478282456133,0.943744752308984,0.0033585222502099076,no_interaction,1,False,0.6428571428571429,0.5892857142857143,0.5892857142857143,False,False,False
CCC(C)C(=O)OC1CC(C=C2C1C(C(C=C2)C)CCC3CC(CC(=O)O3)O)C,CCOC(=O)N1CCC(=C2C3=C(CCC4=C2N=CC=C4)C=C(C=C3)Cl)CC1,1,reported_twosides,0.4090668857097626,0.43504728764728745,0.43504728764728745,fitted,platt_logistic_regression,0.49581294690645394,0,0.6846855775715641,0.34424853064651556,0.21242653232577666,no_interaction|interaction,2,True,0.7424242424242424,0.5892857142857143,0.5892857142857143,False,False,False
CC(C)C(CCCN(C)CCC1=CC(=C(C=C1)OC)OC)(C#N)C2=CC(=C(C=C2)OC)OC,CCOC(=O)C(CCC1=CC=CC=C1)NC(C)C(=O)N2C3CCCCC3CC2C(=O)O,1,reported_twosides,0.33208587765693665,0.34910679583279636,0.34910679583279636,fitted,platt_logistic_regression,0.49581294690645394,0,0.6468919565074913,0.4290512174643157,0.14105793450881612,no_interaction|interaction,2,True,0.23529411764705882,0.9636363636363636,0.23529411764705882,False,False,True
C1C(OC(S1)CO)N2C=C(C(=NC2=O)N)F,COC1=C(C=C(C=C1)C2=CC3=C(C=C2)C=C(C=C3)C(=O)O)C45CC6CC(C4)CC(C6)C5,0,unreported_twosides_sampled,0.3689347505569458,0.3903249657670793,0.3903249657670793,fitted,platt_logistic_regression,0.49581294690645394,0,0.6688932260843113,0.3879093198992443,0.17380352644836272,no_interaction|interaction,2,True,0.6326530612244898,0.288135593220339,0.288135593220339,False,False,True
CC(C)(C(=O)O)ON=C(C1=CSC(=N1)N)C(=O)NC2C3N(C2=O)C(=C(CS3)C[N+]4=CC=CC=C4)C(=O)[O-],CC(C)C(CCCN(C)CCC1=CC(=C(C=C1)OC)OC)(C#N)C2=CC(=C(C=C2)OC)OC,1,reported_twosides,0.06488016247749329,0.05867618340440317,0.05867618340440317,fitted,platt_logistic_regression,0.49581294690645394,0,0.22330934995780227,0.9109991603694374,0.008396305625524769,no_interaction,1,False,0.6428571428571429,0.23529411764705882,0.23529411764705882,False,False,True
CN(C)NN=C1C(=NC=N1)C(=O)N,CNC(=C[N+](=O)[O-])NCCSCC1=CC=C(O1)CN(C)C,1,reported_twosides,0.03084506466984749,0.025908033791292723,0.025908033791292723,fitted,platt_logistic_regression,0.49581294690645394,0,0.1202167695403645,0.9638958858102435,0.0033585222502099076,no_interaction,1,False,0.24390243902439024,0.603448275862069,0.24390243902439024,False,False,True
C1=CC(=CC=C1N)S(=O)(=O)C2=CC=C(C=C2)N,CN1CCC(=C2C3=C(C(=O)CC4=CC=CC=C42)SC=C3)CC1,0,unreported_twosides_sampled,0.018387170508503914,0.014682825918336504,0.014682825918336504,fitted,platt_logistic_regression,0.49581294690645394,0,0.07655183720218255,0.9773299748110831,0.0025188916876574307,no_interaction,1,False,0.43333333333333335,0.3018867924528302,0.3018867924528302,False,False,True
CC12CCC3C(C1CCC2C(=O)NC4=C(C=CC(=C4)C(F)(F)F)C(F)(F)F)CCC5C3(C=CC(=O)N5)C,CCOC1=C(C=CC(=C1)CC(=O)NC(CC(C)C)C2=CC=CC=C2N3CCCCC3)C(=O)O,1,reported_twosides,0.6682256460189819,0.7121615198473109,0.7121615198473109,fitted,platt_logistic_regression,0.49581294690645394,1,0.6002049297277721,0.10243492863140219,0.5146935348446684,no_interaction|interaction,2,True,0.6417910447761194,0.2804878048780488,0.2804878048780488,False,False,True
C1C(N(C2=C(N1)NC(=NC2=O)N)C=O)CNC3=CC=C(C=C3)C(=O)NC(CCC(=O)O)C(=O)O,CCCC1(CC(=O)C(=C(O1)O)C(CC)C2=CC(=CC=C2)NS(=O)(=O)C3=NC=C(C=C3)C(F)(F)F)CCC4=CC=CC=C4,0,unreported_twosides_sampled,0.3842587471008301,0.40742889628273127,0.40742889628273127,fitted,platt_logistic_regression,0.49581294690645394,0,0.6759090813584966,0.36859781696053734,0.18639798488664988,no_interaction|interaction,2,True,0.5256410256410257,0.2247191011235955,0.2247191011235955,False,False,True
CC1=C(SC=C1)C(=CCCN2CCCC(C2)C(=O)O)C3=C(C=CS3)C,CN1C(=C(NC2=CC=CC=N2)O)C(=O)C3=CC=CC=C3S1(=O)=O,0,unreported_twosides_sampled,0.29976415634155273,0.3129157029241937,0.3129157029241937,fitted,platt_logistic_regression,0.49581294690645394,0,0.6214137365092433,0.4811083123425693,0.12174643157010916,no_interaction|interaction,2,True,0.26865671641791045,0.62,0.26865671641791045,False,False,True
CC12CCC3C(C1CCC2(C#C)O)CCC4=CC(=O)CCC34,CNC(=C[N+](=O)[O-])NCCSCC1=CC=C(O1)CN(C)C,1,reported_twosides,0.1651686131954193,0.1638228078550351,0.1638228078550351,fitted,platt_logistic_regression,0.49581294690645394,0,0.4459549458808715,0.7061293031066331,0.04030226700251889,no_interaction,1,False,0.7169811320754716,0.603448275862069,0.603448275862069,False,False,False
CCCCC(=O)N(CC1=CC=C(C=C1)C2=CC=CC=C2C3=NNN=N3)C(C(C)C)C(=O)O,CN1CCC(=C2C3=C(C(=O)CC4=CC=CC=C42)SC=C3)CC1,1,reported_twosides,0.8915874361991882,0.9200825118687159,0.9200825118687159,fitted,platt_logistic_regression,0.49581294690645394,1,0.27856780288470395,0.014273719563392108,0.8639798488664987,interaction,1,False,0.4533333333333333,0.3018867924528302,0.3018867924528302,False,False,True
C1CN=C(N1)NC2=C(C=CC=C2Cl)Cl,CCN(C)C(=O)OC1=CC=CC(=C1)C(C)N(C)C,1,reported_twosides,0.1131056472659111,0.1081302046065224,0.1081302046065224,fitted,platt_logistic_regression,0.49581294690645394,0,0.3425881337628577,0.8136020151133502,0.019311502938706968,no_interaction,1,False,0.5853658536585366,0.32653061224489793,0.32653061224489793,False,False,True
C1CN=C(N1)NC2=C(C=CC=C2Cl)Cl,CC(C)(C)NCC(C1=CC(=C(C=C1)O)CO)O,1,reported_twosides,0.03798767924308777,0.03257044761107146,0.03257044761107146,fitted,platt_logistic_regression,0.49581294690645394,0,0.14356678585326227,0.9529806884970613,0.0033585222502099076,no_interaction,1,False,0.5853658536585366,0.5227272727272727,0.5227272727272727,False,False,False
CCN(C)C(=O)OC1=CC=CC(=C1)C(C)N(C)C,CN(C)CCC1=CNC2=C1C=C(C=C2)CC3COC(=O)N3,0,unreported_twosides_sampled,0.4617144763469696,0.4932520654066456,0.4932520654066456,fitted,platt_logistic_regression,0.49581294690645394,0,0.6930561085526559,0.28211586901763225,0.26700251889168763,no_interaction|interaction,2,True,0.32653061224489793,0.543859649122807,0.32653061224489793,False,False,True
CC1=NN=C2N1C3=C(C=C(C=C3)Cl)C(=NC2)C4=CC=CC=C4,CCN(C)C(=O)OC1=CC=CC(=C1)C(C)N(C)C,1,reported_twosides,0.1953587532043457,0.1968123270535352,0.1968123270535352,fitted,platt_logistic_regression,0.49581294690645394,0,0.49595148894447805,0.6481947942905122,0.05373635600335852,no_interaction,1,False,0.7659574468085106,0.32653061224489793,0.32653061224489793,False,False,True
CC1CN(CCN1)C2=C(C=C3C(=C2OC)N(C=C(C3=O)C(=O)O)C4CC4)F,CN1CCC(=C2C3=C(C(=O)CC4=CC=CC=C42)SC=C3)CC1,0,unreported_twosides_sampled,0.8586692810058594,0.8921186978508876,0.8921186978508876,fitted,platt_logistic_regression,0.49581294690645394,1,0.34206263212680565,0.019311502938706968,0.815281276238455,interaction,1,False,0.7230769230769231,0.3018867924528302,0.3018867924528302,False,False,True
C1CC(OC1CO)N2C=NC3=C2NC=NC3=O,CC12CCC3C(C1CCC2C(=O)NC4=C(C=CC(=C4)C(F)(F)F)C(F)(F)F)CCC5C3(C=CC(=O)N5)C,0,unreported_twosides_sampled,0.6874731183052063,0.7315017613460426,0.7315017613460426,fitted,platt_logistic_regression,0.49581294690645394,1,0.5817594265097679,0.0906801007556675,0.5424013434089001,interaction,1,False,0.3492063492063492,0.6417910447761194,0.3492063492063492,False,False,True
CC1=NN=C2N1C3=C(C=C(C=C3)Cl)C(=NC2)C4=CC=CC=C4,CCOC(=O)C(CCC1=CC=CC=C1)NC(C)C(=O)N2C3CCCCC3CC2C(=O)O,0,unreported_twosides_sampled,0.39427584409713745,0.41859251679758414,0.41859251679758414,fitted,platt_logistic_regression,0.49581294690645394,0,0.6798336346949254,0.35768261964735515,0.1964735516372796,no_interaction|interaction,2,True,0.7659574468085106,0.9636363636363636,0.7659574468085106,False,False,False
CCCCC(=O)N(CC1=CC=C(C=C1)C2=CC=CC=C2C3=NNN=N3)C(C(C)C)C(=O)O,CN(C)CCC1=CNC2=C1C=C(C=C2)CC3COC(=O)N3,1,reported_twosides,0.8306481838226318,0.8674540073165141,0.8674540073165141,fitted,platt_logistic_regression,0.49581294690645394,1,0.39119803452163665,0.02434928631402183,0.7682619647355163,interaction,1,False,0.4533333333333333,0.543859649122807,0.4533333333333333,False,False,False
C1CC(OC1CO)N2C=NC3=C2NC=NC3=O,CNC(=C[N+](=O)[O-])NCCSCC1=CC=C(O1)CN(C)C,1,reported_twosides,0.2945791184902191,0.3071122171325889,0.3071122171325889,fitted,platt_logistic_regression,0.49581294690645394,0,0.6167705666390623,0.49286314021830396,0.11754827875734676,no_interaction|interaction,2,True,0.3492063492063492,0.603448275862069,0.3492063492063492,False,False,True
CC(C=CC(C)C(C)(C)O)C1CCC2C1(CCCC2=CC=C3CC(CC(C3)O)O)C,CN(C)CCC1=CNC2=C1C=C(C=C2)CC3COC(=O)N3,0,unreported_twosides_sampled,0.3537917137145996,0.3733982104607628,0.3733982104607628,fitted,platt_logistic_regression,0.49581294690645394,0,0.660739526330705,0.40470193115029385,0.16288832913518053,no_interaction|interaction,2,True,0.5625,0.543859649122807,0.543859649122807,False,False,False
CC12CCC3C(C1CCC2C(=O)NC4=C(C=CC(=C4)C(F)(F)F)C(F)(F)F)CCC5C3(C=CC(=O)N5)C,CCN(C)C(=O)OC1=CC=CC(=C1)C(C)N(C)C,1,reported_twosides,0.29627320170402527,0.3090082084754415,0.3090082084754415,fitted,platt_logistic_regression,0.49581294690645394,0,0.6183048122085997,0.4903442485306465,0.11922753988245172,no_interaction|interaction,2,True,0.6417910447761194,0.32653061224489793,0.32653061224489793,False,False,True
C(CCl)NC(=O)N(CCCl)N=O,CC1=C(C(=O)C2=CC=CC=C2C1=O)CC=C(C)CCCC(C)CCCC(C)CCCC(C)C,0,unreported_twosides_sampled,0.06503861397504807,0.058833851866272796,0.058833851866272796,fitted,platt_logistic_regression,0.49581294690645394,0,0.22374669502453404,0.9109991603694374,0.008396305625524769,no_interaction,1,False,0.2391304347826087,0.22058823529411764,0.22058823529411764,False,False,True
C1C(N(C2=C(N1)NC(=NC2=O)N)C=O)CNC3=CC=C(C=C3)C(=O)NC(CCC(=O)O)C(=O)O,C1CC(C1)CN2CCC34C5C(CCC3(C2CC6=C4C(=C(C=C6)O)O5)O)O,0,unreported_twosides_sampled,0.6520691514015198,0.6957607716963088,0.6957607716963088,fitted,platt_logistic_regression,0.49581294690645394,1,0.6144135169967806,0.11502938706968933,0.49538203190596136,no_interaction|interaction,2,True,0.5256410256410257,0.6451612903225806,0.5256410256410257,False,False,False
CN1CCC(=C2C3=C(C(=O)CC4=CC=CC=C42)SC=C3)CC1,CNC(=C[N+](=O)[O-])NCCSCC1=CC=C(O1)CN(C)C,1,reported_twosides,0.7996715307235718,0.8393655613915252,0.8393655613915252,fitted,platt_logistic_regression,0.49581294690645394,1,0.4407204274719567,0.037783375314861464,0.7145256087321579,interaction,1,False,0.3018867924528302,0.603448275862069,0.3018867924528302,False,False,True
CC(C)(C)NCC(C1=CC(=C(C=C1)O)CO)O,COC1=C(C=C(C=C1)C2=CC3=C(C=C2)C=C(C=C3)C(=O)O)C45CC6CC(C4)CC(C6)C5,0,unreported_twosides_sampled,0.2793081998825073,0.2900302510197032,0.2900302510197032,fitted,platt_logistic_regression,0.49581294690645394,0,0.6021787666509211,0.5113350125944585,0.10243492863140219,no_interaction|interaction,2,True,0.5227272727272727,0.288135593220339,0.288135593220339,False,False,True
C1=CC(=CC=C1N)S(=O)(=O)C2=CC=C(C=C2)N,CCOC1=C(C=CC(=C1)CC(=O)NC(CC(C)C)C2=CC=CC=C2N3CCCCC3)C(=O)O,0,unreported_twosides_sampled,0.02669665962457657,0.02210767621178861,0.02210767621178861,fitted,platt_logistic_regression,0.49581294690645394,0,0.10613219256720532,0.9672544080604534,0.0025188916876574307,no_interaction,1,False,0.43333333333333335,0.2804878048780488,0.2804878048780488,False,False,True
CCC(C)C(=O)OC1CC(C=C2C1C(C(C=C2)C)CCC3CC(CC(=O)O3)O)C,CN1C=NC(=C1SC2=NC=NC3=C2NC=N3)[N+](=O)[O-],0,unreported_twosides_sampled,0.9307660460472107,0.9516887324520373,0.9516887324520373,fitted,platt_logistic_regression,0.49581294690645394,1,0.19351252884979991,0.0033585222502099076,0.926112510495382,interaction,1,False,0.7424242424242424,0.25925925925925924,0.25925925925925924,False,False,True
CC(C)(C)NCC(C1=CC(=C(C=C1)O)CO)O,CN(C)NN=C1C(=NC=N1)C(=O)N,0,unreported_twosides_sampled,0.06986912339925766,0.06365868783983825,0.06365868783983825,fitted,platt_logistic_regression,0.49581294690645394,0,0.2369180525222258,0.8992443324937027,0.010075566750629723,no_interaction,1,False,0.5227272727272727,0.24390243902439024,0.24390243902439024,False,False,True
CCCCC(=O)N(CC1=CC=C(C=C1)C2=CC=CC=C2C3=NNN=N3)C(C(C)C)C(=O)O,CN1CC(=O)N2C(C1=O)CC3=C(C2C4=CC5=C(C=C4)OCO5)NC6=CC=CC=C36,1,reported_twosides,0.9599666595458984,0.9737372672114493,0.9737372672114493,fitted,platt_logistic_regression,0.49581294690645394,1,0.12150076437660161,0.0033585222502099076,0.963056255247691,interaction,1,False,0.4533333333333333,0.24050632911392406,0.24050632911392406,False,False,True
CC12CCC3C(C1CCC2O)C(CC4=C3C=CC(=C4)O)CCCCCCCCCS(=O)CCCC(C(F)(F)F)(F)F,CC1=NN=C(S1)SCC2=C(N3C(C(C3=O)NC(=O)CN4C=NN=N4)SC2)C(=O)[O-],0,unreported_twosides_sampled,0.2982133626937866,0.3111797949213341,0.3111797949213341,fitted,platt_logistic_regression,0.49581294690645394,0,0.6200413897188625,0.48614609571788414,0.12090680100755667,no_interaction|interaction,2,True,0.4492753623188406,0.4574468085106383,0.4492753623188406,False,False,False
CCOC(=O)N1CCC(=C2C3=C(CCC4=C2N=CC=C4)C=C(C=C3)Cl)CC1,CCOC1=C(C=CC(=C1)CC(=O)NC(CC(C)C)C2=CC=CC=C2N3CCCCC3)C(=O)O,1,reported_twosides,0.4433424174785614,0.4730143880161762,0.4730143880161762,fitted,platt_logistic_regression,0.49581294690645394,0,0.6916900261477059,0.30310663308144414,0.2434928631402183,no_interaction|interaction,2,True,0.5892857142857143,0.2804878048780488,0.2804878048780488,False,False,True
CC12CCC3C(C1CCC2C(=O)NC4=C(C=CC(=C4)C(F)(F)F)C(F)(F)F)CCC5C3(C=CC(=O)N5)C,CCC(C)C(=O)OC1CC(C=C2C1C(C(C=C2)C)CCC3CC(CC(=O)O3)O)C,1,reported_twosides,0.5091551542282104,0.5450593232170596,0.5450593232170596,fitted,platt_logistic_regression,0.49581294690645394,1,0.6890809810208811,0.23005877413937867,0.3240973971452561,no_interaction|interaction,2,True,0.6417910447761194,0.7424242424242424,0.6417910447761194,False,False,False
CC(C)(C(=O)O)ON=C(C1=CSC(=N1)N)C(=O)NC2C3N(C2=O)C(=C(CS3)C[N+]4=CC=CC=C4)C(=O)[O-],CC1=C(C(C(=C(N1)C)C(=O)OCC(C)C)C2=CC=CC=C2[N+](=O)[O-])C(=O)OC,0,unreported_twosides_sampled,0.22181549668312073,0.2260074144245302,0.2260074144245302,fitted,platt_logistic_regression,0.49581294690645394,0,0.5344068662610155,0.5978169605373636,0.06633081444164568,no_interaction,1,False,0.6428571428571429,0.8043478260869565,0.6428571428571429,False,False,False
C(CCl)NC(=O)N(CCCl)N=O,CCCCC(=O)N(CC1=CC=C(C=C1)C2=CC=CC=C2C3=NNN=N3)C(C(C)C)C(=O)O,0,unreported_twosides_sampled,0.5235565900802612,0.5606389767794936,0.5606389767794936,fitted,platt_logistic_regression,0.49581294690645394,1,0.6857748746985479,0.218303946263644,0.3408900083963056,no_interaction|interaction,2,True,0.2391304347826087,0.4533333333333333,0.2391304347826087,False,False,True
C1CN=C(N1)NC2=C(C=CC=C2Cl)Cl,CCC(C)C(=O)OC1CC(C=C2C1C(C(C=C2)C)CCC3CC(CC(=O)O3)O)C,1,reported_twosides,0.4011809229850769,0.426278912652522,0.426278912652522,fitted,platt_logistic_regression,0.49581294690645394,0,0.6822378539019331,0.3509655751469353,0.2040302267002519,no_interaction|interaction,2,True,0.5853658536585366,0.7424242424242424,0.5853658536585366,False,False,False
CCN(C)C(=O)OC1=CC=CC(=C1)C(C)N(C)C,CN1C=NC(=C1SC2=NC=NC3=C2NC=N3)[N+](=O)[O-],0,unreported_twosides_sampled,0.944039523601532,0.9618988118657243,0.9618988118657243,fitted,platt_logistic_regression,0.49581294690645394,1,0.16186194564523154,0.0033585222502099076,0.9429051217464316,interaction,1,False,0.32653061224489793,0.25925925925925924,0.25925925925925924,False,False,True
CC1C2C(C(=O)N2C(=C1SC3CC(NC3)C(=O)NC4=CC=CC(=C4)C(=O)O)C(=O)O)C(C)O,CCCN1CC(CC2C1CC3=CNC4=CC=CC2=C34)CSC,0,unreported_twosides_sampled,0.11852739751338959,0.11383916671023758,0.11383916671023758,fitted,platt_logistic_regression,0.49581294690645394,0,0.3544675178890228,0.799328295549958,0.019311502938706968,no_interaction,1,False,0.23529411764705882,0.42168674698795183,0.23529411764705882,False,False,True
CC1C2C(C(=O)N2C(=C1SC3CC(NC3)C(=O)NC4=CC=CC(=C4)C(=O)O)C(=O)O)C(C)O,CN1C(=C(NC2=CC=CC=N2)O)C(=O)C3=CC=CC=C3S1(=O)=O,0,unreported_twosides_sampled,0.8213340044021606,0.8590953168099404,0.8590953168099404,fitted,platt_logistic_regression,0.49581294690645394,1,0.4066023546051946,0.028547439126784216,0.7514693534844669,interaction,1,False,0.23529411764705882,0.62,0.23529411764705882,False,False,True
CC(C)C(CCCN(C)CCC1=CC(=C(C=C1)OC)OC)(C#N)C2=CC(=C(C=C2)OC)OC,CCOC(=O)N1CCC(=C2C3=C(CCC4=C2N=CC=C4)C=C(C=C3)Cl)CC1,1,reported_twosides,0.14444562792778015,0.1414415419123021,0.1414415419123021,fitted,platt_logistic_regression,0.49581294690645394,0,0.40757169655351966,0.7514693534844669,0.028547439126784216,no_interaction,1,False,0.23529411764705882,0.5892857142857143,0.23529411764705882,False,False,True
CN1C=NC(=C1SC2=NC=NC3=C2NC=N3)[N+](=O)[O-],C[N+](C)(C)CC(CC(=O)O)O,0,unreported_twosides_sampled,0.9646041989326477,0.9770856850314278,0.9770856850314278,fitted,platt_logistic_regression,0.49581294690645394,1,0.10917405687235594,0.0033585222502099076,0.966414777497901,interaction,1,False,0.25925925925925924,0.36666666666666664,0.25925925925925924,False,False,True
CC(C)C(CCCN(C)CCC1=CC(=C(C=C1)OC)OC)(C#N)C2=CC(=C(C=C2)OC)OC,CCC(C)C(=O)OC1CC(C=C2C1C(C(C=C2)C)CCC3CC(CC(=O)O3)O)C,1,reported_twosides,0.2887733578681946,0.30061583871235215,0.30061583871235215,fitted,platt_logistic_regression,0.49581294690645394,0,0.6113851982371948,0.4995801847187238,0.10999160369437448,no_interaction|interaction,2,True,0.23529411764705882,0.7424242424242424,0.23529411764705882,False,False,True
C(CCl)NC(=O)N(CCCl)N=O,C1C(N(C2=C(N1)NC(=NC2=O)N)C=O)CNC3=CC=C(C=C3)C(=O)NC(CCC(=O)O)C(=O)O,1,reported_twosides,0.6364529132843018,0.6797703941850737,0.6797703941850737,fitted,platt_logistic_regression,0.49581294690645394,1,0.627042406839692,0.12510495382031905,0.4693534844668346,no_interaction|interaction,2,True,0.2391304347826087,0.5256410256410257,0.2391304347826087,False,False,True
C1CC(C1)(C(=O)O)C(=O)O.N.N.[Pt],CC(C=CC(C)C(C)(C)O)C1CCC2C1(CCCC2=CC=C3CC(CC(C3)O)O)C,0,unreported_twosides_sampled,0.6077899932861328,0.6500862651013268,0.6500862651013268,fitted,platt_logistic_regression,0.49581294690645394,1,0.64739322119866,0.14273719563392107,0.4290512174643157,no_interaction|interaction,2,True,0.26666666666666666,0.5625,0.26666666666666666,False,False,True
CC(C=CC(C)C(C)(C)O)C1CCC2C1(CCCC2=CC=C3CC(CC(C3)O)O)C,CN1CCC(=C2C3=C(C(=O)CC4=CC=CC=C42)SC=C3)CC1,0,unreported_twosides_sampled,0.7209919095039368,0.7646364726437357,0.7646364726437357,fitted,platt_logistic_regression,0.49581294690645394,1,0.5456763706829766,0.07052896725440806,0.5852225020990764,interaction,1,False,0.5625,0.3018867924528302,0.3018867924528302,False,False,True
CC(C)C(CCCN(C)CCC1=CC(=C(C=C1)OC)OC)(C#N)C2=CC(=C(C=C2)OC)OC,CC(C=CC(C)C(C)(C)O)C1CCC2C1(CCCC2=CC=C3CC(CC(C3)O)O)C,1,reported_twosides,0.30164456367492676,0.31502071428810685,0.31502071428810685,fitted,platt_logistic_regression,0.49581294690645394,0,0.6230590843641595,0.47691015952980687,0.12174643157010916,no_interaction|interaction,2,True,0.23529411764705882,0.5625,0.23529411764705882,False,False,True
CC(C)C(C(=O)OCC(CO)OCN1C=NC2=C1NC(=NC2=O)N)N,CC1=NN=C(S1)SCC2=C(N3C(C(C3=O)NC(=O)CN4C=NN=N4)SC2)C(=O)[O-],0,unreported_twosides_sampled,0.7599244117736816,0.8021824622613234,0.8021824622613234,fitted,platt_logistic_regression,0.49581294690645394,1,0.4973619627461882,0.05373635600335852,0.6465155331654072,interaction,1,False,0.7307692307692307,0.4574468085106383,0.4574468085106383,False,False,False
CC(C)C(CCCN(C)CCC1=CC(=C(C=C1)OC)OC)(C#N)C2=CC(=C(C=C2)OC)OC,CC12CCC3C(C1CCC2(C)O)CCC4C3(COC(=O)C4)C,0,unreported_twosides_sampled,0.6825430989265442,0.7265690526503228,0.7265690526503228,fitted,platt_logistic_regression,0.49581294690645394,1,0.5866415554169715,0.09235936188077246,0.5373635600335852,interaction,1,False,0.23529411764705882,0.31343283582089554,0.23529411764705882,False,False,True
CCOC1=C(C=CC(=C1)CC(=O)NC(CC(C)C)C2=CC=CC=C2N3CCCCC3)C(=O)O,CN1CCC(=C2C3=C(C(=O)CC4=CC=CC=C42)SC=C3)CC1,0,unreported_twosides_sampled,0.7850386500358582,0.8258194261287758,0.8258194261287758,fitted,platt_logistic_regression,0.49581294690645394,1,0.4624535115179972,0.042821158690176324,0.690176322418136,interaction,1,False,0.2804878048780488,0.3018867924528302,0.2804878048780488,False,False,True
CCOC(=O)N1CCC(=C2C3=C(CCC4=C2N=CC=C4)C=C(C=C3)Cl)CC1,COC1=C(C=C(C=C1)C2=CC3=C(C=C2)C=C(C=C3)C(=O)O)C45CC6CC(C4)CC(C6)C5,1,reported_twosides,0.3395580053329468,0.3574717327921045,0.3574717327921045,fitted,platt_logistic_regression,0.49581294690645394,0,0.6519496343791142,0.42233417296389586,0.14777497900923595,no_interaction|interaction,2,True,0.5892857142857143,0.288135593220339,0.288135593220339,False,False,True
C1CN=C(N1)NC2=C(C=CC=C2Cl)Cl,CCCCC(=O)N(CC1=CC=C(C=C1)C2=CC=CC=C2C3=NNN=N3)C(C(C)C)C(=O)O,1,reported_twosides,0.4262041449546814,0.45406164955758693,0.45406164955758693,fitted,platt_logistic_regression,0.49581294690645394,0,0.6889205583344431,0.32577665827036106,0.22921914357682618,no_interaction|interaction,2,True,0.5853658536585366,0.4533333333333333,0.4533333333333333,False,False,False
CC1=NN=C(S1)SCC2=C(N3C(C(C3=O)NC(=O)CN4C=NN=N4)SC2)C(=O)[O-],CC1CC2C3CCC4=CC(=O)C=CC4(C3(C(CC2(C1(C(=O)CO)O)C)O)F)C,1,reported_twosides,0.9275567531585693,0.949178515364943,0.949178515364943,fitted,platt_logistic_regression,0.49581294690645394,1,0.20092698773351145,0.0041981528127623844,0.9235936188077246,interaction,1,False,0.4574468085106383,0.8596491228070176,0.4574468085106383,False,False,False
C1C(N(C2=C(N1)NC(=NC2=O)N)C=O)CNC3=CC=C(C=C3)C(=O)NC(CCC(=O)O)C(=O)O,CN1CC(=O)N2C(C1=O)CC3=C(C2C4=CC5=C(C=C4)OCO5)NC6=CC=CC=C36,0,unreported_twosides_sampled,0.9588528871536255,0.9729259412317411,0.9729259412317411,fitted,platt_logistic_regression,0.49581294690645394,1,0.12441933449031078,0.0033585222502099076,0.9622166246851386,interaction,1,False,0.5256410256410257,0.24050632911392406,0.24050632911392406,False,False,True
CCOC1=C(C=CC(=C1)CC(=O)NC(CC(C)C)C2=CC=CC=C2N3CCCCC3)C(=O)O,CN1C(=C(NC2=CC=CC=N2)O)C(=O)C3=CC=CC=C3S1(=O)=O,0,unreported_twosides_sampled,0.5193920135498047,0.5561413661025827,0.5561413661025827,fitted,platt_logistic_regression,0.49581294690645394,1,0.686830161762885,0.2216624685138539,0.33669185558354325,no_interaction|interaction,2,True,0.2804878048780488,0.62,0.2804878048780488,False,False,True
CC(C)C(C(=O)OCC(CO)OCN1C=NC2=C1NC(=NC2=O)N)N,CCOC(=O)N1CCC(=C2C3=C(CCC4=C2N=CC=C4)C=C(C=C3)Cl)CC1,1,reported_twosides,0.386043518781662,0.409419010978591,0.409419010978591,fitted,platt_logistic_regression,0.49581294690645394,0,0.6766463890438645,0.36523929471032746,0.18723761544920234,no_interaction|interaction,2,True,0.7307692307692307,0.5892857142857143,0.5892857142857143,False,False,False
CC1CN(CCN1)C2=C(C=C3C(=C2OC)N(C=C(C3=O)C(=O)O)C4CC4)F,CN(C)CCC1=CNC2=C1C=C(C=C2)CC3COC(=O)N3,1,reported_twosides,0.7320227026939392,0.7753809172866,0.7753809172866,fitted,platt_logistic_regression,0.49581294690645394,1,0.5326923202548625,0.06465155331654072,0.600335852225021,interaction,1,False,0.7230769230769231,0.543859649122807,0.543859649122807,False,False,False
C(CCl)NC(=O)N(CCCl)N=O,CN1C=NC(=C1SC2=NC=NC3=C2NC=N3)[N+](=O)[O-],0,unreported_twosides_sampled,0.8328933119773865,0.8694572211336294,0.8694572211336294,fitted,platt_logistic_regression,0.49581294690645394,1,0.3874172056419084,0.023509655751469353,0.7707808564231738,interaction,1,False,0.2391304347826087,0.25925925925925924,0.2391304347826087,False,False,True
CCOC(=O)N1CCC(=C2C3=C(CCC4=C2N=CC=C4)C=C(C=C3)Cl)CC1,CN1C(=C(NC2=CC=CC=N2)O)C(=O)C3=CC=CC=C3S1(=O)=O,1,reported_twosides,0.24190554022789001,0.2483083154970466,0.2483083154970466,fitted,platt_logistic_regression,0.49581294690645394,0,0.5604689962570497,0.5675902602854744,0.07808564231738035,no_interaction,1,False,0.5892857142857143,0.62,0.5892857142857143,False,False,False
CC12CCC3C(C1CCC2(C#C)O)CCC4=CC(=O)CCC34,CC12CCC3C(C1CCC2O)C(CC4=C3C=CC(=C4)O)CCCCCCCCCS(=O)CCCC(C(F)(F)F)(F)F,0,unreported_twosides_sampled,0.3086499571800232,0.3228639918590233,0.3228639918590233,fitted,platt_logistic_regression,0.49581294690645394,0,0.6290094359179605,0.46683459277917716,0.12762384550797648,no_interaction|interaction,2,True,0.7169811320754716,0.4492753623188406,0.4492753623188406,False,False,False
CC1=C(C(C(=C(N1)C)C(=O)OCC(C)C)C2=CC=CC=C2[N+](=O)[O-])C(=O)OC,CC1CN(CCN1)C2=C(C=C3C(=C2OC)N(C=C(C3=O)C(=O)O)C4CC4)F,0,unreported_twosides_sampled,0.7707977294921875,0.8124747794735856,0.8124747794735856,fitted,platt_logistic_regression,0.49581294690645394,1,0.4826145448822293,0.05037783375314862,0.6666666666666666,interaction,1,False,0.8043478260869565,0.7230769230769231,0.7230769230769231,False,False,False
CC(C)(C)NCC(C1=CC(=C(C=C1)O)CO)O,CCOC1=C(C=CC(=C1)CC(=O)NC(CC(C)C)C2=CC=CC=C2N3CCCCC3)C(=O)O,1,reported_twosides,0.2911176383495331,0.303238713506692,0.303238713506692,fitted,platt_logistic_regression,0.49581294690645394,0,0.613583533630009,0.49706129303106633,0.11418975650713686,no_interaction|interaction,2,True,0.5227272727272727,0.2804878048780488,0.2804878048780488,False,False,True
C1=CC(=CC=C1N)S(=O)(=O)C2=CC=C(C=C2)N,C1CC(OC1CO)N2C=NC3=C2NC=NC3=O,1,reported_twosides,0.021324507892131805,0.017275482014629796,0.017275482014629796,fitted,platt_logistic_regression,0.49581294690645394,0,0.08723736787724141,0.9722921914357683,0.0025188916876574307,no_interaction,1,False,0.43333333333333335,0.3492063492063492,0.3492063492063492,False,False,True
CN1C=NC(=C1SC2=NC=NC3=C2NC=N3)[N+](=O)[O-],CN1CCC(=C2C3=C(C(=O)CC4=CC=CC=C42)SC=C3)CC1,0,unreported_twosides_sampled,0.9902172684669495,0.9944416026768187,0.9944416026768187,fitted,platt_logistic_regression,0.49581294690645394,1,0.034404595696204965,0.0008396305625524769,0.9916036943744753,interaction,1,False,0.25925925925925924,0.3018867924528302,0.25925925925925924,False,False,True
CC1=C(SC=C1)C(=CCCN2CCCC(C2)C(=O)O)C3=C(C=CS3)C,CCC(C)C(=O)OC1CC(C=C2C1C(C(C=C2)C)CCC3CC(CC(=O)O3)O)C,0,unreported_twosides_sampled,0.5303732752799988,0.5679868979923434,0.5679868979923434,fitted,platt_logistic_regression,0.49581294690645394,1,0.6838740446421397,0.21158690176322417,0.345088161209068,no_interaction|interaction,2,True,0.26865671641791045,0.7424242424242424,0.26865671641791045,False,False,True
C1=CC(=CC=C1N)S(=O)(=O)C2=CC=C(C=C2)N,CC1=C(SC=C1)C(=CCCN2CCCC(C2)C(=O)O)C3=C(C=CS3)C,0,unreported_twosides_sampled,0.012088152579963207,0.009269984964268469,0.009269984964268469,fitted,platt_logistic_regression,0.49581294690645394,0,0.05261943943051428,0.9882451721242653,0.0016792611251049538,no_interaction,1,False,0.43333333333333335,0.26865671641791045,0.26865671641791045,False,False,True
CC(C=CC(C)C(C)(C)O)C1CCC2C1(CCCC2=CC=C3CC(CC(C3)O)O)C,CC1=C(SC=C1)C(=CCCN2CCCC(C2)C(=O)O)C3=C(C=CS3)C,0,unreported_twosides_sampled,0.39406633377075195,0.41835918059945476,0.41835918059945476,fitted,platt_logistic_regression,0.49581294690645394,0,0.6797568593084018,0.35768261964735515,0.19563392107472713,no_interaction|interaction,2,True,0.5625,0.26865671641791045,0.26865671641791045,False,False,True
CC12CCC3C(C1CCC2C(=O)NC4=C(C=CC(=C4)C(F)(F)F)C(F)(F)F)CCC5C3(C=CC(=O)N5)C,CN(C)NN=C1C(=NC=N1)C(=O)N,0,unreported_twosides_sampled,0.07562386244535446,0.06945043031279471,0.06945043031279471,fitted,platt_logistic_regression,0.49581294690645394,0,0.25221505551732415,0.8832913518052057,0.011754827875734676,no_interaction,1,False,0.6417910447761194,0.24390243902439024,0.24390243902439024,False,False,True
CC(C)C(CCCN(C)CCC1=CC(=C(C=C1)OC)OC)(C#N)C2=CC(=C(C=C2)OC)OC,CN1C=NC(=C1SC2=NC=NC3=C2NC=N3)[N+](=O)[O-],1,reported_twosides,0.894866943359375,0.922802738354741,0.922802738354741,fitted,platt_logistic_regression,0.49581294690645394,1,0.2718701676835648,0.01343408900083963,0.8673383711167086,interaction,1,False,0.23529411764705882,0.25925925925925924,0.23529411764705882,False,False,True
CCOC1=C(C=CC(=C1)CC(=O)NC(CC(C)C)C2=CC=CC=C2N3CCCCC3)C(=O)O,CNC(=C[N+](=O)[O-])NCCSCC1=CC=C(O1)CN(C)C,1,reported_twosides,0.7032976150512695,0.7472338834984666,0.7472338834984666,fitted,platt_logistic_regression,0.49581294690645394,1,0.5653536803109425,0.08060453400503778,0.563392107472712,interaction,1,False,0.2804878048780488,0.603448275862069,0.2804878048780488,False,False,True
CC(C)(C)NCC(C1=CC(=C(C=C1)O)CO)O,CC12CCC3C(C1CCC2C(=O)NC4=C(C=CC(=C4)C(F)(F)F)C(F)(F)F)CCC5C3(C=CC(=O)N5)C,1,reported_twosides,0.18617327511310577,0.1867335563576745,0.1867335563576745,fitted,platt_logistic_regression,0.49581294690645394,0,0.48145177043331,0.6683459277917716,0.05037783375314862,no_interaction,1,False,0.5227272727272727,0.6417910447761194,0.5227272727272727,False,False,False
C1C(C(C(C(C1N)OC2C(C(C(C(O2)CN)O)O)O)O)OC3C(C(C(C(O3)CO)O)N)O)N,C1CN=C(N1)NC2=C(C=CC=C2Cl)Cl,0,unreported_twosides_sampled,0.20106907188892365,0.20309406998059892,0.20309406998059892,fitted,platt_logistic_regression,0.49581294690645394,0,0.5046619135831442,0.6364399664147775,0.054575986565911,no_interaction,1,False,0.7727272727272727,0.5853658536585366,0.5853658536585366,False,False,False
C1=CC(=C2NC(=C3C=CC=CC3=O)N(N2)C4=CC=C(C=C4)C(=O)O)C(=O)C=C1,CN(C)CCC1=CNC2=C1C=C(C=C2)CC3COC(=O)N3,0,unreported_twosides_sampled,0.08969760686159134,0.08379473541398953,0.08379473541398953,fitted,platt_logistic_regression,0.49581294690645394,0,0.2879409857815986,0.8581024349286314,0.014273719563392108,no_interaction,1,False,0.22033898305084745,0.543859649122807,0.22033898305084745,False,False,True
C1CC(C1)(C(=O)O)C(=O)O.N.N.[Pt],CC1=NN=C2N1C3=C(C=C(C=C3)Cl)C(=NC2)C4=CC=CC=C4,1,reported_twosides,0.37527376413345337,0.39740374285427765,0.39740374285427765,fitted,platt_logistic_regression,0.49581294690645394,0,0.6719449223057508,0.3795130142737196,0.181360201511335,no_interaction|interaction,2,True,0.26666666666666666,0.7659574468085106,0.26666666666666666,False,False,True
CCN(C)C(=O)OC1=CC=CC(=C1)C(C)N(C)C,CN1C(=C(NC2=CC=CC=N2)O)C(=O)C3=CC=CC=C3S1(=O)=O,0,unreported_twosides_sampled,0.32148638367652893,0.3372381378565941,0.3372381378565941,fitted,platt_logistic_regression,0.49581294690645394,0,0.6391865320651777,0.4466834592779177,0.1343408900083963,no_interaction|interaction,2,True,0.32653061224489793,0.62,0.32653061224489793,False,False,True
CC1CN(CCN1)C2=C(C=C3C(=C2OC)N(C=C(C3=O)C(=O)O)C4CC4)F,CN1C=NC(=C1SC2=NC=NC3=C2NC=N3)[N+](=O)[O-],0,unreported_twosides_sampled,0.9786518216133118,0.9868902670819046,0.9868902670819046,fitted,platt_logistic_regression,0.49581294690645394,1,0.06984625336925736,0.0025188916876574307,0.982367758186398,interaction,1,False,0.7230769230769231,0.25925925925925924,0.25925925925925924,False,False,True
C1CC(C1)CN2CCC34C5C(CCC3(C2CC6=C4C(=C(C=C6)O)O5)O)O,CC(C)C(CCCN(C)CCC1=CC(=C(C=C1)OC)OC)(C#N)C2=CC(=C(C=C2)OC)OC,0,unreported_twosides_sampled,0.15555503964424133,0.15340960081998362,0.15340960081998362,fitted,platt_logistic_regression,0.49581294690645394,0,0.4285780764299062,0.7287993282955499,0.03442485306465155,no_interaction,1,False,0.6451612903225806,0.23529411764705882,0.23529411764705882,False,False,True
CC12CCC3C(C1CCC2(C)O)CCC4C3(COC(=O)C4)C,CC1CC2C3CCC4=CC(=O)C=CC4(C3(C(CC2(C1(C(=O)CO)O)C)O)F)C,1,reported_twosides,0.6570952534675598,0.7008787070680683,0.7008787070680683,fitted,platt_logistic_regression,0.49581294690645394,1,0.6101179360130626,0.109151973131822,0.4995801847187238,no_interaction|interaction,2,True,0.31343283582089554,0.8596491228070176,0.31343283582089554,False,False,True
C1=CC(=CC=C1N)S(=O)(=O)C2=CC=C(C=C2)N,CC1=C(C(C(=C(N1)C)C(=O)OCC(C)C)C2=CC=CC=C2[N+](=O)[O-])C(=O)OC,0,unreported_twosides_sampled,0.03973172605037689,0.03421765657308228,0.03421765657308228,fitted,platt_logistic_regression,0.49581294690645394,0,0.14911049131208443,0.9504617968094039,0.0033585222502099076,no_interaction,1,False,0.43333333333333335,0.8043478260869565,0.43333333333333335,False,False,False
CC1=NN=C(S1)SCC2=C(N3C(C(C3=O)NC(=O)CN4C=NN=N4)SC2)C(=O)[O-],CNC(=C[N+](=O)[O-])NCCSCC1=CC=C(O1)CN(C)C,1,reported_twosides,0.6348404288291931,0.6781117740071695,0.6781117740071695,fitted,platt_logistic_regression,0.49581294690645394,1,0.6282845650284847,0.12594458438287154,0.46767422334172964,no_interaction|interaction,2,True,0.4574468085106383,0.603448275862069,0.4574468085106383,False,False,False
C1C(OC(S1)CO)N2C=C(C(=NC2=O)N)F,CC1=NN=C2N1C3=C(C=C(C=C3)Cl)C(=NC2)C4=CC=CC=C4,0,unreported_twosides_sampled,0.4766394793987274,0.5096251966461277,0.5096251966461277,fitted,platt_logistic_regression,0.49581294690645394,1,0.6929618802933131,0.2653232577665827,0.28547439126784213,no_interaction|interaction,2,True,0.6326530612244898,0.7659574468085106,0.6326530612244898,False,False,False
C1=CC(=CC=C1N)S(=O)(=O)C2=CC=C(C=C2)N,CC(C)(C(=O)O)ON=C(C1=CSC(=N1)N)C(=O)NC2C3N(C2=O)C(=C(CS3)C[N+]4=CC=CC=C4)C(=O)[O-],1,reported_twosides,0.0043470170348882675,0.003024681008889558,0.003024681008889558,fitted,platt_logistic_regression,0.49581294690645394,0,0.020566124266065813,0.9958018471872376,0.0008396305625524769,no_interaction,1,False,0.43333333333333335,0.6428571428571429,0.43333333333333335,False,False,False
C1C(N(C2=C(N1)NC(=NC2=O)N)C=O)CNC3=CC=C(C=C3)C(=O)NC(CCC(=O)O)C(=O)O,C1CC(OC1CO)N2C=NC3=C2NC=NC3=O,1,reported_twosides,0.9583163857460022,0.972534174708415,0.972534174708415,fitted,platt_logistic_regression,0.49581294690645394,1,0.12581963737966478,0.0033585222502099076,0.961376994122586,interaction,1,False,0.5256410256410257,0.3492063492063492,0.3492063492063492,False,False,True
CC12CCC3C(C1CCC2(C)O)CCC4C3(COC(=O)C4)C,CCOC(=O)N1CCC(=C2C3=C(CCC4=C2N=CC=C4)C=C(C=C3)Cl)CC1,0,unreported_twosides_sampled,0.19026173651218414,0.19121552276709536,0.19121552276709536,fitted,platt_logistic_regression,0.49581294690645394,0,0.4879806926704915,0.6607892527287993,0.05037783375314862,no_interaction,1,False,0.31343283582089554,0.5892857142857143,0.31343283582089554,False,False,True
C1CC(OC1CO)N2C=NC3=C2NC=NC3=O,CC1=NN=C(S1)SCC2=C(N3C(C(C3=O)NC(=O)CN4C=NN=N4)SC2)C(=O)[O-],0,unreported_twosides_sampled,0.9213124513626099,0.9442511001962485,0.9442511001962485,fitted,platt_logistic_regression,0.49581294690645394,1,0.21510658484019765,0.006717044500419815,0.9185558354324097,interaction,1,False,0.3492063492063492,0.4574468085106383,0.3492063492063492,False,False,True
CC(C)(C)NCC(C1=CC(=C(C=C1)O)CO)O,CC12CCC3C(C1CCC2(C#C)O)CCC4=CC(=O)CCC34,1,reported_twosides,0.20240795612335205,0.2045686153093445,0.2045686153093445,fitted,platt_logistic_regression,0.49581294690645394,0,0.5066710113527849,0.6364399664147775,0.056255247691015954,no_interaction,1,False,0.5227272727272727,0.7169811320754716,0.5227272727272727,False,False,False
C1CC(OC1CO)N2C=NC3=C2NC=NC3=O,CN1C(=C(NC2=CC=CC=N2)O)C(=O)C3=CC=CC=C3S1(=O)=O,0,unreported_twosides_sampled,0.5766753554344177,0.6174065504961223,0.6174065504961223,fitted,platt_logistic_regression,0.49581294690645394,1,0.6653194835003194,0.16792611251049538,0.39378673383711166,no_interaction|interaction,2,True,0.3492063492063492,0.62,0.3492063492063492,False,False,True
C1=CC(=CC=C1N)S(=O)(=O)C2=CC=C(C=C2)N,CC1CN(CCN1)C2=C(C=C3C(=C2OC)N(C=C(C3=O)C(=O)O)C4CC4)F,0,unreported_twosides_sampled,0.04027441143989563,0.03473172500385746,0.03473172500385746,fitted,platt_logistic_regression,0.49581294690645394,0,0.15082360179704507,0.9479429051217464,0.0033585222502099076,no_interaction,1,False,0.43333333333333335,0.7230769230769231,0.43333333333333335,False,False,False
CC1=NN=C2N1C3=C(C=C(C=C3)Cl)C(=NC2)C4=CC=CC=C4,CN1C=NC(=C1SC2=NC=NC3=C2NC=N3)[N+](=O)[O-],1,reported_twosides,0.9890376925468445,0.9937016592390245,0.9937016592390245,fitted,platt_logistic_regression,0.49581294690645394,1,0.03819511132192781,0.0008396305625524769,0.9907640638119227,interaction,1,False,0.7659574468085106,0.25925925925925924,0.25925925925925924,False,False,True
C1CC(OC1CO)N2C=NC3=C2NC=NC3=O,CC12CCC3C(C1CCC2(C)O)CCC4C3(COC(=O)C4)C,1,reported_twosides,0.7581613063812256,0.8005053361271783,0.8005053361271783,fitted,platt_logistic_regression,0.49581294690645394,1,0.49970108039545813,0.05373635600335852,0.6397984886649875,interaction,1,False,0.3492063492063492,0.31343283582089554,0.31343283582089554,False,False,True
C(CCl)NC(=O)N(CCCl)N=O,CC1=NN=C2N1C3=C(C=C(C=C3)Cl)C(=NC2)C4=CC=CC=C4,0,unreported_twosides_sampled,0.16389665007591248,0.16244222289608318,0.16244222289608318,fitted,platt_logistic_regression,0.49581294690645394,0,0.4436975434641178,0.709487825356843,0.03946263643996641,no_interaction,1,False,0.2391304347826087,0.7659574468085106,0.2391304347826087,False,False,True
C1=CC(=C2NC(=C3C=CC=CC3=O)N(N2)C4=CC=C(C=C4)C(=O)O)C(=O)C=C1,C[N+](C)(C)CC(CC(=O)O)O,0,unreported_twosides_sampled,0.5450097322463989,0.5837037713642182,0.5837037713642182,fitted,platt_logistic_regression,0.49581294690645394,1,0.6790683415647527,0.19227539882451722,0.35852225020990763,no_interaction|interaction,2,True,0.22033898305084745,0.36666666666666664,0.22033898305084745,False,False,True
C1=CC(=C2NC(=C3C=CC=CC3=O)N(N2)C4=CC=C(C=C4)C(=O)O)C(=O)C=C1,C1=CC(=CC=C1N)S(=O)(=O)C2=CC=C(C=C2)N,0,unreported_twosides_sampled,0.014067879877984524,0.010946675667436269,0.010946675667436269,fitted,platt_logistic_regression,0.49581294690645394,0,0.06030771065315994,0.9865659109991604,0.0016792611251049538,no_interaction,1,False,0.22033898305084745,0.43333333333333335,0.22033898305084745,False,False,True
CC(C)C(C(=O)OCC(CO)OCN1C=NC2=C1NC(=NC2=O)N)N,CCCCC(=O)N(CC1=CC=C(C=C1)C2=CC=CC=C2C3=NNN=N3)C(C(C)C)C(=O)O,1,reported_twosides,0.803624153137207,0.8429948990298752,0.8429948990298752,fitted,platt_logistic_regression,0.49581294690645394,1,0.4346701151569783,0.03610411418975651,0.7212426532325776,interaction,1,False,0.7307692307692307,0.4533333333333333,0.4533333333333333,False,False,False
C1CC(OC1CO)N2C=NC3=C2NC=NC3=O,CC1(C(N2C(S1)C(C2=O)NC(=O)C(C3=CC=CC=C3)N)C(=O)[O-])C,0,unreported_twosides_sampled,0.3279827833175659,0.34451266315100504,0.34451266315100504,fitted,platt_logistic_regression,0.49581294690645394,0,0.6439834229741103,0.4374475230898405,0.1376994122586062,no_interaction|interaction,2,True,0.3492063492063492,0.6119402985074627,0.3492063492063492,False,False,True
CCOC(=O)N1CCC(=C2C3=C(CCC4=C2N=CC=C4)C=C(C=C3)Cl)CC1,CN(C)CCC1=CNC2=C1C=C(C=C2)CC3COC(=O)N3,1,reported_twosides,0.2009638249874115,0.20297818553918734,0.20297818553918734,fitted,platt_logistic_regression,0.49581294690645394,0,0.5045034502512135,0.6372795969773299,0.054575986565911,no_interaction,1,False,0.5892857142857143,0.543859649122807,0.543859649122807,False,False,False
C1CC(C1)(C(=O)O)C(=O)O.N.N.[Pt],CC12CCC3C(C1CCC2O)C(CC4=C3C=CC(=C4)O)CCCCCCCCCS(=O)CCCC(C(F)(F)F)(F)F,1,reported_twosides,0.18787983059883118,0.18860354239649613,0.18860354239649613,fitted,platt_logistic_regression,0.49581294690645394,0,0.4841917394117051,0.6658270361041142,0.05037783375314862,no_interaction,1,False,0.26666666666666666,0.4492753623188406,0.26666666666666666,False,False,True
CCCCC(=O)N(CC1=CC=C(C=C1)C2=CC=CC=C2C3=NNN=N3)C(C(C)C)C(=O)O,CN1CCC23C=CC(CC2OC4=C(C=CC(=C34)C1)OC)O,0,unreported_twosides_sampled,0.9686964154243469,0.9799978628928868,0.9799978628928868,fitted,platt_logistic_regression,0.49581294690645394,1,0.09804743040006748,0.0025188916876574307,0.9706129303106633,interaction,1,False,0.4533333333333333,0.375,0.375,False,False,True
C1=CC(=C2NC(=C3C=CC=CC3=O)N(N2)C4=CC=C(C=C4)C(=O)O)C(=O)C=C1,CCC(C)C(=O)OC1CC(C=C2C1C(C(C=C2)C)CCC3CC(CC(=O)O3)O)C,0,unreported_twosides_sampled,0.3937409222126007,0.41799674912298423,0.41799674912298423,fitted,platt_logistic_regression,0.49581294690645394,0,0.6796371635807894,0.35768261964735515,0.19479429051217464,no_interaction|interaction,2,True,0.22033898305084745,0.7424242424242424,0.22033898305084745,False,False,True
CC(C)(C)NCC(C1=CC(=C(C=C1)O)CO)O,CC(C=CC(C)C(C)(C)O)C1CCC2C1(CCCC2=CC=C3CC(CC(C3)O)O)C,1,reported_twosides,0.2962663769721985,0.3090005700251683,0.3090005700251683,fitted,platt_logistic_regression,0.49581294690645394,0,0.6182986649519401,0.4903442485306465,0.11922753988245172,no_interaction|interaction,2,True,0.5227272727272727,0.5625,0.5227272727272727,False,False,False
CC(C)C(CCCN(C)CCC1=CC(=C(C=C1)OC)OC)(C#N)C2=CC(=C(C=C2)OC)OC,CCCN1CC(CC2C1CC3=CNC4=CC=CC2=C34)CSC,0,unreported_twosides_sampled,0.011993974447250366,0.009190860019270658,0.009190860019270658,fitted,platt_logistic_regression,0.49581294690645394,0,0.052249452751809755,0.9882451721242653,0.0016792611251049538,no_interaction,1,False,0.23529411764705882,0.42168674698795183,0.23529411764705882,False,False,True
CN(C)CCC1=CNC2=C1C=C(C=C2)CC3COC(=O)N3,COC1=C(C=C(C=C1)C2=CC3=C(C=C2)C=C(C=C3)C(=O)O)C45CC6CC(C4)CC(C6)C5,1,reported_twosides,0.3926104009151459,0.41673748852885684,0.41673748852885684,fitted,platt_logistic_regression,0.49581294690645394,0,0.6792170852639796,0.35768261964735515,0.19395465994962216,no_interaction|interaction,2,True,0.543859649122807,0.288135593220339,0.288135593220339,False,False,True
C1CC(C1)(C(=O)O)C(=O)O.N.N.[Pt],CCOC(=O)N1CCC(=C2C3=C(CCC4=C2N=CC=C4)C=C(C=C3)Cl)CC1,1,reported_twosides,0.23522964119911194,0.24088723347429175,0.24088723347429175,fitted,platt_logistic_regression,0.49581294690645394,0,0.552100467900037,0.5776658270361041,0.07388748950461797,no_interaction,1,False,0.26666666666666666,0.5892857142857143,0.26666666666666666,False,False,True
CCCCC(=O)N(CC1=CC=C(C=C1)C2=CC=CC=C2C3=NNN=N3)C(C(C)C)C(=O)O,CN(C)NN=C1C(=NC=N1)C(=O)N,1,reported_twosides,0.19939467310905457,0.20125089925174955,0.20125089925174955,fitted,platt_logistic_regression,0.49581294690645394,0,0.50213165589685,0.6389588581024349,0.054575986565911,no_interaction,1,False,0.4533333333333333,0.24390243902439024,0.24390243902439024,False,False,True
CC1=NN=C(S1)SCC2=C(N3C(C(C3=O)NC(=O)CN4C=NN=N4)SC2)C(=O)[O-],CC1C2C(C(=O)N2C(=C1SC3CC(NC3)C(=O)NC4=CC=CC(=C4)C(=O)O)C(=O)O)C(C)O,0,unreported_twosides_sampled,0.9679029583930969,0.9794364954344053,0.9794364954344053,fitted,platt_logistic_regression,0.49581294690645394,1,0.10022414483422398,0.0025188916876574307,0.9689336691855583,interaction,1,False,0.4574468085106383,0.23529411764705882,0.23529411764705882,False,False,True
C1CC(C1)(C(=O)O)C(=O)O.N.N.[Pt],CCOC(=O)C(CCC1=CC=CC=C1)NC(C)C(=O)N2C3CCCCC3CC2C(=O)O,0,unreported_twosides_sampled,0.6641883254051208,0.708077110784333,0.708077110784333,fitted,platt_logistic_regression,0.49581294690645394,1,0.6038644397300172,0.10327455919395466,0.5079764903442485,no_interaction|interaction,2,True,0.26666666666666666,0.9636363636363636,0.26666666666666666,False,False,True
CC1C2C(C(=O)N2C(=C1SC3CC(NC3)C(=O)NC4=CC=CC(=C4)C(=O)O)C(=O)O)C(C)O,CN1CCC(=C2C3=C(C(=O)CC4=CC=CC=C42)SC=C3)CC1,0,unreported_twosides_sampled,0.9315022230148315,0.952262355302562,0.952262355302562,fitted,platt_logistic_regression,0.49581294690645394,1,0.19179921210557824,0.0033585222502099076,0.9269521410579346,interaction,1,False,0.23529411764705882,0.3018867924528302,0.23529411764705882,False,False,True
CC(=O)OCC(=O)C12C(CC3C1(CC(C4(C3CC(C5=CC(=O)C=CC54C)F)F)O)C)OC(O2)(C)C,CC1CC2C3CCC4=CC(=O)C=CC4(C3(C(CC2(C1(C(=O)CO)O)C)O)F)C,1,reported_twosides,0.46481332182884216,0.4966567703314999,0.4966567703314999,fitted,platt_logistic_regression,0.49581294690645394,1,0.6931248260241369,0.2804366078925273,0.27120067170445006,no_interaction|interaction,2,True,0.8059701492537313,0.8596491228070176,0.8059701492537313,False,False,False
C1C(N(C2=C(N1)NC(=NC2=O)N)C=O)CNC3=CC=C(C=C3)C(=O)NC(CCC(=O)O)C(=O)O,CC(C)(C(=O)O)ON=C(C1=CSC(=N1)N)C(=O)NC2C3N(C2=O)C(=C(CS3)C[N+]4=CC=CC=C4)C(=O)[O-],1,reported_twosides,0.30749619007110596,0.3215721263925851,0.3215721263925851,fitted,platt_logistic_regression,0.49581294690645394,0,0.628048807838377,0.46767422334172964,0.12510495382031905,no_interaction|interaction,2,True,0.5256410256410257,0.6428571428571429,0.5256410256410257,False,False,False
CC1=C(C(C(=C(N1)C)C(=O)OCC(C)C)C2=CC=CC=C2[N+](=O)[O-])C(=O)OC,CCCN1CC(CC2C1CC3=CNC4=CC=CC2=C34)CSC,0,unreported_twosides_sampled,0.07199203222990036,0.0657898834586215,0.0657898834586215,fitted,platt_logistic_regression,0.49581294690645394,0,0.24260994288268223,0.892527287993283,0.0109151973131822,no_interaction,1,False,0.8043478260869565,0.42168674698795183,0.42168674698795183,False,False,False
C1C(N(C2=C(N1)NC(=NC2=O)N)C=O)CNC3=CC=C(C=C3)C(=O)NC(CCC(=O)O)C(=O)O,COC1=C(C=C(C=C1)C2=CC3=C(C=C2)C=C(C=C3)C(=O)O)C45CC6CC(C4)CC(C6)C5,0,unreported_twosides_sampled,0.8017386198043823,0.8412651865441487,0.8412651865441487,fitted,platt_logistic_regression,0.49581294690645394,1,0.4375659438186219,0.036943744752308987,0.7187237615449202,interaction,1,False,0.5256410256410257,0.288135593220339,0.288135593220339,False,False,True
CC(C)C(C(=O)OCC(CO)OCN1C=NC2=C1NC(=NC2=O)N)N,CC1CC2C3CCC4=CC(=O)C=CC4(C3(C(CC2(C1(C(=O)CO)O)C)O)F)C,0,unreported_twosides_sampled,0.7334617972373962,0.7767765844680958,0.7767765844680958,fitted,platt_logistic_regression,0.49581294690645394,1,0.5309575602977297,0.06381192275398824,0.6028547439126785,interaction,1,False,0.7307692307692307,0.8596491228070176,0.7307692307692307,False,False,False
CC1CC2C3CCC4=CC(=O)C=CC4(C3(C(CC2(C1(C(=O)CO)O)C)O)F)C,CCOC(=O)N1CCC(=C2C3=C(CCC4=C2N=CC=C4)C=C(C=C3)Cl)CC1,1,reported_twosides,0.4310128390789032,0.45938615986908743,0.45938615986908743,fitted,platt_logistic_regression,0.49581294690645394,0,0.689844575201394,0.31821998320738876,0.23341729638958858,no_interaction|interaction,2,True,0.8596491228070176,0.5892857142857143,0.5892857142857143,False,False,False
C1CC(OC1CO)N2C=NC3=C2NC=NC3=O,CC(=O)OCC(=O)C12C(CC3C1(CC(C4(C3CC(C5=CC(=O)C=CC54C)F)F)O)C)OC(O2)(C)C,0,unreported_twosides_sampled,0.5308581590652466,0.5685089029040109,0.5685089029040109,fitted,platt_logistic_regression,0.49581294690645394,1,0.6837306466492699,0.21074727120067172,0.345088161209068,no_interaction|interaction,2,True,0.3492063492063492,0.8059701492537313,0.3492063492063492,False,False,True
CN1C=NC(=C1SC2=NC=NC3=C2NC=N3)[N+](=O)[O-],CN1CC(=O)N2C(C1=O)CC3=C(C2C4=CC5=C(C=C4)OCO5)NC6=CC=CC=C36,0,unreported_twosides_sampled,0.9870442748069763,0.992432923186318,0.992432923186318,fitted,platt_logistic_regression,0.49581294690645394,1,0.04449558699840146,0.0008396305625524769,0.9882451721242653,interaction,1,False,0.25925925925925924,0.24050632911392406,0.24050632911392406,False,False,True
C(CCl)NC(=O)N(CCCl)N=O,CN1CC(=O)N2C(C1=O)CC3=C(C2C4=CC5=C(C=C4)OCO5)NC6=CC=CC=C36,0,unreported_twosides_sampled,0.5609275698661804,0.6006988608925188,0.6006988608925188,fitted,platt_logistic_regression,0.49581294690645394,1,0.6727272855903482,0.18219983207388749,0.3744752308984047,no_interaction|interaction,2,True,0.2391304347826087,0.24050632911392406,0.2391304347826087,False,False,True
CN(C)CCC1=CNC2=C1C=C(C=C2)CC3COC(=O)N3,CN1C(=C(NC2=CC=CC=N2)O)C(=O)C3=CC=CC=C3S1(=O)=O,0,unreported_twosides_sampled,0.3823593556880951,0.4053104941818079,0.4053104941818079,fitted,platt_logistic_regression,0.49581294690645394,0,0.6751062196301034,0.3694374475230898,0.18387909319899245,no_interaction|interaction,2,True,0.543859649122807,0.62,0.543859649122807,False,False,False
C1CC(C1)(C(=O)O)C(=O)O.N.N.[Pt],CC1=C(SC=C1)C(=CCCN2CCCC(C2)C(=O)O)C3=C(C=CS3)C,0,unreported_twosides_sampled,0.14239555597305298,0.1392412830031938,0.1392412830031938,fitted,platt_logistic_regression,0.49581294690645394,0,0.4035837995072429,0.7556675062972292,0.027707808564231738,no_interaction,1,False,0.26666666666666666,0.26865671641791045,0.26666666666666666,False,False,True
CC(C)C(CCCN(C)CCC1=CC(=C(C=C1)OC)OC)(C#N)C2=CC(=C(C=C2)OC)OC,CC1CN(CCN1)C2=C(C=C3C(=C2OC)N(C=C(C3=O)C(=O)O)C4CC4)F,1,reported_twosides,0.43104374408721924,0.45942036357809163,0.45942036357809163,fitted,platt_logistic_regression,0.49581294690645394,0,0.6898501416912044,0.31821998320738876,0.23341729638958858,no_interaction|interaction,2,True,0.23529411764705882,0.7230769230769231,0.23529411764705882,False,False,True
C1CC(OC1CO)N2C=NC3=C2NC=NC3=O,CCCN1CC(CC2C1CC3=CNC4=CC=CC2=C34)CSC,0,unreported_twosides_sampled,0.07441719621419907,0.06823222838974072,0.06823222838974072,fitted,platt_logistic_regression,0.49581294690645394,0,0.24904208002452005,0.887489504617968,0.011754827875734676,no_interaction,1,False,0.3492063492063492,0.42168674698795183,0.3492063492063492,False,False,True
CCCCC(=O)N(CC1=CC=C(C=C1)C2=CC=CC=C2C3=NNN=N3)C(C(C)C)C(=O)O,CN1C(=C(NC2=CC=CC=N2)O)C(=O)C3=CC=CC=C3S1(=O)=O,1,reported_twosides,0.8986356854438782,0.9259130480669064,0.9259130480669064,fitted,platt_logistic_regression,0.49581294690645394,1,0.26408457659412793,0.011754827875734676,0.8774139378673383,interaction,1,False,0.4533333333333333,0.62,0.4533333333333333,False,False,False
CC(=O)OCC(=O)C12C(CC3C1(CC(C4(C3CC(C5=CC(=O)C=CC54C)F)F)O)C)OC(O2)(C)C,CCCCC(=O)N(CC1=CC=C(C=C1)C2=CC=CC=C2C3=NNN=N3)C(C(C)C)C(=O)O,0,unreported_twosides_sampled,0.2901986241340637,0.302210438105508,0.302210438105508,fitted,platt_logistic_regression,0.49581294690645394,0,0.612725584359475,0.4995801847187238,0.11251049538203191,no_interaction|interaction,2,True,0.8059701492537313,0.4533333333333333,0.4533333333333333,False,False,False
CCCC1(CC(=O)C(=C(O1)O)C(CC)C2=CC(=CC=C2)NS(=O)(=O)C3=NC=C(C=C3)C(F)(F)F)CCC4=CC=CC=C4,CN1C=NC(=C1SC2=NC=NC3=C2NC=N3)[N+](=O)[O-],0,unreported_twosides_sampled,0.8694547414779663,0.90140777912148,0.90140777912148,fitted,platt_logistic_regression,0.49581294690645394,1,0.321978710016228,0.017632241813602016,0.8337531486146096,interaction,1,False,0.2247191011235955,0.25925925925925924,0.2247191011235955,False,False,True
CC(=O)OCC(=O)C12C(CC3C1(CC(C4(C3CC(C5=CC(=O)C=CC54C)F)F)O)C)OC(O2)(C)C,CC12CCC3C(C1CCC2(C#C)O)CCC4=CC(=O)CCC34,0,unreported_twosides_sampled,0.18384721875190735,0.18418668169332622,0.18418668169332622,fitted,platt_logistic_regression,0.49581294690645394,0,0.4776829282930465,0.672544080604534,0.04785894206549118,no_interaction,1,False,0.8059701492537313,0.7169811320754716,0.7169811320754716,False,False,False
CC12CCC3C(C1CCC2(C#C)O)CCC4=CC(=O)CCC34,CC1=C(C(C(=C(N1)C)C(=O)OCC(C)C)C2=CC=CC=C2[N+](=O)[O-])C(=O)OC,0,unreported_twosides_sampled,0.40030771493911743,0.4253073328005314,0.4253073328005314,fitted,platt_logistic_regression,0.49581294690645394,0,0.6819473163146805,0.3509655751469353,0.2031905961376994,no_interaction|interaction,2,True,0.7169811320754716,0.8043478260869565,0.7169811320754716,False,False,False
CC1=NN=C(S1)SCC2=C(N3C(C(C3=O)NC(=O)CN4C=NN=N4)SC2)C(=O)[O-],CCN(C)C(=O)OC1=CC=CC(=C1)C(C)N(C)C,0,unreported_twosides_sampled,0.5070917010307312,0.5428210382737678,0.5428210382737678,fitted,platt_logistic_regression,0.49581294690645394,1,0.6894754017307227,0.23089840470193115,0.32073887489504616,no_interaction|interaction,2,True,0.4574468085106383,0.32653061224489793,0.32653061224489793,False,False,True
C1=CC(=CC=C1N)S(=O)(=O)C2=CC=C(C=C2)N,CC1C2C(C(=O)N2C(=C1SC3CC(NC3)C(=O)NC4=CC=CC(=C4)C(=O)O)C(=O)O)C(C)O,0,unreported_twosides_sampled,0.04692922532558441,0.04109049896952838,0.04109049896952838,fitted,platt_logistic_regression,0.49581294690645394,0,0.171394460980251,0.9378673383711167,0.0033585222502099076,no_interaction,1,False,0.43333333333333335,0.23529411764705882,0.23529411764705882,False,False,True
C1CC(OC1CO)N2C=NC3=C2NC=NC3=O,CC1=C(C(=O)C2=CC=CC=C2C1=O)CC=C(C)CCCC(C)CCCC(C)CCCC(C)C,0,unreported_twosides_sampled,0.6930117011070251,0.7370256885296519,0.7370256885296519,fitted,platt_logistic_regression,0.49581294690645394,1,0.5761450199427834,0.08648194794290512,0.5457598656591099,interaction,1,False,0.3492063492063492,0.22058823529411764,0.22058823529411764,False,False,True
CC1CC2C3CCC4=CC(=O)C=CC4(C3(C(CC2(C1(C(=O)CO)O)C)O)F)C,CN1C=NC(=C1SC2=NC=NC3=C2NC=N3)[N+](=O)[O-],1,reported_twosides,0.9710217118263245,0.9816334417904391,0.9816334417904391,fitted,platt_logistic_regression,0.49581294690645394,1,0.09161209359345515,0.0025188916876574307,0.9722921914357683,interaction,1,False,0.8596491228070176,0.25925925925925924,0.25925925925925924,False,False,True
C1CC(OC1CO)N2C=NC3=C2NC=NC3=O,CC1CC2C3CCC4=CC(=O)C=CC4(C3(C(CC2(C1(C(=O)CO)O)C)O)F)C,1,reported_twosides,0.9173064827919006,0.941060928433114,0.941060928433114,fitted,platt_logistic_regression,0.49581294690645394,1,0.2240383064489061,0.008396305625524769,0.9109991603694374,interaction,1,False,0.3492063492063492,0.8596491228070176,0.3492063492063492,False,False,True
CC12CCC3C(C1CCC2O)C(CC4=C3C=CC(=C4)O)CCCCCCCCCS(=O)CCCC(C(F)(F)F)(F)F,CN1CC(=O)N2C(C1=O)CC3=C(C2C4=CC5=C(C=C4)OCO5)NC6=CC=CC=C36,0,unreported_twosides_sampled,0.4105856418609619,0.43673470515460416,0.43673470515460416,fitted,platt_logistic_regression,0.49581294690645394,0,0.6851206875399374,0.3434089000839631,0.2141057934508816,no_interaction|interaction,2,True,0.4492753623188406,0.24050632911392406,0.24050632911392406,False,False,True
CC1C2C(C(=O)N2C(=C1SC3CC(NC3)C(=O)NC4=CC=CC(=C4)C(=O)O)C(=O)O)C(C)O,CCN(C)C(=O)OC1=CC=CC(=C1)C(C)N(C)C,0,unreported_twosides_sampled,0.6970126032829285,0.7410042249996249,0.7410042249996249,fitted,platt_logistic_regression,0.49581294690645394,1,0.5720039064073638,0.08228379513014274,0.5516372795969773,interaction,1,False,0.23529411764705882,0.32653061224489793,0.23529411764705882,False,False,True
C1C(OC(S1)CO)N2C=C(C(=NC2=O)N)F,CN1C(=C(NC2=CC=CC=N2)O)C(=O)C3=CC=CC=C3S1(=O)=O,0,unreported_twosides_sampled,0.4922260046005249,0.526653246489147,0.526653246489147,fitted,platt_logistic_regression,0.49581294690645394,1,0.6917257158146892,0.2434928631402183,0.30310663308144414,no_interaction|interaction,2,True,0.6326530612244898,0.62,0.62,False,False,False
C1C(OC(S1)CO)N2C=C(C(=NC2=O)N)F,C1CC(OC1CO)N2C=NC3=C2NC=NC3=O,1,reported_twosides,0.8304986953735352,0.8673204647432137,0.8673204647432137,fitted,platt_logistic_regression,0.49581294690645394,1,0.39144883444855993,0.02434928631402183,0.7682619647355163,interaction,1,False,0.6326530612244898,0.3492063492063492,0.3492063492063492,False,False,True
CC12CCC3C(C1CCC2C(=O)NC4=C(C=CC(=C4)C(F)(F)F)C(F)(F)F)CCC5C3(C=CC(=O)N5)C,CNC(=C[N+](=O)[O-])NCCSCC1=CC=C(O1)CN(C)C,1,reported_twosides,0.19103243947029114,0.19206115245006544,0.19206115245006544,fitted,platt_logistic_regression,0.49581294690645394,0,0.4891978923647979,0.6599496221662469,0.051217464315701094,no_interaction,1,False,0.6417910447761194,0.603448275862069,0.603448275862069,False,False,False
C1CN=C(N1)NC2=C(C=CC=C2Cl)Cl,CCCN1CC(CC2C1CC3=CNC4=CC=CC2=C34)CSC,0,unreported_twosides_sampled,0.010267526842653751,0.007751599847636722,0.007751599847636722,fitted,platt_logistic_regression,0.49581294690645394,0,0.0453931374891506,0.9882451721242653,0.0008396305625524769,no_interaction,1,False,0.5853658536585366,0.42168674698795183,0.42168674698795183,False,False,False
C1=CC(=CC=C1N)S(=O)(=O)C2=CC=C(C=C2)N,CCCCC(=O)N(CC1=CC=C(C=C1)C2=CC=CC=C2C3=NNN=N3)C(C(C)C)C(=O)O,1,reported_twosides,0.09629019349813461,0.09059291909960113,0.09059291909960113,fitted,platt_logistic_regression,0.49581294690645394,0,0.30390747943584717,0.8505457598656591,0.01595298068849706,no_interaction,1,False,0.43333333333333335,0.4533333333333333,0.43333333333333335,False,False,False
C1CN=C(N1)NC2=C(C=CC=C2Cl)Cl,CC1CC2C3CCC4=CC(=O)C=CC4(C3(C(CC2(C1(C(=O)CO)O)C)O)F)C,1,reported_twosides,0.31644266843795776,0.3315900755034445,0.3315900755034445,fitted,platt_logistic_regression,0.49581294690645394,0,0.6352989904290316,0.45424013434089,0.13266162888329136,no_interaction|interaction,2,True,0.5853658536585366,0.8596491228070176,0.5853658536585366,False,False,False
CC(C)(C)NCC(C1=CC(=C(C=C1)O)CO)O,CN1C=NC(=C1SC2=NC=NC3=C2NC=N3)[N+](=O)[O-],1,reported_twosides,0.9265968203544617,0.9484247039439547,0.9484247039439547,fitted,platt_logistic_regression,0.49581294690645394,1,0.2031277406580061,0.0041981528127623844,0.9227539882451721,interaction,1,False,0.5227272727272727,0.25925925925925924,0.25925925925925924,False,False,True
CC1=C(C(=O)C2=CC=CC=C2C1=O)CC=C(C)CCCC(C)CCCC(C)CCCC(C)C,CC1=NN=C(S1)SCC2=C(N3C(C(C3=O)NC(=O)CN4C=NN=N4)SC2)C(=O)[O-],1,reported_twosides,0.5658181309700012,0.6058990624357017,0.6058990624357017,fitted,platt_logistic_regression,0.49581294690645394,1,0.6705471843820574,0.17716204869857263,0.38455079764903444,no_interaction|interaction,2,True,0.22058823529411764,0.4574468085106383,0.22058823529411764,False,False,True
CCOC(=O)C(CCC1=CC=CC=C1)NC(C)C(=O)N2C3CCCCC3CC2C(=O)O,CN1C=NC(=C1SC2=NC=NC3=C2NC=N3)[N+](=O)[O-],0,unreported_twosides_sampled,0.9643557667732239,0.9769075706944228,0.9769075706944228,fitted,platt_logistic_regression,0.49581294690645394,1,0.10984177989222271,0.0033585222502099076,0.966414777497901,interaction,1,False,0.9636363636363636,0.25925925925925924,0.25925925925925924,False,False,True
C1CC(OC1CO)N2C=NC3=C2NC=NC3=O,CCN(C)C(=O)OC1=CC=CC(=C1)C(C)N(C)C,0,unreported_twosides_sampled,0.39255741238594055,0.41667846105182843,0.41667846105182843,fitted,platt_logistic_regression,0.49581294690645394,0,0.6791972341885174,0.35768261964735515,0.19311502938706968,no_interaction|interaction,2,True,0.3492063492063492,0.32653061224489793,0.32653061224489793,False,False,True
C1C(N(C2=C(N1)NC(=NC2=O)N)C=O)CNC3=CC=C(C=C3)C(=O)NC(CCC(=O)O)C(=O)O,CCC(C)C(=O)OC1CC(C=C2C1C(C(C=C2)C)CCC3CC(CC(=O)O3)O)C,1,reported_twosides,0.9017249345779419,0.9284497994518993,0.9284497994518993,fitted,platt_logistic_regression,0.49581294690645394,1,0.2576305016128907,0.011754827875734676,0.8799328295549959,interaction,1,False,0.5256410256410257,0.7424242424242424,0.5256410256410257,False,False,False
CC1=C(C(=O)C2=CC=CC=C2C1=O)CC=C(C)CCCC(C)CCCC(C)CCCC(C)C,CCCC1(CC(=O)C(=C(O1)O)C(CC)C2=CC(=CC=C2)NS(=O)(=O)C3=NC=C(C=C3)C(F)(F)F)CCC4=CC=CC=C4,0,unreported_twosides_sampled,0.16206581890583038,0.16045652274211192,0.16045652274211192,fitted,platt_logistic_regression,0.49581294690645394,0,0.4404261234799598,0.7145256087321579,0.037783375314861464,no_interaction,1,False,0.22058823529411764,0.2247191011235955,0.22058823529411764,False,False,True
C1C(OC(S1)CO)N2C=C(C(=NC2=O)N)F,CC(C)(C)NCC(C1=CC(=C(C=C1)O)CO)O,1,reported_twosides,0.3287363052368164,0.3453563942346283,0.3453563942346283,fitted,platt_logistic_regression,0.49581294690645394,0,0.6445245758407958,0.4357682619647355,0.13937867338371115,no_interaction|interaction,2,True,0.6326530612244898,0.5227272727272727,0.5227272727272727,False,False,False
CC(C)(C)NCC(C1=CC(=C(C=C1)O)CO)O,C[N+](C)(C)CC(CC(=O)O)O,0,unreported_twosides_sampled,0.8490952253341675,0.8837754857837169,0.8837754857837169,fitted,platt_logistic_regression,0.49581294690645394,1,0.35933448628327225,0.020990764063811923,0.7959697732997482,interaction,1,False,0.5227272727272727,0.36666666666666664,0.36666666666666664,False,False,True
CC1=C(C(=O)C2=CC=CC=C2C1=O)CC=C(C)CCCC(C)CCCC(C)CCCC(C)C,CCOC(=O)N1CCC(=C2C3=C(CCC4=C2N=CC=C4)C=C(C=C3)Cl)CC1,1,reported_twosides,0.2207547426223755,0.22483274402319517,0.22483274402319517,fitted,platt_logistic_regression,0.49581294690645394,0,0.5329569045681106,0.600335852225021,0.06465155331654072,no_interaction,1,False,0.22058823529411764,0.5892857142857143,0.22058823529411764,False,False,True
CC12CCC3C(C1CCC2(C#C)O)CCC4=CC(=O)CCC34,CCCCC(=O)N(CC1=CC=C(C=C1)C2=CC=CC=C2C3=NNN=N3)C(C(C)C)C(=O)O,1,reported_twosides,0.6332588791847229,0.6764836324270166,0.6764836324270166,fitted,platt_logistic_regression,0.49581294690645394,1,0.629491639105626,0.12762384550797648,0.4659949622166247,no_interaction|interaction,2,True,0.7169811320754716,0.4533333333333333,0.4533333333333333,False,False,False
CCCCC(=O)N(CC1=CC=C(C=C1)C2=CC=CC=C2C3=NNN=N3)C(C(C)C)C(=O)O,CCOC(=O)C(CCC1=CC=CC=C1)NC(C)C(=O)N2C3CCCCC3CC2C(=O)O,1,reported_twosides,0.8648805618286133,0.8974827347995846,0.8974827347995846,fitted,platt_logistic_regression,0.49581294690645394,1,0.33057902615664875,0.018471872376154493,0.8270361041141897,interaction,1,False,0.4533333333333333,0.9636363636363636,0.4533333333333333,False,False,False
CC(C)(C)NCC(C1=CC(=C(C=C1)O)CO)O,CCCN1CC(CC2C1CC3=CNC4=CC=CC2=C34)CSC,0,unreported_twosides_sampled,0.02081127092242241,0.016819750188149782,0.016819750188149782,fitted,platt_logistic_regression,0.49581294690645394,0,0.08538956669490336,0.9731318219983207,0.0025188916876574307,no_interaction,1,False,0.5227272727272727,0.42168674698795183,0.42168674698795183,False,False,False
CC(C)(C)NCC(C1=CC(=C(C=C1)O)CO)O,CCN(C)C(=O)OC1=CC=CC(=C1)C(C)N(C)C,1,reported_twosides,0.16333355009555817,0.1618313036600654,0.1618313036600654,fitted,platt_logistic_regression,0.49581294690645394,0,0.44269416038965054,0.7111670864819479,0.03946263643996641,no_interaction,1,False,0.5227272727272727,0.32653061224489793,0.32653061224489793,False,False,True
CC1=NN=C2N1C3=C(C=C(C=C3)Cl)C(=NC2)C4=CC=CC=C4,CN1CCC23C=CC(CC2OC4=C(C=CC(=C34)C1)OC)O,1,reported_twosides,0.9593351483345032,0.9732775733689442,0.9732775733689442,fitted,platt_logistic_regression,0.49581294690645394,1,0.12315752548686797,0.0033585222502099076,0.963056255247691,interaction,1,False,0.7659574468085106,0.375,0.375,False,False,True
CC12CCC3C(C1CCC2C(=O)NC4=C(C=CC(=C4)C(F)(F)F)C(F)(F)F)CCC5C3(C=CC(=O)N5)C,CC1=C(SC=C1)C(=CCCN2CCCC(C2)C(=O)O)C3=C(C=CS3)C,0,unreported_twosides_sampled,0.21744926273822784,0.22117429715689907,0.22117429715689907,fitted,platt_logistic_regression,0.49581294690645394,0,0.5283902169836184,0.6062132661628883,0.06381192275398824,no_interaction,1,False,0.6417910447761194,0.26865671641791045,0.26865671641791045,False,False,True
CC(C)(C(=O)O)ON=C(C1=CSC(=N1)N)C(=O)NC2C3N(C2=O)C(=C(CS3)C[N+]4=CC=CC=C4)C(=O)[O-],CC1(C(N2C(S1)C(C2=O)NC(=O)C(C3=CC=CC=C3)N)C(=O)[O-])C,1,reported_twosides,0.03968743979930878,0.03417573697368159,0.03417573697368159,fitted,platt_logistic_regression,0.49581294690645394,0,0.14897044500641723,0.9504617968094039,0.0033585222502099076,no_interaction,1,False,0.6428571428571429,0.6119402985074627,0.6119402985074627,False,False,False
CC1=NN=C2N1C3=C(C=C(C=C3)Cl)C(=NC2)C4=CC=CC=C4,CNC(=C[N+](=O)[O-])NCCSCC1=CC=C(O1)CN(C)C,1,reported_twosides,0.31539562344551086,0.33041757817948947,0.33041757817948947,fitted,platt_logistic_regression,0.49581294690645394,0,0.6344739640964517,0.45759865659109994,0.13266162888329136,no_interaction|interaction,2,True,0.7659574468085106,0.603448275862069,0.603448275862069,False,False,False
CC(C)C(CCCN(C)CCC1=CC(=C(C=C1)OC)OC)(C#N)C2=CC(=C(C=C2)OC)OC,CC12CCC3C(C1CCC2(C#C)O)CCC4=CC(=O)CCC34,0,unreported_twosides_sampled,0.14891529083251953,0.14624777113191895,0.14624777113191895,fitted,platt_logistic_regression,0.49581294690645394,0,0.41614487088670593,0.7439126784214946,0.030226700251889168,no_interaction,1,False,0.23529411764705882,0.7169811320754716,0.23529411764705882,False,False,True
CC(C)(C)NCC(C1=CC(=C(C=C1)O)CO)O,CN1C(=C(NC2=CC=CC=N2)O)C(=O)C3=CC=CC=C3S1(=O)=O,1,reported_twosides,0.28258898854255676,0.2936985245786001,0.2936985245786001,fitted,platt_logistic_regression,0.49581294690645394,0,0.6054301475697824,0.5054575986565911,0.10411418975650713,no_interaction|interaction,2,True,0.5227272727272727,0.62,0.5227272727272727,False,False,False
CC(C)C(CCCN(C)CCC1=CC(=C(C=C1)OC)OC)(C#N)C2=CC(=C(C=C2)OC)OC,CN1CCC23C=CC(CC2OC4=C(C=CC(=C34)C1)OC)O,1,reported_twosides,0.7613553404808044,0.8035419363309668,0.8035419363309668,fitted,platt_logistic_regression,0.49581294690645394,1,0.4954528778164348,0.05373635600335852,0.6498740554156172,interaction,1,False,0.23529411764705882,0.375,0.23529411764705882,False,False,True
CC(C)C(C(=O)OCC(CO)OCN1C=NC2=C1NC(=NC2=O)N)N,CC12CCC3C(C1CCC2(C)O)CCC4C3(COC(=O)C4)C,1,reported_twosides,0.5118010640144348,0.5479272456997047,0.5479272456997047,fitted,platt_logistic_regression,0.49581294690645394,1,0.6885460777424584,0.22837951301427373,0.3266162888329135,no_interaction|interaction,2,True,0.7307692307692307,0.31343283582089554,0.31343283582089554,False,False,True
CC1CN(CCN1)C2=C(C=C3C(=C2OC)N(C=C(C3=O)C(=O)O)C4CC4)F,CCOC1=C(C=CC(=C1)CC(=O)NC(CC(C)C)C2=CC=CC=C2N3CCCCC3)C(=O)O,1,reported_twosides,0.9119375348091125,0.936751127412031,0.936751127412031,fitted,platt_logistic_regression,0.49581294690645394,1,0.2358148754216265,0.010075566750629723,0.9026028547439127,interaction,1,False,0.7230769230769231,0.2804878048780488,0.2804878048780488,False,False,True
C1CN=C(N1)NC2=C(C=CC=C2Cl)Cl,CC1(C(N2C(S1)C(C2=O)NC(=O)C(C3=CC=CC=C3)N)C(=O)[O-])C,0,unreported_twosides_sampled,0.04702015221118927,0.04117804951735325,0.04117804951735325,fitted,platt_logistic_regression,0.49581294690645394,0,0.17167014973565642,0.9378673383711167,0.0033585222502099076,no_interaction,1,False,0.5853658536585366,0.6119402985074627,0.5853658536585366,False,False,False
CC1=NN=C2N1C3=C(C=C(C=C3)Cl)C(=NC2)C4=CC=CC=C4,CCCC1(CC(=O)C(=C(O1)O)C(CC)C2=CC(=CC=C2)NS(=O)(=O)C3=NC=C(C=C3)C(F)(F)F)CCC4=CC=CC=C4,0,unreported_twosides_sampled,0.1531054824590683,0.15076444745091422,0.15076444745091422,fitted,platt_logistic_regression,0.49581294690645394,0,0.42403281067282284,0.7355163727959698,0.033585222502099076,no_interaction,1,False,0.7659574468085106,0.2247191011235955,0.2247191011235955,False,False,True
C1C(N(C2=C(N1)NC(=NC2=O)N)C=O)CNC3=CC=C(C=C3)C(=O)NC(CCC(=O)O)C(=O)O,CCCCC(=O)N(CC1=CC=C(C=C1)C2=CC=CC=C2C3=NNN=N3)C(C(C)C)C(=O)O,1,reported_twosides,0.9126624464988708,0.9373352751146423,0.9373352751146423,fitted,platt_logistic_regression,0.49581294690645394,1,0.23423751060906395,0.010075566750629723,0.9026028547439127,interaction,1,False,0.5256410256410257,0.4533333333333333,0.4533333333333333,False,False,False
C1CC(C1)(C(=O)O)C(=O)O.N.N.[Pt],CC(C)(C)NCC(C1=CC(=C(C=C1)O)CO)O,1,reported_twosides,0.3794187903404236,0.40202991799899546,0.40202991799899546,fitted,platt_logistic_regression,0.49581294690645394,0,0.6738261482273262,0.3702770780856423,0.18303946263643997,no_interaction|interaction,2,True,0.26666666666666666,0.5227272727272727,0.26666666666666666,False,False,True
CC(C)(C(=O)O)ON=C(C1=CSC(=N1)N)C(=O)NC2C3N(C2=O)C(=C(CS3)C[N+]4=CC=CC=C4)C(=O)[O-],CC(C)C(C(=O)OCC(CO)OCN1C=NC2=C1NC(=NC2=O)N)N,0,unreported_twosides_sampled,0.35383135080337524,0.37344254254336073,0.37344254254336073,fitted,platt_logistic_regression,0.49581294690645394,0,0.6607624713336616,0.40470193115029385,0.16288832913518053,no_interaction|interaction,2,True,0.6428571428571429,0.7307692307692307,0.6428571428571429,False,False,False
C1CC(C1)(C(=O)O)C(=O)O.N.N.[Pt],CCOC1=C(C=CC(=C1)CC(=O)NC(CC(C)C)C2=CC=CC=C2N3CCCCC3)C(=O)O,0,unreported_twosides_sampled,0.5554801225662231,0.5948945665453588,0.5948945665453588,fitted,platt_logistic_regression,0.49581294690645394,1,0.6750275149843155,0.18387909319899245,0.3694374475230898,no_interaction|interaction,2,True,0.26666666666666666,0.2804878048780488,0.26666666666666666,False,False,True
CC1=NN=C2N1C3=C(C=C(C=C3)Cl)C(=NC2)C4=CC=CC=C4,CC1CN(CCN1)C2=C(C=C3C(=C2OC)N(C=C(C3=O)C(=O)O)C4CC4)F,1,reported_twosides,0.8054922223091125,0.844705689768903,0.844705689768903,fitted,platt_logistic_regression,0.49581294690645394,1,0.4317837293540155,0.03526448362720403,0.7246011754827876,interaction,1,False,0.7659574468085106,0.7230769230769231,0.7230769230769231,False,False,False
C(CCl)NC(=O)N(CCCl)N=O,CNC(=C[N+](=O)[O-])NCCSCC1=CC=C(O1)CN(C)C,1,reported_twosides,0.025571826845407486,0.021087072807855295,0.021087072807855295,fitted,platt_logistic_regression,0.49581294690645394,0,0.10224018014250924,0.9689336691855583,0.0025188916876574307,no_interaction,1,False,0.2391304347826087,0.603448275862069,0.2391304347826087,False,False,True
C1CC(C1)CN2CCC34C5C(CCC3(C2CC6=C4C(=C(C=C6)O)O5)O)O,C[N+](C)(C)CC(CC(=O)O)O,0,unreported_twosides_sampled,0.5239421129226685,0.5610550067141052,0.5610550067141052,fitted,platt_logistic_regression,0.49581294690645394,1,0.6856731136724126,0.2174643157010915,0.3417296389588581,no_interaction|interaction,2,True,0.6451612903225806,0.36666666666666664,0.36666666666666664,False,False,True
C1CN=C(N1)NC2=C(C=CC=C2Cl)Cl,CC12CCC3C(C1CCC2(C)O)CCC4C3(COC(=O)C4)C,0,unreported_twosides_sampled,0.31053459644317627,0.3249742756917451,0.3249742756917451,fitted,platt_logistic_regression,0.49581294690645394,0,0.6305622253021853,0.4643157010915197,0.12846347607052896,no_interaction|interaction,2,True,0.5853658536585366,0.31343283582089554,0.31343283582089554,False,False,True
CCC(C)C(=O)OC1CC(C=C2C1C(C(C=C2)C)CCC3CC(CC(=O)O3)O)C,CCCN1CC(CC2C1CC3=CNC4=CC=CC2=C34)CSC,1,reported_twosides,0.13415327668190002,0.13042307140726903,0.13042307140726903,fitted,platt_logistic_regression,0.49581294690645394,0,0.387190157027459,0.7716204869857263,0.023509655751469353,no_interaction,1,False,0.7424242424242424,0.42168674698795183,0.42168674698795183,False,False,False
CCOC(=O)N1CCC(=C2C3=C(CCC4=C2N=CC=C4)C=C(C=C3)Cl)CC1,CN1C=NC(=C1SC2=NC=NC3=C2NC=N3)[N+](=O)[O-],1,reported_twosides,0.93509840965271,0.9550524326885917,0.9550524326885917,fitted,platt_logistic_regression,0.49581294690645394,1,0.18336092036062365,0.0033585222502099076,0.9311502938706969,interaction,1,False,0.5892857142857143,0.25925925925925924,0.25925925925925924,False,False,True
CC1CN(CCN1)C2=C(C=C3C(=C2OC)N(C=C(C3=O)C(=O)O)C4CC4)F,CCCC1(CC(=O)C(=C(O1)O)C(CC)C2=CC(=CC=C2)NS(=O)(=O)C3=NC=C(C=C3)C(F)(F)F)CCC4=CC=CC=C4,0,unreported_twosides_sampled,0.4854702949523926,0.5192819871946982,0.5192819871946982,fitted,platt_logistic_regression,0.49581294690645394,1,0.6924034060811388,0.2502099076406381,0.2980688497061293,no_interaction|interaction,2,True,0.7230769230769231,0.2247191011235955,0.2247191011235955,False,False,True
C1C(C(C(C(C1N)OC2C(C(C(C(O2)CN)O)O)O)O)OC3C(C(C(C(O3)CO)O)N)O)N,CCC(C)C(=O)OC1CC(C=C2C1C(C(C=C2)C)CCC3CC(CC(=O)O3)O)C,0,unreported_twosides_sampled,0.3362327516078949,0.35374942802160797,0.35374942802160797,fitted,platt_logistic_regression,0.49581294690645394,0,0.6497368353029662,0.4248530646515533,0.14441645675902604,no_interaction|interaction,2,True,0.7727272727272727,0.7424242424242424,0.7424242424242424,False,False,False
C1CC(C1)(C(=O)O)C(=O)O.N.N.[Pt],CC1(C(N2C(S1)C(C2=O)NC(=O)C(C3=CC=CC=C3)N)C(=O)[O-])C,0,unreported_twosides_sampled,0.12660935521125793,0.12239357811037233,0.12239357811037233,fitted,platt_logistic_regression,0.49581294690645394,0,0.37166705573025405,0.7825356842989085,0.022670025188916875,no_interaction,1,False,0.26666666666666666,0.6119402985074627,0.26666666666666666,False,False,True
C1C(C(C(C(C1N)OC2C(C(C(C(O2)CN)O)O)O)O)OC3C(C(C(C(O3)CO)O)N)O)N,CNC(=C[N+](=O)[O-])NCCSCC1=CC=C(O1)CN(C)C,0,unreported_twosides_sampled,0.057110775262117386,0.0509947303613877,0.0509947303613877,fitted,platt_logistic_regression,0.49581294690645394,0,0.2014338153187516,0.9235936188077246,0.0041981528127623844,no_interaction,1,False,0.7727272727272727,0.603448275862069,0.603448275862069,False,False,False
CC(C)(C(=O)O)ON=C(C1=CSC(=N1)N)C(=O)NC2C3N(C2=O)C(=C(CS3)C[N+]4=CC=CC=C4)C(=O)[O-],C[N+](C)(C)CC(CC(=O)O)O,0,unreported_twosides_sampled,0.798478364944458,0.8382674671637101,0.8382674671637101,fitted,platt_logistic_regression,0.49581294690645394,1,0.4425316795125142,0.03946263643996641,0.7111670864819479,interaction,1,False,0.6428571428571429,0.36666666666666664,0.36666666666666664,False,False,True
CC12CCC3C(C1CCC2C(=O)NC4=C(C=CC(=C4)C(F)(F)F)C(F)(F)F)CCC5C3(C=CC(=O)N5)C,CC1=NN=C2N1C3=C(C=C(C=C3)Cl)C(=NC2)C4=CC=CC=C4,1,reported_twosides,0.25485673546791077,0.262730513422342,0.262730513422342,fitted,platt_logistic_regression,0.49581294690645394,0,0.5758936165043139,0.5457598656591099,0.08648194794290512,no_interaction,1,False,0.6417910447761194,0.7659574468085106,0.6417910447761194,False,False,False
C1CC(C1)(C(=O)O)C(=O)O.N.N.[Pt],CN1CC(=O)N2C(C1=O)CC3=C(C2C4=CC5=C(C=C4)OCO5)NC6=CC=CC=C36,0,unreported_twosides_sampled,0.7985337972640991,0.8383185083616226,0.8383185083616226,fitted,platt_logistic_regression,0.49581294690645394,1,0.4424476870594801,0.03946263643996641,0.7111670864819479,interaction,1,False,0.26666666666666666,0.24050632911392406,0.24050632911392406,False,False,True
CC(=O)OCC(=O)C12C(CC3C1(CC(C4(C3CC(C5=CC(=O)C=CC54C)F)F)O)C)OC(O2)(C)C,CCC(C)C(=O)OC1CC(C=C2C1C(C(C=C2)C)CCC3CC(CC(=O)O3)O)C,0,unreported_twosides_sampled,0.2724733352661133,0.2823916213309343,0.2823916213309343,fitted,platt_logistic_regression,0.49581294690645394,0,0.5951979503871868,0.5205709487825357,0.09907640638119228,no_interaction,1,False,0.8059701492537313,0.7424242424242424,0.7424242424242424,False,False,False
CC(C)C(C(=O)OCC(CO)OCN1C=NC2=C1NC(=NC2=O)N)N,CC(C)C(CCCN(C)CCC1=CC(=C(C=C1)OC)OC)(C#N)C2=CC(=C(C=C2)OC)OC,0,unreported_twosides_sampled,0.21666164696216583,0.22030303777812527,0.22030303777812527,fitted,platt_logistic_regression,0.49581294690645394,0,0.5272912386696883,0.6095717884130982,0.06297229219143577,no_interaction,1,False,0.7307692307692307,0.23529411764705882,0.23529411764705882,False,False,True
CC(C)C(C(=O)OCC(CO)OCN1C=NC2=C1NC(=NC2=O)N)N,CN1CC(=O)N2C(C1=O)CC3=C(C2C4=CC5=C(C=C4)OCO5)NC6=CC=CC=C36,0,unreported_twosides_sampled,0.8300991058349609,0.8669634005161048,0.8669634005161048,fitted,platt_logistic_regression,0.49581294690645394,1,0.3921186589329839,0.02434928631402183,0.7682619647355163,interaction,1,False,0.7307692307692307,0.24050632911392406,0.24050632911392406,False,False,True
CC(=O)OCC(=O)C12C(CC3C1(CC(C4(C3CC(C5=CC(=O)C=CC54C)F)F)O)C)OC(O2)(C)C,CC1=NN=C2N1C3=C(C=C(C=C3)Cl)C(=NC2)C4=CC=CC=C4,1,reported_twosides,0.052286647260189056,0.046277444671283086,0.046277444671283086,fitted,platt_logistic_regression,0.49581294690645394,0,0.18740497524425603,0.9286314021830394,0.0033585222502099076,no_interaction,1,False,0.8059701492537313,0.7659574468085106,0.7659574468085106,False,False,False
C1CC(OC1CO)N2C=NC3=C2NC=NC3=O,CN1CC(=O)N2C(C1=O)CC3=C(C2C4=CC5=C(C=C4)OCO5)NC6=CC=CC=C36,1,reported_twosides,0.6603012084960938,0.7041358137729845,0.7041358137729845,fitted,platt_logistic_regression,0.49581294690645394,1,0.6073192018848355,0.10495382031905962,0.5046179680940386,no_interaction|interaction,2,True,0.3492063492063492,0.24050632911392406,0.24050632911392406,False,False,True
CC(=O)OCC(=O)C12C(CC3C1(CC(C4(C3CC(C5=CC(=O)C=CC54C)F)F)O)C)OC(O2)(C)C,CCCN1CC(CC2C1CC3=CNC4=CC=CC2=C34)CSC,0,unreported_twosides_sampled,0.004417155869305134,0.003078128700493859,0.003078128700493859,fitted,platt_logistic_regression,0.49581294690645394,0,0.020875538826665735,0.9958018471872376,0.0008396305625524769,no_interaction,1,False,0.8059701492537313,0.42168674698795183,0.42168674698795183,False,False,False
C1C(N(C2=C(N1)NC(=NC2=O)N)C=O)CNC3=CC=C(C=C3)C(=O)NC(CCC(=O)O)C(=O)O,CC(C)C(C(=O)OCC(CO)OCN1C=NC2=C1NC(=NC2=O)N)N,0,unreported_twosides_sampled,0.9017927646636963,0.9285053675334433,0.9285053675334433,fitted,platt_logistic_regression,0.49581294690645394,1,0.2574880508718188,0.011754827875734676,0.8799328295549959,interaction,1,False,0.5256410256410257,0.7307692307692307,0.5256410256410257,False,False,False
C1CC(C1)(C(=O)O)C(=O)O.N.N.[Pt],C1CN=C(N1)NC2=C(C=CC=C2Cl)Cl,1,reported_twosides,0.47424036264419556,0.5069976306951811,0.5069976306951811,fitted,platt_logistic_regression,0.49581294690645394,1,0.6930492436920013,0.2661628883291352,0.28295549958018473,no_interaction|interaction,2,True,0.26666666666666666,0.5853658536585366,0.26666666666666666,False,False,True
CC12CCC3C(C1CCC2(C#C)O)CCC4=CC(=O)CCC34,COC1=C(C=C(C=C1)C2=CC3=C(C=C2)C=C(C=C3)C(=O)O)C45CC6CC(C4)CC(C6)C5,0,unreported_twosides_sampled,0.4474029242992401,0.4774946484470002,0.4774946484470002,fitted,platt_logistic_regression,0.49581294690645394,0,0.6921338565414357,0.29974811083123426,0.24769101595298068,no_interaction|interaction,2,True,0.7169811320754716,0.288135593220339,0.288135593220339,False,False,True
C1CN=C(N1)NC2=C(C=CC=C2Cl)Cl,C[N+](C)(C)CC(CC(=O)O)O,1,reported_twosides,0.39528772234916687,0.41971937069503434,0.41971937069503434,fitted,platt_logistic_regression,0.49581294690645394,0,0.6802012588657881,0.35516372795969775,0.1998320738874895,no_interaction|interaction,2,True,0.5853658536585366,0.36666666666666664,0.36666666666666664,False,False,True
CC1=C(C(C(=C(N1)C)C(=O)OCC(C)C)C2=CC=CC=C2[N+](=O)[O-])C(=O)OC,CC1CC2C3CCC4=CC(=O)C=CC4(C3(C(CC2(C1(C(=O)CO)O)C)O)F)C,1,reported_twosides,0.4566073715686798,0.48763517775413323,0.48763517775413323,fitted,platt_logistic_regression,0.49581294690645394,0,0.6928413717273163,0.2879932829554996,0.2619647355163728,no_interaction|interaction,2,True,0.8043478260869565,0.8596491228070176,0.8043478260869565,False,False,False
C1=CC(=C2NC(=C3C=CC=CC3=O)N(N2)C4=CC=C(C=C4)C(=O)O)C(=O)C=C1,C1CN=C(N1)NC2=C(C=CC=C2Cl)Cl,0,unreported_twosides_sampled,0.11617956310510635,0.1113639213940131,0.1113639213940131,fitted,platt_logistic_regression,0.49581294690645394,0,0.34935747670217615,0.8043660789252729,0.019311502938706968,no_interaction,1,False,0.22033898305084745,0.5853658536585366,0.22033898305084745,False,False,True
CC1(C(N2C(S1)C(C2=O)NC(=O)C(C3=CC=CC=C3)N)C(=O)[O-])C,CC1=C(C(=O)C2=CC=CC=C2C1=O)CC=C(C)CCCC(C)CCCC(C)CCCC(C)C,0,unreported_twosides_sampled,0.04051079601049423,0.034955865218984174,0.034955865218984174,fitted,platt_logistic_regression,0.49581294690645394,0,0.15156806482935622,0.9479429051217464,0.0033585222502099076,no_interaction,1,False,0.6119402985074627,0.22058823529411764,0.22058823529411764,False,False,True
C1CN=C(N1)NC2=C(C=CC=C2Cl)Cl,CC(=O)OCC(=O)C12C(CC3C1(CC(C4(C3CC(C5=CC(=O)C=CC54C)F)F)O)C)OC(O2)(C)C,1,reported_twosides,0.06829621642827988,0.06208382160341436,0.06208382160341436,fitted,platt_logistic_regression,0.49581294690645394,0,0.2326631456323212,0.9034424853064652,0.010075566750629723,no_interaction,1,False,0.5853658536585366,0.8059701492537313,0.5853658536585366,False,False,False
C1C(N(C2=C(N1)NC(=NC2=O)N)C=O)CNC3=CC=C(C=C3)C(=O)NC(CCC(=O)O)C(=O)O,CC12CCC3C(C1CCC2C(=O)NC4=C(C=CC(=C4)C(F)(F)F)C(F)(F)F)CCC5C3(C=CC(=O)N5)C,1,reported_twosides,0.6796871423721313,0.7237048349896305,0.7237048349896305,fitted,platt_logistic_regression,0.49581294690645394,1,0.5894201083470081,0.09235936188077246,0.5306465155331654,interaction,1,False,0.5256410256410257,0.6417910447761194,0.5256410256410257,False,False,False
CC(C)(C(=O)O)ON=C(C1=CSC(=N1)N)C(=O)NC2C3N(C2=O)C(=C(CS3)C[N+]4=CC=CC=C4)C(=O)[O-],CCC(C)C(=O)OC1CC(C=C2C1C(C(C=C2)C)CCC3CC(CC(=O)O3)O)C,0,unreported_twosides_sampled,0.3046829104423523,0.3184222695887212,0.3184222695887212,fitted,platt_logistic_regression,0.49581294690645394,0,0.6256744841370971,0.47103274559193953,0.12426532325776658,no_interaction|interaction,2,True,0.6428571428571429,0.7424242424242424,0.6428571428571429,False,False,False
C1CC(C1)CN2CCC34C5C(CCC3(C2CC6=C4C(=C(C=C6)O)O5)O)O,CN1CCC23C=CC(CC2OC4=C(C=CC(=C34)C1)OC)O,0,unreported_twosides_sampled,0.5432778596878052,0.5818484529291494,0.5818484529291494,fitted,platt_logistic_regression,0.49581294690645394,1,0.6796883528218467,0.19479429051217464,0.35768261964735515,no_interaction|interaction,2,True,0.6451612903225806,0.375,0.375,False,False,True
C1CC(C1)(C(=O)O)C(=O)O.N.N.[Pt],CN1C(=C(NC2=CC=CC=N2)O)C(=O)C3=CC=CC=C3S1(=O)=O,0,unreported_twosides_sampled,0.42135515809059143,0.44868752079149876,0.44868752079149876,fitted,platt_logistic_regression,0.49581294690645394,0,0.6878719569753147,0.3308144416456759,0.22418136020151133,no_interaction|interaction,2,True,0.26666666666666666,0.62,0.26666666666666666,False,False,True
C1C(C(C(C(C1N)OC2C(C(C(C(O2)CN)O)O)O)O)OC3C(C(C(C(O3)CO)O)N)O)N,CC1=NN=C2N1C3=C(C=C(C=C3)Cl)C(=NC2)C4=CC=CC=C4,0,unreported_twosides_sampled,0.2646527886390686,0.2736580995065994,0.2736580995065994,fitted,platt_logistic_regression,0.49581294690645394,0,0.58686341784096,0.5373635600335852,0.09235936188077246,no_interaction,1,False,0.7727272727272727,0.7659574468085106,0.7659574468085106,False,False,False
C1CC(OC1CO)N2C=NC3=C2NC=NC3=O,CCCCC(=O)N(CC1=CC=C(C=C1)C2=CC=CC=C2C3=NNN=N3)C(C(C)C)C(=O)O,1,reported_twosides,0.9086612462997437,0.934102475392847,0.934102475392847,fitted,platt_logistic_regression,0.49581294690645394,1,0.24289544596613846,0.0109151973131822,0.892527287993283,interaction,1,False,0.3492063492063492,0.4533333333333333,0.3492063492063492,False,False,True
C1CC(C1)CN2CCC34C5C(CCC3(C2CC6=C4C(=C(C=C6)O)O5)O)O,CC1=C(SC=C1)C(=CCCN2CCCC(C2)C(=O)O)C3=C(C=CS3)C,0,unreported_twosides_sampled,0.29752615094184875,0.31041058947986,0.31041058947986,fitted,platt_logistic_regression,0.49581294690645394,0,0.6194287910172305,0.48614609571788414,0.1200671704450042,no_interaction|interaction,2,True,0.6451612903225806,0.26865671641791045,0.26865671641791045,False,False,True
CC12CCC3C(C1CCC2O)C(CC4=C3C=CC(=C4)O)CCCCCCCCCS(=O)CCCC(C(F)(F)F)(F)F,CCCCC(=O)N(CC1=CC=C(C=C1)C2=CC=CC=C2C3=NNN=N3)C(C(C)C)C(=O)O,1,reported_twosides,0.4418630003929138,0.4713810348699251,0.4713810348699251,fitted,platt_logistic_regression,0.49581294690645394,0,0.6915081946088601,0.3056255247691016,0.24265323257766583,no_interaction|interaction,2,True,0.4492753623188406,0.4533333333333333,0.4492753623188406,False,False,False
CC12CCC3C(C1CCC2C(=O)NC4=C(C=CC(=C4)C(F)(F)F)C(F)(F)F)CCC5C3(C=CC(=O)N5)C,CN(C)CCC1=CNC2=C1C=C(C=C2)CC3COC(=O)N3,0,unreported_twosides_sampled,0.3354441225528717,0.3528665659388679,0.3528665659388679,fitted,platt_logistic_regression,0.49581294690645394,0,0.6492031185681404,0.4256926952141058,0.14357682619647355,no_interaction|interaction,2,True,0.6417910447761194,0.543859649122807,0.543859649122807,False,False,False
C1=CC(=C2NC(=C3C=CC=CC3=O)N(N2)C4=CC=C(C=C4)C(=O)O)C(=O)C=C1,CCOC(=O)N1CCC(=C2C3=C(CCC4=C2N=CC=C4)C=C(C=C3)Cl)CC1,1,reported_twosides,0.1502232551574707,0.1476565301787516,0.1476565301787516,fitted,platt_logistic_regression,0.49581294690645394,0,0.418622472790746,0.7422334172963896,0.031066330814441646,no_interaction,1,False,0.22033898305084745,0.5892857142857143,0.22033898305084745,False,False,True
CC1CC2C3CCC4=CC(=O)C=CC4(C3(C(CC2(C1(C(=O)CO)O)C)O)F)C,CCCN1CC(CC2C1CC3=CNC4=CC=CC2=C34)CSC,0,unreported_twosides_sampled,0.10743732005357742,0.10218887754379749,0.10218887754379749,fitted,platt_logistic_regression,0.49581294690645394,0,0.32986598197347405,0.8270361041141897,0.017632241813602016,no_interaction,1,False,0.8596491228070176,0.42168674698795183,0.42168674698795183,False,False,False
CC1(C(N2C(S1)C(C2=O)NC(=O)C(C3=CC=CC=C3)N)C(=O)[O-])C,CCOC(=O)N1CCC(=C2C3=C(CCC4=C2N=CC=C4)C=C(C=C3)Cl)CC1,0,unreported_twosides_sampled,0.0503288097679615,0.044375328896447346,0.044375328896447346,fitted,platt_logistic_regression,0.49581294690645394,0,0.18160817587684336,0.9328295549958019,0.0033585222502099076,no_interaction,1,False,0.6119402985074627,0.5892857142857143,0.5892857142857143,False,False,False
CC1=C(C(C(=C(N1)C)C(=O)OCC(C)C)C2=CC=CC=C2[N+](=O)[O-])C(=O)OC,CN1CCC23C=CC(CC2OC4=C(C=CC(=C34)C1)OC)O,0,unreported_twosides_sampled,0.8523373007774353,0.8866107926789565,0.8866107926789565,fitted,platt_logistic_regression,0.49581294690645394,1,0.35354314626144084,0.019311502938706968,0.799328295549958,interaction,1,False,0.8043478260869565,0.375,0.375,False,False,True
C1CN=C(N1)NC2=C(C=CC=C2Cl)Cl,CC12CCC3C(C1CCC2C(=O)NC4=C(C=CC(=C4)C(F)(F)F)C(F)(F)F)CCC5C3(C=CC(=O)N5)C,1,reported_twosides,0.15457071363925934,0.15234626469861864,0.15234626469861864,fitted,platt_logistic_regression,0.49581294690645394,0,0.4267574249075168,0.7321578505457599,0.033585222502099076,no_interaction,1,False,0.5853658536585366,0.6417910447761194,0.5853658536585366,False,False,False
CCN(C)C(=O)OC1=CC=CC(=C1)C(C)N(C)C,COC1=C(C=C(C=C1)C2=CC3=C(C=C2)C=C(C=C3)C(=O)O)C45CC6CC(C4)CC(C6)C5,0,unreported_twosides_sampled,0.37526917457580566,0.3973986193787874,0.3973986193787874,fitted,platt_logistic_regression,0.49581294690645394,0,0.6719427893754195,0.3795130142737196,0.181360201511335,no_interaction|interaction,2,True,0.32653061224489793,0.288135593220339,0.288135593220339,False,False,True
CCCN1CC(CC2C1CC3=CNC4=CC=CC2=C34)CSC,CN(C)CCC1=CNC2=C1C=C(C=C2)CC3COC(=O)N3,0,unreported_twosides_sampled,0.04337625205516815,0.03768327158016962,0.03768327158016962,fitted,platt_logistic_regression,0.49581294690645394,0,0.1605102424199723,0.9429051217464316,0.0033585222502099076,no_interaction,1,False,0.42168674698795183,0.543859649122807,0.42168674698795183,False,False,False
CC1=NN=C2N1C3=C(C=C(C=C3)Cl)C(=NC2)C4=CC=CC=C4,CN1C(=C(NC2=CC=CC=N2)O)C(=O)C3=CC=CC=C3S1(=O)=O,1,reported_twosides,0.20744910836219788,0.21012602739522682,0.21012602739522682,fitted,platt_logistic_regression,0.49581294690645394,0,0.5141235996542335,0.6221662468513854,0.056255247691015954,no_interaction,1,False,0.7659574468085106,0.62,0.62,False,False,False
CC12CCC3C(C1CCC2(C#C)O)CCC4=CC(=O)CCC34,CCOC(=O)N1CCC(=C2C3=C(CCC4=C2N=CC=C4)C=C(C=C3)Cl)CC1,1,reported_twosides,0.2309911549091339,0.23618083381437271,0.23618083381437271,fitted,platt_logistic_regression,0.49581294690645394,0,0.5466375233951718,0.5835432409739715,0.07136859781696053,no_interaction,1,False,0.7169811320754716,0.5892857142857143,0.5892857142857143,False,False,False
C1CC(OC1CO)N2C=NC3=C2NC=NC3=O,CN1CCC23C=CC(CC2OC4=C(C=CC(=C34)C1)OC)O,0,unreported_twosides_sampled,0.9424589276313782,0.9606982777723605,0.9606982777723605,fitted,platt_logistic_regression,0.49581294690645394,1,0.16571859881550285,0.0033585222502099076,0.9429051217464316,interaction,1,False,0.3492063492063492,0.375,0.3492063492063492,False,False,True
CC1CN(CCN1)C2=C(C=C3C(=C2OC)N(C=C(C3=O)C(=O)O)C4CC4)F,CCCCC(=O)N(CC1=CC=C(C=C1)C2=CC=CC=C2C3=NNN=N3)C(C(C)C)C(=O)O,1,reported_twosides,0.9602497220039368,0.9739430334631068,0.9739430334631068,fitted,platt_logistic_regression,0.49581294690645394,1,0.12075650291218085,0.0033585222502099076,0.963056255247691,interaction,1,False,0.7230769230769231,0.4533333333333333,0.4533333333333333,False,False,False
C(CCl)NC(=O)N(CCCl)N=O,CN(C)NN=C1C(=NC=N1)C(=O)N,1,reported_twosides,0.0011695045977830887,0.0007194829397910765,0.0007194829397910765,fitted,platt_logistic_regression,0.49581294690645394,0,0.00592610607166596,1.0,0.0008396305625524769,no_interaction,1,False,0.2391304347826087,0.24390243902439024,0.2391304347826087,False,False,True
CC1=C(C(=O)C2=CC=CC=C2C1=O)CC=C(C)CCCC(C)CCCC(C)CCCC(C)C,CCC(C)C(=O)OC1CC(C=C2C1C(C(C=C2)C)CCC3CC(CC(=O)O3)O)C,0,unreported_twosides_sampled,0.4108012616634369,0.4369742353752493,0.4369742353752493,fitted,platt_logistic_regression,0.49581294690645394,0,0.6851815133578839,0.3434089000839631,0.2141057934508816,no_interaction|interaction,2,True,0.22058823529411764,0.7424242424242424,0.22058823529411764,False,False,True
C1=CC(=C2NC(=C3C=CC=CC3=O)N(N2)C4=CC=C(C=C4)C(=O)O)C(=O)C=C1,CN1C(=C(NC2=CC=CC=N2)O)C(=O)C3=CC=CC=C3S1(=O)=O,0,unreported_twosides_sampled,0.15269897878170013,0.15032581839672604,0.15032581839672604,fitted,platt_logistic_regression,0.49581294690645394,0,0.42327383668434454,0.7363560033585222,0.0327455919395466,no_interaction,1,False,0.22033898305084745,0.62,0.22033898305084745,False,False,True
CCCN1CC(CC2C1CC3=CNC4=CC=CC2=C34)CSC,CN1CCC23C=CC(CC2OC4=C(C=CC(=C34)C1)OC)O,0,unreported_twosides_sampled,0.2632499635219574,0.27209236068880366,0.27209236068880366,fitted,platt_logistic_regression,0.49581294690645394,0,0.585328861328142,0.5373635600335852,0.09235936188077246,no_interaction,1,False,0.42168674698795183,0.375,0.375,False,False,True
CC(C)C(C(=O)OCC(CO)OCN1C=NC2=C1NC(=NC2=O)N)N,CC1=NN=C2N1C3=C(C=C(C=C3)Cl)C(=NC2)C4=CC=CC=C4,0,unreported_twosides_sampled,0.5716789960861206,0.6121173863337545,0.6121173863337545,fitted,platt_logistic_regression,0.49581294690645394,1,0.667791525179716,0.17296389588581024,0.3895885810243493,no_interaction|interaction,2,True,0.7307692307692307,0.7659574468085106,0.7307692307692307,False,False,False
C(CCl)NC(=O)N(CCCl)N=O,CN1CCC23C=CC(CC2OC4=C(C=CC(=C34)C1)OC)O,0,unreported_twosides_sampled,0.5031582117080688,0.5385502183405816,0.5385502183405816,fitted,platt_logistic_regression,0.49581294690645394,1,0.6901719901331556,0.23425692695214106,0.3165407220822838,no_interaction|interaction,2,True,0.2391304347826087,0.375,0.2391304347826087,False,False,True
C1CC(OC1CO)N2C=NC3=C2NC=NC3=O,CCOC(=O)N1CCC(=C2C3=C(CCC4=C2N=CC=C4)C=C(C=C3)Cl)CC1,1,reported_twosides,0.3265051245689392,0.34285806988247386,0.34285806988247386,fitted,platt_logistic_regression,0.49581294690645394,0,0.6429130427750477,0.4424853064651553,0.13685978169605373,no_interaction|interaction,2,True,0.3492063492063492,0.5892857142857143,0.3492063492063492,False,False,True
CC12CCC3C(C1CCC2O)C(CC4=C3C=CC(=C4)O)CCCCCCCCCS(=O)CCCC(C(F)(F)F)(F)F,CCCN1CC(CC2C1CC3=CNC4=CC=CC2=C34)CSC,0,unreported_twosides_sampled,0.03694569692015648,0.031589957398021874,0.031589957398021874,fitted,platt_logistic_regression,0.49581294690645394,0,0.14022630568568015,0.9546599496221663,0.0033585222502099076,no_interaction,1,False,0.4492753623188406,0.42168674698795183,0.42168674698795183,False,False,False
C1C(N(C2=C(N1)NC(=NC2=O)N)C=O)CNC3=CC=C(C=C3)C(=O)NC(CCC(=O)O)C(=O)O,CC1CC2C3CCC4=CC(=O)C=CC4(C3(C(CC2(C1(C(=O)CO)O)C)O)F)C,1,reported_twosides,0.8444949984550476,0.8797351096966686,0.8797351096966686,fitted,platt_logistic_regression,0.49581294690645394,1,0.3674524346847736,0.0218303946263644,0.7875734676742233,interaction,1,False,0.5256410256410257,0.8596491228070176,0.5256410256410257,False,False,False
CC(C)(C)NCC(C1=CC(=C(C=C1)O)CO)O,CC1=C(C(=O)C2=CC=CC=C2C1=O)CC=C(C)CCCC(C)CCCC(C)CCCC(C)C,1,reported_twosides,0.1146603524684906,0.10976472571800736,0.10976472571800736,fitted,platt_logistic_regression,0.49581294690645394,0,0.3460231564246339,0.8068849706129303,0.019311502938706968,no_interaction,1,False,0.5227272727272727,0.22058823529411764,0.22058823529411764,False,False,True
CC(C)(C(=O)O)ON=C(C1=CSC(=N1)N)C(=O)NC2C3N(C2=O)C(=C(CS3)C[N+]4=CC=CC=C4)C(=O)[O-],CCOC1=C(C=CC(=C1)CC(=O)NC(CC(C)C)C2=CC=CC=C2N3CCCCC3)C(=O)O,0,unreported_twosides_sampled,0.21798960864543915,0.22177213052753,0.22177213052753,fitted,platt_logistic_regression,0.49581294690645394,0,0.5291417545248543,0.6062132661628883,0.06381192275398824,no_interaction,1,False,0.6428571428571429,0.2804878048780488,0.2804878048780488,False,False,True
CC(C)(C)NCC(C1=CC(=C(C=C1)O)CO)O,CN1CCC(=C2C3=C(C(=O)CC4=CC=CC=C42)SC=C3)CC1,1,reported_twosides,0.546386182308197,0.5851774749479645,0.5851774749479645,fitted,platt_logistic_regression,0.49581294690645394,1,0.6785657645192873,0.1897565071368598,0.35852225020990763,no_interaction|interaction,2,True,0.5227272727272727,0.3018867924528302,0.3018867924528302,False,False,True
C1CC(C1)(C(=O)O)C(=O)O.N.N.[Pt],CC(=O)OCC(=O)C12C(CC3C1(CC(C4(C3CC(C5=CC(=O)C=CC54C)F)F)O)C)OC(O2)(C)C,0,unreported_twosides_sampled,0.1590910106897354,0.15723387475051556,0.15723387475051556,fitted,platt_logistic_regression,0.49581294690645394,0,0.4350544136329345,0.7212426532325776,0.03610411418975651,no_interaction,1,False,0.26666666666666666,0.8059701492537313,0.26666666666666666,False,False,True
C1=CC(=C2NC(=C3C=CC=CC3=O)N(N2)C4=CC=C(C=C4)C(=O)O)C(=O)C=C1,CC12CCC3C(C1CCC2O)C(CC4=C3C=CC(=C4)O)CCCCCCCCCS(=O)CCCC(C(F)(F)F)(F)F,0,unreported_twosides_sampled,0.1944626271724701,0.1958276128455359,0.1958276128455359,fitted,platt_logistic_regression,0.49581294690645394,0,0.494563577226228,0.6507136859781696,0.05373635600335852,no_interaction,1,False,0.22033898305084745,0.4492753623188406,0.22033898305084745,False,False,True
CCCN1CC(CC2C1CC3=CNC4=CC=CC2=C34)CSC,CNC(=C[N+](=O)[O-])NCCSCC1=CC=C(O1)CN(C)C,1,reported_twosides,0.04422370344400406,0.03849346779680141,0.03849346779680141,fitted,platt_logistic_regression,0.49581294690645394,0,0.1631263922800053,0.9429051217464316,0.0033585222502099076,no_interaction,1,False,0.42168674698795183,0.603448275862069,0.42168674698795183,False,False,False
CC(C=CC(C)C(C)(C)O)C1CCC2C1(CCCC2=CC=C3CC(CC(C3)O)O)C,CCOC1=C(C=CC(=C1)CC(=O)NC(CC(C)C)C2=CC=CC=C2N3CCCCC3)C(=O)O,1,reported_twosides,0.5987699031829834,0.640659579729698,0.640659579729698,fitted,platt_logistic_regression,0.49581294690645394,1,0.6530377519048884,0.1494542401343409,0.42065491183879095,no_interaction|interaction,2,True,0.5625,0.2804878048780488,0.2804878048780488,False,False,True
CCCN1CC(CC2C1CC3=CNC4=CC=CC2=C34)CSC,CCOC1=C(C=CC(=C1)CC(=O)NC(CC(C)C)C2=CC=CC=C2N3CCCCC3)C(=O)O,0,unreported_twosides_sampled,0.17901229858398438,0.17890015831396863,0.17890015831396863,fitted,platt_logistic_regression,0.49581294690645394,0,0.4697216403593626,0.6784214945424013,0.04617968094038623,no_interaction,1,False,0.42168674698795183,0.2804878048780488,0.2804878048780488,False,False,True
CC(C)C(CCCN(C)CCC1=CC(=C(C=C1)OC)OC)(C#N)C2=CC(=C(C=C2)OC)OC,CN1C(=C(NC2=CC=CC=N2)O)C(=O)C3=CC=CC=C3S1(=O)=O,1,reported_twosides,0.2856207489967346,0.2970892100970183,0.2970892100970183,fitted,platt_logistic_regression,0.49581294690645394,0,0.6083777853853569,0.5029387069689337,0.10663308144416457,no_interaction|interaction,2,True,0.23529411764705882,0.62,0.23529411764705882,False,False,True
CC(C)(C(=O)O)ON=C(C1=CSC(=N1)N)C(=O)NC2C3N(C2=O)C(=C(CS3)C[N+]4=CC=CC=C4)C(=O)[O-],CN1CC(=O)N2C(C1=O)CC3=C(C2C4=CC5=C(C=C4)OCO5)NC6=CC=CC=C36,0,unreported_twosides_sampled,0.2760622799396515,0.2864019972809661,0.2864019972809661,fitted,platt_logistic_regression,0.49581294690645394,0,0.5988985741563284,0.5163727959697733,0.10243492863140219,no_interaction|interaction,2,True,0.6428571428571429,0.24050632911392406,0.24050632911392406,False,False,True
CC1=NN=C(S1)SCC2=C(N3C(C(C3=O)NC(=O)CN4C=NN=N4)SC2)C(=O)[O-],CCOC(=O)N1CCC(=C2C3=C(CCC4=C2N=CC=C4)C=C(C=C3)Cl)CC1,1,reported_twosides,0.49741503596305847,0.5323051288193361,0.5323051288193361,fitted,platt_logistic_regression,0.49581294690645394,1,0.6910584832395514,0.23929471032745592,0.30982367758186397,no_interaction|interaction,2,True,0.4574468085106383,0.5892857142857143,0.4574468085106383,False,False,False
CC(C=CC(C)C(C)(C)O)C1CCC2C1(CCCC2=CC=C3CC(CC(C3)O)O)C,CC1=C(C(=O)C2=CC=CC=C2C1=O)CC=C(C)CCCC(C)CCCC(C)CCCC(C)C,0,unreported_twosides_sampled,0.48367729783058167,0.5173232144027697,0.5173232144027697,fitted,platt_logistic_regression,0.49581294690645394,1,0.692546872912748,0.25524769101595296,0.2963895885810244,no_interaction|interaction,2,True,0.5625,0.22058823529411764,0.22058823529411764,False,False,True
CC1CC2C3CCC4=CC(=O)C=CC4(C3(C(CC2(C1(C(=O)CO)O)C)O)F)C,CN(C)NN=C1C(=NC=N1)C(=O)N,1,reported_twosides,0.4722583591938019,0.5048256209027677,0.5048256209027677,fitted,platt_logistic_regression,0.49581294690645394,1,0.6931006066027019,0.2695214105793451,0.28211586901763225,no_interaction|interaction,2,True,0.8596491228070176,0.24390243902439024,0.24390243902439024,False,False,True
C1CN=C(N1)NC2=C(C=CC=C2Cl)Cl,CC(C)C(CCCN(C)CCC1=CC(=C(C=C1)OC)OC)(C#N)C2=CC(=C(C=C2)OC)OC,1,reported_twosides,0.07200083881616592,0.06579873769463353,0.06579873769463353,fitted,platt_logistic_regression,0.49581294690645394,0,0.2426334346164512,0.892527287993283,0.0109151973131822,no_interaction,1,False,0.5853658536585366,0.23529411764705882,0.23529411764705882,False,False,True
CC1(C(N2C(S1)C(C2=O)NC(=O)C(C3=CC=CC=C3)N)C(=O)[O-])C,CC1CC2C3CCC4=CC(=O)C=CC4(C3(C(CC2(C1(C(=O)CO)O)C)O)F)C,1,reported_twosides,0.145415797829628,0.14248371366884743,0.14248371366884743,fitted,platt_logistic_regression,0.49581294690645394,0,0.40944665317195916,0.7514693534844669,0.028547439126784216,no_interaction,1,False,0.6119402985074627,0.8596491228070176,0.6119402985074627,False,False,False
C(CCl)NC(=O)N(CCCl)N=O,CC(C)C(CCCN(C)CCC1=CC(=C(C=C1)OC)OC)(C#N)C2=CC(=C(C=C2)OC)OC,0,unreported_twosides_sampled,0.09816265106201172,0.09253216271961975,0.09253216271961975,fitted,platt_logistic_regression,0.49581294690645394,0,0.30835750501746023,0.8455079764903443,0.01595298068849706,no_interaction,1,False,0.2391304347826087,0.23529411764705882,0.23529411764705882,False,False,True
CC(C)(C)NCC(C1=CC(=C(C=C1)O)CO)O,CN1CCC23C=CC(CC2OC4=C(C=CC(=C34)C1)OC)O,1,reported_twosides,0.7197024822235107,0.7633752063016978,0.7633752063016978,fitted,platt_logistic_regression,0.49581294690645394,1,0.5471580678471752,0.07136859781696053,0.5818639798488665,interaction,1,False,0.5227272727272727,0.375,0.375,False,False,True
CC(C)(C(=O)O)ON=C(C1=CSC(=N1)N)C(=O)NC2C3N(C2=O)C(=C(CS3)C[N+]4=CC=CC=C4)C(=O)[O-],CN1CCC(=C2C3=C(C(=O)CC4=CC=CC=C42)SC=C3)CC1,0,unreported_twosides_sampled,0.17572757601737976,0.17531453106992795,0.17531453106992795,fitted,platt_logistic_regression,0.49581294690645394,0,0.4642138084301269,0.6859781696053736,0.042821158690176324,no_interaction,1,False,0.6428571428571429,0.3018867924528302,0.3018867924528302,False,False,True
C1=CC(=C2NC(=C3C=CC=CC3=O)N(N2)C4=CC=C(C=C4)C(=O)O)C(=O)C=C1,CNC(=C[N+](=O)[O-])NCCSCC1=CC=C(O1)CN(C)C,1,reported_twosides,0.12727367877960205,0.12309898437082796,0.12309898437082796,fitted,platt_logistic_regression,0.49581294690645394,0,0.37305436279680143,0.7808564231738035,0.022670025188916875,no_interaction,1,False,0.22033898305084745,0.603448275862069,0.22033898305084745,False,False,True
CC(C)C(CCCN(C)CCC1=CC(=C(C=C1)OC)OC)(C#N)C2=CC(=C(C=C2)OC)OC,C[N+](C)(C)CC(CC(=O)O)O,0,unreported_twosides_sampled,0.7142221331596375,0.7580023278166509,0.7580023278166509,fitted,platt_logistic_regression,0.49581294690645394,1,0.5533716851459739,0.0764063811922754,0.5776658270361041,interaction,1,False,0.23529411764705882,0.36666666666666664,0.23529411764705882,False,False,True
CC12CCC3C(C1CCC2(C#C)O)CCC4=CC(=O)CCC34,CN1CCC23C=CC(CC2OC4=C(C=CC(=C34)C1)OC)O,0,unreported_twosides_sampled,0.7835820913314819,0.8244617363634663,0.8244617363634663,fitted,platt_logistic_regression,0.49581294690645394,1,0.4645600674444973,0.042821158690176324,0.6851385390428212,interaction,1,False,0.7169811320754716,0.375,0.375,False,False,True
C1CC(OC1CO)N2C=NC3=C2NC=NC3=O,CC12CCC3C(C1CCC2(C#C)O)CCC4=CC(=O)CCC34,0,unreported_twosides_sampled,0.7461695075035095,0.7890386968695292,0.7890386968695292,fitted,platt_logistic_regression,0.49581294690645394,1,0.5152275435556359,0.056255247691015954,0.6213266162888329,interaction,1,False,0.3492063492063492,0.7169811320754716,0.3492063492063492,False,False,True
C1CC(C1)CN2CCC34C5C(CCC3(C2CC6=C4C(=C(C=C6)O)O5)O)O,CCCCC(=O)N(CC1=CC=C(C=C1)C2=CC=CC=C2C3=NNN=N3)C(C(C)C)C(=O)O,0,unreported_twosides_sampled,0.7134758830070496,0.7572691909755149,0.7572691909755149,fitted,platt_logistic_regression,0.49581294690645394,1,0.5542072861911781,0.0764063811922754,0.5768261964735516,interaction,1,False,0.6451612903225806,0.4533333333333333,0.4533333333333333,False,False,False
C1CC(OC1CO)N2C=NC3=C2NC=NC3=O,C[N+](C)(C)CC(CC(=O)O)O,1,reported_twosides,0.7970909476280212,0.8369891407076702,0.8369891407076702,fitted,platt_logistic_regression,0.49581294690645394,1,0.44462901542320044,0.03946263643996641,0.7086481947942905,interaction,1,False,0.3492063492063492,0.36666666666666664,0.3492063492063492,False,False,True
CC1=C(C(=O)C2=CC=CC=C2C1=O)CC=C(C)CCCC(C)CCCC(C)CCCC(C)C,CNC(=C[N+](=O)[O-])NCCSCC1=CC=C(O1)CN(C)C,1,reported_twosides,0.253713995218277,0.2614567627527818,0.2614567627527818,fitted,platt_logistic_regression,0.49581294690645394,0,0.5745751368591735,0.5474391267842149,0.08480268681780016,no_interaction,1,False,0.22058823529411764,0.603448275862069,0.22058823529411764,False,False,True
C1C(OC(S1)CO)N2C=C(C(=NC2=O)N)F,C1CN=C(N1)NC2=C(C=CC=C2Cl)Cl,1,reported_twosides,0.24265071749687195,0.24913725837264794,0.24913725837264794,fitted,platt_logistic_regression,0.49581294690645394,0,0.5613853396781885,0.5659109991603695,0.07808564231738035,no_interaction,1,False,0.6326530612244898,0.5853658536585366,0.5853658536585366,False,False,False
CCCN1CC(CC2C1CC3=CNC4=CC=CC2=C34)CSC,COC1=C(C=C(C=C1)C2=CC3=C(C=C2)C=C(C=C3)C(=O)O)C45CC6CC(C4)CC(C6)C5,0,unreported_twosides_sampled,0.04067455604672432,0.03511122072905454,0.03511122072905454,fitted,platt_logistic_regression,0.49581294690645394,0,0.15208319079431232,0.9479429051217464,0.0033585222502099076,no_interaction,1,False,0.42168674698795183,0.288135593220339,0.288135593220339,False,False,True
CC(C)(C(=O)O)ON=C(C1=CSC(=N1)N)C(=O)NC2C3N(C2=O)C(=C(CS3)C[N+]4=CC=CC=C4)C(=O)[O-],CC(C=CC(C)C(C)(C)O)C1CCC2C1(CCCC2=CC=C3CC(CC(C3)O)O)C,0,unreported_twosides_sampled,0.22322747111320496,0.22757149888850073,0.22757149888850073,fitted,platt_logistic_regression,0.49581294690645394,0,0.5363252645165978,0.5927791771620488,0.06633081444164568,no_interaction,1,False,0.6428571428571429,0.5625,0.5625,False,False,False
CCOC(=O)N1CCC(=C2C3=C(CCC4=C2N=CC=C4)C=C(C=C3)Cl)CC1,CN1CC(=O)N2C(C1=O)CC3=C(C2C4=CC5=C(C=C4)OCO5)NC6=CC=CC=C36,1,reported_twosides,0.47383201122283936,0.5065502262582482,0.5065502262582482,fitted,platt_logistic_regression,0.49581294690645394,1,0.6930613671772032,0.26700251889168763,0.28211586901763225,no_interaction|interaction,2,True,0.5892857142857143,0.24050632911392406,0.24050632911392406,False,False,True
C1CC(OC1CO)N2C=NC3=C2NC=NC3=O,C1CN=C(N1)NC2=C(C=CC=C2Cl)Cl,0,unreported_twosides_sampled,0.26170364022254944,0.2703667826454326,0.2703667826454326,fitted,platt_logistic_regression,0.49581294690645394,0,0.5836233092529929,0.5390428211586902,0.09151973131821999,no_interaction,1,False,0.3492063492063492,0.5853658536585366,0.3492063492063492,False,False,True
CCC(C)C(=O)OC1CC(C=C2C1C(C(C=C2)C)CCC3CC(CC(=O)O3)O)C,CCCCC(=O)N(CC1=CC=C(C=C1)C2=CC=CC=C2C3=NNN=N3)C(C(C)C)C(=O)O,1,reported_twosides,0.8715177774429321,0.9031709216860018,0.9031709216860018,fitted,platt_logistic_regression,0.49581294690645394,1,0.31805935321941,0.017632241813602016,0.8371116708648195,interaction,1,False,0.7424242424242424,0.4533333333333333,0.4533333333333333,False,False,False
C1CC(C1)(C(=O)O)C(=O)O.N.N.[Pt],CC(C)(C(=O)O)ON=C(C1=CSC(=N1)N)C(=O)NC2C3N(C2=O)C(=C(CS3)C[N+]4=CC=CC=C4)C(=O)[O-],1,reported_twosides,0.23612332344055176,0.2418801047623804,0.2418801047623804,fitted,platt_logistic_regression,0.49581294690645394,0,0.5532374138815065,0.5776658270361041,0.0764063811922754,no_interaction,1,False,0.26666666666666666,0.6428571428571429,0.26666666666666666,False,False,True
C1=CC(=CC=C1N)S(=O)(=O)C2=CC=C(C=C2)N,CCC(C)C(=O)OC1CC(C=C2C1C(C(C=C2)C)CCC3CC(CC(=O)O3)O)C,1,reported_twosides,0.06244702637195587,0.05626000671473761,0.05626000671473761,fitted,platt_logistic_regression,0.49581294690645394,0,0.21655030531002392,0.9185558354324097,0.006717044500419815,no_interaction,1,False,0.43333333333333335,0.7424242424242424,0.43333333333333335,False,False,False
CN1CC(=O)N2C(C1=O)CC3=C(C2C4=CC5=C(C=C4)OCO5)NC6=CC=CC=C36,CN1CCC(=C2C3=C(C(=O)CC4=CC=CC=C42)SC=C3)CC1,1,reported_twosides,0.9469146728515625,0.9640713876894691,0.9640713876894691,fitted,platt_logistic_regression,0.49581294690645394,1,0.15478182352807118,0.0033585222502099076,0.9462636439966414,interaction,1,False,0.24050632911392406,0.3018867924528302,0.24050632911392406,False,False,True
CC(C)(C)NCC(C1=CC(=C(C=C1)O)CO)O,CCCCC(=O)N(CC1=CC=C(C=C1)C2=CC=CC=C2C3=NNN=N3)C(C(C)C)C(=O)O,1,reported_twosides,0.6080635786056519,0.6503715624974677,0.6503715624974677,fitted,platt_logistic_regression,0.49581294690645394,1,0.6472163238050357,0.14105793450881612,0.4290512174643157,no_interaction|interaction,2,True,0.5227272727272727,0.4533333333333333,0.4533333333333333,False,False,False
CCCN1CC(CC2C1CC3=CNC4=CC=CC2=C34)CSC,CN1C(=C(NC2=CC=CC=N2)O)C(=O)C3=CC=CC=C3S1(=O)=O,0,unreported_twosides_sampled,0.07815954834222794,0.07201665294021793,0.07201665294021793,fitted,platt_logistic_regression,0.49581294690645394,0,0.2588244393160212,0.8799328295549959,0.011754827875734676,no_interaction,1,False,0.42168674698795183,0.62,0.42168674698795183,False,False,False
CC(=O)OCC(=O)C12C(CC3C1(CC(C4(C3CC(C5=CC(=O)C=CC54C)F)F)O)C)OC(O2)(C)C,CC1=C(C(C(=C(N1)C)C(=O)OCC(C)C)C2=CC=CC=C2[N+](=O)[O-])C(=O)OC,0,unreported_twosides_sampled,0.0985792800784111,0.09296414007331975,0.09296414007331975,fitted,platt_logistic_regression,0.49581294690645394,0,0.30934264371760833,0.8429890848026869,0.016792611251049538,no_interaction,1,False,0.8059701492537313,0.8043478260869565,0.8043478260869565,False,False,False
C1C(OC(S1)CO)N2C=C(C(=NC2=O)N)F,CC(C)C(CCCN(C)CCC1=CC(=C(C=C1)OC)OC)(C#N)C2=CC(=C(C=C2)OC)OC,0,unreported_twosides_sampled,0.2527253031730652,0.26035489990894145,0.26035489990894145,fitted,platt_logistic_regression,0.49581294690645394,0,0.5734278040497935,0.5499580184718724,0.08396305625524769,no_interaction,1,False,0.6326530612244898,0.23529411764705882,0.23529411764705882,False,False,True
CC1=C(SC=C1)C(=CCCN2CCCC(C2)C(=O)O)C3=C(C=CS3)C,CN1CC(=O)N2C(C1=O)CC3=C(C2C4=CC5=C(C=C4)OCO5)NC6=CC=CC=C36,0,unreported_twosides_sampled,0.7467983365058899,0.7896425413194467,0.7896425413194467,fitted,platt_logistic_regression,0.49581294690645394,1,0.5144298917664908,0.056255247691015954,0.6221662468513854,interaction,1,False,0.26865671641791045,0.24050632911392406,0.24050632911392406,False,False,True
CC1=C(C(=O)C2=CC=CC=C2C1=O)CC=C(C)CCCC(C)CCCC(C)CCCC(C)C,CC1CN(CCN1)C2=C(C=C3C(=C2OC)N(C=C(C3=O)C(=O)O)C4CC4)F,0,unreported_twosides_sampled,0.7370337247848511,0.7802345856490635,0.7802345856490635,fitted,platt_logistic_regression,0.49581294690645394,1,0.5266108938776869,0.06297229219143577,0.6120906801007556,interaction,1,False,0.22058823529411764,0.7230769230769231,0.22058823529411764,False,False,True
CC12CCC3C(C1CCC2O)C(CC4=C3C=CC(=C4)O)CCCCCCCCCS(=O)CCCC(C(F)(F)F)(F)F,CCOC(=O)N1CCC(=C2C3=C(CCC4=C2N=CC=C4)C=C(C=C3)Cl)CC1,0,unreported_twosides_sampled,0.27964872121810913,0.2904109431743016,0.2904109431743016,fitted,platt_logistic_regression,0.49581294690645394,0,0.602519224581546,0.5113350125944585,0.10243492863140219,no_interaction|interaction,2,True,0.4492753623188406,0.5892857142857143,0.4492753623188406,False,False,False
C1CC(C1)CN2CCC34C5C(CCC3(C2CC6=C4C(=C(C=C6)O)O5)O)O,C1CC(OC1CO)N2C=NC3=C2NC=NC3=O,0,unreported_twosides_sampled,0.6218061447143555,0.6646543944623938,0.6646543944623938,fitted,platt_logistic_regression,0.49581294690645394,1,0.6378998674363344,0.1343408900083963,0.44920235096557515,no_interaction|interaction,2,True,0.6451612903225806,0.3492063492063492,0.3492063492063492,False,False,True
CC(C)(C(=O)O)ON=C(C1=CSC(=N1)N)C(=O)NC2C3N(C2=O)C(=C(CS3)C[N+]4=CC=CC=C4)C(=O)[O-],CCCCC(=O)N(CC1=CC=C(C=C1)C2=CC=CC=C2C3=NNN=N3)C(C(C)C)C(=O)O,0,unreported_twosides_sampled,0.20853152871131897,0.21132039273094752,0.21132039273094752,fitted,platt_logistic_regression,0.49581294690645394,0,0.5157008460798793,0.6213266162888329,0.056255247691015954,no_interaction,1,False,0.6428571428571429,0.4533333333333333,0.4533333333333333,False,False,False
CN1CC(=O)N2C(C1=O)CC3=C(C2C4=CC5=C(C=C4)OCO5)NC6=CC=CC=C36,C[N+](C)(C)CC(CC(=O)O)O,0,unreported_twosides_sampled,0.8095207810401917,0.848385168109044,0.848385168109044,fitted,platt_logistic_regression,0.49581294690645394,1,0.4254999807574744,0.033585222502099076,0.7338371116708649,interaction,1,False,0.24050632911392406,0.36666666666666664,0.24050632911392406,False,False,True
CCCCC(=O)N(CC1=CC=C(C=C1)C2=CC=CC=C2C3=NNN=N3)C(C(C)C)C(=O)O,CCOC1=C(C=CC(=C1)CC(=O)NC(CC(C)C)C2=CC=CC=C2N3CCCCC3)C(=O)O,1,reported_twosides,0.8133500218391418,0.8518699314736009,0.8518699314736009,fitted,platt_logistic_regression,0.49581294690645394,1,0.41945174313934325,0.031066330814441646,0.7413937867338372,interaction,1,False,0.4533333333333333,0.2804878048780488,0.2804878048780488,False,False,True
C1CN=C(N1)NC2=C(C=CC=C2Cl)Cl,CC1C2C(C(=O)N2C(=C1SC3CC(NC3)C(=O)NC4=CC=CC(=C4)C(=O)O)C(=O)O)C(C)O,0,unreported_twosides_sampled,0.5797704458236694,0.6206774340979359,0.6206774340979359,fitted,platt_logistic_regression,0.49581294690645394,1,0.6637315157468455,0.16624685138539042,0.399664147774979,no_interaction|interaction,2,True,0.5853658536585366,0.23529411764705882,0.23529411764705882,False,False,True
CC1(C(N2C(S1)C(C2=O)NC(=O)C(C3=CC=CC=C3)N)C(=O)[O-])C,CCC(C)C(=O)OC1CC(C=C2C1C(C(C=C2)C)CCC3CC(CC(=O)O3)O)C,0,unreported_twosides_sampled,0.15985019505023956,0.15805585601512026,0.15805585601512026,fitted,platt_logistic_regression,0.49581294690645394,0,0.4364319374928167,0.7204030226700252,0.03610411418975651,no_interaction,1,False,0.6119402985074627,0.7424242424242424,0.6119402985074627,False,False,False
CCN(C)C(=O)OC1=CC=CC(=C1)C(C)N(C)C,CN1CC(=O)N2C(C1=O)CC3=C(C2C4=CC5=C(C=C4)OCO5)NC6=CC=CC=C36,0,unreported_twosides_sampled,0.5995137691497803,0.6414384658298291,0.6414384658298291,fitted,platt_logistic_regression,0.49581294690645394,1,0.652586060089361,0.1486146095717884,0.42149454240134343,no_interaction|interaction,2,True,0.32653061224489793,0.24050632911392406,0.24050632911392406,False,False,True
C1CC(C1)(C(=O)O)C(=O)O.N.N.[Pt],CN(C)NN=C1C(=NC=N1)C(=O)N,1,reported_twosides,0.09289947152137756,0.08709059058117663,0.08709059058117663,fitted,platt_logistic_regression,0.49581294690645394,0,0.2957543248863872,0.8564231738035264,0.015113350125944584,no_interaction,1,False,0.26666666666666666,0.24390243902439024,0.24390243902439024,False,False,True
C1CC(C1)(C(=O)O)C(=O)O.N.N.[Pt],CC1CN(CCN1)C2=C(C=C3C(=C2OC)N(C=C(C3=O)C(=O)O)C4CC4)F,1,reported_twosides,0.6733431816101074,0.7173251398770558,0.7173251398770558,fitted,platt_logistic_regression,0.49581294690645394,1,0.5954619092402264,0.09907640638119228,0.5188916876574308,interaction,1,False,0.26666666666666666,0.7230769230769231,0.26666666666666666,False,False,True
CC1CC2C3CCC4=CC(=O)C=CC4(C3(C(CC2(C1(C(=O)CO)O)C)O)F)C,COC1=C(C=C(C=C1)C2=CC3=C(C=C2)C=C(C=C3)C(=O)O)C45CC6CC(C4)CC(C6)C5,0,unreported_twosides_sampled,0.6882311701774597,0.7322589174814573,0.7322589174814573,fitted,platt_logistic_regression,0.49581294690645394,1,0.5809991024770353,0.08984047019311503,0.5432409739714525,interaction,1,False,0.8596491228070176,0.288135593220339,0.288135593220339,False,False,True
C1CN=C(N1)NC2=C(C=CC=C2Cl)Cl,CNC(=C[N+](=O)[O-])NCCSCC1=CC=C(O1)CN(C)C,1,reported_twosides,0.1759166121482849,0.17552075117057456,0.17552075117057456,fitted,platt_logistic_regression,0.49581294690645394,0,0.46453297681212957,0.6851385390428212,0.042821158690176324,no_interaction,1,False,0.5853658536585366,0.603448275862069,0.5853658536585366,False,False,False
CC12CCC3C(C1CCC2(C#C)O)CCC4=CC(=O)CCC34,CCOC(=O)C(CCC1=CC=CC=C1)NC(C)C(=O)N2C3CCCCC3CC2C(=O)O,0,unreported_twosides_sampled,0.4141917824745178,0.440739584557808,0.440739584557808,fitted,platt_logistic_regression,0.49581294690645394,0,0.6861070501643796,0.33921074727120065,0.22082283795130142,no_interaction|interaction,2,True,0.7169811320754716,0.9636363636363636,0.7169811320754716,False,False,False
CCCN1CC(CC2C1CC3=CNC4=CC=CC2=C34)CSC,CN1CC(=O)N2C(C1=O)CC3=C(C2C4=CC5=C(C=C4)OCO5)NC6=CC=CC=C36,0,unreported_twosides_sampled,0.05621235817670822,0.05011303580291456,0.05011303580291456,fitted,platt_logistic_regression,0.49581294690645394,0,0.19884793597021172,0.924433249370277,0.0041981528127623844,no_interaction,1,False,0.42168674698795183,0.24050632911392406,0.24050632911392406,False,False,True
CC1=NN=C(S1)SCC2=C(N3C(C(C3=O)NC(=O)CN4C=NN=N4)SC2)C(=O)[O-],CCOC(=O)C(CCC1=CC=CC=C1)NC(C)C(=O)N2C3CCCCC3CC2C(=O)O,0,unreported_twosides_sampled,0.8597747087478638,0.893076185272046,0.893076185272046,fitted,platt_logistic_regression,0.49581294690645394,1,0.34003509990228675,0.019311502938706968,0.8178001679261125,interaction,1,False,0.4574468085106383,0.9636363636363636,0.4574468085106383,False,False,False
C1CC(OC1CO)N2C=NC3=C2NC=NC3=O,CC1C2C(C(=O)N2C(=C1SC3CC(NC3)C(=O)NC4=CC=CC(=C4)C(=O)O)C(=O)O)C(C)O,0,unreported_twosides_sampled,0.9109450578689575,0.9359502523334794,0.9359502523334794,fitted,platt_logistic_regression,0.49581294690645394,1,0.23796811468889636,0.010075566750629723,0.8975650713685979,interaction,1,False,0.3492063492063492,0.23529411764705882,0.23529411764705882,False,False,True
C1=CC(=C2NC(=C3C=CC=CC3=O)N(N2)C4=CC=C(C=C4)C(=O)O)C(=O)C=C1,CC1CC2C3CCC4=CC(=O)C=CC4(C3(C(CC2(C1(C(=O)CO)O)C)O)F)C,0,unreported_twosides_sampled,0.38712984323501587,0.41063010129592903,0.41063010129592903,fitted,platt_logistic_regression,0.49581294690645394,0,0.6770870612746441,0.36439966414777497,0.18807724601175482,no_interaction|interaction,2,True,0.22033898305084745,0.8596491228070176,0.22033898305084745,False,False,True
CC1=C(C(C(=C(N1)C)C(=O)OCC(C)C)C2=CC=CC=C2[N+](=O)[O-])C(=O)OC,CN(C)CCC1=CNC2=C1C=C(C=C2)CC3COC(=O)N3,0,unreported_twosides_sampled,0.6804164052009583,0.7244366720065648,0.7244366720065648,fitted,platt_logistic_regression,0.49581294690645394,1,0.588714072328723,0.09235936188077246,0.5306465155331654,interaction,1,False,0.8043478260869565,0.543859649122807,0.543859649122807,False,False,False
C1C(C(C(C(C1N)OC2C(C(C(C(O2)CN)O)O)O)O)OC3C(C(C(C(O3)CO)O)N)O)N,CCOC(=O)N1CCC(=C2C3=C(CCC4=C2N=CC=C4)C=C(C=C3)Cl)CC1,0,unreported_twosides_sampled,0.18328948318958282,0.18357633694140005,0.18357633694140005,fitted,platt_logistic_regression,0.49581294690645394,0,0.4767733507898754,0.6733837111670865,0.04785894206549118,no_interaction,1,False,0.7727272727272727,0.5892857142857143,0.5892857142857143,False,False,False
C1C(OC(S1)CO)N2C=C(C(=NC2=O)N)F,CC1C2C(C(=O)N2C(=C1SC3CC(NC3)C(=O)NC4=CC=CC(=C4)C(=O)O)C(=O)O)C(C)O,0,unreported_twosides_sampled,0.8524424433708191,0.886702572867318,0.886702572867318,fitted,platt_logistic_regression,0.49581294690645394,1,0.3533543510675242,0.019311502938706968,0.799328295549958,interaction,1,False,0.6326530612244898,0.23529411764705882,0.23529411764705882,False,False,True
CC1CC2C3CCC4=CC(=O)C=CC4(C3(C(CC2(C1(C(=O)CO)O)C)O)F)C,C[N+](C)(C)CC(CC(=O)O)O,0,unreported_twosides_sampled,0.9246000647544861,0.9468523829782423,0.9468523829782423,fitted,platt_logistic_regression,0.49581294690645394,1,0.20768093036160443,0.0041981528127623844,0.9227539882451721,interaction,1,False,0.8596491228070176,0.36666666666666664,0.36666666666666664,False,False,True
CN1CC(=O)N2C(C1=O)CC3=C(C2C4=CC5=C(C=C4)OCO5)NC6=CC=CC=C36,COC1=C(C=C(C=C1)C2=CC3=C(C=C2)C=C(C=C3)C(=O)O)C45CC6CC(C4)CC(C6)C5,0,unreported_twosides_sampled,0.5203949213027954,0.5572250548730104,0.5572250548730104,fitted,platt_logistic_regression,0.49581294690645394,1,0.6865833930294767,0.2216624685138539,0.33753148614609574,no_interaction|interaction,2,True,0.24050632911392406,0.288135593220339,0.24050632911392406,False,False,True
CC(C)C(CCCN(C)CCC1=CC(=C(C=C1)OC)OC)(C#N)C2=CC(=C(C=C2)OC)OC,CC1CC2C3CCC4=CC(=O)C=CC4(C3(C(CC2(C1(C(=O)CO)O)C)O)F)C,1,reported_twosides,0.5025808215141296,0.53792286860087,0.53792286860087,fitted,platt_logistic_regression,0.49581294690645394,1,0.6902681285915719,0.23509655751469352,0.3165407220822838,no_interaction|interaction,2,True,0.23529411764705882,0.8596491228070176,0.23529411764705882,False,False,True
CC1CN(CCN1)C2=C(C=C3C(=C2OC)N(C=C(C3=O)C(=O)O)C4CC4)F,COC1=C(C=C(C=C1)C2=CC3=C(C=C2)C=C(C=C3)C(=O)O)C45CC6CC(C4)CC(C6)C5,1,reported_twosides,0.36579176783561707,0.3868135633773809,0.3868135633773809,fitted,platt_logistic_regression,0.49581294690645394,0,0.667301394081875,0.3904282115869018,0.17296389588581024,no_interaction|interaction,2,True,0.7230769230769231,0.288135593220339,0.288135593220339,False,False,True
C1CN=C(N1)NC2=C(C=CC=C2Cl)Cl,CC1=C(C(=O)C2=CC=CC=C2C1=O)CC=C(C)CCCC(C)CCCC(C)CCCC(C)C,1,reported_twosides,0.23436526954174042,0.23992709865407758,0.23992709865407758,fitted,platt_logistic_regression,0.49581294690645394,0,0.5509958816297238,0.5785054575986566,0.07304785894206549,no_interaction,1,False,0.5853658536585366,0.22058823529411764,0.22058823529411764,False,False,True
C1C(N(C2=C(N1)NC(=NC2=O)N)C=O)CNC3=CC=C(C=C3)C(=O)NC(CCC(=O)O)C(=O)O,CC(C)(C)NCC(C1=CC(=C(C=C1)O)CO)O,1,reported_twosides,0.6543374061584473,0.6980722211564251,0.6980722211564251,fitted,platt_logistic_regression,0.49581294690645394,1,0.6124888673210771,0.11251049538203191,0.4995801847187238,no_interaction|interaction,2,True,0.5256410256410257,0.5227272727272727,0.5227272727272727,False,False,False
CC(C=CC(C)C(C)(C)O)C1CCC2C1(CCCC2=CC=C3CC(CC(C3)O)O)C,CC12CCC3C(C1CCC2O)C(CC4=C3C=CC(=C4)O)CCCCCCCCCS(=O)CCCC(C(F)(F)F)(F)F,0,unreported_twosides_sampled,0.3868773877620697,0.4103486659078898,0.4103486659078898,fitted,platt_logistic_regression,0.49581294690645394,0,0.6769851977981278,0.36523929471032746,0.18723761544920234,no_interaction|interaction,2,True,0.5625,0.4492753623188406,0.4492753623188406,False,False,False
CCC(C)C(=O)OC1CC(C=C2C1C(C(C=C2)C)CCC3CC(CC(=O)O3)O)C,CCN(C)C(=O)OC1=CC=CC(=C1)C(C)N(C)C,1,reported_twosides,0.29667040705680847,0.3094527772379184,0.3094527772379184,fitted,platt_logistic_regression,0.49581294690645394,0,0.6186621207220236,0.489504617968094,0.11922753988245172,no_interaction|interaction,2,True,0.7424242424242424,0.32653061224489793,0.32653061224489793,False,False,True
CC1=C(C(C(=C(N1)C)C(=O)OCC(C)C)C2=CC=CC=C2[N+](=O)[O-])C(=O)OC,CC1=NN=C2N1C3=C(C=C(C=C3)Cl)C(=NC2)C4=CC=CC=C4,1,reported_twosides,0.3018670380115509,0.31526977170472076,0.31526977170472076,fitted,platt_logistic_regression,0.49581294690645394,0,0.6232523960515359,0.4760705289672544,0.12174643157010916,no_interaction|interaction,2,True,0.8043478260869565,0.7659574468085106,0.7659574468085106,False,False,False
CC1CC2C3CCC4=CC(=O)C=CC4(C3(C(CC2(C1(C(=O)CO)O)C)O)F)C,CN1C(=C(NC2=CC=CC=N2)O)C(=O)C3=CC=CC=C3S1(=O)=O,1,reported_twosides,0.7106298804283142,0.7544698784815214,0.7544698784815214,fitted,platt_logistic_regression,0.49581294690645394,1,0.5573709877649301,0.07808564231738035,0.5717884130982368,interaction,1,False,0.8596491228070176,0.62,0.62,False,False,False
C1CC(C1)(C(=O)O)C(=O)O.N.N.[Pt],CN1C=NC(=C1SC2=NC=NC3=C2NC=N3)[N+](=O)[O-],0,unreported_twosides_sampled,0.9819730520248413,0.9891180844912355,0.9891180844912355,fitted,platt_logistic_regression,0.49581294690645394,1,0.06001585546320032,0.0016792611251049538,0.9874055415617129,interaction,1,False,0.26666666666666666,0.25925925925925924,0.25925925925925924,False,False,True
CC(C=CC(C)C(C)(C)O)C1CCC2C1(CCCC2=CC=C3CC(CC(C3)O)O)C,CC1=C(C(C(=C(N1)C)C(=O)OCC(C)C)C2=CC=CC=C2[N+](=O)[O-])C(=O)OC,0,unreported_twosides_sampled,0.7090698480606079,0.7529332162958721,0.7529332162958721,fitted,platt_logistic_regression,0.49581294690645394,1,0.5590896735641339,0.07808564231738035,0.5684298908480269,interaction,1,False,0.5625,0.8043478260869565,0.5625,False,False,False
CC(C)(C)NCC(C1=CC(=C(C=C1)O)CO)O,CCOC(=O)C(CCC1=CC=CC=C1)NC(C)C(=O)N2C3CCCCC3CC2C(=O)O,0,unreported_twosides_sampled,0.4668300747871399,0.49887114575532404,0.49887114575532404,fitted,platt_logistic_regression,0.49581294690645394,1,0.6931446319339687,0.2795969773299748,0.2762384550797649,no_interaction|interaction,2,True,0.5227272727272727,0.9636363636363636,0.5227272727272727,False,False,False
CC(C)C(CCCN(C)CCC1=CC(=C(C=C1)OC)OC)(C#N)C2=CC(=C(C=C2)OC)OC,COC1=C(C=C(C=C1)C2=CC3=C(C=C2)C=C(C=C3)C(=O)O)C45CC6CC(C4)CC(C6)C5,1,reported_twosides,0.18686345219612122,0.1874896856697024,0.1874896856697024,fitted,platt_logistic_regression,0.49581294690645394,0,0.4825624405429896,0.6675062972292192,0.05037783375314862,no_interaction,1,False,0.23529411764705882,0.288135593220339,0.23529411764705882,False,False,True
C1C(OC(S1)CO)N2C=C(C(=NC2=O)N)F,CC12CCC3C(C1CCC2(C)O)CCC4C3(COC(=O)C4)C,0,unreported_twosides_sampled,0.3075520098209381,0.3216346266254539,0.3216346266254539,fitted,platt_logistic_regression,0.49581294690645394,0,0.6280954588292045,0.46767422334172964,0.12510495382031905,no_interaction|interaction,2,True,0.6326530612244898,0.31343283582089554,0.31343283582089554,False,False,True
CC(C)C(CCCN(C)CCC1=CC(=C(C=C1)OC)OC)(C#N)C2=CC(=C(C=C2)OC)OC,CC1=C(C(C(=C(N1)C)C(=O)OCC(C)C)C2=CC=CC=C2[N+](=O)[O-])C(=O)OC,0,unreported_twosides_sampled,0.47630277276039124,0.5092565308155514,0.5092565308155514,fitted,platt_logistic_regression,0.49581294690645394,1,0.6929758040442731,0.2653232577665827,0.28547439126784213,no_interaction|interaction,2,True,0.23529411764705882,0.8043478260869565,0.23529411764705882,False,False,True
C1=CC(=CC=C1N)S(=O)(=O)C2=CC=C(C=C2)N,CN1C=NC(=C1SC2=NC=NC3=C2NC=N3)[N+](=O)[O-],1,reported_twosides,0.44484445452690125,0.4746721705975242,0.4746721705975242,fitted,platt_logistic_regression,0.49581294690645394,0,0.6918636334169851,0.3022670025188917,0.24685138539042822,no_interaction|interaction,2,True,0.43333333333333335,0.25925925925925924,0.25925925925925924,False,False,True
C1CN=C(N1)NC2=C(C=CC=C2Cl)Cl,CC(C)C(C(=O)OCC(CO)OCN1C=NC2=C1NC(=NC2=O)N)N,1,reported_twosides,0.10105712711811066,0.09553687627914931,0.09553687627914931,fitted,platt_logistic_regression,0.49581294690645394,0,0.3151643270710558,0.8404701931150294,0.017632241813602016,no_interaction,1,False,0.5853658536585366,0.7307692307692307,0.5853658536585366,False,False,False
CC(=O)OCC(=O)C12C(CC3C1(CC(C4(C3CC(C5=CC(=O)C=CC54C)F)F)O)C)OC(O2)(C)C,CCOC1=C(C=CC(=C1)CC(=O)NC(CC(C)C)C2=CC=CC=C2N3CCCCC3)C(=O)O,0,unreported_twosides_sampled,0.1564120650291443,0.15433586406179334,0.15433586406179334,fitted,platt_logistic_regression,0.49581294690645394,0,0.4301569341729732,0.727120067170445,0.03526448362720403,no_interaction,1,False,0.8059701492537313,0.2804878048780488,0.2804878048780488,False,False,True
CC12CCC3C(C1CCC2(C)O)CCC4C3(COC(=O)C4)C,CN1C=NC(=C1SC2=NC=NC3=C2NC=N3)[N+](=O)[O-],0,unreported_twosides_sampled,0.9555599093437195,0.9705117931167515,0.9705117931167515,fitted,platt_logistic_regression,0.49581294690645394,1,0.1329585992287677,0.0033585222502099076,0.9563392107472712,interaction,1,False,0.31343283582089554,0.25925925925925924,0.25925925925925924,False,False,True
CC1CN(CCN1)C2=C(C=C3C(=C2OC)N(C=C(C3=O)C(=O)O)C4CC4)F,CCC(C)C(=O)OC1CC(C=C2C1C(C(C=C2)C)CCC3CC(CC(=O)O3)O)C,1,reported_twosides,0.8680490255355835,0.9002038574968758,0.9002038574968758,fitted,platt_logistic_regression,0.49581294690645394,1,0.3246348216723335,0.017632241813602016,0.8320738874895046,interaction,1,False,0.7230769230769231,0.7424242424242424,0.7230769230769231,False,False,False
CC1C2C(C(=O)N2C(=C1SC3CC(NC3)C(=O)NC4=CC=CC(=C4)C(=O)O)C(=O)O)C(C)O,CC1CC2C3CCC4=CC(=O)C=CC4(C3(C(CC2(C1(C(=O)CO)O)C)O)F)C,1,reported_twosides,0.8283995985984802,0.8654431574203775,0.8654431574203775,fitted,platt_logistic_regression,0.49581294690645394,1,0.39495817388892873,0.02434928631402183,0.764063811922754,interaction,1,False,0.23529411764705882,0.8596491228070176,0.23529411764705882,False,False,True
CCC(C)C(=O)OC1CC(C=C2C1C(C(C=C2)C)CCC3CC(CC(=O)O3)O)C,CNC(=C[N+](=O)[O-])NCCSCC1=CC=C(O1)CN(C)C,1,reported_twosides,0.34783872961997986,0.3667388019124925,0.3667388019124925,fitted,platt_logistic_regression,0.49581294690645394,0,0.6571971753585687,0.4139378673383711,0.15785054575986565,no_interaction|interaction,2,True,0.7424242424242424,0.603448275862069,0.603448275862069,False,False,False
C1C(N(C2=C(N1)NC(=NC2=O)N)C=O)CNC3=CC=C(C=C3)C(=O)NC(CCC(=O)O)C(=O)O,CC1(C(N2C(S1)C(C2=O)NC(=O)C(C3=CC=CC=C3)N)C(=O)[O-])C,1,reported_twosides,0.2659949064254761,0.275156334945461,0.275156334945461,fitted,platt_logistic_regression,0.49581294690645394,0,0.5883202672515565,0.5331654072208228,0.09235936188077246,no_interaction,1,False,0.5256410256410257,0.6119402985074627,0.5256410256410257,False,False,False
CC12CCC3C(C1CCC2(C)O)CCC4C3(COC(=O)C4)C,CCC(C)C(=O)OC1CC(C=C2C1C(C(C=C2)C)CCC3CC(CC(=O)O3)O)C,0,unreported_twosides_sampled,0.6645509600639343,0.7084443589412192,0.7084443589412192,fitted,platt_logistic_regression,0.49581294690645394,1,0.6035387082888442,0.10327455919395466,0.5104953820319059,no_interaction|interaction,2,True,0.31343283582089554,0.7424242424242424,0.31343283582089554,False,False,True
CC1=C(SC=C1)C(=CCCN2CCCC(C2)C(=O)O)C3=C(C=CS3)C,CNC(=C[N+](=O)[O-])NCCSCC1=CC=C(O1)CN(C)C,1,reported_twosides,0.4809213876724243,0.5143105695254059,0.5143105695254059,fitted,platt_logistic_regression,0.49581294690645394,1,0.6927375398214283,0.2586062132661629,0.29219143576826195,no_interaction|interaction,2,True,0.26865671641791045,0.603448275862069,0.26865671641791045,False,False,True
CC(C)(C)NCC(C1=CC(=C(C=C1)O)CO)O,CC(C)C(C(=O)OCC(CO)OCN1C=NC2=C1NC(=NC2=O)N)N,1,reported_twosides,0.31223782896995544,0.32688149179529646,0.32688149179529646,fitted,platt_logistic_regression,0.49581294690645394,0,0.63194812687418,0.4617968094038623,0.12930310663308145,no_interaction|interaction,2,True,0.5227272727272727,0.7307692307692307,0.5227272727272727,False,False,False
CC1=C(C(C(=C(N1)C)C(=O)OCC(C)C)C2=CC=CC=C2[N+](=O)[O-])C(=O)OC,CCCCC(=O)N(CC1=CC=C(C=C1)C2=CC=CC=C2C3=NNN=N3)C(C(C)C)C(=O)O,1,reported_twosides,0.8185334205627441,0.8565671005442771,0.8565671005442771,fitted,platt_logistic_regression,0.49581294690645394,1,0.4111465835308553,0.028547439126784216,0.7506297229219143,interaction,1,False,0.8043478260869565,0.4533333333333333,0.4533333333333333,False,False,False
CC(C)(C)NCC(C1=CC(=C(C=C1)O)CO)O,CCOC(=O)N1CCC(=C2C3=C(CCC4=C2N=CC=C4)C=C(C=C3)Cl)CC1,1,reported_twosides,0.19064860045909882,0.19163996792036952,0.19163996792036952,fitted,platt_logistic_regression,0.49581294690645394,0,0.48859221618830595,0.6607892527287993,0.051217464315701094,no_interaction,1,False,0.5227272727272727,0.5892857142857143,0.5227272727272727,False,False,False
CC(C)C(C(=O)OCC(CO)OCN1C=NC2=C1NC(=NC2=O)N)N,CCN(C)C(=O)OC1=CC=CC(=C1)C(C)N(C)C,0,unreported_twosides_sampled,0.2179180234670639,0.2216929245767608,0.2216929245767608,fitted,platt_logistic_regression,0.49581294690645394,0,0.5290423036566088,0.6062132661628883,0.06381192275398824,no_interaction,1,False,0.7307692307692307,0.32653061224489793,0.32653061224489793,False,False,True
C1CC(OC1CO)N2C=NC3=C2NC=NC3=O,CC12CCC3C(C1CCC2O)C(CC4=C3C=CC(=C4)O)CCCCCCCCCS(=O)CCCC(C(F)(F)F)(F)F,0,unreported_twosides_sampled,0.33006751537323,0.34684694009631384,0.34684694009631384,fitted,platt_logistic_regression,0.49581294690645394,0,0.6454728907406106,0.4340890008396306,0.13937867338371115,no_interaction|interaction,2,True,0.3492063492063492,0.4492753623188406,0.3492063492063492,False,False,True
C1CC(C1)(C(=O)O)C(=O)O.N.N.[Pt],CC1=C(C(C(=C(N1)C)C(=O)OCC(C)C)C2=CC=CC=C2[N+](=O)[O-])C(=O)OC,0,unreported_twosides_sampled,0.5988253355026245,0.6407176308717437,0.6407176308717437,fitted,platt_logistic_regression,0.49581294690645394,1,0.6530041777867148,0.1494542401343409,0.42065491183879095,no_interaction|interaction,2,True,0.26666666666666666,0.8043478260869565,0.26666666666666666,False,False,True
CC1(C(N2C(S1)C(C2=O)NC(=O)C(C3=CC=CC=C3)N)C(=O)[O-])C,CC12CCC3C(C1CCC2C(=O)NC4=C(C=CC(=C4)C(F)(F)F)C(F)(F)F)CCC5C3(C=CC(=O)N5)C,0,unreported_twosides_sampled,0.07130499929189682,0.06509946899527203,0.06509946899527203,fitted,platt_logistic_regression,0.49581294690645394,0,0.2407742203761027,0.8950461796809404,0.0109151973131822,no_interaction,1,False,0.6119402985074627,0.6417910447761194,0.6119402985074627,False,False,False
CC1=C(C(C(=C(N1)C)C(=O)OCC(C)C)C2=CC=CC=C2[N+](=O)[O-])C(=O)OC,CNC(=C[N+](=O)[O-])NCCSCC1=CC=C(O1)CN(C)C,1,reported_twosides,0.5245809555053711,0.561744280854606,0.561744280854606,fitted,platt_logistic_regression,0.49581294690645394,1,0.685502970196042,0.21578505457598657,0.3425692695214106,no_interaction|interaction,2,True,0.8043478260869565,0.603448275862069,0.603448275862069,False,False,False
CC(C)C(CCCN(C)CCC1=CC(=C(C=C1)OC)OC)(C#N)C2=CC(=C(C=C2)OC)OC,CC1=NN=C(S1)SCC2=C(N3C(C(C3=O)NC(=O)CN4C=NN=N4)SC2)C(=O)[O-],1,reported_twosides,0.5330564379692078,0.5708743502792678,0.5708743502792678,fitted,platt_logistic_regression,0.49581294690645394,1,0.6830669171361967,0.20822837951301426,0.34760705289672544,no_interaction|interaction,2,True,0.23529411764705882,0.4574468085106383,0.23529411764705882,False,False,True
C1CC(C1)(C(=O)O)C(=O)O.N.N.[Pt],COC1=C(C=C(C=C1)C2=CC3=C(C=C2)C=C(C=C3)C(=O)O)C45CC6CC(C4)CC(C6)C5,0,unreported_twosides_sampled,0.564007043838501,0.603974503096512,0.603974503096512,fitted,platt_logistic_regression,0.49581294690645394,1,0.6713671981862024,0.18052057094878254,0.3811922753988245,no_interaction|interaction,2,True,0.26666666666666666,0.288135593220339,0.26666666666666666,False,False,True
CN1C=NC(=C1SC2=NC=NC3=C2NC=N3)[N+](=O)[O-],CNC(=C[N+](=O)[O-])NCCSCC1=CC=C(O1)CN(C)C,1,reported_twosides,0.9057749509811401,0.9317576714831053,0.9317576714831053,fitted,platt_logistic_regression,0.49581294690645394,1,0.24906848263735043,0.011754827875734676,0.887489504617968,interaction,1,False,0.25925925925925924,0.603448275862069,0.25925925925925924,False,False,True
CN1CCC23C=CC(CC2OC4=C(C=CC(=C34)C1)OC)O,C[N+](C)(C)CC(CC(=O)O)O,0,unreported_twosides_sampled,0.9383261799812317,0.9575392367596847,0.9575392367596847,fitted,platt_logistic_regression,0.49581294690645394,1,0.17568724341524097,0.0033585222502099076,0.9370277078085643,interaction,1,False,0.375,0.36666666666666664,0.36666666666666664,False,False,True
C(CCl)NC(=O)N(CCCl)N=O,CC1CN(CCN1)C2=C(C=C3C(=C2OC)N(C=C(C3=O)C(=O)O)C4CC4)F,0,unreported_twosides_sampled,0.41602623462677,0.44277592032391927,0.44277592032391927,fitted,platt_logistic_regression,0.49581294690645394,0,0.6865836172327253,0.33753148614609574,0.2216624685138539,no_interaction|interaction,2,True,0.2391304347826087,0.7230769230769231,0.2391304347826087,False,False,True
CCOC(=O)N1CCC(=C2C3=C(CCC4=C2N=CC=C4)C=C(C=C3)Cl)CC1,CN1CCC(=C2C3=C(C(=O)CC4=CC=CC=C42)SC=C3)CC1,1,reported_twosides,0.6086799502372742,0.6510141856402897,0.6510141856402897,fitted,platt_logistic_regression,0.49581294690645394,1,0.6468165567496147,0.14105793450881612,0.42989084802686817,no_interaction|interaction,2,True,0.5892857142857143,0.3018867924528302,0.3018867924528302,False,False,True
CC1=NN=C2N1C3=C(C=C(C=C3)Cl)C(=NC2)C4=CC=CC=C4,CCOC1=C(C=CC(=C1)CC(=O)NC(CC(C)C)C2=CC=CC=C2N3CCCCC3)C(=O)O,1,reported_twosides,0.2658687233924866,0.27501546367528795,0.27501546367528795,fitted,platt_logistic_regression,0.49581294690645394,0,0.5881837672499509,0.5340050377833753,0.09235936188077246,no_interaction,1,False,0.7659574468085106,0.2804878048780488,0.2804878048780488,False,False,True
C1=CC(=CC=C1N)S(=O)(=O)C2=CC=C(C=C2)N,CC12CCC3C(C1CCC2(C)O)CCC4C3(COC(=O)C4)C,1,reported_twosides,0.024008868262171745,0.01967645543207043,0.01967645543207043,fitted,platt_logistic_regression,0.49581294690645394,0,0.09677725130554346,0.9706129303106633,0.0025188916876574307,no_interaction,1,False,0.43333333333333335,0.31343283582089554,0.31343283582089554,False,False,True
CC1=C(C(=O)C2=CC=CC=C2C1=O)CC=C(C)CCCC(C)CCCC(C)CCCC(C)C,CCOC(=O)C(CCC1=CC=CC=C1)NC(C)C(=O)N2C3CCCCC3CC2C(=O)O,0,unreported_twosides_sampled,0.516620934009552,0.5531451895784014,0.5531451895784014,fitted,platt_logistic_regression,0.49581294690645394,1,0.6874876734518414,0.2225020990764064,0.3350125944584383,no_interaction|interaction,2,True,0.22058823529411764,0.9636363636363636,0.22058823529411764,False,False,True
CC(=O)OCC(=O)C12C(CC3C1(CC(C4(C3CC(C5=CC(=O)C=CC54C)F)F)O)C)OC(O2)(C)C,CC1=C(SC=C1)C(=CCCN2CCCC(C2)C(=O)O)C3=C(C=CS3)C,0,unreported_twosides_sampled,0.1480521410703659,0.14531866979547595,0.14531866979547595,fitted,platt_logistic_regression,0.49581294690645394,0,0.4145021584794518,0.744752308984047,0.030226700251889168,no_interaction,1,False,0.8059701492537313,0.26865671641791045,0.26865671641791045,False,False,True
CC(C)C(CCCN(C)CCC1=CC(=C(C=C1)OC)OC)(C#N)C2=CC(=C(C=C2)OC)OC,CC1=NN=C2N1C3=C(C=C(C=C3)Cl)C(=NC2)C4=CC=CC=C4,1,reported_twosides,0.26739442348480225,0.27671890354217665,0.27671890354217665,fitted,platt_logistic_regression,0.49581294690645394,0,0.5898276832224987,0.5298068849706129,0.09403862300587741,no_interaction,1,False,0.23529411764705882,0.7659574468085106,0.23529411764705882,False,False,True
C1CN=C(N1)NC2=C(C=CC=C2Cl)Cl,CN1CCC(=C2C3=C(C(=O)CC4=CC=CC=C42)SC=C3)CC1,0,unreported_twosides_sampled,0.29623425006866455,0.30896461263787517,0.30896461263787517,fitted,platt_logistic_regression,0.49581294690645394,0,0.6182697235671514,0.4903442485306465,0.11922753988245172,no_interaction|interaction,2,True,0.5853658536585366,0.3018867924528302,0.3018867924528302,False,False,True
C1C(C(C(C(C1N)OC2C(C(C(C(O2)CN)O)O)O)O)OC3C(C(C(C(O3)CO)O)N)O)N,C1CC(C1)(C(=O)O)C(=O)O.N.N.[Pt],0,unreported_twosides_sampled,0.5320982336997986,0.5698435062782005,0.5698435062782005,fitted,platt_logistic_regression,0.49581294690645394,1,0.683358971551664,0.20906801007556675,0.34676742233417296,no_interaction|interaction,2,True,0.7727272727272727,0.26666666666666666,0.26666666666666666,False,False,True
CCC(C)C(=O)OC1CC(C=C2C1C(C(C=C2)C)CCC3CC(CC(=O)O3)O)C,CCOC1=C(C=CC(=C1)CC(=O)NC(CC(C)C)C2=CC=CC=C2N3CCCCC3)C(=O)O,1,reported_twosides,0.6894099712371826,0.7334356283381805,0.7334356283381805,fitted,platt_logistic_regression,0.49581294690645394,1,0.5798116629405289,0.0873215785054576,0.5440806045340051,interaction,1,False,0.7424242424242424,0.2804878048780488,0.2804878048780488,False,False,True
C1CN=C(N1)NC2=C(C=CC=C2Cl)Cl,CC1=NN=C(S1)SCC2=C(N3C(C(C3=O)NC(=O)CN4C=NN=N4)SC2)C(=O)[O-],1,reported_twosides,0.44912275671958923,0.47939103273133005,0.47939103273133005,fitted,platt_logistic_regression,0.49581294690645394,0,0.6922974808056797,0.2989084802686818,0.24937027707808565,no_interaction|interaction,2,True,0.5853658536585366,0.4574468085106383,0.4574468085106383,False,False,False
C1CN=C(N1)NC2=C(C=CC=C2Cl)Cl,CCCC1(CC(=O)C(=C(O1)O)C(CC)C2=CC(=CC=C2)NS(=O)(=O)C3=NC=C(C=C3)C(F)(F)F)CCC4=CC=CC=C4,0,unreported_twosides_sampled,0.09787365049123764,0.09223261933038145,0.09223261933038145,fitted,platt_logistic_regression,0.49581294690645394,0,0.3076730821613164,0.8471872376154492,0.01595298068849706,no_interaction,1,False,0.5853658536585366,0.2247191011235955,0.2247191011235955,False,False,True
CC1=C(C(C(=C(N1)C)C(=O)OCC(C)C)C2=CC=CC=C2[N+](=O)[O-])C(=O)OC,CCC(C)C(=O)OC1CC(C=C2C1C(C(C=C2)C)CCC3CC(CC(=O)O3)O)C,0,unreported_twosides_sampled,0.6477305293083191,0.69133157173616,0.69133157173616,fitted,platt_logistic_regression,0.49581294690645394,1,0.618031100247501,0.11754827875734676,0.4903442485306465,no_interaction|interaction,2,True,0.8043478260869565,0.7424242424242424,0.7424242424242424,False,False,False
CN1C(=C(NC2=CC=CC=N2)O)C(=O)C3=CC=CC=C3S1(=O)=O,CN1C=NC(=C1SC2=NC=NC3=C2NC=N3)[N+](=O)[O-],0,unreported_twosides_sampled,0.9940242171287537,0.9967626277282533,0.9967626277282533,fitted,platt_logistic_regression,0.49581294690645394,1,0.021791959879300618,0.0008396305625524769,0.9958018471872376,interaction,1,False,0.62,0.25925925925925924,0.25925925925925924,False,False,True
C1CN=C(N1)NC2=C(C=CC=C2Cl)Cl,CN1C(=C(NC2=CC=CC=N2)O)C(=O)C3=CC=CC=C3S1(=O)=O,1,reported_twosides,0.20241990685462952,0.20458177973514713,0.20458177973514713,fitted,platt_logistic_regression,0.49581294690645394,0,0.5066888878622811,0.6364399664147775,0.056255247691015954,no_interaction,1,False,0.5853658536585366,0.62,0.5853658536585366,False,False,False
C(CCl)NC(=O)N(CCCl)N=O,CC(C)(C(=O)O)ON=C(C1=CSC(=N1)N)C(=O)NC2C3N(C2=O)C(=C(CS3)C[N+]4=CC=CC=C4)C(=O)[O-],1,reported_twosides,0.12790897488594055,0.12377387743396902,0.12377387743396902,fitted,platt_logistic_regression,0.49581294690645394,0,0.3743773449745723,0.780016792611251,0.022670025188916875,no_interaction,1,False,0.2391304347826087,0.6428571428571429,0.2391304347826087,False,False,True
C1CC(C1)(C(=O)O)C(=O)O.N.N.[Pt],CCN(C)C(=O)OC1=CC=CC(=C1)C(C)N(C)C,0,unreported_twosides_sampled,0.2835695743560791,0.29479511450793233,0.29479511450793233,fitted,platt_logistic_regression,0.49581294690645394,0,0.6063894961050615,0.5054575986565911,0.10495382031905962,no_interaction|interaction,2,True,0.26666666666666666,0.32653061224489793,0.26666666666666666,False,False,True
CC(C)(C(=O)O)ON=C(C1=CSC(=N1)N)C(=O)NC2C3N(C2=O)C(=C(CS3)C[N+]4=CC=CC=C4)C(=O)[O-],CC1CC2C3CCC4=CC(=O)C=CC4(C3(C(CC2(C1(C(=O)CO)O)C)O)F)C,1,reported_twosides,0.23517021536827087,0.24082121843311738,0.24082121843311738,fitted,platt_logistic_regression,0.49581294690645394,0,0.5520246825044677,0.5776658270361041,0.07388748950461797,no_interaction,1,False,0.6428571428571429,0.8596491228070176,0.6428571428571429,False,False,False
CC1CC2C3CCC4=CC(=O)C=CC4(C3(C(CC2(C1(C(=O)CO)O)C)O)F)C,CCCCC(=O)N(CC1=CC=C(C=C1)C2=CC=CC=C2C3=NNN=N3)C(C(C)C)C(=O)O,1,reported_twosides,0.8528685569763184,0.8870744220847668,0.8870744220847668,fitted,platt_logistic_regression,0.49581294690645394,1,0.3525885850066537,0.019311502938706968,0.8018471872376155,interaction,1,False,0.8596491228070176,0.4533333333333333,0.4533333333333333,False,False,False
C1CC(C1)(C(=O)O)C(=O)O.N.N.[Pt],CN1CCC23C=CC(CC2OC4=C(C=CC(=C34)C1)OC)O,0,unreported_twosides_sampled,0.66840660572052,0.7123443694427473,0.7123443694427473,fitted,platt_logistic_regression,0.49581294690645394,1,0.600039203757867,0.10243492863140219,0.5155331654072208,no_interaction|interaction,2,True,0.26666666666666666,0.375,0.26666666666666666,False,False,True
C(CCl)NC(=O)N(CCCl)N=O,CC12CCC3C(C1CCC2O)C(CC4=C3C=CC(=C4)O)CCCCCCCCCS(=O)CCCC(C(F)(F)F)(F)F,0,unreported_twosides_sampled,0.019291983917355537,0.01547735342025946,0.01547735342025946,fitted,platt_logistic_regression,0.49581294690645394,0,0.07987240653194842,0.9756507136859782,0.0025188916876574307,no_interaction,1,False,0.2391304347826087,0.4492753623188406,0.2391304347826087,False,False,True
CC(C)(C)NCC(C1=CC(=C(C=C1)O)CO)O,CC12CCC3C(C1CCC2O)C(CC4=C3C=CC(=C4)O)CCCCCCCCCS(=O)CCCC(C(F)(F)F)(F)F,1,reported_twosides,0.20300385355949402,0.2052250908883468,0.2052250908883468,fitted,platt_logistic_regression,0.49581294690645394,0,0.5075611696244176,0.6322418136020151,0.056255247691015954,no_interaction,1,False,0.5227272727272727,0.4492753623188406,0.4492753623188406,False,False,False
C1=CC(=CC=C1N)S(=O)(=O)C2=CC=C(C=C2)N,CC(C)(C)NCC(C1=CC(=C(C=C1)O)CO)O,1,reported_twosides,0.012867654673755169,0.009927176288645092,0.009927176288645092,fitted,platt_logistic_regression,0.49581294690645394,0,0.05566663218419828,0.9874055415617129,0.0016792611251049538,no_interaction,1,False,0.43333333333333335,0.5227272727272727,0.43333333333333335,False,False,False
C1C(N(C2=C(N1)NC(=NC2=O)N)C=O)CNC3=CC=C(C=C3)C(=O)NC(CCC(=O)O)C(=O)O,CN1CCC23C=CC(CC2OC4=C(C=CC(=C34)C1)OC)O,0,unreported_twosides_sampled,0.9094871878623962,0.9347715034435681,0.9347715034435681,fitted,platt_logistic_regression,0.49581294690645394,1,0.24111788069044376,0.0109151973131822,0.8950461796809404,interaction,1,False,0.5256410256410257,0.375,0.375,False,False,True
C1CN=C(N1)NC2=C(C=CC=C2Cl)Cl,CC1=NN=C2N1C3=C(C=C(C=C3)Cl)C(=NC2)C4=CC=CC=C4,1,reported_twosides,0.30423417687416077,0.31791987289806406,0.31791987289806406,fitted,platt_logistic_regression,0.49581294690645394,0,0.625291562568218,0.471872376154492,0.12426532325776658,no_interaction|interaction,2,True,0.5853658536585366,0.7659574468085106,0.5853658536585366,False,False,False
C1=CC(=C2NC(=C3C=CC=CC3=O)N(N2)C4=CC=C(C=C4)C(=O)O)C(=O)C=C1,CC(C)C(C(=O)OCC(CO)OCN1C=NC2=C1NC(=NC2=O)N)N,0,unreported_twosides_sampled,0.26114314794540405,0.26974140212570713,0.26974140212570713,fitted,platt_logistic_regression,0.49581294690645394,0,0.5830014631688335,0.5390428211586902,0.0906801007556675,no_interaction,1,False,0.22033898305084745,0.7307692307692307,0.22033898305084745,False,False,True
C1CC(C1)(C(=O)O)C(=O)O.N.N.[Pt],CCC(C)C(=O)OC1CC(C=C2C1C(C(C=C2)C)CCC3CC(CC(=O)O3)O)C,1,reported_twosides,0.6904271245002747,0.7344502941554214,0.7344502941554214,fitted,platt_logistic_regression,0.49581294690645394,1,0.5787820601006481,0.0873215785054576,0.5440806045340051,interaction,1,False,0.26666666666666666,0.7424242424242424,0.26666666666666666,False,False,True
CCCC1(CC(=O)C(=C(O1)O)C(CC)C2=CC(=CC=C2)NS(=O)(=O)C3=NC=C(C=C3)C(F)(F)F)CCC4=CC=CC=C4,CCCCC(=O)N(CC1=CC=C(C=C1)C2=CC=CC=C2C3=NNN=N3)C(C(C)C)C(=O)O,0,unreported_twosides_sampled,0.63775235414505,0.6811060052725891,0.6811060052725891,fitted,platt_logistic_regression,0.49581294690645394,1,0.6260329694948031,0.12426532325776658,0.47103274559193953,no_interaction|interaction,2,True,0.2247191011235955,0.4533333333333333,0.2247191011235955,False,False,True
C(CCl)NC(=O)N(CCCl)N=O,C1CC(C1)CN2CCC34C5C(CCC3(C2CC6=C4C(=C(C=C6)O)O5)O)O,0,unreported_twosides_sampled,0.12279586493968964,0.11835076633047217,0.11835076633047217,fitted,platt_logistic_regression,0.49581294690645394,0,0.36362607839206845,0.7900923593618808,0.0218303946263644,no_interaction,1,False,0.2391304347826087,0.6451612903225806,0.2391304347826087,False,False,True
CC1CN(CCN1)C2=C(C=C3C(=C2OC)N(C=C(C3=O)C(=O)O)C4CC4)F,CN1C(=C(NC2=CC=CC=N2)O)C(=O)C3=CC=CC=C3S1(=O)=O,0,unreported_twosides_sampled,0.8716840744018555,0.9033128501395927,0.9033128501395927,fitted,platt_logistic_regression,0.49581294690645394,1,0.317742316806255,0.017632241813602016,0.8371116708648195,interaction,1,False,0.7230769230769231,0.62,0.62,False,False,False
C1CC(C1)(C(=O)O)C(=O)O.N.N.[Pt],CCCCC(=O)N(CC1=CC=C(C=C1)C2=CC=CC=C2C3=NNN=N3)C(C(C)C)C(=O)O,1,reported_twosides,0.7338186502456665,0.7771224496370936,0.7771224496370936,fitted,platt_logistic_regression,0.49581294690645394,1,0.5305259284035042,0.06381192275398824,0.6036943744752309,interaction,1,False,0.26666666666666666,0.4533333333333333,0.26666666666666666,False,False,True
C1C(N(C2=C(N1)NC(=NC2=O)N)C=O)CNC3=CC=C(C=C3)C(=O)NC(CCC(=O)O)C(=O)O,CC(C)C(CCCN(C)CCC1=CC(=C(C=C1)OC)OC)(C#N)C2=CC(=C(C=C2)OC)OC,1,reported_twosides,0.5115591883659363,0.5476651766651357,0.5476651766651357,fitted,platt_logistic_regression,0.49581294690645394,1,0.6885963348277218,0.22837951301427373,0.3266162888329135,no_interaction|interaction,2,True,0.5256410256410257,0.23529411764705882,0.23529411764705882,False,False,True
C(CCl)NC(=O)N(CCCl)N=O,CC1=C(SC=C1)C(=CCCN2CCCC(C2)C(=O)O)C3=C(C=CS3)C,0,unreported_twosides_sampled,0.15005424618721008,0.14747443936807747,0.14747443936807747,fitted,platt_logistic_regression,0.49581294690645394,0,0.41830311748197696,0.7422334172963896,0.030226700251889168,no_interaction,1,False,0.2391304347826087,0.26865671641791045,0.2391304347826087,False,False,True
CC1=NN=C(S1)SCC2=C(N3C(C(C3=O)NC(=O)CN4C=NN=N4)SC2)C(=O)[O-],CN1C(=C(NC2=CC=CC=N2)O)C(=O)C3=CC=CC=C3S1(=O)=O,0,unreported_twosides_sampled,0.7800965905189514,0.8212061104045842,0.8212061104045842,fitted,platt_logistic_regression,0.49581294690645394,1,0.4695596678517002,0.04617968094038623,0.6784214945424013,interaction,1,False,0.4574468085106383,0.62,0.4574468085106383,False,False,False
CC(C)C(C(=O)OCC(CO)OCN1C=NC2=C1NC(=NC2=O)N)N,CC(C=CC(C)C(C)(C)O)C1CCC2C1(CCCC2=CC=C3CC(CC(C3)O)O)C,0,unreported_twosides_sampled,0.681815505027771,0.7258398187053126,0.7258398187053126,fitted,platt_logistic_regression,0.49581294690645394,1,0.5873528867476052,0.09235936188077246,0.5373635600335852,interaction,1,False,0.7307692307692307,0.5625,0.5625,False,False,False
CC1=NN=C(S1)SCC2=C(N3C(C(C3=O)NC(=O)CN4C=NN=N4)SC2)C(=O)[O-],CN(C)CCC1=CNC2=C1C=C(C=C2)CC3COC(=O)N3,0,unreported_twosides_sampled,0.7355812191963196,0.7788294662822751,0.7788294662822751,fitted,platt_logistic_regression,0.49581294690645394,1,0.5283854793889982,0.06381192275398824,0.6062132661628883,interaction,1,False,0.4574468085106383,0.543859649122807,0.4574468085106383,False,False,False
CN(C)CCC1=CNC2=C1C=C(C=C2)CC3COC(=O)N3,CNC(=C[N+](=O)[O-])NCCSCC1=CC=C(O1)CN(C)C,1,reported_twosides,0.2974444329738617,0.31031912302337317,0.31031912302337317,fitted,platt_logistic_regression,0.49581294690645394,0,0.6193557629066466,0.48614609571788414,0.1200671704450042,no_interaction|interaction,2,True,0.543859649122807,0.603448275862069,0.543859649122807,False,False,False
CC1=C(C(C(=C(N1)C)C(=O)OCC(C)C)C2=CC=CC=C2[N+](=O)[O-])C(=O)OC,CN1CCC(=C2C3=C(C(=O)CC4=CC=CC=C42)SC=C3)CC1,0,unreported_twosides_sampled,0.7194931507110596,0.7631703427730643,0.7631703427730643,fitted,platt_logistic_regression,0.49581294690645394,1,0.547397903007512,0.07136859781696053,0.5818639798488665,interaction,1,False,0.8043478260869565,0.3018867924528302,0.3018867924528302,False,False,True
C1CC(OC1CO)N2C=NC3=C2NC=NC3=O,CN1C=NC(=C1SC2=NC=NC3=C2NC=N3)[N+](=O)[O-],0,unreported_twosides_sampled,0.9602355360984802,0.9739327255032674,0.9739327255032674,fitted,platt_logistic_regression,0.49581294690645394,1,0.12079382663896296,0.0033585222502099076,0.963056255247691,interaction,1,False,0.3492063492063492,0.25925925925925924,0.25925925925925924,False,False,True
CC1CC2C3CCC4=CC(=O)C=CC4(C3(C(CC2(C1(C(=O)CO)O)C)O)F)C,CCOC1=C(C=CC(=C1)CC(=O)NC(CC(C)C)C2=CC=CC=C2N3CCCCC3)C(=O)O,1,reported_twosides,0.5804590582847595,0.6214045708844788,0.6214045708844788,fitted,platt_logistic_regression,0.49581294690645394,1,0.6633723325778449,0.16624685138539042,0.399664147774979,no_interaction|interaction,2,True,0.8596491228070176,0.2804878048780488,0.2804878048780488,False,False,True
CC(C)(C)NCC(C1=CC(=C(C=C1)O)CO)O,CN(C)CCC1=CNC2=C1C=C(C=C2)CC3COC(=O)N3,1,reported_twosides,0.16867423057556152,0.1676320576880178,0.1676320576880178,fitted,platt_logistic_regression,0.49581294690645394,0,0.45211159581573407,0.7002518891687658,0.04114189756507137,no_interaction,1,False,0.5227272727272727,0.543859649122807,0.5227272727272727,False,False,False
C1CC(OC1CO)N2C=NC3=C2NC=NC3=O,CC(C)C(CCCN(C)CCC1=CC(=C(C=C1)OC)OC)(C#N)C2=CC(=C(C=C2)OC)OC,1,reported_twosides,0.46043872833251953,0.49184963399769227,0.49184963399769227,fitted,platt_logistic_regression,0.49581294690645394,0,0.693014317743722,0.28463476070528965,0.2661628883291352,no_interaction|interaction,2,True,0.3492063492063492,0.23529411764705882,0.23529411764705882,False,False,True
CC12CCC3C(C1CCC2(C#C)O)CCC4=CC(=O)CCC34,CN1CC(=O)N2C(C1=O)CC3=C(C2C4=CC5=C(C=C4)OCO5)NC6=CC=CC=C36,0,unreported_twosides_sampled,0.4644068479537964,0.4962103283587239,0.4962103283587239,fitted,platt_logistic_regression,0.49581294690645394,1,0.6931184570626338,0.2804366078925273,0.2703610411418976,no_interaction|interaction,2,True,0.7169811320754716,0.24050632911392406,0.24050632911392406,False,False,True
C1=CC(=CC=C1N)S(=O)(=O)C2=CC=C(C=C2)N,C1CC(C1)(C(=O)O)C(=O)O.N.N.[Pt],0,unreported_twosides_sampled,0.03981642797589302,0.03429784525651568,0.03429784525651568,fitted,platt_logistic_regression,0.49581294690645394,0,0.1493782400719606,0.9496221662468514,0.0033585222502099076,no_interaction,1,False,0.43333333333333335,0.26666666666666666,0.26666666666666666,False,False,True
CC12CCC3C(C1CCC2O)C(CC4=C3C=CC(=C4)O)CCCCCCCCCS(=O)CCCC(C(F)(F)F)(F)F,CC1=NN=C2N1C3=C(C=C(C=C3)Cl)C(=NC2)C4=CC=CC=C4,0,unreported_twosides_sampled,0.19748695194721222,0.1991521091561235,0.1991521091561235,fitted,platt_logistic_regression,0.49581294690645394,0,0.499224748234373,0.6414777497900923,0.05373635600335852,no_interaction,1,False,0.4492753623188406,0.7659574468085106,0.4492753623188406,False,False,False
C1C(N(C2=C(N1)NC(=NC2=O)N)C=O)CNC3=CC=C(C=C3)C(=O)NC(CCC(=O)O)C(=O)O,CC1=C(C(=O)C2=CC=CC=C2C1=O)CC=C(C)CCCC(C)CCCC(C)CCCC(C)C,1,reported_twosides,0.7235966324806213,0.7671809415755326,0.7671809415755326,fitted,platt_logistic_regression,0.49581294690645394,1,0.5426602684949148,0.06968933669185558,0.5852225020990764,interaction,1,False,0.5256410256410257,0.22058823529411764,0.22058823529411764,False,False,True
C1CN=C(N1)NC2=C(C=CC=C2Cl)Cl,CN1CC(=O)N2C(C1=O)CC3=C(C2C4=CC5=C(C=C4)OCO5)NC6=CC=CC=C36,1,reported_twosides,0.3862433433532715,0.4096417982183856,0.4096417982183856,fitted,platt_logistic_regression,0.49581294690645394,0,0.6767279084549702,0.36523929471032746,0.18723761544920234,no_interaction|interaction,2,True,0.5853658536585366,0.24050632911392406,0.24050632911392406,False,False,True
CC1CC2C3CCC4=CC(=O)C=CC4(C3(C(CC2(C1(C(=O)CO)O)C)O)F)C,CCC(C)C(=O)OC1CC(C=C2C1C(C(C=C2)C)CCC3CC(CC(=O)O3)O)C,1,reported_twosides,0.7536651492118835,0.7962181975340855,0.7962181975340855,fitted,platt_logistic_regression,0.49581294690645394,1,0.5056006302670305,0.054575986565911,0.6364399664147775,interaction,1,False,0.8596491228070176,0.7424242424242424,0.7424242424242424,False,False,False
C1C(N(C2=C(N1)NC(=NC2=O)N)C=O)CNC3=CC=C(C=C3)C(=O)NC(CCC(=O)O)C(=O)O,CCN(C)C(=O)OC1=CC=CC(=C1)C(C)N(C)C,0,unreported_twosides_sampled,0.5829108953475952,0.6239918290869576,0.6239918290869576,fitted,platt_logistic_regression,0.49581294690645394,1,0.6620760701304559,0.16456759026028547,0.40218303946263645,no_interaction|interaction,2,True,0.5256410256410257,0.32653061224489793,0.32653061224489793,False,False,True
C1=CC(=CC=C1N)S(=O)(=O)C2=CC=C(C=C2)N,C[N+](C)(C)CC(CC(=O)O)O,0,unreported_twosides_sampled,0.19380955398082733,0.19511016953567137,0.19511016953567137,fitted,platt_logistic_regression,0.49581294690645394,0,0.4935484961597071,0.6523929471032746,0.05373635600335852,no_interaction,1,False,0.43333333333333335,0.36666666666666664,0.36666666666666664,False,False,True
C1CC(OC1CO)N2C=NC3=C2NC=NC3=O,CCOC1=C(C=CC(=C1)CC(=O)NC(CC(C)C)C2=CC=CC=C2N3CCCCC3)C(=O)O,1,reported_twosides,0.7637043595314026,0.8057703866242183,0.8057703866242183,fitted,platt_logistic_regression,0.49581294690645394,1,0.49229815236970365,0.052057094878253565,0.654911838790932,interaction,1,False,0.3492063492063492,0.2804878048780488,0.2804878048780488,False,False,True
CN1CCC23C=CC(CC2OC4=C(C=CC(=C34)C1)OC)O,CNC(=C[N+](=O)[O-])NCCSCC1=CC=C(O1)CN(C)C,1,reported_twosides,0.7050148248672485,0.7489316281765708,0.7489316281765708,fitted,platt_logistic_regression,0.49581294690645394,1,0.5635058301340012,0.07976490344248531,0.563392107472712,interaction,1,False,0.375,0.603448275862069,0.375,False,False,True
CC(C)(C)NCC(C1=CC(=C(C=C1)O)CO)O,CCC(C)C(=O)OC1CC(C=C2C1C(C(C=C2)C)CCC3CC(CC(=O)O3)O)C,1,reported_twosides,0.3935818076133728,0.41781952711995474,0.41781952711995474,fitted,platt_logistic_regression,0.49581294690645394,0,0.6795784381221619,0.35768261964735515,0.19479429051217464,no_interaction|interaction,2,True,0.5227272727272727,0.7424242424242424,0.5227272727272727,False,False,False
CC(=O)OCC(=O)C12C(CC3C1(CC(C4(C3CC(C5=CC(=O)C=CC54C)F)F)O)C)OC(O2)(C)C,CC1C2C(C(=O)N2C(=C1SC3CC(NC3)C(=O)NC4=CC=CC(=C4)C(=O)O)C(=O)O)C(C)O,0,unreported_twosides_sampled,0.37080490589141846,0.3924138402732704,0.3924138402732704,fitted,platt_logistic_regression,0.49581294690645394,0,0.6698155901964227,0.3853904282115869,0.17632241813602015,no_interaction|interaction,2,True,0.8059701492537313,0.23529411764705882,0.23529411764705882,False,False,True
C1=CC(=CC=C1N)S(=O)(=O)C2=CC=C(C=C2)N,C1C(OC(S1)CO)N2C=C(C(=NC2=O)N)F,1,reported_twosides,0.055230867117643356,0.049151447458810824,0.049151447458810824,fitted,platt_logistic_regression,0.49581294690645394,0,0.1960091118151256,0.924433249370277,0.0041981528127623844,no_interaction,1,False,0.43333333333333335,0.6326530612244898,0.43333333333333335,False,False,False
C(CCl)NC(=O)N(CCCl)N=O,CC1CC2C3CCC4=CC(=O)C=CC4(C3(C(CC2(C1(C(=O)CO)O)C)O)F)C,1,reported_twosides,0.2136445939540863,0.21696726486420587,0.21696726486420587,fitted,platt_logistic_regression,0.49581294690645394,0,0.5230426422663693,0.6162888329135181,0.05961376994122586,no_interaction,1,False,0.2391304347826087,0.8596491228070176,0.2391304347826087,False,False,True
CC1=C(C(C(=C(N1)C)C(=O)OCC(C)C)C2=CC=CC=C2[N+](=O)[O-])C(=O)OC,CN1C(=C(NC2=CC=CC=N2)O)C(=O)C3=CC=CC=C3S1(=O)=O,0,unreported_twosides_sampled,0.7255231142044067,0.7690599466753528,0.7690599466753528,fitted,platt_logistic_regression,0.49581294690645394,1,0.5404097259228315,0.0688497061293031,0.5860621326616289,interaction,1,False,0.8043478260869565,0.62,0.62,False,False,False
CC(C)(C)NCC(C1=CC(=C(C=C1)O)CO)O,CC1=C(C(C(=C(N1)C)C(=O)OCC(C)C)C2=CC=CC=C2[N+](=O)[O-])C(=O)OC,1,reported_twosides,0.2912653982639313,0.30340404584228364,0.30340404584228364,fitted,platt_logistic_regression,0.49581294690645394,0,0.6137210126456156,0.49622166246851385,0.11418975650713686,no_interaction|interaction,2,True,0.5227272727272727,0.8043478260869565,0.5227272727272727,False,False,False
CC(=O)OCC(=O)C12C(CC3C1(CC(C4(C3CC(C5=CC(=O)C=CC54C)F)F)O)C)OC(O2)(C)C,CC(C)(C)NCC(C1=CC(=C(C=C1)O)CO)O,1,reported_twosides,0.024681340903043747,0.020282286295542493,0.020282286295542493,fitted,platt_logistic_regression,0.49581294690645394,0,0.0991356973229575,0.9697732997481109,0.0025188916876574307,no_interaction,1,False,0.8059701492537313,0.5227272727272727,0.5227272727272727,False,False,False
CC1=NN=C2N1C3=C(C=C(C=C3)Cl)C(=NC2)C4=CC=CC=C4,CN1CC(=O)N2C(C1=O)CC3=C(C2C4=CC5=C(C=C4)OCO5)NC6=CC=CC=C36,1,reported_twosides,0.45738154649734497,0.4884870795038471,0.4884870795038471,fitted,platt_logistic_regression,0.49581294690645394,0,0.692882062453212,0.2871536523929471,0.2619647355163728,no_interaction|interaction,2,True,0.7659574468085106,0.24050632911392406,0.24050632911392406,False,False,True
C(CCl)NC(=O)N(CCCl)N=O,CCC(C)C(=O)OC1CC(C=C2C1C(C(C=C2)C)CCC3CC(CC(=O)O3)O)C,0,unreported_twosides_sampled,0.20232254266738892,0.204474528853077,0.204474528853077,fitted,platt_logistic_regression,0.49581294690645394,0,0.5065432165153791,0.6364399664147775,0.056255247691015954,no_interaction,1,False,0.2391304347826087,0.7424242424242424,0.2391304347826087,False,False,True
CNC(=C[N+](=O)[O-])NCCSCC1=CC=C(O1)CN(C)C,C[N+](C)(C)CC(CC(=O)O)O,1,reported_twosides,0.3923749029636383,0.41647514827645327,0.41647514827645327,fitted,platt_logistic_regression,0.49581294690645394,0,0.6791287499125641,0.35768261964735515,0.19227539882451722,no_interaction|interaction,2,True,0.603448275862069,0.36666666666666664,0.36666666666666664,False,False,True
CC12CCC3C(C1CCC2O)C(CC4=C3C=CC(=C4)O)CCCCCCCCCS(=O)CCCC(C(F)(F)F)(F)F,CN1C=NC(=C1SC2=NC=NC3=C2NC=N3)[N+](=O)[O-],0,unreported_twosides_sampled,0.7119523286819458,0.7557712844903637,0.7557712844903637,fitted,platt_logistic_regression,0.49581294690645394,1,0.555905458086586,0.07724601175482787,0.5743073047858942,interaction,1,False,0.4492753623188406,0.25925925925925924,0.25925925925925924,False,False,True
C1=CC(=CC=C1N)S(=O)(=O)C2=CC=C(C=C2)N,CC1=NN=C2N1C3=C(C=C(C=C3)Cl)C(=NC2)C4=CC=CC=C4,0,unreported_twosides_sampled,0.01583707332611084,0.01246499810088812,0.01246499810088812,fitted,platt_logistic_regression,0.49581294690645394,0,0.06704389171835544,0.9832073887489504,0.0025188916876574307,no_interaction,1,False,0.43333333333333335,0.7659574468085106,0.43333333333333335,False,False,False
C1CC(C1)(C(=O)O)C(=O)O.N.N.[Pt],CC1C2C(C(=O)N2C(=C1SC3CC(NC3)C(=O)NC4=CC=CC(=C4)C(=O)O)C(=O)O)C(C)O,1,reported_twosides,0.9639611840248108,0.9766243724859001,0.9766243724859001,fitted,platt_logistic_regression,0.49581294690645394,1,0.11090055471906538,0.0033585222502099076,0.966414777497901,interaction,1,False,0.26666666666666666,0.23529411764705882,0.23529411764705882,False,False,True
C1C(N(C2=C(N1)NC(=NC2=O)N)C=O)CNC3=CC=C(C=C3)C(=O)NC(CCC(=O)O)C(=O)O,CN1C=NC(=C1SC2=NC=NC3=C2NC=N3)[N+](=O)[O-],0,unreported_twosides_sampled,0.9936920404434204,0.9965648841933057,0.9965648841933057,fitted,platt_logistic_regression,0.49581294690645394,1,0.022919041520873748,0.0008396305625524769,0.9958018471872376,interaction,1,False,0.5256410256410257,0.25925925925925924,0.25925925925925924,False,False,True
C1=CC(=CC=C1N)S(=O)(=O)C2=CC=C(C=C2)N,CC1=NN=C(S1)SCC2=C(N3C(C(C3=O)NC(=O)CN4C=NN=N4)SC2)C(=O)[O-],1,reported_twosides,0.061736054718494415,0.05555576917158965,0.05555576917158965,fitted,platt_logistic_regression,0.49581294690645394,0,0.21455976039576855,0.9185558354324097,0.005877413937867338,no_interaction,1,False,0.43333333333333335,0.4574468085106383,0.43333333333333335,False,False,False
CC12CCC3C(C1CCC2(C)O)CCC4C3(COC(=O)C4)C,CCOC1=C(C=CC(=C1)CC(=O)NC(CC(C)C)C2=CC=CC=C2N3CCCCC3)C(=O)O,0,unreported_twosides_sampled,0.4684044122695923,0.5005989576132923,0.5005989576132923,fitted,platt_logistic_regression,0.49581294690645394,1,0.6931464630593287,0.2787573467674223,0.2795969773299748,no_interaction|interaction,2,True,0.31343283582089554,0.2804878048780488,0.2804878048780488,False,False,True
CC1CC2C3CCC4=CC(=O)C=CC4(C3(C(CC2(C1(C(=O)CO)O)C)O)F)C,CCOC(=O)C(CCC1=CC=CC=C1)NC(C)C(=O)N2C3CCCCC3CC2C(=O)O,1,reported_twosides,0.7596247792243958,0.8018976019245365,0.8018976019245365,fitted,platt_logistic_regression,0.49581294690645394,1,0.49776050907013253,0.05373635600335852,0.6465155331654072,interaction,1,False,0.8596491228070176,0.9636363636363636,0.8596491228070176,False,False,False
CC12CCC3C(C1CCC2(C#C)O)CCC4=CC(=O)CCC34,CN1C(=C(NC2=CC=CC=N2)O)C(=O)C3=CC=CC=C3S1(=O)=O,0,unreported_twosides_sampled,0.27172333002090454,0.28155373141692464,0.28155373141692464,fitted,platt_logistic_regression,0.49581294690645394,0,0.5944147765608169,0.5222502099076406,0.0982367758186398,no_interaction,1,False,0.7169811320754716,0.62,0.62,False,False,False
C1CC(OC1CO)N2C=NC3=C2NC=NC3=O,CC1=NN=C2N1C3=C(C=C(C=C3)Cl)C(=NC2)C4=CC=CC=C4,1,reported_twosides,0.6047787666320801,0.646943702019328,0.646943702019328,fitted,platt_logistic_regression,0.49581294690645394,1,0.6493181051253997,0.14441645675902604,0.4256926952141058,no_interaction|interaction,2,True,0.3492063492063492,0.7659574468085106,0.3492063492063492,False,False,True
CC1=C(SC=C1)C(=CCCN2CCCC(C2)C(=O)O)C3=C(C=CS3)C,COC1=C(C=C(C=C1)C2=CC3=C(C=C2)C=C(C=C3)C(=O)O)C45CC6CC(C4)CC(C6)C5,0,unreported_twosides_sampled,0.16767741739749908,0.16654827893401045,0.16654827893401045,fitted,platt_logistic_regression,0.49581294690645394,0,0.4503706206950808,0.7010915197313182,0.04114189756507137,no_interaction,1,False,0.26865671641791045,0.288135593220339,0.26865671641791045,False,False,True
CC1(C(N2C(S1)C(C2=O)NC(=O)C(C3=CC=CC=C3)N)C(=O)[O-])C,CCOC1=C(C=CC(=C1)CC(=O)NC(CC(C)C)C2=CC=CC=C2N3CCCCC3)C(=O)O,0,unreported_twosides_sampled,0.09980177134275436,0.09423267951412048,0.09423267951412048,fitted,platt_logistic_regression,0.49581294690645394,0,0.31222283288761005,0.8421494542401343,0.016792611251049538,no_interaction,1,False,0.6119402985074627,0.2804878048780488,0.2804878048780488,False,False,True
C1CC(C1)(C(=O)O)C(=O)O.N.N.[Pt],CC12CCC3C(C1CCC2C(=O)NC4=C(C=CC(=C4)C(F)(F)F)C(F)(F)F)CCC5C3(C=CC(=O)N5)C,1,reported_twosides,0.3529868423938751,0.3724979766096494,0.3724979766096494,fitted,platt_logistic_regression,0.49581294690645394,0,0.660271773617857,0.4063811922753988,0.16120906801007556,no_interaction|interaction,2,True,0.26666666666666666,0.6417910447761194,0.26666666666666666,False,False,True
C1C(OC(S1)CO)N2C=C(C(=NC2=O)N)F,C1CC(C1)(C(=O)O)C(=O)O.N.N.[Pt],0,unreported_twosides_sampled,0.7730735540390015,0.8146177972561471,0.8146177972561471,fitted,platt_logistic_regression,0.49581294690645394,1,0.4794573974512272,0.04953820319059614,0.6691855583543241,interaction,1,False,0.6326530612244898,0.26666666666666666,0.26666666666666666,False,False,True
CC(C)(C(=O)O)ON=C(C1=CSC(=N1)N)C(=O)NC2C3N(C2=O)C(=C(CS3)C[N+]4=CC=CC=C4)C(=O)[O-],CN1CCC23C=CC(CC2OC4=C(C=CC(=C34)C1)OC)O,0,unreported_twosides_sampled,0.5673166513442993,0.607490401309397,0.607490401309397,fitted,platt_logistic_regression,0.49581294690645394,1,0.6698574343443476,0.17632241813602015,0.3853904282115869,no_interaction|interaction,2,True,0.6428571428571429,0.375,0.375,False,False,True
C1=CC(=CC=C1N)S(=O)(=O)C2=CC=C(C=C2)N,CC1=C(C(=O)C2=CC=CC=C2C1=O)CC=C(C)CCCC(C)CCCC(C)CCCC(C)C,0,unreported_twosides_sampled,0.03322902321815491,0.028115955219477004,0.028115955219477004,fitted,platt_logistic_regression,0.49581294690645394,0,0.1281307747823125,0.9596977329974811,0.0033585222502099076,no_interaction,1,False,0.43333333333333335,0.22058823529411764,0.22058823529411764,False,False,True
CC12CCC3C(C1CCC2(C)O)CCC4C3(COC(=O)C4)C,CC1=C(C(=O)C2=CC=CC=C2C1=O)CC=C(C)CCCC(C)CCCC(C)CCCC(C)C,0,unreported_twosides_sampled,0.49939805269241333,0.5344626922538417,0.5344626922538417,fitted,platt_logistic_regression,0.49581294690645394,1,0.690769941892688,0.2367758186397985,0.3131821998320739,no_interaction|interaction,2,True,0.31343283582089554,0.22058823529411764,0.22058823529411764,False,False,True
CC1(C(N2C(S1)C(C2=O)NC(=O)C(C3=CC=CC=C3)N)C(=O)[O-])C,CCCN1CC(CC2C1CC3=CNC4=CC=CC2=C34)CSC,0,unreported_twosides_sampled,0.003814298426732421,0.0026215073682258243,0.0026215073682258243,fitted,platt_logistic_regression,0.49581294690645394,0,0.018200323200275766,0.9958018471872376,0.0008396305625524769,no_interaction,1,False,0.6119402985074627,0.42168674698795183,0.42168674698795183,False,False,False
C1CC(OC1CO)N2C=NC3=C2NC=NC3=O,CCC(C)C(=O)OC1CC(C=C2C1C(C(C=C2)C)CCC3CC(CC(=O)O3)O)C,0,unreported_twosides_sampled,0.894914984703064,0.9228424928775657,0.9228424928775657,fitted,platt_logistic_regression,0.49581294690645394,1,0.27177152357043177,0.01343408900083963,0.8681780016792612,interaction,1,False,0.3492063492063492,0.7424242424242424,0.3492063492063492,False,False,True
CC(C)(C(=O)O)ON=C(C1=CSC(=N1)N)C(=O)NC2C3N(C2=O)C(=C(CS3)C[N+]4=CC=CC=C4)C(=O)[O-],CC1=NN=C2N1C3=C(C=C(C=C3)Cl)C(=NC2)C4=CC=CC=C4,0,unreported_twosides_sampled,0.022820312529802322,0.018609868625170656,0.018609868625170656,fitted,platt_logistic_regression,0.49581294690645394,0,0.09257851473449133,0.9714525608732157,0.0025188916876574307,no_interaction,1,False,0.6428571428571429,0.7659574468085106,0.6428571428571429,False,False,False
CC1=C(SC=C1)C(=CCCN2CCCC(C2)C(=O)O)C3=C(C=CS3)C,CN1C=NC(=C1SC2=NC=NC3=C2NC=N3)[N+](=O)[O-],0,unreported_twosides_sampled,0.9777676463127136,0.9862905358247803,0.9862905358247803,fitted,platt_logistic_regression,0.49581294690645394,1,0.07242411873774965,0.0025188916876574307,0.9815281276238456,interaction,1,False,0.26865671641791045,0.25925925925925924,0.25925925925925924,False,False,True
C1=CC(=C2NC(=C3C=CC=CC3=O)N(N2)C4=CC=C(C=C4)C(=O)O)C(=O)C=C1,C1CC(C1)(C(=O)O)C(=O)O.N.N.[Pt],0,unreported_twosides_sampled,0.20979154109954834,0.21271119065258004,0.21271119065258004,fitted,platt_logistic_regression,0.49581294690645394,0,0.5175267119492908,0.617968094038623,0.05709487825356843,no_interaction,1,False,0.22033898305084745,0.26666666666666666,0.22033898305084745,False,False,True
CC1=NN=C2N1C3=C(C=C(C=C3)Cl)C(=NC2)C4=CC=CC=C4,CCCCC(=O)N(CC1=CC=C(C=C1)C2=CC=CC=C2C3=NNN=N3)C(C(C)C)C(=O)O,1,reported_twosides,0.6816381812095642,0.72566204696745,0.72566204696745,fitted,platt_logistic_regression,0.49581294690645394,1,0.5875258889062752,0.09235936188077246,0.5365239294710328,interaction,1,False,0.7659574468085106,0.4533333333333333,0.4533333333333333,False,False,False
C1C(N(C2=C(N1)NC(=NC2=O)N)C=O)CNC3=CC=C(C=C3)C(=O)NC(CCC(=O)O)C(=O)O,CCOC(=O)N1CCC(=C2C3=C(CCC4=C2N=CC=C4)C=C(C=C3)Cl)CC1,1,reported_twosides,0.6933035254478455,0.7373162172161072,0.7373162172161072,fitted,platt_logistic_regression,0.49581294690645394,1,0.5758453930432513,0.08648194794290512,0.5457598656591099,interaction,1,False,0.5256410256410257,0.5892857142857143,0.5256410256410257,False,False,False
C1=CC(=CC=C1N)S(=O)(=O)C2=CC=C(C=C2)N,CCCC1(CC(=O)C(=C(O1)O)C(CC)C2=CC(=CC=C2)NS(=O)(=O)C3=NC=C(C=C3)C(F)(F)F)CCC4=CC=CC=C4,1,reported_twosides,0.010553252883255482,0.007988265442804744,0.007988265442804744,fitted,platt_logistic_regression,0.49581294690645394,0,0.046537851672520274,0.9882451721242653,0.0008396305625524769,no_interaction,1,False,0.43333333333333335,0.2247191011235955,0.2247191011235955,False,False,True
CCC(C)C(=O)OC1CC(C=C2C1C(C(C=C2)C)CCC3CC(CC(=O)O3)O)C,CN1CC(=O)N2C(C1=O)CC3=C(C2C4=CC5=C(C=C4)OCO5)NC6=CC=CC=C36,1,reported_twosides,0.7485926151275635,0.7913639887468328,0.7913639887468328,fitted,platt_logistic_regression,0.49581294690645394,1,0.5121438711274517,0.056255247691015954,0.6221662468513854,interaction,1,False,0.7424242424242424,0.24050632911392406,0.24050632911392406,False,False,True
CC12CCC3C(C1CCC2C(=O)NC4=C(C=CC(=C4)C(F)(F)F)C(F)(F)F)CCC5C3(C=CC(=O)N5)C,CN1CC(=O)N2C(C1=O)CC3=C(C2C4=CC5=C(C=C4)OCO5)NC6=CC=CC=C36,1,reported_twosides,0.6702033281326294,0.7141588236777776,0.7141588236777776,fitted,platt_logistic_regression,0.49581294690645394,1,0.5983858178287698,0.10243492863140219,0.5172124265323258,no_interaction|interaction,2,True,0.6417910447761194,0.24050632911392406,0.24050632911392406,False,False,True
CC1=NN=C2N1C3=C(C=C(C=C3)Cl)C(=NC2)C4=CC=CC=C4,CC1C2C(C(=O)N2C(=C1SC3CC(NC3)C(=O)NC4=CC=CC(=C4)C(=O)O)C(=O)O)C(C)O,0,unreported_twosides_sampled,0.2666424512863159,0.2758792902200661,0.2758792902200661,fitted,platt_logistic_regression,0.49581294690645394,0,0.5890192241261991,0.5306465155331654,0.09235936188077246,no_interaction,1,False,0.7659574468085106,0.23529411764705882,0.23529411764705882,False,False,True
C1C(N(C2=C(N1)NC(=NC2=O)N)C=O)CNC3=CC=C(C=C3)C(=O)NC(CCC(=O)O)C(=O)O,CC12CCC3C(C1CCC2(C)O)CCC4C3(COC(=O)C4)C,0,unreported_twosides_sampled,0.7084232568740845,0.7522958519460116,0.7522958519460116,fitted,platt_logistic_regression,0.49581294690645394,1,0.5597988087891916,0.07808564231738035,0.5675902602854744,interaction,1,False,0.5256410256410257,0.31343283582089554,0.31343283582089554,False,False,True
CC1=NN=C2N1C3=C(C=C(C=C3)Cl)C(=NC2)C4=CC=CC=C4,CN(C)CCC1=CNC2=C1C=C(C=C2)CC3COC(=O)N3,1,reported_twosides,0.3045334815979004,0.3182549701071061,0.3182549701071061,fitted,platt_logistic_regression,0.49581294690645394,0,0.6255470994049717,0.47103274559193953,0.12426532325776658,no_interaction|interaction,2,True,0.7659574468085106,0.543859649122807,0.543859649122807,False,False,False
CC(C)(C)NCC(C1=CC(=C(C=C1)O)CO)O,CC1CN(CCN1)C2=C(C=C3C(=C2OC)N(C=C(C3=O)C(=O)O)C4CC4)F,1,reported_twosides,0.69437575340271,0.7383832320555026,0.7383832320555026,fitted,platt_logistic_regression,0.49581294690645394,1,0.5747412216822143,0.08564231738035265,0.5465994962216625,interaction,1,False,0.5227272727272727,0.7230769230769231,0.5227272727272727,False,False,False
C1CC(C1)CN2CCC34C5C(CCC3(C2CC6=C4C(=C(C=C6)O)O5)O)O,CC1CN(CCN1)C2=C(C=C3C(=C2OC)N(C=C(C3=O)C(=O)O)C4CC4)F,1,reported_twosides,0.43502697348594666,0.4638269563410207,0.4638269563410207,fitted,platt_logistic_regression,0.49581294690645394,0,0.6905279147337833,0.3148614609571788,0.235936188077246,no_interaction|interaction,2,True,0.6451612903225806,0.7230769230769231,0.6451612903225806,False,False,False
CC(C=CC(C)C(C)(C)O)C1CCC2C1(CCCC2=CC=C3CC(CC(C3)O)O)C,CC1CN(CCN1)C2=C(C=C3C(=C2OC)N(C=C(C3=O)C(=O)O)C4CC4)F,0,unreported_twosides_sampled,0.7455971837043762,0.7884888695109548,0.7884888695109548,fitted,platt_logistic_regression,0.49581294690645394,1,0.5159519356749938,0.056255247691015954,0.6204869857262805,interaction,1,False,0.5625,0.7230769230769231,0.5625,False,False,False
C(CCl)NC(=O)N(CCCl)N=O,CC(C)C(C(=O)OCC(CO)OCN1C=NC2=C1NC(=NC2=O)N)N,0,unreported_twosides_sampled,0.548640787601471,0.5875897271587951,0.5875897271587951,fitted,platt_logistic_regression,0.49581294690645394,1,0.6777238018372664,0.1897565071368598,0.3618807724601176,no_interaction|interaction,2,True,0.2391304347826087,0.7307692307692307,0.2391304347826087,False,False,True
CC(C)C(C(=O)OCC(CO)OCN1C=NC2=C1NC(=NC2=O)N)N,COC1=C(C=C(C=C1)C2=CC3=C(C=C2)C=C(C=C3)C(=O)O)C45CC6CC(C4)CC(C6)C5,0,unreported_twosides_sampled,0.6384953260421753,0.681869252045016,0.681869252045016,fitted,platt_logistic_regression,0.49581294690645394,1,0.6254524310488575,0.12426532325776658,0.47103274559193953,no_interaction|interaction,2,True,0.7307692307692307,0.288135593220339,0.288135593220339,False,False,True
C1=CC(=CC=C1N)S(=O)(=O)C2=CC=C(C=C2)N,C1C(N(C2=C(N1)NC(=NC2=O)N)C=O)CNC3=CC=C(C=C3)C(=O)NC(CCC(=O)O)C(=O)O,1,reported_twosides,0.04016461223363876,0.03462765863590846,0.03462765863590846,fitted,platt_logistic_regression,0.49581294690645394,0,0.1504774452045012,0.9479429051217464,0.0033585222502099076,no_interaction,1,False,0.43333333333333335,0.5256410256410257,0.43333333333333335,False,False,False
CN1CCC(=C2C3=C(C(=O)CC4=CC=CC=C42)SC=C3)CC1,COC1=C(C=C(C=C1)C2=CC3=C(C=C2)C=C(C=C3)C(=O)O)C45CC6CC(C4)CC(C6)C5,0,unreported_twosides_sampled,0.4461195468902588,0.4760790421879956,0.4760790421879956,fitted,platt_logistic_regression,0.49581294690645394,0,0.6920023191453673,0.30142737195633923,0.24685138539042822,no_interaction|interaction,2,True,0.3018867924528302,0.288135593220339,0.288135593220339,False,False,True
C1=CC(=C2NC(=C3C=CC=CC3=O)N(N2)C4=CC=C(C=C4)C(=O)O)C(=O)C=C1,CC1=C(C(=O)C2=CC=CC=C2C1=O)CC=C(C)CCCC(C)CCCC(C)CCCC(C)C,0,unreported_twosides_sampled,0.19165337085723877,0.1927426192486047,0.1927426192486047,fitted,platt_logistic_regression,0.49581294690645394,0,0.49017544197509466,0.6582703610411419,0.052057094878253565,no_interaction,1,False,0.22033898305084745,0.22058823529411764,0.22033898305084745,False,False,True
C1CN=C(N1)NC2=C(C=CC=C2Cl)Cl,CC(C)(C(=O)O)ON=C(C1=CSC(=N1)N)C(=O)NC2C3N(C2=O)C(=C(CS3)C[N+]4=CC=CC=C4)C(=O)[O-],1,reported_twosides,0.08992236107587814,0.08402571698537645,0.08402571698537645,fitted,platt_logistic_regression,0.49581294690645394,0,0.28849311655079685,0.8581024349286314,0.014273719563392108,no_interaction,1,False,0.5853658536585366,0.6428571428571429,0.5853658536585366,False,False,False
CNC(=C[N+](=O)[O-])NCCSCC1=CC=C(O1)CN(C)C,COC1=C(C=C(C=C1)C2=CC3=C(C=C2)C=C(C=C3)C(=O)O)C45CC6CC(C4)CC(C6)C5,1,reported_twosides,0.3704240024089813,0.39198842033285636,0.39198842033285636,fitted,platt_logistic_regression,0.49581294690645394,0,0.66962922680061,0.3853904282115869,0.17632241813602015,no_interaction|interaction,2,True,0.603448275862069,0.288135593220339,0.288135593220339,False,False,True
CC(C=CC(C)C(C)(C)O)C1CCC2C1(CCCC2=CC=C3CC(CC(C3)O)O)C,CCC(C)C(=O)OC1CC(C=C2C1C(C(C=C2)C)CCC3CC(CC(=O)O3)O)C,1,reported_twosides,0.6033325791358948,0.6454328637763214,0.6454328637763214,fitted,platt_logistic_regression,0.49581294690645394,1,0.6502281231177445,0.14441645675902604,0.42401343408900083,no_interaction|interaction,2,True,0.5625,0.7424242424242424,0.5625,False,False,False
CC(C)C(C(=O)OCC(CO)OCN1C=NC2=C1NC(=NC2=O)N)N,CC1CN(CCN1)C2=C(C=C3C(=C2OC)N(C=C(C3=O)C(=O)O)C4CC4)F,0,unreported_twosides_sampled,0.8293511867523193,0.8662946911134471,0.8662946911134471,fitted,platt_logistic_regression,0.49581294690645394,1,0.3933701336500209,0.02434928631402183,0.7657430730478589,interaction,1,False,0.7307692307692307,0.7230769230769231,0.7230769230769231,False,False,False
CC1CC2C3CCC4=CC(=O)C=CC4(C3(C(CC2(C1(C(=O)CO)O)C)O)F)C,CN(C)CCC1=CNC2=C1C=C(C=C2)CC3COC(=O)N3,0,unreported_twosides_sampled,0.6426500082015991,0.6861318372286245,0.6861318372286245,fitted,platt_logistic_regression,0.49581294690645394,1,0.6221607596692893,0.12174643157010916,0.4811083123425693,no_interaction|interaction,2,True,0.8596491228070176,0.543859649122807,0.543859649122807,False,False,False
C(CCl)NC(=O)N(CCCl)N=O,CCOC1=C(C=CC(=C1)CC(=O)NC(CC(C)C)C2=CC=CC=C2N3CCCCC3)C(=O)O,0,unreported_twosides_sampled,0.10897136479616165,0.1037939606243891,0.1037939606243891,fitted,platt_logistic_regression,0.49581294690645394,0,0.3333400715285293,0.8253568429890848,0.018471872376154493,no_interaction,1,False,0.2391304347826087,0.2804878048780488,0.2391304347826087,False,False,True
C(CCl)NC(=O)N(CCCl)N=O,CC12CCC3C(C1CCC2C(=O)NC4=C(C=CC(=C4)C(F)(F)F)C(F)(F)F)CCC5C3(C=CC(=O)N5)C,0,unreported_twosides_sampled,0.12331046909093857,0.1188956599106119,0.1188956599106119,fitted,platt_logistic_regression,0.49581294690645394,0,0.3647188809308151,0.7900923593618808,0.0218303946263644,no_interaction,1,False,0.2391304347826087,0.6417910447761194,0.2391304347826087,False,False,True
C1=CC(=C2NC(=C3C=CC=CC3=O)N(N2)C4=CC=C(C=C4)C(=O)O)C(=O)C=C1,CN1CC(=O)N2C(C1=O)CC3=C(C2C4=CC5=C(C=C4)OCO5)NC6=CC=CC=C36,0,unreported_twosides_sampled,0.5845425724983215,0.6257121089169867,0.6257121089169867,fitted,platt_logistic_regression,0.49581294690645394,1,0.6611983925904361,0.163727959697733,0.4038623005877414,no_interaction|interaction,2,True,0.22033898305084745,0.24050632911392406,0.22033898305084745,False,False,True
CCOC(=O)N1CCC(=C2C3=C(CCC4=C2N=CC=C4)C=C(C=C3)Cl)CC1,CNC(=C[N+](=O)[O-])NCCSCC1=CC=C(O1)CN(C)C,1,reported_twosides,0.2875186502933502,0.2992121838097333,0.2992121838097333,fitted,platt_logistic_regression,0.49581294690645394,0,0.6101953085935953,0.4995801847187238,0.109151973131822,no_interaction|interaction,2,True,0.5892857142857143,0.603448275862069,0.5892857142857143,False,False,False
CC(C)C(C(=O)OCC(CO)OCN1C=NC2=C1NC(=NC2=O)N)N,CCC(C)C(=O)OC1CC(C=C2C1C(C(C=C2)C)CCC3CC(CC(=O)O3)O)C,1,reported_twosides,0.8205509185791016,0.8583890767148539,0.8583890767148539,fitted,platt_logistic_regression,0.49581294690645394,1,0.40787703545792353,0.028547439126784216,0.7514693534844669,interaction,1,False,0.7307692307692307,0.7424242424242424,0.7307692307692307,False,False,False
C1=CC(=C2NC(=C3C=CC=CC3=O)N(N2)C4=CC=C(C=C4)C(=O)O)C(=O)C=C1,CC(C)C(CCCN(C)CCC1=CC(=C(C=C1)OC)OC)(C#N)C2=CC(=C(C=C2)OC)OC,0,unreported_twosides_sampled,0.08371048420667648,0.07766306457328594,0.07766306457328594,fitted,platt_logistic_regression,0.49581294690645394,0,0.2730243286660128,0.8664987405541562,0.014273719563392108,no_interaction,1,False,0.22033898305084745,0.23529411764705882,0.22033898305084745,False,False,True
C(CCl)NC(=O)N(CCCl)N=O,CC(C)(C)NCC(C1=CC(=C(C=C1)O)CO)O,1,reported_twosides,0.09470219165086746,0.08895113110995215,0.08895113110995215,fitted,platt_logistic_regression,0.49581294690645394,0,0.3001043834719498,0.8530646515533166,0.01595298068849706,no_interaction,1,False,0.2391304347826087,0.5227272727272727,0.2391304347826087,False,False,True
C1CC(OC1CO)N2C=NC3=C2NC=NC3=O,CC(C)(C)NCC(C1=CC(=C(C=C1)O)CO)O,1,reported_twosides,0.5838154554367065,0.6249456587058778,0.6249456587058778,fitted,platt_logistic_regression,0.49581294690645394,1,0.6615909907838874,0.163727959697733,0.40302267002518893,no_interaction|interaction,2,True,0.3492063492063492,0.5227272727272727,0.3492063492063492,False,False,True
CC(C)(C)NCC(C1=CC(=C(C=C1)O)CO)O,CC1CC2C3CCC4=CC(=O)C=CC4(C3(C(CC2(C1(C(=O)CO)O)C)O)F)C,1,reported_twosides,0.19491299986839294,0.19632247028555128,0.19632247028555128,fitted,platt_logistic_regression,0.49581294690645394,0,0.4952618253932404,0.6507136859781696,0.05373635600335852,no_interaction,1,False,0.5227272727272727,0.8596491228070176,0.5227272727272727,False,False,False
CC1=C(C(=O)C2=CC=CC=C2C1=O)CC=C(C)CCCC(C)CCCC(C)CCCC(C)C,CC1CC2C3CCC4=CC(=O)C=CC4(C3(C(CC2(C1(C(=O)CO)O)C)O)F)C,1,reported_twosides,0.6270671486854553,0.6700968248812825,0.6700968248812825,fitted,platt_logistic_regression,0.49581294690645394,1,0.6341100445760491,0.13266162888329136,0.45843828715365237,no_interaction|interaction,2,True,0.22058823529411764,0.8596491228070176,0.22058823529411764,False,False,True
CC(C=CC(C)C(C)(C)O)C1CCC2C1(CCCC2=CC=C3CC(CC(C3)O)O)C,CNC(=C[N+](=O)[O-])NCCSCC1=CC=C(O1)CN(C)C,1,reported_twosides,0.3083113133907318,0.32248481122175726,0.32248481122175726,fitted,platt_logistic_regression,0.49581294690645394,0,0.628728270299862,0.46683459277917716,0.12678421494542402,no_interaction|interaction,2,True,0.5625,0.603448275862069,0.5625,False,False,False
C1CC(C1)(C(=O)O)C(=O)O.N.N.[Pt],CC1=NN=C(S1)SCC2=C(N3C(C(C3=O)NC(=O)CN4C=NN=N4)SC2)C(=O)[O-],0,unreported_twosides_sampled,0.7736614942550659,0.8151707899534194,0.8151707899534194,fitted,platt_logistic_regression,0.49581294690645394,1,0.4786377894399808,0.04869857262804366,0.670864819479429,interaction,1,False,0.26666666666666666,0.4574468085106383,0.26666666666666666,False,False,True
CC12CCC3C(C1CCC2(C#C)O)CCC4=CC(=O)CCC34,CC1CC2C3CCC4=CC(=O)C=CC4(C3(C(CC2(C1(C(=O)CO)O)C)O)F)C,0,unreported_twosides_sampled,0.6349799036979675,0.6782552941088835,0.6782552941088835,fitted,platt_logistic_regression,0.49581294690645394,1,0.6281775798982275,0.12510495382031905,0.46767422334172964,no_interaction|interaction,2,True,0.7169811320754716,0.8596491228070176,0.7169811320754716,False,False,False
CC1=C(C(C(=C(N1)C)C(=O)OCC(C)C)C2=CC=CC=C2[N+](=O)[O-])C(=O)OC,CN(C)NN=C1C(=NC=N1)C(=O)N,0,unreported_twosides_sampled,0.12972399592399597,0.12570367477658556,0.12570367477658556,fitted,platt_logistic_regression,0.49581294690645394,0,0.3781371891958113,0.7766582703610412,0.022670025188916875,no_interaction,1,False,0.8043478260869565,0.24390243902439024,0.24390243902439024,False,False,True
C1=CC(=C2NC(=C3C=CC=CC3=O)N(N2)C4=CC=C(C=C4)C(=O)O)C(=O)C=C1,CN1C=NC(=C1SC2=NC=NC3=C2NC=N3)[N+](=O)[O-],0,unreported_twosides_sampled,0.7003312110900879,0.7442967031026745,0.7442967031026745,fitted,platt_logistic_regression,0.49581294690645394,1,0.5685145503828495,0.08144416456759027,0.5600335852225021,interaction,1,False,0.22033898305084745,0.25925925925925924,0.22033898305084745,False,False,True
C1C(N(C2=C(N1)NC(=NC2=O)N)C=O)CNC3=CC=C(C=C3)C(=O)NC(CCC(=O)O)C(=O)O,C[N+](C)(C)CC(CC(=O)O)O,0,unreported_twosides_sampled,0.9565230011940002,0.9712201895046755,0.9712201895046755,fitted,platt_logistic_regression,0.49581294690645394,1,0.13047474409596418,0.0033585222502099076,0.9588581024349286,interaction,1,False,0.5256410256410257,0.36666666666666664,0.36666666666666664,False,False,True
C1CC(C1)(C(=O)O)C(=O)O.N.N.[Pt],CNC(=C[N+](=O)[O-])NCCSCC1=CC=C(O1)CN(C)C,1,reported_twosides,0.4160926640033722,0.44284964803270654,0.44284964803270654,fitted,platt_logistic_regression,0.49581294690645394,0,0.6866005564854529,0.33753148614609574,0.2216624685138539,no_interaction|interaction,2,True,0.26666666666666666,0.603448275862069,0.26666666666666666,False,False,True
C1C(OC(S1)CO)N2C=C(C(=NC2=O)N)F,CCCC1(CC(=O)C(=C(O1)O)C(CC)C2=CC(=CC=C2)NS(=O)(=O)C3=NC=C(C=C3)C(F)(F)F)CCC4=CC=CC=C4,1,reported_twosides,0.3013886511325836,0.3147342256687502,0.3147342256687502,fitted,platt_logistic_regression,0.49581294690645394,0,0.6228363640586718,0.47691015952980687,0.12174643157010916,no_interaction|interaction,2,True,0.6326530612244898,0.2247191011235955,0.2247191011235955,False,False,True
CCCCC(=O)N(CC1=CC=C(C=C1)C2=CC=CC=C2C3=NNN=N3)C(C(C)C)C(=O)O,CCCN1CC(CC2C1CC3=CNC4=CC=CC2=C34)CSC,1,reported_twosides,0.28441786766052246,0.29574382861213067,0.29574382861213067,fitted,platt_logistic_regression,0.49581294690645394,0,0.6072148085492763,0.5046179680940386,0.10495382031905962,no_interaction|interaction,2,True,0.4533333333333333,0.42168674698795183,0.42168674698795183,False,False,False
C1=CC(=C2NC(=C3C=CC=CC3=O)N(N2)C4=CC=C(C=C4)C(=O)O)C(=O)C=C1,CN1CCC23C=CC(CC2OC4=C(C=CC(=C34)C1)OC)O,0,unreported_twosides_sampled,0.5526589751243591,0.5918837389222861,0.5918837389222861,fitted,platt_logistic_regression,0.49581294690645394,1,0.6761655929549893,0.18639798488664988,0.3669185558354324,no_interaction|interaction,2,True,0.22033898305084745,0.375,0.22033898305084745,False,False,True
C1=CC(=C2NC(=C3C=CC=CC3=O)N(N2)C4=CC=C(C=C4)C(=O)O)C(=O)C=C1,CCN(C)C(=O)OC1=CC=CC(=C1)C(C)N(C)C,0,unreported_twosides_sampled,0.12534934282302856,0.12105656120117317,0.12105656120117317,fitted,platt_logistic_regression,0.49581294690645394,0,0.3690248434046684,0.7825356842989085,0.0218303946263644,no_interaction,1,False,0.22033898305084745,0.32653061224489793,0.22033898305084745,False,False,True
CC(C)C(C(=O)OCC(CO)OCN1C=NC2=C1NC(=NC2=O)N)N,CN1C=NC(=C1SC2=NC=NC3=C2NC=N3)[N+](=O)[O-],0,unreported_twosides_sampled,0.9287052154541016,0.9500785824837922,0.9500785824837922,fitted,platt_logistic_regression,0.49581294690645394,1,0.19828379698305204,0.0041981528127623844,0.924433249370277,interaction,1,False,0.7307692307692307,0.25925925925925924,0.25925925925925924,False,False,True
C(CCl)NC(=O)N(CCCl)N=O,C1CC(C1)(C(=O)O)C(=O)O.N.N.[Pt],1,reported_twosides,0.6819689869880676,0.7259936731108773,0.7259936731108773,fitted,platt_logistic_regression,0.49581294690645394,1,0.5872030320277627,0.09235936188077246,0.5373635600335852,interaction,1,False,0.2391304347826087,0.26666666666666666,0.2391304347826087,False,False,True
C1CN=C(N1)NC2=C(C=CC=C2Cl)Cl,CCOC1=C(C=CC(=C1)CC(=O)NC(CC(C)C)C2=CC=CC=C2N3CCCCC3)C(=O)O,1,reported_twosides,0.19055666029453278,0.19153909105242828,0.19153909105242828,fitted,platt_logistic_regression,0.49581294690645394,0,0.48844698227539035,0.6607892527287993,0.051217464315701094,no_interaction,1,False,0.5853658536585366,0.2804878048780488,0.2804878048780488,False,False,True
CC1(C(N2C(S1)C(C2=O)NC(=O)C(C3=CC=CC=C3)N)C(=O)[O-])C,CC1=NN=C(S1)SCC2=C(N3C(C(C3=O)NC(=O)CN4C=NN=N4)SC2)C(=O)[O-],1,reported_twosides,0.3736208379268646,0.39555836448274706,0.39555836448274706,fitted,platt_logistic_regression,0.49581294690645394,0,0.671169587152777,0.3811922753988245,0.17884130982367757,no_interaction|interaction,2,True,0.6119402985074627,0.4574468085106383,0.4574468085106383,False,False,False
C1C(N(C2=C(N1)NC(=NC2=O)N)C=O)CNC3=CC=C(C=C3)C(=O)NC(CCC(=O)O)C(=O)O,C1CN=C(N1)NC2=C(C=CC=C2Cl)Cl,1,reported_twosides,0.4985240399837494,0.5335119089139081,0.5335119089139081,fitted,platt_logistic_regression,0.49581294690645394,1,0.690899399803631,0.23761544920235098,0.31150293870696893,no_interaction|interaction,2,True,0.5256410256410257,0.5853658536585366,0.5256410256410257,False,False,False
CC1=C(C(=O)C2=CC=CC=C2C1=O)CC=C(C)CCCC(C)CCCC(C)CCCC(C)C,CC1=NN=C2N1C3=C(C=C(C=C3)Cl)C(=NC2)C4=CC=CC=C4,1,reported_twosides,0.5330848097801208,0.5709048675415376,0.5709048675415376,fitted,platt_logistic_regression,0.49581294690645394,1,0.6830582050176901,0.20822837951301426,0.34760705289672544,no_interaction|interaction,2,True,0.22058823529411764,0.7659574468085106,0.22058823529411764,False,False,True
CC1=NN=C(S1)SCC2=C(N3C(C(C3=O)NC(=O)CN4C=NN=N4)SC2)C(=O)[O-],CN1CC(=O)N2C(C1=O)CC3=C(C2C4=CC5=C(C=C4)OCO5)NC6=CC=CC=C36,0,unreported_twosides_sampled,0.9524174332618713,0.9681873800799968,0.9681873800799968,fitted,platt_logistic_regression,0.49581294690645394,1,0.14098763011824675,0.0033585222502099076,0.9546599496221663,interaction,1,False,0.4574468085106383,0.24050632911392406,0.24050632911392406,False,False,True
CC1=C(SC=C1)C(=CCCN2CCCC(C2)C(=O)O)C3=C(C=CS3)C,CC1=NN=C(S1)SCC2=C(N3C(C(C3=O)NC(=O)CN4C=NN=N4)SC2)C(=O)[O-],0,unreported_twosides_sampled,0.6028066277503967,0.6448831480214013,0.6448831480214013,fitted,platt_logistic_regression,0.49581294690645394,1,0.6505567556875421,0.1452560873215785,0.42401343408900083,no_interaction|interaction,2,True,0.26865671641791045,0.4574468085106383,0.26865671641791045,False,False,True
C1=CC(=CC=C1N)S(=O)(=O)C2=CC=C(C=C2)N,CC(C)C(C(=O)OCC(CO)OCN1C=NC2=C1NC(=NC2=O)N)N,1,reported_twosides,0.030078411102294922,0.02520158905469423,0.02520158905469423,fitted,platt_logistic_regression,0.49581294690645394,0,0.11764455163795992,0.964735516372796,0.0033585222502099076,no_interaction,1,False,0.43333333333333335,0.7307692307692307,0.43333333333333335,False,False,False
C1CN=C(N1)NC2=C(C=CC=C2Cl)Cl,CN1C=NC(=C1SC2=NC=NC3=C2NC=N3)[N+](=O)[O-],1,reported_twosides,0.8490102291107178,0.8837010171322193,0.8837010171322193,fitted,platt_logistic_regression,0.49581294690645394,1,0.3594855323029982,0.020990764063811923,0.7959697732997482,interaction,1,False,0.5853658536585366,0.25925925925925924,0.25925925925925924,False,False,True
C1CC(OC1CO)N2C=NC3=C2NC=NC3=O,CC(C)(C(=O)O)ON=C(C1=CSC(=N1)N)C(=O)NC2C3N(C2=O)C(=C(CS3)C[N+]4=CC=CC=C4)C(=O)[O-],0,unreported_twosides_sampled,0.7232584953308105,0.7668508816086244,0.7668508816086244,fitted,platt_logistic_regression,0.49581294690645394,1,0.5430535473099122,0.06968933669185558,0.5852225020990764,interaction,1,False,0.3492063492063492,0.6428571428571429,0.3492063492063492,False,False,True
CC12CCC3C(C1CCC2C(=O)NC4=C(C=CC(=C4)C(F)(F)F)C(F)(F)F)CCC5C3(C=CC(=O)N5)C,CN1CCC(=C2C3=C(C(=O)CC4=CC=CC=C42)SC=C3)CC1,0,unreported_twosides_sampled,0.55913245677948,0.5987875353564289,0.5987875353564289,fitted,platt_logistic_regression,0.49581294690645394,1,0.6735002174979823,0.18303946263643997,0.37363560033585225,no_interaction|interaction,2,True,0.6417910447761194,0.3018867924528302,0.3018867924528302,False,False,True
C1C(OC(S1)CO)N2C=C(C(=NC2=O)N)F,CCC(C)C(=O)OC1CC(C=C2C1C(C(C=C2)C)CCC3CC(CC(=O)O3)O)C,0,unreported_twosides_sampled,0.7129711508750916,0.7567731226466815,0.7567731226466815,fitted,platt_logistic_regression,0.49581294690645394,1,0.5547710266645827,0.0764063811922754,0.5759865659109992,interaction,1,False,0.6326530612244898,0.7424242424242424,0.6326530612244898,False,False,False
CCOC1=C(C=CC(=C1)CC(=O)NC(CC(C)C)C2=CC=CC=C2N3CCCCC3)C(=O)O,CN(C)NN=C1C(=NC=N1)C(=O)N,0,unreported_twosides_sampled,0.22248175740242004,0.22674538331915634,0.22674538331915634,fitted,platt_logistic_regression,0.49581294690645394,0,0.5353137464657289,0.5961376994122586,0.06633081444164568,no_interaction,1,False,0.2804878048780488,0.24390243902439024,0.24390243902439024,False,False,True
CC1CC2C3CCC4=CC(=O)C=CC4(C3(C(CC2(C1(C(=O)CO)O)C)O)F)C,CN1CCC(=C2C3=C(C(=O)CC4=CC=CC=C42)SC=C3)CC1,1,reported_twosides,0.8287584185600281,0.865764344590163,0.865764344590163,fitted,platt_logistic_regression,0.49581294690645394,1,0.3943599194392913,0.02434928631402183,0.764063811922754,interaction,1,False,0.8596491228070176,0.3018867924528302,0.3018867924528302,False,False,True
C1CC(C1)(C(=O)O)C(=O)O.N.N.[Pt],C1CC(C1)CN2CCC34C5C(CCC3(C2CC6=C4C(=C(C=C6)O)O5)O)O,0,unreported_twosides_sampled,0.3920767605304718,0.41614301111368324,0.41614301111368324,fitted,platt_logistic_regression,0.49581294690645394,0,0.6790165062690446,0.35852225020990763,0.19227539882451722,no_interaction|interaction,2,True,0.26666666666666666,0.6451612903225806,0.26666666666666666,False,False,True
C1=CC(=CC=C1N)S(=O)(=O)C2=CC=C(C=C2)N,CNC(=C[N+](=O)[O-])NCCSCC1=CC=C(O1)CN(C)C,1,reported_twosides,0.02999444678425789,0.02512432846727592,0.02512432846727592,fitted,platt_logistic_regression,0.49581294690645394,0,0.11736201757432858,0.964735516372796,0.0033585222502099076,no_interaction,1,False,0.43333333333333335,0.603448275862069,0.43333333333333335,False,False,False
CC1=C(C(C(=C(N1)C)C(=O)OCC(C)C)C2=CC=CC=C2[N+](=O)[O-])C(=O)OC,CCN(C)C(=O)OC1=CC=CC(=C1)C(C)N(C)C,0,unreported_twosides_sampled,0.3696707785129547,0.39114711955524284,0.39114711955524284,fitted,platt_logistic_regression,0.49581294690645394,0,0.6692584427966075,0.38623005877413935,0.1746431570109152,no_interaction|interaction,2,True,0.8043478260869565,0.32653061224489793,0.32653061224489793,False,False,True
CCOC(=O)C(CCC1=CC=CC=C1)NC(C)C(=O)N2C3CCCCC3CC2C(=O)O,CN1CCC(=C2C3=C(C(=O)CC4=CC=CC=C42)SC=C3)CC1,0,unreported_twosides_sampled,0.752899706363678,0.7954868822910691,0.7954868822910691,fitted,platt_logistic_regression,0.49581294690645394,1,0.5065956371932436,0.056255247691015954,0.6364399664147775,interaction,1,False,0.9636363636363636,0.3018867924528302,0.3018867924528302,False,False,True
CC12CCC3C(C1CCC2(C#C)O)CCC4=CC(=O)CCC34,CC1=NN=C2N1C3=C(C=C(C=C3)Cl)C(=NC2)C4=CC=CC=C4,1,reported_twosides,0.2557019293308258,0.26367274519538114,0.26367274519538114,fitted,platt_logistic_regression,0.49581294690645394,0,0.5768635445675265,0.5449202350965575,0.08648194794290512,no_interaction,1,False,0.7169811320754716,0.7659574468085106,0.7169811320754716,False,False,False
CCOC(=O)C(CCC1=CC=CC=C1)NC(C)C(=O)N2C3CCCCC3CC2C(=O)O,CNC(=C[N+](=O)[O-])NCCSCC1=CC=C(O1)CN(C)C,1,reported_twosides,0.6550192832946777,0.6987665213888113,0.6987665213888113,fitted,platt_logistic_regression,0.49581294690645394,1,0.611905806125943,0.11251049538203191,0.4995801847187238,no_interaction|interaction,2,True,0.9636363636363636,0.603448275862069,0.603448275862069,False,False,False
CC(C)C(C(=O)OCC(CO)OCN1C=NC2=C1NC(=NC2=O)N)N,CN1C(=C(NC2=CC=CC=N2)O)C(=O)C3=CC=CC=C3S1(=O)=O,0,unreported_twosides_sampled,0.6085655093193054,0.6508948847971234,0.6508948847971234,fitted,platt_logistic_regression,0.49581294690645394,1,0.6468909095231219,0.14105793450881612,0.4290512174643157,no_interaction|interaction,2,True,0.7307692307692307,0.62,0.62,False,False,False
CN1CCC(=C2C3=C(C(=O)CC4=CC=CC=C42)SC=C3)CC1,C[N+](C)(C)CC(CC(=O)O)O,0,unreported_twosides_sampled,0.9565246105194092,0.9712213716390176,0.9712213716390176,fitted,platt_logistic_regression,0.49581294690645394,1,0.13047058428314665,0.0033585222502099076,0.9588581024349286,interaction,1,False,0.3018867924528302,0.36666666666666664,0.3018867924528302,False,False,True
CC(C)(C)NCC(C1=CC(=C(C=C1)O)CO)O,CCCC1(CC(=O)C(=C(O1)O)C(CC)C2=CC(=CC=C2)NS(=O)(=O)C3=NC=C(C=C3)C(F)(F)F)CCC4=CC=CC=C4,0,unreported_twosides_sampled,0.1848345547914505,0.18526747171855315,0.18526747171855315,fitted,platt_logistic_regression,0.49581294690645394,0,0.479287517595462,0.6691855583543241,0.04869857262804366,no_interaction,1,False,0.5227272727272727,0.2247191011235955,0.2247191011235955,False,False,True
CC(C)(C)NCC(C1=CC(=C(C=C1)O)CO)O,CC(C)C(CCCN(C)CCC1=CC(=C(C=C1)OC)OC)(C#N)C2=CC(=C(C=C2)OC)OC,1,reported_twosides,0.0910312831401825,0.08516618877202425,0.08516618877202425,fitted,platt_logistic_regression,0.49581294690645394,0,0.2912091348631301,0.8564231738035264,0.015113350125944584,no_interaction,1,False,0.5227272727272727,0.23529411764705882,0.23529411764705882,False,False,True
CC(C)(C(=O)O)ON=C(C1=CSC(=N1)N)C(=O)NC2C3N(C2=O)C(=C(CS3)C[N+]4=CC=CC=C4)C(=O)[O-],COC1=C(C=C(C=C1)C2=CC3=C(C=C2)C=C(C=C3)C(=O)O)C45CC6CC(C4)CC(C6)C5,0,unreported_twosides_sampled,0.08750385046005249,0.08154319418757804,0.08154319418757804,fitted,platt_logistic_regression,0.49581294690645394,0,0.28252230326766886,0.8597816960537363,0.014273719563392108,no_interaction,1,False,0.6428571428571429,0.288135593220339,0.288135593220339,False,False,True
C1CN=C(N1)NC2=C(C=CC=C2Cl)Cl,CC1CN(CCN1)C2=C(C=C3C(=C2OC)N(C=C(C3=O)C(=O)O)C4CC4)F,1,reported_twosides,0.24913427233695984,0.2563542622592328,0.2563542622592328,fitted,platt_logistic_regression,0.49581294690645394,0,0.5692089434217864,0.5583543240973972,0.08144416456759027,no_interaction,1,False,0.5853658536585366,0.7230769230769231,0.5853658536585366,False,False,False
CC(C=CC(C)C(C)(C)O)C1CCC2C1(CCCC2=CC=C3CC(CC(C3)O)O)C,CN1C(=C(NC2=CC=CC=N2)O)C(=O)C3=CC=CC=C3S1(=O)=O,0,unreported_twosides_sampled,0.6474325656890869,0.691027006342313,0.691027006342313,fitted,platt_logistic_regression,0.49581294690645394,1,0.6182764698242864,0.11922753988245172,0.4903442485306465,no_interaction|interaction,2,True,0.5625,0.62,0.5625,False,False,False
C1=CC(=CC=C1N)S(=O)(=O)C2=CC=C(C=C2)N,CN1C(=C(NC2=CC=CC=N2)O)C(=O)C3=CC=CC=C3S1(=O)=O,0,unreported_twosides_sampled,0.016729220747947693,0.013237147620761568,0.013237147620761568,fitted,platt_logistic_regression,0.49581294690645394,0,0.07039621287633734,0.982367758186398,0.0025188916876574307,no_interaction,1,False,0.43333333333333335,0.62,0.43333333333333335,False,False,False
CC(C)C(CCCN(C)CCC1=CC(=C(C=C1)OC)OC)(C#N)C2=CC(=C(C=C2)OC)OC,CC12CCC3C(C1CCC2O)C(CC4=C3C=CC(=C4)O)CCCCCCCCCS(=O)CCCC(C(F)(F)F)(F)F,1,reported_twosides,0.2007085084915161,0.20269707978551432,0.20269707978551432,fitted,platt_logistic_regression,0.49581294690645394,0,0.5041187141204198,0.6381192275398825,0.054575986565911,no_interaction,1,False,0.23529411764705882,0.4492753623188406,0.23529411764705882,False,False,True
CC1(C(N2C(S1)C(C2=O)NC(=O)C(C3=CC=CC=C3)N)C(=O)[O-])C,CNC(=C[N+](=O)[O-])NCCSCC1=CC=C(O1)CN(C)C,1,reported_twosides,0.0655902624130249,0.0593830760645369,0.0593830760645369,fitted,platt_logistic_regression,0.49581294690645394,0,0.22526664955406023,0.910159529806885,0.008396305625524769,no_interaction,1,False,0.6119402985074627,0.603448275862069,0.603448275862069,False,False,False
C1=CC(=CC=C1N)S(=O)(=O)C2=CC=C(C=C2)N,CN(C)CCC1=CNC2=C1C=C(C=C2)CC3COC(=O)N3,0,unreported_twosides_sampled,0.006100823171436787,0.004383219587793203,0.004383219587793203,fitted,platt_logistic_regression,0.49581294690645394,0,0.028174357789301382,0.9949622166246851,0.0008396305625524769,no_interaction,1,False,0.43333333333333335,0.543859649122807,0.43333333333333335,False,False,False
CC12CCC3C(C1CCC2O)C(CC4=C3C=CC(=C4)O)CCCCCCCCCS(=O)CCCC(C(F)(F)F)(F)F,CNC(=C[N+](=O)[O-])NCCSCC1=CC=C(O1)CN(C)C,1,reported_twosides,0.2180173248052597,0.22180279767197716,0.22180279767197716,fitted,platt_logistic_regression,0.49581294690645394,0,0.5291802503814815,0.6062132661628883,0.06381192275398824,no_interaction,1,False,0.4492753623188406,0.603448275862069,0.4492753623188406,False,False,False
CC(C)(C)NCC(C1=CC(=C(C=C1)O)CO)O,CC1(C(N2C(S1)C(C2=O)NC(=O)C(C3=CC=CC=C3)N)C(=O)[O-])C,1,reported_twosides,0.07864633202552795,0.07251025729279924,0.07251025729279924,fitted,platt_logistic_regression,0.49581294690645394,0,0.2600843304608279,0.8799328295549959,0.011754827875734676,no_interaction,1,False,0.5227272727272727,0.6119402985074627,0.5227272727272727,False,False,False
CC12CCC3C(C1CCC2C(=O)NC4=C(C=CC(=C4)C(F)(F)F)C(F)(F)F)CCC5C3(C=CC(=O)N5)C,CC1CC2C3CCC4=CC(=O)C=CC4(C3(C(CC2(C1(C(=O)CO)O)C)O)F)C,1,reported_twosides,0.6491103768348694,0.6927413545387179,0.6927413545387179,fitted,platt_logistic_regression,0.49581294690645394,1,0.6168896583827589,0.11754827875734676,0.49286314021830396,no_interaction|interaction,2,True,0.6417910447761194,0.8596491228070176,0.6417910447761194,False,False,False
CC1C2C(C(=O)N2C(=C1SC3CC(NC3)C(=O)NC4=CC=CC(=C4)C(=O)O)C(=O)O)C(C)O,CCOC(=O)N1CCC(=C2C3=C(CCC4=C2N=CC=C4)C=C(C=C3)Cl)CC1,0,unreported_twosides_sampled,0.46911534667015076,0.5013789669781293,0.5013789669781293,fitted,platt_logistic_regression,0.49581294690645394,1,0.6931433774552705,0.2753988245172124,0.2795969773299748,no_interaction|interaction,2,True,0.23529411764705882,0.5892857142857143,0.23529411764705882,False,False,True
C1CC(OC1CO)N2C=NC3=C2NC=NC3=O,CN(C)NN=C1C(=NC=N1)C(=O)N,0,unreported_twosides_sampled,0.08458827435970306,0.07855941888073988,0.07855941888073988,fitted,platt_logistic_regression,0.49581294690645394,0,0.27523679643962673,0.8656591099916037,0.014273719563392108,no_interaction,1,False,0.3492063492063492,0.24390243902439024,0.24390243902439024,False,False,True
CC1=NN=C(S1)SCC2=C(N3C(C(C3=O)NC(=O)CN4C=NN=N4)SC2)C(=O)[O-],CCOC1=C(C=CC(=C1)CC(=O)NC(CC(C)C)C2=CC=CC=C2N3CCCCC3)C(=O)O,1,reported_twosides,0.8368909955024719,0.873012801139266,0.873012801139266,fitted,platt_logistic_regression,0.49581294690645394,1,0.3806191006382673,0.022670025188916875,0.7758186397984886,interaction,1,False,0.4574468085106383,0.2804878048780488,0.2804878048780488,False,False,True
CCOC(=O)C(CCC1=CC=CC=C1)NC(C)C(=O)N2C3CCCCC3CC2C(=O)O,CN(C)CCC1=CNC2=C1C=C(C=C2)CC3COC(=O)N3,0,unreported_twosides_sampled,0.5432334542274475,0.5818008665372086,0.5818008665372086,fitted,platt_logistic_regression,0.49581294690645394,1,0.6797040690991765,0.19563392107472713,0.35768261964735515,no_interaction|interaction,2,True,0.9636363636363636,0.543859649122807,0.543859649122807,False,False,False
C1C(OC(S1)CO)N2C=C(C(=NC2=O)N)F,CN1CC(=O)N2C(C1=O)CC3=C(C2C4=CC5=C(C=C4)OCO5)NC6=CC=CC=C36,0,unreported_twosides_sampled,0.5916081070899963,0.6331471403263975,0.6331471403263975,fitted,platt_logistic_regression,0.49581294690645394,1,0.6572594494751028,0.15785054575986565,0.4139378673383711,no_interaction|interaction,2,True,0.6326530612244898,0.24050632911392406,0.24050632911392406,False,False,True
C1CC(C1)(C(=O)O)C(=O)O.N.N.[Pt],C1CC(OC1CO)N2C=NC3=C2NC=NC3=O,1,reported_twosides,0.9607780575752258,0.9743266241361322,0.9743266241361322,fitted,platt_logistic_regression,0.49581294690645394,1,0.11936458218318192,0.0033585222502099076,0.964735516372796,interaction,1,False,0.26666666666666666,0.3492063492063492,0.26666666666666666,False,False,True
CCN(C)C(=O)OC1=CC=CC(=C1)C(C)N(C)C,CN1CCC23C=CC(CC2OC4=C(C=CC(=C34)C1)OC)O,1,reported_twosides,0.7900515794754028,0.8304793246376998,0.8304793246376998,fitted,platt_logistic_regression,0.49581294690645394,1,0.4551253680579007,0.04114189756507137,0.6977329974811083,interaction,1,False,0.32653061224489793,0.375,0.32653061224489793,False,False,True
CC1C2C(C(=O)N2C(=C1SC3CC(NC3)C(=O)NC4=CC=CC(=C4)C(=O)O)C(=O)O)C(C)O,CNC(=C[N+](=O)[O-])NCCSCC1=CC=C(O1)CN(C)C,1,reported_twosides,0.7010548710823059,0.745013746419051,0.745013746419051,fitted,platt_logistic_regression,0.49581294690645394,1,0.5677470939565741,0.08060453400503778,0.5617128463476071,interaction,1,False,0.23529411764705882,0.603448275862069,0.23529411764705882,False,False,True
C1C(N(C2=C(N1)NC(=NC2=O)N)C=O)CNC3=CC=C(C=C3)C(=O)NC(CCC(=O)O)C(=O)O,CN1CCC(=C2C3=C(C(=O)CC4=CC=CC=C42)SC=C3)CC1,0,unreported_twosides_sampled,0.8694737553596497,0.9014240493971083,0.9014240493971083,fitted,platt_logistic_regression,0.49581294690645394,1,0.3219427029701598,0.017632241813602016,0.8337531486146096,interaction,1,False,0.5256410256410257,0.3018867924528302,0.3018867924528302,False,False,True
CC12CCC3C(C1CCC2O)C(CC4=C3C=CC(=C4)O)CCCCCCCCCS(=O)CCCC(C(F)(F)F)(F)F,CC1=C(C(C(=C(N1)C)C(=O)OCC(C)C)C2=CC=CC=C2[N+](=O)[O-])C(=O)OC,0,unreported_twosides_sampled,0.31615036725997925,0.3312627514025101,0.3312627514025101,fitted,platt_logistic_regression,0.49581294690645394,0,0.6350692937873458,0.45591939546599497,0.13266162888329136,no_interaction|interaction,2,True,0.4492753623188406,0.8043478260869565,0.4492753623188406,False,False,False
CCOC1=C(C=CC(=C1)CC(=O)NC(CC(C)C)C2=CC=CC=C2N3CCCCC3)C(=O)O,CN1CC(=O)N2C(C1=O)CC3=C(C2C4=CC5=C(C=C4)OCO5)NC6=CC=CC=C36,0,unreported_twosides_sampled,0.7974072694778442,0.8372807283045147,0.8372807283045147,fitted,platt_logistic_regression,0.49581294690645394,1,0.44415166805242245,0.03946263643996641,0.709487825356843,interaction,1,False,0.2804878048780488,0.24050632911392406,0.24050632911392406,False,False,True
CC(C=CC(C)C(C)(C)O)C1CCC2C1(CCCC2=CC=C3CC(CC(C3)O)O)C,C[N+](C)(C)CC(CC(=O)O)O,1,reported_twosides,0.927162766456604,0.9488692916536691,0.9488692916536691,fitted,platt_logistic_regression,0.49581294690645394,1,0.2018311821976553,0.0041981528127623844,0.9235936188077246,interaction,1,False,0.5625,0.36666666666666664,0.36666666666666664,False,False,True
CC(C)C(CCCN(C)CCC1=CC(=C(C=C1)OC)OC)(C#N)C2=CC(=C(C=C2)OC)OC,CC1=C(SC=C1)C(=CCCN2CCCC(C2)C(=O)O)C3=C(C=CS3)C,1,reported_twosides,0.2953697443008423,0.3079970531659691,0.3079970531659691,fitted,platt_logistic_regression,0.49581294690645394,0,0.617488679097076,0.4903442485306465,0.11754827875734676,no_interaction|interaction,2,True,0.23529411764705882,0.26865671641791045,0.23529411764705882,False,False,True
CC1=NN=C2N1C3=C(C=C(C=C3)Cl)C(=NC2)C4=CC=CC=C4,CC1CC2C3CCC4=CC(=O)C=CC4(C3(C(CC2(C1(C(=O)CO)O)C)O)F)C,1,reported_twosides,0.41189831495285034,0.43819280795115395,0.43819280795115395,fitted,platt_logistic_regression,0.49581294690645394,0,0.6854873448214007,0.3425692695214106,0.21578505457598657,no_interaction|interaction,2,True,0.7659574468085106,0.8596491228070176,0.7659574468085106,False,False,False
CC12CCC3C(C1CCC2O)C(CC4=C3C=CC(=C4)O)CCCCCCCCCS(=O)CCCC(C(F)(F)F)(F)F,CN1C(=C(NC2=CC=CC=N2)O)C(=O)C3=CC=CC=C3S1(=O)=O,0,unreported_twosides_sampled,0.19097012281417847,0.19199276878147314,0.19199276878147314,fitted,platt_logistic_regression,0.49581294690645394,0,0.4890996323559774,0.6599496221662469,0.051217464315701094,no_interaction,1,False,0.4492753623188406,0.62,0.4492753623188406,False,False,False
CC(C)C(CCCN(C)CCC1=CC(=C(C=C1)OC)OC)(C#N)C2=CC(=C(C=C2)OC)OC,CC12CCC3C(C1CCC2C(=O)NC4=C(C=CC(=C4)C(F)(F)F)C(F)(F)F)CCC5C3(C=CC(=O)N5)C,1,reported_twosides,0.2608129382133484,0.2693729857003753,0.2693729857003753,fitted,platt_logistic_regression,0.49581294690645394,0,0.5826341997354885,0.5407220822837951,0.0906801007556675,no_interaction,1,False,0.23529411764705882,0.6417910447761194,0.23529411764705882,False,False,True
CC1=NN=C(S1)SCC2=C(N3C(C(C3=O)NC(=O)CN4C=NN=N4)SC2)C(=O)[O-],CC1CN(CCN1)C2=C(C=C3C(=C2OC)N(C=C(C3=O)C(=O)O)C4CC4)F,1,reported_twosides,0.9830028414726257,0.9898002704230667,0.9898002704230667,fitted,platt_logistic_regression,0.49581294690645394,1,0.05691731410277255,0.0016792611251049538,0.9874055415617129,interaction,1,False,0.4574468085106383,0.7230769230769231,0.4574468085106383,False,False,False
C1CN=C(N1)NC2=C(C=CC=C2Cl)Cl,CC1=C(C(C(=C(N1)C)C(=O)OCC(C)C)C2=CC=CC=C2[N+](=O)[O-])C(=O)OC,1,reported_twosides,0.2817979156970978,0.2928139292910503,0.2928139292910503,fitted,platt_logistic_regression,0.49581294690645394,0,0.6046520382899638,0.5079764903442485,0.10327455919395466,no_interaction|interaction,2,True,0.5853658536585366,0.8043478260869565,0.5853658536585366,False,False,False
CC1=NN=C2N1C3=C(C=C(C=C3)Cl)C(=NC2)C4=CC=CC=C4,CN(C)NN=C1C(=NC=N1)C(=O)N,1,reported_twosides,0.46026068925857544,0.4916538802273842,0.4916538802273842,fitted,platt_logistic_regression,0.49581294690645394,0,0.69300785865911,0.28463476070528965,0.2661628883291352,no_interaction|interaction,2,True,0.7659574468085106,0.24390243902439024,0.24390243902439024,False,False,True
C(CCl)NC(=O)N(CCCl)N=O,C1=CC(=CC=C1N)S(=O)(=O)C2=CC=C(C=C2)N,0,unreported_twosides_sampled,0.003675160463899374,0.002517056402080542,0.002517056402080542,fitted,platt_logistic_regression,0.49581294690645394,0,0.017577625696190452,0.9958018471872376,0.0008396305625524769,no_interaction,1,False,0.2391304347826087,0.43333333333333335,0.2391304347826087,False,False,True
CC1=C(C(=O)C2=CC=CC=C2C1=O)CC=C(C)CCCC(C)CCCC(C)CCCC(C)C,CCCCC(=O)N(CC1=CC=C(C=C1)C2=CC=CC=C2C3=NNN=N3)C(C(C)C)C(=O)O,0,unreported_twosides_sampled,0.7085937857627869,0.7524639734913725,0.7524639734913725,fitted,platt_logistic_regression,0.49581294690645394,1,0.559611967624084,0.07808564231738035,0.5675902602854744,interaction,1,False,0.22058823529411764,0.4533333333333333,0.22058823529411764,False,False,True
CC(=O)OCC(=O)C12C(CC3C1(CC(C4(C3CC(C5=CC(=O)C=CC54C)F)F)O)C)OC(O2)(C)C,CNC(=C[N+](=O)[O-])NCCSCC1=CC=C(O1)CN(C)C,0,unreported_twosides_sampled,0.02417566440999508,0.01982656522605586,0.01982656522605586,fitted,platt_logistic_regression,0.49581294690645394,0,0.09736336678657496,0.9706129303106633,0.0025188916876574307,no_interaction,1,False,0.8059701492537313,0.603448275862069,0.603448275862069,False,False,False
C1=CC(=C2NC(=C3C=CC=CC3=O)N(N2)C4=CC=C(C=C4)C(=O)O)C(=O)C=C1,CCCCC(=O)N(CC1=CC=C(C=C1)C2=CC=CC=C2C3=NNN=N3)C(C(C)C)C(=O)O,1,reported_twosides,0.42260968685150146,0.4500783849522497,0.4500783849522497,fitted,platt_logistic_regression,0.49581294690645394,0,0.6881545308640744,0.32829554995801846,0.22670025188916876,no_interaction|interaction,2,True,0.22033898305084745,0.4533333333333333,0.22033898305084745,False,False,True
CC(C)(C)NCC(C1=CC(=C(C=C1)O)CO)O,CNC(=C[N+](=O)[O-])NCCSCC1=CC=C(O1)CN(C)C,1,reported_twosides,0.15038901567459106,0.14783513762571968,0.14783513762571968,fitted,platt_logistic_regression,0.49581294690645394,0,0.4189354629446941,0.7422334172963896,0.031066330814441646,no_interaction,1,False,0.5227272727272727,0.603448275862069,0.5227272727272727,False,False,False
CC1=NN=C2N1C3=C(C=C(C=C3)Cl)C(=NC2)C4=CC=CC=C4,CCCN1CC(CC2C1CC3=CNC4=CC=CC2=C34)CSC,1,reported_twosides,0.04752454534173012,0.04166402517780429,0.04166402517780429,fitted,platt_logistic_regression,0.49581294690645394,0,0.17319692428875602,0.9370277078085643,0.0033585222502099076,no_interaction,1,False,0.7659574468085106,0.42168674698795183,0.42168674698795183,False,False,False
CCC(C)C(=O)OC1CC(C=C2C1C(C(C=C2)C)CCC3CC(CC(=O)O3)O)C,COC1=C(C=C(C=C1)C2=CC3=C(C=C2)C=C(C=C3)C(=O)O)C45CC6CC(C4)CC(C6)C5,0,unreported_twosides_sampled,0.6080350875854492,0.6503418535070982,0.6503418535070982,fitted,platt_logistic_regression,0.49581294690645394,1,0.6472347614280209,0.1418975650713686,0.4290512174643157,no_interaction|interaction,2,True,0.7424242424242424,0.288135593220339,0.288135593220339,False,False,True
C1CN=C(N1)NC2=C(C=CC=C2Cl)Cl,CC(C=CC(C)C(C)(C)O)C1CCC2C1(CCCC2=CC=C3CC(CC(C3)O)O)C,1,reported_twosides,0.349092572927475,0.3681416397994583,0.3681416397994583,fitted,platt_logistic_regression,0.49581294690645394,0,0.6579592172258095,0.41225860621326615,0.15785054575986565,no_interaction|interaction,2,True,0.5853658536585366,0.5625,0.5625,False,False,False
CC1CC2C3CCC4=CC(=O)C=CC4(C3(C(CC2(C1(C(=O)CO)O)C)O)F)C,CCCC1(CC(=O)C(=C(O1)O)C(CC)C2=CC(=CC=C2)NS(=O)(=O)C3=NC=C(C=C3)C(F)(F)F)CCC4=CC=CC=C4,0,unreported_twosides_sampled,0.40377119183540344,0.429160226896445,0.429160226896445,fitted,platt_logistic_regression,0.49581294690645394,0,0.6830767836916445,0.34760705289672544,0.20822837951301426,no_interaction|interaction,2,True,0.8596491228070176,0.2247191011235955,0.2247191011235955,False,False,True
C1CC(C1)(C(=O)O)C(=O)O.N.N.[Pt],CC12CCC3C(C1CCC2(C)O)CCC4C3(COC(=O)C4)C,1,reported_twosides,0.44877690076828003,0.4790097322067039,0.4790097322067039,fitted,platt_logistic_regression,0.49581294690645394,0,0.6922657388656038,0.2989084802686818,0.24853064651553317,no_interaction|interaction,2,True,0.26666666666666666,0.31343283582089554,0.26666666666666666,False,False,True
CC(C=CC(C)C(C)(C)O)C1CCC2C1(CCCC2=CC=C3CC(CC(C3)O)O)C,CCCCC(=O)N(CC1=CC=C(C=C1)C2=CC=CC=C2C3=NNN=N3)C(C(C)C)C(=O)O,1,reported_twosides,0.8159411549568176,0.854220887870805,0.854220887870805,fitted,platt_logistic_regression,0.49581294690645394,1,0.4153171173011001,0.030226700251889168,0.7439126784214946,interaction,1,False,0.5625,0.4533333333333333,0.4533333333333333,False,False,False
CC(C)C(CCCN(C)CCC1=CC(=C(C=C1)OC)OC)(C#N)C2=CC(=C(C=C2)OC)OC,CCN(C)C(=O)OC1=CC=CC(=C1)C(C)N(C)C,1,reported_twosides,0.42063987255096436,0.4478943570690028,0.4478943570690028,fitted,platt_logistic_regression,0.49581294690645394,0,0.6877073132796168,0.3341729638958858,0.22418136020151133,no_interaction|interaction,2,True,0.23529411764705882,0.32653061224489793,0.23529411764705882,False,False,True
CC(C)C(CCCN(C)CCC1=CC(=C(C=C1)OC)OC)(C#N)C2=CC(=C(C=C2)OC)OC,CCOC1=C(C=CC(=C1)CC(=O)NC(CC(C)C)C2=CC=CC=C2N3CCCCC3)C(=O)O,1,reported_twosides,0.3717268407344818,0.393443455285432,0.393443455285432,fitted,platt_logistic_regression,0.49581294690645394,0,0.6702634917352409,0.38455079764903444,0.17716204869857263,no_interaction|interaction,2,True,0.23529411764705882,0.2804878048780488,0.23529411764705882,False,False,True
CCC(C)C(=O)OC1CC(C=C2C1C(C(C=C2)C)CCC3CC(CC(=O)O3)O)C,CN1C(=C(NC2=CC=CC=N2)O)C(=O)C3=CC=CC=C3S1(=O)=O,1,reported_twosides,0.7392169237136841,0.7823438173656591,0.7823438173656591,fitted,platt_logistic_regression,0.49581294690645394,1,0.523925422909893,0.061293031066330814,0.6154492023509656,interaction,1,False,0.7424242424242424,0.62,0.62,False,False,False
CC(C)(C)NCC(C1=CC(=C(C=C1)O)CO)O,CN1CC(=O)N2C(C1=O)CC3=C(C2C4=CC5=C(C=C4)OCO5)NC6=CC=CC=C36,1,reported_twosides,0.22548973560333252,0.2300785830667524,0.2300785830667524,fitted,platt_logistic_regression,0.49581294690645394,0,0.5393712768640998,0.5885810243492863,0.06801007556675064,no_interaction,1,False,0.5227272727272727,0.24050632911392406,0.24050632911392406,False,False,True
C1C(N(C2=C(N1)NC(=NC2=O)N)C=O)CNC3=CC=C(C=C3)C(=O)NC(CCC(=O)O)C(=O)O,CC(C=CC(C)C(C)(C)O)C1CCC2C1(CCCC2=CC=C3CC(CC(C3)O)O)C,0,unreported_twosides_sampled,0.8370566964149475,0.8731598611517416,0.8731598611517416,fitted,platt_logistic_regression,0.49581294690645394,1,0.38033549137279254,0.022670025188916875,0.7758186397984886,interaction,1,False,0.5256410256410257,0.5625,0.5256410256410257,False,False,False
C1CC(C1)(C(=O)O)C(=O)O.N.N.[Pt],CC(C)C(CCCN(C)CCC1=CC(=C(C=C1)OC)OC)(C#N)C2=CC(=C(C=C2)OC)OC,1,reported_twosides,0.4454398453235626,0.4753291441955698,0.4753291441955698,fitted,platt_logistic_regression,0.49581294690645394,0,0.6919293838844589,0.3022670025188917,0.24685138539042822,no_interaction|interaction,2,True,0.26666666666666666,0.23529411764705882,0.23529411764705882,False,False,True
CCCCC(=O)N(CC1=CC=C(C=C1)C2=CC=CC=C2C3=NNN=N3)C(C(C)C)C(=O)O,CNC(=C[N+](=O)[O-])NCCSCC1=CC=C(O1)CN(C)C,1,reported_twosides,0.7543859481811523,0.7969064732124256,0.7969064732124256,fitted,platt_logistic_regression,0.49581294690645394,1,0.5046611710007726,0.054575986565911,0.6364399664147775,interaction,1,False,0.4533333333333333,0.603448275862069,0.4533333333333333,False,False,False
CN1C(=C(NC2=CC=CC=N2)O)C(=O)C3=CC=CC=C3S1(=O)=O,CN1CC(=O)N2C(C1=O)CC3=C(C2C4=CC5=C(C=C4)OCO5)NC6=CC=CC=C36,0,unreported_twosides_sampled,0.6434703469276428,0.6869723778244751,0.6869723778244751,fitted,platt_logistic_regression,0.49581294690645394,1,0.6215017344634928,0.12174643157010916,0.4811083123425693,no_interaction|interaction,2,True,0.62,0.24050632911392406,0.24050632911392406,False,False,True
CC(=O)OCC(=O)C12C(CC3C1(CC(C4(C3CC(C5=CC(=O)C=CC54C)F)F)O)C)OC(O2)(C)C,CC1CN(CCN1)C2=C(C=C3C(=C2OC)N(C=C(C3=O)C(=O)O)C4CC4)F,0,unreported_twosides_sampled,0.15183357894420624,0.14939234768889878,0.14939234768889878,fitted,platt_logistic_regression,0.49581294690645394,0,0.4216536038469875,0.7380352644836272,0.03190596137699412,no_interaction,1,False,0.8059701492537313,0.7230769230769231,0.7230769230769231,False,False,False
C1CN=C(N1)NC2=C(C=CC=C2Cl)Cl,CCOC(=O)N1CCC(=C2C3=C(CCC4=C2N=CC=C4)C=C(C=C3)Cl)CC1,1,reported_twosides,0.11701183021068573,0.11224082989452655,0.11224082989452655,fitted,platt_logistic_regression,0.49581294690645394,0,0.3511748379843906,0.8035264483627204,0.019311502938706968,no_interaction,1,False,0.5853658536585366,0.5892857142857143,0.5853658536585366,False,False,False
C1C(OC(S1)CO)N2C=C(C(=NC2=O)N)F,CN1C=NC(=C1SC2=NC=NC3=C2NC=N3)[N+](=O)[O-],0,unreported_twosides_sampled,0.9457409977912903,0.9631862860494694,0.9631862860494694,fitted,platt_logistic_regression,0.49581294690645394,1,0.15768226141752997,0.0033585222502099076,0.9445843828715366,interaction,1,False,0.6326530612244898,0.25925925925925924,0.25925925925925924,False,False,True
CC1=NN=C(S1)SCC2=C(N3C(C(C3=O)NC(=O)CN4C=NN=N4)SC2)C(=O)[O-],CCCC1(CC(=O)C(=C(O1)O)C(CC)C2=CC(=CC=C2)NS(=O)(=O)C3=NC=C(C=C3)C(F)(F)F)CCC4=CC=CC=C4,0,unreported_twosides_sampled,0.4642616808414459,0.49605087600731573,0.49605087600731573,fitted,platt_logistic_regression,0.49581294690645394,1,0.6931159890750218,0.2804366078925273,0.2703610411418976,no_interaction|interaction,2,True,0.4574468085106383,0.2247191011235955,0.2247191011235955,False,False,True
CC1=NN=C2N1C3=C(C=C(C=C3)Cl)C(=NC2)C4=CC=CC=C4,CCOC(=O)N1CCC(=C2C3=C(CCC4=C2N=CC=C4)C=C(C=C3)Cl)CC1,1,reported_twosides,0.3134819269180298,0.3282746142839715,0.3282746142839715,fitted,platt_logistic_regression,0.49581294690645394,0,0.6329500052038386,0.4609571788413098,0.13182199832073888,no_interaction|interaction,2,True,0.7659574468085106,0.5892857142857143,0.5892857142857143,False,False,False
CC1=NN=C(S1)SCC2=C(N3C(C(C3=O)NC(=O)CN4C=NN=N4)SC2)C(=O)[O-],CCCCC(=O)N(CC1=CC=C(C=C1)C2=CC=CC=C2C3=NNN=N3)C(C(C)C)C(=O)O,1,reported_twosides,0.8351660370826721,0.8714803978463735,0.8714803978463735,fitted,platt_logistic_regression,0.49581294690645394,1,0.3835628108939455,0.022670025188916875,0.7758186397984886,interaction,1,False,0.4574468085106383,0.4533333333333333,0.4533333333333333,False,False,False
