source,target,label,label_evidence,raw_prediction_score,calibrated_prediction_score,prediction_score,calibration_status,calibration_method,threshold,predicted_label,predictive_entropy_nats,conformal_no_interaction_p_value,conformal_interaction_p_value,conformal_prediction_set,conformal_prediction_set_size,conformal_abstain,source_nearest_train_tanimoto,target_nearest_train_tanimoto,pair_minimum_nearest_train_tanimoto,source_exactly_seen_in_training,target_exactly_seen_in_training,structural_ood_flag
C1C(OC(S1)CO)N2C=C(C(=NC2=O)N)F,CC1CN(CCN1)C2=C(C=C3C(=C2OC)N(C=C(C3=O)C(=O)O)C4CC4)F,0,unreported_twosides_sampled,0.5843830108642578,0.5676886531461769,0.5676886531461769,fitted,platt_logistic_regression,0.4965154478341322,1,0.6839554758469493,0.19731318219983207,0.3089840470193115,no_interaction|interaction,2,True,0.6326530612244898,0.7230769230769231,0.6326530612244898,False,False,False
CC1CC2C3CCC4=CC(=O)C=CC4(C3(C(CC2(C1(C(=O)CO)O)C)O)F)C,CN1CCC23C=CC(CC2OC4=C(C=CC(=C34)C1)OC)O,0,unreported_twosides_sampled,0.9768441319465637,0.9775238762199303,0.9775238762199303,fitted,platt_logistic_regression,0.4965154478341322,1,0.1075252925106775,0.0008396305625524769,0.9504617968094039,interaction,1,False,0.8596491228070176,0.375,0.375,False,False,True
CCC(C)C(=O)OC1CC(C=C2C1C(C(C=C2)C)CCC3CC(CC(=O)O3)O)C,CN1CCC(=C2C3=C(C(=O)CC4=CC=CC=C42)SC=C3)CC1,0,unreported_twosides_sampled,0.9570592641830444,0.9575475474968822,0.9575475474968822,fitted,platt_logistic_regression,0.4965154478341322,1,0.1756613480849746,0.0033585222502099076,0.9109991603694374,interaction,1,False,0.7424242424242424,0.3018867924528302,0.3018867924528302,False,False,True
C1CC(OC1CO)N2C=NC3=C2NC=NC3=O,CC1CN(CCN1)C2=C(C=C3C(=C2OC)N(C=C(C3=O)C(=O)O)C4CC4)F,0,unreported_twosides_sampled,0.825114905834198,0.8202752232607409,0.8202752232607409,fitted,platt_logistic_regression,0.4965154478341322,1,0.470975896009113,0.047019311502938706,0.6431570109151973,interaction,1,False,0.3492063492063492,0.7230769230769231,0.3492063492063492,False,False,True
CC12CCC3C(C1CCC2C(=O)NC4=C(C=CC(=C4)C(F)(F)F)C(F)(F)F)CCC5C3(C=CC(=O)N5)C,CC1=NN=C(S1)SCC2=C(N3C(C(C3=O)NC(=O)CN4C=NN=N4)SC2)C(=O)[O-],0,unreported_twosides_sampled,0.05791269242763519,0.04980762607782499,0.04980762607782499,fitted,platt_logistic_regression,0.4965154478341322,0,0.1979484200416135,0.892527287993283,0.0041981528127623844,no_interaction,1,False,0.6417910447761194,0.4574468085106383,0.4574468085106383,False,False,False
CCOC1=C(C=CC(=C1)CC(=O)NC(CC(C)C)C2=CC=CC=C2N3CCCCC3)C(=O)O,CN1CCC23C=CC(CC2OC4=C(C=CC(=C34)C1)OC)O,0,unreported_twosides_sampled,0.8288491368293762,0.8242006990465178,0.8242006990465178,fitted,platt_logistic_regression,0.4965154478341322,1,0.4649636238788733,0.04534005037783375,0.6507136859781696,interaction,1,False,0.2804878048780488,0.375,0.2804878048780488,False,False,True
CC1=NN=C(S1)SCC2=C(N3C(C(C3=O)NC(=O)CN4C=NN=N4)SC2)C(=O)[O-],C[N+](C)(C)CC(CC(=O)O)O,0,unreported_twosides_sampled,0.9917592406272888,0.9922428000735236,0.9922428000735236,fitted,platt_logistic_regression,0.4965154478341322,1,0.045420307449167,0.0008396305625524769,0.9781696053736356,interaction,1,False,0.4574468085106383,0.36666666666666664,0.36666666666666664,False,False,True
C1C(C(C(C(C1N)OC2C(C(C(C(O2)CN)O)O)O)O)OC3C(C(C(C(O3)CO)O)N)O)N,CCCCC(=O)N(CC1=CC=C(C=C1)C2=CC=CC=C2C3=NNN=N3)C(C(C)C)C(=O)O,0,unreported_twosides_sampled,0.6736074686050415,0.6609061493815133,0.6609061493815133,fitted,platt_logistic_regression,0.4965154478341322,1,0.6404326038862266,0.1309823677581864,0.40470193115029385,no_interaction|interaction,2,True,0.7727272727272727,0.4533333333333333,0.4533333333333333,False,False,False
C1=CC(=C2NC(=C3C=CC=CC3=O)N(N2)C4=CC=C(C=C4)C(=O)O)C(=O)C=C1,CC1=NN=C2N1C3=C(C=C(C=C3)Cl)C(=NC2)C4=CC=CC=C4,1,reported_twosides,0.5969061255455017,0.5807201708732059,0.5807201708732059,fitted,platt_logistic_regression,0.4965154478341322,1,0.6800584834836195,0.18639798488664988,0.31821998320738876,no_interaction|interaction,2,True,0.22033898305084745,0.7659574468085106,0.22033898305084745,False,False,True
CC(C)(C(=O)O)ON=C(C1=CSC(=N1)N)C(=O)NC2C3N(C2=O)C(=C(CS3)C[N+]4=CC=CC=C4)C(=O)[O-],CNC(=C[N+](=O)[O-])NCCSCC1=CC=C(O1)CN(C)C,1,reported_twosides,0.19062656164169312,0.17275313844315837,0.17275313844315837,fitted,platt_logistic_regression,0.4965154478341322,0,0.46022491915618613,0.654911838790932,0.042821158690176324,no_interaction,1,False,0.6428571428571429,0.603448275862069,0.603448275862069,False,False,False
CC(C)(C(=O)O)ON=C(C1=CSC(=N1)N)C(=O)NC2C3N(C2=O)C(=C(CS3)C[N+]4=CC=CC=C4)C(=O)[O-],CC1=C(C(=O)C2=CC=CC=C2C1=O)CC=C(C)CCCC(C)CCCC(C)CCCC(C)C,1,reported_twosides,0.11906768381595612,0.10548387942139864,0.10548387942139864,fitted,platt_logistic_regression,0.4965154478341322,0,0.3369678577783925,0.7850545759865659,0.016792611251049538,no_interaction,1,False,0.6428571428571429,0.22058823529411764,0.22058823529411764,False,False,True
C1CC(C1)CN2CCC34C5C(CCC3(C2CC6=C4C(=C(C=C6)O)O5)O)O,CCC(C)C(=O)OC1CC(C=C2C1C(C(C=C2)C)CCC3CC(CC(=O)O3)O)C,0,unreported_twosides_sampled,0.5843645334243774,0.5676694399439564,0.5676694399439564,fitted,platt_logistic_regression,0.4965154478341322,1,0.6839607092915219,0.19731318219983207,0.3089840470193115,no_interaction|interaction,2,True,0.6451612903225806,0.7424242424242424,0.6451612903225806,False,False,False
C1C(N(C2=C(N1)NC(=NC2=O)N)C=O)CNC3=CC=C(C=C3)C(=O)NC(CCC(=O)O)C(=O)O,CCOC1=C(C=CC(=C1)CC(=O)NC(CC(C)C)C2=CC=CC=C2N3CCCCC3)C(=O)O,0,unreported_twosides_sampled,0.26554715633392334,0.24505327002477162,0.24505327002477162,fitted,platt_logistic_regression,0.4965154478341322,0,0.556835062303063,0.5407220822837951,0.07808564231738035,no_interaction,1,False,0.5256410256410257,0.2804878048780488,0.2804878048780488,False,False,True
C1=CC(=CC=C1N)S(=O)(=O)C2=CC=C(C=C2)N,C1CN=C(N1)NC2=C(C=CC=C2Cl)Cl,1,reported_twosides,0.028963761404156685,0.024300178142777493,0.024300178142777493,fitted,platt_logistic_regression,0.4965154478341322,0,0.11433286981757126,0.945424013434089,0.0008396305625524769,no_interaction,1,False,0.43333333333333335,0.5853658536585366,0.43333333333333335,False,False,False
CC12CCC3C(C1CCC2(C)O)CCC4C3(COC(=O)C4)C,CC1=NN=C2N1C3=C(C=C(C=C3)Cl)C(=NC2)C4=CC=CC=C4,0,unreported_twosides_sampled,0.8007404804229736,0.794633495353466,0.794633495353466,fitted,platt_logistic_regression,0.4965154478341322,1,0.5077525757108224,0.061293031066330814,0.5961376994122586,interaction,1,False,0.31343283582089554,0.7659574468085106,0.31343283582089554,False,False,True
CC12CCC3C(C1CCC2(C)O)CCC4C3(COC(=O)C4)C,CCN(C)C(=O)OC1=CC=CC(=C1)C(C)N(C)C,0,unreported_twosides_sampled,0.6546990275382996,0.6410865157169432,0.6410865157169432,fitted,platt_logistic_regression,0.4965154478341322,1,0.6527904895922202,0.1418975650713686,0.3811922753988245,no_interaction|interaction,2,True,0.31343283582089554,0.32653061224489793,0.31343283582089554,False,False,True
C1CC(OC1CO)N2C=NC3=C2NC=NC3=O,CC1=C(SC=C1)C(=CCCN2CCCC(C2)C(=O)O)C3=C(C=CS3)C,0,unreported_twosides_sampled,0.042574912309646606,0.03620334258174035,0.03620334258174035,fitted,platt_logistic_regression,0.4965154478341322,0,0.15568449799361747,0.9235936188077246,0.0025188916876574307,no_interaction,1,False,0.3492063492063492,0.26865671641791045,0.26865671641791045,False,False,True
CC(C)C(CCCN(C)CCC1=CC(=C(C=C1)OC)OC)(C#N)C2=CC(=C(C=C2)OC)OC,CC1=C(C(=O)C2=CC=CC=C2C1=O)CC=C(C)CCCC(C)CCCC(C)CCCC(C)C,1,reported_twosides,0.0472094789147377,0.04029483877670053,0.04029483877670053,fitted,platt_logistic_regression,0.4965154478341322,0,0.16888003199339774,0.9151973131821999,0.0025188916876574307,no_interaction,1,False,0.23529411764705882,0.22058823529411764,0.22058823529411764,False,False,True
CC1CC2C3CCC4=CC(=O)C=CC4(C3(C(CC2(C1(C(=O)CO)O)C)O)F)C,CC1CN(CCN1)C2=C(C=C3C(=C2OC)N(C=C(C3=O)C(=O)O)C4CC4)F,1,reported_twosides,0.9467428922653198,0.9470131784698976,0.9470131784698976,fitted,platt_logistic_regression,0.4965154478341322,1,0.20721757096308,0.005037783375314861,0.890848026868178,interaction,1,False,0.8596491228070176,0.7230769230769231,0.7230769230769231,False,False,False
CC(C)(C)NCC(C1=CC(=C(C=C1)O)CO)O,CC1=C(SC=C1)C(=CCCN2CCCC(C2)C(=O)O)C3=C(C=CS3)C,1,reported_twosides,0.07562434673309326,0.0657202952174403,0.0657202952174403,fitted,platt_logistic_regression,0.4965154478341322,0,0.24242526949725413,0.8648194794290512,0.009235936188077247,no_interaction,1,False,0.5227272727272727,0.26865671641791045,0.26865671641791045,False,False,True
CC(C)C(CCCN(C)CCC1=CC(=C(C=C1)OC)OC)(C#N)C2=CC(=C(C=C2)OC)OC,CCCCC(=O)N(CC1=CC=C(C=C1)C2=CC=CC=C2C3=NNN=N3)C(C(C)C)C(=O)O,1,reported_twosides,0.38468027114868164,0.36316529382282653,0.36316529382282653,fitted,platt_logistic_regression,0.4965154478341322,0,0.6552176762305564,0.37699412258606213,0.14357682619647355,no_interaction|interaction,2,True,0.23529411764705882,0.4533333333333333,0.23529411764705882,False,False,True
CC(C)C(CCCN(C)CCC1=CC(=C(C=C1)OC)OC)(C#N)C2=CC(=C(C=C2)OC)OC,CN1CCC(=C2C3=C(C(=O)CC4=CC=CC=C42)SC=C3)CC1,1,reported_twosides,0.2915830910205841,0.2705609295403309,0.2705609295403309,fitted,platt_logistic_regression,0.4965154478341322,0,0.5838159554818785,0.49286314021830396,0.09151973131821999,no_interaction,1,False,0.23529411764705882,0.3018867924528302,0.23529411764705882,False,False,True
C1=CC(=CC=C1N)S(=O)(=O)C2=CC=C(C=C2)N,CC(C)C(CCCN(C)CCC1=CC(=C(C=C1)OC)OC)(C#N)C2=CC(=C(C=C2)OC)OC,0,unreported_twosides_sampled,0.05096672102808952,0.04362445396271321,0.04362445396271321,fitted,platt_logistic_regression,0.4965154478341322,0,0.17929654509381848,0.90848026868178,0.0033585222502099076,no_interaction,1,False,0.43333333333333335,0.23529411764705882,0.23529411764705882,False,False,True
CC1=C(SC=C1)C(=CCCN2CCCC(C2)C(=O)O)C3=C(C=CS3)C,CC1=NN=C2N1C3=C(C=C(C=C3)Cl)C(=NC2)C4=CC=CC=C4,1,reported_twosides,0.12130077183246613,0.1075521951816482,0.1075521951816482,fitted,platt_logistic_regression,0.4965154478341322,0,0.3413668082005989,0.781696053736356,0.017632241813602016,no_interaction,1,False,0.26865671641791045,0.7659574468085106,0.26865671641791045,False,False,True
C1=CC(=CC=C1N)S(=O)(=O)C2=CC=C(C=C2)N,CC1CC2C3CCC4=CC(=O)C=CC4(C3(C(CC2(C1(C(=O)CO)O)C)O)F)C,1,reported_twosides,0.34286171197891235,0.32131268940389485,0.32131268940389485,fitted,platt_logistic_regression,0.4965154478341322,0,0.6278549692364156,0.4282115869017632,0.1200671704450042,no_interaction|interaction,2,True,0.43333333333333335,0.8596491228070176,0.43333333333333335,False,False,False
CCCC1(CC(=O)C(=C(O1)O)C(CC)C2=CC(=CC=C2)NS(=O)(=O)C3=NC=C(C=C3)C(F)(F)F)CCC4=CC=CC=C4,CCOC1=C(C=CC(=C1)CC(=O)NC(CC(C)C)C2=CC=CC=C2N3CCCCC3)C(=O)O,0,unreported_twosides_sampled,0.37984052300453186,0.3583015763694135,0.3583015763694135,fitted,platt_logistic_regression,0.4965154478341322,0,0.6524347183336261,0.382031905961377,0.1418975650713686,no_interaction|interaction,2,True,0.2247191011235955,0.2804878048780488,0.2247191011235955,False,False,True
CC1CC2C3CCC4=CC(=O)C=CC4(C3(C(CC2(C1(C(=O)CO)O)C)O)F)C,CCN(C)C(=O)OC1=CC=CC(=C1)C(C)N(C)C,0,unreported_twosides_sampled,0.8100125193595886,0.8043908930717796,0.8043908930717796,fitted,platt_logistic_regression,0.4965154478341322,1,0.49425476874160185,0.054575986565911,0.6137699412258606,interaction,1,False,0.8596491228070176,0.32653061224489793,0.32653061224489793,False,False,True
C1CC(OC1CO)N2C=NC3=C2NC=NC3=O,CCCC1(CC(=O)C(=C(O1)O)C(CC)C2=CC(=CC=C2)NS(=O)(=O)C3=NC=C(C=C3)C(F)(F)F)CCC4=CC=CC=C4,1,reported_twosides,0.15939120948314667,0.14315097074053912,0.14315097074053912,fitted,platt_logistic_regression,0.4965154478341322,0,0.41064243484813867,0.7128463476070529,0.0327455919395466,no_interaction,1,False,0.3492063492063492,0.2247191011235955,0.2247191011235955,False,False,True
CC12CCC3C(C1CCC2C(=O)NC4=C(C=CC(=C4)C(F)(F)F)C(F)(F)F)CCC5C3(C=CC(=O)N5)C,CC1C2C(C(=O)N2C(=C1SC3CC(NC3)C(=O)NC4=CC=CC(=C4)C(=O)O)C(=O)O)C(C)O,1,reported_twosides,0.1409987211227417,0.1258887135538549,0.1258887135538549,fitted,platt_logistic_regression,0.4965154478341322,0,0.37849591472007554,0.7472712006717045,0.02434928631402183,no_interaction,1,False,0.6417910447761194,0.23529411764705882,0.23529411764705882,False,False,True
CC(C)C(CCCN(C)CCC1=CC(=C(C=C1)OC)OC)(C#N)C2=CC(=C(C=C2)OC)OC,CNC(=C[N+](=O)[O-])NCCSCC1=CC=C(O1)CN(C)C,1,reported_twosides,0.5780540108680725,0.5611101746498652,0.5611101746498652,fitted,platt_logistic_regression,0.4965154478341322,1,0.6856595668076819,0.20151133501259447,0.30394626364399663,no_interaction|interaction,2,True,0.23529411764705882,0.603448275862069,0.23529411764705882,False,False,True
C1C(N(C2=C(N1)NC(=NC2=O)N)C=O)CNC3=CC=C(C=C3)C(=O)NC(CCC(=O)O)C(=O)O,CC1=C(C(C(=C(N1)C)C(=O)OCC(C)C)C2=CC=CC=C2[N+](=O)[O-])C(=O)OC,0,unreported_twosides_sampled,0.3288116753101349,0.307342259931254,0.307342259931254,fitted,platt_logistic_regression,0.4965154478341322,0,0.6169576177499425,0.44836272040302266,0.11083123425692695,no_interaction|interaction,2,True,0.5256410256410257,0.8043478260869565,0.5256410256410257,False,False,False
CC(C)(C(=O)O)ON=C(C1=CSC(=N1)N)C(=O)NC2C3N(C2=O)C(=C(CS3)C[N+]4=CC=CC=C4)C(=O)[O-],CN1C=NC(=C1SC2=NC=NC3=C2NC=N3)[N+](=O)[O-],0,unreported_twosides_sampled,0.2958577573299408,0.27476621579488714,0.27476621579488714,fitted,platt_logistic_regression,0.4965154478341322,0,0.5879420097254042,0.48866498740554154,0.09319899244332494,no_interaction,1,False,0.6428571428571429,0.25925925925925924,0.25925925925925924,False,False,True
CCC(C)C(=O)OC1CC(C=C2C1C(C(C=C2)C)CCC3CC(CC(=O)O3)O)C,CN(C)NN=C1C(=NC=N1)C(=O)N,0,unreported_twosides_sampled,0.2434956133365631,0.22359687762659025,0.22359687762659025,fitted,platt_logistic_regression,0.4965154478341322,0,0.5314228578994479,0.5717884130982368,0.07136859781696053,no_interaction,1,False,0.7424242424242424,0.24390243902439024,0.24390243902439024,False,False,True
CCCCC(=O)N(CC1=CC=C(C=C1)C2=CC=CC=C2C3=NNN=N3)C(C(C)C)C(=O)O,CCOC(=O)N1CCC(=C2C3=C(CCC4=C2N=CC=C4)C=C(C=C3)Cl)CC1,1,reported_twosides,0.8672954440116882,0.864542795699016,0.864542795699016,fitted,platt_logistic_regression,0.4965154478341322,1,0.39663050250236126,0.027707808564231738,0.7262804366078925,interaction,1,False,0.4533333333333333,0.5892857142857143,0.4533333333333333,False,False,False
C(CCl)NC(=O)N(CCCl)N=O,CC12CCC3C(C1CCC2(C#C)O)CCC4=CC(=O)CCC34,0,unreported_twosides_sampled,0.19222727417945862,0.17427932527569268,0.17427932527569268,fitted,platt_logistic_regression,0.4965154478341322,0,0.46260716281601155,0.653232577665827,0.042821158690176324,no_interaction,1,False,0.2391304347826087,0.7169811320754716,0.2391304347826087,False,False,True
C1C(OC(S1)CO)N2C=C(C(=NC2=O)N)F,CC1CC2C3CCC4=CC(=O)C=CC4(C3(C(CC2(C1(C(=O)CO)O)C)O)F)C,0,unreported_twosides_sampled,0.5259822607040405,0.5071934616822779,0.5071934616822779,fitted,platt_logistic_regression,0.4965154478341322,1,0.6930436852075179,0.24265323257766583,0.25440806045340053,no_interaction|interaction,2,True,0.6326530612244898,0.8596491228070176,0.6326530612244898,False,False,False
CCCCC(=O)N(CC1=CC=C(C=C1)C2=CC=CC=C2C3=NNN=N3)C(C(C)C)C(=O)O,C[N+](C)(C)CC(CC(=O)O)O,0,unreported_twosides_sampled,0.9971703886985779,0.9974189310360974,0.9974189310360974,fitted,platt_logistic_regression,0.4965154478341322,1,0.017959748909478827,0.0008396305625524769,0.9949622166246851,interaction,1,False,0.4533333333333333,0.36666666666666664,0.36666666666666664,False,False,True
CC1C2C(C(=O)N2C(=C1SC3CC(NC3)C(=O)NC4=CC=CC(=C4)C(=O)O)C(=O)O)C(C)O,CC1CN(CCN1)C2=C(C=C3C(=C2OC)N(C=C(C3=O)C(=O)O)C4CC4)F,0,unreported_twosides_sampled,0.9623581171035767,0.9629311151547021,0.9629311151547021,fitted,platt_logistic_regression,0.4965154478341322,1,0.15851431915008052,0.0025188916876574307,0.9219143576826196,interaction,1,False,0.23529411764705882,0.7230769230769231,0.23529411764705882,False,False,True
C1CC(C1)CN2CCC34C5C(CCC3(C2CC6=C4C(=C(C=C6)O)O5)O)O,CC(C)C(C(=O)OCC(CO)OCN1C=NC2=C1NC(=NC2=O)N)N,0,unreported_twosides_sampled,0.31891170144081116,0.29752716477924135,0.29752716477924135,fitted,platt_logistic_regression,0.4965154478341322,0,0.6087544917601718,0.4617968094038623,0.10663308144416457,no_interaction|interaction,2,True,0.6451612903225806,0.7307692307692307,0.6451612903225806,False,False,False
CC12CCC3C(C1CCC2(C#C)O)CCC4=CC(=O)CCC34,CCOC1=C(C=CC(=C1)CC(=O)NC(CC(C)C)C2=CC=CC=C2N3CCCCC3)C(=O)O,0,unreported_twosides_sampled,0.43245798349380493,0.41144370692162685,0.41144370692162685,fitted,platt_logistic_regression,0.4965154478341322,0,0.6773796994411001,0.3249370277078086,0.17716204869857263,no_interaction|interaction,2,True,0.7169811320754716,0.2804878048780488,0.2804878048780488,False,False,True
CC(C)(C(=O)O)ON=C(C1=CSC(=N1)N)C(=O)NC2C3N(C2=O)C(=C(CS3)C[N+]4=CC=CC=C4)C(=O)[O-],CC(C)(C)NCC(C1=CC(=C(C=C1)O)CO)O,1,reported_twosides,0.1439477503299713,0.1286476371219346,0.1286476371219346,fitted,platt_logistic_regression,0.4965154478341322,0,0.38380781099409933,0.7439126784214946,0.02434928631402183,no_interaction,1,False,0.6428571428571429,0.5227272727272727,0.5227272727272727,False,False,False
CC(C)C(C(=O)OCC(CO)OCN1C=NC2=C1NC(=NC2=O)N)N,CC1=C(C(=O)C2=CC=CC=C2C1=O)CC=C(C)CCCC(C)CCCC(C)CCCC(C)C,0,unreported_twosides_sampled,0.787190854549408,0.7803698355969807,0.7803698355969807,fitted,platt_logistic_regression,0.4965154478341322,1,0.5264394742537655,0.06717044500419815,0.5776658270361041,interaction,1,False,0.7307692307692307,0.22058823529411764,0.22058823529411764,False,False,True
C1CC(C1)(C(=O)O)C(=O)O.N.N.[Pt],CC1=C(C(=O)C2=CC=CC=C2C1=O)CC=C(C)CCCC(C)CCCC(C)CCCC(C)C,0,unreported_twosides_sampled,0.2945667505264282,0.2734956576644906,0.2734956576644906,fitted,platt_logistic_regression,0.4965154478341322,0,0.5867047852607885,0.48866498740554154,0.09235936188077246,no_interaction,1,False,0.26666666666666666,0.22058823529411764,0.22058823529411764,False,False,True
CC12CCC3C(C1CCC2C(=O)NC4=C(C=CC(=C4)C(F)(F)F)C(F)(F)F)CCC5C3(C=CC(=O)N5)C,CCCN1CC(CC2C1CC3=CNC4=CC=CC2=C34)CSC,0,unreported_twosides_sampled,0.11657001823186874,0.10317312189103535,0.10317312189103535,fitted,platt_logistic_regression,0.4965154478341322,0,0.33199961517177273,0.7900923593618808,0.016792611251049538,no_interaction,1,False,0.6417910447761194,0.42168674698795183,0.42168674698795183,False,False,False
C1C(N(C2=C(N1)NC(=NC2=O)N)C=O)CNC3=CC=C(C=C3)C(=O)NC(CCC(=O)O)C(=O)O,CCOC(=O)C(CCC1=CC=CC=C1)NC(C)C(=O)N2C3CCCCC3CC2C(=O)O,0,unreported_twosides_sampled,0.5935576558113098,0.5772338814336626,0.5772338814336626,fitted,platt_logistic_regression,0.4965154478341322,1,0.6811691342170738,0.18723761544920234,0.31738035264483627,no_interaction|interaction,2,True,0.5256410256410257,0.9636363636363636,0.5256410256410257,False,False,False
CC12CCC3C(C1CCC2C(=O)NC4=C(C=CC(=C4)C(F)(F)F)C(F)(F)F)CCC5C3(C=CC(=O)N5)C,CCCCC(=O)N(CC1=CC=C(C=C1)C2=CC=CC=C2C3=NNN=N3)C(C(C)C)C(=O)O,1,reported_twosides,0.30468443036079407,0.28346467958093574,0.28346467958093574,fitted,platt_logistic_regression,0.4965154478341322,0,0.5961958769294505,0.4802686817800168,0.09655751469353484,no_interaction,1,False,0.6417910447761194,0.4533333333333333,0.4533333333333333,False,False,False
CC1=C(SC=C1)C(=CCCN2CCCC(C2)C(=O)O)C3=C(C=CS3)C,CCOC(=O)N1CCC(=C2C3=C(CCC4=C2N=CC=C4)C=C(C=C3)Cl)CC1,1,reported_twosides,0.1969681829214096,0.17880455464059639,0.17880455464059639,fitted,platt_logistic_regression,0.4965154478341322,0,0.46957592675702214,0.6448362720403022,0.047019311502938706,no_interaction,1,False,0.26865671641791045,0.5892857142857143,0.26865671641791045,False,False,True
CC1(C(N2C(S1)C(C2=O)NC(=O)C(C3=CC=CC=C3)N)C(=O)[O-])C,CC1=NN=C2N1C3=C(C=C(C=C3)Cl)C(=NC2)C4=CC=CC=C4,1,reported_twosides,0.1530536264181137,0.13718810166754714,0.13718810166754714,fitted,platt_logistic_regression,0.4965154478341322,0,0.3998260528246987,0.7220822837951302,0.028547439126784216,no_interaction,1,False,0.6119402985074627,0.7659574468085106,0.6119402985074627,False,False,False
CN(C)NN=C1C(=NC=N1)C(=O)N,CN1C=NC(=C1SC2=NC=NC3=C2NC=N3)[N+](=O)[O-],0,unreported_twosides_sampled,0.07645692676305771,0.06647304558071199,0.06647304558071199,fitted,platt_logistic_regression,0.4965154478341322,0,0.24441874812547384,0.8648194794290512,0.009235936188077247,no_interaction,1,False,0.24390243902439024,0.25925925925925924,0.24390243902439024,False,False,True
CC(C)(C)NCC(C1=CC(=C(C=C1)O)CO)O,CC12CCC3C(C1CCC2(C)O)CCC4C3(COC(=O)C4)C,0,unreported_twosides_sampled,0.6902523636817932,0.6783759379100673,0.6783759379100673,fitted,platt_logistic_regression,0.4965154478341322,1,0.6280875745792007,0.1200671704450042,0.4282115869017632,no_interaction|interaction,2,True,0.5227272727272727,0.31343283582089554,0.31343283582089554,False,False,True
CC12CCC3C(C1CCC2(C)O)CCC4C3(COC(=O)C4)C,CCCCC(=O)N(CC1=CC=C(C=C1)C2=CC=CC=C2C3=NNN=N3)C(C(C)C)C(=O)O,0,unreported_twosides_sampled,0.7989884614944458,0.7927894213958492,0.7927894213958492,fitted,platt_logistic_regression,0.4965154478341322,1,0.5102373680405792,0.06213266162888329,0.5919395465994962,interaction,1,False,0.31343283582089554,0.4533333333333333,0.31343283582089554,False,False,True
CC1CN(CCN1)C2=C(C=C3C(=C2OC)N(C=C(C3=O)C(=O)O)C4CC4)F,CN1CC(=O)N2C(C1=O)CC3=C(C2C4=CC5=C(C=C4)OCO5)NC6=CC=CC=C36,0,unreported_twosides_sampled,0.9685680270195007,0.9692118908925896,0.9692118908925896,fitted,platt_logistic_regression,0.4965154478341322,1,0.13747113051033993,0.0016792611251049538,0.9345088161209067,interaction,1,False,0.7230769230769231,0.24050632911392406,0.24050632911392406,False,False,True
CC1(C(N2C(S1)C(C2=O)NC(=O)C(C3=CC=CC=C3)N)C(=O)[O-])C,COC1=C(C=C(C=C1)C2=CC3=C(C=C2)C=C(C=C3)C(=O)O)C45CC6CC(C4)CC(C6)C5,0,unreported_twosides_sampled,0.385175883769989,0.3636636482326568,0.3636636482326568,fitted,platt_logistic_regression,0.4965154478341322,0,0.6554970411837211,0.37615449202350965,0.14441645675902604,no_interaction|interaction,2,True,0.6119402985074627,0.288135593220339,0.288135593220339,False,False,True
CC1=C(C(C(=C(N1)C)C(=O)OCC(C)C)C2=CC=CC=C2[N+](=O)[O-])C(=O)OC,CN1CC(=O)N2C(C1=O)CC3=C(C2C4=CC5=C(C=C4)OCO5)NC6=CC=CC=C36,0,unreported_twosides_sampled,0.9996793270111084,0.9997255075887295,0.9997255075887295,fitted,platt_logistic_regression,0.4965154478341322,1,0.0025254536186102646,0.0008396305625524769,1.0,interaction,1,False,0.8043478260869565,0.24050632911392406,0.24050632911392406,False,False,True
C1=CC(=CC=C1N)S(=O)(=O)C2=CC=C(C=C2)N,CC12CCC3C(C1CCC2C(=O)NC4=C(C=CC(=C4)C(F)(F)F)C(F)(F)F)CCC5C3(C=CC(=O)N5)C,1,reported_twosides,0.11411672085523605,0.10090613100171685,0.10090613100171685,fitted,platt_logistic_regression,0.4965154478341322,0,0.32706939737082175,0.7934508816120907,0.016792611251049538,no_interaction,1,False,0.43333333333333335,0.6417910447761194,0.43333333333333335,False,False,False
C1CC(C1)CN2CCC34C5C(CCC3(C2CC6=C4C(=C(C=C6)O)O5)O)O,CN1C=NC(=C1SC2=NC=NC3=C2NC=N3)[N+](=O)[O-],0,unreported_twosides_sampled,0.7901450395584106,0.7834800580702753,0.7834800580702753,fitted,platt_logistic_regression,0.4965154478341322,1,0.5224679462928421,0.06717044500419815,0.5818639798488665,interaction,1,False,0.6451612903225806,0.25925925925925924,0.25925925925925924,False,False,True
C1=CC(=CC=C1N)S(=O)(=O)C2=CC=C(C=C2)N,CCOC(=O)C(CCC1=CC=CC=C1)NC(C)C(=O)N2C3CCCCC3CC2C(=O)O,0,unreported_twosides_sampled,0.3141152858734131,0.29278060370267356,0.29278060370267356,fitted,platt_logistic_regression,0.4965154478341322,0,0.6046226505553958,0.46767422334172964,0.10411418975650713,no_interaction|interaction,2,True,0.43333333333333335,0.9636363636363636,0.43333333333333335,False,False,False
C1CC(OC1CO)N2C=NC3=C2NC=NC3=O,CN(C)CCC1=CNC2=C1C=C(C=C2)CC3COC(=O)N3,0,unreported_twosides_sampled,0.25935399532318115,0.23901323766375923,0.23901323766375923,fitted,platt_logistic_regression,0.4965154478341322,0,0.549939835718499,0.5499580184718724,0.07724601175482787,no_interaction,1,False,0.3492063492063492,0.543859649122807,0.3492063492063492,False,False,True
CC12CCC3C(C1CCC2(C#C)O)CCC4=CC(=O)CCC34,CC1CN(CCN1)C2=C(C=C3C(=C2OC)N(C=C(C3=O)C(=O)O)C4CC4)F,0,unreported_twosides_sampled,0.27559754252433777,0.25487789053335336,0.25487789053335336,fitted,platt_logistic_regression,0.4965154478341322,0,0.567630876942352,0.5222502099076406,0.08480268681780016,no_interaction,1,False,0.7169811320754716,0.7230769230769231,0.7169811320754716,False,False,False
CC12CCC3C(C1CCC2C(=O)NC4=C(C=CC(=C4)C(F)(F)F)C(F)(F)F)CCC5C3(C=CC(=O)N5)C,CC1CN(CCN1)C2=C(C=C3C(=C2OC)N(C=C(C3=O)C(=O)O)C4CC4)F,0,unreported_twosides_sampled,0.16776573657989502,0.15105334994031624,0.15105334994031624,fitted,platt_logistic_regression,0.4965154478341322,0,0.42453188692028565,0.7010915197313182,0.033585222502099076,no_interaction,1,False,0.6417910447761194,0.7230769230769231,0.6417910447761194,False,False,False
CC1CN(CCN1)C2=C(C=C3C(=C2OC)N(C=C(C3=O)C(=O)O)C4CC4)F,CCCN1CC(CC2C1CC3=CNC4=CC=CC2=C34)CSC,0,unreported_twosides_sampled,0.12360994517803192,0.10969327593167323,0.10969327593167323,fitted,platt_logistic_regression,0.4965154478341322,0,0.3458735754231103,0.7783375314861462,0.019311502938706968,no_interaction,1,False,0.7230769230769231,0.42168674698795183,0.42168674698795183,False,False,False
CC(C)C(C(=O)OCC(CO)OCN1C=NC2=C1NC(=NC2=O)N)N,CNC(=C[N+](=O)[O-])NCCSCC1=CC=C(O1)CN(C)C,1,reported_twosides,0.13547924160957336,0.12073444913497305,0.12073444913497305,fitted,platt_logistic_regression,0.4965154478341322,0,0.36838578031890473,0.7573467674223342,0.022670025188916875,no_interaction,1,False,0.7307692307692307,0.603448275862069,0.603448275862069,False,False,False
CC1=NN=C2N1C3=C(C=C(C=C3)Cl)C(=NC2)C4=CC=CC=C4,CN1CCC(=C2C3=C(C(=O)CC4=CC=CC=C42)SC=C3)CC1,0,unreported_twosides_sampled,0.662439227104187,0.6491961354591245,0.6491961354591245,fitted,platt_logistic_regression,0.4965154478341322,1,0.6479428429887493,0.1376994122586062,0.3904282115869018,no_interaction|interaction,2,True,0.7659574468085106,0.3018867924528302,0.3018867924528302,False,False,True
CC(C=CC(C)C(C)(C)O)C1CCC2C1(CCCC2=CC=C3CC(CC(C3)O)O)C,CC1CC2C3CCC4=CC(=O)C=CC4(C3(C(CC2(C1(C(=O)CO)O)C)O)F)C,0,unreported_twosides_sampled,0.7686079740524292,0.7608032010905676,0.7608032010905676,fitted,platt_logistic_regression,0.4965154478341322,1,0.550152324841179,0.07724601175482787,0.5499580184718724,interaction,1,False,0.5625,0.8596491228070176,0.5625,False,False,False
CCOC(=O)N1CCC(=C2C3=C(CCC4=C2N=CC=C4)C=C(C=C3)Cl)CC1,CN1CCC23C=CC(CC2OC4=C(C=CC(=C34)C1)OC)O,0,unreported_twosides_sampled,0.9375043511390686,0.9375300795158484,0.9375300795158484,fitted,platt_logistic_regression,0.4965154478341322,1,0.23371019414559452,0.009235936188077247,0.871536523929471,interaction,1,False,0.5892857142857143,0.375,0.375,False,False,True
C1=CC(=CC=C1N)S(=O)(=O)C2=CC=C(C=C2)N,CCCN1CC(CC2C1CC3=CNC4=CC=CC2=C34)CSC,0,unreported_twosides_sampled,0.13316884636878967,0.11858062470112533,0.11858062470112533,fitted,platt_logistic_regression,0.4965154478341322,0,0.36408741348382717,0.762384550797649,0.020990764063811923,no_interaction,1,False,0.43333333333333335,0.42168674698795183,0.42168674698795183,False,False,False
CN1C(=C(NC2=CC=CC=N2)O)C(=O)C3=CC=CC=C3S1(=O)=O,CNC(=C[N+](=O)[O-])NCCSCC1=CC=C(O1)CN(C)C,1,reported_twosides,0.8508649468421936,0.8473211772212967,0.8473211772212967,fitted,platt_logistic_regression,0.4965154478341322,1,0.4273277717865097,0.03526448362720403,0.6960537363560033,interaction,1,False,0.62,0.603448275862069,0.603448275862069,False,False,False
CC12CCC3C(C1CCC2C(=O)NC4=C(C=CC(=C4)C(F)(F)F)C(F)(F)F)CCC5C3(C=CC(=O)N5)C,CC1=C(C(=O)C2=CC=CC=C2C1=O)CC=C(C)CCCC(C)CCCC(C)CCCC(C)C,0,unreported_twosides_sampled,0.058695368468761444,0.05050649958922794,0.05050649958922794,fitted,platt_logistic_regression,0.4965154478341322,0,0.20000390863391262,0.8916876574307305,0.0041981528127623844,no_interaction,1,False,0.6417910447761194,0.22058823529411764,0.22058823529411764,False,False,True
CC(C)C(CCCN(C)CCC1=CC(=C(C=C1)OC)OC)(C#N)C2=CC(=C(C=C2)OC)OC,CC1(C(N2C(S1)C(C2=O)NC(=O)C(C3=CC=CC=C3)N)C(=O)[O-])C,0,unreported_twosides_sampled,0.22203108668327332,0.20284902474525388,0.20284902474525388,fitted,platt_logistic_regression,0.4965154478341322,0,0.5043267346757132,0.6036943744752309,0.05961376994122586,no_interaction,1,False,0.23529411764705882,0.6119402985074627,0.23529411764705882,False,False,True
C1C(N(C2=C(N1)NC(=NC2=O)N)C=O)CNC3=CC=C(C=C3)C(=O)NC(CCC(=O)O)C(=O)O,CN1C(=C(NC2=CC=CC=N2)O)C(=O)C3=CC=CC=C3S1(=O)=O,1,reported_twosides,0.3796291649341583,0.3580892879445107,0.3580892879445107,fitted,platt_logistic_regression,0.4965154478341322,0,0.6523109106375962,0.382031905961377,0.1418975650713686,no_interaction|interaction,2,True,0.5256410256410257,0.62,0.5256410256410257,False,False,False
CC12CCC3C(C1CCC2(C)O)CCC4C3(COC(=O)C4)C,CNC(=C[N+](=O)[O-])NCCSCC1=CC=C(O1)CN(C)C,1,reported_twosides,0.9831283092498779,0.983777190791139,0.983777190791139,fitted,platt_logistic_regression,0.4965154478341322,1,0.08295016669188021,0.0008396305625524769,0.9605373635600336,interaction,1,False,0.31343283582089554,0.603448275862069,0.31343283582089554,False,False,True
C1C(N(C2=C(N1)NC(=NC2=O)N)C=O)CNC3=CC=C(C=C3)C(=O)NC(CCC(=O)O)C(=O)O,CN(C)CCC1=CNC2=C1C=C(C=C2)CC3COC(=O)N3,0,unreported_twosides_sampled,0.3518984019756317,0.33032292925006523,0.33032292925006523,fitted,platt_logistic_regression,0.4965154478341322,0,0.6344070935925176,0.4147774979009236,0.12510495382031905,no_interaction|interaction,2,True,0.5256410256410257,0.543859649122807,0.5256410256410257,False,False,False
C1CC(C1)CN2CCC34C5C(CCC3(C2CC6=C4C(=C(C=C6)O)O5)O)O,CC1CC2C3CCC4=CC(=O)C=CC4(C3(C(CC2(C1(C(=O)CO)O)C)O)F)C,1,reported_twosides,0.1530754417181015,0.13720860094825466,0.13720860094825466,fitted,platt_logistic_regression,0.4965154478341322,0,0.39986374602321384,0.7220822837951302,0.028547439126784216,no_interaction,1,False,0.6451612903225806,0.8596491228070176,0.6451612903225806,False,False,False
CCCCC(=O)N(CC1=CC=C(C=C1)C2=CC=CC=C2C3=NNN=N3)C(C(C)C)C(=O)O,CN1C=NC(=C1SC2=NC=NC3=C2NC=N3)[N+](=O)[O-],1,reported_twosides,0.5463654398918152,0.5282527970277066,0.5282527970277066,fitted,platt_logistic_regression,0.4965154478341322,1,0.6915498888519402,0.22753988245172124,0.27204030226700254,no_interaction|interaction,2,True,0.4533333333333333,0.25925925925925924,0.25925925925925924,False,False,True
CC(C)C(CCCN(C)CCC1=CC(=C(C=C1)OC)OC)(C#N)C2=CC(=C(C=C2)OC)OC,CN1CC(=O)N2C(C1=O)CC3=C(C2C4=CC5=C(C=C4)OCO5)NC6=CC=CC=C36,1,reported_twosides,0.6818704009056091,0.6695761120144076,0.6695761120144076,fitted,platt_logistic_regression,0.4965154478341322,1,0.6344784206037475,0.12510495382031905,0.4147774979009236,no_interaction|interaction,2,True,0.23529411764705882,0.24050632911392406,0.23529411764705882,False,False,True
CC1=C(C(C(=C(N1)C)C(=O)OCC(C)C)C2=CC=CC=C2[N+](=O)[O-])C(=O)OC,CCOC(=O)N1CCC(=C2C3=C(CCC4=C2N=CC=C4)C=C(C=C3)Cl)CC1,1,reported_twosides,0.35640931129455566,0.33482774722307573,0.33482774722307573,fitted,platt_logistic_regression,0.4965154478341322,0,0.6375449959471281,0.41141897565071367,0.12846347607052896,no_interaction|interaction,2,True,0.8043478260869565,0.5892857142857143,0.5892857142857143,False,False,False
CC12CCC3C(C1CCC2(C#C)O)CCC4=CC(=O)CCC34,CC1=NN=C(S1)SCC2=C(N3C(C(C3=O)NC(=O)CN4C=NN=N4)SC2)C(=O)[O-],0,unreported_twosides_sampled,0.16785812377929688,0.15114067198301537,0.15114067198301537,fitted,platt_logistic_regression,0.4965154478341322,0,0.42468260676051217,0.7010915197313182,0.033585222502099076,no_interaction,1,False,0.7169811320754716,0.4574468085106383,0.4574468085106383,False,False,False
CC(C=CC(C)C(C)(C)O)C1CCC2C1(CCCC2=CC=C3CC(CC(C3)O)O)C,CCOC(=O)C(CCC1=CC=CC=C1)NC(C)C(=O)N2C3CCCCC3CC2C(=O)O,0,unreported_twosides_sampled,0.8229448795318604,0.8179936391119019,0.8179936391119019,fitted,platt_logistic_regression,0.4965154478341322,1,0.4744222299538407,0.04785894206549118,0.6381192275398825,interaction,1,False,0.5625,0.9636363636363636,0.5625,False,False,False
CC1CN(CCN1)C2=C(C=C3C(=C2OC)N(C=C(C3=O)C(=O)O)C4CC4)F,CCOC(=O)N1CCC(=C2C3=C(CCC4=C2N=CC=C4)C=C(C=C3)Cl)CC1,1,reported_twosides,0.9237828850746155,0.9233764673628699,0.9233764673628699,fitted,platt_logistic_regression,0.4965154478341322,1,0.27044440087445765,0.009235936188077247,0.8438287153652393,interaction,1,False,0.7230769230769231,0.5892857142857143,0.5892857142857143,False,False,False
CC1CN(CCN1)C2=C(C=C3C(=C2OC)N(C=C(C3=O)C(=O)O)C4CC4)F,CCOC(=O)C(CCC1=CC=CC=C1)NC(C)C(=O)N2C3CCCCC3CC2C(=O)O,0,unreported_twosides_sampled,0.9693841934204102,0.9700348028340845,0.9700348028340845,fitted,platt_logistic_regression,0.4965154478341322,1,0.13462116927436285,0.0016792611251049538,0.9370277078085643,interaction,1,False,0.7230769230769231,0.9636363636363636,0.7230769230769231,False,False,False
CCOC(=O)N1CCC(=C2C3=C(CCC4=C2N=CC=C4)C=C(C=C3)Cl)CC1,C[N+](C)(C)CC(CC(=O)O)O,1,reported_twosides,0.9925446510314941,0.9930028656438625,0.9930028656438625,fitted,platt_logistic_regression,0.4965154478341322,1,0.041694159200114454,0.0008396305625524769,0.980688497061293,interaction,1,False,0.5892857142857143,0.36666666666666664,0.36666666666666664,False,False,True
CC12CCC3C(C1CCC2(C)O)CCC4C3(COC(=O)C4)C,CC1=C(C(C(=C(N1)C)C(=O)OCC(C)C)C2=CC=CC=C2[N+](=O)[O-])C(=O)OC,0,unreported_twosides_sampled,0.9497048258781433,0.9500441807810692,0.9500441807810692,fitted,platt_logistic_regression,0.4965154478341322,1,0.19838513517947473,0.0041981528127623844,0.892527287993283,interaction,1,False,0.31343283582089554,0.8043478260869565,0.31343283582089554,False,False,True
CC12CCC3C(C1CCC2C(=O)NC4=C(C=CC(=C4)C(F)(F)F)C(F)(F)F)CCC5C3(C=CC(=O)N5)C,CC12CCC3C(C1CCC2O)C(CC4=C3C=CC(=C4)O)CCCCCCCCCS(=O)CCCC(C(F)(F)F)(F)F,0,unreported_twosides_sampled,0.2182130068540573,0.1991731818898176,0.1991731818898176,fitted,platt_logistic_regression,0.4965154478341322,0,0.4992540717033747,0.6070528967254408,0.056255247691015954,no_interaction,1,False,0.6417910447761194,0.4492753623188406,0.4492753623188406,False,False,False
C1CC(OC1CO)N2C=NC3=C2NC=NC3=O,CC(C)C(C(=O)OCC(CO)OCN1C=NC2=C1NC(=NC2=O)N)N,1,reported_twosides,0.9006440043449402,0.8993659765001938,0.8993659765001938,fitted,platt_logistic_regression,0.4965154478341322,1,0.32647383633532795,0.016792611251049538,0.7942905121746432,interaction,1,False,0.3492063492063492,0.7307692307692307,0.3492063492063492,False,False,True
CCOC1=C(C=CC(=C1)CC(=O)NC(CC(C)C)C2=CC=CC=C2N3CCCCC3)C(=O)O,CN1C=NC(=C1SC2=NC=NC3=C2NC=N3)[N+](=O)[O-],0,unreported_twosides_sampled,0.5174933075904846,0.49844153036997324,0.49844153036997324,fitted,platt_logistic_regression,0.4965154478341322,1,0.6931423228969043,0.24685138539042822,0.24685138539042822,no_interaction|interaction,2,True,0.2804878048780488,0.25925925925925924,0.25925925925925924,False,False,True
CC1CN(CCN1)C2=C(C=C3C(=C2OC)N(C=C(C3=O)C(=O)O)C4CC4)F,CNC(=C[N+](=O)[O-])NCCSCC1=CC=C(O1)CN(C)C,1,reported_twosides,0.3588351309299469,0.337252227718999,0.337252227718999,fitted,platt_logistic_regression,0.4965154478341322,0,0.6391960511043959,0.40890008396305627,0.12930310663308145,no_interaction|interaction,2,True,0.7230769230769231,0.603448275862069,0.603448275862069,False,False,False
C1C(N(C2=C(N1)NC(=NC2=O)N)C=O)CNC3=CC=C(C=C3)C(=O)NC(CCC(=O)O)C(=O)O,CC1=NN=C2N1C3=C(C=C(C=C3)Cl)C(=NC2)C4=CC=CC=C4,1,reported_twosides,0.2821202278137207,0.2612688527201559,0.2612688527201559,fitted,platt_logistic_regression,0.4965154478341322,0,0.5743799176214129,0.5088161209068011,0.0873215785054576,no_interaction,1,False,0.5256410256410257,0.7659574468085106,0.5256410256410257,False,False,False
CCOC1=C(C=CC(=C1)CC(=O)NC(CC(C)C)C2=CC=CC=C2N3CCCCC3)C(=O)O,CN(C)CCC1=CNC2=C1C=C(C=C2)CC3COC(=O)N3,0,unreported_twosides_sampled,0.8398610949516296,0.8357705679865884,0.8357705679865884,fitted,platt_logistic_regression,0.4965154478341322,1,0.4466171625720068,0.037783375314861464,0.6750629722921915,interaction,1,False,0.2804878048780488,0.543859649122807,0.2804878048780488,False,False,True
CC(C=CC(C)C(C)(C)O)C1CCC2C1(CCCC2=CC=C3CC(CC(C3)O)O)C,CC1=NN=C(S1)SCC2=C(N3C(C(C3=O)NC(=O)CN4C=NN=N4)SC2)C(=O)[O-],1,reported_twosides,0.368115097284317,0.346539432461425,0.346539432461425,fitted,platt_logistic_regression,0.4965154478341322,0,0.6452780518441923,0.3954659949622166,0.1351805205709488,no_interaction|interaction,2,True,0.5625,0.4574468085106383,0.4574468085106383,False,False,False
C1C(N(C2=C(N1)NC(=NC2=O)N)C=O)CNC3=CC=C(C=C3)C(=O)NC(CCC(=O)O)C(=O)O,C1CC(C1)(C(=O)O)C(=O)O.N.N.[Pt],1,reported_twosides,0.8751261234283447,0.8727375477653113,0.8727375477653113,fitted,platt_logistic_regression,0.4965154478341322,1,0.3811494101937144,0.02434928631402183,0.7439126784214946,interaction,1,False,0.5256410256410257,0.26666666666666666,0.26666666666666666,False,False,True
CC(C=CC(C)C(C)(C)O)C1CCC2C1(CCCC2=CC=C3CC(CC(C3)O)O)C,CC1=NN=C2N1C3=C(C=C(C=C3)Cl)C(=NC2)C4=CC=CC=C4,1,reported_twosides,0.8710831999778748,0.8685078190500266,0.8685078190500266,fitted,platt_logistic_regression,0.4965154478341322,1,0.3892134690670249,0.02686817800167926,0.7329974811083123,interaction,1,False,0.5625,0.7659574468085106,0.5625,False,False,False
C(CCl)NC(=O)N(CCCl)N=O,C1C(OC(S1)CO)N2C=C(C(=NC2=O)N)F,0,unreported_twosides_sampled,0.2836497724056244,0.26276917221783164,0.26276917221783164,fitted,platt_logistic_regression,0.4965154478341322,0,0.5759335017442968,0.5062972292191436,0.08816120906801007,no_interaction,1,False,0.2391304347826087,0.6326530612244898,0.2391304347826087,False,False,True
CCN(C)C(=O)OC1=CC=CC(=C1)C(C)N(C)C,CCOC(=O)N1CCC(=C2C3=C(CCC4=C2N=CC=C4)C=C(C=C3)Cl)CC1,1,reported_twosides,0.5159716606140137,0.4968739368250696,0.4968739368250696,fitted,platt_logistic_regression,0.4965154478341322,1,0.6931276358906663,0.2502099076406381,0.24517212426532325,no_interaction|interaction,2,True,0.32653061224489793,0.5892857142857143,0.32653061224489793,False,False,True
CC(C)(C)NCC(C1=CC(=C(C=C1)O)CO)O,CC1=NN=C2N1C3=C(C=C(C=C3)Cl)C(=NC2)C4=CC=CC=C4,1,reported_twosides,0.21373534202575684,0.19486814992614152,0.19486814992614152,fitted,platt_logistic_regression,0.4965154478341322,0,0.4932053336903194,0.6146095717884131,0.054575986565911,no_interaction,1,False,0.5227272727272727,0.7659574468085106,0.5227272727272727,False,False,False
CCOC(=O)C(CCC1=CC=CC=C1)NC(C)C(=O)N2C3CCCCC3CC2C(=O)O,CN1CCC23C=CC(CC2OC4=C(C=CC(=C34)C1)OC)O,0,unreported_twosides_sampled,0.9863370060920715,0.9869445920817091,0.9869445920817091,fitted,platt_logistic_regression,0.4965154478341322,1,0.0696113897578311,0.0008396305625524769,0.9672544080604534,interaction,1,False,0.9636363636363636,0.375,0.375,False,False,True
C1=CC(=CC=C1N)S(=O)(=O)C2=CC=C(C=C2)N,CC12CCC3C(C1CCC2O)C(CC4=C3C=CC(=C4)O)CCCCCCCCCS(=O)CCCC(C(F)(F)F)(F)F,0,unreported_twosides_sampled,0.39650705456733704,0.37507189017037634,0.37507189017037634,fitted,platt_logistic_regression,0.4965154478341322,0,0.661599950473903,0.3635600335852225,0.15365239294710328,no_interaction|interaction,2,True,0.43333333333333335,0.4492753623188406,0.43333333333333335,False,False,False
CN1CC(=O)N2C(C1=O)CC3=C(C2C4=CC5=C(C=C4)OCO5)NC6=CC=CC=C36,CNC(=C[N+](=O)[O-])NCCSCC1=CC=C(O1)CN(C)C,1,reported_twosides,0.9957025647163391,0.9960316434330595,0.9960316434330595,fitted,platt_logistic_regression,0.4965154478341322,1,0.02590311583463211,0.0008396305625524769,0.9907640638119227,interaction,1,False,0.24050632911392406,0.603448275862069,0.24050632911392406,False,False,True
CC(C)(C(=O)O)ON=C(C1=CSC(=N1)N)C(=O)NC2C3N(C2=O)C(=C(CS3)C[N+]4=CC=CC=C4)C(=O)[O-],CN(C)NN=C1C(=NC=N1)C(=O)N,0,unreported_twosides_sampled,0.09540814906358719,0.08371074346561784,0.08371074346561784,fitted,platt_logistic_regression,0.4965154478341322,0,0.2877400419807533,0.836272040302267,0.0109151973131822,no_interaction,1,False,0.6428571428571429,0.24390243902439024,0.24390243902439024,False,False,True
CC(C=CC(C)C(C)(C)O)C1CCC2C1(CCCC2=CC=C3CC(CC(C3)O)O)C,CC12CCC3C(C1CCC2C(=O)NC4=C(C=CC(=C4)C(F)(F)F)C(F)(F)F)CCC5C3(C=CC(=O)N5)C,0,unreported_twosides_sampled,0.14116255939006805,0.1260418990383359,0.1260418990383359,fitted,platt_logistic_regression,0.4965154478341322,0,0.37879265240666393,0.7472712006717045,0.02434928631402183,no_interaction,1,False,0.5625,0.6417910447761194,0.5625,False,False,False
CC1(C(N2C(S1)C(C2=O)NC(=O)C(C3=CC=CC=C3)N)C(=O)[O-])C,CN1C(=C(NC2=CC=CC=N2)O)C(=O)C3=CC=CC=C3S1(=O)=O,0,unreported_twosides_sampled,0.580197274684906,0.5633373489014547,0.5633373489014547,fitted,platt_logistic_regression,0.4965154478341322,1,0.6851023446481357,0.19899244332493704,0.3047858942065491,no_interaction|interaction,2,True,0.6119402985074627,0.62,0.6119402985074627,False,False,False
CCCC1(CC(=O)C(=C(O1)O)C(CC)C2=CC(=CC=C2)NS(=O)(=O)C3=NC=C(C=C3)C(F)(F)F)CCC4=CC=CC=C4,CN1CC(=O)N2C(C1=O)CC3=C(C2C4=CC5=C(C=C4)OCO5)NC6=CC=CC=C36,0,unreported_twosides_sampled,0.7616004943847656,0.7534246411499139,0.7534246411499139,fitted,platt_logistic_regression,0.4965154478341322,1,0.5585414206830736,0.07976490344248531,0.5373635600335852,interaction,1,False,0.2247191011235955,0.24050632911392406,0.2247191011235955,False,False,True
CC1=C(C(=O)C2=CC=CC=C2C1=O)CC=C(C)CCCC(C)CCCC(C)CCCC(C)C,CN(C)NN=C1C(=NC=N1)C(=O)N,0,unreported_twosides_sampled,0.36363542079925537,0.3420538271696167,0.3420538271696167,fitted,platt_logistic_regression,0.4965154478341322,0,0.6423883798445633,0.4005037783375315,0.13350125944584382,no_interaction|interaction,2,True,0.22058823529411764,0.24390243902439024,0.22058823529411764,False,False,True
C1CC(C1)CN2CCC34C5C(CCC3(C2CC6=C4C(=C(C=C6)O)O5)O)O,CCOC(=O)N1CCC(=C2C3=C(CCC4=C2N=CC=C4)C=C(C=C3)Cl)CC1,0,unreported_twosides_sampled,0.24468567967414856,0.2247512404816581,0.2247512404816581,fitted,platt_logistic_regression,0.4965154478341322,0,0.5328560067780166,0.5701091519731318,0.07136859781696053,no_interaction,1,False,0.6451612903225806,0.5892857142857143,0.5892857142857143,False,False,False
C1CC(C1)CN2CCC34C5C(CCC3(C2CC6=C4C(=C(C=C6)O)O5)O)O,CCOC1=C(C=CC(=C1)CC(=O)NC(CC(C)C)C2=CC=CC=C2N3CCCCC3)C(=O)O,0,unreported_twosides_sampled,0.33910948038101196,0.3175770927296388,0.3175770927296388,fitted,platt_logistic_regression,0.4965154478341322,0,0.6250296311178163,0.4332493702770781,0.11586901763224182,no_interaction|interaction,2,True,0.6451612903225806,0.2804878048780488,0.2804878048780488,False,False,True
CCC(C)C(=O)OC1CC(C=C2C1C(C(C=C2)C)CCC3CC(CC(=O)O3)O)C,C[N+](C)(C)CC(CC(=O)O)O,0,unreported_twosides_sampled,0.7887722849845886,0.7820348157430871,0.7820348157430871,fitted,platt_logistic_regression,0.4965154478341322,1,0.524320472406024,0.06717044500419815,0.5801847187237615,interaction,1,False,0.7424242424242424,0.36666666666666664,0.36666666666666664,False,False,True
CC(C)C(C(=O)OCC(CO)OCN1C=NC2=C1NC(=NC2=O)N)N,CN(C)NN=C1C(=NC=N1)C(=O)N,0,unreported_twosides_sampled,0.2420000433921814,0.2221467674776254,0.2221467674776254,fitted,platt_logistic_regression,0.4965154478341322,0,0.5296116556762482,0.5751469353484466,0.06968933669185558,no_interaction,1,False,0.7307692307692307,0.24390243902439024,0.24390243902439024,False,False,True
CCN(C)C(=O)OC1=CC=CC(=C1)C(C)N(C)C,CCOC1=C(C=CC(=C1)CC(=O)NC(CC(C)C)C2=CC=CC=C2N3CCCCC3)C(=O)O,1,reported_twosides,0.24305787682533264,0.22317237848392787,0.22317237848392787,fitted,platt_logistic_regression,0.4965154478341322,0,0.5308939106264987,0.5717884130982368,0.07136859781696053,no_interaction,1,False,0.32653061224489793,0.2804878048780488,0.2804878048780488,False,False,True
C1=CC(=CC=C1N)S(=O)(=O)C2=CC=C(C=C2)N,CCOC(=O)N1CCC(=C2C3=C(CCC4=C2N=CC=C4)C=C(C=C3)Cl)CC1,1,reported_twosides,0.17696461081504822,0.15976296654853372,0.15976296654853372,fitted,platt_logistic_regression,0.4965154478341322,0,0.4392766147723588,0.6826196473551638,0.036943744752308987,no_interaction,1,False,0.43333333333333335,0.5892857142857143,0.43333333333333335,False,False,False
CC12CCC3C(C1CCC2O)C(CC4=C3C=CC(=C4)O)CCCCCCCCCS(=O)CCCC(C(F)(F)F)(F)F,CC1CN(CCN1)C2=C(C=C3C(=C2OC)N(C=C(C3=O)C(=O)O)C4CC4)F,0,unreported_twosides_sampled,0.17548125982284546,0.15835646774661918,0.15835646774661918,fitted,platt_logistic_regression,0.4965154478341322,0,0.4369344509684907,0.6851385390428212,0.03610411418975651,no_interaction,1,False,0.4492753623188406,0.7230769230769231,0.4492753623188406,False,False,False
CC(=O)OCC(=O)C12C(CC3C1(CC(C4(C3CC(C5=CC(=O)C=CC54C)F)F)O)C)OC(O2)(C)C,CC(C)C(CCCN(C)CCC1=CC(=C(C=C1)OC)OC)(C#N)C2=CC(=C(C=C2)OC)OC,0,unreported_twosides_sampled,0.4542585015296936,0.4336236214373205,0.4336236214373205,fitted,platt_logistic_regression,0.4965154478341322,0,0.6843094673985792,0.30814441645675905,0.19815281276238456,no_interaction|interaction,2,True,0.8059701492537313,0.23529411764705882,0.23529411764705882,False,False,True
CC12CCC3C(C1CCC2O)C(CC4=C3C=CC(=C4)O)CCCCCCCCCS(=O)CCCC(C(F)(F)F)(F)F,CC1CC2C3CCC4=CC(=O)C=CC4(C3(C(CC2(C1(C(=O)CO)O)C)O)F)C,1,reported_twosides,0.1898522675037384,0.17201520462060574,0.17201520462060574,fitted,platt_logistic_regression,0.4965154478341322,0,0.4590672306728763,0.6574307304785895,0.041981528127623846,no_interaction,1,False,0.4492753623188406,0.8596491228070176,0.4492753623188406,False,False,False
CC(C)(C(=O)O)ON=C(C1=CSC(=N1)N)C(=O)NC2C3N(C2=O)C(=C(CS3)C[N+]4=CC=CC=C4)C(=O)[O-],CCOC(=O)C(CCC1=CC=CC=C1)NC(C)C(=O)N2C3CCCCC3CC2C(=O)O,0,unreported_twosides_sampled,0.31800365447998047,0.29662811545822465,0.29662811545822465,fitted,platt_logistic_regression,0.4965154478341322,0,0.6079801826205697,0.4626364399664148,0.10579345088161209,no_interaction|interaction,2,True,0.6428571428571429,0.9636363636363636,0.6428571428571429,False,False,False
CC1=C(C(=O)C2=CC=CC=C2C1=O)CC=C(C)CCCC(C)CCCC(C)CCCC(C)C,CN1C=NC(=C1SC2=NC=NC3=C2NC=N3)[N+](=O)[O-],0,unreported_twosides_sampled,0.18017077445983887,0.16280566694533485,0.16280566694533485,fitted,platt_logistic_regression,0.4965154478341322,0,0.44429316756934395,0.6759026028547439,0.037783375314861464,no_interaction,1,False,0.22058823529411764,0.25925925925925924,0.22058823529411764,False,False,True
CC12CCC3C(C1CCC2C(=O)NC4=C(C=CC(=C4)C(F)(F)F)C(F)(F)F)CCC5C3(C=CC(=O)N5)C,CCOC(=O)N1CCC(=C2C3=C(CCC4=C2N=CC=C4)C=C(C=C3)Cl)CC1,1,reported_twosides,0.08022219687700272,0.0698822608958982,0.0698822608958982,fitted,platt_logistic_regression,0.4965154478341322,0,0.25333428590969154,0.8589420654911839,0.009235936188077247,no_interaction,1,False,0.6417910447761194,0.5892857142857143,0.5892857142857143,False,False,False
CC(C)C(CCCN(C)CCC1=CC(=C(C=C1)OC)OC)(C#N)C2=CC(=C(C=C2)OC)OC,CN(C)CCC1=CNC2=C1C=C(C=C2)CC3COC(=O)N3,1,reported_twosides,0.2730794847011566,0.2524137827988368,0.2524137827988368,fitted,platt_logistic_regression,0.4965154478341322,0,0.5649714522864546,0.5272879932829555,0.08312342569269521,no_interaction,1,False,0.23529411764705882,0.543859649122807,0.23529411764705882,False,False,True
C1CN=C(N1)NC2=C(C=CC=C2Cl)Cl,CN1CCC23C=CC(CC2OC4=C(C=CC(=C34)C1)OC)O,1,reported_twosides,0.9298418164253235,0.9296353412486006,0.9296353412486006,fitted,platt_logistic_regression,0.4965154478341322,1,0.25458118614280595,0.009235936188077247,0.8589420654911839,interaction,1,False,0.5853658536585366,0.375,0.375,False,False,True
CC1=C(C(=O)C2=CC=CC=C2C1=O)CC=C(C)CCCC(C)CCCC(C)CCCC(C)C,CCN(C)C(=O)OC1=CC=CC(=C1)C(C)N(C)C,0,unreported_twosides_sampled,0.23536768555641174,0.21572399840416331,0.21572399840416331,fitted,platt_logistic_regression,0.4965154478341322,0,0.5214424438742786,0.5835432409739715,0.06633081444164568,no_interaction,1,False,0.22058823529411764,0.32653061224489793,0.22058823529411764,False,False,True
CC12CCC3C(C1CCC2(C)O)CCC4C3(COC(=O)C4)C,CN1CC(=O)N2C(C1=O)CC3=C(C2C4=CC5=C(C=C4)OCO5)NC6=CC=CC=C36,1,reported_twosides,0.9952443242073059,0.9955953849682796,0.9955953849682796,fitted,platt_logistic_regression,0.4965154478341322,1,0.028290388095499264,0.0008396305625524769,0.9899244332493703,interaction,1,False,0.31343283582089554,0.24050632911392406,0.24050632911392406,False,False,True
C1C(N(C2=C(N1)NC(=NC2=O)N)C=O)CNC3=CC=C(C=C3)C(=O)NC(CCC(=O)O)C(=O)O,CNC(=C[N+](=O)[O-])NCCSCC1=CC=C(O1)CN(C)C,1,reported_twosides,0.1878269910812378,0.17008599639811728,0.17008599639811728,fitted,platt_logistic_regression,0.4965154478341322,0,0.4560225450581419,0.6591099916036943,0.04114189756507137,no_interaction,1,False,0.5256410256410257,0.603448275862069,0.5256410256410257,False,False,False
C1=CC(=C2NC(=C3C=CC=CC3=O)N(N2)C4=CC=C(C=C4)C(=O)O)C(=O)C=C1,CC(C)(C(=O)O)ON=C(C1=CSC(=N1)N)C(=O)NC2C3N(C2=O)C(=C(CS3)C[N+]4=CC=CC=C4)C(=O)[O-],1,reported_twosides,0.09698612987995148,0.08515454708983236,0.08515454708983236,fitted,platt_logistic_regression,0.4965154478341322,0,0.29118149503429724,0.8337531486146096,0.0109151973131822,no_interaction,1,False,0.22033898305084745,0.6428571428571429,0.22033898305084745,False,False,True
C1=CC(=C2NC(=C3C=CC=CC3=O)N(N2)C4=CC=C(C=C4)C(=O)O)C(=O)C=C1,CC12CCC3C(C1CCC2C(=O)NC4=C(C=CC(=C4)C(F)(F)F)C(F)(F)F)CCC5C3(C=CC(=O)N5)C,1,reported_twosides,0.0471334308385849,0.040227560257448884,0.040227560257448884,fitted,platt_logistic_regression,0.4965154478341322,0,0.16866667343732597,0.9160369437447523,0.0025188916876574307,no_interaction,1,False,0.22033898305084745,0.6417910447761194,0.22033898305084745,False,False,True
C1C(OC(S1)CO)N2C=C(C(=NC2=O)N)F,CNC(=C[N+](=O)[O-])NCCSCC1=CC=C(O1)CN(C)C,1,reported_twosides,0.15843303501605988,0.1422484761181686,0.1422484761181686,fitted,platt_logistic_regression,0.4965154478341322,0,0.40902421932717065,0.7145256087321579,0.0327455919395466,no_interaction,1,False,0.6326530612244898,0.603448275862069,0.603448275862069,False,False,False
CC1CC2C3CCC4=CC(=O)C=CC4(C3(C(CC2(C1(C(=O)CO)O)C)O)F)C,CN1CC(=O)N2C(C1=O)CC3=C(C2C4=CC5=C(C=C4)OCO5)NC6=CC=CC=C36,1,reported_twosides,0.9276823997497559,0.9274062235898594,0.9274062235898594,fitted,platt_logistic_regression,0.4965154478341322,1,0.26029714827873013,0.009235936188077247,0.8505457598656591,interaction,1,False,0.8596491228070176,0.24050632911392406,0.24050632911392406,False,False,True
C1CN=C(N1)NC2=C(C=CC=C2Cl)Cl,CC12CCC3C(C1CCC2O)C(CC4=C3C=CC(=C4)O)CCCCCCCCCS(=O)CCCC(C(F)(F)F)(F)F,0,unreported_twosides_sampled,0.11527259647846222,0.10197389017241049,0.10197389017241049,fitted,platt_logistic_regression,0.4965154478341322,0,0.3293985329448246,0.7917716204869857,0.016792611251049538,no_interaction,1,False,0.5853658536585366,0.4492753623188406,0.4492753623188406,False,False,False
CCCCC(=O)N(CC1=CC=C(C=C1)C2=CC=CC=C2C3=NNN=N3)C(C(C)C)C(=O)O,CCN(C)C(=O)OC1=CC=CC(=C1)C(C)N(C)C,1,reported_twosides,0.9179155230522156,0.9173032277334725,0.9173032277334725,fitted,platt_logistic_regression,0.4965154478341322,1,0.28530691783644624,0.0109151973131822,0.8387909319899244,interaction,1,False,0.4533333333333333,0.32653061224489793,0.32653061224489793,False,False,True
CC(C)(C(=O)O)ON=C(C1=CSC(=N1)N)C(=O)NC2C3N(C2=O)C(=C(CS3)C[N+]4=CC=CC=C4)C(=O)[O-],CC1=NN=C(S1)SCC2=C(N3C(C(C3=O)NC(=O)CN4C=NN=N4)SC2)C(=O)[O-],1,reported_twosides,0.6529480218887329,0.6392526614851132,0.6392526614851132,fitted,platt_logistic_regression,0.4965154478341322,1,0.6538469748907478,0.14273719563392107,0.380352644836272,no_interaction|interaction,2,True,0.6428571428571429,0.4574468085106383,0.4574468085106383,False,False,False
CC(C)C(C(=O)OCC(CO)OCN1C=NC2=C1NC(=NC2=O)N)N,CN1CCC(=C2C3=C(C(=O)CC4=CC=CC=C42)SC=C3)CC1,0,unreported_twosides_sampled,0.4062083661556244,0.384860757768591,0.384860757768591,fitted,platt_logistic_regression,0.4965154478341322,0,0.6663936415079719,0.3509655751469353,0.15449202350965574,no_interaction|interaction,2,True,0.7307692307692307,0.3018867924528302,0.3018867924528302,False,False,True
C1C(N(C2=C(N1)NC(=NC2=O)N)C=O)CNC3=CC=C(C=C3)C(=O)NC(CCC(=O)O)C(=O)O,CC12CCC3C(C1CCC2O)C(CC4=C3C=CC(=C4)O)CCCCCCCCCS(=O)CCCC(C(F)(F)F)(F)F,0,unreported_twosides_sampled,0.093975730240345,0.08240121164658022,0.08240121164658022,fitted,platt_logistic_regression,0.4965154478341322,0,0.2845951464602704,0.8387909319899244,0.0109151973131822,no_interaction,1,False,0.5256410256410257,0.4492753623188406,0.4492753623188406,False,False,False
CC12CCC3C(C1CCC2C(=O)NC4=C(C=CC(=C4)C(F)(F)F)C(F)(F)F)CCC5C3(C=CC(=O)N5)C,CCOC(=O)C(CCC1=CC=CC=C1)NC(C)C(=O)N2C3CCCCC3CC2C(=O)O,0,unreported_twosides_sampled,0.29639050364494324,0.2752906507167768,0.2752906507167768,fitted,platt_logistic_regression,0.4965154478341322,0,0.5884503225106281,0.4878253568429891,0.09403862300587741,no_interaction,1,False,0.6417910447761194,0.9636363636363636,0.6417910447761194,False,False,False
C1CC(C1)(C(=O)O)C(=O)O.N.N.[Pt],CC1CC2C3CCC4=CC(=O)C=CC4(C3(C(CC2(C1(C(=O)CO)O)C)O)F)C,1,reported_twosides,0.4680803716182709,0.44773200869646934,0.44773200869646934,fitted,platt_logistic_regression,0.4965154478341322,0,0.6876732996258584,0.2955499580184719,0.21074727120067172,no_interaction|interaction,2,True,0.26666666666666666,0.8596491228070176,0.26666666666666666,False,False,True
C1CC(C1)CN2CCC34C5C(CCC3(C2CC6=C4C(=C(C=C6)O)O5)O)O,CC1=NN=C2N1C3=C(C=C(C=C3)Cl)C(=NC2)C4=CC=CC=C4,1,reported_twosides,0.1144028976559639,0.10117043527183477,0.10117043527183477,fitted,platt_logistic_regression,0.4965154478341322,0,0.327647098115239,0.7934508816120907,0.016792611251049538,no_interaction,1,False,0.6451612903225806,0.7659574468085106,0.6451612903225806,False,False,False
CC(=O)OCC(=O)C12C(CC3C1(CC(C4(C3CC(C5=CC(=O)C=CC54C)F)F)O)C)OC(O2)(C)C,C[N+](C)(C)CC(CC(=O)O)O,0,unreported_twosides_sampled,0.6266983151435852,0.6117954619540331,0.6117954619540331,fitted,platt_logistic_regression,0.4965154478341322,1,0.6679381757231045,0.15785054575986565,0.3459277917716205,no_interaction|interaction,2,True,0.8059701492537313,0.36666666666666664,0.36666666666666664,False,False,True
CC(C)C(CCCN(C)CCC1=CC(=C(C=C1)OC)OC)(C#N)C2=CC(=C(C=C2)OC)OC,CC1C2C(C(=O)N2C(=C1SC3CC(NC3)C(=O)NC4=CC=CC(=C4)C(=O)O)C(=O)O)C(C)O,0,unreported_twosides_sampled,0.2542364299297333,0.23403039950352855,0.23403039950352855,fitted,platt_logistic_regression,0.4965154478341322,0,0.5441006429766724,0.5533165407220823,0.07556675062972293,no_interaction,1,False,0.23529411764705882,0.23529411764705882,0.23529411764705882,False,False,True
CC1=NN=C2N1C3=C(C=C(C=C3)Cl)C(=NC2)C4=CC=CC=C4,C[N+](C)(C)CC(CC(=O)O)O,0,unreported_twosides_sampled,0.9883736371994019,0.988943747726117,0.988943747726117,fitted,platt_logistic_regression,0.4965154478341322,1,0.06080065949541072,0.0008396305625524769,0.9722921914357683,interaction,1,False,0.7659574468085106,0.36666666666666664,0.36666666666666664,False,False,True
C1=CC(=C2NC(=C3C=CC=CC3=O)N(N2)C4=CC=C(C=C4)C(=O)O)C(=O)C=C1,CC(C)(C)NCC(C1=CC(=C(C=C1)O)CO)O,1,reported_twosides,0.07154441624879837,0.062037449904898186,0.062037449904898186,fitted,platt_logistic_regression,0.4965154478341322,0,0.23253721988023918,0.8740554156171285,0.009235936188077247,no_interaction,1,False,0.22033898305084745,0.5227272727272727,0.22033898305084745,False,False,True
C1C(N(C2=C(N1)NC(=NC2=O)N)C=O)CNC3=CC=C(C=C3)C(=O)NC(CCC(=O)O)C(=O)O,CN(C)NN=C1C(=NC=N1)C(=O)N,0,unreported_twosides_sampled,0.9168460965156555,0.9161950696434195,0.9161950696434195,fitted,platt_logistic_regression,0.4965154478341322,1,0.28796537008455036,0.0109151973131822,0.836272040302267,interaction,1,False,0.5256410256410257,0.24390243902439024,0.24390243902439024,False,False,True
CC(C=CC(C)C(C)(C)O)C1CCC2C1(CCCC2=CC=C3CC(CC(C3)O)O)C,CCN(C)C(=O)OC1=CC=CC(=C1)C(C)N(C)C,0,unreported_twosides_sampled,0.4808375835418701,0.4607841293597391,0.4607841293597391,fitted,platt_logistic_regression,0.4965154478341322,0,0.6900682503030091,0.28295549958018473,0.22334172963895885,no_interaction|interaction,2,True,0.5625,0.32653061224489793,0.32653061224489793,False,False,True
CC(C)C(CCCN(C)CCC1=CC(=C(C=C1)OC)OC)(C#N)C2=CC(=C(C=C2)OC)OC,CN(C)NN=C1C(=NC=N1)C(=O)N,0,unreported_twosides_sampled,0.01444322895258665,0.011844355434448875,0.011844355434448875,fitted,platt_logistic_regression,0.4965154478341322,0,0.06431435445179715,0.9714525608732157,0.0008396305625524769,no_interaction,1,False,0.23529411764705882,0.24390243902439024,0.23529411764705882,False,False,True
CC12CCC3C(C1CCC2C(=O)NC4=C(C=CC(=C4)C(F)(F)F)C(F)(F)F)CCC5C3(C=CC(=O)N5)C,CC1=C(C(C(=C(N1)C)C(=O)OCC(C)C)C2=CC=CC=C2[N+](=O)[O-])C(=O)OC,1,reported_twosides,0.39078226685523987,0.3693047337664839,0.3693047337664839,fitted,platt_logistic_regression,0.4965154478341322,0,0.6585846111514548,0.3719563392107473,0.15029387069689337,no_interaction|interaction,2,True,0.6417910447761194,0.8043478260869565,0.6417910447761194,False,False,False
C1CC(C1)CN2CCC34C5C(CCC3(C2CC6=C4C(=C(C=C6)O)O5)O)O,CCOC(=O)C(CCC1=CC=CC=C1)NC(C)C(=O)N2C3CCCCC3CC2C(=O)O,0,unreported_twosides_sampled,0.3802793622016907,0.35874237845677703,0.35874237845677703,fitted,platt_logistic_regression,0.4965154478341322,0,0.6526911703784051,0.3811922753988245,0.1418975650713686,no_interaction|interaction,2,True,0.6451612903225806,0.9636363636363636,0.6451612903225806,False,False,False
CC(C)(C)NCC(C1=CC(=C(C=C1)O)CO)O,CC1=NN=C(S1)SCC2=C(N3C(C(C3=O)NC(=O)CN4C=NN=N4)SC2)C(=O)[O-],1,reported_twosides,0.14173878729343414,0.12658074596725316,0.12658074596725316,fitted,platt_logistic_regression,0.4965154478341322,0,0.3798347689915973,0.744752308984047,0.02434928631402183,no_interaction,1,False,0.5227272727272727,0.4574468085106383,0.4574468085106383,False,False,False
C1CC(C1)CN2CCC34C5C(CCC3(C2CC6=C4C(=C(C=C6)O)O5)O)O,CNC(=C[N+](=O)[O-])NCCSCC1=CC=C(O1)CN(C)C,1,reported_twosides,0.49076569080352783,0.4709613757451819,0.4709613757451819,fitted,platt_logistic_regression,0.4965154478341322,0,0.691459747805857,0.27204030226700254,0.2258606213266163,no_interaction|interaction,2,True,0.6451612903225806,0.603448275862069,0.603448275862069,False,False,False
CC1=C(SC=C1)C(=CCCN2CCCC(C2)C(=O)O)C3=C(C=CS3)C,CCOC1=C(C=CC(=C1)CC(=O)NC(CC(C)C)C2=CC=CC=C2N3CCCCC3)C(=O)O,0,unreported_twosides_sampled,0.49574393033981323,0.4760708580326372,0.4760708580326372,fitted,platt_logistic_regression,0.4965154478341322,0,0.6920015353214777,0.2678421494542401,0.23425692695214106,no_interaction|interaction,2,True,0.26865671641791045,0.2804878048780488,0.26865671641791045,False,False,True
C1CC(C1)(C(=O)O)C(=O)O.N.N.[Pt],CCCC1(CC(=O)C(=C(O1)O)C(CC)C2=CC(=CC=C2)NS(=O)(=O)C3=NC=C(C=C3)C(F)(F)F)CCC4=CC=CC=C4,0,unreported_twosides_sampled,0.09307783097028732,0.08158087492474184,0.08158087492474184,fitted,platt_logistic_regression,0.4965154478341322,0,0.28261354003150685,0.8387909319899244,0.0109151973131822,no_interaction,1,False,0.26666666666666666,0.2247191011235955,0.2247191011235955,False,False,True
CC1=C(C(=O)C2=CC=CC=C2C1=O)CC=C(C)CCCC(C)CCCC(C)CCCC(C)C,CN1CCC23C=CC(CC2OC4=C(C=CC(=C34)C1)OC)O,0,unreported_twosides_sampled,0.9353427290916443,0.9353054552340979,0.9353054552340979,fitted,platt_logistic_regression,0.4965154478341322,1,0.23969394052259202,0.009235936188077247,0.8673383711167086,interaction,1,False,0.22058823529411764,0.375,0.22058823529411764,False,False,True
C1CC(C1)CN2CCC34C5C(CCC3(C2CC6=C4C(=C(C=C6)O)O5)O)O,CC(C)(C)NCC(C1=CC(=C(C=C1)O)CO)O,0,unreported_twosides_sampled,0.2087075561285019,0.19004178821611942,0.19004178821611942,fitted,platt_logistic_regression,0.4965154478341322,0,0.48628355232735687,0.6221662468513854,0.05289672544080604,no_interaction,1,False,0.6451612903225806,0.5227272727272727,0.5227272727272727,False,False,False
CC12CCC3C(C1CCC2C(=O)NC4=C(C=CC(=C4)C(F)(F)F)C(F)(F)F)CCC5C3(C=CC(=O)N5)C,CN1C(=C(NC2=CC=CC=N2)O)C(=O)C3=CC=CC=C3S1(=O)=O,0,unreported_twosides_sampled,0.2876474857330322,0.26669345905551695,0.26669345905551695,fitted,platt_logistic_regression,0.4965154478341322,0,0.5799422727877609,0.4987405541561713,0.0906801007556675,no_interaction,1,False,0.6417910447761194,0.62,0.62,False,False,False
C1=CC(=C2NC(=C3C=CC=CC3=O)N(N2)C4=CC=C(C=C4)C(=O)O)C(=O)C=C1,CC12CCC3C(C1CCC2(C)O)CCC4C3(COC(=O)C4)C,0,unreported_twosides_sampled,0.49664297699928284,0.47699405017608404,0.47699405017608404,fitted,platt_logistic_regression,0.4965154478341322,0,0.6920882592811134,0.2661628883291352,0.23509655751469352,no_interaction|interaction,2,True,0.22033898305084745,0.31343283582089554,0.22033898305084745,False,False,True
C1CN=C(N1)NC2=C(C=CC=C2Cl)Cl,CC1=C(SC=C1)C(=CCCN2CCCC(C2)C(=O)O)C3=C(C=CS3)C,1,reported_twosides,0.08435221761465073,0.07363087851867339,0.07363087851867339,fitted,platt_logistic_regression,0.4965154478341322,0,0.26293122556248416,0.8488664987405542,0.009235936188077247,no_interaction,1,False,0.5853658536585366,0.26865671641791045,0.26865671641791045,False,False,True
C1CC(C1)(C(=O)O)C(=O)O.N.N.[Pt],C[N+](C)(C)CC(CC(=O)O)O,0,unreported_twosides_sampled,0.9997443556785583,0.9997826101972976,0.9997826101972976,fitted,platt_logistic_regression,0.4965154478341322,1,0.002050792309410653,0.0008396305625524769,1.0,interaction,1,False,0.26666666666666666,0.36666666666666664,0.26666666666666666,False,False,True
CC12CCC3C(C1CCC2(C)O)CCC4C3(COC(=O)C4)C,CC12CCC3C(C1CCC2C(=O)NC4=C(C=CC(=C4)C(F)(F)F)C(F)(F)F)CCC5C3(C=CC(=O)N5)C,0,unreported_twosides_sampled,0.27470746636390686,0.2540066861655399,0.2540066861655399,fitted,platt_logistic_regression,0.4965154478341322,0,0.5666942809062641,0.5239294710327456,0.08480268681780016,no_interaction,1,False,0.31343283582089554,0.6417910447761194,0.31343283582089554,False,False,True
CCC(C)C(=O)OC1CC(C=C2C1C(C(C=C2)C)CCC3CC(CC(=O)O3)O)C,CN(C)CCC1=CNC2=C1C=C(C=C2)CC3COC(=O)N3,0,unreported_twosides_sampled,0.9365472793579102,0.9365453659769593,0.9365453659769593,fitted,platt_logistic_regression,0.4965154478341322,1,0.23636911558829582,0.009235936188077247,0.869857262804366,interaction,1,False,0.7424242424242424,0.543859649122807,0.543859649122807,False,False,False
CC(C=CC(C)C(C)(C)O)C1CCC2C1(CCCC2=CC=C3CC(CC(C3)O)O)C,CCOC(=O)N1CCC(=C2C3=C(CCC4=C2N=CC=C4)C=C(C=C3)Cl)CC1,1,reported_twosides,0.37182489037513733,0.35025754409574167,0.35025754409574167,fitted,platt_logistic_regression,0.4965154478341322,0,0.6476059231663462,0.39126784214945426,0.1376994122586062,no_interaction|interaction,2,True,0.5625,0.5892857142857143,0.5625,False,False,False
CC1=C(C(=O)C2=CC=CC=C2C1=O)CC=C(C)CCCC(C)CCCC(C)CCCC(C)C,C[N+](C)(C)CC(CC(=O)O)O,0,unreported_twosides_sampled,0.9296402931213379,0.9294273888185111,0.9294273888185111,fitted,platt_logistic_regression,0.4965154478341322,1,0.25511760218007296,0.009235936188077247,0.8581024349286314,interaction,1,False,0.22058823529411764,0.36666666666666664,0.22058823529411764,False,False,True
C1CC(OC1CO)N2C=NC3=C2NC=NC3=O,CC(C=CC(C)C(C)(C)O)C1CCC2C1(CCCC2=CC=C3CC(CC(C3)O)O)C,0,unreported_twosides_sampled,0.6885662078857422,0.6766053390545863,0.6766053390545863,fitted,platt_logistic_regression,0.4965154478341322,1,0.6294018273284807,0.12090680100755667,0.4256926952141058,no_interaction|interaction,2,True,0.3492063492063492,0.5625,0.3492063492063492,False,False,True
CC1=NN=C2N1C3=C(C=C(C=C3)Cl)C(=NC2)C4=CC=CC=C4,CCC(C)C(=O)OC1CC(C=C2C1C(C(C=C2)C)CCC3CC(CC(=O)O3)O)C,1,reported_twosides,0.6351763010025024,0.6206560830903276,0.6206560830903276,fitted,platt_logistic_regression,0.4965154478341322,1,0.6637420285396101,0.15449202350965574,0.3602015113350126,no_interaction|interaction,2,True,0.7659574468085106,0.7424242424242424,0.7424242424242424,False,False,False
CC1=NN=C(S1)SCC2=C(N3C(C(C3=O)NC(=O)CN4C=NN=N4)SC2)C(=O)[O-],CCC(C)C(=O)OC1CC(C=C2C1C(C(C=C2)C)CCC3CC(CC(=O)O3)O)C,1,reported_twosides,0.4419768750667572,0.42111711749531,0.42111711749531,fitted,platt_logistic_regression,0.4965154478341322,0,0.6806500151429384,0.31738035264483627,0.18639798488664988,no_interaction|interaction,2,True,0.4574468085106383,0.7424242424242424,0.4574468085106383,False,False,False
CCN(C)C(=O)OC1=CC=CC(=C1)C(C)N(C)C,CNC(=C[N+](=O)[O-])NCCSCC1=CC=C(O1)CN(C)C,1,reported_twosides,0.4431988000869751,0.4223601390255709,0.4223601390255709,fitted,platt_logistic_regression,0.4965154478341322,0,0.6810423629289759,0.31738035264483627,0.18723761544920234,no_interaction|interaction,2,True,0.32653061224489793,0.603448275862069,0.32653061224489793,False,False,True
C1CC(C1)CN2CCC34C5C(CCC3(C2CC6=C4C(=C(C=C6)O)O5)O)O,CCCC1(CC(=O)C(=C(O1)O)C(CC)C2=CC(=CC=C2)NS(=O)(=O)C3=NC=C(C=C3)C(F)(F)F)CCC4=CC=CC=C4,0,unreported_twosides_sampled,0.32964423298835754,0.308168774412225,0.308168774412225,fitted,platt_logistic_regression,0.4965154478341322,0,0.617627618275545,0.4466834592779177,0.11083123425692695,no_interaction|interaction,2,True,0.6451612903225806,0.2247191011235955,0.2247191011235955,False,False,True
C(CCl)NC(=O)N(CCCl)N=O,CCOC(=O)N1CCC(=C2C3=C(CCC4=C2N=CC=C4)C=C(C=C3)Cl)CC1,0,unreported_twosides_sampled,0.11011771112680435,0.09721667505833703,0.09721667505833703,fitted,platt_logistic_regression,0.4965154478341322,0,0.318923985076794,0.8001679261125105,0.015113350125944584,no_interaction,1,False,0.2391304347826087,0.5892857142857143,0.2391304347826087,False,False,True
CC1=C(SC=C1)C(=CCCN2CCCC(C2)C(=O)O)C3=C(C=CS3)C,CN1CCC(=C2C3=C(C(=O)CC4=CC=CC=C42)SC=C3)CC1,0,unreported_twosides_sampled,0.3217892348766327,0.30037753766998315,0.30037753766998315,fitted,platt_logistic_regression,0.4965154478341322,0,0.611183849627852,0.45843828715365237,0.10747271200671704,no_interaction|interaction,2,True,0.26865671641791045,0.3018867924528302,0.26865671641791045,False,False,True
C1CC(C1)CN2CCC34C5C(CCC3(C2CC6=C4C(=C(C=C6)O)O5)O)O,CN(C)CCC1=CNC2=C1C=C(C=C2)CC3COC(=O)N3,0,unreported_twosides_sampled,0.38756000995635986,0.3660617053796532,0.3660617053796532,fitted,platt_logistic_regression,0.4965154478341322,0,0.656826335539335,0.3744752308984047,0.14777497900923595,no_interaction|interaction,2,True,0.6451612903225806,0.543859649122807,0.543859649122807,False,False,False
C(CCl)NC(=O)N(CCCl)N=O,CC1(C(N2C(S1)C(C2=O)NC(=O)C(C3=CC=CC=C3)N)C(=O)[O-])C,0,unreported_twosides_sampled,0.29151463508605957,0.27049362374893293,0.27049362374893293,fitted,platt_logistic_regression,0.4965154478341322,0,0.5837491915662077,0.49286314021830396,0.09151973131821999,no_interaction,1,False,0.2391304347826087,0.6119402985074627,0.2391304347826087,False,False,True
C1CC(C1)CN2CCC34C5C(CCC3(C2CC6=C4C(=C(C=C6)O)O5)O)O,C1CN=C(N1)NC2=C(C=CC=C2Cl)Cl,0,unreported_twosides_sampled,0.10294725000858307,0.09061990940799794,0.09061990940799794,fitted,platt_logistic_regression,0.4965154478341322,0,0.3039697259151183,0.8178001679261125,0.011754827875734676,no_interaction,1,False,0.6451612903225806,0.5853658536585366,0.5853658536585366,False,False,False
CC(C)(C(=O)O)ON=C(C1=CSC(=N1)N)C(=O)NC2C3N(C2=O)C(=C(CS3)C[N+]4=CC=CC=C4)C(=O)[O-],CC12CCC3C(C1CCC2C(=O)NC4=C(C=CC(=C4)C(F)(F)F)C(F)(F)F)CCC5C3(C=CC(=O)N5)C,0,unreported_twosides_sampled,0.048696987330913544,0.04161173488250283,0.04161173488250283,fitted,platt_logistic_regression,0.4965154478341322,0,0.17303293065740846,0.9135180520570949,0.0033585222502099076,no_interaction,1,False,0.6428571428571429,0.6417910447761194,0.6417910447761194,False,False,False
C1C(C(C(C(C1N)OC2C(C(C(C(O2)CN)O)O)O)O)OC3C(C(C(C(O3)CO)O)N)O)N,CC(C)C(CCCN(C)CCC1=CC(=C(C=C1)OC)OC)(C#N)C2=CC(=C(C=C2)OC)OC,0,unreported_twosides_sampled,0.07901304215192795,0.06878656851559506,0.06878656851559506,fitted,platt_logistic_regression,0.4965154478341322,0,0.2504888067933012,0.8614609571788413,0.009235936188077247,no_interaction,1,False,0.7727272727272727,0.23529411764705882,0.23529411764705882,False,False,True
C1=CC(=C2NC(=C3C=CC=CC3=O)N(N2)C4=CC=C(C=C4)C(=O)O)C(=O)C=C1,C1CC(OC1CO)N2C=NC3=C2NC=NC3=O,0,unreported_twosides_sampled,0.6056488156318665,0.5898289846227031,0.5898289846227031,fitted,platt_logistic_regression,0.4965154478341322,1,0.6769207299626834,0.17548278757346766,0.3249370277078086,no_interaction|interaction,2,True,0.22033898305084745,0.3492063492063492,0.22033898305084745,False,False,True
CC1CC2C3CCC4=CC(=O)C=CC4(C3(C(CC2(C1(C(=O)CO)O)C)O)F)C,CNC(=C[N+](=O)[O-])NCCSCC1=CC=C(O1)CN(C)C,1,reported_twosides,0.28066834807395935,0.2598452965824079,0.2598452965824079,fitted,platt_logistic_regression,0.4965154478341322,0,0.5728950400169062,0.5130142737195634,0.0873215785054576,no_interaction,1,False,0.8596491228070176,0.603448275862069,0.603448275862069,False,False,False
CC1=NN=C(S1)SCC2=C(N3C(C(C3=O)NC(=O)CN4C=NN=N4)SC2)C(=O)[O-],CN1C=NC(=C1SC2=NC=NC3=C2NC=N3)[N+](=O)[O-],0,unreported_twosides_sampled,0.31960272789001465,0.29821148138719167,0.29821148138719167,fitted,platt_logistic_regression,0.4965154478341322,0,0.6093412691904406,0.46011754827875734,0.10663308144416457,no_interaction|interaction,2,True,0.4574468085106383,0.25925925925925924,0.25925925925925924,False,False,True
C1C(N(C2=C(N1)NC(=NC2=O)N)C=O)CNC3=CC=C(C=C3)C(=O)NC(CCC(=O)O)C(=O)O,CC1=NN=C(S1)SCC2=C(N3C(C(C3=O)NC(=O)CN4C=NN=N4)SC2)C(=O)[O-],1,reported_twosides,0.39737293124198914,0.37594477980138385,0.37594477980138385,fitted,platt_logistic_regression,0.4965154478341322,0,0.6620439522952264,0.3635600335852225,0.15365239294710328,no_interaction|interaction,2,True,0.5256410256410257,0.4574468085106383,0.4574468085106383,False,False,False
CC1=C(SC=C1)C(=CCCN2CCCC(C2)C(=O)O)C3=C(C=CS3)C,CC1CC2C3CCC4=CC(=O)C=CC4(C3(C(CC2(C1(C(=O)CO)O)C)O)F)C,0,unreported_twosides_sampled,0.2571239471435547,0.23684098130580813,0.23684098130580813,fitted,platt_logistic_regression,0.4965154478341322,0,0.5474111534118196,0.5516372795969773,0.07556675062972293,no_interaction,1,False,0.26865671641791045,0.8596491228070176,0.26865671641791045,False,False,True
CC1CN(CCN1)C2=C(C=C3C(=C2OC)N(C=C(C3=O)C(=O)O)C4CC4)F,CN(C)NN=C1C(=NC=N1)C(=O)N,0,unreported_twosides_sampled,0.1683553010225296,0.1516106445756856,0.1516106445756856,fitted,platt_logistic_regression,0.4965154478341322,0,0.425492770168281,0.7002518891687658,0.03442485306465155,no_interaction,1,False,0.7230769230769231,0.24390243902439024,0.24390243902439024,False,False,True
CC1=NN=C(S1)SCC2=C(N3C(C(C3=O)NC(=O)CN4C=NN=N4)SC2)C(=O)[O-],CN1CCC(=C2C3=C(C(=O)CC4=CC=CC=C42)SC=C3)CC1,0,unreported_twosides_sampled,0.19564276933670044,0.17753868218474916,0.17753868218474916,fitted,platt_logistic_regression,0.4965154478341322,0,0.4676406782105501,0.6465155331654072,0.047019311502938706,no_interaction,1,False,0.4574468085106383,0.3018867924528302,0.3018867924528302,False,False,True
CC(C)C(C(=O)OCC(CO)OCN1C=NC2=C1NC(=NC2=O)N)N,CC12CCC3C(C1CCC2C(=O)NC4=C(C=CC(=C4)C(F)(F)F)C(F)(F)F)CCC5C3(C=CC(=O)N5)C,0,unreported_twosides_sampled,0.09374161064624786,0.08218727618037211,0.08218727618037211,fitted,platt_logistic_regression,0.4965154478341322,0,0.28407922484014103,0.8387909319899244,0.0109151973131822,no_interaction,1,False,0.7307692307692307,0.6417910447761194,0.6417910447761194,False,False,False
C1C(N(C2=C(N1)NC(=NC2=O)N)C=O)CNC3=CC=C(C=C3)C(=O)NC(CCC(=O)O)C(=O)O,CC1CN(CCN1)C2=C(C=C3C(=C2OC)N(C=C(C3=O)C(=O)O)C4CC4)F,0,unreported_twosides_sampled,0.8292178511619568,0.8245882444791434,0.8245882444791434,fitted,platt_logistic_regression,0.4965154478341322,1,0.4643643200664198,0.04450041981528128,0.6515533165407221,interaction,1,False,0.5256410256410257,0.7230769230769231,0.5256410256410257,False,False,False
CC1=NN=C(S1)SCC2=C(N3C(C(C3=O)NC(=O)CN4C=NN=N4)SC2)C(=O)[O-],CC1=NN=C2N1C3=C(C=C(C=C3)Cl)C(=NC2)C4=CC=CC=C4,1,reported_twosides,0.41233712434768677,0.3910548873967597,0.3910548873967597,fitted,platt_logistic_regression,0.4965154478341322,0,0.669217612859977,0.34005037783375314,0.15869017632241814,no_interaction|interaction,2,True,0.4574468085106383,0.7659574468085106,0.4574468085106383,False,False,False
CC1C2C(C(=O)N2C(=C1SC3CC(NC3)C(=O)NC4=CC=CC(=C4)C(=O)O)C(=O)O)C(C)O,CCCCC(=O)N(CC1=CC=C(C=C1)C2=CC=CC=C2C3=NNN=N3)C(C(C)C)C(=O)O,0,unreported_twosides_sampled,0.9700419902801514,0.9706975658733533,0.9706975658733533,fitted,platt_logistic_regression,0.4965154478341322,1,0.13230893602916996,0.0008396305625524769,0.9387069689336692,interaction,1,False,0.23529411764705882,0.4533333333333333,0.23529411764705882,False,False,True
CC(C)(C(=O)O)ON=C(C1=CSC(=N1)N)C(=O)NC2C3N(C2=O)C(=C(CS3)C[N+]4=CC=CC=C4)C(=O)[O-],CCOC(=O)N1CCC(=C2C3=C(CCC4=C2N=CC=C4)C=C(C=C3)Cl)CC1,0,unreported_twosides_sampled,0.2189767062664032,0.19990806674239098,0.19990806674239098,fitted,platt_logistic_regression,0.4965154478341322,0,0.5002749505668921,0.6062132661628883,0.05793450881612091,no_interaction,1,False,0.6428571428571429,0.5892857142857143,0.5892857142857143,False,False,False
CCC(C)C(=O)OC1CC(C=C2C1C(C(C=C2)C)CCC3CC(CC(=O)O3)O)C,CCOC(=O)N1CCC(=C2C3=C(CCC4=C2N=CC=C4)C=C(C=C3)Cl)CC1,1,reported_twosides,0.573800265789032,0.556691655031785,0.556691655031785,fitted,platt_logistic_regression,0.4965154478341322,1,0.686705449165653,0.20486985726280438,0.29974811083123426,no_interaction|interaction,2,True,0.7424242424242424,0.5892857142857143,0.5892857142857143,False,False,False
CC(C)C(CCCN(C)CCC1=CC(=C(C=C1)OC)OC)(C#N)C2=CC(=C(C=C2)OC)OC,CCOC(=O)C(CCC1=CC=CC=C1)NC(C)C(=O)N2C3CCCCC3CC2C(=O)O,1,reported_twosides,0.26816925406455994,0.2476137722207051,0.2476137722207051,fitted,platt_logistic_regression,0.4965154478341322,0,0.5596983888481112,0.5373635600335852,0.08060453400503778,no_interaction,1,False,0.23529411764705882,0.9636363636363636,0.23529411764705882,False,False,True
C1C(OC(S1)CO)N2C=C(C(=NC2=O)N)F,COC1=C(C=C(C=C1)C2=CC3=C(C=C2)C=C(C=C3)C(=O)O)C45CC6CC(C4)CC(C6)C5,0,unreported_twosides_sampled,0.40498286485671997,0.38362311351742184,0.38362311351742184,fitted,platt_logistic_regression,0.4965154478341322,0,0.6658099907533224,0.3526448362720403,0.15449202350965574,no_interaction|interaction,2,True,0.6326530612244898,0.288135593220339,0.288135593220339,False,False,True
CC(C)(C(=O)O)ON=C(C1=CSC(=N1)N)C(=O)NC2C3N(C2=O)C(=C(CS3)C[N+]4=CC=CC=C4)C(=O)[O-],CC(C)C(CCCN(C)CCC1=CC(=C(C=C1)OC)OC)(C#N)C2=CC(=C(C=C2)OC)OC,1,reported_twosides,0.1202297955751419,0.10655996910971574,0.10655996910971574,fitted,platt_logistic_regression,0.4965154478341322,0,0.33926212358300784,0.783375314861461,0.017632241813602016,no_interaction,1,False,0.6428571428571429,0.23529411764705882,0.23529411764705882,False,False,True
CN(C)NN=C1C(=NC=N1)C(=O)N,CNC(=C[N+](=O)[O-])NCCSCC1=CC=C(O1)CN(C)C,1,reported_twosides,0.04921846464276314,0.04207381123315559,0.04207381123315559,fitted,platt_logistic_regression,0.4965154478341322,0,0.17447973693051655,0.9135180520570949,0.0033585222502099076,no_interaction,1,False,0.24390243902439024,0.603448275862069,0.24390243902439024,False,False,True
C1=CC(=CC=C1N)S(=O)(=O)C2=CC=C(C=C2)N,CN1CCC(=C2C3=C(C(=O)CC4=CC=CC=C42)SC=C3)CC1,0,unreported_twosides_sampled,0.8330156803131104,0.8285794593506608,0.8285794593506608,fitted,platt_logistic_regression,0.4965154478341322,1,0.4581315260498131,0.041981528127623846,0.6582703610411419,interaction,1,False,0.43333333333333335,0.3018867924528302,0.3018867924528302,False,False,True
CC12CCC3C(C1CCC2C(=O)NC4=C(C=CC(=C4)C(F)(F)F)C(F)(F)F)CCC5C3(C=CC(=O)N5)C,CCOC1=C(C=CC(=C1)CC(=O)NC(CC(C)C)C2=CC=CC=C2N3CCCCC3)C(=O)O,1,reported_twosides,0.23880460858345032,0.21905067750389257,0.21905067750389257,fitted,platt_logistic_regression,0.4965154478341322,0,0.5257038072397909,0.5785054575986566,0.06717044500419815,no_interaction,1,False,0.6417910447761194,0.2804878048780488,0.2804878048780488,False,False,True
C1C(N(C2=C(N1)NC(=NC2=O)N)C=O)CNC3=CC=C(C=C3)C(=O)NC(CCC(=O)O)C(=O)O,CCCC1(CC(=O)C(=C(O1)O)C(CC)C2=CC(=CC=C2)NS(=O)(=O)C3=NC=C(C=C3)C(F)(F)F)CCC4=CC=CC=C4,0,unreported_twosides_sampled,0.151667058467865,0.13588555364132168,0.13588555364132168,fitted,platt_logistic_regression,0.4965154478341322,0,0.39742368460879796,0.72544080604534,0.027707808564231738,no_interaction,1,False,0.5256410256410257,0.2247191011235955,0.2247191011235955,False,False,True
CC1=C(SC=C1)C(=CCCN2CCCC(C2)C(=O)O)C3=C(C=CS3)C,CN1C(=C(NC2=CC=CC=N2)O)C(=O)C3=CC=CC=C3S1(=O)=O,0,unreported_twosides_sampled,0.39834269881248474,0.3769225893724001,0.3769225893724001,fitted,platt_logistic_regression,0.4965154478341322,0,0.6625374658912044,0.3618807724601176,0.15365239294710328,no_interaction|interaction,2,True,0.26865671641791045,0.62,0.26865671641791045,False,False,True
CC12CCC3C(C1CCC2(C#C)O)CCC4=CC(=O)CCC34,CNC(=C[N+](=O)[O-])NCCSCC1=CC=C(O1)CN(C)C,1,reported_twosides,0.43242165446281433,0.41140682179664645,0.41140682179664645,fitted,platt_logistic_regression,0.4965154478341322,0,0.6773664917436777,0.3249370277078086,0.17716204869857263,no_interaction|interaction,2,True,0.7169811320754716,0.603448275862069,0.603448275862069,False,False,False
CCCCC(=O)N(CC1=CC=C(C=C1)C2=CC=CC=C2C3=NNN=N3)C(C(C)C)C(=O)O,CN1CCC(=C2C3=C(C(=O)CC4=CC=CC=C42)SC=C3)CC1,1,reported_twosides,0.8972055315971375,0.8957857425573069,0.8957857425573069,fitted,platt_logistic_regression,0.4965154478341322,1,0.3342451832863458,0.016792611251049538,0.7884130982367759,interaction,1,False,0.4533333333333333,0.3018867924528302,0.3018867924528302,False,False,True
C1CN=C(N1)NC2=C(C=CC=C2Cl)Cl,CCN(C)C(=O)OC1=CC=CC(=C1)C(C)N(C)C,1,reported_twosides,0.7273894548416138,0.717414315248664,0.717414315248664,fitted,platt_logistic_regression,0.4965154478341322,1,0.595378846681198,0.09655751469353484,0.4802686817800168,interaction,1,False,0.5853658536585366,0.32653061224489793,0.32653061224489793,False,False,True
C1CN=C(N1)NC2=C(C=CC=C2Cl)Cl,CC(C)(C)NCC(C1=CC(=C(C=C1)O)CO)O,1,reported_twosides,0.06771477311849594,0.058589668914584586,0.058589668914584586,fitted,platt_logistic_regression,0.4965154478341322,0,0.22306918254822702,0.8816120906801007,0.009235936188077247,no_interaction,1,False,0.5853658536585366,0.5227272727272727,0.5227272727272727,False,False,False
CCN(C)C(=O)OC1=CC=CC(=C1)C(C)N(C)C,CN(C)CCC1=CNC2=C1C=C(C=C2)CC3COC(=O)N3,0,unreported_twosides_sampled,0.8985077142715454,0.8971419362600769,0.8971419362600769,fitted,platt_logistic_regression,0.4965154478341322,1,0.3313177793960889,0.016792611251049538,0.7900923593618808,interaction,1,False,0.32653061224489793,0.543859649122807,0.32653061224489793,False,False,True
CC1=NN=C2N1C3=C(C=C(C=C3)Cl)C(=NC2)C4=CC=CC=C4,CCN(C)C(=O)OC1=CC=CC(=C1)C(C)N(C)C,1,reported_twosides,0.7194707989692688,0.7090844552123513,0.7090844552123513,fitted,platt_logistic_regression,0.4965154478341322,1,0.6029694125463286,0.10327455919395466,0.46851385390428213,no_interaction|interaction,2,True,0.7659574468085106,0.32653061224489793,0.32653061224489793,False,False,True
CC1CN(CCN1)C2=C(C=C3C(=C2OC)N(C=C(C3=O)C(=O)O)C4CC4)F,CN1CCC(=C2C3=C(C(=O)CC4=CC=CC=C42)SC=C3)CC1,0,unreported_twosides_sampled,0.7302637100219727,0.7204384483428659,0.7204384483428659,fitted,platt_logistic_regression,0.4965154478341322,1,0.5925387428897997,0.09571788413098237,0.4836272040302267,interaction,1,False,0.7230769230769231,0.3018867924528302,0.3018867924528302,False,False,True
C1CC(OC1CO)N2C=NC3=C2NC=NC3=O,CC12CCC3C(C1CCC2C(=O)NC4=C(C=CC(=C4)C(F)(F)F)C(F)(F)F)CCC5C3(C=CC(=O)N5)C,0,unreported_twosides_sampled,0.047079332172870636,0.040179702841989795,0.040179702841989795,fitted,platt_logistic_regression,0.4965154478341322,0,0.16851483315835386,0.9160369437447523,0.0025188916876574307,no_interaction,1,False,0.3492063492063492,0.6417910447761194,0.3492063492063492,False,False,True
CC1=NN=C2N1C3=C(C=C(C=C3)Cl)C(=NC2)C4=CC=CC=C4,CCOC(=O)C(CCC1=CC=CC=C1)NC(C)C(=O)N2C3CCCCC3CC2C(=O)O,0,unreported_twosides_sampled,0.794773519039154,0.7883526477734183,0.7883526477734183,fitted,platt_logistic_regression,0.4965154478341322,1,0.5161311261524757,0.0654911838790932,0.5877413937867338,interaction,1,False,0.7659574468085106,0.9636363636363636,0.7659574468085106,False,False,False
CCCCC(=O)N(CC1=CC=C(C=C1)C2=CC=CC=C2C3=NNN=N3)C(C(C)C)C(=O)O,CN(C)CCC1=CNC2=C1C=C(C=C2)CC3COC(=O)N3,1,reported_twosides,0.8531590700149536,0.8497277198746342,0.8497277198746342,fitted,platt_logistic_regression,0.4965154478341322,1,0.423181094612302,0.033585222502099076,0.7010915197313182,interaction,1,False,0.4533333333333333,0.543859649122807,0.4533333333333333,False,False,False
C1CC(OC1CO)N2C=NC3=C2NC=NC3=O,CNC(=C[N+](=O)[O-])NCCSCC1=CC=C(O1)CN(C)C,1,reported_twosides,0.10121463239192963,0.08902959342626739,0.08902959342626739,fitted,platt_logistic_regression,0.4965154478341322,0,0.3002868888152961,0.8245172124265323,0.011754827875734676,no_interaction,1,False,0.3492063492063492,0.603448275862069,0.3492063492063492,False,False,True
CC(C=CC(C)C(C)(C)O)C1CCC2C1(CCCC2=CC=C3CC(CC(C3)O)O)C,CN(C)CCC1=CNC2=C1C=C(C=C2)CC3COC(=O)N3,0,unreported_twosides_sampled,0.8969526290893555,0.8955223053020568,0.8955223053020568,fitted,platt_logistic_regression,0.4965154478341322,1,0.3348115318662232,0.016792611251049538,0.7884130982367759,interaction,1,False,0.5625,0.543859649122807,0.543859649122807,False,False,False
CC12CCC3C(C1CCC2C(=O)NC4=C(C=CC(=C4)C(F)(F)F)C(F)(F)F)CCC5C3(C=CC(=O)N5)C,CCN(C)C(=O)OC1=CC=CC(=C1)C(C)N(C)C,1,reported_twosides,0.1120874211192131,0.09903299906059979,0.09903299906059979,fitted,platt_logistic_regression,0.4965154478341322,0,0.3229530452542117,0.7959697732997482,0.015113350125944584,no_interaction,1,False,0.6417910447761194,0.32653061224489793,0.32653061224489793,False,False,True
C(CCl)NC(=O)N(CCCl)N=O,CC1=C(C(=O)C2=CC=CC=C2C1=O)CC=C(C)CCCC(C)CCCC(C)CCCC(C)C,0,unreported_twosides_sampled,0.030529707670211792,0.025660042126515296,0.025660042126515296,fitted,platt_logistic_regression,0.4965154478341322,0,0.11931609326511748,0.943744752308984,0.0008396305625524769,no_interaction,1,False,0.2391304347826087,0.22058823529411764,0.22058823529411764,False,False,True
C1C(N(C2=C(N1)NC(=NC2=O)N)C=O)CNC3=CC=C(C=C3)C(=O)NC(CCC(=O)O)C(=O)O,C1CC(C1)CN2CCC34C5C(CCC3(C2CC6=C4C(=C(C=C6)O)O5)O)O,0,unreported_twosides_sampled,0.22379642724990845,0.20455013206988895,0.20455013206988895,fitted,platt_logistic_regression,0.4965154478341322,0,0.5066459104123663,0.5978169605373636,0.060453400503778336,no_interaction,1,False,0.5256410256410257,0.6451612903225806,0.5256410256410257,False,False,False
CN1CCC(=C2C3=C(C(=O)CC4=CC=CC=C42)SC=C3)CC1,CNC(=C[N+](=O)[O-])NCCSCC1=CC=C(O1)CN(C)C,1,reported_twosides,0.5243453979492188,0.5055050199167039,0.5055050199167039,fitted,platt_logistic_regression,0.4965154478341322,1,0.6930865688467756,0.24265323257766583,0.2518891687657431,no_interaction|interaction,2,True,0.3018867924528302,0.603448275862069,0.3018867924528302,False,False,True
CC(C)(C)NCC(C1=CC(=C(C=C1)O)CO)O,COC1=C(C=C(C=C1)C2=CC3=C(C=C2)C=C(C=C3)C(=O)O)C45CC6CC(C4)CC(C6)C5,0,unreported_twosides_sampled,0.2410305142402649,0.22120706102105667,0.22120706102105667,fitted,platt_logistic_regression,0.4965154478341322,0,0.5284314582064131,0.5768261964735516,0.06801007556675064,no_interaction,1,False,0.5227272727272727,0.288135593220339,0.288135593220339,False,False,True
C1=CC(=CC=C1N)S(=O)(=O)C2=CC=C(C=C2)N,CCOC1=C(C=CC(=C1)CC(=O)NC(CC(C)C)C2=CC=CC=C2N3CCCCC3)C(=O)O,0,unreported_twosides_sampled,0.21494582295417786,0.19603133776773188,0.19603133776773188,fitted,platt_logistic_regression,0.4965154478341322,0,0.4948512230140807,0.6137699412258606,0.054575986565911,no_interaction,1,False,0.43333333333333335,0.2804878048780488,0.2804878048780488,False,False,True
CCC(C)C(=O)OC1CC(C=C2C1C(C(C=C2)C)CCC3CC(CC(=O)O3)O)C,CN1C=NC(=C1SC2=NC=NC3=C2NC=N3)[N+](=O)[O-],0,unreported_twosides_sampled,0.9656718373298645,0.9662867865997933,0.9662867865997933,fitted,platt_logistic_regression,0.4965154478341322,1,0.1474216834648382,0.0025188916876574307,0.927791771620487,interaction,1,False,0.7424242424242424,0.25925925925925924,0.25925925925925924,False,False,True
CC(C)(C)NCC(C1=CC(=C(C=C1)O)CO)O,CN(C)NN=C1C(=NC=N1)C(=O)N,0,unreported_twosides_sampled,0.0654715821146965,0.056574390297498216,0.056574390297498216,fitted,platt_logistic_regression,0.4965154478341322,0,0.21743589599571497,0.8858102434928632,0.007556675062972292,no_interaction,1,False,0.5227272727272727,0.24390243902439024,0.24390243902439024,False,False,True
CCCCC(=O)N(CC1=CC=C(C=C1)C2=CC=CC=C2C3=NNN=N3)C(C(C)C)C(=O)O,CN1CC(=O)N2C(C1=O)CC3=C(C2C4=CC5=C(C=C4)OCO5)NC6=CC=CC=C36,1,reported_twosides,0.9962329268455505,0.9965348333081109,0.9965348333081109,fitted,platt_logistic_regression,0.4965154478341322,1,0.023089306445483473,0.0008396305625524769,0.9907640638119227,interaction,1,False,0.4533333333333333,0.24050632911392406,0.24050632911392406,False,False,True
CC12CCC3C(C1CCC2O)C(CC4=C3C=CC(=C4)O)CCCCCCCCCS(=O)CCCC(C(F)(F)F)(F)F,CC1=NN=C(S1)SCC2=C(N3C(C(C3=O)NC(=O)CN4C=NN=N4)SC2)C(=O)[O-],0,unreported_twosides_sampled,0.113224558532238,0.10008239527228689,0.10008239527228689,fitted,platt_logistic_regression,0.4965154478341322,0,0.3252639766014168,0.7942905121746432,0.016792611251049538,no_interaction,1,False,0.4492753623188406,0.4574468085106383,0.4492753623188406,False,False,False
CCOC(=O)N1CCC(=C2C3=C(CCC4=C2N=CC=C4)C=C(C=C3)Cl)CC1,CCOC1=C(C=CC(=C1)CC(=O)NC(CC(C)C)C2=CC=CC=C2N3CCCCC3)C(=O)O,1,reported_twosides,0.38628700375556946,0.36478110810171877,0.36478110810171877,fitted,platt_logistic_regression,0.4965154478341322,0,0.6561195607610167,0.3744752308984047,0.14609571788413098,no_interaction|interaction,2,True,0.5892857142857143,0.2804878048780488,0.2804878048780488,False,False,True
CC12CCC3C(C1CCC2C(=O)NC4=C(C=CC(=C4)C(F)(F)F)C(F)(F)F)CCC5C3(C=CC(=O)N5)C,CCC(C)C(=O)OC1CC(C=C2C1C(C(C=C2)C)CCC3CC(CC(=O)O3)O)C,1,reported_twosides,0.332152783870697,0.31066013420135924,0.31066013420135924,fitted,platt_logistic_regression,0.4965154478341322,0,0.619627832291439,0.44080604534005036,0.11167086481947942,no_interaction|interaction,2,True,0.6417910447761194,0.7424242424242424,0.6417910447761194,False,False,False
CC(C)(C(=O)O)ON=C(C1=CSC(=N1)N)C(=O)NC2C3N(C2=O)C(=C(CS3)C[N+]4=CC=CC=C4)C(=O)[O-],CC1=C(C(C(=C(N1)C)C(=O)OCC(C)C)C2=CC=CC=C2[N+](=O)[O-])C(=O)OC,0,unreported_twosides_sampled,0.2983078062534332,0.2771786535378582,0.2771786535378582,fitted,platt_logistic_regression,0.4965154478341322,0,0.5902688811975274,0.48614609571788414,0.09571788413098237,no_interaction,1,False,0.6428571428571429,0.8043478260869565,0.6428571428571429,False,False,False
C(CCl)NC(=O)N(CCCl)N=O,CCCCC(=O)N(CC1=CC=C(C=C1)C2=CC=CC=C2C3=NNN=N3)C(C(C)C)C(=O)O,0,unreported_twosides_sampled,0.1695065051317215,0.15269920088978017,0.15269920088978017,fitted,platt_logistic_regression,0.4965154478341322,0,0.42736269303289154,0.6960537363560033,0.03610411418975651,no_interaction,1,False,0.2391304347826087,0.4533333333333333,0.2391304347826087,False,False,True
C1CN=C(N1)NC2=C(C=CC=C2Cl)Cl,CCC(C)C(=O)OC1CC(C=C2C1C(C(C=C2)C)CCC3CC(CC(=O)O3)O)C,1,reported_twosides,0.6567292809486389,0.6432131683820236,0.6432131683820236,fitted,platt_logistic_regression,0.4965154478341322,1,0.6515470180335377,0.14105793450881612,0.38455079764903444,no_interaction|interaction,2,True,0.5853658536585366,0.7424242424242424,0.5853658536585366,False,False,False
CCN(C)C(=O)OC1=CC=CC(=C1)C(C)N(C)C,CN1C=NC(=C1SC2=NC=NC3=C2NC=N3)[N+](=O)[O-],0,unreported_twosides_sampled,0.5024916529655457,0.4830030820698591,0.4830030820698591,fitted,platt_logistic_regression,0.4965154478341322,0,0.6925692787896311,0.26280436607892527,0.2367758186397985,no_interaction|interaction,2,True,0.32653061224489793,0.25925925925925924,0.25925925925925924,False,False,True
CC1C2C(C(=O)N2C(=C1SC3CC(NC3)C(=O)NC4=CC=CC(=C4)C(=O)O)C(=O)O)C(C)O,CCCN1CC(CC2C1CC3=CNC4=CC=CC2=C34)CSC,0,unreported_twosides_sampled,0.0785570964217186,0.06837362160306974,0.06837362160306974,fitted,platt_logistic_regression,0.4965154478341322,0,0.24941154831299805,0.8631402183039463,0.009235936188077247,no_interaction,1,False,0.23529411764705882,0.42168674698795183,0.23529411764705882,False,False,True
CC1C2C(C(=O)N2C(=C1SC3CC(NC3)C(=O)NC4=CC=CC(=C4)C(=O)O)C(=O)O)C(C)O,CN1C(=C(NC2=CC=CC=N2)O)C(=O)C3=CC=CC=C3S1(=O)=O,0,unreported_twosides_sampled,0.8305432200431824,0.8259812224244737,0.8259812224244737,fitted,platt_logistic_regression,0.4965154478341322,1,0.46220161957898254,0.042821158690176324,0.653232577665827,interaction,1,False,0.23529411764705882,0.62,0.23529411764705882,False,False,True
CC(C)C(CCCN(C)CCC1=CC(=C(C=C1)OC)OC)(C#N)C2=CC(=C(C=C2)OC)OC,CCOC(=O)N1CCC(=C2C3=C(CCC4=C2N=CC=C4)C=C(C=C3)Cl)CC1,1,reported_twosides,0.16658228635787964,0.14993505755951997,0.14993505755951997,fitted,platt_logistic_regression,0.4965154478341322,0,0.4225964220389322,0.7027707808564232,0.033585222502099076,no_interaction,1,False,0.23529411764705882,0.5892857142857143,0.23529411764705882,False,False,True
CN1C=NC(=C1SC2=NC=NC3=C2NC=N3)[N+](=O)[O-],C[N+](C)(C)CC(CC(=O)O)O,0,unreported_twosides_sampled,0.8507455587387085,0.847195922906995,0.847195922906995,fitted,platt_logistic_regression,0.4965154478341322,1,0.4275423649062092,0.03610411418975651,0.6960537363560033,interaction,1,False,0.25925925925925924,0.36666666666666664,0.25925925925925924,False,False,True
CC(C)C(CCCN(C)CCC1=CC(=C(C=C1)OC)OC)(C#N)C2=CC(=C(C=C2)OC)OC,CCC(C)C(=O)OC1CC(C=C2C1C(C(C=C2)C)CCC3CC(CC(=O)O3)O)C,1,reported_twosides,0.4210158586502075,0.3998392804226857,0.3998392804226857,fitted,platt_logistic_regression,0.4965154478341322,0,0.6729464470119317,0.3316540722082284,0.1670864819479429,no_interaction|interaction,2,True,0.23529411764705882,0.7424242424242424,0.23529411764705882,False,False,True
C(CCl)NC(=O)N(CCCl)N=O,C1C(N(C2=C(N1)NC(=NC2=O)N)C=O)CNC3=CC=C(C=C3)C(=O)NC(CCC(=O)O)C(=O)O,1,reported_twosides,0.12315712124109268,0.10927323195876334,0.10927323195876334,fitted,platt_logistic_regression,0.4965154478341322,0,0.34499315027389865,0.7783375314861462,0.019311502938706968,no_interaction,1,False,0.2391304347826087,0.5256410256410257,0.2391304347826087,False,False,True
C1CC(C1)(C(=O)O)C(=O)O.N.N.[Pt],CC(C=CC(C)C(C)(C)O)C1CCC2C1(CCCC2=CC=C3CC(CC(C3)O)O)C,0,unreported_twosides_sampled,0.2816179096698761,0.26077626963606904,0.26077626963606904,fitted,platt_logistic_regression,0.4965154478341322,0,0.5738673057760731,0.5096557514693535,0.0873215785054576,no_interaction,1,False,0.26666666666666666,0.5625,0.26666666666666666,False,False,True
CC(C=CC(C)C(C)(C)O)C1CCC2C1(CCCC2=CC=C3CC(CC(C3)O)O)C,CN1CCC(=C2C3=C(C(=O)CC4=CC=CC=C42)SC=C3)CC1,0,unreported_twosides_sampled,0.9338539242744446,0.9337720857187366,0.9337720857187366,fitted,platt_logistic_regression,0.4965154478341322,1,0.24377058403006274,0.009235936188077247,0.8648194794290512,interaction,1,False,0.5625,0.3018867924528302,0.3018867924528302,False,False,True
CC(C)C(CCCN(C)CCC1=CC(=C(C=C1)OC)OC)(C#N)C2=CC(=C(C=C2)OC)OC,CC(C=CC(C)C(C)(C)O)C1CCC2C1(CCCC2=CC=C3CC(CC(C3)O)O)C,1,reported_twosides,0.16301965713500977,0.1465716723047131,0.1465716723047131,fitted,platt_logistic_regression,0.4965154478341322,0,0.4167159224215243,0.7061293031066331,0.0327455919395466,no_interaction,1,False,0.23529411764705882,0.5625,0.23529411764705882,False,False,True
CC(C)C(C(=O)OCC(CO)OCN1C=NC2=C1NC(=NC2=O)N)N,CC1=NN=C(S1)SCC2=C(N3C(C(C3=O)NC(=O)CN4C=NN=N4)SC2)C(=O)[O-],0,unreported_twosides_sampled,0.6366647481918335,0.6222124548653793,0.6222124548653793,fitted,platt_logistic_regression,0.4965154478341322,1,0.6629706270841426,0.15365239294710328,0.3618807724601176,no_interaction|interaction,2,True,0.7307692307692307,0.4574468085106383,0.4574468085106383,False,False,False
CC(C)C(CCCN(C)CCC1=CC(=C(C=C1)OC)OC)(C#N)C2=CC(=C(C=C2)OC)OC,CC12CCC3C(C1CCC2(C)O)CCC4C3(COC(=O)C4)C,0,unreported_twosides_sampled,0.5255646109580994,0.5067626121932163,0.5067626121932163,fitted,platt_logistic_regression,0.4965154478341322,1,0.6930557119237224,0.24265323257766583,0.25440806045340053,no_interaction|interaction,2,True,0.23529411764705882,0.31343283582089554,0.23529411764705882,False,False,True
CCOC1=C(C=CC(=C1)CC(=O)NC(CC(C)C)C2=CC=CC=C2N3CCCCC3)C(=O)O,CN1CCC(=C2C3=C(C(=O)CC4=CC=CC=C42)SC=C3)CC1,0,unreported_twosides_sampled,0.8673399686813354,0.8645894162671308,0.8645894162671308,fitted,platt_logistic_regression,0.4965154478341322,1,0.3965440798983437,0.027707808564231738,0.7262804366078925,interaction,1,False,0.2804878048780488,0.3018867924528302,0.2804878048780488,False,False,True
CCOC(=O)N1CCC(=C2C3=C(CCC4=C2N=CC=C4)C=C(C=C3)Cl)CC1,COC1=C(C=C(C=C1)C2=CC3=C(C=C2)C=C(C=C3)C(=O)O)C45CC6CC(C4)CC(C6)C5,1,reported_twosides,0.2375989556312561,0.2178832958277267,0.2178832958277267,fitted,platt_logistic_regression,0.4965154478341322,0,0.5242158350320792,0.581024349286314,0.06717044500419815,no_interaction,1,False,0.5892857142857143,0.288135593220339,0.288135593220339,False,False,True
C1CN=C(N1)NC2=C(C=CC=C2Cl)Cl,CCCCC(=O)N(CC1=CC=C(C=C1)C2=CC=CC=C2C3=NNN=N3)C(C(C)C)C(=O)O,1,reported_twosides,0.9420769214630127,0.9422289214220259,0.9422289214220259,fitted,platt_logistic_regression,0.4965154478341322,1,0.2207900028255386,0.008396305625524769,0.8832913518052057,interaction,1,False,0.5853658536585366,0.4533333333333333,0.4533333333333333,False,False,False
CC1=NN=C(S1)SCC2=C(N3C(C(C3=O)NC(=O)CN4C=NN=N4)SC2)C(=O)[O-],CC1CC2C3CCC4=CC(=O)C=CC4(C3(C(CC2(C1(C(=O)CO)O)C)O)F)C,1,reported_twosides,0.7559688091278076,0.7474950490766786,0.7474950490766786,fitted,platt_logistic_regression,0.4965154478341322,1,0.5650704187823243,0.08312342569269521,0.5264483627204031,interaction,1,False,0.4574468085106383,0.8596491228070176,0.4574468085106383,False,False,False
C1C(N(C2=C(N1)NC(=NC2=O)N)C=O)CNC3=CC=C(C=C3)C(=O)NC(CCC(=O)O)C(=O)O,CN1CC(=O)N2C(C1=O)CC3=C(C2C4=CC5=C(C=C4)OCO5)NC6=CC=CC=C36,0,unreported_twosides_sampled,0.9704700112342834,0.9711285879236782,0.9711285879236782,fitted,platt_logistic_regression,0.4965154478341322,1,0.13079692904194723,0.0008396305625524769,0.9395465994962217,interaction,1,False,0.5256410256410257,0.24050632911392406,0.24050632911392406,False,False,True
CCOC1=C(C=CC(=C1)CC(=O)NC(CC(C)C)C2=CC=CC=C2N3CCCCC3)C(=O)O,CN1C(=C(NC2=CC=CC=N2)O)C(=O)C3=CC=CC=C3S1(=O)=O,0,unreported_twosides_sampled,0.8449329137802124,0.8410958676072532,0.8410958676072532,fitted,platt_logistic_regression,0.4965154478341322,1,0.4378482049499206,0.036943744752308987,0.6834592779177162,interaction,1,False,0.2804878048780488,0.62,0.2804878048780488,False,False,True
CC(C)C(C(=O)OCC(CO)OCN1C=NC2=C1NC(=NC2=O)N)N,CCOC(=O)N1CCC(=C2C3=C(CCC4=C2N=CC=C4)C=C(C=C3)Cl)CC1,1,reported_twosides,0.47292834520339966,0.45268866070989233,0.45268866070989233,fitted,platt_logistic_regression,0.4965154478341322,0,0.6886637505112791,0.29135180520570947,0.21578505457598657,no_interaction|interaction,2,True,0.7307692307692307,0.5892857142857143,0.5892857142857143,False,False,False
CC1CN(CCN1)C2=C(C=C3C(=C2OC)N(C=C(C3=O)C(=O)O)C4CC4)F,CN(C)CCC1=CNC2=C1C=C(C=C2)CC3COC(=O)N3,1,reported_twosides,0.8449210524559021,0.8410834163065024,0.8410834163065024,fitted,platt_logistic_regression,0.4965154478341322,1,0.43786895327437425,0.036943744752308987,0.6834592779177162,interaction,1,False,0.7230769230769231,0.543859649122807,0.543859649122807,False,False,False
C(CCl)NC(=O)N(CCCl)N=O,CN1C=NC(=C1SC2=NC=NC3=C2NC=N3)[N+](=O)[O-],0,unreported_twosides_sampled,0.3705235719680786,0.34895295776317686,0.34895295776317686,fitted,platt_logistic_regression,0.4965154478341322,0,0.6467960682806225,0.39378673383711166,0.13685978169605373,no_interaction|interaction,2,True,0.2391304347826087,0.25925925925925924,0.2391304347826087,False,False,True
CCOC(=O)N1CCC(=C2C3=C(CCC4=C2N=CC=C4)C=C(C=C3)Cl)CC1,CN1C(=C(NC2=CC=CC=N2)O)C(=O)C3=CC=CC=C3S1(=O)=O,1,reported_twosides,0.5090337991714478,0.48973125348778374,0.48973125348778374,fitted,platt_logistic_regression,0.4965154478341322,0,0.6929362714221092,0.25608732157850544,0.2401343408900084,no_interaction|interaction,2,True,0.5892857142857143,0.62,0.5892857142857143,False,False,False
CC12CCC3C(C1CCC2(C#C)O)CCC4=CC(=O)CCC34,CC12CCC3C(C1CCC2O)C(CC4=C3C=CC(=C4)O)CCCCCCCCCS(=O)CCCC(C(F)(F)F)(F)F,0,unreported_twosides_sampled,0.6051025986671448,0.5892596316688329,0.5892596316688329,fitted,platt_logistic_regression,0.4965154478341322,1,0.6771268823817265,0.17632241813602015,0.3249370277078086,no_interaction|interaction,2,True,0.7169811320754716,0.4492753623188406,0.4492753623188406,False,False,False
CC1=C(C(C(=C(N1)C)C(=O)OCC(C)C)C2=CC=CC=C2[N+](=O)[O-])C(=O)OC,CC1CN(CCN1)C2=C(C=C3C(=C2OC)N(C=C(C3=O)C(=O)O)C4CC4)F,0,unreported_twosides_sampled,0.8317534923553467,0.8272531200681934,0.8272531200681934,fitted,platt_logistic_regression,0.4965154478341322,1,0.4602151166913097,0.042821158690176324,0.654911838790932,interaction,1,False,0.8043478260869565,0.7230769230769231,0.7230769230769231,False,False,False
CC(C)(C)NCC(C1=CC(=C(C=C1)O)CO)O,CCOC1=C(C=CC(=C1)CC(=O)NC(CC(C)C)C2=CC=CC=C2N3CCCCC3)C(=O)O,1,reported_twosides,0.42905983328819275,0.40799465832142484,0.40799465832142484,fitted,platt_logistic_regression,0.4965154478341322,0,0.67612035553129,0.32577665827036106,0.17548278757346766,no_interaction|interaction,2,True,0.5227272727272727,0.2804878048780488,0.2804878048780488,False,False,True
C1=CC(=CC=C1N)S(=O)(=O)C2=CC=C(C=C2)N,C1CC(OC1CO)N2C=NC3=C2NC=NC3=O,1,reported_twosides,0.17802201211452484,0.16076605820711853,0.16076605820711853,fitted,platt_logistic_regression,0.4965154478341322,0,0.4409379982385012,0.6817800167926112,0.037783375314861464,no_interaction,1,False,0.43333333333333335,0.3492063492063492,0.3492063492063492,False,False,True
CN1C=NC(=C1SC2=NC=NC3=C2NC=N3)[N+](=O)[O-],CN1CCC(=C2C3=C(C(=O)CC4=CC=CC=C42)SC=C3)CC1,0,unreported_twosides_sampled,0.854552686214447,0.8511893395625887,0.8511893395625887,fitted,platt_logistic_regression,0.4965154478341322,1,0.420640498850835,0.033585222502099076,0.7027707808564232,interaction,1,False,0.25925925925925924,0.3018867924528302,0.25925925925925924,False,False,True
CC1=C(SC=C1)C(=CCCN2CCCC(C2)C(=O)O)C3=C(C=CS3)C,CCC(C)C(=O)OC1CC(C=C2C1C(C(C=C2)C)CCC3CC(CC(=O)O3)O)C,0,unreported_twosides_sampled,0.854087233543396,0.8507011991470359,0.8507011991470359,fitted,platt_logistic_regression,0.4965154478341322,1,0.4214908563873779,0.033585222502099076,0.7027707808564232,interaction,1,False,0.26865671641791045,0.7424242424242424,0.26865671641791045,False,False,True
C1=CC(=CC=C1N)S(=O)(=O)C2=CC=C(C=C2)N,CC1=C(SC=C1)C(=CCCN2CCCC(C2)C(=O)O)C3=C(C=CS3)C,0,unreported_twosides_sampled,0.31631189584732056,0.2949536682154232,0.2949536682154232,fitted,platt_logistic_regression,0.4965154478341322,0,0.6065277274275764,0.4651553316540722,0.10495382031905962,no_interaction|interaction,2,True,0.43333333333333335,0.26865671641791045,0.26865671641791045,False,False,True
CC(C=CC(C)C(C)(C)O)C1CCC2C1(CCCC2=CC=C3CC(CC(C3)O)O)C,CC1=C(SC=C1)C(=CCCN2CCCC(C2)C(=O)O)C3=C(C=CS3)C,0,unreported_twosides_sampled,0.595587968826294,0.579347598760483,0.579347598760483,fitted,platt_logistic_regression,0.4965154478341322,1,0.6805017044584403,0.18639798488664988,0.31821998320738876,no_interaction|interaction,2,True,0.5625,0.26865671641791045,0.26865671641791045,False,False,True
CC12CCC3C(C1CCC2C(=O)NC4=C(C=CC(=C4)C(F)(F)F)C(F)(F)F)CCC5C3(C=CC(=O)N5)C,CN(C)NN=C1C(=NC=N1)C(=O)N,0,unreported_twosides_sampled,0.026353729888796806,0.0220399110504943,0.0220399110504943,fitted,platt_logistic_regression,0.4965154478341322,0,0.10587529189229569,0.9513014273719563,0.0008396305625524769,no_interaction,1,False,0.6417910447761194,0.24390243902439024,0.24390243902439024,False,False,True
CC(C)C(CCCN(C)CCC1=CC(=C(C=C1)OC)OC)(C#N)C2=CC(=C(C=C2)OC)OC,CN1C=NC(=C1SC2=NC=NC3=C2NC=N3)[N+](=O)[O-],1,reported_twosides,0.4249449670314789,0.4038211999233039,0.4038211999233039,fitted,platt_logistic_regression,0.4965154478341322,0,0.6745306422446185,0.32829554995801846,0.16960537363560033,no_interaction|interaction,2,True,0.23529411764705882,0.25925925925925924,0.23529411764705882,False,False,True
CCOC1=C(C=CC(=C1)CC(=O)NC(CC(C)C)C2=CC=CC=C2N3CCCCC3)C(=O)O,CNC(=C[N+](=O)[O-])NCCSCC1=CC=C(O1)CN(C)C,1,reported_twosides,0.5402137637138367,0.5218905568966941,0.5218905568966941,fitted,platt_logistic_regression,0.4965154478341322,1,0.6921884811901056,0.235936188077246,0.2653232577665827,no_interaction|interaction,2,True,0.2804878048780488,0.603448275862069,0.2804878048780488,False,False,True
CC(C)(C)NCC(C1=CC(=C(C=C1)O)CO)O,CC12CCC3C(C1CCC2C(=O)NC4=C(C=CC(=C4)C(F)(F)F)C(F)(F)F)CCC5C3(C=CC(=O)N5)C,1,reported_twosides,0.14303123950958252,0.12778983692281717,0.12778983692281717,fitted,platt_logistic_regression,0.4965154478341322,0,0.382163577270626,0.7439126784214946,0.02434928631402183,no_interaction,1,False,0.5227272727272727,0.6417910447761194,0.5227272727272727,False,False,False
C1C(C(C(C(C1N)OC2C(C(C(C(O2)CN)O)O)O)O)OC3C(C(C(C(O3)CO)O)N)O)N,C1CN=C(N1)NC2=C(C=CC=C2Cl)Cl,0,unreported_twosides_sampled,0.5135542154312134,0.49438425047565454,0.49438425047565454,fitted,platt_logistic_regression,0.4965154478341322,0,0.6930841059483583,0.2518891687657431,0.24265323257766583,no_interaction|interaction,2,True,0.7727272727272727,0.5853658536585366,0.5853658536585366,False,False,False
C1=CC(=C2NC(=C3C=CC=CC3=O)N(N2)C4=CC=C(C=C4)C(=O)O)C(=O)C=C1,CN(C)CCC1=CNC2=C1C=C(C=C2)CC3COC(=O)N3,0,unreported_twosides_sampled,0.29268524050712585,0.2716447314954505,0.2716447314954505,fitted,platt_logistic_regression,0.4965154478341322,0,0.5848878735936381,0.4903442485306465,0.09235936188077246,no_interaction,1,False,0.22033898305084745,0.543859649122807,0.22033898305084745,False,False,True
C1CC(C1)(C(=O)O)C(=O)O.N.N.[Pt],CC1=NN=C2N1C3=C(C=C(C=C3)Cl)C(=NC2)C4=CC=CC=C4,1,reported_twosides,0.2375912070274353,0.21787579459062364,0.21787579459062364,fitted,platt_logistic_regression,0.4965154478341322,0,0.5242062479529958,0.581024349286314,0.06717044500419815,no_interaction,1,False,0.26666666666666666,0.7659574468085106,0.26666666666666666,False,False,True
CCN(C)C(=O)OC1=CC=CC(=C1)C(C)N(C)C,CN1C(=C(NC2=CC=CC=N2)O)C(=O)C3=CC=CC=C3S1(=O)=O,0,unreported_twosides_sampled,0.8475475907325745,0.8438402575864129,0.8438402575864129,fitted,platt_logistic_regression,0.4965154478341322,1,0.4332466320905211,0.03610411418975651,0.6893366918555835,interaction,1,False,0.32653061224489793,0.62,0.32653061224489793,False,False,True
CC1CN(CCN1)C2=C(C=C3C(=C2OC)N(C=C(C3=O)C(=O)O)C4CC4)F,CN1C=NC(=C1SC2=NC=NC3=C2NC=N3)[N+](=O)[O-],0,unreported_twosides_sampled,0.6875004768371582,0.6754863338061483,0.6754863338061483,fitted,platt_logistic_regression,0.4965154478341322,1,0.6302250338643165,0.12090680100755667,0.42401343408900083,no_interaction|interaction,2,True,0.7230769230769231,0.25925925925925924,0.25925925925925924,False,False,True
C1CC(C1)CN2CCC34C5C(CCC3(C2CC6=C4C(=C(C=C6)O)O5)O)O,CC(C)C(CCCN(C)CCC1=CC(=C(C=C1)OC)OC)(C#N)C2=CC(=C(C=C2)OC)OC,0,unreported_twosides_sampled,0.1585262566804886,0.14233626552019746,0.14233626552019746,fitted,platt_logistic_regression,0.4965154478341322,0,0.4091819224012167,0.7145256087321579,0.0327455919395466,no_interaction,1,False,0.6451612903225806,0.23529411764705882,0.23529411764705882,False,False,True
CC12CCC3C(C1CCC2(C)O)CCC4C3(COC(=O)C4)C,CC1CC2C3CCC4=CC(=O)C=CC4(C3(C(CC2(C1(C(=O)CO)O)C)O)F)C,1,reported_twosides,0.604530930519104,0.5886637864351468,0.5886637864351468,fitted,platt_logistic_regression,0.4965154478341322,1,0.677341192921336,0.17716204869857263,0.3249370277078086,no_interaction|interaction,2,True,0.31343283582089554,0.8596491228070176,0.31343283582089554,False,False,True
C1=CC(=CC=C1N)S(=O)(=O)C2=CC=C(C=C2)N,CC1=C(C(C(=C(N1)C)C(=O)OCC(C)C)C2=CC=CC=C2[N+](=O)[O-])C(=O)OC,0,unreported_twosides_sampled,0.14472366869449615,0.12937411140813107,0.12937411140813107,fitted,platt_logistic_regression,0.4965154478341322,0,0.3851951837016129,0.743073047858942,0.02518891687657431,no_interaction,1,False,0.43333333333333335,0.8043478260869565,0.43333333333333335,False,False,False
CC1=NN=C(S1)SCC2=C(N3C(C(C3=O)NC(=O)CN4C=NN=N4)SC2)C(=O)[O-],CNC(=C[N+](=O)[O-])NCCSCC1=CC=C(O1)CN(C)C,1,reported_twosides,0.27457988262176514,0.25388182526252784,0.25388182526252784,fitted,platt_logistic_regression,0.4965154478341322,0,0.5665597201149134,0.5239294710327456,0.08480268681780016,no_interaction,1,False,0.4574468085106383,0.603448275862069,0.4574468085106383,False,False,False
C1C(OC(S1)CO)N2C=C(C(=NC2=O)N)F,CC1=NN=C2N1C3=C(C=C(C=C3)Cl)C(=NC2)C4=CC=CC=C4,0,unreported_twosides_sampled,0.47887682914733887,0.4587761845463271,0.4587761845463271,fitted,platt_logistic_regression,0.4965154478341322,0,0.6897445135032814,0.28547439126784213,0.2225020990764064,no_interaction|interaction,2,True,0.6326530612244898,0.7659574468085106,0.6326530612244898,False,False,False
C1=CC(=CC=C1N)S(=O)(=O)C2=CC=C(C=C2)N,CC(C)(C(=O)O)ON=C(C1=CSC(=N1)N)C(=O)NC2C3N(C2=O)C(=C(CS3)C[N+]4=CC=CC=C4)C(=O)[O-],1,reported_twosides,0.10532344877719879,0.0928032976432342,0.0928032976432342,fitted,platt_logistic_regression,0.4965154478341322,0,0.30897609630183237,0.81696053736356,0.011754827875734676,no_interaction,1,False,0.43333333333333335,0.6428571428571429,0.43333333333333335,False,False,False
C1C(N(C2=C(N1)NC(=NC2=O)N)C=O)CNC3=CC=C(C=C3)C(=O)NC(CCC(=O)O)C(=O)O,C1CC(OC1CO)N2C=NC3=C2NC=NC3=O,1,reported_twosides,0.9510819911956787,0.9514517626841258,0.9514517626841258,fitted,platt_logistic_regression,0.4965154478341322,1,0.19421822485720125,0.0041981528127623844,0.8950461796809404,interaction,1,False,0.5256410256410257,0.3492063492063492,0.3492063492063492,False,False,True
CC12CCC3C(C1CCC2(C)O)CCC4C3(COC(=O)C4)C,CCOC(=O)N1CCC(=C2C3=C(CCC4=C2N=CC=C4)C=C(C=C3)Cl)CC1,0,unreported_twosides_sampled,0.5482131242752075,0.5301647971185134,0.5301647971185134,fitted,platt_logistic_regression,0.4965154478341322,1,0.6913262450521944,0.2258606213266163,0.27455919395465994,no_interaction|interaction,2,True,0.31343283582089554,0.5892857142857143,0.31343283582089554,False,False,True
C1CC(OC1CO)N2C=NC3=C2NC=NC3=O,CC1=NN=C(S1)SCC2=C(N3C(C(C3=O)NC(=O)CN4C=NN=N4)SC2)C(=O)[O-],0,unreported_twosides_sampled,0.5542405247688293,0.5364053946709193,0.5364053946709193,fitted,platt_logistic_regression,0.4965154478341322,1,0.6904941279770493,0.22418136020151133,0.28127623845507976,no_interaction|interaction,2,True,0.3492063492063492,0.4574468085106383,0.3492063492063492,False,False,True
CC(C)(C)NCC(C1=CC(=C(C=C1)O)CO)O,CC12CCC3C(C1CCC2(C#C)O)CCC4=CC(=O)CCC34,1,reported_twosides,0.19487658143043518,0.17680718052364652,0.17680718052364652,fitted,platt_logistic_regression,0.4965154478341322,0,0.46651736929039833,0.6473551637279596,0.047019311502938706,no_interaction,1,False,0.5227272727272727,0.7169811320754716,0.5227272727272727,False,False,False
C1CC(OC1CO)N2C=NC3=C2NC=NC3=O,CN1C(=C(NC2=CC=CC=N2)O)C(=O)C3=CC=CC=C3S1(=O)=O,0,unreported_twosides_sampled,0.5902891755104065,0.5738321874116902,0.5738321874116902,fitted,platt_logistic_regression,0.4965154478341322,1,0.6822048264465725,0.19059613769941225,0.3140218303946264,no_interaction|interaction,2,True,0.3492063492063492,0.62,0.3492063492063492,False,False,True
C1=CC(=CC=C1N)S(=O)(=O)C2=CC=C(C=C2)N,CC1CN(CCN1)C2=C(C=C3C(=C2OC)N(C=C(C3=O)C(=O)O)C4CC4)F,0,unreported_twosides_sampled,0.40996962785720825,0.3886612241406058,0.3886612241406058,fitted,platt_logistic_regression,0.4965154478341322,0,0.6681454675298322,0.3459277917716205,0.15785054575986565,no_interaction|interaction,2,True,0.43333333333333335,0.7230769230769231,0.43333333333333335,False,False,False
CC1=NN=C2N1C3=C(C=C(C=C3)Cl)C(=NC2)C4=CC=CC=C4,CN1C=NC(=C1SC2=NC=NC3=C2NC=N3)[N+](=O)[O-],1,reported_twosides,0.4240741729736328,0.40293843630391163,0.40293843630391163,fitted,platt_logistic_regression,0.4965154478341322,0,0.6741851266102503,0.32913518052057095,0.16960537363560033,no_interaction|interaction,2,True,0.7659574468085106,0.25925925925925924,0.25925925925925924,False,False,True
C1CC(OC1CO)N2C=NC3=C2NC=NC3=O,CC12CCC3C(C1CCC2(C)O)CCC4C3(COC(=O)C4)C,1,reported_twosides,0.7307245135307312,0.7209233089844165,0.7209233089844165,fitted,platt_logistic_regression,0.4965154478341322,1,0.5920791718013998,0.09571788413098237,0.48446683459277917,interaction,1,False,0.3492063492063492,0.31343283582089554,0.31343283582089554,False,False,True
C(CCl)NC(=O)N(CCCl)N=O,CC1=NN=C2N1C3=C(C=C(C=C3)Cl)C(=NC2)C4=CC=CC=C4,0,unreported_twosides_sampled,0.12008032947778702,0.10642153347785177,0.10642153347785177,fitted,platt_logistic_regression,0.4965154478341322,0,0.3389676573420661,0.783375314861461,0.017632241813602016,no_interaction,1,False,0.2391304347826087,0.7659574468085106,0.2391304347826087,False,False,True
C1=CC(=C2NC(=C3C=CC=CC3=O)N(N2)C4=CC=C(C=C4)C(=O)O)C(=O)C=C1,C[N+](C)(C)CC(CC(=O)O)O,0,unreported_twosides_sampled,0.5655203461647034,0.548097848563378,0.548097848563378,fitted,platt_logistic_regression,0.4965154478341322,1,0.6885132121645653,0.2141057934508816,0.29303106633081444,no_interaction|interaction,2,True,0.22033898305084745,0.36666666666666664,0.22033898305084745,False,False,True
C1=CC(=C2NC(=C3C=CC=CC3=O)N(N2)C4=CC=C(C=C4)C(=O)O)C(=O)C=C1,C1=CC(=CC=C1N)S(=O)(=O)C2=CC=C(C=C2)N,0,unreported_twosides_sampled,0.08991344273090363,0.07869314078355184,0.07869314078355184,fitted,platt_logistic_regression,0.4965154478341322,0,0.27556590741890163,0.8429890848026869,0.010075566750629723,no_interaction,1,False,0.22033898305084745,0.43333333333333335,0.22033898305084745,False,False,True
CC(C)C(C(=O)OCC(CO)OCN1C=NC2=C1NC(=NC2=O)N)N,CCCCC(=O)N(CC1=CC=C(C=C1)C2=CC=CC=C2C3=NNN=N3)C(C(C)C)C(=O)O,1,reported_twosides,0.8638989329338074,0.8609855825134546,0.8609855825134546,fitted,platt_logistic_regression,0.4965154478341322,1,0.40317032512134776,0.031066330814441646,0.7195633921074727,interaction,1,False,0.7307692307692307,0.4533333333333333,0.4533333333333333,False,False,False
C1CC(OC1CO)N2C=NC3=C2NC=NC3=O,CC1(C(N2C(S1)C(C2=O)NC(=O)C(C3=CC=CC=C3)N)C(=O)[O-])C,0,unreported_twosides_sampled,0.4438883364200592,0.4230617057363478,0.4230617057363478,fitted,platt_logistic_regression,0.4965154478341322,0,0.681261009455665,0.31738035264483627,0.18807724601175482,no_interaction|interaction,2,True,0.3492063492063492,0.6119402985074627,0.3492063492063492,False,False,True
CCOC(=O)N1CCC(=C2C3=C(CCC4=C2N=CC=C4)C=C(C=C3)Cl)CC1,CN(C)CCC1=CNC2=C1C=C(C=C2)CC3COC(=O)N3,1,reported_twosides,0.6442549824714661,0.6301524218133636,0.6301524218133636,fitted,platt_logistic_regression,0.4965154478341322,1,0.6588745093948161,0.15029387069689337,0.3711167086481948,no_interaction|interaction,2,True,0.5892857142857143,0.543859649122807,0.543859649122807,False,False,False
C1CC(C1)(C(=O)O)C(=O)O.N.N.[Pt],CC12CCC3C(C1CCC2O)C(CC4=C3C=CC(=C4)O)CCCCCCCCCS(=O)CCCC(C(F)(F)F)(F)F,1,reported_twosides,0.09436815977096558,0.08275987124462757,0.08275987124462757,fitted,platt_logistic_regression,0.4965154478341322,0,0.28545872399005495,0.8387909319899244,0.0109151973131822,no_interaction,1,False,0.26666666666666666,0.4492753623188406,0.26666666666666666,False,False,True
CCCCC(=O)N(CC1=CC=C(C=C1)C2=CC=CC=C2C3=NNN=N3)C(C(C)C)C(=O)O,CN1CCC23C=CC(CC2OC4=C(C=CC(=C34)C1)OC)O,0,unreported_twosides_sampled,0.9970353841781616,0.997292086213215,0.997292086213215,fitted,platt_logistic_regression,0.4965154478341322,1,0.01871228428688562,0.0008396305625524769,0.9941225860621327,interaction,1,False,0.4533333333333333,0.375,0.375,False,False,True
C1=CC(=C2NC(=C3C=CC=CC3=O)N(N2)C4=CC=C(C=C4)C(=O)O)C(=O)C=C1,CCC(C)C(=O)OC1CC(C=C2C1C(C(C=C2)C)CCC3CC(CC(=O)O3)O)C,0,unreported_twosides_sampled,0.4643276333808899,0.4438980387228726,0.4438980387228726,fitted,platt_logistic_regression,0.4965154478341322,0,0.6868390450520678,0.2989084802686818,0.20570948782535683,no_interaction|interaction,2,True,0.22033898305084745,0.7424242424242424,0.22033898305084745,False,False,True
CC(C)(C)NCC(C1=CC(=C(C=C1)O)CO)O,CC(C=CC(C)C(C)(C)O)C1CCC2C1(CCCC2=CC=C3CC(CC(C3)O)O)C,1,reported_twosides,0.2825288474559784,0.2616696032967828,0.2616696032967828,fitted,platt_logistic_regression,0.4965154478341322,0,0.574796035481157,0.5079764903442485,0.0873215785054576,no_interaction,1,False,0.5227272727272727,0.5625,0.5227272727272727,False,False,False
CC(C)C(CCCN(C)CCC1=CC(=C(C=C1)OC)OC)(C#N)C2=CC(=C(C=C2)OC)OC,CCCN1CC(CC2C1CC3=CNC4=CC=CC2=C34)CSC,0,unreported_twosides_sampled,0.15517181158065796,0.13917935410758578,0.13917935410758578,fitted,platt_logistic_regression,0.4965154478341322,0,0.40347097346087446,0.7195633921074727,0.031066330814441646,no_interaction,1,False,0.23529411764705882,0.42168674698795183,0.23529411764705882,False,False,True
CN(C)CCC1=CNC2=C1C=C(C=C2)CC3COC(=O)N3,COC1=C(C=C(C=C1)C2=CC3=C(C=C2)C=C(C=C3)C(=O)O)C45CC6CC(C4)CC(C6)C5,1,reported_twosides,0.3087994158267975,0.2875267408009775,0.2875267408009775,fitted,platt_logistic_regression,0.4965154478341322,0,0.5999222863192625,0.47019311502938704,0.09739714525608732,no_interaction,1,False,0.543859649122807,0.288135593220339,0.288135593220339,False,False,True
C1CC(C1)(C(=O)O)C(=O)O.N.N.[Pt],CCOC(=O)N1CCC(=C2C3=C(CCC4=C2N=CC=C4)C=C(C=C3)Cl)CC1,1,reported_twosides,0.24827010929584503,0.22823063750138445,0.22823063750138445,fitted,platt_logistic_regression,0.4965154478341322,0,0.53712954636602,0.563392107472712,0.07220822837951302,no_interaction,1,False,0.26666666666666666,0.5892857142857143,0.26666666666666666,False,False,True
CCCCC(=O)N(CC1=CC=C(C=C1)C2=CC=CC=C2C3=NNN=N3)C(C(C)C)C(=O)O,CN(C)NN=C1C(=NC=N1)C(=O)N,1,reported_twosides,0.6610897183418274,0.6477818501328586,0.6477818501328586,fitted,platt_logistic_regression,0.4965154478341322,1,0.6488089576598282,0.1376994122586062,0.3904282115869018,no_interaction|interaction,2,True,0.4533333333333333,0.24390243902439024,0.24390243902439024,False,False,True
CC1=NN=C(S1)SCC2=C(N3C(C(C3=O)NC(=O)CN4C=NN=N4)SC2)C(=O)[O-],CC1C2C(C(=O)N2C(=C1SC3CC(NC3)C(=O)NC4=CC=CC(=C4)C(=O)O)C(=O)O)C(C)O,0,unreported_twosides_sampled,0.8963144421577454,0.8948574700767877,0.8948574700767877,fitted,platt_logistic_regression,0.4965154478341322,1,0.3362375284679713,0.016792611251049538,0.7867338371116709,interaction,1,False,0.4574468085106383,0.23529411764705882,0.23529411764705882,False,False,True
C1CC(C1)(C(=O)O)C(=O)O.N.N.[Pt],CCOC(=O)C(CCC1=CC=CC=C1)NC(C)C(=O)N2C3CCCCC3CC2C(=O)O,0,unreported_twosides_sampled,0.32547056674957275,0.3040271038740971,0.3040271038740971,fitted,platt_logistic_regression,0.4965154478341322,0,0.6142379431600046,0.45256087321578503,0.10999160369437448,no_interaction|interaction,2,True,0.26666666666666666,0.9636363636363636,0.26666666666666666,False,False,True
CC1C2C(C(=O)N2C(=C1SC3CC(NC3)C(=O)NC4=CC=CC(=C4)C(=O)O)C(=O)O)C(C)O,CN1CCC(=C2C3=C(C(=O)CC4=CC=CC=C42)SC=C3)CC1,0,unreported_twosides_sampled,0.5239958763122559,0.505144538105677,0.505144538105677,fitted,platt_logistic_regression,0.4965154478341322,1,0.6930942470813128,0.24265323257766583,0.2518891687657431,no_interaction|interaction,2,True,0.23529411764705882,0.3018867924528302,0.23529411764705882,False,False,True
CC(=O)OCC(=O)C12C(CC3C1(CC(C4(C3CC(C5=CC(=O)C=CC54C)F)F)O)C)OC(O2)(C)C,CC1CC2C3CCC4=CC(=O)C=CC4(C3(C(CC2(C1(C(=O)CO)O)C)O)F)C,1,reported_twosides,0.18747225403785706,0.1697482299585442,0.1697482299585442,fitted,platt_logistic_regression,0.4965154478341322,0,0.4554867748758069,0.6616288832913518,0.04114189756507137,no_interaction,1,False,0.8059701492537313,0.8596491228070176,0.8059701492537313,False,False,False
C1C(N(C2=C(N1)NC(=NC2=O)N)C=O)CNC3=CC=C(C=C3)C(=O)NC(CCC(=O)O)C(=O)O,CC(C)(C(=O)O)ON=C(C1=CSC(=N1)N)C(=O)NC2C3N(C2=O)C(=C(CS3)C[N+]4=CC=CC=C4)C(=O)[O-],1,reported_twosides,0.3360639810562134,0.3145475606604017,0.3145475606604017,fitted,platt_logistic_regression,0.4965154478341322,0,0.6226910432983701,0.43828715365239296,0.11167086481947942,no_interaction|interaction,2,True,0.5256410256410257,0.6428571428571429,0.5256410256410257,False,False,False
CC1=C(C(C(=C(N1)C)C(=O)OCC(C)C)C2=CC=CC=C2[N+](=O)[O-])C(=O)OC,CCCN1CC(CC2C1CC3=CNC4=CC=CC2=C34)CSC,0,unreported_twosides_sampled,0.1940760612487793,0.1760431104154675,0.1760431104154675,fitted,platt_logistic_regression,0.4965154478341322,0,0.4653401217707115,0.6507136859781696,0.04534005037783375,no_interaction,1,False,0.8043478260869565,0.42168674698795183,0.42168674698795183,False,False,False
C1C(N(C2=C(N1)NC(=NC2=O)N)C=O)CNC3=CC=C(C=C3)C(=O)NC(CCC(=O)O)C(=O)O,COC1=C(C=C(C=C1)C2=CC3=C(C=C2)C=C(C=C3)C(=O)O)C45CC6CC(C4)CC(C6)C5,0,unreported_twosides_sampled,0.2148761749267578,0.19596439829303738,0.19596439829303738,fitted,platt_logistic_regression,0.4965154478341322,0,0.4947567380698109,0.6137699412258606,0.054575986565911,no_interaction,1,False,0.5256410256410257,0.288135593220339,0.288135593220339,False,False,True
CC(C)C(C(=O)OCC(CO)OCN1C=NC2=C1NC(=NC2=O)N)N,CC1CC2C3CCC4=CC(=O)C=CC4(C3(C(CC2(C1(C(=O)CO)O)C)O)F)C,0,unreported_twosides_sampled,0.7744706273078918,0.7669764242095057,0.7669764242095057,fitted,platt_logistic_regression,0.4965154478341322,1,0.5429040304342376,0.07304785894206549,0.5541561712846348,interaction,1,False,0.7307692307692307,0.8596491228070176,0.7307692307692307,False,False,False
CC1CC2C3CCC4=CC(=O)C=CC4(C3(C(CC2(C1(C(=O)CO)O)C)O)F)C,CCOC(=O)N1CCC(=C2C3=C(CCC4=C2N=CC=C4)C=C(C=C3)Cl)CC1,1,reported_twosides,0.6512778997421265,0.6375037724607404,0.6375037724607404,fitted,platt_logistic_regression,0.4965154478341322,1,0.6548409257447179,0.14357682619647355,0.37699412258606213,no_interaction|interaction,2,True,0.8596491228070176,0.5892857142857143,0.5892857142857143,False,False,False
C1CC(OC1CO)N2C=NC3=C2NC=NC3=O,CC(=O)OCC(=O)C12C(CC3C1(CC(C4(C3CC(C5=CC(=O)C=CC54C)F)F)O)C)OC(O2)(C)C,0,unreported_twosides_sampled,0.128689244389534,0.11441091960523132,0.11441091960523132,fitted,platt_logistic_regression,0.4965154478341322,0,0.35563920087365963,0.7707808564231738,0.020151133501259445,no_interaction,1,False,0.3492063492063492,0.8059701492537313,0.3492063492063492,False,False,True
CN1C=NC(=C1SC2=NC=NC3=C2NC=N3)[N+](=O)[O-],CN1CC(=O)N2C(C1=O)CC3=C(C2C4=CC5=C(C=C4)OCO5)NC6=CC=CC=C36,0,unreported_twosides_sampled,0.9094271659851074,0.9084979767639507,0.9084979767639507,fitted,platt_logistic_regression,0.4965154478341322,1,0.3059992516437072,0.011754827875734676,0.8178001679261125,interaction,1,False,0.25925925925925924,0.24050632911392406,0.24050632911392406,False,False,True
C(CCl)NC(=O)N(CCCl)N=O,CN1CC(=O)N2C(C1=O)CC3=C(C2C4=CC5=C(C=C4)OCO5)NC6=CC=CC=C36,0,unreported_twosides_sampled,0.9254949688911438,0.9251464097595117,0.9251464097595117,fitted,platt_logistic_regression,0.4965154478341322,1,0.266016482620845,0.009235936188077247,0.8480268681780017,interaction,1,False,0.2391304347826087,0.24050632911392406,0.2391304347826087,False,False,True
CN(C)CCC1=CNC2=C1C=C(C=C2)CC3COC(=O)N3,CN1C(=C(NC2=CC=CC=N2)O)C(=O)C3=CC=CC=C3S1(=O)=O,0,unreported_twosides_sampled,0.9597821235656738,0.9603165052669298,0.9603165052669298,fitted,platt_logistic_regression,0.4965154478341322,1,0.16693696927858337,0.0025188916876574307,0.9168765743073047,interaction,1,False,0.543859649122807,0.62,0.543859649122807,False,False,False
C1CC(C1)(C(=O)O)C(=O)O.N.N.[Pt],CC1=C(SC=C1)C(=CCCN2CCCC(C2)C(=O)O)C3=C(C=CS3)C,0,unreported_twosides_sampled,0.038758378475904465,0.03284781260232053,0.03284781260232053,fitted,platt_logistic_regression,0.4965154478341322,0,0.14450617891691894,0.929471032745592,0.0025188916876574307,no_interaction,1,False,0.26666666666666666,0.26865671641791045,0.26666666666666666,False,False,True
CC(C)C(CCCN(C)CCC1=CC(=C(C=C1)OC)OC)(C#N)C2=CC(=C(C=C2)OC)OC,CC1CN(CCN1)C2=C(C=C3C(=C2OC)N(C=C(C3=O)C(=O)O)C4CC4)F,1,reported_twosides,0.12659193575382233,0.11246160700185051,0.11246160700185051,fitted,platt_logistic_regression,0.4965154478341322,0,0.3516311724455113,0.7741393786733837,0.020151133501259445,no_interaction,1,False,0.23529411764705882,0.7230769230769231,0.23529411764705882,False,False,True
C1CC(OC1CO)N2C=NC3=C2NC=NC3=O,CCCN1CC(CC2C1CC3=CNC4=CC=CC2=C34)CSC,0,unreported_twosides_sampled,0.008573167026042938,0.006916891620705704,0.006916891620705704,fitted,platt_logistic_regression,0.4965154478341322,0,0.04129607263995688,0.980688497061293,0.0008396305625524769,no_interaction,1,False,0.3492063492063492,0.42168674698795183,0.3492063492063492,False,False,True
CCCCC(=O)N(CC1=CC=C(C=C1)C2=CC=CC=C2C3=NNN=N3)C(C(C)C)C(=O)O,CN1C(=C(NC2=CC=CC=N2)O)C(=O)C3=CC=CC=C3S1(=O)=O,1,reported_twosides,0.9197239279747009,0.9191763003448173,0.9191763003448173,fitted,platt_logistic_regression,0.4965154478341322,1,0.2807765373019108,0.0109151973131822,0.8404701931150294,interaction,1,False,0.4533333333333333,0.62,0.4533333333333333,False,False,False
CC(=O)OCC(=O)C12C(CC3C1(CC(C4(C3CC(C5=CC(=O)C=CC54C)F)F)O)C)OC(O2)(C)C,CCCCC(=O)N(CC1=CC=C(C=C1)C2=CC=CC=C2C3=NNN=N3)C(C(C)C)C(=O)O,0,unreported_twosides_sampled,0.24467505514621735,0.2247409328635763,0.2247409328635763,fitted,platt_logistic_regression,0.4965154478341322,0,0.5328432436859112,0.5701091519731318,0.07136859781696053,no_interaction,1,False,0.8059701492537313,0.4533333333333333,0.4533333333333333,False,False,False
CCCC1(CC(=O)C(=C(O1)O)C(CC)C2=CC(=CC=C2)NS(=O)(=O)C3=NC=C(C=C3)C(F)(F)F)CCC4=CC=CC=C4,CN1C=NC(=C1SC2=NC=NC3=C2NC=N3)[N+](=O)[O-],0,unreported_twosides_sampled,0.6428899168968201,0.6287240509253089,0.6287240509253089,fitted,platt_logistic_regression,0.4965154478341322,1,0.6596312717232881,0.15029387069689337,0.3694374475230898,no_interaction|interaction,2,True,0.2247191011235955,0.25925925925925924,0.2247191011235955,False,False,True
CC(=O)OCC(=O)C12C(CC3C1(CC(C4(C3CC(C5=CC(=O)C=CC54C)F)F)O)C)OC(O2)(C)C,CC12CCC3C(C1CCC2(C#C)O)CCC4=CC(=O)CCC34,0,unreported_twosides_sampled,0.6282811164855957,0.6134491416895974,0.6134491416895974,fitted,platt_logistic_regression,0.4965154478341322,1,0.667180213479555,0.1561712846347607,0.3501259445843829,no_interaction|interaction,2,True,0.8059701492537313,0.7169811320754716,0.7169811320754716,False,False,False
CC12CCC3C(C1CCC2(C#C)O)CCC4=CC(=O)CCC34,CC1=C(C(C(=C(N1)C)C(=O)OCC(C)C)C2=CC=CC=C2[N+](=O)[O-])C(=O)OC,0,unreported_twosides_sampled,0.5289803743362427,0.5102871154298163,0.5102871154298163,fitted,platt_logistic_regression,0.4965154478341322,1,0.6929355161378485,0.2401343408900084,0.25608732157850544,no_interaction|interaction,2,True,0.7169811320754716,0.8043478260869565,0.7169811320754716,False,False,False
CC1=NN=C(S1)SCC2=C(N3C(C(C3=O)NC(=O)CN4C=NN=N4)SC2)C(=O)[O-],CCN(C)C(=O)OC1=CC=CC(=C1)C(C)N(C)C,0,unreported_twosides_sampled,0.6229615211486816,0.6078923713722895,0.6078923713722895,fitted,platt_logistic_regression,0.4965154478341322,1,0.6696815248563884,0.15952980688497062,0.34005037783375314,no_interaction|interaction,2,True,0.4574468085106383,0.32653061224489793,0.32653061224489793,False,False,True
C1=CC(=CC=C1N)S(=O)(=O)C2=CC=C(C=C2)N,CC1C2C(C(=O)N2C(=C1SC3CC(NC3)C(=O)NC4=CC=CC(=C4)C(=O)O)C(=O)O)C(C)O,0,unreported_twosides_sampled,0.17948563396930695,0.16215515482556875,0.16215515482556875,fitted,platt_logistic_regression,0.4965154478341322,0,0.44322640064782937,0.6759026028547439,0.037783375314861464,no_interaction,1,False,0.43333333333333335,0.23529411764705882,0.23529411764705882,False,False,True
C1CC(OC1CO)N2C=NC3=C2NC=NC3=O,CC1=C(C(=O)C2=CC=CC=C2C1=O)CC=C(C)CCCC(C)CCCC(C)CCCC(C)C,0,unreported_twosides_sampled,0.6560277938842773,0.6424783329688388,0.6424783329688388,fitted,platt_logistic_regression,0.4965154478341322,1,0.6519789081181644,0.1418975650713686,0.38371116708648195,no_interaction|interaction,2,True,0.3492063492063492,0.22058823529411764,0.22058823529411764,False,False,True
CC1CC2C3CCC4=CC(=O)C=CC4(C3(C(CC2(C1(C(=O)CO)O)C)O)F)C,CN1C=NC(=C1SC2=NC=NC3=C2NC=N3)[N+](=O)[O-],1,reported_twosides,0.5642077326774597,0.5467363194869159,0.5467363194869159,fitted,platt_logistic_regression,0.4965154478341322,1,0.6887722296450227,0.21662468513853905,0.290512174643157,no_interaction|interaction,2,True,0.8596491228070176,0.25925925925925924,0.25925925925925924,False,False,True
C1CC(OC1CO)N2C=NC3=C2NC=NC3=O,CC1CC2C3CCC4=CC(=O)C=CC4(C3(C(CC2(C1(C(=O)CO)O)C)O)F)C,1,reported_twosides,0.8457090854644775,0.8419106157712237,0.8419106157712237,fitted,platt_logistic_regression,0.4965154478341322,1,0.43648801809784354,0.03610411418975651,0.6851385390428212,interaction,1,False,0.3492063492063492,0.8596491228070176,0.3492063492063492,False,False,True
CC12CCC3C(C1CCC2O)C(CC4=C3C=CC(=C4)O)CCCCCCCCCS(=O)CCCC(C(F)(F)F)(F)F,CN1CC(=O)N2C(C1=O)CC3=C(C2C4=CC5=C(C=C4)OCO5)NC6=CC=CC=C36,0,unreported_twosides_sampled,0.5787056684494019,0.5617872825472966,0.5617872825472966,fitted,platt_logistic_regression,0.4965154478341322,1,0.6854922915215282,0.20067170445004198,0.30394626364399663,no_interaction|interaction,2,True,0.4492753623188406,0.24050632911392406,0.24050632911392406,False,False,True
CC1C2C(C(=O)N2C(=C1SC3CC(NC3)C(=O)NC4=CC=CC(=C4)C(=O)O)C(=O)O)C(C)O,CCN(C)C(=O)OC1=CC=CC(=C1)C(C)N(C)C,0,unreported_twosides_sampled,0.8331317901611328,0.8287014644054765,0.8287014644054765,fitted,platt_logistic_regression,0.4965154478341322,1,0.45793924334209707,0.04114189756507137,0.6582703610411419,interaction,1,False,0.23529411764705882,0.32653061224489793,0.23529411764705882,False,False,True
C1C(OC(S1)CO)N2C=C(C(=NC2=O)N)F,CN1C(=C(NC2=CC=CC=N2)O)C(=O)C3=CC=CC=C3S1(=O)=O,0,unreported_twosides_sampled,0.8073215484619141,0.8015594044978305,0.8015594044978305,fitted,platt_logistic_regression,0.4965154478341322,1,0.49823301580555635,0.055415617128463476,0.6087321578505458,interaction,1,False,0.6326530612244898,0.62,0.62,False,False,False
C1C(OC(S1)CO)N2C=C(C(=NC2=O)N)F,C1CC(OC1CO)N2C=NC3=C2NC=NC3=O,1,reported_twosides,0.6710165143013,0.6581886249473166,0.6581886249473166,fitted,platt_logistic_regression,0.4965154478341322,1,0.6422296479646479,0.13350125944584382,0.40134340890008396,no_interaction|interaction,2,True,0.6326530612244898,0.3492063492063492,0.3492063492063492,False,False,True
CC12CCC3C(C1CCC2C(=O)NC4=C(C=CC(=C4)C(F)(F)F)C(F)(F)F)CCC5C3(C=CC(=O)N5)C,CNC(=C[N+](=O)[O-])NCCSCC1=CC=C(O1)CN(C)C,1,reported_twosides,0.22272060811519623,0.20351334257822482,0.20351334257822482,fitted,platt_logistic_regression,0.4965154478341322,0,0.5052345446755547,0.6011754827875735,0.05961376994122586,no_interaction,1,False,0.6417910447761194,0.603448275862069,0.603448275862069,False,False,False
C1CN=C(N1)NC2=C(C=CC=C2Cl)Cl,CCCN1CC(CC2C1CC3=CNC4=CC=CC2=C34)CSC,0,unreported_twosides_sampled,0.03418358415365219,0.0288433423705137,0.0288433423705137,fitted,platt_logistic_regression,0.4965154478341322,0,0.1306982329329563,0.9395465994962217,0.0008396305625524769,no_interaction,1,False,0.5853658536585366,0.42168674698795183,0.42168674698795183,False,False,False
C1=CC(=CC=C1N)S(=O)(=O)C2=CC=C(C=C2)N,CCCCC(=O)N(CC1=CC=C(C=C1)C2=CC=CC=C2C3=NNN=N3)C(C(C)C)C(=O)O,1,reported_twosides,0.3735814094543457,0.3520190716512924,0.3520190716512924,fitted,platt_logistic_regression,0.4965154478341322,0,0.648687571794804,0.3904282115869018,0.1376994122586062,no_interaction|interaction,2,True,0.43333333333333335,0.4533333333333333,0.43333333333333335,False,False,False
C1CN=C(N1)NC2=C(C=CC=C2Cl)Cl,CC1CC2C3CCC4=CC(=O)C=CC4(C3(C(CC2(C1(C(=O)CO)O)C)O)F)C,1,reported_twosides,0.8166473507881165,0.8113707650208131,0.8113707650208131,fitted,platt_logistic_regression,0.4965154478341322,1,0.4842292255499011,0.052057094878253565,0.6255247691015953,interaction,1,False,0.5853658536585366,0.8596491228070176,0.5853658536585366,False,False,False
CC(C)(C)NCC(C1=CC(=C(C=C1)O)CO)O,CN1C=NC(=C1SC2=NC=NC3=C2NC=N3)[N+](=O)[O-],1,reported_twosides,0.24445465207099915,0.2245271114691719,0.2245271114691719,fitted,platt_logistic_regression,0.4965154478341322,0,0.5325783483418707,0.5701091519731318,0.07136859781696053,no_interaction,1,False,0.5227272727272727,0.25925925925925924,0.25925925925925924,False,False,True
CC1=C(C(=O)C2=CC=CC=C2C1=O)CC=C(C)CCCC(C)CCCC(C)CCCC(C)C,CC1=NN=C(S1)SCC2=C(N3C(C(C3=O)NC(=O)CN4C=NN=N4)SC2)C(=O)[O-],1,reported_twosides,0.4909326732158661,0.4711326925678405,0.4711326925678405,fitted,platt_logistic_regression,0.4965154478341322,0,0.6914796105469627,0.27204030226700254,0.22670025188916876,no_interaction|interaction,2,True,0.22058823529411764,0.4574468085106383,0.22058823529411764,False,False,True
CCOC(=O)C(CCC1=CC=CC=C1)NC(C)C(=O)N2C3CCCCC3CC2C(=O)O,CN1C=NC(=C1SC2=NC=NC3=C2NC=N3)[N+](=O)[O-],0,unreported_twosides_sampled,0.8376085758209229,0.8334047281655185,0.8334047281655185,fitted,platt_logistic_regression,0.4965154478341322,1,0.450446284964538,0.03946263643996641,0.6691855583543241,interaction,1,False,0.9636363636363636,0.25925925925925924,0.25925925925925924,False,False,True
C1CC(OC1CO)N2C=NC3=C2NC=NC3=O,CCN(C)C(=O)OC1=CC=CC(=C1)C(C)N(C)C,0,unreported_twosides_sampled,0.5187806487083435,0.4997680281394809,0.4997680281394809,fitted,platt_logistic_regression,0.4965154478341322,1,0.6931470729380533,0.24685138539042822,0.24685138539042822,no_interaction|interaction,2,True,0.3492063492063492,0.32653061224489793,0.32653061224489793,False,False,True
C1C(N(C2=C(N1)NC(=NC2=O)N)C=O)CNC3=CC=C(C=C3)C(=O)NC(CCC(=O)O)C(=O)O,CCC(C)C(=O)OC1CC(C=C2C1C(C(C=C2)C)CCC3CC(CC(=O)O3)O)C,1,reported_twosides,0.398385226726532,0.376965474488996,0.376965474488996,fitted,platt_logistic_regression,0.4965154478341322,0,0.6625590173618943,0.3618807724601176,0.15365239294710328,no_interaction|interaction,2,True,0.5256410256410257,0.7424242424242424,0.5256410256410257,False,False,False
CC1=C(C(=O)C2=CC=CC=C2C1=O)CC=C(C)CCCC(C)CCCC(C)CCCC(C)C,CCCC1(CC(=O)C(=C(O1)O)C(CC)C2=CC(=CC=C2)NS(=O)(=O)C3=NC=C(C=C3)C(F)(F)F)CCC4=CC=CC=C4,0,unreported_twosides_sampled,0.15225115418434143,0.1364341657458321,0.1364341657458321,fitted,platt_logistic_regression,0.4965154478341322,0,0.39843727770511483,0.7237615449202351,0.027707808564231738,no_interaction,1,False,0.22058823529411764,0.2247191011235955,0.22058823529411764,False,False,True
C1C(OC(S1)CO)N2C=C(C(=NC2=O)N)F,CC(C)(C)NCC(C1=CC(=C(C=C1)O)CO)O,1,reported_twosides,0.34781378507614136,0.32624789982651725,0.32624789982651725,fitted,platt_logistic_regression,0.4965154478341322,0,0.6314895558332763,0.42149454240134343,0.12258606213266163,no_interaction|interaction,2,True,0.6326530612244898,0.5227272727272727,0.5227272727272727,False,False,False
CC(C)(C)NCC(C1=CC(=C(C=C1)O)CO)O,C[N+](C)(C)CC(CC(=O)O)O,0,unreported_twosides_sampled,0.5187419056892395,0.4997281028833939,0.4997281028833939,fitted,platt_logistic_regression,0.4965154478341322,1,0.693147032703854,0.24685138539042822,0.24685138539042822,no_interaction|interaction,2,True,0.5227272727272727,0.36666666666666664,0.36666666666666664,False,False,True
CC1=C(C(=O)C2=CC=CC=C2C1=O)CC=C(C)CCCC(C)CCCC(C)CCCC(C)C,CCOC(=O)N1CCC(=C2C3=C(CCC4=C2N=CC=C4)C=C(C=C3)Cl)CC1,1,reported_twosides,0.2542082369327545,0.2340029694427311,0.2340029694427311,fitted,platt_logistic_regression,0.4965154478341322,0,0.5440681172890335,0.5533165407220823,0.07556675062972293,no_interaction,1,False,0.22058823529411764,0.5892857142857143,0.22058823529411764,False,False,True
CC12CCC3C(C1CCC2(C#C)O)CCC4=CC(=O)CCC34,CCCCC(=O)N(CC1=CC=C(C=C1)C2=CC=CC=C2C3=NNN=N3)C(C(C)C)C(=O)O,1,reported_twosides,0.4533657431602478,0.4327135633703461,0.4327135633703461,fitted,platt_logistic_regression,0.4965154478341322,0,0.6840647209470803,0.30814441645675905,0.19815281276238456,no_interaction|interaction,2,True,0.7169811320754716,0.4533333333333333,0.4533333333333333,False,False,False
CCCCC(=O)N(CC1=CC=C(C=C1)C2=CC=CC=C2C3=NNN=N3)C(C(C)C)C(=O)O,CCOC(=O)C(CCC1=CC=CC=C1)NC(C)C(=O)N2C3CCCCC3CC2C(=O)O,1,reported_twosides,0.9155672192573547,0.9148694083911988,0.9148694083911988,fitted,platt_logistic_regression,0.4965154478341322,1,0.2911246141554461,0.0109151973131822,0.8337531486146096,interaction,1,False,0.4533333333333333,0.9636363636363636,0.4533333333333333,False,False,False
CC(C)(C)NCC(C1=CC(=C(C=C1)O)CO)O,CCCN1CC(CC2C1CC3=CNC4=CC=CC2=C34)CSC,0,unreported_twosides_sampled,0.0522310696542263,0.04474733097498493,0.04474733097498493,fitted,platt_logistic_regression,0.4965154478341322,0,0.18274847646400846,0.9042821158690176,0.0033585222502099076,no_interaction,1,False,0.5227272727272727,0.42168674698795183,0.42168674698795183,False,False,False
CC(C)(C)NCC(C1=CC(=C(C=C1)O)CO)O,CCN(C)C(=O)OC1=CC=CC(=C1)C(C)N(C)C,1,reported_twosides,0.30733439326286316,0.2860800653489048,0.2860800653489048,fitted,platt_logistic_regression,0.4965154478341322,0,0.5986044213611144,0.47523089840470195,0.09739714525608732,no_interaction,1,False,0.5227272727272727,0.32653061224489793,0.32653061224489793,False,False,True
CC1=NN=C2N1C3=C(C=C(C=C3)Cl)C(=NC2)C4=CC=CC=C4,CN1CCC23C=CC(CC2OC4=C(C=CC(=C34)C1)OC)O,1,reported_twosides,0.9316034913063049,0.9314525401074675,0.9314525401074675,fitted,platt_logistic_regression,0.4965154478341322,1,0.2498653672981762,0.009235936188077247,0.8614609571788413,interaction,1,False,0.7659574468085106,0.375,0.375,False,False,True
CC12CCC3C(C1CCC2C(=O)NC4=C(C=CC(=C4)C(F)(F)F)C(F)(F)F)CCC5C3(C=CC(=O)N5)C,CC1=C(SC=C1)C(=CCCN2CCCC(C2)C(=O)O)C3=C(C=CS3)C,0,unreported_twosides_sampled,0.2946106195449829,0.2735388246699056,0.2735388246699056,fitted,platt_logistic_regression,0.4965154478341322,0,0.5867469529540392,0.48866498740554154,0.09235936188077246,no_interaction,1,False,0.6417910447761194,0.26865671641791045,0.26865671641791045,False,False,True
CC(C)(C(=O)O)ON=C(C1=CSC(=N1)N)C(=O)NC2C3N(C2=O)C(=C(CS3)C[N+]4=CC=CC=C4)C(=O)[O-],CC1(C(N2C(S1)C(C2=O)NC(=O)C(C3=CC=CC=C3)N)C(=O)[O-])C,1,reported_twosides,0.17500314116477966,0.15790328639194134,0.15790328639194134,fitted,platt_logistic_regression,0.4965154478341322,0,0.4361766368554246,0.6851385390428212,0.03610411418975651,no_interaction,1,False,0.6428571428571429,0.6119402985074627,0.6119402985074627,False,False,False
CC1=NN=C2N1C3=C(C=C(C=C3)Cl)C(=NC2)C4=CC=CC=C4,CNC(=C[N+](=O)[O-])NCCSCC1=CC=C(O1)CN(C)C,1,reported_twosides,0.2475627362728119,0.22754369534784788,0.22754369534784788,fitted,platt_logistic_regression,0.4965154478341322,0,0.5362912843063206,0.563392107472712,0.07220822837951302,no_interaction,1,False,0.7659574468085106,0.603448275862069,0.603448275862069,False,False,False
CC(C)C(CCCN(C)CCC1=CC(=C(C=C1)OC)OC)(C#N)C2=CC(=C(C=C2)OC)OC,CC12CCC3C(C1CCC2(C#C)O)CCC4=CC(=O)CCC34,0,unreported_twosides_sampled,0.5295707583427429,0.5108964748644086,0.5108964748644086,fitted,platt_logistic_regression,0.4965154478341322,1,0.6929096954306797,0.2401343408900084,0.25692695214105793,no_interaction|interaction,2,True,0.23529411764705882,0.7169811320754716,0.23529411764705882,False,False,True
CC(C)(C)NCC(C1=CC(=C(C=C1)O)CO)O,CN1C(=C(NC2=CC=CC=N2)O)C(=O)C3=CC=CC=C3S1(=O)=O,1,reported_twosides,0.6966865658760071,0.6851340558028,0.6851340558028,fitted,platt_logistic_regression,0.4965154478341322,1,0.6229388111555105,0.11167086481947942,0.4374475230898405,no_interaction|interaction,2,True,0.5227272727272727,0.62,0.5227272727272727,False,False,False
CC(C)C(CCCN(C)CCC1=CC(=C(C=C1)OC)OC)(C#N)C2=CC(=C(C=C2)OC)OC,CN1CCC23C=CC(CC2OC4=C(C=CC(=C34)C1)OC)O,1,reported_twosides,0.3929526209831238,0.37149033052791053,0.37149033052791053,fitted,platt_logistic_regression,0.4965154478341322,0,0.6597440980459357,0.3694374475230898,0.15113350125944586,no_interaction|interaction,2,True,0.23529411764705882,0.375,0.23529411764705882,False,False,True
CC(C)C(C(=O)OCC(CO)OCN1C=NC2=C1NC(=NC2=O)N)N,CC12CCC3C(C1CCC2(C)O)CCC4C3(COC(=O)C4)C,1,reported_twosides,0.5295442938804626,0.5108691586767158,0.5108691586767158,fitted,platt_logistic_regression,0.4965154478341322,1,0.6929108847267726,0.2401343408900084,0.25692695214105793,no_interaction|interaction,2,True,0.7307692307692307,0.31343283582089554,0.31343283582089554,False,False,True
CC1CN(CCN1)C2=C(C=C3C(=C2OC)N(C=C(C3=O)C(=O)O)C4CC4)F,CCOC1=C(C=CC(=C1)CC(=O)NC(CC(C)C)C2=CC=CC=C2N3CCCCC3)C(=O)O,1,reported_twosides,0.714031457901001,0.7033642655521702,0.7033642655521702,fitted,platt_logistic_regression,0.4965154478341322,1,0.6079867607668401,0.10579345088161209,0.4626364399664148,no_interaction|interaction,2,True,0.7230769230769231,0.2804878048780488,0.2804878048780488,False,False,True
C1CN=C(N1)NC2=C(C=CC=C2Cl)Cl,CC1(C(N2C(S1)C(C2=O)NC(=O)C(C3=CC=CC=C3)N)C(=O)[O-])C,0,unreported_twosides_sampled,0.08127178996801376,0.07083402983685107,0.07083402983685107,fitted,platt_logistic_regression,0.4965154478341322,0,0.25579099992372945,0.8581024349286314,0.009235936188077247,no_interaction,1,False,0.5853658536585366,0.6119402985074627,0.5853658536585366,False,False,False
CC1=NN=C2N1C3=C(C=C(C=C3)Cl)C(=NC2)C4=CC=CC=C4,CCCC1(CC(=O)C(=C(O1)O)C(CC)C2=CC(=CC=C2)NS(=O)(=O)C3=NC=C(C=C3)C(F)(F)F)CCC4=CC=CC=C4,0,unreported_twosides_sampled,0.17069706320762634,0.15382547342597094,0.15382547342597094,fitted,platt_logistic_regression,0.4965154478341322,0,0.4292877653810234,0.6935348446683459,0.03610411418975651,no_interaction,1,False,0.7659574468085106,0.2247191011235955,0.2247191011235955,False,False,True
C1C(N(C2=C(N1)NC(=NC2=O)N)C=O)CNC3=CC=C(C=C3)C(=O)NC(CCC(=O)O)C(=O)O,CCCCC(=O)N(CC1=CC=C(C=C1)C2=CC=CC=C2C3=NNN=N3)C(C(C)C)C(=O)O,1,reported_twosides,0.8121641278266907,0.8066546261161868,0.8066546261161868,fitted,platt_logistic_regression,0.4965154478341322,1,0.49103759291544513,0.05373635600335852,0.6162888329135181,interaction,1,False,0.5256410256410257,0.4533333333333333,0.4533333333333333,False,False,False
C1CC(C1)(C(=O)O)C(=O)O.N.N.[Pt],CC(C)(C)NCC(C1=CC(=C(C=C1)O)CO)O,1,reported_twosides,0.07070942223072052,0.06128494960401943,0.06128494960401943,fitted,platt_logistic_regression,0.4965154478341322,0,0.23048856612239646,0.8757346767422334,0.009235936188077247,no_interaction,1,False,0.26666666666666666,0.5227272727272727,0.26666666666666666,False,False,True
CC(C)(C(=O)O)ON=C(C1=CSC(=N1)N)C(=O)NC2C3N(C2=O)C(=C(CS3)C[N+]4=CC=CC=C4)C(=O)[O-],CC(C)C(C(=O)OCC(CO)OCN1C=NC2=C1NC(=NC2=O)N)N,0,unreported_twosides_sampled,0.4939933717250824,0.47427367342005555,0.47427367342005555,fitted,platt_logistic_regression,0.4965154478341322,0,0.6918229081322305,0.2695214105793451,0.23089840470193115,no_interaction|interaction,2,True,0.6428571428571429,0.7307692307692307,0.6428571428571429,False,False,False
C1CC(C1)(C(=O)O)C(=O)O.N.N.[Pt],CCOC1=C(C=CC(=C1)CC(=O)NC(CC(C)C)C2=CC=CC=C2N3CCCCC3)C(=O)O,0,unreported_twosides_sampled,0.0777471736073494,0.06764037187556354,0.06764037187556354,fitted,platt_logistic_regression,0.4965154478341322,0,0.24749210617920725,0.8631402183039463,0.009235936188077247,no_interaction,1,False,0.26666666666666666,0.2804878048780488,0.26666666666666666,False,False,True
CC1=NN=C2N1C3=C(C=C(C=C3)Cl)C(=NC2)C4=CC=CC=C4,CC1CN(CCN1)C2=C(C=C3C(=C2OC)N(C=C(C3=O)C(=O)O)C4CC4)F,1,reported_twosides,0.9226992726325989,0.9222557036995616,0.9222557036995616,fitted,platt_logistic_regression,0.4965154478341322,1,0.27322529303313714,0.009235936188077247,0.8438287153652393,interaction,1,False,0.7659574468085106,0.7230769230769231,0.7230769230769231,False,False,False
C(CCl)NC(=O)N(CCCl)N=O,CNC(=C[N+](=O)[O-])NCCSCC1=CC=C(O1)CN(C)C,1,reported_twosides,0.19419054687023163,0.17615237002272877,0.17615237002272877,fitted,platt_logistic_regression,0.4965154478341322,0,0.46550871073650424,0.6507136859781696,0.04617968094038623,no_interaction,1,False,0.2391304347826087,0.603448275862069,0.2391304347826087,False,False,True
C1CC(C1)CN2CCC34C5C(CCC3(C2CC6=C4C(=C(C=C6)O)O5)O)O,C[N+](C)(C)CC(CC(=O)O)O,0,unreported_twosides_sampled,0.4501657485961914,0.42945277994845593,0.42945277994845593,fitted,platt_logistic_regression,0.4965154478341322,0,0.6831600680357084,0.30982367758186397,0.19395465994962216,no_interaction|interaction,2,True,0.6451612903225806,0.36666666666666664,0.36666666666666664,False,False,True
C1CN=C(N1)NC2=C(C=CC=C2Cl)Cl,CC12CCC3C(C1CCC2(C)O)CCC4C3(COC(=O)C4)C,0,unreported_twosides_sampled,0.6172479391098022,0.6019273951864929,0.6019273951864929,fitted,platt_logistic_regression,0.4965154478341322,1,0.6722224320693244,0.16624685138539042,0.3333333333333333,no_interaction|interaction,2,True,0.5853658536585366,0.31343283582089554,0.31343283582089554,False,False,True
CCC(C)C(=O)OC1CC(C=C2C1C(C(C=C2)C)CCC3CC(CC(=O)O3)O)C,CCCN1CC(CC2C1CC3=CNC4=CC=CC2=C34)CSC,1,reported_twosides,0.175154909491539,0.15804713012973376,0.15804713012973376,fitted,platt_logistic_regression,0.4965154478341322,0,0.43641734084944367,0.6851385390428212,0.03610411418975651,no_interaction,1,False,0.7424242424242424,0.42168674698795183,0.42168674698795183,False,False,False
CCOC(=O)N1CCC(=C2C3=C(CCC4=C2N=CC=C4)C=C(C=C3)Cl)CC1,CN1C=NC(=C1SC2=NC=NC3=C2NC=N3)[N+](=O)[O-],1,reported_twosides,0.2779792845249176,0.25721019650985166,0.25721019650985166,fitted,platt_logistic_regression,0.4965154478341322,0,0.5701185970788699,0.5180520570948782,0.08648194794290512,no_interaction,1,False,0.5892857142857143,0.25925925925925924,0.25925925925925924,False,False,True
CC1CN(CCN1)C2=C(C=C3C(=C2OC)N(C=C(C3=O)C(=O)O)C4CC4)F,CCCC1(CC(=O)C(=C(O1)O)C(CC)C2=CC(=CC=C2)NS(=O)(=O)C3=NC=C(C=C3)C(F)(F)F)CCC4=CC=CC=C4,0,unreported_twosides_sampled,0.46757155656814575,0.44721203117442004,0.44721203117442004,fitted,platt_logistic_regression,0.4965154478341322,0,0.6875636415227395,0.2955499580184719,0.20906801007556675,no_interaction|interaction,2,True,0.7230769230769231,0.2247191011235955,0.2247191011235955,False,False,True
C1C(C(C(C(C1N)OC2C(C(C(C(O2)CN)O)O)O)O)OC3C(C(C(C(O3)CO)O)N)O)N,CCC(C)C(=O)OC1CC(C=C2C1C(C(C=C2)C)CCC3CC(CC(=O)O3)O)C,0,unreported_twosides_sampled,0.37974417209625244,0.35820480013180883,0.35820480013180883,fitted,platt_logistic_regression,0.4965154478341322,0,0.6523783022496877,0.382031905961377,0.1418975650713686,no_interaction|interaction,2,True,0.7727272727272727,0.7424242424242424,0.7424242424242424,False,False,False
C1CC(C1)(C(=O)O)C(=O)O.N.N.[Pt],CC1(C(N2C(S1)C(C2=O)NC(=O)C(C3=CC=CC=C3)N)C(=O)[O-])C,0,unreported_twosides_sampled,0.2227039635181427,0.2034973046440389,0.2034973046440389,fitted,platt_logistic_regression,0.4965154478341322,0,0.5052126604607889,0.6011754827875735,0.05961376994122586,no_interaction,1,False,0.26666666666666666,0.6119402985074627,0.26666666666666666,False,False,True
C1C(C(C(C(C1N)OC2C(C(C(C(O2)CN)O)O)O)O)OC3C(C(C(C(O3)CO)O)N)O)N,CNC(=C[N+](=O)[O-])NCCSCC1=CC=C(O1)CN(C)C,0,unreported_twosides_sampled,0.17402958869934082,0.15698076266118474,0.15698076266118474,fitted,platt_logistic_regression,0.4965154478341322,0,0.43462920794649207,0.6868178001679262,0.03610411418975651,no_interaction,1,False,0.7727272727272727,0.603448275862069,0.603448275862069,False,False,False
CC(C)(C(=O)O)ON=C(C1=CSC(=N1)N)C(=O)NC2C3N(C2=O)C(=C(CS3)C[N+]4=CC=CC=C4)C(=O)[O-],C[N+](C)(C)CC(CC(=O)O)O,0,unreported_twosides_sampled,0.9045018553733826,0.9033794886340373,0.9033794886340373,fitted,platt_logistic_regression,0.4965154478341322,1,0.31759338176928653,0.015113350125944584,0.8018471872376155,interaction,1,False,0.6428571428571429,0.36666666666666664,0.36666666666666664,False,False,True
CC12CCC3C(C1CCC2C(=O)NC4=C(C=CC(=C4)C(F)(F)F)C(F)(F)F)CCC5C3(C=CC(=O)N5)C,CC1=NN=C2N1C3=C(C=C(C=C3)Cl)C(=NC2)C4=CC=CC=C4,1,reported_twosides,0.06432445347309113,0.05554505068793195,0.05554505068793195,fitted,platt_logistic_regression,0.4965154478341322,0,0.21452939159362194,0.887489504617968,0.005877413937867338,no_interaction,1,False,0.6417910447761194,0.7659574468085106,0.6417910447761194,False,False,False
C1CC(C1)(C(=O)O)C(=O)O.N.N.[Pt],CN1CC(=O)N2C(C1=O)CC3=C(C2C4=CC5=C(C=C4)OCO5)NC6=CC=CC=C36,0,unreported_twosides_sampled,0.9138798117637634,0.9131195110638235,0.9131195110638235,fitted,platt_logistic_regression,0.4965154478341322,1,0.2952603738044581,0.0109151973131822,0.8287153652392947,interaction,1,False,0.26666666666666666,0.24050632911392406,0.24050632911392406,False,False,True
CC(=O)OCC(=O)C12C(CC3C1(CC(C4(C3CC(C5=CC(=O)C=CC54C)F)F)O)C)OC(O2)(C)C,CCC(C)C(=O)OC1CC(C=C2C1C(C(C=C2)C)CCC3CC(CC(=O)O3)O)C,0,unreported_twosides_sampled,0.40501585602760315,0.3836564275079345,0.3836564275079345,fitted,platt_logistic_regression,0.4965154478341322,0,0.6658257858345664,0.3526448362720403,0.15449202350965574,no_interaction|interaction,2,True,0.8059701492537313,0.7424242424242424,0.7424242424242424,False,False,False
CC(C)C(C(=O)OCC(CO)OCN1C=NC2=C1NC(=NC2=O)N)N,CC(C)C(CCCN(C)CCC1=CC(=C(C=C1)OC)OC)(C#N)C2=CC(=C(C=C2)OC)OC,0,unreported_twosides_sampled,0.11371886730194092,0.10053874713886032,0.10053874713886032,fitted,platt_logistic_regression,0.4965154478341322,0,0.3262651119213615,0.7942905121746432,0.016792611251049538,no_interaction,1,False,0.7307692307692307,0.23529411764705882,0.23529411764705882,False,False,True
CC(C)C(C(=O)OCC(CO)OCN1C=NC2=C1NC(=NC2=O)N)N,CN1CC(=O)N2C(C1=O)CC3=C(C2C4=CC5=C(C=C4)OCO5)NC6=CC=CC=C36,0,unreported_twosides_sampled,0.9658715724945068,0.9664887561586049,0.9664887561586049,fitted,platt_logistic_regression,0.4965154478341322,1,0.14674333300787282,0.0025188916876574307,0.9286314021830394,interaction,1,False,0.7307692307692307,0.24050632911392406,0.24050632911392406,False,False,True
CC(=O)OCC(=O)C12C(CC3C1(CC(C4(C3CC(C5=CC(=O)C=CC54C)F)F)O)C)OC(O2)(C)C,CC1=NN=C2N1C3=C(C=C(C=C3)Cl)C(=NC2)C4=CC=CC=C4,1,reported_twosides,0.11508163809776306,0.10179744760895301,0.10179744760895301,fitted,platt_logistic_regression,0.4965154478341322,0,0.32901451519636515,0.7917716204869857,0.016792611251049538,no_interaction,1,False,0.8059701492537313,0.7659574468085106,0.7659574468085106,False,False,False
C1CC(OC1CO)N2C=NC3=C2NC=NC3=O,CN1CC(=O)N2C(C1=O)CC3=C(C2C4=CC5=C(C=C4)OCO5)NC6=CC=CC=C36,1,reported_twosides,0.6259405016899109,0.611003805522119,0.611003805522119,fitted,platt_logistic_regression,0.4965154478341322,1,0.6682969539699781,0.15785054575986565,0.3425692695214106,no_interaction|interaction,2,True,0.3492063492063492,0.24050632911392406,0.24050632911392406,False,False,True
CC(=O)OCC(=O)C12C(CC3C1(CC(C4(C3CC(C5=CC(=O)C=CC54C)F)F)O)C)OC(O2)(C)C,CCCN1CC(CC2C1CC3=CNC4=CC=CC2=C34)CSC,0,unreported_twosides_sampled,0.11954717338085175,0.10592780394359576,0.10592780394359576,fitted,platt_logistic_regression,0.4965154478341322,0,0.33791580324873427,0.7850545759865659,0.016792611251049538,no_interaction,1,False,0.8059701492537313,0.42168674698795183,0.42168674698795183,False,False,False
C1C(N(C2=C(N1)NC(=NC2=O)N)C=O)CNC3=CC=C(C=C3)C(=O)NC(CCC(=O)O)C(=O)O,CC(C)C(C(=O)OCC(CO)OCN1C=NC2=C1NC(=NC2=O)N)N,0,unreported_twosides_sampled,0.7314271926879883,0.7216626876092851,0.7216626876092851,fitted,platt_logistic_regression,0.4965154478341322,1,0.5913761080349842,0.09571788413098237,0.48530646515533166,interaction,1,False,0.5256410256410257,0.7307692307692307,0.5256410256410257,False,False,False
C1CC(C1)(C(=O)O)C(=O)O.N.N.[Pt],C1CN=C(N1)NC2=C(C=CC=C2Cl)Cl,1,reported_twosides,0.8424279093742371,0.8384659661128915,0.8384659661128915,fitted,platt_logistic_regression,0.4965154478341322,1,0.442204925313008,0.037783375314861464,0.6784214945424013,interaction,1,False,0.26666666666666666,0.5853658536585366,0.26666666666666666,False,False,True
CC12CCC3C(C1CCC2(C#C)O)CCC4=CC(=O)CCC34,COC1=C(C=C(C=C1)C2=CC3=C(C=C2)C=C(C=C3)C(=O)O)C45CC6CC(C4)CC(C6)C5,0,unreported_twosides_sampled,0.7844065427780151,0.7774383250502683,0.7774383250502683,fitted,platt_logistic_regression,0.4965154478341322,1,0.5301311196467761,0.06968933669185558,0.5743073047858942,interaction,1,False,0.7169811320754716,0.288135593220339,0.288135593220339,False,False,True
C1CN=C(N1)NC2=C(C=CC=C2Cl)Cl,C[N+](C)(C)CC(CC(=O)O)O,1,reported_twosides,0.9958974123001099,0.9962167348596017,0.9962167348596017,fitted,platt_logistic_regression,0.4965154478341322,1,0.02487600425387664,0.0008396305625524769,0.9907640638119227,interaction,1,False,0.5853658536585366,0.36666666666666664,0.36666666666666664,False,False,True
CC1=C(C(C(=C(N1)C)C(=O)OCC(C)C)C2=CC=CC=C2[N+](=O)[O-])C(=O)OC,CC1CC2C3CCC4=CC(=O)C=CC4(C3(C(CC2(C1(C(=O)CO)O)C)O)F)C,1,reported_twosides,0.47522374987602234,0.45503697951585576,0.45503697951585576,fitted,platt_logistic_regression,0.4965154478341322,0,0.6890983668834469,0.2879932829554996,0.2174643157010915,no_interaction|interaction,2,True,0.8043478260869565,0.8596491228070176,0.8043478260869565,False,False,False
C1=CC(=C2NC(=C3C=CC=CC3=O)N(N2)C4=CC=C(C=C4)C(=O)O)C(=O)C=C1,C1CN=C(N1)NC2=C(C=CC=C2Cl)Cl,0,unreported_twosides_sampled,0.42790594696998596,0.4068240043865883,0.4068240043865883,fitted,platt_logistic_regression,0.4965154478341322,0,0.6756817282869916,0.3266162888329135,0.1746431570109152,no_interaction|interaction,2,True,0.22033898305084745,0.5853658536585366,0.22033898305084745,False,False,True
CC1(C(N2C(S1)C(C2=O)NC(=O)C(C3=CC=CC=C3)N)C(=O)[O-])C,CC1=C(C(=O)C2=CC=CC=C2C1=O)CC=C(C)CCCC(C)CCCC(C)CCCC(C)C,0,unreported_twosides_sampled,0.15897253155708313,0.14275657999891425,0.14275657999891425,fitted,platt_logistic_regression,0.4965154478341322,0,0.40993609253255314,0.7145256087321579,0.0327455919395466,no_interaction,1,False,0.6119402985074627,0.22058823529411764,0.22058823529411764,False,False,True
C1CN=C(N1)NC2=C(C=CC=C2Cl)Cl,CC(=O)OCC(=O)C12C(CC3C1(CC(C4(C3CC(C5=CC(=O)C=CC54C)F)F)O)C)OC(O2)(C)C,1,reported_twosides,0.04291684553027153,0.03650459563785301,0.03650459563785301,fitted,platt_logistic_regression,0.4965154478341322,0,0.15667183184126587,0.9227539882451721,0.0025188916876574307,no_interaction,1,False,0.5853658536585366,0.8059701492537313,0.5853658536585366,False,False,False
C1C(N(C2=C(N1)NC(=NC2=O)N)C=O)CNC3=CC=C(C=C3)C(=O)NC(CCC(=O)O)C(=O)O,CC12CCC3C(C1CCC2C(=O)NC4=C(C=CC(=C4)C(F)(F)F)C(F)(F)F)CCC5C3(C=CC(=O)N5)C,1,reported_twosides,0.05784381553530693,0.04974614423657043,0.04974614423657043,fitted,platt_logistic_regression,0.4965154478341322,0,0.19776710110585483,0.892527287993283,0.0041981528127623844,no_interaction,1,False,0.5256410256410257,0.6417910447761194,0.5256410256410257,False,False,False
CC(C)(C(=O)O)ON=C(C1=CSC(=N1)N)C(=O)NC2C3N(C2=O)C(=C(CS3)C[N+]4=CC=CC=C4)C(=O)[O-],CCC(C)C(=O)OC1CC(C=C2C1C(C(C=C2)C)CCC3CC(CC(=O)O3)O)C,0,unreported_twosides_sampled,0.33577588200569153,0.31426108702899086,0.31426108702899086,fitted,platt_logistic_regression,0.4965154478341322,0,0.6224677060848169,0.43828715365239296,0.11167086481947942,no_interaction|interaction,2,True,0.6428571428571429,0.7424242424242424,0.6428571428571429,False,False,False
C1CC(C1)CN2CCC34C5C(CCC3(C2CC6=C4C(=C(C=C6)O)O5)O)O,CN1CCC23C=CC(CC2OC4=C(C=CC(=C34)C1)OC)O,0,unreported_twosides_sampled,0.4725499153137207,0.4523015967820675,0.4523015967820675,fitted,platt_logistic_regression,0.4965154478341322,0,0.6885899783055339,0.29135180520570947,0.21494542401343408,no_interaction|interaction,2,True,0.6451612903225806,0.375,0.375,False,False,True
C1CC(C1)(C(=O)O)C(=O)O.N.N.[Pt],CN1C(=C(NC2=CC=CC=N2)O)C(=O)C3=CC=CC=C3S1(=O)=O,0,unreported_twosides_sampled,0.16396093368530273,0.14745985341156953,0.14745985341156953,fitted,platt_logistic_regression,0.4965154478341322,0,0.4182775248703278,0.7027707808564232,0.033585222502099076,no_interaction,1,False,0.26666666666666666,0.62,0.26666666666666666,False,False,True
C1C(C(C(C(C1N)OC2C(C(C(C(O2)CN)O)O)O)O)OC3C(C(C(C(O3)CO)O)N)O)N,CC1=NN=C2N1C3=C(C=C(C=C3)Cl)C(=NC2)C4=CC=CC=C4,0,unreported_twosides_sampled,0.20388375222682953,0.18541887339451688,0.18541887339451688,fitted,platt_logistic_regression,0.4965154478341322,0,0.479511676540885,0.6297229219143576,0.04953820319059614,no_interaction,1,False,0.7727272727272727,0.7659574468085106,0.7659574468085106,False,False,False
C1CC(OC1CO)N2C=NC3=C2NC=NC3=O,CCCCC(=O)N(CC1=CC=C(C=C1)C2=CC=CC=C2C3=NNN=N3)C(C(C)C)C(=O)O,1,reported_twosides,0.6330154538154602,0.6183970190111403,0.6183970190111403,fitted,platt_logistic_regression,0.4965154478341322,1,0.6648434128178721,0.15449202350965574,0.35684298908480266,no_interaction|interaction,2,True,0.3492063492063492,0.4533333333333333,0.3492063492063492,False,False,True
C1CC(C1)CN2CCC34C5C(CCC3(C2CC6=C4C(=C(C=C6)O)O5)O)O,CC1=C(SC=C1)C(=CCCN2CCCC(C2)C(=O)O)C3=C(C=CS3)C,0,unreported_twosides_sampled,0.26499873399734497,0.24451797309913795,0.24451797309913795,fitted,platt_logistic_regression,0.4965154478341322,0,0.5562319866059645,0.5407220822837951,0.07808564231738035,no_interaction,1,False,0.6451612903225806,0.26865671641791045,0.26865671641791045,False,False,True
CC12CCC3C(C1CCC2O)C(CC4=C3C=CC(=C4)O)CCCCCCCCCS(=O)CCCC(C(F)(F)F)(F)F,CCCCC(=O)N(CC1=CC=C(C=C1)C2=CC=CC=C2C3=NNN=N3)C(C(C)C)C(=O)O,1,reported_twosides,0.30668002367019653,0.28543406730580556,0.28543406730580556,fitted,platt_logistic_regression,0.4965154478341322,0,0.5980126346371337,0.47691015952980687,0.09655751469353484,no_interaction,1,False,0.4492753623188406,0.4533333333333333,0.4492753623188406,False,False,False
CC12CCC3C(C1CCC2C(=O)NC4=C(C=CC(=C4)C(F)(F)F)C(F)(F)F)CCC5C3(C=CC(=O)N5)C,CN(C)CCC1=CNC2=C1C=C(C=C2)CC3COC(=O)N3,0,unreported_twosides_sampled,0.18276657164096832,0.16527175173542838,0.16527175173542838,fitted,platt_logistic_regression,0.4965154478341322,0,0.44830915935287596,0.672544080604534,0.038623005877413935,no_interaction,1,False,0.6417910447761194,0.543859649122807,0.543859649122807,False,False,False
C1=CC(=C2NC(=C3C=CC=CC3=O)N(N2)C4=CC=C(C=C4)C(=O)O)C(=O)C=C1,CCOC(=O)N1CCC(=C2C3=C(CCC4=C2N=CC=C4)C=C(C=C3)Cl)CC1,1,reported_twosides,0.18346472084522247,0.16593541348500526,0.16593541348500526,fitted,platt_logistic_regression,0.4965154478341322,0,0.44938237498227507,0.670864819479429,0.038623005877413935,no_interaction,1,False,0.22033898305084745,0.5892857142857143,0.22033898305084745,False,False,True
CC1CC2C3CCC4=CC(=O)C=CC4(C3(C(CC2(C1(C(=O)CO)O)C)O)F)C,CCCN1CC(CC2C1CC3=CNC4=CC=CC2=C34)CSC,0,unreported_twosides_sampled,0.0830618217587471,0.07245863927905051,0.07245863927905051,fitted,platt_logistic_regression,0.4965154478341322,0,0.25995274904371224,0.8505457598656591,0.009235936188077247,no_interaction,1,False,0.8596491228070176,0.42168674698795183,0.42168674698795183,False,False,False
CC1(C(N2C(S1)C(C2=O)NC(=O)C(C3=CC=CC=C3)N)C(=O)[O-])C,CCOC(=O)N1CCC(=C2C3=C(CCC4=C2N=CC=C4)C=C(C=C3)Cl)CC1,0,unreported_twosides_sampled,0.24384109675884247,0.223931953255218,0.223931953255218,fitted,platt_logistic_regression,0.4965154478341322,0,0.5318396458638276,0.5709487825356843,0.07136859781696053,no_interaction,1,False,0.6119402985074627,0.5892857142857143,0.5892857142857143,False,False,False
CC1=C(C(C(=C(N1)C)C(=O)OCC(C)C)C2=CC=CC=C2[N+](=O)[O-])C(=O)OC,CN1CCC23C=CC(CC2OC4=C(C=CC(=C34)C1)OC)O,0,unreported_twosides_sampled,0.8399824500083923,0.8358980156471754,0.8358980156471754,fitted,platt_logistic_regression,0.4965154478341322,1,0.44640973461348465,0.037783375314861464,0.6750629722921915,interaction,1,False,0.8043478260869565,0.375,0.375,False,False,True
C1CN=C(N1)NC2=C(C=CC=C2Cl)Cl,CC12CCC3C(C1CCC2C(=O)NC4=C(C=CC(=C4)C(F)(F)F)C(F)(F)F)CCC5C3(C=CC(=O)N5)C,1,reported_twosides,0.04702325910329819,0.04013010127394074,0.04013010127394074,fitted,platt_logistic_regression,0.4965154478341322,0,0.168357396419701,0.9160369437447523,0.0025188916876574307,no_interaction,1,False,0.5853658536585366,0.6417910447761194,0.5853658536585366,False,False,False
CCN(C)C(=O)OC1=CC=CC(=C1)C(C)N(C)C,COC1=C(C=C(C=C1)C2=CC3=C(C=C2)C=C(C=C3)C(=O)O)C45CC6CC(C4)CC(C6)C5,0,unreported_twosides_sampled,0.21033526957035065,0.19160340768701004,0.19160340768701004,fitted,platt_logistic_regression,0.4965154478341322,0,0.4885395874725777,0.6204869857262805,0.05289672544080604,no_interaction,1,False,0.32653061224489793,0.288135593220339,0.288135593220339,False,False,True
CCCN1CC(CC2C1CC3=CNC4=CC=CC2=C34)CSC,CN(C)CCC1=CNC2=C1C=C(C=C2)CC3COC(=O)N3,0,unreported_twosides_sampled,0.14378967881202698,0.12849966768404783,0.12849966768404783,fitted,platt_logistic_regression,0.4965154478341322,0,0.3835246523137613,0.7439126784214946,0.02434928631402183,no_interaction,1,False,0.42168674698795183,0.543859649122807,0.42168674698795183,False,False,False
CC1=NN=C2N1C3=C(C=C(C=C3)Cl)C(=NC2)C4=CC=CC=C4,CN1C(=C(NC2=CC=CC=N2)O)C(=O)C3=CC=CC=C3S1(=O)=O,1,reported_twosides,0.4425537884235382,0.4217039557672087,0.4217039557672087,fitted,platt_logistic_regression,0.4965154478341322,0,0.6808360344920418,0.31738035264483627,0.18723761544920234,no_interaction|interaction,2,True,0.7659574468085106,0.62,0.62,False,False,False
CC12CCC3C(C1CCC2(C#C)O)CCC4=CC(=O)CCC34,CCOC(=O)N1CCC(=C2C3=C(CCC4=C2N=CC=C4)C=C(C=C3)Cl)CC1,1,reported_twosides,0.21894079446792603,0.19987350581450616,0.19987350581450616,fitted,platt_logistic_regression,0.4965154478341322,0,0.50022701535178,0.6062132661628883,0.05793450881612091,no_interaction,1,False,0.7169811320754716,0.5892857142857143,0.5892857142857143,False,False,False
C1CC(OC1CO)N2C=NC3=C2NC=NC3=O,CN1CCC23C=CC(CC2OC4=C(C=CC(=C34)C1)OC)O,0,unreported_twosides_sampled,0.8890031576156616,0.8872345842602561,0.8872345842602561,fitted,platt_logistic_regression,0.4965154478341322,1,0.35225833065885054,0.020151133501259445,0.7741393786733837,interaction,1,False,0.3492063492063492,0.375,0.3492063492063492,False,False,True
CC1CN(CCN1)C2=C(C=C3C(=C2OC)N(C=C(C3=O)C(=O)O)C4CC4)F,CCCCC(=O)N(CC1=CC=C(C=C1)C2=CC=CC=C2C3=NNN=N3)C(C(C)C)C(=O)O,1,reported_twosides,0.9854111671447754,0.9860327475719985,0.9860327475719985,fitted,platt_logistic_regression,0.4965154478341322,1,0.07352394406759834,0.0008396305625524769,0.9655751469353484,interaction,1,False,0.7230769230769231,0.4533333333333333,0.4533333333333333,False,False,False
C(CCl)NC(=O)N(CCCl)N=O,CN(C)NN=C1C(=NC=N1)C(=O)N,1,reported_twosides,0.03177548944950104,0.02674380087928375,0.02674380087928375,fitted,platt_logistic_regression,0.4965154478341322,0,0.12323436068005456,0.9420654911838791,0.0008396305625524769,no_interaction,1,False,0.2391304347826087,0.24390243902439024,0.2391304347826087,False,False,True
CC1=C(C(=O)C2=CC=CC=C2C1=O)CC=C(C)CCCC(C)CCCC(C)CCCC(C)C,CCC(C)C(=O)OC1CC(C=C2C1C(C(C=C2)C)CCC3CC(CC(=O)O3)O)C,0,unreported_twosides_sampled,0.31633293628692627,0.2949744889640975,0.2949744889640975,fitted,platt_logistic_regression,0.4965154478341322,0,0.6065458705274612,0.4651553316540722,0.10495382031905962,no_interaction|interaction,2,True,0.22058823529411764,0.7424242424242424,0.22058823529411764,False,False,True
C1=CC(=C2NC(=C3C=CC=CC3=O)N(N2)C4=CC=C(C=C4)C(=O)O)C(=O)C=C1,CN1C(=C(NC2=CC=CC=N2)O)C(=O)C3=CC=CC=C3S1(=O)=O,0,unreported_twosides_sampled,0.29522770643234253,0.2741460900200919,0.2741460900200919,fitted,platt_logistic_regression,0.4965154478341322,0,0.5873391667467777,0.48866498740554154,0.09235936188077246,no_interaction,1,False,0.22033898305084745,0.62,0.22033898305084745,False,False,True
CCCN1CC(CC2C1CC3=CNC4=CC=CC2=C34)CSC,CN1CCC23C=CC(CC2OC4=C(C=CC(=C34)C1)OC)O,0,unreported_twosides_sampled,0.12417392432689667,0.11021655261187828,0.11021655261187828,fitted,platt_logistic_regression,0.4965154478341322,0,0.3469678529968045,0.7774979009235936,0.019311502938706968,no_interaction,1,False,0.42168674698795183,0.375,0.375,False,False,True
CC(C)C(C(=O)OCC(CO)OCN1C=NC2=C1NC(=NC2=O)N)N,CC1=NN=C2N1C3=C(C=C(C=C3)Cl)C(=NC2)C4=CC=CC=C4,0,unreported_twosides_sampled,0.7711063027381897,0.7634338773816769,0.7634338773816769,fitted,platt_logistic_regression,0.4965154478341322,1,0.5470893384121549,0.07556675062972293,0.5516372795969773,interaction,1,False,0.7307692307692307,0.7659574468085106,0.7307692307692307,False,False,False
C(CCl)NC(=O)N(CCCl)N=O,CN1CCC23C=CC(CC2OC4=C(C=CC(=C34)C1)OC)O,0,unreported_twosides_sampled,0.7097616791725159,0.698875035369305,0.698875035369305,fitted,platt_logistic_regression,0.4965154478341322,1,0.6118144711230098,0.10747271200671704,0.45759865659109994,no_interaction|interaction,2,True,0.2391304347826087,0.375,0.2391304347826087,False,False,True
C1CC(OC1CO)N2C=NC3=C2NC=NC3=O,CCOC(=O)N1CCC(=C2C3=C(CCC4=C2N=CC=C4)C=C(C=C3)Cl)CC1,1,reported_twosides,0.3606823682785034,0.3390993481946848,0.3390993481946848,fitted,platt_logistic_regression,0.4965154478341322,0,0.6404362725434375,0.40470193115029385,0.1309823677581864,no_interaction|interaction,2,True,0.3492063492063492,0.5892857142857143,0.3492063492063492,False,False,True
CC12CCC3C(C1CCC2O)C(CC4=C3C=CC(=C4)O)CCCCCCCCCS(=O)CCCC(C(F)(F)F)(F)F,CCCN1CC(CC2C1CC3=CNC4=CC=CC2=C34)CSC,0,unreported_twosides_sampled,0.21818824112415314,0.19914935363456376,0.19914935363456376,fitted,platt_logistic_regression,0.4965154478341322,0,0.49922091362089865,0.6070528967254408,0.056255247691015954,no_interaction,1,False,0.4492753623188406,0.42168674698795183,0.42168674698795183,False,False,False
C1C(N(C2=C(N1)NC(=NC2=O)N)C=O)CNC3=CC=C(C=C3)C(=O)NC(CCC(=O)O)C(=O)O,CC1CC2C3CCC4=CC(=O)C=CC4(C3(C(CC2(C1(C(=O)CO)O)C)O)F)C,1,reported_twosides,0.5951353311538696,0.5788763237789726,0.5788763237789726,fitted,platt_logistic_regression,0.4965154478341322,1,0.6806521019703835,0.18639798488664988,0.31738035264483627,no_interaction|interaction,2,True,0.5256410256410257,0.8596491228070176,0.5256410256410257,False,False,False
CC(C)(C)NCC(C1=CC(=C(C=C1)O)CO)O,CC1=C(C(=O)C2=CC=CC=C2C1=O)CC=C(C)CCCC(C)CCCC(C)CCCC(C)C,1,reported_twosides,0.06374367326498032,0.05502422980726413,0.05502422980726413,fitted,platt_logistic_regression,0.4965154478341322,0,0.21305109764539848,0.889168765743073,0.005037783375314861,no_interaction,1,False,0.5227272727272727,0.22058823529411764,0.22058823529411764,False,False,True
CC(C)(C(=O)O)ON=C(C1=CSC(=N1)N)C(=O)NC2C3N(C2=O)C(=C(CS3)C[N+]4=CC=CC=C4)C(=O)[O-],CCOC1=C(C=CC(=C1)CC(=O)NC(CC(C)C)C2=CC=CC=C2N3CCCCC3)C(=O)O,0,unreported_twosides_sampled,0.09879562258720398,0.08681170667639715,0.08681170667639715,fitted,platt_logistic_regression,0.4965154478341322,0,0.2950985451804486,0.8295549958018472,0.0109151973131822,no_interaction,1,False,0.6428571428571429,0.2804878048780488,0.2804878048780488,False,False,True
CC(C)(C)NCC(C1=CC(=C(C=C1)O)CO)O,CN1CCC(=C2C3=C(C(=O)CC4=CC=CC=C42)SC=C3)CC1,1,reported_twosides,0.24037933349609375,0.22057606667404941,0.22057606667404941,fitted,platt_logistic_regression,0.4965154478341322,0,0.5276361033174681,0.5776658270361041,0.06801007556675064,no_interaction,1,False,0.5227272727272727,0.3018867924528302,0.3018867924528302,False,False,True
C1CC(C1)(C(=O)O)C(=O)O.N.N.[Pt],CC(=O)OCC(=O)C12C(CC3C1(CC(C4(C3CC(C5=CC(=O)C=CC54C)F)F)O)C)OC(O2)(C)C,0,unreported_twosides_sampled,0.07931705564260483,0.06906197692373132,0.06906197692373132,fitted,platt_logistic_regression,0.4965154478341322,0,0.2512057865549391,0.8614609571788413,0.009235936188077247,no_interaction,1,False,0.26666666666666666,0.8059701492537313,0.26666666666666666,False,False,True
C1=CC(=C2NC(=C3C=CC=CC3=O)N(N2)C4=CC=C(C=C4)C(=O)O)C(=O)C=C1,CC12CCC3C(C1CCC2O)C(CC4=C3C=CC(=C4)O)CCCCCCCCCS(=O)CCCC(C(F)(F)F)(F)F,0,unreported_twosides_sampled,0.09717991203069687,0.08533193773434715,0.08533193773434715,fitted,platt_logistic_regression,0.4965154478341322,0,0.2916024695580627,0.8337531486146096,0.0109151973131822,no_interaction,1,False,0.22033898305084745,0.4492753623188406,0.22033898305084745,False,False,True
CCCN1CC(CC2C1CC3=CNC4=CC=CC2=C34)CSC,CNC(=C[N+](=O)[O-])NCCSCC1=CC=C(O1)CN(C)C,1,reported_twosides,0.3672456741333008,0.34566850534256993,0.34566850534256993,fitted,platt_logistic_regression,0.4965154478341322,0,0.6447239598794949,0.3954659949622166,0.13350125944584382,no_interaction|interaction,2,True,0.42168674698795183,0.603448275862069,0.42168674698795183,False,False,False
CC(C=CC(C)C(C)(C)O)C1CCC2C1(CCCC2=CC=C3CC(CC(C3)O)O)C,CCOC1=C(C=CC(=C1)CC(=O)NC(CC(C)C)C2=CC=CC=C2N3CCCCC3)C(=O)O,1,reported_twosides,0.6588568687438965,0.6454421614189256,0.6454421614189256,fitted,platt_logistic_regression,0.4965154478341322,1,0.6502225534225745,0.13937867338371115,0.3879093198992443,no_interaction|interaction,2,True,0.5625,0.2804878048780488,0.2804878048780488,False,False,True
CCCN1CC(CC2C1CC3=CNC4=CC=CC2=C34)CSC,CCOC1=C(C=CC(=C1)CC(=O)NC(CC(C)C)C2=CC=CC=C2N3CCCCC3)C(=O)O,0,unreported_twosides_sampled,0.15719600021839142,0.14108383584425085,0.14108383584425085,fitted,platt_logistic_regression,0.4965154478341322,0,0.406926093572237,0.7162048698572628,0.0327455919395466,no_interaction,1,False,0.42168674698795183,0.2804878048780488,0.2804878048780488,False,False,True
CC(C)C(CCCN(C)CCC1=CC(=C(C=C1)OC)OC)(C#N)C2=CC(=C(C=C2)OC)OC,CN1C(=C(NC2=CC=CC=N2)O)C(=O)C3=CC=CC=C3S1(=O)=O,1,reported_twosides,0.3054552972316742,0.2842253029086523,0.2842253029086523,fitted,platt_logistic_regression,0.4965154478341322,0,0.5968998099392748,0.4794290512174643,0.09655751469353484,no_interaction,1,False,0.23529411764705882,0.62,0.23529411764705882,False,False,True
CC(C)(C(=O)O)ON=C(C1=CSC(=N1)N)C(=O)NC2C3N(C2=O)C(=C(CS3)C[N+]4=CC=CC=C4)C(=O)[O-],CN1CC(=O)N2C(C1=O)CC3=C(C2C4=CC5=C(C=C4)OCO5)NC6=CC=CC=C36,0,unreported_twosides_sampled,0.9400994777679443,0.9401980732259512,0.9401980732259512,fitted,platt_logistic_regression,0.4965154478341322,1,0.22642216885562452,0.009235936188077247,0.8782535684298909,interaction,1,False,0.6428571428571429,0.24050632911392406,0.24050632911392406,False,False,True
CC1=NN=C(S1)SCC2=C(N3C(C(C3=O)NC(=O)CN4C=NN=N4)SC2)C(=O)[O-],CCOC(=O)N1CCC(=C2C3=C(CCC4=C2N=CC=C4)C=C(C=C3)Cl)CC1,1,reported_twosides,0.28438013792037964,0.2634858040875037,0.2634858040875037,fitted,platt_logistic_regression,0.4965154478341322,0,0.5766714724055301,0.5054575986565911,0.08816120906801007,no_interaction,1,False,0.4574468085106383,0.5892857142857143,0.4574468085106383,False,False,False
CC(C=CC(C)C(C)(C)O)C1CCC2C1(CCCC2=CC=C3CC(CC(C3)O)O)C,CC1=C(C(=O)C2=CC=CC=C2C1=O)CC=C(C)CCCC(C)CCCC(C)CCCC(C)C,0,unreported_twosides_sampled,0.4819066524505615,0.4618792099321904,0.4618792099321904,fitted,platt_logistic_regression,0.4965154478341322,0,0.6902379690223504,0.28295549958018473,0.22334172963895885,no_interaction|interaction,2,True,0.5625,0.22058823529411764,0.22058823529411764,False,False,True
CC1CC2C3CCC4=CC(=O)C=CC4(C3(C(CC2(C1(C(=O)CO)O)C)O)F)C,CN(C)NN=C1C(=NC=N1)C(=O)N,1,reported_twosides,0.67275470495224,0.6600116702762161,0.6600116702762161,fitted,platt_logistic_regression,0.4965154478341322,1,0.6410277367509587,0.13182199832073888,0.40470193115029385,no_interaction|interaction,2,True,0.8596491228070176,0.24390243902439024,0.24390243902439024,False,False,True
C1CN=C(N1)NC2=C(C=CC=C2Cl)Cl,CC(C)C(CCCN(C)CCC1=CC(=C(C=C1)OC)OC)(C#N)C2=CC(=C(C=C2)OC)OC,1,reported_twosides,0.07220063358545303,0.06262913132330632,0.06262913132330632,fitted,platt_logistic_regression,0.4965154478341322,0,0.2341412106114079,0.871536523929471,0.009235936188077247,no_interaction,1,False,0.5853658536585366,0.23529411764705882,0.23529411764705882,False,False,True
CC1(C(N2C(S1)C(C2=O)NC(=O)C(C3=CC=CC=C3)N)C(=O)[O-])C,CC1CC2C3CCC4=CC(=O)C=CC4(C3(C(CC2(C1(C(=O)CO)O)C)O)F)C,1,reported_twosides,0.45194631814956665,0.4312669383189528,0.4312669383189528,fitted,platt_logistic_regression,0.4965154478341322,0,0.6836687279405489,0.3089840470193115,0.1964735516372796,no_interaction|interaction,2,True,0.6119402985074627,0.8596491228070176,0.6119402985074627,False,False,False
C(CCl)NC(=O)N(CCCl)N=O,CC(C)C(CCCN(C)CCC1=CC(=C(C=C1)OC)OC)(C#N)C2=CC(=C(C=C2)OC)OC,0,unreported_twosides_sampled,0.1293133646249771,0.11499135873090907,0.11499135873090907,fitted,platt_logistic_regression,0.4965154478341322,0,0.3568253841680503,0.7699412258606213,0.020151133501259445,no_interaction,1,False,0.2391304347826087,0.23529411764705882,0.23529411764705882,False,False,True
CC(C)(C)NCC(C1=CC(=C(C=C1)O)CO)O,CN1CCC23C=CC(CC2OC4=C(C=CC(=C34)C1)OC)O,1,reported_twosides,0.6138767004013062,0.5984094896500235,0.5984094896500235,fitted,platt_logistic_regression,0.4965154478341322,1,0.6736512955213037,0.16792611251049538,0.3308144416456759,no_interaction|interaction,2,True,0.5227272727272727,0.375,0.375,False,False,True
CC(C)(C(=O)O)ON=C(C1=CSC(=N1)N)C(=O)NC2C3N(C2=O)C(=C(CS3)C[N+]4=CC=CC=C4)C(=O)[O-],CN1CCC(=C2C3=C(C(=O)CC4=CC=CC=C42)SC=C3)CC1,0,unreported_twosides_sampled,0.2176949381828308,0.1986747641022868,0.1986747641022868,fitted,platt_logistic_regression,0.4965154478341322,0,0.4985597590798633,0.6087321578505458,0.056255247691015954,no_interaction,1,False,0.6428571428571429,0.3018867924528302,0.3018867924528302,False,False,True
C1=CC(=C2NC(=C3C=CC=CC3=O)N(N2)C4=CC=C(C=C4)C(=O)O)C(=O)C=C1,CNC(=C[N+](=O)[O-])NCCSCC1=CC=C(O1)CN(C)C,1,reported_twosides,0.10996877402067184,0.09707940883509844,0.09707940883509844,fitted,platt_logistic_regression,0.4965154478341322,0,0.31861797437529327,0.8001679261125105,0.015113350125944584,no_interaction,1,False,0.22033898305084745,0.603448275862069,0.22033898305084745,False,False,True
CC(C)C(CCCN(C)CCC1=CC(=C(C=C1)OC)OC)(C#N)C2=CC(=C(C=C2)OC)OC,C[N+](C)(C)CC(CC(=O)O)O,0,unreported_twosides_sampled,0.7893109917640686,0.7826019730221097,0.7826019730221097,fitted,platt_logistic_regression,0.4965154478341322,1,0.5235949485928213,0.06717044500419815,0.581024349286314,interaction,1,False,0.23529411764705882,0.36666666666666664,0.23529411764705882,False,False,True
CC12CCC3C(C1CCC2(C#C)O)CCC4=CC(=O)CCC34,CN1CCC23C=CC(CC2OC4=C(C=CC(=C34)C1)OC)O,0,unreported_twosides_sampled,0.6267274618148804,0.6118259114735042,0.6118259114735042,fitted,platt_logistic_regression,0.4965154478341322,1,0.6679243233305833,0.15785054575986565,0.3459277917716205,no_interaction|interaction,2,True,0.7169811320754716,0.375,0.375,False,False,True
C1CC(OC1CO)N2C=NC3=C2NC=NC3=O,CC12CCC3C(C1CCC2(C#C)O)CCC4=CC(=O)CCC34,0,unreported_twosides_sampled,0.17544804513454437,0.15832498282088794,0.15832498282088794,fitted,platt_logistic_regression,0.4965154478341322,0,0.4368818514306954,0.6851385390428212,0.03610411418975651,no_interaction,1,False,0.3492063492063492,0.7169811320754716,0.3492063492063492,False,False,True
C1CC(C1)CN2CCC34C5C(CCC3(C2CC6=C4C(=C(C=C6)O)O5)O)O,CCCCC(=O)N(CC1=CC=C(C=C1)C2=CC=CC=C2C3=NNN=N3)C(C(C)C)C(=O)O,0,unreported_twosides_sampled,0.4290050268173218,0.407939049505992,0.407939049505992,fitted,platt_logistic_regression,0.4965154478341322,0,0.6760996481044954,0.32577665827036106,0.17548278757346766,no_interaction|interaction,2,True,0.6451612903225806,0.4533333333333333,0.4533333333333333,False,False,False
C1CC(OC1CO)N2C=NC3=C2NC=NC3=O,C[N+](C)(C)CC(CC(=O)O)O,1,reported_twosides,0.9999382495880127,0.9999496155817891,0.9999496155817891,fitted,platt_logistic_regression,0.4965154478341322,1,0.0005489787152766705,0.0008396305625524769,1.0,interaction,1,False,0.3492063492063492,0.36666666666666664,0.3492063492063492,False,False,True
CC1=C(C(=O)C2=CC=CC=C2C1=O)CC=C(C)CCCC(C)CCCC(C)CCCC(C)C,CNC(=C[N+](=O)[O-])NCCSCC1=CC=C(O1)CN(C)C,1,reported_twosides,0.10877370089292526,0.09597835576137966,0.09597835576137966,fitted,platt_logistic_regression,0.4965154478341322,0,0.316155571309919,0.8068849706129303,0.015113350125944584,no_interaction,1,False,0.22058823529411764,0.603448275862069,0.22058823529411764,False,False,True
C1C(OC(S1)CO)N2C=C(C(=NC2=O)N)F,C1CN=C(N1)NC2=C(C=CC=C2Cl)Cl,1,reported_twosides,0.1620909869670868,0.14569570730877582,0.14569570730877582,fitted,platt_logistic_regression,0.4965154478341322,0,0.4151696215307221,0.709487825356843,0.0327455919395466,no_interaction,1,False,0.6326530612244898,0.5853658536585366,0.5853658536585366,False,False,False
CCCN1CC(CC2C1CC3=CNC4=CC=CC2=C34)CSC,COC1=C(C=C(C=C1)C2=CC3=C(C=C2)C=C(C=C3)C(=O)O)C45CC6CC(C4)CC(C6)C5,0,unreported_twosides_sampled,0.24859130382537842,0.22854260310035443,0.22854260310035443,fitted,platt_logistic_regression,0.4965154478341322,0,0.5375093469490724,0.5625524769101595,0.07220822837951302,no_interaction,1,False,0.42168674698795183,0.288135593220339,0.288135593220339,False,False,True
CC(C)(C(=O)O)ON=C(C1=CSC(=N1)N)C(=O)NC2C3N(C2=O)C(=C(CS3)C[N+]4=CC=CC=C4)C(=O)[O-],CC(C=CC(C)C(C)(C)O)C1CCC2C1(CCCC2=CC=C3CC(CC(C3)O)O)C,0,unreported_twosides_sampled,0.24216417968273163,0.22230588242072194,0.22230588242072194,fitted,platt_logistic_regression,0.4965154478341322,0,0.5298109852108959,0.5743073047858942,0.06968933669185558,no_interaction,1,False,0.6428571428571429,0.5625,0.5625,False,False,False
CCOC(=O)N1CCC(=C2C3=C(CCC4=C2N=CC=C4)C=C(C=C3)Cl)CC1,CN1CC(=O)N2C(C1=O)CC3=C(C2C4=CC5=C(C=C4)OCO5)NC6=CC=CC=C36,1,reported_twosides,0.9235538244247437,0.9231395874135148,0.9231395874135148,fitted,platt_logistic_regression,0.4965154478341322,1,0.2710336303569062,0.009235936188077247,0.8438287153652393,interaction,1,False,0.5892857142857143,0.24050632911392406,0.24050632911392406,False,False,True
C1CC(OC1CO)N2C=NC3=C2NC=NC3=O,C1CN=C(N1)NC2=C(C=CC=C2Cl)Cl,0,unreported_twosides_sampled,0.9973311424255371,0.9975697353439931,0.9975697353439931,fitted,platt_logistic_regression,0.4965154478341322,1,0.017056907262996523,0.0008396305625524769,0.9949622166246851,interaction,1,False,0.3492063492063492,0.5853658536585366,0.3492063492063492,False,False,True
CCC(C)C(=O)OC1CC(C=C2C1C(C(C=C2)C)CCC3CC(CC(=O)O3)O)C,CCCCC(=O)N(CC1=CC=C(C=C1)C2=CC=CC=C2C3=NNN=N3)C(C(C)C)C(=O)O,1,reported_twosides,0.7700151801109314,0.7622849520683264,0.7622849520683264,fitted,platt_logistic_regression,0.4965154478341322,1,0.5484317674414982,0.0764063811922754,0.5516372795969773,interaction,1,False,0.7424242424242424,0.4533333333333333,0.4533333333333333,False,False,False
C1CC(C1)(C(=O)O)C(=O)O.N.N.[Pt],CC(C)(C(=O)O)ON=C(C1=CSC(=N1)N)C(=O)NC2C3N(C2=O)C(=C(CS3)C[N+]4=CC=CC=C4)C(=O)[O-],1,reported_twosides,0.3773477077484131,0.35579841163624254,0.35579841163624254,fitted,platt_logistic_regression,0.4965154478341322,0,0.6509623754230771,0.38623005877413935,0.14021830394626364,no_interaction|interaction,2,True,0.26666666666666666,0.6428571428571429,0.26666666666666666,False,False,True
C1=CC(=CC=C1N)S(=O)(=O)C2=CC=C(C=C2)N,CCC(C)C(=O)OC1CC(C=C2C1C(C(C=C2)C)CCC3CC(CC(=O)O3)O)C,1,reported_twosides,0.5282590389251709,0.5095426678086264,0.5095426678086264,fitted,platt_logistic_regression,0.4965154478341322,1,0.6929650444840151,0.2401343408900084,0.25608732157850544,no_interaction|interaction,2,True,0.43333333333333335,0.7424242424242424,0.43333333333333335,False,False,False
CN1CC(=O)N2C(C1=O)CC3=C(C2C4=CC5=C(C=C4)OCO5)NC6=CC=CC=C36,CN1CCC(=C2C3=C(C(=O)CC4=CC=CC=C42)SC=C3)CC1,1,reported_twosides,0.9895127415657043,0.9900574333296835,0.9900574333296835,fitted,platt_logistic_regression,0.4965154478341322,1,0.05573745440961229,0.0008396305625524769,0.9739714525608733,interaction,1,False,0.24050632911392406,0.3018867924528302,0.24050632911392406,False,False,True
CC(C)(C)NCC(C1=CC(=C(C=C1)O)CO)O,CCCCC(=O)N(CC1=CC=C(C=C1)C2=CC=CC=C2C3=NNN=N3)C(C(C)C)C(=O)O,1,reported_twosides,0.5286771655082703,0.509974181859088,0.509974181859088,fitted,platt_logistic_regression,0.4965154478341322,1,0.6929481987541593,0.2401343408900084,0.25608732157850544,no_interaction|interaction,2,True,0.5227272727272727,0.4533333333333333,0.4533333333333333,False,False,False
CCCN1CC(CC2C1CC3=CNC4=CC=CC2=C34)CSC,CN1C(=C(NC2=CC=CC=N2)O)C(=O)C3=CC=CC=C3S1(=O)=O,0,unreported_twosides_sampled,0.13574136793613434,0.12097895046428406,0.12097895046428406,fitted,platt_logistic_regression,0.4965154478341322,0,0.3688709547061585,0.7556675062972292,0.022670025188916875,no_interaction,1,False,0.42168674698795183,0.62,0.42168674698795183,False,False,False
CC(=O)OCC(=O)C12C(CC3C1(CC(C4(C3CC(C5=CC(=O)C=CC54C)F)F)O)C)OC(O2)(C)C,CC1=C(C(C(=C(N1)C)C(=O)OCC(C)C)C2=CC=CC=C2[N+](=O)[O-])C(=O)OC,0,unreported_twosides_sampled,0.30204373598098755,0.28086023151731626,0.28086023151731626,fitted,platt_logistic_regression,0.4965154478341322,0,0.5937639389235377,0.4819479429051218,0.09655751469353484,no_interaction,1,False,0.8059701492537313,0.8043478260869565,0.8043478260869565,False,False,False
C1C(OC(S1)CO)N2C=C(C(=NC2=O)N)F,CC(C)C(CCCN(C)CCC1=CC(=C(C=C1)OC)OC)(C#N)C2=CC(=C(C=C2)OC)OC,0,unreported_twosides_sampled,0.17471691966056824,0.15763203221201494,0.15763203221201494,fitted,platt_logistic_regression,0.4965154478341322,0,0.4357223043881855,0.6851385390428212,0.03610411418975651,no_interaction,1,False,0.6326530612244898,0.23529411764705882,0.23529411764705882,False,False,True
CC1=C(SC=C1)C(=CCCN2CCCC(C2)C(=O)O)C3=C(C=CS3)C,CN1CC(=O)N2C(C1=O)CC3=C(C2C4=CC5=C(C=C4)OCO5)NC6=CC=CC=C36,0,unreported_twosides_sampled,0.8517705798149109,0.8482712585399158,0.8482712585399158,fitted,platt_logistic_regression,0.4965154478341322,1,0.4256960816326424,0.03442485306465155,0.7002518891687658,interaction,1,False,0.26865671641791045,0.24050632911392406,0.24050632911392406,False,False,True
CC1=C(C(=O)C2=CC=CC=C2C1=O)CC=C(C)CCCC(C)CCCC(C)CCCC(C)C,CC1CN(CCN1)C2=C(C=C3C(=C2OC)N(C=C(C3=O)C(=O)O)C4CC4)F,0,unreported_twosides_sampled,0.7377732992172241,0.7283410000292165,0.7283410000292165,fitted,platt_logistic_regression,0.4965154478341322,1,0.5849019459887193,0.09235936188077246,0.4903442485306465,interaction,1,False,0.22058823529411764,0.7230769230769231,0.22058823529411764,False,False,True
CC12CCC3C(C1CCC2O)C(CC4=C3C=CC(=C4)O)CCCCCCCCCS(=O)CCCC(C(F)(F)F)(F)F,CCOC(=O)N1CCC(=C2C3=C(CCC4=C2N=CC=C4)C=C(C=C3)Cl)CC1,0,unreported_twosides_sampled,0.17350509762763977,0.1564839026299195,0.1564839026299195,fitted,platt_logistic_regression,0.4965154478341322,0,0.4337931190309674,0.6893366918555835,0.03610411418975651,no_interaction,1,False,0.4492753623188406,0.5892857142857143,0.4492753623188406,False,False,False
C1CC(C1)CN2CCC34C5C(CCC3(C2CC6=C4C(=C(C=C6)O)O5)O)O,C1CC(OC1CO)N2C=NC3=C2NC=NC3=O,0,unreported_twosides_sampled,0.22475022077560425,0.20546962192285287,0.20546962192285287,fitted,platt_logistic_regression,0.4965154478341322,0,0.5078920695537069,0.5952980688497062,0.061293031066330814,no_interaction,1,False,0.6451612903225806,0.3492063492063492,0.3492063492063492,False,False,True
CC(C)(C(=O)O)ON=C(C1=CSC(=N1)N)C(=O)NC2C3N(C2=O)C(=C(CS3)C[N+]4=CC=CC=C4)C(=O)[O-],CCCCC(=O)N(CC1=CC=C(C=C1)C2=CC=CC=C2C3=NNN=N3)C(C(C)C)C(=O)O,0,unreported_twosides_sampled,0.7785746455192566,0.7712977963514476,0.7712977963514476,fitted,platt_logistic_regression,0.4965154478341322,1,0.537703438176801,0.07220822837951302,0.5625524769101595,interaction,1,False,0.6428571428571429,0.4533333333333333,0.4533333333333333,False,False,False
CN1CC(=O)N2C(C1=O)CC3=C(C2C4=CC5=C(C=C4)OCO5)NC6=CC=CC=C36,C[N+](C)(C)CC(CC(=O)O)O,0,unreported_twosides_sampled,0.9988653659820557,0.9989923274707787,0.9989923274707787,fitted,platt_logistic_regression,0.4965154478341322,1,0.00796021800176976,0.0008396305625524769,0.9974811083123426,interaction,1,False,0.24050632911392406,0.36666666666666664,0.24050632911392406,False,False,True
CCCCC(=O)N(CC1=CC=C(C=C1)C2=CC=CC=C2C3=NNN=N3)C(C(C)C)C(=O)O,CCOC1=C(C=CC(=C1)CC(=O)NC(CC(C)C)C2=CC=CC=C2N3CCCCC3)C(=O)O,1,reported_twosides,0.7796164751052856,0.7723947854563841,0.7723947854563841,fitted,platt_logistic_regression,0.4965154478341322,1,0.5363664643418603,0.07220822837951302,0.563392107472712,interaction,1,False,0.4533333333333333,0.2804878048780488,0.2804878048780488,False,False,True
C1CN=C(N1)NC2=C(C=CC=C2Cl)Cl,CC1C2C(C(=O)N2C(=C1SC3CC(NC3)C(=O)NC4=CC=CC(=C4)C(=O)O)C(=O)O)C(C)O,0,unreported_twosides_sampled,0.9094107151031494,0.9084808915121277,0.9084808915121277,fitted,platt_logistic_regression,0.4965154478341322,1,0.30603846791460804,0.011754827875734676,0.8178001679261125,interaction,1,False,0.5853658536585366,0.23529411764705882,0.23529411764705882,False,False,True
CC1(C(N2C(S1)C(C2=O)NC(=O)C(C3=CC=CC=C3)N)C(=O)[O-])C,CCC(C)C(=O)OC1CC(C=C2C1C(C(C=C2)C)CCC3CC(CC(=O)O3)O)C,0,unreported_twosides_sampled,0.7168591022491455,0.7063377358848842,0.7063377358848842,fitted,platt_logistic_regression,0.4965154478341322,1,0.6053983262662417,0.10411418975650713,0.46683459277917716,no_interaction|interaction,2,True,0.6119402985074627,0.7424242424242424,0.6119402985074627,False,False,False
CCN(C)C(=O)OC1=CC=CC(=C1)C(C)N(C)C,CN1CC(=O)N2C(C1=O)CC3=C(C2C4=CC5=C(C=C4)OCO5)NC6=CC=CC=C36,0,unreported_twosides_sampled,0.9835435152053833,0.9841881500876342,0.9841881500876342,fitted,platt_logistic_regression,0.4965154478341322,1,0.08125785090834535,0.0008396305625524769,0.961376994122586,interaction,1,False,0.32653061224489793,0.24050632911392406,0.24050632911392406,False,False,True
C1CC(C1)(C(=O)O)C(=O)O.N.N.[Pt],CN(C)NN=C1C(=NC=N1)C(=O)N,1,reported_twosides,0.7750259637832642,0.767561176717302,0.767561176717302,fitted,platt_logistic_regression,0.4965154478341322,1,0.542206448001433,0.07304785894206549,0.5558354324097398,interaction,1,False,0.26666666666666666,0.24390243902439024,0.24390243902439024,False,False,True
C1CC(C1)(C(=O)O)C(=O)O.N.N.[Pt],CC1CN(CCN1)C2=C(C=C3C(=C2OC)N(C=C(C3=O)C(=O)O)C4CC4)F,1,reported_twosides,0.5209463834762573,0.5020002240210176,0.5020002240210176,fitted,platt_logistic_regression,0.4965154478341322,1,0.6931391787463337,0.24601175482787574,0.24685138539042822,no_interaction|interaction,2,True,0.26666666666666666,0.7230769230769231,0.26666666666666666,False,False,True
CC1CC2C3CCC4=CC(=O)C=CC4(C3(C(CC2(C1(C(=O)CO)O)C)O)F)C,COC1=C(C=C(C=C1)C2=CC3=C(C=C2)C=C(C=C3)C(=O)O)C45CC6CC(C4)CC(C6)C5,0,unreported_twosides_sampled,0.19137237966060638,0.1734641251732483,0.1734641251732483,fitted,platt_logistic_regression,0.4965154478341322,0,0.46133672797924286,0.654911838790932,0.042821158690176324,no_interaction,1,False,0.8596491228070176,0.288135593220339,0.288135593220339,False,False,True
C1CN=C(N1)NC2=C(C=CC=C2Cl)Cl,CNC(=C[N+](=O)[O-])NCCSCC1=CC=C(O1)CN(C)C,1,reported_twosides,0.3381299078464508,0.31660241419118607,0.31660241419118607,fitted,platt_logistic_regression,0.4965154478341322,0,0.6242818783269943,0.4357682619647355,0.11502938706968933,no_interaction|interaction,2,True,0.5853658536585366,0.603448275862069,0.5853658536585366,False,False,False
CC12CCC3C(C1CCC2(C#C)O)CCC4=CC(=O)CCC34,CCOC(=O)C(CCC1=CC=CC=C1)NC(C)C(=O)N2C3CCCCC3CC2C(=O)O,0,unreported_twosides_sampled,0.5201472640037537,0.5011764960732499,0.5011764960732499,fitted,platt_logistic_regression,0.4965154478341322,1,0.6931444122713701,0.24685138539042822,0.24685138539042822,no_interaction|interaction,2,True,0.7169811320754716,0.9636363636363636,0.7169811320754716,False,False,False
CCCN1CC(CC2C1CC3=CNC4=CC=CC2=C34)CSC,CN1CC(=O)N2C(C1=O)CC3=C(C2C4=CC5=C(C=C4)OCO5)NC6=CC=CC=C36,0,unreported_twosides_sampled,0.28131303191185,0.260477333638234,0.260477333638234,fitted,platt_logistic_regression,0.4965154478341322,0,0.5735556012231013,0.5096557514693535,0.0873215785054576,no_interaction,1,False,0.42168674698795183,0.24050632911392406,0.24050632911392406,False,False,True
CC1=NN=C(S1)SCC2=C(N3C(C(C3=O)NC(=O)CN4C=NN=N4)SC2)C(=O)[O-],CCOC(=O)C(CCC1=CC=CC=C1)NC(C)C(=O)N2C3CCCCC3CC2C(=O)O,0,unreported_twosides_sampled,0.5372655987739563,0.518843448322128,0.518843448322128,fitted,platt_logistic_regression,0.4965154478341322,1,0.6924368612701748,0.2367758186397985,0.26448362720403024,no_interaction|interaction,2,True,0.4574468085106383,0.9636363636363636,0.4574468085106383,False,False,False
C1CC(OC1CO)N2C=NC3=C2NC=NC3=O,CC1C2C(C(=O)N2C(=C1SC3CC(NC3)C(=O)NC4=CC=CC(=C4)C(=O)O)C(=O)O)C(C)O,0,unreported_twosides_sampled,0.9569151401519775,0.9574008392053867,0.9574008392053867,fitted,platt_logistic_regression,0.4965154478341322,1,0.17611822530882237,0.0033585222502099076,0.9109991603694374,interaction,1,False,0.3492063492063492,0.23529411764705882,0.23529411764705882,False,False,True
C1=CC(=C2NC(=C3C=CC=CC3=O)N(N2)C4=CC=C(C=C4)C(=O)O)C(=O)C=C1,CC1CC2C3CCC4=CC(=O)C=CC4(C3(C(CC2(C1(C(=O)CO)O)C)O)F)C,0,unreported_twosides_sampled,0.41025930643081665,0.3889540427737541,0.3889540427737541,fitted,platt_logistic_regression,0.4965154478341322,0,0.6682779173203337,0.3434089000839631,0.15785054575986565,no_interaction|interaction,2,True,0.22033898305084745,0.8596491228070176,0.22033898305084745,False,False,True
CC1=C(C(C(=C(N1)C)C(=O)OCC(C)C)C2=CC=CC=C2[N+](=O)[O-])C(=O)OC,CN(C)CCC1=CNC2=C1C=C(C=C2)CC3COC(=O)N3,0,unreported_twosides_sampled,0.9291446805000305,0.9289158980876123,0.9289158980876123,fitted,platt_logistic_regression,0.4965154478341322,1,0.2564341978408939,0.009235936188077247,0.8581024349286314,interaction,1,False,0.8043478260869565,0.543859649122807,0.543859649122807,False,False,False
C1C(C(C(C(C1N)OC2C(C(C(C(O2)CN)O)O)O)O)OC3C(C(C(C(O3)CO)O)N)O)N,CCOC(=O)N1CCC(=C2C3=C(CCC4=C2N=CC=C4)C=C(C=C3)Cl)CC1,0,unreported_twosides_sampled,0.26292943954467773,0.24249896147930794,0.24249896147930794,fitted,platt_logistic_regression,0.4965154478341322,0,0.5539433517468928,0.5440806045340051,0.07724601175482787,no_interaction,1,False,0.7727272727272727,0.5892857142857143,0.5892857142857143,False,False,False
C1C(OC(S1)CO)N2C=C(C(=NC2=O)N)F,CC1C2C(C(=O)N2C(=C1SC3CC(NC3)C(=O)NC4=CC=CC(=C4)C(=O)O)C(=O)O)C(C)O,0,unreported_twosides_sampled,0.5387685298919678,0.5203966588189002,0.5203966588189002,fitted,platt_logistic_regression,0.4965154478341322,1,0.692314902256636,0.2367758186397985,0.2653232577665827,no_interaction|interaction,2,True,0.6326530612244898,0.23529411764705882,0.23529411764705882,False,False,True
CC1CC2C3CCC4=CC(=O)C=CC4(C3(C(CC2(C1(C(=O)CO)O)C)O)F)C,C[N+](C)(C)CC(CC(=O)O)O,0,unreported_twosides_sampled,0.9728996157646179,0.9735716435954064,0.9735716435954064,fitted,platt_logistic_regression,0.4965154478341322,1,0.12209862570569531,0.0008396305625524769,0.9420654911838791,interaction,1,False,0.8596491228070176,0.36666666666666664,0.36666666666666664,False,False,True
CN1CC(=O)N2C(C1=O)CC3=C(C2C4=CC5=C(C=C4)OCO5)NC6=CC=CC=C36,COC1=C(C=C(C=C1)C2=CC3=C(C=C2)C=C(C=C3)C(=O)O)C45CC6CC(C4)CC(C6)C5,0,unreported_twosides_sampled,0.8423845767974854,0.8384204678045823,0.8384204678045823,fitted,platt_logistic_regression,0.4965154478341322,1,0.44227984693067646,0.037783375314861464,0.6775818639798489,interaction,1,False,0.24050632911392406,0.288135593220339,0.24050632911392406,False,False,True
CC(C)C(CCCN(C)CCC1=CC(=C(C=C1)OC)OC)(C#N)C2=CC(=C(C=C2)OC)OC,CC1CC2C3CCC4=CC(=O)C=CC4(C3(C(CC2(C1(C(=O)CO)O)C)O)F)C,1,reported_twosides,0.18556278944015503,0.16793085355052126,0.16793085355052126,fitted,platt_logistic_regression,0.4965154478341322,0,0.4525900973503391,0.6649874055415617,0.04030226700251889,no_interaction,1,False,0.23529411764705882,0.8596491228070176,0.23529411764705882,False,False,True
CC1CN(CCN1)C2=C(C=C3C(=C2OC)N(C=C(C3=O)C(=O)O)C4CC4)F,COC1=C(C=C(C=C1)C2=CC3=C(C=C2)C=C(C=C3)C(=O)O)C45CC6CC(C4)CC(C6)C5,1,reported_twosides,0.2097197324037552,0.1910127647615813,0.1910127647615813,fitted,platt_logistic_regression,0.4965154478341322,0,0.48768815605637744,0.6213266162888329,0.05289672544080604,no_interaction,1,False,0.7230769230769231,0.288135593220339,0.288135593220339,False,False,True
C1CN=C(N1)NC2=C(C=CC=C2Cl)Cl,CC1=C(C(=O)C2=CC=CC=C2C1=O)CC=C(C)CCCC(C)CCCC(C)CCCC(C)C,1,reported_twosides,0.9545382261276245,0.9549793033041939,0.9549793033041939,fitted,platt_logistic_regression,0.4965154478341322,1,0.18358436121709024,0.0033585222502099076,0.9034424853064652,interaction,1,False,0.5853658536585366,0.22058823529411764,0.22058823529411764,False,False,True
C1C(N(C2=C(N1)NC(=NC2=O)N)C=O)CNC3=CC=C(C=C3)C(=O)NC(CCC(=O)O)C(=O)O,CC(C)(C)NCC(C1=CC(=C(C=C1)O)CO)O,1,reported_twosides,0.2219865322113037,0.20280610391342768,0.20280610391342768,fitted,platt_logistic_regression,0.4965154478341322,0,0.5042679882965999,0.6036943744752309,0.05961376994122586,no_interaction,1,False,0.5256410256410257,0.5227272727272727,0.5227272727272727,False,False,False
CC(C=CC(C)C(C)(C)O)C1CCC2C1(CCCC2=CC=C3CC(CC(C3)O)O)C,CC12CCC3C(C1CCC2O)C(CC4=C3C=CC(=C4)O)CCCCCCCCCS(=O)CCCC(C(F)(F)F)(F)F,0,unreported_twosides_sampled,0.25595343112945557,0.235701365600927,0.235701365600927,fitted,platt_logistic_regression,0.4965154478341322,0,0.5460741181145364,0.5533165407220823,0.07556675062972293,no_interaction,1,False,0.5625,0.4492753623188406,0.4492753623188406,False,False,False
CCC(C)C(=O)OC1CC(C=C2C1C(C(C=C2)C)CCC3CC(CC(=O)O3)O)C,CCN(C)C(=O)OC1=CC=CC(=C1)C(C)N(C)C,1,reported_twosides,0.5066321492195129,0.4872605037574615,0.4872605037574615,fitted,platt_logistic_regression,0.4965154478341322,0,0.6928225559023412,0.2594458438287154,0.23929471032745592,no_interaction|interaction,2,True,0.7424242424242424,0.32653061224489793,0.32653061224489793,False,False,True
CC1=C(C(C(=C(N1)C)C(=O)OCC(C)C)C2=CC=CC=C2[N+](=O)[O-])C(=O)OC,CC1=NN=C2N1C3=C(C=C(C=C3)Cl)C(=NC2)C4=CC=CC=C4,1,reported_twosides,0.3640066683292389,0.3424253939774942,0.3424253939774942,fitted,platt_logistic_regression,0.4965154478341322,0,0.6426311354547118,0.4005037783375315,0.13350125944584382,no_interaction|interaction,2,True,0.8043478260869565,0.7659574468085106,0.7659574468085106,False,False,False
CC1CC2C3CCC4=CC(=O)C=CC4(C3(C(CC2(C1(C(=O)CO)O)C)O)F)C,CN1C(=C(NC2=CC=CC=N2)O)C(=O)C3=CC=CC=C3S1(=O)=O,1,reported_twosides,0.7334743142127991,0.7238168251782554,0.7238168251782554,fitted,platt_logistic_regression,0.4965154478341322,1,0.5893122400748279,0.09571788413098237,0.4869857262804366,interaction,1,False,0.8596491228070176,0.62,0.62,False,False,False
C1CC(C1)(C(=O)O)C(=O)O.N.N.[Pt],CN1C=NC(=C1SC2=NC=NC3=C2NC=N3)[N+](=O)[O-],0,unreported_twosides_sampled,0.44301900267601013,0.422177219556153,0.422177219556153,fitted,platt_logistic_regression,0.4965154478341322,0,0.6809850236880679,0.31738035264483627,0.18723761544920234,no_interaction|interaction,2,True,0.26666666666666666,0.25925925925925924,0.25925925925925924,False,False,True
CC(C=CC(C)C(C)(C)O)C1CCC2C1(CCCC2=CC=C3CC(CC(C3)O)O)C,CC1=C(C(C(=C(N1)C)C(=O)OCC(C)C)C2=CC=CC=C2[N+](=O)[O-])C(=O)OC,0,unreported_twosides_sampled,0.5937493443489075,0.5774334231023289,0.5774334231023289,fitted,platt_logistic_regression,0.4965154478341322,1,0.6811069096887756,0.18723761544920234,0.31738035264483627,no_interaction|interaction,2,True,0.5625,0.8043478260869565,0.5625,False,False,False
CC(C)(C)NCC(C1=CC(=C(C=C1)O)CO)O,CCOC(=O)C(CCC1=CC=CC=C1)NC(C)C(=O)N2C3CCCCC3CC2C(=O)O,0,unreported_twosides_sampled,0.4137662649154663,0.3925003775637205,0.3925003775637205,fitted,platt_logistic_regression,0.4965154478341322,0,0.6698534066048265,0.34005037783375314,0.16036943744752308,no_interaction|interaction,2,True,0.5227272727272727,0.9636363636363636,0.5227272727272727,False,False,False
CC(C)C(CCCN(C)CCC1=CC(=C(C=C1)OC)OC)(C#N)C2=CC(=C(C=C2)OC)OC,COC1=C(C=C(C=C1)C2=CC3=C(C=C2)C=C(C=C3)C(=O)O)C45CC6CC(C4)CC(C6)C5,1,reported_twosides,0.4815138578414917,0.4614768351185261,0.4614768351185261,fitted,platt_logistic_regression,0.4965154478341322,0,0.6901761686233838,0.28295549958018473,0.22334172963895885,no_interaction|interaction,2,True,0.23529411764705882,0.288135593220339,0.23529411764705882,False,False,True
C1C(OC(S1)CO)N2C=C(C(=NC2=O)N)F,CC12CCC3C(C1CCC2(C)O)CCC4C3(COC(=O)C4)C,0,unreported_twosides_sampled,0.8443902730941772,0.8405262222652063,0.8405262222652063,fitted,platt_logistic_regression,0.4965154478341322,1,0.4387962517801599,0.036943744752308987,0.6834592779177162,interaction,1,False,0.6326530612244898,0.31343283582089554,0.31343283582089554,False,False,True
CC(C)C(CCCN(C)CCC1=CC(=C(C=C1)OC)OC)(C#N)C2=CC(=C(C=C2)OC)OC,CC1=C(C(C(=C(N1)C)C(=O)OCC(C)C)C2=CC=CC=C2[N+](=O)[O-])C(=O)OC,0,unreported_twosides_sampled,0.5358961224555969,0.5174284494619219,0.5174284494619219,fitted,platt_logistic_regression,0.4965154478341322,1,0.6925395557793862,0.2367758186397985,0.26364399664147775,no_interaction|interaction,2,True,0.23529411764705882,0.8043478260869565,0.23529411764705882,False,False,True
C1=CC(=CC=C1N)S(=O)(=O)C2=CC=C(C=C2)N,CN1C=NC(=C1SC2=NC=NC3=C2NC=N3)[N+](=O)[O-],1,reported_twosides,0.7728525996208191,0.7652726850144755,0.7652726850144755,fitted,platt_logistic_regression,0.4965154478341322,1,0.5449256159365423,0.07556675062972293,0.5533165407220823,interaction,1,False,0.43333333333333335,0.25925925925925924,0.25925925925925924,False,False,True
C1CN=C(N1)NC2=C(C=CC=C2Cl)Cl,CC(C)C(C(=O)OCC(CO)OCN1C=NC2=C1NC(=NC2=O)N)N,1,reported_twosides,0.928355872631073,0.9281016248703652,0.9281016248703652,fitted,platt_logistic_regression,0.4965154478341322,1,0.2585220027457269,0.009235936188077247,0.8547439126784215,interaction,1,False,0.5853658536585366,0.7307692307692307,0.5853658536585366,False,False,False
CC(=O)OCC(=O)C12C(CC3C1(CC(C4(C3CC(C5=CC(=O)C=CC54C)F)F)O)C)OC(O2)(C)C,CCOC1=C(C=CC(=C1)CC(=O)NC(CC(C)C)C2=CC=CC=C2N3CCCCC3)C(=O)O,0,unreported_twosides_sampled,0.12165527045726776,0.10788073773641887,0.10788073773641887,fitted,platt_logistic_regression,0.4965154478341322,0,0.3420614397651674,0.7808564231738035,0.017632241813602016,no_interaction,1,False,0.8059701492537313,0.2804878048780488,0.2804878048780488,False,False,True
CC12CCC3C(C1CCC2(C)O)CCC4C3(COC(=O)C4)C,CN1C=NC(=C1SC2=NC=NC3=C2NC=N3)[N+](=O)[O-],0,unreported_twosides_sampled,0.9943720102310181,0.9947615499881581,0.9947615499881581,fitted,platt_logistic_regression,0.4965154478341322,1,0.032735628420585514,0.0008396305625524769,0.9882451721242653,interaction,1,False,0.31343283582089554,0.25925925925925924,0.25925925925925924,False,False,True
CC1CN(CCN1)C2=C(C=C3C(=C2OC)N(C=C(C3=O)C(=O)O)C4CC4)F,CCC(C)C(=O)OC1CC(C=C2C1C(C(C=C2)C)CCC3CC(CC(=O)O3)O)C,1,reported_twosides,0.92704176902771,0.9267445763852499,0.9267445763852499,fitted,platt_logistic_regression,0.4965154478341322,1,0.2619794605847853,0.009235936188077247,0.8488664987405542,interaction,1,False,0.7230769230769231,0.7424242424242424,0.7230769230769231,False,False,False
CC1C2C(C(=O)N2C(=C1SC3CC(NC3)C(=O)NC4=CC=CC(=C4)C(=O)O)C(=O)O)C(C)O,CC1CC2C3CCC4=CC(=O)C=CC4(C3(C(CC2(C1(C(=O)CO)O)C)O)F)C,1,reported_twosides,0.8921778798103333,0.8905460014147311,0.8905460014147311,fitted,platt_logistic_regression,0.4965154478341322,1,0.34537226454699843,0.019311502938706968,0.7783375314861462,interaction,1,False,0.23529411764705882,0.8596491228070176,0.23529411764705882,False,False,True
CCC(C)C(=O)OC1CC(C=C2C1C(C(C=C2)C)CCC3CC(CC(=O)O3)O)C,CNC(=C[N+](=O)[O-])NCCSCC1=CC=C(O1)CN(C)C,1,reported_twosides,0.6936994791030884,0.6819962637611299,0.6819962637611299,fitted,platt_logistic_regression,0.4965154478341322,1,0.6253555632457051,0.11670864819479429,0.4324097397145256,no_interaction|interaction,2,True,0.7424242424242424,0.603448275862069,0.603448275862069,False,False,False
C1C(N(C2=C(N1)NC(=NC2=O)N)C=O)CNC3=CC=C(C=C3)C(=O)NC(CCC(=O)O)C(=O)O,CC1(C(N2C(S1)C(C2=O)NC(=O)C(C3=CC=CC=C3)N)C(=O)[O-])C,1,reported_twosides,0.2556362748146057,0.2353926491803992,0.2353926491803992,fitted,platt_logistic_regression,0.4965154478341322,0,0.5457106816775344,0.5533165407220823,0.07556675062972293,no_interaction,1,False,0.5256410256410257,0.6119402985074627,0.5256410256410257,False,False,False
CC12CCC3C(C1CCC2(C)O)CCC4C3(COC(=O)C4)C,CCC(C)C(=O)OC1CC(C=C2C1C(C(C=C2)C)CCC3CC(CC(=O)O3)O)C,0,unreported_twosides_sampled,0.9112075567245483,0.9103465763609535,0.9103465763609535,fitted,platt_logistic_regression,0.4965154478341322,1,0.30173523776945566,0.011754827875734676,0.8203190596137699,interaction,1,False,0.31343283582089554,0.7424242424242424,0.31343283582089554,False,False,True
CC1=C(SC=C1)C(=CCCN2CCCC(C2)C(=O)O)C3=C(C=CS3)C,CNC(=C[N+](=O)[O-])NCCSCC1=CC=C(O1)CN(C)C,1,reported_twosides,0.6169412136077881,0.6016072738687576,0.6016072738687576,fitted,platt_logistic_regression,0.4965154478341322,1,0.6723545891861551,0.16624685138539042,0.33249370277078083,no_interaction|interaction,2,True,0.26865671641791045,0.603448275862069,0.26865671641791045,False,False,True
CC(C)(C)NCC(C1=CC(=C(C=C1)O)CO)O,CC(C)C(C(=O)OCC(CO)OCN1C=NC2=C1NC(=NC2=O)N)N,1,reported_twosides,0.21770189702510834,0.1986814584306131,0.1986814584306131,fitted,platt_logistic_regression,0.4965154478341322,0,0.4985690948344451,0.6087321578505458,0.056255247691015954,no_interaction,1,False,0.5227272727272727,0.7307692307692307,0.5227272727272727,False,False,False
CC1=C(C(C(=C(N1)C)C(=O)OCC(C)C)C2=CC=CC=C2[N+](=O)[O-])C(=O)OC,CCCCC(=O)N(CC1=CC=C(C=C1)C2=CC=CC=C2C3=NNN=N3)C(C(C)C)C(=O)O,1,reported_twosides,0.8375257849693298,0.8333177639281801,0.8333177639281801,fitted,platt_logistic_regression,0.4965154478341322,1,0.45058626598459106,0.03946263643996641,0.6691855583543241,interaction,1,False,0.8043478260869565,0.4533333333333333,0.4533333333333333,False,False,False
CC(C)(C)NCC(C1=CC(=C(C=C1)O)CO)O,CCOC(=O)N1CCC(=C2C3=C(CCC4=C2N=CC=C4)C=C(C=C3)Cl)CC1,1,reported_twosides,0.1864946335554123,0.16881760137717033,0.16881760137717033,fitted,platt_logistic_regression,0.4965154478341322,0,0.4540064061984165,0.6616288832913518,0.04030226700251889,no_interaction,1,False,0.5227272727272727,0.5892857142857143,0.5227272727272727,False,False,False
CC(C)C(C(=O)OCC(CO)OCN1C=NC2=C1NC(=NC2=O)N)N,CCN(C)C(=O)OC1=CC=CC(=C1)C(C)N(C)C,0,unreported_twosides_sampled,0.6400724649429321,0.6257765003000836,0.6257765003000836,fitted,platt_logistic_regression,0.4965154478341322,1,0.6611652952528775,0.1528127623845508,0.36523929471032746,no_interaction|interaction,2,True,0.7307692307692307,0.32653061224489793,0.32653061224489793,False,False,True
C1CC(OC1CO)N2C=NC3=C2NC=NC3=O,CC12CCC3C(C1CCC2O)C(CC4=C3C=CC(=C4)O)CCCCCCCCCS(=O)CCCC(C(F)(F)F)(F)F,0,unreported_twosides_sampled,0.08429472893476486,0.07357863451742387,0.07357863451742387,fitted,platt_logistic_regression,0.4965154478341322,0,0.2627989128571957,0.8488664987405542,0.009235936188077247,no_interaction,1,False,0.3492063492063492,0.4492753623188406,0.3492063492063492,False,False,True
C1CC(C1)(C(=O)O)C(=O)O.N.N.[Pt],CC1=C(C(C(=C(N1)C)C(=O)OCC(C)C)C2=CC=CC=C2[N+](=O)[O-])C(=O)OC,0,unreported_twosides_sampled,0.20494377613067627,0.18643410591634269,0.18643410591634269,fitted,platt_logistic_regression,0.4965154478341322,0,0.48101087088131533,0.6288832913518052,0.04953820319059614,no_interaction,1,False,0.26666666666666666,0.8043478260869565,0.26666666666666666,False,False,True
CC1(C(N2C(S1)C(C2=O)NC(=O)C(C3=CC=CC=C3)N)C(=O)[O-])C,CC12CCC3C(C1CCC2C(=O)NC4=C(C=CC(=C4)C(F)(F)F)C(F)(F)F)CCC5C3(C=CC(=O)N5)C,0,unreported_twosides_sampled,0.24420392513275146,0.22428388907535268,0.22428388907535268,fitted,platt_logistic_regression,0.4965154478341322,0,0.5322767099628704,0.5709487825356843,0.07136859781696053,no_interaction,1,False,0.6119402985074627,0.6417910447761194,0.6119402985074627,False,False,False
CC1=C(C(C(=C(N1)C)C(=O)OCC(C)C)C2=CC=CC=C2[N+](=O)[O-])C(=O)OC,CNC(=C[N+](=O)[O-])NCCSCC1=CC=C(O1)CN(C)C,1,reported_twosides,0.9287413358688354,0.9284995617657539,0.9284995617657539,fitted,platt_logistic_regression,0.4965154478341322,1,0.2575029363379863,0.009235936188077247,0.8564231738035264,interaction,1,False,0.8043478260869565,0.603448275862069,0.603448275862069,False,False,False
CC(C)C(CCCN(C)CCC1=CC(=C(C=C1)OC)OC)(C#N)C2=CC(=C(C=C2)OC)OC,CC1=NN=C(S1)SCC2=C(N3C(C(C3=O)NC(=O)CN4C=NN=N4)SC2)C(=O)[O-],1,reported_twosides,0.1326821744441986,0.11812721490912494,0.11812721490912494,fitted,platt_logistic_regression,0.4965154478341322,0,0.36317691590738344,0.762384550797649,0.020990764063811923,no_interaction,1,False,0.23529411764705882,0.4574468085106383,0.23529411764705882,False,False,True
C1CC(C1)(C(=O)O)C(=O)O.N.N.[Pt],COC1=C(C=C(C=C1)C2=CC3=C(C=C2)C=C(C=C3)C(=O)O)C45CC6CC(C4)CC(C6)C5,0,unreported_twosides_sampled,0.08422349393367767,0.07351390076348575,0.07351390076348575,fitted,platt_logistic_regression,0.4965154478341322,0,0.2626349131646236,0.8488664987405542,0.009235936188077247,no_interaction,1,False,0.26666666666666666,0.288135593220339,0.26666666666666666,False,False,True
CN1C=NC(=C1SC2=NC=NC3=C2NC=N3)[N+](=O)[O-],CNC(=C[N+](=O)[O-])NCCSCC1=CC=C(O1)CN(C)C,1,reported_twosides,0.9574809074401855,0.9579766695123341,0.9579766695123341,fitted,platt_logistic_regression,0.4965154478341322,1,0.174321935546844,0.0033585222502099076,0.9135180520570949,interaction,1,False,0.25925925925925924,0.603448275862069,0.25925925925925924,False,False,True
CN1CCC23C=CC(CC2OC4=C(C=CC(=C34)C1)OC)O,C[N+](C)(C)CC(CC(=O)O)O,0,unreported_twosides_sampled,0.997596800327301,0.9978183565688817,0.9978183565688817,fitted,platt_logistic_regression,0.4965154478341322,1,0.015547667794140966,0.0008396305625524769,0.9949622166246851,interaction,1,False,0.375,0.36666666666666664,0.36666666666666664,False,False,True
C(CCl)NC(=O)N(CCCl)N=O,CC1CN(CCN1)C2=C(C=C3C(=C2OC)N(C=C(C3=O)C(=O)O)C4CC4)F,0,unreported_twosides_sampled,0.49333491921424866,0.47359781627012854,0.47359781627012854,fitted,platt_logistic_regression,0.4965154478341322,0,0.6917523813395434,0.2695214105793451,0.23005877413937867,no_interaction|interaction,2,True,0.2391304347826087,0.7230769230769231,0.2391304347826087,False,False,True
CCOC(=O)N1CCC(=C2C3=C(CCC4=C2N=CC=C4)C=C(C=C3)Cl)CC1,CN1CCC(=C2C3=C(C(=O)CC4=CC=CC=C42)SC=C3)CC1,1,reported_twosides,0.8152310252189636,0.8098809666845191,0.8098809666845191,fitted,platt_logistic_regression,0.4965154478341322,1,0.48639551815490784,0.05289672544080604,0.6221662468513854,interaction,1,False,0.5892857142857143,0.3018867924528302,0.3018867924528302,False,False,True
CC1=NN=C2N1C3=C(C=C(C=C3)Cl)C(=NC2)C4=CC=CC=C4,CCOC1=C(C=CC(=C1)CC(=O)NC(CC(C)C)C2=CC=CC=C2N3CCCCC3)C(=O)O,1,reported_twosides,0.3170674443244934,0.29570139706619264,0.29570139706619264,fitted,platt_logistic_regression,0.4965154478341322,0,0.6071779885583606,0.4643157010915197,0.10579345088161209,no_interaction|interaction,2,True,0.7659574468085106,0.2804878048780488,0.2804878048780488,False,False,True
C1=CC(=CC=C1N)S(=O)(=O)C2=CC=C(C=C2)N,CC12CCC3C(C1CCC2(C)O)CCC4C3(COC(=O)C4)C,1,reported_twosides,0.8895971775054932,0.8878543378303453,0.8878543378303453,fitted,platt_logistic_regression,0.4965154478341322,1,0.3509779805635152,0.020151133501259445,0.7741393786733837,interaction,1,False,0.43333333333333335,0.31343283582089554,0.31343283582089554,False,False,True
CC1=C(C(=O)C2=CC=CC=C2C1=O)CC=C(C)CCCC(C)CCCC(C)CCCC(C)C,CCOC(=O)C(CCC1=CC=CC=C1)NC(C)C(=O)N2C3CCCCC3CC2C(=O)O,0,unreported_twosides_sampled,0.5239032506942749,0.5050490111329602,0.5050490111329602,fitted,platt_logistic_regression,0.4965154478341322,1,0.6930961946665775,0.24265323257766583,0.2518891687657431,no_interaction|interaction,2,True,0.22058823529411764,0.9636363636363636,0.22058823529411764,False,False,True
CC(=O)OCC(=O)C12C(CC3C1(CC(C4(C3CC(C5=CC(=O)C=CC54C)F)F)O)C)OC(O2)(C)C,CC1=C(SC=C1)C(=CCCN2CCCC(C2)C(=O)O)C3=C(C=CS3)C,0,unreported_twosides_sampled,0.32476308941841125,0.3033254725045965,0.3033254725045965,fitted,platt_logistic_regression,0.4965154478341322,0,0.6136556925838265,0.45424013434089,0.109151973131822,no_interaction|interaction,2,True,0.8059701492537313,0.26865671641791045,0.26865671641791045,False,False,True
CC(C)C(CCCN(C)CCC1=CC(=C(C=C1)OC)OC)(C#N)C2=CC(=C(C=C2)OC)OC,CC1=NN=C2N1C3=C(C=C(C=C3)Cl)C(=NC2)C4=CC=CC=C4,1,reported_twosides,0.11926791816949844,0.10566924950092005,0.10566924950092005,fitted,platt_logistic_regression,0.4965154478341322,0,0.3373639460004534,0.7850545759865659,0.016792611251049538,no_interaction,1,False,0.23529411764705882,0.7659574468085106,0.23529411764705882,False,False,True
C1CN=C(N1)NC2=C(C=CC=C2Cl)Cl,CN1CCC(=C2C3=C(C(=O)CC4=CC=CC=C42)SC=C3)CC1,0,unreported_twosides_sampled,0.5943027138710022,0.5780094881822356,0.5780094881822356,fitted,platt_logistic_regression,0.4965154478341322,1,0.6809263554979913,0.18723761544920234,0.31738035264483627,no_interaction|interaction,2,True,0.5853658536585366,0.3018867924528302,0.3018867924528302,False,False,True
C1C(C(C(C(C1N)OC2C(C(C(C(O2)CN)O)O)O)O)OC3C(C(C(C(O3)CO)O)N)O)N,C1CC(C1)(C(=O)O)C(=O)O.N.N.[Pt],0,unreported_twosides_sampled,0.42438432574272156,0.4032528350259589,0.4032528350259589,fitted,platt_logistic_regression,0.4965154478341322,0,0.6743085542281039,0.32829554995801846,0.16960537363560033,no_interaction|interaction,2,True,0.7727272727272727,0.26666666666666666,0.26666666666666666,False,False,True
CCC(C)C(=O)OC1CC(C=C2C1C(C(C=C2)C)CCC3CC(CC(=O)O3)O)C,CCOC1=C(C=CC(=C1)CC(=O)NC(CC(C)C)C2=CC=CC=C2N3CCCCC3)C(=O)O,1,reported_twosides,0.7802432179450989,0.7730547067266359,0.7730547067266359,fitted,platt_logistic_regression,0.4965154478341322,1,0.535558878186975,0.07220822837951302,0.5659109991603695,interaction,1,False,0.7424242424242424,0.2804878048780488,0.2804878048780488,False,False,True
C1CN=C(N1)NC2=C(C=CC=C2Cl)Cl,CC1=NN=C(S1)SCC2=C(N3C(C(C3=O)NC(=O)CN4C=NN=N4)SC2)C(=O)[O-],1,reported_twosides,0.707018256187439,0.695991108002261,0.695991108002261,fitted,platt_logistic_regression,0.4965154478341322,1,0.6142228594120296,0.10999160369437448,0.45256087321578503,no_interaction|interaction,2,True,0.5853658536585366,0.4574468085106383,0.4574468085106383,False,False,False
C1CN=C(N1)NC2=C(C=CC=C2Cl)Cl,CCCC1(CC(=O)C(=C(O1)O)C(CC)C2=CC(=CC=C2)NS(=O)(=O)C3=NC=C(C=C3)C(F)(F)F)CCC4=CC=CC=C4,0,unreported_twosides_sampled,0.15681159496307373,0.140722044414471,0.140722044414471,fitted,platt_logistic_regression,0.4965154478341322,0,0.4062720430858803,0.7170445004198153,0.0327455919395466,no_interaction,1,False,0.5853658536585366,0.2247191011235955,0.2247191011235955,False,False,True
CC1=C(C(C(=C(N1)C)C(=O)OCC(C)C)C2=CC=CC=C2[N+](=O)[O-])C(=O)OC,CCC(C)C(=O)OC1CC(C=C2C1C(C(C=C2)C)CCC3CC(CC(=O)O3)O)C,0,unreported_twosides_sampled,0.9096550941467285,0.9087346864716811,0.9087346864716811,fitted,platt_logistic_regression,0.4965154478341322,1,0.30545556343069385,0.011754827875734676,0.8178001679261125,interaction,1,False,0.8043478260869565,0.7424242424242424,0.7424242424242424,False,False,False
CN1C(=C(NC2=CC=CC=N2)O)C(=O)C3=CC=CC=C3S1(=O)=O,CN1C=NC(=C1SC2=NC=NC3=C2NC=N3)[N+](=O)[O-],0,unreported_twosides_sampled,0.788557231426239,0.781808403144712,0.781808403144712,fitted,platt_logistic_regression,0.4965154478341322,1,0.5246095786405275,0.06717044500419815,0.5793450881612091,interaction,1,False,0.62,0.25925925925925924,0.25925925925925924,False,False,True
C1CN=C(N1)NC2=C(C=CC=C2Cl)Cl,CN1C(=C(NC2=CC=CC=N2)O)C(=O)C3=CC=CC=C3S1(=O)=O,1,reported_twosides,0.21395862102508545,0.19508267058342305,0.19508267058342305,fitted,platt_logistic_regression,0.4965154478341322,0,0.49350952385821106,0.6137699412258606,0.054575986565911,no_interaction,1,False,0.5853658536585366,0.62,0.5853658536585366,False,False,False
C(CCl)NC(=O)N(CCCl)N=O,CC(C)(C(=O)O)ON=C(C1=CSC(=N1)N)C(=O)NC2C3N(C2=O)C(=C(CS3)C[N+]4=CC=CC=C4)C(=O)[O-],1,reported_twosides,0.21709886193275452,0.1981014018567386,0.1981014018567386,fitted,platt_logistic_regression,0.4965154478341322,0,0.49775911615711355,0.6095717884130982,0.055415617128463476,no_interaction,1,False,0.2391304347826087,0.6428571428571429,0.2391304347826087,False,False,True
C1CC(C1)(C(=O)O)C(=O)O.N.N.[Pt],CCN(C)C(=O)OC1=CC=CC(=C1)C(C)N(C)C,0,unreported_twosides_sampled,0.4602604806423187,0.43974573009188456,0.43974573009188456,fitted,platt_logistic_regression,0.4965154478341322,0,0.6858683487973347,0.30142737195633923,0.20235096557514692,no_interaction|interaction,2,True,0.26666666666666666,0.32653061224489793,0.26666666666666666,False,False,True
CC(C)(C(=O)O)ON=C(C1=CSC(=N1)N)C(=O)NC2C3N(C2=O)C(=C(CS3)C[N+]4=CC=CC=C4)C(=O)[O-],CC1CC2C3CCC4=CC(=O)C=CC4(C3(C(CC2(C1(C(=O)CO)O)C)O)F)C,1,reported_twosides,0.73231440782547,0.7225962652097179,0.7225962652097179,fitted,platt_logistic_regression,0.4965154478341322,1,0.5904844951295279,0.09571788413098237,0.48530646515533166,interaction,1,False,0.6428571428571429,0.8596491228070176,0.6428571428571429,False,False,False
CC1CC2C3CCC4=CC(=O)C=CC4(C3(C(CC2(C1(C(=O)CO)O)C)O)F)C,CCCCC(=O)N(CC1=CC=C(C=C1)C2=CC=CC=C2C3=NNN=N3)C(C(C)C)C(=O)O,1,reported_twosides,0.9547209739685059,0.9551656133023917,0.9551656133023917,fitted,platt_logistic_regression,0.4965154478341322,1,0.18301486056747976,0.0033585222502099076,0.9034424853064652,interaction,1,False,0.8596491228070176,0.4533333333333333,0.4533333333333333,False,False,False
C1CC(C1)(C(=O)O)C(=O)O.N.N.[Pt],CN1CCC23C=CC(CC2OC4=C(C=CC(=C34)C1)OC)O,0,unreported_twosides_sampled,0.769393801689148,0.7616306564549746,0.7616306564549746,fitted,platt_logistic_regression,0.4965154478341322,1,0.5491930034279562,0.07724601175482787,0.5507976490344249,interaction,1,False,0.26666666666666666,0.375,0.26666666666666666,False,False,True
C(CCl)NC(=O)N(CCCl)N=O,CC12CCC3C(C1CCC2O)C(CC4=C3C=CC(=C4)O)CCCCCCCCCS(=O)CCCC(C(F)(F)F)(F)F,0,unreported_twosides_sampled,0.11307688802480698,0.09994608563652083,0.09994608563652083,fitted,platt_logistic_regression,0.4965154478341322,0,0.32496449527570115,0.7942905121746432,0.016792611251049538,no_interaction,1,False,0.2391304347826087,0.4492753623188406,0.2391304347826087,False,False,True
CC(C)(C)NCC(C1=CC(=C(C=C1)O)CO)O,CC12CCC3C(C1CCC2O)C(CC4=C3C=CC(=C4)O)CCCCCCCCCS(=O)CCCC(C(F)(F)F)(F)F,1,reported_twosides,0.10693789273500443,0.0942882749645326,0.0942882749645326,fitted,platt_logistic_regression,0.4965154478341322,0,0.3123486281457436,0.8102434928631402,0.014273719563392108,no_interaction,1,False,0.5227272727272727,0.4492753623188406,0.4492753623188406,False,False,False
C1=CC(=CC=C1N)S(=O)(=O)C2=CC=C(C=C2)N,CC(C)(C)NCC(C1=CC(=C(C=C1)O)CO)O,1,reported_twosides,0.09782207012176514,0.08591991115928674,0.08591991115928674,fitted,platt_logistic_regression,0.4965154478341322,0,0.29299493974734203,0.8312342569269522,0.0109151973131822,no_interaction,1,False,0.43333333333333335,0.5227272727272727,0.43333333333333335,False,False,False
C1C(N(C2=C(N1)NC(=NC2=O)N)C=O)CNC3=CC=C(C=C3)C(=O)NC(CCC(=O)O)C(=O)O,CN1CCC23C=CC(CC2OC4=C(C=CC(=C34)C1)OC)O,0,unreported_twosides_sampled,0.9587151408195496,0.9592320845141962,0.9592320845141962,fitted,platt_logistic_regression,0.4965154478341322,1,0.17037699281618876,0.0033585222502099076,0.9143576826196473,interaction,1,False,0.5256410256410257,0.375,0.375,False,False,True
C1CN=C(N1)NC2=C(C=CC=C2Cl)Cl,CC1=NN=C2N1C3=C(C=C(C=C3)Cl)C(=NC2)C4=CC=CC=C4,1,reported_twosides,0.6211511492729187,0.606001964532612,0.606001964532612,fitted,platt_logistic_regression,0.4965154478341322,1,0.6705029033642529,0.16288832913518053,0.33753148614609574,no_interaction|interaction,2,True,0.5853658536585366,0.7659574468085106,0.5853658536585366,False,False,False
C1=CC(=C2NC(=C3C=CC=CC3=O)N(N2)C4=CC=C(C=C4)C(=O)O)C(=O)C=C1,CC(C)C(C(=O)OCC(CO)OCN1C=NC2=C1NC(=NC2=O)N)N,0,unreported_twosides_sampled,0.6345734596252441,0.6200257938754227,0.6200257938754227,fitted,platt_logistic_regression,0.4965154478341322,1,0.6640514978061804,0.15449202350965574,0.3593618807724601,no_interaction|interaction,2,True,0.22033898305084745,0.7307692307692307,0.22033898305084745,False,False,True
C1CC(C1)(C(=O)O)C(=O)O.N.N.[Pt],CCC(C)C(=O)OC1CC(C=C2C1C(C(C=C2)C)CCC3CC(CC(=O)O3)O)C,1,reported_twosides,0.4056973159313202,0.3843446059698066,0.3843446059698066,fitted,platt_logistic_regression,0.4965154478341322,0,0.6661510205641208,0.3526448362720403,0.15449202350965574,no_interaction|interaction,2,True,0.26666666666666666,0.7424242424242424,0.26666666666666666,False,False,True
CCCC1(CC(=O)C(=C(O1)O)C(CC)C2=CC(=CC=C2)NS(=O)(=O)C3=NC=C(C=C3)C(F)(F)F)CCC4=CC=CC=C4,CCCCC(=O)N(CC1=CC=C(C=C1)C2=CC=CC=C2C3=NNN=N3)C(C(C)C)C(=O)O,0,unreported_twosides_sampled,0.5088616609573364,0.48955413150278493,0.48955413150278493,fitted,platt_logistic_regression,0.4965154478341322,0,0.6929289323447332,0.25692695214105793,0.2401343408900084,no_interaction|interaction,2,True,0.2247191011235955,0.4533333333333333,0.2247191011235955,False,False,True
C(CCl)NC(=O)N(CCCl)N=O,C1CC(C1)CN2CCC34C5C(CCC3(C2CC6=C4C(=C(C=C6)O)O5)O)O,0,unreported_twosides_sampled,0.21589525043964386,0.19694399562535864,0.19694399562535864,fitted,platt_logistic_regression,0.4965154478341322,0,0.49613660460497433,0.6129303106633082,0.055415617128463476,no_interaction,1,False,0.2391304347826087,0.6451612903225806,0.2391304347826087,False,False,True
CC1CN(CCN1)C2=C(C=C3C(=C2OC)N(C=C(C3=O)C(=O)O)C4CC4)F,CN1C(=C(NC2=CC=CC=N2)O)C(=O)C3=CC=CC=C3S1(=O)=O,0,unreported_twosides_sampled,0.9557693600654602,0.9562340156410912,0.9562340156410912,fitted,platt_logistic_regression,0.4965154478341322,1,0.1797332850268809,0.0033585222502099076,0.90848026868178,interaction,1,False,0.7230769230769231,0.62,0.62,False,False,False
C1CC(C1)(C(=O)O)C(=O)O.N.N.[Pt],CCCCC(=O)N(CC1=CC=C(C=C1)C2=CC=CC=C2C3=NNN=N3)C(C(C)C)C(=O)O,1,reported_twosides,0.6935331225395203,0.6818215305973814,0.6818215305973814,fitted,platt_logistic_regression,0.4965154478341322,1,0.6254888074609731,0.11670864819479429,0.4324097397145256,no_interaction|interaction,2,True,0.26666666666666666,0.4533333333333333,0.26666666666666666,False,False,True
C1C(N(C2=C(N1)NC(=NC2=O)N)C=O)CNC3=CC=C(C=C3)C(=O)NC(CCC(=O)O)C(=O)O,CC(C)C(CCCN(C)CCC1=CC(=C(C=C1)OC)OC)(C#N)C2=CC(=C(C=C2)OC)OC,1,reported_twosides,0.11374419182538986,0.10056213003784874,0.10056213003784874,fitted,platt_logistic_regression,0.4965154478341322,0,0.32631634674087784,0.7942905121746432,0.016792611251049538,no_interaction,1,False,0.5256410256410257,0.23529411764705882,0.23529411764705882,False,False,True
C(CCl)NC(=O)N(CCCl)N=O,CC1=C(SC=C1)C(=CCCN2CCCC(C2)C(=O)O)C3=C(C=CS3)C,0,unreported_twosides_sampled,0.16123519837856293,0.14488877063974986,0.14488877063974986,fitted,platt_logistic_regression,0.4965154478341322,0,0.4137397186955178,0.7111670864819479,0.0327455919395466,no_interaction,1,False,0.2391304347826087,0.26865671641791045,0.2391304347826087,False,False,True
CC1=NN=C(S1)SCC2=C(N3C(C(C3=O)NC(=O)CN4C=NN=N4)SC2)C(=O)[O-],CN1C(=C(NC2=CC=CC=N2)O)C(=O)C3=CC=CC=C3S1(=O)=O,0,unreported_twosides_sampled,0.4550669193267822,0.4344478322146873,0.4344478322146873,fitted,platt_logistic_regression,0.4965154478341322,0,0.6845282163724768,0.30814441645675905,0.19815281276238456,no_interaction|interaction,2,True,0.4574468085106383,0.62,0.4574468085106383,False,False,False
CC(C)C(C(=O)OCC(CO)OCN1C=NC2=C1NC(=NC2=O)N)N,CC(C=CC(C)C(C)(C)O)C1CCC2C1(CCCC2=CC=C3CC(CC(C3)O)O)C,0,unreported_twosides_sampled,0.7075818777084351,0.6965835626473666,0.6965835626473666,fitted,platt_logistic_regression,0.4965154478341322,1,0.6137313113641069,0.109151973131822,0.4534005037783375,no_interaction|interaction,2,True,0.7307692307692307,0.5625,0.5625,False,False,False
CC1=NN=C(S1)SCC2=C(N3C(C(C3=O)NC(=O)CN4C=NN=N4)SC2)C(=O)[O-],CN(C)CCC1=CNC2=C1C=C(C=C2)CC3COC(=O)N3,0,unreported_twosides_sampled,0.34610968828201294,0.3245489551770723,0.3245489551770723,fitted,platt_logistic_regression,0.4965154478341322,0,0.6302509015636313,0.42401343408900083,0.12090680100755667,no_interaction|interaction,2,True,0.4574468085106383,0.543859649122807,0.4574468085106383,False,False,False
CN(C)CCC1=CNC2=C1C=C(C=C2)CC3COC(=O)N3,CNC(=C[N+](=O)[O-])NCCSCC1=CC=C(O1)CN(C)C,1,reported_twosides,0.8250499367713928,0.8202069186121125,0.8202069186121125,fitted,platt_logistic_regression,0.4965154478341322,1,0.47107958121039095,0.047019311502938706,0.6431570109151973,interaction,1,False,0.543859649122807,0.603448275862069,0.543859649122807,False,False,False
CC1=C(C(C(=C(N1)C)C(=O)OCC(C)C)C2=CC=CC=C2[N+](=O)[O-])C(=O)OC,CN1CCC(=C2C3=C(C(=O)CC4=CC=CC=C42)SC=C3)CC1,0,unreported_twosides_sampled,0.8614601492881775,0.8584304445295546,0.8584304445295546,fitted,platt_logistic_regression,0.4965154478341322,1,0.40780248468573344,0.0327455919395466,0.7145256087321579,interaction,1,False,0.8043478260869565,0.3018867924528302,0.3018867924528302,False,False,True
C1CC(OC1CO)N2C=NC3=C2NC=NC3=O,CN1C=NC(=C1SC2=NC=NC3=C2NC=N3)[N+](=O)[O-],0,unreported_twosides_sampled,0.1704031229019165,0.1535473572381515,0.1535473572381515,fitted,platt_logistic_regression,0.4965154478341322,0,0.42881330588722794,0.6935348446683459,0.03610411418975651,no_interaction,1,False,0.3492063492063492,0.25925925925925924,0.25925925925925924,False,False,True
CC1CC2C3CCC4=CC(=O)C=CC4(C3(C(CC2(C1(C(=O)CO)O)C)O)F)C,CCOC1=C(C=CC(=C1)CC(=O)NC(CC(C)C)C2=CC=CC=C2N3CCCCC3)C(=O)O,1,reported_twosides,0.48191478848457336,0.46188754468588483,0.46188754468588483,fitted,platt_logistic_regression,0.4965154478341322,0,0.6902392422633148,0.28295549958018473,0.22334172963895885,no_interaction|interaction,2,True,0.8596491228070176,0.2804878048780488,0.2804878048780488,False,False,True
CC(C)(C)NCC(C1=CC(=C(C=C1)O)CO)O,CN(C)CCC1=CNC2=C1C=C(C=C2)CC3COC(=O)N3,1,reported_twosides,0.7624927163124084,0.7543640917838172,0.7543640917838172,fitted,platt_logistic_regression,0.4965154478341322,1,0.5574897132565396,0.07892527287993283,0.5398824517212426,interaction,1,False,0.5227272727272727,0.543859649122807,0.5227272727272727,False,False,False
C1CC(OC1CO)N2C=NC3=C2NC=NC3=O,CC(C)C(CCCN(C)CCC1=CC(=C(C=C1)OC)OC)(C#N)C2=CC(=C(C=C2)OC)OC,1,reported_twosides,0.09753730893135071,0.08565915250954757,0.08565915250954757,fitted,platt_logistic_regression,0.4965154478341322,0,0.29237794196403966,0.832913518052057,0.0109151973131822,no_interaction,1,False,0.3492063492063492,0.23529411764705882,0.23529411764705882,False,False,True
CC12CCC3C(C1CCC2(C#C)O)CCC4=CC(=O)CCC34,CN1CC(=O)N2C(C1=O)CC3=C(C2C4=CC5=C(C=C4)OCO5)NC6=CC=CC=C36,0,unreported_twosides_sampled,0.879858136177063,0.877684836224836,0.877684836224836,fitted,platt_logistic_regression,0.4965154478341322,1,0.3715125542872731,0.023509655751469353,0.7531486146095718,interaction,1,False,0.7169811320754716,0.24050632911392406,0.24050632911392406,False,False,True
C1=CC(=CC=C1N)S(=O)(=O)C2=CC=C(C=C2)N,C1CC(C1)(C(=O)O)C(=O)O.N.N.[Pt],0,unreported_twosides_sampled,0.03448323532938957,0.029105013620978427,0.029105013620978427,fitted,platt_logistic_regression,0.4965154478341322,0,0.13161720965709428,0.9395465994962217,0.0008396305625524769,no_interaction,1,False,0.43333333333333335,0.26666666666666666,0.26666666666666666,False,False,True
CC12CCC3C(C1CCC2O)C(CC4=C3C=CC(=C4)O)CCCCCCCCCS(=O)CCCC(C(F)(F)F)(F)F,CC1=NN=C2N1C3=C(C=C(C=C3)Cl)C(=NC2)C4=CC=CC=C4,0,unreported_twosides_sampled,0.16625440120697021,0.14962531531129097,0.14962531531129097,fitted,platt_logistic_regression,0.4965154478341322,0,0.4220586084279301,0.7027707808564232,0.033585222502099076,no_interaction,1,False,0.4492753623188406,0.7659574468085106,0.4492753623188406,False,False,False
C1C(N(C2=C(N1)NC(=NC2=O)N)C=O)CNC3=CC=C(C=C3)C(=O)NC(CCC(=O)O)C(=O)O,CC1=C(C(=O)C2=CC=CC=C2C1=O)CC=C(C)CCCC(C)CCCC(C)CCCC(C)C,1,reported_twosides,0.5979272127151489,0.5817835531145514,0.5817835531145514,fitted,platt_logistic_regression,0.4965154478341322,1,0.6797097848649531,0.1855583543240974,0.31821998320738876,no_interaction|interaction,2,True,0.5256410256410257,0.22058823529411764,0.22058823529411764,False,False,True
C1CN=C(N1)NC2=C(C=CC=C2Cl)Cl,CN1CC(=O)N2C(C1=O)CC3=C(C2C4=CC5=C(C=C4)OCO5)NC6=CC=CC=C36,1,reported_twosides,0.811135470867157,0.8055723901059042,0.8055723901059042,fitted,platt_logistic_regression,0.4965154478341322,1,0.49257972824610063,0.054575986565911,0.6146095717884131,interaction,1,False,0.5853658536585366,0.24050632911392406,0.24050632911392406,False,False,True
CC1CC2C3CCC4=CC(=O)C=CC4(C3(C(CC2(C1(C(=O)CO)O)C)O)F)C,CCC(C)C(=O)OC1CC(C=C2C1C(C(C=C2)C)CCC3CC(CC(=O)O3)O)C,1,reported_twosides,0.5205502510070801,0.5015918803858823,0.5015918803858823,fitted,platt_logistic_regression,0.4965154478341322,1,0.6931421123850572,0.24685138539042822,0.24685138539042822,no_interaction|interaction,2,True,0.8596491228070176,0.7424242424242424,0.7424242424242424,False,False,False
C1C(N(C2=C(N1)NC(=NC2=O)N)C=O)CNC3=CC=C(C=C3)C(=O)NC(CCC(=O)O)C(=O)O,CCN(C)C(=O)OC1=CC=CC(=C1)C(C)N(C)C,0,unreported_twosides_sampled,0.4260685443878174,0.40496044382127977,0.40496044382127977,fitted,platt_logistic_regression,0.4965154478341322,0,0.6749717610108406,0.327455919395466,0.16960537363560033,no_interaction|interaction,2,True,0.5256410256410257,0.32653061224489793,0.32653061224489793,False,False,True
C1=CC(=CC=C1N)S(=O)(=O)C2=CC=C(C=C2)N,C[N+](C)(C)CC(CC(=O)O)O,0,unreported_twosides_sampled,0.23656988143920898,0.21688723076699398,0.21688723076699398,fitted,platt_logistic_regression,0.4965154478341322,0,0.5229399054107985,0.581024349286314,0.06717044500419815,no_interaction,1,False,0.43333333333333335,0.36666666666666664,0.36666666666666664,False,False,True
C1CC(OC1CO)N2C=NC3=C2NC=NC3=O,CCOC1=C(C=CC(=C1)CC(=O)NC(CC(C)C)C2=CC=CC=C2N3CCCCC3)C(=O)O,1,reported_twosides,0.24486371874809265,0.22492397390702612,0.22492397390702612,fitted,platt_logistic_regression,0.4965154478341322,0,0.5330697979321138,0.5701091519731318,0.07136859781696053,no_interaction,1,False,0.3492063492063492,0.2804878048780488,0.2804878048780488,False,False,True
CN1CCC23C=CC(CC2OC4=C(C=CC(=C34)C1)OC)O,CNC(=C[N+](=O)[O-])NCCSCC1=CC=C(O1)CN(C)C,1,reported_twosides,0.7242974638938904,0.7141614509223322,0.7141614509223322,fitted,platt_logistic_regression,0.4965154478341322,1,0.5983834121253361,0.09655751469353484,0.4760705289672544,interaction,1,False,0.375,0.603448275862069,0.375,False,False,True
CC(C)(C)NCC(C1=CC(=C(C=C1)O)CO)O,CCC(C)C(=O)OC1CC(C=C2C1C(C(C=C2)C)CCC3CC(CC(=O)O3)O)C,1,reported_twosides,0.47308504581451416,0.4528489439506544,0.4528489439506544,fitted,platt_logistic_regression,0.4965154478341322,0,0.6886941225432293,0.29135180520570947,0.21662468513853905,no_interaction|interaction,2,True,0.5227272727272727,0.7424242424242424,0.5227272727272727,False,False,False
CC(=O)OCC(=O)C12C(CC3C1(CC(C4(C3CC(C5=CC(=O)C=CC54C)F)F)O)C)OC(O2)(C)C,CC1C2C(C(=O)N2C(=C1SC3CC(NC3)C(=O)NC4=CC=CC(=C4)C(=O)O)C(=O)O)C(C)O,0,unreported_twosides_sampled,0.16262802481651306,0.14620222752807951,0.14620222752807951,fitted,platt_logistic_regression,0.4965154478341322,0,0.41606450823352786,0.7086481947942905,0.0327455919395466,no_interaction,1,False,0.8059701492537313,0.23529411764705882,0.23529411764705882,False,False,True
C1=CC(=CC=C1N)S(=O)(=O)C2=CC=C(C=C2)N,C1C(OC(S1)CO)N2C=C(C(=NC2=O)N)F,1,reported_twosides,0.2668398320674896,0.24631534029848445,0.24631534029848445,fitted,platt_logistic_regression,0.4965154478341322,0,0.558250808004867,0.5398824517212426,0.07976490344248531,no_interaction,1,False,0.43333333333333335,0.6326530612244898,0.43333333333333335,False,False,False
C(CCl)NC(=O)N(CCCl)N=O,CC1CC2C3CCC4=CC(=O)C=CC4(C3(C(CC2(C1(C(=O)CO)O)C)O)F)C,1,reported_twosides,0.31840482354164124,0.297025284119007,0.297025284119007,fitted,platt_logistic_regression,0.4965154478341322,0,0.6083227227067325,0.4626364399664148,0.10663308144416457,no_interaction|interaction,2,True,0.2391304347826087,0.8596491228070176,0.2391304347826087,False,False,True
CC1=C(C(C(=C(N1)C)C(=O)OCC(C)C)C2=CC=CC=C2[N+](=O)[O-])C(=O)OC,CN1C(=C(NC2=CC=CC=N2)O)C(=O)C3=CC=CC=C3S1(=O)=O,0,unreported_twosides_sampled,0.896489679813385,0.8950400341503654,0.8950400341503654,fitted,platt_logistic_regression,0.4965154478341322,1,0.3358464181169085,0.016792611251049538,0.7875734676742233,interaction,1,False,0.8043478260869565,0.62,0.62,False,False,False
CC(C)(C)NCC(C1=CC(=C(C=C1)O)CO)O,CC1=C(C(C(=C(N1)C)C(=O)OCC(C)C)C2=CC=CC=C2[N+](=O)[O-])C(=O)OC,1,reported_twosides,0.519772469997406,0.5007901948697632,0.5007901948697632,fitted,platt_logistic_regression,0.4965154478341322,1,0.6931459317435611,0.24685138539042822,0.24685138539042822,no_interaction|interaction,2,True,0.5227272727272727,0.8043478260869565,0.5227272727272727,False,False,False
CC(=O)OCC(=O)C12C(CC3C1(CC(C4(C3CC(C5=CC(=O)C=CC54C)F)F)O)C)OC(O2)(C)C,CC(C)(C)NCC(C1=CC(=C(C=C1)O)CO)O,1,reported_twosides,0.10771067440509796,0.0949995203093108,0.0949995203093108,fitted,platt_logistic_regression,0.4965154478341322,0,0.31395476897965385,0.8085642317380353,0.015113350125944584,no_interaction,1,False,0.8059701492537313,0.5227272727272727,0.5227272727272727,False,False,False
CC1=NN=C2N1C3=C(C=C(C=C3)Cl)C(=NC2)C4=CC=CC=C4,CN1CC(=O)N2C(C1=O)CC3=C(C2C4=CC5=C(C=C4)OCO5)NC6=CC=CC=C36,1,reported_twosides,0.8922489881515503,0.8906201475578659,0.8906201475578659,fitted,platt_logistic_regression,0.4965154478341322,1,0.34521680152666956,0.019311502938706968,0.7783375314861462,interaction,1,False,0.7659574468085106,0.24050632911392406,0.24050632911392406,False,False,True
C(CCl)NC(=O)N(CCCl)N=O,CCC(C)C(=O)OC1CC(C=C2C1C(C(C=C2)C)CCC3CC(CC(=O)O3)O)C,0,unreported_twosides_sampled,0.3536096513271332,0.3320313144216518,0.3320313144216518,fitted,platt_logistic_regression,0.4965154478341322,0,0.6356078607468936,0.4139378673383711,0.12594458438287154,no_interaction|interaction,2,True,0.2391304347826087,0.7424242424242424,0.2391304347826087,False,False,True
CNC(=C[N+](=O)[O-])NCCSCC1=CC=C(O1)CN(C)C,C[N+](C)(C)CC(CC(=O)O)O,1,reported_twosides,0.42209768295288086,0.40093533830581474,0.40093533830581474,fitted,platt_logistic_regression,0.4965154478341322,0,0.6733890919084919,0.3316540722082284,0.16792611251049538,no_interaction|interaction,2,True,0.603448275862069,0.36666666666666664,0.36666666666666664,False,False,True
CC12CCC3C(C1CCC2O)C(CC4=C3C=CC(=C4)O)CCCCCCCCCS(=O)CCCC(C(F)(F)F)(F)F,CN1C=NC(=C1SC2=NC=NC3=C2NC=N3)[N+](=O)[O-],0,unreported_twosides_sampled,0.88773512840271,0.8859113864322836,0.8859113864322836,fitted,platt_logistic_regression,0.4965154478341322,1,0.35497910252643305,0.020151133501259445,0.7716204869857263,interaction,1,False,0.4492753623188406,0.25925925925925924,0.25925925925925924,False,False,True
C1=CC(=CC=C1N)S(=O)(=O)C2=CC=C(C=C2)N,CC1=NN=C2N1C3=C(C=C(C=C3)Cl)C(=NC2)C4=CC=CC=C4,0,unreported_twosides_sampled,0.14164693653583527,0.12649484483395693,0.12649484483395693,fitted,platt_logistic_regression,0.4965154478341322,0,0.37966881454454793,0.744752308984047,0.02434928631402183,no_interaction,1,False,0.43333333333333335,0.7659574468085106,0.43333333333333335,False,False,False
C1CC(C1)(C(=O)O)C(=O)O.N.N.[Pt],CC1C2C(C(=O)N2C(=C1SC3CC(NC3)C(=O)NC4=CC=CC(=C4)C(=O)O)C(=O)O)C(C)O,1,reported_twosides,0.7970975637435913,0.790799067478832,0.790799067478832,fitted,platt_logistic_regression,0.4965154478341322,1,0.5128960396320463,0.06381192275398824,0.5894206549118388,interaction,1,False,0.26666666666666666,0.23529411764705882,0.23529411764705882,False,False,True
C1C(N(C2=C(N1)NC(=NC2=O)N)C=O)CNC3=CC=C(C=C3)C(=O)NC(CCC(=O)O)C(=O)O,CN1C=NC(=C1SC2=NC=NC3=C2NC=N3)[N+](=O)[O-],0,unreported_twosides_sampled,0.2529084384441376,0.23273859276643102,0.23273859276643102,fitted,platt_logistic_regression,0.4965154478341322,0,0.5425642982012475,0.5541561712846348,0.07304785894206549,no_interaction,1,False,0.5256410256410257,0.25925925925925924,0.25925925925925924,False,False,True
C1=CC(=CC=C1N)S(=O)(=O)C2=CC=C(C=C2)N,CC1=NN=C(S1)SCC2=C(N3C(C(C3=O)NC(=O)CN4C=NN=N4)SC2)C(=O)[O-],1,reported_twosides,0.10939182341098785,0.09654776582205579,0.09654776582205579,fitted,platt_logistic_regression,0.4965154478341322,0,0.31743073957567536,0.8018471872376155,0.015113350125944584,no_interaction,1,False,0.43333333333333335,0.4574468085106383,0.43333333333333335,False,False,False
CC12CCC3C(C1CCC2(C)O)CCC4C3(COC(=O)C4)C,CCOC1=C(C=CC(=C1)CC(=O)NC(CC(C)C)C2=CC=CC=C2N3CCCCC3)C(=O)O,0,unreported_twosides_sampled,0.6763817071914673,0.6638164812388329,0.6638164812388329,fitted,platt_logistic_regression,0.4965154478341322,1,0.6384715141665157,0.12930310663308145,0.40973971452560876,no_interaction|interaction,2,True,0.31343283582089554,0.2804878048780488,0.2804878048780488,False,False,True
CC1CC2C3CCC4=CC(=O)C=CC4(C3(C(CC2(C1(C(=O)CO)O)C)O)F)C,CCOC(=O)C(CCC1=CC=CC=C1)NC(C)C(=O)N2C3CCCCC3CC2C(=O)O,1,reported_twosides,0.743046224117279,0.7338908924263707,0.7338908924263707,fitted,platt_logistic_regression,0.4965154478341322,1,0.5793503489347551,0.08984047019311503,0.5004198152812762,interaction,1,False,0.8596491228070176,0.9636363636363636,0.8596491228070176,False,False,False
CC12CCC3C(C1CCC2(C#C)O)CCC4=CC(=O)CCC34,CN1C(=C(NC2=CC=CC=N2)O)C(=O)C3=CC=CC=C3S1(=O)=O,0,unreported_twosides_sampled,0.5724257826805115,0.555264435538926,0.555264435538926,fitted,platt_logistic_regression,0.4965154478341322,1,0.6870263665386769,0.2073887489504618,0.2980688497061293,no_interaction|interaction,2,True,0.7169811320754716,0.62,0.62,False,False,False
C1CC(OC1CO)N2C=NC3=C2NC=NC3=O,CC1=NN=C2N1C3=C(C=C(C=C3)Cl)C(=NC2)C4=CC=CC=C4,1,reported_twosides,0.4140595495700836,0.3927970688682827,0.3927970688682827,fitted,platt_logistic_regression,0.4965154478341322,0,0.6699828209691803,0.33921074727120065,0.16120906801007556,no_interaction|interaction,2,True,0.3492063492063492,0.7659574468085106,0.3492063492063492,False,False,True
CC1=C(SC=C1)C(=CCCN2CCCC(C2)C(=O)O)C3=C(C=CS3)C,COC1=C(C=C(C=C1)C2=CC3=C(C=C2)C=C(C=C3)C(=O)O)C45CC6CC(C4)CC(C6)C5,0,unreported_twosides_sampled,0.46564626693725586,0.44524492585885556,0.44524492585885556,fitted,platt_logistic_regression,0.4965154478341322,0,0.6871389014578559,0.2980688497061293,0.20906801007556675,no_interaction|interaction,2,True,0.26865671641791045,0.288135593220339,0.26865671641791045,False,False,True
CC1(C(N2C(S1)C(C2=O)NC(=O)C(C3=CC=CC=C3)N)C(=O)[O-])C,CCOC1=C(C=CC(=C1)CC(=O)NC(CC(C)C)C2=CC=CC=C2N3CCCCC3)C(=O)O,0,unreported_twosides_sampled,0.5505754351615906,0.532610050464536,0.532610050464536,fitted,platt_logistic_regression,0.4965154478341322,1,0.6910188394029517,0.22502099076406382,0.2779177162048699,no_interaction|interaction,2,True,0.6119402985074627,0.2804878048780488,0.2804878048780488,False,False,True
C1CC(C1)(C(=O)O)C(=O)O.N.N.[Pt],CC12CCC3C(C1CCC2C(=O)NC4=C(C=CC(=C4)C(F)(F)F)C(F)(F)F)CCC5C3(C=CC(=O)N5)C,1,reported_twosides,0.046842146664857864,0.03996990856194258,0.03996990856194258,fitted,platt_logistic_regression,0.4965154478341322,0,0.16784850373106464,0.9160369437447523,0.0025188916876574307,no_interaction,1,False,0.26666666666666666,0.6417910447761194,0.26666666666666666,False,False,True
C1C(OC(S1)CO)N2C=C(C(=NC2=O)N)F,C1CC(C1)(C(=O)O)C(=O)O.N.N.[Pt],0,unreported_twosides_sampled,0.4282228350639343,0.40714547119867434,0.40714547119867434,fitted,platt_logistic_regression,0.4965154478341322,0,0.6758027426888384,0.3266162888329135,0.17548278757346766,no_interaction|interaction,2,True,0.6326530612244898,0.26666666666666666,0.26666666666666666,False,False,True
CC(C)(C(=O)O)ON=C(C1=CSC(=N1)N)C(=O)NC2C3N(C2=O)C(=C(CS3)C[N+]4=CC=CC=C4)C(=O)[O-],CN1CCC23C=CC(CC2OC4=C(C=CC(=C34)C1)OC)O,0,unreported_twosides_sampled,0.9530549049377441,0.9534662836155806,0.9534662836155806,fitted,platt_logistic_regression,0.4965154478341322,1,0.18817963850158229,0.0041981528127623844,0.8967254408060453,interaction,1,False,0.6428571428571429,0.375,0.375,False,False,True
C1=CC(=CC=C1N)S(=O)(=O)C2=CC=C(C=C2)N,CC1=C(C(=O)C2=CC=CC=C2C1=O)CC=C(C)CCCC(C)CCCC(C)CCCC(C)C,0,unreported_twosides_sampled,0.12401289492845535,0.11006713071641698,0.11006713071641698,fitted,platt_logistic_regression,0.4965154478341322,0,0.3466556668544464,0.7774979009235936,0.019311502938706968,no_interaction,1,False,0.43333333333333335,0.22058823529411764,0.22058823529411764,False,False,True
CC12CCC3C(C1CCC2(C)O)CCC4C3(COC(=O)C4)C,CC1=C(C(=O)C2=CC=CC=C2C1=O)CC=C(C)CCCC(C)CCCC(C)CCCC(C)C,0,unreported_twosides_sampled,0.2880546748638153,0.26709340836560125,0.26709340836560125,fitted,platt_logistic_regression,0.4965154478341322,0,0.5803463982494308,0.4979009235936188,0.0906801007556675,no_interaction,1,False,0.31343283582089554,0.22058823529411764,0.22058823529411764,False,False,True
CC1(C(N2C(S1)C(C2=O)NC(=O)C(C3=CC=CC=C3)N)C(=O)[O-])C,CCCN1CC(CC2C1CC3=CNC4=CC=CC2=C34)CSC,0,unreported_twosides_sampled,0.1106710359454155,0.09772673057958065,0.09772673057958065,fitted,platt_logistic_regression,0.4965154478341322,0,0.3200591845692723,0.7984886649874056,0.015113350125944584,no_interaction,1,False,0.6119402985074627,0.42168674698795183,0.42168674698795183,False,False,False
C1CC(OC1CO)N2C=NC3=C2NC=NC3=O,CCC(C)C(=O)OC1CC(C=C2C1C(C(C=C2)C)CCC3CC(CC(=O)O3)O)C,0,unreported_twosides_sampled,0.6640335321426392,0.6508671631171604,0.6508671631171604,fitted,platt_logistic_regression,0.4965154478341322,1,0.6469081777483667,0.13685978169605373,0.3929471032745592,no_interaction|interaction,2,True,0.3492063492063492,0.7424242424242424,0.3492063492063492,False,False,True
CC(C)(C(=O)O)ON=C(C1=CSC(=N1)N)C(=O)NC2C3N(C2=O)C(=C(CS3)C[N+]4=CC=CC=C4)C(=O)[O-],CC1=NN=C2N1C3=C(C=C(C=C3)Cl)C(=NC2)C4=CC=CC=C4,0,unreported_twosides_sampled,0.13037575781345367,0.1159797742173772,0.1159797742173772,fitted,platt_logistic_regression,0.4965154478341322,0,0.3588376955754746,0.7682619647355163,0.020990764063811923,no_interaction,1,False,0.6428571428571429,0.7659574468085106,0.6428571428571429,False,False,False
CC1=C(SC=C1)C(=CCCN2CCCC(C2)C(=O)O)C3=C(C=CS3)C,CN1C=NC(=C1SC2=NC=NC3=C2NC=N3)[N+](=O)[O-],0,unreported_twosides_sampled,0.7876598834991455,0.7808636487105116,0.7808636487105116,fitted,platt_logistic_regression,0.4965154478341322,1,0.5258126949173265,0.06717044500419815,0.5785054575986566,interaction,1,False,0.26865671641791045,0.25925925925925924,0.25925925925925924,False,False,True
C1=CC(=C2NC(=C3C=CC=CC3=O)N(N2)C4=CC=C(C=C4)C(=O)O)C(=O)C=C1,C1CC(C1)(C(=O)O)C(=O)O.N.N.[Pt],0,unreported_twosides_sampled,0.14075908064842224,0.12566467392584463,0.12566467392584463,fitted,platt_logistic_regression,0.4965154478341322,0,0.3780615404365837,0.7472712006717045,0.02434928631402183,no_interaction,1,False,0.22033898305084745,0.26666666666666666,0.22033898305084745,False,False,True
CC1=NN=C2N1C3=C(C=C(C=C3)Cl)C(=NC2)C4=CC=CC=C4,CCCCC(=O)N(CC1=CC=C(C=C1)C2=CC=CC=C2C3=NNN=N3)C(C(C)C)C(=O)O,1,reported_twosides,0.9419293403625488,0.9420774197668079,0.9420774197668079,fitted,platt_logistic_regression,0.4965154478341322,1,0.2212127484238504,0.008396305625524769,0.8832913518052057,interaction,1,False,0.7659574468085106,0.4533333333333333,0.4533333333333333,False,False,False
C1C(N(C2=C(N1)NC(=NC2=O)N)C=O)CNC3=CC=C(C=C3)C(=O)NC(CCC(=O)O)C(=O)O,CCOC(=O)N1CCC(=C2C3=C(CCC4=C2N=CC=C4)C=C(C=C3)Cl)CC1,1,reported_twosides,0.35013264417648315,0.328560839126121,0.328560839126121,fitted,platt_logistic_regression,0.4965154478341322,0,0.6331547562016498,0.417296389588581,0.12510495382031905,no_interaction|interaction,2,True,0.5256410256410257,0.5892857142857143,0.5256410256410257,False,False,False
C1=CC(=CC=C1N)S(=O)(=O)C2=CC=C(C=C2)N,CCCC1(CC(=O)C(=C(O1)O)C(CC)C2=CC(=CC=C2)NS(=O)(=O)C3=NC=C(C=C3)C(F)(F)F)CCC4=CC=CC=C4,1,reported_twosides,0.19570299983024597,0.17759619427574858,0.17759619427574858,fitted,platt_logistic_regression,0.4965154478341322,0,0.4677288394162573,0.6465155331654072,0.047019311502938706,no_interaction,1,False,0.43333333333333335,0.2247191011235955,0.2247191011235955,False,False,True
CCC(C)C(=O)OC1CC(C=C2C1C(C(C=C2)C)CCC3CC(CC(=O)O3)O)C,CN1CC(=O)N2C(C1=O)CC3=C(C2C4=CC5=C(C=C4)OCO5)NC6=CC=CC=C36,1,reported_twosides,0.9963663816452026,0.996661131784188,0.996661131784188,fitted,platt_logistic_regression,0.4965154478341322,1,0.0223719265206724,0.0008396305625524769,0.9907640638119227,interaction,1,False,0.7424242424242424,0.24050632911392406,0.24050632911392406,False,False,True
CC12CCC3C(C1CCC2C(=O)NC4=C(C=CC(=C4)C(F)(F)F)C(F)(F)F)CCC5C3(C=CC(=O)N5)C,CN1CC(=O)N2C(C1=O)CC3=C(C2C4=CC5=C(C=C4)OCO5)NC6=CC=CC=C36,1,reported_twosides,0.4682222008705139,0.4478769577086422,0.4478769577086422,fitted,platt_logistic_regression,0.4965154478341322,0,0.6877036730342218,0.2947103274559194,0.21074727120067172,no_interaction|interaction,2,True,0.6417910447761194,0.24050632911392406,0.24050632911392406,False,False,True
CC1=NN=C2N1C3=C(C=C(C=C3)Cl)C(=NC2)C4=CC=CC=C4,CC1C2C(C(=O)N2C(=C1SC3CC(NC3)C(=O)NC4=CC=CC(=C4)C(=O)O)C(=O)O)C(C)O,0,unreported_twosides_sampled,0.5015984773635864,0.48208505197264384,0.48208505197264384,fitted,platt_logistic_regression,0.4965154478341322,0,0.6925051524224901,0.26364399664147775,0.2367758186397985,no_interaction|interaction,2,True,0.7659574468085106,0.23529411764705882,0.23529411764705882,False,False,True
C1C(N(C2=C(N1)NC(=NC2=O)N)C=O)CNC3=CC=C(C=C3)C(=O)NC(CCC(=O)O)C(=O)O,CC12CCC3C(C1CCC2(C)O)CCC4C3(COC(=O)C4)C,0,unreported_twosides_sampled,0.605720043182373,0.5899032316797332,0.5899032316797332,fitted,platt_logistic_regression,0.4965154478341322,1,0.6768937476982739,0.17548278757346766,0.3249370277078086,no_interaction|interaction,2,True,0.5256410256410257,0.31343283582089554,0.31343283582089554,False,False,True
CC1=NN=C2N1C3=C(C=C(C=C3)Cl)C(=NC2)C4=CC=CC=C4,CN(C)CCC1=CNC2=C1C=C(C=C2)CC3COC(=O)N3,1,reported_twosides,0.5861695408821106,0.5695465247325069,0.5695465247325069,fitted,platt_logistic_regression,0.4965154478341322,1,0.6834423066350601,0.19563392107472713,0.3089840470193115,no_interaction|interaction,2,True,0.7659574468085106,0.543859649122807,0.543859649122807,False,False,False
CC(C)(C)NCC(C1=CC(=C(C=C1)O)CO)O,CC1CN(CCN1)C2=C(C=C3C(=C2OC)N(C=C(C3=O)C(=O)O)C4CC4)F,1,reported_twosides,0.6279880404472351,0.6131429220334086,0.6131429220334086,fitted,platt_logistic_regression,0.4965154478341322,1,0.667321438401639,0.1570109151973132,0.3492863140218304,no_interaction|interaction,2,True,0.5227272727272727,0.7230769230769231,0.5227272727272727,False,False,False
C1CC(C1)CN2CCC34C5C(CCC3(C2CC6=C4C(=C(C=C6)O)O5)O)O,CC1CN(CCN1)C2=C(C=C3C(=C2OC)N(C=C(C3=O)C(=O)O)C4CC4)F,1,reported_twosides,0.274810254573822,0.2541072839516752,0.2541072839516752,fitted,platt_logistic_regression,0.4965154478341322,0,0.5668026338384153,0.5239294710327456,0.08480268681780016,no_interaction,1,False,0.6451612903225806,0.7230769230769231,0.6451612903225806,False,False,False
CC(C=CC(C)C(C)(C)O)C1CCC2C1(CCCC2=CC=C3CC(CC(C3)O)O)C,CC1CN(CCN1)C2=C(C=C3C(=C2OC)N(C=C(C3=O)C(=O)O)C4CC4)F,0,unreported_twosides_sampled,0.9183937907218933,0.9177987000460172,0.9177987000460172,fitted,platt_logistic_regression,0.4965154478341322,1,0.28411306280229764,0.0109151973131822,0.8387909319899244,interaction,1,False,0.5625,0.7230769230769231,0.5625,False,False,False
C(CCl)NC(=O)N(CCCl)N=O,CC(C)C(C(=O)OCC(CO)OCN1C=NC2=C1NC(=NC2=O)N)N,0,unreported_twosides_sampled,0.2139810025691986,0.19510417506053426,0.19510417506053426,fitted,platt_logistic_regression,0.4965154478341322,0,0.4935400010285653,0.6137699412258606,0.054575986565911,no_interaction,1,False,0.2391304347826087,0.7307692307692307,0.2391304347826087,False,False,True
CC(C)C(C(=O)OCC(CO)OCN1C=NC2=C1NC(=NC2=O)N)N,COC1=C(C=C(C=C1)C2=CC3=C(C=C2)C=C(C=C3)C(=O)O)C45CC6CC(C4)CC(C6)C5,0,unreported_twosides_sampled,0.22428257763385773,0.20501876273811595,0.20501876273811595,fitted,platt_logistic_regression,0.4965154478341322,0,0.5072816807704688,0.5978169605373636,0.060453400503778336,no_interaction,1,False,0.7307692307692307,0.288135593220339,0.288135593220339,False,False,True
C1=CC(=CC=C1N)S(=O)(=O)C2=CC=C(C=C2)N,C1C(N(C2=C(N1)NC(=NC2=O)N)C=O)CNC3=CC=C(C=C3)C(=O)NC(CCC(=O)O)C(=O)O,1,reported_twosides,0.05738555267453194,0.049337167266711585,0.049337167266711585,fitted,platt_logistic_regression,0.4965154478341322,0,0.19655892861139726,0.8942065491183879,0.0041981528127623844,no_interaction,1,False,0.43333333333333335,0.5256410256410257,0.43333333333333335,False,False,False
CN1CCC(=C2C3=C(C(=O)CC4=CC=CC=C42)SC=C3)CC1,COC1=C(C=C(C=C1)C2=CC3=C(C=C2)C=C(C=C3)C(=O)O)C45CC6CC(C4)CC(C6)C5,0,unreported_twosides_sampled,0.31905272603034973,0.29766681038852727,0.29766681038852727,fitted,platt_logistic_regression,0.4965154478341322,0,0.6088744148231917,0.4609571788413098,0.10663308144416457,no_interaction|interaction,2,True,0.3018867924528302,0.288135593220339,0.288135593220339,False,False,True
C1=CC(=C2NC(=C3C=CC=CC3=O)N(N2)C4=CC=C(C=C4)C(=O)O)C(=O)C=C1,CC1=C(C(=O)C2=CC=CC=C2C1=O)CC=C(C)CCCC(C)CCCC(C)CCCC(C)C,0,unreported_twosides_sampled,0.20359614491462708,0.18514348203104317,0.18514348203104317,fitted,platt_logistic_regression,0.4965154478341322,0,0.47910383058247247,0.6297229219143576,0.04953820319059614,no_interaction,1,False,0.22033898305084745,0.22058823529411764,0.22033898305084745,False,False,True
C1CN=C(N1)NC2=C(C=CC=C2Cl)Cl,CC(C)(C(=O)O)ON=C(C1=CSC(=N1)N)C(=O)NC2C3N(C2=O)C(=C(CS3)C[N+]4=CC=CC=C4)C(=O)[O-],1,reported_twosides,0.05406162887811661,0.04637516527497837,0.04637516527497837,fitted,platt_logistic_regression,0.4965154478341322,0,0.1877005421369979,0.8975650713685979,0.0041981528127623844,no_interaction,1,False,0.5853658536585366,0.6428571428571429,0.5853658536585366,False,False,False
CNC(=C[N+](=O)[O-])NCCSCC1=CC=C(O1)CN(C)C,COC1=C(C=C(C=C1)C2=CC3=C(C=C2)C=C(C=C3)C(=O)O)C45CC6CC(C4)CC(C6)C5,1,reported_twosides,0.8100162148475647,0.8043947813177262,0.8043947813177262,fitted,platt_logistic_regression,0.4965154478341322,1,0.4942492708420215,0.054575986565911,0.6137699412258606,interaction,1,False,0.603448275862069,0.288135593220339,0.288135593220339,False,False,True
CC(C=CC(C)C(C)(C)O)C1CCC2C1(CCCC2=CC=C3CC(CC(C3)O)O)C,CCC(C)C(=O)OC1CC(C=C2C1C(C(C=C2)C)CCC3CC(CC(=O)O3)O)C,1,reported_twosides,0.7775852084159851,0.7702559661569655,0.7702559661569655,fitted,platt_logistic_regression,0.4965154478341322,1,0.5389668696966062,0.07220822837951302,0.5617128463476071,interaction,1,False,0.5625,0.7424242424242424,0.5625,False,False,False
CC(C)C(C(=O)OCC(CO)OCN1C=NC2=C1NC(=NC2=O)N)N,CC1CN(CCN1)C2=C(C=C3C(=C2OC)N(C=C(C3=O)C(=O)O)C4CC4)F,0,unreported_twosides_sampled,0.8997037410736084,0.8983872239821469,0.8983872239821469,fitted,platt_logistic_regression,0.4965154478341322,1,0.3286122227301475,0.016792611251049538,0.7917716204869857,interaction,1,False,0.7307692307692307,0.7230769230769231,0.7230769230769231,False,False,False
CC1CC2C3CCC4=CC(=O)C=CC4(C3(C(CC2(C1(C(=O)CO)O)C)O)F)C,CN(C)CCC1=CNC2=C1C=C(C=C2)CC3COC(=O)N3,0,unreported_twosides_sampled,0.768410325050354,0.7605950822476247,0.7605950822476247,fitted,platt_logistic_regression,0.4965154478341322,1,0.5503930176920931,0.07724601175482787,0.5491183879093199,interaction,1,False,0.8596491228070176,0.543859649122807,0.543859649122807,False,False,False
C(CCl)NC(=O)N(CCCl)N=O,CCOC1=C(C=CC(=C1)CC(=O)NC(CC(C)C)C2=CC=CC=C2N3CCCCC3)C(=O)O,0,unreported_twosides_sampled,0.12460339814424515,0.1106151233061189,0.1106151233061189,fitted,platt_logistic_regression,0.4965154478341322,0,0.34779947117724946,0.7766582703610412,0.019311502938706968,no_interaction,1,False,0.2391304347826087,0.2804878048780488,0.2391304347826087,False,False,True
C(CCl)NC(=O)N(CCCl)N=O,CC12CCC3C(C1CCC2C(=O)NC4=C(C=CC(=C4)C(F)(F)F)C(F)(F)F)CCC5C3(C=CC(=O)N5)C,0,unreported_twosides_sampled,0.16105230152606964,0.14471634957743684,0.14471634957743684,fitted,platt_logistic_regression,0.4965154478341322,0,0.4134335055678543,0.7111670864819479,0.0327455919395466,no_interaction,1,False,0.2391304347826087,0.6417910447761194,0.2391304347826087,False,False,True
C1=CC(=C2NC(=C3C=CC=CC3=O)N(N2)C4=CC=C(C=C4)C(=O)O)C(=O)C=C1,CN1CC(=O)N2C(C1=O)CC3=C(C2C4=CC5=C(C=C4)OCO5)NC6=CC=CC=C36,0,unreported_twosides_sampled,0.8675866723060608,0.8648477277735542,0.8648477277735542,fitted,platt_logistic_regression,0.4965154478341322,1,0.3960648999154427,0.027707808564231738,0.7262804366078925,interaction,1,False,0.22033898305084745,0.24050632911392406,0.22033898305084745,False,False,True
CCOC(=O)N1CCC(=C2C3=C(CCC4=C2N=CC=C4)C=C(C=C3)Cl)CC1,CNC(=C[N+](=O)[O-])NCCSCC1=CC=C(O1)CN(C)C,1,reported_twosides,0.2296096384525299,0.21015860587661567,0.21015860587661567,fitted,platt_logistic_regression,0.4965154478341322,0,0.5141667357718619,0.5885810243492863,0.06381192275398824,no_interaction,1,False,0.5892857142857143,0.603448275862069,0.5892857142857143,False,False,False
CC(C)C(C(=O)OCC(CO)OCN1C=NC2=C1NC(=NC2=O)N)N,CCC(C)C(=O)OC1CC(C=C2C1C(C(C=C2)C)CCC3CC(CC(=O)O3)O)C,1,reported_twosides,0.7175487279891968,0.7070629841942503,0.7070629841942503,fitted,platt_logistic_regression,0.4965154478341322,1,0.6047605340407343,0.10411418975650713,0.46683459277917716,no_interaction|interaction,2,True,0.7307692307692307,0.7424242424242424,0.7307692307692307,False,False,False
C1=CC(=C2NC(=C3C=CC=CC3=O)N(N2)C4=CC=C(C=C4)C(=O)O)C(=O)C=C1,CC(C)C(CCCN(C)CCC1=CC(=C(C=C1)OC)OC)(C#N)C2=CC(=C(C=C2)OC)OC,0,unreported_twosides_sampled,0.041598763316869736,0.03534388103331088,0.03534388103331088,fitted,platt_logistic_regression,0.4965154478341322,0,0.15285331166685365,0.9252728799328296,0.0025188916876574307,no_interaction,1,False,0.22033898305084745,0.23529411764705882,0.22033898305084745,False,False,True
C(CCl)NC(=O)N(CCCl)N=O,CC(C)(C)NCC(C1=CC(=C(C=C1)O)CO)O,1,reported_twosides,0.15262314677238464,0.136783628223982,0.136783628223982,fitted,platt_logistic_regression,0.4965154478341322,0,0.39908159774004515,0.7229219143576826,0.027707808564231738,no_interaction,1,False,0.2391304347826087,0.5227272727272727,0.2391304347826087,False,False,True
C1CC(OC1CO)N2C=NC3=C2NC=NC3=O,CC(C)(C)NCC(C1=CC(=C(C=C1)O)CO)O,1,reported_twosides,0.1954396665096283,0.17734475498184588,0.17734475498184588,fitted,platt_logistic_regression,0.4965154478341322,0,0.4673432370926487,0.6465155331654072,0.047019311502938706,no_interaction,1,False,0.3492063492063492,0.5227272727272727,0.3492063492063492,False,False,True
CC(C)(C)NCC(C1=CC(=C(C=C1)O)CO)O,CC1CC2C3CCC4=CC(=O)C=CC4(C3(C(CC2(C1(C(=O)CO)O)C)O)F)C,1,reported_twosides,0.3361167907714844,0.31460007458899164,0.31460007458899164,fitted,platt_logistic_regression,0.4965154478341322,0,0.6227319423037274,0.4374475230898405,0.11167086481947942,no_interaction|interaction,2,True,0.5227272727272727,0.8596491228070176,0.5227272727272727,False,False,False
CC1=C(C(=O)C2=CC=CC=C2C1=O)CC=C(C)CCCC(C)CCCC(C)CCCC(C)C,CC1CC2C3CCC4=CC(=O)C=CC4(C3(C(CC2(C1(C(=O)CO)O)C)O)F)C,1,reported_twosides,0.6886747479438782,0.6767193091323823,0.6767193091323823,fitted,platt_logistic_regression,0.4965154478341322,1,0.6293176632574591,0.12090680100755667,0.4265323257766583,no_interaction|interaction,2,True,0.22058823529411764,0.8596491228070176,0.22058823529411764,False,False,True
CC(C=CC(C)C(C)(C)O)C1CCC2C1(CCCC2=CC=C3CC(CC(C3)O)O)C,CNC(=C[N+](=O)[O-])NCCSCC1=CC=C(O1)CN(C)C,1,reported_twosides,0.332499235868454,0.31100433172992475,0.31100433172992475,fitted,platt_logistic_regression,0.4965154478341322,0,0.6199018931896604,0.4399664147774979,0.11167086481947942,no_interaction|interaction,2,True,0.5625,0.603448275862069,0.5625,False,False,False
C1CC(C1)(C(=O)O)C(=O)O.N.N.[Pt],CC1=NN=C(S1)SCC2=C(N3C(C(C3=O)NC(=O)CN4C=NN=N4)SC2)C(=O)[O-],0,unreported_twosides_sampled,0.6808012127876282,0.6684539740791668,0.6684539740791668,fitted,platt_logistic_regression,0.4965154478341322,1,0.6352681071994413,0.12510495382031905,0.4139378673383711,no_interaction|interaction,2,True,0.26666666666666666,0.4574468085106383,0.26666666666666666,False,False,True
CC12CCC3C(C1CCC2(C#C)O)CCC4=CC(=O)CCC34,CC1CC2C3CCC4=CC(=O)C=CC4(C3(C(CC2(C1(C(=O)CO)O)C)O)F)C,0,unreported_twosides_sampled,0.2558169960975647,0.23556855774037866,0.23556855774037866,fitted,platt_logistic_regression,0.4965154478341322,0,0.5459178349172997,0.5533165407220823,0.07556675062972293,no_interaction,1,False,0.7169811320754716,0.8596491228070176,0.7169811320754716,False,False,False
CC1=C(C(C(=C(N1)C)C(=O)OCC(C)C)C2=CC=CC=C2[N+](=O)[O-])C(=O)OC,CN(C)NN=C1C(=NC=N1)C(=O)N,0,unreported_twosides_sampled,0.17112767696380615,0.15423296148291776,0.15423296148291776,fitted,platt_logistic_regression,0.4965154478341322,0,0.4299818572276109,0.6926952141057935,0.03610411418975651,no_interaction,1,False,0.8043478260869565,0.24390243902439024,0.24390243902439024,False,False,True
C1=CC(=C2NC(=C3C=CC=CC3=O)N(N2)C4=CC=C(C=C4)C(=O)O)C(=O)C=C1,CN1C=NC(=C1SC2=NC=NC3=C2NC=N3)[N+](=O)[O-],0,unreported_twosides_sampled,0.35453376173973083,0.3329541597837556,0.3329541597837556,fitted,platt_logistic_regression,0.4965154478341322,0,0.636251021668292,0.41225860621326615,0.12678421494542402,no_interaction|interaction,2,True,0.22033898305084745,0.25925925925925924,0.22033898305084745,False,False,True
C1C(N(C2=C(N1)NC(=NC2=O)N)C=O)CNC3=CC=C(C=C3)C(=O)NC(CCC(=O)O)C(=O)O,C[N+](C)(C)CC(CC(=O)O)O,0,unreported_twosides_sampled,0.9995152950286865,0.9995800765303271,0.9995800765303271,fitted,platt_logistic_regression,0.4965154478341322,1,0.0036849242255583043,0.0008396305625524769,1.0,interaction,1,False,0.5256410256410257,0.36666666666666664,0.36666666666666664,False,False,True
C1CC(C1)(C(=O)O)C(=O)O.N.N.[Pt],CNC(=C[N+](=O)[O-])NCCSCC1=CC=C(O1)CN(C)C,1,reported_twosides,0.340314120054245,0.3187760274191023,0.3187760274191023,fitted,platt_logistic_regression,0.4965154478341322,0,0.6259434168784482,0.43157010915197314,0.11754827875734676,no_interaction|interaction,2,True,0.26666666666666666,0.603448275862069,0.26666666666666666,False,False,True
C1C(OC(S1)CO)N2C=C(C(=NC2=O)N)F,CCCC1(CC(=O)C(=C(O1)O)C(CC)C2=CC(=CC=C2)NS(=O)(=O)C3=NC=C(C=C3)C(F)(F)F)CCC4=CC=CC=C4,1,reported_twosides,0.40709999203681946,0.38576141362282756,0.38576141362282756,fitted,platt_logistic_regression,0.4965154478341322,0,0.6668143067171504,0.3509655751469353,0.15533165407220823,no_interaction|interaction,2,True,0.6326530612244898,0.2247191011235955,0.2247191011235955,False,False,True
CCCCC(=O)N(CC1=CC=C(C=C1)C2=CC=CC=C2C3=NNN=N3)C(C(C)C)C(=O)O,CCCN1CC(CC2C1CC3=CNC4=CC=CC2=C34)CSC,1,reported_twosides,0.11373592913150787,0.10055450081048924,0.10055450081048924,fitted,platt_logistic_regression,0.4965154478341322,0,0.32629963082596525,0.7942905121746432,0.016792611251049538,no_interaction,1,False,0.4533333333333333,0.42168674698795183,0.42168674698795183,False,False,False
C1=CC(=C2NC(=C3C=CC=CC3=O)N(N2)C4=CC=C(C=C4)C(=O)O)C(=O)C=C1,CN1CCC23C=CC(CC2OC4=C(C=CC(=C34)C1)OC)O,0,unreported_twosides_sampled,0.8711174726486206,0.8685436859502487,0.8685436859502487,fitted,platt_logistic_regression,0.4965154478341322,1,0.38914575285278963,0.02686817800167926,0.7329974811083123,interaction,1,False,0.22033898305084745,0.375,0.22033898305084745,False,False,True
C1=CC(=C2NC(=C3C=CC=CC3=O)N(N2)C4=CC=C(C=C4)C(=O)O)C(=O)C=C1,CCN(C)C(=O)OC1=CC=CC(=C1)C(C)N(C)C,0,unreported_twosides_sampled,0.4287380874156952,0.407668210666863,0.407668210666863,fitted,platt_logistic_regression,0.4965154478341322,0,0.67599861098878,0.32577665827036106,0.17548278757346766,no_interaction|interaction,2,True,0.22033898305084745,0.32653061224489793,0.22033898305084745,False,False,True
CC(C)C(C(=O)OCC(CO)OCN1C=NC2=C1NC(=NC2=O)N)N,CN1C=NC(=C1SC2=NC=NC3=C2NC=N3)[N+](=O)[O-],0,unreported_twosides_sampled,0.3247252404689789,0.3032879397674077,0.3032879397674077,fitted,platt_logistic_regression,0.4965154478341322,0,0.6136244803313589,0.45424013434089,0.109151973131822,no_interaction|interaction,2,True,0.7307692307692307,0.25925925925925924,0.25925925925925924,False,False,True
C(CCl)NC(=O)N(CCCl)N=O,C1CC(C1)(C(=O)O)C(=O)O.N.N.[Pt],1,reported_twosides,0.4282228350639343,0.40714547119867434,0.40714547119867434,fitted,platt_logistic_regression,0.4965154478341322,0,0.6758027426888384,0.3266162888329135,0.17548278757346766,no_interaction|interaction,2,True,0.2391304347826087,0.26666666666666666,0.2391304347826087,False,False,True
C1CN=C(N1)NC2=C(C=CC=C2Cl)Cl,CCOC1=C(C=CC(=C1)CC(=O)NC(CC(C)C)C2=CC=CC=C2N3CCCCC3)C(=O)O,1,reported_twosides,0.2763044238090515,0.25556993834722735,0.25556993834722735,fitted,platt_logistic_regression,0.4965154478341322,0,0.5683720204493219,0.5205709487825357,0.08564231738035265,no_interaction,1,False,0.5853658536585366,0.2804878048780488,0.2804878048780488,False,False,True
CC1(C(N2C(S1)C(C2=O)NC(=O)C(C3=CC=CC=C3)N)C(=O)[O-])C,CC1=NN=C(S1)SCC2=C(N3C(C(C3=O)NC(=O)CN4C=NN=N4)SC2)C(=O)[O-],1,reported_twosides,0.34479790925979614,0.32324160657547124,0.32324160657547124,fitted,platt_logistic_regression,0.4965154478341322,0,0.6292887868073312,0.4265323257766583,0.12090680100755667,no_interaction|interaction,2,True,0.6119402985074627,0.4574468085106383,0.4574468085106383,False,False,False
C1C(N(C2=C(N1)NC(=NC2=O)N)C=O)CNC3=CC=C(C=C3)C(=O)NC(CCC(=O)O)C(=O)O,C1CN=C(N1)NC2=C(C=CC=C2Cl)Cl,1,reported_twosides,0.8388914465904236,0.8347521920730653,0.8347521920730653,fitted,platt_logistic_regression,0.4965154478341322,1,0.4482703799150338,0.038623005877413935,0.672544080604534,interaction,1,False,0.5256410256410257,0.5853658536585366,0.5256410256410257,False,False,False
CC1=C(C(=O)C2=CC=CC=C2C1=O)CC=C(C)CCCC(C)CCCC(C)CCCC(C)C,CC1=NN=C2N1C3=C(C=C(C=C3)Cl)C(=NC2)C4=CC=CC=C4,1,reported_twosides,0.46666061878204346,0.44628122534668196,0.44628122534668196,fitted,platt_logistic_regression,0.4965154478341322,0,0.6873646124045445,0.2972292191435768,0.20906801007556675,no_interaction|interaction,2,True,0.22058823529411764,0.7659574468085106,0.22058823529411764,False,False,True
CC1=NN=C(S1)SCC2=C(N3C(C(C3=O)NC(=O)CN4C=NN=N4)SC2)C(=O)[O-],CN1CC(=O)N2C(C1=O)CC3=C(C2C4=CC5=C(C=C4)OCO5)NC6=CC=CC=C36,0,unreported_twosides_sampled,0.8196995854377747,0.8145809695527454,0.8145809695527454,fitted,platt_logistic_regression,0.4965154478341322,1,0.4795119089877412,0.04953820319059614,0.6297229219143576,interaction,1,False,0.4574468085106383,0.24050632911392406,0.24050632911392406,False,False,True
CC1=C(SC=C1)C(=CCCN2CCCC(C2)C(=O)O)C3=C(C=CS3)C,CC1=NN=C(S1)SCC2=C(N3C(C(C3=O)NC(=O)CN4C=NN=N4)SC2)C(=O)[O-],0,unreported_twosides_sampled,0.050417717546224594,0.043137255334747764,0.043137255334747764,fitted,platt_logistic_regression,0.4965154478341322,0,0.1777894485690714,0.9109991603694374,0.0033585222502099076,no_interaction,1,False,0.26865671641791045,0.4574468085106383,0.26865671641791045,False,False,True
C1=CC(=CC=C1N)S(=O)(=O)C2=CC=C(C=C2)N,CC(C)C(C(=O)OCC(CO)OCN1C=NC2=C1NC(=NC2=O)N)N,1,reported_twosides,0.09442000091075897,0.08280725712404267,0.08280725712404267,fitted,platt_logistic_regression,0.4965154478341322,0,0.2855726924293101,0.837951301427372,0.0109151973131822,no_interaction,1,False,0.43333333333333335,0.7307692307692307,0.43333333333333335,False,False,False
C1CN=C(N1)NC2=C(C=CC=C2Cl)Cl,CN1C=NC(=C1SC2=NC=NC3=C2NC=N3)[N+](=O)[O-],1,reported_twosides,0.4889329969882965,0.4690814212671034,0.4690814212671034,fitted,platt_logistic_regression,0.4965154478341322,0,0.6912340431951285,0.27455919395465994,0.2258606213266163,no_interaction|interaction,2,True,0.5853658536585366,0.25925925925925924,0.25925925925925924,False,False,True
C1CC(OC1CO)N2C=NC3=C2NC=NC3=O,CC(C)(C(=O)O)ON=C(C1=CSC(=N1)N)C(=O)NC2C3N(C2=O)C(=C(CS3)C[N+]4=CC=CC=C4)C(=O)[O-],0,unreported_twosides_sampled,0.7241925001144409,0.7140510327609115,0.7140510327609115,fitted,platt_logistic_regression,0.4965154478341322,1,0.5984844901787569,0.09655751469353484,0.4760705289672544,interaction,1,False,0.3492063492063492,0.6428571428571429,0.3492063492063492,False,False,True
CC12CCC3C(C1CCC2C(=O)NC4=C(C=CC(=C4)C(F)(F)F)C(F)(F)F)CCC5C3(C=CC(=O)N5)C,CN1CCC(=C2C3=C(C(=O)CC4=CC=CC=C42)SC=C3)CC1,0,unreported_twosides_sampled,0.15530994534492493,0.13930926952548237,0.13930926952548237,fitted,platt_logistic_regression,0.4965154478341322,0,0.40370762488091216,0.7195633921074727,0.031066330814441646,no_interaction,1,False,0.6417910447761194,0.3018867924528302,0.3018867924528302,False,False,True
C1C(OC(S1)CO)N2C=C(C(=NC2=O)N)F,CCC(C)C(=O)OC1CC(C=C2C1C(C(C=C2)C)CCC3CC(CC(=O)O3)O)C,0,unreported_twosides_sampled,0.8550512790679932,0.8517122077649585,0.8517122077649585,fitted,platt_logistic_regression,0.4965154478341322,1,0.41972755748272483,0.033585222502099076,0.7027707808564232,interaction,1,False,0.6326530612244898,0.7424242424242424,0.6326530612244898,False,False,False
CCOC1=C(C=CC(=C1)CC(=O)NC(CC(C)C)C2=CC=CC=C2N3CCCCC3)C(=O)O,CN(C)NN=C1C(=NC=N1)C(=O)N,0,unreported_twosides_sampled,0.08515936881303787,0.0743645829546774,0.0743645829546774,fitted,platt_logistic_regression,0.4965154478341322,0,0.2647851839227564,0.8488664987405542,0.009235936188077247,no_interaction,1,False,0.2804878048780488,0.24390243902439024,0.24390243902439024,False,False,True
CC1CC2C3CCC4=CC(=O)C=CC4(C3(C(CC2(C1(C(=O)CO)O)C)O)F)C,CN1CCC(=C2C3=C(C(=O)CC4=CC=CC=C42)SC=C3)CC1,1,reported_twosides,0.5364131331443787,0.517962613200467,0.517962613200467,fitted,platt_logistic_regression,0.4965154478341322,1,0.6925017307335177,0.2367758186397985,0.26364399664147775,no_interaction|interaction,2,True,0.8596491228070176,0.3018867924528302,0.3018867924528302,False,False,True
C1CC(C1)(C(=O)O)C(=O)O.N.N.[Pt],C1CC(C1)CN2CCC34C5C(CCC3(C2CC6=C4C(=C(C=C6)O)O5)O)O,0,unreported_twosides_sampled,0.08478213846683502,0.07402163472946546,0.07402163472946546,fitted,platt_logistic_regression,0.4965154478341322,0,0.2639195842198476,0.8488664987405542,0.009235936188077247,no_interaction,1,False,0.26666666666666666,0.6451612903225806,0.26666666666666666,False,False,True
C1=CC(=CC=C1N)S(=O)(=O)C2=CC=C(C=C2)N,CNC(=C[N+](=O)[O-])NCCSCC1=CC=C(O1)CN(C)C,1,reported_twosides,0.10590668767690659,0.09333962269808452,0.09333962269808452,fitted,platt_logistic_regression,0.4965154478341322,0,0.31019714618208855,0.815281276238455,0.011754827875734676,no_interaction,1,False,0.43333333333333335,0.603448275862069,0.43333333333333335,False,False,False
CC1=C(C(C(=C(N1)C)C(=O)OCC(C)C)C2=CC=CC=C2[N+](=O)[O-])C(=O)OC,CCN(C)C(=O)OC1=CC=CC(=C1)C(C)N(C)C,0,unreported_twosides_sampled,0.5489182472229004,0.5308945938815832,0.5308945938815832,fitted,platt_logistic_regression,0.4965154478341322,1,0.6912370121398138,0.2258606213266163,0.27455919395465994,no_interaction|interaction,2,True,0.8043478260869565,0.32653061224489793,0.32653061224489793,False,False,True
CCOC(=O)C(CCC1=CC=CC=C1)NC(C)C(=O)N2C3CCCCC3CC2C(=O)O,CN1CCC(=C2C3=C(C(=O)CC4=CC=CC=C42)SC=C3)CC1,0,unreported_twosides_sampled,0.8731821775436401,0.8707041004793209,0.8707041004793209,fitted,platt_logistic_regression,0.4965154478341322,1,0.3850460452610679,0.02518891687657431,0.743073047858942,interaction,1,False,0.9636363636363636,0.3018867924528302,0.3018867924528302,False,False,True
CC12CCC3C(C1CCC2(C#C)O)CCC4=CC(=O)CCC34,CC1=NN=C2N1C3=C(C=C(C=C3)Cl)C(=NC2)C4=CC=CC=C4,1,reported_twosides,0.3172326385974884,0.2958649006344059,0.2958649006344059,fitted,platt_logistic_regression,0.4965154478341322,0,0.6073198213253523,0.4634760705289673,0.10579345088161209,no_interaction|interaction,2,True,0.7169811320754716,0.7659574468085106,0.7169811320754716,False,False,False
CCOC(=O)C(CCC1=CC=CC=C1)NC(C)C(=O)N2C3CCCCC3CC2C(=O)O,CNC(=C[N+](=O)[O-])NCCSCC1=CC=C(O1)CN(C)C,1,reported_twosides,0.45720842480659485,0.43663175787124614,0.43663175787124614,fitted,platt_logistic_regression,0.4965154478341322,0,0.6850944736559185,0.3047858942065491,0.19899244332493704,no_interaction|interaction,2,True,0.9636363636363636,0.603448275862069,0.603448275862069,False,False,False
CC(C)C(C(=O)OCC(CO)OCN1C=NC2=C1NC(=NC2=O)N)N,CN1C(=C(NC2=CC=CC=N2)O)C(=O)C3=CC=CC=C3S1(=O)=O,0,unreported_twosides_sampled,0.7133354544639587,0.7026324275683499,0.7026324275683499,fitted,platt_logistic_regression,0.4965154478341322,1,0.6086173248454922,0.10663308144416457,0.4617968094038623,no_interaction|interaction,2,True,0.7307692307692307,0.62,0.62,False,False,False
CN1CCC(=C2C3=C(C(=O)CC4=CC=CC=C42)SC=C3)CC1,C[N+](C)(C)CC(CC(=O)O)O,0,unreported_twosides_sampled,0.9305686354637146,0.9303852162591816,0.9303852162591816,fitted,platt_logistic_regression,0.4965154478341322,1,0.2526413704700526,0.009235936188077247,0.8606213266162889,interaction,1,False,0.3018867924528302,0.36666666666666664,0.3018867924528302,False,False,True
CC(C)(C)NCC(C1=CC(=C(C=C1)O)CO)O,CCCC1(CC(=O)C(=C(O1)O)C(CC)C2=CC(=CC=C2)NS(=O)(=O)C3=NC=C(C=C3)C(F)(F)F)CCC4=CC=CC=C4,0,unreported_twosides_sampled,0.23666559159755707,0.21697985752698873,0.21697985752698873,fitted,platt_logistic_regression,0.4965154478341322,0,0.5230588035758625,0.581024349286314,0.06717044500419815,no_interaction,1,False,0.5227272727272727,0.2247191011235955,0.2247191011235955,False,False,True
CC(C)(C)NCC(C1=CC(=C(C=C1)O)CO)O,CC(C)C(CCCN(C)CCC1=CC(=C(C=C1)OC)OC)(C#N)C2=CC(=C(C=C2)OC)OC,1,reported_twosides,0.11732892692089081,0.10387494532089409,0.10387494532089409,fitted,platt_logistic_regression,0.4965154478341322,0,0.3335146200598928,0.7900923593618808,0.016792611251049538,no_interaction,1,False,0.5227272727272727,0.23529411764705882,0.23529411764705882,False,False,True
CC(C)(C(=O)O)ON=C(C1=CSC(=N1)N)C(=O)NC2C3N(C2=O)C(=C(CS3)C[N+]4=CC=CC=C4)C(=O)[O-],COC1=C(C=C(C=C1)C2=CC3=C(C=C2)C=C(C=C3)C(=O)O)C45CC6CC(C4)CC(C6)C5,0,unreported_twosides_sampled,0.1377962827682495,0.1228966692738812,0.1228966692738812,fitted,platt_logistic_regression,0.4965154478341322,0,0.37265694657381626,0.7523089840470193,0.02434928631402183,no_interaction,1,False,0.6428571428571429,0.288135593220339,0.288135593220339,False,False,True
C1CN=C(N1)NC2=C(C=CC=C2Cl)Cl,CC1CN(CCN1)C2=C(C=C3C(=C2OC)N(C=C(C3=O)C(=O)O)C4CC4)F,1,reported_twosides,0.7586885690689087,0.75035863207803,0.75035863207803,fitted,platt_logistic_regression,0.4965154478341322,1,0.5619408039227666,0.08228379513014274,0.5331654072208228,interaction,1,False,0.5853658536585366,0.7230769230769231,0.5853658536585366,False,False,False
CC(C=CC(C)C(C)(C)O)C1CCC2C1(CCCC2=CC=C3CC(CC(C3)O)O)C,CN1C(=C(NC2=CC=CC=N2)O)C(=O)C3=CC=CC=C3S1(=O)=O,0,unreported_twosides_sampled,0.9311008453369141,0.930934177051146,0.930934177051146,fitted,platt_logistic_regression,0.4965154478341322,1,0.2512157906757903,0.009235936188077247,0.8614609571788413,interaction,1,False,0.5625,0.62,0.5625,False,False,False
C1=CC(=CC=C1N)S(=O)(=O)C2=CC=C(C=C2)N,CN1C(=C(NC2=CC=CC=N2)O)C(=O)C3=CC=CC=C3S1(=O)=O,0,unreported_twosides_sampled,0.3083765506744385,0.28710911532436345,0.28710911532436345,fitted,platt_logistic_regression,0.4965154478341322,0,0.5995428960725562,0.47103274559193953,0.09739714525608732,no_interaction,1,False,0.43333333333333335,0.62,0.43333333333333335,False,False,False
CC(C)C(CCCN(C)CCC1=CC(=C(C=C1)OC)OC)(C#N)C2=CC(=C(C=C2)OC)OC,CC12CCC3C(C1CCC2O)C(CC4=C3C=CC(=C4)O)CCCCCCCCCS(=O)CCCC(C(F)(F)F)(F)F,1,reported_twosides,0.3358156681060791,0.31430064747602254,0.31430064747602254,fitted,platt_logistic_regression,0.4965154478341322,0,0.6224985703958865,0.43828715365239296,0.11167086481947942,no_interaction|interaction,2,True,0.23529411764705882,0.4492753623188406,0.23529411764705882,False,False,True
CC1(C(N2C(S1)C(C2=O)NC(=O)C(C3=CC=CC=C3)N)C(=O)[O-])C,CNC(=C[N+](=O)[O-])NCCSCC1=CC=C(O1)CN(C)C,1,reported_twosides,0.5348741412162781,0.5163726789919798,0.5163726789919798,fitted,platt_logistic_regression,0.4965154478341322,1,0.6926109554725602,0.2367758186397985,0.2611251049538203,no_interaction|interaction,2,True,0.6119402985074627,0.603448275862069,0.603448275862069,False,False,False
C1=CC(=CC=C1N)S(=O)(=O)C2=CC=C(C=C2)N,CN(C)CCC1=CNC2=C1C=C(C=C2)CC3COC(=O)N3,0,unreported_twosides_sampled,0.776045560836792,0.7686347784189055,0.7686347784189055,fitted,platt_logistic_regression,0.4965154478341322,1,0.5409206992257884,0.07304785894206549,0.5591939546599496,interaction,1,False,0.43333333333333335,0.543859649122807,0.43333333333333335,False,False,False
CC12CCC3C(C1CCC2O)C(CC4=C3C=CC(=C4)O)CCCCCCCCCS(=O)CCCC(C(F)(F)F)(F)F,CNC(=C[N+](=O)[O-])NCCSCC1=CC=C(O1)CN(C)C,1,reported_twosides,0.640485405921936,0.6262084615766472,0.6262084615766472,fitted,platt_logistic_regression,0.4965154478341322,1,0.6609428082005319,0.1528127623845508,0.36607892527287994,no_interaction|interaction,2,True,0.4492753623188406,0.603448275862069,0.4492753623188406,False,False,False
CC(C)(C)NCC(C1=CC(=C(C=C1)O)CO)O,CC1(C(N2C(S1)C(C2=O)NC(=O)C(C3=CC=CC=C3)N)C(=O)[O-])C,1,reported_twosides,0.43552741408348083,0.4145610498262044,0.4145610498262044,fitted,platt_logistic_regression,0.4965154478341322,0,0.6784756593688028,0.32157850545759864,0.18303946263643997,no_interaction|interaction,2,True,0.5227272727272727,0.6119402985074627,0.5227272727272727,False,False,False
CC12CCC3C(C1CCC2C(=O)NC4=C(C=CC(=C4)C(F)(F)F)C(F)(F)F)CCC5C3(C=CC(=O)N5)C,CC1CC2C3CCC4=CC(=O)C=CC4(C3(C(CC2(C1(C(=O)CO)O)C)O)F)C,1,reported_twosides,0.15325795114040375,0.13738010753237517,0.13738010753237517,fitted,platt_logistic_regression,0.4965154478341322,0,0.4001789659357923,0.7220822837951302,0.028547439126784216,no_interaction,1,False,0.6417910447761194,0.8596491228070176,0.6417910447761194,False,False,False
CC1C2C(C(=O)N2C(=C1SC3CC(NC3)C(=O)NC4=CC=CC(=C4)C(=O)O)C(=O)O)C(C)O,CCOC(=O)N1CCC(=C2C3=C(CCC4=C2N=CC=C4)C=C(C=C3)Cl)CC1,0,unreported_twosides_sampled,0.6248668432235718,0.6098823016367025,0.6098823016367025,fitted,platt_logistic_regression,0.4965154478341322,1,0.6688007056538379,0.15869017632241814,0.3417296389588581,no_interaction|interaction,2,True,0.23529411764705882,0.5892857142857143,0.23529411764705882,False,False,True
C1CC(OC1CO)N2C=NC3=C2NC=NC3=O,CN(C)NN=C1C(=NC=N1)C(=O)N,0,unreported_twosides_sampled,0.8384811282157898,0.8343212293614194,0.8343212293614194,fitted,platt_logistic_regression,0.4965154478341322,1,0.4489677325956284,0.038623005877413935,0.6717044500419815,interaction,1,False,0.3492063492063492,0.24390243902439024,0.24390243902439024,False,False,True
CC1=NN=C(S1)SCC2=C(N3C(C(C3=O)NC(=O)CN4C=NN=N4)SC2)C(=O)[O-],CCOC1=C(C=CC(=C1)CC(=O)NC(CC(C)C)C2=CC=CC=C2N3CCCCC3)C(=O)O,1,reported_twosides,0.20323514938354492,0.18479785773784452,0.18479785773784452,fitted,platt_logistic_regression,0.4965154478341322,0,0.4785912604351726,0.6297229219143576,0.04953820319059614,no_interaction,1,False,0.4574468085106383,0.2804878048780488,0.2804878048780488,False,False,True
CCOC(=O)C(CCC1=CC=CC=C1)NC(C)C(=O)N2C3CCCCC3CC2C(=O)O,CN(C)CCC1=CNC2=C1C=C(C=C2)CC3COC(=O)N3,0,unreported_twosides_sampled,0.9060277938842773,0.9049659615522254,0.9049659615522254,fitted,platt_logistic_regression,0.4965154478341322,1,0.3140325681315621,0.015113350125944584,0.8085642317380353,interaction,1,False,0.9636363636363636,0.543859649122807,0.543859649122807,False,False,False
C1C(OC(S1)CO)N2C=C(C(=NC2=O)N)F,CN1CC(=O)N2C(C1=O)CC3=C(C2C4=CC5=C(C=C4)OCO5)NC6=CC=CC=C36,0,unreported_twosides_sampled,0.9769629240036011,0.9776426058346551,0.9776426058346551,fitted,platt_logistic_regression,0.4965154478341322,1,0.10707705547350128,0.0008396305625524769,0.9513014273719563,interaction,1,False,0.6326530612244898,0.24050632911392406,0.24050632911392406,False,False,True
C1CC(C1)(C(=O)O)C(=O)O.N.N.[Pt],C1CC(OC1CO)N2C=NC3=C2NC=NC3=O,1,reported_twosides,0.9705299735069275,0.971188955934418,0.971188955934418,fitted,platt_logistic_regression,0.4965154478341322,1,0.1305846338089267,0.0008396305625524769,0.9395465994962217,interaction,1,False,0.26666666666666666,0.3492063492063492,0.26666666666666666,False,False,True
CCN(C)C(=O)OC1=CC=CC(=C1)C(C)N(C)C,CN1CCC23C=CC(CC2OC4=C(C=CC(=C34)C1)OC)O,1,reported_twosides,0.9482093453407288,0.9485144373314889,0.9485144373314889,fitted,platt_logistic_regression,0.4965154478341322,1,0.20286637625361148,0.0041981528127623844,0.890848026868178,interaction,1,False,0.32653061224489793,0.375,0.32653061224489793,False,False,True
CC1C2C(C(=O)N2C(=C1SC3CC(NC3)C(=O)NC4=CC=CC(=C4)C(=O)O)C(=O)O)C(C)O,CNC(=C[N+](=O)[O-])NCCSCC1=CC=C(O1)CN(C)C,1,reported_twosides,0.38306817412376404,0.36154464671442565,0.36154464671442565,fitted,platt_logistic_regression,0.4965154478341322,0,0.6543017545506397,0.3786733837111671,0.14273719563392107,no_interaction|interaction,2,True,0.23529411764705882,0.603448275862069,0.23529411764705882,False,False,True
C1C(N(C2=C(N1)NC(=NC2=O)N)C=O)CNC3=CC=C(C=C3)C(=O)NC(CCC(=O)O)C(=O)O,CN1CCC(=C2C3=C(C(=O)CC4=CC=CC=C42)SC=C3)CC1,0,unreported_twosides_sampled,0.27400127053260803,0.25331561760491705,0.25331561760491705,fitted,platt_logistic_regression,0.4965154478341322,0,0.5659484930795811,0.5256087321578505,0.08312342569269521,no_interaction,1,False,0.5256410256410257,0.3018867924528302,0.3018867924528302,False,False,True
CC12CCC3C(C1CCC2O)C(CC4=C3C=CC(=C4)O)CCCCCCCCCS(=O)CCCC(C(F)(F)F)(F)F,CC1=C(C(C(=C(N1)C)C(=O)OCC(C)C)C2=CC=CC=C2[N+](=O)[O-])C(=O)OC,0,unreported_twosides_sampled,0.4138281047344208,0.3925629342280742,0.3925629342280742,fitted,platt_logistic_regression,0.4965154478341322,0,0.6698807240291839,0.34005037783375314,0.16036943744752308,no_interaction|interaction,2,True,0.4492753623188406,0.8043478260869565,0.4492753623188406,False,False,False
CCOC1=C(C=CC(=C1)CC(=O)NC(CC(C)C)C2=CC=CC=C2N3CCCCC3)C(=O)O,CN1CC(=O)N2C(C1=O)CC3=C(C2C4=CC5=C(C=C4)OCO5)NC6=CC=CC=C36,0,unreported_twosides_sampled,0.9963082671165466,0.9966061501350016,0.9966061501350016,fitted,platt_logistic_regression,0.4965154478341322,1,0.02268480303716817,0.0008396305625524769,0.9907640638119227,interaction,1,False,0.2804878048780488,0.24050632911392406,0.24050632911392406,False,False,True
CC(C=CC(C)C(C)(C)O)C1CCC2C1(CCCC2=CC=C3CC(CC(C3)O)O)C,C[N+](C)(C)CC(CC(=O)O)O,1,reported_twosides,0.8408985733985901,0.8368600904277153,0.8368600904277153,fitted,platt_logistic_regression,0.4965154478341322,1,0.44484007992437946,0.037783375314861464,0.6759026028547439,interaction,1,False,0.5625,0.36666666666666664,0.36666666666666664,False,False,True
CC(C)C(CCCN(C)CCC1=CC(=C(C=C1)OC)OC)(C#N)C2=CC(=C(C=C2)OC)OC,CC1=C(SC=C1)C(=CCCN2CCCC(C2)C(=O)O)C3=C(C=CS3)C,1,reported_twosides,0.48111242055892944,0.4610656345148773,0.4610656345148773,fitted,platt_logistic_regression,0.4965154478341322,0,0.6901123395973852,0.28295549958018473,0.22334172963895885,no_interaction|interaction,2,True,0.23529411764705882,0.26865671641791045,0.23529411764705882,False,False,True
CC1=NN=C2N1C3=C(C=C(C=C3)Cl)C(=NC2)C4=CC=CC=C4,CC1CC2C3CCC4=CC(=O)C=CC4(C3(C(CC2(C1(C(=O)CO)O)C)O)F)C,1,reported_twosides,0.8635082840919495,0.8605763490152507,0.8605763490152507,fitted,platt_logistic_regression,0.4965154478341322,1,0.4039158634135377,0.031066330814441646,0.7187237615449202,interaction,1,False,0.7659574468085106,0.8596491228070176,0.7659574468085106,False,False,False
CC12CCC3C(C1CCC2O)C(CC4=C3C=CC(=C4)O)CCCCCCCCCS(=O)CCCC(C(F)(F)F)(F)F,CN1C(=C(NC2=CC=CC=N2)O)C(=O)C3=CC=CC=C3S1(=O)=O,0,unreported_twosides_sampled,0.42270007729530334,0.4015457597172797,0.4015457597172797,fitted,platt_logistic_regression,0.4965154478341322,0,0.6736334429072599,0.3308144416456759,0.16792611251049538,no_interaction|interaction,2,True,0.4492753623188406,0.62,0.4492753623188406,False,False,False
CC(C)C(CCCN(C)CCC1=CC(=C(C=C1)OC)OC)(C#N)C2=CC(=C(C=C2)OC)OC,CC12CCC3C(C1CCC2C(=O)NC4=C(C=CC(=C4)C(F)(F)F)C(F)(F)F)CCC5C3(C=CC(=O)N5)C,1,reported_twosides,0.308409184217453,0.28714134289035714,0.28714134289035714,fitted,platt_logistic_regression,0.4965154478341322,0,0.5995722034120897,0.47103274559193953,0.09739714525608732,no_interaction,1,False,0.23529411764705882,0.6417910447761194,0.23529411764705882,False,False,True
CC1=NN=C(S1)SCC2=C(N3C(C(C3=O)NC(=O)CN4C=NN=N4)SC2)C(=O)[O-],CC1CN(CCN1)C2=C(C=C3C(=C2OC)N(C=C(C3=O)C(=O)O)C4CC4)F,1,reported_twosides,0.8587914705276489,0.8556335600394722,0.8556335600394722,fitted,platt_logistic_regression,0.4965154478341322,1,0.4128113410729719,0.0327455919395466,0.7111670864819479,interaction,1,False,0.4574468085106383,0.7230769230769231,0.4574468085106383,False,False,False
C1CN=C(N1)NC2=C(C=CC=C2Cl)Cl,CC1=C(C(C(=C(N1)C)C(=O)OCC(C)C)C2=CC=CC=C2[N+](=O)[O-])C(=O)OC,1,reported_twosides,0.07875629514455795,0.06855401999991305,0.06855401999991305,fitted,platt_logistic_regression,0.4965154478341322,0,0.24988248371726485,0.8614609571788413,0.009235936188077247,no_interaction,1,False,0.5853658536585366,0.8043478260869565,0.5853658536585366,False,False,False
CC1=NN=C2N1C3=C(C=C(C=C3)Cl)C(=NC2)C4=CC=CC=C4,CN(C)NN=C1C(=NC=N1)C(=O)N,1,reported_twosides,0.14578977227210999,0.13037266728249802,0.13037266728249802,fitted,platt_logistic_regression,0.4965154478341322,0,0.3870945179486348,0.7371956339210747,0.026028547439126783,no_interaction,1,False,0.7659574468085106,0.24390243902439024,0.24390243902439024,False,False,True
C(CCl)NC(=O)N(CCCl)N=O,C1=CC(=CC=C1N)S(=O)(=O)C2=CC=C(C=C2)N,0,unreported_twosides_sampled,0.06285133212804794,0.05422444137653396,0.05422444137653396,fitted,platt_logistic_regression,0.4965154478341322,0,0.210770811421517,0.889168765743073,0.005037783375314861,no_interaction,1,False,0.2391304347826087,0.43333333333333335,0.2391304347826087,False,False,True
CC1=C(C(=O)C2=CC=CC=C2C1=O)CC=C(C)CCCC(C)CCCC(C)CCCC(C)C,CCCCC(=O)N(CC1=CC=C(C=C1)C2=CC=CC=C2C3=NNN=N3)C(C(C)C)C(=O)O,0,unreported_twosides_sampled,0.8502612709999084,0.8466878236133344,0.8466878236133344,fitted,platt_logistic_regression,0.4965154478341322,1,0.4284116286708882,0.03610411418975651,0.6935348446683459,interaction,1,False,0.22058823529411764,0.4533333333333333,0.22058823529411764,False,False,True
CC(=O)OCC(=O)C12C(CC3C1(CC(C4(C3CC(C5=CC(=O)C=CC54C)F)F)O)C)OC(O2)(C)C,CNC(=C[N+](=O)[O-])NCCSCC1=CC=C(O1)CN(C)C,0,unreported_twosides_sampled,0.247557133436203,0.2275382549179361,0.2275382549179361,fitted,platt_logistic_regression,0.4965154478341322,0,0.5362846347483008,0.563392107472712,0.07220822837951302,no_interaction,1,False,0.8059701492537313,0.603448275862069,0.603448275862069,False,False,False
C1=CC(=C2NC(=C3C=CC=CC3=O)N(N2)C4=CC=C(C=C4)C(=O)O)C(=O)C=C1,CCCCC(=O)N(CC1=CC=C(C=C1)C2=CC=CC=C2C3=NNN=N3)C(C(C)C)C(=O)O,1,reported_twosides,0.7432461380958557,0.7341013221577681,0.7341013221577681,fitted,platt_logistic_regression,0.4965154478341322,1,0.5791367642714456,0.08816120906801007,0.5004198152812762,interaction,1,False,0.22033898305084745,0.4533333333333333,0.22033898305084745,False,False,True
CC(C)(C)NCC(C1=CC(=C(C=C1)O)CO)O,CNC(=C[N+](=O)[O-])NCCSCC1=CC=C(O1)CN(C)C,1,reported_twosides,0.3094528019428253,0.28817212018138577,0.28817212018138577,fitted,platt_logistic_regression,0.4965154478341322,0,0.6005069045254361,0.4693534844668346,0.09907640638119228,no_interaction,1,False,0.5227272727272727,0.603448275862069,0.5227272727272727,False,False,False
CC1=NN=C2N1C3=C(C=C(C=C3)Cl)C(=NC2)C4=CC=CC=C4,CCCN1CC(CC2C1CC3=CNC4=CC=CC2=C34)CSC,1,reported_twosides,0.04927583783864975,0.042124661998952054,0.042124661998952054,fitted,platt_logistic_regression,0.4965154478341322,0,0.17463863106275973,0.9135180520570949,0.0033585222502099076,no_interaction,1,False,0.7659574468085106,0.42168674698795183,0.42168674698795183,False,False,False
CCC(C)C(=O)OC1CC(C=C2C1C(C(C=C2)C)CCC3CC(CC(=O)O3)O)C,COC1=C(C=C(C=C1)C2=CC3=C(C=C2)C=C(C=C3)C(=O)O)C45CC6CC(C4)CC(C6)C5,0,unreported_twosides_sampled,0.5059245824813843,0.4865327575000741,0.4865327575000741,fitted,platt_logistic_regression,0.4965154478341322,0,0.6927844034476416,0.26028547439126787,0.23929471032745592,no_interaction|interaction,2,True,0.7424242424242424,0.288135593220339,0.288135593220339,False,False,True
C1CN=C(N1)NC2=C(C=CC=C2Cl)Cl,CC(C=CC(C)C(C)(C)O)C1CCC2C1(CCCC2=CC=C3CC(CC(C3)O)O)C,1,reported_twosides,0.743925154209137,0.7348160631265968,0.7348160631265968,fitted,platt_logistic_regression,0.4965154478341322,1,0.5784096128221485,0.08816120906801007,0.5020990764063812,interaction,1,False,0.5853658536585366,0.5625,0.5625,False,False,False
CC1CC2C3CCC4=CC(=O)C=CC4(C3(C(CC2(C1(C(=O)CO)O)C)O)F)C,CCCC1(CC(=O)C(=C(O1)O)C(CC)C2=CC(=CC=C2)NS(=O)(=O)C3=NC=C(C=C3)C(F)(F)F)CCC4=CC=CC=C4,0,unreported_twosides_sampled,0.27966174483299255,0.2588586643588046,0.2588586643588046,fitted,platt_logistic_regression,0.4965154478341322,0,0.5718597274609412,0.5155331654072208,0.0873215785054576,no_interaction,1,False,0.8596491228070176,0.2247191011235955,0.2247191011235955,False,False,True
C1CC(C1)(C(=O)O)C(=O)O.N.N.[Pt],CC12CCC3C(C1CCC2(C)O)CCC4C3(COC(=O)C4)C,1,reported_twosides,0.37715569138526917,0.35560565468036764,0.35560565468036764,fitted,platt_logistic_regression,0.4965154478341322,0,0.6508478647003599,0.38706968933669184,0.14021830394626364,no_interaction|interaction,2,True,0.26666666666666666,0.31343283582089554,0.26666666666666666,False,False,True
CC(C=CC(C)C(C)(C)O)C1CCC2C1(CCCC2=CC=C3CC(CC(C3)O)O)C,CCCCC(=O)N(CC1=CC=C(C=C1)C2=CC=CC=C2C3=NNN=N3)C(C(C)C)C(=O)O,1,reported_twosides,0.7575241327285767,0.7491326073681678,0.7491326073681678,fitted,platt_logistic_regression,0.4965154478341322,1,0.5632860680470781,0.08312342569269521,0.5306465155331654,interaction,1,False,0.5625,0.4533333333333333,0.4533333333333333,False,False,False
CC(C)C(CCCN(C)CCC1=CC(=C(C=C1)OC)OC)(C#N)C2=CC(=C(C=C2)OC)OC,CCN(C)C(=O)OC1=CC=CC(=C1)C(C)N(C)C,1,reported_twosides,0.12945261597633362,0.11512088653799855,0.11512088653799855,fitted,platt_logistic_regression,0.4965154478341322,0,0.35708963439743424,0.7699412258606213,0.020151133501259445,no_interaction,1,False,0.23529411764705882,0.32653061224489793,0.23529411764705882,False,False,True
CC(C)C(CCCN(C)CCC1=CC(=C(C=C1)OC)OC)(C#N)C2=CC(=C(C=C2)OC)OC,CCOC1=C(C=CC(=C1)CC(=O)NC(CC(C)C)C2=CC=CC=C2N3CCCCC3)C(=O)O,1,reported_twosides,0.18833623826503754,0.17057095626707103,0.17057095626707103,fitted,platt_logistic_regression,0.4965154478341322,0,0.45679038269999184,0.6591099916036943,0.04114189756507137,no_interaction,1,False,0.23529411764705882,0.2804878048780488,0.23529411764705882,False,False,True
CCC(C)C(=O)OC1CC(C=C2C1C(C(C=C2)C)CCC3CC(CC(=O)O3)O)C,CN1C(=C(NC2=CC=CC=N2)O)C(=O)C3=CC=CC=C3S1(=O)=O,1,reported_twosides,0.907971203327179,0.90698558313179,0.90698558313179,fitted,platt_logistic_regression,0.4965154478341322,1,0.3094571576691346,0.011754827875734676,0.81696053736356,interaction,1,False,0.7424242424242424,0.62,0.62,False,False,False
CC(C)(C)NCC(C1=CC(=C(C=C1)O)CO)O,CN1CC(=O)N2C(C1=O)CC3=C(C2C4=CC5=C(C=C4)OCO5)NC6=CC=CC=C36,1,reported_twosides,0.9929479360580444,0.9933922252467602,0.9933922252467602,fitted,platt_logistic_regression,0.4965154478341322,1,0.0397536755834006,0.0008396305625524769,0.9815281276238456,interaction,1,False,0.5227272727272727,0.24050632911392406,0.24050632911392406,False,False,True
C1C(N(C2=C(N1)NC(=NC2=O)N)C=O)CNC3=CC=C(C=C3)C(=O)NC(CCC(=O)O)C(=O)O,CC(C=CC(C)C(C)(C)O)C1CCC2C1(CCCC2=CC=C3CC(CC(C3)O)O)C,0,unreported_twosides_sampled,0.397225558757782,0.3757962025416287,0.3757962025416287,fitted,platt_logistic_regression,0.4965154478341322,0,0.6619686067979331,0.3635600335852225,0.15365239294710328,no_interaction|interaction,2,True,0.5256410256410257,0.5625,0.5256410256410257,False,False,False
C1CC(C1)(C(=O)O)C(=O)O.N.N.[Pt],CC(C)C(CCCN(C)CCC1=CC(=C(C=C1)OC)OC)(C#N)C2=CC(=C(C=C2)OC)OC,1,reported_twosides,0.11338501423597336,0.10023051774582524,0.10023051774582524,fitted,platt_logistic_regression,0.4965154478341322,0,0.3255891776359814,0.7942905121746432,0.016792611251049538,no_interaction,1,False,0.26666666666666666,0.23529411764705882,0.23529411764705882,False,False,True
CCCCC(=O)N(CC1=CC=C(C=C1)C2=CC=CC=C2C3=NNN=N3)C(C(C)C)C(=O)O,CNC(=C[N+](=O)[O-])NCCSCC1=CC=C(O1)CN(C)C,1,reported_twosides,0.612048864364624,0.5965026590510794,0.5965026590510794,fitted,platt_logistic_regression,0.4965154478341322,1,0.6744042591686734,0.16960537363560033,0.32829554995801846,no_interaction|interaction,2,True,0.4533333333333333,0.603448275862069,0.4533333333333333,False,False,False
CN1C(=C(NC2=CC=CC=N2)O)C(=O)C3=CC=CC=C3S1(=O)=O,CN1CC(=O)N2C(C1=O)CC3=C(C2C4=CC5=C(C=C4)OCO5)NC6=CC=CC=C36,0,unreported_twosides_sampled,0.9956300258636475,0.9959626725205813,0.9959626725205813,fitted,platt_logistic_regression,0.4965154478341322,1,0.026283611265022835,0.0008396305625524769,0.9907640638119227,interaction,1,False,0.62,0.24050632911392406,0.24050632911392406,False,False,True
CC(=O)OCC(=O)C12C(CC3C1(CC(C4(C3CC(C5=CC(=O)C=CC54C)F)F)O)C)OC(O2)(C)C,CC1CN(CCN1)C2=C(C=C3C(=C2OC)N(C=C(C3=O)C(=O)O)C4CC4)F,0,unreported_twosides_sampled,0.13979049026966095,0.12475937498270905,0.12475937498270905,fitted,platt_logistic_regression,0.4965154478341322,0,0.3763016617599139,0.7489504617968094,0.02434928631402183,no_interaction,1,False,0.8059701492537313,0.7230769230769231,0.7230769230769231,False,False,False
C1CN=C(N1)NC2=C(C=CC=C2Cl)Cl,CCOC(=O)N1CCC(=C2C3=C(CCC4=C2N=CC=C4)C=C(C=C3)Cl)CC1,1,reported_twosides,0.5012022852897644,0.48167787707301213,0.48167787707301213,fitted,platt_logistic_regression,0.4965154478341322,0,0.6924756298425876,0.26364399664147775,0.2367758186397985,no_interaction|interaction,2,True,0.5853658536585366,0.5892857142857143,0.5853658536585366,False,False,False
C1C(OC(S1)CO)N2C=C(C(=NC2=O)N)F,CN1C=NC(=C1SC2=NC=NC3=C2NC=N3)[N+](=O)[O-],0,unreported_twosides_sampled,0.8864859342575073,0.8846075338169058,0.8846075338169058,fitted,platt_logistic_regression,0.4965154478341322,1,0.3576431507008412,0.020151133501259445,0.7691015952980689,interaction,1,False,0.6326530612244898,0.25925925925925924,0.25925925925925924,False,False,True
CC1=NN=C(S1)SCC2=C(N3C(C(C3=O)NC(=O)CN4C=NN=N4)SC2)C(=O)[O-],CCCC1(CC(=O)C(=C(O1)O)C(CC)C2=CC(=CC=C2)NS(=O)(=O)C3=NC=C(C=C3)C(F)(F)F)CCC4=CC=CC=C4,0,unreported_twosides_sampled,0.1668429672718048,0.15018134219476392,0.15018134219476392,fitted,platt_logistic_regression,0.4965154478341322,0,0.4230235152504346,0.7019311502938707,0.033585222502099076,no_interaction,1,False,0.4574468085106383,0.2247191011235955,0.2247191011235955,False,False,True
CC1=NN=C2N1C3=C(C=C(C=C3)Cl)C(=NC2)C4=CC=CC=C4,CCOC(=O)N1CCC(=C2C3=C(CCC4=C2N=CC=C4)C=C(C=C3)Cl)CC1,1,reported_twosides,0.5202103853225708,0.5012415575507999,0.5012415575507999,fitted,platt_logistic_regression,0.4965154478341322,1,0.6931440976264732,0.24685138539042822,0.24685138539042822,no_interaction|interaction,2,True,0.7659574468085106,0.5892857142857143,0.5892857142857143,False,False,False
CC1=NN=C(S1)SCC2=C(N3C(C(C3=O)NC(=O)CN4C=NN=N4)SC2)C(=O)[O-],CCCCC(=O)N(CC1=CC=C(C=C1)C2=CC=CC=C2C3=NNN=N3)C(C(C)C)C(=O)O,1,reported_twosides,0.7568168640136719,0.7483879390407189,0.7483879390407189,fitted,platt_logistic_regression,0.4965154478341322,1,0.5640992545170368,0.08312342569269521,0.5289672544080605,interaction,1,False,0.4574468085106383,0.4533333333333333,0.4533333333333333,False,False,False
