source,target,label,label_evidence,raw_prediction_score,calibrated_prediction_score,prediction_score,calibration_status,calibration_method,threshold,predicted_label,predictive_entropy_nats,conformal_no_interaction_p_value,conformal_interaction_p_value,conformal_prediction_set,conformal_prediction_set_size,conformal_abstain,source_nearest_train_tanimoto,target_nearest_train_tanimoto,pair_minimum_nearest_train_tanimoto,source_exactly_seen_in_training,target_exactly_seen_in_training,structural_ood_flag
CC(C)(C)C(C(=O)NC(CC1=CC=CC=C1)C(CN(CC2=CC=C(C=C2)C3=CC=CC=N3)NC(=O)C(C(C)(C)C)NC(=O)OC)O)NC(=O)OC,CCCC1=NC2=C(N1CC3=CC=C(C=C3)C4=CC=CC=C4C(=O)O)C=C(C=C2C)C5=NC6=CC=CC=C6N5C,0,unreported_twosides_sampled,0.400235652923584,0.4202900355935685,0.4202900355935685,fitted,platt_logistic_regression,0.5104907112694607,0,0.6803854433140961,0.2281144781144781,0.13047138047138046,no_interaction|interaction,2,True,0.3018867924528302,0.38823529411764707,0.3018867924528302,False,False,True
CCCN1CCCCC1C(=O)NC2=C(C=CC=C2C)C,CNCCCN1C2=CC=CC=C2CCC3=CC=CC=C31,0,unreported_twosides_sampled,0.32329511642456055,0.3478509310610229,0.3478509310610229,fitted,platt_logistic_regression,0.5104907112694607,0,0.6461061209195724,0.2786195286195286,0.10185185185185185,no_interaction|interaction,2,True,0.8604651162790697,0.6111111111111112,0.6111111111111112,False,False,False
CC(C)(C)NCC(C1=NC(=C(C=C1)O)CO)O,CC(C)C1=C(C(=CC=C1)C(C)C)O,0,unreported_twosides_sampled,0.5693427324295044,0.5759778043120566,0.5759778043120566,fitted,platt_logistic_regression,0.5104907112694607,1,0.6815570805806168,0.13131313131313133,0.22727272727272727,no_interaction|interaction,2,True,0.5227272727272727,0.2857142857142857,0.2857142857142857,False,False,True
CC(C)(C)C(C(=O)NC(CC1=CC=CC=C1)C(CN(CC2=CC=C(C=C2)C3=CC=CC=N3)NC(=O)C(C(C)(C)C)NC(=O)OC)O)NC(=O)OC,CN(C)CCC=C1C2=CC=CC=C2COC3=CC=CC=C31,1,reported_twosides,0.7038091421127319,0.6994690526916575,0.6994690526916575,fitted,platt_logistic_regression,0.5104907112694607,1,0.6113135015967485,0.08249158249158249,0.3181818181818182,interaction,1,False,0.3018867924528302,0.7027027027027027,0.3018867924528302,False,False,True
C1=C(C(=O)NC(=O)N1)F,CN1CCC23C4C1CC5=C2C(=C(C=C5)O)OC3C(C=C4)O,1,reported_twosides,0.3741459548473358,0.3958958121354389,0.3958958121354389,fitted,platt_logistic_regression,0.5104907112694607,0,0.6713124291325661,0.24663299663299662,0.117003367003367,no_interaction|interaction,2,True,0.1891891891891892,0.5333333333333333,0.1891891891891892,False,False,True
CC1=CN(C(=O)NC1=O)C2C=CC(O2)CO,CN(C)CCC=C1C2=CC=CC=C2COC3=CC=CC=C31,0,unreported_twosides_sampled,0.7121649384498596,0.7072139987838676,0.7072139987838676,fitted,platt_logistic_regression,0.5104907112694607,1,0.6046274106460942,0.07996632996632996,0.3223905723905724,interaction,1,False,0.5652173913043478,0.7027027027027027,0.5652173913043478,False,False,False
CC1=NN=C(S1)SCC2=C(N3C(C(C3=O)NC(=O)CN4C=NN=N4)SC2)C(=O)[O-],CCCN1CCCCC1C(=O)NC2=C(C=CC=C2C)C,1,reported_twosides,0.11335031688213348,0.13714342212948974,0.13714342212948974,fitted,platt_logistic_regression,0.5104907112694607,0,0.39974388570367747,0.4823232323232323,0.026094276094276093,no_interaction,1,False,0.4574468085106383,0.8604651162790697,0.4574468085106383,False,False,False
CC1=C(C2=C(N1C(=O)C3=CC=C(C=C3)Cl)C=CC(=C2)OC)CC(=O)O,CCCCCC(C=CC1C(CC2C1CC(=CCCCC(=O)O)O2)O)O,0,unreported_twosides_sampled,0.058724500238895416,0.07599208836638237,0.07599208836638237,fitted,platt_logistic_regression,0.5104907112694607,0,0.268869827385265,0.5909090909090909,0.010942760942760943,no_interaction,1,False,0.2982456140350877,0.5625,0.2982456140350877,False,False,True
CC(C)(C)C(C(=O)NC(CC1=CC=CC=C1)C(CN(CC2=CC=C(C=C2)C3=CC=CC=N3)NC(=O)C(C(C)(C)C)NC(=O)OC)O)NC(=O)OC,CC1=NN=C(S1)SCC2=C(N3C(C(C3=O)NC(=O)CN4C=NN=N4)SC2)C(=O)[O-],0,unreported_twosides_sampled,0.19195911288261414,0.21923192201565891,0.21923192201565891,fitted,platt_logistic_regression,0.5104907112694607,0,0.5259341105650652,0.3846801346801347,0.04882154882154882,no_interaction,1,False,0.3018867924528302,0.4574468085106383,0.3018867924528302,False,False,True
CC1C(C(C(C(O1)OC2C(OC(C(C2O)O)OC3C(OC(C(C3O)O)O)CO)CO)O)O)NC4C=C(C(C(C4O)O)O)CO,CNC1CCC(C2=CC=CC=C12)C3=CC(=C(C=C3)Cl)Cl,1,reported_twosides,0.5199723839759827,0.530786873993212,0.530786873993212,fitted,platt_logistic_regression,0.5104907112694607,1,0.69125031767278,0.15488215488215487,0.20033670033670034,no_interaction|interaction,2,True,0.29850746268656714,0.2549019607843137,0.2549019607843137,False,False,True
C(CCl)NC(=O)N(CCCl)N=O,CCCC1=NC2=C(N1CC3=CC=C(C=C3)C4=CC=CC=C4C(=O)O)C=C(C=C2C)C5=NC6=CC=CC=C6N5C,0,unreported_twosides_sampled,0.14912796020507812,0.1751646306036732,0.1751646306036732,fitted,platt_logistic_regression,0.5104907112694607,0,0.46398162176662894,0.43602693602693604,0.03872053872053872,no_interaction,1,False,0.2391304347826087,0.38823529411764707,0.2391304347826087,False,False,True
C1=C(C(=O)NC(=O)N1)F,CCC1=C(CN(C1=O)C(=O)NCCC2=CC=C(C=C2)S(=O)(=O)NC(=O)NC3CCC(CC3)C)C,1,reported_twosides,0.36834681034088135,0.3904520060337847,0.3904520060337847,fitted,platt_logistic_regression,0.5104907112694607,0,0.668949845331142,0.2516835016835017,0.11616161616161616,no_interaction|interaction,2,True,0.1891891891891892,0.48,0.1891891891891892,False,False,True
CC1=NC=C2N1C3=C(C=C(C=C3)Cl)C(=NC2)C4=CC=CC=C4F,CC1CC2C3CCC4=CC(=O)C=CC4(C3(C(CC2(C1(C(=O)CCl)O)C)O)F)C,0,unreported_twosides_sampled,0.999903678894043,0.999805131839063,0.999805131839063,fitted,platt_logistic_regression,0.5104907112694607,1,0.0018596443756252097,0.0008417508417508417,0.9528619528619529,interaction,1,False,0.5454545454545454,0.847457627118644,0.5454545454545454,False,False,False
CCC1=C(CN(C1=O)C(=O)NCCC2=CC=C(C=C2)S(=O)(=O)NC(=O)NC3CCC(CC3)C)C,CN(C)CCC1=CNC2=C1C=C(C=C2)CN3C=NC=N3,0,unreported_twosides_sampled,0.05492940545082092,0.0715484496733465,0.0715484496733465,fitted,platt_logistic_regression,0.5104907112694607,0,0.25762601389296264,0.5993265993265994,0.009259259259259259,no_interaction,1,False,0.48,0.5272727272727272,0.48,False,False,False
CC12CCC3C(C1CCC2C(=O)NC(C)(C)C)CCC4C3(C=CC(=O)N4)C,CN=C1CN(C(=C2C=C(C=CC2=N1)Cl)C3=CC=CC=C3)O,0,unreported_twosides_sampled,0.11661241203546524,0.14066486252577856,0.14066486252577856,fitted,platt_logistic_regression,0.5104907112694607,0,0.4061685700398015,0.4764309764309764,0.027777777777777776,no_interaction,1,False,0.3582089552238806,0.3387096774193548,0.3387096774193548,False,False,True
C1=C(C(=O)NC(=O)N1)F,COC1=C(C(=NC=C1)CS(=O)C2=NC3=C(N2)C=C(C=C3)OC(F)F)OC,1,reported_twosides,0.9917661547660828,0.9884580313125704,0.9884580313125704,fitted,platt_logistic_regression,0.5104907112694607,1,0.06297265936172851,0.0008417508417508417,0.8114478114478114,interaction,1,False,0.1891891891891892,0.5538461538461539,0.1891891891891892,False,False,True
CCN(CC)C(=O)C(=CC1=CC(=C(C(=C1)O)O)[N+](=O)[O-])C#N,COC1=C(C(=NC=C1)CS(=O)C2=NC3=C(N2)C=C(C=C3)OC(F)F)OC,1,reported_twosides,0.4928220510482788,0.5058805560774676,0.5058805560774676,fitted,platt_logistic_regression,0.5104907112694607,0,0.6930780170858415,0.17592592592592593,0.1893939393939394,no_interaction|interaction,2,True,0.35714285714285715,0.5538461538461539,0.35714285714285715,False,False,True
CC1=C(C(CCC1)(C)C)C=CC(=CC=CC(=CCO)C)C,CNC1CCC(C2=CC=CC=C12)C3=CC(=C(C=C3)Cl)Cl,0,unreported_twosides_sampled,0.47936657071113586,0.49351338324098987,0.49351338324098987,fitted,platt_logistic_regression,0.5104907112694607,0,0.6930630258052881,0.1893939393939394,0.1750841750841751,no_interaction|interaction,2,True,0.6956521739130435,0.2549019607843137,0.2549019607843137,False,False,True
CC(=O)N(CCCCCNC(=O)CCC(=O)N(CCCCCNC(=O)CCC(=O)N(CCCCCN)O)O)O,CNC1CCC(C2=CC=CC=C12)C3=CC(=C(C=C3)Cl)Cl,0,unreported_twosides_sampled,0.4752103090286255,0.48968946237884475,0.48968946237884475,fitted,platt_logistic_regression,0.5104907112694607,0,0.6929345511170169,0.19107744107744107,0.1717171717171717,no_interaction|interaction,2,True,0.3,0.2549019607843137,0.2549019607843137,False,False,True
CC(C)(C)C(C(=O)NC(CC1=CC=CC=C1)C(CN(CC2=CC=C(C=C2)C3=CC=CC=N3)NC(=O)C(C(C)(C)C)NC(=O)OC)O)NC(=O)OC,COC1=C(C(=NC=C1)CS(=O)C2=NC3=C(N2)C=C(C=C3)OC(F)F)OC,1,reported_twosides,0.9992220401763916,0.998673445977152,0.998673445977152,fitted,platt_logistic_regression,0.5104907112694607,1,0.010114320550963785,0.0008417508417508417,0.9074074074074074,interaction,1,False,0.3018867924528302,0.5538461538461539,0.3018867924528302,False,False,True
CC1(OC2CC3C4CCC5=CC(=O)C=CC5(C4C(CC3(C2(O1)C(=O)CO)C)O)C)C,CN(C)CCC=C1C2=CC=CC=C2COC3=CC=CC=C31,0,unreported_twosides_sampled,0.9602380394935608,0.9514005654076413,0.9514005654076413,fitted,platt_logistic_regression,0.5104907112694607,1,0.19437053046256023,0.003367003367003367,0.6607744107744108,interaction,1,False,0.7313432835820896,0.7027027027027027,0.7027027027027027,False,False,False
C1=C(C(=O)NC(=O)N1)F,C1=NC2=C(N1COC(CO)CO)NC(=NC2=O)N,0,unreported_twosides_sampled,0.6142203211784363,0.6170461758322089,0.6170461758322089,fitted,platt_logistic_regression,0.5104907112694607,1,0.6654916676564341,0.11363636363636363,0.2558922558922559,no_interaction|interaction,2,True,0.1891891891891892,0.6739130434782609,0.1891891891891892,False,False,True
CC1=CN(C(=O)NC1=O)C2C=CC(O2)CO,CN(CC1=CN=C2C(=N1)C(=NC(=N2)N)N)C3=CC=C(C=C3)C(=O)NC(CCC(=O)O)C(=O)O,1,reported_twosides,0.4172850251197815,0.4361540420328556,0.4361540420328556,fitted,platt_logistic_regression,0.5104907112694607,0,0.6849722670589607,0.2196969696969697,0.13804713804713806,no_interaction|interaction,2,True,0.5652173913043478,0.4868421052631579,0.4868421052631579,False,False,False
CN(CC1=CN=C2C(=N1)C(=NC(=N2)N)N)C3=CC=C(C=C3)C(=O)NC(CCC(=O)O)C(=O)O,COC1=C(C=C2C(=C1)N=CN=C2NC3=CC(=C(C=C3)F)Cl)OCCCN4CCOCC4,0,unreported_twosides_sampled,0.12925860285758972,0.15420701569652204,0.15420701569652204,fitted,platt_logistic_regression,0.5104907112694607,0,0.42993770063308634,0.45791245791245794,0.03367003367003367,no_interaction,1,False,0.4868421052631579,0.40789473684210525,0.40789473684210525,False,False,False
CC(C)C1=C(C(=CC=C1)C(C)C)O,CC(CC1=CC=CC=C1)N(C)CC#C,0,unreported_twosides_sampled,0.4658237397670746,0.4810461392536287,0.4810461392536287,fitted,platt_logistic_regression,0.5104907112694607,0,0.6924285107069363,0.19444444444444445,0.16582491582491582,no_interaction|interaction,2,True,0.2857142857142857,0.42424242424242425,0.2857142857142857,False,False,True
CC1OCC2C(O1)C(C(C(O2)OC3C4COC(=O)C4C(C5=CC6=C(C=C35)OCO6)C7=CC(=C(C(=C7)OC)O)OC)O)O,COC1=C(C=C2C(=C1)C(=NC(=N2)N3CCN(CC3)C(=O)C4COC5=CC=CC=C5O4)N)OC,0,unreported_twosides_sampled,0.9522300958633423,0.9425741302376311,0.9425741302376311,fitted,platt_logistic_regression,0.5104907112694607,1,0.21982516598729657,0.005892255892255892,0.6313131313131313,interaction,1,False,0.20588235294117646,0.6515151515151515,0.20588235294117646,False,False,True
CN(C)CCC1=CNC2=C1C=C(C=C2)CN3C=NC=N3,CN1CCC23C4C1CC5=C2C(=C(C=C5)O)OC3C(C=C4)O,1,reported_twosides,0.3791932761669159,0.4006272195454633,0.4006272195454633,fitted,platt_logistic_regression,0.5104907112694607,0,0.6732651632001869,0.24074074074074073,0.12121212121212122,no_interaction|interaction,2,True,0.5272727272727272,0.5333333333333333,0.5272727272727272,False,False,False
CC1=CN(C(=O)NC1=O)C2C=CC(O2)CO,CCN(CC)C(=O)C(=CC1=CC(=C(C(=C1)O)O)[N+](=O)[O-])C#N,0,unreported_twosides_sampled,0.14225775003433228,0.16795943421603626,0.16795943421603626,fitted,platt_logistic_regression,0.5104907112694607,0,0.4526358338738896,0.4393939393939394,0.0361952861952862,no_interaction,1,False,0.5652173913043478,0.35714285714285715,0.35714285714285715,False,False,True
CC12CCC3C(C1CCC2O)CCC4=CC(=O)CCC34C,CC1=CN(C(=O)NC1=O)C2C=CC(O2)CO,1,reported_twosides,0.6605249047279358,0.6595324790598492,0.6595324790598492,fitted,platt_logistic_regression,0.5104907112694607,1,0.6413450949025998,0.09848484848484848,0.2878787878787879,interaction,1,False,0.723404255319149,0.5652173913043478,0.5652173913043478,False,False,False
CC12CCC3C(C1CCC2=O)CC(=C)C4=CC(=O)C=CC34C,CC1C(C(C(C(O1)OC2C(OC(C(C2O)O)OC3C(OC(C(C3O)O)O)CO)CO)O)O)NC4C=C(C(C(C4O)O)O)CO,0,unreported_twosides_sampled,0.7535896897315979,0.745835947305125,0.745835947305125,fitted,platt_logistic_regression,0.5104907112694607,1,0.5668637553518403,0.06313131313131314,0.3569023569023569,interaction,1,False,0.3235294117647059,0.29850746268656714,0.29850746268656714,False,False,True
CC1=NC=C2N1C3=C(C=C(C=C3)Cl)C(=NC2)C4=CC=CC=C4F,CN(C)CCC=C1C2=CC=CC=C2COC3=CC=CC=C31,0,unreported_twosides_sampled,0.738342821598053,0.7315725799281532,0.7315725799281532,fitted,platt_logistic_regression,0.5104907112694607,1,0.5816884354440639,0.06986531986531987,0.3400673400673401,interaction,1,False,0.5454545454545454,0.7027027027027027,0.5454545454545454,False,False,False
CC1=CN(C(=O)NC1=O)C2C=CC(O2)CO,COC1=C(C=C2C(=C1)C(=NC(=N2)N3CCN(CC3)C(=O)C4COC5=CC=CC=C5O4)N)OC,1,reported_twosides,0.7645056843757629,0.7560874774774803,0.7560874774774803,fitted,platt_logistic_regression,0.5104907112694607,1,0.5555480049445879,0.05808080808080808,0.3653198653198653,interaction,1,False,0.5652173913043478,0.6515151515151515,0.5652173913043478,False,False,False
CCCC1CC(N(C1)C)C(=O)NC(C2C(C(C(C(O2)SC)O)O)O)C(C)Cl,CN1CCC23C4C1CC5=C2C(=C(C=C5)O)OC3C(C=C4)O,1,reported_twosides,0.3330383598804474,0.3571143851989943,0.3571143851989943,fitted,platt_logistic_regression,0.5104907112694607,0,0.6517398239782868,0.26851851851851855,0.10437710437710437,no_interaction|interaction,2,True,0.8545454545454545,0.5333333333333333,0.5333333333333333,False,False,False
CN(C)CCC1=CNC2=C1C=C(C=C2)CN3C=NC=N3,COC1=C(C(=NC=C1)CS(=O)C2=NC3=C(N2)C=C(C=C3)OC(F)F)OC,1,reported_twosides,0.9991567134857178,0.9985715430147438,0.9985715430147438,fitted,platt_logistic_regression,0.5104907112694607,1,0.01078548715873588,0.0008417508417508417,0.9040404040404041,interaction,1,False,0.5272727272727272,0.5538461538461539,0.5272727272727272,False,False,False
C1=NC2C(=N1)NC(=NC2=S)N,CC1C(C(C(C(O1)OC2C(OC(C(C2O)O)OC3C(OC(C(C3O)O)O)CO)CO)O)O)NC4C=C(C(C(C4O)O)O)CO,0,unreported_twosides_sampled,0.8859525322914124,0.8735430621466703,0.8735430621466703,fitted,platt_logistic_regression,0.5104907112694607,1,0.3795955599100429,0.022727272727272728,0.4957912457912458,interaction,1,False,0.15555555555555556,0.29850746268656714,0.15555555555555556,False,False,True
CN(C)CCC1=CNC2=C1C=C(C=C2)CN3C=NC=N3,CN(C)CCC=C1C2=CC=CC=C2COC3=CC=CC=C31,1,reported_twosides,0.6019393801689148,0.6058020127445998,0.6058020127445998,fitted,platt_logistic_regression,0.5104907112694607,1,0.6705889063485988,0.117003367003367,0.2474747474747475,no_interaction|interaction,2,True,0.5272727272727272,0.7027027027027027,0.5272727272727272,False,False,False
CC1=NN=C(S1)SCC2=C(N3C(C(C3=O)NC(=O)CN4C=NN=N4)SC2)C(=O)[O-],CN(C)CCC1=CNC2=C1C=C(C=C2)CN3C=NC=N3,0,unreported_twosides_sampled,0.08144363015890121,0.10199182235351067,0.10199182235351067,fitted,platt_logistic_regression,0.5104907112694607,0,0.32943754233251327,0.5437710437710438,0.020202020202020204,no_interaction,1,False,0.4574468085106383,0.5272727272727272,0.4574468085106383,False,False,False
CC(C)(C)NCC(C1=NC(=C(C=C1)O)CO)O,CCC1(CC2CC(C3=C(CCN(C2)C1)C4=CC=CC=C4N3)(C5=C(C=C6C(=C5)C78CCN9C7C(C=CC9)(C(C(C8N6C=O)(C(=O)OC)O)OC(=O)C)CC)OC)C(=O)OC)O,0,unreported_twosides_sampled,0.4930414855480194,0.5060820958305936,0.5060820958305936,fitted,platt_logistic_regression,0.5104907112694607,0,0.693073194955919,0.1750841750841751,0.1893939393939394,no_interaction|interaction,2,True,0.5227272727272727,0.89,0.5227272727272727,False,False,False
CC12CCC3C(C1CCC2=O)CC(=C)C4=CC(=O)C=CC34C,CC12CCC3C(C1CCC2C(=O)NC(C)(C)C)CCC4C3(C=CC(=O)N4)C,0,unreported_twosides_sampled,0.18483446538448334,0.21199435309621484,0.21199435309621484,fitted,platt_logistic_regression,0.5104907112694607,0,0.5165870799615226,0.39646464646464646,0.045454545454545456,no_interaction,1,False,0.3235294117647059,0.3582089552238806,0.3235294117647059,False,False,True
CNC1CCC(C2=CC=CC=C12)C3=CC(=C(C=C3)Cl)Cl,COC1=C(C(=NC=C1)CS(=O)C2=NC3=C(N2)C=C(C=C3)OC(F)F)OC,1,reported_twosides,0.9999105930328369,0.9998180159005255,0.9998180159005255,fitted,platt_logistic_regression,0.5104907112694607,1,0.0017491402162588014,0.0008417508417508417,0.9545454545454546,interaction,1,False,0.2549019607843137,0.5538461538461539,0.2549019607843137,False,False,True
CC1C(C(C(C(O1)OC2C(OC(C(C2O)O)OC3C(OC(C(C3O)O)O)CO)CO)O)O)NC4C=C(C(C(C4O)O)O)CO,CN(C)CCC1=CNC2=C1C=C(C=C2)CN3C=NC=N3,0,unreported_twosides_sampled,0.34833651781082153,0.37160127595024706,0.37160127595024706,fitted,platt_logistic_regression,0.5104907112694607,0,0.6598024099615689,0.2601010101010101,0.10942760942760943,no_interaction|interaction,2,True,0.29850746268656714,0.5272727272727272,0.29850746268656714,False,False,True
C=CC1=C(N2C(C(C2=O)NC(=O)C(=NO)C3=CSC(=N3)N)SC1)C(=O)O,CC12CCC3C(C1CCC2C(=O)NC(C)(C)C)CCC4C3(C=CC(=O)N4)C,1,reported_twosides,0.05609079822897911,0.07291178452188647,0.07291178452188647,fitted,platt_logistic_regression,0.5104907112694607,0,0.26110652785953503,0.5968013468013468,0.010101010101010102,no_interaction,1,False,0.7941176470588235,0.3582089552238806,0.3582089552238806,False,False,True
CC1=CC(=C(C=C1)C)OCCCC(C)(C)C(=O)O,CN1CCC23C4C1CC5=C2C(=C(C=C5)O)OC3C(C=C4)O,1,reported_twosides,0.1434285044670105,0.16919025187671655,0.16919025187671655,fitted,platt_logistic_regression,0.5104907112694607,0,0.4545999278842801,0.4393939393939394,0.0361952861952862,no_interaction,1,False,0.26,0.5333333333333333,0.26,False,False,True
CC1=C(C2=C(N1C(=O)C3=CC=C(C=C3)Cl)C=CC(=C2)OC)CC(=O)O,CNCCCN1C2=CC=CC=C2CCC3=CC=CC=C31,0,unreported_twosides_sampled,0.14841896295547485,0.1744229895154114,0.1744229895154114,fitted,platt_logistic_regression,0.5104907112694607,0,0.46283057481210477,0.43686868686868685,0.037037037037037035,no_interaction,1,False,0.2982456140350877,0.6111111111111112,0.2982456140350877,False,False,True
C1=NC2=C(N1COC(CO)CO)NC(=NC2=O)N,CC1=CN(C(=O)NC1=O)C2C=CC(O2)CO,1,reported_twosides,0.3632749915122986,0.38568405751740154,0.38568405751740154,fitted,platt_logistic_regression,0.5104907112694607,0,0.6667783107871772,0.255050505050505,0.11531986531986532,no_interaction|interaction,2,True,0.6739130434782609,0.5652173913043478,0.5652173913043478,False,False,False
CCCC1CC(N(C1)C)C(=O)NC(C2C(C(C(C(O2)SC)O)O)O)C(C)Cl,CN=C1CN(C(=C2C=C(C=CC2=N1)Cl)C3=CC=CC=C3)O,0,unreported_twosides_sampled,0.02029096521437168,0.029006202414142975,0.029006202414142975,fitted,platt_logistic_regression,0.5104907112694607,0,0.1312704753847032,0.7365319865319865,0.0008417508417508417,no_interaction,1,False,0.8545454545454545,0.3387096774193548,0.3387096774193548,False,False,True
CCC1=C(CN(C1=O)C(=O)NCCC2=CC=C(C=C2)S(=O)(=O)NC(=O)NC3CCC(CC3)C)C,CN(C)CCC=C1C2=CC=CC=C2COC3=CC=CC=C31,1,reported_twosides,0.49503082036972046,0.5079090006122583,0.5079090006122583,fitted,platt_logistic_regression,0.5104907112694607,0,0.6930220707610016,0.1734006734006734,0.19023569023569023,no_interaction|interaction,2,True,0.48,0.7027027027027027,0.48,False,False,False
CC12CCC3C(C1CCC2=O)CC(=C)C4=CC(=O)C=CC34C,CN(CC1=CN=C2C(=N1)C(=NC(=N2)N)N)C3=CC=C(C=C3)C(=O)NC(CCC(=O)O)C(=O)O,1,reported_twosides,0.21400687098503113,0.24142417798953122,0.24142417798953122,fitted,platt_logistic_regression,0.5104907112694607,0,0.5527159963871766,0.3686868686868687,0.0563973063973064,no_interaction,1,False,0.3235294117647059,0.4868421052631579,0.3235294117647059,False,False,True
CC1=NN=C(S1)SCC2=C(N3C(C(C3=O)NC(=O)CN4C=NN=N4)SC2)C(=O)[O-],CN=C1CN(C(=C2C=C(C=CC2=N1)Cl)C3=CC=CC=C3)O,0,unreported_twosides_sampled,0.12379142642021179,0.14837322962202365,0.14837322962202365,fitted,platt_logistic_regression,0.5104907112694607,0,0.41987688115217714,0.46296296296296297,0.03198653198653199,no_interaction,1,False,0.4574468085106383,0.3387096774193548,0.3387096774193548,False,False,True
CCCCC(C)(CC=CC1C(CC(=O)C1CCCCCCC(=O)OC)O)O,CN(CC1=CN=C2C(=N1)C(=NC(=N2)N)N)C3=CC=C(C=C3)C(=O)NC(CCC(=O)O)C(=O)O,1,reported_twosides,0.1783994734287262,0.2054275312174249,0.2054275312174249,fitted,platt_logistic_regression,0.5104907112694607,0,0.5078351384255843,0.4015151515151515,0.04461279461279461,no_interaction,1,False,0.49230769230769234,0.4868421052631579,0.4868421052631579,False,False,False
CC(C)(C)NCC(C1=NC(=C(C=C1)O)CO)O,CCCCCC(C=CC1C(CC2C1CC(=CCCCC(=O)O)O2)O)O,0,unreported_twosides_sampled,0.5448912978172302,0.553606097026565,0.553606097026565,fitted,platt_logistic_regression,0.5104907112694607,1,0.6873888921394806,0.1447811447811448,0.21212121212121213,no_interaction|interaction,2,True,0.5227272727272727,0.5625,0.5227272727272727,False,False,False
C1=CC=C(C=C1)CCNN,CCCC1CC(N(C1)C)C(=O)NC(C2C(C(C(C(O2)SC)O)O)O)C(C)Cl,0,unreported_twosides_sampled,0.22198337316513062,0.2493819491610252,0.2493819491610252,fitted,platt_logistic_regression,0.5104907112694607,0,0.5616551271800944,0.35774410774410775,0.06228956228956229,no_interaction,1,False,0.35714285714285715,0.8545454545454545,0.35714285714285715,False,False,True
C(CCl)NC(=O)N(CCCl)N=O,CC(C)(C)C(C(=O)NC(CC1=CC=CC=C1)C(CN(CC2=CC=C(C=C2)C3=CC=CC=N3)NC(=O)C(C(C)(C)C)NC(=O)OC)O)NC(=O)OC,0,unreported_twosides_sampled,0.16357800364494324,0.19018809317529783,0.19018809317529783,fitted,platt_logistic_regression,0.5104907112694607,0,0.48649558676727545,0.41835016835016836,0.04208754208754209,no_interaction,1,False,0.2391304347826087,0.3018867924528302,0.2391304347826087,False,False,True
CCCCCC(C=CC1C(CC2C1CC(=CCCCC(=O)O)O2)O)O,COC1=C(C=C2C(=C1)C(=NC(=N2)N3CCN(CC3)C(=O)C4COC5=CC=CC=C5O4)N)OC,0,unreported_twosides_sampled,0.3485110402107239,0.37176615336998725,0.37176615336998725,fitted,platt_logistic_regression,0.5104907112694607,0,0.6598889706763255,0.2601010101010101,0.10942760942760943,no_interaction|interaction,2,True,0.5625,0.6515151515151515,0.5625,False,False,False
CC(C)(C)C(C(=O)NC(CC1=CC=CC=C1)C(CN(CC2=CC=C(C=C2)C3=CC=CC=N3)NC(=O)C(C(C)(C)C)NC(=O)OC)O)NC(=O)OC,CN1CCC23C4C1CC5=C2C(=C(C=C5)O)OC3C(C=C4)O,1,reported_twosides,0.43913793563842773,0.4564102616352648,0.4564102616352648,fitted,platt_logistic_regression,0.5104907112694607,0,0.6893422216204792,0.2037037037037037,0.14983164983164984,no_interaction|interaction,2,True,0.3018867924528302,0.5333333333333333,0.3018867924528302,False,False,True
C1=CC=C(C=C1)CCNN,CN(C)CCC1=CNC2=C1C=C(C=C2)CN3C=NC=N3,0,unreported_twosides_sampled,0.3680056035518646,0.3901314465908421,0.3901314465908421,fitted,platt_logistic_regression,0.5104907112694607,0,0.6688068482053735,0.2516835016835017,0.11616161616161616,no_interaction|interaction,2,True,0.35714285714285715,0.5272727272727272,0.35714285714285715,False,False,True
CCCC1CC(N(C1)C)C(=O)NC(C2C(C(C(C(O2)SC)O)O)O)C(C)Cl,CNC1CCC(C2=CC=CC=C12)C3=CC(=C(C=C3)Cl)Cl,1,reported_twosides,0.169969841837883,0.1967803584536067,0.1967803584536067,fitted,platt_logistic_regression,0.5104907112694607,0,0.4959065270618823,0.4116161616161616,0.04292929292929293,no_interaction,1,False,0.8545454545454545,0.2549019607843137,0.2549019607843137,False,False,True
CC1(OC2CC3C4CCC5=CC(=O)C=CC5(C4C(CC3(C2(O1)C(=O)CO)C)O)C)C,CC1=C(C2=C(N1C(=O)C3=CC=C(C=C3)Cl)C=CC(=C2)OC)CC(=O)O,0,unreported_twosides_sampled,0.42934131622314453,0.4473394533071258,0.4473394533071258,fitted,platt_logistic_regression,0.5104907112694607,0,0.6875906147458037,0.2112794612794613,0.14562289562289563,no_interaction|interaction,2,True,0.7313432835820896,0.2982456140350877,0.2982456140350877,False,False,True
CC1=CN(C(=O)NC1=O)C2C=CC(O2)CO,CCCC1CC(N(C1)C)C(=O)NC(C2C(C(C(C(O2)SC)O)O)O)C(C)Cl,1,reported_twosides,0.3509769141674042,0.3740948412092825,0.3740948412092825,fitted,platt_logistic_regression,0.5104907112694607,0,0.661099111423761,0.25757575757575757,0.1111111111111111,no_interaction|interaction,2,True,0.5652173913043478,0.8545454545454545,0.5652173913043478,False,False,False
CC1OCC2C(O1)C(C(C(O2)OC3C4COC(=O)C4C(C5=CC6=C(C=C35)OCO6)C7=CC(=C(C(=C7)OC)O)OC)O)O,CNC1CCC(C2=CC=CC=C12)C3=CC(=C(C=C3)Cl)Cl,1,reported_twosides,0.7223750352859497,0.7166965511660056,0.7166965511660056,fitted,platt_logistic_regression,0.5104907112694607,1,0.5960462972065654,0.0765993265993266,0.32575757575757575,interaction,1,False,0.20588235294117646,0.2549019607843137,0.20588235294117646,False,False,True
CCCCCCCCCCCCCCCCCCCCCCO,CN1CCC23C4C1CC5=C2C(=C(C=C5)O)OC3C(C=C4)O,0,unreported_twosides_sampled,0.24496042728424072,0.2721140970190252,0.2721140970190252,fitted,platt_logistic_regression,0.5104907112694607,0,0.5853502493929761,0.33754208754208753,0.07323232323232323,no_interaction,1,False,0.24242424242424243,0.5333333333333333,0.24242424242424243,False,False,True
CC12CCC3C(C1CCC2O)CCC4=CC(=O)CCC34C,CCC1=C(CN(C1=O)C(=O)NCCC2=CC=C(C=C2)S(=O)(=O)NC(=O)NC3CCC(CC3)C)C,1,reported_twosides,0.5939229130744934,0.5984654214120713,0.5984654214120713,fitted,platt_logistic_regression,0.5104907112694607,1,0.6736289810571275,0.12121212121212122,0.2398989898989899,no_interaction|interaction,2,True,0.723404255319149,0.48,0.48,False,False,False
CC(CC1=CC=CC=C1)N(C)CC#C,CC1C(C(C(C(O1)OC2C(OC(C(C2O)O)OC3C(OC(C(C3O)O)O)CO)CO)O)O)NC4C=C(C(C(C4O)O)O)CO,0,unreported_twosides_sampled,0.22978518903255463,0.25713147665345637,0.25713147665345637,fitted,platt_logistic_regression,0.5104907112694607,0,0.5700350969201677,0.35185185185185186,0.06313131313131314,no_interaction,1,False,0.42424242424242425,0.29850746268656714,0.29850746268656714,False,False,True
CC(C)C1=C(C(=CC=C1)C(C)C)O,CN1CCC23C4C1CC5=C2C(=C(C=C5)O)OC3C(C=C4)O,1,reported_twosides,0.194146066904068,0.22144679349537338,0.22144679349537338,fitted,platt_logistic_regression,0.5104907112694607,0,0.528733029770742,0.38215488215488214,0.049663299663299666,no_interaction,1,False,0.2857142857142857,0.5333333333333333,0.2857142857142857,False,False,True
CN(C)CCC1=CNC2=C1C=C(C=C2)CN3C=NC=N3,CNC1CCC(C2=CC=CC=C12)C3=CC(=C(C=C3)Cl)Cl,1,reported_twosides,0.4833703339099884,0.4971952314908578,0.4971952314908578,fitted,platt_logistic_regression,0.5104907112694607,0,0.6931314470246507,0.18518518518518517,0.17929292929292928,no_interaction|interaction,2,True,0.5272727272727272,0.2549019607843137,0.2549019607843137,False,False,True
CCC1(CC2CC(C3=C(CCN(C2)C1)C4=CC=CC=C4N3)(C5=C(C=C6C(=C5)C78CCN9C7C(C=CC9)(C(C(C8N6C=O)(C(=O)OC)O)OC(=O)C)CC)OC)C(=O)OC)O,CN(CC1=CN=C2C(=N1)C(=NC(=N2)N)N)C3=CC=C(C=C3)C(=O)NC(CCC(=O)O)C(=O)O,1,reported_twosides,0.20814412832260132,0.2355518908362157,0.2355518908362157,fitted,platt_logistic_regression,0.5104907112694607,0,0.5458982150271217,0.3728956228956229,0.054713804713804715,no_interaction,1,False,0.89,0.4868421052631579,0.4868421052631579,False,False,False
C1=C(C(=O)NC(=O)N1)F,CC1=CC(=C(C=C1)C)OCCCC(C)(C)C(=O)O,1,reported_twosides,0.2736957371234894,0.3001846245915666,0.3001846245915666,fitted,platt_logistic_regression,0.5104907112694607,0,0.6110206529280984,0.3181818181818182,0.08164983164983165,no_interaction,1,False,0.1891891891891892,0.26,0.1891891891891892,False,False,True
C1=C(C(=O)NC(=O)N1)F,CCC1(CC2CC(C3=C(CCN(C2)C1)C4=CC=CC=C4N3)(C5=C(C=C6C(=C5)C78CCN9C7C(C=CC9)(C(C(C8N6C=O)(C(=O)OC)O)OC(=O)C)CC)OC)C(=O)OC)O,1,reported_twosides,0.34423187375068665,0.3677209903657874,0.3677209903657874,fitted,platt_logistic_regression,0.5104907112694607,0,0.6577316030491591,0.2609427609427609,0.10942760942760943,no_interaction|interaction,2,True,0.1891891891891892,0.89,0.1891891891891892,False,False,True
CCCC(CCC)C(=O)O,CCCC1CC(N(C1)C)C(=O)NC(C2C(C(C(C(O2)SC)O)O)O)C(C)Cl,1,reported_twosides,0.05629897862672806,0.07315583508187219,0.07315583508187219,fitted,platt_logistic_regression,0.5104907112694607,0,0.26172665913004606,0.5968013468013468,0.010942760942760943,no_interaction,1,False,0.27586206896551724,0.8545454545454545,0.27586206896551724,False,False,True
C1=NC2=C(N1COC(CO)CO)NC(=NC2=O)N,C1CC(CCC1C2=CC=C(C=C2)Cl)C3=C(C4=CC=CC=C4C(=O)C3=O)O,1,reported_twosides,0.41930946707725525,0.43803405666709233,0.43803405666709233,fitted,platt_logistic_regression,0.5104907112694607,0,0.6854478439871576,0.21801346801346802,0.1388888888888889,no_interaction|interaction,2,True,0.6739130434782609,0.2549019607843137,0.2549019607843137,False,False,True
CC(C)C1=C(C(=CC=C1)C(C)C)O,CCC1(CC2CC(C3=C(CCN(C2)C1)C4=CC=CC=C4N3)(C5=C(C=C6C(=C5)C78CCN9C7C(C=CC9)(C(C(C8N6C=O)(C(=O)OC)O)OC(=O)C)CC)OC)C(=O)OC)O,0,unreported_twosides_sampled,0.02736489474773407,0.038071445194021586,0.038071445194021586,fitted,platt_logistic_regression,0.5104907112694607,0,0.16176590361893683,0.7045454545454546,0.0025252525252525255,no_interaction,1,False,0.2857142857142857,0.89,0.2857142857142857,False,False,True
CC1C(C(C(C(O1)OC2C(OC(C(C2O)O)OC3C(OC(C(C3O)O)O)CO)CO)O)O)NC4C=C(C(C(C4O)O)O)CO,COC1=C(C=C2C(=C1)C(=NC(=N2)N3CCN(CC3)C(=O)C4COC5=CC=CC=C5O4)N)OC,1,reported_twosides,0.3870144486427307,0.40794709372100335,0.40794709372100335,fitted,platt_logistic_regression,0.5104907112694607,0,0.6761026443747589,0.23737373737373738,0.12289562289562289,no_interaction|interaction,2,True,0.29850746268656714,0.6515151515151515,0.29850746268656714,False,False,True
CC1=CC(=C(C=C1)C)OCCCC(C)(C)C(=O)O,CC1=NC=C2N1C3=C(C=C(C=C3)Cl)C(=NC2)C4=CC=CC=C4F,0,unreported_twosides_sampled,0.25542810559272766,0.28238302363895934,0.28238302363895934,fitted,platt_logistic_regression,0.5104907112694607,0,0.5951899317466316,0.3265993265993266,0.0765993265993266,no_interaction,1,False,0.26,0.5454545454545454,0.26,False,False,True
C1CC(CCC1C2=CC=C(C=C2)Cl)C3=C(C4=CC=CC=C4C(=O)C3=O)O,CNS(=O)(=O)CCC1=CC2=C(C=C1)NC=C2C3CCN(CC3)C,0,unreported_twosides_sampled,0.3113611340522766,0.33646281292916386,0.33646281292916386,fitted,platt_logistic_regression,0.5104907112694607,0,0.638661356796042,0.2904040404040404,0.09511784511784512,no_interaction,1,False,0.2549019607843137,0.4492753623188406,0.2549019607843137,False,False,True
CC(C)(C)NCC(C1=NC(=C(C=C1)O)CO)O,CNC1CCC(C2=CC=CC=C12)C3=CC(=C(C=C3)Cl)Cl,1,reported_twosides,0.5185672044754028,0.5294991366851817,0.5294991366851817,fitted,platt_logistic_regression,0.5104907112694607,1,0.6914057713593212,0.15572390572390574,0.20033670033670034,no_interaction|interaction,2,True,0.5227272727272727,0.2549019607843137,0.2549019607843137,False,False,True
CC1C(C(C(C(O1)OC2C(OC(C(C2O)O)OC3C(OC(C(C3O)O)O)CO)CO)O)O)NC4C=C(C(C(C4O)O)O)CO,CC1OCC2C(O1)C(C(C(O2)OC3C4COC(=O)C4C(C5=CC6=C(C=C35)OCO6)C7=CC(=C(C(=C7)OC)O)OC)O)O,0,unreported_twosides_sampled,0.49014145135879517,0.5034181945878494,0.5034181945878494,fitted,platt_logistic_regression,0.5104907112694607,0,0.6931238122694383,0.17929292929292928,0.18518518518518517,no_interaction|interaction,2,True,0.29850746268656714,0.20588235294117646,0.20588235294117646,False,False,True
CC1=CN(C(=O)NC1=O)C2C=CC(O2)CO,CC1OCC2C(O1)C(C(C(O2)OC3C4COC(=O)C4C(C5=CC6=C(C=C35)OCO6)C7=CC(=C(C(=C7)OC)O)OC)O)O,0,unreported_twosides_sampled,0.5518769025802612,0.5599987435228491,0.5599987435228491,fitted,platt_logistic_regression,0.5104907112694607,1,0.6859301032637832,0.1414141414141414,0.21717171717171718,no_interaction|interaction,2,True,0.5652173913043478,0.20588235294117646,0.20588235294117646,False,False,True
CCCC1=NC2=C(N1CC3=CC=C(C=C3)C4=CC=CC=C4C(=O)O)C=C(C=C2C)C5=NC6=CC=CC=C6N5C,COC1=C(C=C2C(=C1)C(=NC(=N2)N3CCN(CC3)C(=O)C4COC5=CC=CC=C5O4)N)OC,1,reported_twosides,0.6742719411849976,0.6721871174122076,0.6721871174122076,fitted,platt_logistic_regression,0.5104907112694607,1,0.6326189221900024,0.09006734006734007,0.2962962962962963,interaction,1,False,0.38823529411764707,0.6515151515151515,0.38823529411764707,False,False,True
CC1=C(C2=C(N1C(=O)C3=CC=C(C=C3)Cl)C=CC(=C2)OC)CC(=O)O,CN(C)CCC1=CNC2=C1C=C(C=C2)CN3C=NC=N3,1,reported_twosides,0.1791103482246399,0.2061543978859532,0.2061543978859532,fitted,platt_logistic_regression,0.5104907112694607,0,0.5088167618756827,0.4015151515151515,0.04461279461279461,no_interaction,1,False,0.2982456140350877,0.5272727272727272,0.2982456140350877,False,False,True
CC(C)C1=C(C(=CC=C1)C(C)C)O,CCCCC(C)(CC=CC1C(CC(=O)C1CCCCCCC(=O)OC)O)O,0,unreported_twosides_sampled,0.24652975797653198,0.27365695586902244,0.27365695586902244,fitted,platt_logistic_regression,0.5104907112694607,0,0.586862301485769,0.335016835016835,0.07323232323232323,no_interaction,1,False,0.2857142857142857,0.49230769230769234,0.2857142857142857,False,False,True
CCCC1CC(N(C1)C)C(=O)NC(C2C(C(C(C(O2)SC)O)O)O)C(C)Cl,COC1=C(C=C2C(=C1)N=CN=C2NC3=CC(=C(C=C3)F)Cl)OCCCN4CCOCC4,1,reported_twosides,0.33422768115997314,0.3582431237737454,0.3582431237737454,fitted,platt_logistic_regression,0.5104907112694607,0,0.6524006480375317,0.2676767676767677,0.10606060606060606,no_interaction|interaction,2,True,0.8545454545454545,0.40789473684210525,0.40789473684210525,False,False,False
CC1=NN=C(S1)SCC2=C(N3C(C(C3=O)NC(=O)CN4C=NN=N4)SC2)C(=O)[O-],CCCC1=NC2=C(N1CC3=CC=C(C=C3)C4=CC=CC=C4C(=O)O)C=C(C=C2C)C5=NC6=CC=CC=C6N5C,0,unreported_twosides_sampled,0.7473165988922119,0.7399600407456711,0.7399600407456711,fitted,platt_logistic_regression,0.5104907112694607,1,0.5730987091055374,0.06397306397306397,0.351010101010101,interaction,1,False,0.4574468085106383,0.38823529411764707,0.38823529411764707,False,False,True
CC1OCC2C(O1)C(C(C(O2)OC3C4COC(=O)C4C(C5=CC6=C(C=C35)OCO6)C7=CC(=C(C(=C7)OC)O)OC)O)O,CCCC1=NC2=C(N1CC3=CC=C(C=C3)C4=CC=CC=C4C(=O)O)C=C(C=C2C)C5=NC6=CC=CC=C6N5C,1,reported_twosides,0.8126348853111267,0.8017692576610045,0.8017692576610045,fitted,platt_logistic_regression,0.5104907112694607,1,0.4979399077792419,0.04292929292929293,0.4099326599326599,interaction,1,False,0.20588235294117646,0.38823529411764707,0.20588235294117646,False,False,True
C1=C(C(=O)NC(=O)N1)F,CCCC1CC(N(C1)C)C(=O)NC(C2C(C(C(C(O2)SC)O)O)O)C(C)Cl,1,reported_twosides,0.3127829134464264,0.3378220629158154,0.3378220629158154,fitted,platt_logistic_regression,0.5104907112694607,0,0.6395802847158909,0.2887205387205387,0.09595959595959595,no_interaction,1,False,0.1891891891891892,0.8545454545454545,0.1891891891891892,False,False,True
CC1=C(C2=C(N1C(=O)C3=CC=C(C=C3)Cl)C=CC(=C2)OC)CC(=O)O,CCN(CC)C(=O)C(=CC1=CC(=C(C(=C1)O)O)[N+](=O)[O-])C#N,0,unreported_twosides_sampled,0.02659965120255947,0.03710308076063584,0.03710308076063584,fitted,platt_logistic_regression,0.5104907112694607,0,0.15862568584521516,0.7087542087542088,0.0025252525252525255,no_interaction,1,False,0.2982456140350877,0.35714285714285715,0.2982456140350877,False,False,True
CC(C)(C)C(C(=O)NC(CC1=CC=CC=C1)C(CN(CC2=CC=C(C=C2)C3=CC=CC=N3)NC(=O)C(C(C)(C)C)NC(=O)OC)O)NC(=O)OC,CC1=C(C2=C(N1C(=O)C3=CC=C(C=C3)Cl)C=CC(=C2)OC)CC(=O)O,1,reported_twosides,0.28838691115379333,0.31439913661711677,0.31439913661711677,fitted,platt_logistic_regression,0.5104907112694607,0,0.6225753782145489,0.30808080808080807,0.08838383838383838,no_interaction,1,False,0.3018867924528302,0.2982456140350877,0.2982456140350877,False,False,True
CC(C)C1=C(C(=CC=C1)C(C)C)O,CC1OCC2C(O1)C(C(C(O2)OC3C4COC(=O)C4C(C5=CC6=C(C=C35)OCO6)C7=CC(=C(C(=C7)OC)O)OC)O)O,1,reported_twosides,0.29943209886550903,0.3250305921633079,0.3250305921633079,fitted,platt_logistic_regression,0.5104907112694607,0,0.6306033856830097,0.29797979797979796,0.08922558922558922,no_interaction,1,False,0.2857142857142857,0.20588235294117646,0.20588235294117646,False,False,True
CC12CCC3C(C1CCC2=O)CC(=C)C4=CC(=O)C=CC34C,CNS(=O)(=O)CCC1=CC2=C(C=C1)NC=C2C3CCN(CC3)C,0,unreported_twosides_sampled,0.31033164262771606,0.3354781658028788,0.3354781658028788,fitted,platt_logistic_regression,0.5104907112694607,0,0.6379905132314765,0.29208754208754206,0.09511784511784512,no_interaction,1,False,0.3235294117647059,0.4492753623188406,0.3235294117647059,False,False,True
C1=C(C(=O)NC(=O)N1)F,CNCCCN1C2=CC=CC=C2CCC3=CC=CC=C31,0,unreported_twosides_sampled,0.17464472353458405,0.2015823013212529,0.2015823013212529,fitted,platt_logistic_regression,0.5104907112694607,0,0.502588150354218,0.4065656565656566,0.04461279461279461,no_interaction,1,False,0.1891891891891892,0.6111111111111112,0.1891891891891892,False,False,True
CC1=NN=C(S1)SCC2=C(N3C(C(C3=O)NC(=O)CN4C=NN=N4)SC2)C(=O)[O-],CCCCC(C)(CC=CC1C(CC(=O)C1CCCCCCC(=O)OC)O)O,1,reported_twosides,0.6147671341896057,0.6175469908306574,0.6175469908306574,fitted,platt_logistic_regression,0.5104907112694607,1,0.6652522333552497,0.11363636363636363,0.25673400673400676,no_interaction|interaction,2,True,0.4574468085106383,0.49230769230769234,0.4574468085106383,False,False,False
CC(CCC(=O)O)C1CCC2C1(CCC3C2C(CC4C3(CCC(C4)O)C)O)C,CC1=C(C2=C(N1C(=O)C3=CC=C(C=C3)Cl)C=CC(=C2)OC)CC(=O)O,1,reported_twosides,0.06269462406635284,0.08060692749685945,0.08060692749685945,fitted,platt_logistic_regression,0.5104907112694607,0,0.28024920264494385,0.5824915824915825,0.011784511784511785,no_interaction,1,False,0.25925925925925924,0.2982456140350877,0.25925925925925924,False,False,True
CC1=C(C2=C(N1C(=O)C3=CC=C(C=C3)Cl)C=CC(=C2)OC)CC(=O)O,COC1=C(C(=NC=C1)CS(=O)C2=NC3=C(N2)C=C(C=C3)OC(F)F)OC,1,reported_twosides,0.9858171343803406,0.9810202920562682,0.9810202920562682,fitted,platt_logistic_regression,0.5104907112694607,1,0.0940413099161224,0.0008417508417508417,0.7710437710437711,interaction,1,False,0.2982456140350877,0.5538461538461539,0.2982456140350877,False,False,True
CC1=C(C(CCC1)(C)C)C=CC(=CC=CC(=CCO)C)C,CC1CC2C3CCC4=CC(=O)C=CC4(C3(C(CC2(C1(C(=O)CCl)O)C)O)F)C,1,reported_twosides,0.9993674159049988,0.998902868305025,0.998902868305025,fitted,platt_logistic_regression,0.5104907112694607,1,0.008573543626504943,0.0008417508417508417,0.9141414141414141,interaction,1,False,0.6956521739130435,0.847457627118644,0.6956521739130435,False,False,False
CC1=C(C(CCC1)(C)C)C=CC(=CC=CC(=CCO)C)C,CN1CCC23C4C1CC5=C2C(=C(C=C5)O)OC3C(C=C4)O,0,unreported_twosides_sampled,0.4762497544288635,0.4906459720454593,0.4906459720454593,fitted,platt_logistic_regression,0.5104907112694607,0,0.6929721746727382,0.19107744107744107,0.1717171717171717,no_interaction|interaction,2,True,0.6956521739130435,0.5333333333333333,0.5333333333333333,False,False,False
CN(C)CCC=C1C2=CC=CC=C2COC3=CC=CC=C31,CN=C1CN(C(=C2C=C(C=CC2=N1)Cl)C3=CC=CC=C3)O,1,reported_twosides,0.5278942584991455,0.5380444942765615,0.5380444942765615,fitted,platt_logistic_regression,0.5104907112694607,1,0.6902496137562009,0.15235690235690236,0.20286195286195285,no_interaction|interaction,2,True,0.7027027027027027,0.3387096774193548,0.3387096774193548,False,False,True
CC1CC2C3CCC4=CC(=O)C=CC4(C3(C(CC2(C1(C(=O)CCl)O)C)O)F)C,CCCCC(C)(CC=CC1C(CC(=O)C1CCCCCCC(=O)OC)O)O,0,unreported_twosides_sampled,0.9996705055236816,0.9993971659096655,0.9993971659096655,fitted,platt_logistic_regression,0.5104907112694607,1,0.005071985046210828,0.0008417508417508417,0.9318181818181818,interaction,1,False,0.847457627118644,0.49230769230769234,0.49230769230769234,False,False,False
CN(C)CCC=C1C2=CC=CC=C2COC3=CC=CC=C31,CNC1CCC(C2=CC=CC=C12)C3=CC(=C(C=C3)Cl)Cl,1,reported_twosides,0.8325534462928772,0.8209580692703659,0.8209580692703659,fitted,platt_logistic_regression,0.5104907112694607,1,0.4699376071531438,0.03956228956228956,0.43097643097643096,interaction,1,False,0.7027027027027027,0.2549019607843137,0.2549019607843137,False,False,True
CC1=C(C2=C(N1C(=O)C3=CC=C(C=C3)Cl)C=CC(=C2)OC)CC(=O)O,CC1OCC2C(O1)C(C(C(O2)OC3C4COC(=O)C4C(C5=CC6=C(C=C35)OCO6)C7=CC(=C(C(=C7)OC)O)OC)O)O,0,unreported_twosides_sampled,0.47311756014823914,0.4877633187416982,0.4877633187416982,fitted,platt_logistic_regression,0.5104907112694607,0,0.6928476779217063,0.19107744107744107,0.1717171717171717,no_interaction|interaction,2,True,0.2982456140350877,0.20588235294117646,0.20588235294117646,False,False,True
CC1OCC2C(O1)C(C(C(O2)OC3C4COC(=O)C4C(C5=CC6=C(C=C35)OCO6)C7=CC(=C(C(=C7)OC)O)OC)O)O,COC1=C(C=C2C(=C1)N=CN=C2NC3=CC(=C(C=C3)F)Cl)OCCCN4CCOCC4,1,reported_twosides,0.9587423205375671,0.9497399797778606,0.9497399797778606,fitted,platt_logistic_regression,0.5104907112694607,1,0.19928014649939174,0.004208754208754209,0.6548821548821548,interaction,1,False,0.20588235294117646,0.40789473684210525,0.20588235294117646,False,False,True
C1=C(C(=O)NC(=O)N1)F,CCN(CC)C(=O)C(=CC1=CC(=C(C(=C1)O)O)[N+](=O)[O-])C#N,0,unreported_twosides_sampled,0.08152580261230469,0.10208421019948546,0.10208421019948546,fitted,platt_logistic_regression,0.5104907112694607,0,0.32963846578599554,0.5437710437710438,0.020202020202020204,no_interaction,1,False,0.1891891891891892,0.35714285714285715,0.1891891891891892,False,False,True
COC1=C(C(=NC=C1)CS(=O)C2=NC3=C(N2)C=C(C=C3)OC(F)F)OC,COC1=C(C=C2C(=C1)N=CN=C2NC3=CC(=C(C=C3)F)Cl)OCCCN4CCOCC4,1,reported_twosides,0.9999961853027344,0.9999899550100788,0.9999899550100788,fitted,platt_logistic_regression,0.5104907112694607,1,0.0001256470687547097,0.0008417508417508417,0.9873737373737373,interaction,1,False,0.5538461538461539,0.40789473684210525,0.40789473684210525,False,False,False
CC1OCC2C(O1)C(C(C(O2)OC3C4COC(=O)C4C(C5=CC6=C(C=C35)OCO6)C7=CC(=C(C(=C7)OC)O)OC)O)O,CCN(CC)C(=O)C(=CC1=CC(=C(C(=C1)O)O)[N+](=O)[O-])C#N,0,unreported_twosides_sampled,0.04348877817392349,0.057938822362913395,0.057938822362913395,fitted,platt_logistic_regression,0.5104907112694607,0,0.22125804498440216,0.6296296296296297,0.005892255892255892,no_interaction,1,False,0.20588235294117646,0.35714285714285715,0.20588235294117646,False,False,True
CC12CCC3C(C1CCC2=O)CC(=C)C4=CC(=O)C=CC34C,CCCCC(C)(CC=CC1C(CC(=O)C1CCCCCCC(=O)OC)O)O,0,unreported_twosides_sampled,0.570999801158905,0.5774936655529124,0.5774936655529124,fitted,platt_logistic_regression,0.5104907112694607,1,0.6810880917794634,0.13047138047138046,0.22727272727272727,no_interaction|interaction,2,True,0.3235294117647059,0.49230769230769234,0.3235294117647059,False,False,True
C(CCl)NC(=O)N(CCCl)N=O,CC1=NC=C2N1C3=C(C=C(C=C3)Cl)C(=NC2)C4=CC=CC=C4F,0,unreported_twosides_sampled,0.19491173326969147,0.22222150020655726,0.22222150020655726,fitted,platt_logistic_regression,0.5104907112694607,0,0.5297052945416587,0.38215488215488214,0.049663299663299666,no_interaction,1,False,0.2391304347826087,0.5454545454545454,0.2391304347826087,False,False,True
CCC1(CC2CC(C3=C(CCN(C2)C1)C4=CC=CC=C4N3)(C5=C(C=C6C(=C5)C78CCN9C7C(C=CC9)(C(C(C8N6C=O)(C(=O)OC)O)OC(=O)C)CC)OC)C(=O)OC)O,COC1=C(C=C2C(=C1)N=CN=C2NC3=CC(=C(C=C3)F)Cl)OCCCN4CCOCC4,1,reported_twosides,0.2587771713733673,0.28565771779332827,0.28565771779332827,fitted,platt_logistic_regression,0.5104907112694607,0,0.5982177480834243,0.32491582491582494,0.07744107744107744,no_interaction,1,False,0.89,0.40789473684210525,0.40789473684210525,False,False,False
CC(C)C1=C(C(=CC=C1)C(C)C)O,CCCCCC(C=CC1C(CC2C1CC(=CCCCC(=O)O)O2)O)O,1,reported_twosides,0.20261883735656738,0.22999885023858452,0.22999885023858452,fitted,platt_logistic_regression,0.5104907112694607,0,0.5392749522237157,0.3771043771043771,0.05303030303030303,no_interaction,1,False,0.2857142857142857,0.5625,0.2857142857142857,False,False,True
CC1=C(C(CCC1)(C)C)C=CC(=CC=CC(=CCO)C)C,CN(C)CCC1=CNC2=C1C=C(C=C2)CN3C=NC=N3,0,unreported_twosides_sampled,0.4032853841781616,0.42313194727136494,0.42313194727136494,fitted,platt_logistic_regression,0.5104907112694607,0,0.6812827894862381,0.22727272727272727,0.13047138047138046,no_interaction|interaction,2,True,0.6956521739130435,0.5272727272727272,0.5272727272727272,False,False,False
CC(C)(C)C(C(=O)NC(CC1=CC=CC=C1)C(CN(CC2=CC=C(C=C2)C3=CC=CC=N3)NC(=O)C(C(C)(C)C)NC(=O)OC)O)NC(=O)OC,CC(CCC(=O)O)C1CCC2C1(CCC3C2C(CC4C3(CCC(C4)O)C)O)C,1,reported_twosides,0.07040610164403915,0.08947974440009131,0.08947974440009131,fitted,platt_logistic_regression,0.5104907112694607,0,0.3013324862750335,0.5664983164983165,0.013468013468013467,no_interaction,1,False,0.3018867924528302,0.25925925925925924,0.25925925925925924,False,False,True
CC1=C(C2=C(N1C(=O)C3=CC=C(C=C3)Cl)C=CC(=C2)OC)CC(=O)O,CNS(=O)(=O)CCC1=CC2=C(C=C1)NC=C2C3CCN(CC3)C,0,unreported_twosides_sampled,0.09859445691108704,0.1210561000086266,0.1210561000086266,fitted,platt_logistic_regression,0.5104907112694607,0,0.3690239291066644,0.5050505050505051,0.022727272727272728,no_interaction,1,False,0.2982456140350877,0.4492753623188406,0.2982456140350877,False,False,True
CCCCCC(C=CC1C(CC2C1CC(=CCCCC(=O)O)O2)O)O,CN(C)CCC1=CNC2=C1C=C(C=C2)CN3C=NC=N3,0,unreported_twosides_sampled,0.187908336520195,0.2151211191328284,0.2151211191328284,fitted,platt_logistic_regression,0.5104907112694607,0,0.52066319583256,0.39141414141414144,0.046296296296296294,no_interaction,1,False,0.5625,0.5272727272727272,0.5272727272727272,False,False,False
CC12CCC3C(C1CCC2C(=O)NC(C)(C)C)CCC4C3(C=CC(=O)N4)C,COC1=C(C(=NC=C1)CS(=O)C2=NC3=C(N2)C=C(C=C3)OC(F)F)OC,1,reported_twosides,0.9909489750862122,0.9874138961011514,0.9874138961011514,fitted,platt_logistic_regression,0.5104907112694607,1,0.0675728072279682,0.0008417508417508417,0.8047138047138047,interaction,1,False,0.3582089552238806,0.5538461538461539,0.3582089552238806,False,False,True
CCCC1CC(N(C1)C)C(=O)NC(C2C(C(C(C(O2)SC)O)O)O)C(C)Cl,CN(CC1=CN=C2C(=N1)C(=NC(=N2)N)N)C3=CC=C(C=C3)C(=O)NC(CCC(=O)O)C(=O)O,1,reported_twosides,0.06754765659570694,0.08620421757514908,0.08620421757514908,fitted,platt_logistic_regression,0.5104907112694607,0,0.29366666892428317,0.5732323232323232,0.012626262626262626,no_interaction,1,False,0.8545454545454545,0.4868421052631579,0.4868421052631579,False,False,False
CC1C(C(C(C(O1)OC2C(OC(C(C2O)O)OC3C(OC(C(C3O)O)O)CO)CO)O)O)NC4C=C(C(C(C4O)O)O)CO,CCCC1=NC2=C(N1CC3=CC=C(C=C3)C4=CC=CC=C4C(=O)O)C=C(C=C2C)C5=NC6=CC=CC=C6N5C,1,reported_twosides,0.637543261051178,0.6384237376430395,0.6384237376430395,fitted,platt_logistic_regression,0.5104907112694607,1,0.6543197311331859,0.10606060606060606,0.2668350168350168,no_interaction|interaction,2,True,0.29850746268656714,0.38823529411764707,0.29850746268656714,False,False,True
CC1=CC(=C(C=C1)C)OCCCC(C)(C)C(=O)O,CCCCC(C)(CC=CC1C(CC(=O)C1CCCCCCC(=O)OC)O)O,0,unreported_twosides_sampled,0.6339899897575378,0.6351643619304063,0.6351643619304063,fitted,platt_logistic_regression,0.5104907112694607,1,0.6561498006010783,0.10942760942760943,0.26430976430976433,no_interaction|interaction,2,True,0.26,0.49230769230769234,0.26,False,False,True
C1=C(C(=O)NC(=O)N1)F,CC1=NC=C2N1C3=C(C=C(C=C3)Cl)C(=NC2)C4=CC=CC=C4F,0,unreported_twosides_sampled,0.4015282094478607,0.4214947447576316,0.4214947447576316,fitted,platt_logistic_regression,0.5104907112694607,0,0.6807698795977568,0.22727272727272727,0.13047138047138046,no_interaction|interaction,2,True,0.1891891891891892,0.5454545454545454,0.1891891891891892,False,False,True
C1=C(C(=O)NC(=O)N1)F,CC(C)(C)C(C(=O)NC(CC1=CC=CC=C1)C(CN(CC2=CC=C(C=C2)C3=CC=CC=N3)NC(=O)C(C(C)(C)C)NC(=O)OC)O)NC(=O)OC,0,unreported_twosides_sampled,0.23493692278862,0.2622309673890706,0.2622309673890706,fitted,platt_logistic_regression,0.5104907112694607,0,0.5753775281915187,0.34595959595959597,0.06481481481481481,no_interaction,1,False,0.1891891891891892,0.3018867924528302,0.1891891891891892,False,False,True
CC(CCC(=O)O)C1CCC2C1(CCC3C2C(CC4C3(CCC(C4)O)C)O)C,CN1CCC23C4C1CC5=C2C(=C(C=C5)O)OC3C(C=C4)O,1,reported_twosides,0.27538275718688965,0.3018213635655014,0.3018213635655014,fitted,platt_logistic_regression,0.5104907112694607,0,0.6123996501157289,0.31734006734006737,0.08249158249158249,no_interaction,1,False,0.25925925925925924,0.5333333333333333,0.25925925925925924,False,False,True
CC(CC1=CC=CC=C1)N(C)CC#C,CC1=NN=C(S1)SCC2=C(N3C(C(C3=O)NC(=O)CN4C=NN=N4)SC2)C(=O)[O-],0,unreported_twosides_sampled,0.12864315509796143,0.15355182402126052,0.15355182402126052,fitted,platt_logistic_regression,0.5104907112694607,0,0.42882093081122535,0.45791245791245794,0.03367003367003367,no_interaction,1,False,0.42424242424242425,0.4574468085106383,0.42424242424242425,False,False,False
CCCC1=NC2=C(N1CC3=CC=C(C=C3)C4=CC=CC=C4C(=O)O)C=C(C=C2C)C5=NC6=CC=CC=C6N5C,CN(CC1=CN=C2C(=N1)C(=NC(=N2)N)N)C3=CC=C(C=C3)C(=O)NC(CCC(=O)O)C(=O)O,1,reported_twosides,0.36234578490257263,0.3848098088296373,0.3848098088296373,fitted,platt_logistic_regression,0.5104907112694607,0,0.6663697426518939,0.255050505050505,0.11363636363636363,no_interaction|interaction,2,True,0.38823529411764707,0.4868421052631579,0.38823529411764707,False,False,True
CC1=CC(=C(C=C1)C)OCCCC(C)(C)C(=O)O,CCCCCC(C=CC1C(CC2C1CC(=CCCCC(=O)O)O2)O)O,1,reported_twosides,0.39938241243362427,0.4194945961225543,0.4194945961225543,fitted,platt_logistic_regression,0.5104907112694607,0,0.6801283449221227,0.22895622895622897,0.13047138047138046,no_interaction|interaction,2,True,0.26,0.5625,0.26,False,False,True
CCC1(CC2CC(C3=C(CCN(C2)C1)C4=CC=CC=C4N3)(C5=C(C=C6C(=C5)C78CCN9C7C(C=CC9)(C(C(C8N6C=O)(C(=O)OC)O)OC(=O)C)CC)OC)C(=O)OC)O,CCCC1CC(N(C1)C)C(=O)NC(C2C(C(C(C(O2)SC)O)O)O)C(C)Cl,1,reported_twosides,0.266324520111084,0.293019013368484,0.293019013368484,fitted,platt_logistic_regression,0.5104907112694607,0,0.6048327709575163,0.3223905723905724,0.07996632996632996,no_interaction,1,False,0.89,0.8545454545454545,0.8545454545454545,False,False,False
C1=C(C(=O)NC(=O)N1)F,CC1=C(C2=C(N1C(=O)C3=CC=C(C=C3)Cl)C=CC(=C2)OC)CC(=O)O,0,unreported_twosides_sampled,0.21662387251853943,0.24403899981413352,0.24403899981413352,fitted,platt_logistic_regression,0.5104907112694607,0,0.5556910513389943,0.3653198653198653,0.05808080808080808,no_interaction,1,False,0.1891891891891892,0.2982456140350877,0.1891891891891892,False,False,True
CC12CCC3C(C1CCC2O)CCC4=CC(=O)CCC34C,CNS(=O)(=O)CCC1=CC2=C(C=C1)NC=C2C3CCN(CC3)C,1,reported_twosides,0.6475077271461487,0.6475697965533994,0.6475697965533994,fitted,platt_logistic_regression,0.5104907112694607,1,0.6489380640644817,0.10353535353535354,0.27441077441077444,no_interaction|interaction,2,True,0.723404255319149,0.4492753623188406,0.4492753623188406,False,False,False
CC12CCC3C(C1CCC2=O)CC(=C)C4=CC(=O)C=CC34C,CN(C)CCC=C1C2=CC=CC=C2COC3=CC=CC=C31,0,unreported_twosides_sampled,0.6879730820655823,0.684824977293655,0.684824977293655,fitted,platt_logistic_regression,0.5104907112694607,1,0.6231788882902336,0.08838383838383838,0.30808080808080807,interaction,1,False,0.3235294117647059,0.7027027027027027,0.3235294117647059,False,False,True
CCC1=C(CN(C1=O)C(=O)NCCC2=CC=C(C=C2)S(=O)(=O)NC(=O)NC3CCC(CC3)C)C,CCCN1CCCCC1C(=O)NC2=C(C=CC=C2C)C,0,unreported_twosides_sampled,0.02193984016776085,0.031143517967561266,0.031143517967561266,fitted,platt_logistic_regression,0.5104907112694607,0,0.13869495304478807,0.7281144781144782,0.0008417508417508417,no_interaction,1,False,0.48,0.8604651162790697,0.48,False,False,False
CN(C)CCC1=CNC2=C1C=C(C=C2)CN3C=NC=N3,CN=C1CN(C(=C2C=C(C=CC2=N1)Cl)C3=CC=CC=C3)O,0,unreported_twosides_sampled,0.45048466324806213,0.4668976381217026,0.4668976381217026,fitted,platt_logistic_regression,0.5104907112694607,0,0.6909540440841259,0.20202020202020202,0.15488215488215487,no_interaction|interaction,2,True,0.5272727272727272,0.3387096774193548,0.3387096774193548,False,False,True
CC1=CN(C(=O)NC1=O)C2C=CC(O2)CO,CC1=NN=C(S1)SCC2=C(N3C(C(C3=O)NC(=O)CN4C=NN=N4)SC2)C(=O)[O-],1,reported_twosides,0.17085973918437958,0.19769569420563826,0.19769569420563826,fitted,platt_logistic_regression,0.5104907112694607,0,0.4971913361103509,0.4107744107744108,0.04292929292929293,no_interaction,1,False,0.5652173913043478,0.4574468085106383,0.4574468085106383,False,False,False
CNS(=O)(=O)CCC1=CC2=C(C=C1)NC=C2C3CCN(CC3)C,COC1=C(C=C2C(=C1)C(=NC(=N2)N3CCN(CC3)C(=O)C4COC5=CC=CC=C5O4)N)OC,0,unreported_twosides_sampled,0.3682020902633667,0.3903160469274806,0.3903160469274806,fitted,platt_logistic_regression,0.5104907112694607,0,0.66888924859235,0.2516835016835017,0.11616161616161616,no_interaction|interaction,2,True,0.4492753623188406,0.6515151515151515,0.4492753623188406,False,False,False
C1CC(CCC1C2=CC=C(C=C2)Cl)C3=C(C4=CC=CC=C4C(=O)C3=O)O,COC1=C(C(=NC=C1)CS(=O)C2=NC3=C(N2)C=C(C=C3)OC(F)F)OC,1,reported_twosides,0.9994844198226929,0.9990906738768318,0.9990906738768318,fitted,platt_logistic_regression,0.5104907112694607,1,0.007276747680223245,0.0008417508417508417,0.9217171717171717,interaction,1,False,0.2549019607843137,0.5538461538461539,0.2549019607843137,False,False,True
CC12CCC3C(C1CCC2O)CCC4=CC(=O)CCC34C,CC1CC2C3CCC4=CC(=O)C=CC4(C3(C(CC2(C1(C(=O)CCl)O)C)O)F)C,1,reported_twosides,0.9999366998672485,0.9998674696700757,0.9998674696700757,fitted,platt_logistic_regression,0.5104907112694607,1,0.0013158449761159774,0.0008417508417508417,0.9587542087542088,interaction,1,False,0.723404255319149,0.847457627118644,0.723404255319149,False,False,False
CC(C)C1=C(C(=CC=C1)C(C)C)O,CC1=NN=C(S1)SCC2=C(N3C(C(C3=O)NC(=O)CN4C=NN=N4)SC2)C(=O)[O-],1,reported_twosides,0.4617308974266052,0.4772740079461499,0.4772740079461499,fitted,platt_logistic_regression,0.5104907112694607,0,0.6921138831800597,0.19612794612794612,0.15993265993265993,no_interaction|interaction,2,True,0.2857142857142857,0.4574468085106383,0.2857142857142857,False,False,True
C1=NC2=C(N1COC(CO)CO)NC(=NC2=O)N,CC(C)C1=C(C(=CC=C1)C(C)C)O,1,reported_twosides,0.11681655794382095,0.14088483992376555,0.14088483992376555,fitted,platt_logistic_regression,0.5104907112694607,0,0.4065664803968779,0.47558922558922556,0.027777777777777776,no_interaction,1,False,0.6739130434782609,0.2857142857142857,0.2857142857142857,False,False,True
C1CC(CCC1C2=CC=C(C=C2)Cl)C3=C(C4=CC=CC=C4C(=O)C3=O)O,CCC1=C(CN(C1=O)C(=O)NCCC2=CC=C(C=C2)S(=O)(=O)NC(=O)NC3CCC(CC3)C)C,0,unreported_twosides_sampled,0.1626584231853485,0.18923707287858743,0.18923707287858743,fitted,platt_logistic_regression,0.5104907112694607,0,0.48511481960505953,0.42003367003367004,0.04208754208754209,no_interaction,1,False,0.2549019607843137,0.48,0.2549019607843137,False,False,True
CC12CCC3C(C1CCC2O)CCC4=CC(=O)CCC34C,CC1=NC=C2N1C3=C(C=C(C=C3)Cl)C(=NC2)C4=CC=CC=C4F,0,unreported_twosides_sampled,0.5843557715415955,0.5897118448438274,0.5897118448438274,fitted,platt_logistic_regression,0.5104907112694607,1,0.6769632536197955,0.12373737373737374,0.234006734006734,no_interaction|interaction,2,True,0.723404255319149,0.5454545454545454,0.5454545454545454,False,False,False
CCCCC(C)(CC=CC1C(CC(=O)C1CCCCCCC(=O)OC)O)O,CCN(CC)C(=O)C(=CC1=CC(=C(C(=C1)O)O)[N+](=O)[O-])C#N,0,unreported_twosides_sampled,0.06515607237815857,0.08345169276916224,0.08345169276916224,fitted,platt_logistic_regression,0.5104907112694607,0,0.2871197049322779,0.5782828282828283,0.011784511784511785,no_interaction,1,False,0.49230769230769234,0.35714285714285715,0.35714285714285715,False,False,True
CC(CC1=CC=CC=C1)N(C)CC#C,CCN(CC)C(=O)C(=CC1=CC(=C(C(=C1)O)O)[N+](=O)[O-])C#N,1,reported_twosides,0.05164261907339096,0.06767286632451576,0.06767286632451576,fitted,platt_logistic_regression,0.5104907112694607,0,0.2475773474373128,0.6043771043771043,0.007575757575757576,no_interaction,1,False,0.42424242424242425,0.35714285714285715,0.35714285714285715,False,False,True
CN(C)CCC=C1C2=CC=CC=C2COC3=CC=CC=C31,CN1CCC23C4C1CC5=C2C(=C(C=C5)O)OC3C(C=C4)O,1,reported_twosides,0.41067448258399963,0.4300098008455095,0.4300098008455095,fitted,platt_logistic_regression,0.5104907112694607,0,0.6833176757578114,0.2239057239057239,0.13552188552188552,no_interaction|interaction,2,True,0.7027027027027027,0.5333333333333333,0.5333333333333333,False,False,False
CC12CCC3C(C1CCC2O)CCC4=CC(=O)CCC34C,CN1CCC23C4C1CC5=C2C(=C(C=C5)O)OC3C(C=C4)O,1,reported_twosides,0.24327994883060455,0.2704606364086613,0.2704606364086613,fitted,platt_logistic_regression,0.5104907112694607,0,0.5837164614226115,0.3400673400673401,0.0707070707070707,no_interaction,1,False,0.723404255319149,0.5333333333333333,0.5333333333333333,False,False,False
CC1(C(=O)N2C(C(=O)N3CCCC3C2(O1)O)CC4=CC=CC=C4)NC(=O)C5CC6C(CC7=CNC8=CC=CC6=C78)N(C5)C,CC12CCC3C(C1CCC2=O)CC(=C)C4=CC(=O)C=CC34C,0,unreported_twosides_sampled,0.2153855711221695,0.2428022185065734,0.2428022185065734,fitted,platt_logistic_regression,0.5104907112694607,0,0.5542885195837334,0.3661616161616162,0.05723905723905724,no_interaction,1,False,0.34234234234234234,0.3235294117647059,0.3235294117647059,False,False,True
CC1C(C(C(C(O1)OC2C(OC(C(C2O)O)OC3C(OC(C(C3O)O)O)CO)CO)O)O)NC4C=C(C(C(C4O)O)O)CO,CN(C)CCC=C1C2=CC=CC=C2COC3=CC=CC=C31,0,unreported_twosides_sampled,0.5477648377418518,0.5562358892062509,0.5562358892062509,fitted,platt_logistic_regression,0.5104907112694607,1,0.6868088271553723,0.14393939393939395,0.2138047138047138,no_interaction|interaction,2,True,0.29850746268656714,0.7027027027027027,0.29850746268656714,False,False,True
CC(C)(C)NCC(C1=NC(=C(C=C1)O)CO)O,CN(C)CCC1=CNC2=C1C=C(C=C2)CN3C=NC=N3,0,unreported_twosides_sampled,0.6787395477294922,0.6763050283746872,0.6763050283746872,fitted,platt_logistic_regression,0.5104907112694607,1,0.6296233150395325,0.08922558922558922,0.2988215488215488,interaction,1,False,0.5227272727272727,0.5272727272727272,0.5227272727272727,False,False,False
C1=NC2=C(N1COC(CO)CO)NC(=NC2=O)N,CN(C)CCC1=CNC2=C1C=C(C=C2)CN3C=NC=N3,0,unreported_twosides_sampled,0.27538514137268066,0.30182367585478964,0.30182367585478964,fitted,platt_logistic_regression,0.5104907112694607,0,0.612401589280557,0.31734006734006737,0.08249158249158249,no_interaction,1,False,0.6739130434782609,0.5272727272727272,0.5272727272727272,False,False,False
C=CC1=C(N2C(C(C2=O)NC(=O)C(=NO)C3=CSC(=N3)N)SC1)C(=O)O,CCCCC(C)(CC=CC1C(CC(=O)C1CCCCCCC(=O)OC)O)O,0,unreported_twosides_sampled,0.2197636216878891,0.2471710021841576,0.2471710021841576,fitted,platt_logistic_regression,0.5104907112694607,0,0.5592057768862623,0.3627946127946128,0.061447811447811446,no_interaction,1,False,0.7941176470588235,0.49230769230769234,0.49230769230769234,False,False,False
C1=C(C(=O)NC(=O)N1)F,CCCC(CCC)C(=O)O,1,reported_twosides,0.2878112494945526,0.31384376729216523,0.31384376729216523,fitted,platt_logistic_regression,0.5104907112694607,0,0.6221416786623092,0.30976430976430974,0.08838383838383838,no_interaction,1,False,0.1891891891891892,0.27586206896551724,0.1891891891891892,False,False,True
CC1=CC(=C(C=C1)C)OCCCC(C)(C)C(=O)O,COC1=C(C=C2C(=C1)C(=NC(=N2)N3CCN(CC3)C(=O)C4COC5=CC=CC=C5O4)N)OC,1,reported_twosides,0.5993489623069763,0.6034310627262869,0.6034310627262869,fitted,platt_logistic_regression,0.5104907112694607,1,0.6715959417820396,0.117003367003367,0.24663299663299662,no_interaction|interaction,2,True,0.26,0.6515151515151515,0.26,False,False,True
CC(C)C1=C(C(=CC=C1)C(C)C)O,CC1CC2C3CCC4=CC(=O)C=CC4(C3(C(CC2(C1(C(=O)CCl)O)C)O)F)C,0,unreported_twosides_sampled,0.9819248914718628,0.9763134607224228,0.9763134607224228,fitted,platt_logistic_regression,0.5104907112694607,1,0.11205889627303756,0.0008417508417508417,0.7508417508417509,interaction,1,False,0.2857142857142857,0.847457627118644,0.2857142857142857,False,False,True
CC1=NN=C(S1)SCC2=C(N3C(C(C3=O)NC(=O)CN4C=NN=N4)SC2)C(=O)[O-],COC1=C(C=C2C(=C1)C(=NC(=N2)N3CCN(CC3)C(=O)C4COC5=CC=CC=C5O4)N)OC,1,reported_twosides,0.5070891380310059,0.5189754700116959,0.5189754700116959,fitted,platt_logistic_regression,0.5104907112694607,1,0.6924268706702194,0.16582491582491582,0.19444444444444445,no_interaction|interaction,2,True,0.4574468085106383,0.6515151515151515,0.4574468085106383,False,False,False
C1=CC=C(C=C1)CCNN,CC1(OC2CC3C4CCC5=CC(=O)C=CC5(C4C(CC3(C2(O1)C(=O)CO)C)O)C)C,0,unreported_twosides_sampled,0.49497637152671814,0.5078590023164685,0.5078590023164685,fitted,platt_logistic_regression,0.5104907112694607,0,0.6930236476382468,0.17424242424242425,0.19023569023569023,no_interaction|interaction,2,True,0.35714285714285715,0.7313432835820896,0.35714285714285715,False,False,True
CCCCCC(C=CC1C(CC2C1CC(=CCCCC(=O)O)O2)O)O,CNCCCN1C2=CC=CC=C2CCC3=CC=CC=C31,0,unreported_twosides_sampled,0.26356178522109985,0.29032730743684027,0.29032730743684027,fitted,platt_logistic_regression,0.5104907112694607,0,0.602444488357021,0.3223905723905724,0.07912457912457913,no_interaction,1,False,0.5625,0.6111111111111112,0.5625,False,False,False
CC(C)(C)NCC(C1=NC(=C(C=C1)O)CO)O,CN(CC1=CN=C2C(=N1)C(=NC(=N2)N)N)C3=CC=C(C=C3)C(=O)NC(CCC(=O)O)C(=O)O,1,reported_twosides,0.48527875542640686,0.4989496216056713,0.4989496216056713,fitted,platt_logistic_regression,0.5104907112694607,0,0.6931449739687796,0.18265993265993266,0.18097643097643099,no_interaction|interaction,2,True,0.5227272727272727,0.4868421052631579,0.4868421052631579,False,False,False
CC1OCC2C(O1)C(C(C(O2)OC3C4COC(=O)C4C(C5=CC6=C(C=C35)OCO6)C7=CC(=C(C(=C7)OC)O)OC)O)O,CCCCC(C)(CC=CC1C(CC(=O)C1CCCCCCC(=O)OC)O)O,0,unreported_twosides_sampled,0.617338240146637,0.6199020295417966,0.6199020295417966,fitted,platt_logistic_regression,0.5104907112694607,1,0.6641120674590155,0.11363636363636363,0.25673400673400676,no_interaction|interaction,2,True,0.20588235294117646,0.49230769230769234,0.20588235294117646,False,False,True
C1=C(C(=O)NC(=O)N1)F,C1CC(CCC1C2=CC=C(C=C2)Cl)C3=C(C4=CC=CC=C4C(=O)C3=O)O,0,unreported_twosides_sampled,0.3907472789287567,0.41143579211665204,0.41143579211665204,fitted,platt_logistic_regression,0.5104907112694607,0,0.6773768658086743,0.234006734006734,0.12457912457912458,no_interaction|interaction,2,True,0.1891891891891892,0.2549019607843137,0.1891891891891892,False,False,True
COC1=C(C(=NC=C1)CS(=O)C2=NC3=C(N2)C=C(C=C3)OC(F)F)OC,COC1=C(C=C2C(=C1)C(=NC(=N2)N3CCN(CC3)C(=O)C4COC5=CC=CC=C5O4)N)OC,1,reported_twosides,0.9999957084655762,0.9999888074872616,0.9999888074872616,fitted,platt_logistic_regression,0.5104907112694607,1,0.00013879006702940987,0.0008417508417508417,0.9856902356902357,interaction,1,False,0.5538461538461539,0.6515151515151515,0.5538461538461539,False,False,False
C1=C(C(=O)NC(=O)N1)F,CC1CC2C3CCC4=CC(=O)C=CC4(C3(C(CC2(C1(C(=O)CCl)O)C)O)F)C,0,unreported_twosides_sampled,0.9987449645996094,0.9979424628158456,0.9979424628158456,fitted,platt_logistic_regression,0.5104907112694607,1,0.014783849257055458,0.0008417508417508417,0.8905723905723906,interaction,1,False,0.1891891891891892,0.847457627118644,0.1891891891891892,False,False,True
C1=CC=C(C=C1)CCNN,CCC1(CC2CC(C3=C(CCN(C2)C1)C4=CC=CC=C4N3)(C5=C(C=C6C(=C5)C78CCN9C7C(C=CC9)(C(C(C8N6C=O)(C(=O)OC)O)OC(=O)C)CC)OC)C(=O)OC)O,0,unreported_twosides_sampled,0.24754850566387177,0.2746578824015988,0.2746578824015988,fitted,platt_logistic_regression,0.5104907112694607,0,0.5878368347596628,0.3324915824915825,0.07323232323232323,no_interaction,1,False,0.35714285714285715,0.89,0.35714285714285715,False,False,True
C1CC(CCC1C2=CC=C(C=C2)Cl)C3=C(C4=CC=CC=C4C(=O)C3=O)O,CNCCCN1C2=CC=CC=C2CCC3=CC=CC=C31,0,unreported_twosides_sampled,0.4236556887626648,0.44206771391809135,0.44206771391809135,fitted,platt_logistic_regression,0.5104907112694607,0,0.6864197814660279,0.21548821548821548,0.14309764309764308,no_interaction|interaction,2,True,0.2549019607843137,0.6111111111111112,0.2549019607843137,False,False,True
CCC1(CC2CC(C3=C(CCN(C2)C1)C4=CC=CC=C4N3)(C5=C(C=C6C(=C5)C78CCN9C7C(C=CC9)(C(C(C8N6C=O)(C(=O)OC)O)OC(=O)C)CC)OC)C(=O)OC)O,CNC1CCC(C2=CC=CC=C12)C3=CC(=C(C=C3)Cl)Cl,1,reported_twosides,0.2245665043592453,0.25195141523219605,0.25195141523219605,fitted,platt_logistic_regression,0.5104907112694607,0,0.5644688561838854,0.35774410774410775,0.06228956228956229,no_interaction,1,False,0.89,0.2549019607843137,0.2549019607843137,False,False,True
CC(C)(C)NCC(C1=NC(=C(C=C1)O)CO)O,CN1CCC23C4C1CC5=C2C(=C(C=C5)O)OC3C(C=C4)O,0,unreported_twosides_sampled,0.9094294309616089,0.8973713731538042,0.8973713731538042,fitted,platt_logistic_regression,0.5104907112694607,1,0.3308205648529249,0.020202020202020204,0.5429292929292929,interaction,1,False,0.5227272727272727,0.5333333333333333,0.5227272727272727,False,False,False
CC(C)(C)C(C(=O)NC(CC1=CC=CC=C1)C(CN(CC2=CC=C(C=C2)C3=CC=CC=N3)NC(=O)C(C(C)(C)C)NC(=O)OC)O)NC(=O)OC,CC12CCC3C(C1CCC2C(=O)NC(C)(C)C)CCC4C3(C=CC(=O)N4)C,1,reported_twosides,0.44146186113357544,0.4585597651282683,0.4585597651282683,fitted,platt_logistic_regression,0.5104907112694607,0,0.6897086514560832,0.2037037037037037,0.15151515151515152,no_interaction|interaction,2,True,0.3018867924528302,0.3582089552238806,0.3018867924528302,False,False,True
CC(CC1=CC=CC=C1)N(C)CC#C,CCC1=C(CN(C1=O)C(=O)NCCC2=CC=C(C=C2)S(=O)(=O)NC(=O)NC3CCC(CC3)C)C,0,unreported_twosides_sampled,0.10066971927881241,0.12333508419831152,0.12333508419831152,fitted,platt_logistic_regression,0.5104907112694607,0,0.37351766439969925,0.5016835016835017,0.022727272727272728,no_interaction,1,False,0.42424242424242425,0.48,0.42424242424242425,False,False,False
CC1=NC=C2N1C3=C(C=C(C=C3)Cl)C(=NC2)C4=CC=CC=C4F,CN(CC1=CN=C2C(=N1)C(=NC(=N2)N)N)C3=CC=C(C=C3)C(=O)NC(CCC(=O)O)C(=O)O,0,unreported_twosides_sampled,0.2770019471645355,0.30339118530583814,0.30339118530583814,fitted,platt_logistic_regression,0.5104907112694607,0,0.6137103233461683,0.3148148148148148,0.08249158249158249,no_interaction,1,False,0.5454545454545454,0.4868421052631579,0.4868421052631579,False,False,False
C1CC(CCC1C2=CC=C(C=C2)Cl)C3=C(C4=CC=CC=C4C(=O)C3=O)O,CC12CCC3C(C1CCC2=O)CC(=C)C4=CC(=O)C=CC34C,0,unreported_twosides_sampled,0.4308863878250122,0.4487710988255007,0.4487710988255007,fitted,platt_logistic_regression,0.5104907112694607,0,0.6878891578468207,0.2112794612794613,0.14562289562289563,no_interaction|interaction,2,True,0.2549019607843137,0.3235294117647059,0.2549019607843137,False,False,True
CC(CC1=CC=CC=C1)N(C)CC#C,CC12CCC3C(C1CCC2C(=O)NC(C)(C)C)CCC4C3(C=CC(=O)N4)C,0,unreported_twosides_sampled,0.2473476678133011,0.2744605973451241,0.2744605973451241,fitted,platt_logistic_regression,0.5104907112694607,0,0.5876451501552595,0.3324915824915825,0.07323232323232323,no_interaction,1,False,0.42424242424242425,0.3582089552238806,0.3582089552238806,False,False,True
CN(C)CCC1=CNC2=C1C=C(C=C2)CN3C=NC=N3,COC1=C(C=C2C(=C1)N=CN=C2NC3=CC(=C(C=C3)F)Cl)OCCCN4CCOCC4,0,unreported_twosides_sampled,0.3329159617424011,0.35699819741442373,0.35699819741442373,fitted,platt_logistic_regression,0.5104907112694607,0,0.6516714865374664,0.26851851851851855,0.10437710437710437,no_interaction|interaction,2,True,0.5272727272727272,0.40789473684210525,0.40789473684210525,False,False,False
CC12CCC3C(C1CCC2=O)CC(=C)C4=CC(=O)C=CC34C,CC12CCC3C(C1CCC2O)CCC4=CC(=O)CCC34C,0,unreported_twosides_sampled,0.5968168377876282,0.6011136828811688,0.6011136828811688,fitted,platt_logistic_regression,0.5104907112694607,1,0.6725575227209057,0.12037037037037036,0.24494949494949494,no_interaction|interaction,2,True,0.3235294117647059,0.723404255319149,0.3235294117647059,False,False,True
CC(C)(C)NCC(C1=NC(=C(C=C1)O)CO)O,CCCC1CC(N(C1)C)C(=O)NC(C2C(C(C(C(O2)SC)O)O)O)C(C)Cl,0,unreported_twosides_sampled,0.49645569920539856,0.5092173183418128,0.5092173183418128,fitted,platt_logistic_regression,0.5104907112694607,0,0.6929772530197756,0.17255892255892255,0.19107744107744107,no_interaction|interaction,2,True,0.5227272727272727,0.8545454545454545,0.5227272727272727,False,False,False
CC1=NC=C2N1C3=C(C=C(C=C3)Cl)C(=NC2)C4=CC=CC=C4F,CC1=NN=C(S1)SCC2=C(N3C(C(C3=O)NC(=O)CN4C=NN=N4)SC2)C(=O)[O-],1,reported_twosides,0.3467596471309662,0.3701111621770191,0.3701111621770191,fitted,platt_logistic_regression,0.5104907112694607,0,0.6590148165579652,0.2601010101010101,0.10942760942760943,no_interaction|interaction,2,True,0.5454545454545454,0.4574468085106383,0.4574468085106383,False,False,False
CC(C)(C)NCC(C1=NC(=C(C=C1)O)CO)O,CCCC(CCC)C(=O)O,1,reported_twosides,0.5636837482452393,0.5708009517010268,0.5708009517010268,fitted,platt_logistic_regression,0.5104907112694607,1,0.6830878555164988,0.13468013468013468,0.2239057239057239,no_interaction|interaction,2,True,0.5227272727272727,0.27586206896551724,0.27586206896551724,False,False,True
C1=NC2=C(N1COC(CO)CO)NC(=NC2=O)N,CN1CCC23C4C1CC5=C2C(=C(C=C5)O)OC3C(C=C4)O,1,reported_twosides,0.678697943687439,0.6762666679461762,0.6762666679461762,fitted,platt_logistic_regression,0.5104907112694607,1,0.6296515772755231,0.08922558922558922,0.2988215488215488,interaction,1,False,0.6739130434782609,0.5333333333333333,0.5333333333333333,False,False,False
CNC1CCC(C2=CC=CC=C12)C3=CC(=C(C=C3)Cl)Cl,COC1=C(C=C2C(=C1)N=CN=C2NC3=CC(=C(C=C3)F)Cl)OCCCN4CCOCC4,1,reported_twosides,0.5407646894454956,0.5498290580425075,0.5498290580425075,fitted,platt_logistic_regression,0.5104907112694607,1,0.6881730577238081,0.14646464646464646,0.20959595959595959,no_interaction|interaction,2,True,0.2549019607843137,0.40789473684210525,0.2549019607843137,False,False,True
CN(CC1=CN=C2C(=N1)C(=NC(=N2)N)N)C3=CC=C(C=C3)C(=O)NC(CCC(=O)O)C(=O)O,COC1=C(C=C2C(=C1)C(=NC(=N2)N3CCN(CC3)C(=O)C4COC5=CC=CC=C5O4)N)OC,1,reported_twosides,0.189866840839386,0.2171100059065349,0.2171100059065349,fitted,platt_logistic_regression,0.5104907112694607,0,0.5232257801638505,0.38636363636363635,0.04713804713804714,no_interaction,1,False,0.4868421052631579,0.6515151515151515,0.4868421052631579,False,False,False
CC1CC2C3CCC4=CC(=O)C=CC4(C3(C(CC2(C1(C(=O)CCl)O)C)O)F)C,CCCC1=NC2=C(N1CC3=CC=C(C=C3)C4=CC=CC=C4C(=O)O)C=C(C=C2C)C5=NC6=CC=CC=C6N5C,0,unreported_twosides_sampled,0.9999741315841675,0.9999417345645448,0.9999417345645448,fitted,platt_logistic_regression,0.5104907112694607,1,0.0006263809546267738,0.0008417508417508417,0.9705387205387206,interaction,1,False,0.847457627118644,0.38823529411764707,0.38823529411764707,False,False,True
C1=CC=C(C=C1)CCNN,CN1CCC23C4C1CC5=C2C(=C(C=C5)O)OC3C(C=C4)O,0,unreported_twosides_sampled,0.3614063560962677,0.38392571473181925,0.38392571473181925,fitted,platt_logistic_regression,0.5104907112694607,0,0.6659532900416796,0.255050505050505,0.11363636363636363,no_interaction|interaction,2,True,0.35714285714285715,0.5333333333333333,0.35714285714285715,False,False,True
CC1(C(=O)N2C(C(=O)N3CCCC3C2(O1)O)CC4=CC=CC=C4)NC(=O)C5CC6C(CC7=CNC8=CC=CC6=C78)N(C5)C,CCN(CC)C(=O)C(=CC1=CC(=C(C(=C1)O)O)[N+](=O)[O-])C#N,0,unreported_twosides_sampled,0.04562365263700485,0.06050493022327473,0.06050493022327473,fitted,platt_logistic_regression,0.5104907112694607,0,0.2283546015160469,0.6220538720538721,0.005892255892255892,no_interaction,1,False,0.34234234234234234,0.35714285714285715,0.34234234234234234,False,False,True
CCCN1CCCCC1C(=O)NC2=C(C=CC=C2C)C,CNC1CCC(C2=CC=CC=C12)C3=CC(=C(C=C3)Cl)Cl,0,unreported_twosides_sampled,0.25614821910858154,0.2830875782461405,0.2830875782461405,fitted,platt_logistic_regression,0.5104907112694607,0,0.5958458256129519,0.32575757575757575,0.0765993265993266,no_interaction,1,False,0.8604651162790697,0.2549019607843137,0.2549019607843137,False,False,True
CC1CC2C3CCC4=CC(=O)C=CC4(C3(C(CC2(C1(C(=O)CCl)O)C)O)F)C,CCCC(CCC)C(=O)O,0,unreported_twosides_sampled,0.9209095239639282,0.9092367032883374,0.9092367032883374,fitted,platt_logistic_regression,0.5104907112694607,1,0.30430026514318764,0.015151515151515152,0.5656565656565656,interaction,1,False,0.847457627118644,0.27586206896551724,0.27586206896551724,False,False,True
CC12CCC3C(C1CCC2C(=O)NC(C)(C)C)CCC4C3(C=CC(=O)N4)C,CN(CC1=CN=C2C(=N1)C(=NC(=N2)N)N)C3=CC=C(C=C3)C(=O)NC(CCC(=O)O)C(=O)O,1,reported_twosides,0.3473562002182007,0.37067497638328106,0.37067497638328106,fitted,platt_logistic_regression,0.5104907112694607,0,0.6593139374597483,0.2601010101010101,0.10942760942760943,no_interaction|interaction,2,True,0.3582089552238806,0.4868421052631579,0.3582089552238806,False,False,True
CC(CCC(=O)O)C1CCC2C1(CCC3C2C(CC4C3(CCC(C4)O)C)O)C,CCC1(CC2CC(C3=C(CCN(C2)C1)C4=CC=CC=C4N3)(C5=C(C=C6C(=C5)C78CCN9C7C(C=CC9)(C(C(C8N6C=O)(C(=O)OC)O)OC(=O)C)CC)OC)C(=O)OC)O,1,reported_twosides,0.1641019880771637,0.19072969543833496,0.19072969543833496,fitted,platt_logistic_regression,0.5104907112694607,0,0.4872793022892888,0.4175084175084175,0.04208754208754209,no_interaction,1,False,0.25925925925925924,0.89,0.25925925925925924,False,False,True
CC12CCC3C(C1CCC2C(=O)NC(C)(C)C)CCC4C3(C=CC(=O)N4)C,CN(C)CCC1=CNC2=C1C=C(C=C2)CN3C=NC=N3,0,unreported_twosides_sampled,0.43271633982658386,0.45046619674368216,0.45046619674368216,fitted,platt_logistic_regression,0.5104907112694607,0,0.6882319266963639,0.20959595959595959,0.14646464646464646,no_interaction|interaction,2,True,0.3582089552238806,0.5272727272727272,0.3582089552238806,False,False,True
C1=C(C(=O)NC(=O)N1)F,CC1OCC2C(O1)C(C(C(O2)OC3C4COC(=O)C4C(C5=CC6=C(C=C35)OCO6)C7=CC(=C(C(=C7)OC)O)OC)O)O,1,reported_twosides,0.3541571795940399,0.3770956945698377,0.3770956945698377,fitted,platt_logistic_regression,0.5104907112694607,0,0.6626244101254972,0.25673400673400676,0.11195286195286196,no_interaction|interaction,2,True,0.1891891891891892,0.20588235294117646,0.1891891891891892,False,False,True
CC1=CN(C(=O)NC1=O)C2C=CC(O2)CO,CNS(=O)(=O)CCC1=CC2=C(C=C1)NC=C2C3CCN(CC3)C,0,unreported_twosides_sampled,0.4848301112651825,0.49853722160519387,0.49853722160519387,fitted,platt_logistic_regression,0.5104907112694607,0,0.6931429011125761,0.1835016835016835,0.18097643097643099,no_interaction|interaction,2,True,0.5652173913043478,0.4492753623188406,0.4492753623188406,False,False,False
C1CC(CCC1C2=CC=C(C=C2)Cl)C3=C(C4=CC=CC=C4C(=O)C3=O)O,CC(C)(C)C(C(=O)NC(CC1=CC=CC=C1)C(CN(CC2=CC=C(C=C2)C3=CC=CC=N3)NC(=O)C(C(C)(C)C)NC(=O)OC)O)NC(=O)OC,1,reported_twosides,0.4538297951221466,0.4699858404177725,0.4699858404177725,fitted,platt_logistic_regression,0.5104907112694607,0,0.6913443974060398,0.20033670033670034,0.15572390572390574,no_interaction|interaction,2,True,0.2549019607843137,0.3018867924528302,0.2549019607843137,False,False,True
C(CCl)NC(=O)N(CCCl)N=O,C1CC(CCC1C2=CC=C(C=C2)Cl)C3=C(C4=CC=CC=C4C(=O)C3=O)O,0,unreported_twosides_sampled,0.12124492973089218,0.14564533392830908,0.14564533392830908,fitted,platt_logistic_regression,0.5104907112694607,0,0.4150805125536368,0.4671717171717172,0.030303030303030304,no_interaction,1,False,0.2391304347826087,0.2549019607843137,0.2391304347826087,False,False,True
C1=C(C(=O)NC(=O)N1)F,CN(C)CCC1=CNC2=C1C=C(C=C2)CN3C=NC=N3,0,unreported_twosides_sampled,0.1298738420009613,0.15486160463313797,0.15486160463313797,fitted,platt_logistic_regression,0.5104907112694607,0,0.43105015631134436,0.4562289562289562,0.03367003367003367,no_interaction,1,False,0.1891891891891892,0.5272727272727272,0.1891891891891892,False,False,True
C(CCl)NC(=O)N(CCCl)N=O,CC1=C(C2=C(N1C(=O)C3=CC=C(C=C3)Cl)C=CC(=C2)OC)CC(=O)O,0,unreported_twosides_sampled,0.11543802917003632,0.13939849990994865,0.13939849990994865,fitted,platt_logistic_regression,0.5104907112694607,0,0.40387008367854094,0.4781144781144781,0.026094276094276093,no_interaction,1,False,0.2391304347826087,0.2982456140350877,0.2391304347826087,False,False,True
C1=C(C(=O)NC(=O)N1)F,CC1=NN=C(S1)SCC2=C(N3C(C(C3=O)NC(=O)CN4C=NN=N4)SC2)C(=O)[O-],1,reported_twosides,0.42464184761047363,0.44298248576308735,0.44298248576308735,fitted,platt_logistic_regression,0.5104907112694607,0,0.6866310209101566,0.21548821548821548,0.14393939393939395,no_interaction|interaction,2,True,0.1891891891891892,0.4574468085106383,0.1891891891891892,False,False,True
CCN(CC)C(=O)C(=CC1=CC(=C(C(=C1)O)O)[N+](=O)[O-])C#N,COC1=C(C=C2C(=C1)N=CN=C2NC3=CC(=C(C=C3)F)Cl)OCCCN4CCOCC4,0,unreported_twosides_sampled,0.022545116022229195,0.03192413138658839,0.03192413138658839,fitted,platt_logistic_regression,0.5104907112694607,0,0.14136830287839497,0.7272727272727273,0.0008417508417508417,no_interaction,1,False,0.35714285714285715,0.40789473684210525,0.35714285714285715,False,False,True
CCCC(CCC)C(=O)O,CCN(CC)C(=O)C(=CC1=CC(=C(C(=C1)O)O)[N+](=O)[O-])C#N,1,reported_twosides,0.05117831751704216,0.06712326758518523,0.06712326758518523,fitted,platt_logistic_regression,0.5104907112694607,0,0.2461333510136881,0.6052188552188552,0.007575757575757576,no_interaction,1,False,0.27586206896551724,0.35714285714285715,0.27586206896551724,False,False,True
C1=NC2=C(N1COC(CO)CO)NC(=NC2=O)N,CCCCC(C)(CC=CC1C(CC(=O)C1CCCCCCC(=O)OC)O)O,0,unreported_twosides_sampled,0.5196717381477356,0.5305113657945117,0.5305113657945117,fitted,platt_logistic_regression,0.5104907112694607,1,0.691284136409097,0.15488215488215487,0.20033670033670034,no_interaction|interaction,2,True,0.6739130434782609,0.49230769230769234,0.49230769230769234,False,False,False
CC1=C(C(CCC1)(C)C)C=CC(=CC=CC(=CCO)C)C,COC1=C(C(=NC=C1)CS(=O)C2=NC3=C(N2)C=C(C=C3)OC(F)F)OC,0,unreported_twosides_sampled,0.9977259039878845,0.9964502957405393,0.9964502957405393,fitted,platt_logistic_regression,0.5104907112694607,1,0.023566891352143644,0.0008417508417508417,0.8745791245791246,interaction,1,False,0.6956521739130435,0.5538461538461539,0.5538461538461539,False,False,False
C1=NC2=C(N1COC(CO)CO)NC(=NC2=O)N,CN(C)CCC=C1C2=CC=CC=C2COC3=CC=CC=C31,0,unreported_twosides_sampled,0.3288957178592682,0.3531793734490094,0.3531793734490094,fitted,platt_logistic_regression,0.5104907112694607,0,0.6493926103791201,0.2735690235690236,0.10437710437710437,no_interaction|interaction,2,True,0.6739130434782609,0.7027027027027027,0.6739130434782609,False,False,False
C(CCl)NC(=O)N(CCCl)N=O,CCC1=C(CN(C1=O)C(=O)NCCC2=CC=C(C=C2)S(=O)(=O)NC(=O)NC3CCC(CC3)C)C,0,unreported_twosides_sampled,0.4045947194099426,0.42435148045750165,0.42435148045750165,fitted,platt_logistic_regression,0.5104907112694607,0,0.6816577130467767,0.22643097643097643,0.13131313131313133,no_interaction|interaction,2,True,0.2391304347826087,0.48,0.2391304347826087,False,False,True
CCC1=C(CN(C1=O)C(=O)NCCC2=CC=C(C=C2)S(=O)(=O)NC(=O)NC3CCC(CC3)C)C,CCCC(CCC)C(=O)O,1,reported_twosides,0.14822812378406525,0.17422328902994555,0.17422328902994555,fitted,platt_logistic_regression,0.5104907112694607,0,0.4625199820768558,0.43686868686868685,0.037037037037037035,no_interaction,1,False,0.48,0.27586206896551724,0.27586206896551724,False,False,True
CC1=C(C2=C(N1C(=O)C3=CC=C(C=C3)Cl)C=CC(=C2)OC)CC(=O)O,CC1C(C(C(C(O1)OC2C(OC(C(C2O)O)OC3C(OC(C(C3O)O)O)CO)CO)O)O)NC4C=C(C(C(C4O)O)O)CO,1,reported_twosides,0.2834870219230652,0.3096678321755886,0.3096678321755886,fitted,platt_logistic_regression,0.5104907112694607,0,0.6188346325739703,0.3106060606060606,0.08585858585858586,no_interaction,1,False,0.2982456140350877,0.29850746268656714,0.2982456140350877,False,False,True
CCC1=C(CN(C1=O)C(=O)NCCC2=CC=C(C=C2)S(=O)(=O)NC(=O)NC3CCC(CC3)C)C,CCN(CC)C(=O)C(=CC1=CC(=C(C(=C1)O)O)[N+](=O)[O-])C#N,0,unreported_twosides_sampled,0.01984751969575882,0.028428586950239264,0.028428586950239264,fitted,platt_logistic_regression,0.5104907112694607,0,0.1292366155020007,0.7373737373737373,0.0008417508417508417,no_interaction,1,False,0.48,0.35714285714285715,0.35714285714285715,False,False,True
CC1=C(C2=C(N1C(=O)C3=CC=C(C=C3)Cl)C=CC(=C2)OC)CC(=O)O,COC1=C(C=C2C(=C1)N=CN=C2NC3=CC(=C(C=C3)F)Cl)OCCCN4CCOCC4,1,reported_twosides,0.23395201563835144,0.2612571138446163,0.2612571138446163,fitted,platt_logistic_regression,0.5104907112694607,0,0.5743677160640202,0.3468013468013468,0.06481481481481481,no_interaction,1,False,0.2982456140350877,0.40789473684210525,0.2982456140350877,False,False,True
C(CCl)NC(=O)N(CCCl)N=O,C1=C(C(=O)NC(=O)N1)F,0,unreported_twosides_sampled,0.19177928566932678,0.21904966022711697,0.21904966022711697,fitted,platt_logistic_regression,0.5104907112694607,0,0.5257025140672531,0.3846801346801347,0.04882154882154882,no_interaction,1,False,0.2391304347826087,0.1891891891891892,0.1891891891891892,False,False,True
C(CCl)NC(=O)N(CCCl)N=O,CN(C)CCC=C1C2=CC=CC=C2COC3=CC=CC=C31,0,unreported_twosides_sampled,0.2345283478498459,0.26182703851067957,0.26182703851067957,fitted,platt_logistic_regression,0.5104907112694607,0,0.5749592802706655,0.34595959595959597,0.06481481481481481,no_interaction,1,False,0.2391304347826087,0.7027027027027027,0.2391304347826087,False,False,True
CC1=CN(C(=O)NC1=O)C2C=CC(O2)CO,CCC1=C(CN(C1=O)C(=O)NCCC2=CC=C(C=C2)S(=O)(=O)NC(=O)NC3CCC(CC3)C)C,0,unreported_twosides_sampled,0.35676810145378113,0.379557265735316,0.379557265735316,fitted,platt_logistic_regression,0.5104907112694607,0,0.6638469707397578,0.25673400673400676,0.1127946127946128,no_interaction|interaction,2,True,0.5652173913043478,0.48,0.48,False,False,False
CCCC1=NC2=C(N1CC3=CC=C(C=C3)C4=CC=CC=C4C(=O)O)C=C(C=C2C)C5=NC6=CC=CC=C6N5C,CCN(CC)C(=O)C(=CC1=CC(=C(C(=C1)O)O)[N+](=O)[O-])C#N,1,reported_twosides,0.07571382820606232,0.09552255086795783,0.09552255086795783,fitted,platt_logistic_regression,0.5104907112694607,0,0.31513212480563735,0.553030303030303,0.016835016835016835,no_interaction,1,False,0.38823529411764707,0.35714285714285715,0.35714285714285715,False,False,True
CC1=C(C2=C(N1C(=O)C3=CC=C(C=C3)Cl)C=CC(=C2)OC)CC(=O)O,CN1CCC23C4C1CC5=C2C(=C(C=C5)O)OC3C(C=C4)O,1,reported_twosides,0.26979994773864746,0.29640038602265545,0.29640038602265545,fitted,platt_logistic_regression,0.5104907112694607,0,0.6077834352374605,0.3207070707070707,0.07996632996632996,no_interaction,1,False,0.2982456140350877,0.5333333333333333,0.2982456140350877,False,False,True
C=CC1=C(N2C(C(C2=O)NC(=O)C(=NO)C3=CSC(=N3)N)SC1)C(=O)O,CC(CC1=CC=CC=C1)N(C)CC#C,0,unreported_twosides_sampled,0.005194335710257292,0.008356942760870133,0.008356942760870133,fitted,platt_logistic_regression,0.5104907112694607,0,0.048307077455767886,0.8392255892255892,0.0008417508417508417,no_interaction,1,False,0.7941176470588235,0.42424242424242425,0.42424242424242425,False,False,False
C=CC1=C(N2C(C(C2=O)NC(=O)C(=NO)C3=CSC(=N3)N)SC1)C(=O)O,CC1=NC=C2N1C3=C(C=C(C=C3)Cl)C(=NC2)C4=CC=CC=C4F,0,unreported_twosides_sampled,0.09550414234399796,0.11765183902945277,0.11765183902945277,fitted,platt_logistic_regression,0.5104907112694607,0,0.3622201886767414,0.5084175084175084,0.021885521885521887,no_interaction,1,False,0.7941176470588235,0.5454545454545454,0.5454545454545454,False,False,False
CC1=C(C2=C(N1C(=O)C3=CC=C(C=C3)Cl)C=CC(=C2)OC)CC(=O)O,CN(C)CCC=C1C2=CC=CC=C2COC3=CC=CC=C31,1,reported_twosides,0.30389341711997986,0.32931201882192906,0.32931201882192906,fitted,platt_logistic_regression,0.5104907112694607,0,0.6336903469726104,0.29545454545454547,0.09090909090909091,no_interaction,1,False,0.2982456140350877,0.7027027027027027,0.2982456140350877,False,False,True
CC1=CC(=C(C=C1)C)OCCCC(C)(C)C(=O)O,CNC1CCC(C2=CC=CC=C12)C3=CC(=C(C=C3)Cl)Cl,1,reported_twosides,0.47882020473480225,0.4930108139939216,0.4930108139939216,fitted,platt_logistic_regression,0.5104907112694607,0,0.6930494799360447,0.19023569023569023,0.17424242424242425,no_interaction|interaction,2,True,0.26,0.2549019607843137,0.2549019607843137,False,False,True
C1=C(C(=O)NC(=O)N1)F,CN(CC1=CN=C2C(=N1)C(=NC(=N2)N)N)C3=CC=C(C=C3)C(=O)NC(CCC(=O)O)C(=O)O,1,reported_twosides,0.3896327316761017,0.4103944605853999,0.4103944605853999,fitted,platt_logistic_regression,0.5104907112694607,0,0.6770017951433807,0.234006734006734,0.12373737373737374,no_interaction|interaction,2,True,0.1891891891891892,0.4868421052631579,0.1891891891891892,False,False,True
CCCCC(C)(CC=CC1C(CC(=O)C1CCCCCCC(=O)OC)O)O,COC1=C(C(=NC=C1)CS(=O)C2=NC3=C(N2)C=C(C=C3)OC(F)F)OC,1,reported_twosides,0.999240517616272,0.9987023948340972,0.9987023948340972,fitted,platt_logistic_regression,0.5104907112694607,1,0.009922249248698334,0.0008417508417508417,0.9082491582491582,interaction,1,False,0.49230769230769234,0.5538461538461539,0.49230769230769234,False,False,False
CC(CCC(=O)O)C1CCC2C1(CCC3C2C(CC4C3(CCC(C4)O)C)O)C,CNC1CCC(C2=CC=CC=C12)C3=CC(=C(C=C3)Cl)Cl,1,reported_twosides,0.03444952517747879,0.04691731725377768,0.04691731725377768,fitted,platt_logistic_regression,0.5104907112694607,0,0.18933643114069104,0.664983164983165,0.003367003367003367,no_interaction,1,False,0.25925925925925924,0.2549019607843137,0.2549019607843137,False,False,True
CC12CCC3C(C1CCC2O)CCC4=CC(=O)CCC34C,CC1=C(C2=C(N1C(=O)C3=CC=C(C=C3)Cl)C=CC(=C2)OC)CC(=O)O,1,reported_twosides,0.2802724838256836,0.306558730572145,0.306558730572145,fitted,platt_logistic_regression,0.5104907112694607,0,0.616319499554552,0.3122895622895623,0.08417508417508418,no_interaction,1,False,0.723404255319149,0.2982456140350877,0.2982456140350877,False,False,True
CCCC1=NC2=C(N1CC3=CC=C(C=C3)C4=CC=CC=C4C(=O)O)C=C(C=C2C)C5=NC6=CC=CC=C6N5C,CN(C)CCC=C1C2=CC=CC=C2COC3=CC=CC=C31,1,reported_twosides,0.6466678977012634,0.646798594197905,0.646798594197905,fitted,platt_logistic_regression,0.5104907112694607,1,0.6494059409381809,0.10437710437710437,0.2735690235690236,no_interaction|interaction,2,True,0.38823529411764707,0.7027027027027027,0.38823529411764707,False,False,True
C1=NC2=C(N1COC(CO)CO)NC(=NC2=O)N,CNC1CCC(C2=CC=CC=C12)C3=CC(=C(C=C3)Cl)Cl,0,unreported_twosides_sampled,0.3764003813266754,0.3980098850541774,0.3980098850541774,fitted,platt_logistic_regression,0.5104907112694607,0,0.6721964890882999,0.24494949494949494,0.11784511784511785,no_interaction|interaction,2,True,0.6739130434782609,0.2549019607843137,0.2549019607843137,False,False,True
C1=C(C(=O)NC(=O)N1)F,COC1=C(C=C2C(=C1)N=CN=C2NC3=CC(=C(C=C3)F)Cl)OCCCN4CCOCC4,1,reported_twosides,0.4114776849746704,0.4307567876026222,0.4307567876026222,fitted,platt_logistic_regression,0.5104907112694607,0,0.6835270468450463,0.2239057239057239,0.13552188552188552,no_interaction|interaction,2,True,0.1891891891891892,0.40789473684210525,0.1891891891891892,False,False,True
C=CC1=C(N2C(C(C2=O)NC(=O)C(=NO)C3=CSC(=N3)N)SC1)C(=O)O,CC1=C(C(CCC1)(C)C)C=CC(=CC=CC(=CCO)C)C,0,unreported_twosides_sampled,0.0919593945145607,0.11373091953803524,0.11373091953803524,fitted,platt_logistic_regression,0.5104907112694607,0,0.3542453244942987,0.5168350168350169,0.021885521885521887,no_interaction,1,False,0.7941176470588235,0.6956521739130435,0.6956521739130435,False,False,False
CC(CCC(=O)O)C1CCC2C1(CCC3C2C(CC4C3(CCC(C4)O)C)O)C,CN(CC1=CN=C2C(=N1)C(=NC(=N2)N)N)C3=CC=C(C=C3)C(=O)NC(CCC(=O)O)C(=O)O,1,reported_twosides,0.19114229083061218,0.21840387053944926,0.21840387053944926,fitted,platt_logistic_regression,0.5104907112694607,0,0.5248803579427338,0.38552188552188554,0.04882154882154882,no_interaction,1,False,0.25925925925925924,0.4868421052631579,0.25925925925925924,False,False,True
CCC1(CC2CC(C3=C(CCN(C2)C1)C4=CC=CC=C4N3)(C5=C(C=C6C(=C5)C78CCN9C7C(C=CC9)(C(C(C8N6C=O)(C(=O)OC)O)OC(=O)C)CC)OC)C(=O)OC)O,CCCCCC(C=CC1C(CC2C1CC(=CCCCC(=O)O)O2)O)O,0,unreported_twosides_sampled,0.0988827496767044,0.12137303112728816,0.12137303112728816,fitted,platt_logistic_regression,0.5104907112694607,0,0.3696517629341254,0.5050505050505051,0.022727272727272728,no_interaction,1,False,0.89,0.5625,0.5625,False,False,False
CC1=CC(=C(C=C1)C)OCCCC(C)(C)C(=O)O,CN(C)CCC=C1C2=CC=CC=C2COC3=CC=CC=C31,1,reported_twosides,0.5023460388183594,0.5146239400120005,0.5146239400120005,fitted,platt_logistic_regression,0.5104907112694607,1,0.69271940031487,0.17087542087542087,0.19276094276094277,no_interaction|interaction,2,True,0.26,0.7027027027027027,0.26,False,False,True
CCCCCC(C=CC1C(CC2C1CC(=CCCCC(=O)O)O2)O)O,COC1=C(C(=NC=C1)CS(=O)C2=NC3=C(N2)C=C(C=C3)OC(F)F)OC,1,reported_twosides,0.9967457056045532,0.9950690712291872,0.9950690712291872,fitted,platt_logistic_regression,0.5104907112694607,1,0.031112969183491167,0.0008417508417508417,0.8619528619528619,interaction,1,False,0.5625,0.5538461538461539,0.5538461538461539,False,False,False
C1=C(C(=O)NC(=O)N1)F,CC(C)(C)NCC(C1=NC(=C(C=C1)O)CO)O,0,unreported_twosides_sampled,0.7708120346069336,0.7620263973182709,0.7620263973182709,fitted,platt_logistic_regression,0.5104907112694607,1,0.5487328633712969,0.054713804713804715,0.3720538720538721,interaction,1,False,0.1891891891891892,0.5227272727272727,0.1891891891891892,False,False,True
CC1(OC2CC3C4CCC5=CC(=O)C=CC5(C4C(CC3(C2(O1)C(=O)CO)C)O)C)C,CNS(=O)(=O)CCC1=CC2=C(C=C1)NC=C2C3CCN(CC3)C,0,unreported_twosides_sampled,0.5156788229942322,0.5268517689220963,0.5268517689220963,fitted,platt_logistic_regression,0.5104907112694607,1,0.691704451615604,0.1574074074074074,0.20033670033670034,no_interaction|interaction,2,True,0.7313432835820896,0.4492753623188406,0.4492753623188406,False,False,False
CC(=O)N(CCCCCNC(=O)CCC(=O)N(CCCCCNC(=O)CCC(=O)N(CCCCCN)O)O)O,CC1=C(C(CCC1)(C)C)C=CC(=CC=CC(=CCO)C)C,0,unreported_twosides_sampled,0.2074522078037262,0.2348575046061227,0.2348575046061227,fitted,platt_logistic_regression,0.5104907112694607,0,0.5450794278658613,0.3728956228956229,0.054713804713804715,no_interaction,1,False,0.3,0.6956521739130435,0.3,False,False,True
CC1=C(C2=C(N1C(=O)C3=CC=C(C=C3)Cl)C=CC(=C2)OC)CC(=O)O,CN(CC1=CN=C2C(=N1)C(=NC(=N2)N)N)C3=CC=C(C=C3)C(=O)NC(CCC(=O)O)C(=O)O,1,reported_twosides,0.18437007069587708,0.21152140754625387,0.21152140754625387,fitted,platt_logistic_regression,0.5104907112694607,0,0.5159654583281579,0.39646464646464646,0.045454545454545456,no_interaction,1,False,0.2982456140350877,0.4868421052631579,0.2982456140350877,False,False,True
CCCCCC(C=CC1C(CC2C1CC(=CCCCC(=O)O)O2)O)O,COC1=C(C=C2C(=C1)N=CN=C2NC3=CC(=C(C=C3)F)Cl)OCCCN4CCOCC4,0,unreported_twosides_sampled,0.20072434842586517,0.22809054880455937,0.22809054880455937,fitted,platt_logistic_regression,0.5104907112694607,0,0.5369588165191259,0.3779461279461279,0.05134680134680135,no_interaction,1,False,0.5625,0.40789473684210525,0.40789473684210525,False,False,False
CC(CCC(=O)O)C1CCC2C1(CCC3C2C(CC4C3(CCC(C4)O)C)O)C,CCCCC(C)(CC=CC1C(CC(=O)C1CCCCCCC(=O)OC)O)O,1,reported_twosides,0.35668307542800903,0.3794771323076811,0.3794771323076811,fitted,platt_logistic_regression,0.5104907112694607,0,0.6638075773092915,0.25673400673400676,0.1127946127946128,no_interaction|interaction,2,True,0.25925925925925924,0.49230769230769234,0.25925925925925924,False,False,True
CC1=NN=C(S1)SCC2=C(N3C(C(C3=O)NC(=O)CN4C=NN=N4)SC2)C(=O)[O-],CC1CC2C3CCC4=CC(=O)C=CC4(C3(C(CC2(C1(C(=O)CCl)O)C)O)F)C,0,unreported_twosides_sampled,0.9993060827255249,0.9988055970670543,0.9988055970670543,fitted,platt_logistic_regression,0.5104907112694607,1,0.009232151106447158,0.0008417508417508417,0.9090909090909091,interaction,1,False,0.4574468085106383,0.847457627118644,0.4574468085106383,False,False,False
CCCC1CC(N(C1)C)C(=O)NC(C2C(C(C(C(O2)SC)O)O)O)C(C)Cl,CCCCC(C)(CC=CC1C(CC(=O)C1CCCCCCC(=O)OC)O)O,0,unreported_twosides_sampled,0.4069999158382416,0.42659082069621945,0.42659082069621945,fitted,platt_logistic_regression,0.5104907112694607,0,0.6823303071491602,0.22643097643097643,0.13215488215488216,no_interaction|interaction,2,True,0.8545454545454545,0.49230769230769234,0.49230769230769234,False,False,False
CC(C)C1=C(C(=CC=C1)C(C)C)O,CC1C(C(C(C(O1)OC2C(OC(C(C2O)O)OC3C(OC(C(C3O)O)O)CO)CO)O)O)NC4C=C(C(C(C4O)O)O)CO,0,unreported_twosides_sampled,0.34683626890182495,0.3701835845757584,0.3701835845757584,fitted,platt_logistic_regression,0.5104907112694607,0,0.659053315192315,0.2601010101010101,0.10942760942760943,no_interaction|interaction,2,True,0.2857142857142857,0.29850746268656714,0.2857142857142857,False,False,True
CC12CCC3C(C1CCC2O)CCC4=CC(=O)CCC34C,CC1OCC2C(O1)C(C(C(O2)OC3C4COC(=O)C4C(C5=CC6=C(C=C35)OCO6)C7=CC(=C(C(=C7)OC)O)OC)O)O,0,unreported_twosides_sampled,0.7499375343322754,0.7424137212221685,0.7424137212221685,fitted,platt_logistic_regression,0.5104907112694607,1,0.5705170696095819,0.06313131313131314,0.35185185185185186,interaction,1,False,0.723404255319149,0.20588235294117646,0.20588235294117646,False,False,True
C(CCl)NC(=O)N(CCCl)N=O,CCCC(CCC)C(=O)O,1,reported_twosides,0.17405901849269867,0.20098156084262173,0.20098156084262173,fitted,platt_logistic_regression,0.5104907112694607,0,0.5017601486659701,0.4065656565656566,0.04377104377104377,no_interaction,1,False,0.2391304347826087,0.27586206896551724,0.2391304347826087,False,False,True
C=CC1=C(N2C(C(C2=O)NC(=O)C(=NO)C3=CSC(=N3)N)SC1)C(=O)O,CN(C)CCC=C1C2=CC=CC=C2COC3=CC=CC=C31,0,unreported_twosides_sampled,0.025838354602456093,0.03613696478622577,0.03613696478622577,fitted,platt_logistic_regression,0.5104907112694607,0,0.15546660089092926,0.7138047138047138,0.0025252525252525255,no_interaction,1,False,0.7941176470588235,0.7027027027027027,0.7027027027027027,False,False,False
CC12CCC3C(C1CCC2O)CCC4=CC(=O)CCC34C,COC1=C(C=C2C(=C1)N=CN=C2NC3=CC(=C(C=C3)F)Cl)OCCCN4CCOCC4,0,unreported_twosides_sampled,0.7722344398498535,0.7633676755862822,0.7633676755862822,fitted,platt_logistic_regression,0.5104907112694607,1,0.5471668882207926,0.054713804713804715,0.3728956228956229,interaction,1,False,0.723404255319149,0.40789473684210525,0.40789473684210525,False,False,False
C1=NC2=C(N1COC(CO)CO)NC(=NC2=O)N,CCCC1=NC2=C(N1CC3=CC=C(C=C3)C4=CC=CC=C4C(=O)O)C=C(C=C2C)C5=NC6=CC=CC=C6N5C,0,unreported_twosides_sampled,0.4501907527446747,0.4666262264032355,0.4666262264032355,fitted,platt_logistic_regression,0.5104907112694607,0,0.6909179059836803,0.20202020202020202,0.15488215488215487,no_interaction|interaction,2,True,0.6739130434782609,0.38823529411764707,0.38823529411764707,False,False,True
C1=NC2C(=N1)NC(=NC2=S)N,CN(CC1=CN=C2C(=N1)C(=NC(=N2)N)N)C3=CC=C(C=C3)C(=O)NC(CCC(=O)O)C(=O)O,1,reported_twosides,0.46831947565078735,0.48334528553201095,0.48334528553201095,fitted,platt_logistic_regression,0.5104907112694607,0,0.6925923189005097,0.1936026936026936,0.16666666666666666,no_interaction|interaction,2,True,0.15555555555555556,0.4868421052631579,0.15555555555555556,False,False,True
CC1CC2C3CCC4=CC(=O)C=CC4(C3(C(CC2(C1(C(=O)CCl)O)C)O)F)C,CN(C)CCC=C1C2=CC=CC=C2COC3=CC=CC=C31,1,reported_twosides,0.9999126195907593,0.9998218074579457,0.9998218074579457,fitted,platt_logistic_regression,0.5104907112694607,1,0.0017164497815674085,0.0008417508417508417,0.9553872053872053,interaction,1,False,0.847457627118644,0.7027027027027027,0.7027027027027027,False,False,False
CCCC1CC(N(C1)C)C(=O)NC(C2C(C(C(C(O2)SC)O)O)O)C(C)Cl,COC1=C(C(=NC=C1)CS(=O)C2=NC3=C(N2)C=C(C=C3)OC(F)F)OC,1,reported_twosides,0.8177289366722107,0.8066586298369923,0.8066586298369923,fitted,platt_logistic_regression,0.5104907112694607,1,0.4910318738791416,0.04292929292929293,0.41414141414141414,interaction,1,False,0.8545454545454545,0.5538461538461539,0.5538461538461539,False,False,False
CC(C)C1=C(C(=CC=C1)C(C)C)O,CCCN1CCCCC1C(=O)NC2=C(C=CC=C2C)C,1,reported_twosides,0.6145725846290588,0.6173688050208875,0.6173688050208875,fitted,platt_logistic_regression,0.5104907112694607,1,0.6653375437624591,0.11363636363636363,0.25673400673400676,no_interaction|interaction,2,True,0.2857142857142857,0.8604651162790697,0.2857142857142857,False,False,True
CC1=CC(=C(C=C1)C)OCCCC(C)(C)C(=O)O,CC1CC2C3CCC4=CC(=O)C=CC4(C3(C(CC2(C1(C(=O)CCl)O)C)O)F)C,0,unreported_twosides_sampled,0.9977222084999084,0.9964450051860988,0.9964450051860988,fitted,platt_logistic_regression,0.5104907112694607,1,0.023596712025019957,0.0008417508417508417,0.8745791245791246,interaction,1,False,0.26,0.847457627118644,0.26,False,False,True
CCCC1CC(N(C1)C)C(=O)NC(C2C(C(C(C(O2)SC)O)O)O)C(C)Cl,CN(C)CCC1=CNC2=C1C=C(C=C2)CN3C=NC=N3,1,reported_twosides,0.009982760064303875,0.015189304801510303,0.015189304801510303,fitted,platt_logistic_regression,0.5104907112694607,0,0.07867346492098257,0.7904040404040404,0.0008417508417508417,no_interaction,1,False,0.8545454545454545,0.5272727272727272,0.5272727272727272,False,False,False
CC(=O)N(CCCCCNC(=O)CCC(=O)N(CCCCCNC(=O)CCC(=O)N(CCCCCN)O)O)O,CCC1(CC2CC(C3=C(CCN(C2)C1)C4=CC=CC=C4N3)(C5=C(C=C6C(=C5)C78CCN9C7C(C=CC9)(C(C(C8N6C=O)(C(=O)OC)O)OC(=O)C)CC)OC)C(=O)OC)O,0,unreported_twosides_sampled,0.23952466249465942,0.26676069576641687,0.26676069576641687,fitted,platt_logistic_regression,0.5104907112694607,0,0.5800102687367875,0.3425925925925926,0.06902356902356903,no_interaction,1,False,0.3,0.89,0.3,False,False,True
CC12CCC3C(C1CCC2C(=O)NC(C)(C)C)CCC4C3(C=CC(=O)N4)C,CN(C)CCC=C1C2=CC=CC=C2COC3=CC=CC=C31,1,reported_twosides,0.3590213358402252,0.3816801408249748,0.3816801408249748,fitted,platt_logistic_regression,0.5104907112694607,0,0.6648806491087281,0.25673400673400676,0.11363636363636363,no_interaction|interaction,2,True,0.3582089552238806,0.7027027027027027,0.3582089552238806,False,False,True
CCCC(CCC)C(=O)O,CNC1CCC(C2=CC=CC=C12)C3=CC(=C(C=C3)Cl)Cl,1,reported_twosides,0.05436673015356064,0.07088680794278474,0.07088680794278474,fitted,platt_logistic_regression,0.5104907112694607,0,0.2559268268593057,0.6001683501683501,0.009259259259259259,no_interaction,1,False,0.27586206896551724,0.2549019607843137,0.2549019607843137,False,False,True
C1=C(C(=O)NC(=O)N1)F,CN(C)CCC=C1C2=CC=CC=C2COC3=CC=CC=C31,0,unreported_twosides_sampled,0.12936832010746002,0.15432377813082013,0.15432377813082013,fitted,platt_logistic_regression,0.5104907112694607,0,0.4301363755521721,0.45791245791245794,0.03367003367003367,no_interaction,1,False,0.1891891891891892,0.7027027027027027,0.1891891891891892,False,False,True
CNC1CCC(C2=CC=CC=C12)C3=CC(=C(C=C3)Cl)Cl,CNS(=O)(=O)CCC1=CC2=C(C=C1)NC=C2C3CCN(CC3)C,1,reported_twosides,0.30932387709617615,0.3345139442560295,0.3345139442560295,fitted,platt_logistic_regression,0.5104907112694607,0,0.637329371128753,0.29208754208754206,0.09343434343434344,no_interaction,1,False,0.2549019607843137,0.4492753623188406,0.2549019607843137,False,False,True
CC1=CN(C(=O)NC1=O)C2C=CC(O2)CO,CN=C1CN(C(=C2C=C(C=CC2=N1)Cl)C3=CC=CC=C3)O,0,unreported_twosides_sampled,0.2623612582683563,0.2891565999461518,0.2891565999461518,fitted,platt_logistic_regression,0.5104907112694607,0,0.601394787294521,0.32323232323232326,0.07912457912457913,no_interaction,1,False,0.5652173913043478,0.3387096774193548,0.3387096774193548,False,False,True
CC12CCC3C(C1CCC2=O)CC(=C)C4=CC(=O)C=CC34C,CC1=C(C2=C(N1C(=O)C3=CC=C(C=C3)Cl)C=CC(=C2)OC)CC(=O)O,0,unreported_twosides_sampled,0.20508833229541779,0.23248303555294408,0.23248303555294408,fitted,platt_logistic_regression,0.5104907112694607,0,0.5422592581089831,0.37542087542087543,0.05387205387205387,no_interaction,1,False,0.3235294117647059,0.2982456140350877,0.2982456140350877,False,False,True
CCCC1=NC2=C(N1CC3=CC=C(C=C3)C4=CC=CC=C4C(=O)O)C=C(C=C2C)C5=NC6=CC=CC=C6N5C,CCCC1CC(N(C1)C)C(=O)NC(C2C(C(C(C(O2)SC)O)O)O)C(C)Cl,0,unreported_twosides_sampled,0.34404706954956055,0.36754617443685855,0.36754617443685855,fitted,platt_logistic_regression,0.5104907112694607,0,0.6576367859896813,0.2617845117845118,0.10942760942760943,no_interaction|interaction,2,True,0.38823529411764707,0.8545454545454545,0.38823529411764707,False,False,True
CC12CCC3C(C1CCC2C(=O)NC(C)(C)C)CCC4C3(C=CC(=O)N4)C,COC1=C(C=C2C(=C1)C(=NC(=N2)N3CCN(CC3)C(=O)C4COC5=CC=CC=C5O4)N)OC,1,reported_twosides,0.09516603499650955,0.11727860049909693,0.11727860049909693,fitted,platt_logistic_regression,0.5104907112694607,0,0.36146749483394414,0.5092592592592593,0.021885521885521887,no_interaction,1,False,0.3582089552238806,0.6515151515151515,0.3582089552238806,False,False,True
CN1CCC23C4C1CC5=C2C(=C(C=C5)O)OC3C(C=C4)O,COC1=C(C=C2C(=C1)N=CN=C2NC3=CC(=C(C=C3)F)Cl)OCCCN4CCOCC4,1,reported_twosides,0.40958815813064575,0.42899930986024615,0.42899930986024615,fitted,platt_logistic_regression,0.5104907112694607,0,0.6830308247142229,0.2239057239057239,0.13468013468013468,no_interaction|interaction,2,True,0.5333333333333333,0.40789473684210525,0.40789473684210525,False,False,False
CCCCC(C)(CC=CC1C(CC(=O)C1CCCCCCC(=O)OC)O)O,CN1CCC23C4C1CC5=C2C(=C(C=C5)O)OC3C(C=C4)O,1,reported_twosides,0.46970120072364807,0.48461784594355295,0.48461784594355295,fitted,platt_logistic_regression,0.5104907112694607,0,0.6926738845586977,0.19276094276094277,0.17087542087542087,no_interaction|interaction,2,True,0.49230769230769234,0.5333333333333333,0.49230769230769234,False,False,False
CCCN1CCCCC1C(=O)NC2=C(C=CC=C2C)C,COC1=C(C(=NC=C1)CS(=O)C2=NC3=C(N2)C=C(C=C3)OC(F)F)OC,0,unreported_twosides_sampled,0.9652308225631714,0.9569881894446228,0.9569881894446228,fitted,platt_logistic_regression,0.5104907112694607,1,0.17740047015994054,0.0025252525252525255,0.6826599326599326,interaction,1,False,0.8604651162790697,0.5538461538461539,0.5538461538461539,False,False,False
CC1CC2C3CCC4=CC(=O)C=CC4(C3(C(CC2(C1(C(=O)CCl)O)C)O)F)C,CN(CC1=CN=C2C(=N1)C(=NC(=N2)N)N)C3=CC=C(C=C3)C(=O)NC(CCC(=O)O)C(=O)O,1,reported_twosides,0.9982461929321289,0.9972030027487534,0.9972030027487534,fitted,platt_logistic_regression,0.5104907112694607,1,0.019237212988417227,0.0008417508417508417,0.8787878787878788,interaction,1,False,0.847457627118644,0.4868421052631579,0.4868421052631579,False,False,False
C1=CC=C(C=C1)CCNN,CCCC1=NC2=C(N1CC3=CC=C(C=C3)C4=CC=CC=C4C(=O)O)C=C(C=C2C)C5=NC6=CC=CC=C6N5C,0,unreported_twosides_sampled,0.38688310980796814,0.40782428813774835,0.40782428813774835,fitted,platt_logistic_regression,0.5104907112694607,0,0.6760568731690888,0.23737373737373738,0.12289562289562289,no_interaction|interaction,2,True,0.35714285714285715,0.38823529411764707,0.35714285714285715,False,False,True
CC(CC1=CC=CC=C1)N(C)CC#C,CCCC1CC(N(C1)C)C(=O)NC(C2C(C(C(C(O2)SC)O)O)O)C(C)Cl,0,unreported_twosides_sampled,0.05165894329547882,0.06769217972934645,0.06769217972934645,fitted,platt_logistic_regression,0.5104907112694607,0,0.24762800351247066,0.6043771043771043,0.007575757575757576,no_interaction,1,False,0.42424242424242425,0.8545454545454545,0.42424242424242425,False,False,False
CC12CCC3C(C1CCC2C(=O)NC(C)(C)C)CCC4C3(C=CC(=O)N4)C,CC1OCC2C(O1)C(C(C(O2)OC3C4COC(=O)C4C(C5=CC6=C(C=C35)OCO6)C7=CC(=C(C(=C7)OC)O)OC)O)O,1,reported_twosides,0.31499165296554565,0.3399322999866993,0.3399322999866993,fitted,platt_logistic_regression,0.5104907112694607,0,0.6409905626411603,0.2887205387205387,0.09764309764309764,no_interaction,1,False,0.3582089552238806,0.20588235294117646,0.20588235294117646,False,False,True
CCCC(CCC)C(=O)O,CN=C1CN(C(=C2C=C(C=CC2=N1)Cl)C3=CC=CC=C3)O,1,reported_twosides,0.014845304191112518,0.02181942991023254,0.02181942991023254,fitted,platt_logistic_regression,0.5104907112694607,0,0.1050379606886243,0.7575757575757576,0.0008417508417508417,no_interaction,1,False,0.27586206896551724,0.3387096774193548,0.27586206896551724,False,False,True
CN(C)CCC1=CNC2=C1C=C(C=C2)CN3C=NC=N3,COC1=C(C=C2C(=C1)C(=NC(=N2)N3CCN(CC3)C(=O)C4COC5=CC=CC=C5O4)N)OC,0,unreported_twosides_sampled,0.47738394141197205,0.49168952619091133,0.49168952619091133,fitted,platt_logistic_regression,0.5104907112694607,0,0.6930090462496025,0.19023569023569023,0.1734006734006734,no_interaction|interaction,2,True,0.5272727272727272,0.6515151515151515,0.5272727272727272,False,False,False
CC(CCC(=O)O)C1CCC2C1(CCC3C2C(CC4C3(CCC(C4)O)C)O)C,CNCCCN1C2=CC=CC=C2CCC3=CC=CC=C31,1,reported_twosides,0.01912233605980873,0.027481303632056024,0.027481303632056024,fitted,platt_logistic_regression,0.5104907112694607,0,0.1258748435590383,0.7432659932659933,0.0008417508417508417,no_interaction,1,False,0.25925925925925924,0.6111111111111112,0.25925925925925924,False,False,True
CC(CC1=CC=CC=C1)N(C)CC#C,COC1=C(C(=NC=C1)CS(=O)C2=NC3=C(N2)C=C(C=C3)OC(F)F)OC,1,reported_twosides,0.9983433485031128,0.9973454903707245,0.9973454903707245,fitted,platt_logistic_regression,0.5104907112694607,1,0.018396194788813547,0.0008417508417508417,0.8821548821548821,interaction,1,False,0.42424242424242425,0.5538461538461539,0.42424242424242425,False,False,False
CC1(OC2CC3C4CCC5=CC(=O)C=CC5(C4C(CC3(C2(O1)C(=O)CO)C)O)C)C,CC1C(C(C(C(O1)OC2C(OC(C(C2O)O)OC3C(OC(C(C3O)O)O)CO)CO)O)O)NC4C=C(C(C(C4O)O)O)CO,0,unreported_twosides_sampled,0.8630821704864502,0.8507866281409701,0.8507866281409701,fitted,platt_logistic_regression,0.5104907112694607,1,0.4213421716963751,0.03198653198653199,0.4612794612794613,interaction,1,False,0.7313432835820896,0.29850746268656714,0.29850746268656714,False,False,True
CC1=C(C2=C(N1C(=O)C3=CC=C(C=C3)Cl)C=CC(=C2)OC)CC(=O)O,CC1=CC(=C(C=C1)C)OCCCC(C)(C)C(=O)O,1,reported_twosides,0.28367120027542114,0.30984584459104125,0.30984584459104125,fitted,platt_logistic_regression,0.5104907112694607,0,0.6189772661535247,0.3106060606060606,0.0867003367003367,no_interaction,1,False,0.2982456140350877,0.26,0.26,False,False,True
CC1=C(C2=C(N1C(=O)C3=CC=C(C=C3)Cl)C=CC(=C2)OC)CC(=O)O,CC1=NC=C2N1C3=C(C=C(C=C3)Cl)C(=NC2)C4=CC=CC=C4F,0,unreported_twosides_sampled,0.3021073043346405,0.3275987881980958,0.3275987881980958,fitted,platt_logistic_regression,0.5104907112694607,0,0.6324650783204029,0.29713804713804715,0.09006734006734007,no_interaction,1,False,0.2982456140350877,0.5454545454545454,0.2982456140350877,False,False,True
C1=NC2=C(N1COC(CO)CO)NC(=NC2=O)N,CC1=CC(=C(C=C1)C)OCCCC(C)(C)C(=O)O,0,unreported_twosides_sampled,0.24500417709350586,0.27215712503662526,0.27215712503662526,fitted,platt_logistic_regression,0.5104907112694607,0,0.5853925809694465,0.33754208754208753,0.07323232323232323,no_interaction,1,False,0.6739130434782609,0.26,0.26,False,False,True
C1=CC=C(C=C1)CCNN,CC(CCC(=O)O)C1CCC2C1(CCC3C2C(CC4C3(CCC(C4)O)C)O)C,0,unreported_twosides_sampled,0.058796226978302,0.07607576246134742,0.07607576246134742,fitted,platt_logistic_regression,0.5104907112694607,0,0.26907880308413146,0.5909090909090909,0.010942760942760943,no_interaction,1,False,0.35714285714285715,0.25925925925925924,0.25925925925925924,False,False,True
CC(C)C1=C(C(=CC=C1)C(C)C)O,CC12CCC3C(C1CCC2O)CCC4=CC(=O)CCC34C,0,unreported_twosides_sampled,0.368081271648407,0.3902025383276849,0.3902025383276849,fitted,platt_logistic_regression,0.5104907112694607,0,0.6688385985093614,0.2516835016835017,0.11616161616161616,no_interaction|interaction,2,True,0.2857142857142857,0.723404255319149,0.2857142857142857,False,False,True
CC1(OC2CC3C4CCC5=CC(=O)C=CC5(C4C(CC3(C2(O1)C(=O)CO)C)O)C)C,CNC1CCC(C2=CC=CC=C12)C3=CC(=C(C=C3)Cl)Cl,1,reported_twosides,0.7554930448532104,0.7476209506709895,0.7476209506709895,fitted,platt_logistic_regression,0.5104907112694607,1,0.5649337361862241,0.06228956228956229,0.35774410774410775,interaction,1,False,0.7313432835820896,0.2549019607843137,0.2549019607843137,False,False,True
C1CC(CCC1C2=CC=C(C=C2)Cl)C3=C(C4=CC=CC=C4C(=O)C3=O)O,CC1C(C(C(C(O1)OC2C(OC(C(C2O)O)OC3C(OC(C(C3O)O)O)CO)CO)O)O)NC4C=C(C(C(C4O)O)O)CO,0,unreported_twosides_sampled,0.34863966703414917,0.37188766616108193,0.37188766616108193,fitted,platt_logistic_regression,0.5104907112694607,0,0.6599526904411416,0.2601010101010101,0.10942760942760943,no_interaction|interaction,2,True,0.2549019607843137,0.29850746268656714,0.2549019607843137,False,False,True
C1=C(C(=O)NC(=O)N1)F,C=CC1=C(N2C(C(C2=O)NC(=O)C(=NO)C3=CSC(=N3)N)SC1)C(=O)O,0,unreported_twosides_sampled,0.310909628868103,0.3360310200215486,0.3360310200215486,fitted,platt_logistic_regression,0.5104907112694607,0,0.6383677097644671,0.29208754208754206,0.09511784511784512,no_interaction,1,False,0.1891891891891892,0.7941176470588235,0.1891891891891892,False,False,True
CC12CCC3C(C1CCC2O)CCC4=CC(=O)CCC34C,CCCC1=NC2=C(N1CC3=CC=C(C=C3)C4=CC=CC=C4C(=O)O)C=C(C=C2C)C5=NC6=CC=CC=C6N5C,1,reported_twosides,0.7789553999900818,0.7697143402981321,0.7697143402981321,fitted,platt_logistic_regression,0.5104907112694607,1,0.5396212770002861,0.05303030303030303,0.3771043771043771,interaction,1,False,0.723404255319149,0.38823529411764707,0.38823529411764707,False,False,True
C1CC(CCC1C2=CC=C(C=C2)Cl)C3=C(C4=CC=CC=C4C(=O)C3=O)O,CCCC(CCC)C(=O)O,1,reported_twosides,0.041946135461330414,0.056076304563611276,0.056076304563611276,fitted,platt_logistic_regression,0.5104907112694607,0,0.2160319715972906,0.6338383838383839,0.005892255892255892,no_interaction,1,False,0.2549019607843137,0.27586206896551724,0.2549019607843137,False,False,True
CCCC1=NC2=C(N1CC3=CC=C(C=C3)C4=CC=CC=C4C(=O)O)C=C(C=C2C)C5=NC6=CC=CC=C6N5C,COC1=C(C=C2C(=C1)N=CN=C2NC3=CC(=C(C=C3)F)Cl)OCCCN4CCOCC4,0,unreported_twosides_sampled,0.7595752477645874,0.751452824327763,0.751452824327763,fitted,platt_logistic_regression,0.5104907112694607,1,0.5607334181362438,0.06228956228956229,0.35774410774410775,interaction,1,False,0.38823529411764707,0.40789473684210525,0.38823529411764707,False,False,True
CC12CCC3C(C1CCC2C(=O)NC(C)(C)C)CCC4C3(C=CC(=O)N4)C,CCN(CC)C(=O)C(=CC1=CC(=C(C(=C1)O)O)[N+](=O)[O-])C#N,1,reported_twosides,0.08687568455934525,0.10807650495979133,0.10807650495979133,fitted,platt_logistic_regression,0.5104907112694607,0,0.3424748134116054,0.5328282828282829,0.021043771043771045,no_interaction,1,False,0.3582089552238806,0.35714285714285715,0.35714285714285715,False,False,True
CC(C)C1=C(C(=CC=C1)C(C)C)O,CC12CCC3C(C1CCC2C(=O)NC(C)(C)C)CCC4C3(C=CC(=O)N4)C,1,reported_twosides,0.3653796315193176,0.38766339626665014,0.38766339626665014,fitted,platt_logistic_regression,0.5104907112694607,0,0.6676914123202445,0.25252525252525254,0.11531986531986532,no_interaction|interaction,2,True,0.2857142857142857,0.3582089552238806,0.2857142857142857,False,False,True
CC1CC2C3CCC4=CC(=O)C=CC4(C3(C(CC2(C1(C(=O)CCl)O)C)O)F)C,CCCN1CCCCC1C(=O)NC2=C(C=CC=C2C)C,0,unreported_twosides_sampled,0.9650788307189941,0.9568170182336316,0.9568170182336316,fitted,platt_logistic_regression,0.5104907112694607,1,0.1779311419417774,0.003367003367003367,0.6818181818181818,interaction,1,False,0.847457627118644,0.8604651162790697,0.847457627118644,False,False,False
CCCC(CCC)C(=O)O,CN(C)CCC1=CNC2=C1C=C(C=C2)CN3C=NC=N3,1,reported_twosides,0.027615247294306755,0.038387661649535734,0.038387661649535734,fitted,platt_logistic_regression,0.5104907112694607,0,0.16278575537556256,0.7003367003367004,0.0025252525252525255,no_interaction,1,False,0.27586206896551724,0.5272727272727272,0.27586206896551724,False,False,True
C1=NC2C(=N1)NC(=NC2=S)N,CCCCC(C)(CC=CC1C(CC(=O)C1CCCCCCC(=O)OC)O)O,0,unreported_twosides_sampled,0.5632003545761108,0.5703587302271742,0.5703587302271742,fitted,platt_logistic_regression,0.5104907112694607,1,0.6832135425082271,0.13552188552188552,0.2239057239057239,no_interaction|interaction,2,True,0.15555555555555556,0.49230769230769234,0.15555555555555556,False,False,True
CC1=NC=C2N1C3=C(C=C(C=C3)Cl)C(=NC2)C4=CC=CC=C4F,CCC1=C(CN(C1=O)C(=O)NCCC2=CC=C(C=C2)S(=O)(=O)NC(=O)NC3CCC(CC3)C)C,0,unreported_twosides_sampled,0.2975917458534241,0.3232623390136308,0.3232623390136308,fitted,platt_logistic_regression,0.5104907112694607,0,0.6293041053194962,0.2988215488215488,0.08922558922558922,no_interaction,1,False,0.5454545454545454,0.48,0.48,False,False,False
CC(C)(C)C(C(=O)NC(CC1=CC=CC=C1)C(CN(CC2=CC=C(C=C2)C3=CC=CC=N3)NC(=O)C(C(C)(C)C)NC(=O)OC)O)NC(=O)OC,CC(C)C1=C(C(=CC=C1)C(C)C)O,0,unreported_twosides_sampled,0.23155643045902252,0.25888631796683903,0.25888631796683903,fitted,platt_logistic_regression,0.5104907112694607,0,0.5718888145506937,0.35185185185185186,0.06397306397306397,no_interaction,1,False,0.3018867924528302,0.2857142857142857,0.2857142857142857,False,False,True
CCCC(CCC)C(=O)O,CN(C)CCC=C1C2=CC=CC=C2COC3=CC=CC=C31,1,reported_twosides,0.053472232073545456,0.06983344023878593,0.06983344023878593,fitted,platt_logistic_regression,0.5104907112694607,0,0.2532078953323591,0.6026936026936027,0.009259259259259259,no_interaction,1,False,0.27586206896551724,0.7027027027027027,0.27586206896551724,False,False,True
CC1=C(C2=C(N1C(=O)C3=CC=C(C=C3)Cl)C=CC(=C2)OC)CC(=O)O,CNC1CCC(C2=CC=CC=C12)C3=CC(=C(C=C3)Cl)Cl,1,reported_twosides,0.30137360095977783,0.32689469128448956,0.32689469128448956,fitted,platt_logistic_regression,0.5104907112694607,0,0.6319576607822555,0.29713804713804715,0.08922558922558922,no_interaction,1,False,0.2982456140350877,0.2549019607843137,0.2549019607843137,False,False,True
CC1=NC=C2N1C3=C(C=C(C=C3)Cl)C(=NC2)C4=CC=CC=C4F,CN1CCC23C4C1CC5=C2C(=C(C=C5)O)OC3C(C=C4)O,1,reported_twosides,0.30285146832466125,0.3283127256254167,0.3283127256254167,fitted,platt_logistic_regression,0.5104907112694607,0,0.632977289596947,0.2962962962962963,0.09006734006734007,no_interaction,1,False,0.5454545454545454,0.5333333333333333,0.5333333333333333,False,False,False
CC12CCC3C(C1CCC2C(=O)NC(C)(C)C)CCC4C3(C=CC(=O)N4)C,CC1=C(C(CCC1)(C)C)C=CC(=CC=CC(=CCO)C)C,0,unreported_twosides_sampled,0.6062800288200378,0.6097754681682498,0.6097754681682498,fitted,platt_logistic_regression,0.5104907112694607,1,0.6688484167333937,0.11616161616161616,0.2516835016835017,no_interaction|interaction,2,True,0.3582089552238806,0.6956521739130435,0.3582089552238806,False,False,True
CC1CC2C3CCC4=CC(=O)C=CC4(C3(C(CC2(C1(C(=O)CCl)O)C)O)F)C,CCCCCC(C=CC1C(CC2C1CC(=CCCCC(=O)O)O2)O)O,0,unreported_twosides_sampled,0.9878697991371155,0.9835478814948753,0.9835478814948753,fitted,platt_logistic_regression,0.5104907112694607,1,0.0838898372574006,0.0008417508417508417,0.7828282828282829,interaction,1,False,0.847457627118644,0.5625,0.5625,False,False,False
CC1(OC2CC3C4CCC5=CC(=O)C=CC5(C4C(CC3(C2(O1)C(=O)CO)C)O)C)C,CC1CC2C3CCC4=CC(=O)C=CC4(C3(C(CC2(C1(C(=O)CCl)O)C)O)F)C,1,reported_twosides,0.9998911619186401,0.9997819954697776,0.9997819954697776,fitted,platt_logistic_regression,0.5104907112694607,1,0.0020559758075614325,0.0008417508417508417,0.9511784511784511,interaction,1,False,0.7313432835820896,0.847457627118644,0.7313432835820896,False,False,False
CC12CCC3C(C1CCC2C(=O)NC(C)(C)C)CCC4C3(C=CC(=O)N4)C,CCCC1=NC2=C(N1CC3=CC=C(C=C3)C4=CC=CC=C4C(=O)O)C=C(C=C2C)C5=NC6=CC=CC=C6N5C,1,reported_twosides,0.36058416962623596,0.383151768179636,0.383151768179636,fitted,platt_logistic_regression,0.5104907112694607,0,0.6655860098764699,0.255050505050505,0.11363636363636363,no_interaction|interaction,2,True,0.3582089552238806,0.38823529411764707,0.3582089552238806,False,False,True
CC1OCC2C(O1)C(C(C(O2)OC3C4COC(=O)C4C(C5=CC6=C(C=C35)OCO6)C7=CC(=C(C(=C7)OC)O)OC)O)O,CCCN1CCCCC1C(=O)NC2=C(C=CC=C2C)C,0,unreported_twosides_sampled,0.1534988433122635,0.1797272265792523,0.1797272265792523,fitted,platt_logistic_regression,0.5104907112694607,0,0.4709796153683189,0.43013468013468015,0.03956228956228956,no_interaction,1,False,0.20588235294117646,0.8604651162790697,0.20588235294117646,False,False,True
C1CC(CCC1C2=CC=C(C=C2)Cl)C3=C(C4=CC=CC=C4C(=O)C3=O)O,CCCC1CC(N(C1)C)C(=O)NC(C2C(C(C(C(O2)SC)O)O)O)C(C)Cl,0,unreported_twosides_sampled,0.1001138836145401,0.12272523509652272,0.12272523509652272,fitted,platt_logistic_regression,0.5104907112694607,0,0.37231989388154185,0.5033670033670034,0.022727272727272728,no_interaction,1,False,0.2549019607843137,0.8545454545454545,0.2549019607843137,False,False,True
CC1=C(C(CCC1)(C)C)C=CC(=CC=CC(=CCO)C)C,CCCC1CC(N(C1)C)C(=O)NC(C2C(C(C(C(O2)SC)O)O)O)C(C)Cl,0,unreported_twosides_sampled,0.17628727853298187,0.2032656893155158,0.2032656893155158,fitted,platt_logistic_regression,0.5104907112694607,0,0.504896437804314,0.40404040404040403,0.04461279461279461,no_interaction,1,False,0.6956521739130435,0.8545454545454545,0.6956521739130435,False,False,False
CC1(OC2CC3C4CCC5=CC(=O)C=CC5(C4C(CC3(C2(O1)C(=O)CO)C)O)C)C,CCC1=C(CN(C1=O)C(=O)NCCC2=CC=C(C=C2)S(=O)(=O)NC(=O)NC3CCC(CC3)C)C,0,unreported_twosides_sampled,0.7192458510398865,0.7137880359899056,0.7137880359899056,fitted,platt_logistic_regression,0.5104907112694607,1,0.5987249999813002,0.07744107744107744,0.32491582491582494,interaction,1,False,0.7313432835820896,0.48,0.48,False,False,False
CC1=NC=C2N1C3=C(C=C(C=C3)Cl)C(=NC2)C4=CC=CC=C4F,CC1OCC2C(O1)C(C(C(O2)OC3C4COC(=O)C4C(C5=CC6=C(C=C35)OCO6)C7=CC(=C(C(=C7)OC)O)OC)O)O,0,unreported_twosides_sampled,0.6643317937850952,0.6630345190569872,0.6630345190569872,fitted,platt_logistic_regression,0.5104907112694607,1,0.639002151521826,0.09511784511784512,0.2904040404040404,interaction,1,False,0.5454545454545454,0.20588235294117646,0.20588235294117646,False,False,True
CC1CC2C3CCC4=CC(=O)C=CC4(C3(C(CC2(C1(C(=O)CCl)O)C)O)F)C,CCN(CC)C(=O)C(=CC1=CC(=C(C(=C1)O)O)[N+](=O)[O-])C#N,0,unreported_twosides_sampled,0.5293396711349487,0.5393683406143777,0.5393683406143777,fitted,platt_logistic_regression,0.5104907112694607,1,0.6900442373253026,0.15235690235690236,0.20286195286195285,no_interaction|interaction,2,True,0.847457627118644,0.35714285714285715,0.35714285714285715,False,False,True
CC(CC1=CC=CC=C1)N(C)CC#C,CN(C)CCC=C1C2=CC=CC=C2COC3=CC=CC=C31,0,unreported_twosides_sampled,0.5054723620414734,0.5174923658384017,0.5174923658384017,fitted,platt_logistic_regression,0.5104907112694607,1,0.6925350899395246,0.16582491582491582,0.1936026936026936,no_interaction|interaction,2,True,0.42424242424242425,0.7027027027027027,0.42424242424242425,False,False,False
CC(CCC(=O)O)C1CCC2C1(CCC3C2C(CC4C3(CCC(C4)O)C)O)C,CCC1=C(CN(C1=O)C(=O)NCCC2=CC=C(C=C2)S(=O)(=O)NC(=O)NC3CCC(CC3)C)C,1,reported_twosides,0.07949044555425644,0.09979263238722288,0.09979263238722288,fitted,platt_logistic_regression,0.5104907112694607,0,0.32462710113291293,0.5471380471380471,0.01936026936026936,no_interaction,1,False,0.25925925925925924,0.48,0.25925925925925924,False,False,True
CC1=NN=C(S1)SCC2=C(N3C(C(C3=O)NC(=O)CN4C=NN=N4)SC2)C(=O)[O-],CC1OCC2C(O1)C(C(C(O2)OC3C4COC(=O)C4C(C5=CC6=C(C=C35)OCO6)C7=CC(=C(C(=C7)OC)O)OC)O)O,0,unreported_twosides_sampled,0.694951593875885,0.6912729820122369,0.6912729820122369,fitted,platt_logistic_regression,0.5104907112694607,1,0.6180783361396247,0.08501683501683502,0.3106060606060606,interaction,1,False,0.4574468085106383,0.20588235294117646,0.20588235294117646,False,False,True
CC1=NN=C(S1)SCC2=C(N3C(C(C3=O)NC(=O)CN4C=NN=N4)SC2)C(=O)[O-],COC1=C(C(=NC=C1)CS(=O)C2=NC3=C(N2)C=C(C=C3)OC(F)F)OC,1,reported_twosides,0.9998074173927307,0.9996318319705332,0.9996318319705332,fitted,platt_logistic_regression,0.5104907112694607,1,0.0032791942244082355,0.0008417508417508417,0.9427609427609428,interaction,1,False,0.4574468085106383,0.5538461538461539,0.4574468085106383,False,False,False
CCCCCC(C=CC1C(CC2C1CC(=CCCCC(=O)O)O2)O)O,CN(C)CCC=C1C2=CC=CC=C2COC3=CC=CC=C31,0,unreported_twosides_sampled,0.27249258756637573,0.2990166085945387,0.2990166085945387,fitted,platt_logistic_regression,0.5104907112694607,0,0.610028772659756,0.31986531986531985,0.08080808080808081,no_interaction,1,False,0.5625,0.7027027027027027,0.5625,False,False,False
CC(C)C1=C(C(=CC=C1)C(C)C)O,COC1=C(C(=NC=C1)CS(=O)C2=NC3=C(N2)C=C(C=C3)OC(F)F)OC,1,reported_twosides,0.9969839453697205,0.9954010896371037,0.9954010896371037,fitted,platt_logistic_regression,0.5104907112694607,1,0.02933935982250636,0.0008417508417508417,0.8636363636363636,interaction,1,False,0.2857142857142857,0.5538461538461539,0.2857142857142857,False,False,True
C1CC(CCC1C2=CC=C(C=C2)Cl)C3=C(C4=CC=CC=C4C(=O)C3=O)O,CC1=NN=C(S1)SCC2=C(N3C(C(C3=O)NC(=O)CN4C=NN=N4)SC2)C(=O)[O-],0,unreported_twosides_sampled,0.23856474459171295,0.2658137970424141,0.2658137970424141,fitted,platt_logistic_regression,0.5104907112694607,0,0.5790505466692285,0.3434343434343434,0.0664983164983165,no_interaction,1,False,0.2549019607843137,0.4574468085106383,0.2549019607843137,False,False,True
CC(=O)N(CCCCCNC(=O)CCC(=O)N(CCCCCNC(=O)CCC(=O)N(CCCCCN)O)O)O,COC1=C(C=C2C(=C1)C(=NC(=N2)N3CCN(CC3)C(=O)C4COC5=CC=CC=C5O4)N)OC,0,unreported_twosides_sampled,0.5920660495758057,0.5967663045335494,0.5967663045335494,fitted,platt_logistic_regression,0.5104907112694607,1,0.6743010521038585,0.12121212121212122,0.2398989898989899,no_interaction|interaction,2,True,0.3,0.6515151515151515,0.3,False,False,True
CC(C)(C)C(C(=O)NC(CC1=CC=CC=C1)C(CN(CC2=CC=C(C=C2)C3=CC=CC=N3)NC(=O)C(C(C)(C)C)NC(=O)OC)O)NC(=O)OC,CC(CC1=CC=CC=C1)N(C)CC#C,0,unreported_twosides_sampled,0.46428558230400085,0.4796287586597787,0.4796287586597787,fitted,platt_logistic_regression,0.5104907112694607,0,0.6923169758403926,0.19528619528619529,0.1632996632996633,no_interaction|interaction,2,True,0.3018867924528302,0.42424242424242425,0.3018867924528302,False,False,True
C1CC(CCC1C2=CC=C(C=C2)Cl)C3=C(C4=CC=CC=C4C(=O)C3=O)O,CCCC1=NC2=C(N1CC3=CC=C(C=C3)C4=CC=CC=C4C(=O)O)C=C(C=C2C)C5=NC6=CC=CC=C6N5C,0,unreported_twosides_sampled,0.2987440228462219,0.32436961843246015,0.32436961843246015,fitted,platt_logistic_regression,0.5104907112694607,0,0.6301193843571216,0.2988215488215488,0.08922558922558922,no_interaction,1,False,0.2549019607843137,0.38823529411764707,0.2549019607843137,False,False,True
CCCCC(C)(CC=CC1C(CC(=O)C1CCCCCCC(=O)OC)O)O,COC1=C(C=C2C(=C1)N=CN=C2NC3=CC(=C(C=C3)F)Cl)OCCCN4CCOCC4,1,reported_twosides,0.38620877265930176,0.4071937025080689,0.4071937025080689,fitted,platt_logistic_regression,0.5104907112694607,0,0.6758208621597837,0.23737373737373738,0.12205387205387205,no_interaction|interaction,2,True,0.49230769230769234,0.40789473684210525,0.40789473684210525,False,False,False
CC(C)C1=C(C(=CC=C1)C(C)C)O,CNC1CCC(C2=CC=CC=C12)C3=CC(=C(C=C3)Cl)Cl,1,reported_twosides,0.35644906759262085,0.3792565798271798,0.3792565798271798,fitted,platt_logistic_regression,0.5104907112694607,0,0.663699013334662,0.25673400673400676,0.1127946127946128,no_interaction|interaction,2,True,0.2857142857142857,0.2549019607843137,0.2549019607843137,False,False,True
CCCCC(C)(CC=CC1C(CC(=O)C1CCCCCCC(=O)OC)O)O,CN(C)CCC=C1C2=CC=CC=C2COC3=CC=CC=C31,0,unreported_twosides_sampled,0.46793994307518005,0.4829956979491256,0.4829956979491256,fitted,platt_logistic_regression,0.5104907112694607,0,0.6925687764577656,0.1936026936026936,0.16582491582491582,no_interaction|interaction,2,True,0.49230769230769234,0.7027027027027027,0.49230769230769234,False,False,False
C(CCl)NC(=O)N(CCCl)N=O,CC(CCC(=O)O)C1CCC2C1(CCC3C2C(CC4C3(CCC(C4)O)C)O)C,0,unreported_twosides_sampled,0.060908250510692596,0.07853459329492465,0.07853459329492465,fitted,platt_logistic_regression,0.5104907112694607,0,0.27517566952873423,0.585016835016835,0.010942760942760943,no_interaction,1,False,0.2391304347826087,0.25925925925925924,0.2391304347826087,False,False,True
CC1=CC(=C(C=C1)C)OCCCC(C)(C)C(=O)O,CCCC1=NC2=C(N1CC3=CC=C(C=C3)C4=CC=CC=C4C(=O)O)C=C(C=C2C)C5=NC6=CC=CC=C6N5C,1,reported_twosides,0.5489963293075562,0.5573628455030091,0.5573628455030091,fitted,platt_logistic_regression,0.5104907112694607,1,0.6865516754404548,0.14309764309764308,0.21548821548821548,no_interaction|interaction,2,True,0.26,0.38823529411764707,0.26,False,False,True
CC(=O)N(CCCCCNC(=O)CCC(=O)N(CCCCCNC(=O)CCC(=O)N(CCCCCN)O)O)O,CC(CCC(=O)O)C1CCC2C1(CCC3C2C(CC4C3(CCC(C4)O)C)O)C,1,reported_twosides,0.111845001578331,0.13551432778819422,0.13551432778819422,fitted,platt_logistic_regression,0.5104907112694607,0,0.3967363695291856,0.48484848484848486,0.026094276094276093,no_interaction,1,False,0.3,0.25925925925925924,0.25925925925925924,False,False,True
CC(CC1=CC=CC=C1)N(C)CC#C,COC1=C(C=C2C(=C1)C(=NC(=N2)N3CCN(CC3)C(=O)C4COC5=CC=CC=C5O4)N)OC,0,unreported_twosides_sampled,0.4070588946342468,0.4266457180523599,0.4266457180523599,fitted,platt_logistic_regression,0.5104907112694607,0,0.6823465382146262,0.22643097643097643,0.13215488215488216,no_interaction|interaction,2,True,0.42424242424242425,0.6515151515151515,0.42424242424242425,False,False,False
CC(C)C1=C(C(=CC=C1)C(C)C)O,CC1(OC2CC3C4CCC5=CC(=O)C=CC5(C4C(CC3(C2(O1)C(=O)CO)C)O)C)C,0,unreported_twosides_sampled,0.5490343570709229,0.5573976446075266,0.5573976446075266,fitted,platt_logistic_regression,0.5104907112694607,1,0.6865436529727709,0.14309764309764308,0.21548821548821548,no_interaction|interaction,2,True,0.2857142857142857,0.7313432835820896,0.2857142857142857,False,False,True
C1CC(CCC1C2=CC=C(C=C2)Cl)C3=C(C4=CC=CC=C4C(=O)C3=O)O,C=CC1=C(N2C(C(C2=O)NC(=O)C(=NO)C3=CSC(=N3)N)SC1)C(=O)O,0,unreported_twosides_sampled,0.046628955751657486,0.061708851838612376,0.061708851838612376,fitted,platt_logistic_regression,0.5104907112694607,0,0.23164382745498235,0.617003367003367,0.005892255892255892,no_interaction,1,False,0.2549019607843137,0.7941176470588235,0.2549019607843137,False,False,True
CC1CC2C3CCC4=CC(=O)C=CC4(C3(C(CC2(C1(C(=O)CCl)O)C)O)F)C,CCCC1CC(N(C1)C)C(=O)NC(C2C(C(C(C(O2)SC)O)O)O)C(C)Cl,1,reported_twosides,0.751034140586853,0.7434409012003691,0.7434409012003691,fitted,platt_logistic_regression,0.5104907112694607,1,0.569426985218499,0.06313131313131314,0.35185185185185186,interaction,1,False,0.847457627118644,0.8545454545454545,0.847457627118644,False,False,False
CC12CCC3C(C1CCC2C(=O)NC(C)(C)C)CCC4C3(C=CC(=O)N4)C,CC1=NC=C2N1C3=C(C=C(C=C3)Cl)C(=NC2)C4=CC=CC=C4F,0,unreported_twosides_sampled,0.23240940272808075,0.25973080593585884,0.25973080593585884,fitted,platt_logistic_regression,0.5104907112694607,0,0.5727751602431419,0.35185185185185186,0.06397306397306397,no_interaction,1,False,0.3582089552238806,0.5454545454545454,0.3582089552238806,False,False,True
CC1=C(C2=C(N1C(=O)C3=CC=C(C=C3)Cl)C=CC(=C2)OC)CC(=O)O,CCCC1CC(N(C1)C)C(=O)NC(C2C(C(C(C(O2)SC)O)O)O)C(C)Cl,1,reported_twosides,0.1266358494758606,0.15141222249492192,0.15141222249492192,fitted,platt_logistic_regression,0.5104907112694607,0,0.4251509294830216,0.4604377104377104,0.03282828282828283,no_interaction,1,False,0.2982456140350877,0.8545454545454545,0.2982456140350877,False,False,True
CC12CCC3C(C1CCC2C(=O)NC(C)(C)C)CCC4C3(C=CC(=O)N4)C,CC12CCC3C(C1CCC2O)CCC4=CC(=O)CCC34C,1,reported_twosides,0.4373112618923187,0.4547200962962755,0.4547200962962755,fitted,platt_logistic_regression,0.5104907112694607,0,0.6890410179260498,0.2079124579124579,0.14898989898989898,no_interaction|interaction,2,True,0.3582089552238806,0.723404255319149,0.3582089552238806,False,False,True
CC12CCC3C(C1CCC2=O)CC(=C)C4=CC(=O)C=CC34C,CCC1=C(CN(C1=O)C(=O)NCCC2=CC=C(C=C2)S(=O)(=O)NC(=O)NC3CCC(CC3)C)C,0,unreported_twosides_sampled,0.5719378590583801,0.5783517847394902,0.5783517847394902,fitted,platt_logistic_regression,0.5104907112694607,1,0.6808184262516863,0.13047138047138046,0.22727272727272727,no_interaction|interaction,2,True,0.3235294117647059,0.48,0.3235294117647059,False,False,True
CC12CCC3C(C1CCC2O)CCC4=CC(=O)CCC34C,CCC1(CC2CC(C3=C(CCN(C2)C1)C4=CC=CC=C4N3)(C5=C(C=C6C(=C5)C78CCN9C7C(C=CC9)(C(C(C8N6C=O)(C(=O)OC)O)OC(=O)C)CC)OC)C(=O)OC)O,0,unreported_twosides_sampled,0.23132023215293884,0.25865240184282307,0.25865240184282307,fitted,platt_logistic_regression,0.5104907112694607,0,0.5716426471400248,0.35185185185185186,0.06313131313131314,no_interaction,1,False,0.723404255319149,0.89,0.723404255319149,False,False,False
C=CC1=C(N2C(C(C2=O)NC(=O)C(=NO)C3=CSC(=N3)N)SC1)C(=O)O,CC(C)(C)C(C(=O)NC(CC1=CC=CC=C1)C(CN(CC2=CC=C(C=C2)C3=CC=CC=N3)NC(=O)C(C(C)(C)C)NC(=O)OC)O)NC(=O)OC,0,unreported_twosides_sampled,0.05615363270044327,0.07298545601281181,0.07298545601281181,fitted,platt_logistic_regression,0.5104907112694607,0,0.2612938194777653,0.5968013468013468,0.010101010101010102,no_interaction,1,False,0.7941176470588235,0.3018867924528302,0.3018867924528302,False,False,True
CC(C)C1=C(C(=CC=C1)C(C)C)O,CN(C)CCC=C1C2=CC=CC=C2COC3=CC=CC=C31,0,unreported_twosides_sampled,0.5414671301841736,0.5504720363369956,0.5504720363369956,fitted,platt_logistic_regression,0.5104907112694607,1,0.6880436396868861,0.14562289562289563,0.20959595959595959,no_interaction|interaction,2,True,0.2857142857142857,0.7027027027027027,0.2857142857142857,False,False,True
CCCCCC(C=CC1C(CC2C1CC(=CCCCC(=O)O)O2)O)O,CNC1CCC(C2=CC=CC=C12)C3=CC(=C(C=C3)Cl)Cl,1,reported_twosides,0.19438233971595764,0.2216858964188305,0.2216858964188305,fitted,platt_logistic_regression,0.5104907112694607,0,0.529033477356354,0.38215488215488214,0.049663299663299666,no_interaction,1,False,0.5625,0.2549019607843137,0.2549019607843137,False,False,True
CNS(=O)(=O)CCC1=CC2=C(C=C1)NC=C2C3CCN(CC3)C,COC1=C(C=C2C(=C1)N=CN=C2NC3=CC(=C(C=C3)F)Cl)OCCCN4CCOCC4,0,unreported_twosides_sampled,0.3040395975112915,0.3294521838134167,0.3294521838134167,fitted,platt_logistic_regression,0.5104907112694607,0,0.6337900016255589,0.29545454545454547,0.09090909090909091,no_interaction,1,False,0.4492753623188406,0.40789473684210525,0.40789473684210525,False,False,False
CC1=CC(=C(C=C1)C)OCCCC(C)(C)C(=O)O,CN(C)CCC1=CNC2=C1C=C(C=C2)CN3C=NC=N3,0,unreported_twosides_sampled,0.24657900631427765,0.27370535419214015,0.27370535419214015,fitted,platt_logistic_regression,0.5104907112694607,0,0.5869095394754922,0.335016835016835,0.07323232323232323,no_interaction,1,False,0.26,0.5272727272727272,0.26,False,False,True
CC12CCC3C(C1CCC2=O)CC(=C)C4=CC(=O)C=CC34C,CC1=CN(C(=O)NC1=O)C2C=CC(O2)CO,0,unreported_twosides_sampled,0.44038617610931396,0.4575649196055286,0.4575649196055286,fitted,platt_logistic_regression,0.5104907112694607,0,0.6895413724248687,0.2037037037037037,0.15067340067340068,no_interaction|interaction,2,True,0.3235294117647059,0.5652173913043478,0.3235294117647059,False,False,True
CC12CCC3C(C1CCC2=O)CC(=C)C4=CC(=O)C=CC34C,CN1CCC23C4C1CC5=C2C(=C(C=C5)O)OC3C(C=C4)O,1,reported_twosides,0.37899520993232727,0.4004416644680682,0.4004416644680682,fitted,platt_logistic_regression,0.5104907112694607,0,0.6731903401997129,0.24074074074074073,0.12121212121212122,no_interaction|interaction,2,True,0.3235294117647059,0.5333333333333333,0.3235294117647059,False,False,True
CCC1(CC2CC(C3=C(CCN(C2)C1)C4=CC=CC=C4N3)(C5=C(C=C6C(=C5)C78CCN9C7C(C=CC9)(C(C(C8N6C=O)(C(=O)OC)O)OC(=O)C)CC)OC)C(=O)OC)O,CN1CCC23C4C1CC5=C2C(=C(C=C5)O)OC3C(C=C4)O,1,reported_twosides,0.4164853096008301,0.4354111725080954,0.4354111725080954,fitted,platt_logistic_regression,0.5104907112694607,0,0.684780386711582,0.2196969696969697,0.13720538720538722,no_interaction|interaction,2,True,0.89,0.5333333333333333,0.5333333333333333,False,False,False
CC12CCC3C(C1CCC2O)CCC4=CC(=O)CCC34C,CN(C)CCC=C1C2=CC=CC=C2COC3=CC=CC=C31,1,reported_twosides,0.9415766596794128,0.931047675246229,0.931047675246229,fitted,platt_logistic_regression,0.5104907112694607,1,0.2509204670508468,0.008417508417508417,0.6035353535353535,interaction,1,False,0.723404255319149,0.7027027027027027,0.7027027027027027,False,False,False
CC1(C(=O)N2C(C(=O)N3CCCC3C2(O1)O)CC4=CC=CC=C4)NC(=O)C5CC6C(CC7=CNC8=CC=CC6=C78)N(C5)C,CC1=CC(=C(C=C1)C)OCCCC(C)(C)C(=O)O,0,unreported_twosides_sampled,0.5388807058334351,0.548104464995383,0.548104464995383,fitted,platt_logistic_regression,0.5104907112694607,1,0.6885119351832242,0.14646464646464646,0.20875420875420875,no_interaction|interaction,2,True,0.34234234234234234,0.26,0.26,False,False,True
CC1=CC(=C(C=C1)C)OCCCC(C)(C)C(=O)O,CCCC(CCC)C(=O)O,1,reported_twosides,0.32350125908851624,0.3480472334216647,0.3480472334216647,fitted,platt_logistic_regression,0.5104907112694607,0,0.6462294118580103,0.2786195286195286,0.10185185185185185,no_interaction|interaction,2,True,0.26,0.27586206896551724,0.26,False,False,True
CC1=CC(=C(C=C1)C)OCCCC(C)(C)C(=O)O,CC1C(C(C(C(O1)OC2C(OC(C(C2O)O)OC3C(OC(C(C3O)O)O)CO)CO)O)O)NC4C=C(C(C(C4O)O)O)CO,0,unreported_twosides_sampled,0.1960546225309372,0.22337718153670336,0.22337718153670336,fitted,platt_logistic_regression,0.5104907112694607,0,0.5311492352064817,0.38215488215488214,0.049663299663299666,no_interaction,1,False,0.26,0.29850746268656714,0.26,False,False,True
CCC1(CC2CC(C3=C(CCN(C2)C1)C4=CC=CC=C4N3)(C5=C(C=C6C(=C5)C78CCN9C7C(C=CC9)(C(C(C8N6C=O)(C(=O)OC)O)OC(=O)C)CC)OC)C(=O)OC)O,CCCCC(C)(CC=CC1C(CC(=O)C1CCCCCCC(=O)OC)O)O,0,unreported_twosides_sampled,0.3793181777000427,0.40074422673859467,0.40074422673859467,fitted,platt_logistic_regression,0.5104907112694607,0,0.6733122713193095,0.24074074074074073,0.12121212121212122,no_interaction|interaction,2,True,0.89,0.49230769230769234,0.49230769230769234,False,False,False
CCN(CC)C(=O)C(=CC1=CC(=C(C(=C1)O)O)[N+](=O)[O-])C#N,CN1CCC23C4C1CC5=C2C(=C(C=C5)O)OC3C(C=C4)O,1,reported_twosides,0.05304911360144615,0.06933450643957106,0.06933450643957106,fitted,platt_logistic_regression,0.5104907112694607,0,0.25191411025522126,0.6026936026936027,0.008417508417508417,no_interaction,1,False,0.35714285714285715,0.5333333333333333,0.35714285714285715,False,False,True
CC(CCC(=O)O)C1CCC2C1(CCC3C2C(CC4C3(CCC(C4)O)C)O)C,COC1=C(C(=NC=C1)CS(=O)C2=NC3=C(N2)C=C(C=C3)OC(F)F)OC,1,reported_twosides,0.5978696346282959,0.6020771694445384,0.6020771694445384,fitted,platt_logistic_regression,0.5104907112694607,1,0.6721604532393686,0.11784511784511785,0.24494949494949494,no_interaction|interaction,2,True,0.25925925925925924,0.5538461538461539,0.25925925925925924,False,False,True
CN(CC1=CN=C2C(=N1)C(=NC(=N2)N)N)C3=CC=C(C=C3)C(=O)NC(CCC(=O)O)C(=O)O,CN1CCC23C4C1CC5=C2C(=C(C=C5)O)OC3C(C=C4)O,1,reported_twosides,0.32948100566864014,0.3537356488940313,0.3537356488940313,fitted,platt_logistic_regression,0.5104907112694607,0,0.6497285316063895,0.2718855218855219,0.10437710437710437,no_interaction|interaction,2,True,0.4868421052631579,0.5333333333333333,0.4868421052631579,False,False,False
CCC1(CC2CC(C3=C(CCN(C2)C1)C4=CC=CC=C4N3)(C5=C(C=C6C(=C5)C78CCN9C7C(C=CC9)(C(C(C8N6C=O)(C(=O)OC)O)OC(=O)C)CC)OC)C(=O)OC)O,CN=C1CN(C(=C2C=C(C=CC2=N1)Cl)C3=CC=CC=C3)O,0,unreported_twosides_sampled,0.06160300225019455,0.07934135116531571,0.07934135116531571,fitted,platt_logistic_regression,0.5104907112694607,0,0.27715776818921584,0.5841750841750841,0.010942760942760943,no_interaction,1,False,0.89,0.3387096774193548,0.3387096774193548,False,False,True
C1=C(C(=O)NC(=O)N1)F,CC12CCC3C(C1CCC2=O)CC(=C)C4=CC(=O)C=CC34C,1,reported_twosides,0.31088265776634216,0.33600522423541157,0.33600522423541157,fitted,platt_logistic_regression,0.5104907112694607,0,0.6383501405185875,0.29208754208754206,0.09511784511784512,no_interaction,1,False,0.1891891891891892,0.3235294117647059,0.1891891891891892,False,False,True
CC(CCC(=O)O)C1CCC2C1(CCC3C2C(CC4C3(CCC(C4)O)C)O)C,CCCCCC(C=CC1C(CC2C1CC(=CCCCC(=O)O)O2)O)O,0,unreported_twosides_sampled,0.14812593162059784,0.1741163386875237,0.1741163386875237,fitted,platt_logistic_regression,0.5104907112694607,0,0.46235352901126914,0.43686868686868685,0.037037037037037035,no_interaction,1,False,0.25925925925925924,0.5625,0.25925925925925924,False,False,True
CC1OCC2C(O1)C(C(C(O2)OC3C4COC(=O)C4C(C5=CC6=C(C=C35)OCO6)C7=CC(=C(C(=C7)OC)O)OC)O)O,CN(C)CCC=C1C2=CC=CC=C2COC3=CC=CC=C31,0,unreported_twosides_sampled,0.8072240948677063,0.7965885656991849,0.7965885656991849,fitted,platt_logistic_regression,0.5104907112694607,1,0.5050954609520684,0.04461279461279461,0.40404040404040403,interaction,1,False,0.20588235294117646,0.7027027027027027,0.20588235294117646,False,False,True
C1=NC2=C(N1COC(CO)CO)NC(=NC2=O)N,CC12CCC3C(C1CCC2=O)CC(=C)C4=CC(=O)C=CC34C,0,unreported_twosides_sampled,0.5364875197410583,0.5459135486890704,0.5459135486890704,fitted,platt_logistic_regression,0.5104907112694607,1,0.6889251273891303,0.14814814814814814,0.2079124579124579,no_interaction|interaction,2,True,0.6739130434782609,0.3235294117647059,0.3235294117647059,False,False,True
CC12CCC3C(C1CCC2=O)CC(=C)C4=CC(=O)C=CC34C,CC1=NN=C(S1)SCC2=C(N3C(C(C3=O)NC(=O)CN4C=NN=N4)SC2)C(=O)[O-],0,unreported_twosides_sampled,0.4390184283256531,0.4562997012182528,0.4562997012182528,fitted,platt_logistic_regression,0.5104907112694607,0,0.6893228707259464,0.20454545454545456,0.14898989898989898,no_interaction|interaction,2,True,0.3235294117647059,0.4574468085106383,0.3235294117647059,False,False,True
CC12CCC3C(C1CCC2O)CCC4=CC(=O)CCC34C,CN(CC1=CN=C2C(=N1)C(=NC(=N2)N)N)C3=CC=C(C=C3)C(=O)NC(CCC(=O)O)C(=O)O,1,reported_twosides,0.3387792110443115,0.3625588629741288,0.3625588629741288,fitted,platt_logistic_regression,0.5104907112694607,0,0.6548762778487434,0.26430976430976433,0.1069023569023569,no_interaction|interaction,2,True,0.723404255319149,0.4868421052631579,0.4868421052631579,False,False,False
CC(CC1=CC=CC=C1)N(C)CC#C,CN1CCC23C4C1CC5=C2C(=C(C=C5)O)OC3C(C=C4)O,0,unreported_twosides_sampled,0.13340884447097778,0.15861541694465234,0.15861541694465234,fitted,platt_logistic_regression,0.5104907112694607,0,0.4373667762172624,0.4503367003367003,0.03367003367003367,no_interaction,1,False,0.42424242424242425,0.5333333333333333,0.42424242424242425,False,False,False
CNS(=O)(=O)CCC1=CC2=C(C=C1)NC=C2C3CCN(CC3)C,COC1=C(C(=NC=C1)CS(=O)C2=NC3=C(N2)C=C(C=C3)OC(F)F)OC,1,reported_twosides,0.9996814727783203,0.9994156143658782,0.9994156143658782,fitted,platt_logistic_regression,0.5104907112694607,1,0.004934936359137378,0.0008417508417508417,0.9326599326599326,interaction,1,False,0.4492753623188406,0.5538461538461539,0.4492753623188406,False,False,False
CC1OCC2C(O1)C(C(C(O2)OC3C4COC(=O)C4C(C5=CC6=C(C=C35)OCO6)C7=CC(=C(C(=C7)OC)O)OC)O)O,CN(CC1=CN=C2C(=N1)C(=NC(=N2)N)N)C3=CC=C(C=C3)C(=O)NC(CCC(=O)O)C(=O)O,1,reported_twosides,0.3072700798511505,0.33254779657558153,0.33254779657558153,fitted,platt_logistic_regression,0.5104907112694607,0,0.63596828675667,0.29292929292929293,0.09343434343434344,no_interaction,1,False,0.20588235294117646,0.4868421052631579,0.20588235294117646,False,False,True
CC1=NC=C2N1C3=C(C=C(C=C3)Cl)C(=NC2)C4=CC=CC=C4F,CCCC(CCC)C(=O)O,1,reported_twosides,0.02863174118101597,0.039668672694091855,0.039668672694091855,fitted,platt_logistic_regression,0.5104907112694607,0,0.16688973852432545,0.6961279461279462,0.0025252525252525255,no_interaction,1,False,0.5454545454545454,0.27586206896551724,0.27586206896551724,False,False,True
CCCCC(C)(CC=CC1C(CC(=O)C1CCCCCCC(=O)OC)O)O,CNC1CCC(C2=CC=CC=C12)C3=CC(=C(C=C3)Cl)Cl,1,reported_twosides,0.28662416338920593,0.31269812002944114,0.31269812002944114,fitted,platt_logistic_regression,0.5104907112694607,0,0.6212424924121662,0.30976430976430974,0.08754208754208755,no_interaction,1,False,0.49230769230769234,0.2549019607843137,0.2549019607843137,False,False,True
CC1=C(C2=C(N1C(=O)C3=CC=C(C=C3)Cl)C=CC(=C2)OC)CC(=O)O,CCCN1CCCCC1C(=O)NC2=C(C=CC=C2C)C,0,unreported_twosides_sampled,0.06474511325359344,0.08297758203204357,0.08297758203204357,fitted,platt_logistic_regression,0.5104907112694607,0,0.2859820992324519,0.57996632996633,0.011784511784511785,no_interaction,1,False,0.2982456140350877,0.8604651162790697,0.2982456140350877,False,False,True
CC(C)C1=C(C(=CC=C1)C(C)C)O,CN(C)CCC1=CNC2=C1C=C(C=C2)CN3C=NC=N3,0,unreported_twosides_sampled,0.3828088343143463,0.4040127854133018,0.4040127854133018,fitted,platt_logistic_regression,0.5104907112694607,0,0.6746052016738542,0.2398989898989899,0.12121212121212122,no_interaction|interaction,2,True,0.2857142857142857,0.5272727272727272,0.2857142857142857,False,False,True
C=CC1=C(N2C(C(C2=O)NC(=O)C(=NO)C3=CSC(=N3)N)SC1)C(=O)O,CCCC1=NC2=C(N1CC3=CC=C(C=C3)C4=CC=CC=C4C(=O)O)C=C(C=C2C)C5=NC6=CC=CC=C6N5C,0,unreported_twosides_sampled,0.15770773589611053,0.18410555552516308,0.18410555552516308,fitted,platt_logistic_regression,0.5104907112694607,0,0.47756217152815283,0.42592592592592593,0.04040404040404041,no_interaction,1,False,0.7941176470588235,0.38823529411764707,0.38823529411764707,False,False,True
CC1=C(C(CCC1)(C)C)C=CC(=CC=CC(=CCO)C)C,CC1C(C(C(C(O1)OC2C(OC(C(C2O)O)OC3C(OC(C(C3O)O)O)CO)CO)O)O)NC4C=C(C(C(C4O)O)O)CO,0,unreported_twosides_sampled,0.5893152356147766,0.5942493323611483,0.5942493323611483,fitted,platt_logistic_regression,0.5104907112694607,1,0.675274574099479,0.12121212121212122,0.23905723905723905,no_interaction|interaction,2,True,0.6956521739130435,0.29850746268656714,0.29850746268656714,False,False,True
C1=NC2=C(N1COC(CO)CO)NC(=NC2=O)N,COC1=C(C(=NC=C1)CS(=O)C2=NC3=C(N2)C=C(C=C3)OC(F)F)OC,1,reported_twosides,0.9988917708396912,0.9981644429203153,0.9981644429203153,fitted,platt_logistic_regression,0.5104907112694607,1,0.013398628560209055,0.0008417508417508417,0.8939393939393939,interaction,1,False,0.6739130434782609,0.5538461538461539,0.5538461538461539,False,False,False
CC1(OC2CC3C4CCC5=CC(=O)C=CC5(C4C(CC3(C2(O1)C(=O)CO)C)O)C)C,CN(C)CCC1=CNC2=C1C=C(C=C2)CN3C=NC=N3,0,unreported_twosides_sampled,0.5168364644050598,0.5279128783455169,0.5279128783455169,fitted,platt_logistic_regression,0.5104907112694607,1,0.6915881126053358,0.15656565656565657,0.20033670033670034,no_interaction|interaction,2,True,0.7313432835820896,0.5272727272727272,0.5272727272727272,False,False,False
CC1(C(=O)N2C(C(=O)N3CCCC3C2(O1)O)CC4=CC=CC=C4)NC(=O)C5CC6C(CC7=CNC8=CC=CC6=C78)N(C5)C,CN(CC1=CN=C2C(=N1)C(=NC(=N2)N)N)C3=CC=C(C=C3)C(=O)NC(CCC(=O)O)C(=O)O,1,reported_twosides,0.09712117165327072,0.11943474097050281,0.11943474097050281,fitted,platt_logistic_regression,0.5104907112694607,0,0.3657972372067688,0.5075757575757576,0.021885521885521887,no_interaction,1,False,0.34234234234234234,0.4868421052631579,0.34234234234234234,False,False,True
C(CCl)NC(=O)N(CCCl)N=O,CNC1CCC(C2=CC=CC=C12)C3=CC(=C(C=C3)Cl)Cl,1,reported_twosides,0.23256328701972961,0.25988311918474005,0.25988311918474005,fitted,platt_logistic_regression,0.5104907112694607,0,0.5729346279686187,0.351010101010101,0.06397306397306397,no_interaction,1,False,0.2391304347826087,0.2549019607843137,0.2391304347826087,False,False,True
CC1=CC(=C(C=C1)C)OCCCC(C)(C)C(=O)O,CCC1(CC2CC(C3=C(CCN(C2)C1)C4=CC=CC=C4N3)(C5=C(C=C6C(=C5)C78CCN9C7C(C=CC9)(C(C(C8N6C=O)(C(=O)OC)O)OC(=O)C)CC)OC)C(=O)OC)O,0,unreported_twosides_sampled,0.15823708474636078,0.1846551824573981,0.1846551824573981,fitted,platt_logistic_regression,0.5104907112694607,0,0.47837943798281884,0.42424242424242425,0.04040404040404041,no_interaction,1,False,0.26,0.89,0.26,False,False,True
C1=CC=C(C=C1)CCNN,COC1=C(C=C2C(=C1)N=CN=C2NC3=CC(=C(C=C3)F)Cl)OCCCN4CCOCC4,0,unreported_twosides_sampled,0.579382598400116,0.5851621801778853,0.5851621801778853,fitted,platt_logistic_regression,0.5104907112694607,1,0.6785710264233193,0.1271043771043771,0.23148148148148148,no_interaction|interaction,2,True,0.35714285714285715,0.40789473684210525,0.35714285714285715,False,False,True
CC1=CN(C(=O)NC1=O)C2C=CC(O2)CO,CNC1CCC(C2=CC=CC=C12)C3=CC(=C(C=C3)Cl)Cl,1,reported_twosides,0.3024842441082001,0.32796044224803617,0.32796044224803617,fitted,platt_logistic_regression,0.5104907112694607,0,0.6327248344616098,0.2962962962962963,0.09006734006734007,no_interaction,1,False,0.5652173913043478,0.2549019607843137,0.2549019607843137,False,False,True
CCN(CC)C(=O)C(=CC1=CC(=C(C(=C1)O)O)[N+](=O)[O-])C#N,CN(CC1=CN=C2C(=N1)C(=NC(=N2)N)N)C3=CC=C(C=C3)C(=O)NC(CCC(=O)O)C(=O)O,0,unreported_twosides_sampled,0.014697610400617123,0.021621384557632514,0.021621384557632514,fitted,platt_logistic_regression,0.5104907112694607,0,0.1042838937540295,0.7575757575757576,0.0008417508417508417,no_interaction,1,False,0.35714285714285715,0.4868421052631579,0.35714285714285715,False,False,True
CC1=CC(=C(C=C1)C)OCCCC(C)(C)C(=O)O,CCCC1CC(N(C1)C)C(=O)NC(C2C(C(C(C(O2)SC)O)O)O)C(C)Cl,1,reported_twosides,0.24486903846263885,0.2720242129407131,0.2720242129407131,fitted,platt_logistic_regression,0.5104907112694607,0,0.5852617899975955,0.33754208754208753,0.07323232323232323,no_interaction,1,False,0.26,0.8545454545454545,0.26,False,False,True
CC1(OC2CC3C4CCC5=CC(=O)C=CC5(C4C(CC3(C2(O1)C(=O)CO)C)O)C)C,CCCC(CCC)C(=O)O,0,unreported_twosides_sampled,0.10088649392127991,0.12357281548436214,0.12357281548436214,fitted,platt_logistic_regression,0.5104907112694607,0,0.3739836465291961,0.5016835016835017,0.022727272727272728,no_interaction,1,False,0.7313432835820896,0.27586206896551724,0.27586206896551724,False,False,True
CC1=CN(C(=O)NC1=O)C2C=CC(O2)CO,CNCCCN1C2=CC=CC=C2CCC3=CC=CC=C31,0,unreported_twosides_sampled,0.5080083012580872,0.5198185499103352,0.5198185499103352,fitted,platt_logistic_regression,0.5104907112694607,1,0.6923614248932876,0.16414141414141414,0.19528619528619529,no_interaction|interaction,2,True,0.5652173913043478,0.6111111111111112,0.5652173913043478,False,False,False
C1=NC2C(=N1)NC(=NC2=S)N,CNC1CCC(C2=CC=CC=C12)C3=CC(=C(C=C3)Cl)Cl,0,unreported_twosides_sampled,0.5417612791061401,0.5507412798987195,0.5507412798987195,fitted,platt_logistic_regression,0.5104907112694607,1,0.6879889503568224,0.14562289562289563,0.21043771043771045,no_interaction|interaction,2,True,0.15555555555555556,0.2549019607843137,0.15555555555555556,False,False,True
CN(CC1=CN=C2C(=N1)C(=NC(=N2)N)N)C3=CC=C(C=C3)C(=O)NC(CCC(=O)O)C(=O)O,CNC1CCC(C2=CC=CC=C12)C3=CC(=C(C=C3)Cl)Cl,1,reported_twosides,0.16312390565872192,0.18971855301662596,0.18971855301662596,fitted,platt_logistic_regression,0.5104907112694607,0,0.4858146062244511,0.41835016835016836,0.04208754208754209,no_interaction,1,False,0.4868421052631579,0.2549019607843137,0.2549019607843137,False,False,True
CC12CCC3C(C1CCC2C(=O)NC(C)(C)C)CCC4C3(C=CC(=O)N4)C,CNC1CCC(C2=CC=CC=C12)C3=CC(=C(C=C3)Cl)Cl,1,reported_twosides,0.20887719094753265,0.23628725429503494,0.23628725429503494,fitted,platt_logistic_regression,0.5104907112694607,0,0.5467624012720027,0.3728956228956229,0.054713804713804715,no_interaction,1,False,0.3582089552238806,0.2549019607843137,0.2549019607843137,False,False,True
CCC1(CC2CC(C3=C(CCN(C2)C1)C4=CC=CC=C4N3)(C5=C(C=C6C(=C5)C78CCN9C7C(C=CC9)(C(C(C8N6C=O)(C(=O)OC)O)OC(=O)C)CC)OC)C(=O)OC)O,CCN(CC)C(=O)C(=CC1=CC(=C(C(=C1)O)O)[N+](=O)[O-])C#N,0,unreported_twosides_sampled,0.01116610411554575,0.01682572236209012,0.01682572236209012,fitted,platt_logistic_regression,0.5104907112694607,0,0.0854138618455793,0.7803030303030303,0.0008417508417508417,no_interaction,1,False,0.89,0.35714285714285715,0.35714285714285715,False,False,True
CC12CCC3C(C1CCC2=O)CC(=C)C4=CC(=O)C=CC34C,COC1=C(C=C2C(=C1)C(=NC(=N2)N3CCN(CC3)C(=O)C4COC5=CC=CC=C5O4)N)OC,0,unreported_twosides_sampled,0.6203492283821106,0.6226604564718177,0.6226604564718177,fitted,platt_logistic_regression,0.5104907112694607,1,0.6627466698727873,0.11195286195286196,0.25673400673400676,no_interaction|interaction,2,True,0.3235294117647059,0.6515151515151515,0.3235294117647059,False,False,True
C1=CC=C(C=C1)CCNN,CN(C)CCC=C1C2=CC=CC=C2COC3=CC=CC=C31,0,unreported_twosides_sampled,0.5456612706184387,0.5543107817576621,0.5543107817576621,fitted,platt_logistic_regression,0.5104907112694607,1,0.6872362027654153,0.14393939393939395,0.21212121212121213,no_interaction|interaction,2,True,0.35714285714285715,0.7027027027027027,0.35714285714285715,False,False,True
CC(C)(C)NCC(C1=NC(=C(C=C1)O)CO)O,CC12CCC3C(C1CCC2C(=O)NC(C)(C)C)CCC4C3(C=CC(=O)N4)C,0,unreported_twosides_sampled,0.6480527520179749,0.6480703207704032,0.6480703207704032,fitted,platt_logistic_regression,0.5104907112694607,1,0.6486330091756001,0.1026936026936027,0.27525252525252525,no_interaction|interaction,2,True,0.5227272727272727,0.3582089552238806,0.3582089552238806,False,False,True
CCC1(CC2CC(C3=C(CCN(C2)C1)C4=CC=CC=C4N3)(C5=C(C=C6C(=C5)C78CCN9C7C(C=CC9)(C(C(C8N6C=O)(C(=O)OC)O)OC(=O)C)CC)OC)C(=O)OC)O,CCCC(CCC)C(=O)O,1,reported_twosides,0.05139949917793274,0.0673851496408818,0.0673851496408818,fitted,platt_logistic_regression,0.5104907112694607,0,0.24682201013837596,0.6052188552188552,0.007575757575757576,no_interaction,1,False,0.89,0.27586206896551724,0.27586206896551724,False,False,True
CCCC1=NC2=C(N1CC3=CC=C(C=C3)C4=CC=CC=C4C(=O)O)C=C(C=C2C)C5=NC6=CC=CC=C6N5C,CN(C)CCC1=CNC2=C1C=C(C=C2)CN3C=NC=N3,0,unreported_twosides_sampled,0.3070184886455536,0.33230684118330556,0.33230684118330556,fitted,platt_logistic_regression,0.5104907112694607,0,0.6358002861417372,0.2937710437710438,0.09175084175084175,no_interaction,1,False,0.38823529411764707,0.5272727272727272,0.38823529411764707,False,False,True
CC1=NN=C(S1)SCC2=C(N3C(C(C3=O)NC(=O)CN4C=NN=N4)SC2)C(=O)[O-],CCC1=C(CN(C1=O)C(=O)NCCC2=CC=C(C=C2)S(=O)(=O)NC(=O)NC3CCC(CC3)C)C,1,reported_twosides,0.43184009194374084,0.4496545911031922,0.4496545911031922,fitted,platt_logistic_regression,0.5104907112694607,0,0.6880692592339541,0.20959595959595959,0.14562289562289563,no_interaction|interaction,2,True,0.4574468085106383,0.48,0.4574468085106383,False,False,False
CC(CC1=CC=CC=C1)N(C)CC#C,CC1=CN(C(=O)NC1=O)C2C=CC(O2)CO,0,unreported_twosides_sampled,0.3600271940231323,0.3826273712104633,0.3826273712104633,fitted,platt_logistic_regression,0.5104907112694607,0,0.6653357144597216,0.25673400673400676,0.11363636363636363,no_interaction|interaction,2,True,0.42424242424242425,0.5652173913043478,0.42424242424242425,False,False,False
C1=CC=C(C=C1)CCNN,COC1=C(C(=NC=C1)CS(=O)C2=NC3=C(N2)C=C(C=C3)OC(F)F)OC,1,reported_twosides,0.9989027976989746,0.9981812110485621,0.9981812110485621,fitted,platt_logistic_regression,0.5104907112694607,1,0.013292936365445093,0.0008417508417508417,0.8939393939393939,interaction,1,False,0.35714285714285715,0.5538461538461539,0.35714285714285715,False,False,True
CC(C)(C)NCC(C1=NC(=C(C=C1)O)CO)O,CCN(CC)C(=O)C(=CC1=CC(=C(C(=C1)O)O)[N+](=O)[O-])C#N,0,unreported_twosides_sampled,0.2820010185241699,0.3082310835640341,0.3082310835640341,fitted,platt_logistic_regression,0.5104907112694607,0,0.6176779982348156,0.3114478114478115,0.08501683501683502,no_interaction,1,False,0.5227272727272727,0.35714285714285715,0.35714285714285715,False,False,True
C1=NC2=C(N1COC(CO)CO)NC(=NC2=O)N,CC(CCC(=O)O)C1CCC2C1(CCC3C2C(CC4C3(CCC(C4)O)C)O)C,1,reported_twosides,0.28278085589408875,0.308985182317434,0.308985182317434,fitted,platt_logistic_regression,0.5104907112694607,0,0.6182862804337171,0.3106060606060606,0.08501683501683502,no_interaction,1,False,0.6739130434782609,0.25925925925925924,0.25925925925925924,False,False,True
CC(C)(C)NCC(C1=NC(=C(C=C1)O)CO)O,CCCC1=NC2=C(N1CC3=CC=C(C=C3)C4=CC=CC=C4C(=O)O)C=C(C=C2C)C5=NC6=CC=CC=C6N5C,0,unreported_twosides_sampled,0.8288953304290771,0.8174193225193541,0.8174193225193541,fitted,platt_logistic_regression,0.5104907112694607,1,0.47528421352006145,0.03956228956228956,0.42845117845117847,interaction,1,False,0.5227272727272727,0.38823529411764707,0.38823529411764707,False,False,True
CCN(CC)C(=O)C(=CC1=CC(=C(C(=C1)O)O)[N+](=O)[O-])C#N,CN(C)CCC=C1C2=CC=CC=C2COC3=CC=CC=C31,0,unreported_twosides_sampled,0.05606761574745178,0.07288460149177552,0.07288460149177552,fitted,platt_logistic_regression,0.5104907112694607,0,0.2610374014265206,0.5968013468013468,0.010101010101010102,no_interaction,1,False,0.35714285714285715,0.7027027027027027,0.35714285714285715,False,False,True
CCCCC(C)(CC=CC1C(CC(=O)C1CCCCCCC(=O)OC)O)O,CCCN1CCCCC1C(=O)NC2=C(C=CC=C2C)C,0,unreported_twosides_sampled,0.30674272775650024,0.3320427123469593,0.3320427123469593,fitted,platt_logistic_regression,0.5104907112694607,0,0.6356158277406914,0.2937710437710438,0.09175084175084175,no_interaction,1,False,0.49230769230769234,0.8604651162790697,0.49230769230769234,False,False,False
CC(C)(C)C(C(=O)NC(CC1=CC=CC=C1)C(CN(CC2=CC=C(C=C2)C3=CC=CC=N3)NC(=O)C(C(C)(C)C)NC(=O)OC)O)NC(=O)OC,CCCC(CCC)C(=O)O,1,reported_twosides,0.0836452916264534,0.1044635012288218,0.1044635012288218,fitted,platt_logistic_regression,0.5104907112694607,0,0.3347810370646498,0.5412457912457912,0.021043771043771045,no_interaction,1,False,0.3018867924528302,0.27586206896551724,0.27586206896551724,False,False,True
CC(C)C1=C(C(=CC=C1)C(C)C)O,CNS(=O)(=O)CCC1=CC2=C(C=C1)NC=C2C3CCN(CC3)C,0,unreported_twosides_sampled,0.3298965096473694,0.354130491835019,0.354130491835019,fitted,platt_logistic_regression,0.5104907112694607,0,0.6499661462374355,0.2718855218855219,0.10437710437710437,no_interaction|interaction,2,True,0.2857142857142857,0.4492753623188406,0.2857142857142857,False,False,True
CC(CCC(=O)O)C1CCC2C1(CCC3C2C(CC4C3(CCC(C4)O)C)O)C,CN(C)CCC=C1C2=CC=CC=C2COC3=CC=CC=C31,0,unreported_twosides_sampled,0.014738088473677635,0.021675680758185694,0.021675680758185694,fitted,platt_logistic_regression,0.5104907112694607,0,0.10449081285854868,0.7575757575757576,0.0008417508417508417,no_interaction,1,False,0.25925925925925924,0.7027027027027027,0.25925925925925924,False,False,True
C(CCl)NC(=O)N(CCCl)N=O,COC1=C(C(=NC=C1)CS(=O)C2=NC3=C(N2)C=C(C=C3)OC(F)F)OC,1,reported_twosides,0.9985834360122681,0.9977006950516819,0.9977006950516819,fitted,platt_logistic_regression,0.5104907112694607,1,0.01626527829188789,0.0008417508417508417,0.8863636363636364,interaction,1,False,0.2391304347826087,0.5538461538461539,0.2391304347826087,False,False,True
CCCC1CC(N(C1)C)C(=O)NC(C2C(C(C(C(O2)SC)O)O)O)C(C)Cl,CCN(CC)C(=O)C(=CC1=CC(=C(C(=C1)O)O)[N+](=O)[O-])C#N,0,unreported_twosides_sampled,0.028504496440291405,0.039508567726993134,0.039508567726993134,fitted,platt_logistic_regression,0.5104907112694607,0,0.16637919249345778,0.696969696969697,0.0025252525252525255,no_interaction,1,False,0.8545454545454545,0.35714285714285715,0.35714285714285715,False,False,True
CC12CCC3C(C1CCC2C(=O)NC(C)(C)C)CCC4C3(C=CC(=O)N4)C,CC1=C(C2=C(N1C(=O)C3=CC=C(C=C3)Cl)C=CC(=C2)OC)CC(=O)O,1,reported_twosides,0.1616329848766327,0.18817578849471744,0.18817578849471744,fitted,platt_logistic_regression,0.5104907112694607,0,0.483567001399721,0.4208754208754209,0.041245791245791245,no_interaction,1,False,0.3582089552238806,0.2982456140350877,0.2982456140350877,False,False,True
CC12CCC3C(C1CCC2=O)CC(=C)C4=CC(=O)C=CC34C,CC1CC2C3CCC4=CC(=O)C=CC4(C3(C(CC2(C1(C(=O)CCl)O)C)O)F)C,0,unreported_twosides_sampled,0.9998862743377686,0.9997730216645586,0.9997730216645586,fitted,platt_logistic_regression,0.5104907112694607,1,0.0021314497023335686,0.0008417508417508417,0.9511784511784511,interaction,1,False,0.3235294117647059,0.847457627118644,0.3235294117647059,False,False,True
CC1=NC=C2N1C3=C(C=C(C=C3)Cl)C(=NC2)C4=CC=CC=C4F,CCCCCC(C=CC1C(CC2C1CC(=CCCCC(=O)O)O2)O)O,0,unreported_twosides_sampled,0.06437857449054718,0.0825544338832405,0.0825544338832405,fitted,platt_logistic_regression,0.5104907112694607,0,0.2849642814212206,0.5808080808080808,0.011784511784511785,no_interaction,1,False,0.5454545454545454,0.5625,0.5454545454545454,False,False,False
CC1=C(C(CCC1)(C)C)C=CC(=CC=CC(=CCO)C)C,CC1=CN(C(=O)NC1=O)C2C=CC(O2)CO,1,reported_twosides,0.30453503131866455,0.3299271736439297,0.3299271736439297,fitted,platt_logistic_regression,0.5104907112694607,0,0.634127049180721,0.29545454545454547,0.09090909090909091,no_interaction,1,False,0.6956521739130435,0.5652173913043478,0.5652173913043478,False,False,False
CCC1(CC2CC(C3=C(CCN(C2)C1)C4=CC=CC=C4N3)(C5=C(C=C6C(=C5)C78CCN9C7C(C=CC9)(C(C(C8N6C=O)(C(=O)OC)O)OC(=O)C)CC)OC)C(=O)OC)O,CCC1=C(CN(C1=O)C(=O)NCCC2=CC=C(C=C2)S(=O)(=O)NC(=O)NC3CCC(CC3)C)C,0,unreported_twosides_sampled,0.20634903013706207,0.23374980230561934,0.23374980230561934,fitted,platt_logistic_regression,0.5104907112694607,0,0.5437677216030339,0.3728956228956229,0.054713804713804715,no_interaction,1,False,0.89,0.48,0.48,False,False,False
CC1C(C(C(C(O1)OC2C(OC(C(C2O)O)OC3C(OC(C(C3O)O)O)CO)CO)O)O)NC4C=C(C(C(C4O)O)O)CO,COC1=C(C(=NC=C1)CS(=O)C2=NC3=C(N2)C=C(C=C3)OC(F)F)OC,1,reported_twosides,0.9987743496894836,0.9979867141154795,0.9979867141154795,fitted,platt_logistic_regression,0.5104907112694607,1,0.014509710709610891,0.0008417508417508417,0.8905723905723906,interaction,1,False,0.29850746268656714,0.5538461538461539,0.29850746268656714,False,False,True
CC(C)C1=C(C(=CC=C1)C(C)C)O,CN(CC1=CN=C2C(=N1)C(=NC(=N2)N)N)C3=CC=C(C=C3)C(=O)NC(CCC(=O)O)C(=O)O,1,reported_twosides,0.07190404832363129,0.09119022831659188,0.09119022831659188,fitted,platt_logistic_regression,0.5104907112694607,0,0.30528296241441144,0.5648148148148148,0.015151515151515152,no_interaction,1,False,0.2857142857142857,0.4868421052631579,0.2857142857142857,False,False,True
CCCC(CCC)C(=O)O,CN(CC1=CN=C2C(=N1)C(=NC(=N2)N)N)C3=CC=C(C=C3)C(=O)NC(CCC(=O)O)C(=O)O,1,reported_twosides,0.15427878499031067,0.18053967636083942,0.18053967636083942,fitted,platt_logistic_regression,0.5104907112694607,0,0.4722108378520987,0.4292929292929293,0.03956228956228956,no_interaction,1,False,0.27586206896551724,0.4868421052631579,0.27586206896551724,False,False,True
CC1=NN=C(S1)SCC2=C(N3C(C(C3=O)NC(=O)CN4C=NN=N4)SC2)C(=O)[O-],COC1=C(C=C2C(=C1)N=CN=C2NC3=CC(=C(C=C3)F)Cl)OCCCN4CCOCC4,0,unreported_twosides_sampled,0.7003576755523682,0.6962736962205862,0.6962736962205862,fitted,platt_logistic_regression,0.5104907112694607,1,0.6139886085213666,0.08333333333333333,0.31397306397306396,interaction,1,False,0.4574468085106383,0.40789473684210525,0.40789473684210525,False,False,False
CC(CCC(=O)O)C1CCC2C1(CCC3C2C(CC4C3(CCC(C4)O)C)O)C,CN(C)CCC1=CNC2=C1C=C(C=C2)CN3C=NC=N3,0,unreported_twosides_sampled,0.009546324610710144,0.014581422928020329,0.014581422928020329,fitted,platt_logistic_regression,0.5104907112694607,0,0.07612495113333351,0.7912457912457912,0.0008417508417508417,no_interaction,1,False,0.25925925925925924,0.5272727272727272,0.25925925925925924,False,False,True
C1=C(C(=O)NC(=O)N1)F,CC12CCC3C(C1CCC2O)CCC4=CC(=O)CCC34C,0,unreported_twosides_sampled,0.32676199078559875,0.35115050538308884,0.35115050538308884,fitted,platt_logistic_regression,0.5104907112694607,0,0.6481559392948691,0.2760942760942761,0.1026936026936027,no_interaction|interaction,2,True,0.1891891891891892,0.723404255319149,0.1891891891891892,False,False,True
C=CC1=C(N2C(C(C2=O)NC(=O)C(=NO)C3=CSC(=N3)N)SC1)C(=O)O,CCN(CC)C(=O)C(=CC1=CC(=C(C(=C1)O)O)[N+](=O)[O-])C#N,0,unreported_twosides_sampled,0.009971502237021923,0.015173655132094349,0.015173655132094349,fitted,platt_logistic_regression,0.5104907112694607,0,0.07860816853510261,0.7904040404040404,0.0008417508417508417,no_interaction,1,False,0.7941176470588235,0.35714285714285715,0.35714285714285715,False,False,True
CC(C)(C)NCC(C1=NC(=C(C=C1)O)CO)O,COC1=C(C=C2C(=C1)C(=NC(=N2)N3CCN(CC3)C(=O)C4COC5=CC=CC=C5O4)N)OC,1,reported_twosides,0.8932555913925171,0.8808991323349814,0.8808991323349814,fitted,platt_logistic_regression,0.5104907112694607,1,0.3651296967620602,0.021885521885521887,0.5075757575757576,interaction,1,False,0.5227272727272727,0.6515151515151515,0.5227272727272727,False,False,False
CC(CC1=CC=CC=C1)N(C)CC#C,CC12CCC3C(C1CCC2O)CCC4=CC(=O)CCC34C,0,unreported_twosides_sampled,0.367058128118515,0.38924115192529085,0.38924115192529085,fitted,platt_logistic_regression,0.5104907112694607,0,0.6684074342743912,0.2516835016835017,0.11616161616161616,no_interaction|interaction,2,True,0.42424242424242425,0.723404255319149,0.42424242424242425,False,False,False
C1=NC2=C(N1COC(CO)CO)NC(=NC2=O)N,CCN(CC)C(=O)C(=CC1=CC(=C(C(=C1)O)O)[N+](=O)[O-])C#N,0,unreported_twosides_sampled,0.046328384429216385,0.06134918886086767,0.06134918886086767,fitted,platt_logistic_regression,0.5104907112694607,0,0.2306638377661828,0.6195286195286195,0.005892255892255892,no_interaction,1,False,0.6739130434782609,0.35714285714285715,0.35714285714285715,False,False,True
C1CC(CCC1C2=CC=C(C=C2)Cl)C3=C(C4=CC=CC=C4C(=O)C3=O)O,CC1=CN(C(=O)NC1=O)C2C=CC(O2)CO,1,reported_twosides,0.4689975380897522,0.4839698056501263,0.4839698056501263,fitted,platt_logistic_regression,0.5104907112694607,0,0.6926331582191287,0.1936026936026936,0.1691919191919192,no_interaction|interaction,2,True,0.2549019607843137,0.5652173913043478,0.2549019607843137,False,False,True
CC1(OC2CC3C4CCC5=CC(=O)C=CC5(C4C(CC3(C2(O1)C(=O)CO)C)O)C)C,CC1=NN=C(S1)SCC2=C(N3C(C(C3=O)NC(=O)CN4C=NN=N4)SC2)C(=O)[O-],0,unreported_twosides_sampled,0.550606906414032,0.5588366466187001,0.5588366466187001,fitted,platt_logistic_regression,0.5104907112694607,1,0.686207611133292,0.14309764309764308,0.21632996632996632,no_interaction|interaction,2,True,0.7313432835820896,0.4574468085106383,0.4574468085106383,False,False,False
C1=CC=C(C=C1)CCNN,CNC1CCC(C2=CC=CC=C12)C3=CC(=C(C=C3)Cl)Cl,1,reported_twosides,0.6291893720626831,0.6307623604618385,0.6307623604618385,fitted,platt_logistic_regression,0.5104907112694607,1,0.6585486926118582,0.10942760942760943,0.2601010101010101,no_interaction|interaction,2,True,0.35714285714285715,0.2549019607843137,0.2549019607843137,False,False,True
CC(CCC(=O)O)C1CCC2C1(CCC3C2C(CC4C3(CCC(C4)O)C)O)C,CC1=NN=C(S1)SCC2=C(N3C(C(C3=O)NC(=O)CN4C=NN=N4)SC2)C(=O)[O-],1,reported_twosides,0.2887933552265167,0.3147911761051103,0.3147911761051103,fitted,platt_logistic_regression,0.5104907112694607,0,0.6228806684329166,0.30808080808080807,0.08838383838383838,no_interaction,1,False,0.25925925925925924,0.4574468085106383,0.25925925925925924,False,False,True
CN(C)CCC1=CNC2=C1C=C(C=C2)CN3C=NC=N3,CN(CC1=CN=C2C(=N1)C(=NC(=N2)N)N)C3=CC=C(C=C3)C(=O)NC(CCC(=O)O)C(=O)O,1,reported_twosides,0.19994182884693146,0.22730167323383973,0.22730167323383973,fitted,platt_logistic_regression,0.5104907112694607,0,0.5359953101868813,0.3787878787878788,0.050505050505050504,no_interaction,1,False,0.5272727272727272,0.4868421052631579,0.4868421052631579,False,False,False
CC(CCC(=O)O)C1CCC2C1(CCC3C2C(CC4C3(CCC(C4)O)C)O)C,COC1=C(C=C2C(=C1)C(=NC(=N2)N3CCN(CC3)C(=O)C4COC5=CC=CC=C5O4)N)OC,1,reported_twosides,0.014752359129488468,0.021694819713475068,0.021694819713475068,fitted,platt_logistic_regression,0.5104907112694607,0,0.10456371695103528,0.7575757575757576,0.0008417508417508417,no_interaction,1,False,0.25925925925925924,0.6515151515151515,0.25925925925925924,False,False,True
CC1OCC2C(O1)C(C(C(O2)OC3C4COC(=O)C4C(C5=CC6=C(C=C35)OCO6)C7=CC(=C(C(=C7)OC)O)OC)O)O,COC1=C(C(=NC=C1)CS(=O)C2=NC3=C(N2)C=C(C=C3)OC(F)F)OC,1,reported_twosides,0.999977707862854,0.999949176144151,0.999949176144151,fitted,platt_logistic_regression,0.5104907112694607,1,0.0005533253818083494,0.0008417508417508417,0.9722222222222222,interaction,1,False,0.20588235294117646,0.5538461538461539,0.20588235294117646,False,False,True
CC12CCC3C(C1CCC2C(=O)NC(C)(C)C)CCC4C3(C=CC(=O)N4)C,CCCC1CC(N(C1)C)C(=O)NC(C2C(C(C(C(O2)SC)O)O)O)C(C)Cl,0,unreported_twosides_sampled,0.08907593786716461,0.11052838241597607,0.11052838241597607,fitted,platt_logistic_regression,0.5104907112694607,0,0.34761862386321846,0.5260942760942761,0.021043771043771045,no_interaction,1,False,0.3582089552238806,0.8545454545454545,0.3582089552238806,False,False,True
CNC1CCC(C2=CC=CC=C12)C3=CC(=C(C=C3)Cl)Cl,COC1=C(C=C2C(=C1)C(=NC(=N2)N3CCN(CC3)C(=O)C4COC5=CC=CC=C5O4)N)OC,1,reported_twosides,0.48196202516555786,0.49590034811453215,0.49590034811453215,fitted,platt_logistic_regression,0.5104907112694607,0,0.6931135658921309,0.18518518518518517,0.17845117845117844,no_interaction|interaction,2,True,0.2549019607843137,0.6515151515151515,0.2549019607843137,False,False,True
CC(C)(C)C(C(=O)NC(CC1=CC=CC=C1)C(CN(CC2=CC=C(C=C2)C3=CC=CC=N3)NC(=O)C(C(C)(C)C)NC(=O)OC)O)NC(=O)OC,CC(C)(C)NCC(C1=NC(=C(C=C1)O)CO)O,0,unreported_twosides_sampled,0.7025982737541199,0.6983477898366869,0.6983477898366869,fitted,platt_logistic_regression,0.5104907112694607,1,0.612257723464527,0.08249158249158249,0.31734006734006737,interaction,1,False,0.3018867924528302,0.5227272727272727,0.3018867924528302,False,False,True
CC(C)C1=C(C(=CC=C1)C(C)C)O,COC1=C(C=C2C(=C1)C(=NC(=N2)N3CCN(CC3)C(=O)C4COC5=CC=CC=C5O4)N)OC,1,reported_twosides,0.16363836824893951,0.19025049836618985,0.19025049836618985,fitted,platt_logistic_regression,0.5104907112694607,0,0.48658598604594394,0.41835016835016836,0.04208754208754209,no_interaction,1,False,0.2857142857142857,0.6515151515151515,0.2857142857142857,False,False,True
CC12CCC3C(C1CCC2=O)CC(=C)C4=CC(=O)C=CC34C,CNC1CCC(C2=CC=CC=C12)C3=CC(=C(C=C3)Cl)Cl,1,reported_twosides,0.585099458694458,0.5903922284665395,0.5903922284665395,fitted,platt_logistic_regression,0.5104907112694607,1,0.6767154711330134,0.12373737373737374,0.2356902356902357,no_interaction|interaction,2,True,0.3235294117647059,0.2549019607843137,0.2549019607843137,False,False,True
CCCC1=NC2=C(N1CC3=CC=C(C=C3)C4=CC=CC=C4C(=O)O)C=C(C=C2C)C5=NC6=CC=CC=C6N5C,COC1=C(C(=NC=C1)CS(=O)C2=NC3=C(N2)C=C(C=C3)OC(F)F)OC,1,reported_twosides,0.9999032020568848,0.9998042461319718,0.9998042461319718,fitted,platt_logistic_regression,0.5104907112694607,1,0.0018672089544182564,0.0008417508417508417,0.9528619528619529,interaction,1,False,0.38823529411764707,0.5538461538461539,0.38823529411764707,False,False,True
CC1=CN(C(=O)NC1=O)C2C=CC(O2)CO,CC1=NC=C2N1C3=C(C=C(C=C3)Cl)C(=NC2)C4=CC=CC=C4F,0,unreported_twosides_sampled,0.29507601261138916,0.32084314244733136,0.32084314244733136,fitted,platt_logistic_regression,0.5104907112694607,0,0.627503361855718,0.30134680134680136,0.08922558922558922,no_interaction,1,False,0.5652173913043478,0.5454545454545454,0.5454545454545454,False,False,False
CC1=CN(C(=O)NC1=O)C2C=CC(O2)CO,CCCC(CCC)C(=O)O,1,reported_twosides,0.16184255480766296,0.18839275205727443,0.18839275205727443,fitted,platt_logistic_regression,0.5104907112694607,0,0.4838840279819288,0.4208754208754209,0.04208754208754209,no_interaction,1,False,0.5652173913043478,0.27586206896551724,0.27586206896551724,False,False,True
CC12CCC3C(C1CCC2C(=O)NC(C)(C)C)CCC4C3(C=CC(=O)N4)C,CCCCC(C)(CC=CC1C(CC(=O)C1CCCCCCC(=O)OC)O)O,1,reported_twosides,0.5312625765800476,0.5411293585780831,0.5411293585780831,fitted,platt_logistic_regression,0.5104907112694607,1,0.6897601064650604,0.15151515151515152,0.2037037037037037,no_interaction|interaction,2,True,0.3582089552238806,0.49230769230769234,0.3582089552238806,False,False,True
CC(=O)N(CCCCCNC(=O)CCC(=O)N(CCCCCNC(=O)CCC(=O)N(CCCCCN)O)O)O,CC1CC2C3CCC4=CC(=O)C=CC4(C3(C(CC2(C1(C(=O)CCl)O)C)O)F)C,0,unreported_twosides_sampled,0.998918890953064,0.9982057085589088,0.9982057085589088,fitted,platt_logistic_regression,0.5104907112694607,1,0.013138245825966897,0.0008417508417508417,0.8947811447811448,interaction,1,False,0.3,0.847457627118644,0.3,False,False,True
C1CC(CCC1C2=CC=C(C=C2)Cl)C3=C(C4=CC=CC=C4C(=O)C3=O)O,CNC1CCC(C2=CC=CC=C12)C3=CC(=C(C=C3)Cl)Cl,1,reported_twosides,0.4145655632019043,0.4336274028669068,0.4336274028669068,fitted,platt_logistic_regression,0.5104907112694607,0,0.6843104773209076,0.22138047138047137,0.13636363636363635,no_interaction|interaction,2,True,0.2549019607843137,0.2549019607843137,0.2549019607843137,False,False,True
CC(CCC(=O)O)C1CCC2C1(CCC3C2C(CC4C3(CCC(C4)O)C)O)C,COC1=C(C=C2C(=C1)N=CN=C2NC3=CC(=C(C=C3)F)Cl)OCCCN4CCOCC4,1,reported_twosides,0.0710143968462944,0.09017484022113485,0.09017484022113485,fitted,platt_logistic_regression,0.5104907112694607,0,0.30294215302437233,0.5664983164983165,0.015151515151515152,no_interaction,1,False,0.25925925925925924,0.40789473684210525,0.25925925925925924,False,False,True
C1=NC2=C(N1COC(CO)CO)NC(=NC2=O)N,CC1C(C(C(C(O1)OC2C(OC(C(C2O)O)OC3C(OC(C(C3O)O)O)CO)CO)O)O)NC4C=C(C(C(C4O)O)O)CO,0,unreported_twosides_sampled,0.7129915356636047,0.7079809016409755,0.7079809016409755,fitted,platt_logistic_regression,0.5104907112694607,1,0.6039496647336694,0.07996632996632996,0.3223905723905724,interaction,1,False,0.6739130434782609,0.29850746268656714,0.29850746268656714,False,False,True
CC1C(C(C(C(O1)OC2C(OC(C(C2O)O)OC3C(OC(C(C3O)O)O)CO)CO)O)O)NC4C=C(C(C(C4O)O)O)CO,CCCC(CCC)C(=O)O,1,reported_twosides,0.48347008228302,0.49728693829545767,0.49728693829545767,fitted,platt_logistic_regression,0.5104907112694607,0,0.6931324590800793,0.18434343434343434,0.17929292929292928,no_interaction|interaction,2,True,0.29850746268656714,0.27586206896551724,0.27586206896551724,False,False,True
CC1(C(=O)N2C(C(=O)N3CCCC3C2(O1)O)CC4=CC=CC=C4)NC(=O)C5CC6C(CC7=CNC8=CC=CC6=C78)N(C5)C,COC1=C(C(=NC=C1)CS(=O)C2=NC3=C(N2)C=C(C=C3)OC(F)F)OC,0,unreported_twosides_sampled,0.9975435137748718,0.9961900167098761,0.9961900167098761,fitted,platt_logistic_regression,0.5104907112694607,1,0.025024820104613175,0.0008417508417508417,0.8712121212121212,interaction,1,False,0.34234234234234234,0.5538461538461539,0.34234234234234234,False,False,True
CC1CC2C3CCC4=CC(=O)C=CC4(C3(C(CC2(C1(C(=O)CCl)O)C)O)F)C,COC1=C(C(=NC=C1)CS(=O)C2=NC3=C(N2)C=C(C=C3)OC(F)F)OC,1,reported_twosides,1.0,0.9999970627602116,0.9999970627602116,fitted,platt_logistic_regression,0.5104907112694607,1,4.035191416746874e-05,0.0008417508417508417,1.0,interaction,1,False,0.847457627118644,0.5538461538461539,0.5538461538461539,False,False,False
CCCC1CC(N(C1)C)C(=O)NC(C2C(C(C(C(O2)SC)O)O)O)C(C)Cl,CNS(=O)(=O)CCC1=CC2=C(C=C1)NC=C2C3CCN(CC3)C,0,unreported_twosides_sampled,0.02074417844414711,0.02959528690152112,0.02959528690152112,fitted,platt_logistic_regression,0.5104907112694607,0,0.13333251885347222,0.734006734006734,0.0008417508417508417,no_interaction,1,False,0.8545454545454545,0.4492753623188406,0.4492753623188406,False,False,False
CC1=NC=C2N1C3=C(C=C(C=C3)Cl)C(=NC2)C4=CC=CC=C4F,COC1=C(C(=NC=C1)CS(=O)C2=NC3=C(N2)C=C(C=C3)OC(F)F)OC,1,reported_twosides,0.99968421459198,0.9994202345619708,0.9994202345619708,fitted,platt_logistic_regression,0.5104907112694607,1,0.00490052361068673,0.0008417508417508417,0.9335016835016835,interaction,1,False,0.5454545454545454,0.5538461538461539,0.5454545454545454,False,False,False
CCC1=C(CN(C1=O)C(=O)NCCC2=CC=C(C=C2)S(=O)(=O)NC(=O)NC3CCC(CC3)C)C,CCCC1CC(N(C1)C)C(=O)NC(C2C(C(C(C(O2)SC)O)O)O)C(C)Cl,1,reported_twosides,0.23461928963661194,0.2619169535921343,0.2619169535921343,fitted,platt_logistic_regression,0.5104907112694607,0,0.5750524558025641,0.34595959595959597,0.06481481481481481,no_interaction,1,False,0.48,0.8545454545454545,0.48,False,False,False
C1CC(CCC1C2=CC=C(C=C2)Cl)C3=C(C4=CC=CC=C4C(=O)C3=O)O,COC1=C(C=C2C(=C1)C(=NC(=N2)N3CCN(CC3)C(=O)C4COC5=CC=CC=C5O4)N)OC,0,unreported_twosides_sampled,0.34263813495635986,0.36621306610577636,0.36621306610577636,fitted,platt_logistic_regression,0.5104907112694607,0,0.6569094058787157,0.26262626262626265,0.10942760942760943,no_interaction|interaction,2,True,0.2549019607843137,0.6515151515151515,0.2549019607843137,False,False,True
CCCC1=NC2=C(N1CC3=CC=C(C=C3)C4=CC=CC=C4C(=O)O)C=C(C=C2C)C5=NC6=CC=CC=C6N5C,CCCN1CCCCC1C(=O)NC2=C(C=CC=C2C)C,0,unreported_twosides_sampled,0.24338634312152863,0.27056536112909085,0.27056536112909085,fitted,platt_logistic_regression,0.5104907112694607,0,0.5838203505866717,0.3400673400673401,0.0707070707070707,no_interaction,1,False,0.38823529411764707,0.8604651162790697,0.38823529411764707,False,False,True
C=CC1=C(N2C(C(C2=O)NC(=O)C(=NO)C3=CSC(=N3)N)SC1)C(=O)O,COC1=C(C=C2C(=C1)C(=NC(=N2)N3CCN(CC3)C(=O)C4COC5=CC=CC=C5O4)N)OC,0,unreported_twosides_sampled,0.04736980050802231,0.06259429265575349,0.06259429265575349,fitted,platt_logistic_regression,0.5104907112694607,0,0.23404693211665722,0.6153198653198653,0.005892255892255892,no_interaction,1,False,0.7941176470588235,0.6515151515151515,0.6515151515151515,False,False,False
C1=C(C(=O)NC(=O)N1)F,CCCCC(C)(CC=CC1C(CC(=O)C1CCCCCCC(=O)OC)O)O,1,reported_twosides,0.38479214906692505,0.40586865632408975,0.40586865632408975,fitted,platt_logistic_regression,0.5104907112694607,0,0.6753195650101464,0.2382154882154882,0.12121212121212122,no_interaction|interaction,2,True,0.1891891891891892,0.49230769230769234,0.1891891891891892,False,False,True
C(CCl)NC(=O)N(CCCl)N=O,CC12CCC3C(C1CCC2=O)CC(=C)C4=CC(=O)C=CC34C,0,unreported_twosides_sampled,0.38501301407814026,0.40607527346581057,0.40607527346581057,fitted,platt_logistic_regression,0.5104907112694607,0,0.6753982122581399,0.2382154882154882,0.12205387205387205,no_interaction|interaction,2,True,0.2391304347826087,0.3235294117647059,0.2391304347826087,False,False,True
C1=C(C(=O)NC(=O)N1)F,CC(CCC(=O)O)C1CCC2C1(CCC3C2C(CC4C3(CCC(C4)O)C)O)C,1,reported_twosides,0.2537926733493805,0.28078203914020006,0.28078203914020006,fitted,platt_logistic_regression,0.5104907112694607,0,0.5936904074250787,0.3265993265993266,0.07575757575757576,no_interaction,1,False,0.1891891891891892,0.25925925925925924,0.1891891891891892,False,False,True
C1=C(C(=O)NC(=O)N1)F,CC(C)C1=C(C(=CC=C1)C(C)C)O,0,unreported_twosides_sampled,0.17601056396961212,0.2029822328124866,0.2029822328124866,fitted,platt_logistic_regression,0.5104907112694607,0,0.504508985994373,0.4057239057239057,0.04461279461279461,no_interaction,1,False,0.1891891891891892,0.2857142857142857,0.1891891891891892,False,False,True
CC1C(C(C(C(O1)OC2C(OC(C(C2O)O)OC3C(OC(C(C3O)O)O)CO)CO)O)O)NC4C=C(C(C(C4O)O)O)CO,CCCC1CC(N(C1)C)C(=O)NC(C2C(C(C(C(O2)SC)O)O)O)C(C)Cl,0,unreported_twosides_sampled,0.4503668546676636,0.466788849243407,0.466788849243407,fitted,platt_logistic_regression,0.5104907112694607,0,0.6909395945333165,0.20202020202020202,0.15488215488215487,no_interaction|interaction,2,True,0.29850746268656714,0.8545454545454545,0.29850746268656714,False,False,True
CN1CCC23C4C1CC5=C2C(=C(C=C5)O)OC3C(C=C4)O,COC1=C(C(=NC=C1)CS(=O)C2=NC3=C(N2)C=C(C=C3)OC(F)F)OC,1,reported_twosides,0.9990286827087402,0.998373668811891,0.998373668811891,fitted,platt_logistic_regression,0.5104907112694607,1,0.012068377607976973,0.0008417508417508417,0.8981481481481481,interaction,1,False,0.5333333333333333,0.5538461538461539,0.5333333333333333,False,False,False
C(CCl)NC(=O)N(CCCl)N=O,COC1=C(C=C2C(=C1)C(=NC(=N2)N3CCN(CC3)C(=O)C4COC5=CC=CC=C5O4)N)OC,0,unreported_twosides_sampled,0.29193150997161865,0.31781597585107624,0.31781597585107624,fitted,platt_logistic_regression,0.5104907112694607,0,0.6252122280987342,0.30303030303030304,0.08838383838383838,no_interaction,1,False,0.2391304347826087,0.6515151515151515,0.2391304347826087,False,False,True
CN(CC1=CN=C2C(=N1)C(=NC(=N2)N)N)C3=CC=C(C=C3)C(=O)NC(CCC(=O)O)C(=O)O,CN=C1CN(C(=C2C=C(C=CC2=N1)Cl)C3=CC=CC=C3)O,0,unreported_twosides_sampled,0.154058039188385,0.18030978150988947,0.18030978150988947,fitted,platt_logistic_regression,0.5104907112694607,0,0.47186289828700967,0.4292929292929293,0.03956228956228956,no_interaction,1,False,0.4868421052631579,0.3387096774193548,0.3387096774193548,False,False,True
CN(CC1=CN=C2C(=N1)C(=NC(=N2)N)N)C3=CC=C(C=C3)C(=O)NC(CCC(=O)O)C(=O)O,COC1=C(C(=NC=C1)CS(=O)C2=NC3=C(N2)C=C(C=C3)OC(F)F)OC,1,reported_twosides,0.9952055215835571,0.9929663768160594,0.9929663768160594,fitted,platt_logistic_regression,0.5104907112694607,1,0.04187487419187173,0.0008417508417508417,0.8459595959595959,interaction,1,False,0.4868421052631579,0.5538461538461539,0.4868421052631579,False,False,False
CC(CC1=CC=CC=C1)N(C)CC#C,CC1=NC=C2N1C3=C(C=C(C=C3)Cl)C(=NC2)C4=CC=CC=C4F,0,unreported_twosides_sampled,0.4880657196044922,0.5015109857457053,0.5015109857457053,fitted,platt_logistic_regression,0.5104907112694607,0,0.693142614397148,0.18097643097643099,0.1835016835016835,no_interaction|interaction,2,True,0.42424242424242425,0.5454545454545454,0.42424242424242425,False,False,False
CN1CCC23C4C1CC5=C2C(=C(C=C5)O)OC3C(C=C4)O,COC1=C(C=C2C(=C1)C(=NC(=N2)N3CCN(CC3)C(=O)C4COC5=CC=CC=C5O4)N)OC,1,reported_twosides,0.11449743807315826,0.13838311859661187,0.13838311859661187,fitted,platt_logistic_regression,0.5104907112694607,0,0.4020174845233999,0.48148148148148145,0.026094276094276093,no_interaction,1,False,0.5333333333333333,0.6515151515151515,0.5333333333333333,False,False,False
CC1=CC(=C(C=C1)C)OCCCC(C)(C)C(=O)O,CC1OCC2C(O1)C(C(C(O2)OC3C4COC(=O)C4C(C5=CC6=C(C=C35)OCO6)C7=CC(=C(C(=C7)OC)O)OC)O)O,0,unreported_twosides_sampled,0.5645818710327148,0.5716225723972127,0.5716225723972127,fitted,platt_logistic_regression,0.5104907112694607,1,0.6828522172559205,0.132996632996633,0.2239057239057239,no_interaction|interaction,2,True,0.26,0.20588235294117646,0.20588235294117646,False,False,True
CC(=O)N(CCCCCNC(=O)CCC(=O)N(CCCCCNC(=O)CCC(=O)N(CCCCCN)O)O)O,CC(C)C1=C(C(=CC=C1)C(C)C)O,0,unreported_twosides_sampled,0.30271250009536743,0.32817941713382165,0.32817941713382165,fitted,platt_logistic_regression,0.5104907112694607,0,0.6328818235793165,0.2962962962962963,0.09006734006734007,no_interaction,1,False,0.3,0.2857142857142857,0.2857142857142857,False,False,True
CC1CC2C3CCC4=CC(=O)C=CC4(C3(C(CC2(C1(C(=O)CCl)O)C)O)F)C,CCC1=C(CN(C1=O)C(=O)NCCC2=CC=C(C=C2)S(=O)(=O)NC(=O)NC3CCC(CC3)C)C,0,unreported_twosides_sampled,0.9999692440032959,0.9999316976898349,0.9999316976898349,fitted,platt_logistic_regression,0.5104907112694607,1,0.0007234261595380165,0.0008417508417508417,0.9663299663299664,interaction,1,False,0.847457627118644,0.48,0.48,False,False,False
CC12CCC3C(C1CCC2O)CCC4=CC(=O)CCC34C,CCCC(CCC)C(=O)O,1,reported_twosides,0.18314233422279358,0.2102703504239782,0.2102703504239782,fitted,platt_logistic_regression,0.5104907112694607,0,0.5143146445528436,0.39646464646464646,0.045454545454545456,no_interaction,1,False,0.723404255319149,0.27586206896551724,0.27586206896551724,False,False,True
C1=NC2=C(N1COC(CO)CO)NC(=NC2=O)N,CCC1(CC2CC(C3=C(CCN(C2)C1)C4=CC=CC=C4N3)(C5=C(C=C6C(=C5)C78CCN9C7C(C=CC9)(C(C(C8N6C=O)(C(=O)OC)O)OC(=O)C)CC)OC)C(=O)OC)O,1,reported_twosides,0.4203107953071594,0.4389636729338278,0.4389636729338278,fitted,platt_logistic_regression,0.5104907112694607,0,0.6856776977873167,0.21717171717171718,0.14057239057239057,no_interaction|interaction,2,True,0.6739130434782609,0.89,0.6739130434782609,False,False,False
CC1=CN(C(=O)NC1=O)C2C=CC(O2)CO,CC1C(C(C(C(O1)OC2C(OC(C(C2O)O)OC3C(OC(C(C3O)O)O)CO)CO)O)O)NC4C=C(C(C(C4O)O)O)CO,0,unreported_twosides_sampled,0.23774240911006927,0.2650022457737596,0.2650022457737596,fitted,platt_logistic_regression,0.5104907112694607,0,0.5782243491665613,0.3451178451178451,0.06565656565656566,no_interaction,1,False,0.5652173913043478,0.29850746268656714,0.29850746268656714,False,False,True
CC1=CC(=C(C=C1)C)OCCCC(C)(C)C(=O)O,CCC1=C(CN(C1=O)C(=O)NCCC2=CC=C(C=C2)S(=O)(=O)NC(=O)NC3CCC(CC3)C)C,1,reported_twosides,0.556422770023346,0.5641580940621633,0.5641580940621633,fitted,platt_logistic_regression,0.5104907112694607,1,0.6848919169055385,0.13804713804713806,0.2196969696969697,no_interaction|interaction,2,True,0.26,0.48,0.26,False,False,True
C1CC(CCC1C2=CC=C(C=C2)Cl)C3=C(C4=CC=CC=C4C(=O)C3=O)O,CC(C)C1=C(C(=CC=C1)C(C)C)O,0,unreported_twosides_sampled,0.18801303207874298,0.21522750378709044,0.21522750378709044,fitted,platt_logistic_regression,0.5104907112694607,0,0.5208008589793575,0.39057239057239057,0.046296296296296294,no_interaction,1,False,0.2549019607843137,0.2857142857142857,0.2549019607843137,False,False,True
CC1=C(C(CCC1)(C)C)C=CC(=CC=CC(=CCO)C)C,CC1OCC2C(O1)C(C(C(O2)OC3C4COC(=O)C4C(C5=CC6=C(C=C35)OCO6)C7=CC(=C(C(=C7)OC)O)OC)O)O,1,reported_twosides,0.46032482385635376,0.47597761806225575,0.47597761806225575,fitted,platt_logistic_regression,0.5104907112694607,0,0.6919925864610537,0.19865319865319866,0.15993265993265993,no_interaction|interaction,2,True,0.6956521739130435,0.20588235294117646,0.20588235294117646,False,False,True
CC(CC1=CC=CC=C1)N(C)CC#C,CNC1CCC(C2=CC=CC=C12)C3=CC(=C(C=C3)Cl)Cl,0,unreported_twosides_sampled,0.5069388747215271,0.5188376386084308,0.5188376386084308,fitted,platt_logistic_regression,0.5104907112694607,1,0.6924372993102261,0.16582491582491582,0.19444444444444445,no_interaction|interaction,2,True,0.42424242424242425,0.2549019607843137,0.2549019607843137,False,False,True
CC12CCC3C(C1CCC2O)CCC4=CC(=O)CCC34C,CCCCC(C)(CC=CC1C(CC(=O)C1CCCCCCC(=O)OC)O)O,0,unreported_twosides_sampled,0.5308797955513,0.5407788178776551,0.5407788178776551,fitted,platt_logistic_regression,0.5104907112694607,1,0.6898176597048643,0.15151515151515152,0.2037037037037037,no_interaction|interaction,2,True,0.723404255319149,0.49230769230769234,0.49230769230769234,False,False,False
C1CC(CCC1C2=CC=C(C=C2)Cl)C3=C(C4=CC=CC=C4C(=O)C3=O)O,CCCCCC(C=CC1C(CC2C1CC(=CCCCC(=O)O)O2)O)O,0,unreported_twosides_sampled,0.1465846747159958,0.17250221064616345,0.17250221064616345,fitted,platt_logistic_regression,0.5104907112694607,0,0.45983168574274363,0.4377104377104377,0.037037037037037035,no_interaction,1,False,0.2549019607843137,0.5625,0.2549019607843137,False,False,True
C1=CC=C(C=C1)CCNN,CC(C)(C)NCC(C1=NC(=C(C=C1)O)CO)O,0,unreported_twosides_sampled,0.7913909554481506,0.7814988592743456,0.7814988592743456,fitted,platt_logistic_regression,0.5104907112694607,1,0.5250043489595111,0.04882154882154882,0.38552188552188554,interaction,1,False,0.35714285714285715,0.5227272727272727,0.35714285714285715,False,False,True
C1=NC2C(=N1)NC(=NC2=S)N,CCC1(CC2CC(C3=C(CCN(C2)C1)C4=CC=CC=C4N3)(C5=C(C=C6C(=C5)C78CCN9C7C(C=CC9)(C(C(C8N6C=O)(C(=O)OC)O)OC(=O)C)CC)OC)C(=O)OC)O,1,reported_twosides,0.34970301389694214,0.37289202454089004,0.37289202454089004,fitted,platt_logistic_regression,0.5104907112694607,0,0.6604769435403745,0.25925925925925924,0.1111111111111111,no_interaction|interaction,2,True,0.15555555555555556,0.89,0.15555555555555556,False,False,True
CC1C(C(C(C(O1)OC2C(OC(C(C2O)O)OC3C(OC(C(C3O)O)O)CO)CO)O)O)NC4C=C(C(C(C4O)O)O)CO,CN1CCC23C4C1CC5=C2C(=C(C=C5)O)OC3C(C=C4)O,1,reported_twosides,0.694542407989502,0.6908946818096948,0.6908946818096948,fitted,platt_logistic_regression,0.5104907112694607,1,0.6183829401513365,0.08585858585858586,0.3106060606060606,interaction,1,False,0.29850746268656714,0.5333333333333333,0.29850746268656714,False,False,True
CC(C)(C)NCC(C1=NC(=C(C=C1)O)CO)O,CC1=CC(=C(C=C1)C)OCCCC(C)(C)C(=O)O,0,unreported_twosides_sampled,0.47121524810791016,0.48601201237203023,0.48601201237203023,fitted,platt_logistic_regression,0.5104907112694607,0,0.6927558019024352,0.19276094276094277,0.17087542087542087,no_interaction|interaction,2,True,0.5227272727272727,0.26,0.26,False,False,True
C=CC1=C(N2C(C(C2=O)NC(=O)C(=NO)C3=CSC(=N3)N)SC1)C(=O)O,CC12CCC3C(C1CCC2O)CCC4=CC(=O)CCC34C,0,unreported_twosides_sampled,0.12638285756111145,0.15114226437626693,0.15114226437626693,fitted,platt_logistic_regression,0.5104907112694607,0,0.4246853547157584,0.4604377104377104,0.03282828282828283,no_interaction,1,False,0.7941176470588235,0.723404255319149,0.723404255319149,False,False,False
CC(CCC(=O)O)C1CCC2C1(CCC3C2C(CC4C3(CCC(C4)O)C)O)C,CC1CC2C3CCC4=CC(=O)C=CC4(C3(C(CC2(C1(C(=O)CCl)O)C)O)F)C,0,unreported_twosides_sampled,0.7755788564682007,0.7665239516306775,0.7665239516306775,fitted,platt_logistic_regression,0.5104907112694607,1,0.5434424959498652,0.054713804713804715,0.37373737373737376,interaction,1,False,0.25925925925925924,0.847457627118644,0.25925925925925924,False,False,True
C(CCl)NC(=O)N(CCCl)N=O,CC(C)(C)NCC(C1=NC(=C(C=C1)O)CO)O,0,unreported_twosides_sampled,0.647072434425354,0.6471700655626614,0.6471700655626614,fitted,platt_logistic_regression,0.5104907112694607,1,0.6491808999970992,0.10437710437710437,0.2735690235690236,no_interaction|interaction,2,True,0.2391304347826087,0.5227272727272727,0.2391304347826087,False,False,True
CCCC1=NC2=C(N1CC3=CC=C(C=C3)C4=CC=CC=C4C(=O)O)C=C(C=C2C)C5=NC6=CC=CC=C6N5C,CCCCCC(C=CC1C(CC2C1CC(=CCCCC(=O)O)O2)O)O,0,unreported_twosides_sampled,0.2100904881954193,0.23750365902879195,0.23750365902879195,fitted,platt_logistic_regression,0.5104907112694607,0,0.5481853236715648,0.3728956228956229,0.054713804713804715,no_interaction,1,False,0.38823529411764707,0.5625,0.38823529411764707,False,False,True
C1=C(C(=O)NC(=O)N1)F,CNC1CCC(C2=CC=CC=C12)C3=CC(=C(C=C3)Cl)Cl,1,reported_twosides,0.21192625164985657,0.23934247545548373,0.23934247545548373,fitted,platt_logistic_regression,0.5104907112694607,0,0.5503208271370356,0.3720538720538721,0.054713804713804715,no_interaction,1,False,0.1891891891891892,0.2549019607843137,0.1891891891891892,False,False,True
CC12CCC3C(C1CCC2C(=O)NC(C)(C)C)CCC4C3(C=CC(=O)N4)C,CC1CC2C3CCC4=CC(=O)C=CC4(C3(C(CC2(C1(C(=O)CCl)O)C)O)F)C,0,unreported_twosides_sampled,0.9913291931152344,0.9878986416842805,0.9878986416842805,fitted,platt_logistic_regression,0.5104907112694607,1,0.06544853057901313,0.0008417508417508417,0.8080808080808081,interaction,1,False,0.3582089552238806,0.847457627118644,0.3582089552238806,False,False,True
CC1=C(C2=C(N1C(=O)C3=CC=C(C=C3)Cl)C=CC(=C2)OC)CC(=O)O,CCCC1=NC2=C(N1CC3=CC=C(C=C3)C4=CC=CC=C4C(=O)O)C=C(C=C2C)C5=NC6=CC=CC=C6N5C,1,reported_twosides,0.4044734835624695,0.4242385741741655,0.4242385741741655,fitted,platt_logistic_regression,0.5104907112694607,0,0.6816232578542452,0.22727272727272727,0.13131313131313133,no_interaction|interaction,2,True,0.2982456140350877,0.38823529411764707,0.2982456140350877,False,False,True
CCCC1=NC2=C(N1CC3=CC=C(C=C3)C4=CC=CC=C4C(=O)O)C=C(C=C2C)C5=NC6=CC=CC=C6N5C,CCCCC(C)(CC=CC1C(CC(=O)C1CCCCCCC(=O)OC)O)O,1,reported_twosides,0.570540726184845,0.5770737113381832,0.5770737113381832,fitted,platt_logistic_regression,0.5104907112694607,1,0.6812189631739043,0.13047138047138046,0.22727272727272727,no_interaction|interaction,2,True,0.38823529411764707,0.49230769230769234,0.38823529411764707,False,False,True
CCCC1=NC2=C(N1CC3=CC=C(C=C3)C4=CC=CC=C4C(=O)O)C=C(C=C2C)C5=NC6=CC=CC=C6N5C,CNC1CCC(C2=CC=CC=C12)C3=CC(=C(C=C3)Cl)Cl,1,reported_twosides,0.4946438670158386,0.5075536703135786,0.5075536703135786,fitted,platt_logistic_regression,0.5104907112694607,0,0.6930330603483259,0.17424242424242425,0.19023569023569023,no_interaction|interaction,2,True,0.38823529411764707,0.2549019607843137,0.2549019607843137,False,False,True
CC1=CC(=C(C=C1)C)OCCCC(C)(C)C(=O)O,CC1=NN=C(S1)SCC2=C(N3C(C(C3=O)NC(=O)CN4C=NN=N4)SC2)C(=O)[O-],1,reported_twosides,0.4956025183200836,0.5084339529852026,0.5084339529852026,fitted,platt_logistic_regression,0.5104907112694607,0,0.6930049106869985,0.1734006734006734,0.19023569023569023,no_interaction|interaction,2,True,0.26,0.4574468085106383,0.26,False,False,True
CC1(C(=O)N2C(C(=O)N3CCCC3C2(O1)O)CC4=CC=CC=C4)NC(=O)C5CC6C(CC7=CNC8=CC=CC6=C78)N(C5)C,CCCC1=NC2=C(N1CC3=CC=C(C=C3)C4=CC=CC=C4C(=O)O)C=C(C=C2C)C5=NC6=CC=CC=C6N5C,0,unreported_twosides_sampled,0.2730800211429596,0.2995869641443996,0.2995869641443996,fitted,platt_logistic_regression,0.5104907112694607,0,0.6105139313643767,0.31902356902356904,0.08080808080808081,no_interaction,1,False,0.34234234234234234,0.38823529411764707,0.34234234234234234,False,False,True
COC1=C(C=C2C(=C1)C(=NC(=N2)N3CCN(CC3)C(=O)C4COC5=CC=CC=C5O4)N)OC,COC1=C(C=C2C(=C1)N=CN=C2NC3=CC(=C(C=C3)F)Cl)OCCCN4CCOCC4,1,reported_twosides,0.7971189022064209,0.786946272779477,0.786946272779477,fitted,platt_logistic_regression,0.5104907112694607,1,0.517974625615161,0.045454545454545456,0.3939393939393939,interaction,1,False,0.6515151515151515,0.40789473684210525,0.40789473684210525,False,False,False
CCCCC(C)(CC=CC1C(CC(=O)C1CCCCCCC(=O)OC)O)O,COC1=C(C=C2C(=C1)C(=NC(=N2)N3CCN(CC3)C(=O)C4COC5=CC=CC=C5O4)N)OC,1,reported_twosides,0.3705087900161743,0.3924824824933338,0.3924824824933338,fitted,platt_logistic_regression,0.5104907112694607,0,0.6698455891150635,0.25,0.117003367003367,no_interaction|interaction,2,True,0.49230769230769234,0.6515151515151515,0.49230769230769234,False,False,False
CC1=CN(C(=O)NC1=O)C2C=CC(O2)CO,CCCC1=NC2=C(N1CC3=CC=C(C=C3)C4=CC=CC=C4C(=O)O)C=C(C=C2C)C5=NC6=CC=CC=C6N5C,0,unreported_twosides_sampled,0.29819566011428833,0.32384273067997965,0.32384273067997965,fitted,platt_logistic_regression,0.5104907112694607,0,0.6297321403400622,0.2988215488215488,0.08922558922558922,no_interaction,1,False,0.5652173913043478,0.38823529411764707,0.38823529411764707,False,False,True
CC(C)C1=C(C(=CC=C1)C(C)C)O,COC1=C(C=C2C(=C1)N=CN=C2NC3=CC(=C(C=C3)F)Cl)OCCCN4CCOCC4,0,unreported_twosides_sampled,0.11896786838769913,0.14320017551844075,0.14320017551844075,fitted,platt_logistic_regression,0.5104907112694607,0,0.41073047013606123,0.47053872053872053,0.027777777777777776,no_interaction,1,False,0.2857142857142857,0.40789473684210525,0.2857142857142857,False,False,True
C=CC1=C(N2C(C(C2=O)NC(=O)C(=NO)C3=CSC(=N3)N)SC1)C(=O)O,COC1=C(C(=NC=C1)CS(=O)C2=NC3=C(N2)C=C(C=C3)OC(F)F)OC,1,reported_twosides,0.8092834949493408,0.7985588809937687,0.7985588809937687,fitted,platt_logistic_regression,0.5104907112694607,1,0.5023937602610343,0.04461279461279461,0.4065656565656566,interaction,1,False,0.7941176470588235,0.5538461538461539,0.5538461538461539,False,False,False
CC1C(C(C(C(O1)OC2C(OC(C(C2O)O)OC3C(OC(C(C3O)O)O)CO)CO)O)O)NC4C=C(C(C(C4O)O)O)CO,CNS(=O)(=O)CCC1=CC2=C(C=C1)NC=C2C3CCN(CC3)C,0,unreported_twosides_sampled,0.31700676679611206,0.3418561142630004,0.3418561142630004,fitted,platt_logistic_regression,0.5104907112694607,0,0.6422589581010978,0.28619528619528617,0.09848484848484848,no_interaction,1,False,0.29850746268656714,0.4492753623188406,0.29850746268656714,False,False,True
CN=C1CN(C(=C2C=C(C=CC2=N1)Cl)C3=CC=CC=C3)O,CNC1CCC(C2=CC=CC=C12)C3=CC(=C(C=C3)Cl)Cl,1,reported_twosides,0.4399133026599884,0.45712752673686297,0.45712752673686297,fitted,platt_logistic_regression,0.5104907112694607,0,0.689466564767429,0.2037037037037037,0.15067340067340068,no_interaction|interaction,2,True,0.3387096774193548,0.2549019607843137,0.2549019607843137,False,False,True
CC1=C(C2=C(N1C(=O)C3=CC=C(C=C3)Cl)C=CC(=C2)OC)CC(=O)O,CCCCC(C)(CC=CC1C(CC(=O)C1CCCCCCC(=O)OC)O)O,1,reported_twosides,0.08789078891277313,0.10920858746175248,0.10920858746175248,fitted,platt_logistic_regression,0.5104907112694607,0,0.3448574926074746,0.5286195286195287,0.021043771043771045,no_interaction,1,False,0.2982456140350877,0.49230769230769234,0.2982456140350877,False,False,True
CC(CCC(=O)O)C1CCC2C1(CCC3C2C(CC4C3(CCC(C4)O)C)O)C,CCCC(CCC)C(=O)O,1,reported_twosides,0.5461652874946594,0.5547720516530446,0.5547720516530446,fitted,platt_logistic_regression,0.5104907112694607,1,0.6871351674824644,0.14393939393939395,0.21296296296296297,no_interaction|interaction,2,True,0.25925925925925924,0.27586206896551724,0.25925925925925924,False,False,True
CC1=CC(=C(C=C1)C)OCCCC(C)(C)C(=O)O,COC1=C(C(=NC=C1)CS(=O)C2=NC3=C(N2)C=C(C=C3)OC(F)F)OC,1,reported_twosides,0.9989575147628784,0.9982646268293419,0.9982646268293419,fitted,platt_logistic_regression,0.5104907112694607,1,0.012764823026646893,0.0008417508417508417,0.8964646464646465,interaction,1,False,0.26,0.5538461538461539,0.26,False,False,True
CC1=NN=C(S1)SCC2=C(N3C(C(C3=O)NC(=O)CN4C=NN=N4)SC2)C(=O)[O-],CN(C)CCC=C1C2=CC=CC=C2COC3=CC=CC=C31,0,unreported_twosides_sampled,0.08099725842475891,0.10148977094217101,0.10148977094217101,fitted,platt_logistic_regression,0.5104907112694607,0,0.32834405864249855,0.5462962962962963,0.020202020202020204,no_interaction,1,False,0.4574468085106383,0.7027027027027027,0.4574468085106383,False,False,False
CCC1=C(CN(C1=O)C(=O)NCCC2=CC=C(C=C2)S(=O)(=O)NC(=O)NC3CCC(CC3)C)C,CNC1CCC(C2=CC=CC=C12)C3=CC(=C(C=C3)Cl)Cl,1,reported_twosides,0.6015998721122742,0.60549125535013,0.60549125535013,fitted,platt_logistic_regression,0.5104907112694607,1,0.6707222366046874,0.117003367003367,0.2474747474747475,no_interaction|interaction,2,True,0.48,0.2549019607843137,0.2549019607843137,False,False,True
CC(CC1=CC=CC=C1)N(C)CC#C,CN(C)CCC1=CNC2=C1C=C(C=C2)CN3C=NC=N3,0,unreported_twosides_sampled,0.40720006823539734,0.42677711939767116,0.42677711939767116,fitted,platt_logistic_regression,0.5104907112694607,0,0.6823853385712169,0.22643097643097643,0.13215488215488216,no_interaction|interaction,2,True,0.42424242424242425,0.5272727272727272,0.42424242424242425,False,False,False
CC1CC2C3CCC4=CC(=O)C=CC4(C3(C(CC2(C1(C(=O)CCl)O)C)O)F)C,CNS(=O)(=O)CCC1=CC2=C(C=C1)NC=C2C3CCN(CC3)C,0,unreported_twosides_sampled,0.9952066540718079,0.9929678992159611,0.9929678992159611,fitted,platt_logistic_regression,0.5104907112694607,1,0.041867338154274236,0.0008417508417508417,0.8459595959595959,interaction,1,False,0.847457627118644,0.4492753623188406,0.4492753623188406,False,False,False
CC1=C(C(CCC1)(C)C)C=CC(=CC=CC(=CCO)C)C,COC1=C(C=C2C(=C1)C(=NC(=N2)N3CCN(CC3)C(=O)C4COC5=CC=CC=C5O4)N)OC,0,unreported_twosides_sampled,0.22194766998291016,0.24934640918867637,0.24934640918867637,fitted,platt_logistic_regression,0.5104907112694607,0,0.5616159619097094,0.35774410774410775,0.06228956228956229,no_interaction,1,False,0.6956521739130435,0.6515151515151515,0.6515151515151515,False,False,False
CC12CCC3C(C1CCC2=O)CC(=C)C4=CC(=O)C=CC34C,CCCC1CC(N(C1)C)C(=O)NC(C2C(C(C(C(O2)SC)O)O)O)C(C)Cl,0,unreported_twosides_sampled,0.1585506647825241,0.18498066750527095,0.18498066750527095,fitted,platt_logistic_regression,0.5104907112694607,0,0.4788624709645013,0.42424242424242425,0.04040404040404041,no_interaction,1,False,0.3235294117647059,0.8545454545454545,0.3235294117647059,False,False,True
CC1OCC2C(O1)C(C(C(O2)OC3C4COC(=O)C4C(C5=CC6=C(C=C35)OCO6)C7=CC(=C(C(=C7)OC)O)OC)O)O,CCC1(CC2CC(C3=C(CCN(C2)C1)C4=CC=CC=C4N3)(C5=C(C=C6C(=C5)C78CCN9C7C(C=CC9)(C(C(C8N6C=O)(C(=O)OC)O)OC(=O)C)CC)OC)C(=O)OC)O,1,reported_twosides,0.2701907157897949,0.29678025484614,0.29678025484614,fitted,platt_logistic_regression,0.5104907112694607,0,0.608111485297433,0.3207070707070707,0.08080808080808081,no_interaction,1,False,0.20588235294117646,0.89,0.20588235294117646,False,False,True
CC1=C(C2=C(N1C(=O)C3=CC=C(C=C3)Cl)C=CC(=C2)OC)CC(=O)O,COC1=C(C=C2C(=C1)C(=NC(=N2)N3CCN(CC3)C(=O)C4COC5=CC=CC=C5O4)N)OC,1,reported_twosides,0.2950786054134369,0.3208456369671984,0.3208456369671984,fitted,platt_logistic_regression,0.5104907112694607,0,0.6275052324812956,0.30134680134680136,0.08922558922558922,no_interaction,1,False,0.2982456140350877,0.6515151515151515,0.2982456140350877,False,False,True
C1=C(C(=O)NC(=O)N1)F,CCCC1=NC2=C(N1CC3=CC=C(C=C3)C4=CC=CC=C4C(=O)O)C=C(C=C2C)C5=NC6=CC=CC=C6N5C,1,reported_twosides,0.3276294469833374,0.3519755042599925,0.3519755042599925,fitted,platt_logistic_regression,0.5104907112694607,0,0.6486609838614353,0.27525252525252525,0.1026936026936027,no_interaction|interaction,2,True,0.1891891891891892,0.38823529411764707,0.1891891891891892,False,False,True
CC1=CN(C(=O)NC1=O)C2C=CC(O2)CO,CN1CCC23C4C1CC5=C2C(=C(C=C5)O)OC3C(C=C4)O,1,reported_twosides,0.37278467416763306,0.39461868525802185,0.39461868525802185,fitted,platt_logistic_regression,0.5104907112694607,0,0.670769309731621,0.2474747474747475,0.117003367003367,no_interaction|interaction,2,True,0.5652173913043478,0.5333333333333333,0.5333333333333333,False,False,False
CC1=CN(C(=O)NC1=O)C2C=CC(O2)CO,CC1CC2C3CCC4=CC(=O)C=CC4(C3(C(CC2(C1(C(=O)CCl)O)C)O)F)C,1,reported_twosides,0.9995032548904419,0.9991212168727008,0.9991212168727008,fitted,platt_logistic_regression,0.5104907112694607,1,0.00706236951187973,0.0008417508417508417,0.9217171717171717,interaction,1,False,0.5652173913043478,0.847457627118644,0.5652173913043478,False,False,False
CCC1(CC2CC(C3=C(CCN(C2)C1)C4=CC=CC=C4N3)(C5=C(C=C6C(=C5)C78CCN9C7C(C=CC9)(C(C(C8N6C=O)(C(=O)OC)O)OC(=O)C)CC)OC)C(=O)OC)O,CCCC1=NC2=C(N1CC3=CC=C(C=C3)C4=CC=CC=C4C(=O)O)C=C(C=C2C)C5=NC6=CC=CC=C6N5C,1,reported_twosides,0.22430554032325745,0.2516919973485515,0.2516919973485515,fitted,platt_logistic_regression,0.5104907112694607,0,0.5641863708550306,0.35774410774410775,0.06228956228956229,no_interaction,1,False,0.89,0.38823529411764707,0.38823529411764707,False,False,True
CC1C(C(C(C(O1)OC2C(OC(C(C2O)O)OC3C(OC(C(C3O)O)O)CO)CO)O)O)NC4C=C(C(C(C4O)O)O)CO,CCCCCC(C=CC1C(CC2C1CC(=CCCCC(=O)O)O2)O)O,0,unreported_twosides_sampled,0.2957214117050171,0.3214639997759552,0.3214639997759552,fitted,platt_logistic_regression,0.5104907112694607,0,0.627968058434016,0.3005050505050505,0.08922558922558922,no_interaction,1,False,0.29850746268656714,0.5625,0.29850746268656714,False,False,True
CC(C)(C)C(C(=O)NC(CC1=CC=CC=C1)C(CN(CC2=CC=C(C=C2)C3=CC=CC=N3)NC(=O)C(C(C)(C)C)NC(=O)OC)O)NC(=O)OC,CCCCC(C)(CC=CC1C(CC(=O)C1CCCCCCC(=O)OC)O)O,0,unreported_twosides_sampled,0.5148981213569641,0.5261361177039565,0.5261361177039565,fitted,platt_logistic_regression,0.5104907112694607,1,0.6917803644203088,0.1590909090909091,0.20033670033670034,no_interaction|interaction,2,True,0.3018867924528302,0.49230769230769234,0.3018867924528302,False,False,True
CC1=C(C(CCC1)(C)C)C=CC(=CC=CC(=CCO)C)C,CN(CC1=CN=C2C(=N1)C(=NC(=N2)N)N)C3=CC=C(C=C3)C(=O)NC(CCC(=O)O)C(=O)O,1,reported_twosides,0.36394768953323364,0.38631682965364816,0.38631682965364816,fitted,platt_logistic_regression,0.5104907112694607,0,0.66707201561567,0.25336700336700335,0.11531986531986532,no_interaction|interaction,2,True,0.6956521739130435,0.4868421052631579,0.4868421052631579,False,False,False
CC(C)(C)NCC(C1=NC(=C(C=C1)O)CO)O,CC1C(C(C(C(O1)OC2C(OC(C(C2O)O)OC3C(OC(C(C3O)O)O)CO)CO)O)O)NC4C=C(C(C(C4O)O)O)CO,0,unreported_twosides_sampled,0.8733280897140503,0.8609324233483443,0.8609324233483443,fitted,platt_logistic_regression,0.5104907112694607,1,0.4032672490608342,0.026094276094276093,0.4781144781144781,interaction,1,False,0.5227272727272727,0.29850746268656714,0.29850746268656714,False,False,True
CC(C)C1=C(C(=CC=C1)C(C)C)O,CC1=C(C2=C(N1C(=O)C3=CC=C(C=C3)Cl)C=CC(=C2)OC)CC(=O)O,1,reported_twosides,0.14891058206558228,0.17493729026115892,0.17493729026115892,fitted,platt_logistic_regression,0.5104907112694607,0,0.4636291886402615,0.43602693602693604,0.03872053872053872,no_interaction,1,False,0.2857142857142857,0.2982456140350877,0.2857142857142857,False,False,True
CC12CCC3C(C1CCC2C(=O)NC(C)(C)C)CCC4C3(C=CC(=O)N4)C,CC1C(C(C(C(O1)OC2C(OC(C(C2O)O)OC3C(OC(C(C3O)O)O)CO)CO)O)O)NC4C=C(C(C(C4O)O)O)CO,1,reported_twosides,0.6206111907958984,0.6229004706790805,0.6229004706790805,fitted,platt_logistic_regression,0.5104907112694607,1,0.6626263347324371,0.11195286195286196,0.25673400673400676,no_interaction|interaction,2,True,0.3582089552238806,0.29850746268656714,0.29850746268656714,False,False,True
CC(C)(C)C(C(=O)NC(CC1=CC=CC=C1)C(CN(CC2=CC=C(C=C2)C3=CC=CC=N3)NC(=O)C(C(C)(C)C)NC(=O)OC)O)NC(=O)OC,CC1(OC2CC3C4CCC5=CC(=O)C=CC5(C4C(CC3(C2(O1)C(=O)CO)C)O)C)C,0,unreported_twosides_sampled,0.7588160037994385,0.7507397718779144,0.7507397718779144,fitted,platt_logistic_regression,0.5104907112694607,1,0.5615209618151347,0.06228956228956229,0.35774410774410775,interaction,1,False,0.3018867924528302,0.7313432835820896,0.3018867924528302,False,False,True
C1=NC2=C(N1COC(CO)CO)NC(=NC2=O)N,CN(CC1=CN=C2C(=N1)C(=NC(=N2)N)N)C3=CC=C(C=C3)C(=O)NC(CCC(=O)O)C(=O)O,1,reported_twosides,0.5124248266220093,0.5238686337886709,0.5238686337886709,fitted,platt_logistic_regression,0.5104907112694607,1,0.6920073240452457,0.15993265993265993,0.19865319865319866,no_interaction|interaction,2,True,0.6739130434782609,0.4868421052631579,0.4868421052631579,False,False,False
CC1(OC2CC3C4CCC5=CC(=O)C=CC5(C4C(CC3(C2(O1)C(=O)CO)C)O)C)C,CCN(CC)C(=O)C(=CC1=CC(=C(C(=C1)O)O)[N+](=O)[O-])C#N,0,unreported_twosides_sampled,0.0618918314576149,0.079676447131498,0.079676447131498,fitted,platt_logistic_regression,0.5104907112694607,0,0.27797843131704236,0.5833333333333334,0.010942760942760943,no_interaction,1,False,0.7313432835820896,0.35714285714285715,0.35714285714285715,False,False,True
C1=NC2=C(N1COC(CO)CO)NC(=NC2=O)N,CC1OCC2C(O1)C(C(C(O2)OC3C4COC(=O)C4C(C5=CC6=C(C=C35)OCO6)C7=CC(=C(C(=C7)OC)O)OC)O)O,1,reported_twosides,0.3985070586204529,0.41867838442251387,0.41867838442251387,fitted,platt_logistic_regression,0.5104907112694607,0,0.6798618316924432,0.2297979797979798,0.13047138047138046,no_interaction|interaction,2,True,0.6739130434782609,0.20588235294117646,0.20588235294117646,False,False,True
CCCN1CCCCC1C(=O)NC2=C(C=CC=C2C)C,CN(CC1=CN=C2C(=N1)C(=NC(=N2)N)N)C3=CC=C(C=C3)C(=O)NC(CCC(=O)O)C(=O)O,0,unreported_twosides_sampled,0.013358572497963905,0.019817126148380763,0.019817126148380763,fitted,platt_logistic_regression,0.5104907112694607,0,0.09732654541927756,0.7668350168350169,0.0008417508417508417,no_interaction,1,False,0.8604651162790697,0.4868421052631579,0.4868421052631579,False,False,False
CC1C(C(C(C(O1)OC2C(OC(C(C2O)O)OC3C(OC(C(C3O)O)O)CO)CO)O)O)NC4C=C(C(C(C4O)O)O)CO,CCN(CC)C(=O)C(=CC1=CC(=C(C(=C1)O)O)[N+](=O)[O-])C#N,0,unreported_twosides_sampled,0.05061871185898781,0.0664601394763685,0.0664601394763685,fitted,platt_logistic_regression,0.5104907112694607,0,0.24438464661896414,0.6069023569023569,0.007575757575757576,no_interaction,1,False,0.29850746268656714,0.35714285714285715,0.29850746268656714,False,False,True
C1=NC2=C(N1COC(CO)CO)NC(=NC2=O)N,COC1=C(C=C2C(=C1)C(=NC(=N2)N3CCN(CC3)C(=O)C4COC5=CC=CC=C5O4)N)OC,1,reported_twosides,0.4470292329788208,0.4637059330701895,0.4637059330701895,fitted,platt_logistic_regression,0.5104907112694607,0,0.6905103435186947,0.20202020202020202,0.15235690235690236,no_interaction|interaction,2,True,0.6739130434782609,0.6515151515151515,0.6515151515151515,False,False,False
CC1=C(C2=C(N1C(=O)C3=CC=C(C=C3)Cl)C=CC(=C2)OC)CC(=O)O,CCC1(CC2CC(C3=C(CCN(C2)C1)C4=CC=CC=C4N3)(C5=C(C=C6C(=C5)C78CCN9C7C(C=CC9)(C(C(C8N6C=O)(C(=O)OC)O)OC(=O)C)CC)OC)C(=O)OC)O,1,reported_twosides,0.09930996596813202,0.1218424849110359,0.1218424849110359,fitted,platt_logistic_regression,0.5104907112694607,0,0.3705800106524725,0.5042087542087542,0.022727272727272728,no_interaction,1,False,0.2982456140350877,0.89,0.2982456140350877,False,False,True
CC1=NN=C(S1)SCC2=C(N3C(C(C3=O)NC(=O)CN4C=NN=N4)SC2)C(=O)[O-],CCCC1CC(N(C1)C)C(=O)NC(C2C(C(C(C(O2)SC)O)O)O)C(C)Cl,1,reported_twosides,0.2804452180862427,0.30672590460407023,0.30672590460407023,fitted,platt_logistic_regression,0.5104907112694607,0,0.6164558908344818,0.3122895622895623,0.08417508417508418,no_interaction,1,False,0.4574468085106383,0.8545454545454545,0.4574468085106383,False,False,False
CC12CCC3C(C1CCC2=O)CC(=C)C4=CC(=O)C=CC34C,CN=C1CN(C(=C2C=C(C=CC2=N1)Cl)C3=CC=CC=C3)O,0,unreported_twosides_sampled,0.21030831336975098,0.23772194998708282,0.23772194998708282,fitted,platt_logistic_regression,0.5104907112694607,0,0.5484398099146555,0.3728956228956229,0.054713804713804715,no_interaction,1,False,0.3235294117647059,0.3387096774193548,0.3235294117647059,False,False,True
C(CCl)NC(=O)N(CCCl)N=O,CC1=CC(=C(C=C1)C)OCCCC(C)(C)C(=O)O,0,unreported_twosides_sampled,0.30616188049316406,0.3314862787206444,0.3314862787206444,fitted,platt_logistic_regression,0.5104907112694607,0,0.6352262043548635,0.2937710437710438,0.09175084175084175,no_interaction,1,False,0.2391304347826087,0.26,0.2391304347826087,False,False,True
C=CC1=C(N2C(C(C2=O)NC(=O)C(=NO)C3=CSC(=N3)N)SC1)C(=O)O,CNC1CCC(C2=CC=CC=C12)C3=CC(=C(C=C3)Cl)Cl,1,reported_twosides,0.0303630493581295,0.04184013341940791,0.04184013341940791,fitted,platt_logistic_regression,0.5104907112694607,0,0.17374873446008568,0.6885521885521886,0.0025252525252525255,no_interaction,1,False,0.7941176470588235,0.2549019607843137,0.2549019607843137,False,False,True
C1=CC=C(C=C1)CCNN,CC1CC2C3CCC4=CC(=O)C=CC4(C3(C(CC2(C1(C(=O)CCl)O)C)O)F)C,0,unreported_twosides_sampled,0.9993721842765808,0.9989104623830319,0.9989104623830319,fitted,platt_logistic_regression,0.5104907112694607,1,0.008521771523585584,0.0008417508417508417,0.9141414141414141,interaction,1,False,0.35714285714285715,0.847457627118644,0.35714285714285715,False,False,True
CC(C)(C)NCC(C1=NC(=C(C=C1)O)CO)O,CC1OCC2C(O1)C(C(C(O2)OC3C4COC(=O)C4C(C5=CC6=C(C=C35)OCO6)C7=CC(=C(C(=C7)OC)O)OC)O)O,0,unreported_twosides_sampled,0.8186995983123779,0.8075916453316835,0.8075916453316835,fitted,platt_logistic_regression,0.5104907112694607,1,0.4896963200049521,0.04292929292929293,0.41414141414141414,interaction,1,False,0.5227272727272727,0.20588235294117646,0.20588235294117646,False,False,True
C1CC(CCC1C2=CC=C(C=C2)Cl)C3=C(C4=CC=CC=C4C(=O)C3=O)O,CC12CCC3C(C1CCC2O)CCC4=CC(=O)CCC34C,1,reported_twosides,0.4748162031173706,0.4893267696969644,0.4893267696969644,fitted,platt_logistic_regression,0.5104907112694607,0,0.6929193275635536,0.19107744107744107,0.1717171717171717,no_interaction|interaction,2,True,0.2549019607843137,0.723404255319149,0.2549019607843137,False,False,True
CC12CCC3C(C1CCC2C(=O)NC(C)(C)C)CCC4C3(C=CC(=O)N4)C,CNS(=O)(=O)CCC1=CC2=C(C=C1)NC=C2C3CCN(CC3)C,0,unreported_twosides_sampled,0.374282568693161,0.3960239557178295,0.3960239557178295,fitted,platt_logistic_regression,0.5104907112694607,0,0.6713665477186079,0.24663299663299662,0.117003367003367,no_interaction|interaction,2,True,0.3582089552238806,0.4492753623188406,0.3582089552238806,False,False,True
CCCC(CCC)C(=O)O,CNS(=O)(=O)CCC1=CC2=C(C=C1)NC=C2C3CCN(CC3)C,1,reported_twosides,0.0239328071475029,0.03370620599708492,0.03370620599708492,fitted,platt_logistic_regression,0.5104907112694607,0,0.14739816887367585,0.7205387205387206,0.0025252525252525255,no_interaction,1,False,0.27586206896551724,0.4492753623188406,0.27586206896551724,False,False,True
CCCC(CCC)C(=O)O,COC1=C(C=C2C(=C1)C(=NC(=N2)N3CCN(CC3)C(=O)C4COC5=CC=CC=C5O4)N)OC,1,reported_twosides,0.04930926486849785,0.0649053476615389,0.0649053476615389,fitted,platt_logistic_regression,0.5104907112694607,0,0.24025666960524283,0.6111111111111112,0.007575757575757576,no_interaction,1,False,0.27586206896551724,0.6515151515151515,0.27586206896551724,False,False,True
CC1OCC2C(O1)C(C(C(O2)OC3C4COC(=O)C4C(C5=CC6=C(C=C35)OCO6)C7=CC(=C(C(=C7)OC)O)OC)O)O,CNS(=O)(=O)CCC1=CC2=C(C=C1)NC=C2C3CCN(CC3)C,0,unreported_twosides_sampled,0.2032088190317154,0.2305926809550838,0.2305926809550838,fitted,platt_logistic_regression,0.5104907112694607,0,0.5399914934032994,0.3771043771043771,0.05303030303030303,no_interaction,1,False,0.20588235294117646,0.4492753623188406,0.20588235294117646,False,False,True
CC12CCC3C(C1CCC2C(=O)NC(C)(C)C)CCC4C3(C=CC(=O)N4)C,CN1CCC23C4C1CC5=C2C(=C(C=C5)O)OC3C(C=C4)O,1,reported_twosides,0.4070710837841034,0.4266570636053368,0.4266570636053368,fitted,platt_logistic_regression,0.5104907112694607,0,0.6823498911280015,0.22643097643097643,0.13215488215488216,no_interaction|interaction,2,True,0.3582089552238806,0.5333333333333333,0.3582089552238806,False,False,True
CC(CCC(=O)O)C1CCC2C1(CCC3C2C(CC4C3(CCC(C4)O)C)O)C,CCCC1=NC2=C(N1CC3=CC=C(C=C3)C4=CC=CC=C4C(=O)O)C=C(C=C2C)C5=NC6=CC=CC=C6N5C,1,reported_twosides,0.209649920463562,0.23706206363448643,0.23706206363448643,fitted,platt_logistic_regression,0.5104907112694607,0,0.54766970168367,0.3728956228956229,0.054713804713804715,no_interaction,1,False,0.25925925925925924,0.38823529411764707,0.25925925925925924,False,False,True
C1=CC=C(C=C1)CCNN,CCCC(CCC)C(=O)O,1,reported_twosides,0.1362989842891693,0.16167539893825447,0.16167539893825447,fitted,platt_logistic_regression,0.5104907112694607,0,0.44243765974061255,0.4478114478114478,0.03367003367003367,no_interaction,1,False,0.35714285714285715,0.27586206896551724,0.27586206896551724,False,False,True
CC1(C(=O)N2C(C(=O)N3CCCC3C2(O1)O)CC4=CC=CC=C4)NC(=O)C5CC6C(CC7=CNC8=CC=CC6=C78)N(C5)C,COC1=C(C=C2C(=C1)N=CN=C2NC3=CC(=C(C=C3)F)Cl)OCCCN4CCOCC4,0,unreported_twosides_sampled,0.4586341381072998,0.47441847518704966,0.47441847518704966,fitted,platt_logistic_regression,0.5104907112694607,0,0.6918377801267468,0.1994949494949495,0.1590909090909091,no_interaction|interaction,2,True,0.34234234234234234,0.40789473684210525,0.34234234234234234,False,False,True
C1=NC2=C(N1COC(CO)CO)NC(=NC2=O)N,CCCC(CCC)C(=O)O,1,reported_twosides,0.3916376829147339,0.41226750892633923,0.41226750892633923,fitted,platt_logistic_regression,0.5104907112694607,0,0.6776732198859251,0.23316498316498316,0.12542087542087543,no_interaction|interaction,2,True,0.6739130434782609,0.27586206896551724,0.27586206896551724,False,False,True
CC1=NC=C2N1C3=C(C=C(C=C3)Cl)C(=NC2)C4=CC=CC=C4F,CCN(CC)C(=O)C(=CC1=CC(=C(C(=C1)O)O)[N+](=O)[O-])C#N,0,unreported_twosides_sampled,0.017770949751138687,0.02570674115467034,0.02570674115467034,fitted,platt_logistic_regression,0.5104907112694607,0,0.11948588588356071,0.7474747474747475,0.0008417508417508417,no_interaction,1,False,0.5454545454545454,0.35714285714285715,0.35714285714285715,False,False,True
C1=NC2=C(N1COC(CO)CO)NC(=NC2=O)N,CC1=NN=C(S1)SCC2=C(N3C(C(C3=O)NC(=O)CN4C=NN=N4)SC2)C(=O)[O-],1,reported_twosides,0.3583436906337738,0.3810418422981281,0.3810418422981281,fitted,platt_logistic_regression,0.5104907112694607,0,0.6645718558693927,0.25673400673400676,0.11363636363636363,no_interaction|interaction,2,True,0.6739130434782609,0.4574468085106383,0.4574468085106383,False,False,False
CC(C)(C)C(C(=O)NC(CC1=CC=CC=C1)C(CN(CC2=CC=C(C=C2)C3=CC=CC=N3)NC(=O)C(C(C)(C)C)NC(=O)OC)O)NC(=O)OC,CNS(=O)(=O)CCC1=CC2=C(C=C1)NC=C2C3CCN(CC3)C,0,unreported_twosides_sampled,0.5028883218765259,0.5151215449479735,0.5151215449479735,fitted,platt_logistic_regression,0.5104907112694607,1,0.6926897885766553,0.17087542087542087,0.19276094276094277,no_interaction|interaction,2,True,0.3018867924528302,0.4492753623188406,0.3018867924528302,False,False,True
CCC1=C(CN(C1=O)C(=O)NCCC2=CC=C(C=C2)S(=O)(=O)NC(=O)NC3CCC(CC3)C)C,CNS(=O)(=O)CCC1=CC2=C(C=C1)NC=C2C3CCN(CC3)C,0,unreported_twosides_sampled,0.06323041021823883,0.08122719483582132,0.08122719483582132,fitted,platt_logistic_regression,0.5104907112694607,0,0.2817564238100597,0.5816498316498316,0.011784511784511785,no_interaction,1,False,0.48,0.4492753623188406,0.4492753623188406,False,False,False
C1=C(C(=O)NC(=O)N1)F,COC1=C(C=C2C(=C1)C(=NC(=N2)N3CCN(CC3)C(=O)C4COC5=CC=CC=C5O4)N)OC,1,reported_twosides,0.08230669051408768,0.10296164025799816,0.10296164025799816,fitted,platt_logistic_regression,0.5104907112694607,0,0.33154205394310693,0.5412457912457912,0.021043771043771045,no_interaction,1,False,0.1891891891891892,0.6515151515151515,0.1891891891891892,False,False,True
C=CC1=C(N2C(C(C2=O)NC(=O)C(=NO)C3=CSC(=N3)N)SC1)C(=O)O,CCC1(CC2CC(C3=C(CCN(C2)C1)C4=CC=CC=C4N3)(C5=C(C=C6C(=C5)C78CCN9C7C(C=CC9)(C(C(C8N6C=O)(C(=O)OC)O)OC(=O)C)CC)OC)C(=O)OC)O,0,unreported_twosides_sampled,0.16729232668876648,0.19402269910786388,0.19402269910786388,fitted,platt_logistic_regression,0.5104907112694607,0,0.49200362666610253,0.41245791245791247,0.04292929292929293,no_interaction,1,False,0.7941176470588235,0.89,0.7941176470588235,False,False,False
C1=C(C(=O)NC(=O)N1)F,CC1(OC2CC3C4CCC5=CC(=O)C=CC5(C4C(CC3(C2(O1)C(=O)CO)C)O)C)C,0,unreported_twosides_sampled,0.6078076958656311,0.611174086134763,0.611174086134763,fitted,platt_logistic_regression,0.5104907112694607,1,0.6682200055467729,0.11616161616161616,0.2516835016835017,no_interaction|interaction,2,True,0.1891891891891892,0.7313432835820896,0.1891891891891892,False,False,True
CC1CC2C3CCC4=CC(=O)C=CC4(C3(C(CC2(C1(C(=O)CCl)O)C)O)F)C,CC1OCC2C(O1)C(C(C(O2)OC3C4COC(=O)C4C(C5=CC6=C(C=C35)OCO6)C7=CC(=C(C(=C7)OC)O)OC)O)O,0,unreported_twosides_sampled,0.9999879598617554,0.999971134248004,0.999971134248004,fitted,platt_logistic_regression,0.5104907112694607,1,0.0003305948473052228,0.0008417508417508417,0.9797979797979798,interaction,1,False,0.847457627118644,0.20588235294117646,0.20588235294117646,False,False,True
CCC1=C(CN(C1=O)C(=O)NCCC2=CC=C(C=C2)S(=O)(=O)NC(=O)NC3CCC(CC3)C)C,COC1=C(C=C2C(=C1)N=CN=C2NC3=CC(=C(C=C3)F)Cl)OCCCN4CCOCC4,1,reported_twosides,0.9552341103553772,0.9458671951688258,0.9458671951688258,fitted,platt_logistic_regression,0.5104907112694607,1,0.21050875221390902,0.005892255892255892,0.6414141414141414,interaction,1,False,0.48,0.40789473684210525,0.40789473684210525,False,False,False
C=CC1=C(N2C(C(C2=O)NC(=O)C(=NO)C3=CSC(=N3)N)SC1)C(=O)O,CC1C(C(C(C(O1)OC2C(OC(C(C2O)O)OC3C(OC(C(C3O)O)O)CO)CO)O)O)NC4C=C(C(C(C4O)O)O)CO,0,unreported_twosides_sampled,0.4591163694858551,0.47486322525336155,0.47486322525336155,fitted,platt_logistic_regression,0.5104907112694607,0,0.6918829328066161,0.19865319865319866,0.1590909090909091,no_interaction|interaction,2,True,0.7941176470588235,0.29850746268656714,0.29850746268656714,False,False,True
CC12CCC3C(C1CCC2O)CCC4=CC(=O)CCC34C,CCCC1CC(N(C1)C)C(=O)NC(C2C(C(C(C(O2)SC)O)O)O)C(C)Cl,0,unreported_twosides_sampled,0.09584267437458038,0.11802539023965519,0.11802539023965519,fitted,platt_logistic_regression,0.5104907112694607,0,0.3629721694560619,0.5075757575757576,0.021885521885521887,no_interaction,1,False,0.723404255319149,0.8545454545454545,0.723404255319149,False,False,False
CCCC(CCC)C(=O)O,CN1CCC23C4C1CC5=C2C(=C(C=C5)O)OC3C(C=C4)O,1,reported_twosides,0.1789490133523941,0.20598946512534858,0.20598946512534858,fitted,platt_logistic_regression,0.5104907112694607,0,0.5085943059122819,0.4015151515151515,0.04461279461279461,no_interaction,1,False,0.27586206896551724,0.5333333333333333,0.27586206896551724,False,False,True
CCC1=C(CN(C1=O)C(=O)NCCC2=CC=C(C=C2)S(=O)(=O)NC(=O)NC3CCC(CC3)C)C,CCCC1=NC2=C(N1CC3=CC=C(C=C3)C4=CC=CC=C4C(=O)O)C=C(C=C2C)C5=NC6=CC=CC=C6N5C,1,reported_twosides,0.7092235684394836,0.7044861351203832,0.7044861351203832,fitted,platt_logistic_regression,0.5104907112694607,1,0.6070151538819601,0.07996632996632996,0.3207070707070707,interaction,1,False,0.48,0.38823529411764707,0.38823529411764707,False,False,True
CC(C)(C)NCC(C1=NC(=C(C=C1)O)CO)O,CCCCC(C)(CC=CC1C(CC(=O)C1CCCCCCC(=O)OC)O)O,0,unreported_twosides_sampled,0.8715755343437195,0.8591916040059546,0.8591916040059546,fitted,platt_logistic_regression,0.5104907112694607,1,0.4064282486738441,0.027777777777777776,0.4764309764309764,interaction,1,False,0.5227272727272727,0.49230769230769234,0.49230769230769234,False,False,False
CCCC(CCC)C(=O)O,COC1=C(C=C2C(=C1)N=CN=C2NC3=CC(=C(C=C3)F)Cl)OCCCN4CCOCC4,1,reported_twosides,0.09956007450819016,0.1221172097218982,0.1221172097218982,fitted,platt_logistic_regression,0.5104907112694607,0,0.37112226630514333,0.5042087542087542,0.022727272727272728,no_interaction,1,False,0.27586206896551724,0.40789473684210525,0.27586206896551724,False,False,True
CC1(OC2CC3C4CCC5=CC(=O)C=CC5(C4C(CC3(C2(O1)C(=O)CO)C)O)C)C,COC1=C(C(=NC=C1)CS(=O)C2=NC3=C(N2)C=C(C=C3)OC(F)F)OC,1,reported_twosides,0.9999409914016724,0.9998757444449907,0.9998757444449907,fitted,platt_logistic_regression,0.5104907112694607,1,0.0012416991876804636,0.0008417508417508417,0.9587542087542088,interaction,1,False,0.7313432835820896,0.5538461538461539,0.5538461538461539,False,False,False
CC12CCC3C(C1CCC2C(=O)NC(C)(C)C)CCC4C3(C=CC(=O)N4)C,CCCCCC(C=CC1C(CC2C1CC(=CCCCC(=O)O)O2)O)O,0,unreported_twosides_sampled,0.2466031312942505,0.27372906235375155,0.27372906235375155,fitted,platt_logistic_regression,0.5104907112694607,0,0.5869326749421048,0.335016835016835,0.07323232323232323,no_interaction,1,False,0.3582089552238806,0.5625,0.3582089552238806,False,False,True
CN1CCC23C4C1CC5=C2C(=C(C=C5)O)OC3C(C=C4)O,CNS(=O)(=O)CCC1=CC2=C(C=C1)NC=C2C3CCN(CC3)C,1,reported_twosides,0.3582616150379181,0.38096452405709447,0.38096452405709447,fitted,platt_logistic_regression,0.5104907112694607,0,0.6645343339145298,0.25673400673400676,0.11363636363636363,no_interaction|interaction,2,True,0.5333333333333333,0.4492753623188406,0.4492753623188406,False,False,False
CC1=NN=C(S1)SCC2=C(N3C(C(C3=O)NC(=O)CN4C=NN=N4)SC2)C(=O)[O-],CN(CC1=CN=C2C(=N1)C(=NC(=N2)N)N)C3=CC=C(C=C3)C(=O)NC(CCC(=O)O)C(=O)O,1,reported_twosides,0.25322720408439636,0.2802281923008824,0.2802281923008824,fitted,platt_logistic_regression,0.5104907112694607,0,0.5931687071903737,0.3265993265993266,0.07575757575757576,no_interaction,1,False,0.4574468085106383,0.4868421052631579,0.4574468085106383,False,False,False
CC1CC2C3CCC4=CC(=O)C=CC4(C3(C(CC2(C1(C(=O)CCl)O)C)O)F)C,CN(C)CCC1=CNC2=C1C=C(C=C2)CN3C=NC=N3,1,reported_twosides,0.9955102205276489,0.9933771147949424,0.9933771147949424,fitted,platt_logistic_regression,0.5104907112694607,1,0.03982940506554933,0.0008417508417508417,0.8476430976430976,interaction,1,False,0.847457627118644,0.5272727272727272,0.5272727272727272,False,False,False
CC(CCC(=O)O)C1CCC2C1(CCC3C2C(CC4C3(CCC(C4)O)C)O)C,CC1=CC(=C(C=C1)C)OCCCC(C)(C)C(=O)O,0,unreported_twosides_sampled,0.28876161575317383,0.31476056379253914,0.31476056379253914,fitted,platt_logistic_regression,0.5104907112694607,0,0.6228568555704599,0.30808080808080807,0.08838383838383838,no_interaction,1,False,0.25925925925925924,0.26,0.25925925925925924,False,False,True
CCCC(CCC)C(=O)O,CCCC1=NC2=C(N1CC3=CC=C(C=C3)C4=CC=CC=C4C(=O)O)C=C(C=C2C)C5=NC6=CC=CC=C6N5C,1,reported_twosides,0.3067818880081177,0.3320802223810528,0.3320802223810528,fitted,platt_logistic_regression,0.5104907112694607,0,0.6356420426054634,0.2937710437710438,0.09175084175084175,no_interaction,1,False,0.27586206896551724,0.38823529411764707,0.27586206896551724,False,False,True
CC1=C(C2=C(N1C(=O)C3=CC=C(C=C3)Cl)C=CC(=C2)OC)CC(=O)O,CC1=NN=C(S1)SCC2=C(N3C(C(C3=O)NC(=O)CN4C=NN=N4)SC2)C(=O)[O-],1,reported_twosides,0.4402432441711426,0.45743271577775074,0.45743271577775074,fitted,platt_logistic_regression,0.5104907112694607,0,0.6895188427819341,0.2037037037037037,0.15067340067340068,no_interaction|interaction,2,True,0.2982456140350877,0.4574468085106383,0.2982456140350877,False,False,True
CC1=NC=C2N1C3=C(C=C(C=C3)Cl)C(=NC2)C4=CC=CC=C4F,COC1=C(C=C2C(=C1)C(=NC(=N2)N3CCN(CC3)C(=O)C4COC5=CC=CC=C5O4)N)OC,0,unreported_twosides_sampled,0.4419180154800415,0.4589815849657043,0.4589815849657043,fitted,platt_logistic_regression,0.5104907112694607,0,0.6897783751635418,0.2037037037037037,0.15151515151515152,no_interaction|interaction,2,True,0.5454545454545454,0.6515151515151515,0.5454545454545454,False,False,False
CC12CCC3C(C1CCC2C(=O)NC(C)(C)C)CCC4C3(C=CC(=O)N4)C,COC1=C(C=C2C(=C1)N=CN=C2NC3=CC(=C(C=C3)F)Cl)OCCCN4CCOCC4,1,reported_twosides,0.0897287055850029,0.11125443417764543,0.11125443417764543,fitted,platt_logistic_regression,0.5104907112694607,0,0.34913002382921177,0.5235690235690236,0.021043771043771045,no_interaction,1,False,0.3582089552238806,0.40789473684210525,0.3582089552238806,False,False,True
CCCCCC(C=CC1C(CC2C1CC(=CCCCC(=O)O)O2)O)O,CN(CC1=CN=C2C(=N1)C(=NC(=N2)N)N)C3=CC=C(C=C3)C(=O)NC(CCC(=O)O)C(=O)O,0,unreported_twosides_sampled,0.07792983204126358,0.09803098992088334,0.09803098992088334,fitted,platt_logistic_regression,0.5104907112694607,0,0.32073495023041426,0.5505050505050505,0.01936026936026936,no_interaction,1,False,0.5625,0.4868421052631579,0.4868421052631579,False,False,False
CC(C)(C)C(C(=O)NC(CC1=CC=CC=C1)C(CN(CC2=CC=C(C=C2)C3=CC=CC=N3)NC(=O)C(C(C)(C)C)NC(=O)OC)O)NC(=O)OC,CN(C)CCC1=CNC2=C1C=C(C=C2)CN3C=NC=N3,0,unreported_twosides_sampled,0.4739128351211548,0.48849534032550446,0.48849534032550446,fitted,platt_logistic_regression,0.5104907112694607,0,0.6928824428086429,0.19107744107744107,0.1717171717171717,no_interaction|interaction,2,True,0.3018867924528302,0.5272727272727272,0.3018867924528302,False,False,True
CC12CCC3C(C1CCC2O)CCC4=CC(=O)CCC34C,COC1=C(C=C2C(=C1)C(=NC(=N2)N3CCN(CC3)C(=O)C4COC5=CC=CC=C5O4)N)OC,1,reported_twosides,0.9342859387397766,0.9232789232541089,0.9232789232541089,fitted,platt_logistic_regression,0.5104907112694607,1,0.270687133898771,0.010942760942760943,0.5892255892255892,interaction,1,False,0.723404255319149,0.6515151515151515,0.6515151515151515,False,False,False
CC1=C(C2=C(N1C(=O)C3=CC=C(C=C3)Cl)C=CC(=C2)OC)CC(=O)O,CC1=CN(C(=O)NC1=O)C2C=CC(O2)CO,1,reported_twosides,0.23317855596542358,0.2604919836834749,0.2604919836834749,fitted,platt_logistic_regression,0.5104907112694607,0,0.5735708878283376,0.3493265993265993,0.06397306397306397,no_interaction,1,False,0.2982456140350877,0.5652173913043478,0.2982456140350877,False,False,True
CCCN1CCCCC1C(=O)NC2=C(C=CC=C2C)C,CN1CCC23C4C1CC5=C2C(=C(C=C5)O)OC3C(C=C4)O,1,reported_twosides,0.3736553490161896,0.3954355872938626,0.3954355872938626,fitted,platt_logistic_regression,0.5104907112694607,0,0.6711174972687108,0.24663299663299662,0.117003367003367,no_interaction|interaction,2,True,0.8604651162790697,0.5333333333333333,0.5333333333333333,False,False,False
CC(C)(C)C(C(=O)NC(CC1=CC=CC=C1)C(CN(CC2=CC=C(C=C2)C3=CC=CC=N3)NC(=O)C(C(C)(C)C)NC(=O)OC)O)NC(=O)OC,CC1CC2C3CCC4=CC(=O)C=CC4(C3(C(CC2(C1(C(=O)CCl)O)C)O)F)C,0,unreported_twosides_sampled,0.999119222164154,0.9985133576602525,0.9985133576602525,fitted,platt_logistic_regression,0.5104907112694607,1,0.01116541461957664,0.0008417508417508417,0.9023569023569024,interaction,1,False,0.3018867924528302,0.847457627118644,0.3018867924528302,False,False,True
CC12CCC3C(C1CCC2C(=O)NC(C)(C)C)CCC4C3(C=CC(=O)N4)C,CCCC(CCC)C(=O)O,1,reported_twosides,0.4175712764263153,0.43641991717677064,0.43641991717677064,fitted,platt_logistic_regression,0.5104907112694607,0,0.6850403962517487,0.21885521885521886,0.13804713804713806,no_interaction|interaction,2,True,0.3582089552238806,0.27586206896551724,0.27586206896551724,False,False,True
C1CC(CCC1C2=CC=C(C=C2)Cl)C3=C(C4=CC=CC=C4C(=O)C3=O)O,CC(CCC(=O)O)C1CCC2C1(CCC3C2C(CC4C3(CCC(C4)O)C)O)C,1,reported_twosides,0.012965576723217964,0.019284473611959285,0.019284473611959285,fitted,platt_logistic_regression,0.5104907112694607,0,0.09524119712934861,0.7702020202020202,0.0008417508417508417,no_interaction,1,False,0.2549019607843137,0.25925925925925924,0.2549019607843137,False,False,True
CCC1(CC2CC(C3=C(CCN(C2)C1)C4=CC=CC=C4N3)(C5=C(C=C6C(=C5)C78CCN9C7C(C=CC9)(C(C(C8N6C=O)(C(=O)OC)O)OC(=O)C)CC)OC)C(=O)OC)O,COC1=C(C=C2C(=C1)C(=NC(=N2)N3CCN(CC3)C(=O)C4COC5=CC=CC=C5O4)N)OC,1,reported_twosides,0.11124835163354874,0.13486788812002853,0.13486788812002853,fitted,platt_logistic_regression,0.5104907112694607,0,0.3955366938086169,0.48737373737373735,0.025252525252525252,no_interaction,1,False,0.89,0.6515151515151515,0.6515151515151515,False,False,False
C(CCl)NC(=O)N(CCCl)N=O,CC1CC2C3CCC4=CC(=O)C=CC4(C3(C(CC2(C1(C(=O)CCl)O)C)O)F)C,0,unreported_twosides_sampled,0.998375654220581,0.99739302219437,0.99739302219437,fitted,platt_logistic_regression,0.5104907112694607,1,0.018113957090289245,0.0008417508417508417,0.8821548821548821,interaction,1,False,0.2391304347826087,0.847457627118644,0.2391304347826087,False,False,True
CC1OCC2C(O1)C(C(C(O2)OC3C4COC(=O)C4C(C5=CC6=C(C=C35)OCO6)C7=CC(=C(C(=C7)OC)O)OC)O)O,CCC1=C(CN(C1=O)C(=O)NCCC2=CC=C(C=C2)S(=O)(=O)NC(=O)NC3CCC(CC3)C)C,1,reported_twosides,0.7467429041862488,0.7394232023907712,0.7394232023907712,fitted,platt_logistic_regression,0.5104907112694607,1,0.5736593651142984,0.06397306397306397,0.3493265993265993,interaction,1,False,0.20588235294117646,0.48,0.20588235294117646,False,False,True
CCC1(CC2CC(C3=C(CCN(C2)C1)C4=CC=CC=C4N3)(C5=C(C=C6C(=C5)C78CCN9C7C(C=CC9)(C(C(C8N6C=O)(C(=O)OC)O)OC(=O)C)CC)OC)C(=O)OC)O,CN(C)CCC1=CNC2=C1C=C(C=C2)CN3C=NC=N3,0,unreported_twosides_sampled,0.18343892693519592,0.21057267211111216,0.21057267211111216,fitted,platt_logistic_regression,0.5104907112694607,0,0.5147144307034897,0.39646464646464646,0.045454545454545456,no_interaction,1,False,0.89,0.5272727272727272,0.5272727272727272,False,False,False
CC12CCC3C(C1CCC2C(=O)NC(C)(C)C)CCC4C3(C=CC(=O)N4)C,CC1=NN=C(S1)SCC2=C(N3C(C(C3=O)NC(=O)CN4C=NN=N4)SC2)C(=O)[O-],0,unreported_twosides_sampled,0.16378247737884521,0.19039946746630776,0.19039946746630776,fitted,platt_logistic_regression,0.5104907112694607,0,0.48680167839563143,0.4175084175084175,0.04208754208754209,no_interaction,1,False,0.3582089552238806,0.4574468085106383,0.3582089552238806,False,False,True
C1=NC2=C(N1COC(CO)CO)NC(=NC2=O)N,CCC1=C(CN(C1=O)C(=O)NCCC2=CC=C(C=C2)S(=O)(=O)NC(=O)NC3CCC(CC3)C)C,0,unreported_twosides_sampled,0.5179203748703003,0.5289063265089244,0.5289063265089244,fitted,platt_logistic_regression,0.5104907112694607,1,0.6914750969729757,0.15572390572390574,0.20033670033670034,no_interaction|interaction,2,True,0.6739130434782609,0.48,0.48,False,False,False
CC1=C(C2=C(N1C(=O)C3=CC=C(C=C3)Cl)C=CC(=C2)OC)CC(=O)O,CCCC(CCC)C(=O)O,1,reported_twosides,0.06885331124067307,0.08770228353033775,0.08770228353033775,fitted,platt_logistic_regression,0.5104907112694607,0,0.29718926422791947,0.5698653198653199,0.013468013468013467,no_interaction,1,False,0.2982456140350877,0.27586206896551724,0.27586206896551724,False,False,True
CC1C(C(C(C(O1)OC2C(OC(C(C2O)O)OC3C(OC(C(C3O)O)O)CO)CO)O)O)NC4C=C(C(C(C4O)O)O)CO,CN(CC1=CN=C2C(=N1)C(=NC(=N2)N)N)C3=CC=C(C=C3)C(=O)NC(CCC(=O)O)C(=O)O,1,reported_twosides,0.456389844417572,0.4723482102664518,0.4723482102664518,fitted,platt_logistic_regression,0.5104907112694607,0,0.6916171571257719,0.20033670033670034,0.15656565656565657,no_interaction|interaction,2,True,0.29850746268656714,0.4868421052631579,0.29850746268656714,False,False,True
C1CC(CCC1C2=CC=C(C=C2)Cl)C3=C(C4=CC=CC=C4C(=O)C3=O)O,CN(CC1=CN=C2C(=N1)C(=NC(=N2)N)N)C3=CC=C(C=C3)C(=O)NC(CCC(=O)O)C(=O)O,1,reported_twosides,0.21123014390468597,0.23864544268461443,0.23864544268461443,fitted,platt_logistic_regression,0.5104907112694607,0,0.5495135214539415,0.3720538720538721,0.054713804713804715,no_interaction,1,False,0.2549019607843137,0.4868421052631579,0.2549019607843137,False,False,True
CC1=NN=C(S1)SCC2=C(N3C(C(C3=O)NC(=O)CN4C=NN=N4)SC2)C(=O)[O-],CCCCCC(C=CC1C(CC2C1CC(=CCCCC(=O)O)O2)O)O,1,reported_twosides,0.17876681685447693,0.20580318328262137,0.20580318328262137,fitted,platt_logistic_regression,0.5104907112694607,0,0.5083428549880784,0.4015151515151515,0.04461279461279461,no_interaction,1,False,0.4574468085106383,0.5625,0.4574468085106383,False,False,False
CC1=NN=C(S1)SCC2=C(N3C(C(C3=O)NC(=O)CN4C=NN=N4)SC2)C(=O)[O-],CCN(CC)C(=O)C(=CC1=CC(=C(C(=C1)O)O)[N+](=O)[O-])C#N,0,unreported_twosides_sampled,0.12360044568777084,0.1481688826203495,0.1481688826203495,fitted,platt_logistic_regression,0.5104907112694607,0,0.4195196363386928,0.46296296296296297,0.03198653198653199,no_interaction,1,False,0.4574468085106383,0.35714285714285715,0.35714285714285715,False,False,True
CC1=CN(C(=O)NC1=O)C2C=CC(O2)CO,CCC1(CC2CC(C3=C(CCN(C2)C1)C4=CC=CC=C4N3)(C5=C(C=C6C(=C5)C78CCN9C7C(C=CC9)(C(C(C8N6C=O)(C(=O)OC)O)OC(=O)C)CC)OC)C(=O)OC)O,1,reported_twosides,0.09988841414451599,0.12247774111684932,0.12247774111684932,fitted,platt_logistic_regression,0.5104907112694607,0,0.3718328202109635,0.5033670033670034,0.022727272727272728,no_interaction,1,False,0.5652173913043478,0.89,0.5652173913043478,False,False,False
CC12CCC3C(C1CCC2=O)CC(=C)C4=CC(=O)C=CC34C,CCCC1=NC2=C(N1CC3=CC=C(C=C3)C4=CC=CC=C4C(=O)O)C=C(C=C2C)C5=NC6=CC=CC=C6N5C,1,reported_twosides,0.41569197177886963,0.43467411044165744,0.43467411044165744,fitted,platt_logistic_regression,0.5104907112694607,0,0.6845877877850093,0.22053872053872053,0.13720538720538722,no_interaction|interaction,2,True,0.3235294117647059,0.38823529411764707,0.3235294117647059,False,False,True
C(CCl)NC(=O)N(CCCl)N=O,CCCC1CC(N(C1)C)C(=O)NC(C2C(C(C(C(O2)SC)O)O)O)C(C)Cl,0,unreported_twosides_sampled,0.21970409154891968,0.24711167043287438,0.24711167043287438,fitted,platt_logistic_regression,0.5104907112694607,0,0.5591396862321579,0.3627946127946128,0.061447811447811446,no_interaction,1,False,0.2391304347826087,0.8545454545454545,0.2391304347826087,False,False,True
CN(C)CCC=C1C2=CC=CC=C2COC3=CC=CC=C31,CN(CC1=CN=C2C(=N1)C(=NC(=N2)N)N)C3=CC=C(C=C3)C(=O)NC(CCC(=O)O)C(=O)O,1,reported_twosides,0.21968641877174377,0.2470940561702006,0.2470940561702006,fitted,platt_logistic_regression,0.5104907112694607,0,0.5591200617608951,0.3627946127946128,0.061447811447811446,no_interaction,1,False,0.7027027027027027,0.4868421052631579,0.4868421052631579,False,False,False
CC1=NN=C(S1)SCC2=C(N3C(C(C3=O)NC(=O)CN4C=NN=N4)SC2)C(=O)[O-],CN1CCC23C4C1CC5=C2C(=C(C=C5)O)OC3C(C=C4)O,1,reported_twosides,0.4591731131076813,0.4749155564673798,0.4749155564673798,fitted,platt_logistic_regression,0.5104907112694607,0,0.6918881935070386,0.19865319865319866,0.1590909090909091,no_interaction|interaction,2,True,0.4574468085106383,0.5333333333333333,0.4574468085106383,False,False,False
CC(C)(C)C(C(=O)NC(CC1=CC=CC=C1)C(CN(CC2=CC=C(C=C2)C3=CC=CC=N3)NC(=O)C(C(C)(C)C)NC(=O)OC)O)NC(=O)OC,CN(CC1=CN=C2C(=N1)C(=NC(=N2)N)N)C3=CC=C(C=C3)C(=O)NC(CCC(=O)O)C(=O)O,1,reported_twosides,0.40109243988990784,0.4210886301867242,0.4210886301867242,fitted,platt_logistic_regression,0.5104907112694607,0,0.6806409491245786,0.22727272727272727,0.13047138047138046,no_interaction|interaction,2,True,0.3018867924528302,0.4868421052631579,0.3018867924528302,False,False,True
CC(CCC(=O)O)C1CCC2C1(CCC3C2C(CC4C3(CCC(C4)O)C)O)C,CCCC1CC(N(C1)C)C(=O)NC(C2C(C(C(C(O2)SC)O)O)O)C(C)Cl,1,reported_twosides,0.07476849108934402,0.09444991857427028,0.09444991857427028,fitted,platt_logistic_regression,0.5104907112694607,0,0.3127141719624873,0.5547138047138047,0.015993265993265993,no_interaction,1,False,0.25925925925925924,0.8545454545454545,0.25925925925925924,False,False,True
CC(C)(C)C(C(=O)NC(CC1=CC=CC=C1)C(CN(CC2=CC=C(C=C2)C3=CC=CC=N3)NC(=O)C(C(C)(C)C)NC(=O)OC)O)NC(=O)OC,CC1OCC2C(O1)C(C(C(O2)OC3C4COC(=O)C4C(C5=CC6=C(C=C35)OCO6)C7=CC(=C(C(=C7)OC)O)OC)O)O,0,unreported_twosides_sampled,0.6291160583496094,0.6306951474545217,0.6306951474545217,fitted,platt_logistic_regression,0.5104907112694607,1,0.6585846747220218,0.10942760942760943,0.2601010101010101,no_interaction|interaction,2,True,0.3018867924528302,0.20588235294117646,0.20588235294117646,False,False,True
CC(CCC(=O)O)C1CCC2C1(CCC3C2C(CC4C3(CCC(C4)O)C)O)C,CC12CCC3C(C1CCC2O)CCC4=CC(=O)CCC34C,1,reported_twosides,0.08284948766231537,0.1035709768122583,0.1035709768122583,fitted,platt_logistic_regression,0.5104907112694607,0,0.332859103944866,0.5412457912457912,0.021043771043771045,no_interaction,1,False,0.25925925925925924,0.723404255319149,0.25925925925925924,False,False,True
CC1=NN=C(S1)SCC2=C(N3C(C(C3=O)NC(=O)CN4C=NN=N4)SC2)C(=O)[O-],CCC1(CC2CC(C3=C(CCN(C2)C1)C4=CC=CC=C4N3)(C5=C(C=C6C(=C5)C78CCN9C7C(C=CC9)(C(C(C8N6C=O)(C(=O)OC)O)OC(=O)C)CC)OC)C(=O)OC)O,1,reported_twosides,0.3232579529285431,0.347815540124777,0.347815540124777,fitted,platt_logistic_regression,0.5104907112694607,0,0.6460838749858616,0.2786195286195286,0.10185185185185185,no_interaction|interaction,2,True,0.4574468085106383,0.89,0.4574468085106383,False,False,False
C1=C(C(=O)NC(=O)N1)F,CC12CCC3C(C1CCC2C(=O)NC(C)(C)C)CCC4C3(C=CC(=O)N4)C,1,reported_twosides,0.21749043464660645,0.24490397946990186,0.24490397946990186,fitted,platt_logistic_regression,0.5104907112694607,0,0.5566670245698245,0.36447811447811446,0.05808080808080808,no_interaction,1,False,0.1891891891891892,0.3582089552238806,0.1891891891891892,False,False,True
CC(C)(C)C(C(=O)NC(CC1=CC=CC=C1)C(CN(CC2=CC=C(C=C2)C3=CC=CC=N3)NC(=O)C(C(C)(C)C)NC(=O)OC)O)NC(=O)OC,CCC1=C(CN(C1=O)C(=O)NCCC2=CC=C(C=C2)S(=O)(=O)NC(=O)NC3CCC(CC3)C)C,0,unreported_twosides_sampled,0.44175800681114197,0.45883362370141556,0.45883362370141556,fitted,platt_logistic_regression,0.5104907112694607,0,0.6897539998531916,0.2037037037037037,0.15151515151515152,no_interaction|interaction,2,True,0.3018867924528302,0.48,0.3018867924528302,False,False,True
CC(C)C1=C(C(=CC=C1)C(C)C)O,CCC1=C(CN(C1=O)C(=O)NCCC2=CC=C(C=C2)S(=O)(=O)NC(=O)NC3CCC(CC3)C)C,0,unreported_twosides_sampled,0.12749019265174866,0.15232337490255396,0.15232337490255396,fitted,platt_logistic_regression,0.5104907112694607,0,0.42671813675021786,0.4595959595959596,0.03282828282828283,no_interaction,1,False,0.2857142857142857,0.48,0.2857142857142857,False,False,True
CC(CCC(=O)O)C1CCC2C1(CCC3C2C(CC4C3(CCC(C4)O)C)O)C,CC12CCC3C(C1CCC2=O)CC(=C)C4=CC(=O)C=CC34C,1,reported_twosides,0.11784905940294266,0.14199670174552337,0.14199670174552337,fitted,platt_logistic_regression,0.5104907112694607,0,0.4085715865730113,0.47474747474747475,0.027777777777777776,no_interaction,1,False,0.25925925925925924,0.3235294117647059,0.25925925925925924,False,False,True
CN(C)CCC=C1C2=CC=CC=C2COC3=CC=CC=C31,CNS(=O)(=O)CCC1=CC2=C(C=C1)NC=C2C3CCN(CC3)C,1,reported_twosides,0.49596738815307617,0.508768973537224,0.508768973537224,fitted,platt_logistic_regression,0.5104907112694607,0,0.6929933828814152,0.17255892255892255,0.19023569023569023,no_interaction|interaction,2,True,0.7027027027027027,0.4492753623188406,0.4492753623188406,False,False,False
CC1(OC2CC3C4CCC5=CC(=O)C=CC5(C4C(CC3(C2(O1)C(=O)CO)C)O)C)C,CN1CCC23C4C1CC5=C2C(=C(C=C5)O)OC3C(C=C4)O,1,reported_twosides,0.29455485939979553,0.3203416929201757,0.3203416929201757,fitted,platt_logistic_regression,0.5104907112694607,0,0.6271267478344672,0.3021885521885522,0.08922558922558922,no_interaction,1,False,0.7313432835820896,0.5333333333333333,0.5333333333333333,False,False,False
CN1CCC23C4C1CC5=C2C(=C(C=C5)O)OC3C(C=C4)O,CNC1CCC(C2=CC=CC=C12)C3=CC(=C(C=C3)Cl)Cl,1,reported_twosides,0.3203289210796356,0.34502480645152234,0.34502480645152234,fitted,platt_logistic_regression,0.5104907112694607,0,0.6443122775919898,0.28114478114478114,0.10185185185185185,no_interaction|interaction,2,True,0.5333333333333333,0.2549019607843137,0.2549019607843137,False,False,True
CC12CCC3C(C1CCC2=O)CC(=C)C4=CC(=O)C=CC34C,CN(C)CCC1=CNC2=C1C=C(C=C2)CN3C=NC=N3,0,unreported_twosides_sampled,0.3345549702644348,0.3585536657005517,0.3585536657005517,fitted,platt_logistic_regression,0.5104907112694607,0,0.6525814835507928,0.2676767676767677,0.10606060606060606,no_interaction|interaction,2,True,0.3235294117647059,0.5272727272727272,0.3235294117647059,False,False,True
CC1C(C(C(C(O1)OC2C(OC(C(C2O)O)OC3C(OC(C(C3O)O)O)CO)CO)O)O)NC4C=C(C(C(C4O)O)O)CO,CCC1(CC2CC(C3=C(CCN(C2)C1)C4=CC=CC=C4N3)(C5=C(C=C6C(=C5)C78CCN9C7C(C=CC9)(C(C(C8N6C=O)(C(=O)OC)O)OC(=O)C)CC)OC)C(=O)OC)O,0,unreported_twosides_sampled,0.5598925948143005,0.5673326299552034,0.5673326299552034,fitted,platt_logistic_regression,0.5104907112694607,1,0.6840522079856886,0.13552188552188552,0.2222222222222222,no_interaction|interaction,2,True,0.29850746268656714,0.89,0.29850746268656714,False,False,True
C(CCl)NC(=O)N(CCCl)N=O,CCCCCC(C=CC1C(CC2C1CC(=CCCCC(=O)O)O2)O)O,0,unreported_twosides_sampled,0.1298849880695343,0.15487346008951758,0.15487346008951758,fitted,platt_logistic_regression,0.5104907112694607,0,0.4310702741110348,0.4562289562289562,0.03367003367003367,no_interaction,1,False,0.2391304347826087,0.5625,0.2391304347826087,False,False,True
CC(CC1=CC=CC=C1)N(C)CC#C,CCCC(CCC)C(=O)O,1,reported_twosides,0.03233099356293678,0.04429330954106076,0.04429330954106076,fitted,platt_logistic_regression,0.5104907112694607,0,0.18135632320797404,0.6759259259259259,0.003367003367003367,no_interaction,1,False,0.42424242424242425,0.27586206896551724,0.27586206896551724,False,False,True
CC1(C(=O)N2C(C(=O)N3CCCC3C2(O1)O)CC4=CC=CC=C4)NC(=O)C5CC6C(CC7=CNC8=CC=CC6=C78)N(C5)C,CC1CC2C3CCC4=CC(=O)C=CC4(C3(C(CC2(C1(C(=O)CCl)O)C)O)F)C,0,unreported_twosides_sampled,0.9953208565711975,0.9931215801737218,0.9931215801737218,fitted,platt_logistic_regression,0.5104907112694607,1,0.04110488115532415,0.0008417508417508417,0.8468013468013468,interaction,1,False,0.34234234234234234,0.847457627118644,0.34234234234234234,False,False,True
C=CC1=C(N2C(C(C2=O)NC(=O)C(=NO)C3=CSC(=N3)N)SC1)C(=O)O,CN(CC1=CN=C2C(=N1)C(=NC(=N2)N)N)C3=CC=C(C=C3)C(=O)NC(CCC(=O)O)C(=O)O,1,reported_twosides,0.06576616317033768,0.08415491942053843,0.08415491942053843,fitted,platt_logistic_regression,0.5104907112694607,0,0.2888016553793339,0.5782828282828283,0.011784511784511785,no_interaction,1,False,0.7941176470588235,0.4868421052631579,0.4868421052631579,False,False,False
C1=CC=C(C=C1)CCNN,CC1=CN(C(=O)NC1=O)C2C=CC(O2)CO,0,unreported_twosides_sampled,0.19044481217861176,0.21769645521745168,0.21769645521745168,fitted,platt_logistic_regression,0.5104907112694607,0,0.5239769419898677,0.38636363636363635,0.04713804713804714,no_interaction,1,False,0.35714285714285715,0.5652173913043478,0.35714285714285715,False,False,True
CN=C1CN(C(=C2C=C(C=CC2=N1)Cl)C3=CC=CC=C3)O,COC1=C(C=C2C(=C1)C(=NC(=N2)N3CCN(CC3)C(=O)C4COC5=CC=CC=C5O4)N)OC,0,unreported_twosides_sampled,0.26680663228034973,0.29348838947037537,0.29348838947037537,fitted,platt_logistic_regression,0.5104907112694607,0,0.605245650012631,0.32154882154882153,0.07996632996632996,no_interaction,1,False,0.3387096774193548,0.6515151515151515,0.3387096774193548,False,False,True
CCC1=C(CN(C1=O)C(=O)NCCC2=CC=C(C=C2)S(=O)(=O)NC(=O)NC3CCC(CC3)C)C,COC1=C(C(=NC=C1)CS(=O)C2=NC3=C(N2)C=C(C=C3)OC(F)F)OC,1,reported_twosides,0.9999661445617676,0.9999254015407213,0.9999254015407213,fitted,platt_logistic_regression,0.5104907112694607,1,0.0007835339811915363,0.0008417508417508417,0.9663299663299664,interaction,1,False,0.48,0.5538461538461539,0.48,False,False,False
CC12CCC3C(C1CCC2O)CCC4=CC(=O)CCC34C,COC1=C(C(=NC=C1)CS(=O)C2=NC3=C(N2)C=C(C=C3)OC(F)F)OC,1,reported_twosides,0.9999897480010986,0.9999750966016273,0.9999750966016273,fitted,platt_logistic_regression,0.5104907112694607,1,0.0002888917191976157,0.0008417508417508417,0.9797979797979798,interaction,1,False,0.723404255319149,0.5538461538461539,0.5538461538461539,False,False,False
CC(C)(C)C(C(=O)NC(CC1=CC=CC=C1)C(CN(CC2=CC=C(C=C2)C3=CC=CC=N3)NC(=O)C(C(C)(C)C)NC(=O)OC)O)NC(=O)OC,COC1=C(C=C2C(=C1)C(=NC(=N2)N3CCN(CC3)C(=O)C4COC5=CC=CC=C5O4)N)OC,0,unreported_twosides_sampled,0.8878262639045715,0.8754259175374665,0.8754259175374665,fitted,platt_logistic_regression,0.5104907112694607,1,0.3759405339054576,0.022727272727272728,0.4983164983164983,interaction,1,False,0.3018867924528302,0.6515151515151515,0.3018867924528302,False,False,True
CC(CCC(=O)O)C1CCC2C1(CCC3C2C(CC4C3(CCC(C4)O)C)O)C,CC1C(C(C(C(O1)OC2C(OC(C(C2O)O)OC3C(OC(C(C3O)O)O)CO)CO)O)O)NC4C=C(C(C(C4O)O)O)CO,1,reported_twosides,0.466543972492218,0.48170971769377224,0.48170971769377224,fitted,platt_logistic_regression,0.5104907112694607,0,0.6924779624086251,0.1936026936026936,0.16582491582491582,no_interaction|interaction,2,True,0.25925925925925924,0.29850746268656714,0.25925925925925924,False,False,True
C=CC1=C(N2C(C(C2=O)NC(=O)C(=NO)C3=CSC(=N3)N)SC1)C(=O)O,CN1CCC23C4C1CC5=C2C(=C(C=C5)O)OC3C(C=C4)O,1,reported_twosides,0.43457138538360596,0.4521839769991527,0.4521839769991527,fitted,platt_logistic_regression,0.5104907112694607,0,0.6885674408292297,0.20875420875420875,0.14646464646464646,no_interaction|interaction,2,True,0.7941176470588235,0.5333333333333333,0.5333333333333333,False,False,False
CCN(CC)C(=O)C(=CC1=CC(=C(C(=C1)O)O)[N+](=O)[O-])C#N,COC1=C(C=C2C(=C1)C(=NC(=N2)N3CCN(CC3)C(=O)C4COC5=CC=CC=C5O4)N)OC,1,reported_twosides,0.018743006512522697,0.026984434572832762,0.026984434572832762,fitted,platt_logistic_regression,0.5104907112694607,0,0.12409817201233819,0.7449494949494949,0.0008417508417508417,no_interaction,1,False,0.35714285714285715,0.6515151515151515,0.35714285714285715,False,False,True
CC12CCC3C(C1CCC2O)CCC4=CC(=O)CCC34C,CC1=NN=C(S1)SCC2=C(N3C(C(C3=O)NC(=O)CN4C=NN=N4)SC2)C(=O)[O-],0,unreported_twosides_sampled,0.3283140957355499,0.35262647599243585,0.35262647599243585,fitted,platt_logistic_regression,0.5104907112694607,0,0.6490573867847,0.27441077441077444,0.10353535353535354,no_interaction|interaction,2,True,0.723404255319149,0.4574468085106383,0.4574468085106383,False,False,False
C1=NC2=C(N1COC(CO)CO)NC(=NC2=O)N,CC12CCC3C(C1CCC2C(=O)NC(C)(C)C)CCC4C3(C=CC(=O)N4)C,0,unreported_twosides_sampled,0.37554630637168884,0.39720912600437,0.39720912600437,fitted,platt_logistic_regression,0.5104907112694607,0,0.6718638252635503,0.24579124579124578,0.117003367003367,no_interaction|interaction,2,True,0.6739130434782609,0.3582089552238806,0.3582089552238806,False,False,True
CC1(C(=O)N2C(C(=O)N3CCCC3C2(O1)O)CC4=CC=CC=C4)NC(=O)C5CC6C(CC7=CNC8=CC=CC6=C78)N(C5)C,CN(C)CCC1=CNC2=C1C=C(C=C2)CN3C=NC=N3,1,reported_twosides,0.09937562048435211,0.12191460923200773,0.12191460923200773,fitted,platt_logistic_regression,0.5104907112694607,0,0.3707224388689373,0.5042087542087542,0.022727272727272728,no_interaction,1,False,0.34234234234234234,0.5272727272727272,0.34234234234234234,False,False,True
CC(=O)N(CCCCCNC(=O)CCC(=O)N(CCCCCNC(=O)CCC(=O)N(CCCCCN)O)O)O,CCC1=C(CN(C1=O)C(=O)NCCC2=CC=C(C=C2)S(=O)(=O)NC(=O)NC3CCC(CC3)C)C,0,unreported_twosides_sampled,0.67054283618927,0.6687519778595554,0.6687519778595554,fitted,platt_logistic_regression,0.5104907112694607,1,0.6350589462950952,0.09175084175084175,0.2937710437710438,interaction,1,False,0.3,0.48,0.3,False,False,True
CC(C)C1=C(C(=CC=C1)C(C)C)O,CC1=CN(C(=O)NC1=O)C2C=CC(O2)CO,0,unreported_twosides_sampled,0.3765546679496765,0.3981545216602712,0.3981545216602712,fitted,platt_logistic_regression,0.5104907112694607,0,0.6722562908813181,0.24494949494949494,0.11784511784511785,no_interaction|interaction,2,True,0.2857142857142857,0.5652173913043478,0.2857142857142857,False,False,True
CN(C)CCC=C1C2=CC=CC=C2COC3=CC=CC=C31,COC1=C(C=C2C(=C1)N=CN=C2NC3=CC(=C(C=C3)F)Cl)OCCCN4CCOCC4,0,unreported_twosides_sampled,0.8287613391876221,0.817289834255629,0.817289834255629,fitted,platt_logistic_regression,0.5104907112694607,1,0.4754782550932759,0.03956228956228956,0.42845117845117847,interaction,1,False,0.7027027027027027,0.40789473684210525,0.40789473684210525,False,False,False
C1=NC2=C(N1COC(CO)CO)NC(=NC2=O)N,CC12CCC3C(C1CCC2O)CCC4=CC(=O)CCC34C,0,unreported_twosides_sampled,0.43838098645210266,0.45570994349035915,0.45570994349035915,fitted,platt_logistic_regression,0.5104907112694607,0,0.6892188156310234,0.20707070707070707,0.14898989898989898,no_interaction|interaction,2,True,0.6739130434782609,0.723404255319149,0.6739130434782609,False,False,False
CCCC1CC(N(C1)C)C(=O)NC(C2C(C(C(C(O2)SC)O)O)O)C(C)Cl,CCCCCC(C=CC1C(CC2C1CC(=CCCCC(=O)O)O2)O)O,0,unreported_twosides_sampled,0.03520801290869713,0.047852720409319455,0.047852720409319455,fitted,platt_logistic_regression,0.5104907112694607,0,0.19214350201237396,0.6632996632996633,0.003367003367003367,no_interaction,1,False,0.8545454545454545,0.5625,0.5625,False,False,False
CC(C)(C)NCC(C1=NC(=C(C=C1)O)CO)O,COC1=C(C(=NC=C1)CS(=O)C2=NC3=C(N2)C=C(C=C3)OC(F)F)OC,1,reported_twosides,0.9998332262039185,0.9996773991244418,0.9996773991244418,fitted,platt_logistic_regression,0.5104907112694607,1,0.0029159678161851835,0.0008417508417508417,0.9461279461279462,interaction,1,False,0.5227272727272727,0.5538461538461539,0.5227272727272727,False,False,False
CCCC1CC(N(C1)C)C(=O)NC(C2C(C(C(C(O2)SC)O)O)O)C(C)Cl,CN(C)CCC=C1C2=CC=CC=C2COC3=CC=CC=C31,0,unreported_twosides_sampled,0.059602897614240646,0.07701602667563831,0.07701602667563831,fitted,platt_logistic_regression,0.5104907112694607,0,0.2714202836849475,0.5883838383838383,0.010942760942760943,no_interaction,1,False,0.8545454545454545,0.7027027027027027,0.7027027027027027,False,False,False
C=CC1=C(N2C(C(C2=O)NC(=O)C(=NO)C3=CSC(=N3)N)SC1)C(=O)O,CC1=CC(=C(C=C1)C)OCCCC(C)(C)C(=O)O,0,unreported_twosides_sampled,0.07093195617198944,0.09008067528864432,0.09008067528864432,fitted,platt_logistic_regression,0.5104907112694607,0,0.3027244365394751,0.5664983164983165,0.015151515151515152,no_interaction,1,False,0.7941176470588235,0.26,0.26,False,False,True
C=CC1=C(N2C(C(C2=O)NC(=O)C(=NO)C3=CSC(=N3)N)SC1)C(=O)O,CC(C)C1=C(C(=CC=C1)C(C)C)O,0,unreported_twosides_sampled,0.038281768560409546,0.05162269025969171,0.05162269025969171,fitted,platt_logistic_regression,0.5104907112694607,0,0.20326571823201894,0.6506734006734006,0.004208754208754209,no_interaction,1,False,0.7941176470588235,0.2857142857142857,0.2857142857142857,False,False,True
CC(=O)N(CCCCCNC(=O)CCC(=O)N(CCCCCNC(=O)CCC(=O)N(CCCCCN)O)O)O,CC12CCC3C(C1CCC2=O)CC(=C)C4=CC(=O)C=CC34C,0,unreported_twosides_sampled,0.4493824541568756,0.4658797391209327,0.4658797391209327,fitted,platt_logistic_regression,0.5104907112694607,0,0.6908169856558217,0.20202020202020202,0.1531986531986532,no_interaction|interaction,2,True,0.3,0.3235294117647059,0.3,False,False,True
CN(C)CCC1=CNC2=C1C=C(C=C2)CN3C=NC=N3,CNS(=O)(=O)CCC1=CC2=C(C=C1)NC=C2C3CCN(CC3)C,1,reported_twosides,0.48541364073753357,0.4990736060846202,0.4990736060846202,fitted,platt_logistic_regression,0.5104907112694607,0,0.6931454641475904,0.18265993265993266,0.18097643097643099,no_interaction|interaction,2,True,0.5272727272727272,0.4492753623188406,0.4492753623188406,False,False,False
CC1=C(C(CCC1)(C)C)C=CC(=CC=CC(=CCO)C)C,CC1=C(C2=C(N1C(=O)C3=CC=C(C=C3)Cl)C=CC(=C2)OC)CC(=O)O,1,reported_twosides,0.2863108515739441,0.3123956536656953,0.3123956536656953,fitted,platt_logistic_regression,0.5104907112694607,0,0.6210040765786848,0.30976430976430974,0.08754208754208755,no_interaction,1,False,0.6956521739130435,0.2982456140350877,0.2982456140350877,False,False,True
CC(C)(C)C(C(=O)NC(CC1=CC=CC=C1)C(CN(CC2=CC=C(C=C2)C3=CC=CC=N3)NC(=O)C(C(C)(C)C)NC(=O)OC)O)NC(=O)OC,CC12CCC3C(C1CCC2O)CCC4=CC(=O)CCC34C,1,reported_twosides,0.7172873020172119,0.7119686569676298,0.7119686569676298,fitted,platt_logistic_regression,0.5104907112694607,1,0.6003795545072487,0.07912457912457913,0.32407407407407407,interaction,1,False,0.3018867924528302,0.723404255319149,0.3018867924528302,False,False,True
CC12CCC3C(C1CCC2O)CCC4=CC(=O)CCC34C,CNC1CCC(C2=CC=CC=C12)C3=CC(=C(C=C3)Cl)Cl,1,reported_twosides,0.6375507116317749,0.6384305730524299,0.6384305730524299,fitted,platt_logistic_regression,0.5104907112694607,1,0.6543158449018212,0.10606060606060606,0.2668350168350168,no_interaction|interaction,2,True,0.723404255319149,0.2549019607843137,0.2549019607843137,False,False,True
C1=NC2=C(N1COC(CO)CO)NC(=NC2=O)N,CCCC1CC(N(C1)C)C(=O)NC(C2C(C(C(C(O2)SC)O)O)O)C(C)Cl,1,reported_twosides,0.33387166261672974,0.35790528556092516,0.35790528556092516,fitted,platt_logistic_regression,0.5104907112694607,0,0.652203440893495,0.26851851851851855,0.10606060606060606,no_interaction|interaction,2,True,0.6739130434782609,0.8545454545454545,0.6739130434782609,False,False,False
CC12CCC3C(C1CCC2=O)CC(=C)C4=CC(=O)C=CC34C,CCCC(CCC)C(=O)O,0,unreported_twosides_sampled,0.14246413111686707,0.1681764935450512,0.1681764935450512,fitted,platt_logistic_regression,0.5104907112694607,0,0.4529829947384564,0.4393939393939394,0.0361952861952862,no_interaction,1,False,0.3235294117647059,0.27586206896551724,0.27586206896551724,False,False,True
C1=NC2=C(N1COC(CO)CO)NC(=NC2=O)N,CC1(OC2CC3C4CCC5=CC(=O)C=CC5(C4C(CC3(C2(O1)C(=O)CO)C)O)C)C,0,unreported_twosides_sampled,0.7156304717063904,0.7104301782118619,0.7104301782118619,fitted,platt_logistic_regression,0.5104907112694607,1,0.6017660583761977,0.07912457912457913,0.3223905723905724,interaction,1,False,0.6739130434782609,0.7313432835820896,0.6739130434782609,False,False,False
C=CC1=C(N2C(C(C2=O)NC(=O)C(=NO)C3=CSC(=N3)N)SC1)C(=O)O,CC1=NN=C(S1)SCC2=C(N3C(C(C3=O)NC(=O)CN4C=NN=N4)SC2)C(=O)[O-],1,reported_twosides,0.10334780067205429,0.12626784421457696,0.12626784421457696,fitted,platt_logistic_regression,0.5104907112694607,0,0.3792299451191665,0.4957912457912458,0.022727272727272728,no_interaction,1,False,0.7941176470588235,0.4574468085106383,0.4574468085106383,False,False,False
CC12CCC3C(C1CCC2O)CCC4=CC(=O)CCC34C,CCN(CC)C(=O)C(=CC1=CC(=C(C(=C1)O)O)[N+](=O)[O-])C#N,0,unreported_twosides_sampled,0.03504594415426254,0.047653024661475654,0.047653024661475654,fitted,platt_logistic_regression,0.5104907112694607,0,0.19154585535545912,0.6641414141414141,0.003367003367003367,no_interaction,1,False,0.723404255319149,0.35714285714285715,0.35714285714285715,False,False,True
CC1=NC=C2N1C3=C(C=C(C=C3)Cl)C(=NC2)C4=CC=CC=C4F,CCCC1CC(N(C1)C)C(=O)NC(C2C(C(C(C(O2)SC)O)O)O)C(C)Cl,1,reported_twosides,0.21176590025424957,0.2391819360886998,0.2391819360886998,fitted,platt_logistic_regression,0.5104907112694607,0,0.550135126641538,0.3720538720538721,0.054713804713804715,no_interaction,1,False,0.5454545454545454,0.8545454545454545,0.5454545454545454,False,False,False
CC1(OC2CC3C4CCC5=CC(=O)C=CC5(C4C(CC3(C2(O1)C(=O)CO)C)O)C)C,CCCC1=NC2=C(N1CC3=CC=C(C=C3)C4=CC=CC=C4C(=O)O)C=C(C=C2C)C5=NC6=CC=CC=C6N5C,0,unreported_twosides_sampled,0.796744704246521,0.7865900116927069,0.7865900116927069,fitted,platt_logistic_regression,0.5104907112694607,1,0.5184397435578876,0.045454545454545456,0.3939393939393939,interaction,1,False,0.7313432835820896,0.38823529411764707,0.38823529411764707,False,False,True
C(CCl)NC(=O)N(CCCl)N=O,CN(CC1=CN=C2C(=N1)C(=NC(=N2)N)N)C3=CC=C(C=C3)C(=O)NC(CCC(=O)O)C(=O)O,1,reported_twosides,0.18729983270168304,0.21450265210311217,0.21450265210311217,fitted,platt_logistic_regression,0.5104907112694607,0,0.519861563019628,0.39225589225589225,0.046296296296296294,no_interaction,1,False,0.2391304347826087,0.4868421052631579,0.2391304347826087,False,False,True
CC(C)(C)C(C(=O)NC(CC1=CC=CC=C1)C(CN(CC2=CC=C(C=C2)C3=CC=CC=N3)NC(=O)C(C(C)(C)C)NC(=O)OC)O)NC(=O)OC,CC1=CN(C(=O)NC1=O)C2C=CC(O2)CO,1,reported_twosides,0.4573577046394348,0.47324110280356285,0.47324110280356285,fitted,platt_logistic_regression,0.5104907112694607,0,0.6917144190022151,0.20033670033670034,0.15824915824915825,no_interaction|interaction,2,True,0.3018867924528302,0.5652173913043478,0.3018867924528302,False,False,True
CC1CC2C3CCC4=CC(=O)C=CC4(C3(C(CC2(C1(C(=O)CCl)O)C)O)F)C,COC1=C(C=C2C(=C1)C(=NC(=N2)N3CCN(CC3)C(=O)C4COC5=CC=CC=C5O4)N)OC,1,reported_twosides,0.9999750852584839,0.9999437102618721,0.9999437102618721,fitted,platt_logistic_regression,0.5104907112694607,1,0.0006070831463216229,0.0008417508417508417,0.9705387205387206,interaction,1,False,0.847457627118644,0.6515151515151515,0.6515151515151515,False,False,False
CC(CCC(=O)O)C1CCC2C1(CCC3C2C(CC4C3(CCC(C4)O)C)O)C,CC1=CN(C(=O)NC1=O)C2C=CC(O2)CO,1,reported_twosides,0.11761826276779175,0.14174826815697175,0.14174826815697175,fitted,platt_logistic_regression,0.5104907112694607,0,0.40812444979549906,0.47558922558922556,0.027777777777777776,no_interaction,1,False,0.25925925925925924,0.5652173913043478,0.25925925925925924,False,False,True
C(CCl)NC(=O)N(CCCl)N=O,COC1=C(C=C2C(=C1)N=CN=C2NC3=CC(=C(C=C3)F)Cl)OCCCN4CCOCC4,0,unreported_twosides_sampled,0.6061146259307861,0.6096240435706214,0.6096240435706214,fitted,platt_logistic_regression,0.5104907112694607,1,0.6689159597261238,0.11616161616161616,0.2516835016835017,no_interaction|interaction,2,True,0.2391304347826087,0.40789473684210525,0.2391304347826087,False,False,True
CC12CCC3C(C1CCC2=O)CC(=C)C4=CC(=O)C=CC34C,COC1=C(C(=NC=C1)CS(=O)C2=NC3=C(N2)C=C(C=C3)OC(F)F)OC,1,reported_twosides,0.9999693632125854,0.999931940853889,0.999931940853889,fitted,platt_logistic_regression,0.5104907112694607,1,0.000721093418447863,0.0008417508417508417,0.9663299663299664,interaction,1,False,0.3235294117647059,0.5538461538461539,0.3235294117647059,False,False,True
CC1(OC2CC3C4CCC5=CC(=O)C=CC5(C4C(CC3(C2(O1)C(=O)CO)C)O)C)C,CCCCC(C)(CC=CC1C(CC(=O)C1CCCCCCC(=O)OC)O)O,0,unreported_twosides_sampled,0.5293700695037842,0.5393961811948067,0.5393961811948067,fitted,platt_logistic_regression,0.5104907112694607,1,0.690039842521975,0.15235690235690236,0.20286195286195285,no_interaction|interaction,2,True,0.7313432835820896,0.49230769230769234,0.49230769230769234,False,False,False
CC1=CC(=C(C=C1)C)OCCCC(C)(C)C(=O)O,CC1=CN(C(=O)NC1=O)C2C=CC(O2)CO,1,reported_twosides,0.2528893053531647,0.27989716758009653,0.27989716758009653,fitted,platt_logistic_regression,0.5104907112694607,0,0.5928561699463142,0.3265993265993266,0.07575757575757576,no_interaction,1,False,0.26,0.5652173913043478,0.26,False,False,True
C1=NC2=C(N1COC(CO)CO)NC(=NC2=O)N,CC(C)(C)C(C(=O)NC(CC1=CC=CC=C1)C(CN(CC2=CC=C(C=C2)C3=CC=CC=N3)NC(=O)C(C(C)(C)C)NC(=O)OC)O)NC(=O)OC,0,unreported_twosides_sampled,0.4097138047218323,0.42911619706376536,0.42911619706376536,fitted,platt_logistic_regression,0.5104907112694607,0,0.6830642189824534,0.2239057239057239,0.13468013468013468,no_interaction|interaction,2,True,0.6739130434782609,0.3018867924528302,0.3018867924528302,False,False,True
CC1=NC=C2N1C3=C(C=C(C=C3)Cl)C(=NC2)C4=CC=CC=C4F,CC1C(C(C(C(O1)OC2C(OC(C(C2O)O)OC3C(OC(C(C3O)O)O)CO)CO)O)O)NC4C=C(C(C(C4O)O)O)CO,0,unreported_twosides_sampled,0.48281314969062805,0.496682947679617,0.496682947679617,fitted,platt_logistic_regression,0.5104907112694607,0,0.6931251747263336,0.18518518518518517,0.17929292929292928,no_interaction|interaction,2,True,0.5454545454545454,0.29850746268656714,0.29850746268656714,False,False,True
CC(C)(C)NCC(C1=NC(=C(C=C1)O)CO)O,CC12CCC3C(C1CCC2O)CCC4=CC(=O)CCC34C,1,reported_twosides,0.8947734236717224,0.8824340215531118,0.8824340215531118,fitted,platt_logistic_regression,0.5104907112694607,1,0.36204715636844226,0.021885521885521887,0.5084175084175084,interaction,1,False,0.5227272727272727,0.723404255319149,0.5227272727272727,False,False,False
CCC1=C(CN(C1=O)C(=O)NCCC2=CC=C(C=C2)S(=O)(=O)NC(=O)NC3CCC(CC3)C)C,CN=C1CN(C(=C2C=C(C=CC2=N1)Cl)C3=CC=CC=C3)O,0,unreported_twosides_sampled,0.07906583696603775,0.09931372511501636,0.09931372511501636,fitted,platt_logistic_regression,0.5104907112694607,0,0.3235724514904448,0.5488215488215489,0.01936026936026936,no_interaction,1,False,0.48,0.3387096774193548,0.3387096774193548,False,False,True
CC1OCC2C(O1)C(C(C(O2)OC3C4COC(=O)C4C(C5=CC6=C(C=C35)OCO6)C7=CC(=C(C(=C7)OC)O)OC)O)O,CCCC1CC(N(C1)C)C(=O)NC(C2C(C(C(C(O2)SC)O)O)O)C(C)Cl,0,unreported_twosides_sampled,0.40842363238334656,0.4279158224077436,0.4279158224077436,fitted,platt_logistic_regression,0.5104907112694607,0,0.6827186209004164,0.2239057239057239,0.132996632996633,no_interaction|interaction,2,True,0.20588235294117646,0.8545454545454545,0.20588235294117646,False,False,True
CC1=CN(C(=O)NC1=O)C2C=CC(O2)CO,COC1=C(C=C2C(=C1)N=CN=C2NC3=CC(=C(C=C3)F)Cl)OCCCN4CCOCC4,0,unreported_twosides_sampled,0.48762696981430054,0.5011078031346775,0.5011078031346775,fitted,platt_logistic_regression,0.5104907112694607,0,0.6931447261023669,0.18097643097643099,0.1835016835016835,no_interaction|interaction,2,True,0.5652173913043478,0.40789473684210525,0.40789473684210525,False,False,False
CC1(OC2CC3C4CCC5=CC(=O)C=CC5(C4C(CC3(C2(O1)C(=O)CO)C)O)C)C,CC1=CN(C(=O)NC1=O)C2C=CC(O2)CO,0,unreported_twosides_sampled,0.594692051410675,0.5991692452465746,0.5991692452465746,fitted,platt_logistic_regression,0.5104907112694607,1,0.6733470715864518,0.12121212121212122,0.24074074074074073,no_interaction|interaction,2,True,0.7313432835820896,0.5652173913043478,0.5652173913043478,False,False,False
CC1=C(C2=C(N1C(=O)C3=CC=C(C=C3)Cl)C=CC(=C2)OC)CC(=O)O,CCC1=C(CN(C1=O)C(=O)NCCC2=CC=C(C=C2)S(=O)(=O)NC(=O)NC3CCC(CC3)C)C,0,unreported_twosides_sampled,0.22341801226139069,0.25080944985433795,0.25080944985433795,fitted,platt_logistic_regression,0.5104907112694607,0,0.5632226702064438,0.35774410774410775,0.06228956228956229,no_interaction,1,False,0.2982456140350877,0.48,0.2982456140350877,False,False,True
CC1CC2C3CCC4=CC(=O)C=CC4(C3(C(CC2(C1(C(=O)CCl)O)C)O)F)C,CN1CCC23C4C1CC5=C2C(=C(C=C5)O)OC3C(C=C4)O,1,reported_twosides,0.9938659071922302,0.9911851792527852,0.9911851792527852,fitted,platt_logistic_regression,0.5104907112694607,1,0.05048160029020952,0.0008417508417508417,0.8358585858585859,interaction,1,False,0.847457627118644,0.5333333333333333,0.5333333333333333,False,False,False
CCCC(CCC)C(=O)O,CCCCC(C)(CC=CC1C(CC(=O)C1CCCCCCC(=O)OC)O)O,0,unreported_twosides_sampled,0.34851378202438354,0.37176874358910905,0.37176874358910905,fitted,platt_logistic_regression,0.5104907112694607,0,0.6598903296137619,0.2601010101010101,0.10942760942760943,no_interaction|interaction,2,True,0.27586206896551724,0.49230769230769234,0.27586206896551724,False,False,True
CC(C)(C)C(C(=O)NC(CC1=CC=CC=C1)C(CN(CC2=CC=C(C=C2)C3=CC=CC=N3)NC(=O)C(C(C)(C)C)NC(=O)OC)O)NC(=O)OC,CCN(CC)C(=O)C(=CC1=CC(=C(C(=C1)O)O)[N+](=O)[O-])C#N,0,unreported_twosides_sampled,0.018270885571837425,0.02636467703543449,0.02636467703543449,fitted,platt_logistic_regression,0.5104907112694607,0,0.12186888504139036,0.7457912457912458,0.0008417508417508417,no_interaction,1,False,0.3018867924528302,0.35714285714285715,0.3018867924528302,False,False,True
C1=CC=C(C=C1)CCNN,CC1=C(C(CCC1)(C)C)C=CC(=CC=CC(=CCO)C)C,0,unreported_twosides_sampled,0.4417423605918884,0.4588191553099103,0.4588191553099103,fitted,platt_logistic_regression,0.5104907112694607,0,0.6897516115813878,0.2037037037037037,0.15151515151515152,no_interaction|interaction,2,True,0.35714285714285715,0.6956521739130435,0.35714285714285715,False,False,True
C(CCl)NC(=O)N(CCCl)N=O,CCC1(CC2CC(C3=C(CCN(C2)C1)C4=CC=CC=C4N3)(C5=C(C=C6C(=C5)C78CCN9C7C(C=CC9)(C(C(C8N6C=O)(C(=O)OC)O)OC(=O)C)CC)OC)C(=O)OC)O,1,reported_twosides,0.1714710146188736,0.1983241001758584,0.1983241001758584,fitted,platt_logistic_regression,0.5104907112694607,0,0.49807033759090275,0.4090909090909091,0.04292929292929293,no_interaction,1,False,0.2391304347826087,0.89,0.2391304347826087,False,False,True
CCCC(CCC)C(=O)O,COC1=C(C(=NC=C1)CS(=O)C2=NC3=C(N2)C=C(C=C3)OC(F)F)OC,1,reported_twosides,0.9319296479225159,0.9207865146587542,0.9207865146587542,fitted,platt_logistic_regression,0.5104907112694607,1,0.27684421490453304,0.010942760942760943,0.5841750841750841,interaction,1,False,0.27586206896551724,0.5538461538461539,0.27586206896551724,False,False,True
CC1=CN(C(=O)NC1=O)C2C=CC(O2)CO,CCCCC(C)(CC=CC1C(CC(=O)C1CCCCCCC(=O)OC)O)O,0,unreported_twosides_sampled,0.2482011765241623,0.2752988740580258,0.2752988740580258,fitted,platt_logistic_regression,0.5104907112694607,0,0.5884582820686066,0.3324915824915825,0.07407407407407407,no_interaction,1,False,0.5652173913043478,0.49230769230769234,0.49230769230769234,False,False,False
CC(=O)N(CCCCCNC(=O)CCC(=O)N(CCCCCNC(=O)CCC(=O)N(CCCCCN)O)O)O,CC12CCC3C(C1CCC2O)CCC4=CC(=O)CCC34C,1,reported_twosides,0.49887803196907043,0.5114410848095781,0.5114410848095781,fitted,platt_logistic_regression,0.5104907112694607,1,0.6928853608660568,0.1717171717171717,0.19107744107744107,no_interaction|interaction,2,True,0.3,0.723404255319149,0.3,False,False,True
C(CCl)NC(=O)N(CCCl)N=O,CC1=C(C(CCC1)(C)C)C=CC(=CC=CC(=CCO)C)C,1,reported_twosides,0.15654189884662628,0.18289425072970517,0.18289425072970517,fitted,platt_logistic_regression,0.5104907112694607,0,0.47575391802579586,0.42845117845117847,0.03956228956228956,no_interaction,1,False,0.2391304347826087,0.6956521739130435,0.2391304347826087,False,False,True
CC(CC1=CC=CC=C1)N(C)CC#C,CC1OCC2C(O1)C(C(C(O2)OC3C4COC(=O)C4C(C5=CC6=C(C=C35)OCO6)C7=CC(=C(C(=C7)OC)O)OC)O)O,0,unreported_twosides_sampled,0.43290454149246216,0.45064049796442374,0.45064049796442374,fitted,platt_logistic_regression,0.5104907112694607,0,0.6882665141938904,0.20959595959595959,0.14646464646464646,no_interaction|interaction,2,True,0.42424242424242425,0.20588235294117646,0.20588235294117646,False,False,True
C1CC(CCC1C2=CC=C(C=C2)Cl)C3=C(C4=CC=CC=C4C(=O)C3=O)O,CC1(OC2CC3C4CCC5=CC(=O)C=CC5(C4C(CC3(C2(O1)C(=O)CO)C)O)C)C,0,unreported_twosides_sampled,0.48807525634765625,0.5015197491845427,0.5015197491845427,fitted,platt_logistic_regression,0.5104907112694607,0,0.6931425612776649,0.18097643097643099,0.1835016835016835,no_interaction|interaction,2,True,0.2549019607843137,0.7313432835820896,0.2549019607843137,False,False,True
C=CC1=C(N2C(C(C2=O)NC(=O)C(=NO)C3=CSC(=N3)N)SC1)C(=O)O,CN(C)CCC1=CNC2=C1C=C(C=C2)CN3C=NC=N3,0,unreported_twosides_sampled,0.02486037276685238,0.034891719060589736,0.034891719060589736,fitted,platt_logistic_regression,0.5104907112694607,0,0.15135516123497936,0.7171717171717171,0.0025252525252525255,no_interaction,1,False,0.7941176470588235,0.5272727272727272,0.5272727272727272,False,False,False
CC1(C(=O)N2C(C(=O)N3CCCC3C2(O1)O)CC4=CC=CC=C4)NC(=O)C5CC6C(CC7=CNC8=CC=CC6=C78)N(C5)C,CC12CCC3C(C1CCC2C(=O)NC(C)(C)C)CCC4C3(C=CC(=O)N4)C,0,unreported_twosides_sampled,0.34937936067581177,0.37258635922593447,0.37258635922593447,fitted,platt_logistic_regression,0.5104907112694607,0,0.6603178497945787,0.25925925925925924,0.1111111111111111,no_interaction|interaction,2,True,0.34234234234234234,0.3582089552238806,0.34234234234234234,False,False,True
CC1=C(C(CCC1)(C)C)C=CC(=CC=CC(=CCO)C)C,CCCN1CCCCC1C(=O)NC2=C(C=CC=C2C)C,0,unreported_twosides_sampled,0.26555579900741577,0.29227039080520434,0.29227039080520434,fitted,platt_logistic_regression,0.5104907112694607,0,0.6041720561051711,0.3223905723905724,0.07996632996632996,no_interaction,1,False,0.6956521739130435,0.8604651162790697,0.6956521739130435,False,False,False
C1CC(CCC1C2=CC=C(C=C2)Cl)C3=C(C4=CC=CC=C4C(=O)C3=O)O,CC12CCC3C(C1CCC2C(=O)NC(C)(C)C)CCC4C3(C=CC(=O)N4)C,0,unreported_twosides_sampled,0.2883216142654419,0.31433614792802367,0.31433614792802367,fitted,platt_logistic_regression,0.5104907112694607,0,0.6225262609936218,0.30808080808080807,0.08838383838383838,no_interaction,1,False,0.2549019607843137,0.3582089552238806,0.2549019607843137,False,False,True
CC1(OC2CC3C4CCC5=CC(=O)C=CC5(C4C(CC3(C2(O1)C(=O)CO)C)O)C)C,CN(CC1=CN=C2C(=N1)C(=NC(=N2)N)N)C3=CC=C(C=C3)C(=O)NC(CCC(=O)O)C(=O)O,1,reported_twosides,0.5402153134346008,0.5493261747149202,0.5493261747149202,fitted,platt_logistic_regression,0.5104907112694607,1,0.6882731135315501,0.14646464646464646,0.20959595959595959,no_interaction|interaction,2,True,0.7313432835820896,0.4868421052631579,0.4868421052631579,False,False,False
C=CC1=C(N2C(C(C2=O)NC(=O)C(=NO)C3=CSC(=N3)N)SC1)C(=O)O,CC1=CN(C(=O)NC1=O)C2C=CC(O2)CO,0,unreported_twosides_sampled,0.02649725042283535,0.03697329119538979,0.03697329119538979,fitted,platt_logistic_regression,0.5104907112694607,0,0.15820282302675617,0.7095959595959596,0.0025252525252525255,no_interaction,1,False,0.7941176470588235,0.5652173913043478,0.5652173913043478,False,False,False
CC1=NN=C(S1)SCC2=C(N3C(C(C3=O)NC(=O)CN4C=NN=N4)SC2)C(=O)[O-],CCCC(CCC)C(=O)O,1,reported_twosides,0.2599368691444397,0.2867904761548192,0.2867904761548192,fitted,platt_logistic_regression,0.5104907112694607,0,0.5992528564888182,0.32491582491582494,0.07828282828282829,no_interaction,1,False,0.4574468085106383,0.27586206896551724,0.27586206896551724,False,False,True
CC1=NC=C2N1C3=C(C=C(C=C3)Cl)C(=NC2)C4=CC=CC=C4F,CCC1(CC2CC(C3=C(CCN(C2)C1)C4=CC=CC=C4N3)(C5=C(C=C6C(=C5)C78CCN9C7C(C=CC9)(C(C(C8N6C=O)(C(=O)OC)O)OC(=O)C)CC)OC)C(=O)OC)O,0,unreported_twosides_sampled,0.2877900004386902,0.3138232648162988,0.3138232648162988,fitted,platt_logistic_regression,0.5104907112694607,0,0.6221256404438267,0.30976430976430974,0.08838383838383838,no_interaction,1,False,0.5454545454545454,0.89,0.5454545454545454,False,False,False
CC12CCC3C(C1CCC2=O)CC(=C)C4=CC(=O)C=CC34C,CCC1(CC2CC(C3=C(CCN(C2)C1)C4=CC=CC=C4N3)(C5=C(C=C6C(=C5)C78CCN9C7C(C=CC9)(C(C(C8N6C=O)(C(=O)OC)O)OC(=O)C)CC)OC)C(=O)OC)O,0,unreported_twosides_sampled,0.28386858105659485,0.3100366025095378,0.3100366025095378,fitted,platt_logistic_regression,0.5104907112694607,0,0.6191299476682629,0.3106060606060606,0.0867003367003367,no_interaction,1,False,0.3235294117647059,0.89,0.3235294117647059,False,False,True
C1=CC=C(C=C1)CCNN,CCN(CC)C(=O)C(=CC1=CC(=C(C(=C1)O)O)[N+](=O)[O-])C#N,0,unreported_twosides_sampled,0.03212376683950424,0.044035715709408715,0.044035715709408715,fitted,platt_logistic_regression,0.5104907112694607,0,0.1805643083038077,0.6767676767676768,0.003367003367003367,no_interaction,1,False,0.35714285714285715,0.35714285714285715,0.35714285714285715,False,False,True
CC1=NC=C2N1C3=C(C=C(C=C3)Cl)C(=NC2)C4=CC=CC=C4F,CN(C)CCC1=CNC2=C1C=C(C=C2)CN3C=NC=N3,0,unreported_twosides_sampled,0.3309817314147949,0.35516149801375674,0.35516149801375674,fitted,platt_logistic_regression,0.5104907112694607,0,0.6505833881531237,0.2702020202020202,0.10437710437710437,no_interaction|interaction,2,True,0.5454545454545454,0.5272727272727272,0.5272727272727272,False,False,False
CC(C)(C)C(C(=O)NC(CC1=CC=CC=C1)C(CN(CC2=CC=C(C=C2)C3=CC=CC=N3)NC(=O)C(C(C)(C)C)NC(=O)OC)O)NC(=O)OC,CNC1CCC(C2=CC=CC=C12)C3=CC(=C(C=C3)Cl)Cl,1,reported_twosides,0.5919393301010132,0.5966503534247479,0.5966503534247479,fitted,platt_logistic_regression,0.5104907112694607,1,0.674346478082505,0.12121212121212122,0.2398989898989899,no_interaction|interaction,2,True,0.3018867924528302,0.2549019607843137,0.2549019607843137,False,False,True
C1=NC2=C(N1COC(CO)CO)NC(=NC2=O)N,CC1CC2C3CCC4=CC(=O)C=CC4(C3(C(CC2(C1(C(=O)CCl)O)C)O)F)C,0,unreported_twosides_sampled,0.9998164772987366,0.9996477671885999,0.9996477671885999,fitted,platt_logistic_regression,0.5104907112694607,1,0.003152850712530297,0.0008417508417508417,0.9436026936026936,interaction,1,False,0.6739130434782609,0.847457627118644,0.6739130434782609,False,False,False
CC1OCC2C(O1)C(C(C(O2)OC3C4COC(=O)C4C(C5=CC6=C(C=C35)OCO6)C7=CC(=C(C(=C7)OC)O)OC)O)O,CCCCCC(C=CC1C(CC2C1CC(=CCCCC(=O)O)O2)O)O,0,unreported_twosides_sampled,0.2563730478286743,0.28330750054157194,0.28330750054157194,fitted,platt_logistic_regression,0.5104907112694607,0,0.5960500576934993,0.32575757575757575,0.0765993265993266,no_interaction,1,False,0.20588235294117646,0.5625,0.20588235294117646,False,False,True
CC(C)(C)NCC(C1=NC(=C(C=C1)O)CO)O,CC1=NN=C(S1)SCC2=C(N3C(C(C3=O)NC(=O)CN4C=NN=N4)SC2)C(=O)[O-],0,unreported_twosides_sampled,0.9596834182739258,0.9507841283648145,0.9507841283648145,fitted,platt_logistic_regression,0.5104907112694607,1,0.1961999207345825,0.003367003367003367,0.6590909090909091,interaction,1,False,0.5227272727272727,0.4574468085106383,0.4574468085106383,False,False,False
CCCCCC(C=CC1C(CC2C1CC(=CCCCC(=O)O)O2)O)O,CN1CCC23C4C1CC5=C2C(=C(C=C5)O)OC3C(C=C4)O,1,reported_twosides,0.20546779036521912,0.23286442147886957,0.23286442147886957,fitted,platt_logistic_regression,0.5104907112694607,0,0.5427143564125951,0.37373737373737376,0.05387205387205387,no_interaction,1,False,0.5625,0.5333333333333333,0.5333333333333333,False,False,False
CC(CCC(=O)O)C1CCC2C1(CCC3C2C(CC4C3(CCC(C4)O)C)O)C,CC1=NC=C2N1C3=C(C=C(C=C3)Cl)C(=NC2)C4=CC=CC=C4F,0,unreported_twosides_sampled,0.02639186941087246,0.03683967235122287,0.03683967235122287,fitted,platt_logistic_regression,0.5104907112694607,0,0.15776698990845409,0.7095959595959596,0.0025252525252525255,no_interaction,1,False,0.25925925925925924,0.5454545454545454,0.25925925925925924,False,False,True
C1CC(CCC1C2=CC=C(C=C2)Cl)C3=C(C4=CC=CC=C4C(=O)C3=O)O,CN1CCC23C4C1CC5=C2C(=C(C=C5)O)OC3C(C=C4)O,1,reported_twosides,0.35532188415527344,0.378194002732888,0.378194002732888,fitted,platt_logistic_regression,0.5104907112694607,0,0.663173077585334,0.25673400673400676,0.11195286195286196,no_interaction|interaction,2,True,0.2549019607843137,0.5333333333333333,0.2549019607843137,False,False,True
C=CC1=C(N2C(C(C2=O)NC(=O)C(=NO)C3=CSC(=N3)N)SC1)C(=O)O,CCC1=C(CN(C1=O)C(=O)NCCC2=CC=C(C=C2)S(=O)(=O)NC(=O)NC3CCC(CC3)C)C,0,unreported_twosides_sampled,0.06730035692453384,0.0859201086174393,0.0859201086174393,fitted,platt_logistic_regression,0.5104907112694607,0,0.292995406637408,0.5732323232323232,0.012626262626262626,no_interaction,1,False,0.7941176470588235,0.48,0.48,False,False,False
CC1(C(=O)N2C(C(=O)N3CCCC3C2(O1)O)CC4=CC=CC=C4)NC(=O)C5CC6C(CC7=CNC8=CC=CC6=C78)N(C5)C,CC1=C(C2=C(N1C(=O)C3=CC=C(C=C3)Cl)C=CC(=C2)OC)CC(=O)O,0,unreported_twosides_sampled,0.1974031627178192,0.22473974092790397,0.22473974092790397,fitted,platt_logistic_regression,0.5104907112694607,0,0.5328417677687699,0.37962962962962965,0.050505050505050504,no_interaction,1,False,0.34234234234234234,0.2982456140350877,0.2982456140350877,False,False,True
C1=NC2C(=N1)NC(=NC2=S)N,CC(C)C1=C(C(=CC=C1)C(C)C)O,0,unreported_twosides_sampled,0.12192840874195099,0.14637817771819417,0.14637817771819417,fitted,platt_logistic_regression,0.5104907112694607,0,0.41637488420011126,0.4663299663299663,0.030303030303030304,no_interaction,1,False,0.15555555555555556,0.2857142857142857,0.15555555555555556,False,False,True
CC1(C(=O)N2C(C(=O)N3CCCC3C2(O1)O)CC4=CC=CC=C4)NC(=O)C5CC6C(CC7=CNC8=CC=CC6=C78)N(C5)C,CC1OCC2C(O1)C(C(C(O2)OC3C4COC(=O)C4C(C5=CC6=C(C=C35)OCO6)C7=CC(=C(C(=C7)OC)O)OC)O)O,0,unreported_twosides_sampled,0.18363001942634583,0.21076742354905953,0.21076742354905953,fitted,platt_logistic_regression,0.5104907112694607,0,0.5149716761838588,0.39646464646464646,0.045454545454545456,no_interaction,1,False,0.34234234234234234,0.20588235294117646,0.20588235294117646,False,False,True
CCN(CC)C(=O)C(=CC1=CC(=C(C(=C1)O)O)[N+](=O)[O-])C#N,CNS(=O)(=O)CCC1=CC2=C(C=C1)NC=C2C3CCN(CC3)C,0,unreported_twosides_sampled,0.0365719199180603,0.04952958276287544,0.04952958276287544,fitted,platt_logistic_regression,0.5104907112694607,0,0.19712779214937326,0.6582491582491582,0.003367003367003367,no_interaction,1,False,0.35714285714285715,0.4492753623188406,0.35714285714285715,False,False,True
CC(C)C1=C(C(=CC=C1)C(C)C)O,CC1=CC(=C(C=C1)C)OCCCC(C)(C)C(=O)O,0,unreported_twosides_sampled,0.48649346828460693,0.5000661007051038,0.5000661007051038,fitted,platt_logistic_regression,0.5104907112694607,0,0.6931471718213389,0.18181818181818182,0.18181818181818182,no_interaction|interaction,2,True,0.2857142857142857,0.26,0.26,False,False,True
CC(=O)N(CCCCCNC(=O)CCC(=O)N(CCCCCNC(=O)CCC(=O)N(CCCCCN)O)O)O,CCCC1CC(N(C1)C)C(=O)NC(C2C(C(C(C(O2)SC)O)O)O)C(C)Cl,0,unreported_twosides_sampled,0.24056264758110046,0.26778408344100896,0.26778408344100896,fitted,platt_logistic_regression,0.5104907112694607,0,0.581042361581298,0.3409090909090909,0.06986531986531987,no_interaction,1,False,0.3,0.8545454545454545,0.3,False,False,True
CC1=CN(C(=O)NC1=O)C2C=CC(O2)CO,CN(C)CCC1=CNC2=C1C=C(C=C2)CN3C=NC=N3,0,unreported_twosides_sampled,0.4975670874118805,0.5102376657993614,0.5102376657993614,fitted,platt_logistic_regression,0.5104907112694607,0,0.6929375463086572,0.1717171717171717,0.19107744107744107,no_interaction|interaction,2,True,0.5652173913043478,0.5272727272727272,0.5272727272727272,False,False,False
C1=NC2C(=N1)NC(=NC2=S)N,CC1OCC2C(O1)C(C(C(O2)OC3C4COC(=O)C4C(C5=CC6=C(C=C35)OCO6)C7=CC(=C(C(=C7)OC)O)OC)O)O,1,reported_twosides,0.7165058851242065,0.7112429883044268,0.7112429883044268,fitted,platt_logistic_regression,0.5104907112694607,1,0.6010349756449018,0.07912457912457913,0.32323232323232326,interaction,1,False,0.15555555555555556,0.20588235294117646,0.15555555555555556,False,False,True
CC(=O)N(CCCCCNC(=O)CCC(=O)N(CCCCCNC(=O)CCC(=O)N(CCCCCN)O)O)O,COC1=C(C(=NC=C1)CS(=O)C2=NC3=C(N2)C=C(C=C3)OC(F)F)OC,0,unreported_twosides_sampled,0.9988548755645752,0.9981084373063773,0.9981084373063773,fitted,platt_logistic_regression,0.5104907112694607,1,0.013750536421259684,0.0008417508417508417,0.8914141414141414,interaction,1,False,0.3,0.5538461538461539,0.3,False,False,True
CC(CCC(=O)O)C1CCC2C1(CCC3C2C(CC4C3(CCC(C4)O)C)O)C,CC1(C(=O)N2C(C(=O)N3CCCC3C2(O1)O)CC4=CC=CC=C4)NC(=O)C5CC6C(CC7=CNC8=CC=CC6=C78)N(C5)C,0,unreported_twosides_sampled,0.11646468937397003,0.14050565497155273,0.14050565497155273,fitted,platt_logistic_regression,0.5104907112694607,0,0.4058803347057707,0.4772727272727273,0.027777777777777776,no_interaction,1,False,0.25925925925925924,0.34234234234234234,0.25925925925925924,False,False,True
CC1CC2C3CCC4=CC(=O)C=CC4(C3(C(CC2(C1(C(=O)CCl)O)C)O)F)C,CCC1(CC2CC(C3=C(CCN(C2)C1)C4=CC=CC=C4N3)(C5=C(C=C6C(=C5)C78CCN9C7C(C=CC9)(C(C(C8N6C=O)(C(=O)OC)O)OC(=O)C)CC)OC)C(=O)OC)O,0,unreported_twosides_sampled,0.8992372155189514,0.886960610263571,0.886960610263571,fitted,platt_logistic_regression,0.5104907112694607,1,0.35282310928455,0.021885521885521887,0.5176767676767676,interaction,1,False,0.847457627118644,0.89,0.847457627118644,False,False,False
CC12CCC3C(C1CCC2O)CCC4=CC(=O)CCC34C,CC1C(C(C(C(O1)OC2C(OC(C(C2O)O)OC3C(OC(C(C3O)O)O)CO)CO)O)O)NC4C=C(C(C(C4O)O)O)CO,0,unreported_twosides_sampled,0.5199214816093445,0.5307402280687742,0.5307402280687742,fitted,platt_logistic_regression,0.5104907112694607,1,0.6912560649094432,0.15488215488215487,0.20033670033670034,no_interaction|interaction,2,True,0.723404255319149,0.29850746268656714,0.29850746268656714,False,False,True
CC(C)(C)C(C(=O)NC(CC1=CC=CC=C1)C(CN(CC2=CC=C(C=C2)C3=CC=CC=N3)NC(=O)C(C(C)(C)C)NC(=O)OC)O)NC(=O)OC,CCC1(CC2CC(C3=C(CCN(C2)C1)C4=CC=CC=C4N3)(C5=C(C=C6C(=C5)C78CCN9C7C(C=CC9)(C(C(C8N6C=O)(C(=O)OC)O)OC(=O)C)CC)OC)C(=O)OC)O,0,unreported_twosides_sampled,0.3247292637825012,0.34921633622041276,0.34921633622041276,fitted,platt_logistic_regression,0.5104907112694607,0,0.6469601702291834,0.2777777777777778,0.10185185185185185,no_interaction|interaction,2,True,0.3018867924528302,0.89,0.3018867924528302,False,False,True
CC1OCC2C(O1)C(C(C(O2)OC3C4COC(=O)C4C(C5=CC6=C(C=C35)OCO6)C7=CC(=C(C(=C7)OC)O)OC)O)O,CN1CCC23C4C1CC5=C2C(=C(C=C5)O)OC3C(C=C4)O,1,reported_twosides,0.4341805577278137,0.4518221155461966,0.4518221155461966,fitted,platt_logistic_regression,0.5104907112694607,0,0.6884977532548966,0.20875420875420875,0.14646464646464646,no_interaction|interaction,2,True,0.20588235294117646,0.5333333333333333,0.20588235294117646,False,False,True
CC(C)(C)C(C(=O)NC(CC1=CC=CC=C1)C(CN(CC2=CC=C(C=C2)C3=CC=CC=N3)NC(=O)C(C(C)(C)C)NC(=O)OC)O)NC(=O)OC,CCCC1CC(N(C1)C)C(=O)NC(C2C(C(C(C(O2)SC)O)O)O)C(C)Cl,1,reported_twosides,0.10541143268346786,0.12852154222158238,0.12852154222158238,fitted,platt_logistic_regression,0.5104907112694607,0,0.38356652438436944,0.4941077441077441,0.022727272727272728,no_interaction,1,False,0.3018867924528302,0.8545454545454545,0.3018867924528302,False,False,True
CCN(CC)C(=O)C(=CC1=CC(=C(C(=C1)O)O)[N+](=O)[O-])C#N,CNC1CCC(C2=CC=CC=C12)C3=CC(=C(C=C3)Cl)Cl,1,reported_twosides,0.026831766590476036,0.03739709608600138,0.03739709608600138,fitted,platt_logistic_regression,0.5104907112694607,0,0.15958186542001143,0.7070707070707071,0.0025252525252525255,no_interaction,1,False,0.35714285714285715,0.2549019607843137,0.2549019607843137,False,False,True
CC1=CN(C(=O)NC1=O)C2C=CC(O2)CO,COC1=C(C(=NC=C1)CS(=O)C2=NC3=C(N2)C=C(C=C3)OC(F)F)OC,1,reported_twosides,0.999777615070343,0.9995798305012388,0.9995798305012388,fitted,platt_logistic_regression,0.5104907112694607,1,0.0036868370340757232,0.0008417508417508417,0.9402356902356902,interaction,1,False,0.5652173913043478,0.5538461538461539,0.5538461538461539,False,False,False
CC(C)(C)NCC(C1=NC(=C(C=C1)O)CO)O,COC1=C(C=C2C(=C1)N=CN=C2NC3=CC(=C(C=C3)F)Cl)OCCCN4CCOCC4,0,unreported_twosides_sampled,0.9298932552337646,0.9186392686403275,0.9186392686403275,fitted,platt_logistic_regression,0.5104907112694607,1,0.2820802357990768,0.011784511784511785,0.5816498316498316,interaction,1,False,0.5227272727272727,0.40789473684210525,0.40789473684210525,False,False,False
C=CC1=C(N2C(C(C2=O)NC(=O)C(=NO)C3=CSC(=N3)N)SC1)C(=O)O,CCCC(CCC)C(=O)O,1,reported_twosides,0.022602975368499756,0.03199864399619623,0.03199864399619623,fitted,platt_logistic_regression,0.5104907112694607,0,0.14162244628934356,0.7272727272727273,0.0008417508417508417,no_interaction,1,False,0.7941176470588235,0.27586206896551724,0.27586206896551724,False,False,True
CC(C)(C)C(C(=O)NC(CC1=CC=CC=C1)C(CN(CC2=CC=C(C=C2)C3=CC=CC=N3)NC(=O)C(C(C)(C)C)NC(=O)OC)O)NC(=O)OC,CC1=CC(=C(C=C1)C)OCCCC(C)(C)C(=O)O,1,reported_twosides,0.25359365344047546,0.280587126753561,0.280587126753561,fitted,platt_logistic_regression,0.5104907112694607,0,0.5935069815355242,0.3265993265993266,0.07575757575757576,no_interaction,1,False,0.3018867924528302,0.26,0.26,False,False,True
CC(C)C1=C(C(=CC=C1)C(C)C)O,CCCC1=NC2=C(N1CC3=CC=C(C=C3)C4=CC=CC=C4C(=O)O)C=C(C=C2C)C5=NC6=CC=CC=C6N5C,1,reported_twosides,0.42354005575180054,0.44196044028212605,0.44196044028212605,fitted,platt_logistic_regression,0.5104907112694607,0,0.6863947875665022,0.21548821548821548,0.14309764309764308,no_interaction|interaction,2,True,0.2857142857142857,0.38823529411764707,0.2857142857142857,False,False,True
CC(C)C1=C(C(=CC=C1)C(C)C)O,CCCC(CCC)C(=O)O,1,reported_twosides,0.2112901359796524,0.23870552564561795,0.23870552564561795,fitted,platt_logistic_regression,0.5104907112694607,0,0.5495832149777824,0.3720538720538721,0.054713804713804715,no_interaction,1,False,0.2857142857142857,0.27586206896551724,0.27586206896551724,False,False,True
CC1C(C(C(C(O1)OC2C(OC(C(C2O)O)OC3C(OC(C(C3O)O)O)CO)CO)O)O)NC4C=C(C(C(C4O)O)O)CO,COC1=C(C=C2C(=C1)N=CN=C2NC3=CC(=C(C=C3)F)Cl)OCCCN4CCOCC4,0,unreported_twosides_sampled,0.7891894578933716,0.7794085144095281,0.7794085144095281,fitted,platt_logistic_regression,0.5104907112694607,1,0.5276555661168492,0.04882154882154882,0.382996632996633,interaction,1,False,0.29850746268656714,0.40789473684210525,0.29850746268656714,False,False,True
C1=NC2=C(N1COC(CO)CO)NC(=NC2=O)N,CC(C)(C)NCC(C1=NC(=C(C=C1)O)CO)O,0,unreported_twosides_sampled,0.8929144740104675,0.8805544747546968,0.8805544747546968,fitted,platt_logistic_regression,0.5104907112694607,1,0.36581878141248925,0.021885521885521887,0.5075757575757576,interaction,1,False,0.6739130434782609,0.5227272727272727,0.5227272727272727,False,False,False
CC12CCC3C(C1CCC2=O)CC(=C)C4=CC(=O)C=CC34C,CC1OCC2C(O1)C(C(C(O2)OC3C4COC(=O)C4C(C5=CC6=C(C=C35)OCO6)C7=CC(=C(C(=C7)OC)O)OC)O)O,0,unreported_twosides_sampled,0.749708890914917,0.7421995946636921,0.7421995946636921,fitted,platt_logistic_regression,0.5104907112694607,1,0.5707436138355702,0.06313131313131314,0.35185185185185186,interaction,1,False,0.3235294117647059,0.20588235294117646,0.20588235294117646,False,False,True
CC(C)(C)NCC(C1=NC(=C(C=C1)O)CO)O,CCC1=C(CN(C1=O)C(=O)NCCC2=CC=C(C=C2)S(=O)(=O)NC(=O)NC3CCC(CC3)C)C,0,unreported_twosides_sampled,0.9491686224937439,0.939238502895685,0.939238502895685,fitted,platt_logistic_regression,0.5104907112694607,1,0.22905768814414082,0.005892255892255892,0.6212121212121212,interaction,1,False,0.5227272727272727,0.48,0.48,False,False,False
CC1=CC(=C(C=C1)C)OCCCC(C)(C)C(=O)O,CN=C1CN(C(=C2C=C(C=CC2=N1)Cl)C3=CC=CC=C3)O,0,unreported_twosides_sampled,0.18309752643108368,0.210224671836915,0.210224671836915,fitted,platt_logistic_regression,0.5104907112694607,0,0.5142541919516291,0.39646464646464646,0.045454545454545456,no_interaction,1,False,0.26,0.3387096774193548,0.26,False,False,True
CC1=CC(=C(C=C1)C)OCCCC(C)(C)C(=O)O,CNS(=O)(=O)CCC1=CC2=C(C=C1)NC=C2C3CCN(CC3)C,0,unreported_twosides_sampled,0.4280100464820862,0.4461055913810226,0.4461055913810226,fitted,platt_logistic_regression,0.5104907112694607,0,0.6873266644018934,0.21212121212121213,0.1447811447811448,no_interaction|interaction,2,True,0.26,0.4492753623188406,0.26,False,False,True
CC1=NN=C(S1)SCC2=C(N3C(C(C3=O)NC(=O)CN4C=NN=N4)SC2)C(=O)[O-],CNC1CCC(C2=CC=CC=C12)C3=CC(=C(C=C3)Cl)Cl,1,reported_twosides,0.36240822076797485,0.3848685589353976,0.3848685589353976,fitted,platt_logistic_regression,0.5104907112694607,0,0.6663972998696361,0.255050505050505,0.11363636363636363,no_interaction|interaction,2,True,0.4574468085106383,0.2549019607843137,0.2549019607843137,False,False,True
C(CCl)NC(=O)N(CCCl)N=O,CN1CCC23C4C1CC5=C2C(=C(C=C5)O)OC3C(C=C4)O,1,reported_twosides,0.2508420944213867,0.27789046181848304,0.27789046181848304,fitted,platt_logistic_regression,0.5104907112694607,0,0.590949885522223,0.32996632996632996,0.07575757575757576,no_interaction,1,False,0.2391304347826087,0.5333333333333333,0.2391304347826087,False,False,True
CC(C)(C)NCC(C1=NC(=C(C=C1)O)CO)O,CC(CCC(=O)O)C1CCC2C1(CCC3C2C(CC4C3(CCC(C4)O)C)O)C,0,unreported_twosides_sampled,0.41973957419395447,0.4384333830758886,0.4384333830758886,fitted,platt_logistic_regression,0.5104907112694607,0,0.6855470101239596,0.21717171717171718,0.13973063973063973,no_interaction|interaction,2,True,0.5227272727272727,0.25925925925925924,0.25925925925925924,False,False,True
CC(C)C1=C(C(=CC=C1)C(C)C)O,CC12CCC3C(C1CCC2=O)CC(=C)C4=CC(=O)C=CC34C,0,unreported_twosides_sampled,0.21235592663288116,0.23977258017384104,0.23977258017384104,fitted,platt_logistic_regression,0.5104907112694607,0,0.5508176441068436,0.3712121212121212,0.054713804713804715,no_interaction,1,False,0.2857142857142857,0.3235294117647059,0.2857142857142857,False,False,True
CC12CCC3C(C1CCC2O)CCC4=CC(=O)CCC34C,CC1=CC(=C(C=C1)C)OCCCC(C)(C)C(=O)O,1,reported_twosides,0.5195823907852173,0.5304294878860145,0.5304294878860145,fitted,platt_logistic_regression,0.5104907112694607,1,0.691294128209818,0.15488215488215487,0.20033670033670034,no_interaction|interaction,2,True,0.723404255319149,0.26,0.26,False,False,True
CC12CCC3C(C1CCC2C(=O)NC(C)(C)C)CCC4C3(C=CC(=O)N4)C,CC1=CC(=C(C=C1)C)OCCCC(C)(C)C(=O)O,1,reported_twosides,0.353563129901886,0.3765353680353772,0.3765353680353772,fitted,platt_logistic_regression,0.5104907112694607,0,0.6623425172030832,0.25673400673400676,0.11195286195286196,no_interaction|interaction,2,True,0.3582089552238806,0.26,0.26,False,False,True
CC12CCC3C(C1CCC2C(=O)NC(C)(C)C)CCC4C3(C=CC(=O)N4)C,CCC1(CC2CC(C3=C(CCN(C2)C1)C4=CC=CC=C4N3)(C5=C(C=C6C(=C5)C78CCN9C7C(C=CC9)(C(C(C8N6C=O)(C(=O)OC)O)OC(=O)C)CC)OC)C(=O)OC)O,0,unreported_twosides_sampled,0.2959195673465729,0.3216545892630237,0.3216545892630237,fitted,platt_logistic_regression,0.5104907112694607,0,0.6281103554303352,0.2996632996632997,0.08922558922558922,no_interaction,1,False,0.3582089552238806,0.89,0.3582089552238806,False,False,True
CC1=CC(=C(C=C1)C)OCCCC(C)(C)C(=O)O,CCN(CC)C(=O)C(=CC1=CC(=C(C(=C1)O)O)[N+](=O)[O-])C#N,0,unreported_twosides_sampled,0.26091957092285156,0.28774987700923504,0.28774987700923504,fitted,platt_logistic_regression,0.5104907112694607,0,0.6001246445250621,0.32407407407407407,0.07912457912457913,no_interaction,1,False,0.26,0.35714285714285715,0.26,False,False,True
CC12CCC3C(C1CCC2O)CCC4=CC(=O)CCC34C,CC1=C(C(CCC1)(C)C)C=CC(=CC=CC(=CCO)C)C,0,unreported_twosides_sampled,0.4655291438102722,0.4807746979949703,0.4807746979949703,fitted,platt_logistic_regression,0.5104907112694607,0,0.6924077738268292,0.19444444444444445,0.16582491582491582,no_interaction|interaction,2,True,0.723404255319149,0.6956521739130435,0.6956521739130435,False,False,False
CC1(C(=O)N2C(C(=O)N3CCCC3C2(O1)O)CC4=CC=CC=C4)NC(=O)C5CC6C(CC7=CNC8=CC=CC6=C78)N(C5)C,CCCC(CCC)C(=O)O,1,reported_twosides,0.1181546002626419,0.14232550083114165,0.14232550083114165,fitted,platt_logistic_regression,0.5104907112694607,0,0.40916258833212726,0.4739057239057239,0.027777777777777776,no_interaction,1,False,0.34234234234234234,0.27586206896551724,0.27586206896551724,False,False,True
CC(CCC(=O)O)C1CCC2C1(CCC3C2C(CC4C3(CCC(C4)O)C)O)C,CN=C1CN(C(=C2C=C(C=CC2=N1)Cl)C3=CC=CC=C3)O,0,unreported_twosides_sampled,0.008037756197154522,0.012460089280017265,0.012460089280017265,fitted,platt_logistic_regression,0.5104907112694607,0,0.06702242796393378,0.8055555555555556,0.0008417508417508417,no_interaction,1,False,0.25925925925925924,0.3387096774193548,0.25925925925925924,False,False,True
CC(=O)N(CCCCCNC(=O)CCC(=O)N(CCCCCNC(=O)CCC(=O)N(CCCCCN)O)O)O,CN(C)CCC=C1C2=CC=CC=C2COC3=CC=CC=C31,0,unreported_twosides_sampled,0.6102414131164551,0.6134024291832774,0.6134024291832774,fitted,platt_logistic_regression,0.5104907112694607,1,0.6672017822983496,0.11531986531986532,0.25252525252525254,no_interaction|interaction,2,True,0.3,0.7027027027027027,0.3,False,False,True
CC1C(C(C(C(O1)OC2C(OC(C(C2O)O)OC3C(OC(C(C3O)O)O)CO)CO)O)O)NC4C=C(C(C(C4O)O)O)CO,CCC1=C(CN(C1=O)C(=O)NCCC2=CC=C(C=C2)S(=O)(=O)NC(=O)NC3CCC(CC3)C)C,1,reported_twosides,0.7398414015769958,0.7329718176254355,0.7329718176254355,fitted,platt_logistic_regression,0.5104907112694607,1,0.5802805469740211,0.06902356902356903,0.34175084175084175,interaction,1,False,0.29850746268656714,0.48,0.29850746268656714,False,False,True
CC(C)C1=C(C(=CC=C1)C(C)C)O,CCN(CC)C(=O)C(=CC1=CC(=C(C(=C1)O)O)[N+](=O)[O-])C#N,1,reported_twosides,0.32787322998046875,0.3522073127459527,0.3522073127459527,fitted,platt_logistic_regression,0.5104907112694607,0,0.6488023543091765,0.27441077441077444,0.10353535353535354,no_interaction|interaction,2,True,0.2857142857142857,0.35714285714285715,0.2857142857142857,False,False,True
CC1=NN=C(S1)SCC2=C(N3C(C(C3=O)NC(=O)CN4C=NN=N4)SC2)C(=O)[O-],CC1C(C(C(C(O1)OC2C(OC(C(C2O)O)OC3C(OC(C(C3O)O)O)CO)CO)O)O)NC4C=C(C(C(C4O)O)O)CO,1,reported_twosides,0.5799631476402283,0.58569327660659,0.58569327660659,fitted,platt_logistic_regression,0.5104907112694607,1,0.678387747459129,0.1271043771043771,0.23148148148148148,no_interaction|interaction,2,True,0.4574468085106383,0.29850746268656714,0.29850746268656714,False,False,True
C1=NC2=C(N1COC(CO)CO)NC(=NC2=O)N,C=CC1=C(N2C(C(C2=O)NC(=O)C(=NO)C3=CSC(=N3)N)SC1)C(=O)O,0,unreported_twosides_sampled,0.3466026186943054,0.3699627347229571,0.3699627347229571,fitted,platt_logistic_regression,0.5104907112694607,0,0.658935844497244,0.2601010101010101,0.10942760942760943,no_interaction|interaction,2,True,0.6739130434782609,0.7941176470588235,0.6739130434782609,False,False,False
CCC1(CC2CC(C3=C(CCN(C2)C1)C4=CC=CC=C4N3)(C5=C(C=C6C(=C5)C78CCN9C7C(C=CC9)(C(C(C8N6C=O)(C(=O)OC)O)OC(=O)C)CC)OC)C(=O)OC)O,CN(C)CCC=C1C2=CC=CC=C2COC3=CC=CC=C31,0,unreported_twosides_sampled,0.18753723800182343,0.214743974171571,0.214743974171571,fitted,platt_logistic_regression,0.5104907112694607,0,0.5201746250827881,0.39141414141414144,0.046296296296296294,no_interaction,1,False,0.89,0.7027027027027027,0.7027027027027027,False,False,False
CC(C)C1=C(C(=CC=C1)C(C)C)O,CCCC1CC(N(C1)C)C(=O)NC(C2C(C(C(C(O2)SC)O)O)O)C(C)Cl,1,reported_twosides,0.04502279683947563,0.05978401817909691,0.05978401817909691,fitted,platt_logistic_regression,0.5104907112694607,0,0.22637282688062899,0.6237373737373737,0.005892255892255892,no_interaction,1,False,0.2857142857142857,0.8545454545454545,0.2857142857142857,False,False,True
CC1=CC(=C(C=C1)C)OCCCC(C)(C)C(=O)O,CN(CC1=CN=C2C(=N1)C(=NC(=N2)N)N)C3=CC=C(C=C3)C(=O)NC(CCC(=O)O)C(=O)O,1,reported_twosides,0.24088288843631744,0.2680997121886164,0.2680997121886164,fitted,platt_logistic_regression,0.5104907112694607,0,0.5813595968090493,0.3409090909090909,0.06986531986531987,no_interaction,1,False,0.26,0.4868421052631579,0.26,False,False,True
CC(C)C1=C(C(=CC=C1)C(C)C)O,CC1=NC=C2N1C3=C(C=C(C=C3)Cl)C(=NC2)C4=CC=CC=C4F,1,reported_twosides,0.15442794561386108,0.18069499606037862,0.18069499606037862,fitted,platt_logistic_regression,0.5104907112694607,0,0.472445707736635,0.4292929292929293,0.03956228956228956,no_interaction,1,False,0.2857142857142857,0.5454545454545454,0.2857142857142857,False,False,True
CCC1=C(CN(C1=O)C(=O)NCCC2=CC=C(C=C2)S(=O)(=O)NC(=O)NC3CCC(CC3)C)C,CN(CC1=CN=C2C(=N1)C(=NC(=N2)N)N)C3=CC=C(C=C3)C(=O)NC(CCC(=O)O)C(=O)O,1,reported_twosides,0.3157515823841095,0.3406579586402007,0.3406579586402007,fitted,platt_logistic_regression,0.5104907112694607,0,0.6414709337502054,0.2878787878787879,0.09848484848484848,no_interaction,1,False,0.48,0.4868421052631579,0.48,False,False,False
CC1CC2C3CCC4=CC(=O)C=CC4(C3(C(CC2(C1(C(=O)CCl)O)C)O)F)C,CNC1CCC(C2=CC=CC=C12)C3=CC(=C(C=C3)Cl)Cl,1,reported_twosides,0.9999632835388184,0.9999196315014592,0.9999196315014592,fitted,platt_logistic_regression,0.5104907112694607,1,0.0008381508618942224,0.0008417508417508417,0.9663299663299664,interaction,1,False,0.847457627118644,0.2549019607843137,0.2549019607843137,False,False,True
CC1(OC2CC3C4CCC5=CC(=O)C=CC5(C4C(CC3(C2(O1)C(=O)CO)C)O)C)C,CCC1(CC2CC(C3=C(CCN(C2)C1)C4=CC=CC=C4N3)(C5=C(C=C6C(=C5)C78CCN9C7C(C=CC9)(C(C(C8N6C=O)(C(=O)OC)O)OC(=O)C)CC)OC)C(=O)OC)O,0,unreported_twosides_sampled,0.39245903491973877,0.4130345718413707,0.4130345718413707,fitted,platt_logistic_regression,0.5104907112694607,0,0.6779440060572186,0.23232323232323232,0.12626262626262627,no_interaction|interaction,2,True,0.7313432835820896,0.89,0.7313432835820896,False,False,False
CC1OCC2C(O1)C(C(C(O2)OC3C4COC(=O)C4C(C5=CC6=C(C=C35)OCO6)C7=CC(=C(C(=C7)OC)O)OC)O)O,CCCC(CCC)C(=O)O,1,reported_twosides,0.14576895534992218,0.1716470774093093,0.1716470774093093,fitted,platt_logistic_regression,0.5104907112694607,0,0.45848827516840895,0.4385521885521885,0.037037037037037035,no_interaction,1,False,0.20588235294117646,0.27586206896551724,0.20588235294117646,False,False,True
CN1CCC23C4C1CC5=C2C(=C(C=C5)O)OC3C(C=C4)O,CN=C1CN(C(=C2C=C(C=CC2=N1)Cl)C3=CC=CC=C3)O,1,reported_twosides,0.04304131120443344,0.05739929882211588,0.05739929882211588,fitted,platt_logistic_regression,0.5104907112694607,0,0.21975081079396142,0.6313131313131313,0.005892255892255892,no_interaction,1,False,0.5333333333333333,0.3387096774193548,0.3387096774193548,False,False,True
C1=NC2C(=N1)NC(=NC2=S)N,COC1=C(C(=NC=C1)CS(=O)C2=NC3=C(N2)C=C(C=C3)OC(F)F)OC,0,unreported_twosides_sampled,0.9999368190765381,0.9998676988915485,0.9998676988915485,fitted,platt_logistic_regression,0.5104907112694607,1,0.0013137981585852785,0.0008417508417508417,0.9587542087542088,interaction,1,False,0.15555555555555556,0.5538461538461539,0.15555555555555556,False,False,True
CCCC1CC(N(C1)C)C(=O)NC(C2C(C(C(C(O2)SC)O)O)O)C(C)Cl,COC1=C(C=C2C(=C1)C(=NC(=N2)N3CCN(CC3)C(=O)C4COC5=CC=CC=C5O4)N)OC,1,reported_twosides,0.23552656173706055,0.262813750221168,0.262813750221168,fitted,platt_logistic_regression,0.5104907112694607,0,0.5759794844011855,0.3451178451178451,0.06481481481481481,no_interaction,1,False,0.8545454545454545,0.6515151515151515,0.6515151515151515,False,False,False
CC12CCC3C(C1CCC2C(=O)NC(C)(C)C)CCC4C3(C=CC(=O)N4)C,CCC1=C(CN(C1=O)C(=O)NCCC2=CC=C(C=C2)S(=O)(=O)NC(=O)NC3CCC(CC3)C)C,1,reported_twosides,0.10518277436494827,0.12827208504951465,0.12827208504951465,fitted,platt_logistic_regression,0.5104907112694607,0,0.3830887618038053,0.4941077441077441,0.022727272727272728,no_interaction,1,False,0.3582089552238806,0.48,0.3582089552238806,False,False,True
CC1(C(=O)N2C(C(=O)N3CCCC3C2(O1)O)CC4=CC=CC=C4)NC(=O)C5CC6C(CC7=CNC8=CC=CC6=C78)N(C5)C,CCCCCC(C=CC1C(CC2C1CC(=CCCCC(=O)O)O2)O)O,0,unreported_twosides_sampled,0.11795984953641891,0.14211593729472374,0.14211593729472374,fitted,platt_logistic_regression,0.5104907112694607,0,0.4087860096365685,0.4739057239057239,0.027777777777777776,no_interaction,1,False,0.34234234234234234,0.5625,0.34234234234234234,False,False,True
CC1C(C(C(C(O1)OC2C(OC(C(C2O)O)OC3C(OC(C(C3O)O)O)CO)CO)O)O)NC4C=C(C(C(C4O)O)O)CO,CCCCC(C)(CC=CC1C(CC(=O)C1CCCCCCC(=O)OC)O)O,0,unreported_twosides_sampled,0.7690902948379517,0.7604037278946664,0.7604037278946664,fitted,platt_logistic_regression,0.5104907112694607,1,0.550614112233818,0.054713804713804715,0.3712121212121212,interaction,1,False,0.29850746268656714,0.49230769230769234,0.29850746268656714,False,False,True
CC(C)(C)NCC(C1=NC(=C(C=C1)O)CO)O,CN(C)CCC=C1C2=CC=CC=C2COC3=CC=CC=C31,1,reported_twosides,0.9092797636985779,0.8972176966295927,0.8972176966295927,fitted,platt_logistic_regression,0.5104907112694607,1,0.3311536616276228,0.020202020202020204,0.5429292929292929,interaction,1,False,0.5227272727272727,0.7027027027027027,0.5227272727272727,False,False,False
C=CC1=C(N2C(C(C2=O)NC(=O)C(=NO)C3=CSC(=N3)N)SC1)C(=O)O,CC(CCC(=O)O)C1CCC2C1(CCC3C2C(CC4C3(CCC(C4)O)C)O)C,0,unreported_twosides_sampled,0.08224283903837204,0.10288993097955093,0.10288993097955093,fitted,platt_logistic_regression,0.5104907112694607,0,0.3313867940033565,0.5429292929292929,0.021043771043771045,no_interaction,1,False,0.7941176470588235,0.25925925925925924,0.25925925925925924,False,False,True
CC(C)C1=C(C(=CC=C1)C(C)C)O,CC1(C(=O)N2C(C(=O)N3CCCC3C2(O1)O)CC4=CC=CC=C4)NC(=O)C5CC6C(CC7=CNC8=CC=CC6=C78)N(C5)C,0,unreported_twosides_sampled,0.356684148311615,0.3794781434671023,0.3794781434671023,fitted,platt_logistic_regression,0.5104907112694607,0,0.6638080745630881,0.25673400673400676,0.1127946127946128,no_interaction|interaction,2,True,0.2857142857142857,0.34234234234234234,0.2857142857142857,False,False,True
CC(CCC(=O)O)C1CCC2C1(CCC3C2C(CC4C3(CCC(C4)O)C)O)C,CC12CCC3C(C1CCC2C(=O)NC(C)(C)C)CCC4C3(C=CC(=O)N4)C,0,unreported_twosides_sampled,0.5211414098739624,0.5318581030985556,0.5318581030985556,fitted,platt_logistic_regression,0.5104907112694607,1,0.6911159273911202,0.15488215488215487,0.20117845117845118,no_interaction|interaction,2,True,0.25925925925925924,0.3582089552238806,0.25925925925925924,False,False,True
C(CCl)NC(=O)N(CCCl)N=O,CC12CCC3C(C1CCC2C(=O)NC(C)(C)C)CCC4C3(C=CC(=O)N4)C,0,unreported_twosides_sampled,0.12466004490852356,0.14930215781445397,0.14930215781445397,fitted,platt_logistic_regression,0.5104907112694607,0,0.42149669782955884,0.4612794612794613,0.03198653198653199,no_interaction,1,False,0.2391304347826087,0.3582089552238806,0.2391304347826087,False,False,True
CC12CCC3C(C1CCC2C(=O)NC(C)(C)C)CCC4C3(C=CC(=O)N4)C,CC1=CN(C(=O)NC1=O)C2C=CC(O2)CO,0,unreported_twosides_sampled,0.5221924185752869,0.5328211183365622,0.5328211183365622,fitted,platt_logistic_regression,0.5104907112694607,1,0.6909911790487272,0.15488215488215487,0.20117845117845118,no_interaction|interaction,2,True,0.3582089552238806,0.5652173913043478,0.3582089552238806,False,False,True
CC12CCC3C(C1CCC2=O)CC(=C)C4=CC(=O)C=CC34C,COC1=C(C=C2C(=C1)N=CN=C2NC3=CC(=C(C=C3)F)Cl)OCCCN4CCOCC4,0,unreported_twosides_sampled,0.8447084426879883,0.8327681017314809,0.8327681017314809,fitted,platt_logistic_regression,0.5104907112694607,1,0.4514697649215981,0.0361952861952862,0.4393939393939394,interaction,1,False,0.3235294117647059,0.40789473684210525,0.3235294117647059,False,False,True
CCC1(CC2CC(C3=C(CCN(C2)C1)C4=CC=CC=C4N3)(C5=C(C=C6C(=C5)C78CCN9C7C(C=CC9)(C(C(C8N6C=O)(C(=O)OC)O)OC(=O)C)CC)OC)C(=O)OC)O,COC1=C(C(=NC=C1)CS(=O)C2=NC3=C(N2)C=C(C=C3)OC(F)F)OC,1,reported_twosides,0.8206647634506226,0.8094819502258038,0.8094819502258038,fitted,platt_logistic_regression,0.5104907112694607,1,0.48697327079604846,0.04208754208754209,0.4175084175084175,interaction,1,False,0.89,0.5538461538461539,0.5538461538461539,False,False,False
C(CCl)NC(=O)N(CCCl)N=O,CCCCC(C)(CC=CC1C(CC(=O)C1CCCCCCC(=O)OC)O)O,0,unreported_twosides_sampled,0.3126457631587982,0.33769097452088537,0.33769097452088537,fitted,platt_logistic_regression,0.5104907112694607,0,0.6394920218492546,0.2887205387205387,0.09595959595959595,no_interaction,1,False,0.2391304347826087,0.49230769230769234,0.2391304347826087,False,False,True
CC(C)C1=C(C(=CC=C1)C(C)C)O,CC(CCC(=O)O)C1CCC2C1(CCC3C2C(CC4C3(CCC(C4)O)C)O)C,1,reported_twosides,0.1855786144733429,0.21275189640362005,0.21275189640362005,fitted,platt_logistic_regression,0.5104907112694607,0,0.5175799769832958,0.3947811447811448,0.045454545454545456,no_interaction,1,False,0.2857142857142857,0.25925925925925924,0.25925925925925924,False,False,True
CCC1=C(CN(C1=O)C(=O)NCCC2=CC=C(C=C2)S(=O)(=O)NC(=O)NC3CCC(CC3)C)C,COC1=C(C=C2C(=C1)C(=NC(=N2)N3CCN(CC3)C(=O)C4COC5=CC=CC=C5O4)N)OC,1,reported_twosides,0.7764260768890381,0.7673241011927775,0.7673241011927775,fitted,platt_logistic_regression,0.5104907112694607,1,0.5424894988403122,0.05387205387205387,0.37457912457912457,interaction,1,False,0.48,0.6515151515151515,0.48,False,False,False
CC12CCC3C(C1CCC2O)CCC4=CC(=O)CCC34C,CN(C)CCC1=CNC2=C1C=C(C=C2)CN3C=NC=N3,0,unreported_twosides_sampled,0.6208460927009583,0.6231156951243019,0.6231156951243019,fitted,platt_logistic_regression,0.5104907112694607,1,0.6625182197984009,0.11195286195286196,0.25673400673400676,no_interaction|interaction,2,True,0.723404255319149,0.5272727272727272,0.5272727272727272,False,False,False
C1CC(CCC1C2=CC=C(C=C2)Cl)C3=C(C4=CC=CC=C4C(=O)C3=O)O,CC1(C(=O)N2C(C(=O)N3CCCC3C2(O1)O)CC4=CC=CC=C4)NC(=O)C5CC6C(CC7=CNC8=CC=CC6=C78)N(C5)C,0,unreported_twosides_sampled,0.2530606687068939,0.28006505146853816,0.28006505146853816,fitted,platt_logistic_regression,0.5104907112694607,0,0.5930147455673324,0.3265993265993266,0.07575757575757576,no_interaction,1,False,0.2549019607843137,0.34234234234234234,0.2549019607843137,False,False,True
CC1=C(C2=C(N1C(=O)C3=CC=C(C=C3)Cl)C=CC(=C2)OC)CC(=O)O,CC1CC2C3CCC4=CC(=O)C=CC4(C3(C(CC2(C1(C(=O)CCl)O)C)O)F)C,1,reported_twosides,0.9957448840141296,0.9936950591405954,0.9936950591405954,fitted,platt_logistic_regression,0.5104907112694607,1,0.038228511936455135,0.0008417508417508417,0.8501683501683501,interaction,1,False,0.2982456140350877,0.847457627118644,0.2982456140350877,False,False,True
CN(C)CCC=C1C2=CC=CC=C2COC3=CC=CC=C31,COC1=C(C=C2C(=C1)C(=NC(=N2)N3CCN(CC3)C(=O)C4COC5=CC=CC=C5O4)N)OC,1,reported_twosides,0.8503702878952026,0.8382980601777128,0.8382980601777128,fitted,platt_logistic_regression,0.5104907112694607,1,0.4424813385208531,0.03367003367003367,0.4478114478114478,interaction,1,False,0.7027027027027027,0.6515151515151515,0.6515151515151515,False,False,False
CC(CCC(=O)O)C1CCC2C1(CCC3C2C(CC4C3(CCC(C4)O)C)O)C,CC1OCC2C(O1)C(C(C(O2)OC3C4COC(=O)C4C(C5=CC6=C(C=C35)OCO6)C7=CC(=C(C(=C7)OC)O)OC)O)O,1,reported_twosides,0.07763424515724182,0.09769687317958545,0.09769687317958545,fitted,platt_logistic_regression,0.5104907112694607,0,0.31999281420745895,0.5513468013468014,0.018518518518518517,no_interaction,1,False,0.25925925925925924,0.20588235294117646,0.20588235294117646,False,False,True
CCC1=C(CN(C1=O)C(=O)NCCC2=CC=C(C=C2)S(=O)(=O)NC(=O)NC3CCC(CC3)C)C,CCCCC(C)(CC=CC1C(CC(=O)C1CCCCCCC(=O)OC)O)O,0,unreported_twosides_sampled,0.6889777183532715,0.685752757461631,0.685752757461631,fitted,platt_logistic_regression,0.5104907112694607,1,0.6224569031601705,0.08838383838383838,0.30808080808080807,interaction,1,False,0.48,0.49230769230769234,0.48,False,False,False
CCC1=C(CN(C1=O)C(=O)NCCC2=CC=C(C=C2)S(=O)(=O)NC(=O)NC3CCC(CC3)C)C,CN1CCC23C4C1CC5=C2C(=C(C=C5)O)OC3C(C=C4)O,1,reported_twosides,0.33578625321388245,0.3597216544805832,0.3597216544805832,fitted,platt_logistic_regression,0.5104907112694607,0,0.6532578766087884,0.2676767676767677,0.10606060606060606,no_interaction|interaction,2,True,0.48,0.5333333333333333,0.48,False,False,False
C=CC1=C(N2C(C(C2=O)NC(=O)C(=NO)C3=CSC(=N3)N)SC1)C(=O)O,CCCC1CC(N(C1)C)C(=O)NC(C2C(C(C(C(O2)SC)O)O)O)C(C)Cl,0,unreported_twosides_sampled,0.046853091567754745,0.06197689127222925,0.06197689127222925,fitted,platt_logistic_regression,0.5104907112694607,0,0.23237271282023034,0.617003367003367,0.005892255892255892,no_interaction,1,False,0.7941176470588235,0.8545454545454545,0.7941176470588235,False,False,False
CCCC1=NC2=C(N1CC3=CC=C(C=C3)C4=CC=CC=C4C(=O)O)C=C(C=C2C)C5=NC6=CC=CC=C6N5C,CN1CCC23C4C1CC5=C2C(=C(C=C5)O)OC3C(C=C4)O,1,reported_twosides,0.3791949450969696,0.40062878301578725,0.40062878301578725,fitted,platt_logistic_regression,0.5104907112694607,0,0.6732657930428297,0.24074074074074073,0.12121212121212122,no_interaction|interaction,2,True,0.38823529411764707,0.5333333333333333,0.38823529411764707,False,False,True
CC(C)(C)C(C(=O)NC(CC1=CC=CC=C1)C(CN(CC2=CC=C(C=C2)C3=CC=CC=N3)NC(=O)C(C(C)(C)C)NC(=O)OC)O)NC(=O)OC,CCCCCC(C=CC1C(CC2C1CC(=CCCCC(=O)O)O2)O)O,0,unreported_twosides_sampled,0.16640536487102509,0.19310798354857875,0.19310798354857875,fitted,platt_logistic_regression,0.5104907112694607,0,0.49069831968179733,0.41414141414141414,0.04292929292929293,no_interaction,1,False,0.3018867924528302,0.5625,0.3018867924528302,False,False,True
CN(C)CCC=C1C2=CC=CC=C2COC3=CC=CC=C31,COC1=C(C(=NC=C1)CS(=O)C2=NC3=C(N2)C=C(C=C3)OC(F)F)OC,1,reported_twosides,0.9999953508377075,0.9999879537232707,0.9999879537232707,fitted,platt_logistic_regression,0.5104907112694607,1,0.00014849142851568566,0.0008417508417508417,0.9848484848484849,interaction,1,False,0.7027027027027027,0.5538461538461539,0.5538461538461539,False,False,False
C(CCl)NC(=O)N(CCCl)N=O,CC1OCC2C(O1)C(C(C(O2)OC3C4COC(=O)C4C(C5=CC6=C(C=C35)OCO6)C7=CC(=C(C(=C7)OC)O)OC)O)O,1,reported_twosides,0.44044286012649536,0.45761734818673394,0.45761734818673394,fitted,platt_logistic_regression,0.5104907112694607,0,0.6895502875914781,0.2037037037037037,0.15151515151515152,no_interaction|interaction,2,True,0.2391304347826087,0.20588235294117646,0.20588235294117646,False,False,True
CCC1=C(CN(C1=O)C(=O)NCCC2=CC=C(C=C2)S(=O)(=O)NC(=O)NC3CCC(CC3)C)C,CCCCCC(C=CC1C(CC2C1CC(=CCCCC(=O)O)O2)O)O,1,reported_twosides,0.1240730956196785,0.1486745422107942,0.1486745422107942,fitted,platt_logistic_regression,0.5104907112694607,0,0.42040304097493275,0.46296296296296297,0.03198653198653199,no_interaction,1,False,0.48,0.5625,0.48,False,False,False
