source,target,label,label_evidence,raw_prediction_score,calibrated_prediction_score,prediction_score,calibration_status,calibration_method,threshold,predicted_label
CC1=C(C(=CC=C1)NC2=CC=CC=C2C(=O)O)C,CN(C)CCC1=CNC2=C1C=C(C=C2)CC3COC(=O)N3,1.0,reported_twosides,4.2483545e-18,0.0919921710556056,0.0919921710556056,fitted,platt_logistic_regression,0.48023811648639086,0
CC1=NC=C(N1CCO)[N+](=O)[O-],CCC1=C2C(=CC=C1)C3=C(N2)C(OCC3)(CC)CC(=O)O,0.0,unreported_twosides_sampled,0.9314161,0.5805935504890755,0.5805935504890755,fitted,platt_logistic_regression,0.48023811648639086,1
CC12CC(=O)C3C(C1CCC2(C(=O)CO)O)CCC4=CC(=O)C=CC34C,CNS(=O)(=O)CCC1=CC2=C(C=C1)NC=C2C3CCN(CC3)C,1.0,reported_twosides,3.0305232e-09,0.0919921710556056,0.0919921710556056,fitted,platt_logistic_regression,0.48023811648639086,0
CC(=O)N(CCCCCNC(=O)CCC(=O)N(CCCCCNC(=O)CCC(=O)N(CCCCCN)O)O)O,CCCCN1CCCCC1C(=O)NC2=C(C=CC=C2C)C,0.0,unreported_twosides_sampled,0.090101264,0.38740568434762335,0.38740568434762335,fitted,platt_logistic_regression,0.48023811648639086,0
CCC1=C(C(=NC(=N1)N)N)C2=CC=C(C=C2)Cl,CN(C)CCC=C1C2=CC=CC=C2C=CC3=CC=CC=C31,0.0,unreported_twosides_sampled,1.0,0.891810177985089,0.891810177985089,fitted,platt_logistic_regression,0.48023811648639086,1
C1=CC(=C(C=C1Cl)Cl)C(CN2C=CN=C2)OCC3=C(SC=C3)Cl,CCCNC(=O)NS(=O)(=O)C1=CC=C(C=C1)Cl,0.0,unreported_twosides_sampled,4.2483545e-18,0.0919921710556056,0.0919921710556056,fitted,platt_logistic_regression,0.48023811648639086,0
C(N)(N)(Cl)Cl,CN1CCN(CC1)CCCN2C3=CC=CC=C3SC4=C2C=C(C=C4)Cl,1.0,reported_twosides,4.2483545e-18,0.0919921710556056,0.0919921710556056,fitted,platt_logistic_regression,0.48023811648639086,0
CCN(CCCC(C)NC1=C2C=CC(=CC2=NC=C1)Cl)CCO,COC1=C(C=C2C(=C1)CC(C2=O)CC3CCN(CC3)CC4=CC=CC=C4)OC,1.0,reported_twosides,4.2483545e-18,0.0919921710556056,0.0919921710556056,fitted,platt_logistic_regression,0.48023811648639086,0
CC(C)C1=NC(=CS1)CN(C)C(=O)NC(C(C)C)C(=O)NC(CC2=CC=CC=C2)CC(C(CC3=CC=CC=C3)NC(=O)OCC4=CN=CS4)O,CCCCC1=C(C2=CC=CC=C2O1)C(=O)C3=CC(=C(C(=C3)I)OCC[NH+](CC)CC)I,0.0,unreported_twosides_sampled,4.2483545e-18,0.0919921710556056,0.0919921710556056,fitted,platt_logistic_regression,0.48023811648639086,0
C1=CC=C(C=C1)C(C2=CC=CC=C2)(C3=CC=CC=C3Cl)N4C=CN=C4,CCCNC1CCC2=C(C1)SC(=N2)N,0.0,unreported_twosides_sampled,4.2483545e-18,0.0919921710556056,0.0919921710556056,fitted,platt_logistic_regression,0.48023811648639086,0
CC12CCC3C(C1CCC2(C#C)O)CCC4=CC(=O)CCC34,CC1COC2=C3N1C=C(C(=O)C3=CC(=C2N4CCN(CC4)C)F)C(=O)O,1.0,reported_twosides,9.265117e-06,0.12618456344555273,0.12618456344555273,fitted,platt_logistic_regression,0.48023811648639086,0
CC1COC2=C3N1C=C(C(=O)C3=CC(=C2N4CCN(CC4)C)F)C(=O)O,CCCCCC(C=CC1C(CC(=O)C1CCCCCCC(=O)O)O)O,1.0,reported_twosides,4.2483545e-18,0.0919921710556056,0.0919921710556056,fitted,platt_logistic_regression,0.48023811648639086,0
CC(CCC(=O)O)C1CCC2C1(CCC3C2C(CC4C3(CCC(C4)O)C)O)C,CC1NC2=CC(=C(C=C2C(=O)N1C3=CC=CC=C3C)S(=O)(=O)N)Cl,0.0,unreported_twosides_sampled,4.2483545e-18,0.0919921710556056,0.0919921710556056,fitted,platt_logistic_regression,0.48023811648639086,0
CC(C(=O)C1=CC(=CC=C1)Cl)NC(C)(C)C,CCCCC1=C(C2=CC=CC=C2O1)C(=O)C3=CC(=C(C(=C3)I)OCC[NH+](CC)CC)I,1.0,reported_twosides,4.2483545e-18,0.0919921710556056,0.0919921710556056,fitted,platt_logistic_regression,0.48023811648639086,0
CC1(C(N2C(S1)C(C2=O)NC(=O)CC3=CC=CC=C3)C(=O)O)C,CCC(=C)C(=O)C1=C(C(=C(C=C1)OCC(=O)O)Cl)Cl,0.0,unreported_twosides_sampled,1.0,0.891810177985089,0.891810177985089,fitted,platt_logistic_regression,0.48023811648639086,1
CC12CC(=O)C3C(C1CCC2(C(=O)CO)O)CCC4=CC(=O)C=CC34C,CN(C)CCCN1C2=CC=CC=C2CCC3=CC=CC=C31,1.0,reported_twosides,9.4266725e-05,0.17281858545667728,0.17281858545667728,fitted,platt_logistic_regression,0.48023811648639086,0
C(C(CO[N+](=O)[O-])O[N+](=O)[O-])O[N+](=O)[O-],C1CN2C(=CC=C2C(=O)C3=CC=CC=C3)C1C(=O)O,1.0,reported_twosides,1.0,0.891810177985089,0.891810177985089,fitted,platt_logistic_regression,0.48023811648639086,1
CC(CC1=CC(=C(C=C1)O)O)(C(=O)O)N,CC12CCC3C(C1CCC2(C#C)O)CCC4=CC(=O)CCC34,0.0,unreported_twosides_sampled,1.848388e-06,0.10049385174966563,0.10049385174966563,fitted,platt_logistic_regression,0.48023811648639086,0
CC12CC(=O)C3C(C1CCC2(C(=O)CO)O)CCC4=CC(=O)C=CC34C,CC1=C(N=CN1)CSCCNC(=NC)NC#N,1.0,reported_twosides,1.0,0.891810177985089,0.891810177985089,fitted,platt_logistic_regression,0.48023811648639086,1
CCCC1=NN(C2=C1NC(=NC2=O)C3=C(C=CC(=C3)S(=O)(=O)N4CCN(CC4)C)OCC)C,CCN(CC)CCOC(=O)C1(CCCCC1)C2CCCCC2,1.0,reported_twosides,4.2483545e-18,0.0919921710556056,0.0919921710556056,fitted,platt_logistic_regression,0.48023811648639086,0
CCC(=O)OC(C(C)C)OP(=O)(CCCCC1=CC=CC=C1)CC(=O)N2CC(CC2C(=O)[O-])C3CCCCC3,CS(=O)(=O)C1=CC=C(C=C1)C2=C(C(=O)OC2)C3=CC=CC=C3,1.0,reported_twosides,3.8386916e-10,0.0919921710556056,0.0919921710556056,fitted,platt_logistic_regression,0.48023811648639086,0
CCC(=O)OC(C(C)C)OP(=O)(CCCCC1=CC=CC=C1)CC(=O)N2CC(CC2C(=O)[O-])C3CCCCC3,CCC1=C2C(=CC=C1)C3=C(N2)C(OCC3)(CC)CC(=O)O,1.0,reported_twosides,4.2483545e-18,0.0919921710556056,0.0919921710556056,fitted,platt_logistic_regression,0.48023811648639086,0
CC1NC2=CC(=C(C=C2C(=O)N1C3=CC=CC=C3C)S(=O)(=O)N)Cl,CCC(=C)C(=O)C1=C(C(=C(C=C1)OCC(=O)O)Cl)Cl,0.0,unreported_twosides_sampled,1.0,0.891810177985089,0.891810177985089,fitted,platt_logistic_regression,0.48023811648639086,1
C1=CN(C(=O)N=C1N)C2C(C(C(O2)CO)O)O,C1CC(C1)(C(=O)O)C(=O)O.N.N.[Pt],1.0,reported_twosides,4.2483545e-18,0.0919921710556056,0.0919921710556056,fitted,platt_logistic_regression,0.48023811648639086,0
CC(=O)N(CCCCCNC(=O)CCC(=O)N(CCCCCNC(=O)CCC(=O)N(CCCCCN)O)O)O,CC1=CC(=CC=C1)CN2CCN(CC2)C(C3=CC=CC=C3)C4=CC=C(C=C4)Cl,0.0,unreported_twosides_sampled,1.0,0.891810177985089,0.891810177985089,fitted,platt_logistic_regression,0.48023811648639086,1
CCCCCCCCCCCC(CC1C(C(=O)O1)CCCCCC)OC(=O)C(CC(C)C)NC=O,CN(C)CCC=C1C2=CC=CC=C2COC3=C1C=C(C=C3)CC(=O)O,1.0,reported_twosides,4.2483545e-18,0.0919921710556056,0.0919921710556056,fitted,platt_logistic_regression,0.48023811648639086,0
CCCCCC(CCC1C(CC2C1CC3=C(C2)C(=CC=C3)OCC(=O)O)O)O,CN(C)CCC=C1C2=CC=CC=C2C=CC3=CC=CC=C31,0.0,unreported_twosides_sampled,4.2483545e-18,0.0919921710556056,0.0919921710556056,fitted,platt_logistic_regression,0.48023811648639086,0
CC(C)(C)NCC(C1=CC(=C(C=C1)O)CO)O,CCC(CC)OC1C=C(CC(C1NC(=O)C)N)C(=O)OCC,1.0,reported_twosides,4.2483545e-18,0.0919921710556056,0.0919921710556056,fitted,platt_logistic_regression,0.48023811648639086,0
CCC(=C)C(=O)C1=C(C(=C(C=C1)OCC(=O)O)Cl)Cl,CNS(=O)(=O)CCC1=CC2=C(C=C1)NC=C2C3CCN(CC3)C,0.0,unreported_twosides_sampled,5.8468785e-10,0.0919921710556056,0.0919921710556056,fitted,platt_logistic_regression,0.48023811648639086,0
CC12CC(C3(C(C1CC(C2(C(=O)CO)O)O)CCC4=CC(=O)C=CC43C)F)O,CS(=O)(=O)C1=CC=C(C=C1)C2=C(C(=O)OC2)C3=CC=CC=C3,1.0,reported_twosides,2.8636487e-09,0.0919921710556056,0.0919921710556056,fitted,platt_logistic_regression,0.48023811648639086,0
CCCC1=NN(C2=C1NC(=NC2=O)C3=C(C=CC(=C3)S(=O)(=O)N4CCN(CC4)C)OCC)C,CN1CCN(CC1)CCCN2C3=CC=CC=C3SC4=C2C=C(C=C4)Cl,1.0,reported_twosides,4.2483545e-18,0.0919921710556056,0.0919921710556056,fitted,platt_logistic_regression,0.48023811648639086,0
C1CN2C(=CC=C2C(=O)C3=CC=CC=C3)C1C(=O)O,CC(C(=O)C1=CC(=CC=C1)Cl)NC(C)(C)C,1.0,reported_twosides,0.99999964,0.891810177985089,0.891810177985089,fitted,platt_logistic_regression,0.48023811648639086,1
CC1C(C(=O)N1S(=O)(=O)O)NC(=O)C(=NOC(C)(C)C(=O)O)C2=CSC(=N2)N,CNS(=O)(=O)CCC1=CC2=C(C=C1)NC=C2C3CCN(CC3)C,0.0,unreported_twosides_sampled,0.9966529,0.6935507778563275,0.6935507778563275,fitted,platt_logistic_regression,0.48023811648639086,1
CC(C)(C)NCC(C1=CC(=C(C=C1)O)CO)O,CC(CCC(=O)O)C1CCC2C1(CCC3C2C(CC4C3(CCC(C4)O)C)O)C,1.0,reported_twosides,4.2483545e-18,0.0919921710556056,0.0919921710556056,fitted,platt_logistic_regression,0.48023811648639086,0
CCC(C)C1C(CCC2(O1)CC3CC(O2)CC=C(C(C(C=CC=C4COC5C4(C(C=C(C5O)C)C(=O)O3)O)C)OC6CC(C(C(O6)C)OC7CC(C(C(O7)C)O)OC)OC)C)C.CC1CCC2(CC3CC(O2)CC=C(C(C(C=CC=C4COC5C4(C(C=C(C5O)C)C(=O)O3)O)C)OC6CC(C(C(O6)C)OC7CC(C(C(O7)C)O)OC)OC)C)OC1C(C)C,CCCCCCCCCCCC(CC1C(C(=O)O1)CCCCCC)OC(=O)C(CC(C)C)NC=O,0.0,unreported_twosides_sampled,4.2483545e-18,0.0919921710556056,0.0919921710556056,fitted,platt_logistic_regression,0.48023811648639086,0
CCCC(CCC)C(=O)O,CN(C)C(=N)N=C(N)N,1.0,reported_twosides,4.2483545e-18,0.0919921710556056,0.0919921710556056,fitted,platt_logistic_regression,0.48023811648639086,0
CCN(CCCC(C)NC1=C2C=CC(=CC2=NC=C1)Cl)CCO,CN(C)CCC=C1C2=CC=CC=C2COC3=C1C=C(C=C3)CC(=O)O,1.0,reported_twosides,4.2483545e-18,0.0919921710556056,0.0919921710556056,fitted,platt_logistic_regression,0.48023811648639086,0
CCC1(CC(=O)NC1=O)C,CCN(CCCC(C)NC1=C2C=CC(=CC2=NC=C1)Cl)CCO,0.0,unreported_twosides_sampled,4.2483545e-18,0.0919921710556056,0.0919921710556056,fitted,platt_logistic_regression,0.48023811648639086,0
C(N)(N)(Cl)Cl,C1CN2C(=CC=C2C(=O)C3=CC=CC=C3)C1C(=O)O,1.0,reported_twosides,1.0,0.891810177985089,0.891810177985089,fitted,platt_logistic_regression,0.48023811648639086,1
CC1(OC2CC3C4CC(C5=CC(=O)C=CC5(C4C(CC3(C2(O1)C(=O)CO)C)O)C)F)C,CC12CC(=O)C3C(C1CCC2(C(=O)CO)O)CCC4=CC(=O)C=CC34C,1.0,reported_twosides,1.0,0.891810177985089,0.891810177985089,fitted,platt_logistic_regression,0.48023811648639086,1
CCOC1=NC2=CC=CC(=C2N1CC3=CC=C(C=C3)C4=CC=CC=C4C5=NNN=N5)C(=O)O,CN1C(=NC(=O)C(=N1)[O-])SCC2=C(N3C(C(C3=O)NC(=O)C(=NOC)C4=CSC(=N4)N)SC2)C(=O)[O-],1.0,reported_twosides,1.0,0.891810177985089,0.891810177985089,fitted,platt_logistic_regression,0.48023811648639086,1
C(N)(N)(Cl)Cl,CCCCC1=C(C2=CC=CC=C2O1)C(=O)C3=CC(=C(C(=C3)I)OCC[NH+](CC)CC)I,1.0,reported_twosides,4.2483545e-18,0.0919921710556056,0.0919921710556056,fitted,platt_logistic_regression,0.48023811648639086,0
C1=CC=C(C=C1)C(C2=CC=CC=C2)(C3=CC=CC=C3Cl)N4C=CN=C4,C1CC(C1)(C(=O)O)C(=O)O.N.N.[Pt],1.0,reported_twosides,1.7387285e-05,0.13765470944030878,0.13765470944030878,fitted,platt_logistic_regression,0.48023811648639086,0
CCC(C)C1C(CCC2(O1)CC3CC(O2)CC=C(C(C(C=CC=C4COC5C4(C(C=C(C5O)C)C(=O)O3)O)C)OC6CC(C(C(O6)C)OC7CC(C(C(O7)C)O)OC)OC)C)C.CC1CCC2(CC3CC(O2)CC=C(C(C(C=CC=C4COC5C4(C(C=C(C5O)C)C(=O)O3)O)C)OC6CC(C(C(O6)C)OC7CC(C(C(O7)C)O)OC)OC)C)OC1C(C)C,CCC1=C(C(=NC(=N1)N)N)C2=CC=C(C=C2)Cl,0.0,unreported_twosides_sampled,0.0005336962,0.21590304267328114,0.21590304267328114,fitted,platt_logistic_regression,0.48023811648639086,0
CC(CC1=CC(=C(C=C1)O)O)(C(=O)O)N,CC1=NC=C(N1CCO)[N+](=O)[O-],1.0,reported_twosides,1.0,0.891810177985089,0.891810177985089,fitted,platt_logistic_regression,0.48023811648639086,1
C1CC(C1)(C(=O)O)C(=O)O.N.N.[Pt],CC(C)C1=NC(=CS1)CN(C)C(=O)NC(C(C)C)C(=O)NC(CC2=CC=CC=C2)CC(C(CC3=CC=CC=C3)NC(=O)OCC4=CN=CS4)O,1.0,reported_twosides,4.6566653e-15,0.0919921710556056,0.0919921710556056,fitted,platt_logistic_regression,0.48023811648639086,0
CC12CC(=O)C3C(C1CCC2(C(=O)CO)O)CCC4=CC(=O)C=CC34C,CN(C)CCC=C1C2=CC=CC=C2COC3=C1C=C(C=C3)CC(=O)O,1.0,reported_twosides,1.0,0.891810177985089,0.891810177985089,fitted,platt_logistic_regression,0.48023811648639086,1
C1CC(C1)(C(=O)O)C(=O)O.N.N.[Pt],CC1=CC(=CC=C1)NC2=C(C=NC=C2)S(=O)(=O)NC(=O)NC(C)C,1.0,reported_twosides,4.2483545e-18,0.0919921710556056,0.0919921710556056,fitted,platt_logistic_regression,0.48023811648639086,0
CC(C)(C)NCC(COC1=NSN=C1N2CCOCC2)O,CN(CCCNC(=O)C1CCCO1)C2=NC3=CC(=C(C=C3C(=N2)N)OC)OC,1.0,reported_twosides,4.2483545e-18,0.0919921710556056,0.0919921710556056,fitted,platt_logistic_regression,0.48023811648639086,0
CC(CCC(=O)O)C1CCC2C1(CCC3C2C(CC4C3(CCC(C4)O)C)O)C,CC1=CC2=C(NC3=CC=CC=C3N=C2S1)N4CCN(CC4)C,1.0,reported_twosides,4.2483545e-18,0.0919921710556056,0.0919921710556056,fitted,platt_logistic_regression,0.48023811648639086,0
CCCNC1CCC2=C(C1)SC(=N2)N,CCN(CC)CCOC(=O)C1(CCCCC1)C2CCCCC2,1.0,reported_twosides,4.2483545e-18,0.0919921710556056,0.0919921710556056,fitted,platt_logistic_regression,0.48023811648639086,0
C1=CC=C2C(=C1)C(=O)NC2(C3=CC(=C(C=C3)Cl)S(=O)(=O)N)O,CC(C)C(CC1=CC(=C(C=C1)OC)OCCCOC)CC(C(CC(C(C)C)C(=O)NCC(C)(C)C(=O)N)O)N,0.0,unreported_twosides_sampled,0.9994795,0.7527809301312476,0.7527809301312476,fitted,platt_logistic_regression,0.48023811648639086,1
CCC1=C2C(=CC=C1)C3=C(N2)C(OCC3)(CC)CC(=O)O,CN(C)CCCN1C2=CC=CC=C2CCC3=CC=CC=C31,1.0,reported_twosides,5.5789296e-17,0.0919921710556056,0.0919921710556056,fitted,platt_logistic_regression,0.48023811648639086,0
CC12CC(=O)C3C(C1CCC2(C(=O)CO)O)CCC4=CC(=O)C=CC34C,CCC(=O)OC(C(C)C)OP(=O)(CCCCC1=CC=CC=C1)CC(=O)N2CC(CC2C(=O)[O-])C3CCCCC3,1.0,reported_twosides,3.702966e-10,0.0919921710556056,0.0919921710556056,fitted,platt_logistic_regression,0.48023811648639086,0
C1=CC=C(C=C1)C(C2=CC=CC=C2)(C3=CC=CC=C3Cl)N4C=CN=C4,CCC(CC)OC1C=C(CC(C1NC(=O)C)N)C(=O)OCC,0.0,unreported_twosides_sampled,0.20999622,0.4253066258534311,0.4253066258534311,fitted,platt_logistic_regression,0.48023811648639086,0
CC1=C(C(=CC=C1)NC2=CC=CC=C2C(=O)O)C,CC1=CC2=C(NC3=CC=CC=C3N=C2S1)N4CCN(CC4)C,0.0,unreported_twosides_sampled,4.2483545e-18,0.0919921710556056,0.0919921710556056,fitted,platt_logistic_regression,0.48023811648639086,0
CC1(OC2CC3C4CCC5=CC(=O)C=CC5(C4C(CC3(C2(O1)C(=O)CO)C)O)C)C,CCOC1=CC=CC=C1OCCNC(C)CC2=CC(=C(C=C2)OC)S(=O)(=O)N,0.0,unreported_twosides_sampled,4.2483545e-18,0.0919921710556056,0.0919921710556056,fitted,platt_logistic_regression,0.48023811648639086,0
CC(C)C1=NC(=CS1)CN(C)C(=O)NC(C(C)C)C(=O)NC(CC2=CC=CC=C2)CC(C(CC3=CC=CC=C3)NC(=O)OCC4=CN=CS4)O,CC12CC(=O)C3C(C1CCC2(C(=O)CO)O)CCC4=CC(=O)C=CC34C,1.0,reported_twosides,1.0,0.891810177985089,0.891810177985089,fitted,platt_logistic_regression,0.48023811648639086,1
CCN(CCCC(C)NC1=C2C=CC(=CC2=NC=C1)Cl)CCO,CNS(=O)(=O)CCC1=CC2=C(C=C1)NC=C2C3CCN(CC3)C,0.0,unreported_twosides_sampled,4.2483545e-18,0.0919921710556056,0.0919921710556056,fitted,platt_logistic_regression,0.48023811648639086,0
CC(C)C(CC1=CC(=C(C=C1)OC)OCCCOC)CC(C(CC(C(C)C)C(=O)NCC(C)(C)C(=O)N)O)N,CCC1=C(C(=NC(=N1)N)N)C2=CC=C(C=C2)Cl,0.0,unreported_twosides_sampled,2.483265e-12,0.0919921710556056,0.0919921710556056,fitted,platt_logistic_regression,0.48023811648639086,0
CCCNC1CCC2=C(C1)SC(=N2)N,CN1C(=NC(=O)C(=N1)[O-])SCC2=C(N3C(C(C3=O)NC(=O)C(=NOC)C4=CSC(=N4)N)SC2)C(=O)[O-],0.0,unreported_twosides_sampled,4.2483545e-18,0.0919921710556056,0.0919921710556056,fitted,platt_logistic_regression,0.48023811648639086,0
CC1=CC2=C(C=C1C)N(C=N2)C3C(C(C(O3)CO)OP(=O)([O-])OC(C)CNC(=O)CCC4(C(C5C6(C(C(C(=N6)C(=C7C(C(C(=N7)C=C8C(C(C(=N8)C(=C4[N-]5)C)CCC(=O)N)(C)C)CCC(=O)N)(C)CC(=O)N)C)CCC(=O)N)(C)CC(=O)N)C)CC(=O)N)C)O.O.[Co],CCCC(CCC)C(=O)O,0.0,unreported_twosides_sampled,4.2483545e-18,0.0919921710556056,0.0919921710556056,fitted,platt_logistic_regression,0.48023811648639086,0
CC(=O)N(CCCCCNC(=O)CCC(=O)N(CCCCCNC(=O)CCC(=O)N(CCCCCN)O)O)O,CN1CCC2=C3C1CC4=C(C3=CC=C2)C(=C(C=C4)O)O,0.0,unreported_twosides_sampled,1.0,0.891810177985089,0.891810177985089,fitted,platt_logistic_regression,0.48023811648639086,1
C1CC(C1)(C(=O)O)C(=O)O.N.N.[Pt],CCCCN1CCCCC1C(=O)NC2=C(C=CC=C2C)C,0.0,unreported_twosides_sampled,4.2483545e-18,0.0919921710556056,0.0919921710556056,fitted,platt_logistic_regression,0.48023811648639086,0
C1=CC=C(C=C1)CCNN,CCCC(CCC)C(=O)O,1.0,reported_twosides,4.2483545e-18,0.0919921710556056,0.0919921710556056,fitted,platt_logistic_regression,0.48023811648639086,0
C(N)(N)(Cl)Cl,CC(=O)N(CC(CO)O)C1=C(C(=C(C(=C1I)C(=O)NCC(CO)O)I)C(=O)NCC(CO)O)I,0.0,unreported_twosides_sampled,4.2483545e-18,0.0919921710556056,0.0919921710556056,fitted,platt_logistic_regression,0.48023811648639086,0
C1CN=C(N1)NC2=C(C3=NC=CN=C3C=C2)Br,CC1CC2C(CCC3(C2CCC3(C(=O)C)O)C)C4(C1=CC(=O)CC4)C,0.0,unreported_twosides_sampled,4.2483545e-18,0.0919921710556056,0.0919921710556056,fitted,platt_logistic_regression,0.48023811648639086,0
CC(C(=O)C1=CC(=CC=C1)Cl)NC(C)(C)C,CCC(=C)C(=O)C1=C(C(=C(C=C1)OCC(=O)O)Cl)Cl,0.0,unreported_twosides_sampled,1.0697519e-11,0.0919921710556056,0.0919921710556056,fitted,platt_logistic_regression,0.48023811648639086,0
C1=CC=C(C=C1)C(C2=CC=CC=C2)(C3=CC=CC=C3Cl)N4C=CN=C4,CCOC1=CC=CC=C1OCCNC(C)CC2=CC(=C(C=C2)OC)S(=O)(=O)N,1.0,reported_twosides,0.58013415,0.49034672817151614,0.49034672817151614,fitted,platt_logistic_regression,0.48023811648639086,1
CC(=O)SC1CC2=CC(=O)CCC2(C3C1C4CCC5(C4(CC3)C)CCC(=O)O5)C,COC1=C(C=C2C(=C1)CC(C2=O)CC3CCN(CC3)CC4=CC=CC=C4)OC,1.0,reported_twosides,8.246229e-16,0.0919921710556056,0.0919921710556056,fitted,platt_logistic_regression,0.48023811648639086,0
CCC1=C2C(=CC=C1)C3=C(N2)C(OCC3)(CC)CC(=O)O,CCCNC1CCC2=C(C1)SC(=N2)N,1.0,reported_twosides,4.2483545e-18,0.0919921710556056,0.0919921710556056,fitted,platt_logistic_regression,0.48023811648639086,0
C1CC(=O)NC(=O)C1N2C(=O)C3=CC=CC=C3C2=O,CN(C)CCCN1C2=CC=CC=C2CCC3=CC=CC=C31,1.0,reported_twosides,1.8433044e-13,0.0919921710556056,0.0919921710556056,fitted,platt_logistic_regression,0.48023811648639086,0
C1=CC=C2C(=C1)C(=O)NC2(C3=CC(=C(C=C3)Cl)S(=O)(=O)N)O,CC(CC1=CC(=C(C=C1)O)O)(C(=O)O)N,0.0,unreported_twosides_sampled,1.0,0.891810177985089,0.891810177985089,fitted,platt_logistic_regression,0.48023811648639086,1
CC1=CC(=CC=C1)NC2=C(C=NC=C2)S(=O)(=O)NC(=O)NC(C)C,CCOC1=NC2=CC=CC(=C2N1CC3=CC=C(C=C3)C4=CC=CC=C4C5=NNN=N5)C(=O)O,1.0,reported_twosides,0.3277774,0.44906741655373733,0.44906741655373733,fitted,platt_logistic_regression,0.48023811648639086,0
CC(CC1=CC(=C(C=C1)O)O)(C(=O)O)N,CN(C)C(=N)N=C(N)N,1.0,reported_twosides,4.1560696e-05,0.15496584894450094,0.15496584894450094,fitted,platt_logistic_regression,0.48023811648639086,0
CC(C1=CC(=C(C=C1)C2=CC=CC=C2)F)C(=O)O,CC1COC2=C3N1C=C(C(=O)C3=CC(=C2N4CCN(CC4)C)F)C(=O)O,0.0,unreported_twosides_sampled,1.0,0.891810177985089,0.891810177985089,fitted,platt_logistic_regression,0.48023811648639086,1
C1=CC=C(C=C1)C(C2=CC=CC=C2)(C3=CC=CC=C3Cl)N4C=CN=C4,CCCCCCCCCCCC(CC1C(C(=O)O1)CCCCCC)OC(=O)C(CC(C)C)NC=O,1.0,reported_twosides,4.2483545e-18,0.0919921710556056,0.0919921710556056,fitted,platt_logistic_regression,0.48023811648639086,0
CC1=CC2=C(C=C1C(=C)C3=CC=C(C=C3)C(=O)O)C(CCC2(C)C)(C)C,CN(C)CCC=C1C2=CC=CC=C2C=CC3=CC=CC=C31,0.0,unreported_twosides_sampled,0.9980788,0.7120542436397492,0.7120542436397492,fitted,platt_logistic_regression,0.48023811648639086,1
C(C(CO[N+](=O)[O-])O[N+](=O)[O-])O[N+](=O)[O-],CC(C)C(CC1=CC(=C(C=C1)OC)OCCCOC)CC(C(CC(C(C)C)C(=O)NCC(C)(C)C(=O)N)O)N,1.0,reported_twosides,6.5272867e-16,0.0919921710556056,0.0919921710556056,fitted,platt_logistic_regression,0.48023811648639086,0
CC1(OC2CC3C4CC(C5=CC(=O)C=CC5(C4C(CC3(C2(O1)C(=O)CO)C)O)C)F)C,CC1=C(N=CN1)CSCCNC(=NC)NC#N,0.0,unreported_twosides_sampled,1.0,0.891810177985089,0.891810177985089,fitted,platt_logistic_regression,0.48023811648639086,1
CC(=O)OC1C(CC2C1(CCC3C2CCC4C3(CC(C(C4)O)N5CCOCC5)C)C)[N+]6(CCCC6)CC=C,CC1COC2=C3N1C=C(C(=O)C3=CC(=C2N4CCN(CC4)C)F)C(=O)O,1.0,reported_twosides,4.2483545e-18,0.0919921710556056,0.0919921710556056,fitted,platt_logistic_regression,0.48023811648639086,0
CC(C1=CC(=C(C=C1)C2=CC=CC=C2)F)C(=O)O,CN(C)CCC=C1C2=CC=CC=C2COC3=C1C=C(C=C3)CC(=O)O,0.0,unreported_twosides_sampled,1.0,0.891810177985089,0.891810177985089,fitted,platt_logistic_regression,0.48023811648639086,1
C1=CC=C2C(=C1)C(=O)NC2(C3=CC(=C(C=C3)Cl)S(=O)(=O)N)O,C1CCC(CC1)C(CCN2CCCCC2)(C3=CC=CC=C3)O,0.0,unreported_twosides_sampled,1.0,0.891810177985089,0.891810177985089,fitted,platt_logistic_regression,0.48023811648639086,1
C(C(CO[N+](=O)[O-])O[N+](=O)[O-])O[N+](=O)[O-],CC1=NC=C(N1CCO)[N+](=O)[O-],1.0,reported_twosides,1.0,0.891810177985089,0.891810177985089,fitted,platt_logistic_regression,0.48023811648639086,1
CC1=C2C(=NC=C1)N(C3=C(C=CC=N3)C(=O)N2)C4CC4,CCCCCC(CCC1C(CC2C1CC3=C(C2)C(=CC=C3)OCC(=O)O)O)O,0.0,unreported_twosides_sampled,8.986322e-11,0.0919921710556056,0.0919921710556056,fitted,platt_logistic_regression,0.48023811648639086,0
CC1(OC2CC3C4CC(C5=CC(=O)C=CC5(C4C(CC3(C2(O1)C(=O)CO)C)O)C)F)C,CCCCN1CCCCC1C(=O)NC2=C(C=CC=C2C)C,0.0,unreported_twosides_sampled,4.2483545e-18,0.0919921710556056,0.0919921710556056,fitted,platt_logistic_regression,0.48023811648639086,0
CC1(C(N2C(S1)C(C2=O)NC(=O)CC3=CC=CC=C3)C(=O)O)C,CCCCCCCCCCCC(CC1C(C(=O)O1)CCCCCC)OC(=O)C(CC(C)C)NC=O,0.0,unreported_twosides_sampled,4.2483545e-18,0.0919921710556056,0.0919921710556056,fitted,platt_logistic_regression,0.48023811648639086,0
C(OC(C(F)(F)F)C(F)(F)F)F,S=[Se],0.0,unreported_twosides_sampled,1.6765241e-06,0.09909810063096447,0.09909810063096447,fitted,platt_logistic_regression,0.48023811648639086,0
C1CN=C(N1)NC2=C(C3=NC=CN=C3C=C2)Br,CCP(CC)CC.CC(=O)OCC1C(C(C(C(O1)[S-])OC(=O)C)OC(=O)C)OC(=O)C.[Au+],0.0,unreported_twosides_sampled,5.43788e-16,0.0919921710556056,0.0919921710556056,fitted,platt_logistic_regression,0.48023811648639086,0
CC(C1=CC(=C(C=C1)C2=CC=CC=C2)F)C(=O)O,CCC(=C)C(=O)C1=C(C(=C(C=C1)OCC(=O)O)Cl)Cl,0.0,unreported_twosides_sampled,1.0,0.891810177985089,0.891810177985089,fitted,platt_logistic_regression,0.48023811648639086,1
C1C2=C(C=CC(=C2Cl)Cl)NC3=NC(=O)CN31,CC1=NN=C(S1)SCC2=C(N3C(C(C3=O)NC(=O)CN4C=NN=N4)SC2)C(=O)[O-],0.0,unreported_twosides_sampled,1.0,0.891810177985089,0.891810177985089,fitted,platt_logistic_regression,0.48023811648639086,1
CC(CCC(=O)O)C1CCC2C1(CCC3C2C(CC4C3(CCC(C4)O)C)O)C,CC1CCC2CC(C(=CC=CC=CC(CC(C(=O)C(C(C(=CC(C(=O)CC(OC(=O)C3CCCCN3C(=O)C(=O)C1(O2)O)C(C)CC4CCC(C(C4)OC)O)C)C)O)OC)C)C)C)OC,1.0,reported_twosides,4.2483545e-18,0.0919921710556056,0.0919921710556056,fitted,platt_logistic_regression,0.48023811648639086,0
CC1=C(C(=CC=C1)NC2=CC=CC=C2C(=O)O)C,CCC(=C)C(=O)C1=C(C(=C(C=C1)OCC(=O)O)Cl)Cl,0.0,unreported_twosides_sampled,4.2483545e-18,0.0919921710556056,0.0919921710556056,fitted,platt_logistic_regression,0.48023811648639086,0
CC1NC2=CC(=C(C=C2C(=O)N1C3=CC=CC=C3C)S(=O)(=O)N)Cl,CCCCCCCCCCCC(CC1C(C(=O)O1)CCCCCC)OC(=O)C(CC(C)C)NC=O,1.0,reported_twosides,4.2483545e-18,0.0919921710556056,0.0919921710556056,fitted,platt_logistic_regression,0.48023811648639086,0
CC1(OC2CC3C4CCC5=CC(=O)C=CC5(C4C(CC3(C2(O1)C(=O)CO)C)O)C)C,CNS(=O)(=O)CCC1=CC2=C(C=C1)NC=C2C3CCN(CC3)C,0.0,unreported_twosides_sampled,4.2483545e-18,0.0919921710556056,0.0919921710556056,fitted,platt_logistic_regression,0.48023811648639086,0
CC1=CC2C(CCC3(C2CCC3(C(=O)C)O)C)C4(C1=CC(=O)CC4)C,COC1=C(C=C2C(=C1)CC(C2=O)CC3CCN(CC3)CC4=CC=CC=C4)OC,1.0,reported_twosides,4.2483545e-18,0.0919921710556056,0.0919921710556056,fitted,platt_logistic_regression,0.48023811648639086,0
CC1=CC(=CC=C1)NC2=C(C=NC=C2)S(=O)(=O)NC(=O)NC(C)C,CC1NC2=CC(=C(C=C2C(=O)N1C3=CC=CC=C3C)S(=O)(=O)N)Cl,1.0,reported_twosides,0.43159503,0.4665680860941863,0.4665680860941863,fitted,platt_logistic_regression,0.48023811648639086,0
C1CCC(CC1)C(CCN2CCCCC2)(C3=CC=CC=C3)O,CC(C)(C)NCC(C1=CC(=C(C=C1)O)CO)O,1.0,reported_twosides,2.1945464e-17,0.0919921710556056,0.0919921710556056,fitted,platt_logistic_regression,0.48023811648639086,0
C1CC(C1)(C(=O)O)C(=O)O.N.N.[Pt],COC1=C(C=C2C(=C1)CC(C2=O)CC3CCN(CC3)CC4=CC=CC=C4)OC,1.0,reported_twosides,4.2483545e-18,0.0919921710556056,0.0919921710556056,fitted,platt_logistic_regression,0.48023811648639086,0
CC(=O)N(CCCCCNC(=O)CCC(=O)N(CCCCCNC(=O)CCC(=O)N(CCCCCN)O)O)O,CC12CC(=O)C3C(C1CCC2(C(=O)CO)O)CCC4=CC(=O)C=CC34C,1.0,reported_twosides,1.0,0.891810177985089,0.891810177985089,fitted,platt_logistic_regression,0.48023811648639086,1
CCCCC(C)(CC=CC1C(CC(=O)C1CCCCCCC(=O)OC)O)O,CCOC1=NC2=CC=CC(=C2N1CC3=CC=C(C=C3)C4=CC=CC=C4C5=NNN=N5)C(=O)O,1.0,reported_twosides,1.0,0.891810177985089,0.891810177985089,fitted,platt_logistic_regression,0.48023811648639086,1
CC1(OC2CC3C4CC(C5=CC(=O)C=CC5(C4C(CC3(C2(O1)C(=O)CO)C)O)C)F)C,CC12CC(C3(C(C1CC(C2(C(=O)CO)O)O)CCC4=CC(=O)C=CC43C)F)O,0.0,unreported_twosides_sampled,9.306383e-13,0.0919921710556056,0.0919921710556056,fitted,platt_logistic_regression,0.48023811648639086,0
C1=CC=C(C=C1)CCNN,CC1C=CC=CCCC=CC=CC=CC=CC(CC(C(C(CC(=O)CC(C(CCC(CC(CC(CC(=O)OC(C(C1O)C)C)O)O)O)O)O)O)C(=O)O)O)OC2C(C(C(C(O2)C)O)N)O,0.0,unreported_twosides_sampled,5.084723e-07,0.0919921710556056,0.0919921710556056,fitted,platt_logistic_regression,0.48023811648639086,0
CC(C)(C)NCC(COC1=NSN=C1N2CCOCC2)O,CN(C)C(=N)N=C(N)N,1.0,reported_twosides,4.2483545e-18,0.0919921710556056,0.0919921710556056,fitted,platt_logistic_regression,0.48023811648639086,0
C1=CN(C(=O)N=C1N)C2C(C(C(O2)CO)O)O,CC1CCC2CC(C(=CC=CC=CC(CC(C(=O)C(C(C(=CC(C(=O)CC(OC(=O)C3CCCCN3C(=O)C(=O)C1(O2)O)C(C)CC4CCC(C(C4)OC)O)C)C)O)OC)C)C)C)OC,1.0,reported_twosides,1.5426523e-09,0.0919921710556056,0.0919921710556056,fitted,platt_logistic_regression,0.48023811648639086,0
CC(C(=O)C1=CC(=CC=C1)Cl)NC(C)(C)C,CC1=CC(=CC=C1)CN2CCN(CC2)C(C3=CC=CC=C3)C4=CC=C(C=C4)Cl,1.0,reported_twosides,4.2483545e-18,0.0919921710556056,0.0919921710556056,fitted,platt_logistic_regression,0.48023811648639086,0
C1CN2C(=CC=C2C(=O)C3=CC=CC=C3)C1C(=O)O,CC1CC2C(CCC3(C2CCC3(C(=O)C)O)C)C4(C1=CC(=O)CC4)C,1.0,reported_twosides,4.3144582e-14,0.0919921710556056,0.0919921710556056,fitted,platt_logistic_regression,0.48023811648639086,0
CC1C=CC=CCCC=CC=CC=CC=CC(CC(C(C(CC(=O)CC(C(CCC(CC(CC(CC(=O)OC(C(C1O)C)C)O)O)O)O)O)O)C(=O)O)O)OC2C(C(C(C(O2)C)O)N)O,CN(C)C(=N)N=C(N)N,1.0,reported_twosides,1.4148186e-09,0.0919921710556056,0.0919921710556056,fitted,platt_logistic_regression,0.48023811648639086,0
C1CCC(CC1)C(CCN2CCCCC2)(C3=CC=CC=C3)O,CN(C)CCC=C1C2=CC=CC=C2COC3=C1C=C(C=C3)CC(=O)O,0.0,unreported_twosides_sampled,0.9999956,0.8668168768980059,0.8668168768980059,fitted,platt_logistic_regression,0.48023811648639086,1
C(N)(N)(Cl)Cl,CN(C)C(=N)N=C(N)N,1.0,reported_twosides,7.009596e-13,0.0919921710556056,0.0919921710556056,fitted,platt_logistic_regression,0.48023811648639086,0
CCCCC1=C(C2=CC=CC=C2O1)C(=O)C3=CC(=C(C(=C3)I)OCC[NH+](CC)CC)I,CN1C=NC(=C1SC2=NC=NC3=C2NC=N3)[N+](=O)[O-],0.0,unreported_twosides_sampled,4.2483545e-18,0.0919921710556056,0.0919921710556056,fitted,platt_logistic_regression,0.48023811648639086,0
C(N)(N)(Cl)Cl,CCCNC1CCC2=C(C1)SC(=N2)N,1.0,reported_twosides,4.2483545e-18,0.0919921710556056,0.0919921710556056,fitted,platt_logistic_regression,0.48023811648639086,0
CCC(CC)OC1C=C(CC(C1NC(=O)C)N)C(=O)OCC,CNS(=O)(=O)CCC1=CC2=C(C=C1)NC=C2C3CCN(CC3)C,0.0,unreported_twosides_sampled,4.2483545e-18,0.0919921710556056,0.0919921710556056,fitted,platt_logistic_regression,0.48023811648639086,0
C(N)(N)(Cl)Cl,CN1C(=NC(=O)C(=N1)[O-])SCC2=C(N3C(C(C3=O)NC(=O)C(=NOC)C4=CSC(=N4)N)SC2)C(=O)[O-],1.0,reported_twosides,0.9999403,0.8112668498552287,0.8112668498552287,fitted,platt_logistic_regression,0.48023811648639086,1
CC1=NC=C(N1CCO)[N+](=O)[O-],CN(C)CCC=C1C2=CC=CC=C2COC3=C1C=C(C=C3)CC(=O)O,1.0,reported_twosides,1.0,0.891810177985089,0.891810177985089,fitted,platt_logistic_regression,0.48023811648639086,1
CC1COC2=C3N1C=C(C(=O)C3=CC(=C2N4CCN(CC4)C)F)C(=O)O,CCCCCCCCCCCC(CC1C(C(=O)O1)CCCCCC)OC(=O)C(CC(C)C)NC=O,1.0,reported_twosides,4.2483545e-18,0.0919921710556056,0.0919921710556056,fitted,platt_logistic_regression,0.48023811648639086,0
CC1COC2=C3N1C=C(C(=O)C3=CC(=C2N4CCN(CC4)C)F)C(=O)O,CCCCC(C)(CC=CC1C(CC(=O)C1CCCCCCC(=O)OC)O)O,1.0,reported_twosides,0.9998387,0.7858490706075839,0.7858490706075839,fitted,platt_logistic_regression,0.48023811648639086,1
CC(CCC(=O)O)C1CCC2C1(CCC3C2C(CC4C3(CCC(C4)O)C)O)C,CC1=CC2C(CCC3(C2CCC3(C(=O)C)O)C)C4(C1=CC(=O)CC4)C,1.0,reported_twosides,4.2483545e-18,0.0919921710556056,0.0919921710556056,fitted,platt_logistic_regression,0.48023811648639086,0
CC(CC1=CC(=C(C=C1)O)O)(C(=O)O)N,CC1C(C(=O)N1S(=O)(=O)O)NC(=O)C(=NOC(C)(C)C(=O)O)C2=CSC(=N2)N,0.0,unreported_twosides_sampled,1.0,0.891810177985089,0.891810177985089,fitted,platt_logistic_regression,0.48023811648639086,1
CCCCCCCCCCCC(CC1C(C(=O)O1)CCCCCC)OC(=O)C(CC(C)C)NC=O,CCN(CCCC(C)NC1=C2C=CC(=CC2=NC=C1)Cl)CCO,1.0,reported_twosides,4.2483545e-18,0.0919921710556056,0.0919921710556056,fitted,platt_logistic_regression,0.48023811648639086,0
CCCC1=NN(C2=C1NC(=NC2=O)C3=C(C=CC(=C3)S(=O)(=O)N4CCN(CC4)C)OCC)C,CN(C)CCC=C1C2=CC=CC=C2COC3=C1C=C(C=C3)CC(=O)O,0.0,unreported_twosides_sampled,0.9996824,0.7671340720969874,0.7671340720969874,fitted,platt_logistic_regression,0.48023811648639086,1
CC(C)(C)C1=CC=C(C=C1)S(=O)(=O)NC2=C(C(=NC(=N2)C3=NC=CC=N3)OCCO)OC4=CC=CC=C4OC,CN1CCN(CC1)CCCN2C3=CC=CC=C3SC4=C2C=C(C=C4)Cl,1.0,reported_twosides,4.2483545e-18,0.0919921710556056,0.0919921710556056,fitted,platt_logistic_regression,0.48023811648639086,0
CC12CC(C3(C(C1CC(C2(C(=O)CO)O)O)CCC4=CC(=O)C=CC43C)F)O,CN1C(=NC(=O)C(=N1)[O-])SCC2=C(N3C(C(C3=O)NC(=O)C(=NOC)C4=CSC(=N4)N)SC2)C(=O)[O-],1.0,reported_twosides,0.2471487,0.4335397605900207,0.4335397605900207,fitted,platt_logistic_regression,0.48023811648639086,0
CCCCCC(CCC1C(CC2C1CC3=C(C2)C(=CC=C3)OCC(=O)O)O)O,CCN(CC)CC(=O)NC1=C(C=CC=C1C)C,1.0,reported_twosides,4.2483545e-18,0.0919921710556056,0.0919921710556056,fitted,platt_logistic_regression,0.48023811648639086,0
CCCC1=NN(C2=C1NC(=NC2=O)C3=C(C=CC(=C3)S(=O)(=O)N4CCN(CC4)C)OCC)C,CCCNC(=O)NS(=O)(=O)C1=CC=C(C=C1)Cl,1.0,reported_twosides,4.2483545e-18,0.0919921710556056,0.0919921710556056,fitted,platt_logistic_regression,0.48023811648639086,0
C1CC(=O)NC(=O)C1N2C(=O)C3=CC=CC=C3C2=O,CCC(=C)C(=O)C1=C(C(=C(C=C1)OCC(=O)O)Cl)Cl,0.0,unreported_twosides_sampled,0.0009896146,0.23302202455611612,0.23302202455611612,fitted,platt_logistic_regression,0.48023811648639086,0
CC(C)(C)C1=CC=C(C=C1)S(=O)(=O)NC2=C(C(=NC(=N2)C3=NC=CC=N3)OCCO)OC4=CC=CC=C4OC,CC(C)C1=NC(=CS1)CN(C)C(=O)NC(C(C)C)C(=O)NC(CC2=CC=CC=C2)CC(C(CC3=CC=CC=C3)NC(=O)OCC4=CN=CS4)O,1.0,reported_twosides,7.0732816e-17,0.0919921710556056,0.0919921710556056,fitted,platt_logistic_regression,0.48023811648639086,0
CC(C)(C)NCC(C1=NC(=C(C=C1)O)CO)O,CCCNC(=O)NS(=O)(=O)C1=CC=C(C=C1)Cl,0.0,unreported_twosides_sampled,4.2483545e-18,0.0919921710556056,0.0919921710556056,fitted,platt_logistic_regression,0.48023811648639086,0
CC1=CC2=C(C=C1C(=C)C3=CC=C(C=C3)C(=O)O)C(CCC2(C)C)(C)C,CC1C(C(=O)N1S(=O)(=O)O)NC(=O)C(=NOC(C)(C)C(=O)O)C2=CSC(=N2)N,0.0,unreported_twosides_sampled,0.9884163,0.6497183141768366,0.6497183141768366,fitted,platt_logistic_regression,0.48023811648639086,1
C(C(CO[N+](=O)[O-])O[N+](=O)[O-])O[N+](=O)[O-],CCC1=C(C(=NC(=N1)N)N)C2=CC=C(C=C2)Cl,0.0,unreported_twosides_sampled,0.9999982,0.8825540206423272,0.8825540206423272,fitted,platt_logistic_regression,0.48023811648639086,1
CC1COC2=C3N1C=C(C(=O)C3=CC(=C2N4CCN(CC4)C)F)C(=O)O,CS(=O)(=O)C1=CC=C(C=C1)C2=C(C(=O)OC2)C3=CC=CC=C3,1.0,reported_twosides,1.0,0.891810177985089,0.891810177985089,fitted,platt_logistic_regression,0.48023811648639086,1
CC1=NC=C(N1CCO)[N+](=O)[O-],CCCC1=NN(C2=C1NC(=NC2=O)C3=C(C=CC(=C3)S(=O)(=O)N4CCN(CC4)C)OCC)C,1.0,reported_twosides,9.285569e-09,0.0919921710556056,0.0919921710556056,fitted,platt_logistic_regression,0.48023811648639086,0
C1CC(=O)NC(=O)C1N2C(=O)C3=CC=CC=C3C2=O,CCN(CC)CCOC(=O)C1(CCCCC1)C2CCCCC2,0.0,unreported_twosides_sampled,4.2483545e-18,0.0919921710556056,0.0919921710556056,fitted,platt_logistic_regression,0.48023811648639086,0
CN(C)CCC=C1C2=CC=CC=C2COC3=C1C=C(C=C3)CC(=O)O,CN(C)CCCN1C2=CC=CC=C2CCC3=CC=CC=C31,1.0,reported_twosides,1.0,0.891810177985089,0.891810177985089,fitted,platt_logistic_regression,0.48023811648639086,1
C1CCC(CC1)C(CCN2CCCCC2)(C3=CC=CC=C3)O,CC(=O)SC1CC2=CC(=O)CCC2(C3C1C4CCC5(C4(CC3)C)CCC(=O)O5)C,0.0,unreported_twosides_sampled,0.9999981,0.8814848314542242,0.8814848314542242,fitted,platt_logistic_regression,0.48023811648639086,1
CC(C(=O)C1=CC(=CC=C1)Cl)NC(C)(C)C,S=[Se],1.0,reported_twosides,1.4084613e-17,0.0919921710556056,0.0919921710556056,fitted,platt_logistic_regression,0.48023811648639086,0
CC1CCC2CC(C(=CC=CC=CC(CC(C(=O)C(C(C(=CC(C(=O)CC(OC(=O)C3CCCCN3C(=O)C(=O)C1(O2)O)C(C)CC4CCC(C(C4)OC)O)C)C)O)OC)C)C)C)OC,CN1C(=NC(=O)C(=N1)[O-])SCC2=C(N3C(C(C3=O)NC(=O)C(=NOC)C4=CSC(=N4)N)SC2)C(=O)[O-],1.0,reported_twosides,1.0,0.891810177985089,0.891810177985089,fitted,platt_logistic_regression,0.48023811648639086,1
CC1CC2C(CCC3(C2CCC3(C(=O)C)O)C)C4(C1=CC(=O)CC4)C,CCC(CC)OC1C=C(CC(C1NC(=O)C)N)C(=O)OCC,1.0,reported_twosides,4.2483545e-18,0.0919921710556056,0.0919921710556056,fitted,platt_logistic_regression,0.48023811648639086,0
CN(C)CCCN1C2=CC=CC=C2CCC3=CC=CC=C31,CNS(=O)(=O)CCC1=CC2=C(C=C1)NC=C2C3CCN(CC3)C,0.0,unreported_twosides_sampled,7.60408e-18,0.0919921710556056,0.0919921710556056,fitted,platt_logistic_regression,0.48023811648639086,0
CC1C(C(=O)N1S(=O)(=O)O)NC(=O)C(=NOC(C)(C)C(=O)O)C2=CSC(=N2)N,CCCCCC(C=CC1C(CC(=O)C1CCCCCCC(=O)O)O)O,0.0,unreported_twosides_sampled,3.1205808e-16,0.0919921710556056,0.0919921710556056,fitted,platt_logistic_regression,0.48023811648639086,0
CC(C)(C)C1=CC=C(C=C1)S(=O)(=O)NC2=C(C(=NC(=N2)C3=NC=CC=N3)OCCO)OC4=CC=CC=C4OC,CCN(CC)CCOC(=O)C1(CCCCC1)C2CCCCC2,0.0,unreported_twosides_sampled,4.2483545e-18,0.0919921710556056,0.0919921710556056,fitted,platt_logistic_regression,0.48023811648639086,0
CCC(=O)OC(C(C)C)OP(=O)(CCCCC1=CC=CC=C1)CC(=O)N2CC(CC2C(=O)[O-])C3CCCCC3,CN1CC(=O)N2C(C1=O)CC3=C(C2C4=CC5=C(C=C4)OCO5)NC6=CC=CC=C36,1.0,reported_twosides,3.5299214e-05,0.15159185830289273,0.15159185830289273,fitted,platt_logistic_regression,0.48023811648639086,0
C1CC(C1)(C(=O)O)C(=O)O.N.N.[Pt],CC(CCC(=O)O)C1CCC2C1(CCC3C2C(CC4C3(CCC(C4)O)C)O)C,1.0,reported_twosides,4.2483545e-18,0.0919921710556056,0.0919921710556056,fitted,platt_logistic_regression,0.48023811648639086,0
C1C2=C(C=CC(=C2Cl)Cl)NC3=NC(=O)CN31,COC1=C(C=C2C(=C1)CC(C2=O)CC3CCN(CC3)CC4=CC=CC=C4)OC,0.0,unreported_twosides_sampled,5.3788327e-13,0.0919921710556056,0.0919921710556056,fitted,platt_logistic_regression,0.48023811648639086,0
C(C(CO[N+](=O)[O-])O[N+](=O)[O-])O[N+](=O)[O-],CC1=CC2C(CCC3(C2CCC3(C(=O)C)O)C)C4(C1=CC(=O)CC4)C,1.0,reported_twosides,5.4509233e-16,0.0919921710556056,0.0919921710556056,fitted,platt_logistic_regression,0.48023811648639086,0
CCCNC1CCC2=C(C1)SC(=N2)N,CN1CCC2=C3C1CC4=C(C3=CC=C2)C(=C(C=C4)O)O,1.0,reported_twosides,4.2483545e-18,0.0919921710556056,0.0919921710556056,fitted,platt_logistic_regression,0.48023811648639086,0
CC(=O)SC1CC2=CC(=O)CCC2(C3C1C4CCC5(C4(CC3)C)CCC(=O)O5)C,CCCNC1CCC2=C(C1)SC(=N2)N,1.0,reported_twosides,4.2483545e-18,0.0919921710556056,0.0919921710556056,fitted,platt_logistic_regression,0.48023811648639086,0
CC(CCC(=O)O)C1CCC2C1(CCC3C2C(CC4C3(CCC(C4)O)C)O)C,CC1=C(C(=CC=C1)NC2=CC=CC=C2C(=O)O)C,1.0,reported_twosides,4.2483545e-18,0.0919921710556056,0.0919921710556056,fitted,platt_logistic_regression,0.48023811648639086,0
CC12CC(=O)C3C(C1CCC2(C(=O)CO)O)CCC4=CC(=O)C=CC34C,CC1=C2C(=NC=C1)N(C3=C(C=CC=N3)C(=O)N2)C4CC4,1.0,reported_twosides,1.0,0.891810177985089,0.891810177985089,fitted,platt_logistic_regression,0.48023811648639086,1
C1=CC(=C(C=C1Cl)Cl)C(CN2C=CN=C2)OCC3=C(SC=C3)Cl,CCC(C)C1C(CCC2(O1)CC3CC(O2)CC=C(C(C(C=CC=C4COC5C4(C(C=C(C5O)C)C(=O)O3)O)C)OC6CC(C(C(O6)C)OC7CC(C(C(O7)C)O)OC)OC)C)C.CC1CCC2(CC3CC(O2)CC=C(C(C(C=CC=C4COC5C4(C(C=C(C5O)C)C(=O)O3)O)C)OC6CC(C(C(O6)C)OC7CC(C(C(O7)C)O)OC)OC)C)OC1C(C)C,0.0,unreported_twosides_sampled,2.78878e-15,0.0919921710556056,0.0919921710556056,fitted,platt_logistic_regression,0.48023811648639086,0
C1=CC=C(C=C1)CCNN,CC(C)(CC1=CC=CC=C1)N,0.0,unreported_twosides_sampled,0.000113364564,0.1770579220372674,0.1770579220372674,fitted,platt_logistic_regression,0.48023811648639086,0
CC12CCC3C(C1CCC2(C#C)O)CCC4=CC(=O)CCC34,CC1C(C(=O)N1S(=O)(=O)O)NC(=O)C(=NOC(C)(C)C(=O)O)C2=CSC(=N2)N,0.0,unreported_twosides_sampled,1.0,0.891810177985089,0.891810177985089,fitted,platt_logistic_regression,0.48023811648639086,1
CC1=C(C(CCC1)(C)C)C=CC(=CC=CC(=CCO)C)C,CC1=C(N=CN1)CSCCNC(=NC)NC#N,0.0,unreported_twosides_sampled,1.0,0.891810177985089,0.891810177985089,fitted,platt_logistic_regression,0.48023811648639086,1
C1=CN(C(=O)N=C1N)C2C(C(C(O2)CO)O)O,CC1C(C(=O)N1S(=O)(=O)O)NC(=O)C(=NOC(C)(C)C(=O)O)C2=CSC(=N2)N,1.0,reported_twosides,1.0,0.891810177985089,0.891810177985089,fitted,platt_logistic_regression,0.48023811648639086,1
C1=CC(=C(C=C1Cl)Cl)C(CN2C=CN=C2)OCC3=C(SC=C3)Cl,CC1=CC(=CC=C1)CN2CCN(CC2)C(C3=CC=CC=C3)C4=CC=C(C=C4)Cl,0.0,unreported_twosides_sampled,4.2483545e-18,0.0919921710556056,0.0919921710556056,fitted,platt_logistic_regression,0.48023811648639086,0
CCC(CC)OC1C=C(CC(C1NC(=O)C)N)C(=O)OCC,CCC1=C2C(=CC=C1)C3=C(N2)C(OCC3)(CC)CC(=O)O,1.0,reported_twosides,4.2483545e-18,0.0919921710556056,0.0919921710556056,fitted,platt_logistic_regression,0.48023811648639086,0
CCN(CC)CC(=O)NC1=C(C=CC=C1C)C,CN1C(=NC(=O)C(=N1)[O-])SCC2=C(N3C(C(C3=O)NC(=O)C(=NOC)C4=CSC(=N4)N)SC2)C(=O)[O-],1.0,reported_twosides,2.4765896e-09,0.0919921710556056,0.0919921710556056,fitted,platt_logistic_regression,0.48023811648639086,0
CC(=O)N(CCCCCNC(=O)CCC(=O)N(CCCCCNC(=O)CCC(=O)N(CCCCCN)O)O)O,CCC1=C2C(=CC=C1)C3=C(N2)C(OCC3)(CC)CC(=O)O,0.0,unreported_twosides_sampled,1.0,0.891810177985089,0.891810177985089,fitted,platt_logistic_regression,0.48023811648639086,1
C1CC(C1)(C(=O)O)C(=O)O.N.N.[Pt],CS(=O)(=O)C1=CC=C(C=C1)C2=C(C(=O)OC2)C3=CC=CC=C3,1.0,reported_twosides,4.499932e-12,0.0919921710556056,0.0919921710556056,fitted,platt_logistic_regression,0.48023811648639086,0
CC(=O)SC1CC2=CC(=O)CCC2(C3C1C4CCC5(C4(CC3)C)CCC(=O)O5)C,CN1CC(=O)N2C(C1=O)CC3=C(C2C4=CC5=C(C=C4)OCO5)NC6=CC=CC=C36,1.0,reported_twosides,1.0,0.891810177985089,0.891810177985089,fitted,platt_logistic_regression,0.48023811648639086,1
CC(C)(C)NCC(C1=NC(=C(C=C1)O)CO)O,CCC(=O)OC(C(C)C)OP(=O)(CCCCC1=CC=CC=C1)CC(=O)N2CC(CC2C(=O)[O-])C3CCCCC3,0.0,unreported_twosides_sampled,4.2483545e-18,0.0919921710556056,0.0919921710556056,fitted,platt_logistic_regression,0.48023811648639086,0
C(=O)([O-])[O-].C(=O)([O-])[O-].C(=O)([O-])[O-].O.[La+3].[La+3],CC(C1=CC(=C(C=C1)C2=CC=CC=C2)F)C(=O)O,0.0,unreported_twosides_sampled,0.99978644,0.7782302517164253,0.7782302517164253,fitted,platt_logistic_regression,0.48023811648639086,1
COC1=C(C=C2C(=C1)CC(C2=O)CC3CCN(CC3)CC4=CC=CC=C4)OC,CS(=O)(=O)C1=CC=C(C=C1)C2=C(C(=O)OC2)C3=CC=CC=C3,1.0,reported_twosides,4.2483545e-18,0.0919921710556056,0.0919921710556056,fitted,platt_logistic_regression,0.48023811648639086,0
C1=CC(=C(C=C1Cl)Cl)C(CN2C=CN=C2)OCC3=C(SC=C3)Cl,CN1CC(=O)N2C(C1=O)CC3=C(C2C4=CC5=C(C=C4)OCO5)NC6=CC=CC=C36,0.0,unreported_twosides_sampled,0.03441782,0.34957759971266444,0.34957759971266444,fitted,platt_logistic_regression,0.48023811648639086,0
C(N)(N)(Cl)Cl,CCCCCCCCCCCC(CC1C(C(=O)O1)CCCCCC)OC(=O)C(CC(C)C)NC=O,0.0,unreported_twosides_sampled,4.2483545e-18,0.0919921710556056,0.0919921710556056,fitted,platt_logistic_regression,0.48023811648639086,0
CC1(OC2CC3C4CC(C5=CC(=O)C=CC5(C4C(CC3(C2(O1)C(=O)CO)C)O)C)F)C,CC1=C(C(CCC1)(C)C)C=CC(=CC=CC(=CCO)C)C,0.0,unreported_twosides_sampled,0.6661747,0.5049764351985293,0.5049764351985293,fitted,platt_logistic_regression,0.48023811648639086,1
CC12CC(=O)C3C(C1CCC2(C(=O)CO)O)CCC4=CC(=O)C=CC34C,CN(C)CCC1=CNC2=C1C=C(C=C2)CC3COC(=O)N3,1.0,reported_twosides,0.99971443,0.7701426622744523,0.7701426622744523,fitted,platt_logistic_regression,0.48023811648639086,1
CC1=C(N=CN1)CSCCNC(=NC)NC#N,CN(C)CCC=C1C2=CC=CC=C2C=CC3=CC=CC=C31,1.0,reported_twosides,1.0,0.891810177985089,0.891810177985089,fitted,platt_logistic_regression,0.48023811648639086,1
C(=O)([O-])[O-].C(=O)([O-])[O-].C(=O)([O-])[O-].O.[La+3].[La+3],CC(C)(CC1=CC=CC=C1)N,0.0,unreported_twosides_sampled,1.7588214e-06,0.09978130237376956,0.09978130237376956,fitted,platt_logistic_regression,0.48023811648639086,0
CC(C1=CC(=C(C=C1)C2=CC=CC=C2)F)C(=O)O,CCCNC1CCC2=C(C1)SC(=N2)N,0.0,unreported_twosides_sampled,4.2483545e-18,0.0919921710556056,0.0919921710556056,fitted,platt_logistic_regression,0.48023811648639086,0
CC12CC(=O)C3C(C1CCC2(C(=O)CO)O)CCC4=CC(=O)C=CC34C,COC1=C(C=C2C(=C1)CC(C2=O)CC3CCN(CC3)CC4=CC=CC=C4)OC,1.0,reported_twosides,4.2483545e-18,0.0919921710556056,0.0919921710556056,fitted,platt_logistic_regression,0.48023811648639086,0
C1CCC(CC1)C(CCN2CCCCC2)(C3=CC=CC=C3)O,C1CN=C(N1)NC2=C(C3=NC=CN=C3C=C2)Br,0.0,unreported_twosides_sampled,4.2483545e-18,0.0919921710556056,0.0919921710556056,fitted,platt_logistic_regression,0.48023811648639086,0
CC1=NN=C(S1)SCC2=C(N3C(C(C3=O)NC(=O)CN4C=NN=N4)SC2)C(=O)[O-],CN(C)CCC1=CNC2=C1C=C(C=C2)CC3COC(=O)N3,0.0,unreported_twosides_sampled,1.0,0.891810177985089,0.891810177985089,fitted,platt_logistic_regression,0.48023811648639086,1
CC(C)(CC1=CC=CC=C1)N,CC(C)C(CC1=CC(=C(C=C1)OC)OCCCOC)CC(C(CC(C(C)C)C(=O)NCC(C)(C)C(=O)N)O)N,0.0,unreported_twosides_sampled,1.7153327e-17,0.0919921710556056,0.0919921710556056,fitted,platt_logistic_regression,0.48023811648639086,0
CC1CCC2CC(C(=CC=CC=CC(CC(C(=O)C(C(C(=CC(C(=O)CC(OC(=O)C3CCCCN3C(=O)C(=O)C1(O2)O)C(C)CC4CCC(C(C4)OC)O)C)C)O)OC)C)C)C)OC,CCCC(CCC)C(=O)O,1.0,reported_twosides,4.2483545e-18,0.0919921710556056,0.0919921710556056,fitted,platt_logistic_regression,0.48023811648639086,0
CC(CC1=CC(=C(C=C1)O)O)(C(=O)O)N,CC1C=CC=CCCC=CC=CC=CC=CC(CC(C(C(CC(=O)CC(C(CCC(CC(CC(CC(=O)OC(C(C1O)C)C)O)O)O)O)O)O)C(=O)O)O)OC2C(C(C(C(O2)C)O)N)O,1.0,reported_twosides,0.57794666,0.4899896868966219,0.4899896868966219,fitted,platt_logistic_regression,0.48023811648639086,1
CN(C)CCCN1C2=CC=CC=C2CCC3=CC=CC=C31,CS(=O)(=O)C1=CC=C(C=C1)C2=C(C(=O)OC2)C3=CC=CC=C3,1.0,reported_twosides,0.0029388375,0.26546978860084064,0.26546978860084064,fitted,platt_logistic_regression,0.48023811648639086,0
CC(C)(C)NCC(COC1=NSN=C1N2CCOCC2)O,CC1=CC2=C(C=C1C)N(C=N2)C3C(C(C(O3)CO)OP(=O)([O-])OC(C)CNC(=O)CCC4(C(C5C6(C(C(C(=N6)C(=C7C(C(C(=N7)C=C8C(C(C(=N8)C(=C4[N-]5)C)CCC(=O)N)(C)C)CCC(=O)N)(C)CC(=O)N)C)CCC(=O)N)(C)CC(=O)N)C)CC(=O)N)C)O.O.[Co],0.0,unreported_twosides_sampled,4.2483545e-18,0.0919921710556056,0.0919921710556056,fitted,platt_logistic_regression,0.48023811648639086,0
CC(C1=CC(=C(C=C1)C2=CC=CC=C2)F)C(=O)O,CCCC1=NN(C2=C1NC(=NC2=O)C3=C(C=CC(=C3)S(=O)(=O)N4CCN(CC4)C)OCC)C,0.0,unreported_twosides_sampled,2.3661014e-06,0.10410366409938922,0.10410366409938922,fitted,platt_logistic_regression,0.48023811648639086,0
CC1(OC2CC3C4CCC5=CC(=O)C=CC5(C4C(CC3(C2(O1)C(=O)CO)C)O)C)C,CC1=CC2C(CCC3(C2CCC3(C(=O)C)O)C)C4(C1=CC(=O)CC4)C,0.0,unreported_twosides_sampled,1.878413e-17,0.0919921710556056,0.0919921710556056,fitted,platt_logistic_regression,0.48023811648639086,0
C1CN(CCN1CCC2=C(C=C3C(=C2)CC(=O)N3)Cl)C4=NSC5=CC=CC=C54,CCCCC(C)(CC=CC1C(CC(=O)C1CCCCCCC(=O)OC)O)O,0.0,unreported_twosides_sampled,1.0,0.891810177985089,0.891810177985089,fitted,platt_logistic_regression,0.48023811648639086,1
CC1=CC(=CC=C1)NC2=C(C=NC=C2)S(=O)(=O)NC(=O)NC(C)C,CCCCCC(C=CC1C(CC(=O)C1CCCCCCC(=O)O)O)O,0.0,unreported_twosides_sampled,4.2483545e-18,0.0919921710556056,0.0919921710556056,fitted,platt_logistic_regression,0.48023811648639086,0
CC(CC1=CC(=C(C=C1)O)O)(C(=O)O)N,CC1(OC2CC3C4CCC5=CC(=O)C=CC5(C4C(CC3(C2(O1)C(=O)CO)C)O)C)C,0.0,unreported_twosides_sampled,0.0030095764,0.26621103183692485,0.26621103183692485,fitted,platt_logistic_regression,0.48023811648639086,0
CC1C(C(=O)N1S(=O)(=O)O)NC(=O)C(=NOC(C)(C)C(=O)O)C2=CSC(=N2)N,CCCNC1CCC2=C(C1)SC(=N2)N,0.0,unreported_twosides_sampled,4.2483545e-18,0.0919921710556056,0.0919921710556056,fitted,platt_logistic_regression,0.48023811648639086,0
CC(C)(C)NCC(C1=CC(=C(C=C1)O)CO)O,CC1C(C(=O)N1S(=O)(=O)O)NC(=O)C(=NOC(C)(C)C(=O)O)C2=CSC(=N2)N,1.0,reported_twosides,0.99968946,0.7677706041337077,0.7677706041337077,fitted,platt_logistic_regression,0.48023811648639086,1
C1CN2C(=CC=C2C(=O)C3=CC=CC=C3)C1C(=O)O,CN(C)CCC=C1C2=CC=CC=C2COC3=C1C=C(C=C3)CC(=O)O,0.0,unreported_twosides_sampled,1.0,0.891810177985089,0.891810177985089,fitted,platt_logistic_regression,0.48023811648639086,1
CC(C(=O)C1=CC(=CC=C1)Cl)NC(C)(C)C,CCCCCCCCCCCC(CC1C(C(=O)O1)CCCCCC)OC(=O)C(CC(C)C)NC=O,1.0,reported_twosides,4.2483545e-18,0.0919921710556056,0.0919921710556056,fitted,platt_logistic_regression,0.48023811648639086,0
C1=CC=C(C=C1)CCNN,CC1=NN=C(S1)SCC2=C(N3C(C(C3=O)NC(=O)CN4C=NN=N4)SC2)C(=O)[O-],0.0,unreported_twosides_sampled,1.0,0.891810177985089,0.891810177985089,fitted,platt_logistic_regression,0.48023811648639086,1
CC1=CC(=CC=C1)CN2CCN(CC2)C(C3=CC=CC=C3)C4=CC=C(C=C4)Cl,CCCC(CCC)C(=O)O,1.0,reported_twosides,4.2483545e-18,0.0919921710556056,0.0919921710556056,fitted,platt_logistic_regression,0.48023811648639086,0
C1=CC=C2C(=C1)C(=O)NC2(C3=CC(=C(C=C3)Cl)S(=O)(=O)N)O,CC12CCC3C(C1CCC2(C#C)O)CCC4=CC(=O)CCC34,0.0,unreported_twosides_sampled,1.0,0.891810177985089,0.891810177985089,fitted,platt_logistic_regression,0.48023811648639086,1
CCN(CC)CC(=O)NC1=C(C=CC=C1C)C,COC1=C(C=C2C(=C1)CC(C2=O)CC3CCN(CC3)CC4=CC=CC=C4)OC,1.0,reported_twosides,4.2483545e-18,0.0919921710556056,0.0919921710556056,fitted,platt_logistic_regression,0.48023811648639086,0
CC1=C(C(=CC=C1)NC2=CC=CC=C2C(=O)O)C,CN1C(=NC(=O)C(=N1)[O-])SCC2=C(N3C(C(C3=O)NC(=O)C(=NOC)C4=CSC(=N4)N)SC2)C(=O)[O-],1.0,reported_twosides,1.729034e-09,0.0919921710556056,0.0919921710556056,fitted,platt_logistic_regression,0.48023811648639086,0
CC1=NC=C(N1CCO)[N+](=O)[O-],CC1C(C(=O)N1S(=O)(=O)O)NC(=O)C(=NOC(C)(C)C(=O)O)C2=CSC(=N2)N,1.0,reported_twosides,1.0,0.891810177985089,0.891810177985089,fitted,platt_logistic_regression,0.48023811648639086,1
CCCC1=NN(C2=C1NC(=NC2=O)C3=C(C=CC(=C3)S(=O)(=O)N4CCN(CC4)C)OCC)C,COC1=C(C=C2C(=C1)CC(C2=O)CC3CCN(CC3)CC4=CC=CC=C4)OC,1.0,reported_twosides,4.2483545e-18,0.0919921710556056,0.0919921710556056,fitted,platt_logistic_regression,0.48023811648639086,0
CC1CC2C(CCC3(C2CCC3(C(=O)C)O)C)C4(C1=CC(=O)CC4)C,CCN(CC)CCOC(=O)C1(CCCCC1)C2CCCCC2,1.0,reported_twosides,4.2483545e-18,0.0919921710556056,0.0919921710556056,fitted,platt_logistic_regression,0.48023811648639086,0
CC(C1=CC(=C(C=C1)C2=CC=CC=C2)F)C(=O)O,S=[Se],0.0,unreported_twosides_sampled,0.99995625,0.8187373420248473,0.8187373420248473,fitted,platt_logistic_regression,0.48023811648639086,1
CCCCC1=C(C2=CC=CC=C2O1)C(=O)C3=CC(=C(C(=C3)I)OCC[NH+](CC)CC)I,CN(C)CCC=C1C2=CC=CC=C2C=CC3=CC=CC=C31,1.0,reported_twosides,4.2483545e-18,0.0919921710556056,0.0919921710556056,fitted,platt_logistic_regression,0.48023811648639086,0
CCOC1=CC=CC=C1OCCNC(C)CC2=CC(=C(C=C2)OC)S(=O)(=O)N,CNS(=O)(=O)CCC1=CC2=C(C=C1)NC=C2C3CCN(CC3)C,0.0,unreported_twosides_sampled,4.2483545e-18,0.0919921710556056,0.0919921710556056,fitted,platt_logistic_regression,0.48023811648639086,0
CC(C(=O)C1=CC(=CC=C1)Cl)NC(C)(C)C,CC(C1=CC(=C(C=C1)C2=CC=CC=C2)F)C(=O)O,1.0,reported_twosides,8.886147e-08,0.0919921710556056,0.0919921710556056,fitted,platt_logistic_regression,0.48023811648639086,0
CC1CC2C(CCC3(C2CCC3(C(=O)C)O)C)C4(C1=CC(=O)CC4)C,CN1C(=NC(=O)C(=N1)[O-])SCC2=C(N3C(C(C3=O)NC(=O)C(=NOC)C4=CSC(=N4)N)SC2)C(=O)[O-],1.0,reported_twosides,4.2483545e-18,0.0919921710556056,0.0919921710556056,fitted,platt_logistic_regression,0.48023811648639086,0
CC(C(=O)C1=CC(=CC=C1)Cl)NC(C)(C)C,CC(C)(C)NCC(C1=CC(=C(C=C1)O)CO)O,1.0,reported_twosides,4.2483545e-18,0.0919921710556056,0.0919921710556056,fitted,platt_logistic_regression,0.48023811648639086,0
CC(=O)N(CCCCCNC(=O)CCC(=O)N(CCCCCNC(=O)CCC(=O)N(CCCCCN)O)O)O,CC1CCC2CC(C(=CC=CC=CC(CC(C(=O)C(C(C(=CC(C(=O)CC(OC(=O)C3CCCCN3C(=O)C(=O)C1(O2)O)C(C)CC4CCC(C(C4)OC)O)C)C)O)OC)C)C)C)OC,0.0,unreported_twosides_sampled,1.0,0.891810177985089,0.891810177985089,fitted,platt_logistic_regression,0.48023811648639086,1
CCN(CC)CCOC(=O)C1(CCCCC1)C2CCCCC2,CCOC1=CC=CC=C1OCCNC(C)CC2=CC(=C(C=C2)OC)S(=O)(=O)N,1.0,reported_twosides,4.2483545e-18,0.0919921710556056,0.0919921710556056,fitted,platt_logistic_regression,0.48023811648639086,0
CC(=O)OC1C(CC2C1(CCC3C2CCC4C3(CC(C(C4)O)N5CCOCC5)C)C)[N+]6(CCCC6)CC=C,CS(=O)(=O)C1=CC=C(C=C1)C2=C(C(=O)OC2)C3=CC=CC=C3,1.0,reported_twosides,2.0065463e-15,0.0919921710556056,0.0919921710556056,fitted,platt_logistic_regression,0.48023811648639086,0
CCC(C)C1C(CCC2(O1)CC3CC(O2)CC=C(C(C(C=CC=C4COC5C4(C(C=C(C5O)C)C(=O)O3)O)C)OC6CC(C(C(O6)C)OC7CC(C(C(O7)C)O)OC)OC)C)C.CC1CCC2(CC3CC(O2)CC=C(C(C(C=CC=C4COC5C4(C(C=C(C5O)C)C(=O)O3)O)C)OC6CC(C(C(O6)C)OC7CC(C(C(O7)C)O)OC)OC)C)OC1C(C)C,CCOC1=NC2=CC=CC(=C2N1CC3=CC=C(C=C3)C4=CC=CC=C4C5=NNN=N5)C(=O)O,0.0,unreported_twosides_sampled,0.98871744,0.6506830583555382,0.6506830583555382,fitted,platt_logistic_regression,0.48023811648639086,1
CC1=CC(=CC=C1)CN2CCN(CC2)C(C3=CC=CC=C3)C4=CC=C(C=C4)Cl,CC1NC2=CC(=C(C=C2C(=O)N1C3=CC=CC=C3C)S(=O)(=O)N)Cl,1.0,reported_twosides,0.99999547,0.8663259713735704,0.8663259713735704,fitted,platt_logistic_regression,0.48023811648639086,1
CC(CCC(=O)O)C1CCC2C1(CCC3C2C(CC4C3(CCC(C4)O)C)O)C,CCN(CC)CC(=O)NC1=C(C=CC=C1C)C,1.0,reported_twosides,4.2483545e-18,0.0919921710556056,0.0919921710556056,fitted,platt_logistic_regression,0.48023811648639086,0
CCCCCCCCCCCC(CC1C(C(=O)O1)CCCCCC)OC(=O)C(CC(C)C)NC=O,CN(C)C(=N)N=C(N)N,1.0,reported_twosides,4.2483545e-18,0.0919921710556056,0.0919921710556056,fitted,platt_logistic_regression,0.48023811648639086,0
CC1=CC2C(CCC3(C2CCC3(C(=O)C)O)C)C4(C1=CC(=O)CC4)C,CCOC1=NC2=CC=CC(=C2N1CC3=CC=C(C=C3)C4=CC=CC=C4C5=NNN=N5)C(=O)O,1.0,reported_twosides,0.9655362,0.6083764201728504,0.6083764201728504,fitted,platt_logistic_regression,0.48023811648639086,1
C1=CC=C2C(=C1)C(=O)NC2(C3=CC(=C(C=C3)Cl)S(=O)(=O)N)O,CN(C)CCC1=CNC2=C1C=C(C=C2)CC3COC(=O)N3,0.0,unreported_twosides_sampled,1.0,0.891810177985089,0.891810177985089,fitted,platt_logistic_regression,0.48023811648639086,1
CC(CC1=CC=CC=C1)N(C)CC#C,CC1C=CC=CCCC=CC=CC=CC=CC(CC(C(C(CC(=O)CC(C(CCC(CC(CC(CC(=O)OC(C(C1O)C)C)O)O)O)O)O)O)C(=O)O)O)OC2C(C(C(C(O2)C)O)N)O,0.0,unreported_twosides_sampled,1.4159457e-06,0.09672288515466371,0.09672288515466371,fitted,platt_logistic_regression,0.48023811648639086,0
C(OC(C(F)(F)F)C(F)(F)F)F,CCCC(CCC)C(=O)O,1.0,reported_twosides,4.2483545e-18,0.0919921710556056,0.0919921710556056,fitted,platt_logistic_regression,0.48023811648639086,0
C1CC(=O)NC(=O)C1N2C(=O)C3=CC=CC=C3C2=O,CCN(CC)CC(=O)NC1=C(C=CC=C1C)C,1.0,reported_twosides,4.2483545e-18,0.0919921710556056,0.0919921710556056,fitted,platt_logistic_regression,0.48023811648639086,0
CC(C)(C)C1=CC=C(C=C1)S(=O)(=O)NC2=C(C(=NC(=N2)C3=NC=CC=N3)OCCO)OC4=CC=CC=C4OC,CCC(=C)C(=O)C1=C(C(=C(C=C1)OCC(=O)O)Cl)Cl,0.0,unreported_twosides_sampled,3.815387e-16,0.0919921710556056,0.0919921710556056,fitted,platt_logistic_regression,0.48023811648639086,0
CC(=O)N(CC(CO)O)C1=C(C(=C(C(=C1I)C(=O)NCC(CO)O)I)C(=O)NCC(CO)O)I,CC1C=CC=CCCC=CC=CC=CC=CC(CC(C(C(CC(=O)CC(C(CCC(CC(CC(CC(=O)OC(C(C1O)C)C)O)O)O)O)O)O)C(=O)O)O)OC2C(C(C(C(O2)C)O)N)O,0.0,unreported_twosides_sampled,4.2483545e-18,0.0919921710556056,0.0919921710556056,fitted,platt_logistic_regression,0.48023811648639086,0
CC(CC1=CC=CC=C1)N(C)CC#C,CS(=O)(=O)C1=CC=C(C=C1)C2=C(C(=O)OC2)C3=CC=CC=C3,0.0,unreported_twosides_sampled,0.99999785,0.879511835778297,0.879511835778297,fitted,platt_logistic_regression,0.48023811648639086,1
C1=CC=C(C=C1)CCNN,CCCCC1=C(C2=CC=CC=C2O1)C(=O)C3=CC(=C(C(=C3)I)OCC[NH+](CC)CC)I,0.0,unreported_twosides_sampled,4.2483545e-18,0.0919921710556056,0.0919921710556056,fitted,platt_logistic_regression,0.48023811648639086,0
CCOC1=NC2=CC=CC(=C2N1CC3=CC=C(C=C3)C4=CC=CC=C4C5=NNN=N5)C(=O)O,CN1C=NC(=C1SC2=NC=NC3=C2NC=N3)[N+](=O)[O-],1.0,reported_twosides,0.9999138,0.8021621309636746,0.8021621309636746,fitted,platt_logistic_regression,0.48023811648639086,1
C1CC(C1)(C(=O)O)C(=O)O.N.N.[Pt],CC1(OC2CC3C4CCC5=CC(=O)C=CC5(C4C(CC3(C2(O1)C(=O)CO)C)O)C)C,0.0,unreported_twosides_sampled,4.2483545e-18,0.0919921710556056,0.0919921710556056,fitted,platt_logistic_regression,0.48023811648639086,0
CC1(C(N2C(S1)C(C2=O)NC(=O)CC3=CC=CC=C3)C(=O)O)C,CC1COC2=C3N1C=C(C(=O)C3=CC(=C2N4CCN(CC4)C)F)C(=O)O,0.0,unreported_twosides_sampled,1.0,0.891810177985089,0.891810177985089,fitted,platt_logistic_regression,0.48023811648639086,1
CC12CC(=O)C3C(C1CCC2(C(=O)CO)O)CCC4=CC(=O)C=CC34C,CC1=CC2=C(C=C1C(=C)C3=CC=C(C=C3)C(=O)O)C(CCC2(C)C)(C)C,0.0,unreported_twosides_sampled,0.0026567641,0.2623404269957139,0.2623404269957139,fitted,platt_logistic_regression,0.48023811648639086,0
CC1NC2=CC(=C(C=C2C(=O)N1C3=CC=CC=C3C)S(=O)(=O)N)Cl,CS(=O)(=O)C1=CC=C(C=C1)C2=C(C(=O)OC2)C3=CC=CC=C3,1.0,reported_twosides,1.0,0.891810177985089,0.891810177985089,fitted,platt_logistic_regression,0.48023811648639086,1
CC(C)C1=NC(=CS1)CN(C)C(=O)NC(C(C)C)C(=O)NC(CC2=CC=CC=C2)CC(C(CC3=CC=CC=C3)NC(=O)OCC4=CN=CS4)O,CC1=CC2C(CCC3(C2CCC3(C(=O)C)O)C)C4(C1=CC(=O)CC4)C,1.0,reported_twosides,5.5064346e-15,0.0919921710556056,0.0919921710556056,fitted,platt_logistic_regression,0.48023811648639086,0
CC(C(=O)C1=CC(=CC=C1)Cl)NC(C)(C)C,CC12CC(C3(C(C1CC(C2(C(=O)CO)O)O)CCC4=CC(=O)C=CC43C)F)O,1.0,reported_twosides,4.2483545e-18,0.0919921710556056,0.0919921710556056,fitted,platt_logistic_regression,0.48023811648639086,0
CC(C(=O)C1=CC(=CC=C1)Cl)NC(C)(C)C,CN(CCCNC(=O)C1CCCO1)C2=NC3=CC(=C(C=C3C(=N2)N)OC)OC,1.0,reported_twosides,4.2483545e-18,0.0919921710556056,0.0919921710556056,fitted,platt_logistic_regression,0.48023811648639086,0
CC(C)(C)C1=CC=C(C=C1)S(=O)(=O)NC2=C(C(=NC(=N2)C3=NC=CC=N3)OCCO)OC4=CC=CC=C4OC,CC(C1=CC(=C(C=C1)C2=CC=CC=C2)F)C(=O)O,0.0,unreported_twosides_sampled,8.432955e-14,0.0919921710556056,0.0919921710556056,fitted,platt_logistic_regression,0.48023811648639086,0
C1=CN(C(=O)N=C1N)C2C(C(C(O2)CO)O)O,CC1(OC2CC3C4CCC5=CC(=O)C=CC5(C4C(CC3(C2(O1)C(=O)CO)C)O)C)C,0.0,unreported_twosides_sampled,8.025468e-05,0.16918657245486748,0.16918657245486748,fitted,platt_logistic_regression,0.48023811648639086,0
CCN(CC)CC(=O)NC1=C(C=CC=C1C)C,CN1C=NC(=C1SC2=NC=NC3=C2NC=N3)[N+](=O)[O-],1.0,reported_twosides,4.2483545e-18,0.0919921710556056,0.0919921710556056,fitted,platt_logistic_regression,0.48023811648639086,0
C1CN(CCN1CCC2=C(C=C3C(=C2)CC(=O)N3)Cl)C4=NSC5=CC=CC=C54,CC1=C(C(=CC=C1)NC2=CC=CC=C2C(=O)O)C,0.0,unreported_twosides_sampled,0.9999658,0.8244745552408818,0.8244745552408818,fitted,platt_logistic_regression,0.48023811648639086,1
CC(C)(C)NCC(COC1=NSN=C1N2CCOCC2)O,CCCCC1=C(C2=CC=CC=C2O1)C(=O)C3=CC(=C(C(=C3)I)OCC[NH+](CC)CC)I,0.0,unreported_twosides_sampled,4.2483545e-18,0.0919921710556056,0.0919921710556056,fitted,platt_logistic_regression,0.48023811648639086,0
CC1=C(C(CCC1)(C)C)C=CC(=CC=CC(=CCO)C)C,CCC(C)C1C(CCC2(O1)CC3CC(O2)CC=C(C(C(C=CC=C4COC5C4(C(C=C(C5O)C)C(=O)O3)O)C)OC6CC(C(C(O6)C)OC7CC(C(C(O7)C)O)OC)OC)C)C.CC1CCC2(CC3CC(O2)CC=C(C(C(C=CC=C4COC5C4(C(C=C(C5O)C)C(=O)O3)O)C)OC6CC(C(C(O6)C)OC7CC(C(C(O7)C)O)OC)OC)C)OC1C(C)C,0.0,unreported_twosides_sampled,0.8519967,0.547002635137156,0.547002635137156,fitted,platt_logistic_regression,0.48023811648639086,1
CC(CCC(=O)O)C1CCC2C1(CCC3C2C(CC4C3(CCC(C4)O)C)O)C,CCC(C)C1C(CCC2(O1)CC3CC(O2)CC=C(C(C(C=CC=C4COC5C4(C(C=C(C5O)C)C(=O)O3)O)C)OC6CC(C(C(O6)C)OC7CC(C(C(O7)C)O)OC)OC)C)C.CC1CCC2(CC3CC(O2)CC=C(C(C(C=CC=C4COC5C4(C(C=C(C5O)C)C(=O)O3)O)C)OC6CC(C(C(O6)C)OC7CC(C(C(O7)C)O)OC)OC)C)OC1C(C)C,1.0,reported_twosides,4.2483545e-18,0.0919921710556056,0.0919921710556056,fitted,platt_logistic_regression,0.48023811648639086,0
CC1=C(C(CCC1)(C)C)C=CC(=CC=CC(=CCO)C)C,CCOC1=NC2=CC=CC(=C2N1CC3=CC=C(C=C3)C4=CC=CC=C4C5=NNN=N5)C(=O)O,0.0,unreported_twosides_sampled,1.0,0.891810177985089,0.891810177985089,fitted,platt_logistic_regression,0.48023811648639086,1
C1CN=C(N1)NC2=C(C3=NC=CN=C3C=C2)Br,CN(C)CCC1=CNC2=C1C=C(C=C2)CC3COC(=O)N3,0.0,unreported_twosides_sampled,0.45942864,0.471036245940761,0.471036245940761,fitted,platt_logistic_regression,0.48023811648639086,0
C(C(CO[N+](=O)[O-])O[N+](=O)[O-])O[N+](=O)[O-],CC1=C2C(=NC=C1)N(C3=C(C=CC=N3)C(=O)N2)C4CC4,0.0,unreported_twosides_sampled,1.0,0.891810177985089,0.891810177985089,fitted,platt_logistic_regression,0.48023811648639086,1
CC(C)C(CC1=CC(=C(C=C1)OC)OCCCOC)CC(C(CC(C(C)C)C(=O)NCC(C)(C)C(=O)N)O)N,CC1=CC(=CC=C1)CN2CCN(CC2)C(C3=CC=CC=C3)C4=CC=C(C=C4)Cl,0.0,unreported_twosides_sampled,4.2483545e-18,0.0919921710556056,0.0919921710556056,fitted,platt_logistic_regression,0.48023811648639086,0
C1=CC=C(C=C1)C(C2=CC=CC=C2)(C3=CC=CC=C3Cl)N4C=CN=C4,CN1C(=NC(=O)C(=N1)[O-])SCC2=C(N3C(C(C3=O)NC(=O)C(=NOC)C4=CSC(=N4)N)SC2)C(=O)[O-],1.0,reported_twosides,1.0,0.891810177985089,0.891810177985089,fitted,platt_logistic_regression,0.48023811648639086,1
CC1=C(C(=CC=C1)NC2=CC=CC=C2C(=O)O)C,CCC1(CC(=O)NC1=O)C,0.0,unreported_twosides_sampled,4.2483545e-18,0.0919921710556056,0.0919921710556056,fitted,platt_logistic_regression,0.48023811648639086,0
CC1NC2=CC(=C(C=C2C(=O)N1C3=CC=CC=C3C)S(=O)(=O)N)Cl,CCC1=C2C(=CC=C1)C3=C(N2)C(OCC3)(CC)CC(=O)O,1.0,reported_twosides,1.0,0.891810177985089,0.891810177985089,fitted,platt_logistic_regression,0.48023811648639086,1
CC12CC(C3(C(C1CC(C2(C(=O)CO)O)O)CCC4=CC(=O)C=CC43C)F)O,S=[Se],1.0,reported_twosides,2.3893226e-15,0.0919921710556056,0.0919921710556056,fitted,platt_logistic_regression,0.48023811648639086,0
CC1=NN=C(S1)SCC2=C(N3C(C(C3=O)NC(=O)CN4C=NN=N4)SC2)C(=O)[O-],CCN(CC)CCOC(=O)C1(CCCCC1)C2CCCCC2,0.0,unreported_twosides_sampled,0.16222696,0.41302795845950524,0.41302795845950524,fitted,platt_logistic_regression,0.48023811648639086,0
CC1=NC=C(N1CCO)[N+](=O)[O-],CC1C=CC=CCCC=CC=CC=CC=CC(CC(C(C(CC(=O)CC(C(CCC(CC(CC(CC(=O)OC(C(C1O)C)C)O)O)O)O)O)O)C(=O)O)O)OC2C(C(C(C(O2)C)O)N)O,1.0,reported_twosides,1.0,0.891810177985089,0.891810177985089,fitted,platt_logistic_regression,0.48023811648639086,1
CC1=C2C(=NC=C1)N(C3=C(C=CC=N3)C(=O)N2)C4CC4,CC1CCC2CC(C(=CC=CC=CC(CC(C(=O)C(C(C(=CC(C(=O)CC(OC(=O)C3CCCCN3C(=O)C(=O)C1(O2)O)C(C)CC4CCC(C(C4)OC)O)C)C)O)OC)C)C)C)OC,0.0,unreported_twosides_sampled,1.0,0.891810177985089,0.891810177985089,fitted,platt_logistic_regression,0.48023811648639086,1
C1CN(CCN1CCC2=C(C=C3C(=C2)CC(=O)N3)Cl)C4=NSC5=CC=CC=C54,CCC1=C2C(=CC=C1)C3=C(N2)C(OCC3)(CC)CC(=O)O,1.0,reported_twosides,1.0,0.891810177985089,0.891810177985089,fitted,platt_logistic_regression,0.48023811648639086,1
CC(CCC(=O)O)C1CCC2C1(CCC3C2C(CC4C3(CCC(C4)O)C)O)C,CC12CC(=O)C3C(C1CCC2(C(=O)CO)O)CCC4=CC(=O)C=CC34C,1.0,reported_twosides,4.2483545e-18,0.0919921710556056,0.0919921710556056,fitted,platt_logistic_regression,0.48023811648639086,0
CC(C)(C)NCC(COC1=NSN=C1N2CCOCC2)O,CC1(OC2CC3C4CC(C5=CC(=O)C=CC5(C4C(CC3(C2(O1)C(=O)CO)C)O)C)F)C,0.0,unreported_twosides_sampled,4.2483545e-18,0.0919921710556056,0.0919921710556056,fitted,platt_logistic_regression,0.48023811648639086,0
CC(C)(C)C1=CC=C(C=C1)S(=O)(=O)NC2=C(C(=NC(=N2)C3=NC=CC=N3)OCCO)OC4=CC=CC=C4OC,CCCCC(C)(CC=CC1C(CC(=O)C1CCCCCCC(=O)OC)O)O,0.0,unreported_twosides_sampled,4.2483545e-18,0.0919921710556056,0.0919921710556056,fitted,platt_logistic_regression,0.48023811648639086,0
C1CC(=O)NC(=O)C1N2C(=O)C3=CC=CC=C3C2=O,C1CC(C1)(C(=O)O)C(=O)O.N.N.[Pt],1.0,reported_twosides,4.2483545e-18,0.0919921710556056,0.0919921710556056,fitted,platt_logistic_regression,0.48023811648639086,0
CC(CCC(=O)O)C1CCC2C1(CCC3C2C(CC4C3(CCC(C4)O)C)O)C,CC1=CC(=CC=C1)NC2=C(C=NC=C2)S(=O)(=O)NC(=O)NC(C)C,1.0,reported_twosides,4.2483545e-18,0.0919921710556056,0.0919921710556056,fitted,platt_logistic_regression,0.48023811648639086,0
CCC(=C)C(=O)C1=C(C(=C(C=C1)OCC(=O)O)Cl)Cl,CCCCC1=C(C2=CC=CC=C2O1)C(=O)C3=CC(=C(C(=C3)I)OCC[NH+](CC)CC)I,0.0,unreported_twosides_sampled,4.2483545e-18,0.0919921710556056,0.0919921710556056,fitted,platt_logistic_regression,0.48023811648639086,0
CC(C1=CC(=C(C=C1)C2=CC=CC=C2)F)C(=O)O,CCOC1=NC2=CC=CC(=C2N1CC3=CC=C(C=C3)C4=CC=CC=C4C5=NNN=N5)C(=O)O,1.0,reported_twosides,1.0,0.891810177985089,0.891810177985089,fitted,platt_logistic_regression,0.48023811648639086,1
C(=O)([O-])[O-].C(=O)([O-])[O-].C(=O)([O-])[O-].O.[La+3].[La+3],C1CN2C(=CC=C2C(=O)C3=CC=CC=C3)C1C(=O)O,0.0,unreported_twosides_sampled,1.0,0.891810177985089,0.891810177985089,fitted,platt_logistic_regression,0.48023811648639086,1
CCCC(=O)OC1(CCC2C1(CC(C3C2CCC4=CC(=O)CCC34C)O)C)C(=O)CO,CNS(=O)(=O)CCC1=CC2=C(C=C1)NC=C2C3CCN(CC3)C,0.0,unreported_twosides_sampled,4.2483545e-18,0.0919921710556056,0.0919921710556056,fitted,platt_logistic_regression,0.48023811648639086,0
CC1=CC2=C(NC3=CC=CC=C3N=C2S1)N4CCN(CC4)C,CCC(CC)OC1C=C(CC(C1NC(=O)C)N)C(=O)OCC,1.0,reported_twosides,4.2483545e-18,0.0919921710556056,0.0919921710556056,fitted,platt_logistic_regression,0.48023811648639086,0
CC(C)C(CC1=CC(=C(C=C1)OC)OCCCOC)CC(C(CC(C(C)C)C(=O)NCC(C)(C)C(=O)N)O)N,CCC(=O)OC(C(C)C)OP(=O)(CCCCC1=CC=CC=C1)CC(=O)N2CC(CC2C(=O)[O-])C3CCCCC3,0.0,unreported_twosides_sampled,4.2483545e-18,0.0919921710556056,0.0919921710556056,fitted,platt_logistic_regression,0.48023811648639086,0
C(N)(N)(Cl)Cl,CC1=CC(=CC=C1)NC2=C(C=NC=C2)S(=O)(=O)NC(=O)NC(C)C,1.0,reported_twosides,4.2483545e-18,0.0919921710556056,0.0919921710556056,fitted,platt_logistic_regression,0.48023811648639086,0
CC1COC2=C3N1C=C(C(=O)C3=CC(=C2N4CCN(CC4)C)F)C(=O)O,S=[Se],1.0,reported_twosides,0.9998908,0.7961155428664537,0.7961155428664537,fitted,platt_logistic_regression,0.48023811648639086,1
CC(C)(C)NCC(C1=CC(=C(C=C1)O)CO)O,CC(CC1=CC=CC=C1)N(C)CC#C,1.0,reported_twosides,4.7667773e-11,0.0919921710556056,0.0919921710556056,fitted,platt_logistic_regression,0.48023811648639086,0
CC1CC2C(CCC3(C2CCC3(C(=O)C)O)C)C4(C1=CC(=O)CC4)C,CCCNC1CCC2=C(C1)SC(=N2)N,1.0,reported_twosides,4.2483545e-18,0.0919921710556056,0.0919921710556056,fitted,platt_logistic_regression,0.48023811648639086,0
C(C(CO[N+](=O)[O-])O[N+](=O)[O-])O[N+](=O)[O-],CN1CC(=O)N2C(C1=O)CC3=C(C2C4=CC5=C(C=C4)OCO5)NC6=CC=CC=C36,1.0,reported_twosides,1.0,0.891810177985089,0.891810177985089,fitted,platt_logistic_regression,0.48023811648639086,1
CC(CCC(=O)O)C1CCC2C1(CCC3C2C(CC4C3(CCC(C4)O)C)O)C,CC1COC2=C3N1C=C(C(=O)C3=CC(=C2N4CCN(CC4)C)F)C(=O)O,1.0,reported_twosides,4.2483545e-18,0.0919921710556056,0.0919921710556056,fitted,platt_logistic_regression,0.48023811648639086,0
CC1C=CC=CCCC=CC=CC=CC=CC(CC(C(C(CC(=O)CC(C(CCC(CC(CC(CC(=O)OC(C(C1O)C)C)O)O)O)O)O)O)C(=O)O)O)OC2C(C(C(C(O2)C)O)N)O,CCCCCC(CCC1C(CC2C1CC3=C(C2)C(=CC=C3)OCC(=O)O)O)O,0.0,unreported_twosides_sampled,4.2483545e-18,0.0919921710556056,0.0919921710556056,fitted,platt_logistic_regression,0.48023811648639086,0
CN1CC(=O)N2C(C1=O)CC3=C(C2C4=CC5=C(C=C4)OCO5)NC6=CC=CC=C36,S=[Se],0.0,unreported_twosides_sampled,0.9999995,0.891810177985089,0.891810177985089,fitted,platt_logistic_regression,0.48023811648639086,1
CC1=CC2=C(C=C1C(=C)C3=CC=C(C=C3)C(=O)O)C(CCC2(C)C)(C)C,CCC(CC)OC1C=C(CC(C1NC(=O)C)N)C(=O)OCC,0.0,unreported_twosides_sampled,4.2483545e-18,0.0919921710556056,0.0919921710556056,fitted,platt_logistic_regression,0.48023811648639086,0
CC(C(=O)C1=CC(=CC=C1)Cl)NC(C)(C)C,CN1C=NC(=C1SC2=NC=NC3=C2NC=N3)[N+](=O)[O-],1.0,reported_twosides,4.2483545e-18,0.0919921710556056,0.0919921710556056,fitted,platt_logistic_regression,0.48023811648639086,0
C(OC(C(F)(F)F)C(F)(F)F)F,CS(=O)(=O)C1=CC=C(C=C1)C2=C(C(=O)OC2)C3=CC=CC=C3,0.0,unreported_twosides_sampled,2.2823245e-07,0.0919921710556056,0.0919921710556056,fitted,platt_logistic_regression,0.48023811648639086,0
CC1COC2=C3N1C=C(C(=O)C3=CC(=C2N4CCN(CC4)C)F)C(=O)O,CCN(CC)CC(=O)NC1=C(C=CC=C1C)C,1.0,reported_twosides,4.2483545e-18,0.0919921710556056,0.0919921710556056,fitted,platt_logistic_regression,0.48023811648639086,0
C1=CC=C(C=C1)C(C2=CC=CC=C2)(C3=CC=CC=C3Cl)N4C=CN=C4,CCN(CCCC(C)NC1=C2C=CC(=CC2=NC=C1)Cl)CCO,1.0,reported_twosides,4.2483545e-18,0.0919921710556056,0.0919921710556056,fitted,platt_logistic_regression,0.48023811648639086,0
CC1=CC(=CC=C1)NC2=C(C=NC=C2)S(=O)(=O)NC(=O)NC(C)C,CCCC(CCC)C(=O)O,1.0,reported_twosides,4.2483545e-18,0.0919921710556056,0.0919921710556056,fitted,platt_logistic_regression,0.48023811648639086,0
C1CCC(CC1)C(CCN2CCCCC2)(C3=CC=CC=C3)O,CCOC1=CC=CC=C1OCCNC(C)CC2=CC(=C(C=C2)OC)S(=O)(=O)N,1.0,reported_twosides,4.2483545e-18,0.0919921710556056,0.0919921710556056,fitted,platt_logistic_regression,0.48023811648639086,0
CC1COC2=C3N1C=C(C(=O)C3=CC(=C2N4CCN(CC4)C)F)C(=O)O,CN1C(=NC(=O)C(=N1)[O-])SCC2=C(N3C(C(C3=O)NC(=O)C(=NOC)C4=CSC(=N4)N)SC2)C(=O)[O-],1.0,reported_twosides,1.0,0.891810177985089,0.891810177985089,fitted,platt_logistic_regression,0.48023811648639086,1
CC(=O)OC1C(CC2C1(CCC3C2CCC4C3(CC(C(C4)O)N5CCOCC5)C)C)[N+]6(CCCC6)CC=C,CN(C)CCC=C1C2=CC=CC=C2COC3=C1C=C(C=C3)CC(=O)O,0.0,unreported_twosides_sampled,4.627821e-05,0.1572206827626103,0.1572206827626103,fitted,platt_logistic_regression,0.48023811648639086,0
C(N)(N)(Cl)Cl,CC(CC1=CC=CC=C1)N(C)CC#C,0.0,unreported_twosides_sampled,1.6672473e-10,0.0919921710556056,0.0919921710556056,fitted,platt_logistic_regression,0.48023811648639086,0
CC1=C(N=CN1)CSCCNC(=NC)NC#N,CCC(=O)OC(C(C)C)OP(=O)(CCCCC1=CC=CC=C1)CC(=O)N2CC(CC2C(=O)[O-])C3CCCCC3,1.0,reported_twosides,1.0,0.891810177985089,0.891810177985089,fitted,platt_logistic_regression,0.48023811648639086,1
C(C(CO[N+](=O)[O-])O[N+](=O)[O-])O[N+](=O)[O-],CCC(CC)OC1C=C(CC(C1NC(=O)C)N)C(=O)OCC,1.0,reported_twosides,3.9773845e-06,0.11207183678412484,0.11207183678412484,fitted,platt_logistic_regression,0.48023811648639086,0
C1CN=C(N1)NC2=C(C3=NC=CN=C3C=C2)Br,CC(C(=O)C1=CC(=CC=C1)Cl)NC(C)(C)C,1.0,reported_twosides,4.2483545e-18,0.0919921710556056,0.0919921710556056,fitted,platt_logistic_regression,0.48023811648639086,0
C(C(CO[N+](=O)[O-])O[N+](=O)[O-])O[N+](=O)[O-],CC1C(C(=O)N1S(=O)(=O)O)NC(=O)C(=NOC(C)(C)C(=O)O)C2=CSC(=N2)N,0.0,unreported_twosides_sampled,1.0,0.891810177985089,0.891810177985089,fitted,platt_logistic_regression,0.48023811648639086,1
C1CC(=O)NC(=O)C1N2C(=O)C3=CC=CC=C3C2=O,CC1COC2=C3N1C=C(C(=O)C3=CC(=C2N4CCN(CC4)C)F)C(=O)O,1.0,reported_twosides,0.10272758,0.39290270504088404,0.39290270504088404,fitted,platt_logistic_regression,0.48023811648639086,0
CCC1=C2C(=CC=C1)C3=C(N2)C(OCC3)(CC)CC(=O)O,CCN(CC)CC(=O)NC1=C(C=CC=C1C)C,1.0,reported_twosides,4.2483545e-18,0.0919921710556056,0.0919921710556056,fitted,platt_logistic_regression,0.48023811648639086,0
CCOC1=NC2=CC=CC(=C2N1CC3=CC=C(C=C3)C4=CC=CC=C4C5=NNN=N5)C(=O)O,CS(=O)(=O)C1=CC=C(C=C1)C2=C(C(=O)OC2)C3=CC=CC=C3,1.0,reported_twosides,1.0,0.891810177985089,0.891810177985089,fitted,platt_logistic_regression,0.48023811648639086,1
C1CC(=O)NC(=O)C1N2C(=O)C3=CC=CC=C3C2=O,CCCCC1=C(C2=CC=CC=C2O1)C(=O)C3=CC(=C(C(=C3)I)OCC[NH+](CC)CC)I,1.0,reported_twosides,4.2483545e-18,0.0919921710556056,0.0919921710556056,fitted,platt_logistic_regression,0.48023811648639086,0
C1=CC=C2C(=C1)C(=O)NC2(C3=CC(=C(C=C3)Cl)S(=O)(=O)N)O,CS(=O)(=O)C1=CC=C(C=C1)C2=C(C(=O)OC2)C3=CC=CC=C3,1.0,reported_twosides,1.0,0.891810177985089,0.891810177985089,fitted,platt_logistic_regression,0.48023811648639086,1
CC1CCC2CC(C(=CC=CC=CC(CC(C(=O)C(C(C(=CC(C(=O)CC(OC(=O)C3CCCCN3C(=O)C(=O)C1(O2)O)C(C)CC4CCC(C(C4)OC)O)C)C)O)OC)C)C)C)OC,CN(CCCNC(=O)C1CCCO1)C2=NC3=CC(=C(C=C3C(=N2)N)OC)OC,0.0,unreported_twosides_sampled,7.603918e-15,0.0919921710556056,0.0919921710556056,fitted,platt_logistic_regression,0.48023811648639086,0
CC(C)(CC1=CC=CC=C1)N,CN1CCN(CC1)CCCN2C3=CC=CC=C3SC4=C2C=C(C=C4)Cl,0.0,unreported_twosides_sampled,1.7015833e-11,0.0919921710556056,0.0919921710556056,fitted,platt_logistic_regression,0.48023811648639086,0
CN(CCCNC(=O)C1CCCO1)C2=NC3=CC(=C(C=C3C(=N2)N)OC)OC,COC1=C(C=C2C(=C1)CC(C2=O)CC3CCN(CC3)CC4=CC=CC=C4)OC,1.0,reported_twosides,4.2483545e-18,0.0919921710556056,0.0919921710556056,fitted,platt_logistic_regression,0.48023811648639086,0
CC1=CC2=C(C=C1C)N(C=N2)C3C(C(C(O3)CO)OP(=O)([O-])OC(C)CNC(=O)CCC4(C(C5C6(C(C(C(=N6)C(=C7C(C(C(=N7)C=C8C(C(C(=N8)C(=C4[N-]5)C)CCC(=O)N)(C)C)CCC(=O)N)(C)CC(=O)N)C)CCC(=O)N)(C)CC(=O)N)C)CC(=O)N)C)O.O.[Co],CC1C=CC=CCCC=CC=CC=CC=CC(CC(C(C(CC(=O)CC(C(CCC(CC(CC(CC(=O)OC(C(C1O)C)C)O)O)O)O)O)O)C(=O)O)O)OC2C(C(C(C(O2)C)O)N)O,0.0,unreported_twosides_sampled,4.2483545e-18,0.0919921710556056,0.0919921710556056,fitted,platt_logistic_regression,0.48023811648639086,0
CN(C)CCCN1C2=CC=CC=C2CCC3=CC=CC=C31,CN1CCC2=C3C1CC4=C(C3=CC=C2)C(=C(C=C4)O)O,0.0,unreported_twosides_sampled,7.201192e-07,0.0919921710556056,0.0919921710556056,fitted,platt_logistic_regression,0.48023811648639086,0
CC1=CC2=C(NC3=CC=CC=C3N=C2S1)N4CCN(CC4)C,CCCNC1CCC2=C(C1)SC(=N2)N,1.0,reported_twosides,4.2483545e-18,0.0919921710556056,0.0919921710556056,fitted,platt_logistic_regression,0.48023811648639086,0
CN(C)CCC1=CNC2=C1C=C(C=C2)CC3COC(=O)N3,COC1=C(C=C2C(=C1)CC(C2=O)CC3CCN(CC3)CC4=CC=CC=C4)OC,0.0,unreported_twosides_sampled,4.2483545e-18,0.0919921710556056,0.0919921710556056,fitted,platt_logistic_regression,0.48023811648639086,0
CCCCC(C)(CC=CC1C(CC(=O)C1CCCCCCC(=O)OC)O)O,CN(C)CCC=C1C2=CC=CC=C2C=CC3=CC=CC=C31,1.0,reported_twosides,0.9999933,0.8590138777548468,0.8590138777548468,fitted,platt_logistic_regression,0.48023811648639086,1
CC1COC2=C3N1C=C(C(=O)C3=CC(=C2N4CCN(CC4)C)F)C(=O)O,CC1NC2=CC(=C(C=C2C(=O)N1C3=CC=CC=C3C)S(=O)(=O)N)Cl,1.0,reported_twosides,1.0,0.891810177985089,0.891810177985089,fitted,platt_logistic_regression,0.48023811648639086,1
CCCNC(=O)NS(=O)(=O)C1=CC=C(C=C1)Cl,CN1CC(=O)N2C(C1=O)CC3=C(C2C4=CC5=C(C=C4)OCO5)NC6=CC=CC=C36,0.0,unreported_twosides_sampled,1.1724268e-05,0.13037509866325836,0.13037509866325836,fitted,platt_logistic_regression,0.48023811648639086,0
C1=CN(C(=O)N=C1N)C2C(C(C(O2)CO)O)O,CCC(C)C1C(CCC2(O1)CC3CC(O2)CC=C(C(C(C=CC=C4COC5C4(C(C=C(C5O)C)C(=O)O3)O)C)OC6CC(C(C(O6)C)OC7CC(C(C(O7)C)O)OC)OC)C)C.CC1CCC2(CC3CC(O2)CC=C(C(C(C=CC=C4COC5C4(C(C=C(C5O)C)C(=O)O3)O)C)OC6CC(C(C(O6)C)OC7CC(C(C(O7)C)O)OC)OC)C)OC1C(C)C,0.0,unreported_twosides_sampled,2.2403478e-11,0.0919921710556056,0.0919921710556056,fitted,platt_logistic_regression,0.48023811648639086,0
C1CN=C(N1)NC2=C(C3=NC=CN=C3C=C2)Br,CC1NC2=CC(=C(C=C2C(=O)N1C3=CC=CC=C3C)S(=O)(=O)N)Cl,1.0,reported_twosides,1.0,0.891810177985089,0.891810177985089,fitted,platt_logistic_regression,0.48023811648639086,1
CC1(C(N2C(S1)C(C2=O)NC(=O)CC3=CC=CC=C3)C(=O)O)C,CC1=NC=C(N1CCO)[N+](=O)[O-],0.0,unreported_twosides_sampled,1.0,0.891810177985089,0.891810177985089,fitted,platt_logistic_regression,0.48023811648639086,1
CCC(=C)C(=O)C1=C(C(=C(C=C1)OCC(=O)O)Cl)Cl,CCCCC(C)(CC=CC1C(CC(=O)C1CCCCCCC(=O)OC)O)O,0.0,unreported_twosides_sampled,0.68903285,0.5091414011518708,0.5091414011518708,fitted,platt_logistic_regression,0.48023811648639086,1
CCCCCC(C=CC1C(CC(=O)C1CCCCCCC(=O)O)O)O,CN(C)C(=N)N=C(N)N,1.0,reported_twosides,4.2483545e-18,0.0919921710556056,0.0919921710556056,fitted,platt_logistic_regression,0.48023811648639086,0
CC1=C(C(=CC=C1)NC2=CC=CC=C2C(=O)O)C,CS(=O)(=O)C1=CC=C(C=C1)C2=C(C(=O)OC2)C3=CC=CC=C3,0.0,unreported_twosides_sampled,4.2483545e-18,0.0919921710556056,0.0919921710556056,fitted,platt_logistic_regression,0.48023811648639086,0
CCCC(CCC)C(=O)O,CN1CC(=O)N2C(C1=O)CC3=C(C2C4=CC5=C(C=C4)OCO5)NC6=CC=CC=C36,1.0,reported_twosides,5.255946e-13,0.0919921710556056,0.0919921710556056,fitted,platt_logistic_regression,0.48023811648639086,0
CCOC1=NC2=CC=CC(=C2N1CC3=CC=C(C=C3)C4=CC=CC=C4C5=NNN=N5)C(=O)O,CN(CCCNC(=O)C1CCCO1)C2=NC3=CC(=C(C=C3C(=N2)N)OC)OC,1.0,reported_twosides,0.98228914,0.6339539545111564,0.6339539545111564,fitted,platt_logistic_regression,0.48023811648639086,1
CC(C(=O)C1=CC(=CC=C1)Cl)NC(C)(C)C,CC1(OC2CC3C4CCC5=CC(=O)C=CC5(C4C(CC3(C2(O1)C(=O)CO)C)O)C)C,1.0,reported_twosides,4.2483545e-18,0.0919921710556056,0.0919921710556056,fitted,platt_logistic_regression,0.48023811648639086,0
CCCCCC(C=CC1C(CC(=O)C1CCCCCCC(=O)O)O)O,CCN(CCCC(C)NC1=C2C=CC(=CC2=NC=C1)Cl)CCO,0.0,unreported_twosides_sampled,4.2483545e-18,0.0919921710556056,0.0919921710556056,fitted,platt_logistic_regression,0.48023811648639086,0
CC(C(=O)C1=CC(=CC=C1)Cl)NC(C)(C)C,CC12CC(=O)C3C(C1CCC2(C(=O)CO)O)CCC4=CC(=O)C=CC34C,1.0,reported_twosides,5.1761556e-10,0.0919921710556056,0.0919921710556056,fitted,platt_logistic_regression,0.48023811648639086,0
C1CC(=O)NC(=O)C1N2C(=O)C3=CC=CC=C3C2=O,CCCNC1CCC2=C(C1)SC(=N2)N,1.0,reported_twosides,4.2483545e-18,0.0919921710556056,0.0919921710556056,fitted,platt_logistic_regression,0.48023811648639086,0
CCCN(CCC)S(=O)(=O)C1=CC=C(C=C1)C(=O)O,CN1C=NC(=C1SC2=NC=NC3=C2NC=N3)[N+](=O)[O-],0.0,unreported_twosides_sampled,4.2483545e-18,0.0919921710556056,0.0919921710556056,fitted,platt_logistic_regression,0.48023811648639086,0
CC(=O)N(CC(CO)O)C1=C(C(=C(C(=C1I)C(=O)NCC(CO)O)I)C(=O)NCC(CO)O)I,CCC(CC)OC1C=C(CC(C1NC(=O)C)N)C(=O)OCC,0.0,unreported_twosides_sampled,4.2483545e-18,0.0919921710556056,0.0919921710556056,fitted,platt_logistic_regression,0.48023811648639086,0
C1CN2C(=CC=C2C(=O)C3=CC=CC=C3)C1C(=O)O,CC(CC1=CC(=C(C=C1)O)O)(C(=O)O)N,0.0,unreported_twosides_sampled,1.0,0.891810177985089,0.891810177985089,fitted,platt_logistic_regression,0.48023811648639086,1
C(N)(N)(Cl)Cl,CN(C)CCC=C1C2=CC=CC=C2COC3=C1C=C(C=C3)CC(=O)O,0.0,unreported_twosides_sampled,0.9998869,0.7951993396924435,0.7951993396924435,fitted,platt_logistic_regression,0.48023811648639086,1
CC1=CC(=CC=C1)CN2CCN(CC2)C(C3=CC=CC=C3)C4=CC=C(C=C4)Cl,CCP(CC)CC.CC(=O)OCC1C(C(C(C(O1)[S-])OC(=O)C)OC(=O)C)OC(=O)C.[Au+],0.0,unreported_twosides_sampled,4.2483545e-18,0.0919921710556056,0.0919921710556056,fitted,platt_logistic_regression,0.48023811648639086,0
CC(C)(C)C1=CC=C(C=C1)S(=O)(=O)NC2=C(C(=NC(=N2)C3=NC=CC=N3)OCCO)OC4=CC=CC=C4OC,CCCNC(=O)NS(=O)(=O)C1=CC=C(C=C1)Cl,0.0,unreported_twosides_sampled,4.2483545e-18,0.0919921710556056,0.0919921710556056,fitted,platt_logistic_regression,0.48023811648639086,0
C1CC(=O)NC(=O)C1N2C(=O)C3=CC=CC=C3C2=O,CC1(C(N2C(S1)C(C2=O)NC(=O)CC3=CC=CC=C3)C(=O)O)C,0.0,unreported_twosides_sampled,0.99977666,0.7769978380499957,0.7769978380499957,fitted,platt_logistic_regression,0.48023811648639086,1
CN(C)C(=N)N=C(N)N,CN(C)CCC=C1C2=CC=CC=C2C=CC3=CC=CC=C31,1.0,reported_twosides,0.9986229,0.7228165115195468,0.7228165115195468,fitted,platt_logistic_regression,0.48023811648639086,1
CC12CC(=O)C3C(C1CCC2(C(=O)CO)O)CCC4=CC(=O)C=CC34C,CCN(CC)CCOC(=O)C1(CCCCC1)C2CCCCC2,1.0,reported_twosides,1.8792995e-12,0.0919921710556056,0.0919921710556056,fitted,platt_logistic_regression,0.48023811648639086,0
C1CC(C1)(C(=O)O)C(=O)O.N.N.[Pt],CCOC1=NC2=CC=CC(=C2N1CC3=CC=C(C=C3)C4=CC=CC=C4C5=NNN=N5)C(=O)O,1.0,reported_twosides,0.86815566,0.5522990565218983,0.5522990565218983,fitted,platt_logistic_regression,0.48023811648639086,1
CC1CCC2CC(C(=CC=CC=CC(CC(C(=O)C(C(C(=CC(C(=O)CC(OC(=O)C3CCCCN3C(=O)C(=O)C1(O2)O)C(C)CC4CCC(C(C4)OC)O)C)C)O)OC)C)C)C)OC,CC1COC2=C3N1C=C(C(=O)C3=CC(=C2N4CCN(CC4)C)F)C(=O)O,1.0,reported_twosides,0.9998847,0.7947116889985623,0.7947116889985623,fitted,platt_logistic_regression,0.48023811648639086,1
CC(C)C1=NC(=CS1)CN(C)C(=O)NC(C(C)C)C(=O)NC(CC2=CC=CC=C2)CC(C(CC3=CC=CC=C3)NC(=O)OCC4=CN=CS4)O,CC1=NC=C(N1CCO)[N+](=O)[O-],1.0,reported_twosides,1.0,0.891810177985089,0.891810177985089,fitted,platt_logistic_regression,0.48023811648639086,1
CC1=CC(=CC=C1)CN2CCN(CC2)C(C3=CC=CC=C3)C4=CC=C(C=C4)Cl,CC1=CC2=C(NC3=CC=CC=C3N=C2S1)N4CCN(CC4)C,1.0,reported_twosides,4.2483545e-18,0.0919921710556056,0.0919921710556056,fitted,platt_logistic_regression,0.48023811648639086,0
CC(C)(C)NCC(COC1=NSN=C1N2CCOCC2)O,CC1=CC2=C(NC3=CC=CC=C3N=C2S1)N4CCN(CC4)C,1.0,reported_twosides,4.2483545e-18,0.0919921710556056,0.0919921710556056,fitted,platt_logistic_regression,0.48023811648639086,0
C1=CN(C(=O)N=C1N)C2C(C(C(O2)CO)O)O,CC12CC(C3(C(C1CC(C2(C(=O)CO)O)O)CCC4=CC(=O)C=CC43C)F)O,1.0,reported_twosides,3.2511985e-15,0.0919921710556056,0.0919921710556056,fitted,platt_logistic_regression,0.48023811648639086,0
CC12CCC3C(C1CCC2(C#C)O)CCC4=CC(=O)CCC34,CCOC1=CC=CC=C1OCCNC(C)CC2=CC(=C(C=C2)OC)S(=O)(=O)N,0.0,unreported_twosides_sampled,4.2483545e-18,0.0919921710556056,0.0919921710556056,fitted,platt_logistic_regression,0.48023811648639086,0
CCOC1=NC2=CC=CC(=C2N1CC3=CC=C(C=C3)C4=CC=CC=C4C5=NNN=N5)C(=O)O,CN(C)CCCN1C2=CC=CC=C2CCC3=CC=CC=C31,1.0,reported_twosides,1.0,0.891810177985089,0.891810177985089,fitted,platt_logistic_regression,0.48023811648639086,1
CC12CC(C3(C(C1CC(C2(C(=O)CO)O)O)CCC4=CC(=O)C=CC43C)F)O,CCC1=C2C(=CC=C1)C3=C(N2)C(OCC3)(CC)CC(=O)O,1.0,reported_twosides,4.2483545e-18,0.0919921710556056,0.0919921710556056,fitted,platt_logistic_regression,0.48023811648639086,0
CC(C)C(CC1=CC(=C(C=C1)OC)OCCCOC)CC(C(CC(C(C)C)C(=O)NCC(C)(C)C(=O)N)O)N,CCC1=C2C(=CC=C1)C3=C(N2)C(OCC3)(CC)CC(=O)O,0.0,unreported_twosides_sampled,4.2483545e-18,0.0919921710556056,0.0919921710556056,fitted,platt_logistic_regression,0.48023811648639086,0
C1CCC(CC1)C(CCN2CCCCC2)(C3=CC=CC=C3)O,CCCNC1CCC2=C(C1)SC(=N2)N,1.0,reported_twosides,4.2483545e-18,0.0919921710556056,0.0919921710556056,fitted,platt_logistic_regression,0.48023811648639086,0
CCN(CCCC(C)NC1=C2C=CC(=CC2=NC=C1)Cl)CCO,CS(=O)(=O)C1=CC=C(C=C1)C2=C(C(=O)OC2)C3=CC=CC=C3,1.0,reported_twosides,4.2483545e-18,0.0919921710556056,0.0919921710556056,fitted,platt_logistic_regression,0.48023811648639086,0
CC(C)C(CC1=CC(=C(C=C1)OC)OCCCOC)CC(C(CC(C(C)C)C(=O)NCC(C)(C)C(=O)N)O)N,CN1C(=NC(=O)C(=N1)[O-])SCC2=C(N3C(C(C3=O)NC(=O)C(=NOC)C4=CSC(=N4)N)SC2)C(=O)[O-],0.0,unreported_twosides_sampled,0.06226148,0.3724154922925362,0.3724154922925362,fitted,platt_logistic_regression,0.48023811648639086,0
CC12CCC3C(C1CCC2(C#C)O)CCC4=CC(=O)CCC34,CC1=CC2=C(NC3=CC=CC=C3N=C2S1)N4CCN(CC4)C,1.0,reported_twosides,4.2483545e-18,0.0919921710556056,0.0919921710556056,fitted,platt_logistic_regression,0.48023811648639086,0
CC1=C(C(=CC=C1)NC2=CC=CC=C2C(=O)O)C,CCCCC(C)(CC=CC1C(CC(=O)C1CCCCCCC(=O)OC)O)O,0.0,unreported_twosides_sampled,4.2483545e-18,0.0919921710556056,0.0919921710556056,fitted,platt_logistic_regression,0.48023811648639086,0
C1CN=C(N1)NC2=C(C3=NC=CN=C3C=C2)Br,CC1=CC(=CC=C1)CN2CCN(CC2)C(C3=CC=CC=C3)C4=CC=C(C=C4)Cl,1.0,reported_twosides,4.2483545e-18,0.0919921710556056,0.0919921710556056,fitted,platt_logistic_regression,0.48023811648639086,0
CC(C)(C)NCC(C1=CC(=C(C=C1)O)CO)O,CC1=CC(=CC=C1)NC2=C(C=NC=C2)S(=O)(=O)NC(=O)NC(C)C,1.0,reported_twosides,4.2483545e-18,0.0919921710556056,0.0919921710556056,fitted,platt_logistic_regression,0.48023811648639086,0
CCC1=C(C(=NC(=N1)N)N)C2=CC=C(C=C2)Cl,S=[Se],0.0,unreported_twosides_sampled,0.9999937,0.8600721445836971,0.8600721445836971,fitted,platt_logistic_regression,0.48023811648639086,1
CC1C(C(=O)N1S(=O)(=O)O)NC(=O)C(=NOC(C)(C)C(=O)O)C2=CSC(=N2)N,CN1CCN(CC1)CCCN2C3=CC=CC=C3SC4=C2C=C(C=C4)Cl,0.0,unreported_twosides_sampled,0.9259215,0.5773731694423345,0.5773731694423345,fitted,platt_logistic_regression,0.48023811648639086,1
C1CN(CCN1CCC2=C(C=C3C(=C2)CC(=O)N3)Cl)C4=NSC5=CC=CC=C54,CCN(CC)CC(=O)NC1=C(C=CC=C1C)C,1.0,reported_twosides,0.99757284,0.7043465123308408,0.7043465123308408,fitted,platt_logistic_regression,0.48023811648639086,1
C(N)(N)(Cl)Cl,CC1=CC2=C(C=C1C(=C)C3=CC=C(C=C3)C(=O)O)C(CCC2(C)C)(C)C,0.0,unreported_twosides_sampled,2.1099032e-17,0.0919921710556056,0.0919921710556056,fitted,platt_logistic_regression,0.48023811648639086,0
C1=CC(=C(C=C1Cl)Cl)C(CN2C=CN=C2)OCC3=C(SC=C3)Cl,CCC1=C2C(=CC=C1)C3=C(N2)C(OCC3)(CC)CC(=O)O,0.0,unreported_twosides_sampled,4.2483545e-18,0.0919921710556056,0.0919921710556056,fitted,platt_logistic_regression,0.48023811648639086,0
CC1=CC(=CC=C1)NC2=C(C=NC=C2)S(=O)(=O)NC(=O)NC(C)C,CCC1=C2C(=CC=C1)C3=C(N2)C(OCC3)(CC)CC(=O)O,1.0,reported_twosides,4.2483545e-18,0.0919921710556056,0.0919921710556056,fitted,platt_logistic_regression,0.48023811648639086,0
CCOC1=CC=CC=C1OCCNC(C)CC2=CC(=C(C=C2)OC)S(=O)(=O)N,CN1CCN(CC1)CCCN2C3=CC=CC=C3SC4=C2C=C(C=C4)Cl,1.0,reported_twosides,4.2483545e-18,0.0919921710556056,0.0919921710556056,fitted,platt_logistic_regression,0.48023811648639086,0
CCCCC(C)(CC=CC1C(CC(=O)C1CCCCCCC(=O)OC)O)O,COC1=C(C=C2C(=C1)CC(C2=O)CC3CCN(CC3)CC4=CC=CC=C4)OC,1.0,reported_twosides,4.2483545e-18,0.0919921710556056,0.0919921710556056,fitted,platt_logistic_regression,0.48023811648639086,0
CC1(OC2CC3C4CCC5=CC(=O)C=CC5(C4C(CC3(C2(O1)C(=O)CO)C)O)C)C,CCN(CC)CC(=O)NC1=C(C=CC=C1C)C,1.0,reported_twosides,4.2483545e-18,0.0919921710556056,0.0919921710556056,fitted,platt_logistic_regression,0.48023811648639086,0
CCCCC(C)(CC=CC1C(CC(=O)C1CCCCCCC(=O)OC)O)O,CCN(CC)CC(=O)NC1=C(C=CC=C1C)C,1.0,reported_twosides,4.2483545e-18,0.0919921710556056,0.0919921710556056,fitted,platt_logistic_regression,0.48023811648639086,0
C(=O)([O-])[O-].C(=O)([O-])[O-].C(=O)([O-])[O-].O.[La+3].[La+3],CC(C)(C)NCC(C1=NC(=C(C=C1)O)CO)O,0.0,unreported_twosides_sampled,6.047214e-17,0.0919921710556056,0.0919921710556056,fitted,platt_logistic_regression,0.48023811648639086,0
CC1=NC=C(N1CCO)[N+](=O)[O-],CS(=O)(=O)C1=CC=C(C=C1)C2=C(C(=O)OC2)C3=CC=CC=C3,1.0,reported_twosides,1.0,0.891810177985089,0.891810177985089,fitted,platt_logistic_regression,0.48023811648639086,1
CC(C1=CC(=C(C=C1)C2=CC=CC=C2)F)C(=O)O,CC1(OC2CC3C4CC(C5=CC(=O)C=CC5(C4C(CC3(C2(O1)C(=O)CO)C)O)C)F)C,0.0,unreported_twosides_sampled,0.97578543,0.622075027054289,0.622075027054289,fitted,platt_logistic_regression,0.48023811648639086,1
CC(C1=CC(=C(C=C1)C2=CC=CC=C2)F)C(=O)O,CN(C)CCC=C1C2=CC=CC=C2C=CC3=CC=CC=C31,0.0,unreported_twosides_sampled,1.0,0.891810177985089,0.891810177985089,fitted,platt_logistic_regression,0.48023811648639086,1
CC1=NC=C(N1CCO)[N+](=O)[O-],CC1NC2=CC(=C(C=C2C(=O)N1C3=CC=CC=C3C)S(=O)(=O)N)Cl,1.0,reported_twosides,1.0,0.891810177985089,0.891810177985089,fitted,platt_logistic_regression,0.48023811648639086,1
CC1NC2=CC(=C(C=C2C(=O)N1C3=CC=CC=C3C)S(=O)(=O)N)Cl,CCN(CC)CC(=O)NC1=C(C=CC=C1C)C,1.0,reported_twosides,0.0019154423,0.2523642662059188,0.2523642662059188,fitted,platt_logistic_regression,0.48023811648639086,0
CC(CCC(=O)O)C1CCC2C1(CCC3C2C(CC4C3(CCC(C4)O)C)O)C,CCCCCC(C=CC1C(CC(=O)C1CCCCCCC(=O)O)O)O,1.0,reported_twosides,4.2483545e-18,0.0919921710556056,0.0919921710556056,fitted,platt_logistic_regression,0.48023811648639086,0
CC1NC2=CC(=C(C=C2C(=O)N1C3=CC=CC=C3C)S(=O)(=O)N)Cl,CCOC1=CC=CC=C1OCCNC(C)CC2=CC(=C(C=C2)OC)S(=O)(=O)N,1.0,reported_twosides,0.9887262,0.6507114907813822,0.6507114907813822,fitted,platt_logistic_regression,0.48023811648639086,1
C(=O)([O-])[O-].C(=O)([O-])[O-].C(=O)([O-])[O-].O.[La+3].[La+3],CCCCCCCCCCCC(CC1C(C(=O)O1)CCCCCC)OC(=O)C(CC(C)C)NC=O,0.0,unreported_twosides_sampled,4.2483545e-18,0.0919921710556056,0.0919921710556056,fitted,platt_logistic_regression,0.48023811648639086,0
CN1CC(=O)N2C(C1=O)CC3=C(C2C4=CC5=C(C=C4)OCO5)NC6=CC=CC=C36,CN1CCN(CC1)CCCN2C3=CC=CC=C3SC4=C2C=C(C=C4)Cl,1.0,reported_twosides,0.99869424,0.7245124588786401,0.7245124588786401,fitted,platt_logistic_regression,0.48023811648639086,1
CC1(OC2CC3C4CC(C5=CC(=O)C=CC5(C4C(CC3(C2(O1)C(=O)CO)C)O)C)F)C,CCN(CCCC(C)NC1=C2C=CC(=CC2=NC=C1)Cl)CCO,0.0,unreported_twosides_sampled,4.2483545e-18,0.0919921710556056,0.0919921710556056,fitted,platt_logistic_regression,0.48023811648639086,0
CC1=CC(=CC=C1)CN2CCN(CC2)C(C3=CC=CC=C3)C4=CC=C(C=C4)Cl,CC1=CC2=C(C=C1C)N(C=N2)C3C(C(C(O3)CO)OP(=O)([O-])OC(C)CNC(=O)CCC4(C(C5C6(C(C(C(=N6)C(=C7C(C(C(=N7)C=C8C(C(C(=N8)C(=C4[N-]5)C)CCC(=O)N)(C)C)CCC(=O)N)(C)CC(=O)N)C)CCC(=O)N)(C)CC(=O)N)C)CC(=O)N)C)O.O.[Co],0.0,unreported_twosides_sampled,4.2483545e-18,0.0919921710556056,0.0919921710556056,fitted,platt_logistic_regression,0.48023811648639086,0
C1=CC=C(C=C1)C(C2=CC=CC=C2)(C3=CC=CC=C3Cl)N4C=CN=C4,CC1=CC2=C(NC3=CC=CC=C3N=C2S1)N4CCN(CC4)C,1.0,reported_twosides,0.9999051,0.7997204144480703,0.7997204144480703,fitted,platt_logistic_regression,0.48023811648639086,1
CC1=NN=C(S1)SCC2=C(N3C(C(C3=O)NC(=O)CN4C=NN=N4)SC2)C(=O)[O-],CCCC(CCC)C(=O)O,1.0,reported_twosides,0.86485744,0.5511763123169239,0.5511763123169239,fitted,platt_logistic_regression,0.48023811648639086,1
CC(C)(C)NCC(C1=NC(=C(C=C1)O)CO)O,CC(C)(C)NCC(COC1=NSN=C1N2CCOCC2)O,0.0,unreported_twosides_sampled,4.2483545e-18,0.0919921710556056,0.0919921710556056,fitted,platt_logistic_regression,0.48023811648639086,0
C1CN2C(=CC=C2C(=O)C3=CC=CC=C3)C1C(=O)O,CC1=CC2=C(C=C1C)N(C=N2)C3C(C(C(O3)CO)OP(=O)([O-])OC(C)CNC(=O)CCC4(C(C5C6(C(C(C(=N6)C(=C7C(C(C(=N7)C=C8C(C(C(=N8)C(=C4[N-]5)C)CCC(=O)N)(C)C)CCC(=O)N)(C)CC(=O)N)C)CCC(=O)N)(C)CC(=O)N)C)CC(=O)N)C)O.O.[Co],0.0,unreported_twosides_sampled,2.590913e-09,0.0919921710556056,0.0919921710556056,fitted,platt_logistic_regression,0.48023811648639086,0
CC(=O)SC1CC2=CC(=O)CCC2(C3C1C4CCC5(C4(CC3)C)CCC(=O)O5)C,CC12CC(C3(C(C1CC(C2(C(=O)CO)O)O)CCC4=CC(=O)C=CC43C)F)O,1.0,reported_twosides,1.0,0.891810177985089,0.891810177985089,fitted,platt_logistic_regression,0.48023811648639086,1
C(=O)([O-])[O-].C(=O)([O-])[O-].C(=O)([O-])[O-].O.[La+3].[La+3],CN1C(=NC(=O)C(=N1)[O-])SCC2=C(N3C(C(C3=O)NC(=O)C(=NOC)C4=CSC(=N4)N)SC2)C(=O)[O-],1.0,reported_twosides,1.0,0.891810177985089,0.891810177985089,fitted,platt_logistic_regression,0.48023811648639086,1
CCC(=C)C(=O)C1=C(C(=C(C=C1)OCC(=O)O)Cl)Cl,CCCC1=NN(C2=C1NC(=NC2=O)C3=C(C=CC(=C3)S(=O)(=O)N4CCN(CC4)C)OCC)C,0.0,unreported_twosides_sampled,1.0992939e-06,0.09325884108673495,0.09325884108673495,fitted,platt_logistic_regression,0.48023811648639086,0
CC1=CC2=C(NC3=CC=CC=C3N=C2S1)N4CCN(CC4)C,CCCN(CCC)S(=O)(=O)C1=CC=C(C=C1)C(=O)O,0.0,unreported_twosides_sampled,4.2483545e-18,0.0919921710556056,0.0919921710556056,fitted,platt_logistic_regression,0.48023811648639086,0
CC1(C(N2C(S1)C(C2=O)NC(=O)CC3=CC=CC=C3)C(=O)O)C,CC1=C(C(CCC1)(C)C)C=CC(=CC=CC(=CCO)C)C,0.0,unreported_twosides_sampled,1.0,0.891810177985089,0.891810177985089,fitted,platt_logistic_regression,0.48023811648639086,1
CC12CCC3C(C1CCC2(C#C)O)CCC4=CC(=O)CCC34,CCN(CC)CCOC(=O)C1(CCCCC1)C2CCCCC2,0.0,unreported_twosides_sampled,4.2483545e-18,0.0919921710556056,0.0919921710556056,fitted,platt_logistic_regression,0.48023811648639086,0
C1=CN(C(=O)N=C1N)C2C(C(C(O2)CO)O)O,CC(C)C1=NC(=CS1)CN(C)C(=O)NC(C(C)C)C(=O)NC(CC2=CC=CC=C2)CC(C(CC3=CC=CC=C3)NC(=O)OCC4=CN=CS4)O,1.0,reported_twosides,0.36373752,0.4553407923028316,0.4553407923028316,fitted,platt_logistic_regression,0.48023811648639086,0
CCC1=C2C(=CC=C1)C3=C(N2)C(OCC3)(CC)CC(=O)O,CCCC1=NN(C2=C1NC(=NC2=O)C3=C(C=CC(=C3)S(=O)(=O)N4CCN(CC4)C)OCC)C,1.0,reported_twosides,4.2483545e-18,0.0919921710556056,0.0919921710556056,fitted,platt_logistic_regression,0.48023811648639086,0
CC(=O)SC1CC2=CC(=O)CCC2(C3C1C4CCC5(C4(CC3)C)CCC(=O)O5)C,CC1C=CC=CCCC=CC=CC=CC=CC(CC(C(C(CC(=O)CC(C(CCC(CC(CC(CC(=O)OC(C(C1O)C)C)O)O)O)O)O)O)C(=O)O)O)OC2C(C(C(C(O2)C)O)N)O,1.0,reported_twosides,1.0,0.891810177985089,0.891810177985089,fitted,platt_logistic_regression,0.48023811648639086,1
C(OC(C(F)(F)F)C(F)(F)F)F,CCCC(=O)OC1(CCC2C1(CC(C3C2CCC4=CC(=O)CCC34C)O)C)C(=O)CO,0.0,unreported_twosides_sampled,6.425894e-16,0.0919921710556056,0.0919921710556056,fitted,platt_logistic_regression,0.48023811648639086,0
CC1NC2=CC(=C(C=C2C(=O)N1C3=CC=CC=C3C)S(=O)(=O)N)Cl,CCCC1=NN(C2=C1NC(=NC2=O)C3=C(C=CC(=C3)S(=O)(=O)N4CCN(CC4)C)OCC)C,1.0,reported_twosides,0.9999956,0.8668168768980059,0.8668168768980059,fitted,platt_logistic_regression,0.48023811648639086,1
C1=CC=C(C=C1)CCNN,C1=CC=C2C(=C1)C(=O)NC2(C3=CC(=C(C=C3)Cl)S(=O)(=O)N)O,0.0,unreported_twosides_sampled,1.0,0.891810177985089,0.891810177985089,fitted,platt_logistic_regression,0.48023811648639086,1
CC(C)C1=NC(=CS1)CN(C)C(=O)NC(C(C)C)C(=O)NC(CC2=CC=CC=C2)CC(C(CC3=CC=CC=C3)NC(=O)OCC4=CN=CS4)O,CS(=O)(=O)C1=CC=C(C=C1)C2=C(C(=O)OC2)C3=CC=CC=C3,1.0,reported_twosides,1.0,0.891810177985089,0.891810177985089,fitted,platt_logistic_regression,0.48023811648639086,1
C1CC(=O)NC(=O)C1N2C(=O)C3=CC=CC=C3C2=O,CC1CCC2CC(C(=CC=CC=CC(CC(C(=O)C(C(C(=CC(C(=O)CC(OC(=O)C3CCCCN3C(=O)C(=O)C1(O2)O)C(C)CC4CCC(C(C4)OC)O)C)C)O)OC)C)C)C)OC,0.0,unreported_twosides_sampled,3.8385415e-12,0.0919921710556056,0.0919921710556056,fitted,platt_logistic_regression,0.48023811648639086,0
CCCC1=NN(C2=C1NC(=NC2=O)C3=C(C=CC(=C3)S(=O)(=O)N4CCN(CC4)C)OCC)C,CN(C)CCC=C1C2=CC=CC=C2C=CC3=CC=CC=C31,1.0,reported_twosides,0.03605955,0.3513279569581211,0.3513279569581211,fitted,platt_logistic_regression,0.48023811648639086,0
CC1=CC(=CC=C1)NC2=C(C=NC=C2)S(=O)(=O)NC(=O)NC(C)C,CCCC1=NN(C2=C1NC(=NC2=O)C3=C(C=CC(=C3)S(=O)(=O)N4CCN(CC4)C)OCC)C,1.0,reported_twosides,4.2483545e-18,0.0919921710556056,0.0919921710556056,fitted,platt_logistic_regression,0.48023811648639086,0
CC12CC(C3(C(C1CC(C2(C(=O)CO)O)O)CCC4=CC(=O)C=CC43C)F)O,CC1=CC2C(CCC3(C2CCC3(C(=O)C)O)C)C4(C1=CC(=O)CC4)C,1.0,reported_twosides,3.0393504e-17,0.0919921710556056,0.0919921710556056,fitted,platt_logistic_regression,0.48023811648639086,0
CCCNC1CCC2=C(C1)SC(=N2)N,CCN(CCCC(C)NC1=C2C=CC(=CC2=NC=C1)Cl)CCO,1.0,reported_twosides,4.2483545e-18,0.0919921710556056,0.0919921710556056,fitted,platt_logistic_regression,0.48023811648639086,0
C1CC(C1)(C(=O)O)C(=O)O.N.N.[Pt],CC1=CC2=C(NC3=CC=CC=C3N=C2S1)N4CCN(CC4)C,1.0,reported_twosides,4.2483545e-18,0.0919921710556056,0.0919921710556056,fitted,platt_logistic_regression,0.48023811648639086,0
C(=O)([O-])[O-].C(=O)([O-])[O-].C(=O)([O-])[O-].O.[La+3].[La+3],CC1CCC2CC(C(=CC=CC=CC(CC(C(=O)C(C(C(=CC(C(=O)CC(OC(=O)C3CCCCN3C(=O)C(=O)C1(O2)O)C(C)CC4CCC(C(C4)OC)O)C)C)O)OC)C)C)C)OC,0.0,unreported_twosides_sampled,2.3426322e-10,0.0919921710556056,0.0919921710556056,fitted,platt_logistic_regression,0.48023811648639086,0
CC1=CC2C(CCC3(C2CCC3(C(=O)C)O)C)C4(C1=CC(=O)CC4)C,CCCC(=O)OC1(CCC2C1(CC(C3C2CCC4=CC(=O)CCC34C)O)C)C(=O)CO,0.0,unreported_twosides_sampled,4.2483545e-18,0.0919921710556056,0.0919921710556056,fitted,platt_logistic_regression,0.48023811648639086,0
CC(CC1=CC=CC=C1)N(C)CC#C,CN(C)CCCN1C2=CC=CC=C2CCC3=CC=CC=C31,0.0,unreported_twosides_sampled,1.7623938e-08,0.0919921710556056,0.0919921710556056,fitted,platt_logistic_regression,0.48023811648639086,0
CC1COC2=C3N1C=C(C(=O)C3=CC(=C2N4CCN(CC4)C)F)C(=O)O,CCOC1=CC=CC=C1OCCNC(C)CC2=CC(=C(C=C2)OC)S(=O)(=O)N,1.0,reported_twosides,1.5555252e-10,0.0919921710556056,0.0919921710556056,fitted,platt_logistic_regression,0.48023811648639086,0
C(C(CO[N+](=O)[O-])O[N+](=O)[O-])O[N+](=O)[O-],C1=CC(=C(C=C1Cl)Cl)C(CN2C=CN=C2)OCC3=C(SC=C3)Cl,0.0,unreported_twosides_sampled,7.257056e-10,0.0919921710556056,0.0919921710556056,fitted,platt_logistic_regression,0.48023811648639086,0
C(=O)([O-])[O-].C(=O)([O-])[O-].C(=O)([O-])[O-].O.[La+3].[La+3],CC1NC2=CC(=C(C=C2C(=O)N1C3=CC=CC=C3C)S(=O)(=O)N)Cl,1.0,reported_twosides,1.0,0.891810177985089,0.891810177985089,fitted,platt_logistic_regression,0.48023811648639086,1
CC1=C2C(=NC=C1)N(C3=C(C=CC=N3)C(=O)N2)C4CC4,CC1=CC(=CC=C1)CN2CCN(CC2)C(C3=CC=CC=C3)C4=CC=C(C=C4)Cl,0.0,unreported_twosides_sampled,1.0,0.891810177985089,0.891810177985089,fitted,platt_logistic_regression,0.48023811648639086,1
C1CC(C1)(C(=O)O)C(=O)O.N.N.[Pt],CN(C)CCCN1C2=CC=CC=C2CCC3=CC=CC=C31,1.0,reported_twosides,4.2483545e-18,0.0919921710556056,0.0919921710556056,fitted,platt_logistic_regression,0.48023811648639086,0
CCCNC1CCC2=C(C1)SC(=N2)N,CN(C)C(=N)N=C(N)N,1.0,reported_twosides,4.2483545e-18,0.0919921710556056,0.0919921710556056,fitted,platt_logistic_regression,0.48023811648639086,0
CC12CC(=O)C3C(C1CCC2(C(=O)CO)O)CCC4=CC(=O)C=CC34C,CCCNC(=O)NS(=O)(=O)C1=CC=C(C=C1)Cl,0.0,unreported_twosides_sampled,5.5519074e-08,0.0919921710556056,0.0919921710556056,fitted,platt_logistic_regression,0.48023811648639086,0
CC1CCC2CC(C(=CC=CC=CC(CC(C(=O)C(C(C(=CC(C(=O)CC(OC(=O)C3CCCCN3C(=O)C(=O)C1(O2)O)C(C)CC4CCC(C(C4)OC)O)C)C)O)OC)C)C)C)OC,CCC(CC)OC1C=C(CC(C1NC(=O)C)N)C(=O)OCC,0.0,unreported_twosides_sampled,4.2483545e-18,0.0919921710556056,0.0919921710556056,fitted,platt_logistic_regression,0.48023811648639086,0
C1=CC=C2C(=C1)C(=O)NC2(C3=CC(=C(C=C3)Cl)S(=O)(=O)N)O,CNS(=O)(=O)CCC1=CC2=C(C=C1)NC=C2C3CCN(CC3)C,0.0,unreported_twosides_sampled,1.0,0.891810177985089,0.891810177985089,fitted,platt_logistic_regression,0.48023811648639086,1
CC1NC2=CC(=C(C=C2C(=O)N1C3=CC=CC=C3C)S(=O)(=O)N)Cl,CCC(C)C1C(CCC2(O1)CC3CC(O2)CC=C(C(C(C=CC=C4COC5C4(C(C=C(C5O)C)C(=O)O3)O)C)OC6CC(C(C(O6)C)OC7CC(C(C(O7)C)O)OC)OC)C)C.CC1CCC2(CC3CC(O2)CC=C(C(C(C=CC=C4COC5C4(C(C=C(C5O)C)C(=O)O3)O)C)OC6CC(C(C(O6)C)OC7CC(C(C(O7)C)O)OC)OC)C)OC1C(C)C,0.0,unreported_twosides_sampled,0.99990106,0.798651646406944,0.798651646406944,fitted,platt_logistic_regression,0.48023811648639086,1
CC12CC(C3(C(C1CC(C2(C(=O)CO)O)O)CCC4=CC(=O)C=CC43C)F)O,CC1NC2=CC(=C(C=C2C(=O)N1C3=CC=CC=C3C)S(=O)(=O)N)Cl,1.0,reported_twosides,0.9998443,0.7867949417144232,0.7867949417144232,fitted,platt_logistic_regression,0.48023811648639086,1
CC12CC(C3(C(C1CC(C2(C(=O)CO)O)O)CCC4=CC(=O)C=CC43C)F)O,CCCNC1CCC2=C(C1)SC(=N2)N,1.0,reported_twosides,4.2483545e-18,0.0919921710556056,0.0919921710556056,fitted,platt_logistic_regression,0.48023811648639086,0
CC1(C(N2C(S1)C(C2=O)NC(=O)CC3=CC=CC=C3)C(=O)O)C,CN1CCC2=C3C1CC4=C(C3=CC=C2)C(=C(C=C4)O)O,0.0,unreported_twosides_sampled,1.0,0.891810177985089,0.891810177985089,fitted,platt_logistic_regression,0.48023811648639086,1
CC1=C(C(CCC1)(C)C)C=CC(=CC=CC(=CCO)C)C,CN(C)CCC1=CNC2=C1C=C(C=C2)CC3COC(=O)N3,0.0,unreported_twosides_sampled,0.9999999,0.891810177985089,0.891810177985089,fitted,platt_logistic_regression,0.48023811648639086,1
CCC(=O)OC(C(C)C)OP(=O)(CCCCC1=CC=CC=C1)CC(=O)N2CC(CC2C(=O)[O-])C3CCCCC3,CCCCC(C)(CC=CC1C(CC(=O)C1CCCCCCC(=O)OC)O)O,0.0,unreported_twosides_sampled,2.393033e-13,0.0919921710556056,0.0919921710556056,fitted,platt_logistic_regression,0.48023811648639086,0
CC(C)(CC1=CC=CC=C1)N,CN(C)CCCN1C2=CC=CC=C2CCC3=CC=CC=C31,1.0,reported_twosides,2.637029e-10,0.0919921710556056,0.0919921710556056,fitted,platt_logistic_regression,0.48023811648639086,0
CC(=O)OC1C(CC2C1(CCC3C2CCC4C3(CC(C(C4)O)N5CCOCC5)C)C)[N+]6(CCCC6)CC=C,CCP(CC)CC.CC(=O)OCC1C(C(C(C(O1)[S-])OC(=O)C)OC(=O)C)OC(=O)C.[Au+],0.0,unreported_twosides_sampled,4.2483545e-18,0.0919921710556056,0.0919921710556056,fitted,platt_logistic_regression,0.48023811648639086,0
CC(=O)SC1CC2=CC(=O)CCC2(C3C1C4CCC5(C4(CC3)C)CCC(=O)O5)C,CN(C)CCCN1C2=CC=CC=C2CCC3=CC=CC=C31,1.0,reported_twosides,1.0,0.891810177985089,0.891810177985089,fitted,platt_logistic_regression,0.48023811648639086,1
CC12CC(C3(C(C1CC(C2(C(=O)CO)O)O)CCC4=CC(=O)C=CC43C)F)O,CN1C=NC(=C1SC2=NC=NC3=C2NC=N3)[N+](=O)[O-],1.0,reported_twosides,4.2483545e-18,0.0919921710556056,0.0919921710556056,fitted,platt_logistic_regression,0.48023811648639086,0
C1C2=C(C=CC(=C2Cl)Cl)NC3=NC(=O)CN31,CC1=C2C(=NC=C1)N(C3=C(C=CC=N3)C(=O)N2)C4CC4,0.0,unreported_twosides_sampled,1.0,0.891810177985089,0.891810177985089,fitted,platt_logistic_regression,0.48023811648639086,1
CC12CC(=O)C3C(C1CCC2(C(=O)CO)O)CCC4=CC(=O)C=CC34C,CCCCCC(C=CC1C(CC(=O)C1CCCCCCC(=O)O)O)O,1.0,reported_twosides,4.2483545e-18,0.0919921710556056,0.0919921710556056,fitted,platt_logistic_regression,0.48023811648639086,0
C1CN(CCN1CCC2=C(C=C3C(=C2)CC(=O)N3)Cl)C4=NSC5=CC=CC=C54,CCOC1=NC2=CC=CC(=C2N1CC3=CC=C(C=C3)C4=CC=CC=C4C5=NNN=N5)C(=O)O,0.0,unreported_twosides_sampled,1.0,0.891810177985089,0.891810177985089,fitted,platt_logistic_regression,0.48023811648639086,1
CC(C)(C)NCC(C1=NC(=C(C=C1)O)CO)O,CN(C)C(=N)N=C(N)N,1.0,reported_twosides,4.2483545e-18,0.0919921710556056,0.0919921710556056,fitted,platt_logistic_regression,0.48023811648639086,0
CC(C(=O)C1=CC(=CC=C1)Cl)NC(C)(C)C,CCN(CC)CCOC(=O)C1(CCCCC1)C2CCCCC2,1.0,reported_twosides,4.2483545e-18,0.0919921710556056,0.0919921710556056,fitted,platt_logistic_regression,0.48023811648639086,0
CC(CCC(=O)O)C1CCC2C1(CCC3C2C(CC4C3(CCC(C4)O)C)O)C,CN(C)C(=N)N=C(N)N,1.0,reported_twosides,4.2483545e-18,0.0919921710556056,0.0919921710556056,fitted,platt_logistic_regression,0.48023811648639086,0
C(N)(N)(Cl)Cl,CC1NC2=CC(=C(C=C2C(=O)N1C3=CC=CC=C3C)S(=O)(=O)N)Cl,0.0,unreported_twosides_sampled,1.0,0.891810177985089,0.891810177985089,fitted,platt_logistic_regression,0.48023811648639086,1
C1=CC=C(C=C1)C(C2=CC=CC=C2)(C3=CC=CC=C3Cl)N4C=CN=C4,CCCC(=O)OC1(CCC2C1(CC(C3C2CCC4=CC(=O)CCC34C)O)C)C(=O)CO,0.0,unreported_twosides_sampled,0.9999857,0.8436694538896735,0.8436694538896735,fitted,platt_logistic_regression,0.48023811648639086,1
C1=CC=C(C=C1)C(C2=CC=CC=C2)(C3=CC=CC=C3Cl)N4C=CN=C4,CCOC1=NC2=CC=CC(=C2N1CC3=CC=C(C=C3)C4=CC=CC=C4C5=NNN=N5)C(=O)O,1.0,reported_twosides,1.0,0.891810177985089,0.891810177985089,fitted,platt_logistic_regression,0.48023811648639086,1
C1CC(C1)(C(=O)O)C(=O)O.N.N.[Pt],CCCNC1CCC2=C(C1)SC(=N2)N,1.0,reported_twosides,4.2483545e-18,0.0919921710556056,0.0919921710556056,fitted,platt_logistic_regression,0.48023811648639086,0
CCN(CCCC(C)NC1=C2C=CC(=CC2=NC=C1)Cl)CCO,CN1C=NC(=C1SC2=NC=NC3=C2NC=N3)[N+](=O)[O-],1.0,reported_twosides,4.2483545e-18,0.0919921710556056,0.0919921710556056,fitted,platt_logistic_regression,0.48023811648639086,0
C(OC(C(F)(F)F)C(F)(F)F)F,CN1CCC2=C3C1CC4=C(C3=CC=C2)C(=C(C=C4)O)O,0.0,unreported_twosides_sampled,3.759956e-12,0.0919921710556056,0.0919921710556056,fitted,platt_logistic_regression,0.48023811648639086,0
CCC1=C(C(=NC(=N1)N)N)C2=CC=C(C=C2)Cl,CCCC(CCC)C(=O)O,0.0,unreported_twosides_sampled,4.3318694e-16,0.0919921710556056,0.0919921710556056,fitted,platt_logistic_regression,0.48023811648639086,0
CC(C)(C)NCC(C1=CC(=C(C=C1)O)CO)O,CCC1(CC(=O)NC1=O)C,0.0,unreported_twosides_sampled,4.2483545e-18,0.0919921710556056,0.0919921710556056,fitted,platt_logistic_regression,0.48023811648639086,0
C1CN(CCN1CCC2=C(C=C3C(=C2)CC(=O)N3)Cl)C4=NSC5=CC=CC=C54,CC(=O)SC1CC2=CC(=O)CCC2(C3C1C4CCC5(C4(CC3)C)CCC(=O)O5)C,1.0,reported_twosides,1.0,0.891810177985089,0.891810177985089,fitted,platt_logistic_regression,0.48023811648639086,1
C1CN2C(=CC=C2C(=O)C3=CC=CC=C3)C1C(=O)O,CCN(CC)CC(=O)NC1=C(C=CC=C1C)C,1.0,reported_twosides,0.0009550084,0.23200977468459805,0.23200977468459805,fitted,platt_logistic_regression,0.48023811648639086,0
CCC1(CC(=O)NC1=O)C,CN1C=NC(=C1SC2=NC=NC3=C2NC=N3)[N+](=O)[O-],0.0,unreported_twosides_sampled,4.2483545e-18,0.0919921710556056,0.0919921710556056,fitted,platt_logistic_regression,0.48023811648639086,0
CCCCN1CCCCC1C(=O)NC2=C(C=CC=C2C)C,CN(C)CCC=C1C2=CC=CC=C2COC3=C1C=C(C=C3)CC(=O)O,0.0,unreported_twosides_sampled,4.2483545e-18,0.0919921710556056,0.0919921710556056,fitted,platt_logistic_regression,0.48023811648639086,0
CC12CC(C3(C(C1CC(C2(C(=O)CO)O)O)CCC4=CC(=O)C=CC43C)F)O,CCCC1=NN(C2=C1NC(=NC2=O)C3=C(C=CC(=C3)S(=O)(=O)N4CCN(CC4)C)OCC)C,1.0,reported_twosides,4.2483545e-18,0.0919921710556056,0.0919921710556056,fitted,platt_logistic_regression,0.48023811648639086,0
CN(C)CCC=C1C2=CC=CC=C2C=CC3=CC=CC=C31,CN(C)CCCN1C2=CC=CC=C2CCC3=CC=CC=C31,1.0,reported_twosides,1.0,0.891810177985089,0.891810177985089,fitted,platt_logistic_regression,0.48023811648639086,1
CCC1=C2C(=CC=C1)C3=C(N2)C(OCC3)(CC)CC(=O)O,CNS(=O)(=O)CCC1=CC2=C(C=C1)NC=C2C3CCN(CC3)C,0.0,unreported_twosides_sampled,4.2483545e-18,0.0919921710556056,0.0919921710556056,fitted,platt_logistic_regression,0.48023811648639086,0
CC1=NC=C(N1CCO)[N+](=O)[O-],CC1CCC2CC(C(=CC=CC=CC(CC(C(=O)C(C(C(=CC(C(=O)CC(OC(=O)C3CCCCN3C(=O)C(=O)C1(O2)O)C(C)CC4CCC(C(C4)OC)O)C)C)O)OC)C)C)C)OC,1.0,reported_twosides,0.9999976,0.8777229735820645,0.8777229735820645,fitted,platt_logistic_regression,0.48023811648639086,1
CC1=C(N=CN1)CSCCNC(=NC)NC#N,CCC1=C2C(=CC=C1)C3=C(N2)C(OCC3)(CC)CC(=O)O,1.0,reported_twosides,1.0,0.891810177985089,0.891810177985089,fitted,platt_logistic_regression,0.48023811648639086,1
CC1=CC2=C(C=C1C(=C)C3=CC=C(C=C3)C(=O)O)C(CCC2(C)C)(C)C,CCC1=C2C(=CC=C1)C3=C(N2)C(OCC3)(CC)CC(=O)O,0.0,unreported_twosides_sampled,9.810053e-14,0.0919921710556056,0.0919921710556056,fitted,platt_logistic_regression,0.48023811648639086,0
C(=O)([O-])[O-].C(=O)([O-])[O-].C(=O)([O-])[O-].O.[La+3].[La+3],CC1C=CC=CCCC=CC=CC=CC=CC(CC(C(C(CC(=O)CC(C(CCC(CC(CC(CC(=O)OC(C(C1O)C)C)O)O)O)O)O)O)C(=O)O)O)OC2C(C(C(C(O2)C)O)N)O,0.0,unreported_twosides_sampled,7.796503e-05,0.16853978912383077,0.16853978912383077,fitted,platt_logistic_regression,0.48023811648639086,0
CCC(=O)OC(C(C)C)OP(=O)(CCCCC1=CC=CC=C1)CC(=O)N2CC(CC2C(=O)[O-])C3CCCCC3,CCCCCCCCCCCC(CC1C(C(=O)O1)CCCCCC)OC(=O)C(CC(C)C)NC=O,0.0,unreported_twosides_sampled,4.2483545e-18,0.0919921710556056,0.0919921710556056,fitted,platt_logistic_regression,0.48023811648639086,0
CN(C)CCC1=CNC2=C1C=C(C=C2)CC3COC(=O)N3,CN(C)CCCN1C2=CC=CC=C2CCC3=CC=CC=C31,0.0,unreported_twosides_sampled,0.00018017483,0.18806434259963709,0.18806434259963709,fitted,platt_logistic_regression,0.48023811648639086,0
CC(C)(C)NCC(C1=NC(=C(C=C1)O)CO)O,CCC(CC)OC1C=C(CC(C1NC(=O)C)N)C(=O)OCC,0.0,unreported_twosides_sampled,4.2483545e-18,0.0919921710556056,0.0919921710556056,fitted,platt_logistic_regression,0.48023811648639086,0
CC(=O)SC1CC2=CC(=O)CCC2(C3C1C4CCC5(C4(CC3)C)CCC(=O)O5)C,CCCC1=NN(C2=C1NC(=NC2=O)C3=C(C=CC(=C3)S(=O)(=O)N4CCN(CC4)C)OCC)C,1.0,reported_twosides,0.9464041,0.5907359940369074,0.5907359940369074,fitted,platt_logistic_regression,0.48023811648639086,1
CC(C)C1=NC(=CS1)CN(C)C(=O)NC(C(C)C)C(=O)NC(CC2=CC=CC=C2)CC(C(CC3=CC=CC=C3)NC(=O)OCC4=CN=CS4)O,CCP(CC)CC.CC(=O)OCC1C(C(C(C(O1)[S-])OC(=O)C)OC(=O)C)OC(=O)C.[Au+],0.0,unreported_twosides_sampled,0.9984055,0.7181103200205233,0.7181103200205233,fitted,platt_logistic_regression,0.48023811648639086,1
CC(C(=O)C1=CC(=CC=C1)Cl)NC(C)(C)C,CC1=CC(=CC=C1)NC2=C(C=NC=C2)S(=O)(=O)NC(=O)NC(C)C,1.0,reported_twosides,4.2483545e-18,0.0919921710556056,0.0919921710556056,fitted,platt_logistic_regression,0.48023811648639086,0
C1=CC(=C(C=C1Cl)Cl)C(CN2C=CN=C2)OCC3=C(SC=C3)Cl,CC(CC1=CC=CC=C1)N(C)CC#C,0.0,unreported_twosides_sampled,8.9328676e-11,0.0919921710556056,0.0919921710556056,fitted,platt_logistic_regression,0.48023811648639086,0
CC1=CC2=C(NC3=CC=CC=C3N=C2S1)N4CCN(CC4)C,CCCCCC(C=CC1C(CC(=O)C1CCCCCCC(=O)O)O)O,0.0,unreported_twosides_sampled,4.2483545e-18,0.0919921710556056,0.0919921710556056,fitted,platt_logistic_regression,0.48023811648639086,0
CC(C)(C)C1=CC=C(C=C1)S(=O)(=O)NC2=C(C(=NC(=N2)C3=NC=CC=N3)OCCO)OC4=CC=CC=C4OC,CCCCCC(C=CC1C(CC(=O)C1CCCCCCC(=O)O)O)O,0.0,unreported_twosides_sampled,4.2483545e-18,0.0919921710556056,0.0919921710556056,fitted,platt_logistic_regression,0.48023811648639086,0
CCCCN1CCCCC1C(=O)NC2=C(C=CC=C2C)C,CN(C)CCC=C1C2=CC=CC=C2C=CC3=CC=CC=C31,0.0,unreported_twosides_sampled,4.2483545e-18,0.0919921710556056,0.0919921710556056,fitted,platt_logistic_regression,0.48023811648639086,0
CCC1(CC(=O)NC1=O)C,CCCC(CCC)C(=O)O,1.0,reported_twosides,4.2483545e-18,0.0919921710556056,0.0919921710556056,fitted,platt_logistic_regression,0.48023811648639086,0
CCP(CC)CC.CC(=O)OCC1C(C(C(C(O1)[S-])OC(=O)C)OC(=O)C)OC(=O)C.[Au+],CS(=O)(=O)C1=CC=C(C=C1)C2=C(C(=O)OC2)C3=CC=CC=C3,1.0,reported_twosides,0.9794485,0.628333447442922,0.628333447442922,fitted,platt_logistic_regression,0.48023811648639086,1
C1C2=C(C=CC(=C2Cl)Cl)NC3=NC(=O)CN31,CC1=C(C(CCC1)(C)C)C=CC(=CC=CC(=CCO)C)C,0.0,unreported_twosides_sampled,1.0,0.891810177985089,0.891810177985089,fitted,platt_logistic_regression,0.48023811648639086,1
C1=CN(C(=O)N=C1N)C2C(C(C(O2)CO)O)O,CC(=O)N(CCCCCNC(=O)CCC(=O)N(CCCCCNC(=O)CCC(=O)N(CCCCCN)O)O)O,1.0,reported_twosides,1.0,0.891810177985089,0.891810177985089,fitted,platt_logistic_regression,0.48023811648639086,1
CC1COC2=C3N1C=C(C(=O)C3=CC(=C2N4CCN(CC4)C)F)C(=O)O,CN(C)CCC1=CNC2=C1C=C(C=C2)CC3COC(=O)N3,1.0,reported_twosides,0.99976164,0.7751967749970132,0.7751967749970132,fitted,platt_logistic_regression,0.48023811648639086,1
C1CN(CCN1CCC2=C(C=C3C(=C2)CC(=O)N3)Cl)C4=NSC5=CC=CC=C54,CC1CC2C(CCC3(C2CCC3(C(=O)C)O)C)C4(C1=CC(=O)CC4)C,1.0,reported_twosides,8.1926984e-05,0.16964861754940247,0.16964861754940247,fitted,platt_logistic_regression,0.48023811648639086,0
C1=CC=C2C(=C1)C(=O)NC2(C3=CC(=C(C=C3)Cl)S(=O)(=O)N)O,CCC(CC)OC1C=C(CC(C1NC(=O)C)N)C(=O)OCC,0.0,unreported_twosides_sampled,0.9999999,0.891810177985089,0.891810177985089,fitted,platt_logistic_regression,0.48023811648639086,1
C(OC(C(F)(F)F)C(F)(F)F)F,CCC1=C(C(=NC(=N1)N)N)C2=CC=C(C=C2)Cl,0.0,unreported_twosides_sampled,6.613216e-07,0.0919921710556056,0.0919921710556056,fitted,platt_logistic_regression,0.48023811648639086,0
C1=CC=C(C=C1)C(C2=CC=CC=C2)(C3=CC=CC=C3Cl)N4C=CN=C4,CN(C)CCC=C1C2=CC=CC=C2COC3=C1C=C(C=C3)CC(=O)O,1.0,reported_twosides,1.0,0.891810177985089,0.891810177985089,fitted,platt_logistic_regression,0.48023811648639086,1
CCC1=C2C(=CC=C1)C3=C(N2)C(OCC3)(CC)CC(=O)O,CCCN(CCC)S(=O)(=O)C1=CC=C(C=C1)C(=O)O,0.0,unreported_twosides_sampled,6.515728e-13,0.0919921710556056,0.0919921710556056,fitted,platt_logistic_regression,0.48023811648639086,0
CC1CCC2CC(C(=CC=CC=CC(CC(C(=O)C(C(C(=CC(C(=O)CC(OC(=O)C3CCCCN3C(=O)C(=O)C1(O2)O)C(C)CC4CCC(C(C4)OC)O)C)C)O)OC)C)C)C)OC,CN(C)CCCN1C2=CC=CC=C2CCC3=CC=CC=C31,0.0,unreported_twosides_sampled,1.5735973e-17,0.0919921710556056,0.0919921710556056,fitted,platt_logistic_regression,0.48023811648639086,0
C1CN(CCN1CCC2=C(C=C3C(=C2)CC(=O)N3)Cl)C4=NSC5=CC=CC=C54,CC(CCC(=O)O)C1CCC2C1(CCC3C2C(CC4C3(CCC(C4)O)C)O)C,0.0,unreported_twosides_sampled,7.596776e-10,0.0919921710556056,0.0919921710556056,fitted,platt_logistic_regression,0.48023811648639086,0
CC1(OC2CC3C4CC(C5=CC(=O)C=CC5(C4C(CC3(C2(O1)C(=O)CO)C)O)C)F)C,CN(C)CCC1=CNC2=C1C=C(C=C2)CC3COC(=O)N3,0.0,unreported_twosides_sampled,1.6878078e-10,0.0919921710556056,0.0919921710556056,fitted,platt_logistic_regression,0.48023811648639086,0
C1=CC=C(C=C1)CCNN,C1CC(C1)(C(=O)O)C(=O)O.N.N.[Pt],0.0,unreported_twosides_sampled,4.2483545e-18,0.0919921710556056,0.0919921710556056,fitted,platt_logistic_regression,0.48023811648639086,0
C1=CC=C(C=C1)C(C2=CC=CC=C2)(C3=CC=CC=C3Cl)N4C=CN=C4,CC1=CC2=C(C=C1C)N(C=N2)C3C(C(C(O3)CO)OP(=O)([O-])OC(C)CNC(=O)CCC4(C(C5C6(C(C(C(=N6)C(=C7C(C(C(=N7)C=C8C(C(C(=N8)C(=C4[N-]5)C)CCC(=O)N)(C)C)CCC(=O)N)(C)CC(=O)N)C)CCC(=O)N)(C)CC(=O)N)C)CC(=O)N)C)O.O.[Co],0.0,unreported_twosides_sampled,4.2483545e-18,0.0919921710556056,0.0919921710556056,fitted,platt_logistic_regression,0.48023811648639086,0
CC(C)(C)NCC(C1=CC(=C(C=C1)O)CO)O,CCCCCC(C=CC1C(CC(=O)C1CCCCCCC(=O)O)O)O,1.0,reported_twosides,4.2483545e-18,0.0919921710556056,0.0919921710556056,fitted,platt_logistic_regression,0.48023811648639086,0
CC(C1=CC(=C(C=C1)C2=CC=CC=C2)F)C(=O)O,CC12CC(=O)C3C(C1CCC2(C(=O)CO)O)CCC4=CC(=O)C=CC34C,1.0,reported_twosides,1.0,0.891810177985089,0.891810177985089,fitted,platt_logistic_regression,0.48023811648639086,1
C1=CN(C(=O)N=C1N)C2C(C(C(O2)CO)O)O,CC(C(=O)C1=CC(=CC=C1)Cl)NC(C)(C)C,1.0,reported_twosides,4.109128e-17,0.0919921710556056,0.0919921710556056,fitted,platt_logistic_regression,0.48023811648639086,0
C(N)(N)(Cl)Cl,CCN(CC)CC(=O)NC1=C(C=CC=C1C)C,1.0,reported_twosides,4.2483545e-18,0.0919921710556056,0.0919921710556056,fitted,platt_logistic_regression,0.48023811648639086,0
C(OC(C(F)(F)F)C(F)(F)F)F,CCCN(CCC)S(=O)(=O)C1=CC=C(C=C1)C(=O)O,0.0,unreported_twosides_sampled,2.510892e-17,0.0919921710556056,0.0919921710556056,fitted,platt_logistic_regression,0.48023811648639086,0
CC(C1=CC(=C(C=C1)C2=CC=CC=C2)F)C(=O)O,CCCCCC(C=CC1C(CC(=O)C1CCCCCCC(=O)O)O)O,0.0,unreported_twosides_sampled,4.2483545e-18,0.0919921710556056,0.0919921710556056,fitted,platt_logistic_regression,0.48023811648639086,0
C(OC(C(F)(F)F)C(F)(F)F)F,C1C2=C(C=CC(=C2Cl)Cl)NC3=NC(=O)CN31,0.0,unreported_twosides_sampled,0.9999573,0.8193232505579675,0.8193232505579675,fitted,platt_logistic_regression,0.48023811648639086,1
CC(C)(CC1=CC=CC=C1)N,CC(C1=CC(=C(C=C1)C2=CC=CC=C2)F)C(=O)O,0.0,unreported_twosides_sampled,0.9999049,0.799656413153776,0.799656413153776,fitted,platt_logistic_regression,0.48023811648639086,1
CC(=O)OC1C(CC2C1(CCC3C2CCC4C3(CC(C(C4)O)N5CCOCC5)C)C)[N+]6(CCCC6)CC=C,CCCNC(=O)NS(=O)(=O)C1=CC=C(C=C1)Cl,0.0,unreported_twosides_sampled,4.2483545e-18,0.0919921710556056,0.0919921710556056,fitted,platt_logistic_regression,0.48023811648639086,0
C(OC(C(F)(F)F)C(F)(F)F)F,CN1CCN(CC1)CCCN2C3=CC=CC=C3SC4=C2C=C(C=C4)Cl,1.0,reported_twosides,5.0380643e-18,0.0919921710556056,0.0919921710556056,fitted,platt_logistic_regression,0.48023811648639086,0
CC1(OC2CC3C4CC(C5=CC(=O)C=CC5(C4C(CC3(C2(O1)C(=O)CO)C)O)C)F)C,CCCCCC(C=CC1C(CC(=O)C1CCCCCCC(=O)O)O)O,0.0,unreported_twosides_sampled,4.2483545e-18,0.0919921710556056,0.0919921710556056,fitted,platt_logistic_regression,0.48023811648639086,0
C(OC(C(F)(F)F)C(F)(F)F)F,CCCCN1CCCCC1C(=O)NC2=C(C=CC=C2C)C,1.0,reported_twosides,4.2483545e-18,0.0919921710556056,0.0919921710556056,fitted,platt_logistic_regression,0.48023811648639086,0
CC1=CC(=CC=C1)CN2CCN(CC2)C(C3=CC=CC=C3)C4=CC=C(C=C4)Cl,CCOC1=NC2=CC=CC(=C2N1CC3=CC=C(C=C3)C4=CC=CC=C4C5=NNN=N5)C(=O)O,1.0,reported_twosides,1.0,0.891810177985089,0.891810177985089,fitted,platt_logistic_regression,0.48023811648639086,1
CC(C)(C)C1=CC=C(C=C1)S(=O)(=O)NC2=C(C(=NC(=N2)C3=NC=CC=N3)OCCO)OC4=CC=CC=C4OC,CCCNC1CCC2=C(C1)SC(=N2)N,1.0,reported_twosides,4.2483545e-18,0.0919921710556056,0.0919921710556056,fitted,platt_logistic_regression,0.48023811648639086,0
C(OC(C(F)(F)F)C(F)(F)F)F,CC1=C2C(=NC=C1)N(C3=C(C=CC=N3)C(=O)N2)C4CC4,0.0,unreported_twosides_sampled,1.0,0.891810177985089,0.891810177985089,fitted,platt_logistic_regression,0.48023811648639086,1
CC12CC(C3(C(C1CC(C2(C(=O)CO)O)O)CCC4=CC(=O)C=CC43C)F)O,CC1=CC2=C(NC3=CC=CC=C3N=C2S1)N4CCN(CC4)C,1.0,reported_twosides,4.2483545e-18,0.0919921710556056,0.0919921710556056,fitted,platt_logistic_regression,0.48023811648639086,0
CC(=O)N(CCCCCNC(=O)CCC(=O)N(CCCCCNC(=O)CCC(=O)N(CCCCCN)O)O)O,CC1=C(C(CCC1)(C)C)C=CC(=CC=CC(=CCO)C)C,0.0,unreported_twosides_sampled,1.0,0.891810177985089,0.891810177985089,fitted,platt_logistic_regression,0.48023811648639086,1
CC(C)(C)NCC(C1=CC(=C(C=C1)O)CO)O,CN(C)CCC=C1C2=CC=CC=C2COC3=C1C=C(C=C3)CC(=O)O,1.0,reported_twosides,0.99999976,0.891810177985089,0.891810177985089,fitted,platt_logistic_regression,0.48023811648639086,1
CC(=O)N(CC(CO)O)C1=C(C(=C(C(=C1I)C(=O)NCC(CO)O)I)C(=O)NCC(CO)O)I,CC1=CC(=CC=C1)NC2=C(C=NC=C2)S(=O)(=O)NC(=O)NC(C)C,0.0,unreported_twosides_sampled,4.2483545e-18,0.0919921710556056,0.0919921710556056,fitted,platt_logistic_regression,0.48023811648639086,0
C1=CC=C2C(=C1)C(=O)NC2(C3=CC(=C(C=C3)Cl)S(=O)(=O)N)O,CC1=C(C(CCC1)(C)C)C=CC(=CC=CC(=CCO)C)C,0.0,unreported_twosides_sampled,1.0,0.891810177985089,0.891810177985089,fitted,platt_logistic_regression,0.48023811648639086,1
CC12CC(=O)C3C(C1CCC2(C(=O)CO)O)CCC4=CC(=O)C=CC34C,CCCCCCCCCCCC(CC1C(C(=O)O1)CCCCCC)OC(=O)C(CC(C)C)NC=O,1.0,reported_twosides,4.2483545e-18,0.0919921710556056,0.0919921710556056,fitted,platt_logistic_regression,0.48023811648639086,0
C(N)(N)(Cl)Cl,CCCC(=O)OC1(CCC2C1(CC(C3C2CCC4=CC(=O)CCC34C)O)C)C(=O)CO,0.0,unreported_twosides_sampled,3.0602947e-15,0.0919921710556056,0.0919921710556056,fitted,platt_logistic_regression,0.48023811648639086,0
C1CN2C(=CC=C2C(=O)C3=CC=CC=C3)C1C(=O)O,CC12CC(C3(C(C1CC(C2(C(=O)CO)O)O)CCC4=CC(=O)C=CC43C)F)O,1.0,reported_twosides,0.99999046,0.8519956517361313,0.8519956517361313,fitted,platt_logistic_regression,0.48023811648639086,1
CCCN(CCC)S(=O)(=O)C1=CC=C(C=C1)C(=O)O,CCOC1=NC2=CC=CC(=C2N1CC3=CC=C(C=C3)C4=CC=CC=C4C5=NNN=N5)C(=O)O,1.0,reported_twosides,1.0,0.891810177985089,0.891810177985089,fitted,platt_logistic_regression,0.48023811648639086,1
C1CN=C(N1)NC2=C(C3=NC=CN=C3C=C2)Br,CC1C(C(=O)N1S(=O)(=O)O)NC(=O)C(=NOC(C)(C)C(=O)O)C2=CSC(=N2)N,0.0,unreported_twosides_sampled,0.9141837,0.5711518096211925,0.5711518096211925,fitted,platt_logistic_regression,0.48023811648639086,1
CC(C)C1=NC(=CS1)CN(C)C(=O)NC(C(C)C)C(=O)NC(CC2=CC=CC=C2)CC(C(CC3=CC=CC=C3)NC(=O)OCC4=CN=CS4)O,CC(C1=CC(=C(C=C1)C2=CC=CC=C2)F)C(=O)O,0.0,unreported_twosides_sampled,1.0,0.891810177985089,0.891810177985089,fitted,platt_logistic_regression,0.48023811648639086,1
CC1COC2=C3N1C=C(C(=O)C3=CC(=C2N4CCN(CC4)C)F)C(=O)O,CCN(CCCC(C)NC1=C2C=CC(=CC2=NC=C1)Cl)CCO,1.0,reported_twosides,4.2483545e-18,0.0919921710556056,0.0919921710556056,fitted,platt_logistic_regression,0.48023811648639086,0
CC1=CC2=C(NC3=CC=CC=C3N=C2S1)N4CCN(CC4)C,CN(C)CCCN1C2=CC=CC=C2CCC3=CC=CC=C31,1.0,reported_twosides,9.20171e-18,0.0919921710556056,0.0919921710556056,fitted,platt_logistic_regression,0.48023811648639086,0
CCN(CC)CCOC(=O)C1(CCCCC1)C2CCCCC2,CNS(=O)(=O)CCC1=CC2=C(C=C1)NC=C2C3CCN(CC3)C,0.0,unreported_twosides_sampled,4.2483545e-18,0.0919921710556056,0.0919921710556056,fitted,platt_logistic_regression,0.48023811648639086,0
CC(C(=O)C1=CC(=CC=C1)Cl)NC(C)(C)C,CCC(=O)OC(C(C)C)OP(=O)(CCCCC1=CC=CC=C1)CC(=O)N2CC(CC2C(=O)[O-])C3CCCCC3,1.0,reported_twosides,4.2483545e-18,0.0919921710556056,0.0919921710556056,fitted,platt_logistic_regression,0.48023811648639086,0
CC(C)(CC1=CC=CC=C1)N,CC1=CC2=C(NC3=CC=CC=C3N=C2S1)N4CCN(CC4)C,1.0,reported_twosides,7.967466e-16,0.0919921710556056,0.0919921710556056,fitted,platt_logistic_regression,0.48023811648639086,0
CC1=CC2=C(NC3=CC=CC=C3N=C2S1)N4CCN(CC4)C,CCCCC1=C(C2=CC=CC=C2O1)C(=O)C3=CC(=C(C(=C3)I)OCC[NH+](CC)CC)I,1.0,reported_twosides,4.2483545e-18,0.0919921710556056,0.0919921710556056,fitted,platt_logistic_regression,0.48023811648639086,0
CC1CC2C(CCC3(C2CCC3(C(=O)C)O)C)C4(C1=CC(=O)CC4)C,CCP(CC)CC.CC(=O)OCC1C(C(C(C(O1)[S-])OC(=O)C)OC(=O)C)OC(=O)C.[Au+],0.0,unreported_twosides_sampled,4.2483545e-18,0.0919921710556056,0.0919921710556056,fitted,platt_logistic_regression,0.48023811648639086,0
C1=CC(=C(C=C1Cl)Cl)C(CN2C=CN=C2)OCC3=C(SC=C3)Cl,CC1=C(C(=CC=C1)NC2=CC=CC=C2C(=O)O)C,0.0,unreported_twosides_sampled,4.2483545e-18,0.0919921710556056,0.0919921710556056,fitted,platt_logistic_regression,0.48023811648639086,0
CC(C)(C)NCC(C1=CC(=C(C=C1)O)CO)O,CC1(OC2CC3C4CCC5=CC(=O)C=CC5(C4C(CC3(C2(O1)C(=O)CO)C)O)C)C,1.0,reported_twosides,1.4743188e-13,0.0919921710556056,0.0919921710556056,fitted,platt_logistic_regression,0.48023811648639086,0
CC12CC(C3(C(C1CC(C2(C(=O)CO)O)O)CCC4=CC(=O)C=CC43C)F)O,CN1CCN(CC1)CCCN2C3=CC=CC=C3SC4=C2C=C(C=C4)Cl,1.0,reported_twosides,4.2483545e-18,0.0919921710556056,0.0919921710556056,fitted,platt_logistic_regression,0.48023811648639086,0
CC1=NN=C(S1)SCC2=C(N3C(C(C3=O)NC(=O)CN4C=NN=N4)SC2)C(=O)[O-],CCCCC1=C(C2=CC=CC=C2O1)C(=O)C3=CC(=C(C(=C3)I)OCC[NH+](CC)CC)I,1.0,reported_twosides,4.2483545e-18,0.0919921710556056,0.0919921710556056,fitted,platt_logistic_regression,0.48023811648639086,0
CCOC1=NC2=CC=CC(=C2N1CC3=CC=C(C=C3)C4=CC=CC=C4C5=NNN=N5)C(=O)O,CN(C)CCC=C1C2=CC=CC=C2C=CC3=CC=CC=C31,1.0,reported_twosides,1.0,0.891810177985089,0.891810177985089,fitted,platt_logistic_regression,0.48023811648639086,1
CC(C)C1=NC(=CS1)CN(C)C(=O)NC(C(C)C)C(=O)NC(CC2=CC=CC=C2)CC(C(CC3=CC=CC=C3)NC(=O)OCC4=CN=CS4)O,CCOC1=NC2=CC=CC(=C2N1CC3=CC=C(C=C3)C4=CC=CC=C4C5=NNN=N5)C(=O)O,1.0,reported_twosides,1.0,0.891810177985089,0.891810177985089,fitted,platt_logistic_regression,0.48023811648639086,1
C1=CC=C(C=C1)C(C2=CC=CC=C2)(C3=CC=CC=C3Cl)N4C=CN=C4,CC(C1=CC(=C(C=C1)C2=CC=CC=C2)F)C(=O)O,0.0,unreported_twosides_sampled,1.0,0.891810177985089,0.891810177985089,fitted,platt_logistic_regression,0.48023811648639086,1
CC1=NN=C(S1)SCC2=C(N3C(C(C3=O)NC(=O)CN4C=NN=N4)SC2)C(=O)[O-],CN1CCN(CC1)CCCN2C3=CC=CC=C3SC4=C2C=C(C=C4)Cl,1.0,reported_twosides,1.0,0.891810177985089,0.891810177985089,fitted,platt_logistic_regression,0.48023811648639086,1
C1CC(C1)(C(=O)O)C(=O)O.N.N.[Pt],CN(C)C(=N)N=C(N)N,1.0,reported_twosides,4.2483545e-18,0.0919921710556056,0.0919921710556056,fitted,platt_logistic_regression,0.48023811648639086,0
C(OC(C(F)(F)F)C(F)(F)F)F,CC(=O)OC1C(CC2C1(CCC3C2CCC4C3(CC(C(C4)O)N5CCOCC5)C)C)[N+]6(CCCC6)CC=C,1.0,reported_twosides,4.2483545e-18,0.0919921710556056,0.0919921710556056,fitted,platt_logistic_regression,0.48023811648639086,0
CCC1=C(C(=NC(=N1)N)N)C2=CC=C(C=C2)Cl,CN(CCCNC(=O)C1CCCO1)C2=NC3=CC(=C(C=C3C(=N2)N)OC)OC,0.0,unreported_twosides_sampled,9.5358155e-05,0.17308075176084817,0.17308075176084817,fitted,platt_logistic_regression,0.48023811648639086,0
CC1=NC=C(N1CCO)[N+](=O)[O-],CC1=NN=C(S1)SCC2=C(N3C(C(C3=O)NC(=O)CN4C=NN=N4)SC2)C(=O)[O-],1.0,reported_twosides,1.0,0.891810177985089,0.891810177985089,fitted,platt_logistic_regression,0.48023811648639086,1
CC12CC(=O)C3C(C1CCC2(C(=O)CO)O)CCC4=CC(=O)C=CC34C,S=[Se],1.0,reported_twosides,0.9998944,0.7969747737230513,0.7969747737230513,fitted,platt_logistic_regression,0.48023811648639086,1
C1=CN(C(=O)N=C1N)C2C(C(C(O2)CO)O)O,C1CN=C(N1)NC2=C(C3=NC=CN=C3C=C2)Br,0.0,unreported_twosides_sampled,1.3392547e-17,0.0919921710556056,0.0919921710556056,fitted,platt_logistic_regression,0.48023811648639086,0
CC(C)(C)C1=CC=C(C=C1)S(=O)(=O)NC2=C(C(=NC(=N2)C3=NC=CC=N3)OCCO)OC4=CC=CC=C4OC,CC1=NC=C(N1CCO)[N+](=O)[O-],1.0,reported_twosides,3.9871447e-06,0.11211067159668694,0.11211067159668694,fitted,platt_logistic_regression,0.48023811648639086,0
CC(=O)OC1C(CC2C1(CCC3C2CCC4C3(CC(C(C4)O)N5CCOCC5)C)C)[N+]6(CCCC6)CC=C,CCN(CC)CC(=O)NC1=C(C=CC=C1C)C,1.0,reported_twosides,4.2483545e-18,0.0919921710556056,0.0919921710556056,fitted,platt_logistic_regression,0.48023811648639086,0
C1=CC(=C(C=C1Cl)Cl)C(CN2C=CN=C2)OCC3=C(SC=C3)Cl,CC(C)(C)NCC(C1=NC(=C(C=C1)O)CO)O,0.0,unreported_twosides_sampled,4.2483545e-18,0.0919921710556056,0.0919921710556056,fitted,platt_logistic_regression,0.48023811648639086,0
CC1(OC2CC3C4CCC5=CC(=O)C=CC5(C4C(CC3(C2(O1)C(=O)CO)C)O)C)C,CN(CCCNC(=O)C1CCCO1)C2=NC3=CC(=C(C=C3C(=N2)N)OC)OC,0.0,unreported_twosides_sampled,1.2226163e-14,0.0919921710556056,0.0919921710556056,fitted,platt_logistic_regression,0.48023811648639086,0
CC1=NC=C(N1CCO)[N+](=O)[O-],CCC(CC)OC1C=C(CC(C1NC(=O)C)N)C(=O)OCC,1.0,reported_twosides,0.1095753,0.3956475226467844,0.3956475226467844,fitted,platt_logistic_regression,0.48023811648639086,0
CC1C(C(=O)N1S(=O)(=O)O)NC(=O)C(=NOC(C)(C)C(=O)O)C2=CSC(=N2)N,CCC1(CC(=O)NC1=O)C,0.0,unreported_twosides_sampled,0.61158836,0.4955463642614992,0.4955463642614992,fitted,platt_logistic_regression,0.48023811648639086,1
CCN(CC)CC(=O)NC1=C(C=CC=C1C)C,CN(C)CCC=C1C2=CC=CC=C2C=CC3=CC=CC=C31,1.0,reported_twosides,6.664308e-16,0.0919921710556056,0.0919921710556056,fitted,platt_logistic_regression,0.48023811648639086,0
CC(=O)OC1C(CC2C1(CCC3C2CCC4C3(CC(C(C4)O)N5CCOCC5)C)C)[N+]6(CCCC6)CC=C,CN(C)CCC=C1C2=CC=CC=C2C=CC3=CC=CC=C31,0.0,unreported_twosides_sampled,1.9370454e-14,0.0919921710556056,0.0919921710556056,fitted,platt_logistic_regression,0.48023811648639086,0
CCC(C)C1C(CCC2(O1)CC3CC(O2)CC=C(C(C(C=CC=C4COC5C4(C(C=C(C5O)C)C(=O)O3)O)C)OC6CC(C(C(O6)C)OC7CC(C(C(O7)C)O)OC)OC)C)C.CC1CCC2(CC3CC(O2)CC=C(C(C(C=CC=C4COC5C4(C(C=C(C5O)C)C(=O)O3)O)C)OC6CC(C(C(O6)C)OC7CC(C(C(O7)C)O)OC)OC)C)OC1C(C)C,CCCNC(=O)NS(=O)(=O)C1=CC=C(C=C1)Cl,0.0,unreported_twosides_sampled,4.2483545e-18,0.0919921710556056,0.0919921710556056,fitted,platt_logistic_regression,0.48023811648639086,0
C(OC(C(F)(F)F)C(F)(F)F)F,CC1=CC(=CC=C1)NC2=C(C=NC=C2)S(=O)(=O)NC(=O)NC(C)C,0.0,unreported_twosides_sampled,4.2483545e-18,0.0919921710556056,0.0919921710556056,fitted,platt_logistic_regression,0.48023811648639086,0
CC1(OC2CC3C4CCC5=CC(=O)C=CC5(C4C(CC3(C2(O1)C(=O)CO)C)O)C)C,CN(C)C(=N)N=C(N)N,0.0,unreported_twosides_sampled,3.077686e-11,0.0919921710556056,0.0919921710556056,fitted,platt_logistic_regression,0.48023811648639086,0
CC(CCC(=O)O)C1CCC2C1(CCC3C2C(CC4C3(CCC(C4)O)C)O)C,CN1C=NC(=C1SC2=NC=NC3=C2NC=N3)[N+](=O)[O-],1.0,reported_twosides,4.2483545e-18,0.0919921710556056,0.0919921710556056,fitted,platt_logistic_regression,0.48023811648639086,0
C1=CC=C(C=C1)CCNN,CC(=O)SC1CC2=CC(=O)CCC2(C3C1C4CCC5(C4(CC3)C)CCC(=O)O5)C,0.0,unreported_twosides_sampled,1.0,0.891810177985089,0.891810177985089,fitted,platt_logistic_regression,0.48023811648639086,1
CCCCCCCCCCCC(CC1C(C(=O)O1)CCCCCC)OC(=O)C(CC(C)C)NC=O,CN(C)CCC=C1C2=CC=CC=C2C=CC3=CC=CC=C31,1.0,reported_twosides,4.2483545e-18,0.0919921710556056,0.0919921710556056,fitted,platt_logistic_regression,0.48023811648639086,0
CC12CC(=O)C3C(C1CCC2(C(=O)CO)O)CCC4=CC(=O)C=CC34C,CCOC1=CC=CC=C1OCCNC(C)CC2=CC(=C(C=C2)OC)S(=O)(=O)N,1.0,reported_twosides,1.4565047e-11,0.0919921710556056,0.0919921710556056,fitted,platt_logistic_regression,0.48023811648639086,0
CCC1=C(C(=NC(=N1)N)N)C2=CC=C(C=C2)Cl,CN(C)C(=N)N=C(N)N,0.0,unreported_twosides_sampled,0.022498386,0.3339148818239552,0.3339148818239552,fitted,platt_logistic_regression,0.48023811648639086,0
CC(C)(C)C1=CC=C(C=C1)S(=O)(=O)NC2=C(C(=NC(=N2)C3=NC=CC=N3)OCCO)OC4=CC=CC=C4OC,CN(C)CCC=C1C2=CC=CC=C2C=CC3=CC=CC=C31,1.0,reported_twosides,5.196003e-12,0.0919921710556056,0.0919921710556056,fitted,platt_logistic_regression,0.48023811648639086,0
C1CN(CCN1CCC2=C(C=C3C(=C2)CC(=O)N3)Cl)C4=NSC5=CC=CC=C54,CCCNC(=O)NS(=O)(=O)C1=CC=C(C=C1)Cl,0.0,unreported_twosides_sampled,1.0,0.891810177985089,0.891810177985089,fitted,platt_logistic_regression,0.48023811648639086,1
C1=CC(=C(C=C1Cl)Cl)C(CN2C=CN=C2)OCC3=C(SC=C3)Cl,C1CC(C1)(C(=O)O)C(=O)O.N.N.[Pt],0.0,unreported_twosides_sampled,4.2483545e-18,0.0919921710556056,0.0919921710556056,fitted,platt_logistic_regression,0.48023811648639086,0
CCCCC1=C(C2=CC=CC=C2O1)C(=O)C3=CC(=C(C(=C3)I)OCC[NH+](CC)CC)I,CCOC1=CC=CC=C1OCCNC(C)CC2=CC(=C(C=C2)OC)S(=O)(=O)N,1.0,reported_twosides,4.2483545e-18,0.0919921710556056,0.0919921710556056,fitted,platt_logistic_regression,0.48023811648639086,0
CCC(CC)OC1C=C(CC(C1NC(=O)C)N)C(=O)OCC,CN1CCC2=C3C1CC4=C(C3=CC=C2)C(=C(C=C4)O)O,0.0,unreported_twosides_sampled,4.6824876e-14,0.0919921710556056,0.0919921710556056,fitted,platt_logistic_regression,0.48023811648639086,0
CC(C)(C)NCC(COC1=NSN=C1N2CCOCC2)O,CC1=NN=C(S1)SCC2=C(N3C(C(C3=O)NC(=O)CN4C=NN=N4)SC2)C(=O)[O-],1.0,reported_twosides,2.3341425e-05,0.1433152962131997,0.1433152962131997,fitted,platt_logistic_regression,0.48023811648639086,0
CC1=C(C(CCC1)(C)C)C=CC(=CC=CC(=CCO)C)C,CN1CCC2=C3C1CC4=C(C3=CC=C2)C(=C(C=C4)O)O,0.0,unreported_twosides_sampled,1.0,0.891810177985089,0.891810177985089,fitted,platt_logistic_regression,0.48023811648639086,1
CC12CC(C3(C(C1CC(C2(C(=O)CO)O)O)CCC4=CC(=O)C=CC43C)F)O,CCCCN1CCCCC1C(=O)NC2=C(C=CC=C2C)C,1.0,reported_twosides,4.2483545e-18,0.0919921710556056,0.0919921710556056,fitted,platt_logistic_regression,0.48023811648639086,0
CC1=NN=C(S1)SCC2=C(N3C(C(C3=O)NC(=O)CN4C=NN=N4)SC2)C(=O)[O-],CN(C)CCC=C1C2=CC=CC=C2COC3=C1C=C(C=C3)CC(=O)O,0.0,unreported_twosides_sampled,1.0,0.891810177985089,0.891810177985089,fitted,platt_logistic_regression,0.48023811648639086,1
C1=CC=C(C=C1)CCNN,CC(C)C1=NC(=CS1)CN(C)C(=O)NC(C(C)C)C(=O)NC(CC2=CC=CC=C2)CC(C(CC3=CC=CC=C3)NC(=O)OCC4=CN=CS4)O,0.0,unreported_twosides_sampled,0.6829715,0.5080217318815415,0.5080217318815415,fitted,platt_logistic_regression,0.48023811648639086,1
CCC(=C)C(=O)C1=C(C(=C(C=C1)OCC(=O)O)Cl)Cl,CN(C)CCC=C1C2=CC=CC=C2C=CC3=CC=CC=C31,0.0,unreported_twosides_sampled,1.0,0.891810177985089,0.891810177985089,fitted,platt_logistic_regression,0.48023811648639086,1
CC1=CC2=C(NC3=CC=CC=C3N=C2S1)N4CCN(CC4)C,CN(C)CCC=C1C2=CC=CC=C2COC3=C1C=C(C=C3)CC(=O)O,1.0,reported_twosides,0.9919017,0.6626993895984411,0.6626993895984411,fitted,platt_logistic_regression,0.48023811648639086,1
CC(C)(C)NCC(C1=NC(=C(C=C1)O)CO)O,CCCCCC(C=CC1C(CC(=O)C1CCCCCCC(=O)O)O)O,0.0,unreported_twosides_sampled,4.2483545e-18,0.0919921710556056,0.0919921710556056,fitted,platt_logistic_regression,0.48023811648639086,0
CC1=CC(=CC=C1)CN2CCN(CC2)C(C3=CC=CC=C3)C4=CC=C(C=C4)Cl,CN(C)C(=N)N=C(N)N,1.0,reported_twosides,4.2483545e-18,0.0919921710556056,0.0919921710556056,fitted,platt_logistic_regression,0.48023811648639086,0
CC(=O)SC1CC2=CC(=O)CCC2(C3C1C4CCC5(C4(CC3)C)CCC(=O)O5)C,CCCN(CCC)S(=O)(=O)C1=CC=C(C=C1)C(=O)O,0.0,unreported_twosides_sampled,1.0,0.891810177985089,0.891810177985089,fitted,platt_logistic_regression,0.48023811648639086,1
CC(=O)N(CCCCCNC(=O)CCC(=O)N(CCCCCNC(=O)CCC(=O)N(CCCCCN)O)O)O,CC(C)(C)NCC(C1=NC(=C(C=C1)O)CO)O,0.0,unreported_twosides_sampled,1.0,0.891810177985089,0.891810177985089,fitted,platt_logistic_regression,0.48023811648639086,1
CC(C)C1=NC(=CS1)CN(C)C(=O)NC(C(C)C)C(=O)NC(CC2=CC=CC=C2)CC(C(CC3=CC=CC=C3)NC(=O)OCC4=CN=CS4)O,CN1CCN(CC1)CCCN2C3=CC=CC=C3SC4=C2C=C(C=C4)Cl,1.0,reported_twosides,2.473974e-09,0.0919921710556056,0.0919921710556056,fitted,platt_logistic_regression,0.48023811648639086,0
CCC(C)C1C(CCC2(O1)CC3CC(O2)CC=C(C(C(C=CC=C4COC5C4(C(C=C(C5O)C)C(=O)O3)O)C)OC6CC(C(C(O6)C)OC7CC(C(C(O7)C)O)OC)OC)C)C.CC1CCC2(CC3CC(O2)CC=C(C(C(C=CC=C4COC5C4(C(C=C(C5O)C)C(=O)O3)O)C)OC6CC(C(C(O6)C)OC7CC(C(C(O7)C)O)OC)OC)C)OC1C(C)C,CCCC(CCC)C(=O)O,0.0,unreported_twosides_sampled,4.2483545e-18,0.0919921710556056,0.0919921710556056,fitted,platt_logistic_regression,0.48023811648639086,0
CC(C)C(CC1=CC(=C(C=C1)OC)OCCCOC)CC(C(CC(C(C)C)C(=O)NCC(C)(C)C(=O)N)O)N,CS(=O)(=O)C1=CC=C(C=C1)C2=C(C(=O)OC2)C3=CC=CC=C3,0.0,unreported_twosides_sampled,4.359082e-11,0.0919921710556056,0.0919921710556056,fitted,platt_logistic_regression,0.48023811648639086,0
C1=CN(C(=O)N=C1N)C2C(C(C(O2)CO)O)O,CN1C=NC(=C1SC2=NC=NC3=C2NC=N3)[N+](=O)[O-],1.0,reported_twosides,9.992902e-17,0.0919921710556056,0.0919921710556056,fitted,platt_logistic_regression,0.48023811648639086,0
CC1=CC2=C(NC3=CC=CC=C3N=C2S1)N4CCN(CC4)C,CN(C)CCC1=CNC2=C1C=C(C=C2)CC3COC(=O)N3,1.0,reported_twosides,5.088139e-13,0.0919921710556056,0.0919921710556056,fitted,platt_logistic_regression,0.48023811648639086,0
CC1=CC(=CC=C1)NC2=C(C=NC=C2)S(=O)(=O)NC(=O)NC(C)C,CCC1(CC(=O)NC1=O)C,0.0,unreported_twosides_sampled,4.2483545e-18,0.0919921710556056,0.0919921710556056,fitted,platt_logistic_regression,0.48023811648639086,0
CC(C)(C)C1=CC=C(C=C1)S(=O)(=O)NC2=C(C(=NC(=N2)C3=NC=CC=N3)OCCO)OC4=CC=CC=C4OC,CC(C)(CC1=CC=CC=C1)N,0.0,unreported_twosides_sampled,4.2483545e-18,0.0919921710556056,0.0919921710556056,fitted,platt_logistic_regression,0.48023811648639086,0
CCC1(CC(=O)NC1=O)C,S=[Se],0.0,unreported_twosides_sampled,2.3158738e-14,0.0919921710556056,0.0919921710556056,fitted,platt_logistic_regression,0.48023811648639086,0
CCCC(CCC)C(=O)O,CCCNC1CCC2=C(C1)SC(=N2)N,1.0,reported_twosides,4.2483545e-18,0.0919921710556056,0.0919921710556056,fitted,platt_logistic_regression,0.48023811648639086,0
C(C(CO[N+](=O)[O-])O[N+](=O)[O-])O[N+](=O)[O-],C1=CN(C(=O)N=C1N)C2C(C(C(O2)CO)O)O,1.0,reported_twosides,0.3492767,0.4528528629601737,0.4528528629601737,fitted,platt_logistic_regression,0.48023811648639086,0
CC(C)C1=NC(=CS1)CN(C)C(=O)NC(C(C)C)C(=O)NC(CC2=CC=CC=C2)CC(C(CC3=CC=CC=C3)NC(=O)OCC4=CN=CS4)O,CC(CCC(=O)O)C1CCC2C1(CCC3C2C(CC4C3(CCC(C4)O)C)O)C,1.0,reported_twosides,4.2483545e-18,0.0919921710556056,0.0919921710556056,fitted,platt_logistic_regression,0.48023811648639086,0
CC(CC1=CC=CC=C1)N(C)CC#C,CN1C=NC(=C1SC2=NC=NC3=C2NC=N3)[N+](=O)[O-],0.0,unreported_twosides_sampled,6.3589336e-16,0.0919921710556056,0.0919921710556056,fitted,platt_logistic_regression,0.48023811648639086,0
CC1=NN=C(S1)SCC2=C(N3C(C(C3=O)NC(=O)CN4C=NN=N4)SC2)C(=O)[O-],CC1NC2=CC(=C(C=C2C(=O)N1C3=CC=CC=C3C)S(=O)(=O)N)Cl,1.0,reported_twosides,1.0,0.891810177985089,0.891810177985089,fitted,platt_logistic_regression,0.48023811648639086,1
CCCCCC(CCC1C(CC2C1CC3=C(C2)C(=CC=C3)OCC(=O)O)O)O,CN1CCC2=C3C1CC4=C(C3=CC=C2)C(=C(C=C4)O)O,0.0,unreported_twosides_sampled,4.2483545e-18,0.0919921710556056,0.0919921710556056,fitted,platt_logistic_regression,0.48023811648639086,0
CC(C)C(CC1=CC(=C(C=C1)OC)OCCCOC)CC(C(CC(C(C)C)C(=O)NCC(C)(C)C(=O)N)O)N,CN1CCN(CC1)CCCN2C3=CC=CC=C3SC4=C2C=C(C=C4)Cl,0.0,unreported_twosides_sampled,4.2483545e-18,0.0919921710556056,0.0919921710556056,fitted,platt_logistic_regression,0.48023811648639086,0
CC(=O)N(CCCCCNC(=O)CCC(=O)N(CCCCCNC(=O)CCC(=O)N(CCCCCN)O)O)O,CC1=CC2C(CCC3(C2CCC3(C(=O)C)O)C)C4(C1=CC(=O)CC4)C,0.0,unreported_twosides_sampled,1.0,0.891810177985089,0.891810177985089,fitted,platt_logistic_regression,0.48023811648639086,1
CC(=O)SC1CC2=CC(=O)CCC2(C3C1C4CCC5(C4(CC3)C)CCC(=O)O5)C,CCCCN1CCCCC1C(=O)NC2=C(C=CC=C2C)C,0.0,unreported_twosides_sampled,4.2483545e-18,0.0919921710556056,0.0919921710556056,fitted,platt_logistic_regression,0.48023811648639086,0
CCC1=C(C(=NC(=N1)N)N)C2=CC=C(C=C2)Cl,CCCCC(C)(CC=CC1C(CC(=O)C1CCCCCCC(=O)OC)O)O,0.0,unreported_twosides_sampled,0.9445337,0.5893388087855725,0.5893388087855725,fitted,platt_logistic_regression,0.48023811648639086,1
CCCCCC(C=CC1C(CC(=O)C1CCCCCCC(=O)O)O)O,CCCCN1CCCCC1C(=O)NC2=C(C=CC=C2C)C,0.0,unreported_twosides_sampled,4.2483545e-18,0.0919921710556056,0.0919921710556056,fitted,platt_logistic_regression,0.48023811648639086,0
CC(C)(C)NCC(COC1=NSN=C1N2CCOCC2)O,CN1CC(=O)N2C(C1=O)CC3=C(C2C4=CC5=C(C=C4)OCO5)NC6=CC=CC=C36,1.0,reported_twosides,4.2483545e-18,0.0919921710556056,0.0919921710556056,fitted,platt_logistic_regression,0.48023811648639086,0
CC(C)(CC1=CC=CC=C1)N,CCC1(CC(=O)NC1=O)C,0.0,unreported_twosides_sampled,7.666041e-15,0.0919921710556056,0.0919921710556056,fitted,platt_logistic_regression,0.48023811648639086,0
CC1=C(N=CN1)CSCCNC(=NC)NC#N,CC1=C2C(=NC=C1)N(C3=C(C=CC=N3)C(=O)N2)C4CC4,0.0,unreported_twosides_sampled,1.0,0.891810177985089,0.891810177985089,fitted,platt_logistic_regression,0.48023811648639086,1
CCC(CC)OC1C=C(CC(C1NC(=O)C)N)C(=O)OCC,COC1=C(C=C2C(=C1)CC(C2=O)CC3CCN(CC3)CC4=CC=CC=C4)OC,1.0,reported_twosides,4.2483545e-18,0.0919921710556056,0.0919921710556056,fitted,platt_logistic_regression,0.48023811648639086,0
CCC(C)C1C(CCC2(O1)CC3CC(O2)CC=C(C(C(C=CC=C4COC5C4(C(C=C(C5O)C)C(=O)O3)O)C)OC6CC(C(C(O6)C)OC7CC(C(C(O7)C)O)OC)OC)C)C.CC1CCC2(CC3CC(O2)CC=C(C(C(C=CC=C4COC5C4(C(C=C(C5O)C)C(=O)O3)O)C)OC6CC(C(C(O6)C)OC7CC(C(C(O7)C)O)OC)OC)C)OC1C(C)C,CCN(CCCC(C)NC1=C2C=CC(=CC2=NC=C1)Cl)CCO,0.0,unreported_twosides_sampled,4.2483545e-18,0.0919921710556056,0.0919921710556056,fitted,platt_logistic_regression,0.48023811648639086,0
C1=CC=C(C=C1)CCNN,CCCCCC(C=CC1C(CC(=O)C1CCCCCCC(=O)O)O)O,0.0,unreported_twosides_sampled,4.2483545e-18,0.0919921710556056,0.0919921710556056,fitted,platt_logistic_regression,0.48023811648639086,0
CC1C(C(=O)N1S(=O)(=O)O)NC(=O)C(=NOC(C)(C)C(=O)O)C2=CSC(=N2)N,CC1COC2=C3N1C=C(C(=O)C3=CC(=C2N4CCN(CC4)C)F)C(=O)O,1.0,reported_twosides,1.0,0.891810177985089,0.891810177985089,fitted,platt_logistic_regression,0.48023811648639086,1
CC(C)(C)NCC(C1=CC(=C(C=C1)O)CO)O,CC1=NN=C(S1)SCC2=C(N3C(C(C3=O)NC(=O)CN4C=NN=N4)SC2)C(=O)[O-],1.0,reported_twosides,1.0,0.891810177985089,0.891810177985089,fitted,platt_logistic_regression,0.48023811648639086,1
C(=O)([O-])[O-].C(=O)([O-])[O-].C(=O)([O-])[O-].O.[La+3].[La+3],CN1CCN(CC1)CCCN2C3=CC=CC=C3SC4=C2C=C(C=C4)Cl,0.0,unreported_twosides_sampled,5.8427974e-14,0.0919921710556056,0.0919921710556056,fitted,platt_logistic_regression,0.48023811648639086,0
CCCC(CCC)C(=O)O,CN(C)CCC1=CNC2=C1C=C(C=C2)CC3COC(=O)N3,1.0,reported_twosides,4.2483545e-18,0.0919921710556056,0.0919921710556056,fitted,platt_logistic_regression,0.48023811648639086,0
CC(C)(C)NCC(C1=CC(=C(C=C1)O)CO)O,CCC1=C2C(=CC=C1)C3=C(N2)C(OCC3)(CC)CC(=O)O,1.0,reported_twosides,3.1544875e-16,0.0919921710556056,0.0919921710556056,fitted,platt_logistic_regression,0.48023811648639086,0
CC1=CC2=C(C=C1C)N(C=N2)C3C(C(C(O3)CO)OP(=O)([O-])OC(C)CNC(=O)CCC4(C(C5C6(C(C(C(=N6)C(=C7C(C(C(=N7)C=C8C(C(C(=N8)C(=C4[N-]5)C)CCC(=O)N)(C)C)CCC(=O)N)(C)CC(=O)N)C)CCC(=O)N)(C)CC(=O)N)C)CC(=O)N)C)O.O.[Co],CCOC1=CC=CC=C1OCCNC(C)CC2=CC(=C(C=C2)OC)S(=O)(=O)N,0.0,unreported_twosides_sampled,4.2483545e-18,0.0919921710556056,0.0919921710556056,fitted,platt_logistic_regression,0.48023811648639086,0
CC12CC(C3(C(C1CC(C2(C(=O)CO)O)O)CCC4=CC(=O)C=CC43C)F)O,CC12CCC3C(C1CCC2(C#C)O)CCC4=CC(=O)CCC34,1.0,reported_twosides,4.2483545e-18,0.0919921710556056,0.0919921710556056,fitted,platt_logistic_regression,0.48023811648639086,0
C(N)(N)(Cl)Cl,CCCCCC(C=CC1C(CC(=O)C1CCCCCCC(=O)O)O)O,0.0,unreported_twosides_sampled,4.2483545e-18,0.0919921710556056,0.0919921710556056,fitted,platt_logistic_regression,0.48023811648639086,0
C1=CC=C(C=C1)C(C2=CC=CC=C2)(C3=CC=CC=C3Cl)N4C=CN=C4,CS(=O)(=O)C1=CC=C(C=C1)C2=C(C(=O)OC2)C3=CC=CC=C3,1.0,reported_twosides,1.0,0.891810177985089,0.891810177985089,fitted,platt_logistic_regression,0.48023811648639086,1
C1CCC(CC1)C(CCN2CCCCC2)(C3=CC=CC=C3)O,CN(C)C(=N)N=C(N)N,1.0,reported_twosides,1.8424546e-16,0.0919921710556056,0.0919921710556056,fitted,platt_logistic_regression,0.48023811648639086,0
CCC1=C(C(=NC(=N1)N)N)C2=CC=C(C=C2)Cl,CN1C=NC(=C1SC2=NC=NC3=C2NC=N3)[N+](=O)[O-],0.0,unreported_twosides_sampled,2.8643206e-09,0.0919921710556056,0.0919921710556056,fitted,platt_logistic_regression,0.48023811648639086,0
CCCCCC(C=CC1C(CC(=O)C1CCCCCCC(=O)O)O)O,CCN(CC)CC(=O)NC1=C(C=CC=C1C)C,1.0,reported_twosides,4.2483545e-18,0.0919921710556056,0.0919921710556056,fitted,platt_logistic_regression,0.48023811648639086,0
CCC1=C(C(=NC(=N1)N)N)C2=CC=C(C=C2)Cl,CCCCN1CCCCC1C(=O)NC2=C(C=CC=C2C)C,0.0,unreported_twosides_sampled,4.2483545e-18,0.0919921710556056,0.0919921710556056,fitted,platt_logistic_regression,0.48023811648639086,0
C(OC(C(F)(F)F)C(F)(F)F)F,CC1NC2=CC(=C(C=C2C(=O)N1C3=CC=CC=C3C)S(=O)(=O)N)Cl,0.0,unreported_twosides_sampled,1.0,0.891810177985089,0.891810177985089,fitted,platt_logistic_regression,0.48023811648639086,1
CC(CC1=CC=CC=C1)N(C)CC#C,CCOC1=NC2=CC=CC(=C2N1CC3=CC=C(C=C3)C4=CC=CC=C4C5=NNN=N5)C(=O)O,0.0,unreported_twosides_sampled,1.0,0.891810177985089,0.891810177985089,fitted,platt_logistic_regression,0.48023811648639086,1
C1CN2C(=CC=C2C(=O)C3=CC=CC=C3)C1C(=O)O,CCC1=C2C(=CC=C1)C3=C(N2)C(OCC3)(CC)CC(=O)O,1.0,reported_twosides,1.0,0.891810177985089,0.891810177985089,fitted,platt_logistic_regression,0.48023811648639086,1
CC(C)C(CC1=CC(=C(C=C1)OC)OCCCOC)CC(C(CC(C(C)C)C(=O)NCC(C)(C)C(=O)N)O)N,CCCC1=NN(C2=C1NC(=NC2=O)C3=C(C=CC(=C3)S(=O)(=O)N4CCN(CC4)C)OCC)C,0.0,unreported_twosides_sampled,4.2483545e-18,0.0919921710556056,0.0919921710556056,fitted,platt_logistic_regression,0.48023811648639086,0
C(OC(C(F)(F)F)C(F)(F)F)F,CCCCCC(CCC1C(CC2C1CC3=C(C2)C(=CC=C3)OCC(=O)O)O)O,0.0,unreported_twosides_sampled,4.2483545e-18,0.0919921710556056,0.0919921710556056,fitted,platt_logistic_regression,0.48023811648639086,0
C(C(CO[N+](=O)[O-])O[N+](=O)[O-])O[N+](=O)[O-],CCN(CC)CC(=O)NC1=C(C=CC=C1C)C,1.0,reported_twosides,4.2483545e-18,0.0919921710556056,0.0919921710556056,fitted,platt_logistic_regression,0.48023811648639086,0
CC1=NC=C(N1CCO)[N+](=O)[O-],CN(C)CCCN1C2=CC=CC=C2CCC3=CC=CC=C31,1.0,reported_twosides,0.980991,0.631287846649189,0.631287846649189,fitted,platt_logistic_regression,0.48023811648639086,1
CCCC1=NN(C2=C1NC(=NC2=O)C3=C(C=CC(=C3)S(=O)(=O)N4CCN(CC4)C)OCC)C,CCCCN1CCCCC1C(=O)NC2=C(C=CC=C2C)C,0.0,unreported_twosides_sampled,4.2483545e-18,0.0919921710556056,0.0919921710556056,fitted,platt_logistic_regression,0.48023811648639086,0
C1CN=C(N1)NC2=C(C3=NC=CN=C3C=C2)Br,CCCNC1CCC2=C(C1)SC(=N2)N,1.0,reported_twosides,4.2483545e-18,0.0919921710556056,0.0919921710556056,fitted,platt_logistic_regression,0.48023811648639086,0
CCCC(=O)OC1(CCC2C1(CC(C3C2CCC4=CC(=O)CCC34C)O)C)C(=O)CO,CN(CCCNC(=O)C1CCCO1)C2=NC3=CC(=C(C=C3C(=N2)N)OC)OC,0.0,unreported_twosides_sampled,4.550345e-12,0.0919921710556056,0.0919921710556056,fitted,platt_logistic_regression,0.48023811648639086,0
CC(C)(CC1=CC=CC=C1)N,CC1=NN=C(S1)SCC2=C(N3C(C(C3=O)NC(=O)CN4C=NN=N4)SC2)C(=O)[O-],0.0,unreported_twosides_sampled,1.0,0.891810177985089,0.891810177985089,fitted,platt_logistic_regression,0.48023811648639086,1
CC1COC2=C3N1C=C(C(=O)C3=CC(=C2N4CCN(CC4)C)F)C(=O)O,CN1CCN(CC1)CCCN2C3=CC=CC=C3SC4=C2C=C(C=C4)Cl,1.0,reported_twosides,0.95171034,0.5949571501457227,0.5949571501457227,fitted,platt_logistic_regression,0.48023811648639086,1
C1CCC(CC1)C(CCN2CCCCC2)(C3=CC=CC=C3)O,CC(C)(C)NCC(C1=NC(=C(C=C1)O)CO)O,0.0,unreported_twosides_sampled,4.2483545e-18,0.0919921710556056,0.0919921710556056,fitted,platt_logistic_regression,0.48023811648639086,0
CNS(=O)(=O)CCC1=CC2=C(C=C1)NC=C2C3CCN(CC3)C,S=[Se],0.0,unreported_twosides_sampled,5.901655e-14,0.0919921710556056,0.0919921710556056,fitted,platt_logistic_regression,0.48023811648639086,0
CC(C)(CC1=CC=CC=C1)N,CCN(CCCC(C)NC1=C2C=CC(=CC2=NC=C1)Cl)CCO,0.0,unreported_twosides_sampled,4.2483545e-18,0.0919921710556056,0.0919921710556056,fitted,platt_logistic_regression,0.48023811648639086,0
C1CCC(CC1)C(CCN2CCCCC2)(C3=CC=CC=C3)O,CC12CC(=O)C3C(C1CCC2(C(=O)CO)O)CCC4=CC(=O)C=CC34C,1.0,reported_twosides,1.2751642e-06,0.0952760464886183,0.0952760464886183,fitted,platt_logistic_regression,0.48023811648639086,0
CC12CC(=O)C3C(C1CCC2(C(=O)CO)O)CCC4=CC(=O)C=CC34C,CCC1(CC(=O)NC1=O)C,0.0,unreported_twosides_sampled,1.3046056e-09,0.0919921710556056,0.0919921710556056,fitted,platt_logistic_regression,0.48023811648639086,0
C1CN(CCN1CCC2=C(C=C3C(=C2)CC(=O)N3)Cl)C4=NSC5=CC=CC=C54,CN(CCCNC(=O)C1CCCO1)C2=NC3=CC(=C(C=C3C(=N2)N)OC)OC,0.0,unreported_twosides_sampled,1.0,0.891810177985089,0.891810177985089,fitted,platt_logistic_regression,0.48023811648639086,1
CC1C=CC=CCCC=CC=CC=CC=CC(CC(C(C(CC(=O)CC(C(CCC(CC(CC(CC(=O)OC(C(C1O)C)C)O)O)O)O)O)O)C(=O)O)O)OC2C(C(C(C(O2)C)O)N)O,CCCC1=NN(C2=C1NC(=NC2=O)C3=C(C=CC(=C3)S(=O)(=O)N4CCN(CC4)C)OCC)C,1.0,reported_twosides,2.4208462e-15,0.0919921710556056,0.0919921710556056,fitted,platt_logistic_regression,0.48023811648639086,0
CCC1=C2C(=CC=C1)C3=C(N2)C(OCC3)(CC)CC(=O)O,CCN(CCCC(C)NC1=C2C=CC(=CC2=NC=C1)Cl)CCO,1.0,reported_twosides,4.2483545e-18,0.0919921710556056,0.0919921710556056,fitted,platt_logistic_regression,0.48023811648639086,0
C(OC(C(F)(F)F)C(F)(F)F)F,CC1=CC2C(CCC3(C2CCC3(C(=O)C)O)C)C4(C1=CC(=O)CC4)C,0.0,unreported_twosides_sampled,4.2483545e-18,0.0919921710556056,0.0919921710556056,fitted,platt_logistic_regression,0.48023811648639086,0
CC1CC2C(CCC3(C2CCC3(C(=O)C)O)C)C4(C1=CC(=O)CC4)C,CN1C=NC(=C1SC2=NC=NC3=C2NC=N3)[N+](=O)[O-],1.0,reported_twosides,4.2483545e-18,0.0919921710556056,0.0919921710556056,fitted,platt_logistic_regression,0.48023811648639086,0
C1CN2C(=CC=C2C(=O)C3=CC=CC=C3)C1C(=O)O,CC1NC2=CC(=C(C=C2C(=O)N1C3=CC=CC=C3C)S(=O)(=O)N)Cl,1.0,reported_twosides,1.0,0.891810177985089,0.891810177985089,fitted,platt_logistic_regression,0.48023811648639086,1
CN1CCN(CC1)CCCN2C3=CC=CC=C3SC4=C2C=C(C=C4)Cl,CS(=O)(=O)C1=CC=C(C=C1)C2=C(C(=O)OC2)C3=CC=CC=C3,1.0,reported_twosides,2.039043e-05,0.14069352007055144,0.14069352007055144,fitted,platt_logistic_regression,0.48023811648639086,0
C(C(CO[N+](=O)[O-])O[N+](=O)[O-])O[N+](=O)[O-],CN(C)CCC=C1C2=CC=CC=C2C=CC3=CC=CC=C31,1.0,reported_twosides,1.0,0.891810177985089,0.891810177985089,fitted,platt_logistic_regression,0.48023811648639086,1
C1=CC=C(C=C1)CCNN,CC(C)(C)NCC(C1=CC(=C(C=C1)O)CO)O,0.0,unreported_twosides_sampled,8.144522e-11,0.0919921710556056,0.0919921710556056,fitted,platt_logistic_regression,0.48023811648639086,0
C1=CC=C(C=C1)CCNN,CCCNC1CCC2=C(C1)SC(=N2)N,1.0,reported_twosides,4.2483545e-18,0.0919921710556056,0.0919921710556056,fitted,platt_logistic_regression,0.48023811648639086,0
CN(C)CCCN1C2=CC=CC=C2CCC3=CC=CC=C31,CN1C(=NC(=O)C(=N1)[O-])SCC2=C(N3C(C(C3=O)NC(=O)C(=NOC)C4=CSC(=N4)N)SC2)C(=O)[O-],1.0,reported_twosides,1.0,0.891810177985089,0.891810177985089,fitted,platt_logistic_regression,0.48023811648639086,1
CCC1(CC(=O)NC1=O)C,CCCN(CCC)S(=O)(=O)C1=CC=C(C=C1)C(=O)O,0.0,unreported_twosides_sampled,4.2483545e-18,0.0919921710556056,0.0919921710556056,fitted,platt_logistic_regression,0.48023811648639086,0
CC1CC2C(CCC3(C2CCC3(C(=O)C)O)C)C4(C1=CC(=O)CC4)C,CCCCCCCCCCCC(CC1C(C(=O)O1)CCCCCC)OC(=O)C(CC(C)C)NC=O,1.0,reported_twosides,4.2483545e-18,0.0919921710556056,0.0919921710556056,fitted,platt_logistic_regression,0.48023811648639086,0
C1CC(=O)NC(=O)C1N2C(=O)C3=CC=CC=C3C2=O,CC(C)(C)NCC(COC1=NSN=C1N2CCOCC2)O,1.0,reported_twosides,4.2483545e-18,0.0919921710556056,0.0919921710556056,fitted,platt_logistic_regression,0.48023811648639086,0
CC1(C(N2C(S1)C(C2=O)NC(=O)CC3=CC=CC=C3)C(=O)O)C,CN1C(=NC(=O)C(=N1)[O-])SCC2=C(N3C(C(C3=O)NC(=O)C(=NOC)C4=CSC(=N4)N)SC2)C(=O)[O-],0.0,unreported_twosides_sampled,1.0,0.891810177985089,0.891810177985089,fitted,platt_logistic_regression,0.48023811648639086,1
CC1CCC2CC(C(=CC=CC=CC(CC(C(=O)C(C(C(=CC(C(=O)CC(OC(=O)C3CCCCN3C(=O)C(=O)C1(O2)O)C(C)CC4CCC(C(C4)OC)O)C)C)O)OC)C)C)C)OC,CN(C)C(=N)N=C(N)N,1.0,reported_twosides,1.3235933e-14,0.0919921710556056,0.0919921710556056,fitted,platt_logistic_regression,0.48023811648639086,0
CC(=O)OC1C(CC2C1(CCC3C2CCC4C3(CC(C(C4)O)N5CCOCC5)C)C)[N+]6(CCCC6)CC=C,CC(C)(C)NCC(COC1=NSN=C1N2CCOCC2)O,0.0,unreported_twosides_sampled,4.2483545e-18,0.0919921710556056,0.0919921710556056,fitted,platt_logistic_regression,0.48023811648639086,0
CC(C)(C)NCC(COC1=NSN=C1N2CCOCC2)O,CS(=O)(=O)C1=CC=C(C=C1)C2=C(C(=O)OC2)C3=CC=CC=C3,1.0,reported_twosides,4.2483545e-18,0.0919921710556056,0.0919921710556056,fitted,platt_logistic_regression,0.48023811648639086,0
CC1=NC=C(N1CCO)[N+](=O)[O-],CC1COC2=C3N1C=C(C(=O)C3=CC(=C2N4CCN(CC4)C)F)C(=O)O,1.0,reported_twosides,1.0,0.891810177985089,0.891810177985089,fitted,platt_logistic_regression,0.48023811648639086,1
CC1(OC2CC3C4CC(C5=CC(=O)C=CC5(C4C(CC3(C2(O1)C(=O)CO)C)O)C)F)C,CC1C(C(=O)N1S(=O)(=O)O)NC(=O)C(=NOC(C)(C)C(=O)O)C2=CSC(=N2)N,0.0,unreported_twosides_sampled,1.0,0.891810177985089,0.891810177985089,fitted,platt_logistic_regression,0.48023811648639086,1
C1=CC=C2C(=C1)C(=O)NC2(C3=CC(=C(C=C3)Cl)S(=O)(=O)N)O,CC(CCC(=O)O)C1CCC2C1(CCC3C2C(CC4C3(CCC(C4)O)C)O)C,0.0,unreported_twosides_sampled,6.686433e-17,0.0919921710556056,0.0919921710556056,fitted,platt_logistic_regression,0.48023811648639086,0
CC1COC2=C3N1C=C(C(=O)C3=CC(=C2N4CCN(CC4)C)F)C(=O)O,CN(C)CCC=C1C2=CC=CC=C2C=CC3=CC=CC=C31,1.0,reported_twosides,1.0,0.891810177985089,0.891810177985089,fitted,platt_logistic_regression,0.48023811648639086,1
C1CCC(CC1)C(CCN2CCCCC2)(C3=CC=CC=C3)O,CC(CCC(=O)O)C1CCC2C1(CCC3C2C(CC4C3(CCC(C4)O)C)O)C,1.0,reported_twosides,4.2483545e-18,0.0919921710556056,0.0919921710556056,fitted,platt_logistic_regression,0.48023811648639086,0
CC(C)(C)C1=CC=C(C=C1)S(=O)(=O)NC2=C(C(=NC(=N2)C3=NC=CC=N3)OCCO)OC4=CC=CC=C4OC,CC1=CC2C(CCC3(C2CCC3(C(=O)C)O)C)C4(C1=CC(=O)CC4)C,0.0,unreported_twosides_sampled,4.2483545e-18,0.0919921710556056,0.0919921710556056,fitted,platt_logistic_regression,0.48023811648639086,0
CC1=CC2=C(NC3=CC=CC=C3N=C2S1)N4CCN(CC4)C,CCCC(CCC)C(=O)O,1.0,reported_twosides,4.2483545e-18,0.0919921710556056,0.0919921710556056,fitted,platt_logistic_regression,0.48023811648639086,0
C1CCC(CC1)C(CCN2CCCCC2)(C3=CC=CC=C3)O,CC(CC1=CC=CC=C1)N(C)CC#C,1.0,reported_twosides,1.578171e-11,0.0919921710556056,0.0919921710556056,fitted,platt_logistic_regression,0.48023811648639086,0
CC1(OC2CC3C4CCC5=CC(=O)C=CC5(C4C(CC3(C2(O1)C(=O)CO)C)O)C)C,CC1CCC2CC(C(=CC=CC=CC(CC(C(=O)C(C(C(=CC(C(=O)CC(OC(=O)C3CCCCN3C(=O)C(=O)C1(O2)O)C(C)CC4CCC(C(C4)OC)O)C)C)O)OC)C)C)C)OC,0.0,unreported_twosides_sampled,3.5409276e-08,0.0919921710556056,0.0919921710556056,fitted,platt_logistic_regression,0.48023811648639086,0
C1C2=C(C=CC(=C2Cl)Cl)NC3=NC(=O)CN31,CC1=CC2=C(C=C1C)N(C=N2)C3C(C(C(O3)CO)OP(=O)([O-])OC(C)CNC(=O)CCC4(C(C5C6(C(C(C(=N6)C(=C7C(C(C(=N7)C=C8C(C(C(=N8)C(=C4[N-]5)C)CCC(=O)N)(C)C)CCC(=O)N)(C)CC(=O)N)C)CCC(=O)N)(C)CC(=O)N)C)CC(=O)N)C)O.O.[Co],0.0,unreported_twosides_sampled,6.9138916e-15,0.0919921710556056,0.0919921710556056,fitted,platt_logistic_regression,0.48023811648639086,0
CN(C)C(=N)N=C(N)N,CN(C)CCC=C1C2=CC=CC=C2COC3=C1C=C(C=C3)CC(=O)O,1.0,reported_twosides,1.0,0.891810177985089,0.891810177985089,fitted,platt_logistic_regression,0.48023811648639086,1
CC1=CC2=C(C=C1C(=C)C3=CC=C(C=C3)C(=O)O)C(CCC2(C)C)(C)C,CCOC1=NC2=CC=CC(=C2N1CC3=CC=C(C=C3)C4=CC=CC=C4C5=NNN=N5)C(=O)O,0.0,unreported_twosides_sampled,1.0,0.891810177985089,0.891810177985089,fitted,platt_logistic_regression,0.48023811648639086,1
CC1NC2=CC(=C(C=C2C(=O)N1C3=CC=CC=C3C)S(=O)(=O)N)Cl,CCCC(CCC)C(=O)O,1.0,reported_twosides,0.0061272425,0.2889992239439088,0.2889992239439088,fitted,platt_logistic_regression,0.48023811648639086,0
CC(=O)N(CC(CO)O)C1=C(C(=C(C(=C1I)C(=O)NCC(CO)O)I)C(=O)NCC(CO)O)I,CC1=CC(=CC=C1)CN2CCN(CC2)C(C3=CC=CC=C3)C4=CC=C(C=C4)Cl,0.0,unreported_twosides_sampled,4.2483545e-18,0.0919921710556056,0.0919921710556056,fitted,platt_logistic_regression,0.48023811648639086,0
CC1=C(C(=CC=C1)NC2=CC=CC=C2C(=O)O)C,CC1=C(N=CN1)CSCCNC(=NC)NC#N,1.0,reported_twosides,1.0,0.891810177985089,0.891810177985089,fitted,platt_logistic_regression,0.48023811648639086,1
C(=O)([O-])[O-].C(=O)([O-])[O-].C(=O)([O-])[O-].O.[La+3].[La+3],C1CN=C(N1)NC2=C(C3=NC=CN=C3C=C2)Br,0.0,unreported_twosides_sampled,1.0943253e-14,0.0919921710556056,0.0919921710556056,fitted,platt_logistic_regression,0.48023811648639086,0
CC1=C(C(=CC=C1)NC2=CC=CC=C2C(=O)O)C,CC1COC2=C3N1C=C(C(=O)C3=CC(=C2N4CCN(CC4)C)F)C(=O)O,1.0,reported_twosides,4.2483545e-18,0.0919921710556056,0.0919921710556056,fitted,platt_logistic_regression,0.48023811648639086,0
CC(CCC(=O)O)C1CCC2C1(CCC3C2C(CC4C3(CCC(C4)O)C)O)C,CCCCCC(CCC1C(CC2C1CC3=C(C2)C(=CC=C3)OCC(=O)O)O)O,0.0,unreported_twosides_sampled,4.2483545e-18,0.0919921710556056,0.0919921710556056,fitted,platt_logistic_regression,0.48023811648639086,0
C1=CC(=C(C=C1Cl)Cl)C(CN2C=CN=C2)OCC3=C(SC=C3)Cl,CCCCCC(CCC1C(CC2C1CC3=C(C2)C(=CC=C3)OCC(=O)O)O)O,0.0,unreported_twosides_sampled,4.2483545e-18,0.0919921710556056,0.0919921710556056,fitted,platt_logistic_regression,0.48023811648639086,0
C1CN2C(=CC=C2C(=O)C3=CC=CC=C3)C1C(=O)O,CCC1=C(C(=NC(=N1)N)N)C2=CC=C(C=C2)Cl,0.0,unreported_twosides_sampled,1.0,0.891810177985089,0.891810177985089,fitted,platt_logistic_regression,0.48023811648639086,1
CC12CC(=O)C3C(C1CCC2(C(=O)CO)O)CCC4=CC(=O)C=CC34C,CC1=NC=C(N1CCO)[N+](=O)[O-],1.0,reported_twosides,1.0,0.891810177985089,0.891810177985089,fitted,platt_logistic_regression,0.48023811648639086,1
CCC(=O)OC(C(C)C)OP(=O)(CCCCC1=CC=CC=C1)CC(=O)N2CC(CC2C(=O)[O-])C3CCCCC3,CN1CCC2=C3C1CC4=C(C3=CC=C2)C(=C(C=C4)O)O,0.0,unreported_twosides_sampled,4.002294e-11,0.0919921710556056,0.0919921710556056,fitted,platt_logistic_regression,0.48023811648639086,0
CC1=C2C(=NC=C1)N(C3=C(C=CC=N3)C(=O)N2)C4CC4,CCCCC(C)(CC=CC1C(CC(=O)C1CCCCCCC(=O)OC)O)O,0.0,unreported_twosides_sampled,1.0,0.891810177985089,0.891810177985089,fitted,platt_logistic_regression,0.48023811648639086,1
CC(CC1=CC=CC=C1)N(C)CC#C,CC1=CC(=CC=C1)NC2=C(C=NC=C2)S(=O)(=O)NC(=O)NC(C)C,1.0,reported_twosides,4.2483545e-18,0.0919921710556056,0.0919921710556056,fitted,platt_logistic_regression,0.48023811648639086,0
CCC1(CC(=O)NC1=O)C,CCCCCC(CCC1C(CC2C1CC3=C(C2)C(=CC=C3)OCC(=O)O)O)O,0.0,unreported_twosides_sampled,4.2483545e-18,0.0919921710556056,0.0919921710556056,fitted,platt_logistic_regression,0.48023811648639086,0
CCC(=C)C(=O)C1=C(C(=C(C=C1)OCC(=O)O)Cl)Cl,CCCCCCCCCCCC(CC1C(C(=O)O1)CCCCCC)OC(=O)C(CC(C)C)NC=O,0.0,unreported_twosides_sampled,4.2483545e-18,0.0919921710556056,0.0919921710556056,fitted,platt_logistic_regression,0.48023811648639086,0
CCC(C)C1C(CCC2(O1)CC3CC(O2)CC=C(C(C(C=CC=C4COC5C4(C(C=C(C5O)C)C(=O)O3)O)C)OC6CC(C(C(O6)C)OC7CC(C(C(O7)C)O)OC)OC)C)C.CC1CCC2(CC3CC(O2)CC=C(C(C(C=CC=C4COC5C4(C(C=C(C5O)C)C(=O)O3)O)C)OC6CC(C(C(O6)C)OC7CC(C(C(O7)C)O)OC)OC)C)OC1C(C)C,CCN(CC)CC(=O)NC1=C(C=CC=C1C)C,0.0,unreported_twosides_sampled,4.2483545e-18,0.0919921710556056,0.0919921710556056,fitted,platt_logistic_regression,0.48023811648639086,0
CC(C)(C)C1=CC=C(C=C1)S(=O)(=O)NC2=C(C(=NC(=N2)C3=NC=CC=N3)OCCO)OC4=CC=CC=C4OC,CS(=O)(=O)C1=CC=C(C=C1)C2=C(C(=O)OC2)C3=CC=CC=C3,1.0,reported_twosides,8.486566e-16,0.0919921710556056,0.0919921710556056,fitted,platt_logistic_regression,0.48023811648639086,0
CC1=C(C(CCC1)(C)C)C=CC(=CC=CC(=CCO)C)C,CN1CCN(CC1)CCCN2C3=CC=CC=C3SC4=C2C=C(C=C4)Cl,0.0,unreported_twosides_sampled,0.000829826,0.22804452284188917,0.22804452284188917,fitted,platt_logistic_regression,0.48023811648639086,0
CC1=CC(=CC=C1)NC2=C(C=NC=C2)S(=O)(=O)NC(=O)NC(C)C,CCOC1=CC=CC=C1OCCNC(C)CC2=CC(=C(C=C2)OC)S(=O)(=O)N,1.0,reported_twosides,4.2483545e-18,0.0919921710556056,0.0919921710556056,fitted,platt_logistic_regression,0.48023811648639086,0
CCN(CC)CC(=O)NC1=C(C=CC=C1C)C,CCP(CC)CC.CC(=O)OCC1C(C(C(C(O1)[S-])OC(=O)C)OC(=O)C)OC(=O)C.[Au+],1.0,reported_twosides,4.2483545e-18,0.0919921710556056,0.0919921710556056,fitted,platt_logistic_regression,0.48023811648639086,0
CC1=NN=C(S1)SCC2=C(N3C(C(C3=O)NC(=O)CN4C=NN=N4)SC2)C(=O)[O-],CC1COC2=C3N1C=C(C(=O)C3=CC(=C2N4CCN(CC4)C)F)C(=O)O,1.0,reported_twosides,1.0,0.891810177985089,0.891810177985089,fitted,platt_logistic_regression,0.48023811648639086,1
CCN(CC)CC(=O)NC1=C(C=CC=C1C)C,CCN(CC)CCOC(=O)C1(CCCCC1)C2CCCCC2,1.0,reported_twosides,4.2483545e-18,0.0919921710556056,0.0919921710556056,fitted,platt_logistic_regression,0.48023811648639086,0
CC(C)C(CC1=CC(=C(C=C1)OC)OCCCOC)CC(C(CC(C(C)C)C(=O)NCC(C)(C)C(=O)N)O)N,CC1=CC2C(CCC3(C2CCC3(C(=O)C)O)C)C4(C1=CC(=O)CC4)C,0.0,unreported_twosides_sampled,4.2483545e-18,0.0919921710556056,0.0919921710556056,fitted,platt_logistic_regression,0.48023811648639086,0
CC12CC(C3(C(C1CC(C2(C(=O)CO)O)O)CCC4=CC(=O)C=CC43C)F)O,CCOC1=NC2=CC=CC(=C2N1CC3=CC=C(C=C3)C4=CC=CC=C4C5=NNN=N5)C(=O)O,1.0,reported_twosides,0.9999095,0.8009314579393653,0.8009314579393653,fitted,platt_logistic_regression,0.48023811648639086,1
CC(C)C1=NC(=CS1)CN(C)C(=O)NC(C(C)C)C(=O)NC(CC2=CC=CC=C2)CC(C(CC3=CC=CC=C3)NC(=O)OCC4=CN=CS4)O,CCCCCC(C=CC1C(CC(=O)C1CCCCCCC(=O)O)O)O,1.0,reported_twosides,4.2483545e-18,0.0919921710556056,0.0919921710556056,fitted,platt_logistic_regression,0.48023811648639086,0
CC1=CC(=CC=C1)CN2CCN(CC2)C(C3=CC=CC=C3)C4=CC=C(C=C4)Cl,CC1COC2=C3N1C=C(C(=O)C3=CC(=C2N4CCN(CC4)C)F)C(=O)O,1.0,reported_twosides,3.2889385e-08,0.0919921710556056,0.0919921710556056,fitted,platt_logistic_regression,0.48023811648639086,0
CC(=O)SC1CC2=CC(=O)CCC2(C3C1C4CCC5(C4(CC3)C)CCC(=O)O5)C,CN(C)CCC=C1C2=CC=CC=C2C=CC3=CC=CC=C31,1.0,reported_twosides,1.0,0.891810177985089,0.891810177985089,fitted,platt_logistic_regression,0.48023811648639086,1
CC(C)C1=NC(=CS1)CN(C)C(=O)NC(C(C)C)C(=O)NC(CC2=CC=CC=C2)CC(C(CC3=CC=CC=C3)NC(=O)OCC4=CN=CS4)O,CNS(=O)(=O)CCC1=CC2=C(C=C1)NC=C2C3CCN(CC3)C,0.0,unreported_twosides_sampled,1.6305651e-10,0.0919921710556056,0.0919921710556056,fitted,platt_logistic_regression,0.48023811648639086,0
C(OC(C(F)(F)F)C(F)(F)F)F,CC12CCC3C(C1CCC2(C#C)O)CCC4=CC(=O)CCC34,0.0,unreported_twosides_sampled,4.2483545e-18,0.0919921710556056,0.0919921710556056,fitted,platt_logistic_regression,0.48023811648639086,0
CCCC1=NN(C2=C1NC(=NC2=O)C3=C(C=CC(=C3)S(=O)(=O)N4CCN(CC4)C)OCC)C,CCCN(CCC)S(=O)(=O)C1=CC=C(C=C1)C(=O)O,1.0,reported_twosides,5.7864937e-17,0.0919921710556056,0.0919921710556056,fitted,platt_logistic_regression,0.48023811648639086,0
CC1(OC2CC3C4CC(C5=CC(=O)C=CC5(C4C(CC3(C2(O1)C(=O)CO)C)O)C)F)C,CCC1(CC(=O)NC1=O)C,0.0,unreported_twosides_sampled,4.2483545e-18,0.0919921710556056,0.0919921710556056,fitted,platt_logistic_regression,0.48023811648639086,0
CCCCC1=C(C2=CC=CC=C2O1)C(=O)C3=CC(=C(C(=C3)I)OCC[NH+](CC)CC)I,CN(C)C(=N)N=C(N)N,1.0,reported_twosides,4.2483545e-18,0.0919921710556056,0.0919921710556056,fitted,platt_logistic_regression,0.48023811648639086,0
C(N)(N)(Cl)Cl,CC(CCC(=O)O)C1CCC2C1(CCC3C2C(CC4C3(CCC(C4)O)C)O)C,1.0,reported_twosides,4.2483545e-18,0.0919921710556056,0.0919921710556056,fitted,platt_logistic_regression,0.48023811648639086,0
CC12CC(=O)C3C(C1CCC2(C(=O)CO)O)CCC4=CC(=O)C=CC34C,CCCC1=NN(C2=C1NC(=NC2=O)C3=C(C=CC(=C3)S(=O)(=O)N4CCN(CC4)C)OCC)C,1.0,reported_twosides,4.2724713e-11,0.0919921710556056,0.0919921710556056,fitted,platt_logistic_regression,0.48023811648639086,0
CN1CCC2=C3C1CC4=C(C3=CC=C2)C(=C(C=C4)O)O,COC1=C(C=C2C(=C1)CC(C2=O)CC3CCN(CC3)CC4=CC=CC=C4)OC,0.0,unreported_twosides_sampled,4.2483545e-18,0.0919921710556056,0.0919921710556056,fitted,platt_logistic_regression,0.48023811648639086,0
CCCC1=NN(C2=C1NC(=NC2=O)C3=C(C=CC(=C3)S(=O)(=O)N4CCN(CC4)C)OCC)C,CCCCCC(CCC1C(CC2C1CC3=C(C2)C(=CC=C3)OCC(=O)O)O)O,1.0,reported_twosides,4.2483545e-18,0.0919921710556056,0.0919921710556056,fitted,platt_logistic_regression,0.48023811648639086,0
CN(C)CCC1=CNC2=C1C=C(C=C2)CC3COC(=O)N3,CN1CCN(CC1)CCCN2C3=CC=CC=C3SC4=C2C=C(C=C4)Cl,1.0,reported_twosides,1.1098775e-08,0.0919921710556056,0.0919921710556056,fitted,platt_logistic_regression,0.48023811648639086,0
CC1=CC2=C(NC3=CC=CC=C3N=C2S1)N4CCN(CC4)C,CC1=NN=C(S1)SCC2=C(N3C(C(C3=O)NC(=O)CN4C=NN=N4)SC2)C(=O)[O-],1.0,reported_twosides,0.9999989,0.890724808994634,0.890724808994634,fitted,platt_logistic_regression,0.48023811648639086,1
CC12CC(=O)C3C(C1CCC2(C(=O)CO)O)CCC4=CC(=O)C=CC34C,CS(=O)(=O)C1=CC=C(C=C1)C2=C(C(=O)OC2)C3=CC=CC=C3,1.0,reported_twosides,1.0,0.891810177985089,0.891810177985089,fitted,platt_logistic_regression,0.48023811648639086,1
CC1=C2C(=NC=C1)N(C3=C(C=CC=N3)C(=O)N2)C4CC4,CN(C)CCC1=CNC2=C1C=C(C=C2)CC3COC(=O)N3,0.0,unreported_twosides_sampled,1.0,0.891810177985089,0.891810177985089,fitted,platt_logistic_regression,0.48023811648639086,1
CC1NC2=CC(=C(C=C2C(=O)N1C3=CC=CC=C3C)S(=O)(=O)N)Cl,CCCCC1=C(C2=CC=CC=C2O1)C(=O)C3=CC(=C(C(=C3)I)OCC[NH+](CC)CC)I,1.0,reported_twosides,4.2483545e-18,0.0919921710556056,0.0919921710556056,fitted,platt_logistic_regression,0.48023811648639086,0
CCC(=C)C(=O)C1=C(C(=C(C=C1)OCC(=O)O)Cl)Cl,CCN(CCCC(C)NC1=C2C=CC(=CC2=NC=C1)Cl)CCO,0.0,unreported_twosides_sampled,4.2483545e-18,0.0919921710556056,0.0919921710556056,fitted,platt_logistic_regression,0.48023811648639086,0
C1=CC=C2C(=C1)C(=O)NC2(C3=CC(=C(C=C3)Cl)S(=O)(=O)N)O,CC1CC2C(CCC3(C2CCC3(C(=O)C)O)C)C4(C1=CC(=O)CC4)C,0.0,unreported_twosides_sampled,1.6737295e-12,0.0919921710556056,0.0919921710556056,fitted,platt_logistic_regression,0.48023811648639086,0
CN(C)CCCN1C2=CC=CC=C2CCC3=CC=CC=C31,CN1CC(=O)N2C(C1=O)CC3=C(C2C4=CC5=C(C=C4)OCO5)NC6=CC=CC=C36,0.0,unreported_twosides_sampled,0.9540228,0.5969313687717791,0.5969313687717791,fitted,platt_logistic_regression,0.48023811648639086,1
CC(C)(C)NCC(COC1=NSN=C1N2CCOCC2)O,CC1CCC2CC(C(=CC=CC=CC(CC(C(=O)C(C(C(=CC(C(=O)CC(OC(=O)C3CCCCN3C(=O)C(=O)C1(O2)O)C(C)CC4CCC(C(C4)OC)O)C)C)O)OC)C)C)C)OC,0.0,unreported_twosides_sampled,4.2483545e-18,0.0919921710556056,0.0919921710556056,fitted,platt_logistic_regression,0.48023811648639086,0
CC12CCC3C(C1CCC2(C#C)O)CCC4=CC(=O)CCC34,CC1C=CC=CCCC=CC=CC=CC=CC(CC(C(C(CC(=O)CC(C(CCC(CC(CC(CC(=O)OC(C(C1O)C)C)O)O)O)O)O)O)C(=O)O)O)OC2C(C(C(C(O2)C)O)N)O,1.0,reported_twosides,1.726921e-13,0.0919921710556056,0.0919921710556056,fitted,platt_logistic_regression,0.48023811648639086,0
CCCNC1CCC2=C(C1)SC(=N2)N,CN1CCN(CC1)CCCN2C3=CC=CC=C3SC4=C2C=C(C=C4)Cl,1.0,reported_twosides,4.2483545e-18,0.0919921710556056,0.0919921710556056,fitted,platt_logistic_regression,0.48023811648639086,0
C1CN=C(N1)NC2=C(C3=NC=CN=C3C=C2)Br,CCCCCCCCCCCC(CC1C(C(=O)O1)CCCCCC)OC(=O)C(CC(C)C)NC=O,0.0,unreported_twosides_sampled,4.2483545e-18,0.0919921710556056,0.0919921710556056,fitted,platt_logistic_regression,0.48023811648639086,0
C1=CC=C(C=C1)C(C2=CC=CC=C2)(C3=CC=CC=C3Cl)N4C=CN=C4,CCCN(CCC)S(=O)(=O)C1=CC=C(C=C1)C(=O)O,0.0,unreported_twosides_sampled,1.0,0.891810177985089,0.891810177985089,fitted,platt_logistic_regression,0.48023811648639086,1
C1=CC=C(C=C1)CCNN,CCCN(CCC)S(=O)(=O)C1=CC=C(C=C1)C(=O)O,0.0,unreported_twosides_sampled,2.0290862e-09,0.0919921710556056,0.0919921710556056,fitted,platt_logistic_regression,0.48023811648639086,0
CCC(CC)OC1C=C(CC(C1NC(=O)C)N)C(=O)OCC,CCCN(CCC)S(=O)(=O)C1=CC=C(C=C1)C(=O)O,0.0,unreported_twosides_sampled,4.8172497e-18,0.0919921710556056,0.0919921710556056,fitted,platt_logistic_regression,0.48023811648639086,0
CC12CC(C3(C(C1CC(C2(C(=O)CO)O)O)CCC4=CC(=O)C=CC43C)F)O,CC1=C(C(=CC=C1)NC2=CC=CC=C2C(=O)O)C,0.0,unreported_twosides_sampled,4.2483545e-18,0.0919921710556056,0.0919921710556056,fitted,platt_logistic_regression,0.48023811648639086,0
C(C(CO[N+](=O)[O-])O[N+](=O)[O-])O[N+](=O)[O-],CC1NC2=CC(=C(C=C2C(=O)N1C3=CC=CC=C3C)S(=O)(=O)N)Cl,1.0,reported_twosides,1.0,0.891810177985089,0.891810177985089,fitted,platt_logistic_regression,0.48023811648639086,1
CC(C)C1=NC(=CS1)CN(C)C(=O)NC(C(C)C)C(=O)NC(CC2=CC=CC=C2)CC(C(CC3=CC=CC=C3)NC(=O)OCC4=CN=CS4)O,CCCN(CCC)S(=O)(=O)C1=CC=C(C=C1)C(=O)O,1.0,reported_twosides,4.4770215e-05,0.15652308633318218,0.15652308633318218,fitted,platt_logistic_regression,0.48023811648639086,0
CC1=C(C(CCC1)(C)C)C=CC(=CC=CC(=CCO)C)C,CN(C)CCCN1C2=CC=CC=C2CCC3=CC=CC=C31,0.0,unreported_twosides_sampled,0.060883198,0.3715283225646655,0.3715283225646655,fitted,platt_logistic_regression,0.48023811648639086,0
C1CC(=O)NC(=O)C1N2C(=O)C3=CC=CC=C3C2=O,CC(C(=O)C1=CC(=CC=C1)Cl)NC(C)(C)C,1.0,reported_twosides,4.2483545e-18,0.0919921710556056,0.0919921710556056,fitted,platt_logistic_regression,0.48023811648639086,0
C(C(CO[N+](=O)[O-])O[N+](=O)[O-])O[N+](=O)[O-],CCOC1=CC=CC=C1OCCNC(C)CC2=CC(=C(C=C2)OC)S(=O)(=O)N,1.0,reported_twosides,1.7741559e-14,0.0919921710556056,0.0919921710556056,fitted,platt_logistic_regression,0.48023811648639086,0
CC(C)(C)C1=CC=C(C=C1)S(=O)(=O)NC2=C(C(=NC(=N2)C3=NC=CC=N3)OCCO)OC4=CC=CC=C4OC,CCOC1=NC2=CC=CC(=C2N1CC3=CC=C(C=C3)C4=CC=CC=C4C5=NNN=N5)C(=O)O,1.0,reported_twosides,0.9985455,0.7210672088983652,0.7210672088983652,fitted,platt_logistic_regression,0.48023811648639086,1
C(N)(N)(Cl)Cl,C1=CN(C(=O)N=C1N)C2C(C(C(O2)CO)O)O,1.0,reported_twosides,7.8518836e-14,0.0919921710556056,0.0919921710556056,fitted,platt_logistic_regression,0.48023811648639086,0
CC(=O)N(CC(CO)O)C1=C(C(=C(C(=C1I)C(=O)NCC(CO)O)I)C(=O)NCC(CO)O)I,CC1COC2=C3N1C=C(C(=O)C3=CC(=C2N4CCN(CC4)C)F)C(=O)O,1.0,reported_twosides,4.2483545e-18,0.0919921710556056,0.0919921710556056,fitted,platt_logistic_regression,0.48023811648639086,0
CCC1=C(C(=NC(=N1)N)N)C2=CC=C(C=C2)Cl,CCCNC(=O)NS(=O)(=O)C1=CC=C(C=C1)Cl,0.0,unreported_twosides_sampled,0.000767699,0.22586920903351249,0.22586920903351249,fitted,platt_logistic_regression,0.48023811648639086,0
CC1(C(N2C(S1)C(C2=O)NC(=O)CC3=CC=CC=C3)C(=O)O)C,CCCNC1CCC2=C(C1)SC(=N2)N,0.0,unreported_twosides_sampled,4.2483545e-18,0.0919921710556056,0.0919921710556056,fitted,platt_logistic_regression,0.48023811648639086,0
CC(C(=O)C1=CC(=CC=C1)Cl)NC(C)(C)C,CN(C)CCC1=CNC2=C1C=C(C=C2)CC3COC(=O)N3,1.0,reported_twosides,8.607531e-15,0.0919921710556056,0.0919921710556056,fitted,platt_logistic_regression,0.48023811648639086,0
CN(C)CCC1=CNC2=C1C=C(C=C2)CC3COC(=O)N3,CN1CC(=O)N2C(C1=O)CC3=C(C2C4=CC5=C(C=C4)OCO5)NC6=CC=CC=C36,0.0,unreported_twosides_sampled,0.9999995,0.891810177985089,0.891810177985089,fitted,platt_logistic_regression,0.48023811648639086,1
CC(=O)N(CCCCCNC(=O)CCC(=O)N(CCCCCNC(=O)CCC(=O)N(CCCCCN)O)O)O,CC(=O)SC1CC2=CC(=O)CCC2(C3C1C4CCC5(C4(CC3)C)CCC(=O)O5)C,0.0,unreported_twosides_sampled,1.0,0.891810177985089,0.891810177985089,fitted,platt_logistic_regression,0.48023811648639086,1
CC(=O)SC1CC2=CC(=O)CCC2(C3C1C4CCC5(C4(CC3)C)CCC(=O)O5)C,CC(C)C(CC1=CC(=C(C=C1)OC)OCCCOC)CC(C(CC(C(C)C)C(=O)NCC(C)(C)C(=O)N)O)N,1.0,reported_twosides,0.93508655,0.5828765471061556,0.5828765471061556,fitted,platt_logistic_regression,0.48023811648639086,1
CC12CC(=O)C3C(C1CCC2(C(=O)CO)O)CCC4=CC(=O)C=CC34C,CN(C)C(=N)N=C(N)N,1.0,reported_twosides,0.4453608,0.4687841640447897,0.4687841640447897,fitted,platt_logistic_regression,0.48023811648639086,0
CC1=C(C(=CC=C1)NC2=CC=CC=C2C(=O)O)C,CCCC(CCC)C(=O)O,0.0,unreported_twosides_sampled,4.2483545e-18,0.0919921710556056,0.0919921710556056,fitted,platt_logistic_regression,0.48023811648639086,0
C1CN(CCN1CCC2=C(C=C3C(=C2)CC(=O)N3)Cl)C4=NSC5=CC=CC=C54,CC(CC1=CC=CC=C1)N(C)CC#C,1.0,reported_twosides,1.0,0.891810177985089,0.891810177985089,fitted,platt_logistic_regression,0.48023811648639086,1
CC1=NC=C(N1CCO)[N+](=O)[O-],CN1CCN(CC1)CCCN2C3=CC=CC=C3SC4=C2C=C(C=C4)Cl,1.0,reported_twosides,0.18203638,0.41840837730325336,0.41840837730325336,fitted,platt_logistic_regression,0.48023811648639086,0
C1=CN(C(=O)N=C1N)C2C(C(C(O2)CO)O)O,CC(CCC(=O)O)C1CCC2C1(CCC3C2C(CC4C3(CCC(C4)O)C)O)C,1.0,reported_twosides,4.2483545e-18,0.0919921710556056,0.0919921710556056,fitted,platt_logistic_regression,0.48023811648639086,0
CC1=C(N=CN1)CSCCNC(=NC)NC#N,CCOC1=CC=CC=C1OCCNC(C)CC2=CC(=C(C=C2)OC)S(=O)(=O)N,1.0,reported_twosides,1.0,0.891810177985089,0.891810177985089,fitted,platt_logistic_regression,0.48023811648639086,1
CC(C)(C)NCC(C1=NC(=C(C=C1)O)CO)O,CCCC(CCC)C(=O)O,1.0,reported_twosides,4.2483545e-18,0.0919921710556056,0.0919921710556056,fitted,platt_logistic_regression,0.48023811648639086,0
CC1(OC2CC3C4CCC5=CC(=O)C=CC5(C4C(CC3(C2(O1)C(=O)CO)C)O)C)C,CCCNC1CCC2=C(C1)SC(=N2)N,0.0,unreported_twosides_sampled,4.2483545e-18,0.0919921710556056,0.0919921710556056,fitted,platt_logistic_regression,0.48023811648639086,0
CCCCCC(CCC1C(CC2C1CC3=C(C2)C(=CC=C3)OCC(=O)O)O)O,CCOC1=CC=CC=C1OCCNC(C)CC2=CC(=C(C=C2)OC)S(=O)(=O)N,0.0,unreported_twosides_sampled,4.2483545e-18,0.0919921710556056,0.0919921710556056,fitted,platt_logistic_regression,0.48023811648639086,0
C(C(CO[N+](=O)[O-])O[N+](=O)[O-])O[N+](=O)[O-],C1CC(C1)(C(=O)O)C(=O)O.N.N.[Pt],1.0,reported_twosides,8.1553597e-10,0.0919921710556056,0.0919921710556056,fitted,platt_logistic_regression,0.48023811648639086,0
CCCC1=NN(C2=C1NC(=NC2=O)C3=C(C=CC(=C3)S(=O)(=O)N4CCN(CC4)C)OCC)C,CN1C=NC(=C1SC2=NC=NC3=C2NC=N3)[N+](=O)[O-],1.0,reported_twosides,4.2483545e-18,0.0919921710556056,0.0919921710556056,fitted,platt_logistic_regression,0.48023811648639086,0
C1=CN(C(=O)N=C1N)C2C(C(C(O2)CO)O)O,CCCC1=NN(C2=C1NC(=NC2=O)C3=C(C=CC(=C3)S(=O)(=O)N4CCN(CC4)C)OCC)C,1.0,reported_twosides,5.7440663e-18,0.0919921710556056,0.0919921710556056,fitted,platt_logistic_regression,0.48023811648639086,0
C1CC(C1)(C(=O)O)C(=O)O.N.N.[Pt],CCC1=C2C(=CC=C1)C3=C(N2)C(OCC3)(CC)CC(=O)O,1.0,reported_twosides,4.2483545e-18,0.0919921710556056,0.0919921710556056,fitted,platt_logistic_regression,0.48023811648639086,0
CC(C)(C)NCC(C1=NC(=C(C=C1)O)CO)O,CC1=C(N=CN1)CSCCNC(=NC)NC#N,0.0,unreported_twosides_sampled,1.0,0.891810177985089,0.891810177985089,fitted,platt_logistic_regression,0.48023811648639086,1
CC1=CC(=CC=C1)NC2=C(C=NC=C2)S(=O)(=O)NC(=O)NC(C)C,CN(C)C(=N)N=C(N)N,1.0,reported_twosides,4.2483545e-18,0.0919921710556056,0.0919921710556056,fitted,platt_logistic_regression,0.48023811648639086,0
CCCC(CCC)C(=O)O,CN(C)CCCN1C2=CC=CC=C2CCC3=CC=CC=C31,1.0,reported_twosides,4.2483545e-18,0.0919921710556056,0.0919921710556056,fitted,platt_logistic_regression,0.48023811648639086,0
CCC1=C2C(=CC=C1)C3=C(N2)C(OCC3)(CC)CC(=O)O,COC1=C(C=C2C(=C1)CC(C2=O)CC3CCN(CC3)CC4=CC=CC=C4)OC,1.0,reported_twosides,4.2483545e-18,0.0919921710556056,0.0919921710556056,fitted,platt_logistic_regression,0.48023811648639086,0
CC(C)(C)NCC(C1=CC(=C(C=C1)O)CO)O,CC1(C(N2C(S1)C(C2=O)NC(=O)CC3=CC=CC=C3)C(=O)O)C,1.0,reported_twosides,0.7662245,0.5247046789128191,0.5247046789128191,fitted,platt_logistic_regression,0.48023811648639086,1
CC1CCC2CC(C(=CC=CC=CC(CC(C(=O)C(C(C(=CC(C(=O)CC(OC(=O)C3CCCCN3C(=O)C(=O)C1(O2)O)C(C)CC4CCC(C(C4)OC)O)C)C)O)OC)C)C)C)OC,CCCCN1CCCCC1C(=O)NC2=C(C=CC=C2C)C,0.0,unreported_twosides_sampled,4.2483545e-18,0.0919921710556056,0.0919921710556056,fitted,platt_logistic_regression,0.48023811648639086,0
CC(C)(C)NCC(COC1=NSN=C1N2CCOCC2)O,CN1CCN(CC1)CCCN2C3=CC=CC=C3SC4=C2C=C(C=C4)Cl,1.0,reported_twosides,4.2483545e-18,0.0919921710556056,0.0919921710556056,fitted,platt_logistic_regression,0.48023811648639086,0
CC(C)(CC1=CC=CC=C1)N,CC1COC2=C3N1C=C(C(=O)C3=CC(=C2N4CCN(CC4)C)F)C(=O)O,1.0,reported_twosides,0.9942871,0.6750857978083874,0.6750857978083874,fitted,platt_logistic_regression,0.48023811648639086,1
CC(=O)N(CC(CO)O)C1=C(C(=C(C(=C1I)C(=O)NCC(CO)O)I)C(=O)NCC(CO)O)I,CS(=O)(=O)C1=CC=C(C=C1)C2=C(C(=O)OC2)C3=CC=CC=C3,0.0,unreported_twosides_sampled,4.2483545e-18,0.0919921710556056,0.0919921710556056,fitted,platt_logistic_regression,0.48023811648639086,0
CC(CC1=CC=CC=C1)N(C)CC#C,CC1=C(C(=CC=C1)NC2=CC=CC=C2C(=O)O)C,0.0,unreported_twosides_sampled,4.2483545e-18,0.0919921710556056,0.0919921710556056,fitted,platt_logistic_regression,0.48023811648639086,0
C1=CC=C(C=C1)CCNN,CN1C=NC(=C1SC2=NC=NC3=C2NC=N3)[N+](=O)[O-],0.0,unreported_twosides_sampled,4.2259374e-17,0.0919921710556056,0.0919921710556056,fitted,platt_logistic_regression,0.48023811648639086,0
CCCCCC(C=CC1C(CC(=O)C1CCCCCCC(=O)O)O)O,CN1C=NC(=C1SC2=NC=NC3=C2NC=N3)[N+](=O)[O-],0.0,unreported_twosides_sampled,4.2483545e-18,0.0919921710556056,0.0919921710556056,fitted,platt_logistic_regression,0.48023811648639086,0
CC(C)C1=NC(=CS1)CN(C)C(=O)NC(C(C)C)C(=O)NC(CC2=CC=CC=C2)CC(C(CC3=CC=CC=C3)NC(=O)OCC4=CN=CS4)O,CCCC(=O)OC1(CCC2C1(CC(C3C2CCC4=CC(=O)CCC34C)O)C)C(=O)CO,0.0,unreported_twosides_sampled,0.8226686,0.538476060639264,0.538476060639264,fitted,platt_logistic_regression,0.48023811648639086,1
CC1(OC2CC3C4CCC5=CC(=O)C=CC5(C4C(CC3(C2(O1)C(=O)CO)C)O)C)C,CC12CC(C3(C(C1CC(C2(C(=O)CO)O)O)CCC4=CC(=O)C=CC43C)F)O,1.0,reported_twosides,5.820689e-09,0.0919921710556056,0.0919921710556056,fitted,platt_logistic_regression,0.48023811648639086,0
CCCCCCCCCCCC(CC1C(C(=O)O1)CCCCCC)OC(=O)C(CC(C)C)NC=O,CCOC1=NC2=CC=CC(=C2N1CC3=CC=C(C=C3)C4=CC=CC=C4C5=NNN=N5)C(=O)O,1.0,reported_twosides,4.2483545e-18,0.0919921710556056,0.0919921710556056,fitted,platt_logistic_regression,0.48023811648639086,0
CC1CC2C(CCC3(C2CCC3(C(=O)C)O)C)C4(C1=CC(=O)CC4)C,CCC1=C2C(=CC=C1)C3=C(N2)C(OCC3)(CC)CC(=O)O,1.0,reported_twosides,4.2483545e-18,0.0919921710556056,0.0919921710556056,fitted,platt_logistic_regression,0.48023811648639086,0
CC1(OC2CC3C4CCC5=CC(=O)C=CC5(C4C(CC3(C2(O1)C(=O)CO)C)O)C)C,CC1=CC(=CC=C1)NC2=C(C=NC=C2)S(=O)(=O)NC(=O)NC(C)C,0.0,unreported_twosides_sampled,4.2483545e-18,0.0919921710556056,0.0919921710556056,fitted,platt_logistic_regression,0.48023811648639086,0
CC1=C(C(=CC=C1)NC2=CC=CC=C2C(=O)O)C,CNS(=O)(=O)CCC1=CC2=C(C=C1)NC=C2C3CCN(CC3)C,0.0,unreported_twosides_sampled,4.2483545e-18,0.0919921710556056,0.0919921710556056,fitted,platt_logistic_regression,0.48023811648639086,0
C1=CC=C(C=C1)C(C2=CC=CC=C2)(C3=CC=CC=C3Cl)N4C=CN=C4,CC1(OC2CC3C4CC(C5=CC(=O)C=CC5(C4C(CC3(C2(O1)C(=O)CO)C)O)C)F)C,1.0,reported_twosides,0.96799076,0.6112713916030557,0.6112713916030557,fitted,platt_logistic_regression,0.48023811648639086,1
C1CN(CCN1CCC2=C(C=C3C(=C2)CC(=O)N3)Cl)C4=NSC5=CC=CC=C54,CN(C)C(=N)N=C(N)N,1.0,reported_twosides,1.0,0.891810177985089,0.891810177985089,fitted,platt_logistic_regression,0.48023811648639086,1
CCCC1=NN(C2=C1NC(=NC2=O)C3=C(C=CC(=C3)S(=O)(=O)N4CCN(CC4)C)OCC)C,CCCNC1CCC2=C(C1)SC(=N2)N,1.0,reported_twosides,4.2483545e-18,0.0919921710556056,0.0919921710556056,fitted,platt_logistic_regression,0.48023811648639086,0
CC(C)(C)NCC(COC1=NSN=C1N2CCOCC2)O,CCCCN1CCCCC1C(=O)NC2=C(C=CC=C2C)C,1.0,reported_twosides,4.2483545e-18,0.0919921710556056,0.0919921710556056,fitted,platt_logistic_regression,0.48023811648639086,0
CCC1(CC(=O)NC1=O)C,CN1CC(=O)N2C(C1=O)CC3=C(C2C4=CC5=C(C=C4)OCO5)NC6=CC=CC=C36,0.0,unreported_twosides_sampled,0.000103643084,0.1749875245902874,0.1749875245902874,fitted,platt_logistic_regression,0.48023811648639086,0
CC1=NN=C(S1)SCC2=C(N3C(C(C3=O)NC(=O)CN4C=NN=N4)SC2)C(=O)[O-],CCCNC1CCC2=C(C1)SC(=N2)N,0.0,unreported_twosides_sampled,4.2483545e-18,0.0919921710556056,0.0919921710556056,fitted,platt_logistic_regression,0.48023811648639086,0
CC1(OC2CC3C4CCC5=CC(=O)C=CC5(C4C(CC3(C2(O1)C(=O)CO)C)O)C)C,CC1=CC2=C(NC3=CC=CC=C3N=C2S1)N4CCN(CC4)C,1.0,reported_twosides,4.2483545e-18,0.0919921710556056,0.0919921710556056,fitted,platt_logistic_regression,0.48023811648639086,0
C(N)(N)(Cl)Cl,C1CC(C1)(C(=O)O)C(=O)O.N.N.[Pt],1.0,reported_twosides,4.2483545e-18,0.0919921710556056,0.0919921710556056,fitted,platt_logistic_regression,0.48023811648639086,0
CC(CC1=CC(=C(C=C1)O)O)(C(=O)O)N,CC1=C2C(=NC=C1)N(C3=C(C=CC=N3)C(=O)N2)C4CC4,1.0,reported_twosides,1.0,0.891810177985089,0.891810177985089,fitted,platt_logistic_regression,0.48023811648639086,1
C1CC(C1)(C(=O)O)C(=O)O.N.N.[Pt],CC(C(=O)C1=CC(=CC=C1)Cl)NC(C)(C)C,1.0,reported_twosides,4.2483545e-18,0.0919921710556056,0.0919921710556056,fitted,platt_logistic_regression,0.48023811648639086,0
CCCC1=NN(C2=C1NC(=NC2=O)C3=C(C=CC(=C3)S(=O)(=O)N4CCN(CC4)C)OCC)C,CCOC1=NC2=CC=CC(=C2N1CC3=CC=C(C=C3)C4=CC=CC=C4C5=NNN=N5)C(=O)O,1.0,reported_twosides,0.999959,0.8202615071247367,0.8202615071247367,fitted,platt_logistic_regression,0.48023811648639086,1
CN(C)CCC=C1C2=CC=CC=C2C=CC3=CC=CC=C31,CN(C)CCC=C1C2=CC=CC=C2COC3=C1C=C(C=C3)CC(=O)O,1.0,reported_twosides,1.0,0.891810177985089,0.891810177985089,fitted,platt_logistic_regression,0.48023811648639086,1
C1CC(=O)NC(=O)C1N2C(=O)C3=CC=CC=C3C2=O,CCC(CC)OC1C=C(CC(C1NC(=O)C)N)C(=O)OCC,1.0,reported_twosides,4.2483545e-18,0.0919921710556056,0.0919921710556056,fitted,platt_logistic_regression,0.48023811648639086,0
CCCN(CCC)S(=O)(=O)C1=CC=C(C=C1)C(=O)O,COC1=C(C=C2C(=C1)CC(C2=O)CC3CCN(CC3)CC4=CC=CC=C4)OC,0.0,unreported_twosides_sampled,4.2483545e-18,0.0919921710556056,0.0919921710556056,fitted,platt_logistic_regression,0.48023811648639086,0
C1CN(CCN1CCC2=C(C=C3C(=C2)CC(=O)N3)Cl)C4=NSC5=CC=CC=C54,CCN(CCCC(C)NC1=C2C=CC(=CC2=NC=C1)Cl)CCO,1.0,reported_twosides,7.465835e-07,0.0919921710556056,0.0919921710556056,fitted,platt_logistic_regression,0.48023811648639086,0
C1CCC(CC1)C(CCN2CCCCC2)(C3=CC=CC=C3)O,CCC1(CC(=O)NC1=O)C,0.0,unreported_twosides_sampled,4.2483545e-18,0.0919921710556056,0.0919921710556056,fitted,platt_logistic_regression,0.48023811648639086,0
CC(C(=O)C1=CC(=CC=C1)Cl)NC(C)(C)C,CC(CC1=CC=CC=C1)N(C)CC#C,1.0,reported_twosides,1.1043974e-16,0.0919921710556056,0.0919921710556056,fitted,platt_logistic_regression,0.48023811648639086,0
CC(=O)SC1CC2=CC(=O)CCC2(C3C1C4CCC5(C4(CC3)C)CCC(=O)O5)C,CN1C(=NC(=O)C(=N1)[O-])SCC2=C(N3C(C(C3=O)NC(=O)C(=NOC)C4=CSC(=N4)N)SC2)C(=O)[O-],1.0,reported_twosides,1.0,0.891810177985089,0.891810177985089,fitted,platt_logistic_regression,0.48023811648639086,1
CC(C)(CC1=CC=CC=C1)N,CN1C(=NC(=O)C(=N1)[O-])SCC2=C(N3C(C(C3=O)NC(=O)C(=NOC)C4=CSC(=N4)N)SC2)C(=O)[O-],0.0,unreported_twosides_sampled,1.0,0.891810177985089,0.891810177985089,fitted,platt_logistic_regression,0.48023811648639086,1
CCP(CC)CC.CC(=O)OCC1C(C(C(C(O1)[S-])OC(=O)C)OC(=O)C)OC(=O)C.[Au+],CN1C(=NC(=O)C(=N1)[O-])SCC2=C(N3C(C(C3=O)NC(=O)C(=NOC)C4=CSC(=N4)N)SC2)C(=O)[O-],0.0,unreported_twosides_sampled,1.0,0.891810177985089,0.891810177985089,fitted,platt_logistic_regression,0.48023811648639086,1
CC(=O)OC1C(CC2C1(CCC3C2CCC4C3(CC(C(C4)O)N5CCOCC5)C)C)[N+]6(CCCC6)CC=C,CN(C)CCC1=CNC2=C1C=C(C=C2)CC3COC(=O)N3,0.0,unreported_twosides_sampled,4.2483545e-18,0.0919921710556056,0.0919921710556056,fitted,platt_logistic_regression,0.48023811648639086,0
CC(=O)N(CC(CO)O)C1=C(C(=C(C(=C1I)C(=O)NCC(CO)O)I)C(=O)NCC(CO)O)I,CC(C)(C)NCC(C1=CC(=C(C=C1)O)CO)O,1.0,reported_twosides,4.2483545e-18,0.0919921710556056,0.0919921710556056,fitted,platt_logistic_regression,0.48023811648639086,0
CCC(=C)C(=O)C1=C(C(=C(C=C1)OCC(=O)O)Cl)Cl,CCN(CC)CCOC(=O)C1(CCCCC1)C2CCCCC2,0.0,unreported_twosides_sampled,1.2177662e-14,0.0919921710556056,0.0919921710556056,fitted,platt_logistic_regression,0.48023811648639086,0
C1=CC=C2C(=C1)C(=O)NC2(C3=CC(=C(C=C3)Cl)S(=O)(=O)N)O,CC(=O)SC1CC2=CC(=O)CCC2(C3C1C4CCC5(C4(CC3)C)CCC(=O)O5)C,1.0,reported_twosides,1.0,0.891810177985089,0.891810177985089,fitted,platt_logistic_regression,0.48023811648639086,1
CC12CC(=O)C3C(C1CCC2(C(=O)CO)O)CCC4=CC(=O)C=CC34C,CC1=CC(=CC=C1)CN2CCN(CC2)C(C3=CC=CC=C3)C4=CC=C(C=C4)Cl,1.0,reported_twosides,4.6629225e-11,0.0919921710556056,0.0919921710556056,fitted,platt_logistic_regression,0.48023811648639086,0
CN1CC(=O)N2C(C1=O)CC3=C(C2C4=CC5=C(C=C4)OCO5)NC6=CC=CC=C36,CS(=O)(=O)C1=CC=C(C=C1)C2=C(C(=O)OC2)C3=CC=CC=C3,1.0,reported_twosides,1.0,0.891810177985089,0.891810177985089,fitted,platt_logistic_regression,0.48023811648639086,1
CC(C)(C)NCC(COC1=NSN=C1N2CCOCC2)O,CN(C)CCC=C1C2=CC=CC=C2C=CC3=CC=CC=C31,1.0,reported_twosides,1.19711605e-17,0.0919921710556056,0.0919921710556056,fitted,platt_logistic_regression,0.48023811648639086,0
C1=CC(=C(C=C1Cl)Cl)C(CN2C=CN=C2)OCC3=C(SC=C3)Cl,CCP(CC)CC.CC(=O)OCC1C(C(C(C(O1)[S-])OC(=O)C)OC(=O)C)OC(=O)C.[Au+],0.0,unreported_twosides_sampled,9.15421e-16,0.0919921710556056,0.0919921710556056,fitted,platt_logistic_regression,0.48023811648639086,0
C1CN2C(=CC=C2C(=O)C3=CC=CC=C3)C1C(=O)O,CN(C)CCC=C1C2=CC=CC=C2C=CC3=CC=CC=C31,1.0,reported_twosides,1.0,0.891810177985089,0.891810177985089,fitted,platt_logistic_regression,0.48023811648639086,1
CCCCCCCCCCCC(CC1C(C(=O)O1)CCCCCC)OC(=O)C(CC(C)C)NC=O,CCCNC1CCC2=C(C1)SC(=N2)N,1.0,reported_twosides,4.2483545e-18,0.0919921710556056,0.0919921710556056,fitted,platt_logistic_regression,0.48023811648639086,0
CC(C)(C)NCC(C1=CC(=C(C=C1)O)CO)O,CC1=C(N=CN1)CSCCNC(=NC)NC#N,1.0,reported_twosides,1.0,0.891810177985089,0.891810177985089,fitted,platt_logistic_regression,0.48023811648639086,1
CC1=CC(=CC=C1)NC2=C(C=NC=C2)S(=O)(=O)NC(=O)NC(C)C,CCCC(=O)OC1(CCC2C1(CC(C3C2CCC4=CC(=O)CCC34C)O)C)C(=O)CO,0.0,unreported_twosides_sampled,4.2483545e-18,0.0919921710556056,0.0919921710556056,fitted,platt_logistic_regression,0.48023811648639086,0
CC(=O)N(CCCCCNC(=O)CCC(=O)N(CCCCCNC(=O)CCC(=O)N(CCCCCN)O)O)O,CC(C)(C)C1=CC=C(C=C1)S(=O)(=O)NC2=C(C(=NC(=N2)C3=NC=CC=N3)OCCO)OC4=CC=CC=C4OC,0.0,unreported_twosides_sampled,1.0,0.891810177985089,0.891810177985089,fitted,platt_logistic_regression,0.48023811648639086,1
CC1=CC2=C(C=C1C(=C)C3=CC=C(C=C3)C(=O)O)C(CCC2(C)C)(C)C,CNS(=O)(=O)CCC1=CC2=C(C=C1)NC=C2C3CCN(CC3)C,0.0,unreported_twosides_sampled,4.2483545e-18,0.0919921710556056,0.0919921710556056,fitted,platt_logistic_regression,0.48023811648639086,0
C1=CN(C(=O)N=C1N)C2C(C(C(O2)CO)O)O,CN1C(=NC(=O)C(=N1)[O-])SCC2=C(N3C(C(C3=O)NC(=O)C(=NOC)C4=CSC(=N4)N)SC2)C(=O)[O-],1.0,reported_twosides,1.0,0.891810177985089,0.891810177985089,fitted,platt_logistic_regression,0.48023811648639086,1
CC12CCC3C(C1CCC2(C#C)O)CCC4=CC(=O)CCC34,CC1CC2C(CCC3(C2CCC3(C(=O)C)O)C)C4(C1=CC(=O)CC4)C,1.0,reported_twosides,4.2483545e-18,0.0919921710556056,0.0919921710556056,fitted,platt_logistic_regression,0.48023811648639086,0
C1CN2C(=CC=C2C(=O)C3=CC=CC=C3)C1C(=O)O,CCN(CC)CCOC(=O)C1(CCCCC1)C2CCCCC2,0.0,unreported_twosides_sampled,0.9718107,0.6162161682979325,0.6162161682979325,fitted,platt_logistic_regression,0.48023811648639086,1
C(C(CO[N+](=O)[O-])O[N+](=O)[O-])O[N+](=O)[O-],CCC(=O)OC(C(C)C)OP(=O)(CCCCC1=CC=CC=C1)CC(=O)N2CC(CC2C(=O)[O-])C3CCCCC3,1.0,reported_twosides,4.4389143e-15,0.0919921710556056,0.0919921710556056,fitted,platt_logistic_regression,0.48023811648639086,0
CC(CC1=CC(=C(C=C1)O)O)(C(=O)O)N,CC1=CC2=C(C=C1C(=C)C3=CC=C(C=C3)C(=O)O)C(CCC2(C)C)(C)C,0.0,unreported_twosides_sampled,0.0001741618,0.18724045147368928,0.18724045147368928,fitted,platt_logistic_regression,0.48023811648639086,0
CC(C)(CC1=CC=CC=C1)N,CC(CC1=CC=CC=C1)N(C)CC#C,0.0,unreported_twosides_sampled,0.06061405,0.3713529915344611,0.3713529915344611,fitted,platt_logistic_regression,0.48023811648639086,0
C1=CC=C(C=C1)C(C2=CC=CC=C2)(C3=CC=CC=C3Cl)N4C=CN=C4,CCCC1=NN(C2=C1NC(=NC2=O)C3=C(C=CC(=C3)S(=O)(=O)N4CCN(CC4)C)OCC)C,1.0,reported_twosides,3.1617128e-06,0.10848702031122903,0.10848702031122903,fitted,platt_logistic_regression,0.48023811648639086,0
CC(C)(C)NCC(C1=NC(=C(C=C1)O)CO)O,CN(C)CCC1=CNC2=C1C=C(C=C2)CC3COC(=O)N3,1.0,reported_twosides,5.5808506e-15,0.0919921710556056,0.0919921710556056,fitted,platt_logistic_regression,0.48023811648639086,0
CC(CC1=CC(=C(C=C1)O)O)(C(=O)O)N,CN1CC(=O)N2C(C1=O)CC3=C(C2C4=CC5=C(C=C4)OCO5)NC6=CC=CC=C36,0.0,unreported_twosides_sampled,1.0,0.891810177985089,0.891810177985089,fitted,platt_logistic_regression,0.48023811648639086,1
CC(CCC(=O)O)C1CCC2C1(CCC3C2C(CC4C3(CCC(C4)O)C)O)C,CCN(CCCC(C)NC1=C2C=CC(=CC2=NC=C1)Cl)CCO,1.0,reported_twosides,4.2483545e-18,0.0919921710556056,0.0919921710556056,fitted,platt_logistic_regression,0.48023811648639086,0
C(C(CO[N+](=O)[O-])O[N+](=O)[O-])O[N+](=O)[O-],CC1(OC2CC3C4CC(C5=CC(=O)C=CC5(C4C(CC3(C2(O1)C(=O)CO)C)O)C)F)C,1.0,reported_twosides,6.87501e-06,0.12103939481431697,0.12103939481431697,fitted,platt_logistic_regression,0.48023811648639086,0
CC(C)(C)NCC(C1=CC(=C(C=C1)O)CO)O,CC(C)(C)NCC(C1=NC(=C(C=C1)O)CO)O,1.0,reported_twosides,9.21517e-13,0.0919921710556056,0.0919921710556056,fitted,platt_logistic_regression,0.48023811648639086,0
CC1(C(N2C(S1)C(C2=O)NC(=O)CC3=CC=CC=C3)C(=O)O)C,CN(CCCNC(=O)C1CCCO1)C2=NC3=CC(=C(C=C3C(=N2)N)OC)OC,0.0,unreported_twosides_sampled,0.5299194,0.4822534440996395,0.4822534440996395,fitted,platt_logistic_regression,0.48023811648639086,1
CCC(=C)C(=O)C1=C(C(=C(C=C1)OCC(=O)O)Cl)Cl,CCN(CC)CC(=O)NC1=C(C=CC=C1C)C,0.0,unreported_twosides_sampled,4.2483545e-18,0.0919921710556056,0.0919921710556056,fitted,platt_logistic_regression,0.48023811648639086,0
CC(C)(C)NCC(C1=CC(=C(C=C1)O)CO)O,CC(C1=CC(=C(C=C1)C2=CC=CC=C2)F)C(=O)O,1.0,reported_twosides,0.0062631443,0.2897218671008244,0.2897218671008244,fitted,platt_logistic_regression,0.48023811648639086,0
CC(C)C1=NC(=CS1)CN(C)C(=O)NC(C(C)C)C(=O)NC(CC2=CC=CC=C2)CC(C(CC3=CC=CC=C3)NC(=O)OCC4=CN=CS4)O,CC1COC2=C3N1C=C(C(=O)C3=CC(=C2N4CCN(CC4)C)F)C(=O)O,1.0,reported_twosides,0.8108802,0.5353571370554658,0.5353571370554658,fitted,platt_logistic_regression,0.48023811648639086,1
C1=CC=C2C(=C1)C(=O)NC2(C3=CC(=C(C=C3)Cl)S(=O)(=O)N)O,CN(C)CCC=C1C2=CC=CC=C2COC3=C1C=C(C=C3)CC(=O)O,0.0,unreported_twosides_sampled,1.0,0.891810177985089,0.891810177985089,fitted,platt_logistic_regression,0.48023811648639086,1
C1CC(C1)(C(=O)O)C(=O)O.N.N.[Pt],CC1CC2C(CCC3(C2CCC3(C(=O)C)O)C)C4(C1=CC(=O)CC4)C,1.0,reported_twosides,4.2483545e-18,0.0919921710556056,0.0919921710556056,fitted,platt_logistic_regression,0.48023811648639086,0
CC(C)(C)C1=CC=C(C=C1)S(=O)(=O)NC2=C(C(=NC(=N2)C3=NC=CC=N3)OCCO)OC4=CC=CC=C4OC,CC1=C2C(=NC=C1)N(C3=C(C=CC=N3)C(=O)N2)C4CC4,0.0,unreported_twosides_sampled,0.99995995,0.820813164721775,0.820813164721775,fitted,platt_logistic_regression,0.48023811648639086,1
CC1C(C(=O)N1S(=O)(=O)O)NC(=O)C(=NOC(C)(C)C(=O)O)C2=CSC(=N2)N,CCC(=C)C(=O)C1=C(C(=C(C=C1)OCC(=O)O)Cl)Cl,0.0,unreported_twosides_sampled,1.0,0.891810177985089,0.891810177985089,fitted,platt_logistic_regression,0.48023811648639086,1
CC1COC2=C3N1C=C(C(=O)C3=CC(=C2N4CCN(CC4)C)F)C(=O)O,CCC1(CC(=O)NC1=O)C,0.0,unreported_twosides_sampled,6.355976e-07,0.0919921710556056,0.0919921710556056,fitted,platt_logistic_regression,0.48023811648639086,0
C1CC(=O)NC(=O)C1N2C(=O)C3=CC=CC=C3C2=O,CC1=NN=C(S1)SCC2=C(N3C(C(C3=O)NC(=O)CN4C=NN=N4)SC2)C(=O)[O-],0.0,unreported_twosides_sampled,1.0,0.891810177985089,0.891810177985089,fitted,platt_logistic_regression,0.48023811648639086,1
CCCCCC(C=CC1C(CC(=O)C1CCCCCCC(=O)O)O)O,CN1CCN(CC1)CCCN2C3=CC=CC=C3SC4=C2C=C(C=C4)Cl,0.0,unreported_twosides_sampled,4.2483545e-18,0.0919921710556056,0.0919921710556056,fitted,platt_logistic_regression,0.48023811648639086,0
CCC1=C(C(=NC(=N1)N)N)C2=CC=C(C=C2)Cl,CCCC1=NN(C2=C1NC(=NC2=O)C3=C(C=CC(=C3)S(=O)(=O)N4CCN(CC4)C)OCC)C,0.0,unreported_twosides_sampled,5.2384066e-11,0.0919921710556056,0.0919921710556056,fitted,platt_logistic_regression,0.48023811648639086,0
CCCNC1CCC2=C(C1)SC(=N2)N,CN(C)CCC=C1C2=CC=CC=C2COC3=C1C=C(C=C3)CC(=O)O,0.0,unreported_twosides_sampled,4.2483545e-18,0.0919921710556056,0.0919921710556056,fitted,platt_logistic_regression,0.48023811648639086,0
CC(=O)N(CCCCCNC(=O)CCC(=O)N(CCCCCNC(=O)CCC(=O)N(CCCCCN)O)O)O,CC(C)C1=NC(=CS1)CN(C)C(=O)NC(C(C)C)C(=O)NC(CC2=CC=CC=C2)CC(C(CC3=CC=CC=C3)NC(=O)OCC4=CN=CS4)O,0.0,unreported_twosides_sampled,1.0,0.891810177985089,0.891810177985089,fitted,platt_logistic_regression,0.48023811648639086,1
CC12CC(=O)C3C(C1CCC2(C(=O)CO)O)CCC4=CC(=O)C=CC34C,CCP(CC)CC.CC(=O)OCC1C(C(C(C(O1)[S-])OC(=O)C)OC(=O)C)OC(=O)C.[Au+],1.0,reported_twosides,0.90881515,0.568554032776005,0.568554032776005,fitted,platt_logistic_regression,0.48023811648639086,1
CC1=CC(=CC=C1)CN2CCN(CC2)C(C3=CC=CC=C3)C4=CC=C(C=C4)Cl,CCCCCC(CCC1C(CC2C1CC3=C(C2)C(=CC=C3)OCC(=O)O)O)O,0.0,unreported_twosides_sampled,4.2483545e-18,0.0919921710556056,0.0919921710556056,fitted,platt_logistic_regression,0.48023811648639086,0
C(N)(N)(Cl)Cl,CC12CC(C3(C(C1CC(C2(C(=O)CO)O)O)CCC4=CC(=O)C=CC43C)F)O,1.0,reported_twosides,4.2483545e-18,0.0919921710556056,0.0919921710556056,fitted,platt_logistic_regression,0.48023811648639086,0
C1CC(C1)(C(=O)O)C(=O)O.N.N.[Pt],S=[Se],1.0,reported_twosides,1.7462113e-13,0.0919921710556056,0.0919921710556056,fitted,platt_logistic_regression,0.48023811648639086,0
CN(C)CCC=C1C2=CC=CC=C2COC3=C1C=C(C=C3)CC(=O)O,CNS(=O)(=O)CCC1=CC2=C(C=C1)NC=C2C3CCN(CC3)C,0.0,unreported_twosides_sampled,0.9999589,0.8201933619142711,0.8201933619142711,fitted,platt_logistic_regression,0.48023811648639086,1
C1CC(C1)(C(=O)O)C(=O)O.N.N.[Pt],CC1=C(N=CN1)CSCCNC(=NC)NC#N,1.0,reported_twosides,1.0,0.891810177985089,0.891810177985089,fitted,platt_logistic_regression,0.48023811648639086,1
C(C(CO[N+](=O)[O-])O[N+](=O)[O-])O[N+](=O)[O-],CC1C=CC=CCCC=CC=CC=CC=CC(CC(C(C(CC(=O)CC(C(CCC(CC(CC(CC(=O)OC(C(C1O)C)C)O)O)O)O)O)O)C(=O)O)O)OC2C(C(C(C(O2)C)O)N)O,1.0,reported_twosides,0.99998724,0.8460620293195591,0.8460620293195591,fitted,platt_logistic_regression,0.48023811648639086,1
CC(C)(C)NCC(C1=CC(=C(C=C1)O)CO)O,CCCNC(=O)NS(=O)(=O)C1=CC=C(C=C1)Cl,1.0,reported_twosides,4.2483545e-18,0.0919921710556056,0.0919921710556056,fitted,platt_logistic_regression,0.48023811648639086,0
C1CN=C(N1)NC2=C(C3=NC=CN=C3C=C2)Br,CC(=O)N(CCCCCNC(=O)CCC(=O)N(CCCCCNC(=O)CCC(=O)N(CCCCCN)O)O)O,0.0,unreported_twosides_sampled,1.0,0.891810177985089,0.891810177985089,fitted,platt_logistic_regression,0.48023811648639086,1
CCCCN1CCCCC1C(=O)NC2=C(C=CC=C2C)C,CCN(CC)CC(=O)NC1=C(C=CC=C1C)C,1.0,reported_twosides,4.2483545e-18,0.0919921710556056,0.0919921710556056,fitted,platt_logistic_regression,0.48023811648639086,0
CC(C)(CC1=CC=CC=C1)N,CC(C)C1=NC(=CS1)CN(C)C(=O)NC(C(C)C)C(=O)NC(CC2=CC=CC=C2)CC(C(CC3=CC=CC=C3)NC(=O)OCC4=CN=CS4)O,0.0,unreported_twosides_sampled,0.9577077,0.6002744513664507,0.6002744513664507,fitted,platt_logistic_regression,0.48023811648639086,1
CC1=CC2C(CCC3(C2CCC3(C(=O)C)O)C)C4(C1=CC(=O)CC4)C,CCN(CC)CC(=O)NC1=C(C=CC=C1C)C,1.0,reported_twosides,4.2483545e-18,0.0919921710556056,0.0919921710556056,fitted,platt_logistic_regression,0.48023811648639086,0
CC(C)(C)NCC(COC1=NSN=C1N2CCOCC2)O,CC1CC2C(CCC3(C2CCC3(C(=O)C)O)C)C4(C1=CC(=O)CC4)C,1.0,reported_twosides,4.2483545e-18,0.0919921710556056,0.0919921710556056,fitted,platt_logistic_regression,0.48023811648639086,0
C(=O)([O-])[O-].C(=O)([O-])[O-].C(=O)([O-])[O-].O.[La+3].[La+3],CC(C)(C)NCC(COC1=NSN=C1N2CCOCC2)O,1.0,reported_twosides,4.2483545e-18,0.0919921710556056,0.0919921710556056,fitted,platt_logistic_regression,0.48023811648639086,0
CC(CCC(=O)O)C1CCC2C1(CCC3C2C(CC4C3(CCC(C4)O)C)O)C,CCCC(=O)OC1(CCC2C1(CC(C3C2CCC4=CC(=O)CCC34C)O)C)C(=O)CO,1.0,reported_twosides,4.2483545e-18,0.0919921710556056,0.0919921710556056,fitted,platt_logistic_regression,0.48023811648639086,0
C1CCC(CC1)C(CCN2CCCCC2)(C3=CC=CC=C3)O,CN(C)CCC=C1C2=CC=CC=C2C=CC3=CC=CC=C31,1.0,reported_twosides,0.62678075,0.49811088189625,0.49811088189625,fitted,platt_logistic_regression,0.48023811648639086,1
CC(=O)SC1CC2=CC(=O)CCC2(C3C1C4CCC5(C4(CC3)C)CCC(=O)O5)C,CN1C=NC(=C1SC2=NC=NC3=C2NC=N3)[N+](=O)[O-],1.0,reported_twosides,0.9848,0.639677038974216,0.639677038974216,fitted,platt_logistic_regression,0.48023811648639086,1
CC(C)(C)NCC(C1=CC(=C(C=C1)O)CO)O,CCCCN1CCCCC1C(=O)NC2=C(C=CC=C2C)C,1.0,reported_twosides,4.2483545e-18,0.0919921710556056,0.0919921710556056,fitted,platt_logistic_regression,0.48023811648639086,0
C(N)(N)(Cl)Cl,CCC1(CC(=O)NC1=O)C,0.0,unreported_twosides_sampled,4.2483545e-18,0.0919921710556056,0.0919921710556056,fitted,platt_logistic_regression,0.48023811648639086,0
C1CN2C(=CC=C2C(=O)C3=CC=CC=C3)C1C(=O)O,CC1=NC=C(N1CCO)[N+](=O)[O-],1.0,reported_twosides,1.0,0.891810177985089,0.891810177985089,fitted,platt_logistic_regression,0.48023811648639086,1
CC1CCC2CC(C(=CC=CC=CC(CC(C(=O)C(C(C(=CC(C(=O)CC(OC(=O)C3CCCCN3C(=O)C(=O)C1(O2)O)C(C)CC4CCC(C(C4)OC)O)C)C)O)OC)C)C)C)OC,CCOC1=CC=CC=C1OCCNC(C)CC2=CC(=C(C=C2)OC)S(=O)(=O)N,1.0,reported_twosides,4.2483545e-18,0.0919921710556056,0.0919921710556056,fitted,platt_logistic_regression,0.48023811648639086,0
C1CC(C1)(C(=O)O)C(=O)O.N.N.[Pt],CC1NC2=CC(=C(C=C2C(=O)N1C3=CC=CC=C3C)S(=O)(=O)N)Cl,1.0,reported_twosides,0.9571274,0.5997305826835623,0.5997305826835623,fitted,platt_logistic_regression,0.48023811648639086,1
CC(C)C(CC1=CC(=C(C=C1)OC)OCCCOC)CC(C(CC(C(C)C)C(=O)NCC(C)(C)C(=O)N)O)N,CC1(OC2CC3C4CC(C5=CC(=O)C=CC5(C4C(CC3(C2(O1)C(=O)CO)C)O)C)F)C,0.0,unreported_twosides_sampled,4.2483545e-18,0.0919921710556056,0.0919921710556056,fitted,platt_logistic_regression,0.48023811648639086,0
CC1=CC(=CC=C1)CN2CCN(CC2)C(C3=CC=CC=C3)C4=CC=C(C=C4)Cl,CN1CC(=O)N2C(C1=O)CC3=C(C2C4=CC5=C(C=C4)OCO5)NC6=CC=CC=C36,1.0,reported_twosides,1.0096842e-05,0.12770135986568576,0.12770135986568576,fitted,platt_logistic_regression,0.48023811648639086,0
CCN(CC)CC(=O)NC1=C(C=CC=C1C)C,CN(C)C(=N)N=C(N)N,1.0,reported_twosides,4.2483545e-18,0.0919921710556056,0.0919921710556056,fitted,platt_logistic_regression,0.48023811648639086,0
C1=CC=C(C=C1)C(C2=CC=CC=C2)(C3=CC=CC=C3Cl)N4C=CN=C4,CN(C)CCC1=CNC2=C1C=C(C=C2)CC3COC(=O)N3,0.0,unreported_twosides_sampled,1.0,0.891810177985089,0.891810177985089,fitted,platt_logistic_regression,0.48023811648639086,1
CCCC(=O)OC1(CCC2C1(CC(C3C2CCC4=CC(=O)CCC34C)O)C)C(=O)CO,S=[Se],0.0,unreported_twosides_sampled,4.491038e-06,0.11401054500288961,0.11401054500288961,fitted,platt_logistic_regression,0.48023811648639086,0
CC1=C(N=CN1)CSCCNC(=NC)NC#N,CCCCCC(CCC1C(CC2C1CC3=C(C2)C(=CC=C3)OCC(=O)O)O)O,0.0,unreported_twosides_sampled,0.082404725,0.3837203405829341,0.3837203405829341,fitted,platt_logistic_regression,0.48023811648639086,0
C(C(CO[N+](=O)[O-])O[N+](=O)[O-])O[N+](=O)[O-],CC(C)(C)NCC(C1=NC(=C(C=C1)O)CO)O,1.0,reported_twosides,1.3615183e-13,0.0919921710556056,0.0919921710556056,fitted,platt_logistic_regression,0.48023811648639086,0
CC1(OC2CC3C4CCC5=CC(=O)C=CC5(C4C(CC3(C2(O1)C(=O)CO)C)O)C)C,CC1NC2=CC(=C(C=C2C(=O)N1C3=CC=CC=C3C)S(=O)(=O)N)Cl,0.0,unreported_twosides_sampled,1.0,0.891810177985089,0.891810177985089,fitted,platt_logistic_regression,0.48023811648639086,1
CC1=NC=C(N1CCO)[N+](=O)[O-],COC1=C(C=C2C(=C1)CC(C2=O)CC3CCN(CC3)CC4=CC=CC=C4)OC,1.0,reported_twosides,4.2483545e-18,0.0919921710556056,0.0919921710556056,fitted,platt_logistic_regression,0.48023811648639086,0
C1CN(CCN1CCC2=C(C=C3C(=C2)CC(=O)N3)Cl)C4=NSC5=CC=CC=C54,COC1=C(C=C2C(=C1)CC(C2=O)CC3CCN(CC3)CC4=CC=CC=C4)OC,1.0,reported_twosides,0.9977278,0.7065343002091087,0.7065343002091087,fitted,platt_logistic_regression,0.48023811648639086,1
CC(C)(C)NCC(COC1=NSN=C1N2CCOCC2)O,CCC1=C(C(=NC(=N1)N)N)C2=CC=C(C=C2)Cl,0.0,unreported_twosides_sampled,4.2483545e-18,0.0919921710556056,0.0919921710556056,fitted,platt_logistic_regression,0.48023811648639086,0
C1=CN(C(=O)N=C1N)C2C(C(C(O2)CO)O)O,CCCCC(C)(CC=CC1C(CC(=O)C1CCCCCCC(=O)OC)O)O,0.0,unreported_twosides_sampled,0.0006105207,0.21955171808795426,0.21955171808795426,fitted,platt_logistic_regression,0.48023811648639086,0
CC1=CC(=CC=C1)NC2=C(C=NC=C2)S(=O)(=O)NC(=O)NC(C)C,CC1=CC2=C(NC3=CC=CC=C3N=C2S1)N4CCN(CC4)C,1.0,reported_twosides,4.2483545e-18,0.0919921710556056,0.0919921710556056,fitted,platt_logistic_regression,0.48023811648639086,0
C1=CC=C2C(=C1)C(=O)NC2(C3=CC(=C(C=C3)Cl)S(=O)(=O)N)O,CC1=CC2=C(NC3=CC=CC=C3N=C2S1)N4CCN(CC4)C,1.0,reported_twosides,0.99999833,0.8836877457178384,0.8836877457178384,fitted,platt_logistic_regression,0.48023811648639086,1
C(OC(C(F)(F)F)C(F)(F)F)F,CC1=CC(=CC=C1)CN2CCN(CC2)C(C3=CC=CC=C3)C4=CC=C(C=C4)Cl,0.0,unreported_twosides_sampled,4.2483545e-18,0.0919921710556056,0.0919921710556056,fitted,platt_logistic_regression,0.48023811648639086,0
C(=O)([O-])[O-].C(=O)([O-])[O-].C(=O)([O-])[O-].O.[La+3].[La+3],CCCN(CCC)S(=O)(=O)C1=CC=C(C=C1)C(=O)O,0.0,unreported_twosides_sampled,1.5906117e-08,0.0919921710556056,0.0919921710556056,fitted,platt_logistic_regression,0.48023811648639086,0
CC12CC(C3(C(C1CC(C2(C(=O)CO)O)O)CCC4=CC(=O)C=CC43C)F)O,CC1=NC=C(N1CCO)[N+](=O)[O-],1.0,reported_twosides,0.142191,0.4070409941368023,0.4070409941368023,fitted,platt_logistic_regression,0.48023811648639086,0
CC1C=CC=CCCC=CC=CC=CC=CC(CC(C(C(CC(=O)CC(C(CCC(CC(CC(CC(=O)OC(C(C1O)C)C)O)O)O)O)O)O)C(=O)O)O)OC2C(C(C(C(O2)C)O)N)O,CN(C)CCCN1C2=CC=CC=C2CCC3=CC=CC=C31,1.0,reported_twosides,1.2125007e-10,0.0919921710556056,0.0919921710556056,fitted,platt_logistic_regression,0.48023811648639086,0
CCCCCC(C=CC1C(CC(=O)C1CCCCCCC(=O)O)O)O,CN1C(=NC(=O)C(=N1)[O-])SCC2=C(N3C(C(C3=O)NC(=O)C(=NOC)C4=CSC(=N4)N)SC2)C(=O)[O-],0.0,unreported_twosides_sampled,2.1027142e-15,0.0919921710556056,0.0919921710556056,fitted,platt_logistic_regression,0.48023811648639086,0
CC(C)(C)NCC(C1=CC(=C(C=C1)O)CO)O,CCCCCCCCCCCC(CC1C(C(=O)O1)CCCCCC)OC(=O)C(CC(C)C)NC=O,1.0,reported_twosides,4.2483545e-18,0.0919921710556056,0.0919921710556056,fitted,platt_logistic_regression,0.48023811648639086,0
C(C(CO[N+](=O)[O-])O[N+](=O)[O-])O[N+](=O)[O-],CC(C)(C)NCC(C1=CC(=C(C=C1)O)CO)O,1.0,reported_twosides,1.1885806e-08,0.0919921710556056,0.0919921710556056,fitted,platt_logistic_regression,0.48023811648639086,0
CCC1(CC(=O)NC1=O)C,CCCCC1=C(C2=CC=CC=C2O1)C(=O)C3=CC(=C(C(=C3)I)OCC[NH+](CC)CC)I,0.0,unreported_twosides_sampled,4.2483545e-18,0.0919921710556056,0.0919921710556056,fitted,platt_logistic_regression,0.48023811648639086,0
CC(=O)SC1CC2=CC(=O)CCC2(C3C1C4CCC5(C4(CC3)C)CCC(=O)O5)C,CC(CCC(=O)O)C1CCC2C1(CCC3C2C(CC4C3(CCC(C4)O)C)O)C,1.0,reported_twosides,4.2483545e-18,0.0919921710556056,0.0919921710556056,fitted,platt_logistic_regression,0.48023811648639086,0
C1CN(CCN1CCC2=C(C=C3C(=C2)CC(=O)N3)Cl)C4=NSC5=CC=CC=C54,CCCC(CCC)C(=O)O,1.0,reported_twosides,1.0,0.891810177985089,0.891810177985089,fitted,platt_logistic_regression,0.48023811648639086,1
C1=CC=C2C(=C1)C(=O)NC2(C3=CC(=C(C=C3)Cl)S(=O)(=O)N)O,CCCN(CCC)S(=O)(=O)C1=CC=C(C=C1)C(=O)O,1.0,reported_twosides,1.0,0.891810177985089,0.891810177985089,fitted,platt_logistic_regression,0.48023811648639086,1
C(N)(N)(Cl)Cl,CCC(CC)OC1C=C(CC(C1NC(=O)C)N)C(=O)OCC,1.0,reported_twosides,4.2483545e-18,0.0919921710556056,0.0919921710556056,fitted,platt_logistic_regression,0.48023811648639086,0
CCCC(=O)OC1(CCC2C1(CC(C3C2CCC4=CC(=O)CCC34C)O)C)C(=O)CO,CN1CCN(CC1)CCCN2C3=CC=CC=C3SC4=C2C=C(C=C4)Cl,0.0,unreported_twosides_sampled,4.7118977e-15,0.0919921710556056,0.0919921710556056,fitted,platt_logistic_regression,0.48023811648639086,0
C1=CC=C2C(=C1)C(=O)NC2(C3=CC(=C(C=C3)Cl)S(=O)(=O)N)O,CC(C)(C)NCC(COC1=NSN=C1N2CCOCC2)O,0.0,unreported_twosides_sampled,1.9814976e-08,0.0919921710556056,0.0919921710556056,fitted,platt_logistic_regression,0.48023811648639086,0
C1C2=C(C=CC(=C2Cl)Cl)NC3=NC(=O)CN31,CC1COC2=C3N1C=C(C(=O)C3=CC(=C2N4CCN(CC4)C)F)C(=O)O,0.0,unreported_twosides_sampled,1.0,0.891810177985089,0.891810177985089,fitted,platt_logistic_regression,0.48023811648639086,1
C1=CC=C2C(=C1)C(=O)NC2(C3=CC(=C(C=C3)Cl)S(=O)(=O)N)O,C1C2=C(C=CC(=C2Cl)Cl)NC3=NC(=O)CN31,0.0,unreported_twosides_sampled,1.0,0.891810177985089,0.891810177985089,fitted,platt_logistic_regression,0.48023811648639086,1
C(=O)([O-])[O-].C(=O)([O-])[O-].C(=O)([O-])[O-].O.[La+3].[La+3],CCC(=C)C(=O)C1=C(C(=C(C=C1)OCC(=O)O)Cl)Cl,0.0,unreported_twosides_sampled,0.63460964,0.49944869048958235,0.49944869048958235,fitted,platt_logistic_regression,0.48023811648639086,1
CC1=CC2=C(C=C1C(=C)C3=CC=C(C=C3)C(=O)O)C(CCC2(C)C)(C)C,CC1COC2=C3N1C=C(C(=O)C3=CC(=C2N4CCN(CC4)C)F)C(=O)O,1.0,reported_twosides,0.21034294,0.42538790392112547,0.42538790392112547,fitted,platt_logistic_regression,0.48023811648639086,0
CC1=C2C(=NC=C1)N(C3=C(C=CC=N3)C(=O)N2)C4CC4,CN(C)CCC=C1C2=CC=CC=C2C=CC3=CC=CC=C31,0.0,unreported_twosides_sampled,1.0,0.891810177985089,0.891810177985089,fitted,platt_logistic_regression,0.48023811648639086,1
CC(C)C(CC1=CC(=C(C=C1)OC)OCCCOC)CC(C(CC(C(C)C)C(=O)NCC(C)(C)C(=O)N)O)N,CN(C)CCCN1C2=CC=CC=C2CCC3=CC=CC=C31,0.0,unreported_twosides_sampled,4.2483545e-18,0.0919921710556056,0.0919921710556056,fitted,platt_logistic_regression,0.48023811648639086,0
C1CC(C1)(C(=O)O)C(=O)O.N.N.[Pt],CC(CC1=CC(=C(C=C1)O)O)(C(=O)O)N,1.0,reported_twosides,7.0878775e-14,0.0919921710556056,0.0919921710556056,fitted,platt_logistic_regression,0.48023811648639086,0
CCCC1=NN(C2=C1NC(=NC2=O)C3=C(C=CC(=C3)S(=O)(=O)N4CCN(CC4)C)OCC)C,CN(C)CCC1=CNC2=C1C=C(C=C2)CC3COC(=O)N3,1.0,reported_twosides,1.3221306e-13,0.0919921710556056,0.0919921710556056,fitted,platt_logistic_regression,0.48023811648639086,0
CCCN(CCC)S(=O)(=O)C1=CC=C(C=C1)C(=O)O,CN1CCC2=C3C1CC4=C(C3=CC=C2)C(=C(C=C4)O)O,0.0,unreported_twosides_sampled,2.554715e-06,0.10524799359119427,0.10524799359119427,fitted,platt_logistic_regression,0.48023811648639086,0
CC(CC1=CC=CC=C1)N(C)CC#C,CCCN(CCC)S(=O)(=O)C1=CC=C(C=C1)C(=O)O,0.0,unreported_twosides_sampled,1.7959825e-07,0.0919921710556056,0.0919921710556056,fitted,platt_logistic_regression,0.48023811648639086,0
CC(CCC(=O)O)C1CCC2C1(CCC3C2C(CC4C3(CCC(C4)O)C)O)C,CCOC1=NC2=CC=CC(=C2N1CC3=CC=C(C=C3)C4=CC=CC=C4C5=NNN=N5)C(=O)O,1.0,reported_twosides,4.2483545e-18,0.0919921710556056,0.0919921710556056,fitted,platt_logistic_regression,0.48023811648639086,0
C(OC(C(F)(F)F)C(F)(F)F)F,CC1COC2=C3N1C=C(C(=O)C3=CC(=C2N4CCN(CC4)C)F)C(=O)O,1.0,reported_twosides,1.7203326e-06,0.09946533464600531,0.09946533464600531,fitted,platt_logistic_regression,0.48023811648639086,0
CCCCC(C)(CC=CC1C(CC(=O)C1CCCCCCC(=O)OC)O)O,CCN(CCCC(C)NC1=C2C=CC(=CC2=NC=C1)Cl)CCO,1.0,reported_twosides,4.2483545e-18,0.0919921710556056,0.0919921710556056,fitted,platt_logistic_regression,0.48023811648639086,0
C(C(CO[N+](=O)[O-])O[N+](=O)[O-])O[N+](=O)[O-],CC12CCC3C(C1CCC2(C#C)O)CCC4=CC(=O)CCC34,1.0,reported_twosides,4.7003493e-07,0.0919921710556056,0.0919921710556056,fitted,platt_logistic_regression,0.48023811648639086,0
CC(C)C1=NC(=CS1)CN(C)C(=O)NC(C(C)C)C(=O)NC(CC2=CC=CC=C2)CC(C(CC3=CC=CC=C3)NC(=O)OCC4=CN=CS4)O,CC1CC2C(CCC3(C2CCC3(C(=O)C)O)C)C4(C1=CC(=O)CC4)C,1.0,reported_twosides,4.2483545e-18,0.0919921710556056,0.0919921710556056,fitted,platt_logistic_regression,0.48023811648639086,0
CCC(=O)OC(C(C)C)OP(=O)(CCCCC1=CC=CC=C1)CC(=O)N2CC(CC2C(=O)[O-])C3CCCCC3,CN(C)CCC=C1C2=CC=CC=C2COC3=C1C=C(C=C3)CC(=O)O,0.0,unreported_twosides_sampled,0.9999825,0.8393606942533686,0.8393606942533686,fitted,platt_logistic_regression,0.48023811648639086,1
CC1=CC2=C(C=C1C)N(C=N2)C3C(C(C(O3)CO)OP(=O)([O-])OC(C)CNC(=O)CCC4(C(C5C6(C(C(C(=N6)C(=C7C(C(C(=N7)C=C8C(C(C(=N8)C(=C4[N-]5)C)CCC(=O)N)(C)C)CCC(=O)N)(C)CC(=O)N)C)CCC(=O)N)(C)CC(=O)N)C)CC(=O)N)C)O.O.[Co],CN1CC(=O)N2C(C1=O)CC3=C(C2C4=CC5=C(C=C4)OCO5)NC6=CC=CC=C36,0.0,unreported_twosides_sampled,4.2483545e-18,0.0919921710556056,0.0919921710556056,fitted,platt_logistic_regression,0.48023811648639086,0
CCC1(CC(=O)NC1=O)C,CCN(CC)CCOC(=O)C1(CCCCC1)C2CCCCC2,0.0,unreported_twosides_sampled,4.2483545e-18,0.0919921710556056,0.0919921710556056,fitted,platt_logistic_regression,0.48023811648639086,0
CCC(C)C1C(CCC2(O1)CC3CC(O2)CC=C(C(C(C=CC=C4COC5C4(C(C=C(C5O)C)C(=O)O3)O)C)OC6CC(C(C(O6)C)OC7CC(C(C(O7)C)O)OC)OC)C)C.CC1CCC2(CC3CC(O2)CC=C(C(C(C=CC=C4COC5C4(C(C=C(C5O)C)C(=O)O3)O)C)OC6CC(C(C(O6)C)OC7CC(C(C(O7)C)O)OC)OC)C)OC1C(C)C,CNS(=O)(=O)CCC1=CC2=C(C=C1)NC=C2C3CCN(CC3)C,0.0,unreported_twosides_sampled,4.2483545e-18,0.0919921710556056,0.0919921710556056,fitted,platt_logistic_regression,0.48023811648639086,0
CCN(CC)CC(=O)NC1=C(C=CC=C1C)C,CS(=O)(=O)C1=CC=C(C=C1)C2=C(C(=O)OC2)C3=CC=CC=C3,1.0,reported_twosides,6.418562e-18,0.0919921710556056,0.0919921710556056,fitted,platt_logistic_regression,0.48023811648639086,0
CCCCCCCCCCCC(CC1C(C(=O)O1)CCCCCC)OC(=O)C(CC(C)C)NC=O,CCN(CC)CC(=O)NC1=C(C=CC=C1C)C,1.0,reported_twosides,4.2483545e-18,0.0919921710556056,0.0919921710556056,fitted,platt_logistic_regression,0.48023811648639086,0
CC(=O)OC1C(CC2C1(CCC3C2CCC4C3(CC(C(C4)O)N5CCOCC5)C)C)[N+]6(CCCC6)CC=C,CCC(C)C1C(CCC2(O1)CC3CC(O2)CC=C(C(C(C=CC=C4COC5C4(C(C=C(C5O)C)C(=O)O3)O)C)OC6CC(C(C(O6)C)OC7CC(C(C(O7)C)O)OC)OC)C)C.CC1CCC2(CC3CC(O2)CC=C(C(C(C=CC=C4COC5C4(C(C=C(C5O)C)C(=O)O3)O)C)OC6CC(C(C(O6)C)OC7CC(C(C(O7)C)O)OC)OC)C)OC1C(C)C,0.0,unreported_twosides_sampled,4.2483545e-18,0.0919921710556056,0.0919921710556056,fitted,platt_logistic_regression,0.48023811648639086,0
CCCNC1CCC2=C(C1)SC(=N2)N,S=[Se],1.0,reported_twosides,4.2483545e-18,0.0919921710556056,0.0919921710556056,fitted,platt_logistic_regression,0.48023811648639086,0
C1CCC(CC1)C(CCN2CCCCC2)(C3=CC=CC=C3)O,CC12CCC3C(C1CCC2(C#C)O)CCC4=CC(=O)CCC34,0.0,unreported_twosides_sampled,4.2483545e-18,0.0919921710556056,0.0919921710556056,fitted,platt_logistic_regression,0.48023811648639086,0
CC12CCC3C(C1CCC2(C#C)O)CCC4=CC(=O)CCC34,CN1C(=NC(=O)C(=N1)[O-])SCC2=C(N3C(C(C3=O)NC(=O)C(=NOC)C4=CSC(=N4)N)SC2)C(=O)[O-],0.0,unreported_twosides_sampled,0.9999995,0.891810177985089,0.891810177985089,fitted,platt_logistic_regression,0.48023811648639086,1
CC1C=CC=CCCC=CC=CC=CC=CC(CC(C(C(CC(=O)CC(C(CCC(CC(CC(CC(=O)OC(C(C1O)C)C)O)O)O)O)O)O)C(=O)O)O)OC2C(C(C(C(O2)C)O)N)O,CC1NC2=CC(=C(C=C2C(=O)N1C3=CC=CC=C3C)S(=O)(=O)N)Cl,1.0,reported_twosides,1.0,0.891810177985089,0.891810177985089,fitted,platt_logistic_regression,0.48023811648639086,1
C(OC(C(F)(F)F)C(F)(F)F)F,CN(C)CCC=C1C2=CC=CC=C2C=CC3=CC=CC=C31,0.0,unreported_twosides_sampled,0.01921287,0.32823082316894486,0.32823082316894486,fitted,platt_logistic_regression,0.48023811648639086,0
CCCC1=NN(C2=C1NC(=NC2=O)C3=C(C=CC(=C3)S(=O)(=O)N4CCN(CC4)C)OCC)C,S=[Se],1.0,reported_twosides,2.0499648e-16,0.0919921710556056,0.0919921710556056,fitted,platt_logistic_regression,0.48023811648639086,0
CCOC1=CC=CC=C1OCCNC(C)CC2=CC(=C(C=C2)OC)S(=O)(=O)N,CN(C)CCC=C1C2=CC=CC=C2C=CC3=CC=CC=C31,1.0,reported_twosides,2.5130674e-05,0.14476506729456703,0.14476506729456703,fitted,platt_logistic_regression,0.48023811648639086,0
CN(C)CCCN1C2=CC=CC=C2CCC3=CC=CC=C31,S=[Se],0.0,unreported_twosides_sampled,1.7060926e-09,0.0919921710556056,0.0919921710556056,fitted,platt_logistic_regression,0.48023811648639086,0
CC(CC1=CC=CC=C1)N(C)CC#C,CCCCN1CCCCC1C(=O)NC2=C(C=CC=C2C)C,0.0,unreported_twosides_sampled,4.2483545e-18,0.0919921710556056,0.0919921710556056,fitted,platt_logistic_regression,0.48023811648639086,0
CCCCCCCCCCCC(CC1C(C(=O)O1)CCCCCC)OC(=O)C(CC(C)C)NC=O,CCOC1=CC=CC=C1OCCNC(C)CC2=CC(=C(C=C2)OC)S(=O)(=O)N,1.0,reported_twosides,4.2483545e-18,0.0919921710556056,0.0919921710556056,fitted,platt_logistic_regression,0.48023811648639086,0
CC1C(C(=O)N1S(=O)(=O)O)NC(=O)C(=NOC(C)(C)C(=O)O)C2=CSC(=N2)N,CN(C)CCCN1C2=CC=CC=C2CCC3=CC=CC=C31,0.0,unreported_twosides_sampled,0.99240875,0.6650146108305909,0.6650146108305909,fitted,platt_logistic_regression,0.48023811648639086,1
CC(C1=CC(=C(C=C1)C2=CC=CC=C2)F)C(=O)O,CCOC1=CC=CC=C1OCCNC(C)CC2=CC(=C(C=C2)OC)S(=O)(=O)N,0.0,unreported_twosides_sampled,6.405826e-08,0.0919921710556056,0.0919921710556056,fitted,platt_logistic_regression,0.48023811648639086,0
CC1=CC2C(CCC3(C2CCC3(C(=O)C)O)C)C4(C1=CC(=O)CC4)C,CCC1=C(C(=NC(=N1)N)N)C2=CC=C(C=C2)Cl,1.0,reported_twosides,2.0097554e-12,0.0919921710556056,0.0919921710556056,fitted,platt_logistic_regression,0.48023811648639086,0
CCOC1=CC=CC=C1OCCNC(C)CC2=CC(=C(C=C2)OC)S(=O)(=O)N,CN(C)CCCN1C2=CC=CC=C2CCC3=CC=CC=C31,1.0,reported_twosides,4.2483545e-18,0.0919921710556056,0.0919921710556056,fitted,platt_logistic_regression,0.48023811648639086,0
C1=CC=C(C=C1)C(C2=CC=CC=C2)(C3=CC=CC=C3Cl)N4C=CN=C4,CCCCC1=C(C2=CC=CC=C2O1)C(=O)C3=CC(=C(C(=C3)I)OCC[NH+](CC)CC)I,1.0,reported_twosides,4.2483545e-18,0.0919921710556056,0.0919921710556056,fitted,platt_logistic_regression,0.48023811648639086,0
C1CN2C(=CC=C2C(=O)C3=CC=CC=C3)C1C(=O)O,CC1=CC2C(CCC3(C2CCC3(C(=O)C)O)C)C4(C1=CC(=O)CC4)C,1.0,reported_twosides,0.9941103,0.6740144476914411,0.6740144476914411,fitted,platt_logistic_regression,0.48023811648639086,1
C1C2=C(C=CC(=C2Cl)Cl)NC3=NC(=O)CN31,CC(C)C(CC1=CC(=C(C=C1)OC)OCCCOC)CC(C(CC(C(C)C)C(=O)NCC(C)(C)C(=O)N)O)N,0.0,unreported_twosides_sampled,0.8534688,0.5474650202840277,0.5474650202840277,fitted,platt_logistic_regression,0.48023811648639086,1
C1CN(CCN1CCC2=C(C=C3C(=C2)CC(=O)N3)Cl)C4=NSC5=CC=CC=C54,CCN(CC)CCOC(=O)C1(CCCCC1)C2CCCCC2,0.0,unreported_twosides_sampled,1.0,0.891810177985089,0.891810177985089,fitted,platt_logistic_regression,0.48023811648639086,1
C1=CC=C2C(=C1)C(=O)NC2(C3=CC(=C(C=C3)Cl)S(=O)(=O)N)O,CC1=CC(=CC=C1)NC2=C(C=NC=C2)S(=O)(=O)NC(=O)NC(C)C,0.0,unreported_twosides_sampled,0.9954774,0.6832320385003222,0.6832320385003222,fitted,platt_logistic_regression,0.48023811648639086,1
CC1CCC2CC(C(=CC=CC=CC(CC(C(=O)C(C(C(=CC(C(=O)CC(OC(=O)C3CCCCN3C(=O)C(=O)C1(O2)O)C(C)CC4CCC(C(C4)OC)O)C)C)O)OC)C)C)C)OC,CCCCC1=C(C2=CC=CC=C2O1)C(=O)C3=CC(=C(C(=C3)I)OCC[NH+](CC)CC)I,0.0,unreported_twosides_sampled,4.2483545e-18,0.0919921710556056,0.0919921710556056,fitted,platt_logistic_regression,0.48023811648639086,0
CC1=CC2=C(NC3=CC=CC=C3N=C2S1)N4CCN(CC4)C,CN(CCCNC(=O)C1CCCO1)C2=NC3=CC(=C(C=C3C(=N2)N)OC)OC,0.0,unreported_twosides_sampled,4.2483545e-18,0.0919921710556056,0.0919921710556056,fitted,platt_logistic_regression,0.48023811648639086,0
CC1=NN=C(S1)SCC2=C(N3C(C(C3=O)NC(=O)CN4C=NN=N4)SC2)C(=O)[O-],CCC(=O)OC(C(C)C)OP(=O)(CCCCC1=CC=CC=C1)CC(=O)N2CC(CC2C(=O)[O-])C3CCCCC3,0.0,unreported_twosides_sampled,1.0,0.891810177985089,0.891810177985089,fitted,platt_logistic_regression,0.48023811648639086,1
C1=CC=C(C=C1)CCNN,CC1=CC2=C(C=C1C)N(C=N2)C3C(C(C(O3)CO)OP(=O)([O-])OC(C)CNC(=O)CCC4(C(C5C6(C(C(C(=N6)C(=C7C(C(C(=N7)C=C8C(C(C(=N8)C(=C4[N-]5)C)CCC(=O)N)(C)C)CCC(=O)N)(C)CC(=O)N)C)CCC(=O)N)(C)CC(=O)N)C)CC(=O)N)C)O.O.[Co],0.0,unreported_twosides_sampled,4.2483545e-18,0.0919921710556056,0.0919921710556056,fitted,platt_logistic_regression,0.48023811648639086,0
C1CN(CCN1CCC2=C(C=C3C(=C2)CC(=O)N3)Cl)C4=NSC5=CC=CC=C54,CC12CC(C3(C(C1CC(C2(C(=O)CO)O)O)CCC4=CC(=O)C=CC43C)F)O,1.0,reported_twosides,1.0,0.891810177985089,0.891810177985089,fitted,platt_logistic_regression,0.48023811648639086,1
CN(C)CCC=C1C2=CC=CC=C2C=CC3=CC=CC=C31,CN1CCN(CC1)CCCN2C3=CC=CC=C3SC4=C2C=C(C=C4)Cl,1.0,reported_twosides,0.93707633,0.5841633026650649,0.5841633026650649,fitted,platt_logistic_regression,0.48023811648639086,1
C(=O)([O-])[O-].C(=O)([O-])[O-].C(=O)([O-])[O-].O.[La+3].[La+3],CCCCC1=C(C2=CC=CC=C2O1)C(=O)C3=CC(=C(C(=C3)I)OCC[NH+](CC)CC)I,0.0,unreported_twosides_sampled,4.2483545e-18,0.0919921710556056,0.0919921710556056,fitted,platt_logistic_regression,0.48023811648639086,0
CC1(OC2CC3C4CC(C5=CC(=O)C=CC5(C4C(CC3(C2(O1)C(=O)CO)C)O)C)F)C,CC1=NC=C(N1CCO)[N+](=O)[O-],0.0,unreported_twosides_sampled,0.9999963,0.8700352584142099,0.8700352584142099,fitted,platt_logistic_regression,0.48023811648639086,1
C1=CC(=C(C=C1Cl)Cl)C(CN2C=CN=C2)OCC3=C(SC=C3)Cl,CC1CCC2CC(C(=CC=CC=CC(CC(C(=O)C(C(C(=CC(C(=O)CC(OC(=O)C3CCCCN3C(=O)C(=O)C1(O2)O)C(C)CC4CCC(C(C4)OC)O)C)C)O)OC)C)C)C)OC,0.0,unreported_twosides_sampled,4.8272823e-15,0.0919921710556056,0.0919921710556056,fitted,platt_logistic_regression,0.48023811648639086,0
C1=CC=C(C=C1)C(C2=CC=CC=C2)(C3=CC=CC=C3Cl)N4C=CN=C4,C1C2=C(C=CC(=C2Cl)Cl)NC3=NC(=O)CN31,0.0,unreported_twosides_sampled,1.0,0.891810177985089,0.891810177985089,fitted,platt_logistic_regression,0.48023811648639086,1
CC(=O)N(CCCCCNC(=O)CCC(=O)N(CCCCCNC(=O)CCC(=O)N(CCCCCN)O)O)O,CC(C)(CC1=CC=CC=C1)N,0.0,unreported_twosides_sampled,1.0,0.891810177985089,0.891810177985089,fitted,platt_logistic_regression,0.48023811648639086,1
CC1COC2=C3N1C=C(C(=O)C3=CC(=C2N4CCN(CC4)C)F)C(=O)O,CN(CCCNC(=O)C1CCCO1)C2=NC3=CC(=C(C=C3C(=N2)N)OC)OC,1.0,reported_twosides,0.0042586653,0.27718572919070844,0.27718572919070844,fitted,platt_logistic_regression,0.48023811648639086,0
C1=CC=C(C=C1)CCNN,CC1C(C(=O)N1S(=O)(=O)O)NC(=O)C(=NOC(C)(C)C(=O)O)C2=CSC(=N2)N,0.0,unreported_twosides_sampled,0.9999981,0.8814848314542242,0.8814848314542242,fitted,platt_logistic_regression,0.48023811648639086,1
CC1=C2C(=NC=C1)N(C3=C(C=CC=N3)C(=O)N2)C4CC4,S=[Se],0.0,unreported_twosides_sampled,1.0,0.891810177985089,0.891810177985089,fitted,platt_logistic_regression,0.48023811648639086,1
C1CN=C(N1)NC2=C(C3=NC=CN=C3C=C2)Br,CC1=NC=C(N1CCO)[N+](=O)[O-],0.0,unreported_twosides_sampled,0.00026428673,0.19755724517490672,0.19755724517490672,fitted,platt_logistic_regression,0.48023811648639086,0
C1CN2C(=CC=C2C(=O)C3=CC=CC=C3)C1C(=O)O,CN(C)C(=N)N=C(N)N,1.0,reported_twosides,1.0,0.891810177985089,0.891810177985089,fitted,platt_logistic_regression,0.48023811648639086,1
C1=CC(=C(C=C1Cl)Cl)C(CN2C=CN=C2)OCC3=C(SC=C3)Cl,CCC(=O)OC(C(C)C)OP(=O)(CCCCC1=CC=CC=C1)CC(=O)N2CC(CC2C(=O)[O-])C3CCCCC3,0.0,unreported_twosides_sampled,4.2483545e-18,0.0919921710556056,0.0919921710556056,fitted,platt_logistic_regression,0.48023811648639086,0
CC(=O)SC1CC2=CC(=O)CCC2(C3C1C4CCC5(C4(CC3)C)CCC(=O)O5)C,CC(C)C1=NC(=CS1)CN(C)C(=O)NC(C(C)C)C(=O)NC(CC2=CC=CC=C2)CC(C(CC3=CC=CC=C3)NC(=O)OCC4=CN=CS4)O,1.0,reported_twosides,1.0,0.891810177985089,0.891810177985089,fitted,platt_logistic_regression,0.48023811648639086,1
C1=CC=C(C=C1)C(C2=CC=CC=C2)(C3=CC=CC=C3Cl)N4C=CN=C4,CC1COC2=C3N1C=C(C(=O)C3=CC(=C2N4CCN(CC4)C)F)C(=O)O,1.0,reported_twosides,1.0,0.891810177985089,0.891810177985089,fitted,platt_logistic_regression,0.48023811648639086,1
CC1(OC2CC3C4CC(C5=CC(=O)C=CC5(C4C(CC3(C2(O1)C(=O)CO)C)O)C)F)C,CN(C)C(=N)N=C(N)N,0.0,unreported_twosides_sampled,1.6434734e-13,0.0919921710556056,0.0919921710556056,fitted,platt_logistic_regression,0.48023811648639086,0
CCCC(CCC)C(=O)O,COC1=C(C=C2C(=C1)CC(C2=O)CC3CCN(CC3)CC4=CC=CC=C4)OC,1.0,reported_twosides,4.2483545e-18,0.0919921710556056,0.0919921710556056,fitted,platt_logistic_regression,0.48023811648639086,0
CCCN(CCC)S(=O)(=O)C1=CC=C(C=C1)C(=O)O,CN(C)CCC=C1C2=CC=CC=C2COC3=C1C=C(C=C3)CC(=O)O,0.0,unreported_twosides_sampled,1.0,0.891810177985089,0.891810177985089,fitted,platt_logistic_regression,0.48023811648639086,1
CC(C)(C)NCC(C1=CC(=C(C=C1)O)CO)O,CC(C)(CC1=CC=CC=C1)N,1.0,reported_twosides,1.1322261e-11,0.0919921710556056,0.0919921710556056,fitted,platt_logistic_regression,0.48023811648639086,0
CC(=O)N(CC(CO)O)C1=C(C(=C(C(=C1I)C(=O)NCC(CO)O)I)C(=O)NCC(CO)O)I,CC(CCC(=O)O)C1CCC2C1(CCC3C2C(CC4C3(CCC(C4)O)C)O)C,0.0,unreported_twosides_sampled,4.2483545e-18,0.0919921710556056,0.0919921710556056,fitted,platt_logistic_regression,0.48023811648639086,0
C(C(CO[N+](=O)[O-])O[N+](=O)[O-])O[N+](=O)[O-],CCCNC1CCC2=C(C1)SC(=N2)N,1.0,reported_twosides,4.2483545e-18,0.0919921710556056,0.0919921710556056,fitted,platt_logistic_regression,0.48023811648639086,0
CCCCC1=C(C2=CC=CC=C2O1)C(=O)C3=CC(=C(C(=C3)I)OCC[NH+](CC)CC)I,CCOC1=NC2=CC=CC(=C2N1CC3=CC=C(C=C3)C4=CC=CC=C4C5=NNN=N5)C(=O)O,1.0,reported_twosides,4.2483545e-18,0.0919921710556056,0.0919921710556056,fitted,platt_logistic_regression,0.48023811648639086,0
CC(=O)SC1CC2=CC(=O)CCC2(C3C1C4CCC5(C4(CC3)C)CCC(=O)O5)C,CC(C)(CC1=CC=CC=C1)N,0.0,unreported_twosides_sampled,1.0,0.891810177985089,0.891810177985089,fitted,platt_logistic_regression,0.48023811648639086,1
CC(=O)SC1CC2=CC(=O)CCC2(C3C1C4CCC5(C4(CC3)C)CCC(=O)O5)C,CC1CCC2CC(C(=CC=CC=CC(CC(C(=O)C(C(C(=CC(C(=O)CC(OC(=O)C3CCCCN3C(=O)C(=O)C1(O2)O)C(C)CC4CCC(C(C4)OC)O)C)C)O)OC)C)C)C)OC,1.0,reported_twosides,1.0,0.891810177985089,0.891810177985089,fitted,platt_logistic_regression,0.48023811648639086,1
CC(=O)N(CCCCCNC(=O)CCC(=O)N(CCCCCNC(=O)CCC(=O)N(CCCCCN)O)O)O,CN(C)C(=N)N=C(N)N,0.0,unreported_twosides_sampled,1.0,0.891810177985089,0.891810177985089,fitted,platt_logistic_regression,0.48023811648639086,1
CC12CC(C3(C(C1CC(C2(C(=O)CO)O)O)CCC4=CC(=O)C=CC43C)F)O,CN(C)CCC=C1C2=CC=CC=C2C=CC3=CC=CC=C31,1.0,reported_twosides,2.670139e-10,0.0919921710556056,0.0919921710556056,fitted,platt_logistic_regression,0.48023811648639086,0
CCCCCC(CCC1C(CC2C1CC3=C(C2)C(=CC=C3)OCC(=O)O)O)O,CCN(CCCC(C)NC1=C2C=CC(=CC2=NC=C1)Cl)CCO,1.0,reported_twosides,4.2483545e-18,0.0919921710556056,0.0919921710556056,fitted,platt_logistic_regression,0.48023811648639086,0
C1CN=C(N1)NC2=C(C3=NC=CN=C3C=C2)Br,CC(C)C(CC1=CC(=C(C=C1)OC)OCCCOC)CC(C(CC(C(C)C)C(=O)NCC(C)(C)C(=O)N)O)N,0.0,unreported_twosides_sampled,4.2483545e-18,0.0919921710556056,0.0919921710556056,fitted,platt_logistic_regression,0.48023811648639086,0
CC(C)(C)NCC(C1=CC(=C(C=C1)O)CO)O,S=[Se],1.0,reported_twosides,5.9514155e-10,0.0919921710556056,0.0919921710556056,fitted,platt_logistic_regression,0.48023811648639086,0
CC(C)(C)NCC(C1=CC(=C(C=C1)O)CO)O,CC1=CC2=C(C=C1C)N(C=N2)C3C(C(C(O3)CO)OP(=O)([O-])OC(C)CNC(=O)CCC4(C(C5C6(C(C(C(=N6)C(=C7C(C(C(=N7)C=C8C(C(C(=N8)C(=C4[N-]5)C)CCC(=O)N)(C)C)CCC(=O)N)(C)CC(=O)N)C)CCC(=O)N)(C)CC(=O)N)C)CC(=O)N)C)O.O.[Co],1.0,reported_twosides,4.2483545e-18,0.0919921710556056,0.0919921710556056,fitted,platt_logistic_regression,0.48023811648639086,0
C(=O)([O-])[O-].C(=O)([O-])[O-].C(=O)([O-])[O-].O.[La+3].[La+3],CC1=CC(=CC=C1)NC2=C(C=NC=C2)S(=O)(=O)NC(=O)NC(C)C,1.0,reported_twosides,4.2483545e-18,0.0919921710556056,0.0919921710556056,fitted,platt_logistic_regression,0.48023811648639086,0
CC1C=CC=CCCC=CC=CC=CC=CC(CC(C(C(CC(=O)CC(C(CCC(CC(CC(CC(=O)OC(C(C1O)C)C)O)O)O)O)O)O)C(=O)O)O)OC2C(C(C(C(O2)C)O)N)O,CCP(CC)CC.CC(=O)OCC1C(C(C(C(O1)[S-])OC(=O)C)OC(=O)C)OC(=O)C.[Au+],0.0,unreported_twosides_sampled,9.526152e-09,0.0919921710556056,0.0919921710556056,fitted,platt_logistic_regression,0.48023811648639086,0
C(=O)([O-])[O-].C(=O)([O-])[O-].C(=O)([O-])[O-].O.[La+3].[La+3],CC(C)(C)NCC(C1=CC(=C(C=C1)O)CO)O,1.0,reported_twosides,5.2791573e-12,0.0919921710556056,0.0919921710556056,fitted,platt_logistic_regression,0.48023811648639086,0
CC1=NN=C(S1)SCC2=C(N3C(C(C3=O)NC(=O)CN4C=NN=N4)SC2)C(=O)[O-],CN(C)C(=N)N=C(N)N,1.0,reported_twosides,1.0,0.891810177985089,0.891810177985089,fitted,platt_logistic_regression,0.48023811648639086,1
CN(C)CCC=C1C2=CC=CC=C2COC3=C1C=C(C=C3)CC(=O)O,CS(=O)(=O)C1=CC=C(C=C1)C2=C(C(=O)OC2)C3=CC=CC=C3,1.0,reported_twosides,1.0,0.891810177985089,0.891810177985089,fitted,platt_logistic_regression,0.48023811648639086,1
CC(=O)SC1CC2=CC(=O)CCC2(C3C1C4CCC5(C4(CC3)C)CCC(=O)O5)C,CCC(=O)OC(C(C)C)OP(=O)(CCCCC1=CC=CC=C1)CC(=O)N2CC(CC2C(=O)[O-])C3CCCCC3,1.0,reported_twosides,0.97177684,0.6161696645714795,0.6161696645714795,fitted,platt_logistic_regression,0.48023811648639086,1
C(C(CO[N+](=O)[O-])O[N+](=O)[O-])O[N+](=O)[O-],S=[Se],1.0,reported_twosides,0.9999943,0.8619599414419234,0.8619599414419234,fitted,platt_logistic_regression,0.48023811648639086,1
C1CN=C(N1)NC2=C(C3=NC=CN=C3C=C2)Br,CC12CC(C3(C(C1CC(C2(C(=O)CO)O)O)CCC4=CC(=O)C=CC43C)F)O,1.0,reported_twosides,4.2483545e-18,0.0919921710556056,0.0919921710556056,fitted,platt_logistic_regression,0.48023811648639086,0
CC1=CC(=CC=C1)CN2CCN(CC2)C(C3=CC=CC=C3)C4=CC=C(C=C4)Cl,CCCNC1CCC2=C(C1)SC(=N2)N,1.0,reported_twosides,4.2483545e-18,0.0919921710556056,0.0919921710556056,fitted,platt_logistic_regression,0.48023811648639086,0
CC12CC(C3(C(C1CC(C2(C(=O)CO)O)O)CCC4=CC(=O)C=CC43C)F)O,CN(C)C(=N)N=C(N)N,1.0,reported_twosides,2.481781e-17,0.0919921710556056,0.0919921710556056,fitted,platt_logistic_regression,0.48023811648639086,0
CC1C(C(=O)N1S(=O)(=O)O)NC(=O)C(=NOC(C)(C)C(=O)O)C2=CSC(=N2)N,CCOC1=NC2=CC=CC(=C2N1CC3=CC=C(C=C3)C4=CC=CC=C4C5=NNN=N5)C(=O)O,0.0,unreported_twosides_sampled,1.0,0.891810177985089,0.891810177985089,fitted,platt_logistic_regression,0.48023811648639086,1
C1=CC=C(C=C1)C(C2=CC=CC=C2)(C3=CC=CC=C3Cl)N4C=CN=C4,CC1=C(C(CCC1)(C)C)C=CC(=CC=CC(=CCO)C)C,0.0,unreported_twosides_sampled,1.0,0.891810177985089,0.891810177985089,fitted,platt_logistic_regression,0.48023811648639086,1
CC1=CC(=CC=C1)CN2CCN(CC2)C(C3=CC=CC=C3)C4=CC=C(C=C4)Cl,CC1C(C(=O)N1S(=O)(=O)O)NC(=O)C(=NOC(C)(C)C(=O)O)C2=CSC(=N2)N,0.0,unreported_twosides_sampled,0.00032596433,0.20290610600725564,0.20290610600725564,fitted,platt_logistic_regression,0.48023811648639086,0
C1CN=C(N1)NC2=C(C3=NC=CN=C3C=C2)Br,CC1COC2=C3N1C=C(C(=O)C3=CC(=C2N4CCN(CC4)C)F)C(=O)O,1.0,reported_twosides,1.9655432e-05,0.139988382080106,0.139988382080106,fitted,platt_logistic_regression,0.48023811648639086,0
CC1=NN=C(S1)SCC2=C(N3C(C(C3=O)NC(=O)CN4C=NN=N4)SC2)C(=O)[O-],CCOC1=CC=CC=C1OCCNC(C)CC2=CC(=C(C=C2)OC)S(=O)(=O)N,1.0,reported_twosides,0.99997056,0.8279059284221113,0.8279059284221113,fitted,platt_logistic_regression,0.48023811648639086,1
CC(C1=CC(=C(C=C1)C2=CC=CC=C2)F)C(=O)O,CCC1(CC(=O)NC1=O)C,0.0,unreported_twosides_sampled,1.7682258e-06,0.09985758843667647,0.09985758843667647,fitted,platt_logistic_regression,0.48023811648639086,0
CC1=CC2C(CCC3(C2CCC3(C(=O)C)O)C)C4(C1=CC(=O)CC4)C,CCCN(CCC)S(=O)(=O)C1=CC=C(C=C1)C(=O)O,0.0,unreported_twosides_sampled,4.2483545e-18,0.0919921710556056,0.0919921710556056,fitted,platt_logistic_regression,0.48023811648639086,0
C1CCC(CC1)C(CCN2CCCCC2)(C3=CC=CC=C3)O,CN(C)CCCN1C2=CC=CC=C2CCC3=CC=CC=C31,0.0,unreported_twosides_sampled,4.6849165e-18,0.0919921710556056,0.0919921710556056,fitted,platt_logistic_regression,0.48023811648639086,0
C1=CC=C(C=C1)C(C2=CC=CC=C2)(C3=CC=CC=C3Cl)N4C=CN=C4,CN(C)CCC=C1C2=CC=CC=C2C=CC3=CC=CC=C31,1.0,reported_twosides,1.0,0.891810177985089,0.891810177985089,fitted,platt_logistic_regression,0.48023811648639086,1
C1=CC(=C(C=C1Cl)Cl)C(CN2C=CN=C2)OCC3=C(SC=C3)Cl,C1CCC(CC1)C(CCN2CCCCC2)(C3=CC=CC=C3)O,0.0,unreported_twosides_sampled,4.2483545e-18,0.0919921710556056,0.0919921710556056,fitted,platt_logistic_regression,0.48023811648639086,0
C1CN=C(N1)NC2=C(C3=NC=CN=C3C=C2)Br,CCCCCC(C=CC1C(CC(=O)C1CCCCCCC(=O)O)O)O,0.0,unreported_twosides_sampled,4.2483545e-18,0.0919921710556056,0.0919921710556056,fitted,platt_logistic_regression,0.48023811648639086,0
CC1=CC2=C(C=C1C(=C)C3=CC=C(C=C3)C(=O)O)C(CCC2(C)C)(C)C,CC1=CC2C(CCC3(C2CCC3(C(=O)C)O)C)C4(C1=CC(=O)CC4)C,0.0,unreported_twosides_sampled,4.2483545e-18,0.0919921710556056,0.0919921710556056,fitted,platt_logistic_regression,0.48023811648639086,0
C1CCC(CC1)C(CCN2CCCCC2)(C3=CC=CC=C3)O,CC1=C(C(CCC1)(C)C)C=CC(=CC=CC(=CCO)C)C,0.0,unreported_twosides_sampled,0.0039402307,0.2747035298214195,0.2747035298214195,fitted,platt_logistic_regression,0.48023811648639086,0
CCC1=C(C(=NC(=N1)N)N)C2=CC=C(C=C2)Cl,CN1CCN(CC1)CCCN2C3=CC=CC=C3SC4=C2C=C(C=C4)Cl,0.0,unreported_twosides_sampled,0.04579889,0.3604233645528914,0.3604233645528914,fitted,platt_logistic_regression,0.48023811648639086,0
CC(C)(C)C1=CC=C(C=C1)S(=O)(=O)NC2=C(C(=NC(=N2)C3=NC=CC=N3)OCCO)OC4=CC=CC=C4OC,CC1=C(C(=CC=C1)NC2=CC=CC=C2C(=O)O)C,0.0,unreported_twosides_sampled,4.2483545e-18,0.0919921710556056,0.0919921710556056,fitted,platt_logistic_regression,0.48023811648639086,0
CC1(C(N2C(S1)C(C2=O)NC(=O)CC3=CC=CC=C3)C(=O)O)C,CCP(CC)CC.CC(=O)OCC1C(C(C(C(O1)[S-])OC(=O)C)OC(=O)C)OC(=O)C.[Au+],0.0,unreported_twosides_sampled,0.9999504,0.8157573822429902,0.8157573822429902,fitted,platt_logistic_regression,0.48023811648639086,1
CC(C)(C)NCC(COC1=NSN=C1N2CCOCC2)O,CC1=C(C(=CC=C1)NC2=CC=CC=C2C(=O)O)C,0.0,unreported_twosides_sampled,4.2483545e-18,0.0919921710556056,0.0919921710556056,fitted,platt_logistic_regression,0.48023811648639086,0
CN(CCCNC(=O)C1CCCO1)C2=NC3=CC(=C(C=C3C(=N2)N)OC)OC,CN1C=NC(=C1SC2=NC=NC3=C2NC=N3)[N+](=O)[O-],0.0,unreported_twosides_sampled,4.2483545e-18,0.0919921710556056,0.0919921710556056,fitted,platt_logistic_regression,0.48023811648639086,0
C1CN2C(=CC=C2C(=O)C3=CC=CC=C3)C1C(=O)O,CC1=CC(=CC=C1)CN2CCN(CC2)C(C3=CC=CC=C3)C4=CC=C(C=C4)Cl,1.0,reported_twosides,0.9999516,0.8163389084029453,0.8163389084029453,fitted,platt_logistic_regression,0.48023811648639086,1
CC1=CC(=CC=C1)NC2=C(C=NC=C2)S(=O)(=O)NC(=O)NC(C)C,CC1CC2C(CCC3(C2CCC3(C(=O)C)O)C)C4(C1=CC(=O)CC4)C,0.0,unreported_twosides_sampled,4.2483545e-18,0.0919921710556056,0.0919921710556056,fitted,platt_logistic_regression,0.48023811648639086,0
CC1C=CC=CCCC=CC=CC=CC=CC(CC(C(C(CC(=O)CC(C(CCC(CC(CC(CC(=O)OC(C(C1O)C)C)O)O)O)O)O)O)C(=O)O)O)OC2C(C(C(C(O2)C)O)N)O,CCN(CCCC(C)NC1=C2C=CC(=CC2=NC=C1)Cl)CCO,1.0,reported_twosides,4.2483545e-18,0.0919921710556056,0.0919921710556056,fitted,platt_logistic_regression,0.48023811648639086,0
CC(C)(C)NCC(C1=NC(=C(C=C1)O)CO)O,CN1CCN(CC1)CCCN2C3=CC=CC=C3SC4=C2C=C(C=C4)Cl,1.0,reported_twosides,4.2483545e-18,0.0919921710556056,0.0919921710556056,fitted,platt_logistic_regression,0.48023811648639086,0
CN(C)CCC=C1C2=CC=CC=C2C=CC3=CC=CC=C31,CN(CCCNC(=O)C1CCCO1)C2=NC3=CC(=C(C=C3C(=N2)N)OC)OC,1.0,reported_twosides,0.5442973,0.48455273490423983,0.48455273490423983,fitted,platt_logistic_regression,0.48023811648639086,1
CCCCN1CCCCC1C(=O)NC2=C(C=CC=C2C)C,CCOC1=NC2=CC=CC(=C2N1CC3=CC=C(C=C3)C4=CC=CC=C4C5=NNN=N5)C(=O)O,1.0,reported_twosides,4.2483545e-18,0.0919921710556056,0.0919921710556056,fitted,platt_logistic_regression,0.48023811648639086,0
CC(C1=CC(=C(C=C1)C2=CC=CC=C2)F)C(=O)O,CCCC(=O)OC1(CCC2C1(CC(C3C2CCC4=CC(=O)CCC34C)O)C)C(=O)CO,0.0,unreported_twosides_sampled,0.9999987,0.887576218758173,0.887576218758173,fitted,platt_logistic_regression,0.48023811648639086,1
C(=O)([O-])[O-].C(=O)([O-])[O-].C(=O)([O-])[O-].O.[La+3].[La+3],C(N)(N)(Cl)Cl,0.0,unreported_twosides_sampled,4.355895e-09,0.0919921710556056,0.0919921710556056,fitted,platt_logistic_regression,0.48023811648639086,0
CC(C)(C)NCC(COC1=NSN=C1N2CCOCC2)O,CCC(=O)OC(C(C)C)OP(=O)(CCCCC1=CC=CC=C1)CC(=O)N2CC(CC2C(=O)[O-])C3CCCCC3,0.0,unreported_twosides_sampled,4.2483545e-18,0.0919921710556056,0.0919921710556056,fitted,platt_logistic_regression,0.48023811648639086,0
CC1=C2C(=NC=C1)N(C3=C(C=CC=N3)C(=O)N2)C4CC4,CCN(CC)CCOC(=O)C1(CCCCC1)C2CCCCC2,0.0,unreported_twosides_sampled,0.99928385,0.7432014659416771,0.7432014659416771,fitted,platt_logistic_regression,0.48023811648639086,1
C(=O)([O-])[O-].C(=O)([O-])[O-].C(=O)([O-])[O-].O.[La+3].[La+3],CC1=NC=C(N1CCO)[N+](=O)[O-],0.0,unreported_twosides_sampled,1.0,0.891810177985089,0.891810177985089,fitted,platt_logistic_regression,0.48023811648639086,1
CC1NC2=CC(=C(C=C2C(=O)N1C3=CC=CC=C3C)S(=O)(=O)N)Cl,CN(C)CCC=C1C2=CC=CC=C2C=CC3=CC=CC=C31,1.0,reported_twosides,1.0,0.891810177985089,0.891810177985089,fitted,platt_logistic_regression,0.48023811648639086,1
CC(C)(C)NCC(C1=CC(=C(C=C1)O)CO)O,CC12CC(=O)C3C(C1CCC2(C(=O)CO)O)CCC4=CC(=O)C=CC34C,1.0,reported_twosides,0.0038317423,0.2738153674644981,0.2738153674644981,fitted,platt_logistic_regression,0.48023811648639086,0
C1CC(=O)NC(=O)C1N2C(=O)C3=CC=CC=C3C2=O,CN(C)CCC=C1C2=CC=CC=C2C=CC3=CC=CC=C31,1.0,reported_twosides,0.99993086,0.8076715264033805,0.8076715264033805,fitted,platt_logistic_regression,0.48023811648639086,1
CCCC(CCC)C(=O)O,CCP(CC)CC.CC(=O)OCC1C(C(C(C(O1)[S-])OC(=O)C)OC(=O)C)OC(=O)C.[Au+],0.0,unreported_twosides_sampled,4.2483545e-18,0.0919921710556056,0.0919921710556056,fitted,platt_logistic_regression,0.48023811648639086,0
CC1C=CC=CCCC=CC=CC=CC=CC(CC(C(C(CC(=O)CC(C(CCC(CC(CC(CC(=O)OC(C(C1O)C)C)O)O)O)O)O)O)C(=O)O)O)OC2C(C(C(C(O2)C)O)N)O,CCCNC(=O)NS(=O)(=O)C1=CC=C(C=C1)Cl,0.0,unreported_twosides_sampled,3.104455e-17,0.0919921710556056,0.0919921710556056,fitted,platt_logistic_regression,0.48023811648639086,0
CCN(CCCC(C)NC1=C2C=CC(=CC2=NC=C1)Cl)CCO,CN(C)CCCN1C2=CC=CC=C2CCC3=CC=CC=C31,1.0,reported_twosides,4.2483545e-18,0.0919921710556056,0.0919921710556056,fitted,platt_logistic_regression,0.48023811648639086,0
C(C(CO[N+](=O)[O-])O[N+](=O)[O-])O[N+](=O)[O-],CC1(OC2CC3C4CCC5=CC(=O)C=CC5(C4C(CC3(C2(O1)C(=O)CO)C)O)C)C,1.0,reported_twosides,0.0006451762,0.22106249311238294,0.22106249311238294,fitted,platt_logistic_regression,0.48023811648639086,0
CC1COC2=C3N1C=C(C(=O)C3=CC(=C2N4CCN(CC4)C)F)C(=O)O,CCC(C)C1C(CCC2(O1)CC3CC(O2)CC=C(C(C(C=CC=C4COC5C4(C(C=C(C5O)C)C(=O)O3)O)C)OC6CC(C(C(O6)C)OC7CC(C(C(O7)C)O)OC)OC)C)C.CC1CCC2(CC3CC(O2)CC=C(C(C(C=CC=C4COC5C4(C(C=C(C5O)C)C(=O)O3)O)C)OC6CC(C(C(O6)C)OC7CC(C(C(O7)C)O)OC)OC)C)OC1C(C)C,0.0,unreported_twosides_sampled,0.9999962,0.8694626591505406,0.8694626591505406,fitted,platt_logistic_regression,0.48023811648639086,1
C1C2=C(C=CC(=C2Cl)Cl)NC3=NC(=O)CN31,CC(=O)SC1CC2=CC(=O)CCC2(C3C1C4CCC5(C4(CC3)C)CCC(=O)O5)C,0.0,unreported_twosides_sampled,1.0,0.891810177985089,0.891810177985089,fitted,platt_logistic_regression,0.48023811648639086,1
C1=CC=C2C(=C1)C(=O)NC2(C3=CC(=C(C=C3)Cl)S(=O)(=O)N)O,CN(C)C(=N)N=C(N)N,1.0,reported_twosides,1.0,0.891810177985089,0.891810177985089,fitted,platt_logistic_regression,0.48023811648639086,1
CC1=CC2C(CCC3(C2CCC3(C(=O)C)O)C)C4(C1=CC(=O)CC4)C,CCCNC1CCC2=C(C1)SC(=N2)N,0.0,unreported_twosides_sampled,4.2483545e-18,0.0919921710556056,0.0919921710556056,fitted,platt_logistic_regression,0.48023811648639086,0
CC1=CC2C(CCC3(C2CCC3(C(=O)C)O)C)C4(C1=CC(=O)CC4)C,CC1CC2C(CCC3(C2CCC3(C(=O)C)O)C)C4(C1=CC(=O)CC4)C,1.0,reported_twosides,4.2483545e-18,0.0919921710556056,0.0919921710556056,fitted,platt_logistic_regression,0.48023811648639086,0
CC(C)(CC1=CC=CC=C1)N,CN(C)CCC=C1C2=CC=CC=C2C=CC3=CC=CC=C31,1.0,reported_twosides,1.0,0.891810177985089,0.891810177985089,fitted,platt_logistic_regression,0.48023811648639086,1
CC(C)(C)NCC(C1=CC(=C(C=C1)O)CO)O,CC1=CC(=CC=C1)CN2CCN(CC2)C(C3=CC=CC=C3)C4=CC=C(C=C4)Cl,1.0,reported_twosides,4.2483545e-18,0.0919921710556056,0.0919921710556056,fitted,platt_logistic_regression,0.48023811648639086,0
CC1CCC2CC(C(=CC=CC=CC(CC(C(=O)C(C(C(=CC(C(=O)CC(OC(=O)C3CCCCN3C(=O)C(=O)C1(O2)O)C(C)CC4CCC(C(C4)OC)O)C)C)O)OC)C)C)C)OC,CCCNC1CCC2=C(C1)SC(=N2)N,1.0,reported_twosides,4.2483545e-18,0.0919921710556056,0.0919921710556056,fitted,platt_logistic_regression,0.48023811648639086,0
CC(=O)N(CCCCCNC(=O)CCC(=O)N(CCCCCNC(=O)CCC(=O)N(CCCCCN)O)O)O,CCN(CCCC(C)NC1=C2C=CC(=CC2=NC=C1)Cl)CCO,0.0,unreported_twosides_sampled,0.30422637,0.4447781759272833,0.4447781759272833,fitted,platt_logistic_regression,0.48023811648639086,0
CCCN(CCC)S(=O)(=O)C1=CC=C(C=C1)C(=O)O,CN(CCCNC(=O)C1CCCO1)C2=NC3=CC(=C(C=C3C(=N2)N)OC)OC,0.0,unreported_twosides_sampled,4.2483545e-18,0.0919921710556056,0.0919921710556056,fitted,platt_logistic_regression,0.48023811648639086,0
C1CC(=O)NC(=O)C1N2C(=O)C3=CC=CC=C3C2=O,CC(C)C(CC1=CC(=C(C=C1)OC)OCCCOC)CC(C(CC(C(C)C)C(=O)NCC(C)(C)C(=O)N)O)N,0.0,unreported_twosides_sampled,4.2483545e-18,0.0919921710556056,0.0919921710556056,fitted,platt_logistic_regression,0.48023811648639086,0
CCC1=C2C(=CC=C1)C3=C(N2)C(OCC3)(CC)CC(=O)O,CN1CCC2=C3C1CC4=C(C3=CC=C2)C(=C(C=C4)O)O,0.0,unreported_twosides_sampled,8.7246667e-07,0.0919921710556056,0.0919921710556056,fitted,platt_logistic_regression,0.48023811648639086,0
C1CN2C(=CC=C2C(=O)C3=CC=CC=C3)C1C(=O)O,CC12CC(=O)C3C(C1CCC2(C(=O)CO)O)CCC4=CC(=O)C=CC34C,1.0,reported_twosides,1.0,0.891810177985089,0.891810177985089,fitted,platt_logistic_regression,0.48023811648639086,1
C1=CC=C(C=C1)CCNN,CCCC1=NN(C2=C1NC(=NC2=O)C3=C(C=CC(=C3)S(=O)(=O)N4CCN(CC4)C)OCC)C,0.0,unreported_twosides_sampled,1.5773054e-17,0.0919921710556056,0.0919921710556056,fitted,platt_logistic_regression,0.48023811648639086,0
CC1COC2=C3N1C=C(C(=O)C3=CC(=C2N4CCN(CC4)C)F)C(=O)O,CCCCC1=C(C2=CC=CC=C2O1)C(=O)C3=CC(=C(C(=C3)I)OCC[NH+](CC)CC)I,1.0,reported_twosides,4.2483545e-18,0.0919921710556056,0.0919921710556056,fitted,platt_logistic_regression,0.48023811648639086,0
CC(=O)OC1C(CC2C1(CCC3C2CCC4C3(CC(C(C4)O)N5CCOCC5)C)C)[N+]6(CCCC6)CC=C,CC(=O)SC1CC2=CC(=O)CCC2(C3C1C4CCC5(C4(CC3)C)CCC(=O)O5)C,1.0,reported_twosides,2.919507e-05,0.14774508763462735,0.14774508763462735,fitted,platt_logistic_regression,0.48023811648639086,0
CCCC(CCC)C(=O)O,CN(C)CCC=C1C2=CC=CC=C2C=CC3=CC=CC=C31,1.0,reported_twosides,1.3301449e-11,0.0919921710556056,0.0919921710556056,fitted,platt_logistic_regression,0.48023811648639086,0
CC1COC2=C3N1C=C(C(=O)C3=CC(=C2N4CCN(CC4)C)F)C(=O)O,CN1CC(=O)N2C(C1=O)CC3=C(C2C4=CC5=C(C=C4)OCO5)NC6=CC=CC=C36,1.0,reported_twosides,1.0,0.891810177985089,0.891810177985089,fitted,platt_logistic_regression,0.48023811648639086,1
CC(C)C1=NC(=CS1)CN(C)C(=O)NC(C(C)C)C(=O)NC(CC2=CC=CC=C2)CC(C(CC3=CC=CC=C3)NC(=O)OCC4=CN=CS4)O,CCCCCCCCCCCC(CC1C(C(=O)O1)CCCCCC)OC(=O)C(CC(C)C)NC=O,0.0,unreported_twosides_sampled,4.2483545e-18,0.0919921710556056,0.0919921710556056,fitted,platt_logistic_regression,0.48023811648639086,0
CC(C(=O)C1=CC(=CC=C1)Cl)NC(C)(C)C,CCCNC1CCC2=C(C1)SC(=N2)N,1.0,reported_twosides,4.2483545e-18,0.0919921710556056,0.0919921710556056,fitted,platt_logistic_regression,0.48023811648639086,0
CC1=CC2=C(C=C1C(=C)C3=CC=C(C=C3)C(=O)O)C(CCC2(C)C)(C)C,CC1CC2C(CCC3(C2CCC3(C(=O)C)O)C)C4(C1=CC(=O)CC4)C,0.0,unreported_twosides_sampled,4.2483545e-18,0.0919921710556056,0.0919921710556056,fitted,platt_logistic_regression,0.48023811648639086,0
CC12CC(C3(C(C1CC(C2(C(=O)CO)O)O)CCC4=CC(=O)C=CC43C)F)O,CN1CCC2=C3C1CC4=C(C3=CC=C2)C(=C(C=C4)O)O,0.0,unreported_twosides_sampled,2.292184e-13,0.0919921710556056,0.0919921710556056,fitted,platt_logistic_regression,0.48023811648639086,0
CC1COC2=C3N1C=C(C(=O)C3=CC(=C2N4CCN(CC4)C)F)C(=O)O,CN(C)C(=N)N=C(N)N,1.0,reported_twosides,0.18974622,0.42038355907608965,0.42038355907608965,fitted,platt_logistic_regression,0.48023811648639086,0
C(N)(N)(Cl)Cl,CNS(=O)(=O)CCC1=CC2=C(C=C1)NC=C2C3CCN(CC3)C,0.0,unreported_twosides_sampled,4.2483545e-18,0.0919921710556056,0.0919921710556056,fitted,platt_logistic_regression,0.48023811648639086,0
CC12CC(=O)C3C(C1CCC2(C(=O)CO)O)CCC4=CC(=O)C=CC34C,CCCCC1=C(C2=CC=CC=C2O1)C(=O)C3=CC(=C(C(=C3)I)OCC[NH+](CC)CC)I,1.0,reported_twosides,4.2483545e-18,0.0919921710556056,0.0919921710556056,fitted,platt_logistic_regression,0.48023811648639086,0
CC(=O)N(CCCCCNC(=O)CCC(=O)N(CCCCCNC(=O)CCC(=O)N(CCCCCN)O)O)O,CC1=C2C(=NC=C1)N(C3=C(C=CC=N3)C(=O)N2)C4CC4,0.0,unreported_twosides_sampled,1.0,0.891810177985089,0.891810177985089,fitted,platt_logistic_regression,0.48023811648639086,1
CCC(=C)C(=O)C1=C(C(=C(C=C1)OCC(=O)O)Cl)Cl,CCCC(CCC)C(=O)O,0.0,unreported_twosides_sampled,1.5516732e-17,0.0919921710556056,0.0919921710556056,fitted,platt_logistic_regression,0.48023811648639086,0
CC(C)C1=NC(=CS1)CN(C)C(=O)NC(C(C)C)C(=O)NC(CC2=CC=CC=C2)CC(C(CC3=CC=CC=C3)NC(=O)OCC4=CN=CS4)O,CCCCC(C)(CC=CC1C(CC(=O)C1CCCCCCC(=O)OC)O)O,0.0,unreported_twosides_sampled,0.24142711,0.43232838934133105,0.43232838934133105,fitted,platt_logistic_regression,0.48023811648639086,0
CCCNC(=O)NS(=O)(=O)C1=CC=C(C=C1)Cl,CN(C)CCC1=CNC2=C1C=C(C=C2)CC3COC(=O)N3,0.0,unreported_twosides_sampled,1.2533017e-13,0.0919921710556056,0.0919921710556056,fitted,platt_logistic_regression,0.48023811648639086,0
CC1=C(C(CCC1)(C)C)C=CC(=CC=CC(=CCO)C)C,CC1=C2C(=NC=C1)N(C3=C(C=CC=N3)C(=O)N2)C4CC4,0.0,unreported_twosides_sampled,1.0,0.891810177985089,0.891810177985089,fitted,platt_logistic_regression,0.48023811648639086,1
CC(CC1=CC(=C(C=C1)O)O)(C(=O)O)N,CCN(CCCC(C)NC1=C2C=CC(=CC2=NC=C1)Cl)CCO,1.0,reported_twosides,4.2483545e-18,0.0919921710556056,0.0919921710556056,fitted,platt_logistic_regression,0.48023811648639086,0
CC(CCC(=O)O)C1CCC2C1(CCC3C2C(CC4C3(CCC(C4)O)C)O)C,CCCCCCCCCCCC(CC1C(C(=O)O1)CCCCCC)OC(=O)C(CC(C)C)NC=O,1.0,reported_twosides,4.2483545e-18,0.0919921710556056,0.0919921710556056,fitted,platt_logistic_regression,0.48023811648639086,0
C1=CC=C(C=C1)CCNN,CC(C)(C)C1=CC=C(C=C1)S(=O)(=O)NC2=C(C(=NC(=N2)C3=NC=CC=N3)OCCO)OC4=CC=CC=C4OC,0.0,unreported_twosides_sampled,4.2483545e-18,0.0919921710556056,0.0919921710556056,fitted,platt_logistic_regression,0.48023811648639086,0
C1CN(CCN1CCC2=C(C=C3C(=C2)CC(=O)N3)Cl)C4=NSC5=CC=CC=C54,CC1=CC2C(CCC3(C2CCC3(C(=O)C)O)C)C4(C1=CC(=O)CC4)C,0.0,unreported_twosides_sampled,1.0,0.891810177985089,0.891810177985089,fitted,platt_logistic_regression,0.48023811648639086,1
CC1=C(C(CCC1)(C)C)C=CC(=CC=CC(=CCO)C)C,CCN(CC)CCOC(=O)C1(CCCCC1)C2CCCCC2,0.0,unreported_twosides_sampled,5.3416133e-11,0.0919921710556056,0.0919921710556056,fitted,platt_logistic_regression,0.48023811648639086,0
CCCC1=NN(C2=C1NC(=NC2=O)C3=C(C=CC(=C3)S(=O)(=O)N4CCN(CC4)C)OCC)C,CN1CCC2=C3C1CC4=C(C3=CC=C2)C(=C(C=C4)O)O,0.0,unreported_twosides_sampled,2.1708088e-13,0.0919921710556056,0.0919921710556056,fitted,platt_logistic_regression,0.48023811648639086,0
CC1=CC(=CC=C1)CN2CCN(CC2)C(C3=CC=CC=C3)C4=CC=C(C=C4)Cl,CNS(=O)(=O)CCC1=CC2=C(C=C1)NC=C2C3CCN(CC3)C,0.0,unreported_twosides_sampled,4.2483545e-18,0.0919921710556056,0.0919921710556056,fitted,platt_logistic_regression,0.48023811648639086,0
CC(C)C1=NC(=CS1)CN(C)C(=O)NC(C(C)C)C(=O)NC(CC2=CC=CC=C2)CC(C(CC3=CC=CC=C3)NC(=O)OCC4=CN=CS4)O,CCCC(CCC)C(=O)O,1.0,reported_twosides,5.2269037e-17,0.0919921710556056,0.0919921710556056,fitted,platt_logistic_regression,0.48023811648639086,0
C1CC(=O)NC(=O)C1N2C(=O)C3=CC=CC=C3C2=O,CC1=CC2=C(NC3=CC=CC=C3N=C2S1)N4CCN(CC4)C,1.0,reported_twosides,4.2483545e-18,0.0919921710556056,0.0919921710556056,fitted,platt_logistic_regression,0.48023811648639086,0
CCC1=C2C(=CC=C1)C3=C(N2)C(OCC3)(CC)CC(=O)O,CCCCC1=C(C2=CC=CC=C2O1)C(=O)C3=CC(=C(C(=C3)I)OCC[NH+](CC)CC)I,0.0,unreported_twosides_sampled,4.2483545e-18,0.0919921710556056,0.0919921710556056,fitted,platt_logistic_regression,0.48023811648639086,0
CC1CC2C(CCC3(C2CCC3(C(=O)C)O)C)C4(C1=CC(=O)CC4)C,CNS(=O)(=O)CCC1=CC2=C(C=C1)NC=C2C3CCN(CC3)C,1.0,reported_twosides,4.2483545e-18,0.0919921710556056,0.0919921710556056,fitted,platt_logistic_regression,0.48023811648639086,0
C(C(CO[N+](=O)[O-])O[N+](=O)[O-])O[N+](=O)[O-],CCCC1=NN(C2=C1NC(=NC2=O)C3=C(C=CC(=C3)S(=O)(=O)N4CCN(CC4)C)OCC)C,1.0,reported_twosides,1.8504492e-16,0.0919921710556056,0.0919921710556056,fitted,platt_logistic_regression,0.48023811648639086,0
CC1COC2=C3N1C=C(C(=O)C3=CC(=C2N4CCN(CC4)C)F)C(=O)O,CCCCCC(CCC1C(CC2C1CC3=C(C2)C(=CC=C3)OCC(=O)O)O)O,1.0,reported_twosides,4.2483545e-18,0.0919921710556056,0.0919921710556056,fitted,platt_logistic_regression,0.48023811648639086,0
CN1C=NC(=C1SC2=NC=NC3=C2NC=N3)[N+](=O)[O-],S=[Se],0.0,unreported_twosides_sampled,1.1309897e-14,0.0919921710556056,0.0919921710556056,fitted,platt_logistic_regression,0.48023811648639086,0
C1=CC(=C(C=C1Cl)Cl)C(CN2C=CN=C2)OCC3=C(SC=C3)Cl,CC1=CC2=C(C=C1C(=C)C3=CC=C(C=C3)C(=O)O)C(CCC2(C)C)(C)C,0.0,unreported_twosides_sampled,3.3823481e-16,0.0919921710556056,0.0919921710556056,fitted,platt_logistic_regression,0.48023811648639086,0
CC1=CC(=CC=C1)NC2=C(C=NC=C2)S(=O)(=O)NC(=O)NC(C)C,S=[Se],1.0,reported_twosides,4.2483545e-18,0.0919921710556056,0.0919921710556056,fitted,platt_logistic_regression,0.48023811648639086,0
C1=CC=C(C=C1)CCNN,CC1=C(N=CN1)CSCCNC(=NC)NC#N,0.0,unreported_twosides_sampled,1.0,0.891810177985089,0.891810177985089,fitted,platt_logistic_regression,0.48023811648639086,1
CC(C)(C)NCC(C1=CC(=C(C=C1)O)CO)O,CCOC1=CC=CC=C1OCCNC(C)CC2=CC(=C(C=C2)OC)S(=O)(=O)N,1.0,reported_twosides,4.2483545e-18,0.0919921710556056,0.0919921710556056,fitted,platt_logistic_regression,0.48023811648639086,0
CC1=CC2=C(C=C1C(=C)C3=CC=C(C=C3)C(=O)O)C(CCC2(C)C)(C)C,CN(C)CCC1=CNC2=C1C=C(C=C2)CC3COC(=O)N3,0.0,unreported_twosides_sampled,3.3314532e-06,0.1092948662331502,0.1092948662331502,fitted,platt_logistic_regression,0.48023811648639086,0
C1CN=C(N1)NC2=C(C3=NC=CN=C3C=C2)Br,CCC(=O)OC(C(C)C)OP(=O)(CCCCC1=CC=CC=C1)CC(=O)N2CC(CC2C(=O)[O-])C3CCCCC3,1.0,reported_twosides,4.2483545e-18,0.0919921710556056,0.0919921710556056,fitted,platt_logistic_regression,0.48023811648639086,0
CC(CC1=CC=CC=C1)N(C)CC#C,CCC(C)C1C(CCC2(O1)CC3CC(O2)CC=C(C(C(C=CC=C4COC5C4(C(C=C(C5O)C)C(=O)O3)O)C)OC6CC(C(C(O6)C)OC7CC(C(C(O7)C)O)OC)OC)C)C.CC1CCC2(CC3CC(O2)CC=C(C(C(C=CC=C4COC5C4(C(C=C(C5O)C)C(=O)O3)O)C)OC6CC(C(C(O6)C)OC7CC(C(C(O7)C)O)OC)OC)C)OC1C(C)C,0.0,unreported_twosides_sampled,2.0396306e-11,0.0919921710556056,0.0919921710556056,fitted,platt_logistic_regression,0.48023811648639086,0
CC1=CC(=CC=C1)CN2CCN(CC2)C(C3=CC=CC=C3)C4=CC=C(C=C4)Cl,CC1=CC2C(CCC3(C2CCC3(C(=O)C)O)C)C4(C1=CC(=O)CC4)C,1.0,reported_twosides,4.2483545e-18,0.0919921710556056,0.0919921710556056,fitted,platt_logistic_regression,0.48023811648639086,0
CC(C(=O)C1=CC(=CC=C1)Cl)NC(C)(C)C,CCCC1=NN(C2=C1NC(=NC2=O)C3=C(C=CC(=C3)S(=O)(=O)N4CCN(CC4)C)OCC)C,1.0,reported_twosides,4.2483545e-18,0.0919921710556056,0.0919921710556056,fitted,platt_logistic_regression,0.48023811648639086,0
C1CN2C(=CC=C2C(=O)C3=CC=CC=C3)C1C(=O)O,CC(=O)SC1CC2=CC(=O)CCC2(C3C1C4CCC5(C4(CC3)C)CCC(=O)O5)C,1.0,reported_twosides,1.0,0.891810177985089,0.891810177985089,fitted,platt_logistic_regression,0.48023811648639086,1
C1=CC=C(C=C1)C(C2=CC=CC=C2)(C3=CC=CC=C3Cl)N4C=CN=C4,CC1=CC2C(CCC3(C2CCC3(C(=O)C)O)C)C4(C1=CC(=O)CC4)C,1.0,reported_twosides,0.4132228,0.4635852663014805,0.4635852663014805,fitted,platt_logistic_regression,0.48023811648639086,0
CC1(C(N2C(S1)C(C2=O)NC(=O)CC3=CC=CC=C3)C(=O)O)C,CN(C)CCC=C1C2=CC=CC=C2COC3=C1C=C(C=C3)CC(=O)O,0.0,unreported_twosides_sampled,1.0,0.891810177985089,0.891810177985089,fitted,platt_logistic_regression,0.48023811648639086,1
CC(C)(C)NCC(COC1=NSN=C1N2CCOCC2)O,CC1(OC2CC3C4CCC5=CC(=O)C=CC5(C4C(CC3(C2(O1)C(=O)CO)C)O)C)C,0.0,unreported_twosides_sampled,4.2483545e-18,0.0919921710556056,0.0919921710556056,fitted,platt_logistic_regression,0.48023811648639086,0
CN1CC(=O)N2C(C1=O)CC3=C(C2C4=CC5=C(C=C4)OCO5)NC6=CC=CC=C36,CNS(=O)(=O)CCC1=CC2=C(C=C1)NC=C2C3CCN(CC3)C,0.0,unreported_twosides_sampled,0.0008628203,0.22914003995283583,0.22914003995283583,fitted,platt_logistic_regression,0.48023811648639086,0
CC(C)(C)NCC(COC1=NSN=C1N2CCOCC2)O,COC1=C(C=C2C(=C1)CC(C2=O)CC3CCN(CC3)CC4=CC=CC=C4)OC,1.0,reported_twosides,4.2483545e-18,0.0919921710556056,0.0919921710556056,fitted,platt_logistic_regression,0.48023811648639086,0
CC1C=CC=CCCC=CC=CC=CC=CC(CC(C(C(CC(=O)CC(C(CCC(CC(CC(CC(=O)OC(C(C1O)C)C)O)O)O)O)O)O)C(=O)O)O)OC2C(C(C(C(O2)C)O)N)O,CN(C)CCC=C1C2=CC=CC=C2COC3=C1C=C(C=C3)CC(=O)O,1.0,reported_twosides,1.0,0.891810177985089,0.891810177985089,fitted,platt_logistic_regression,0.48023811648639086,1
C1CN(CCN1CCC2=C(C=C3C(=C2)CC(=O)N3)Cl)C4=NSC5=CC=CC=C54,CC(C)(CC1=CC=CC=C1)N,1.0,reported_twosides,1.0,0.891810177985089,0.891810177985089,fitted,platt_logistic_regression,0.48023811648639086,1
CC1(OC2CC3C4CCC5=CC(=O)C=CC5(C4C(CC3(C2(O1)C(=O)CO)C)O)C)C,CCC(C)C1C(CCC2(O1)CC3CC(O2)CC=C(C(C(C=CC=C4COC5C4(C(C=C(C5O)C)C(=O)O3)O)C)OC6CC(C(C(O6)C)OC7CC(C(C(O7)C)O)OC)OC)C)C.CC1CCC2(CC3CC(O2)CC=C(C(C(C=CC=C4COC5C4(C(C=C(C5O)C)C(=O)O3)O)C)OC6CC(C(C(O6)C)OC7CC(C(C(O7)C)O)OC)OC)C)OC1C(C)C,0.0,unreported_twosides_sampled,7.828175e-12,0.0919921710556056,0.0919921710556056,fitted,platt_logistic_regression,0.48023811648639086,0
CC(C(=O)C1=CC(=CC=C1)Cl)NC(C)(C)C,CS(=O)(=O)C1=CC=C(C=C1)C2=C(C(=O)OC2)C3=CC=CC=C3,1.0,reported_twosides,3.4852714e-09,0.0919921710556056,0.0919921710556056,fitted,platt_logistic_regression,0.48023811648639086,0
C1=CN(C(=O)N=C1N)C2C(C(C(O2)CO)O)O,CC1COC2=C3N1C=C(C(=O)C3=CC(=C2N4CCN(CC4)C)F)C(=O)O,1.0,reported_twosides,0.99997854,0.8349655325701555,0.8349655325701555,fitted,platt_logistic_regression,0.48023811648639086,1
CC12CC(C3(C(C1CC(C2(C(=O)CO)O)O)CCC4=CC(=O)C=CC43C)F)O,CC1C=CC=CCCC=CC=CC=CC=CC(CC(C(C(CC(=O)CC(C(CCC(CC(CC(CC(=O)OC(C(C1O)C)C)O)O)O)O)O)O)C(=O)O)O)OC2C(C(C(C(O2)C)O)N)O,1.0,reported_twosides,3.2581856e-13,0.0919921710556056,0.0919921710556056,fitted,platt_logistic_regression,0.48023811648639086,0
CC1=CC2C(CCC3(C2CCC3(C(=O)C)O)C)C4(C1=CC(=O)CC4)C,CC1=NC=C(N1CCO)[N+](=O)[O-],1.0,reported_twosides,1.4326489e-05,0.13403611317391778,0.13403611317391778,fitted,platt_logistic_regression,0.48023811648639086,0
CC(C)(CC1=CC=CC=C1)N,CC12CC(C3(C(C1CC(C2(C(=O)CO)O)O)CCC4=CC(=O)C=CC43C)F)O,1.0,reported_twosides,1.5258988e-17,0.0919921710556056,0.0919921710556056,fitted,platt_logistic_regression,0.48023811648639086,0
CC(C)(C)C1=CC=C(C=C1)S(=O)(=O)NC2=C(C(=NC(=N2)C3=NC=CC=N3)OCCO)OC4=CC=CC=C4OC,CCCC(CCC)C(=O)O,1.0,reported_twosides,4.2483545e-18,0.0919921710556056,0.0919921710556056,fitted,platt_logistic_regression,0.48023811648639086,0
CC1=C2C(=NC=C1)N(C3=C(C=CC=N3)C(=O)N2)C4CC4,CC1COC2=C3N1C=C(C(=O)C3=CC(=C2N4CCN(CC4)C)F)C(=O)O,1.0,reported_twosides,1.0,0.891810177985089,0.891810177985089,fitted,platt_logistic_regression,0.48023811648639086,1
CCCC(CCC)C(=O)O,CCN(CCCC(C)NC1=C2C=CC(=CC2=NC=C1)Cl)CCO,1.0,reported_twosides,4.2483545e-18,0.0919921710556056,0.0919921710556056,fitted,platt_logistic_regression,0.48023811648639086,0
C1=CC=C2C(=C1)C(=O)NC2(C3=CC(=C(C=C3)Cl)S(=O)(=O)N)O,CC(C)(C)NCC(C1=CC(=C(C=C1)O)CO)O,1.0,reported_twosides,1.0,0.891810177985089,0.891810177985089,fitted,platt_logistic_regression,0.48023811648639086,1
CC(=O)N(CC(CO)O)C1=C(C(=C(C(=C1I)C(=O)NCC(CO)O)I)C(=O)NCC(CO)O)I,CN(C)C(=N)N=C(N)N,0.0,unreported_twosides_sampled,4.2483545e-18,0.0919921710556056,0.0919921710556056,fitted,platt_logistic_regression,0.48023811648639086,0
C(C(CO[N+](=O)[O-])O[N+](=O)[O-])O[N+](=O)[O-],CN1CCN(CC1)CCCN2C3=CC=CC=C3SC4=C2C=C(C=C4)Cl,1.0,reported_twosides,6.0322713e-10,0.0919921710556056,0.0919921710556056,fitted,platt_logistic_regression,0.48023811648639086,0
C1=CC=C(C=C1)C(C2=CC=CC=C2)(C3=CC=CC=C3Cl)N4C=CN=C4,CN1CCN(CC1)CCCN2C3=CC=CC=C3SC4=C2C=C(C=C4)Cl,1.0,reported_twosides,0.99999976,0.891810177985089,0.891810177985089,fitted,platt_logistic_regression,0.48023811648639086,1
CN(C)CCC=C1C2=CC=CC=C2COC3=C1C=C(C=C3)CC(=O)O,S=[Se],0.0,unreported_twosides_sampled,1.0,0.891810177985089,0.891810177985089,fitted,platt_logistic_regression,0.48023811648639086,1
CC(CC1=CC=CC=C1)N(C)CC#C,CN1C(=NC(=O)C(=N1)[O-])SCC2=C(N3C(C(C3=O)NC(=O)C(=NOC)C4=CSC(=N4)N)SC2)C(=O)[O-],0.0,unreported_twosides_sampled,1.0,0.891810177985089,0.891810177985089,fitted,platt_logistic_regression,0.48023811648639086,1
CC1=C(C(CCC1)(C)C)C=CC(=CC=CC(=CCO)C)C,CC1NC2=CC(=C(C=C2C(=O)N1C3=CC=CC=C3C)S(=O)(=O)N)Cl,0.0,unreported_twosides_sampled,1.0,0.891810177985089,0.891810177985089,fitted,platt_logistic_regression,0.48023811648639086,1
C(N)(N)(Cl)Cl,CC1CC2C(CCC3(C2CCC3(C(=O)C)O)C)C4(C1=CC(=O)CC4)C,1.0,reported_twosides,4.2483545e-18,0.0919921710556056,0.0919921710556056,fitted,platt_logistic_regression,0.48023811648639086,0
C(=O)([O-])[O-].C(=O)([O-])[O-].C(=O)([O-])[O-].O.[La+3].[La+3],CC1CC2C(CCC3(C2CCC3(C(=O)C)O)C)C4(C1=CC(=O)CC4)C,1.0,reported_twosides,4.2483545e-18,0.0919921710556056,0.0919921710556056,fitted,platt_logistic_regression,0.48023811648639086,0
CC12CC(=O)C3C(C1CCC2(C(=O)CO)O)CCC4=CC(=O)C=CC34C,CCCC(CCC)C(=O)O,1.0,reported_twosides,2.5555982e-14,0.0919921710556056,0.0919921710556056,fitted,platt_logistic_regression,0.48023811648639086,0
C(N)(N)(Cl)Cl,CC1C=CC=CCCC=CC=CC=CC=CC(CC(C(C(CC(=O)CC(C(CCC(CC(CC(CC(=O)OC(C(C1O)C)C)O)O)O)O)O)O)C(=O)O)O)OC2C(C(C(C(O2)C)O)N)O,1.0,reported_twosides,9.9039056e-14,0.0919921710556056,0.0919921710556056,fitted,platt_logistic_regression,0.48023811648639086,0
C1CN(CCN1CCC2=C(C=C3C(=C2)CC(=O)N3)Cl)C4=NSC5=CC=CC=C54,CN(C)CCC=C1C2=CC=CC=C2C=CC3=CC=CC=C31,1.0,reported_twosides,1.0,0.891810177985089,0.891810177985089,fitted,platt_logistic_regression,0.48023811648639086,1
CCCC(CCC)C(=O)O,CN1C=NC(=C1SC2=NC=NC3=C2NC=N3)[N+](=O)[O-],1.0,reported_twosides,4.2483545e-18,0.0919921710556056,0.0919921710556056,fitted,platt_logistic_regression,0.48023811648639086,0
C1CN=C(N1)NC2=C(C3=NC=CN=C3C=C2)Br,CC1=CC2=C(C=C1C(=C)C3=CC=C(C=C3)C(=O)O)C(CCC2(C)C)(C)C,0.0,unreported_twosides_sampled,4.2483545e-18,0.0919921710556056,0.0919921710556056,fitted,platt_logistic_regression,0.48023811648639086,0
CN1C=NC(=C1SC2=NC=NC3=C2NC=N3)[N+](=O)[O-],CN1CC(=O)N2C(C1=O)CC3=C(C2C4=CC5=C(C=C4)OCO5)NC6=CC=CC=C36,0.0,unreported_twosides_sampled,4.981299e-06,0.11568732707461808,0.11568732707461808,fitted,platt_logistic_regression,0.48023811648639086,0
CC(CC1=CC=CC=C1)N(C)CC#C,CN(C)CCC=C1C2=CC=CC=C2COC3=C1C=C(C=C3)CC(=O)O,0.0,unreported_twosides_sampled,1.0,0.891810177985089,0.891810177985089,fitted,platt_logistic_regression,0.48023811648639086,1
CCCC(CCC)C(=O)O,CN(C)CCC=C1C2=CC=CC=C2COC3=C1C=C(C=C3)CC(=O)O,0.0,unreported_twosides_sampled,3.9657723e-05,0.15399120659483992,0.15399120659483992,fitted,platt_logistic_regression,0.48023811648639086,0
CCC(=C)C(=O)C1=C(C(=C(C=C1)OCC(=O)O)Cl)Cl,CCCCCC(CCC1C(CC2C1CC3=C(C2)C(=CC=C3)OCC(=O)O)O)O,0.0,unreported_twosides_sampled,4.2483545e-18,0.0919921710556056,0.0919921710556056,fitted,platt_logistic_regression,0.48023811648639086,0
CC(C)(C)C1=CC=C(C=C1)S(=O)(=O)NC2=C(C(=NC(=N2)C3=NC=CC=N3)OCCO)OC4=CC=CC=C4OC,CC1C=CC=CCCC=CC=CC=CC=CC(CC(C(C(CC(=O)CC(C(CCC(CC(CC(CC(=O)OC(C(C1O)C)C)O)O)O)O)O)O)C(=O)O)O)OC2C(C(C(C(O2)C)O)N)O,1.0,reported_twosides,4.2483545e-18,0.0919921710556056,0.0919921710556056,fitted,platt_logistic_regression,0.48023811648639086,0
CN1C(=NC(=O)C(=N1)[O-])SCC2=C(N3C(C(C3=O)NC(=O)C(=NOC)C4=CSC(=N4)N)SC2)C(=O)[O-],S=[Se],0.0,unreported_twosides_sampled,1.0,0.891810177985089,0.891810177985089,fitted,platt_logistic_regression,0.48023811648639086,1
CC1(OC2CC3C4CC(C5=CC(=O)C=CC5(C4C(CC3(C2(O1)C(=O)CO)C)O)C)F)C,CCCC(CCC)C(=O)O,1.0,reported_twosides,4.2483545e-18,0.0919921710556056,0.0919921710556056,fitted,platt_logistic_regression,0.48023811648639086,0
CCC(CC)OC1C=C(CC(C1NC(=O)C)N)C(=O)OCC,CN1C=NC(=C1SC2=NC=NC3=C2NC=N3)[N+](=O)[O-],0.0,unreported_twosides_sampled,4.2483545e-18,0.0919921710556056,0.0919921710556056,fitted,platt_logistic_regression,0.48023811648639086,0
CCCC(CCC)C(=O)O,CCOC1=NC2=CC=CC(=C2N1CC3=CC=C(C=C3)C4=CC=CC=C4C5=NNN=N5)C(=O)O,1.0,reported_twosides,0.0018975387,0.2520817496773282,0.2520817496773282,fitted,platt_logistic_regression,0.48023811648639086,0
CC1(OC2CC3C4CCC5=CC(=O)C=CC5(C4C(CC3(C2(O1)C(=O)CO)C)O)C)C,CN(C)CCCN1C2=CC=CC=C2CCC3=CC=CC=C31,1.0,reported_twosides,3.6134955e-15,0.0919921710556056,0.0919921710556056,fitted,platt_logistic_regression,0.48023811648639086,0
CC(C(=O)C1=CC(=CC=C1)Cl)NC(C)(C)C,CC1CC2C(CCC3(C2CCC3(C(=O)C)O)C)C4(C1=CC(=O)CC4)C,1.0,reported_twosides,4.2483545e-18,0.0919921710556056,0.0919921710556056,fitted,platt_logistic_regression,0.48023811648639086,0
CC(C)(C)NCC(C1=CC(=C(C=C1)O)CO)O,CS(=O)(=O)C1=CC=C(C=C1)C2=C(C(=O)OC2)C3=CC=CC=C3,1.0,reported_twosides,0.051478643,0.3649450411338081,0.3649450411338081,fitted,platt_logistic_regression,0.48023811648639086,0
C1=CC=C(C=C1)CCNN,CC1CC2C(CCC3(C2CCC3(C(=O)C)O)C)C4(C1=CC(=O)CC4)C,0.0,unreported_twosides_sampled,4.2483545e-18,0.0919921710556056,0.0919921710556056,fitted,platt_logistic_regression,0.48023811648639086,0
CC(=O)N(CCCCCNC(=O)CCC(=O)N(CCCCCNC(=O)CCC(=O)N(CCCCCN)O)O)O,CCC(=C)C(=O)C1=C(C(=C(C=C1)OCC(=O)O)Cl)Cl,0.0,unreported_twosides_sampled,1.0,0.891810177985089,0.891810177985089,fitted,platt_logistic_regression,0.48023811648639086,1
CC1=C(C(CCC1)(C)C)C=CC(=CC=CC(=CCO)C)C,CC1COC2=C3N1C=C(C(=O)C3=CC(=C2N4CCN(CC4)C)F)C(=O)O,1.0,reported_twosides,1.0,0.891810177985089,0.891810177985089,fitted,platt_logistic_regression,0.48023811648639086,1
CC(=O)SC1CC2=CC(=O)CCC2(C3C1C4CCC5(C4(CC3)C)CCC(=O)O5)C,CCP(CC)CC.CC(=O)OCC1C(C(C(C(O1)[S-])OC(=O)C)OC(=O)C)OC(=O)C.[Au+],0.0,unreported_twosides_sampled,1.0,0.891810177985089,0.891810177985089,fitted,platt_logistic_regression,0.48023811648639086,1
C1CN=C(N1)NC2=C(C3=NC=CN=C3C=C2)Br,CN(C)CCC=C1C2=CC=CC=C2COC3=C1C=C(C=C3)CC(=O)O,0.0,unreported_twosides_sampled,0.9998222,0.7832259347186594,0.7832259347186594,fitted,platt_logistic_regression,0.48023811648639086,1
C(C(CO[N+](=O)[O-])O[N+](=O)[O-])O[N+](=O)[O-],CCCCCCCCCCCC(CC1C(C(=O)O1)CCCCCC)OC(=O)C(CC(C)C)NC=O,1.0,reported_twosides,4.2483545e-18,0.0919921710556056,0.0919921710556056,fitted,platt_logistic_regression,0.48023811648639086,0
CCCN(CCC)S(=O)(=O)C1=CC=C(C=C1)C(=O)O,CCN(CCCC(C)NC1=C2C=CC(=CC2=NC=C1)Cl)CCO,1.0,reported_twosides,4.2483545e-18,0.0919921710556056,0.0919921710556056,fitted,platt_logistic_regression,0.48023811648639086,0
CC(CC1=CC=CC=C1)N(C)CC#C,CCCCCC(CCC1C(CC2C1CC3=C(C2)C(=CC=C3)OCC(=O)O)O)O,0.0,unreported_twosides_sampled,4.2483545e-18,0.0919921710556056,0.0919921710556056,fitted,platt_logistic_regression,0.48023811648639086,0
CC(C)(C)C1=CC=C(C=C1)S(=O)(=O)NC2=C(C(=NC(=N2)C3=NC=CC=N3)OCCO)OC4=CC=CC=C4OC,CC1(C(N2C(S1)C(C2=O)NC(=O)CC3=CC=CC=C3)C(=O)O)C,0.0,unreported_twosides_sampled,1.9192049e-11,0.0919921710556056,0.0919921710556056,fitted,platt_logistic_regression,0.48023811648639086,0
CC(C)(C)NCC(C1=CC(=C(C=C1)O)CO)O,CN(CCCNC(=O)C1CCCO1)C2=NC3=CC(=C(C=C3C(=N2)N)OC)OC,1.0,reported_twosides,4.2483545e-18,0.0919921710556056,0.0919921710556056,fitted,platt_logistic_regression,0.48023811648639086,0
C1CC(C1)(C(=O)O)C(=O)O.N.N.[Pt],CC(C)(C)NCC(COC1=NSN=C1N2CCOCC2)O,1.0,reported_twosides,4.2483545e-18,0.0919921710556056,0.0919921710556056,fitted,platt_logistic_regression,0.48023811648639086,0
C1CC(=O)NC(=O)C1N2C(=O)C3=CC=CC=C3C2=O,CC(C)(C)NCC(C1=CC(=C(C=C1)O)CO)O,1.0,reported_twosides,2.8727448e-14,0.0919921710556056,0.0919921710556056,fitted,platt_logistic_regression,0.48023811648639086,0
C1CC(C1)(C(=O)O)C(=O)O.N.N.[Pt],CC(=O)OC1C(CC2C1(CCC3C2CCC4C3(CC(C(C4)O)N5CCOCC5)C)C)[N+]6(CCCC6)CC=C,0.0,unreported_twosides_sampled,4.2483545e-18,0.0919921710556056,0.0919921710556056,fitted,platt_logistic_regression,0.48023811648639086,0
CC12CCC3C(C1CCC2(C#C)O)CCC4=CC(=O)CCC34,CCN(CC)CC(=O)NC1=C(C=CC=C1C)C,0.0,unreported_twosides_sampled,4.2483545e-18,0.0919921710556056,0.0919921710556056,fitted,platt_logistic_regression,0.48023811648639086,0
C1=CN(C(=O)N=C1N)C2C(C(C(O2)CO)O)O,CCCN(CCC)S(=O)(=O)C1=CC=C(C=C1)C(=O)O,0.0,unreported_twosides_sampled,1.3621106e-07,0.0919921710556056,0.0919921710556056,fitted,platt_logistic_regression,0.48023811648639086,0
CC(C)(CC1=CC=CC=C1)N,CCCC(CCC)C(=O)O,1.0,reported_twosides,4.2483545e-18,0.0919921710556056,0.0919921710556056,fitted,platt_logistic_regression,0.48023811648639086,0
CC(C)(CC1=CC=CC=C1)N,CC1C=CC=CCCC=CC=CC=CC=CC(CC(C(C(CC(=O)CC(C(CCC(CC(CC(CC(=O)OC(C(C1O)C)C)O)O)O)O)O)O)C(=O)O)O)OC2C(C(C(C(O2)C)O)N)O,1.0,reported_twosides,2.2819204e-06,0.1035669965992497,0.1035669965992497,fitted,platt_logistic_regression,0.48023811648639086,0
CC1=CC2C(CCC3(C2CCC3(C(=O)C)O)C)C4(C1=CC(=O)CC4)C,CCN(CC)CCOC(=O)C1(CCCCC1)C2CCCCC2,1.0,reported_twosides,4.2483545e-18,0.0919921710556056,0.0919921710556056,fitted,platt_logistic_regression,0.48023811648639086,0
CC1=C2C(=NC=C1)N(C3=C(C=CC=N3)C(=O)N2)C4CC4,CC1CC2C(CCC3(C2CCC3(C(=O)C)O)C)C4(C1=CC(=O)CC4)C,0.0,unreported_twosides_sampled,2.9321048e-10,0.0919921710556056,0.0919921710556056,fitted,platt_logistic_regression,0.48023811648639086,0
CC(=O)SC1CC2=CC(=O)CCC2(C3C1C4CCC5(C4(CC3)C)CCC(=O)O5)C,S=[Se],1.0,reported_twosides,1.0,0.891810177985089,0.891810177985089,fitted,platt_logistic_regression,0.48023811648639086,1
CC(C)(C)C1=CC=C(C=C1)S(=O)(=O)NC2=C(C(=NC(=N2)C3=NC=CC=N3)OCCO)OC4=CC=CC=C4OC,CC(C)(C)NCC(C1=CC(=C(C=C1)O)CO)O,1.0,reported_twosides,4.2483545e-18,0.0919921710556056,0.0919921710556056,fitted,platt_logistic_regression,0.48023811648639086,0
CC1=NC=C(N1CCO)[N+](=O)[O-],CCOC1=CC=CC=C1OCCNC(C)CC2=CC(=C(C=C2)OC)S(=O)(=O)N,1.0,reported_twosides,0.0017651509,0.24991323744031885,0.24991323744031885,fitted,platt_logistic_regression,0.48023811648639086,0
CCCCCC(C=CC1C(CC(=O)C1CCCCCCC(=O)O)O)O,CCCNC1CCC2=C(C1)SC(=N2)N,1.0,reported_twosides,4.2483545e-18,0.0919921710556056,0.0919921710556056,fitted,platt_logistic_regression,0.48023811648639086,0
CC(C)C1=NC(=CS1)CN(C)C(=O)NC(C(C)C)C(=O)NC(CC2=CC=CC=C2)CC(C(CC3=CC=CC=C3)NC(=O)OCC4=CN=CS4)O,CC1=CC(=CC=C1)NC2=C(C=NC=C2)S(=O)(=O)NC(=O)NC(C)C,1.0,reported_twosides,1.2313737e-14,0.0919921710556056,0.0919921710556056,fitted,platt_logistic_regression,0.48023811648639086,0
CC(C)(C)NCC(C1=CC(=C(C=C1)O)CO)O,COC1=C(C=C2C(=C1)CC(C2=O)CC3CCN(CC3)CC4=CC=CC=C4)OC,1.0,reported_twosides,4.2483545e-18,0.0919921710556056,0.0919921710556056,fitted,platt_logistic_regression,0.48023811648639086,0
CC(C)(C)NCC(C1=CC(=C(C=C1)O)CO)O,CC1=C(C(CCC1)(C)C)C=CC(=CC=CC(=CCO)C)C,0.0,unreported_twosides_sampled,0.53908765,0.4837183779083437,0.4837183779083437,fitted,platt_logistic_regression,0.48023811648639086,1
C1C2=C(C=CC(=C2Cl)Cl)NC3=NC(=O)CN31,CC1=C(C(=CC=C1)NC2=CC=CC=C2C(=O)O)C,0.0,unreported_twosides_sampled,1.3597133e-07,0.0919921710556056,0.0919921710556056,fitted,platt_logistic_regression,0.48023811648639086,0
C1C2=C(C=CC(=C2Cl)Cl)NC3=NC(=O)CN31,CN(C)CCC=C1C2=CC=CC=C2C=CC3=CC=CC=C31,0.0,unreported_twosides_sampled,1.0,0.891810177985089,0.891810177985089,fitted,platt_logistic_regression,0.48023811648639086,1
CCCCC(C)(CC=CC1C(CC(=O)C1CCCCCCC(=O)OC)O)O,CS(=O)(=O)C1=CC=C(C=C1)C2=C(C(=O)OC2)C3=CC=CC=C3,1.0,reported_twosides,0.9941843,0.6744593488995619,0.6744593488995619,fitted,platt_logistic_regression,0.48023811648639086,1
CC(=O)N(CC(CO)O)C1=C(C(=C(C(=C1I)C(=O)NCC(CO)O)I)C(=O)NCC(CO)O)I,CN(C)CCC=C1C2=CC=CC=C2COC3=C1C=C(C=C3)CC(=O)O,0.0,unreported_twosides_sampled,1.6084834e-16,0.0919921710556056,0.0919921710556056,fitted,platt_logistic_regression,0.48023811648639086,0
CC(C)(C)NCC(COC1=NSN=C1N2CCOCC2)O,CC1=CC(=CC=C1)NC2=C(C=NC=C2)S(=O)(=O)NC(=O)NC(C)C,1.0,reported_twosides,4.2483545e-18,0.0919921710556056,0.0919921710556056,fitted,platt_logistic_regression,0.48023811648639086,0
CC(CCC(=O)O)C1CCC2C1(CCC3C2C(CC4C3(CCC(C4)O)C)O)C,CC1=NN=C(S1)SCC2=C(N3C(C(C3=O)NC(=O)CN4C=NN=N4)SC2)C(=O)[O-],1.0,reported_twosides,2.7847524e-14,0.0919921710556056,0.0919921710556056,fitted,platt_logistic_regression,0.48023811648639086,0
C1CN=C(N1)NC2=C(C3=NC=CN=C3C=C2)Br,CN1CC(=O)N2C(C1=O)CC3=C(C2C4=CC5=C(C=C4)OCO5)NC6=CC=CC=C36,0.0,unreported_twosides_sampled,0.97857565,0.6267525220693946,0.6267525220693946,fitted,platt_logistic_regression,0.48023811648639086,1
C1CN(CCN1CCC2=C(C=C3C(=C2)CC(=O)N3)Cl)C4=NSC5=CC=CC=C54,CC(C)(C)C1=CC=C(C=C1)S(=O)(=O)NC2=C(C(=NC(=N2)C3=NC=CC=N3)OCCO)OC4=CC=CC=C4OC,0.0,unreported_twosides_sampled,1.0,0.891810177985089,0.891810177985089,fitted,platt_logistic_regression,0.48023811648639086,1
CC(=O)N(CCCCCNC(=O)CCC(=O)N(CCCCCNC(=O)CCC(=O)N(CCCCCN)O)O)O,CN(C)CCC=C1C2=CC=CC=C2COC3=C1C=C(C=C3)CC(=O)O,0.0,unreported_twosides_sampled,1.0,0.891810177985089,0.891810177985089,fitted,platt_logistic_regression,0.48023811648639086,1
CC(=O)SC1CC2=CC(=O)CCC2(C3C1C4CCC5(C4(CC3)C)CCC(=O)O5)C,CC1CC2C(CCC3(C2CCC3(C(=O)C)O)C)C4(C1=CC(=O)CC4)C,1.0,reported_twosides,1.8174928e-15,0.0919921710556056,0.0919921710556056,fitted,platt_logistic_regression,0.48023811648639086,0
CC(C)(C)NCC(COC1=NSN=C1N2CCOCC2)O,CC1=C2C(=NC=C1)N(C3=C(C=CC=N3)C(=O)N2)C4CC4,0.0,unreported_twosides_sampled,0.025166975,0.3379929152626817,0.3379929152626817,fitted,platt_logistic_regression,0.48023811648639086,0
CC(=O)N(CC(CO)O)C1=C(C(=C(C(=C1I)C(=O)NCC(CO)O)I)C(=O)NCC(CO)O)I,CN(CCCNC(=O)C1CCCO1)C2=NC3=CC(=C(C=C3C(=N2)N)OC)OC,0.0,unreported_twosides_sampled,4.2483545e-18,0.0919921710556056,0.0919921710556056,fitted,platt_logistic_regression,0.48023811648639086,0
C1CN=C(N1)NC2=C(C3=NC=CN=C3C=C2)Br,COC1=C(C=C2C(=C1)CC(C2=O)CC3CCN(CC3)CC4=CC=CC=C4)OC,1.0,reported_twosides,4.2483545e-18,0.0919921710556056,0.0919921710556056,fitted,platt_logistic_regression,0.48023811648639086,0
CC(=O)SC1CC2=CC(=O)CCC2(C3C1C4CCC5(C4(CC3)C)CCC(=O)O5)C,CC1=CC(=CC=C1)NC2=C(C=NC=C2)S(=O)(=O)NC(=O)NC(C)C,1.0,reported_twosides,0.066593885,0.3750947285077913,0.3750947285077913,fitted,platt_logistic_regression,0.48023811648639086,0
CN(C)C(=N)N=C(N)N,CN(CCCNC(=O)C1CCCO1)C2=NC3=CC(=C(C=C3C(=N2)N)OC)OC,1.0,reported_twosides,4.2483545e-18,0.0919921710556056,0.0919921710556056,fitted,platt_logistic_regression,0.48023811648639086,0
CC(=O)N(CCCCCNC(=O)CCC(=O)N(CCCCCNC(=O)CCC(=O)N(CCCCCN)O)O)O,CC1=C(C(=CC=C1)NC2=CC=CC=C2C(=O)O)C,0.0,unreported_twosides_sampled,1.0,0.891810177985089,0.891810177985089,fitted,platt_logistic_regression,0.48023811648639086,1
C1C2=C(C=CC(=C2Cl)Cl)NC3=NC(=O)CN31,CNS(=O)(=O)CCC1=CC2=C(C=C1)NC=C2C3CCN(CC3)C,0.0,unreported_twosides_sampled,0.9999863,0.8445610268323697,0.8445610268323697,fitted,platt_logistic_regression,0.48023811648639086,1
CC(C)(C)NCC(COC1=NSN=C1N2CCOCC2)O,CN(C)CCC=C1C2=CC=CC=C2COC3=C1C=C(C=C3)CC(=O)O,0.0,unreported_twosides_sampled,3.4287623e-10,0.0919921710556056,0.0919921710556056,fitted,platt_logistic_regression,0.48023811648639086,0
C1CCC(CC1)C(CCN2CCCCC2)(C3=CC=CC=C3)O,CC1=CC2=C(NC3=CC=CC=C3N=C2S1)N4CCN(CC4)C,1.0,reported_twosides,4.2483545e-18,0.0919921710556056,0.0919921710556056,fitted,platt_logistic_regression,0.48023811648639086,0
C1C2=C(C=CC(=C2Cl)Cl)NC3=NC(=O)CN31,CC1=CC(=CC=C1)CN2CCN(CC2)C(C3=CC=CC=C3)C4=CC=C(C=C4)Cl,0.0,unreported_twosides_sampled,0.99992,0.8040413037400219,0.8040413037400219,fitted,platt_logistic_regression,0.48023811648639086,1
C1CC(C1)(C(=O)O)C(=O)O.N.N.[Pt],CCCNC(=O)NS(=O)(=O)C1=CC=C(C=C1)Cl,0.0,unreported_twosides_sampled,4.2483545e-18,0.0919921710556056,0.0919921710556056,fitted,platt_logistic_regression,0.48023811648639086,0
C1C2=C(C=CC(=C2Cl)Cl)NC3=NC(=O)CN31,CC1(OC2CC3C4CC(C5=CC(=O)C=CC5(C4C(CC3(C2(O1)C(=O)CO)C)O)C)F)C,0.0,unreported_twosides_sampled,1.0,0.891810177985089,0.891810177985089,fitted,platt_logistic_regression,0.48023811648639086,1
CC(C1=CC(=C(C=C1)C2=CC=CC=C2)F)C(=O)O,CCC1=C2C(=CC=C1)C3=C(N2)C(OCC3)(CC)CC(=O)O,1.0,reported_twosides,0.5746452,0.48945178595478234,0.48945178595478234,fitted,platt_logistic_regression,0.48023811648639086,1
CCCNC1CCC2=C(C1)SC(=N2)N,CCN(CC)CC(=O)NC1=C(C=CC=C1C)C,1.0,reported_twosides,4.2483545e-18,0.0919921710556056,0.0919921710556056,fitted,platt_logistic_regression,0.48023811648639086,0
CC1C(C(=O)N1S(=O)(=O)O)NC(=O)C(=NOC(C)(C)C(=O)O)C2=CSC(=N2)N,CCOC1=CC=CC=C1OCCNC(C)CC2=CC(=C(C=C2)OC)S(=O)(=O)N,0.0,unreported_twosides_sampled,0.014264376,0.3176892025674774,0.3176892025674774,fitted,platt_logistic_regression,0.48023811648639086,0
CC(C)(C)NCC(C1=CC(=C(C=C1)O)CO)O,CC12CCC3C(C1CCC2(C#C)O)CCC4=CC(=O)CCC34,1.0,reported_twosides,5.0653327e-18,0.0919921710556056,0.0919921710556056,fitted,platt_logistic_regression,0.48023811648639086,0
CN1C(=NC(=O)C(=N1)[O-])SCC2=C(N3C(C(C3=O)NC(=O)C(=NOC)C4=CSC(=N4)N)SC2)C(=O)[O-],CS(=O)(=O)C1=CC=C(C=C1)C2=C(C(=O)OC2)C3=CC=CC=C3,1.0,reported_twosides,1.0,0.891810177985089,0.891810177985089,fitted,platt_logistic_regression,0.48023811648639086,1
CCN(CCCC(C)NC1=C2C=CC(=CC2=NC=C1)Cl)CCO,S=[Se],0.0,unreported_twosides_sampled,4.2483545e-18,0.0919921710556056,0.0919921710556056,fitted,platt_logistic_regression,0.48023811648639086,0
CC(=O)N(CC(CO)O)C1=C(C(=C(C(=C1I)C(=O)NCC(CO)O)I)C(=O)NCC(CO)O)I,CCC(=C)C(=O)C1=C(C(=C(C=C1)OCC(=O)O)Cl)Cl,0.0,unreported_twosides_sampled,4.2483545e-18,0.0919921710556056,0.0919921710556056,fitted,platt_logistic_regression,0.48023811648639086,0
C1CN(CCN1CCC2=C(C=C3C(=C2)CC(=O)N3)Cl)C4=NSC5=CC=CC=C54,CCCCCCCCCCCC(CC1C(C(=O)O1)CCCCCC)OC(=O)C(CC(C)C)NC=O,1.0,reported_twosides,4.2483545e-18,0.0919921710556056,0.0919921710556056,fitted,platt_logistic_regression,0.48023811648639086,0
CC1(C(N2C(S1)C(C2=O)NC(=O)CC3=CC=CC=C3)C(=O)O)C,CCN(CCCC(C)NC1=C2C=CC(=CC2=NC=C1)Cl)CCO,0.0,unreported_twosides_sampled,4.2483545e-18,0.0919921710556056,0.0919921710556056,fitted,platt_logistic_regression,0.48023811648639086,0
CC(C)(C)NCC(C1=CC(=C(C=C1)O)CO)O,CC(CC1=CC(=C(C=C1)O)O)(C(=O)O)N,1.0,reported_twosides,7.052041e-05,0.1663125098509204,0.1663125098509204,fitted,platt_logistic_regression,0.48023811648639086,0
CC(C1=CC(=C(C=C1)C2=CC=CC=C2)F)C(=O)O,CN(CCCNC(=O)C1CCCO1)C2=NC3=CC(=C(C=C3C(=N2)N)OC)OC,0.0,unreported_twosides_sampled,0.033034213,0.3480420961067286,0.3480420961067286,fitted,platt_logistic_regression,0.48023811648639086,0
CC1=NC=C(N1CCO)[N+](=O)[O-],CCCCN1CCCCC1C(=O)NC2=C(C=CC=C2C)C,1.0,reported_twosides,4.2483545e-18,0.0919921710556056,0.0919921710556056,fitted,platt_logistic_regression,0.48023811648639086,0
C1CN(CCN1CCC2=C(C=C3C(=C2)CC(=O)N3)Cl)C4=NSC5=CC=CC=C54,CC(=O)N(CC(CO)O)C1=C(C(=C(C(=C1I)C(=O)NCC(CO)O)I)C(=O)NCC(CO)O)I,0.0,unreported_twosides_sampled,0.00013985715,0.1819829430067801,0.1819829430067801,fitted,platt_logistic_regression,0.48023811648639086,0
CC(C)(CC1=CC=CC=C1)N,CN(CCCNC(=O)C1CCCO1)C2=NC3=CC(=C(C=C3C(=N2)N)OC)OC,0.0,unreported_twosides_sampled,6.975482e-16,0.0919921710556056,0.0919921710556056,fitted,platt_logistic_regression,0.48023811648639086,0
C(OC(C(F)(F)F)C(F)(F)F)F,CN(C)CCC=C1C2=CC=CC=C2COC3=C1C=C(C=C3)CC(=O)O,0.0,unreported_twosides_sampled,0.99778795,0.7074209834595387,0.7074209834595387,fitted,platt_logistic_regression,0.48023811648639086,1
CC1COC2=C3N1C=C(C(=O)C3=CC(=C2N4CCN(CC4)C)F)C(=O)O,CCCC(CCC)C(=O)O,1.0,reported_twosides,7.354934e-14,0.0919921710556056,0.0919921710556056,fitted,platt_logistic_regression,0.48023811648639086,0
C1CN(CCN1CCC2=C(C=C3C(=C2)CC(=O)N3)Cl)C4=NSC5=CC=CC=C54,CC(C)(C)NCC(C1=CC(=C(C=C1)O)CO)O,1.0,reported_twosides,1.0,0.891810177985089,0.891810177985089,fitted,platt_logistic_regression,0.48023811648639086,1
CC(C1=CC(=C(C=C1)C2=CC=CC=C2)F)C(=O)O,CC1=CC2=C(NC3=CC=CC=C3N=C2S1)N4CCN(CC4)C,0.0,unreported_twosides_sampled,8.04314e-08,0.0919921710556056,0.0919921710556056,fitted,platt_logistic_regression,0.48023811648639086,0
CC(=O)N(CCCCCNC(=O)CCC(=O)N(CCCCCNC(=O)CCC(=O)N(CCCCCN)O)O)O,CC1(OC2CC3C4CCC5=CC(=O)C=CC5(C4C(CC3(C2(O1)C(=O)CO)C)O)C)C,0.0,unreported_twosides_sampled,1.0,0.891810177985089,0.891810177985089,fitted,platt_logistic_regression,0.48023811648639086,1
CC1(C(N2C(S1)C(C2=O)NC(=O)CC3=CC=CC=C3)C(=O)O)C,CC12CC(=O)C3C(C1CCC2(C(=O)CO)O)CCC4=CC(=O)C=CC34C,0.0,unreported_twosides_sampled,1.0,0.891810177985089,0.891810177985089,fitted,platt_logistic_regression,0.48023811648639086,1
CC(C)(C)NCC(C1=CC(=C(C=C1)O)CO)O,CCCC1=NN(C2=C1NC(=NC2=O)C3=C(C=CC(=C3)S(=O)(=O)N4CCN(CC4)C)OCC)C,1.0,reported_twosides,4.2483545e-18,0.0919921710556056,0.0919921710556056,fitted,platt_logistic_regression,0.48023811648639086,0
C1CC(=O)NC(=O)C1N2C(=O)C3=CC=CC=C3C2=O,CC(C)(C)NCC(C1=NC(=C(C=C1)O)CO)O,0.0,unreported_twosides_sampled,4.2483545e-18,0.0919921710556056,0.0919921710556056,fitted,platt_logistic_regression,0.48023811648639086,0
CCCCC1=C(C2=CC=CC=C2O1)C(=O)C3=CC(=C(C(=C3)I)OCC[NH+](CC)CC)I,CCN(CC)CC(=O)NC1=C(C=CC=C1C)C,1.0,reported_twosides,4.2483545e-18,0.0919921710556056,0.0919921710556056,fitted,platt_logistic_regression,0.48023811648639086,0
C1C2=C(C=CC(=C2Cl)Cl)NC3=NC(=O)CN31,CCC(=O)OC(C(C)C)OP(=O)(CCCCC1=CC=CC=C1)CC(=O)N2CC(CC2C(=O)[O-])C3CCCCC3,0.0,unreported_twosides_sampled,0.99592006,0.6867858121400876,0.6867858121400876,fitted,platt_logistic_regression,0.48023811648639086,1
C(=O)([O-])[O-].C(=O)([O-])[O-].C(=O)([O-])[O-].O.[La+3].[La+3],CCOC1=CC=CC=C1OCCNC(C)CC2=CC(=C(C=C2)OC)S(=O)(=O)N,1.0,reported_twosides,4.2483545e-18,0.0919921710556056,0.0919921710556056,fitted,platt_logistic_regression,0.48023811648639086,0
CC(=O)OC1C(CC2C1(CCC3C2CCC4C3(CC(C(C4)O)N5CCOCC5)C)C)[N+]6(CCCC6)CC=C,CC1=C2C(=NC=C1)N(C3=C(C=CC=N3)C(=O)N2)C4CC4,0.0,unreported_twosides_sampled,0.037150692,0.3524514482130772,0.3524514482130772,fitted,platt_logistic_regression,0.48023811648639086,0
C(=O)([O-])[O-].C(=O)([O-])[O-].C(=O)([O-])[O-].O.[La+3].[La+3],CN(C)CCC=C1C2=CC=CC=C2COC3=C1C=C(C=C3)CC(=O)O,0.0,unreported_twosides_sampled,1.0,0.891810177985089,0.891810177985089,fitted,platt_logistic_regression,0.48023811648639086,1
CCCC(=O)OC1(CCC2C1(CC(C3C2CCC4=CC(=O)CCC34C)O)C)C(=O)CO,CN(C)CCC=C1C2=CC=CC=C2C=CC3=CC=CC=C31,0.0,unreported_twosides_sampled,0.9999392,0.8108324369595427,0.8108324369595427,fitted,platt_logistic_regression,0.48023811648639086,1
CC12CC(C3(C(C1CC(C2(C(=O)CO)O)O)CCC4=CC(=O)C=CC43C)F)O,CC1CC2C(CCC3(C2CCC3(C(=O)C)O)C)C4(C1=CC(=O)CC4)C,1.0,reported_twosides,4.2483545e-18,0.0919921710556056,0.0919921710556056,fitted,platt_logistic_regression,0.48023811648639086,0
C(=O)([O-])[O-].C(=O)([O-])[O-].C(=O)([O-])[O-].O.[La+3].[La+3],C1=CC=C(C=C1)CCNN,0.0,unreported_twosides_sampled,6.836749e-07,0.0919921710556056,0.0919921710556056,fitted,platt_logistic_regression,0.48023811648639086,0
CC(C(=O)C1=CC(=CC=C1)Cl)NC(C)(C)C,CC1COC2=C3N1C=C(C(=O)C3=CC(=C2N4CCN(CC4)C)F)C(=O)O,1.0,reported_twosides,3.6894745e-09,0.0919921710556056,0.0919921710556056,fitted,platt_logistic_regression,0.48023811648639086,0
CCC(=C)C(=O)C1=C(C(=C(C=C1)OCC(=O)O)Cl)Cl,CCCNC(=O)NS(=O)(=O)C1=CC=C(C=C1)Cl,0.0,unreported_twosides_sampled,3.2679565e-10,0.0919921710556056,0.0919921710556056,fitted,platt_logistic_regression,0.48023811648639086,0
CC(C)(CC1=CC=CC=C1)N,CCCCCC(C=CC1C(CC(=O)C1CCCCCCC(=O)O)O)O,0.0,unreported_twosides_sampled,4.2483545e-18,0.0919921710556056,0.0919921710556056,fitted,platt_logistic_regression,0.48023811648639086,0
C1=CC(=C(C=C1Cl)Cl)C(CN2C=CN=C2)OCC3=C(SC=C3)Cl,CCCCC(C)(CC=CC1C(CC(=O)C1CCCCCCC(=O)OC)O)O,0.0,unreported_twosides_sampled,2.4350225e-14,0.0919921710556056,0.0919921710556056,fitted,platt_logistic_regression,0.48023811648639086,0
CC(C)C(CC1=CC(=C(C=C1)OC)OCCCOC)CC(C(CC(C(C)C)C(=O)NCC(C)(C)C(=O)N)O)N,CC1NC2=CC(=C(C=C2C(=O)N1C3=CC=CC=C3C)S(=O)(=O)N)Cl,1.0,reported_twosides,0.93847096,0.5850872979012249,0.5850872979012249,fitted,platt_logistic_regression,0.48023811648639086,1
CC(=O)SC1CC2=CC(=O)CCC2(C3C1C4CCC5(C4(CC3)C)CCC(=O)O5)C,CC12CC(=O)C3C(C1CCC2(C(=O)CO)O)CCC4=CC(=O)C=CC34C,1.0,reported_twosides,1.0,0.891810177985089,0.891810177985089,fitted,platt_logistic_regression,0.48023811648639086,1
CC(C)C1=NC(=CS1)CN(C)C(=O)NC(C(C)C)C(=O)NC(CC2=CC=CC=C2)CC(C(CC3=CC=CC=C3)NC(=O)OCC4=CN=CS4)O,CC1=CC2=C(C=C1C(=C)C3=CC=C(C=C3)C(=O)O)C(CCC2(C)C)(C)C,0.0,unreported_twosides_sampled,8.292244e-05,0.16991966238211287,0.16991966238211287,fitted,platt_logistic_regression,0.48023811648639086,0
CCC1(CC(=O)NC1=O)C,CCCC(=O)OC1(CCC2C1(CC(C3C2CCC4=CC(=O)CCC34C)O)C)C(=O)CO,0.0,unreported_twosides_sampled,4.2483545e-18,0.0919921710556056,0.0919921710556056,fitted,platt_logistic_regression,0.48023811648639086,0
CC1CCC2CC(C(=CC=CC=CC(CC(C(=O)C(C(C(=CC(C(=O)CC(OC(=O)C3CCCCN3C(=O)C(=O)C1(O2)O)C(C)CC4CCC(C(C4)OC)O)C)C)O)OC)C)C)C)OC,CCN(CC)CC(=O)NC1=C(C=CC=C1C)C,0.0,unreported_twosides_sampled,4.2483545e-18,0.0919921710556056,0.0919921710556056,fitted,platt_logistic_regression,0.48023811648639086,0
CCCCN1CCCCC1C(=O)NC2=C(C=CC=C2C)C,CN1C(=NC(=O)C(=N1)[O-])SCC2=C(N3C(C(C3=O)NC(=O)C(=NOC)C4=CSC(=N4)N)SC2)C(=O)[O-],1.0,reported_twosides,4.2483545e-18,0.0919921710556056,0.0919921710556056,fitted,platt_logistic_regression,0.48023811648639086,0
C1CCC(CC1)C(CCN2CCCCC2)(C3=CC=CC=C3)O,CN1CCN(CC1)CCCN2C3=CC=CC=C3SC4=C2C=C(C=C4)Cl,0.0,unreported_twosides_sampled,2.3430081e-17,0.0919921710556056,0.0919921710556056,fitted,platt_logistic_regression,0.48023811648639086,0
CC12CCC3C(C1CCC2(C#C)O)CCC4=CC(=O)CCC34,CN(CCCNC(=O)C1CCCO1)C2=NC3=CC(=C(C=C3C(=N2)N)OC)OC,0.0,unreported_twosides_sampled,4.2483545e-18,0.0919921710556056,0.0919921710556056,fitted,platt_logistic_regression,0.48023811648639086,0
CC(C)(C)NCC(C1=NC(=C(C=C1)O)CO)O,CN(C)CCC=C1C2=CC=CC=C2C=CC3=CC=CC=C31,1.0,reported_twosides,0.00025655574,0.19680883712211555,0.19680883712211555,fitted,platt_logistic_regression,0.48023811648639086,0
CC1COC2=C3N1C=C(C(=O)C3=CC(=C2N4CCN(CC4)C)F)C(=O)O,CCC(=C)C(=O)C1=C(C(=C(C=C1)OCC(=O)O)Cl)Cl,0.0,unreported_twosides_sampled,1.0,0.891810177985089,0.891810177985089,fitted,platt_logistic_regression,0.48023811648639086,1
C(=O)([O-])[O-].C(=O)([O-])[O-].C(=O)([O-])[O-].O.[La+3].[La+3],CC1=CC2=C(C=C1C)N(C=N2)C3C(C(C(O3)CO)OP(=O)([O-])OC(C)CNC(=O)CCC4(C(C5C6(C(C(C(=N6)C(=C7C(C(C(=N7)C=C8C(C(C(=N8)C(=C4[N-]5)C)CCC(=O)N)(C)C)CCC(=O)N)(C)CC(=O)N)C)CCC(=O)N)(C)CC(=O)N)C)CC(=O)N)C)O.O.[Co],0.0,unreported_twosides_sampled,4.2483545e-18,0.0919921710556056,0.0919921710556056,fitted,platt_logistic_regression,0.48023811648639086,0
CCC(CC)OC1C=C(CC(C1NC(=O)C)N)C(=O)OCC,CCCNC1CCC2=C(C1)SC(=N2)N,0.0,unreported_twosides_sampled,4.2483545e-18,0.0919921710556056,0.0919921710556056,fitted,platt_logistic_regression,0.48023811648639086,0
CN(C)CCC=C1C2=CC=CC=C2C=CC3=CC=CC=C31,COC1=C(C=C2C(=C1)CC(C2=O)CC3CCN(CC3)CC4=CC=CC=C4)OC,1.0,reported_twosides,4.2483545e-18,0.0919921710556056,0.0919921710556056,fitted,platt_logistic_regression,0.48023811648639086,0
C1CN=C(N1)NC2=C(C3=NC=CN=C3C=C2)Br,CCC(=C)C(=O)C1=C(C(=C(C=C1)OCC(=O)O)Cl)Cl,0.0,unreported_twosides_sampled,2.530035e-07,0.0919921710556056,0.0919921710556056,fitted,platt_logistic_regression,0.48023811648639086,0
C1CC(=O)NC(=O)C1N2C(=O)C3=CC=CC=C3C2=O,CC(=O)N(CC(CO)O)C1=C(C(=C(C(=C1I)C(=O)NCC(CO)O)I)C(=O)NCC(CO)O)I,0.0,unreported_twosides_sampled,4.2483545e-18,0.0919921710556056,0.0919921710556056,fitted,platt_logistic_regression,0.48023811648639086,0
CC(C)(CC1=CC=CC=C1)N,CC1CC2C(CCC3(C2CCC3(C(=O)C)O)C)C4(C1=CC(=O)CC4)C,1.0,reported_twosides,4.2483545e-18,0.0919921710556056,0.0919921710556056,fitted,platt_logistic_regression,0.48023811648639086,0
CC(C(=O)C1=CC(=CC=C1)Cl)NC(C)(C)C,CC1NC2=CC(=C(C=C2C(=O)N1C3=CC=CC=C3C)S(=O)(=O)N)Cl,1.0,reported_twosides,0.99485165,0.6787285278786734,0.6787285278786734,fitted,platt_logistic_regression,0.48023811648639086,1
CC1(OC2CC3C4CCC5=CC(=O)C=CC5(C4C(CC3(C2(O1)C(=O)CO)C)O)C)C,CCC(CC)OC1C=C(CC(C1NC(=O)C)N)C(=O)OCC,0.0,unreported_twosides_sampled,4.2483545e-18,0.0919921710556056,0.0919921710556056,fitted,platt_logistic_regression,0.48023811648639086,0
CC1=CC2=C(NC3=CC=CC=C3N=C2S1)N4CCN(CC4)C,CNS(=O)(=O)CCC1=CC2=C(C=C1)NC=C2C3CCN(CC3)C,1.0,reported_twosides,4.2483545e-18,0.0919921710556056,0.0919921710556056,fitted,platt_logistic_regression,0.48023811648639086,0
CCCNC(=O)NS(=O)(=O)C1=CC=C(C=C1)Cl,CN(C)C(=N)N=C(N)N,1.0,reported_twosides,4.2483545e-18,0.0919921710556056,0.0919921710556056,fitted,platt_logistic_regression,0.48023811648639086,0
CC1=CC2=C(NC3=CC=CC=C3N=C2S1)N4CCN(CC4)C,CCCCN1CCCCC1C(=O)NC2=C(C=CC=C2C)C,0.0,unreported_twosides_sampled,4.2483545e-18,0.0919921710556056,0.0919921710556056,fitted,platt_logistic_regression,0.48023811648639086,0
C1=CC=C(C=C1)C(C2=CC=CC=C2)(C3=CC=CC=C3Cl)N4C=CN=C4,C1CN=C(N1)NC2=C(C3=NC=CN=C3C=C2)Br,0.0,unreported_twosides_sampled,1.0,0.891810177985089,0.891810177985089,fitted,platt_logistic_regression,0.48023811648639086,1
CC12CC(C3(C(C1CC(C2(C(=O)CO)O)O)CCC4=CC(=O)C=CC43C)F)O,CN(C)CCC1=CNC2=C1C=C(C=C2)CC3COC(=O)N3,0.0,unreported_twosides_sampled,7.0650065e-16,0.0919921710556056,0.0919921710556056,fitted,platt_logistic_regression,0.48023811648639086,0
CC12CC(=O)C3C(C1CCC2(C(=O)CO)O)CCC4=CC(=O)C=CC34C,CCC(CC)OC1C=C(CC(C1NC(=O)C)N)C(=O)OCC,1.0,reported_twosides,1.00328414e-07,0.0919921710556056,0.0919921710556056,fitted,platt_logistic_regression,0.48023811648639086,0
CC1=CC(=CC=C1)CN2CCN(CC2)C(C3=CC=CC=C3)C4=CC=C(C=C4)Cl,CN(C)CCCN1C2=CC=CC=C2CCC3=CC=CC=C31,1.0,reported_twosides,4.2483545e-18,0.0919921710556056,0.0919921710556056,fitted,platt_logistic_regression,0.48023811648639086,0
CC(CCC(=O)O)C1CCC2C1(CCC3C2C(CC4C3(CCC(C4)O)C)O)C,CCOC1=CC=CC=C1OCCNC(C)CC2=CC(=C(C=C2)OC)S(=O)(=O)N,1.0,reported_twosides,4.2483545e-18,0.0919921710556056,0.0919921710556056,fitted,platt_logistic_regression,0.48023811648639086,0
CC1=CC(=CC=C1)NC2=C(C=NC=C2)S(=O)(=O)NC(=O)NC(C)C,CCCCC1=C(C2=CC=CC=C2O1)C(=O)C3=CC(=C(C(=C3)I)OCC[NH+](CC)CC)I,1.0,reported_twosides,4.2483545e-18,0.0919921710556056,0.0919921710556056,fitted,platt_logistic_regression,0.48023811648639086,0
CCCN(CCC)S(=O)(=O)C1=CC=C(C=C1)C(=O)O,CN1CCN(CC1)CCCN2C3=CC=CC=C3SC4=C2C=C(C=C4)Cl,1.0,reported_twosides,1.5561615e-16,0.0919921710556056,0.0919921710556056,fitted,platt_logistic_regression,0.48023811648639086,0
CCC1=C2C(=CC=C1)C3=C(N2)C(OCC3)(CC)CC(=O)O,CCOC1=NC2=CC=CC(=C2N1CC3=CC=C(C=C3)C4=CC=CC=C4C5=NNN=N5)C(=O)O,1.0,reported_twosides,1.0,0.891810177985089,0.891810177985089,fitted,platt_logistic_regression,0.48023811648639086,1
C(OC(C(F)(F)F)C(F)(F)F)F,CC1(C(N2C(S1)C(C2=O)NC(=O)CC3=CC=CC=C3)C(=O)O)C,0.0,unreported_twosides_sampled,0.000666271,0.2219463130404912,0.2219463130404912,fitted,platt_logistic_regression,0.48023811648639086,0
CC(C)C(CC1=CC(=C(C=C1)OC)OCCCOC)CC(C(CC(C(C)C)C(=O)NCC(C)(C)C(=O)N)O)N,CN(C)CCC=C1C2=CC=CC=C2C=CC3=CC=CC=C31,0.0,unreported_twosides_sampled,8.31449e-08,0.0919921710556056,0.0919921710556056,fitted,platt_logistic_regression,0.48023811648639086,0
CN(C)CCC1=CNC2=C1C=C(C=C2)CC3COC(=O)N3,CS(=O)(=O)C1=CC=C(C=C1)C2=C(C(=O)OC2)C3=CC=CC=C3,1.0,reported_twosides,0.9999925,0.8567275849930994,0.8567275849930994,fitted,platt_logistic_regression,0.48023811648639086,1
CC(C)(C)NCC(COC1=NSN=C1N2CCOCC2)O,CCN(CC)CC(=O)NC1=C(C=CC=C1C)C,1.0,reported_twosides,4.2483545e-18,0.0919921710556056,0.0919921710556056,fitted,platt_logistic_regression,0.48023811648639086,0
C1CC(C1)(C(=O)O)C(=O)O.N.N.[Pt],CC(C)(CC1=CC=CC=C1)N,0.0,unreported_twosides_sampled,4.2483545e-18,0.0919921710556056,0.0919921710556056,fitted,platt_logistic_regression,0.48023811648639086,0
C1CN2C(=CC=C2C(=O)C3=CC=CC=C3)C1C(=O)O,CC(C)C1=NC(=CS1)CN(C)C(=O)NC(C(C)C)C(=O)NC(CC2=CC=CC=C2)CC(C(CC3=CC=CC=C3)NC(=O)OCC4=CN=CS4)O,0.0,unreported_twosides_sampled,1.0,0.891810177985089,0.891810177985089,fitted,platt_logistic_regression,0.48023811648639086,1
CCC1(CC(=O)NC1=O)C,CNS(=O)(=O)CCC1=CC2=C(C=C1)NC=C2C3CCN(CC3)C,0.0,unreported_twosides_sampled,4.2483545e-18,0.0919921710556056,0.0919921710556056,fitted,platt_logistic_regression,0.48023811648639086,0
CC(CCC(=O)O)C1CCC2C1(CCC3C2C(CC4C3(CCC(C4)O)C)O)C,CC1=NC=C(N1CCO)[N+](=O)[O-],1.0,reported_twosides,4.2483545e-18,0.0919921710556056,0.0919921710556056,fitted,platt_logistic_regression,0.48023811648639086,0
CC1NC2=CC(=C(C=C2C(=O)N1C3=CC=CC=C3C)S(=O)(=O)N)Cl,CCCC(=O)OC1(CCC2C1(CC(C3C2CCC4=CC(=O)CCC34C)O)C)C(=O)CO,0.0,unreported_twosides_sampled,1.0,0.891810177985089,0.891810177985089,fitted,platt_logistic_regression,0.48023811648639086,1
CC(C)(C)C1=CC=C(C=C1)S(=O)(=O)NC2=C(C(=NC(=N2)C3=NC=CC=N3)OCCO)OC4=CC=CC=C4OC,CC1NC2=CC(=C(C=C2C(=O)N1C3=CC=CC=C3C)S(=O)(=O)N)Cl,1.0,reported_twosides,0.0020208631,0.2539801531165167,0.2539801531165167,fitted,platt_logistic_regression,0.48023811648639086,0
C1CN(CCN1CCC2=C(C=C3C(=C2)CC(=O)N3)Cl)C4=NSC5=CC=CC=C54,CCC1(CC(=O)NC1=O)C,0.0,unreported_twosides_sampled,1.0,0.891810177985089,0.891810177985089,fitted,platt_logistic_regression,0.48023811648639086,1
CC(C)C(CC1=CC(=C(C=C1)OC)OCCCOC)CC(C(CC(C(C)C)C(=O)NCC(C)(C)C(=O)N)O)N,S=[Se],0.0,unreported_twosides_sampled,4.2483545e-18,0.0919921710556056,0.0919921710556056,fitted,platt_logistic_regression,0.48023811648639086,0
CC1=NN=C(S1)SCC2=C(N3C(C(C3=O)NC(=O)CN4C=NN=N4)SC2)C(=O)[O-],CS(=O)(=O)C1=CC=C(C=C1)C2=C(C(=O)OC2)C3=CC=CC=C3,1.0,reported_twosides,1.0,0.891810177985089,0.891810177985089,fitted,platt_logistic_regression,0.48023811648639086,1
CC1=C(N=CN1)CSCCNC(=NC)NC#N,CS(=O)(=O)C1=CC=C(C=C1)C2=C(C(=O)OC2)C3=CC=CC=C3,1.0,reported_twosides,1.0,0.891810177985089,0.891810177985089,fitted,platt_logistic_regression,0.48023811648639086,1
CC1=CC(=CC=C1)NC2=C(C=NC=C2)S(=O)(=O)NC(=O)NC(C)C,CCN(CCCC(C)NC1=C2C=CC(=CC2=NC=C1)Cl)CCO,1.0,reported_twosides,4.2483545e-18,0.0919921710556056,0.0919921710556056,fitted,platt_logistic_regression,0.48023811648639086,0
CCCN(CCC)S(=O)(=O)C1=CC=C(C=C1)C(=O)O,CS(=O)(=O)C1=CC=C(C=C1)C2=C(C(=O)OC2)C3=CC=CC=C3,1.0,reported_twosides,0.9975836,0.7044945373575114,0.7044945373575114,fitted,platt_logistic_regression,0.48023811648639086,1
C1CC(C1)(C(=O)O)C(=O)O.N.N.[Pt],CCCCC1=C(C2=CC=CC=C2O1)C(=O)C3=CC(=C(C(=C3)I)OCC[NH+](CC)CC)I,1.0,reported_twosides,4.2483545e-18,0.0919921710556056,0.0919921710556056,fitted,platt_logistic_regression,0.48023811648639086,0
C1CN=C(N1)NC2=C(C3=NC=CN=C3C=C2)Br,CC(=O)OC1C(CC2C1(CCC3C2CCC4C3(CC(C(C4)O)N5CCOCC5)C)C)[N+]6(CCCC6)CC=C,0.0,unreported_twosides_sampled,4.2483545e-18,0.0919921710556056,0.0919921710556056,fitted,platt_logistic_regression,0.48023811648639086,0
CC(=O)N(CCCCCNC(=O)CCC(=O)N(CCCCCNC(=O)CCC(=O)N(CCCCCN)O)O)O,CC(CCC(=O)O)C1CCC2C1(CCC3C2C(CC4C3(CCC(C4)O)C)O)C,1.0,reported_twosides,0.99675167,0.6945666497262655,0.6945666497262655,fitted,platt_logistic_regression,0.48023811648639086,1
CC(=O)OC1C(CC2C1(CCC3C2CCC4C3(CC(C(C4)O)N5CCOCC5)C)C)[N+]6(CCCC6)CC=C,CC1=C(C(CCC1)(C)C)C=CC(=CC=CC(=CCO)C)C,0.0,unreported_twosides_sampled,1.2749519e-15,0.0919921710556056,0.0919921710556056,fitted,platt_logistic_regression,0.48023811648639086,0
CC(C)(C)NCC(COC1=NSN=C1N2CCOCC2)O,CCC(=C)C(=O)C1=C(C(=C(C=C1)OCC(=O)O)Cl)Cl,0.0,unreported_twosides_sampled,4.2483545e-18,0.0919921710556056,0.0919921710556056,fitted,platt_logistic_regression,0.48023811648639086,0
CC(C)(C)C1=CC=C(C=C1)S(=O)(=O)NC2=C(C(=NC(=N2)C3=NC=CC=N3)OCCO)OC4=CC=CC=C4OC,CC1COC2=C3N1C=C(C(=O)C3=CC(=C2N4CCN(CC4)C)F)C(=O)O,1.0,reported_twosides,9.039621e-17,0.0919921710556056,0.0919921710556056,fitted,platt_logistic_regression,0.48023811648639086,0
CC(=O)SC1CC2=CC(=O)CCC2(C3C1C4CCC5(C4(CC3)C)CCC(=O)O5)C,CCCCCCCCCCCC(CC1C(C(=O)O1)CCCCCC)OC(=O)C(CC(C)C)NC=O,1.0,reported_twosides,4.2483545e-18,0.0919921710556056,0.0919921710556056,fitted,platt_logistic_regression,0.48023811648639086,0
CC(C)(C)NCC(C1=CC(=C(C=C1)O)CO)O,CCCCCC(CCC1C(CC2C1CC3=C(C2)C(=CC=C3)OCC(=O)O)O)O,1.0,reported_twosides,4.2483545e-18,0.0919921710556056,0.0919921710556056,fitted,platt_logistic_regression,0.48023811648639086,0
CC(C(=O)C1=CC(=CC=C1)Cl)NC(C)(C)C,CC(CCC(=O)O)C1CCC2C1(CCC3C2C(CC4C3(CCC(C4)O)C)O)C,1.0,reported_twosides,4.2483545e-18,0.0919921710556056,0.0919921710556056,fitted,platt_logistic_regression,0.48023811648639086,0
C(C(CO[N+](=O)[O-])O[N+](=O)[O-])O[N+](=O)[O-],CCOC1=NC2=CC=CC(=C2N1CC3=CC=C(C=C3)C4=CC=CC=C4C5=NNN=N5)C(=O)O,1.0,reported_twosides,1.0,0.891810177985089,0.891810177985089,fitted,platt_logistic_regression,0.48023811648639086,1
C1C2=C(C=CC(=C2Cl)Cl)NC3=NC(=O)CN31,C1CN2C(=CC=C2C(=O)C3=CC=CC=C3)C1C(=O)O,0.0,unreported_twosides_sampled,1.0,0.891810177985089,0.891810177985089,fitted,platt_logistic_regression,0.48023811648639086,1
CCN(CC)CCOC(=O)C1(CCCCC1)C2CCCCC2,CCN(CCCC(C)NC1=C2C=CC(=CC2=NC=C1)Cl)CCO,1.0,reported_twosides,4.2483545e-18,0.0919921710556056,0.0919921710556056,fitted,platt_logistic_regression,0.48023811648639086,0
CNS(=O)(=O)CCC1=CC2=C(C=C1)NC=C2C3CCN(CC3)C,CS(=O)(=O)C1=CC=C(C=C1)C2=C(C(=O)OC2)C3=CC=CC=C3,1.0,reported_twosides,3.9027982e-05,0.15365949605996657,0.15365949605996657,fitted,platt_logistic_regression,0.48023811648639086,0
C1CC(C1)(C(=O)O)C(=O)O.N.N.[Pt],CN1CC(=O)N2C(C1=O)CC3=C(C2C4=CC5=C(C=C4)OCO5)NC6=CC=CC=C36,0.0,unreported_twosides_sampled,4.304513e-10,0.0919921710556056,0.0919921710556056,fitted,platt_logistic_regression,0.48023811648639086,0
C(OC(C(F)(F)F)C(F)(F)F)F,CC1=C(C(=CC=C1)NC2=CC=CC=C2C(=O)O)C,0.0,unreported_twosides_sampled,4.2483545e-18,0.0919921710556056,0.0919921710556056,fitted,platt_logistic_regression,0.48023811648639086,0
CC1(C(N2C(S1)C(C2=O)NC(=O)CC3=CC=CC=C3)C(=O)O)C,CCN(CC)CC(=O)NC1=C(C=CC=C1C)C,0.0,unreported_twosides_sampled,2.2682896e-13,0.0919921710556056,0.0919921710556056,fitted,platt_logistic_regression,0.48023811648639086,0
C1=CC=C(C=C1)C(C2=CC=CC=C2)(C3=CC=CC=C3Cl)N4C=CN=C4,CN1CC(=O)N2C(C1=O)CC3=C(C2C4=CC5=C(C=C4)OCO5)NC6=CC=CC=C36,0.0,unreported_twosides_sampled,1.0,0.891810177985089,0.891810177985089,fitted,platt_logistic_regression,0.48023811648639086,1
CCC(CC)OC1C=C(CC(C1NC(=O)C)N)C(=O)OCC,CN(C)C(=N)N=C(N)N,1.0,reported_twosides,4.2483545e-18,0.0919921710556056,0.0919921710556056,fitted,platt_logistic_regression,0.48023811648639086,0
CC12CC(C3(C(C1CC(C2(C(=O)CO)O)O)CCC4=CC(=O)C=CC43C)F)O,CN(C)CCC=C1C2=CC=CC=C2COC3=C1C=C(C=C3)CC(=O)O,1.0,reported_twosides,0.9598558,0.6023494547408245,0.6023494547408245,fitted,platt_logistic_regression,0.48023811648639086,1
CC1=C2C(=NC=C1)N(C3=C(C=CC=N3)C(=O)N2)C4CC4,CCCC1=NN(C2=C1NC(=NC2=O)C3=C(C=CC(=C3)S(=O)(=O)N4CCN(CC4)C)OCC)C,0.0,unreported_twosides_sampled,1.0,0.891810177985089,0.891810177985089,fitted,platt_logistic_regression,0.48023811648639086,1
C(=O)([O-])[O-].C(=O)([O-])[O-].C(=O)([O-])[O-].O.[La+3].[La+3],CCC(=O)OC(C(C)C)OP(=O)(CCCCC1=CC=CC=C1)CC(=O)N2CC(CC2C(=O)[O-])C3CCCCC3,0.0,unreported_twosides_sampled,4.1629592e-14,0.0919921710556056,0.0919921710556056,fitted,platt_logistic_regression,0.48023811648639086,0
CC(=O)OC1C(CC2C1(CCC3C2CCC4C3(CC(C(C4)O)N5CCOCC5)C)C)[N+]6(CCCC6)CC=C,CN1CCN(CC1)CCCN2C3=CC=CC=C3SC4=C2C=C(C=C4)Cl,0.0,unreported_twosides_sampled,4.2483545e-18,0.0919921710556056,0.0919921710556056,fitted,platt_logistic_regression,0.48023811648639086,0
CC1=NN=C(S1)SCC2=C(N3C(C(C3=O)NC(=O)CN4C=NN=N4)SC2)C(=O)[O-],CC1C=CC=CCCC=CC=CC=CC=CC(CC(C(C(CC(=O)CC(C(CCC(CC(CC(CC(=O)OC(C(C1O)C)C)O)O)O)O)O)O)C(=O)O)O)OC2C(C(C(C(O2)C)O)N)O,1.0,reported_twosides,1.0,0.891810177985089,0.891810177985089,fitted,platt_logistic_regression,0.48023811648639086,1
C1CC(=O)NC(=O)C1N2C(=O)C3=CC=CC=C3C2=O,CC1=NC=C(N1CCO)[N+](=O)[O-],1.0,reported_twosides,0.99999785,0.879511835778297,0.879511835778297,fitted,platt_logistic_regression,0.48023811648639086,1
CC(CCC(=O)O)C1CCC2C1(CCC3C2C(CC4C3(CCC(C4)O)C)O)C,CCCC1=NN(C2=C1NC(=NC2=O)C3=C(C=CC(=C3)S(=O)(=O)N4CCN(CC4)C)OCC)C,1.0,reported_twosides,4.2483545e-18,0.0919921710556056,0.0919921710556056,fitted,platt_logistic_regression,0.48023811648639086,0
C1CCC(CC1)C(CCN2CCCCC2)(C3=CC=CC=C3)O,COC1=C(C=C2C(=C1)CC(C2=O)CC3CCN(CC3)CC4=CC=CC=C4)OC,1.0,reported_twosides,4.2483545e-18,0.0919921710556056,0.0919921710556056,fitted,platt_logistic_regression,0.48023811648639086,0
CN1CC(=O)N2C(C1=O)CC3=C(C2C4=CC5=C(C=C4)OCO5)NC6=CC=CC=C36,CN1CCC2=C3C1CC4=C(C3=CC=C2)C(=C(C=C4)O)O,0.0,unreported_twosides_sampled,1.0,0.891810177985089,0.891810177985089,fitted,platt_logistic_regression,0.48023811648639086,1
CC(CC1=CC=CC=C1)N(C)CC#C,CC1CCC2CC(C(=CC=CC=CC(CC(C(=O)C(C(C(=CC(C(=O)CC(OC(=O)C3CCCCN3C(=O)C(=O)C1(O2)O)C(C)CC4CCC(C(C4)OC)O)C)C)O)OC)C)C)C)OC,0.0,unreported_twosides_sampled,7.702055e-07,0.0919921710556056,0.0919921710556056,fitted,platt_logistic_regression,0.48023811648639086,0
C1CN=C(N1)NC2=C(C3=NC=CN=C3C=C2)Br,CC(=O)N(CC(CO)O)C1=C(C(=C(C(=C1I)C(=O)NCC(CO)O)I)C(=O)NCC(CO)O)I,0.0,unreported_twosides_sampled,4.2483545e-18,0.0919921710556056,0.0919921710556056,fitted,platt_logistic_regression,0.48023811648639086,0
CC(C)C(CC1=CC(=C(C=C1)OC)OCCCOC)CC(C(CC(C(C)C)C(=O)NCC(C)(C)C(=O)N)O)N,CCCCN1CCCCC1C(=O)NC2=C(C=CC=C2C)C,0.0,unreported_twosides_sampled,4.2483545e-18,0.0919921710556056,0.0919921710556056,fitted,platt_logistic_regression,0.48023811648639086,0
CCC(=C)C(=O)C1=C(C(=C(C=C1)OCC(=O)O)Cl)Cl,CCCNC1CCC2=C(C1)SC(=N2)N,0.0,unreported_twosides_sampled,4.2483545e-18,0.0919921710556056,0.0919921710556056,fitted,platt_logistic_regression,0.48023811648639086,0
C1CN(CCN1CCC2=C(C=C3C(=C2)CC(=O)N3)Cl)C4=NSC5=CC=CC=C54,CCP(CC)CC.CC(=O)OCC1C(C(C(C(O1)[S-])OC(=O)C)OC(=O)C)OC(=O)C.[Au+],0.0,unreported_twosides_sampled,1.0,0.891810177985089,0.891810177985089,fitted,platt_logistic_regression,0.48023811648639086,1
CC1=NC=C(N1CCO)[N+](=O)[O-],CCN(CCCC(C)NC1=C2C=CC(=CC2=NC=C1)Cl)CCO,1.0,reported_twosides,4.2483545e-18,0.0919921710556056,0.0919921710556056,fitted,platt_logistic_regression,0.48023811648639086,0
CC1CC2C(CCC3(C2CCC3(C(=O)C)O)C)C4(C1=CC(=O)CC4)C,CN(C)CCC1=CNC2=C1C=C(C=C2)CC3COC(=O)N3,1.0,reported_twosides,4.2483545e-18,0.0919921710556056,0.0919921710556056,fitted,platt_logistic_regression,0.48023811648639086,0
CC1=CC2C(CCC3(C2CCC3(C(=O)C)O)C)C4(C1=CC(=O)CC4)C,CN1C(=NC(=O)C(=N1)[O-])SCC2=C(N3C(C(C3=O)NC(=O)C(=NOC)C4=CSC(=N4)N)SC2)C(=O)[O-],1.0,reported_twosides,0.0038861078,0.27426330546444655,0.27426330546444655,fitted,platt_logistic_regression,0.48023811648639086,0
CC(C(=O)C1=CC(=CC=C1)Cl)NC(C)(C)C,CC1=NC=C(N1CCO)[N+](=O)[O-],1.0,reported_twosides,0.00012105597,0.17858599725785723,0.17858599725785723,fitted,platt_logistic_regression,0.48023811648639086,0
CC1CC2C(CCC3(C2CCC3(C(=O)C)O)C)C4(C1=CC(=O)CC4)C,CN(C)C(=N)N=C(N)N,1.0,reported_twosides,4.2483545e-18,0.0919921710556056,0.0919921710556056,fitted,platt_logistic_regression,0.48023811648639086,0
C1CN=C(N1)NC2=C(C3=NC=CN=C3C=C2)Br,CN(C)C(=N)N=C(N)N,1.0,reported_twosides,2.5680067e-16,0.0919921710556056,0.0919921710556056,fitted,platt_logistic_regression,0.48023811648639086,0
CC(C)(C)NCC(COC1=NSN=C1N2CCOCC2)O,CN(C)CCCN1C2=CC=CC=C2CCC3=CC=CC=C31,1.0,reported_twosides,4.2483545e-18,0.0919921710556056,0.0919921710556056,fitted,platt_logistic_regression,0.48023811648639086,0
CC1=CC2=C(NC3=CC=CC=C3N=C2S1)N4CCN(CC4)C,CC1NC2=CC(=C(C=C2C(=O)N1C3=CC=CC=C3C)S(=O)(=O)N)Cl,1.0,reported_twosides,0.99999523,0.8653774690675146,0.8653774690675146,fitted,platt_logistic_regression,0.48023811648639086,1
CC1=CC2=C(C=C1C(=C)C3=CC=C(C=C3)C(=O)O)C(CCC2(C)C)(C)C,CCCCCC(CCC1C(CC2C1CC3=C(C2)C(=CC=C3)OCC(=O)O)O)O,0.0,unreported_twosides_sampled,4.2483545e-18,0.0919921710556056,0.0919921710556056,fitted,platt_logistic_regression,0.48023811648639086,0
C1CN2C(=CC=C2C(=O)C3=CC=CC=C3)C1C(=O)O,CC(C)(C)NCC(C1=CC(=C(C=C1)O)CO)O,1.0,reported_twosides,1.0,0.891810177985089,0.891810177985089,fitted,platt_logistic_regression,0.48023811648639086,1
CC1=NC=C(N1CCO)[N+](=O)[O-],CCCCC1=C(C2=CC=CC=C2O1)C(=O)C3=CC(=C(C(=C3)I)OCC[NH+](CC)CC)I,1.0,reported_twosides,4.2483545e-18,0.0919921710556056,0.0919921710556056,fitted,platt_logistic_regression,0.48023811648639086,0
CC1=CC(=CC=C1)CN2CCN(CC2)C(C3=CC=CC=C3)C4=CC=C(C=C4)Cl,CCCN(CCC)S(=O)(=O)C1=CC=C(C=C1)C(=O)O,0.0,unreported_twosides_sampled,4.2483545e-18,0.0919921710556056,0.0919921710556056,fitted,platt_logistic_regression,0.48023811648639086,0
C1C2=C(C=CC(=C2Cl)Cl)NC3=NC(=O)CN31,CN(C)CCCN1C2=CC=CC=C2CCC3=CC=CC=C31,0.0,unreported_twosides_sampled,1.0,0.891810177985089,0.891810177985089,fitted,platt_logistic_regression,0.48023811648639086,1
CCC(=C)C(=O)C1=C(C(=C(C=C1)OCC(=O)O)Cl)Cl,CCC1=C(C(=NC(=N1)N)N)C2=CC=C(C=C2)Cl,0.0,unreported_twosides_sampled,1.0,0.891810177985089,0.891810177985089,fitted,platt_logistic_regression,0.48023811648639086,1
CCCNC1CCC2=C(C1)SC(=N2)N,CN1CC(=O)N2C(C1=O)CC3=C(C2C4=CC5=C(C=C4)OCO5)NC6=CC=CC=C36,1.0,reported_twosides,4.2483545e-18,0.0919921710556056,0.0919921710556056,fitted,platt_logistic_regression,0.48023811648639086,0
CC1=CC2C(CCC3(C2CCC3(C(=O)C)O)C)C4(C1=CC(=O)CC4)C,CC1COC2=C3N1C=C(C(=O)C3=CC(=C2N4CCN(CC4)C)F)C(=O)O,1.0,reported_twosides,9.582777e-12,0.0919921710556056,0.0919921710556056,fitted,platt_logistic_regression,0.48023811648639086,0
CC1=CC(=CC=C1)NC2=C(C=NC=C2)S(=O)(=O)NC(=O)NC(C)C,CN1CCN(CC1)CCCN2C3=CC=CC=C3SC4=C2C=C(C=C4)Cl,1.0,reported_twosides,4.2483545e-18,0.0919921710556056,0.0919921710556056,fitted,platt_logistic_regression,0.48023811648639086,0
CCCCN1CCCCC1C(=O)NC2=C(C=CC=C2C)C,S=[Se],0.0,unreported_twosides_sampled,4.2483545e-18,0.0919921710556056,0.0919921710556056,fitted,platt_logistic_regression,0.48023811648639086,0
C1=CC=C(C=C1)CCNN,CC1=C(C(CCC1)(C)C)C=CC(=CC=CC(=CCO)C)C,0.0,unreported_twosides_sampled,0.9852625,0.6408274098962353,0.6408274098962353,fitted,platt_logistic_regression,0.48023811648639086,1
CC1COC2=C3N1C=C(C(=O)C3=CC(=C2N4CCN(CC4)C)F)C(=O)O,CN1C=NC(=C1SC2=NC=NC3=C2NC=N3)[N+](=O)[O-],1.0,reported_twosides,3.054544e-08,0.0919921710556056,0.0919921710556056,fitted,platt_logistic_regression,0.48023811648639086,0
C1=CN(C(=O)N=C1N)C2C(C(C(O2)CO)O)O,CC1=NC=C(N1CCO)[N+](=O)[O-],1.0,reported_twosides,1.0,0.891810177985089,0.891810177985089,fitted,platt_logistic_regression,0.48023811648639086,1
C1CC(=O)NC(=O)C1N2C(=O)C3=CC=CC=C3C2=O,CC(C)(CC1=CC=CC=C1)N,0.0,unreported_twosides_sampled,2.0571447e-08,0.0919921710556056,0.0919921710556056,fitted,platt_logistic_regression,0.48023811648639086,0
CCCNC(=O)NS(=O)(=O)C1=CC=C(C=C1)Cl,CCOC1=CC=CC=C1OCCNC(C)CC2=CC(=C(C=C2)OC)S(=O)(=O)N,1.0,reported_twosides,4.2483545e-18,0.0919921710556056,0.0919921710556056,fitted,platt_logistic_regression,0.48023811648639086,0
C1CC(=O)NC(=O)C1N2C(=O)C3=CC=CC=C3C2=O,CC12CCC3C(C1CCC2(C#C)O)CCC4=CC(=O)CCC34,0.0,unreported_twosides_sampled,1.2645333e-15,0.0919921710556056,0.0919921710556056,fitted,platt_logistic_regression,0.48023811648639086,0
CCCNC1CCC2=C(C1)SC(=N2)N,CCOC1=NC2=CC=CC(=C2N1CC3=CC=C(C=C3)C4=CC=CC=C4C5=NNN=N5)C(=O)O,1.0,reported_twosides,4.2483545e-18,0.0919921710556056,0.0919921710556056,fitted,platt_logistic_regression,0.48023811648639086,0
CCC1(CC(=O)NC1=O)C,CCCC1=NN(C2=C1NC(=NC2=O)C3=C(C=CC(=C3)S(=O)(=O)N4CCN(CC4)C)OCC)C,0.0,unreported_twosides_sampled,4.2483545e-18,0.0919921710556056,0.0919921710556056,fitted,platt_logistic_regression,0.48023811648639086,0
C1CN=C(N1)NC2=C(C3=NC=CN=C3C=C2)Br,CC1(OC2CC3C4CCC5=CC(=O)C=CC5(C4C(CC3(C2(O1)C(=O)CO)C)O)C)C,0.0,unreported_twosides_sampled,2.2512554e-17,0.0919921710556056,0.0919921710556056,fitted,platt_logistic_regression,0.48023811648639086,0
CC12CC(C3(C(C1CC(C2(C(=O)CO)O)O)CCC4=CC(=O)C=CC43C)F)O,CC1COC2=C3N1C=C(C(=O)C3=CC(=C2N4CCN(CC4)C)F)C(=O)O,1.0,reported_twosides,3.466886e-09,0.0919921710556056,0.0919921710556056,fitted,platt_logistic_regression,0.48023811648639086,0
CCCNC(=O)NS(=O)(=O)C1=CC=C(C=C1)Cl,CN(C)CCC=C1C2=CC=CC=C2C=CC3=CC=CC=C31,0.0,unreported_twosides_sampled,0.00029662918,0.20048796147166337,0.20048796147166337,fitted,platt_logistic_regression,0.48023811648639086,0
C1=CC=C(C=C1)C(C2=CC=CC=C2)(C3=CC=CC=C3Cl)N4C=CN=C4,CCCC(CCC)C(=O)O,1.0,reported_twosides,1.2622076e-08,0.0919921710556056,0.0919921710556056,fitted,platt_logistic_regression,0.48023811648639086,0
CC1NC2=CC(=C(C=C2C(=O)N1C3=CC=CC=C3C)S(=O)(=O)N)Cl,CCC(CC)OC1C=C(CC(C1NC(=O)C)N)C(=O)OCC,0.0,unreported_twosides_sampled,0.9997366,0.7724132257994666,0.7724132257994666,fitted,platt_logistic_regression,0.48023811648639086,1
CCC(CC)OC1C=C(CC(C1NC(=O)C)N)C(=O)OCC,CCOC1=CC=CC=C1OCCNC(C)CC2=CC(=C(C=C2)OC)S(=O)(=O)N,1.0,reported_twosides,4.2483545e-18,0.0919921710556056,0.0919921710556056,fitted,platt_logistic_regression,0.48023811648639086,0
CC(C)(C)C1=CC=C(C=C1)S(=O)(=O)NC2=C(C(=NC(=N2)C3=NC=CC=N3)OCCO)OC4=CC=CC=C4OC,CC(CC1=CC(=C(C=C1)O)O)(C(=O)O)N,0.0,unreported_twosides_sampled,4.2483545e-18,0.0919921710556056,0.0919921710556056,fitted,platt_logistic_regression,0.48023811648639086,0
CCC(C)C1C(CCC2(O1)CC3CC(O2)CC=C(C(C(C=CC=C4COC5C4(C(C=C(C5O)C)C(=O)O3)O)C)OC6CC(C(C(O6)C)OC7CC(C(C(O7)C)O)OC)OC)C)C.CC1CCC2(CC3CC(O2)CC=C(C(C(C=CC=C4COC5C4(C(C=C(C5O)C)C(=O)O3)O)C)OC6CC(C(C(O6)C)OC7CC(C(C(O7)C)O)OC)OC)C)OC1C(C)C,CN(C)CCC=C1C2=CC=CC=C2COC3=C1C=C(C=C3)CC(=O)O,0.0,unreported_twosides_sampled,0.99999976,0.891810177985089,0.891810177985089,fitted,platt_logistic_regression,0.48023811648639086,1
CCC(=O)OC(C(C)C)OP(=O)(CCCCC1=CC=CC=C1)CC(=O)N2CC(CC2C(=O)[O-])C3CCCCC3,CN(CCCNC(=O)C1CCCO1)C2=NC3=CC(=C(C=C3C(=N2)N)OC)OC,1.0,reported_twosides,4.2483545e-18,0.0919921710556056,0.0919921710556056,fitted,platt_logistic_regression,0.48023811648639086,0
CC(=O)SC1CC2=CC(=O)CCC2(C3C1C4CCC5(C4(CC3)C)CCC(=O)O5)C,CC1=NN=C(S1)SCC2=C(N3C(C(C3=O)NC(=O)CN4C=NN=N4)SC2)C(=O)[O-],1.0,reported_twosides,1.0,0.891810177985089,0.891810177985089,fitted,platt_logistic_regression,0.48023811648639086,1
CC1CC2C(CCC3(C2CCC3(C(=O)C)O)C)C4(C1=CC(=O)CC4)C,CCOC1=CC=CC=C1OCCNC(C)CC2=CC(=C(C=C2)OC)S(=O)(=O)N,1.0,reported_twosides,4.2483545e-18,0.0919921710556056,0.0919921710556056,fitted,platt_logistic_regression,0.48023811648639086,0
CC1(OC2CC3C4CC(C5=CC(=O)C=CC5(C4C(CC3(C2(O1)C(=O)CO)C)O)C)F)C,CNS(=O)(=O)CCC1=CC2=C(C=C1)NC=C2C3CCN(CC3)C,0.0,unreported_twosides_sampled,4.2483545e-18,0.0919921710556056,0.0919921710556056,fitted,platt_logistic_regression,0.48023811648639086,0
CC1=CC2=C(NC3=CC=CC=C3N=C2S1)N4CCN(CC4)C,CCN(CC)CCOC(=O)C1(CCCCC1)C2CCCCC2,1.0,reported_twosides,4.2483545e-18,0.0919921710556056,0.0919921710556056,fitted,platt_logistic_regression,0.48023811648639086,0
CC1=C2C(=NC=C1)N(C3=C(C=CC=N3)C(=O)N2)C4CC4,CN1C=NC(=C1SC2=NC=NC3=C2NC=N3)[N+](=O)[O-],0.0,unreported_twosides_sampled,1.0,0.891810177985089,0.891810177985089,fitted,platt_logistic_regression,0.48023811648639086,1
CC1=C(C(CCC1)(C)C)C=CC(=CC=CC(=CCO)C)C,CCCCC(C)(CC=CC1C(CC(=O)C1CCCCCCC(=O)OC)O)O,0.0,unreported_twosides_sampled,0.99997663,0.8330888267070579,0.8330888267070579,fitted,platt_logistic_regression,0.48023811648639086,1
CC12CC(=O)C3C(C1CCC2(C(=O)CO)O)CCC4=CC(=O)C=CC34C,CCN(CCCC(C)NC1=C2C=CC(=CC2=NC=C1)Cl)CCO,1.0,reported_twosides,4.2483545e-18,0.0919921710556056,0.0919921710556056,fitted,platt_logistic_regression,0.48023811648639086,0
C1CC(=O)NC(=O)C1N2C(=O)C3=CC=CC=C3C2=O,CCC1(CC(=O)NC1=O)C,0.0,unreported_twosides_sampled,2.4680818e-17,0.0919921710556056,0.0919921710556056,fitted,platt_logistic_regression,0.48023811648639086,0
C1=CC=C(C=C1)CCNN,CN(C)C(=N)N=C(N)N,1.0,reported_twosides,1.6423009e-10,0.0919921710556056,0.0919921710556056,fitted,platt_logistic_regression,0.48023811648639086,0
CN(C)C(=N)N=C(N)N,CN1C(=NC(=O)C(=N1)[O-])SCC2=C(N3C(C(C3=O)NC(=O)C(=NOC)C4=CSC(=N4)N)SC2)C(=O)[O-],1.0,reported_twosides,0.9999999,0.891810177985089,0.891810177985089,fitted,platt_logistic_regression,0.48023811648639086,1
CC1=NC=C(N1CCO)[N+](=O)[O-],CN1CC(=O)N2C(C1=O)CC3=C(C2C4=CC5=C(C=C4)OCO5)NC6=CC=CC=C36,1.0,reported_twosides,1.0,0.891810177985089,0.891810177985089,fitted,platt_logistic_regression,0.48023811648639086,1
CC12CCC3C(C1CCC2(C#C)O)CCC4=CC(=O)CCC34,CC1=CC(=CC=C1)NC2=C(C=NC=C2)S(=O)(=O)NC(=O)NC(C)C,0.0,unreported_twosides_sampled,4.2483545e-18,0.0919921710556056,0.0919921710556056,fitted,platt_logistic_regression,0.48023811648639086,0
CC12CC(=O)C3C(C1CCC2(C(=O)CO)O)CCC4=CC(=O)C=CC34C,CN(CCCNC(=O)C1CCCO1)C2=NC3=CC(=C(C=C3C(=N2)N)OC)OC,1.0,reported_twosides,4.4503113e-07,0.0919921710556056,0.0919921710556056,fitted,platt_logistic_regression,0.48023811648639086,0
CC(C(=O)C1=CC(=CC=C1)Cl)NC(C)(C)C,CC1=C(N=CN1)CSCCNC(=NC)NC#N,1.0,reported_twosides,1.0,0.891810177985089,0.891810177985089,fitted,platt_logistic_regression,0.48023811648639086,1
CC1CC2C(CCC3(C2CCC3(C(=O)C)O)C)C4(C1=CC(=O)CC4)C,CCCCCC(C=CC1C(CC(=O)C1CCCCCCC(=O)O)O)O,0.0,unreported_twosides_sampled,4.2483545e-18,0.0919921710556056,0.0919921710556056,fitted,platt_logistic_regression,0.48023811648639086,0
CCCCN1CCCCC1C(=O)NC2=C(C=CC=C2C)C,CS(=O)(=O)C1=CC=C(C=C1)C2=C(C(=O)OC2)C3=CC=CC=C3,1.0,reported_twosides,4.2483545e-18,0.0919921710556056,0.0919921710556056,fitted,platt_logistic_regression,0.48023811648639086,0
CC(C(=O)C1=CC(=CC=C1)Cl)NC(C)(C)C,CN(C)CCCN1C2=CC=CC=C2CCC3=CC=CC=C31,1.0,reported_twosides,4.2483545e-18,0.0919921710556056,0.0919921710556056,fitted,platt_logistic_regression,0.48023811648639086,0
CC(=O)N(CC(CO)O)C1=C(C(=C(C(=C1I)C(=O)NCC(CO)O)I)C(=O)NCC(CO)O)I,CCC1=C(C(=NC(=N1)N)N)C2=CC=C(C=C2)Cl,0.0,unreported_twosides_sampled,4.2483545e-18,0.0919921710556056,0.0919921710556056,fitted,platt_logistic_regression,0.48023811648639086,0
C1=CC=C(C=C1)CCNN,CN(C)CCC=C1C2=CC=CC=C2C=CC3=CC=CC=C31,0.0,unreported_twosides_sampled,1.0,0.891810177985089,0.891810177985089,fitted,platt_logistic_regression,0.48023811648639086,1
C1C2=C(C=CC(=C2Cl)Cl)NC3=NC(=O)CN31,CC1=CC2C(CCC3(C2CCC3(C(=O)C)O)C)C4(C1=CC(=O)CC4)C,0.0,unreported_twosides_sampled,0.00950348,0.30368061917671063,0.30368061917671063,fitted,platt_logistic_regression,0.48023811648639086,0
C1CN=C(N1)NC2=C(C3=NC=CN=C3C=C2)Br,CC(C)(C)NCC(C1=NC(=C(C=C1)O)CO)O,0.0,unreported_twosides_sampled,4.2483545e-18,0.0919921710556056,0.0919921710556056,fitted,platt_logistic_regression,0.48023811648639086,0
CCCC(CCC)C(=O)O,CCCCCC(CCC1C(CC2C1CC3=C(C2)C(=CC=C3)OCC(=O)O)O)O,0.0,unreported_twosides_sampled,4.2483545e-18,0.0919921710556056,0.0919921710556056,fitted,platt_logistic_regression,0.48023811648639086,0
C1=CC=C2C(=C1)C(=O)NC2(C3=CC(=C(C=C3)Cl)S(=O)(=O)N)O,CC1NC2=CC(=C(C=C2C(=O)N1C3=CC=CC=C3C)S(=O)(=O)N)Cl,0.0,unreported_twosides_sampled,1.0,0.891810177985089,0.891810177985089,fitted,platt_logistic_regression,0.48023811648639086,1
C1=CC=C(C=C1)CCNN,CC(C)(C)NCC(COC1=NSN=C1N2CCOCC2)O,0.0,unreported_twosides_sampled,4.2483545e-18,0.0919921710556056,0.0919921710556056,fitted,platt_logistic_regression,0.48023811648639086,0
CN(C)CCC=C1C2=CC=CC=C2C=CC3=CC=CC=C31,CN1CC(=O)N2C(C1=O)CC3=C(C2C4=CC5=C(C=C4)OCO5)NC6=CC=CC=C36,1.0,reported_twosides,1.0,0.891810177985089,0.891810177985089,fitted,platt_logistic_regression,0.48023811648639086,1
CC1(C(N2C(S1)C(C2=O)NC(=O)CC3=CC=CC=C3)C(=O)O)C,CC1(OC2CC3C4CC(C5=CC(=O)C=CC5(C4C(CC3(C2(O1)C(=O)CO)C)O)C)F)C,0.0,unreported_twosides_sampled,0.985045,0.6402823065384798,0.6402823065384798,fitted,platt_logistic_regression,0.48023811648639086,1
CC1=NC=C(N1CCO)[N+](=O)[O-],CCCCCCCCCCCC(CC1C(C(=O)O1)CCCCCC)OC(=O)C(CC(C)C)NC=O,1.0,reported_twosides,4.2483545e-18,0.0919921710556056,0.0919921710556056,fitted,platt_logistic_regression,0.48023811648639086,0
CC12CC(=O)C3C(C1CCC2(C(=O)CO)O)CCC4=CC(=O)C=CC34C,CCC(C)C1C(CCC2(O1)CC3CC(O2)CC=C(C(C(C=CC=C4COC5C4(C(C=C(C5O)C)C(=O)O3)O)C)OC6CC(C(C(O6)C)OC7CC(C(C(O7)C)O)OC)OC)C)C.CC1CCC2(CC3CC(O2)CC=C(C(C(C=CC=C4COC5C4(C(C=C(C5O)C)C(=O)O3)O)C)OC6CC(C(C(O6)C)OC7CC(C(C(O7)C)O)OC)OC)C)OC1C(C)C,1.0,reported_twosides,9.375047e-09,0.0919921710556056,0.0919921710556056,fitted,platt_logistic_regression,0.48023811648639086,0
C1C2=C(C=CC(=C2Cl)Cl)NC3=NC(=O)CN31,CC12CC(C3(C(C1CC(C2(C(=O)CO)O)O)CCC4=CC(=O)C=CC43C)F)O,0.0,unreported_twosides_sampled,0.9966259,0.6932779308486192,0.6932779308486192,fitted,platt_logistic_regression,0.48023811648639086,1
CC(C)(C)NCC(C1=NC(=C(C=C1)O)CO)O,CC1=CC2=C(C=C1C)N(C=N2)C3C(C(C(O3)CO)OP(=O)([O-])OC(C)CNC(=O)CCC4(C(C5C6(C(C(C(=N6)C(=C7C(C(C(=N7)C=C8C(C(C(=N8)C(=C4[N-]5)C)CCC(=O)N)(C)C)CCC(=O)N)(C)CC(=O)N)C)CCC(=O)N)(C)CC(=O)N)C)CC(=O)N)C)O.O.[Co],0.0,unreported_twosides_sampled,4.2483545e-18,0.0919921710556056,0.0919921710556056,fitted,platt_logistic_regression,0.48023811648639086,0
CC(C)(C)NCC(C1=NC(=C(C=C1)O)CO)O,CC12CCC3C(C1CCC2(C#C)O)CCC4=CC(=O)CCC34,0.0,unreported_twosides_sampled,4.2483545e-18,0.0919921710556056,0.0919921710556056,fitted,platt_logistic_regression,0.48023811648639086,0
C(=O)([O-])[O-].C(=O)([O-])[O-].C(=O)([O-])[O-].O.[La+3].[La+3],CC12CC(=O)C3C(C1CCC2(C(=O)CO)O)CCC4=CC(=O)C=CC34C,1.0,reported_twosides,0.9994848,0.75308445485978,0.75308445485978,fitted,platt_logistic_regression,0.48023811648639086,1
CC(C)(C)C1=CC=C(C=C1)S(=O)(=O)NC2=C(C(=NC(=N2)C3=NC=CC=N3)OCCO)OC4=CC=CC=C4OC,CCCC1=NN(C2=C1NC(=NC2=O)C3=C(C=CC(=C3)S(=O)(=O)N4CCN(CC4)C)OCC)C,1.0,reported_twosides,4.2483545e-18,0.0919921710556056,0.0919921710556056,fitted,platt_logistic_regression,0.48023811648639086,0
CC(=O)OC1C(CC2C1(CCC3C2CCC4C3(CC(C(C4)O)N5CCOCC5)C)C)[N+]6(CCCC6)CC=C,CC12CC(=O)C3C(C1CCC2(C(=O)CO)O)CCC4=CC(=O)C=CC34C,1.0,reported_twosides,4.2483545e-18,0.0919921710556056,0.0919921710556056,fitted,platt_logistic_regression,0.48023811648639086,0
CN(C)CCC1=CNC2=C1C=C(C=C2)CC3COC(=O)N3,CNS(=O)(=O)CCC1=CC2=C(C=C1)NC=C2C3CCN(CC3)C,1.0,reported_twosides,0.9999819,0.8386413931795287,0.8386413931795287,fitted,platt_logistic_regression,0.48023811648639086,1
CC(C)C(CC1=CC(=C(C=C1)OC)OCCCOC)CC(C(CC(C(C)C)C(=O)NCC(C)(C)C(=O)N)O)N,CCCCCC(C=CC1C(CC(=O)C1CCCCCCC(=O)O)O)O,0.0,unreported_twosides_sampled,4.2483545e-18,0.0919921710556056,0.0919921710556056,fitted,platt_logistic_regression,0.48023811648639086,0
CCCC1=NN(C2=C1NC(=NC2=O)C3=C(C=CC(=C3)S(=O)(=O)N4CCN(CC4)C)OCC)C,CN(C)CCCN1C2=CC=CC=C2CCC3=CC=CC=C31,1.0,reported_twosides,4.2483545e-18,0.0919921710556056,0.0919921710556056,fitted,platt_logistic_regression,0.48023811648639086,0
CCCCC1=C(C2=CC=CC=C2O1)C(=O)C3=CC(=C(C(=C3)I)OCC[NH+](CC)CC)I,CN(C)CCC1=CNC2=C1C=C(C=C2)CC3COC(=O)N3,0.0,unreported_twosides_sampled,4.2483545e-18,0.0919921710556056,0.0919921710556056,fitted,platt_logistic_regression,0.48023811648639086,0
CC1=CC(=CC=C1)NC2=C(C=NC=C2)S(=O)(=O)NC(=O)NC(C)C,CN(C)CCC=C1C2=CC=CC=C2C=CC3=CC=CC=C31,1.0,reported_twosides,3.7366898e-13,0.0919921710556056,0.0919921710556056,fitted,platt_logistic_regression,0.48023811648639086,0
CC1CC2C(CCC3(C2CCC3(C(=O)C)O)C)C4(C1=CC(=O)CC4)C,CC1CCC2CC(C(=CC=CC=CC(CC(C(=O)C(C(C(=CC(C(=O)CC(OC(=O)C3CCCCN3C(=O)C(=O)C1(O2)O)C(C)CC4CCC(C(C4)OC)O)C)C)O)OC)C)C)C)OC,0.0,unreported_twosides_sampled,4.2483545e-18,0.0919921710556056,0.0919921710556056,fitted,platt_logistic_regression,0.48023811648639086,0
C1CN2C(=CC=C2C(=O)C3=CC=CC=C3)C1C(=O)O,CCCNC(=O)NS(=O)(=O)C1=CC=C(C=C1)Cl,0.0,unreported_twosides_sampled,0.9999999,0.891810177985089,0.891810177985089,fitted,platt_logistic_regression,0.48023811648639086,1
CCCC(=O)OC1(CCC2C1(CC(C3C2CCC4=CC(=O)CCC34C)O)C)C(=O)CO,CCOC1=CC=CC=C1OCCNC(C)CC2=CC(=C(C=C2)OC)S(=O)(=O)N,0.0,unreported_twosides_sampled,4.2483545e-18,0.0919921710556056,0.0919921710556056,fitted,platt_logistic_regression,0.48023811648639086,0
CC1=CC2=C(C=C1C(=C)C3=CC=C(C=C3)C(=O)O)C(CCC2(C)C)(C)C,CC1=CC2=C(C=C1C)N(C=N2)C3C(C(C(O3)CO)OP(=O)([O-])OC(C)CNC(=O)CCC4(C(C5C6(C(C(C(=N6)C(=C7C(C(C(=N7)C=C8C(C(C(=N8)C(=C4[N-]5)C)CCC(=O)N)(C)C)CCC(=O)N)(C)CC(=O)N)C)CCC(=O)N)(C)CC(=O)N)C)CC(=O)N)C)O.O.[Co],0.0,unreported_twosides_sampled,4.2483545e-18,0.0919921710556056,0.0919921710556056,fitted,platt_logistic_regression,0.48023811648639086,0
CC(=O)N(CCCCCNC(=O)CCC(=O)N(CCCCCNC(=O)CCC(=O)N(CCCCCN)O)O)O,CCP(CC)CC.CC(=O)OCC1C(C(C(C(O1)[S-])OC(=O)C)OC(=O)C)OC(=O)C.[Au+],0.0,unreported_twosides_sampled,1.0,0.891810177985089,0.891810177985089,fitted,platt_logistic_regression,0.48023811648639086,1
CC(C)(C)NCC(C1=NC(=C(C=C1)O)CO)O,CC1=CC(=CC=C1)CN2CCN(CC2)C(C3=CC=CC=C3)C4=CC=C(C=C4)Cl,1.0,reported_twosides,4.2483545e-18,0.0919921710556056,0.0919921710556056,fitted,platt_logistic_regression,0.48023811648639086,0
CC(C)(C)NCC(C1=CC(=C(C=C1)O)CO)O,CNS(=O)(=O)CCC1=CC2=C(C=C1)NC=C2C3CCN(CC3)C,1.0,reported_twosides,4.2483545e-18,0.0919921710556056,0.0919921710556056,fitted,platt_logistic_regression,0.48023811648639086,0
C(C(CO[N+](=O)[O-])O[N+](=O)[O-])O[N+](=O)[O-],CCP(CC)CC.CC(=O)OCC1C(C(C(C(O1)[S-])OC(=O)C)OC(=O)C)OC(=O)C.[Au+],0.0,unreported_twosides_sampled,0.9995541,0.7573391900173264,0.7573391900173264,fitted,platt_logistic_regression,0.48023811648639086,1
CC(CC1=CC(=C(C=C1)O)O)(C(=O)O)N,CCP(CC)CC.CC(=O)OCC1C(C(C(C(O1)[S-])OC(=O)C)OC(=O)C)OC(=O)C.[Au+],0.0,unreported_twosides_sampled,0.024408676,0.3368763011548988,0.3368763011548988,fitted,platt_logistic_regression,0.48023811648639086,0
CC(C)(C)C1=CC=C(C=C1)S(=O)(=O)NC2=C(C(=NC(=N2)C3=NC=CC=N3)OCCO)OC4=CC=CC=C4OC,CC1=NN=C(S1)SCC2=C(N3C(C(C3=O)NC(=O)CN4C=NN=N4)SC2)C(=O)[O-],0.0,unreported_twosides_sampled,0.010550221,0.30724547025401816,0.30724547025401816,fitted,platt_logistic_regression,0.48023811648639086,0
CCC1=C(C(=NC(=N1)N)N)C2=CC=C(C=C2)Cl,CCCNC1CCC2=C(C1)SC(=N2)N,0.0,unreported_twosides_sampled,4.2483545e-18,0.0919921710556056,0.0919921710556056,fitted,platt_logistic_regression,0.48023811648639086,0
CC(CCC(=O)O)C1CCC2C1(CCC3C2C(CC4C3(CCC(C4)O)C)O)C,CCCC(CCC)C(=O)O,1.0,reported_twosides,4.2483545e-18,0.0919921710556056,0.0919921710556056,fitted,platt_logistic_regression,0.48023811648639086,0
C1CN=C(N1)NC2=C(C3=NC=CN=C3C=C2)Br,CC(C)(C)NCC(C1=CC(=C(C=C1)O)CO)O,1.0,reported_twosides,4.4167686e-16,0.0919921710556056,0.0919921710556056,fitted,platt_logistic_regression,0.48023811648639086,0
CC(C)(C)C1=CC=C(C=C1)S(=O)(=O)NC2=C(C(=NC(=N2)C3=NC=CC=N3)OCCO)OC4=CC=CC=C4OC,CCCCCCCCCCCC(CC1C(C(=O)O1)CCCCCC)OC(=O)C(CC(C)C)NC=O,0.0,unreported_twosides_sampled,4.2483545e-18,0.0919921710556056,0.0919921710556056,fitted,platt_logistic_regression,0.48023811648639086,0
CC1COC2=C3N1C=C(C(=O)C3=CC(=C2N4CCN(CC4)C)F)C(=O)O,CCCN(CCC)S(=O)(=O)C1=CC=C(C=C1)C(=O)O,1.0,reported_twosides,0.5915183,0.49221365035754644,0.49221365035754644,fitted,platt_logistic_regression,0.48023811648639086,1
CCCCC(C)(CC=CC1C(CC(=O)C1CCCCCCC(=O)OC)O)O,CN1C(=NC(=O)C(=N1)[O-])SCC2=C(N3C(C(C3=O)NC(=O)C(=NOC)C4=CSC(=N4)N)SC2)C(=O)[O-],1.0,reported_twosides,1.0,0.891810177985089,0.891810177985089,fitted,platt_logistic_regression,0.48023811648639086,1
CC1=C(C(CCC1)(C)C)C=CC(=CC=CC(=CCO)C)C,CS(=O)(=O)C1=CC=C(C=C1)C2=C(C(=O)OC2)C3=CC=CC=C3,0.0,unreported_twosides_sampled,1.0,0.891810177985089,0.891810177985089,fitted,platt_logistic_regression,0.48023811648639086,1
CC(C)(C)NCC(C1=NC(=C(C=C1)O)CO)O,CN(C)CCC=C1C2=CC=CC=C2COC3=C1C=C(C=C3)CC(=O)O,1.0,reported_twosides,0.270191,0.4382460376785936,0.4382460376785936,fitted,platt_logistic_regression,0.48023811648639086,0
CCCCC(C)(CC=CC1C(CC(=O)C1CCCCCCC(=O)OC)O)O,CCCNC1CCC2=C(C1)SC(=N2)N,1.0,reported_twosides,4.2483545e-18,0.0919921710556056,0.0919921710556056,fitted,platt_logistic_regression,0.48023811648639086,0
C1C2=C(C=CC(=C2Cl)Cl)NC3=NC(=O)CN31,CC1NC2=CC(=C(C=C2C(=O)N1C3=CC=CC=C3C)S(=O)(=O)N)Cl,0.0,unreported_twosides_sampled,1.0,0.891810177985089,0.891810177985089,fitted,platt_logistic_regression,0.48023811648639086,1
C1CN2C(=CC=C2C(=O)C3=CC=CC=C3)C1C(=O)O,CN1CCN(CC1)CCCN2C3=CC=CC=C3SC4=C2C=C(C=C4)Cl,1.0,reported_twosides,1.0,0.891810177985089,0.891810177985089,fitted,platt_logistic_regression,0.48023811648639086,1
C1C2=C(C=CC(=C2Cl)Cl)NC3=NC(=O)CN31,CC1=C(N=CN1)CSCCNC(=NC)NC#N,0.0,unreported_twosides_sampled,1.0,0.891810177985089,0.891810177985089,fitted,platt_logistic_regression,0.48023811648639086,1
CC(C)(C)NCC(C1=CC(=C(C=C1)O)CO)O,CN1C=NC(=C1SC2=NC=NC3=C2NC=N3)[N+](=O)[O-],1.0,reported_twosides,4.2483545e-18,0.0919921710556056,0.0919921710556056,fitted,platt_logistic_regression,0.48023811648639086,0
CC12CCC3C(C1CCC2(C#C)O)CCC4=CC(=O)CCC34,CN(C)C(=N)N=C(N)N,1.0,reported_twosides,2.572263e-15,0.0919921710556056,0.0919921710556056,fitted,platt_logistic_regression,0.48023811648639086,0
CC12CC(C3(C(C1CC(C2(C(=O)CO)O)O)CCC4=CC(=O)C=CC43C)F)O,CCCC(CCC)C(=O)O,1.0,reported_twosides,4.2483545e-18,0.0919921710556056,0.0919921710556056,fitted,platt_logistic_regression,0.48023811648639086,0
C1CC(=O)NC(=O)C1N2C(=O)C3=CC=CC=C3C2=O,CC1=CC(=CC=C1)CN2CCN(CC2)C(C3=CC=CC=C3)C4=CC=C(C=C4)Cl,1.0,reported_twosides,4.2483545e-18,0.0919921710556056,0.0919921710556056,fitted,platt_logistic_regression,0.48023811648639086,0
CCC(C)C1C(CCC2(O1)CC3CC(O2)CC=C(C(C(C=CC=C4COC5C4(C(C=C(C5O)C)C(=O)O3)O)C)OC6CC(C(C(O6)C)OC7CC(C(C(O7)C)O)OC)OC)C)C.CC1CCC2(CC3CC(O2)CC=C(C(C(C=CC=C4COC5C4(C(C=C(C5O)C)C(=O)O3)O)C)OC6CC(C(C(O6)C)OC7CC(C(C(O7)C)O)OC)OC)C)OC1C(C)C,CCN(CC)CCOC(=O)C1(CCCCC1)C2CCCCC2,0.0,unreported_twosides_sampled,4.2483545e-18,0.0919921710556056,0.0919921710556056,fitted,platt_logistic_regression,0.48023811648639086,0
CC(C(=O)C1=CC(=CC=C1)Cl)NC(C)(C)C,CCCCCC(C=CC1C(CC(=O)C1CCCCCCC(=O)O)O)O,1.0,reported_twosides,4.2483545e-18,0.0919921710556056,0.0919921710556056,fitted,platt_logistic_regression,0.48023811648639086,0
CC(CC1=CC(=C(C=C1)O)O)(C(=O)O)N,CC(CCC(=O)O)C1CCC2C1(CCC3C2C(CC4C3(CCC(C4)O)C)O)C,1.0,reported_twosides,4.2483545e-18,0.0919921710556056,0.0919921710556056,fitted,platt_logistic_regression,0.48023811648639086,0
C1=CC=C(C=C1)C(C2=CC=CC=C2)(C3=CC=CC=C3Cl)N4C=CN=C4,CC1CC2C(CCC3(C2CCC3(C(=O)C)O)C)C4(C1=CC(=O)CC4)C,1.0,reported_twosides,1.800083e-16,0.0919921710556056,0.0919921710556056,fitted,platt_logistic_regression,0.48023811648639086,0
C1=CC=C2C(=C1)C(=O)NC2(C3=CC(=C(C=C3)Cl)S(=O)(=O)N)O,CC1COC2=C3N1C=C(C(=O)C3=CC(=C2N4CCN(CC4)C)F)C(=O)O,0.0,unreported_twosides_sampled,1.0,0.891810177985089,0.891810177985089,fitted,platt_logistic_regression,0.48023811648639086,1
CC1C(C(=O)N1S(=O)(=O)O)NC(=O)C(=NOC(C)(C)C(=O)O)C2=CSC(=N2)N,CCCCN1CCCCC1C(=O)NC2=C(C=CC=C2C)C,0.0,unreported_twosides_sampled,4.2483545e-18,0.0919921710556056,0.0919921710556056,fitted,platt_logistic_regression,0.48023811648639086,0
CC(=O)N(CCCCCNC(=O)CCC(=O)N(CCCCCNC(=O)CCC(=O)N(CCCCCN)O)O)O,CC1CC2C(CCC3(C2CCC3(C(=O)C)O)C)C4(C1=CC(=O)CC4)C,0.0,unreported_twosides_sampled,0.99999964,0.891810177985089,0.891810177985089,fitted,platt_logistic_regression,0.48023811648639086,1
CC(C(=O)C1=CC(=CC=C1)Cl)NC(C)(C)C,CN(C)C(=N)N=C(N)N,1.0,reported_twosides,4.2483545e-18,0.0919921710556056,0.0919921710556056,fitted,platt_logistic_regression,0.48023811648639086,0
CC1=CC(=CC=C1)NC2=C(C=NC=C2)S(=O)(=O)NC(=O)NC(C)C,CC1C=CC=CCCC=CC=CC=CC=CC(CC(C(C(CC(=O)CC(C(CCC(CC(CC(CC(=O)OC(C(C1O)C)C)O)O)O)O)O)O)C(=O)O)O)OC2C(C(C(C(O2)C)O)N)O,1.0,reported_twosides,4.2483545e-18,0.0919921710556056,0.0919921710556056,fitted,platt_logistic_regression,0.48023811648639086,0
CC(=O)N(CC(CO)O)C1=C(C(=C(C(=C1I)C(=O)NCC(CO)O)I)C(=O)NCC(CO)O)I,CC(=O)N(CCCCCNC(=O)CCC(=O)N(CCCCCNC(=O)CCC(=O)N(CCCCCN)O)O)O,0.0,unreported_twosides_sampled,0.9999995,0.891810177985089,0.891810177985089,fitted,platt_logistic_regression,0.48023811648639086,1
C1=CC(=C(C=C1Cl)Cl)C(CN2C=CN=C2)OCC3=C(SC=C3)Cl,CC1C=CC=CCCC=CC=CC=CC=CC(CC(C(C(CC(=O)CC(C(CCC(CC(CC(CC(=O)OC(C(C1O)C)C)O)O)O)O)O)O)C(=O)O)O)OC2C(C(C(C(O2)C)O)N)O,0.0,unreported_twosides_sampled,2.6085022e-12,0.0919921710556056,0.0919921710556056,fitted,platt_logistic_regression,0.48023811648639086,0
CC(C)(C)NCC(C1=CC(=C(C=C1)O)CO)O,CC(C)C(CC1=CC(=C(C=C1)OC)OCCCOC)CC(C(CC(C(C)C)C(=O)NCC(C)(C)C(=O)N)O)N,1.0,reported_twosides,4.2483545e-18,0.0919921710556056,0.0919921710556056,fitted,platt_logistic_regression,0.48023811648639086,0
CCOC1=CC=CC=C1OCCNC(C)CC2=CC(=C(C=C2)OC)S(=O)(=O)N,CN1CC(=O)N2C(C1=O)CC3=C(C2C4=CC5=C(C=C4)OCO5)NC6=CC=CC=C36,1.0,reported_twosides,1.4536323e-05,0.1343050309379269,0.1343050309379269,fitted,platt_logistic_regression,0.48023811648639086,0
CC12CC(C3(C(C1CC(C2(C(=O)CO)O)O)CCC4=CC(=O)C=CC43C)F)O,CN1CC(=O)N2C(C1=O)CC3=C(C2C4=CC5=C(C=C4)OCO5)NC6=CC=CC=C36,1.0,reported_twosides,4.829353e-08,0.0919921710556056,0.0919921710556056,fitted,platt_logistic_regression,0.48023811648639086,0
C(C(CO[N+](=O)[O-])O[N+](=O)[O-])O[N+](=O)[O-],CC12CC(C3(C(C1CC(C2(C(=O)CO)O)O)CCC4=CC(=O)C=CC43C)F)O,1.0,reported_twosides,4.2499884e-12,0.0919921710556056,0.0919921710556056,fitted,platt_logistic_regression,0.48023811648639086,0
C1CN=C(N1)NC2=C(C3=NC=CN=C3C=C2)Br,CCCC1=NN(C2=C1NC(=NC2=O)C3=C(C=CC(=C3)S(=O)(=O)N4CCN(CC4)C)OCC)C,1.0,reported_twosides,4.2483545e-18,0.0919921710556056,0.0919921710556056,fitted,platt_logistic_regression,0.48023811648639086,0
C(OC(C(F)(F)F)C(F)(F)F)F,CCN(CC)CC(=O)NC1=C(C=CC=C1C)C,1.0,reported_twosides,4.2483545e-18,0.0919921710556056,0.0919921710556056,fitted,platt_logistic_regression,0.48023811648639086,0
CC1(C(N2C(S1)C(C2=O)NC(=O)CC3=CC=CC=C3)C(=O)O)C,CCC1(CC(=O)NC1=O)C,0.0,unreported_twosides_sampled,2.3730934e-05,0.1436390928710965,0.1436390928710965,fitted,platt_logistic_regression,0.48023811648639086,0
CC1=C(C(=CC=C1)NC2=CC=CC=C2C(=O)O)C,CCCCCC(C=CC1C(CC(=O)C1CCCCCCC(=O)O)O)O,0.0,unreported_twosides_sampled,4.2483545e-18,0.0919921710556056,0.0919921710556056,fitted,platt_logistic_regression,0.48023811648639086,0
C(=O)([O-])[O-].C(=O)([O-])[O-].C(=O)([O-])[O-].O.[La+3].[La+3],CC(C)C1=NC(=CS1)CN(C)C(=O)NC(C(C)C)C(=O)NC(CC2=CC=CC=C2)CC(C(CC3=CC=CC=C3)NC(=O)OCC4=CN=CS4)O,0.0,unreported_twosides_sampled,0.13080075,0.40333120231992875,0.40333120231992875,fitted,platt_logistic_regression,0.48023811648639086,0
C1=CN(C(=O)N=C1N)C2C(C(C(O2)CO)O)O,C1CN2C(=CC=C2C(=O)C3=CC=CC=C3)C1C(=O)O,1.0,reported_twosides,1.0,0.891810177985089,0.891810177985089,fitted,platt_logistic_regression,0.48023811648639086,1
CC1(OC2CC3C4CCC5=CC(=O)C=CC5(C4C(CC3(C2(O1)C(=O)CO)C)O)C)C,CC1=C(N=CN1)CSCCNC(=NC)NC#N,0.0,unreported_twosides_sampled,1.0,0.891810177985089,0.891810177985089,fitted,platt_logistic_regression,0.48023811648639086,1
CC(CCC(=O)O)C1CCC2C1(CCC3C2C(CC4C3(CCC(C4)O)C)O)C,CC12CCC3C(C1CCC2(C#C)O)CCC4=CC(=O)CCC34,0.0,unreported_twosides_sampled,4.2483545e-18,0.0919921710556056,0.0919921710556056,fitted,platt_logistic_regression,0.48023811648639086,0
CC1(OC2CC3C4CC(C5=CC(=O)C=CC5(C4C(CC3(C2(O1)C(=O)CO)C)O)C)F)C,CN1C(=NC(=O)C(=N1)[O-])SCC2=C(N3C(C(C3=O)NC(=O)C(=NOC)C4=CSC(=N4)N)SC2)C(=O)[O-],1.0,reported_twosides,1.0,0.891810177985089,0.891810177985089,fitted,platt_logistic_regression,0.48023811648639086,1
CC1=NC=C(N1CCO)[N+](=O)[O-],S=[Se],0.0,unreported_twosides_sampled,1.0,0.891810177985089,0.891810177985089,fitted,platt_logistic_regression,0.48023811648639086,1
CC1=CC2C(CCC3(C2CCC3(C(=O)C)O)C)C4(C1=CC(=O)CC4)C,CCOC1=CC=CC=C1OCCNC(C)CC2=CC(=C(C=C2)OC)S(=O)(=O)N,1.0,reported_twosides,4.2483545e-18,0.0919921710556056,0.0919921710556056,fitted,platt_logistic_regression,0.48023811648639086,0
CCC(=O)OC(C(C)C)OP(=O)(CCCCC1=CC=CC=C1)CC(=O)N2CC(CC2C(=O)[O-])C3CCCCC3,CN1C=NC(=C1SC2=NC=NC3=C2NC=N3)[N+](=O)[O-],0.0,unreported_twosides_sampled,4.2483545e-18,0.0919921710556056,0.0919921710556056,fitted,platt_logistic_regression,0.48023811648639086,0
CC(=O)SC1CC2=CC(=O)CCC2(C3C1C4CCC5(C4(CC3)C)CCC(=O)O5)C,CCC1=C(C(=NC(=N1)N)N)C2=CC=C(C=C2)Cl,0.0,unreported_twosides_sampled,1.0,0.891810177985089,0.891810177985089,fitted,platt_logistic_regression,0.48023811648639086,1
CC(CC1=CC=CC=C1)N(C)CC#C,CCCC(=O)OC1(CCC2C1(CC(C3C2CCC4=CC(=O)CCC34C)O)C)C(=O)CO,0.0,unreported_twosides_sampled,0.0037499212,0.27313001878034526,0.27313001878034526,fitted,platt_logistic_regression,0.48023811648639086,0
CC1=C(C(=CC=C1)NC2=CC=CC=C2C(=O)O)C,CC1NC2=CC(=C(C=C2C(=O)N1C3=CC=CC=C3C)S(=O)(=O)N)Cl,0.0,unreported_twosides_sampled,0.0007166564,0.2239583392001387,0.2239583392001387,fitted,platt_logistic_regression,0.48023811648639086,0
CCCCC1=C(C2=CC=CC=C2O1)C(=O)C3=CC(=C(C(=C3)I)OCC[NH+](CC)CC)I,CN(CCCNC(=O)C1CCCO1)C2=NC3=CC(=C(C=C3C(=N2)N)OC)OC,1.0,reported_twosides,4.2483545e-18,0.0919921710556056,0.0919921710556056,fitted,platt_logistic_regression,0.48023811648639086,0
CN(C)CCCN1C2=CC=CC=C2CCC3=CC=CC=C31,CN1CCN(CC1)CCCN2C3=CC=CC=C3SC4=C2C=C(C=C4)Cl,1.0,reported_twosides,3.233772e-05,0.14980633366011636,0.14980633366011636,fitted,platt_logistic_regression,0.48023811648639086,0
CC1=CC2=C(C=C1C(=C)C3=CC=C(C=C3)C(=O)O)C(CCC2(C)C)(C)C,CN1CC(=O)N2C(C1=O)CC3=C(C2C4=CC5=C(C=C4)OCO5)NC6=CC=CC=C36,0.0,unreported_twosides_sampled,0.99025154,0.6560085701500027,0.6560085701500027,fitted,platt_logistic_regression,0.48023811648639086,1
CCCC(=O)OC1(CCC2C1(CC(C3C2CCC4=CC(=O)CCC34C)O)C)C(=O)CO,CCCCC1=C(C2=CC=CC=C2O1)C(=O)C3=CC(=C(C(=C3)I)OCC[NH+](CC)CC)I,0.0,unreported_twosides_sampled,4.2483545e-18,0.0919921710556056,0.0919921710556056,fitted,platt_logistic_regression,0.48023811648639086,0
CC1=NN=C(S1)SCC2=C(N3C(C(C3=O)NC(=O)CN4C=NN=N4)SC2)C(=O)[O-],CN(C)CCCN1C2=CC=CC=C2CCC3=CC=CC=C31,0.0,unreported_twosides_sampled,1.0,0.891810177985089,0.891810177985089,fitted,platt_logistic_regression,0.48023811648639086,1
CC(C)(C)NCC(C1=NC(=C(C=C1)O)CO)O,CC1C=CC=CCCC=CC=CC=CC=CC(CC(C(C(CC(=O)CC(C(CCC(CC(CC(CC(=O)OC(C(C1O)C)C)O)O)O)O)O)O)C(=O)O)O)OC2C(C(C(C(O2)C)O)N)O,1.0,reported_twosides,8.3576675e-17,0.0919921710556056,0.0919921710556056,fitted,platt_logistic_regression,0.48023811648639086,0
C(N)(N)(Cl)Cl,CC1=C2C(=NC=C1)N(C3=C(C=CC=N3)C(=O)N2)C4CC4,0.0,unreported_twosides_sampled,1.0,0.891810177985089,0.891810177985089,fitted,platt_logistic_regression,0.48023811648639086,1
C(C(CO[N+](=O)[O-])O[N+](=O)[O-])O[N+](=O)[O-],CN1C(=NC(=O)C(=N1)[O-])SCC2=C(N3C(C(C3=O)NC(=O)C(=NOC)C4=CSC(=N4)N)SC2)C(=O)[O-],1.0,reported_twosides,1.0,0.891810177985089,0.891810177985089,fitted,platt_logistic_regression,0.48023811648639086,1
C(C(CO[N+](=O)[O-])O[N+](=O)[O-])O[N+](=O)[O-],CC1=CC2=C(NC3=CC=CC=C3N=C2S1)N4CCN(CC4)C,1.0,reported_twosides,2.8246e-14,0.0919921710556056,0.0919921710556056,fitted,platt_logistic_regression,0.48023811648639086,0
CCCCCC(C=CC1C(CC(=O)C1CCCCCCC(=O)O)O)O,CN(C)CCC1=CNC2=C1C=C(C=C2)CC3COC(=O)N3,0.0,unreported_twosides_sampled,4.2483545e-18,0.0919921710556056,0.0919921710556056,fitted,platt_logistic_regression,0.48023811648639086,0
CCC(C)C1C(CCC2(O1)CC3CC(O2)CC=C(C(C(C=CC=C4COC5C4(C(C=C(C5O)C)C(=O)O3)O)C)OC6CC(C(C(O6)C)OC7CC(C(C(O7)C)O)OC)OC)C)C.CC1CCC2(CC3CC(O2)CC=C(C(C(C=CC=C4COC5C4(C(C=C(C5O)C)C(=O)O3)O)C)OC6CC(C(C(O6)C)OC7CC(C(C(O7)C)O)OC)OC)C)OC1C(C)C,CCCNC1CCC2=C(C1)SC(=N2)N,0.0,unreported_twosides_sampled,4.2483545e-18,0.0919921710556056,0.0919921710556056,fitted,platt_logistic_regression,0.48023811648639086,0
CC(CC1=CC=CC=C1)N(C)CC#C,CN1CCN(CC1)CCCN2C3=CC=CC=C3SC4=C2C=C(C=C4)Cl,0.0,unreported_twosides_sampled,1.25632e-09,0.0919921710556056,0.0919921710556056,fitted,platt_logistic_regression,0.48023811648639086,0
CC1NC2=CC(=C(C=C2C(=O)N1C3=CC=CC=C3C)S(=O)(=O)N)Cl,COC1=C(C=C2C(=C1)CC(C2=O)CC3CCN(CC3)CC4=CC=CC=C4)OC,1.0,reported_twosides,7.6511215e-09,0.0919921710556056,0.0919921710556056,fitted,platt_logistic_regression,0.48023811648639086,0
C1CN=C(N1)NC2=C(C3=NC=CN=C3C=C2)Br,CCN(CC)CC(=O)NC1=C(C=CC=C1C)C,1.0,reported_twosides,4.2483545e-18,0.0919921710556056,0.0919921710556056,fitted,platt_logistic_regression,0.48023811648639086,0
C1CC(=O)NC(=O)C1N2C(=O)C3=CC=CC=C3C2=O,CCCC(CCC)C(=O)O,1.0,reported_twosides,4.2483545e-18,0.0919921710556056,0.0919921710556056,fitted,platt_logistic_regression,0.48023811648639086,0
CC(C)(C)NCC(COC1=NSN=C1N2CCOCC2)O,CC1=CC2C(CCC3(C2CCC3(C(=O)C)O)C)C4(C1=CC(=O)CC4)C,1.0,reported_twosides,4.2483545e-18,0.0919921710556056,0.0919921710556056,fitted,platt_logistic_regression,0.48023811648639086,0
C1CN=C(N1)NC2=C(C3=NC=CN=C3C=C2)Br,CCOC1=CC=CC=C1OCCNC(C)CC2=CC(=C(C=C2)OC)S(=O)(=O)N,1.0,reported_twosides,4.2483545e-18,0.0919921710556056,0.0919921710556056,fitted,platt_logistic_regression,0.48023811648639086,0
CC12CC(C3(C(C1CC(C2(C(=O)CO)O)O)CCC4=CC(=O)C=CC43C)F)O,CCCC(=O)OC1(CCC2C1(CC(C3C2CCC4=CC(=O)CCC34C)O)C)C(=O)CO,0.0,unreported_twosides_sampled,7.6569384e-05,0.1681371613869431,0.1681371613869431,fitted,platt_logistic_regression,0.48023811648639086,0
C1=CC=C(C=C1)CCNN,CS(=O)(=O)C1=CC=C(C=C1)C2=C(C(=O)OC2)C3=CC=CC=C3,1.0,reported_twosides,0.9995296,0.7557702551603274,0.7557702551603274,fitted,platt_logistic_regression,0.48023811648639086,1
CC(C(=O)C1=CC(=CC=C1)Cl)NC(C)(C)C,CCC(CC)OC1C=C(CC(C1NC(=O)C)N)C(=O)OCC,1.0,reported_twosides,4.2483545e-18,0.0919921710556056,0.0919921710556056,fitted,platt_logistic_regression,0.48023811648639086,0
CC1(OC2CC3C4CCC5=CC(=O)C=CC5(C4C(CC3(C2(O1)C(=O)CO)C)O)C)C,CC12CCC3C(C1CCC2(C#C)O)CCC4=CC(=O)CCC34,0.0,unreported_twosides_sampled,5.1827076e-13,0.0919921710556056,0.0919921710556056,fitted,platt_logistic_regression,0.48023811648639086,0
CCC1=C2C(=CC=C1)C3=C(N2)C(OCC3)(CC)CC(=O)O,CCCCCCCCCCCC(CC1C(C(=O)O1)CCCCCC)OC(=O)C(CC(C)C)NC=O,0.0,unreported_twosides_sampled,4.2483545e-18,0.0919921710556056,0.0919921710556056,fitted,platt_logistic_regression,0.48023811648639086,0
C(=O)([O-])[O-].C(=O)([O-])[O-].C(=O)([O-])[O-].O.[La+3].[La+3],CCCCCC(CCC1C(CC2C1CC3=C(C2)C(=CC=C3)OCC(=O)O)O)O,0.0,unreported_twosides_sampled,4.2483545e-18,0.0919921710556056,0.0919921710556056,fitted,platt_logistic_regression,0.48023811648639086,0
C1CC(C1)(C(=O)O)C(=O)O.N.N.[Pt],CC(=O)SC1CC2=CC(=O)CCC2(C3C1C4CCC5(C4(CC3)C)CCC(=O)O5)C,1.0,reported_twosides,0.9581119,0.6006573309999462,0.6006573309999462,fitted,platt_logistic_regression,0.48023811648639086,1
CC(C)(C)NCC(C1=NC(=C(C=C1)O)CO)O,CCCC1=NN(C2=C1NC(=NC2=O)C3=C(C=CC(=C3)S(=O)(=O)N4CCN(CC4)C)OCC)C,1.0,reported_twosides,4.2483545e-18,0.0919921710556056,0.0919921710556056,fitted,platt_logistic_regression,0.48023811648639086,0
C(OC(C(F)(F)F)C(F)(F)F)F,CC(C)(C)NCC(C1=NC(=C(C=C1)O)CO)O,0.0,unreported_twosides_sampled,4.2483545e-18,0.0919921710556056,0.0919921710556056,fitted,platt_logistic_regression,0.48023811648639086,0
C(N)(N)(Cl)Cl,CCCC1=NN(C2=C1NC(=NC2=O)C3=C(C=CC(=C3)S(=O)(=O)N4CCN(CC4)C)OCC)C,1.0,reported_twosides,4.2483545e-18,0.0919921710556056,0.0919921710556056,fitted,platt_logistic_regression,0.48023811648639086,0
CC1C=CC=CCCC=CC=CC=CC=CC(CC(C(C(CC(=O)CC(C(CCC(CC(CC(CC(=O)OC(C(C1O)C)C)O)O)O)O)O)O)C(=O)O)O)OC2C(C(C(C(O2)C)O)N)O,CCCCC1=C(C2=CC=CC=C2O1)C(=O)C3=CC(=C(C(=C3)I)OCC[NH+](CC)CC)I,1.0,reported_twosides,4.2483545e-18,0.0919921710556056,0.0919921710556056,fitted,platt_logistic_regression,0.48023811648639086,0
CC1=C2C(=NC=C1)N(C3=C(C=CC=N3)C(=O)N2)C4CC4,CCOC1=CC=CC=C1OCCNC(C)CC2=CC(=C(C=C2)OC)S(=O)(=O)N,0.0,unreported_twosides_sampled,1.0,0.891810177985089,0.891810177985089,fitted,platt_logistic_regression,0.48023811648639086,1
C(C(CO[N+](=O)[O-])O[N+](=O)[O-])O[N+](=O)[O-],COC1=C(C=C2C(=C1)CC(C2=O)CC3CCN(CC3)CC4=CC=CC=C4)OC,1.0,reported_twosides,4.2483545e-18,0.0919921710556056,0.0919921710556056,fitted,platt_logistic_regression,0.48023811648639086,0
CC(C)(C)NCC(C1=CC(=C(C=C1)O)CO)O,CC1=NC=C(N1CCO)[N+](=O)[O-],1.0,reported_twosides,0.99952984,0.7557851595908464,0.7557851595908464,fitted,platt_logistic_regression,0.48023811648639086,1
CC1(C(N2C(S1)C(C2=O)NC(=O)CC3=CC=CC=C3)C(=O)O)C,CC1=NN=C(S1)SCC2=C(N3C(C(C3=O)NC(=O)CN4C=NN=N4)SC2)C(=O)[O-],0.0,unreported_twosides_sampled,1.0,0.891810177985089,0.891810177985089,fitted,platt_logistic_regression,0.48023811648639086,1
C1=CC=C2C(=C1)C(=O)NC2(C3=CC(=C(C=C3)Cl)S(=O)(=O)N)O,CC(C1=CC(=C(C=C1)C2=CC=CC=C2)F)C(=O)O,0.0,unreported_twosides_sampled,1.0,0.891810177985089,0.891810177985089,fitted,platt_logistic_regression,0.48023811648639086,1
C1=CC=C(C=C1)CCNN,CC1(OC2CC3C4CCC5=CC(=O)C=CC5(C4C(CC3(C2(O1)C(=O)CO)C)O)C)C,0.0,unreported_twosides_sampled,5.164963e-10,0.0919921710556056,0.0919921710556056,fitted,platt_logistic_regression,0.48023811648639086,0
CC1=CC2=C(C=C1C)N(C=N2)C3C(C(C(O3)CO)OP(=O)([O-])OC(C)CNC(=O)CCC4(C(C5C6(C(C(C(=N6)C(=C7C(C(C(=N7)C=C8C(C(C(=N8)C(=C4[N-]5)C)CCC(=O)N)(C)C)CCC(=O)N)(C)CC(=O)N)C)CCC(=O)N)(C)CC(=O)N)C)CC(=O)N)C)O.O.[Co],CC1COC2=C3N1C=C(C(=O)C3=CC(=C2N4CCN(CC4)C)F)C(=O)O,0.0,unreported_twosides_sampled,4.2483545e-18,0.0919921710556056,0.0919921710556056,fitted,platt_logistic_regression,0.48023811648639086,0
CC(=O)N(CCCCCNC(=O)CCC(=O)N(CCCCCNC(=O)CCC(=O)N(CCCCCN)O)O)O,CN(CCCNC(=O)C1CCCO1)C2=NC3=CC(=C(C=C3C(=N2)N)OC)OC,0.0,unreported_twosides_sampled,1.0,0.891810177985089,0.891810177985089,fitted,platt_logistic_regression,0.48023811648639086,1
CN1CCN(CC1)CCCN2C3=CC=CC=C3SC4=C2C=C(C=C4)Cl,CNS(=O)(=O)CCC1=CC2=C(C=C1)NC=C2C3CCN(CC3)C,1.0,reported_twosides,2.0128162e-16,0.0919921710556056,0.0919921710556056,fitted,platt_logistic_regression,0.48023811648639086,0
C1=CN(C(=O)N=C1N)C2C(C(C(O2)CO)O)O,C1C2=C(C=CC(=C2Cl)Cl)NC3=NC(=O)CN31,0.0,unreported_twosides_sampled,1.0,0.891810177985089,0.891810177985089,fitted,platt_logistic_regression,0.48023811648639086,1
CC(=O)N(CCCCCNC(=O)CCC(=O)N(CCCCCNC(=O)CCC(=O)N(CCCCCN)O)O)O,CN1C(=NC(=O)C(=N1)[O-])SCC2=C(N3C(C(C3=O)NC(=O)C(=NOC)C4=CSC(=N4)N)SC2)C(=O)[O-],0.0,unreported_twosides_sampled,1.0,0.891810177985089,0.891810177985089,fitted,platt_logistic_regression,0.48023811648639086,1
CC(C)(C)NCC(C1=CC(=C(C=C1)O)CO)O,CCN(CCCC(C)NC1=C2C=CC(=CC2=NC=C1)Cl)CCO,1.0,reported_twosides,4.2483545e-18,0.0919921710556056,0.0919921710556056,fitted,platt_logistic_regression,0.48023811648639086,0
CC12CC(=O)C3C(C1CCC2(C(=O)CO)O)CCC4=CC(=O)C=CC34C,CN1C(=NC(=O)C(=N1)[O-])SCC2=C(N3C(C(C3=O)NC(=O)C(=NOC)C4=CSC(=N4)N)SC2)C(=O)[O-],1.0,reported_twosides,1.0,0.891810177985089,0.891810177985089,fitted,platt_logistic_regression,0.48023811648639086,1
CC(CCC(=O)O)C1CCC2C1(CCC3C2C(CC4C3(CCC(C4)O)C)O)C,CN1C(=NC(=O)C(=N1)[O-])SCC2=C(N3C(C(C3=O)NC(=O)C(=NOC)C4=CSC(=N4)N)SC2)C(=O)[O-],1.0,reported_twosides,4.2483545e-18,0.0919921710556056,0.0919921710556056,fitted,platt_logistic_regression,0.48023811648639086,0
CC(C)C1=NC(=CS1)CN(C)C(=O)NC(C(C)C)C(=O)NC(CC2=CC=CC=C2)CC(C(CC3=CC=CC=C3)NC(=O)OCC4=CN=CS4)O,CC12CC(C3(C(C1CC(C2(C(=O)CO)O)O)CCC4=CC(=O)C=CC43C)F)O,1.0,reported_twosides,0.0008873419,0.22992973476841874,0.22992973476841874,fitted,platt_logistic_regression,0.48023811648639086,0
C1=CC(=C(C=C1Cl)Cl)C(CN2C=CN=C2)OCC3=C(SC=C3)Cl,COC1=C(C=C2C(=C1)CC(C2=O)CC3CCN(CC3)CC4=CC=CC=C4)OC,0.0,unreported_twosides_sampled,4.2483545e-18,0.0919921710556056,0.0919921710556056,fitted,platt_logistic_regression,0.48023811648639086,0
CCOC1=NC2=CC=CC(=C2N1CC3=CC=C(C=C3)C4=CC=CC=C4C5=NNN=N5)C(=O)O,CN1CCN(CC1)CCCN2C3=CC=CC=C3SC4=C2C=C(C=C4)Cl,1.0,reported_twosides,1.0,0.891810177985089,0.891810177985089,fitted,platt_logistic_regression,0.48023811648639086,1
CC1=C(C(=CC=C1)NC2=CC=CC=C2C(=O)O)C,CCN(CCCC(C)NC1=C2C=CC(=CC2=NC=C1)Cl)CCO,0.0,unreported_twosides_sampled,4.2483545e-18,0.0919921710556056,0.0919921710556056,fitted,platt_logistic_regression,0.48023811648639086,0
C1=CC=C(C=C1)CCNN,CCP(CC)CC.CC(=O)OCC1C(C(C(C(O1)[S-])OC(=O)C)OC(=O)C)OC(=O)C.[Au+],0.0,unreported_twosides_sampled,4.7640367e-09,0.0919921710556056,0.0919921710556056,fitted,platt_logistic_regression,0.48023811648639086,0
CC1=CC2=C(C=C1C)N(C=N2)C3C(C(C(O3)CO)OP(=O)([O-])OC(C)CNC(=O)CCC4(C(C5C6(C(C(C(=N6)C(=C7C(C(C(=N7)C=C8C(C(C(=N8)C(=C4[N-]5)C)CCC(=O)N)(C)C)CCC(=O)N)(C)CC(=O)N)C)CCC(=O)N)(C)CC(=O)N)C)CC(=O)N)C)O.O.[Co],CC1C(C(=O)N1S(=O)(=O)O)NC(=O)C(=NOC(C)(C)C(=O)O)C2=CSC(=N2)N,0.0,unreported_twosides_sampled,2.0134797e-13,0.0919921710556056,0.0919921710556056,fitted,platt_logistic_regression,0.48023811648639086,0
CC(C)(C)NCC(C1=CC(=C(C=C1)O)CO)O,CCOC1=NC2=CC=CC(=C2N1CC3=CC=C(C=C3)C4=CC=CC=C4C5=NNN=N5)C(=O)O,1.0,reported_twosides,1.0,0.891810177985089,0.891810177985089,fitted,platt_logistic_regression,0.48023811648639086,1
CCCCC(C)(CC=CC1C(CC(=O)C1CCCCCCC(=O)OC)O)O,CCCCCC(CCC1C(CC2C1CC3=C(C2)C(=CC=C3)OCC(=O)O)O)O,0.0,unreported_twosides_sampled,4.2483545e-18,0.0919921710556056,0.0919921710556056,fitted,platt_logistic_regression,0.48023811648639086,0
CC(C)C1=NC(=CS1)CN(C)C(=O)NC(C(C)C)C(=O)NC(CC2=CC=CC=C2)CC(C(CC3=CC=CC=C3)NC(=O)OCC4=CN=CS4)O,CN1C(=NC(=O)C(=N1)[O-])SCC2=C(N3C(C(C3=O)NC(=O)C(=NOC)C4=CSC(=N4)N)SC2)C(=O)[O-],1.0,reported_twosides,1.0,0.891810177985089,0.891810177985089,fitted,platt_logistic_regression,0.48023811648639086,1
CC1=C(C(CCC1)(C)C)C=CC(=CC=CC(=CCO)C)C,CCCCN1CCCCC1C(=O)NC2=C(C=CC=C2C)C,0.0,unreported_twosides_sampled,4.2483545e-18,0.0919921710556056,0.0919921710556056,fitted,platt_logistic_regression,0.48023811648639086,0
C(C(CO[N+](=O)[O-])O[N+](=O)[O-])O[N+](=O)[O-],CCCNC(=O)NS(=O)(=O)C1=CC=C(C=C1)Cl,0.0,unreported_twosides_sampled,8.880896e-12,0.0919921710556056,0.0919921710556056,fitted,platt_logistic_regression,0.48023811648639086,0
CC(C)(CC1=CC=CC=C1)N,CS(=O)(=O)C1=CC=C(C=C1)C2=C(C(=O)OC2)C3=CC=CC=C3,1.0,reported_twosides,0.9998951,0.797149775184405,0.797149775184405,fitted,platt_logistic_regression,0.48023811648639086,1
CC1=CC2=C(NC3=CC=CC=C3N=C2S1)N4CCN(CC4)C,CN1CC(=O)N2C(C1=O)CC3=C(C2C4=CC5=C(C=C4)OCO5)NC6=CC=CC=C36,1.0,reported_twosides,0.00049930916,0.21411254663322588,0.21411254663322588,fitted,platt_logistic_regression,0.48023811648639086,0
C1=CC=C(C=C1)C(C2=CC=CC=C2)(C3=CC=CC=C3Cl)N4C=CN=C4,CC12CCC3C(C1CCC2(C#C)O)CCC4=CC(=O)CCC34,0.0,unreported_twosides_sampled,1.0,0.891810177985089,0.891810177985089,fitted,platt_logistic_regression,0.48023811648639086,1
CC(CCC(=O)O)C1CCC2C1(CCC3C2C(CC4C3(CCC(C4)O)C)O)C,CN(C)CCC=C1C2=CC=CC=C2COC3=C1C=C(C=C3)CC(=O)O,0.0,unreported_twosides_sampled,4.2483545e-18,0.0919921710556056,0.0919921710556056,fitted,platt_logistic_regression,0.48023811648639086,0
CC1=C(N=CN1)CSCCNC(=NC)NC#N,CN(C)C(=N)N=C(N)N,1.0,reported_twosides,1.0,0.891810177985089,0.891810177985089,fitted,platt_logistic_regression,0.48023811648639086,1
CC(C)(C)NCC(C1=CC(=C(C=C1)O)CO)O,CN(C)CCCN1C2=CC=CC=C2CCC3=CC=CC=C31,1.0,reported_twosides,1.3177875e-17,0.0919921710556056,0.0919921710556056,fitted,platt_logistic_regression,0.48023811648639086,0
CN(C)C(=N)N=C(N)N,CN1CCN(CC1)CCCN2C3=CC=CC=C3SC4=C2C=C(C=C4)Cl,1.0,reported_twosides,1.3389087e-15,0.0919921710556056,0.0919921710556056,fitted,platt_logistic_regression,0.48023811648639086,0
C1CC(=O)NC(=O)C1N2C(=O)C3=CC=CC=C3C2=O,CC1C=CC=CCCC=CC=CC=CC=CC(CC(C(C(CC(=O)CC(C(CCC(CC(CC(CC(=O)OC(C(C1O)C)C)O)O)O)O)O)O)C(=O)O)O)OC2C(C(C(C(O2)C)O)N)O,1.0,reported_twosides,1.9405276e-08,0.0919921710556056,0.0919921710556056,fitted,platt_logistic_regression,0.48023811648639086,0
CC(=O)OC1C(CC2C1(CCC3C2CCC4C3(CC(C(C4)O)N5CCOCC5)C)C)[N+]6(CCCC6)CC=C,CC1=NC=C(N1CCO)[N+](=O)[O-],1.0,reported_twosides,7.49377e-12,0.0919921710556056,0.0919921710556056,fitted,platt_logistic_regression,0.48023811648639086,0
CC(CC1=CC=CC=C1)N(C)CC#C,CCOC1=CC=CC=C1OCCNC(C)CC2=CC(=C(C=C2)OC)S(=O)(=O)N,1.0,reported_twosides,9.139198e-14,0.0919921710556056,0.0919921710556056,fitted,platt_logistic_regression,0.48023811648639086,0
C(OC(C(F)(F)F)C(F)(F)F)F,CN1C=NC(=C1SC2=NC=NC3=C2NC=N3)[N+](=O)[O-],0.0,unreported_twosides_sampled,4.2483545e-18,0.0919921710556056,0.0919921710556056,fitted,platt_logistic_regression,0.48023811648639086,0
C1CC(C1)(C(=O)O)C(=O)O.N.N.[Pt],CC1CCC2CC(C(=CC=CC=CC(CC(C(=O)C(C(C(=CC(C(=O)CC(OC(=O)C3CCCCN3C(=O)C(=O)C1(O2)O)C(C)CC4CCC(C(C4)OC)O)C)C)O)OC)C)C)C)OC,0.0,unreported_twosides_sampled,4.2483545e-18,0.0919921710556056,0.0919921710556056,fitted,platt_logistic_regression,0.48023811648639086,0
CC1=CC2=C(C=C1C)N(C=N2)C3C(C(C(O3)CO)OP(=O)([O-])OC(C)CNC(=O)CCC4(C(C5C6(C(C(C(=N6)C(=C7C(C(C(=N7)C=C8C(C(C(=N8)C(=C4[N-]5)C)CCC(=O)N)(C)C)CCC(=O)N)(C)CC(=O)N)C)CCC(=O)N)(C)CC(=O)N)C)CC(=O)N)C)O.O.[Co],CCC1=C(C(=NC(=N1)N)N)C2=CC=C(C=C2)Cl,0.0,unreported_twosides_sampled,4.2483545e-18,0.0919921710556056,0.0919921710556056,fitted,platt_logistic_regression,0.48023811648639086,0
C(C(CO[N+](=O)[O-])O[N+](=O)[O-])O[N+](=O)[O-],CCCN(CCC)S(=O)(=O)C1=CC=C(C=C1)C(=O)O,1.0,reported_twosides,0.00013809532,0.18168264501225315,0.18168264501225315,fitted,platt_logistic_regression,0.48023811648639086,0
C1CN(CCN1CCC2=C(C=C3C(=C2)CC(=O)N3)Cl)C4=NSC5=CC=CC=C54,CCCC(=O)OC1(CCC2C1(CC(C3C2CCC4=CC(=O)CCC34C)O)C)C(=O)CO,0.0,unreported_twosides_sampled,1.0,0.891810177985089,0.891810177985089,fitted,platt_logistic_regression,0.48023811648639086,1
CC(C(=O)C1=CC(=CC=C1)Cl)NC(C)(C)C,CCC(C)C1C(CCC2(O1)CC3CC(O2)CC=C(C(C(C=CC=C4COC5C4(C(C=C(C5O)C)C(=O)O3)O)C)OC6CC(C(C(O6)C)OC7CC(C(C(O7)C)O)OC)OC)C)C.CC1CCC2(CC3CC(O2)CC=C(C(C(C=CC=C4COC5C4(C(C=C(C5O)C)C(=O)O3)O)C)OC6CC(C(C(O6)C)OC7CC(C(C(O7)C)O)OC)OC)C)OC1C(C)C,0.0,unreported_twosides_sampled,4.2483545e-18,0.0919921710556056,0.0919921710556056,fitted,platt_logistic_regression,0.48023811648639086,0
CCC(CC)OC1C=C(CC(C1NC(=O)C)N)C(=O)OCC,CCCC(CCC)C(=O)O,1.0,reported_twosides,4.2483545e-18,0.0919921710556056,0.0919921710556056,fitted,platt_logistic_regression,0.48023811648639086,0
C(C(CO[N+](=O)[O-])O[N+](=O)[O-])O[N+](=O)[O-],CC(CCC(=O)O)C1CCC2C1(CCC3C2C(CC4C3(CCC(C4)O)C)O)C,1.0,reported_twosides,4.2483545e-18,0.0919921710556056,0.0919921710556056,fitted,platt_logistic_regression,0.48023811648639086,0
C1CN(CCN1CCC2=C(C=C3C(=C2)CC(=O)N3)Cl)C4=NSC5=CC=CC=C54,CN1CCN(CC1)CCCN2C3=CC=CC=C3SC4=C2C=C(C=C4)Cl,1.0,reported_twosides,1.0,0.891810177985089,0.891810177985089,fitted,platt_logistic_regression,0.48023811648639086,1
CC(C)C1=NC(=CS1)CN(C)C(=O)NC(C(C)C)C(=O)NC(CC2=CC=CC=C2)CC(C(CC3=CC=CC=C3)NC(=O)OCC4=CN=CS4)O,CN(CCCNC(=O)C1CCCO1)C2=NC3=CC(=C(C=C3C(=N2)N)OC)OC,0.0,unreported_twosides_sampled,1.3721772e-15,0.0919921710556056,0.0919921710556056,fitted,platt_logistic_regression,0.48023811648639086,0
CC(CCC(=O)O)C1CCC2C1(CCC3C2C(CC4C3(CCC(C4)O)C)O)C,CC1C=CC=CCCC=CC=CC=CC=CC(CC(C(C(CC(=O)CC(C(CCC(CC(CC(CC(=O)OC(C(C1O)C)C)O)O)O)O)O)O)C(=O)O)O)OC2C(C(C(C(O2)C)O)N)O,1.0,reported_twosides,4.2483545e-18,0.0919921710556056,0.0919921710556056,fitted,platt_logistic_regression,0.48023811648639086,0
CCCCC(C)(CC=CC1C(CC(=O)C1CCCCCCC(=O)OC)O)O,CCP(CC)CC.CC(=O)OCC1C(C(C(C(O1)[S-])OC(=O)C)OC(=O)C)OC(=O)C.[Au+],1.0,reported_twosides,2.3142743e-11,0.0919921710556056,0.0919921710556056,fitted,platt_logistic_regression,0.48023811648639086,0
CC1=CC2=C(C=C1C)N(C=N2)C3C(C(C(O3)CO)OP(=O)([O-])OC(C)CNC(=O)CCC4(C(C5C6(C(C(C(=N6)C(=C7C(C(C(=N7)C=C8C(C(C(=N8)C(=C4[N-]5)C)CCC(=O)N)(C)C)CCC(=O)N)(C)CC(=O)N)C)CCC(=O)N)(C)CC(=O)N)C)CC(=O)N)C)O.O.[Co],CN(C)CCC=C1C2=CC=CC=C2C=CC3=CC=CC=C31,0.0,unreported_twosides_sampled,4.2483545e-18,0.0919921710556056,0.0919921710556056,fitted,platt_logistic_regression,0.48023811648639086,0
CC(CC1=CC=CC=C1)N(C)CC#C,CC1C(C(=O)N1S(=O)(=O)O)NC(=O)C(=NOC(C)(C)C(=O)O)C2=CSC(=N2)N,0.0,unreported_twosides_sampled,1.0,0.891810177985089,0.891810177985089,fitted,platt_logistic_regression,0.48023811648639086,1
CC(C(=O)C1=CC(=CC=C1)Cl)NC(C)(C)C,CN1C(=NC(=O)C(=N1)[O-])SCC2=C(N3C(C(C3=O)NC(=O)C(=NOC)C4=CSC(=N4)N)SC2)C(=O)[O-],1.0,reported_twosides,0.99994135,0.8117083503763461,0.8117083503763461,fitted,platt_logistic_regression,0.48023811648639086,1
CC1=C(N=CN1)CSCCNC(=NC)NC#N,CC1=CC(=CC=C1)NC2=C(C=NC=C2)S(=O)(=O)NC(=O)NC(C)C,1.0,reported_twosides,1.0,0.891810177985089,0.891810177985089,fitted,platt_logistic_regression,0.48023811648639086,1
CC1COC2=C3N1C=C(C(=O)C3=CC(=C2N4CCN(CC4)C)F)C(=O)O,CCC1=C2C(=CC=C1)C3=C(N2)C(OCC3)(CC)CC(=O)O,1.0,reported_twosides,0.07758438,0.3812568010104261,0.3812568010104261,fitted,platt_logistic_regression,0.48023811648639086,0
CC(=O)SC1CC2=CC(=O)CCC2(C3C1C4CCC5(C4(CC3)C)CCC(=O)O5)C,CCOC1=NC2=CC=CC(=C2N1CC3=CC=C(C=C3)C4=CC=CC=C4C5=NNN=N5)C(=O)O,1.0,reported_twosides,1.0,0.891810177985089,0.891810177985089,fitted,platt_logistic_regression,0.48023811648639086,1
CC1=C(N=CN1)CSCCNC(=NC)NC#N,CCN(CCCC(C)NC1=C2C=CC(=CC2=NC=C1)Cl)CCO,1.0,reported_twosides,0.0010961853,0.23594778689030768,0.23594778689030768,fitted,platt_logistic_regression,0.48023811648639086,0
CC(C)C1=NC(=CS1)CN(C)C(=O)NC(C(C)C)C(=O)NC(CC2=CC=CC=C2)CC(C(CC3=CC=CC=C3)NC(=O)OCC4=CN=CS4)O,S=[Se],0.0,unreported_twosides_sampled,0.42349938,0.46525768609724844,0.46525768609724844,fitted,platt_logistic_regression,0.48023811648639086,0
CC(=O)N(CCCCCNC(=O)CCC(=O)N(CCCCCNC(=O)CCC(=O)N(CCCCCN)O)O)O,CC(CC1=CC=CC=C1)N(C)CC#C,0.0,unreported_twosides_sampled,1.0,0.891810177985089,0.891810177985089,fitted,platt_logistic_regression,0.48023811648639086,1
C1C2=C(C=CC(=C2Cl)Cl)NC3=NC(=O)CN31,CC(=O)OC1C(CC2C1(CCC3C2CCC4C3(CC(C(C4)O)N5CCOCC5)C)C)[N+]6(CCCC6)CC=C,0.0,unreported_twosides_sampled,2.5645452e-06,0.10530558531686605,0.10530558531686605,fitted,platt_logistic_regression,0.48023811648639086,0
CC1CCC2CC(C(=CC=CC=CC(CC(C(=O)C(C(C(=CC(C(=O)CC(OC(=O)C3CCCCN3C(=O)C(=O)C1(O2)O)C(C)CC4CCC(C(C4)OC)O)C)C)O)OC)C)C)C)OC,CC1NC2=CC(=C(C=C2C(=O)N1C3=CC=CC=C3C)S(=O)(=O)N)Cl,1.0,reported_twosides,1.0,0.891810177985089,0.891810177985089,fitted,platt_logistic_regression,0.48023811648639086,1
C1=CC=C(C=C1)CCNN,CCOC1=NC2=CC=CC(=C2N1CC3=CC=C(C=C3)C4=CC=CC=C4C5=NNN=N5)C(=O)O,1.0,reported_twosides,1.0,0.891810177985089,0.891810177985089,fitted,platt_logistic_regression,0.48023811648639086,1
CC1=CC(=CC=C1)CN2CCN(CC2)C(C3=CC=CC=C3)C4=CC=C(C=C4)Cl,CC1=NN=C(S1)SCC2=C(N3C(C(C3=O)NC(=O)CN4C=NN=N4)SC2)C(=O)[O-],1.0,reported_twosides,0.9987876,0.7268658916640001,0.7268658916640001,fitted,platt_logistic_regression,0.48023811648639086,1
CC1=CC2=C(NC3=CC=CC=C3N=C2S1)N4CCN(CC4)C,CCC1(CC(=O)NC1=O)C,0.0,unreported_twosides_sampled,4.2483545e-18,0.0919921710556056,0.0919921710556056,fitted,platt_logistic_regression,0.48023811648639086,0
CC(=O)SC1CC2=CC(=O)CCC2(C3C1C4CCC5(C4(CC3)C)CCC(=O)O5)C,CC1C(C(=O)N1S(=O)(=O)O)NC(=O)C(=NOC(C)(C)C(=O)O)C2=CSC(=N2)N,0.0,unreported_twosides_sampled,1.0,0.891810177985089,0.891810177985089,fitted,platt_logistic_regression,0.48023811648639086,1
CC1=CC(=CC=C1)CN2CCN(CC2)C(C3=CC=CC=C3)C4=CC=C(C=C4)Cl,CC1CC2C(CCC3(C2CCC3(C(=O)C)O)C)C4(C1=CC(=O)CC4)C,1.0,reported_twosides,4.2483545e-18,0.0919921710556056,0.0919921710556056,fitted,platt_logistic_regression,0.48023811648639086,0
C1CC(C1)(C(=O)O)C(=O)O.N.N.[Pt],CC(C)(C)NCC(C1=CC(=C(C=C1)O)CO)O,1.0,reported_twosides,4.2483545e-18,0.0919921710556056,0.0919921710556056,fitted,platt_logistic_regression,0.48023811648639086,0
CCCC(=O)OC1(CCC2C1(CC(C3C2CCC4=CC(=O)CCC34C)O)C)C(=O)CO,CCCCN1CCCCC1C(=O)NC2=C(C=CC=C2C)C,0.0,unreported_twosides_sampled,4.2483545e-18,0.0919921710556056,0.0919921710556056,fitted,platt_logistic_regression,0.48023811648639086,0
CC1NC2=CC(=C(C=C2C(=O)N1C3=CC=CC=C3C)S(=O)(=O)N)Cl,CCN(CCCC(C)NC1=C2C=CC(=CC2=NC=C1)Cl)CCO,1.0,reported_twosides,1.6809877e-17,0.0919921710556056,0.0919921710556056,fitted,platt_logistic_regression,0.48023811648639086,0
CC1COC2=C3N1C=C(C(=O)C3=CC(=C2N4CCN(CC4)C)F)C(=O)O,CN(C)CCC=C1C2=CC=CC=C2COC3=C1C=C(C=C3)CC(=O)O,1.0,reported_twosides,1.0,0.891810177985089,0.891810177985089,fitted,platt_logistic_regression,0.48023811648639086,1
CC(C)(CC1=CC=CC=C1)N,CC1NC2=CC(=C(C=C2C(=O)N1C3=CC=CC=C3C)S(=O)(=O)N)Cl,0.0,unreported_twosides_sampled,1.0,0.891810177985089,0.891810177985089,fitted,platt_logistic_regression,0.48023811648639086,1
CC(C)(C)NCC(C1=CC(=C(C=C1)O)CO)O,CCCCC1=C(C2=CC=CC=C2O1)C(=O)C3=CC(=C(C(=C3)I)OCC[NH+](CC)CC)I,1.0,reported_twosides,4.2483545e-18,0.0919921710556056,0.0919921710556056,fitted,platt_logistic_regression,0.48023811648639086,0
C(N)(N)(Cl)Cl,CC1=NN=C(S1)SCC2=C(N3C(C(C3=O)NC(=O)CN4C=NN=N4)SC2)C(=O)[O-],1.0,reported_twosides,1.0,0.891810177985089,0.891810177985089,fitted,platt_logistic_regression,0.48023811648639086,1
CCCN(CCC)S(=O)(=O)C1=CC=C(C=C1)C(=O)O,CCCNC(=O)NS(=O)(=O)C1=CC=C(C=C1)Cl,0.0,unreported_twosides_sampled,1.0212074e-13,0.0919921710556056,0.0919921710556056,fitted,platt_logistic_regression,0.48023811648639086,0
CC(C)(CC1=CC=CC=C1)N,CC12CC(=O)C3C(C1CCC2(C(=O)CO)O)CCC4=CC(=O)C=CC34C,1.0,reported_twosides,0.983733,0.6371439748425227,0.6371439748425227,fitted,platt_logistic_regression,0.48023811648639086,1
CC(CCC(=O)O)C1CCC2C1(CCC3C2C(CC4C3(CCC(C4)O)C)O)C,CC1=CC(=CC=C1)CN2CCN(CC2)C(C3=CC=CC=C3)C4=CC=C(C=C4)Cl,0.0,unreported_twosides_sampled,4.2483545e-18,0.0919921710556056,0.0919921710556056,fitted,platt_logistic_regression,0.48023811648639086,0
CC(C(=O)C1=CC(=CC=C1)Cl)NC(C)(C)C,CC(C)C1=NC(=CS1)CN(C)C(=O)NC(C(C)C)C(=O)NC(CC2=CC=CC=C2)CC(C(CC3=CC=CC=C3)NC(=O)OCC4=CN=CS4)O,1.0,reported_twosides,1.8274856e-12,0.0919921710556056,0.0919921710556056,fitted,platt_logistic_regression,0.48023811648639086,0
C(OC(C(F)(F)F)C(F)(F)F)F,CC(=O)N(CCCCCNC(=O)CCC(=O)N(CCCCCNC(=O)CCC(=O)N(CCCCCN)O)O)O,0.0,unreported_twosides_sampled,1.0,0.891810177985089,0.891810177985089,fitted,platt_logistic_regression,0.48023811648639086,1
C1=CC(=C(C=C1Cl)Cl)C(CN2C=CN=C2)OCC3=C(SC=C3)Cl,CCCC1=NN(C2=C1NC(=NC2=O)C3=C(C=CC(=C3)S(=O)(=O)N4CCN(CC4)C)OCC)C,0.0,unreported_twosides_sampled,4.2483545e-18,0.0919921710556056,0.0919921710556056,fitted,platt_logistic_regression,0.48023811648639086,0
CCCC1=NN(C2=C1NC(=NC2=O)C3=C(C=CC(=C3)S(=O)(=O)N4CCN(CC4)C)OCC)C,CS(=O)(=O)C1=CC=C(C=C1)C2=C(C(=O)OC2)C3=CC=CC=C3,1.0,reported_twosides,6.189455e-07,0.0919921710556056,0.0919921710556056,fitted,platt_logistic_regression,0.48023811648639086,0
CC1=CC2=C(C=C1C(=C)C3=CC=C(C=C3)C(=O)O)C(CCC2(C)C)(C)C,CCP(CC)CC.CC(=O)OCC1C(C(C(C(O1)[S-])OC(=O)C)OC(=O)C)OC(=O)C.[Au+],0.0,unreported_twosides_sampled,4.1108614e-09,0.0919921710556056,0.0919921710556056,fitted,platt_logistic_regression,0.48023811648639086,0
CC1C(C(=O)N1S(=O)(=O)O)NC(=O)C(=NOC(C)(C)C(=O)O)C2=CSC(=N2)N,CN(C)CCC=C1C2=CC=CC=C2C=CC3=CC=CC=C31,0.0,unreported_twosides_sampled,1.0,0.891810177985089,0.891810177985089,fitted,platt_logistic_regression,0.48023811648639086,1
C1=CN(C(=O)N=C1N)C2C(C(C(O2)CO)O)O,CCN(CC)CC(=O)NC1=C(C=CC=C1C)C,1.0,reported_twosides,4.2483545e-18,0.0919921710556056,0.0919921710556056,fitted,platt_logistic_regression,0.48023811648639086,0
CCC(=O)OC(C(C)C)OP(=O)(CCCCC1=CC=CC=C1)CC(=O)N2CC(CC2C(=O)[O-])C3CCCCC3,CCCCC1=C(C2=CC=CC=C2O1)C(=O)C3=CC(=C(C(=C3)I)OCC[NH+](CC)CC)I,1.0,reported_twosides,4.2483545e-18,0.0919921710556056,0.0919921710556056,fitted,platt_logistic_regression,0.48023811648639086,0
CC(C(=O)C1=CC(=CC=C1)Cl)NC(C)(C)C,CC1=NN=C(S1)SCC2=C(N3C(C(C3=O)NC(=O)CN4C=NN=N4)SC2)C(=O)[O-],1.0,reported_twosides,1.0,0.891810177985089,0.891810177985089,fitted,platt_logistic_regression,0.48023811648639086,1
CC(=O)SC1CC2=CC(=O)CCC2(C3C1C4CCC5(C4(CC3)C)CCC(=O)O5)C,CN(CCCNC(=O)C1CCCO1)C2=NC3=CC(=C(C=C3C(=N2)N)OC)OC,1.0,reported_twosides,1.0,0.891810177985089,0.891810177985089,fitted,platt_logistic_regression,0.48023811648639086,1
CC(C)C(CC1=CC(=C(C=C1)OC)OCCCOC)CC(C(CC(C(C)C)C(=O)NCC(C)(C)C(=O)N)O)N,CCC(CC)OC1C=C(CC(C1NC(=O)C)N)C(=O)OCC,0.0,unreported_twosides_sampled,4.2483545e-18,0.0919921710556056,0.0919921710556056,fitted,platt_logistic_regression,0.48023811648639086,0
CN1C=NC(=C1SC2=NC=NC3=C2NC=N3)[N+](=O)[O-],CNS(=O)(=O)CCC1=CC2=C(C=C1)NC=C2C3CCN(CC3)C,0.0,unreported_twosides_sampled,4.2483545e-18,0.0919921710556056,0.0919921710556056,fitted,platt_logistic_regression,0.48023811648639086,0
C1C2=C(C=CC(=C2Cl)Cl)NC3=NC(=O)CN31,CC(C)(C)NCC(C1=CC(=C(C=C1)O)CO)O,0.0,unreported_twosides_sampled,1.0,0.891810177985089,0.891810177985089,fitted,platt_logistic_regression,0.48023811648639086,1
C1CN2C(=CC=C2C(=O)C3=CC=CC=C3)C1C(=O)O,CCOC1=CC=CC=C1OCCNC(C)CC2=CC(=C(C=C2)OC)S(=O)(=O)N,1.0,reported_twosides,0.9991505,0.7379753174360361,0.7379753174360361,fitted,platt_logistic_regression,0.48023811648639086,1
CC(=O)SC1CC2=CC(=O)CCC2(C3C1C4CCC5(C4(CC3)C)CCC(=O)O5)C,CCC(C)C1C(CCC2(O1)CC3CC(O2)CC=C(C(C(C=CC=C4COC5C4(C(C=C(C5O)C)C(=O)O3)O)C)OC6CC(C(C(O6)C)OC7CC(C(C(O7)C)O)OC)OC)C)C.CC1CCC2(CC3CC(O2)CC=C(C(C(C=CC=C4COC5C4(C(C=C(C5O)C)C(=O)O3)O)C)OC6CC(C(C(O6)C)OC7CC(C(C(O7)C)O)OC)OC)C)OC1C(C)C,0.0,unreported_twosides_sampled,1.0,0.891810177985089,0.891810177985089,fitted,platt_logistic_regression,0.48023811648639086,1
CC1=C(N=CN1)CSCCNC(=NC)NC#N,CCCCN1CCCCC1C(=O)NC2=C(C=CC=C2C)C,0.0,unreported_twosides_sampled,1.858596e-05,0.13891947806137528,0.13891947806137528,fitted,platt_logistic_regression,0.48023811648639086,0
C(C(CO[N+](=O)[O-])O[N+](=O)[O-])O[N+](=O)[O-],CN1CCC2=C3C1CC4=C(C3=CC=C2)C(=C(C=C4)O)O,0.0,unreported_twosides_sampled,0.99978393,0.7779098122323685,0.7779098122323685,fitted,platt_logistic_regression,0.48023811648639086,1
CC(CC1=CC(=C(C=C1)O)O)(C(=O)O)N,CCC(CC)OC1C=C(CC(C1NC(=O)C)N)C(=O)OCC,1.0,reported_twosides,2.802774e-10,0.0919921710556056,0.0919921710556056,fitted,platt_logistic_regression,0.48023811648639086,0
C1=CN(C(=O)N=C1N)C2C(C(C(O2)CO)O)O,CC(=O)OC1C(CC2C1(CCC3C2CCC4C3(CC(C(C4)O)N5CCOCC5)C)C)[N+]6(CCCC6)CC=C,0.0,unreported_twosides_sampled,4.2483545e-18,0.0919921710556056,0.0919921710556056,fitted,platt_logistic_regression,0.48023811648639086,0
CC1=C(C(CCC1)(C)C)C=CC(=CC=CC(=CCO)C)C,CCN(CC)CC(=O)NC1=C(C=CC=C1C)C,0.0,unreported_twosides_sampled,6.5179774e-17,0.0919921710556056,0.0919921710556056,fitted,platt_logistic_regression,0.48023811648639086,0
CC(CC1=CC(=C(C=C1)O)O)(C(=O)O)N,CN1CCC2=C3C1CC4=C(C3=CC=C2)C(=C(C=C4)O)O,0.0,unreported_twosides_sampled,0.9996687,0.7659295885602312,0.7659295885602312,fitted,platt_logistic_regression,0.48023811648639086,1
CCC1=C2C(=CC=C1)C3=C(N2)C(OCC3)(CC)CC(=O)O,CN1CC(=O)N2C(C1=O)CC3=C(C2C4=CC5=C(C=C4)OCO5)NC6=CC=CC=C36,1.0,reported_twosides,0.99991786,0.8033763797194003,0.8033763797194003,fitted,platt_logistic_regression,0.48023811648639086,1
C(OC(C(F)(F)F)C(F)(F)F)F,CC(CCC(=O)O)C1CCC2C1(CCC3C2C(CC4C3(CCC(C4)O)C)O)C,1.0,reported_twosides,4.2483545e-18,0.0919921710556056,0.0919921710556056,fitted,platt_logistic_regression,0.48023811648639086,0
CCP(CC)CC.CC(=O)OCC1C(C(C(C(O1)[S-])OC(=O)C)OC(=O)C)OC(=O)C.[Au+],CN(C)CCCN1C2=CC=CC=C2CCC3=CC=CC=C31,0.0,unreported_twosides_sampled,1.9607014e-14,0.0919921710556056,0.0919921710556056,fitted,platt_logistic_regression,0.48023811648639086,0
C1CC(C1)(C(=O)O)C(=O)O.N.N.[Pt],C1CN=C(N1)NC2=C(C3=NC=CN=C3C=C2)Br,1.0,reported_twosides,4.2483545e-18,0.0919921710556056,0.0919921710556056,fitted,platt_logistic_regression,0.48023811648639086,0
C1=CC=C(C=C1)C(C2=CC=CC=C2)(C3=CC=CC=C3Cl)N4C=CN=C4,CC(C)C1=NC(=CS1)CN(C)C(=O)NC(C(C)C)C(=O)NC(CC2=CC=CC=C2)CC(C(CC3=CC=CC=C3)NC(=O)OCC4=CN=CS4)O,1.0,reported_twosides,1.0,0.891810177985089,0.891810177985089,fitted,platt_logistic_regression,0.48023811648639086,1
CCCCCC(CCC1C(CC2C1CC3=C(C2)C(=CC=C3)OCC(=O)O)O)O,CS(=O)(=O)C1=CC=C(C=C1)C2=C(C(=O)OC2)C3=CC=CC=C3,0.0,unreported_twosides_sampled,4.2483545e-18,0.0919921710556056,0.0919921710556056,fitted,platt_logistic_regression,0.48023811648639086,0
C1CC(=O)NC(=O)C1N2C(=O)C3=CC=CC=C3C2=O,CN1C=NC(=C1SC2=NC=NC3=C2NC=N3)[N+](=O)[O-],1.0,reported_twosides,4.2483545e-18,0.0919921710556056,0.0919921710556056,fitted,platt_logistic_regression,0.48023811648639086,0
CC(=O)OC1C(CC2C1(CCC3C2CCC4C3(CC(C(C4)O)N5CCOCC5)C)C)[N+]6(CCCC6)CC=C,CCC(=O)OC(C(C)C)OP(=O)(CCCCC1=CC=CC=C1)CC(=O)N2CC(CC2C(=O)[O-])C3CCCCC3,0.0,unreported_twosides_sampled,4.2483545e-18,0.0919921710556056,0.0919921710556056,fitted,platt_logistic_regression,0.48023811648639086,0
CC1=CC2=C(NC3=CC=CC=C3N=C2S1)N4CCN(CC4)C,CC1C=CC=CCCC=CC=CC=CC=CC(CC(C(C(CC(=O)CC(C(CCC(CC(CC(CC(=O)OC(C(C1O)C)C)O)O)O)O)O)O)C(=O)O)O)OC2C(C(C(C(O2)C)O)N)O,1.0,reported_twosides,4.2483545e-18,0.0919921710556056,0.0919921710556056,fitted,platt_logistic_regression,0.48023811648639086,0
CC(=O)N(CC(CO)O)C1=C(C(=C(C(=C1I)C(=O)NCC(CO)O)I)C(=O)NCC(CO)O)I,CCCCCC(CCC1C(CC2C1CC3=C(C2)C(=CC=C3)OCC(=O)O)O)O,0.0,unreported_twosides_sampled,4.2483545e-18,0.0919921710556056,0.0919921710556056,fitted,platt_logistic_regression,0.48023811648639086,0
CC1=C(N=CN1)CSCCNC(=NC)NC#N,CCC(=C)C(=O)C1=C(C(=C(C=C1)OCC(=O)O)Cl)Cl,0.0,unreported_twosides_sampled,1.0,0.891810177985089,0.891810177985089,fitted,platt_logistic_regression,0.48023811648639086,1
C(N)(N)(Cl)Cl,CCCCN1CCCCC1C(=O)NC2=C(C=CC=C2C)C,0.0,unreported_twosides_sampled,4.2483545e-18,0.0919921710556056,0.0919921710556056,fitted,platt_logistic_regression,0.48023811648639086,0
C1CC(C1)(C(=O)O)C(=O)O.N.N.[Pt],CCOC1=CC=CC=C1OCCNC(C)CC2=CC(=C(C=C2)OC)S(=O)(=O)N,1.0,reported_twosides,4.2483545e-18,0.0919921710556056,0.0919921710556056,fitted,platt_logistic_regression,0.48023811648639086,0
CC1=NC=C(N1CCO)[N+](=O)[O-],CCOC1=NC2=CC=CC(=C2N1CC3=CC=C(C=C3)C4=CC=CC=C4C5=NNN=N5)C(=O)O,1.0,reported_twosides,1.0,0.891810177985089,0.891810177985089,fitted,platt_logistic_regression,0.48023811648639086,1
CC1=C(C(CCC1)(C)C)C=CC(=CC=CC(=CCO)C)C,CC1=CC2=C(C=C1C(=C)C3=CC=C(C=C3)C(=O)O)C(CCC2(C)C)(C)C,0.0,unreported_twosides_sampled,0.001455643,0.2441949195565433,0.2441949195565433,fitted,platt_logistic_regression,0.48023811648639086,0
CC(=O)N(CC(CO)O)C1=C(C(=C(C(=C1I)C(=O)NCC(CO)O)I)C(=O)NCC(CO)O)I,CC12CC(C3(C(C1CC(C2(C(=O)CO)O)O)CCC4=CC(=O)C=CC43C)F)O,1.0,reported_twosides,4.2483545e-18,0.0919921710556056,0.0919921710556056,fitted,platt_logistic_regression,0.48023811648639086,0
C1=CC=C(C=C1)C(C2=CC=CC=C2)(C3=CC=CC=C3Cl)N4C=CN=C4,C1CN2C(=CC=C2C(=O)C3=CC=CC=C3)C1C(=O)O,1.0,reported_twosides,1.0,0.891810177985089,0.891810177985089,fitted,platt_logistic_regression,0.48023811648639086,1
CC(C)(C)NCC(C1=CC(=C(C=C1)O)CO)O,CN(C)CCC=C1C2=CC=CC=C2C=CC3=CC=CC=C31,1.0,reported_twosides,0.9572699,0.5998635160012649,0.5998635160012649,fitted,platt_logistic_regression,0.48023811648639086,1
C(OC(C(F)(F)F)C(F)(F)F)F,CN(C)CCCN1C2=CC=CC=C2CCC3=CC=CC=C31,0.0,unreported_twosides_sampled,5.121037e-17,0.0919921710556056,0.0919921710556056,fitted,platt_logistic_regression,0.48023811648639086,0
CC1=CC(=CC=C1)NC2=C(C=NC=C2)S(=O)(=O)NC(=O)NC(C)C,CCN(CC)CC(=O)NC1=C(C=CC=C1C)C,1.0,reported_twosides,4.2483545e-18,0.0919921710556056,0.0919921710556056,fitted,platt_logistic_regression,0.48023811648639086,0
CC1=C(C(CCC1)(C)C)C=CC(=CC=CC(=CCO)C)C,CCCCC1=C(C2=CC=CC=C2O1)C(=O)C3=CC(=C(C(=C3)I)OCC[NH+](CC)CC)I,1.0,reported_twosides,4.2483545e-18,0.0919921710556056,0.0919921710556056,fitted,platt_logistic_regression,0.48023811648639086,0
CC(C)C1=NC(=CS1)CN(C)C(=O)NC(C(C)C)C(=O)NC(CC2=CC=CC=C2)CC(C(CC3=CC=CC=C3)NC(=O)OCC4=CN=CS4)O,CCC1=C(C(=NC(=N1)N)N)C2=CC=C(C=C2)Cl,1.0,reported_twosides,0.99999774,0.8785966945020769,0.8785966945020769,fitted,platt_logistic_regression,0.48023811648639086,1
CCN(CC)CC(=O)NC1=C(C=CC=C1C)C,CCOC1=NC2=CC=CC(=C2N1CC3=CC=C(C=C3)C4=CC=CC=C4C5=NNN=N5)C(=O)O,1.0,reported_twosides,1.7283809e-07,0.0919921710556056,0.0919921710556056,fitted,platt_logistic_regression,0.48023811648639086,0
CCC(=O)OC(C(C)C)OP(=O)(CCCCC1=CC=CC=C1)CC(=O)N2CC(CC2C(=O)[O-])C3CCCCC3,CCCCN1CCCCC1C(=O)NC2=C(C=CC=C2C)C,0.0,unreported_twosides_sampled,4.2483545e-18,0.0919921710556056,0.0919921710556056,fitted,platt_logistic_regression,0.48023811648639086,0
CC(C)(CC1=CC=CC=C1)N,CC1=C(C(CCC1)(C)C)C=CC(=CC=CC(=CCO)C)C,0.0,unreported_twosides_sampled,0.999995,0.8644699858923363,0.8644699858923363,fitted,platt_logistic_regression,0.48023811648639086,1
CC1=CC2=C(NC3=CC=CC=C3N=C2S1)N4CCN(CC4)C,CC1CC2C(CCC3(C2CCC3(C(=O)C)O)C)C4(C1=CC(=O)CC4)C,1.0,reported_twosides,4.2483545e-18,0.0919921710556056,0.0919921710556056,fitted,platt_logistic_regression,0.48023811648639086,0
C1=CC=C(C=C1)CCNN,CC12CC(=O)C3C(C1CCC2(C(=O)CO)O)CCC4=CC(=O)C=CC34C,1.0,reported_twosides,0.93091744,0.5802919212532707,0.5802919212532707,fitted,platt_logistic_regression,0.48023811648639086,1
CC1CCC2CC(C(=CC=CC=CC(CC(C(=O)C(C(C(=CC(C(=O)CC(OC(=O)C3CCCCN3C(=O)C(=O)C1(O2)O)C(C)CC4CCC(C(C4)OC)O)C)C)O)OC)C)C)C)OC,CCN(CCCC(C)NC1=C2C=CC(=CC2=NC=C1)Cl)CCO,1.0,reported_twosides,4.2483545e-18,0.0919921710556056,0.0919921710556056,fitted,platt_logistic_regression,0.48023811648639086,0
CCCC(CCC)C(=O)O,CS(=O)(=O)C1=CC=C(C=C1)C2=C(C(=O)OC2)C3=CC=CC=C3,1.0,reported_twosides,5.494517e-15,0.0919921710556056,0.0919921710556056,fitted,platt_logistic_regression,0.48023811648639086,0
C(N)(N)(Cl)Cl,CC(C)(C)NCC(COC1=NSN=C1N2CCOCC2)O,1.0,reported_twosides,4.2483545e-18,0.0919921710556056,0.0919921710556056,fitted,platt_logistic_regression,0.48023811648639086,0
CC1(C(N2C(S1)C(C2=O)NC(=O)CC3=CC=CC=C3)C(=O)O)C,CN(C)CCC1=CNC2=C1C=C(C=C2)CC3COC(=O)N3,0.0,unreported_twosides_sampled,0.9999999,0.891810177985089,0.891810177985089,fitted,platt_logistic_regression,0.48023811648639086,1
CC12CC(=O)C3C(C1CCC2(C(=O)CO)O)CCC4=CC(=O)C=CC34C,CCC1=C2C(=CC=C1)C3=C(N2)C(OCC3)(CC)CC(=O)O,1.0,reported_twosides,0.07015717,0.3771849150387377,0.3771849150387377,fitted,platt_logistic_regression,0.48023811648639086,0
C1=CN(C(=O)N=C1N)C2C(C(C(O2)CO)O)O,CC1=CC2=C(NC3=CC=CC=C3N=C2S1)N4CCN(CC4)C,0.0,unreported_twosides_sampled,1.3981296e-17,0.0919921710556056,0.0919921710556056,fitted,platt_logistic_regression,0.48023811648639086,0
CC(C)(C)NCC(C1=CC(=C(C=C1)O)CO)O,CC(C)C1=NC(=CS1)CN(C)C(=O)NC(C(C)C)C(=O)NC(CC2=CC=CC=C2)CC(C(CC3=CC=CC=C3)NC(=O)OCC4=CN=CS4)O,1.0,reported_twosides,1.873523e-05,0.13907188772496737,0.13907188772496737,fitted,platt_logistic_regression,0.48023811648639086,0
CC1=C2C(=NC=C1)N(C3=C(C=CC=N3)C(=O)N2)C4CC4,CCCNC1CCC2=C(C1)SC(=N2)N,0.0,unreported_twosides_sampled,4.2483545e-18,0.0919921710556056,0.0919921710556056,fitted,platt_logistic_regression,0.48023811648639086,0
CC(CC1=CC(=C(C=C1)O)O)(C(=O)O)N,CCCC(=O)OC1(CCC2C1(CC(C3C2CCC4=CC(=O)CCC34C)O)C)C(=O)CO,0.0,unreported_twosides_sampled,0.79945576,0.5324712861717339,0.5324712861717339,fitted,platt_logistic_regression,0.48023811648639086,1
C1CCC(CC1)C(CCN2CCCCC2)(C3=CC=CC=C3)O,CC(C(=O)C1=CC(=CC=C1)Cl)NC(C)(C)C,1.0,reported_twosides,4.2483545e-18,0.0919921710556056,0.0919921710556056,fitted,platt_logistic_regression,0.48023811648639086,0
CN(C)CCCN1C2=CC=CC=C2CCC3=CC=CC=C31,CN(CCCNC(=O)C1CCCO1)C2=NC3=CC(=C(C=C3C(=N2)N)OC)OC,0.0,unreported_twosides_sampled,1.5033612e-15,0.0919921710556056,0.0919921710556056,fitted,platt_logistic_regression,0.48023811648639086,0
CC(C)C1=NC(=CS1)CN(C)C(=O)NC(C(C)C)C(=O)NC(CC2=CC=CC=C2)CC(C(CC3=CC=CC=C3)NC(=O)OCC4=CN=CS4)O,CCCNC(=O)NS(=O)(=O)C1=CC=C(C=C1)Cl,0.0,unreported_twosides_sampled,4.4204608e-08,0.0919921710556056,0.0919921710556056,fitted,platt_logistic_regression,0.48023811648639086,0
C1=CN(C(=O)N=C1N)C2C(C(C(O2)CO)O)O,CCCC(CCC)C(=O)O,1.0,reported_twosides,4.2483545e-18,0.0919921710556056,0.0919921710556056,fitted,platt_logistic_regression,0.48023811648639086,0
CC(C)C1=NC(=CS1)CN(C)C(=O)NC(C(C)C)C(=O)NC(CC2=CC=CC=C2)CC(C(CC3=CC=CC=C3)NC(=O)OCC4=CN=CS4)O,CC1(OC2CC3C4CC(C5=CC(=O)C=CC5(C4C(CC3(C2(O1)C(=O)CO)C)O)C)F)C,0.0,unreported_twosides_sampled,1.1443484e-09,0.0919921710556056,0.0919921710556056,fitted,platt_logistic_regression,0.48023811648639086,0
CC(C)C(CC1=CC(=C(C=C1)OC)OCCCOC)CC(C(CC(C(C)C)C(=O)NCC(C)(C)C(=O)N)O)N,CC1=NC=C(N1CCO)[N+](=O)[O-],0.0,unreported_twosides_sampled,0.0005049391,0.21441321647039013,0.21441321647039013,fitted,platt_logistic_regression,0.48023811648639086,0
CC(CC1=CC=CC=C1)N(C)CC#C,CC1=CC2=C(C=C1C(=C)C3=CC=C(C=C3)C(=O)O)C(CCC2(C)C)(C)C,0.0,unreported_twosides_sampled,4.6936695e-08,0.0919921710556056,0.0919921710556056,fitted,platt_logistic_regression,0.48023811648639086,0
CC1CC2C(CCC3(C2CCC3(C(=O)C)O)C)C4(C1=CC(=O)CC4)C,CN(C)CCC=C1C2=CC=CC=C2COC3=C1C=C(C=C3)CC(=O)O,0.0,unreported_twosides_sampled,5.8118293e-15,0.0919921710556056,0.0919921710556056,fitted,platt_logistic_regression,0.48023811648639086,0
CC(C1=CC(=C(C=C1)C2=CC=CC=C2)F)C(=O)O,CCP(CC)CC.CC(=O)OCC1C(C(C(C(O1)[S-])OC(=O)C)OC(=O)C)OC(=O)C.[Au+],0.0,unreported_twosides_sampled,0.99745077,0.7027130625001402,0.7027130625001402,fitted,platt_logistic_regression,0.48023811648639086,1
C(=O)([O-])[O-].C(=O)([O-])[O-].C(=O)([O-])[O-].O.[La+3].[La+3],CC(C)(C)C1=CC=C(C=C1)S(=O)(=O)NC2=C(C(=NC(=N2)C3=NC=CC=N3)OCCO)OC4=CC=CC=C4OC,0.0,unreported_twosides_sampled,4.2483545e-18,0.0919921710556056,0.0919921710556056,fitted,platt_logistic_regression,0.48023811648639086,0
C1CN2C(=CC=C2C(=O)C3=CC=CC=C3)C1C(=O)O,CC1=NN=C(S1)SCC2=C(N3C(C(C3=O)NC(=O)CN4C=NN=N4)SC2)C(=O)[O-],1.0,reported_twosides,1.0,0.891810177985089,0.891810177985089,fitted,platt_logistic_regression,0.48023811648639086,1
CCC(C)C1C(CCC2(O1)CC3CC(O2)CC=C(C(C(C=CC=C4COC5C4(C(C=C(C5O)C)C(=O)O3)O)C)OC6CC(C(C(O6)C)OC7CC(C(C(O7)C)O)OC)OC)C)C.CC1CCC2(CC3CC(O2)CC=C(C(C(C=CC=C4COC5C4(C(C=C(C5O)C)C(=O)O3)O)C)OC6CC(C(C(O6)C)OC7CC(C(C(O7)C)O)OC)OC)C)OC1C(C)C,CN1CCN(CC1)CCCN2C3=CC=CC=C3SC4=C2C=C(C=C4)Cl,0.0,unreported_twosides_sampled,4.2483545e-18,0.0919921710556056,0.0919921710556056,fitted,platt_logistic_regression,0.48023811648639086,0
C1CCC(CC1)C(CCN2CCCCC2)(C3=CC=CC=C3)O,CC1=C(N=CN1)CSCCNC(=NC)NC#N,0.0,unreported_twosides_sampled,1.0,0.891810177985089,0.891810177985089,fitted,platt_logistic_regression,0.48023811648639086,1
CCCNC(=O)NS(=O)(=O)C1=CC=C(C=C1)Cl,CN(CCCNC(=O)C1CCCO1)C2=NC3=CC(=C(C=C3C(=N2)N)OC)OC,0.0,unreported_twosides_sampled,4.2483545e-18,0.0919921710556056,0.0919921710556056,fitted,platt_logistic_regression,0.48023811648639086,0
C1CN(CCN1CCC2=C(C=C3C(=C2)CC(=O)N3)Cl)C4=NSC5=CC=CC=C54,CC1=CC2=C(C=C1C(=C)C3=CC=C(C=C3)C(=O)O)C(CCC2(C)C)(C)C,0.0,unreported_twosides_sampled,1.0,0.891810177985089,0.891810177985089,fitted,platt_logistic_regression,0.48023811648639086,1
CC(CC1=CC(=C(C=C1)O)O)(C(=O)O)N,CC1(OC2CC3C4CC(C5=CC(=O)C=CC5(C4C(CC3(C2(O1)C(=O)CO)C)O)C)F)C,0.0,unreported_twosides_sampled,1.6119138e-05,0.13622972954331403,0.13622972954331403,fitted,platt_logistic_regression,0.48023811648639086,0
CC1=C(C(=CC=C1)NC2=CC=CC=C2C(=O)O)C,CC1=NC=C(N1CCO)[N+](=O)[O-],1.0,reported_twosides,2.767339e-13,0.0919921710556056,0.0919921710556056,fitted,platt_logistic_regression,0.48023811648639086,0
CCC(=C)C(=O)C1=C(C(=C(C=C1)OCC(=O)O)Cl)Cl,CCOC1=CC=CC=C1OCCNC(C)CC2=CC(=C(C=C2)OC)S(=O)(=O)N,0.0,unreported_twosides_sampled,1.3239355e-08,0.0919921710556056,0.0919921710556056,fitted,platt_logistic_regression,0.48023811648639086,0
CC(C(=O)C1=CC(=CC=C1)Cl)NC(C)(C)C,CC1C=CC=CCCC=CC=CC=CC=CC(CC(C(C(CC(=O)CC(C(CCC(CC(CC(CC(=O)OC(C(C1O)C)C)O)O)O)O)O)O)C(=O)O)O)OC2C(C(C(C(O2)C)O)N)O,1.0,reported_twosides,2.2722124e-17,0.0919921710556056,0.0919921710556056,fitted,platt_logistic_regression,0.48023811648639086,0
CC(=O)N(CC(CO)O)C1=C(C(=C(C(=C1I)C(=O)NCC(CO)O)I)C(=O)NCC(CO)O)I,CCN(CC)CC(=O)NC1=C(C=CC=C1C)C,1.0,reported_twosides,4.2483545e-18,0.0919921710556056,0.0919921710556056,fitted,platt_logistic_regression,0.48023811648639086,0
CC12CC(=O)C3C(C1CCC2(C(=O)CO)O)CCC4=CC(=O)C=CC34C,CCCCN1CCCCC1C(=O)NC2=C(C=CC=C2C)C,1.0,reported_twosides,4.2483545e-18,0.0919921710556056,0.0919921710556056,fitted,platt_logistic_regression,0.48023811648639086,0
CC1=CC(=CC=C1)CN2CCN(CC2)C(C3=CC=CC=C3)C4=CC=C(C=C4)Cl,CN1C(=NC(=O)C(=N1)[O-])SCC2=C(N3C(C(C3=O)NC(=O)C(=NOC)C4=CSC(=N4)N)SC2)C(=O)[O-],1.0,reported_twosides,0.019977432,0.3296295478352829,0.3296295478352829,fitted,platt_logistic_regression,0.48023811648639086,0
CC(C(=O)C1=CC(=CC=C1)Cl)NC(C)(C)C,CCN(CCCC(C)NC1=C2C=CC(=CC2=NC=C1)Cl)CCO,1.0,reported_twosides,4.2483545e-18,0.0919921710556056,0.0919921710556056,fitted,platt_logistic_regression,0.48023811648639086,0
C(=O)([O-])[O-].C(=O)([O-])[O-].C(=O)([O-])[O-].O.[La+3].[La+3],CC(CC1=CC(=C(C=C1)O)O)(C(=O)O)N,0.0,unreported_twosides_sampled,0.6960995,0.5104618989034881,0.5104618989034881,fitted,platt_logistic_regression,0.48023811648639086,1
CC(C)C(CC1=CC(=C(C=C1)OC)OCCCOC)CC(C(CC(C(C)C)C(=O)NCC(C)(C)C(=O)N)O)N,CC1(OC2CC3C4CCC5=CC(=O)C=CC5(C4C(CC3(C2(O1)C(=O)CO)C)O)C)C,0.0,unreported_twosides_sampled,4.2483545e-18,0.0919921710556056,0.0919921710556056,fitted,platt_logistic_regression,0.48023811648639086,0
CCOC1=CC=CC=C1OCCNC(C)CC2=CC(=C(C=C2)OC)S(=O)(=O)N,CN1C(=NC(=O)C(=N1)[O-])SCC2=C(N3C(C(C3=O)NC(=O)C(=NOC)C4=CSC(=N4)N)SC2)C(=O)[O-],1.0,reported_twosides,0.9010713,0.5650332758967402,0.5650332758967402,fitted,platt_logistic_regression,0.48023811648639086,1
CC(C)C1=NC(=CS1)CN(C)C(=O)NC(C(C)C)C(=O)NC(CC2=CC=CC=C2)CC(C(CC3=CC=CC=C3)NC(=O)OCC4=CN=CS4)O,CCCCCC(CCC1C(CC2C1CC3=C(C2)C(=CC=C3)OCC(=O)O)O)O,0.0,unreported_twosides_sampled,4.2483545e-18,0.0919921710556056,0.0919921710556056,fitted,platt_logistic_regression,0.48023811648639086,0
C1CN=C(N1)NC2=C(C3=NC=CN=C3C=C2)Br,CC(CC1=CC(=C(C=C1)O)O)(C(=O)O)N,0.0,unreported_twosides_sampled,6.866706e-09,0.0919921710556056,0.0919921710556056,fitted,platt_logistic_regression,0.48023811648639086,0
CCC(C)C1C(CCC2(O1)CC3CC(O2)CC=C(C(C(C=CC=C4COC5C4(C(C=C(C5O)C)C(=O)O3)O)C)OC6CC(C(C(O6)C)OC7CC(C(C(O7)C)O)OC)OC)C)C.CC1CCC2(CC3CC(O2)CC=C(C(C(C=CC=C4COC5C4(C(C=C(C5O)C)C(=O)O3)O)C)OC6CC(C(C(O6)C)OC7CC(C(C(O7)C)O)OC)OC)C)OC1C(C)C,CN1CCC2=C3C1CC4=C(C3=CC=C2)C(=C(C=C4)O)O,0.0,unreported_twosides_sampled,5.0250326e-10,0.0919921710556056,0.0919921710556056,fitted,platt_logistic_regression,0.48023811648639086,0
CC12CCC3C(C1CCC2(C#C)O)CCC4=CC(=O)CCC34,CCCN(CCC)S(=O)(=O)C1=CC=C(C=C1)C(=O)O,0.0,unreported_twosides_sampled,2.0264393e-14,0.0919921710556056,0.0919921710556056,fitted,platt_logistic_regression,0.48023811648639086,0
CC1=CC2=C(NC3=CC=CC=C3N=C2S1)N4CCN(CC4)C,CCCCCCCCCCCC(CC1C(C(=O)O1)CCCCCC)OC(=O)C(CC(C)C)NC=O,1.0,reported_twosides,4.2483545e-18,0.0919921710556056,0.0919921710556056,fitted,platt_logistic_regression,0.48023811648639086,0
CCC(=O)OC(C(C)C)OP(=O)(CCCCC1=CC=CC=C1)CC(=O)N2CC(CC2C(=O)[O-])C3CCCCC3,CNS(=O)(=O)CCC1=CC2=C(C=C1)NC=C2C3CCN(CC3)C,0.0,unreported_twosides_sampled,4.2483545e-18,0.0919921710556056,0.0919921710556056,fitted,platt_logistic_regression,0.48023811648639086,0
CC1=CC2=C(NC3=CC=CC=C3N=C2S1)N4CCN(CC4)C,CCN(CCCC(C)NC1=C2C=CC(=CC2=NC=C1)Cl)CCO,1.0,reported_twosides,4.2483545e-18,0.0919921710556056,0.0919921710556056,fitted,platt_logistic_regression,0.48023811648639086,0
CC(C)C(CC1=CC(=C(C=C1)OC)OCCCOC)CC(C(CC(C(C)C)C(=O)NCC(C)(C)C(=O)N)O)N,CCC(C)C1C(CCC2(O1)CC3CC(O2)CC=C(C(C(C=CC=C4COC5C4(C(C=C(C5O)C)C(=O)O3)O)C)OC6CC(C(C(O6)C)OC7CC(C(C(O7)C)O)OC)OC)C)C.CC1CCC2(CC3CC(O2)CC=C(C(C(C=CC=C4COC5C4(C(C=C(C5O)C)C(=O)O3)O)C)OC6CC(C(C(O6)C)OC7CC(C(C(O7)C)O)OC)OC)C)OC1C(C)C,0.0,unreported_twosides_sampled,4.2483545e-18,0.0919921710556056,0.0919921710556056,fitted,platt_logistic_regression,0.48023811648639086,0
C1=CC=C(C=C1)C(C2=CC=CC=C2)(C3=CC=CC=C3Cl)N4C=CN=C4,CCC1=C(C(=NC(=N1)N)N)C2=CC=C(C=C2)Cl,0.0,unreported_twosides_sampled,1.0,0.891810177985089,0.891810177985089,fitted,platt_logistic_regression,0.48023811648639086,1
CC(=O)SC1CC2=CC(=O)CCC2(C3C1C4CCC5(C4(CC3)C)CCC(=O)O5)C,CCOC1=CC=CC=C1OCCNC(C)CC2=CC(=C(C=C2)OC)S(=O)(=O)N,1.0,reported_twosides,0.9942199,0.674675096594567,0.674675096594567,fitted,platt_logistic_regression,0.48023811648639086,1
CC1(OC2CC3C4CCC5=CC(=O)C=CC5(C4C(CC3(C2(O1)C(=O)CO)C)O)C)C,CCN(CCCC(C)NC1=C2C=CC(=CC2=NC=C1)Cl)CCO,0.0,unreported_twosides_sampled,4.2483545e-18,0.0919921710556056,0.0919921710556056,fitted,platt_logistic_regression,0.48023811648639086,0
C1CN=C(N1)NC2=C(C3=NC=CN=C3C=C2)Br,CN(CCCNC(=O)C1CCCO1)C2=NC3=CC(=C(C=C3C(=N2)N)OC)OC,0.0,unreported_twosides_sampled,4.2483545e-18,0.0919921710556056,0.0919921710556056,fitted,platt_logistic_regression,0.48023811648639086,0
C1CC(C1)(C(=O)O)C(=O)O.N.N.[Pt],CC12CC(=O)C3C(C1CCC2(C(=O)CO)O)CCC4=CC(=O)C=CC34C,1.0,reported_twosides,8.4679125e-11,0.0919921710556056,0.0919921710556056,fitted,platt_logistic_regression,0.48023811648639086,0
CC12CCC3C(C1CCC2(C#C)O)CCC4=CC(=O)CCC34,CCN(CCCC(C)NC1=C2C=CC(=CC2=NC=C1)Cl)CCO,0.0,unreported_twosides_sampled,4.2483545e-18,0.0919921710556056,0.0919921710556056,fitted,platt_logistic_regression,0.48023811648639086,0
CC1(C(N2C(S1)C(C2=O)NC(=O)CC3=CC=CC=C3)C(=O)O)C,CC1NC2=CC(=C(C=C2C(=O)N1C3=CC=CC=C3C)S(=O)(=O)N)Cl,0.0,unreported_twosides_sampled,1.0,0.891810177985089,0.891810177985089,fitted,platt_logistic_regression,0.48023811648639086,1
CC1COC2=C3N1C=C(C(=O)C3=CC(=C2N4CCN(CC4)C)F)C(=O)O,CN1CCC2=C3C1CC4=C(C3=CC=C2)C(=C(C=C4)O)O,0.0,unreported_twosides_sampled,0.9999566,0.8189311965664575,0.8189311965664575,fitted,platt_logistic_regression,0.48023811648639086,1
CC(CC1=CC(=C(C=C1)O)O)(C(=O)O)N,CC1CCC2CC(C(=CC=CC=CC(CC(C(=O)C(C(C(=CC(C(=O)CC(OC(=O)C3CCCCN3C(=O)C(=O)C1(O2)O)C(C)CC4CCC(C(C4)OC)O)C)C)O)OC)C)C)C)OC,1.0,reported_twosides,7.0870815e-10,0.0919921710556056,0.0919921710556056,fitted,platt_logistic_regression,0.48023811648639086,0
CC1(OC2CC3C4CC(C5=CC(=O)C=CC5(C4C(CC3(C2(O1)C(=O)CO)C)O)C)F)C,CC1=CC2C(CCC3(C2CCC3(C(=O)C)O)C)C4(C1=CC(=O)CC4)C,0.0,unreported_twosides_sampled,4.2483545e-18,0.0919921710556056,0.0919921710556056,fitted,platt_logistic_regression,0.48023811648639086,0
CC1CC2C(CCC3(C2CCC3(C(=O)C)O)C)C4(C1=CC(=O)CC4)C,CCCC1=NN(C2=C1NC(=NC2=O)C3=C(C=CC(=C3)S(=O)(=O)N4CCN(CC4)C)OCC)C,0.0,unreported_twosides_sampled,4.2483545e-18,0.0919921710556056,0.0919921710556056,fitted,platt_logistic_regression,0.48023811648639086,0
C1=CN(C(=O)N=C1N)C2C(C(C(O2)CO)O)O,CC1CC2C(CCC3(C2CCC3(C(=O)C)O)C)C4(C1=CC(=O)CC4)C,1.0,reported_twosides,4.2483545e-18,0.0919921710556056,0.0919921710556056,fitted,platt_logistic_regression,0.48023811648639086,0
CCOC1=NC2=CC=CC(=C2N1CC3=CC=C(C=C3)C4=CC=CC=C4C5=NNN=N5)C(=O)O,S=[Se],0.0,unreported_twosides_sampled,1.0,0.891810177985089,0.891810177985089,fitted,platt_logistic_regression,0.48023811648639086,1
CC1CCC2CC(C(=CC=CC=CC(CC(C(=O)C(C(C(=CC(C(=O)CC(OC(=O)C3CCCCN3C(=O)C(=O)C1(O2)O)C(C)CC4CCC(C(C4)OC)O)C)C)O)OC)C)C)C)OC,CCCN(CCC)S(=O)(=O)C1=CC=C(C=C1)C(=O)O,0.0,unreported_twosides_sampled,5.7053132e-15,0.0919921710556056,0.0919921710556056,fitted,platt_logistic_regression,0.48023811648639086,0
CC1=CC2=C(NC3=CC=CC=C3N=C2S1)N4CCN(CC4)C,CN(C)CCC=C1C2=CC=CC=C2C=CC3=CC=CC=C31,1.0,reported_twosides,0.00030394376,0.2011105080048446,0.2011105080048446,fitted,platt_logistic_regression,0.48023811648639086,0
CC(=O)SC1CC2=CC(=O)CCC2(C3C1C4CCC5(C4(CC3)C)CCC(=O)O5)C,CC1COC2=C3N1C=C(C(=O)C3=CC(=C2N4CCN(CC4)C)F)C(=O)O,1.0,reported_twosides,1.0,0.891810177985089,0.891810177985089,fitted,platt_logistic_regression,0.48023811648639086,1
C1CN(CCN1CCC2=C(C=C3C(=C2)CC(=O)N3)Cl)C4=NSC5=CC=CC=C54,CC(C1=CC(=C(C=C1)C2=CC=CC=C2)F)C(=O)O,0.0,unreported_twosides_sampled,1.0,0.891810177985089,0.891810177985089,fitted,platt_logistic_regression,0.48023811648639086,1
C1=CC=C2C(=C1)C(=O)NC2(C3=CC(=C(C=C3)Cl)S(=O)(=O)N)O,CCCC1=NN(C2=C1NC(=NC2=O)C3=C(C=CC(=C3)S(=O)(=O)N4CCN(CC4)C)OCC)C,1.0,reported_twosides,0.99999595,0.8683633161775424,0.8683633161775424,fitted,platt_logistic_regression,0.48023811648639086,1
C(N)(N)(Cl)Cl,CCCCC(C)(CC=CC1C(CC(=O)C1CCCCCCC(=O)OC)O)O,1.0,reported_twosides,5.72529e-13,0.0919921710556056,0.0919921710556056,fitted,platt_logistic_regression,0.48023811648639086,0
C(C(CO[N+](=O)[O-])O[N+](=O)[O-])O[N+](=O)[O-],CC1=CC(=CC=C1)NC2=C(C=NC=C2)S(=O)(=O)NC(=O)NC(C)C,1.0,reported_twosides,4.2483545e-18,0.0919921710556056,0.0919921710556056,fitted,platt_logistic_regression,0.48023811648639086,0
CN1C=NC(=C1SC2=NC=NC3=C2NC=N3)[N+](=O)[O-],CS(=O)(=O)C1=CC=C(C=C1)C2=C(C(=O)OC2)C3=CC=CC=C3,1.0,reported_twosides,9.576852e-09,0.0919921710556056,0.0919921710556056,fitted,platt_logistic_regression,0.48023811648639086,0
CCCCCC(CCC1C(CC2C1CC3=C(C2)C(=CC=C3)OCC(=O)O)O)O,CCCNC1CCC2=C(C1)SC(=N2)N,0.0,unreported_twosides_sampled,4.2483545e-18,0.0919921710556056,0.0919921710556056,fitted,platt_logistic_regression,0.48023811648639086,0
CC(=O)N(CC(CO)O)C1=C(C(=C(C(=C1I)C(=O)NCC(CO)O)I)C(=O)NCC(CO)O)I,CC(CC1=CC(=C(C=C1)O)O)(C(=O)O)N,0.0,unreported_twosides_sampled,4.2483545e-18,0.0919921710556056,0.0919921710556056,fitted,platt_logistic_regression,0.48023811648639086,0
CC(C)C(CC1=CC(=C(C=C1)OC)OCCCOC)CC(C(CC(C(C)C)C(=O)NCC(C)(C)C(=O)N)O)N,CC12CC(C3(C(C1CC(C2(C(=O)CO)O)O)CCC4=CC(=O)C=CC43C)F)O,0.0,unreported_twosides_sampled,4.2483545e-18,0.0919921710556056,0.0919921710556056,fitted,platt_logistic_regression,0.48023811648639086,0
C1CN=C(N1)NC2=C(C3=NC=CN=C3C=C2)Br,S=[Se],0.0,unreported_twosides_sampled,3.1436843e-11,0.0919921710556056,0.0919921710556056,fitted,platt_logistic_regression,0.48023811648639086,0
CCCNC(=O)NS(=O)(=O)C1=CC=C(C=C1)Cl,CCCNC1CCC2=C(C1)SC(=N2)N,0.0,unreported_twosides_sampled,4.2483545e-18,0.0919921710556056,0.0919921710556056,fitted,platt_logistic_regression,0.48023811648639086,0
CC(CC1=CC=CC=C1)N(C)CC#C,CCN(CC)CCOC(=O)C1(CCCCC1)C2CCCCC2,0.0,unreported_twosides_sampled,4.2483545e-18,0.0919921710556056,0.0919921710556056,fitted,platt_logistic_regression,0.48023811648639086,0
C(=O)([O-])[O-].C(=O)([O-])[O-].C(=O)([O-])[O-].O.[La+3].[La+3],CCCC(CCC)C(=O)O,0.0,unreported_twosides_sampled,2.5967107e-17,0.0919921710556056,0.0919921710556056,fitted,platt_logistic_regression,0.48023811648639086,0
CC(=O)OC1C(CC2C1(CCC3C2CCC4C3(CC(C(C4)O)N5CCOCC5)C)C)[N+]6(CCCC6)CC=C,CCCC(CCC)C(=O)O,1.0,reported_twosides,4.2483545e-18,0.0919921710556056,0.0919921710556056,fitted,platt_logistic_regression,0.48023811648639086,0
CC1=CC2=C(NC3=CC=CC=C3N=C2S1)N4CCN(CC4)C,CCN(CC)CC(=O)NC1=C(C=CC=C1C)C,1.0,reported_twosides,4.2483545e-18,0.0919921710556056,0.0919921710556056,fitted,platt_logistic_regression,0.48023811648639086,0
CC(C(=O)C1=CC(=CC=C1)Cl)NC(C)(C)C,CC(C)(C)NCC(C1=NC(=C(C=C1)O)CO)O,1.0,reported_twosides,4.2483545e-18,0.0919921710556056,0.0919921710556056,fitted,platt_logistic_regression,0.48023811648639086,0
CN(C)CCCN1C2=CC=CC=C2CCC3=CC=CC=C31,CN1C=NC(=C1SC2=NC=NC3=C2NC=N3)[N+](=O)[O-],0.0,unreported_twosides_sampled,4.2483545e-18,0.0919921710556056,0.0919921710556056,fitted,platt_logistic_regression,0.48023811648639086,0
CC1=C2C(=NC=C1)N(C3=C(C=CC=N3)C(=O)N2)C4CC4,CCCC(CCC)C(=O)O,1.0,reported_twosides,0.9742761,0.6197512146524544,0.6197512146524544,fitted,platt_logistic_regression,0.48023811648639086,1
CCCCC1=C(C2=CC=CC=C2O1)C(=O)C3=CC(=C(C(=C3)I)OCC[NH+](CC)CC)I,CN1CC(=O)N2C(C1=O)CC3=C(C2C4=CC5=C(C=C4)OCO5)NC6=CC=CC=C36,0.0,unreported_twosides_sampled,4.2483545e-18,0.0919921710556056,0.0919921710556056,fitted,platt_logistic_regression,0.48023811648639086,0
C(OC(C(F)(F)F)C(F)(F)F)F,CN(C)C(=N)N=C(N)N,1.0,reported_twosides,3.6713067e-13,0.0919921710556056,0.0919921710556056,fitted,platt_logistic_regression,0.48023811648639086,0
C(=O)([O-])[O-].C(=O)([O-])[O-].C(=O)([O-])[O-].O.[La+3].[La+3],CC12CC(C3(C(C1CC(C2(C(=O)CO)O)O)CCC4=CC(=O)C=CC43C)F)O,0.0,unreported_twosides_sampled,4.894571e-16,0.0919921710556056,0.0919921710556056,fitted,platt_logistic_regression,0.48023811648639086,0
CC1C=CC=CCCC=CC=CC=CC=CC(CC(C(C(CC(=O)CC(C(CCC(CC(CC(CC(=O)OC(C(C1O)C)C)O)O)O)O)O)O)C(=O)O)O)OC2C(C(C(C(O2)C)O)N)O,S=[Se],1.0,reported_twosides,0.00038047967,0.20691855069713708,0.20691855069713708,fitted,platt_logistic_regression,0.48023811648639086,0
C(=O)([O-])[O-].C(=O)([O-])[O-].C(=O)([O-])[O-].O.[La+3].[La+3],CCOC1=NC2=CC=CC(=C2N1CC3=CC=C(C=C3)C4=CC=CC=C4C5=NNN=N5)C(=O)O,1.0,reported_twosides,1.0,0.891810177985089,0.891810177985089,fitted,platt_logistic_regression,0.48023811648639086,1
CC(C)(CC1=CC=CC=C1)N,CC1(C(N2C(S1)C(C2=O)NC(=O)CC3=CC=CC=C3)C(=O)O)C,0.0,unreported_twosides_sampled,0.99999964,0.891810177985089,0.891810177985089,fitted,platt_logistic_regression,0.48023811648639086,1
CC1C=CC=CCCC=CC=CC=CC=CC(CC(C(C(CC(=O)CC(C(CCC(CC(CC(CC(=O)OC(C(C1O)C)C)O)O)O)O)O)O)C(=O)O)O)OC2C(C(C(C(O2)C)O)N)O,CN1C(=NC(=O)C(=N1)[O-])SCC2=C(N3C(C(C3=O)NC(=O)C(=NOC)C4=CSC(=N4)N)SC2)C(=O)[O-],1.0,reported_twosides,1.0,0.891810177985089,0.891810177985089,fitted,platt_logistic_regression,0.48023811648639086,1
CCCC(CCC)C(=O)O,CCCCC1=C(C2=CC=CC=C2O1)C(=O)C3=CC(=C(C(=C3)I)OCC[NH+](CC)CC)I,1.0,reported_twosides,4.2483545e-18,0.0919921710556056,0.0919921710556056,fitted,platt_logistic_regression,0.48023811648639086,0
C1=CC=C(C=C1)CCNN,C1CN2C(=CC=C2C(=O)C3=CC=CC=C3)C1C(=O)O,0.0,unreported_twosides_sampled,1.0,0.891810177985089,0.891810177985089,fitted,platt_logistic_regression,0.48023811648639086,1
CCCNC1CCC2=C(C1)SC(=N2)N,CN(C)CCC1=CNC2=C1C=C(C=C2)CC3COC(=O)N3,1.0,reported_twosides,4.2483545e-18,0.0919921710556056,0.0919921710556056,fitted,platt_logistic_regression,0.48023811648639086,0
CC(C)C1=NC(=CS1)CN(C)C(=O)NC(C(C)C)C(=O)NC(CC2=CC=CC=C2)CC(C(CC3=CC=CC=C3)NC(=O)OCC4=CN=CS4)O,CCOC1=CC=CC=C1OCCNC(C)CC2=CC(=C(C=C2)OC)S(=O)(=O)N,1.0,reported_twosides,2.014303e-08,0.0919921710556056,0.0919921710556056,fitted,platt_logistic_regression,0.48023811648639086,0
C(C(CO[N+](=O)[O-])O[N+](=O)[O-])O[N+](=O)[O-],C1=CC=C(C=C1)CCNN,0.0,unreported_twosides_sampled,0.0070090503,0.29344676522847923,0.29344676522847923,fitted,platt_logistic_regression,0.48023811648639086,0
C1CN=C(N1)NC2=C(C3=NC=CN=C3C=C2)Br,CC1=CC2=C(C=C1C)N(C=N2)C3C(C(C(O3)CO)OP(=O)([O-])OC(C)CNC(=O)CCC4(C(C5C6(C(C(C(=N6)C(=C7C(C(C(=N7)C=C8C(C(C(=N8)C(=C4[N-]5)C)CCC(=O)N)(C)C)CCC(=O)N)(C)CC(=O)N)C)CCC(=O)N)(C)CC(=O)N)C)CC(=O)N)C)O.O.[Co],0.0,unreported_twosides_sampled,4.2483545e-18,0.0919921710556056,0.0919921710556056,fitted,platt_logistic_regression,0.48023811648639086,0
C1=CC=C(C=C1)C(C2=CC=CC=C2)(C3=CC=CC=C3Cl)N4C=CN=C4,CC1=NN=C(S1)SCC2=C(N3C(C(C3=O)NC(=O)CN4C=NN=N4)SC2)C(=O)[O-],1.0,reported_twosides,1.0,0.891810177985089,0.891810177985089,fitted,platt_logistic_regression,0.48023811648639086,1
CC1=CC2C(CCC3(C2CCC3(C(=O)C)O)C)C4(C1=CC(=O)CC4)C,CCC1=C2C(=CC=C1)C3=C(N2)C(OCC3)(CC)CC(=O)O,1.0,reported_twosides,4.2483545e-18,0.0919921710556056,0.0919921710556056,fitted,platt_logistic_regression,0.48023811648639086,0
CC1NC2=CC(=C(C=C2C(=O)N1C3=CC=CC=C3C)S(=O)(=O)N)Cl,CCC1(CC(=O)NC1=O)C,0.0,unreported_twosides_sampled,0.99999976,0.891810177985089,0.891810177985089,fitted,platt_logistic_regression,0.48023811648639086,1
CCC(=C)C(=O)C1=C(C(=C(C=C1)OCC(=O)O)Cl)Cl,CCC(CC)OC1C=C(CC(C1NC(=O)C)N)C(=O)OCC,0.0,unreported_twosides_sampled,1.3709439e-09,0.0919921710556056,0.0919921710556056,fitted,platt_logistic_regression,0.48023811648639086,0
C1=CC=C(C=C1)C(C2=CC=CC=C2)(C3=CC=CC=C3Cl)N4C=CN=C4,CN1C=NC(=C1SC2=NC=NC3=C2NC=N3)[N+](=O)[O-],1.0,reported_twosides,0.018808993,0.3274710419426721,0.3274710419426721,fitted,platt_logistic_regression,0.48023811648639086,0
CC1=CC(=CC=C1)CN2CCN(CC2)C(C3=CC=CC=C3)C4=CC=C(C=C4)Cl,CCN(CC)CC(=O)NC1=C(C=CC=C1C)C,1.0,reported_twosides,4.2483545e-18,0.0919921710556056,0.0919921710556056,fitted,platt_logistic_regression,0.48023811648639086,0
CC(CC1=CC(=C(C=C1)O)O)(C(=O)O)N,CCCCCC(CCC1C(CC2C1CC3=C(C2)C(=CC=C3)OCC(=O)O)O)O,0.0,unreported_twosides_sampled,4.2483545e-18,0.0919921710556056,0.0919921710556056,fitted,platt_logistic_regression,0.48023811648639086,0
CCCCC1=C(C2=CC=CC=C2O1)C(=O)C3=CC(=C(C(=C3)I)OCC[NH+](CC)CC)I,CN1C(=NC(=O)C(=N1)[O-])SCC2=C(N3C(C(C3=O)NC(=O)C(=NOC)C4=CSC(=N4)N)SC2)C(=O)[O-],1.0,reported_twosides,4.2483545e-18,0.0919921710556056,0.0919921710556056,fitted,platt_logistic_regression,0.48023811648639086,0
CCCC(CCC)C(=O)O,CCN(CC)CC(=O)NC1=C(C=CC=C1C)C,1.0,reported_twosides,4.2483545e-18,0.0919921710556056,0.0919921710556056,fitted,platt_logistic_regression,0.48023811648639086,0
C1CC(=O)NC(=O)C1N2C(=O)C3=CC=CC=C3C2=O,CCCN(CCC)S(=O)(=O)C1=CC=C(C=C1)C(=O)O,0.0,unreported_twosides_sampled,1.1492759e-10,0.0919921710556056,0.0919921710556056,fitted,platt_logistic_regression,0.48023811648639086,0
CC12CCC3C(C1CCC2(C#C)O)CCC4=CC(=O)CCC34,CN1CCC2=C3C1CC4=C(C3=CC=C2)C(=C(C=C4)O)O,0.0,unreported_twosides_sampled,5.2816876e-11,0.0919921710556056,0.0919921710556056,fitted,platt_logistic_regression,0.48023811648639086,0
C(N)(N)(Cl)Cl,CC1=CC2=C(NC3=CC=CC=C3N=C2S1)N4CCN(CC4)C,1.0,reported_twosides,4.2483545e-18,0.0919921710556056,0.0919921710556056,fitted,platt_logistic_regression,0.48023811648639086,0
CC1NC2=CC(=C(C=C2C(=O)N1C3=CC=CC=C3C)S(=O)(=O)N)Cl,CCN(CC)CCOC(=O)C1(CCCCC1)C2CCCCC2,0.0,unreported_twosides_sampled,0.668327,0.5053622091404011,0.5053622091404011,fitted,platt_logistic_regression,0.48023811648639086,1
CC(C)(C)C1=CC=C(C=C1)S(=O)(=O)NC2=C(C(=NC(=N2)C3=NC=CC=N3)OCCO)OC4=CC=CC=C4OC,CCC1=C(C(=NC(=N1)N)N)C2=CC=C(C=C2)Cl,0.0,unreported_twosides_sampled,6.7981797e-18,0.0919921710556056,0.0919921710556056,fitted,platt_logistic_regression,0.48023811648639086,0
C1CC(C1)(C(=O)O)C(=O)O.N.N.[Pt],CN1CCN(CC1)CCCN2C3=CC=CC=C3SC4=C2C=C(C=C4)Cl,1.0,reported_twosides,4.2483545e-18,0.0919921710556056,0.0919921710556056,fitted,platt_logistic_regression,0.48023811648639086,0
C1=CN(C(=O)N=C1N)C2C(C(C(O2)CO)O)O,CC1C=CC=CCCC=CC=CC=CC=CC(CC(C(C(CC(=O)CC(C(CCC(CC(CC(CC(=O)OC(C(C1O)C)C)O)O)O)O)O)O)C(=O)O)O)OC2C(C(C(C(O2)C)O)N)O,1.0,reported_twosides,0.9757312,0.6219891982581948,0.6219891982581948,fitted,platt_logistic_regression,0.48023811648639086,1
CC(=O)SC1CC2=CC(=O)CCC2(C3C1C4CCC5(C4(CC3)C)CCC(=O)O5)C,CCN(CCCC(C)NC1=C2C=CC(=CC2=NC=C1)Cl)CCO,1.0,reported_twosides,4.2483545e-18,0.0919921710556056,0.0919921710556056,fitted,platt_logistic_regression,0.48023811648639086,0
CC12CC(=O)C3C(C1CCC2(C(=O)CO)O)CCC4=CC(=O)C=CC34C,CC1CCC2CC(C(=CC=CC=CC(CC(C(=O)C(C(C(=CC(C(=O)CC(OC(=O)C3CCCCN3C(=O)C(=O)C1(O2)O)C(C)CC4CCC(C(C4)OC)O)C)C)O)OC)C)C)C)OC,1.0,reported_twosides,0.003865083,0.27409076449387143,0.27409076449387143,fitted,platt_logistic_regression,0.48023811648639086,0
CC1CC2C(CCC3(C2CCC3(C(=O)C)O)C)C4(C1=CC(=O)CC4)C,CC1NC2=CC(=C(C=C2C(=O)N1C3=CC=CC=C3C)S(=O)(=O)N)Cl,1.0,reported_twosides,8.886292e-14,0.0919921710556056,0.0919921710556056,fitted,platt_logistic_regression,0.48023811648639086,0
CC1=C2C(=NC=C1)N(C3=C(C=CC=N3)C(=O)N2)C4CC4,CN(C)CCC=C1C2=CC=CC=C2COC3=C1C=C(C=C3)CC(=O)O,0.0,unreported_twosides_sampled,1.0,0.891810177985089,0.891810177985089,fitted,platt_logistic_regression,0.48023811648639086,1
CC(=O)N(CCCCCNC(=O)CCC(=O)N(CCCCCNC(=O)CCC(=O)N(CCCCCN)O)O)O,CC12CCC3C(C1CCC2(C#C)O)CCC4=CC(=O)CCC34,0.0,unreported_twosides_sampled,1.0,0.891810177985089,0.891810177985089,fitted,platt_logistic_regression,0.48023811648639086,1
CC1=NN=C(S1)SCC2=C(N3C(C(C3=O)NC(=O)CN4C=NN=N4)SC2)C(=O)[O-],CCCCCC(C=CC1C(CC(=O)C1CCCCCCC(=O)O)O)O,1.0,reported_twosides,8.2905895e-09,0.0919921710556056,0.0919921710556056,fitted,platt_logistic_regression,0.48023811648639086,0
CN(C)C(=N)N=C(N)N,CN(C)CCCN1C2=CC=CC=C2CCC3=CC=CC=C31,1.0,reported_twosides,1.8782547e-14,0.0919921710556056,0.0919921710556056,fitted,platt_logistic_regression,0.48023811648639086,0
CC(=O)N(CCCCCNC(=O)CCC(=O)N(CCCCCNC(=O)CCC(=O)N(CCCCCN)O)O)O,CC(C)(C)NCC(C1=CC(=C(C=C1)O)CO)O,1.0,reported_twosides,1.0,0.891810177985089,0.891810177985089,fitted,platt_logistic_regression,0.48023811648639086,1
CC1=C2C(=NC=C1)N(C3=C(C=CC=N3)C(=O)N2)C4CC4,CC1=CC2C(CCC3(C2CCC3(C(=O)C)O)C)C4(C1=CC(=O)CC4)C,1.0,reported_twosides,0.99996734,0.8255399931295322,0.8255399931295322,fitted,platt_logistic_regression,0.48023811648639086,1
CC1=NC=C(N1CCO)[N+](=O)[O-],CCCC(=O)OC1(CCC2C1(CC(C3C2CCC4=CC(=O)CCC34C)O)C)C(=O)CO,0.0,unreported_twosides_sampled,1.0,0.891810177985089,0.891810177985089,fitted,platt_logistic_regression,0.48023811648639086,1
CC(C(=O)C1=CC(=CC=C1)Cl)NC(C)(C)C,CCCC(CCC)C(=O)O,1.0,reported_twosides,4.2483545e-18,0.0919921710556056,0.0919921710556056,fitted,platt_logistic_regression,0.48023811648639086,0
CCN(CCCC(C)NC1=C2C=CC(=CC2=NC=C1)Cl)CCO,CN1CCN(CC1)CCCN2C3=CC=CC=C3SC4=C2C=C(C=C4)Cl,1.0,reported_twosides,4.2483545e-18,0.0919921710556056,0.0919921710556056,fitted,platt_logistic_regression,0.48023811648639086,0
C(N)(N)(Cl)Cl,CC1=NC=C(N1CCO)[N+](=O)[O-],1.0,reported_twosides,0.7809931,0.5280524612631531,0.5280524612631531,fitted,platt_logistic_regression,0.48023811648639086,1
CC12CCC3C(C1CCC2(C#C)O)CCC4=CC(=O)CCC34,CC1=C(N=CN1)CSCCNC(=NC)NC#N,0.0,unreported_twosides_sampled,1.0,0.891810177985089,0.891810177985089,fitted,platt_logistic_regression,0.48023811648639086,1
CCC(CC)OC1C=C(CC(C1NC(=O)C)N)C(=O)OCC,CCCC1=NN(C2=C1NC(=NC2=O)C3=C(C=CC(=C3)S(=O)(=O)N4CCN(CC4)C)OCC)C,0.0,unreported_twosides_sampled,4.2483545e-18,0.0919921710556056,0.0919921710556056,fitted,platt_logistic_regression,0.48023811648639086,0
C1CN=C(N1)NC2=C(C3=NC=CN=C3C=C2)Br,CCOC1=NC2=CC=CC(=C2N1CC3=CC=C(C=C3)C4=CC=CC=C4C5=NNN=N5)C(=O)O,1.0,reported_twosides,0.9999958,0.8678348972567005,0.8678348972567005,fitted,platt_logistic_regression,0.48023811648639086,1
CC12CC(=O)C3C(C1CCC2(C(=O)CO)O)CCC4=CC(=O)C=CC34C,CC1=NN=C(S1)SCC2=C(N3C(C(C3=O)NC(=O)CN4C=NN=N4)SC2)C(=O)[O-],1.0,reported_twosides,1.0,0.891810177985089,0.891810177985089,fitted,platt_logistic_regression,0.48023811648639086,1
CCCNC1CCC2=C(C1)SC(=N2)N,CN1C=NC(=C1SC2=NC=NC3=C2NC=N3)[N+](=O)[O-],0.0,unreported_twosides_sampled,4.2483545e-18,0.0919921710556056,0.0919921710556056,fitted,platt_logistic_regression,0.48023811648639086,0
CC1(OC2CC3C4CC(C5=CC(=O)C=CC5(C4C(CC3(C2(O1)C(=O)CO)C)O)C)F)C,CN1CC(=O)N2C(C1=O)CC3=C(C2C4=CC5=C(C=C4)OCO5)NC6=CC=CC=C36,0.0,unreported_twosides_sampled,0.5947824,0.4927518717231508,0.4927518717231508,fitted,platt_logistic_regression,0.48023811648639086,1
CC(C)(C)NCC(COC1=NSN=C1N2CCOCC2)O,CC(CC1=CC(=C(C=C1)O)O)(C(=O)O)N,1.0,reported_twosides,4.2483545e-18,0.0919921710556056,0.0919921710556056,fitted,platt_logistic_regression,0.48023811648639086,0
CC1C=CC=CCCC=CC=CC=CC=CC(CC(C(C(CC(=O)CC(C(CCC(CC(CC(CC(=O)OC(C(C1O)C)C)O)O)O)O)O)O)C(=O)O)O)OC2C(C(C(C(O2)C)O)N)O,CCC(C)C1C(CCC2(O1)CC3CC(O2)CC=C(C(C(C=CC=C4COC5C4(C(C=C(C5O)C)C(=O)O3)O)C)OC6CC(C(C(O6)C)OC7CC(C(C(O7)C)O)OC)OC)C)C.CC1CCC2(CC3CC(O2)CC=C(C(C(C=CC=C4COC5C4(C(C=C(C5O)C)C(=O)O3)O)C)OC6CC(C(C(O6)C)OC7CC(C(C(O7)C)O)OC)OC)C)OC1C(C)C,0.0,unreported_twosides_sampled,2.2884318e-05,0.1429291407391112,0.1429291407391112,fitted,platt_logistic_regression,0.48023811648639086,0
CC(=O)OC1C(CC2C1(CCC3C2CCC4C3(CC(C(C4)O)N5CCOCC5)C)C)[N+]6(CCCC6)CC=C,CCCCCC(C=CC1C(CC(=O)C1CCCCCCC(=O)O)O)O,0.0,unreported_twosides_sampled,4.2483545e-18,0.0919921710556056,0.0919921710556056,fitted,platt_logistic_regression,0.48023811648639086,0
CC(C)(C)NCC(C1=CC(=C(C=C1)O)CO)O,CCC(=O)OC(C(C)C)OP(=O)(CCCCC1=CC=CC=C1)CC(=O)N2CC(CC2C(=O)[O-])C3CCCCC3,1.0,reported_twosides,4.2483545e-18,0.0919921710556056,0.0919921710556056,fitted,platt_logistic_regression,0.48023811648639086,0
CCC(=C)C(=O)C1=C(C(=C(C=C1)OCC(=O)O)Cl)Cl,CN1C=NC(=C1SC2=NC=NC3=C2NC=N3)[N+](=O)[O-],0.0,unreported_twosides_sampled,1.1694276e-09,0.0919921710556056,0.0919921710556056,fitted,platt_logistic_regression,0.48023811648639086,0
CC1C(C(=O)N1S(=O)(=O)O)NC(=O)C(=NOC(C)(C)C(=O)O)C2=CSC(=N2)N,CCCNC(=O)NS(=O)(=O)C1=CC=C(C=C1)Cl,0.0,unreported_twosides_sampled,0.9936977,0.6716270808172442,0.6716270808172442,fitted,platt_logistic_regression,0.48023811648639086,1
C1CN(CCN1CCC2=C(C=C3C(=C2)CC(=O)N3)Cl)C4=NSC5=CC=CC=C54,CN1C(=NC(=O)C(=N1)[O-])SCC2=C(N3C(C(C3=O)NC(=O)C(=NOC)C4=CSC(=N4)N)SC2)C(=O)[O-],1.0,reported_twosides,1.0,0.891810177985089,0.891810177985089,fitted,platt_logistic_regression,0.48023811648639086,1
CCC(C)C1C(CCC2(O1)CC3CC(O2)CC=C(C(C(C=CC=C4COC5C4(C(C=C(C5O)C)C(=O)O3)O)C)OC6CC(C(C(O6)C)OC7CC(C(C(O7)C)O)OC)OC)C)C.CC1CCC2(CC3CC(O2)CC=C(C(C(C=CC=C4COC5C4(C(C=C(C5O)C)C(=O)O3)O)C)OC6CC(C(C(O6)C)OC7CC(C(C(O7)C)O)OC)OC)C)OC1C(C)C,CS(=O)(=O)C1=CC=C(C=C1)C2=C(C(=O)OC2)C3=CC=CC=C3,0.0,unreported_twosides_sampled,3.0306572e-16,0.0919921710556056,0.0919921710556056,fitted,platt_logistic_regression,0.48023811648639086,0
CCOC1=CC=CC=C1OCCNC(C)CC2=CC(=C(C=C2)OC)S(=O)(=O)N,CCP(CC)CC.CC(=O)OCC1C(C(C(C(O1)[S-])OC(=O)C)OC(=O)C)OC(=O)C.[Au+],0.0,unreported_twosides_sampled,9.681763e-16,0.0919921710556056,0.0919921710556056,fitted,platt_logistic_regression,0.48023811648639086,0
CC(=O)SC1CC2=CC(=O)CCC2(C3C1C4CCC5(C4(CC3)C)CCC(=O)O5)C,CC(C)(C)NCC(C1=NC(=C(C=C1)O)CO)O,1.0,reported_twosides,0.9992538,0.7419500284287437,0.7419500284287437,fitted,platt_logistic_regression,0.48023811648639086,1
CC1=CC2=C(NC3=CC=CC=C3N=C2S1)N4CCN(CC4)C,CN1C=NC(=C1SC2=NC=NC3=C2NC=N3)[N+](=O)[O-],1.0,reported_twosides,4.2483545e-18,0.0919921710556056,0.0919921710556056,fitted,platt_logistic_regression,0.48023811648639086,0
C1=CC=C(C=C1)CCNN,CC(=O)N(CC(CO)O)C1=C(C(=C(C(=C1I)C(=O)NCC(CO)O)I)C(=O)NCC(CO)O)I,0.0,unreported_twosides_sampled,4.2483545e-18,0.0919921710556056,0.0919921710556056,fitted,platt_logistic_regression,0.48023811648639086,0
CC(C)C(CC1=CC(=C(C=C1)OC)OCCCOC)CC(C(CC(C(C)C)C(=O)NCC(C)(C)C(=O)N)O)N,CCOC1=CC=CC=C1OCCNC(C)CC2=CC(=C(C=C2)OC)S(=O)(=O)N,1.0,reported_twosides,8.31791e-17,0.0919921710556056,0.0919921710556056,fitted,platt_logistic_regression,0.48023811648639086,0
C1=CC=C2C(=C1)C(=O)NC2(C3=CC(=C(C=C3)Cl)S(=O)(=O)N)O,CN(C)CCC=C1C2=CC=CC=C2C=CC3=CC=CC=C31,1.0,reported_twosides,1.0,0.891810177985089,0.891810177985089,fitted,platt_logistic_regression,0.48023811648639086,1
C1=CC(=C(C=C1Cl)Cl)C(CN2C=CN=C2)OCC3=C(SC=C3)Cl,C1=CN(C(=O)N=C1N)C2C(C(C(O2)CO)O)O,0.0,unreported_twosides_sampled,4.089084e-12,0.0919921710556056,0.0919921710556056,fitted,platt_logistic_regression,0.48023811648639086,0
CCC(CC)OC1C=C(CC(C1NC(=O)C)N)C(=O)OCC,CN1C(=NC(=O)C(=N1)[O-])SCC2=C(N3C(C(C3=O)NC(=O)C(=NOC)C4=CSC(=N4)N)SC2)C(=O)[O-],1.0,reported_twosides,0.99976116,0.7751413112223736,0.7751413112223736,fitted,platt_logistic_regression,0.48023811648639086,1
CC(C)(C)C1=CC=C(C=C1)S(=O)(=O)NC2=C(C(=NC(=N2)C3=NC=CC=N3)OCCO)OC4=CC=CC=C4OC,CC1=CC2=C(NC3=CC=CC=C3N=C2S1)N4CCN(CC4)C,0.0,unreported_twosides_sampled,4.2483545e-18,0.0919921710556056,0.0919921710556056,fitted,platt_logistic_regression,0.48023811648639086,0
CC(CCC(=O)O)C1CCC2C1(CCC3C2C(CC4C3(CCC(C4)O)C)O)C,CC1=C(N=CN1)CSCCNC(=NC)NC#N,1.0,reported_twosides,0.0003050475,0.20120326807871086,0.20120326807871086,fitted,platt_logistic_regression,0.48023811648639086,0
CC1=C(N=CN1)CSCCNC(=NC)NC#N,CN1C(=NC(=O)C(=N1)[O-])SCC2=C(N3C(C(C3=O)NC(=O)C(=NOC)C4=CSC(=N4)N)SC2)C(=O)[O-],1.0,reported_twosides,1.0,0.891810177985089,0.891810177985089,fitted,platt_logistic_regression,0.48023811648639086,1
C1CCC(CC1)C(CCN2CCCCC2)(C3=CC=CC=C3)O,CC1(OC2CC3C4CCC5=CC(=O)C=CC5(C4C(CC3(C2(O1)C(=O)CO)C)O)C)C,0.0,unreported_twosides_sampled,4.8875902e-17,0.0919921710556056,0.0919921710556056,fitted,platt_logistic_regression,0.48023811648639086,0
C1=CC=C(C=C1)CCNN,CC1=CC(=CC=C1)CN2CCN(CC2)C(C3=CC=CC=C3)C4=CC=C(C=C4)Cl,0.0,unreported_twosides_sampled,2.207444e-16,0.0919921710556056,0.0919921710556056,fitted,platt_logistic_regression,0.48023811648639086,0
CC12CC(=O)C3C(C1CCC2(C(=O)CO)O)CCC4=CC(=O)C=CC34C,CC1=C(C(CCC1)(C)C)C=CC(=CC=CC(=CCO)C)C,1.0,reported_twosides,1.0,0.891810177985089,0.891810177985089,fitted,platt_logistic_regression,0.48023811648639086,1
CC(=O)N(CCCCCNC(=O)CCC(=O)N(CCCCCNC(=O)CCC(=O)N(CCCCCN)O)O)O,CC(C(=O)C1=CC(=CC=C1)Cl)NC(C)(C)C,0.0,unreported_twosides_sampled,1.0,0.891810177985089,0.891810177985089,fitted,platt_logistic_regression,0.48023811648639086,1
C1CC(=O)NC(=O)C1N2C(=O)C3=CC=CC=C3C2=O,CCCCCC(C=CC1C(CC(=O)C1CCCCCCC(=O)O)O)O,0.0,unreported_twosides_sampled,4.2483545e-18,0.0919921710556056,0.0919921710556056,fitted,platt_logistic_regression,0.48023811648639086,0
C1CN2C(=CC=C2C(=O)C3=CC=CC=C3)C1C(=O)O,CC1COC2=C3N1C=C(C(=O)C3=CC(=C2N4CCN(CC4)C)F)C(=O)O,1.0,reported_twosides,1.0,0.891810177985089,0.891810177985089,fitted,platt_logistic_regression,0.48023811648639086,1
C1=CC=C(C=C1)CCNN,CC12CC(C3(C(C1CC(C2(C(=O)CO)O)O)CCC4=CC(=O)C=CC43C)F)O,0.0,unreported_twosides_sampled,4.2483545e-18,0.0919921710556056,0.0919921710556056,fitted,platt_logistic_regression,0.48023811648639086,0
CCOC1=NC2=CC=CC(=C2N1CC3=CC=C(C=C3)C4=CC=CC=C4C5=NNN=N5)C(=O)O,CN(C)C(=N)N=C(N)N,1.0,reported_twosides,1.0,0.891810177985089,0.891810177985089,fitted,platt_logistic_regression,0.48023811648639086,1
CC1C=CC=CCCC=CC=CC=CC=CC(CC(C(C(CC(=O)CC(C(CCC(CC(CC(CC(=O)OC(C(C1O)C)C)O)O)O)O)O)O)C(=O)O)O)OC2C(C(C(C(O2)C)O)N)O,CCC1=C2C(=CC=C1)C3=C(N2)C(OCC3)(CC)CC(=O)O,1.0,reported_twosides,1.0200856e-14,0.0919921710556056,0.0919921710556056,fitted,platt_logistic_regression,0.48023811648639086,0
CC1=C2C(=NC=C1)N(C3=C(C=CC=N3)C(=O)N2)C4CC4,CS(=O)(=O)C1=CC=C(C=C1)C2=C(C(=O)OC2)C3=CC=CC=C3,1.0,reported_twosides,1.0,0.891810177985089,0.891810177985089,fitted,platt_logistic_regression,0.48023811648639086,1
C1=CC=C(C=C1)CCNN,COC1=C(C=C2C(=C1)CC(C2=O)CC3CCN(CC3)CC4=CC=CC=C4)OC,1.0,reported_twosides,4.2483545e-18,0.0919921710556056,0.0919921710556056,fitted,platt_logistic_regression,0.48023811648639086,0
CC1C=CC=CCCC=CC=CC=CC=CC(CC(C(C(CC(=O)CC(C(CCC(CC(CC(CC(=O)OC(C(C1O)C)C)O)O)O)O)O)O)C(=O)O)O)OC2C(C(C(C(O2)C)O)N)O,CCOC1=CC=CC=C1OCCNC(C)CC2=CC(=C(C=C2)OC)S(=O)(=O)N,1.0,reported_twosides,5.9235613e-16,0.0919921710556056,0.0919921710556056,fitted,platt_logistic_regression,0.48023811648639086,0
CC(C)(C)NCC(C1=CC(=C(C=C1)O)CO)O,CN(C)C(=N)N=C(N)N,1.0,reported_twosides,3.5162457e-13,0.0919921710556056,0.0919921710556056,fitted,platt_logistic_regression,0.48023811648639086,0
C(=O)([O-])[O-].C(=O)([O-])[O-].C(=O)([O-])[O-].O.[La+3].[La+3],CCCCN1CCCCC1C(=O)NC2=C(C=CC=C2C)C,0.0,unreported_twosides_sampled,4.2483545e-18,0.0919921710556056,0.0919921710556056,fitted,platt_logistic_regression,0.48023811648639086,0
C(OC(C(F)(F)F)C(F)(F)F)F,C1CCC(CC1)C(CCN2CCCCC2)(C3=CC=CC=C3)O,0.0,unreported_twosides_sampled,4.2483545e-18,0.0919921710556056,0.0919921710556056,fitted,platt_logistic_regression,0.48023811648639086,0
CC(=O)OC1C(CC2C1(CCC3C2CCC4C3(CC(C(C4)O)N5CCOCC5)C)C)[N+]6(CCCC6)CC=C,CCCN(CCC)S(=O)(=O)C1=CC=C(C=C1)C(=O)O,0.0,unreported_twosides_sampled,4.2483545e-18,0.0919921710556056,0.0919921710556056,fitted,platt_logistic_regression,0.48023811648639086,0
C1CN(CCN1CCC2=C(C=C3C(=C2)CC(=O)N3)Cl)C4=NSC5=CC=CC=C54,C1CN2C(=CC=C2C(=O)C3=CC=CC=C3)C1C(=O)O,0.0,unreported_twosides_sampled,1.0,0.891810177985089,0.891810177985089,fitted,platt_logistic_regression,0.48023811648639086,1
CC1=CC(=CC=C1)CN2CCN(CC2)C(C3=CC=CC=C3)C4=CC=C(C=C4)Cl,CN(C)CCC1=CNC2=C1C=C(C=C2)CC3COC(=O)N3,0.0,unreported_twosides_sampled,7.43773e-14,0.0919921710556056,0.0919921710556056,fitted,platt_logistic_regression,0.48023811648639086,0
CC1COC2=C3N1C=C(C(=O)C3=CC(=C2N4CCN(CC4)C)F)C(=O)O,CCCC1=NN(C2=C1NC(=NC2=O)C3=C(C=CC(=C3)S(=O)(=O)N4CCN(CC4)C)OCC)C,1.0,reported_twosides,0.13137956,0.40352590256658544,0.40352590256658544,fitted,platt_logistic_regression,0.48023811648639086,0
C1=CC(=C(C=C1Cl)Cl)C(CN2C=CN=C2)OCC3=C(SC=C3)Cl,CC(C)C(CC1=CC(=C(C=C1)OC)OCCCOC)CC(C(CC(C(C)C)C(=O)NCC(C)(C)C(=O)N)O)N,0.0,unreported_twosides_sampled,4.2483545e-18,0.0919921710556056,0.0919921710556056,fitted,platt_logistic_regression,0.48023811648639086,0
CC(C)(C)NCC(C1=CC(=C(C=C1)O)CO)O,CC12CC(C3(C(C1CC(C2(C(=O)CO)O)O)CCC4=CC(=O)C=CC43C)F)O,1.0,reported_twosides,4.2483545e-18,0.0919921710556056,0.0919921710556056,fitted,platt_logistic_regression,0.48023811648639086,0
CC12CC(=O)C3C(C1CCC2(C(=O)CO)O)CCC4=CC(=O)C=CC34C,CN1CC(=O)N2C(C1=O)CC3=C(C2C4=CC5=C(C=C4)OCO5)NC6=CC=CC=C36,1.0,reported_twosides,1.0,0.891810177985089,0.891810177985089,fitted,platt_logistic_regression,0.48023811648639086,1
CN(C)CCC=C1C2=CC=CC=C2C=CC3=CC=CC=C31,CN1C(=NC(=O)C(=N1)[O-])SCC2=C(N3C(C(C3=O)NC(=O)C(=NOC)C4=CSC(=N4)N)SC2)C(=O)[O-],1.0,reported_twosides,1.0,0.891810177985089,0.891810177985089,fitted,platt_logistic_regression,0.48023811648639086,1
CC(C)(C)NCC(C1=NC(=C(C=C1)O)CO)O,CCCCC(C)(CC=CC1C(CC(=O)C1CCCCCCC(=O)OC)O)O,0.0,unreported_twosides_sampled,7.727428e-17,0.0919921710556056,0.0919921710556056,fitted,platt_logistic_regression,0.48023811648639086,0
CC(CC1=CC(=C(C=C1)O)O)(C(=O)O)N,CCC1=C(C(=NC(=N1)N)N)C2=CC=C(C=C2)Cl,0.0,unreported_twosides_sampled,0.9999999,0.891810177985089,0.891810177985089,fitted,platt_logistic_regression,0.48023811648639086,1
C1=CC=C(C=C1)C(C2=CC=CC=C2)(C3=CC=CC=C3Cl)N4C=CN=C4,CN(CCCNC(=O)C1CCCO1)C2=NC3=CC(=C(C=C3C(=N2)N)OC)OC,0.0,unreported_twosides_sampled,0.03343794,0.34849613822565567,0.34849613822565567,fitted,platt_logistic_regression,0.48023811648639086,0
CC1NC2=CC(=C(C=C2C(=O)N1C3=CC=CC=C3C)S(=O)(=O)N)Cl,CN(CCCNC(=O)C1CCCO1)C2=NC3=CC(=C(C=C3C(=N2)N)OC)OC,0.0,unreported_twosides_sampled,0.99999905,0.891810177985089,0.891810177985089,fitted,platt_logistic_regression,0.48023811648639086,1
C(N)(N)(Cl)Cl,CC12CC(=O)C3C(C1CCC2(C(=O)CO)O)CCC4=CC(=O)C=CC34C,1.0,reported_twosides,6.452481e-06,0.11996918490809699,0.11996918490809699,fitted,platt_logistic_regression,0.48023811648639086,0
CC1C(C(=O)N1S(=O)(=O)O)NC(=O)C(=NOC(C)(C)C(=O)O)C2=CSC(=N2)N,CCN(CCCC(C)NC1=C2C=CC(=CC2=NC=C1)Cl)CCO,0.0,unreported_twosides_sampled,4.2483545e-18,0.0919921710556056,0.0919921710556056,fitted,platt_logistic_regression,0.48023811648639086,0
CC1(C(N2C(S1)C(C2=O)NC(=O)CC3=CC=CC=C3)C(=O)O)C,CS(=O)(=O)C1=CC=C(C=C1)C2=C(C(=O)OC2)C3=CC=CC=C3,0.0,unreported_twosides_sampled,1.0,0.891810177985089,0.891810177985089,fitted,platt_logistic_regression,0.48023811648639086,1
CCN(CC)CCOC(=O)C1(CCCCC1)C2CCCCC2,CN(C)CCC=C1C2=CC=CC=C2C=CC3=CC=CC=C31,1.0,reported_twosides,1.5317815e-08,0.0919921710556056,0.0919921710556056,fitted,platt_logistic_regression,0.48023811648639086,0
CC(C1=CC(=C(C=C1)C2=CC=CC=C2)F)C(=O)O,CN(C)CCC1=CNC2=C1C=C(C=C2)CC3COC(=O)N3,0.0,unreported_twosides_sampled,0.9999999,0.891810177985089,0.891810177985089,fitted,platt_logistic_regression,0.48023811648639086,1
CC1=CC2=C(C=C1C)N(C=N2)C3C(C(C(O3)CO)OP(=O)([O-])OC(C)CNC(=O)CCC4(C(C5C6(C(C(C(=N6)C(=C7C(C(C(=N7)C=C8C(C(C(=N8)C(=C4[N-]5)C)CCC(=O)N)(C)C)CCC(=O)N)(C)CC(=O)N)C)CCC(=O)N)(C)CC(=O)N)C)CC(=O)N)C)O.O.[Co],CCCNC(=O)NS(=O)(=O)C1=CC=C(C=C1)Cl,0.0,unreported_twosides_sampled,4.2483545e-18,0.0919921710556056,0.0919921710556056,fitted,platt_logistic_regression,0.48023811648639086,0
CC(C)(C)C1=CC=C(C=C1)S(=O)(=O)NC2=C(C(=NC(=N2)C3=NC=CC=N3)OCCO)OC4=CC=CC=C4OC,CC(C)(C)NCC(COC1=NSN=C1N2CCOCC2)O,0.0,unreported_twosides_sampled,4.2483545e-18,0.0919921710556056,0.0919921710556056,fitted,platt_logistic_regression,0.48023811648639086,0
C1CCC(CC1)C(CCN2CCCCC2)(C3=CC=CC=C3)O,CC1=C(C(=CC=C1)NC2=CC=CC=C2C(=O)O)C,0.0,unreported_twosides_sampled,4.2483545e-18,0.0919921710556056,0.0919921710556056,fitted,platt_logistic_regression,0.48023811648639086,0
CCCCCCCCCCCC(CC1C(C(=O)O1)CCCCCC)OC(=O)C(CC(C)C)NC=O,CN(C)CCCN1C2=CC=CC=C2CCC3=CC=CC=C31,1.0,reported_twosides,4.2483545e-18,0.0919921710556056,0.0919921710556056,fitted,platt_logistic_regression,0.48023811648639086,0
CC1=CC(=CC=C1)CN2CCN(CC2)C(C3=CC=CC=C3)C4=CC=C(C=C4)Cl,CC1=CC(=CC=C1)NC2=C(C=NC=C2)S(=O)(=O)NC(=O)NC(C)C,1.0,reported_twosides,4.2483545e-18,0.0919921710556056,0.0919921710556056,fitted,platt_logistic_regression,0.48023811648639086,0
C1CN(CCN1CCC2=C(C=C3C(=C2)CC(=O)N3)Cl)C4=NSC5=CC=CC=C54,CC1NC2=CC(=C(C=C2C(=O)N1C3=CC=CC=C3C)S(=O)(=O)N)Cl,0.0,unreported_twosides_sampled,1.0,0.891810177985089,0.891810177985089,fitted,platt_logistic_regression,0.48023811648639086,1
CCCCC(C)(CC=CC1C(CC(=O)C1CCCCCCC(=O)OC)O)O,CN(C)CCC1=CNC2=C1C=C(C=C2)CC3COC(=O)N3,0.0,unreported_twosides_sampled,6.20085e-05,0.16349232583786738,0.16349232583786738,fitted,platt_logistic_regression,0.48023811648639086,0
C1CC(=O)NC(=O)C1N2C(=O)C3=CC=CC=C3C2=O,CC12CC(=O)C3C(C1CCC2(C(=O)CO)O)CCC4=CC(=O)C=CC34C,1.0,reported_twosides,0.50895005,0.4789145927024772,0.4789145927024772,fitted,platt_logistic_regression,0.48023811648639086,0
CC(CC1=CC(=C(C=C1)O)O)(C(=O)O)N,CN(CCCNC(=O)C1CCCO1)C2=NC3=CC(=C(C=C3C(=N2)N)OC)OC,0.0,unreported_twosides_sampled,1.1175423e-11,0.0919921710556056,0.0919921710556056,fitted,platt_logistic_regression,0.48023811648639086,0
C1=CN(C(=O)N=C1N)C2C(C(C(O2)CO)O)O,CCCCCC(CCC1C(CC2C1CC3=C(C2)C(=CC=C3)OCC(=O)O)O)O,0.0,unreported_twosides_sampled,4.2483545e-18,0.0919921710556056,0.0919921710556056,fitted,platt_logistic_regression,0.48023811648639086,0
CC(C)(C)NCC(C1=CC(=C(C=C1)O)CO)O,CCN(CC)CCOC(=O)C1(CCCCC1)C2CCCCC2,1.0,reported_twosides,4.2483545e-18,0.0919921710556056,0.0919921710556056,fitted,platt_logistic_regression,0.48023811648639086,0
C1CN(CCN1CCC2=C(C=C3C(=C2)CC(=O)N3)Cl)C4=NSC5=CC=CC=C54,CC1COC2=C3N1C=C(C(=O)C3=CC(=C2N4CCN(CC4)C)F)C(=O)O,1.0,reported_twosides,1.0,0.891810177985089,0.891810177985089,fitted,platt_logistic_regression,0.48023811648639086,1
CC1CCC2CC(C(=CC=CC=CC(CC(C(=O)C(C(C(=CC(C(=O)CC(OC(=O)C3CCCCN3C(=O)C(=O)C1(O2)O)C(C)CC4CCC(C(C4)OC)O)C)C)O)OC)C)C)C)OC,CN1CCC2=C3C1CC4=C(C3=CC=C2)C(=C(C=C4)O)O,0.0,unreported_twosides_sampled,0.00076196133,0.22566028865447735,0.22566028865447735,fitted,platt_logistic_regression,0.48023811648639086,0
C1=CC=C(C=C1)C(C2=CC=CC=C2)(C3=CC=CC=C3Cl)N4C=CN=C4,COC1=C(C=C2C(=C1)CC(C2=O)CC3CCN(CC3)CC4=CC=CC=C4)OC,1.0,reported_twosides,2.7540696e-17,0.0919921710556056,0.0919921710556056,fitted,platt_logistic_regression,0.48023811648639086,0
C1CN(CCN1CCC2=C(C=C3C(=C2)CC(=O)N3)Cl)C4=NSC5=CC=CC=C54,CCCC1=NN(C2=C1NC(=NC2=O)C3=C(C=CC(=C3)S(=O)(=O)N4CCN(CC4)C)OCC)C,1.0,reported_twosides,1.0,0.891810177985089,0.891810177985089,fitted,platt_logistic_regression,0.48023811648639086,1
CCC(C)C1C(CCC2(O1)CC3CC(O2)CC=C(C(C(C=CC=C4COC5C4(C(C=C(C5O)C)C(=O)O3)O)C)OC6CC(C(C(O6)C)OC7CC(C(C(O7)C)O)OC)OC)C)C.CC1CCC2(CC3CC(O2)CC=C(C(C(C=CC=C4COC5C4(C(C=C(C5O)C)C(=O)O3)O)C)OC6CC(C(C(O6)C)OC7CC(C(C(O7)C)O)OC)OC)C)OC1C(C)C,CN(CCCNC(=O)C1CCCO1)C2=NC3=CC(=C(C=C3C(=N2)N)OC)OC,0.0,unreported_twosides_sampled,4.2483545e-18,0.0919921710556056,0.0919921710556056,fitted,platt_logistic_regression,0.48023811648639086,0
C1C2=C(C=CC(=C2Cl)Cl)NC3=NC(=O)CN31,CC1CC2C(CCC3(C2CCC3(C(=O)C)O)C)C4(C1=CC(=O)CC4)C,0.0,unreported_twosides_sampled,1.2127721e-16,0.0919921710556056,0.0919921710556056,fitted,platt_logistic_regression,0.48023811648639086,0
C1CC(=O)NC(=O)C1N2C(=O)C3=CC=CC=C3C2=O,CC(CC1=CC(=C(C=C1)O)O)(C(=O)O)N,0.0,unreported_twosides_sampled,0.010374099,0.3066692909592832,0.3066692909592832,fitted,platt_logistic_regression,0.48023811648639086,0
CCCC(CCC)C(=O)O,CCCCC(C)(CC=CC1C(CC(=O)C1CCCCCCC(=O)OC)O)O,0.0,unreported_twosides_sampled,4.2483545e-18,0.0919921710556056,0.0919921710556056,fitted,platt_logistic_regression,0.48023811648639086,0
CCN(CCCC(C)NC1=C2C=CC(=CC2=NC=C1)Cl)CCO,CCOC1=NC2=CC=CC(=C2N1CC3=CC=C(C=C3)C4=CC=CC=C4C5=NNN=N5)C(=O)O,1.0,reported_twosides,4.2483545e-18,0.0919921710556056,0.0919921710556056,fitted,platt_logistic_regression,0.48023811648639086,0
C(OC(C(F)(F)F)C(F)(F)F)F,CC1=CC2=C(C=C1C)N(C=N2)C3C(C(C(O3)CO)OP(=O)([O-])OC(C)CNC(=O)CCC4(C(C5C6(C(C(C(=N6)C(=C7C(C(C(=N7)C=C8C(C(C(=N8)C(=C4[N-]5)C)CCC(=O)N)(C)C)CCC(=O)N)(C)CC(=O)N)C)CCC(=O)N)(C)CC(=O)N)C)CC(=O)N)C)O.O.[Co],0.0,unreported_twosides_sampled,4.2483545e-18,0.0919921710556056,0.0919921710556056,fitted,platt_logistic_regression,0.48023811648639086,0
CC(CC1=CC=CC=C1)N(C)CC#C,CN(CCCNC(=O)C1CCCO1)C2=NC3=CC(=C(C=C3C(=N2)N)OC)OC,0.0,unreported_twosides_sampled,1.2208343e-13,0.0919921710556056,0.0919921710556056,fitted,platt_logistic_regression,0.48023811648639086,0
C(C(CO[N+](=O)[O-])O[N+](=O)[O-])O[N+](=O)[O-],CCN(CC)CCOC(=O)C1(CCCCC1)C2CCCCC2,1.0,reported_twosides,2.0045085e-10,0.0919921710556056,0.0919921710556056,fitted,platt_logistic_regression,0.48023811648639086,0
C(C(CO[N+](=O)[O-])O[N+](=O)[O-])O[N+](=O)[O-],C1CC(=O)NC(=O)C1N2C(=O)C3=CC=CC=C3C2=O,1.0,reported_twosides,0.0004526741,0.21149632157019563,0.21149632157019563,fitted,platt_logistic_regression,0.48023811648639086,0
C1CN2C(=CC=C2C(=O)C3=CC=CC=C3)C1C(=O)O,CCCCN1CCCCC1C(=O)NC2=C(C=CC=C2C)C,1.0,reported_twosides,7.725419e-18,0.0919921710556056,0.0919921710556056,fitted,platt_logistic_regression,0.48023811648639086,0
CC(=O)SC1CC2=CC(=O)CCC2(C3C1C4CCC5(C4(CC3)C)CCC(=O)O5)C,CN1CCN(CC1)CCCN2C3=CC=CC=C3SC4=C2C=C(C=C4)Cl,1.0,reported_twosides,0.9999981,0.8814848314542242,0.8814848314542242,fitted,platt_logistic_regression,0.48023811648639086,1
CC(C)(C)C1=CC=C(C=C1)S(=O)(=O)NC2=C(C(=NC(=N2)C3=NC=CC=N3)OCCO)OC4=CC=CC=C4OC,CN1C(=NC(=O)C(=N1)[O-])SCC2=C(N3C(C(C3=O)NC(=O)C(=NOC)C4=CSC(=N4)N)SC2)C(=O)[O-],1.0,reported_twosides,0.9723374,0.6169464704760742,0.6169464704760742,fitted,platt_logistic_regression,0.48023811648639086,1
CC12CC(C3(C(C1CC(C2(C(=O)CO)O)O)CCC4=CC(=O)C=CC43C)F)O,CCN(CC)CC(=O)NC1=C(C=CC=C1C)C,1.0,reported_twosides,4.2483545e-18,0.0919921710556056,0.0919921710556056,fitted,platt_logistic_regression,0.48023811648639086,0
CC1NC2=CC(=C(C=C2C(=O)N1C3=CC=CC=C3C)S(=O)(=O)N)Cl,CCCCCC(CCC1C(CC2C1CC3=C(C2)C(=CC=C3)OCC(=O)O)O)O,1.0,reported_twosides,2.902494e-16,0.0919921710556056,0.0919921710556056,fitted,platt_logistic_regression,0.48023811648639086,0
C1C2=C(C=CC(=C2Cl)Cl)NC3=NC(=O)CN31,CCC1=C(C(=NC(=N1)N)N)C2=CC=C(C=C2)Cl,0.0,unreported_twosides_sampled,1.0,0.891810177985089,0.891810177985089,fitted,platt_logistic_regression,0.48023811648639086,1
CC1=CC(=CC=C1)NC2=C(C=NC=C2)S(=O)(=O)NC(=O)NC(C)C,CCC(=O)OC(C(C)C)OP(=O)(CCCCC1=CC=CC=C1)CC(=O)N2CC(CC2C(=O)[O-])C3CCCCC3,1.0,reported_twosides,4.2483545e-18,0.0919921710556056,0.0919921710556056,fitted,platt_logistic_regression,0.48023811648639086,0
CCN(CCCC(C)NC1=C2C=CC(=CC2=NC=C1)Cl)CCO,CN(C)CCC=C1C2=CC=CC=C2C=CC3=CC=CC=C31,1.0,reported_twosides,4.2483545e-18,0.0919921710556056,0.0919921710556056,fitted,platt_logistic_regression,0.48023811648639086,0
CC1=CC(=CC=C1)CN2CCN(CC2)C(C3=CC=CC=C3)C4=CC=C(C=C4)Cl,CCN(CC)CCOC(=O)C1(CCCCC1)C2CCCCC2,1.0,reported_twosides,4.2483545e-18,0.0919921710556056,0.0919921710556056,fitted,platt_logistic_regression,0.48023811648639086,0
CC1=NC=C(N1CCO)[N+](=O)[O-],CCCCC(C)(CC=CC1C(CC(=O)C1CCCCCCC(=O)OC)O)O,1.0,reported_twosides,1.0,0.891810177985089,0.891810177985089,fitted,platt_logistic_regression,0.48023811648639086,1
CC1=CC(=CC=C1)CN2CCN(CC2)C(C3=CC=CC=C3)C4=CC=C(C=C4)Cl,CC1=NC=C(N1CCO)[N+](=O)[O-],1.0,reported_twosides,1.0583574e-05,0.12853863218764844,0.12853863218764844,fitted,platt_logistic_regression,0.48023811648639086,0
CC1(OC2CC3C4CCC5=CC(=O)C=CC5(C4C(CC3(C2(O1)C(=O)CO)C)O)C)C,CC12CC(=O)C3C(C1CCC2(C(=O)CO)O)CCC4=CC(=O)C=CC34C,1.0,reported_twosides,1.0,0.891810177985089,0.891810177985089,fitted,platt_logistic_regression,0.48023811648639086,1
C1CN2C(=CC=C2C(=O)C3=CC=CC=C3)C1C(=O)O,CN1C(=NC(=O)C(=N1)[O-])SCC2=C(N3C(C(C3=O)NC(=O)C(=NOC)C4=CSC(=N4)N)SC2)C(=O)[O-],1.0,reported_twosides,1.0,0.891810177985089,0.891810177985089,fitted,platt_logistic_regression,0.48023811648639086,1
CC(C)(C)C1=CC=C(C=C1)S(=O)(=O)NC2=C(C(=NC(=N2)C3=NC=CC=N3)OCCO)OC4=CC=CC=C4OC,CN(C)C(=N)N=C(N)N,1.0,reported_twosides,4.2483545e-18,0.0919921710556056,0.0919921710556056,fitted,platt_logistic_regression,0.48023811648639086,0
C(OC(C(F)(F)F)C(F)(F)F)F,C1CN2C(=CC=C2C(=O)C3=CC=CC=C3)C1C(=O)O,1.0,reported_twosides,0.9999999,0.891810177985089,0.891810177985089,fitted,platt_logistic_regression,0.48023811648639086,1
CC(CC1=CC(=C(C=C1)O)O)(C(=O)O)N,CC1=CC(=CC=C1)NC2=C(C=NC=C2)S(=O)(=O)NC(=O)NC(C)C,0.0,unreported_twosides_sampled,2.2289365e-16,0.0919921710556056,0.0919921710556056,fitted,platt_logistic_regression,0.48023811648639086,0
C1=CC=C(C=C1)CCNN,CC(CC1=CC(=C(C=C1)O)O)(C(=O)O)N,0.0,unreported_twosides_sampled,0.00017032037,0.1867005969054157,0.1867005969054157,fitted,platt_logistic_regression,0.48023811648639086,0
CC(C(=O)C1=CC(=CC=C1)Cl)NC(C)(C)C,CC1=CC2C(CCC3(C2CCC3(C(=O)C)O)C)C4(C1=CC(=O)CC4)C,1.0,reported_twosides,4.2483545e-18,0.0919921710556056,0.0919921710556056,fitted,platt_logistic_regression,0.48023811648639086,0
C(N)(N)(Cl)Cl,CCCC(CCC)C(=O)O,1.0,reported_twosides,4.2483545e-18,0.0919921710556056,0.0919921710556056,fitted,platt_logistic_regression,0.48023811648639086,0
CC1=C(N=CN1)CSCCNC(=NC)NC#N,CCCC(CCC)C(=O)O,1.0,reported_twosides,1.0,0.891810177985089,0.891810177985089,fitted,platt_logistic_regression,0.48023811648639086,1
CC1=CC2=C(C=C1C(=C)C3=CC=C(C=C3)C(=O)O)C(CCC2(C)C)(C)C,CN1C=NC(=C1SC2=NC=NC3=C2NC=N3)[N+](=O)[O-],0.0,unreported_twosides_sampled,4.2483545e-18,0.0919921710556056,0.0919921710556056,fitted,platt_logistic_regression,0.48023811648639086,0
CCC(=O)OC(C(C)C)OP(=O)(CCCCC1=CC=CC=C1)CC(=O)N2CC(CC2C(=O)[O-])C3CCCCC3,COC1=C(C=C2C(=C1)CC(C2=O)CC3CCN(CC3)CC4=CC=CC=C4)OC,1.0,reported_twosides,4.2483545e-18,0.0919921710556056,0.0919921710556056,fitted,platt_logistic_regression,0.48023811648639086,0
CC1COC2=C3N1C=C(C(=O)C3=CC(=C2N4CCN(CC4)C)F)C(=O)O,CCCC(=O)OC1(CCC2C1(CC(C3C2CCC4=CC(=O)CCC34C)O)C)C(=O)CO,0.0,unreported_twosides_sampled,0.9999769,0.8333157601394581,0.8333157601394581,fitted,platt_logistic_regression,0.48023811648639086,1
CC1(OC2CC3C4CC(C5=CC(=O)C=CC5(C4C(CC3(C2(O1)C(=O)CO)C)O)C)F)C,CC1=CC(=CC=C1)NC2=C(C=NC=C2)S(=O)(=O)NC(=O)NC(C)C,0.0,unreported_twosides_sampled,4.2483545e-18,0.0919921710556056,0.0919921710556056,fitted,platt_logistic_regression,0.48023811648639086,0
CC(=O)SC1CC2=CC(=O)CCC2(C3C1C4CCC5(C4(CC3)C)CCC(=O)O5)C,CC1NC2=CC(=C(C=C2C(=O)N1C3=CC=CC=C3C)S(=O)(=O)N)Cl,1.0,reported_twosides,1.0,0.891810177985089,0.891810177985089,fitted,platt_logistic_regression,0.48023811648639086,1
CC1(OC2CC3C4CCC5=CC(=O)C=CC5(C4C(CC3(C2(O1)C(=O)CO)C)O)C)C,CC1C(C(=O)N1S(=O)(=O)O)NC(=O)C(=NOC(C)(C)C(=O)O)C2=CSC(=N2)N,0.0,unreported_twosides_sampled,1.0,0.891810177985089,0.891810177985089,fitted,platt_logistic_regression,0.48023811648639086,1
C1CN=C(N1)NC2=C(C3=NC=CN=C3C=C2)Br,CC(C)(C)NCC(COC1=NSN=C1N2CCOCC2)O,1.0,reported_twosides,4.2483545e-18,0.0919921710556056,0.0919921710556056,fitted,platt_logistic_regression,0.48023811648639086,0
CCOC1=CC=CC=C1OCCNC(C)CC2=CC(=C(C=C2)OC)S(=O)(=O)N,S=[Se],1.0,reported_twosides,2.8324255e-16,0.0919921710556056,0.0919921710556056,fitted,platt_logistic_regression,0.48023811648639086,0
CC1=C(C(CCC1)(C)C)C=CC(=CC=CC(=CCO)C)C,CCN(CCCC(C)NC1=C2C=CC(=CC2=NC=C1)Cl)CCO,0.0,unreported_twosides_sampled,4.2483545e-18,0.0919921710556056,0.0919921710556056,fitted,platt_logistic_regression,0.48023811648639086,0
C(N)(N)(Cl)Cl,CN1C=NC(=C1SC2=NC=NC3=C2NC=N3)[N+](=O)[O-],0.0,unreported_twosides_sampled,4.2483545e-18,0.0919921710556056,0.0919921710556056,fitted,platt_logistic_regression,0.48023811648639086,0
CC(=O)N(CCCCCNC(=O)CCC(=O)N(CCCCCNC(=O)CCC(=O)N(CCCCCN)O)O)O,CC1=C(N=CN1)CSCCNC(=NC)NC#N,0.0,unreported_twosides_sampled,1.0,0.891810177985089,0.891810177985089,fitted,platt_logistic_regression,0.48023811648639086,1
CC(C(=O)C1=CC(=CC=C1)Cl)NC(C)(C)C,CCC1=C(C(=NC(=N1)N)N)C2=CC=C(C=C2)Cl,0.0,unreported_twosides_sampled,3.6103012e-10,0.0919921710556056,0.0919921710556056,fitted,platt_logistic_regression,0.48023811648639086,0
C1=CC=C(C=C1)CCNN,C1CN(CCN1CCC2=C(C=C3C(=C2)CC(=O)N3)Cl)C4=NSC5=CC=CC=C54,1.0,reported_twosides,1.0,0.891810177985089,0.891810177985089,fitted,platt_logistic_regression,0.48023811648639086,1
CC(C1=CC(=C(C=C1)C2=CC=CC=C2)F)C(=O)O,CCC(=O)OC(C(C)C)OP(=O)(CCCCC1=CC=CC=C1)CC(=O)N2CC(CC2C(=O)[O-])C3CCCCC3,0.0,unreported_twosides_sampled,6.350958e-08,0.0919921710556056,0.0919921710556056,fitted,platt_logistic_regression,0.48023811648639086,0
CC1=CC2=C(C=C1C)N(C=N2)C3C(C(C(O3)CO)OP(=O)([O-])OC(C)CNC(=O)CCC4(C(C5C6(C(C(C(=N6)C(=C7C(C(C(=N7)C=C8C(C(C(=N8)C(=C4[N-]5)C)CCC(=O)N)(C)C)CCC(=O)N)(C)CC(=O)N)C)CCC(=O)N)(C)CC(=O)N)C)CC(=O)N)C)O.O.[Co],CN(CCCNC(=O)C1CCCO1)C2=NC3=CC(=C(C=C3C(=N2)N)OC)OC,0.0,unreported_twosides_sampled,4.2483545e-18,0.0919921710556056,0.0919921710556056,fitted,platt_logistic_regression,0.48023811648639086,0
CC(=O)SC1CC2=CC(=O)CCC2(C3C1C4CCC5(C4(CC3)C)CCC(=O)O5)C,CCCCCC(C=CC1C(CC(=O)C1CCCCCCC(=O)O)O)O,1.0,reported_twosides,1.2218552e-12,0.0919921710556056,0.0919921710556056,fitted,platt_logistic_regression,0.48023811648639086,0
CCCNC1CCC2=C(C1)SC(=N2)N,CN(CCCNC(=O)C1CCCO1)C2=NC3=CC(=C(C=C3C(=N2)N)OC)OC,0.0,unreported_twosides_sampled,4.2483545e-18,0.0919921710556056,0.0919921710556056,fitted,platt_logistic_regression,0.48023811648639086,0
CC1=CC(=CC=C1)CN2CCN(CC2)C(C3=CC=CC=C3)C4=CC=C(C=C4)Cl,CCN(CCCC(C)NC1=C2C=CC(=CC2=NC=C1)Cl)CCO,1.0,reported_twosides,4.2483545e-18,0.0919921710556056,0.0919921710556056,fitted,platt_logistic_regression,0.48023811648639086,0
C1CN2C(=CC=C2C(=O)C3=CC=CC=C3)C1C(=O)O,CCCC1=NN(C2=C1NC(=NC2=O)C3=C(C=CC(=C3)S(=O)(=O)N4CCN(CC4)C)OCC)C,1.0,reported_twosides,0.99989235,0.7964847000355271,0.7964847000355271,fitted,platt_logistic_regression,0.48023811648639086,1
CC1COC2=C3N1C=C(C(=O)C3=CC(=C2N4CCN(CC4)C)F)C(=O)O,CCCNC1CCC2=C(C1)SC(=N2)N,1.0,reported_twosides,4.2483545e-18,0.0919921710556056,0.0919921710556056,fitted,platt_logistic_regression,0.48023811648639086,0
CC1=CC(=CC=C1)CN2CCN(CC2)C(C3=CC=CC=C3)C4=CC=C(C=C4)Cl,CCCC1=NN(C2=C1NC(=NC2=O)C3=C(C=CC(=C3)S(=O)(=O)N4CCN(CC4)C)OCC)C,1.0,reported_twosides,4.2483545e-18,0.0919921710556056,0.0919921710556056,fitted,platt_logistic_regression,0.48023811648639086,0
CCC(C)C1C(CCC2(O1)CC3CC(O2)CC=C(C(C(C=CC=C4COC5C4(C(C=C(C5O)C)C(=O)O3)O)C)OC6CC(C(C(O6)C)OC7CC(C(C(O7)C)O)OC)OC)C)C.CC1CCC2(CC3CC(O2)CC=C(C(C(C=CC=C4COC5C4(C(C=C(C5O)C)C(=O)O3)O)C)OC6CC(C(C(O6)C)OC7CC(C(C(O7)C)O)OC)OC)C)OC1C(C)C,CCOC1=CC=CC=C1OCCNC(C)CC2=CC(=C(C=C2)OC)S(=O)(=O)N,0.0,unreported_twosides_sampled,4.2483545e-18,0.0919921710556056,0.0919921710556056,fitted,platt_logistic_regression,0.48023811648639086,0
C(OC(C(F)(F)F)C(F)(F)F)F,CCC1(CC(=O)NC1=O)C,0.0,unreported_twosides_sampled,4.2483545e-18,0.0919921710556056,0.0919921710556056,fitted,platt_logistic_regression,0.48023811648639086,0
CC1=NN=C(S1)SCC2=C(N3C(C(C3=O)NC(=O)CN4C=NN=N4)SC2)C(=O)[O-],CCCCC(C)(CC=CC1C(CC(=O)C1CCCCCCC(=O)OC)O)O,1.0,reported_twosides,1.0,0.891810177985089,0.891810177985089,fitted,platt_logistic_regression,0.48023811648639086,1
CC(C)(C)NCC(COC1=NSN=C1N2CCOCC2)O,CC12CCC3C(C1CCC2(C#C)O)CCC4=CC(=O)CCC34,0.0,unreported_twosides_sampled,4.2483545e-18,0.0919921710556056,0.0919921710556056,fitted,platt_logistic_regression,0.48023811648639086,0
CC1=CC2=C(NC3=CC=CC=C3N=C2S1)N4CCN(CC4)C,CCOC1=CC=CC=C1OCCNC(C)CC2=CC(=C(C=C2)OC)S(=O)(=O)N,1.0,reported_twosides,4.2483545e-18,0.0919921710556056,0.0919921710556056,fitted,platt_logistic_regression,0.48023811648639086,0
CC(C)(C)NCC(COC1=NSN=C1N2CCOCC2)O,CC(CCC(=O)O)C1CCC2C1(CCC3C2C(CC4C3(CCC(C4)O)C)O)C,0.0,unreported_twosides_sampled,4.2483545e-18,0.0919921710556056,0.0919921710556056,fitted,platt_logistic_regression,0.48023811648639086,0
CC(CCC(=O)O)C1CCC2C1(CCC3C2C(CC4C3(CCC(C4)O)C)O)C,CN(C)CCCN1C2=CC=CC=C2CCC3=CC=CC=C31,0.0,unreported_twosides_sampled,4.2483545e-18,0.0919921710556056,0.0919921710556056,fitted,platt_logistic_regression,0.48023811648639086,0
CC1=CC2=C(C=C1C)N(C=N2)C3C(C(C(O3)CO)OP(=O)([O-])OC(C)CNC(=O)CCC4(C(C5C6(C(C(C(=N6)C(=C7C(C(C(=N7)C=C8C(C(C(=N8)C(=C4[N-]5)C)CCC(=O)N)(C)C)CCC(=O)N)(C)CC(=O)N)C)CCC(=O)N)(C)CC(=O)N)C)CC(=O)N)C)O.O.[Co],CC1NC2=CC(=C(C=C2C(=O)N1C3=CC=CC=C3C)S(=O)(=O)N)Cl,0.0,unreported_twosides_sampled,7.608769e-10,0.0919921710556056,0.0919921710556056,fitted,platt_logistic_regression,0.48023811648639086,0
CCCC(CCC)C(=O)O,CN1C(=NC(=O)C(=N1)[O-])SCC2=C(N3C(C(C3=O)NC(=O)C(=NOC)C4=CSC(=N4)N)SC2)C(=O)[O-],1.0,reported_twosides,0.00026447274,0.19757500653078502,0.19757500653078502,fitted,platt_logistic_regression,0.48023811648639086,0
C1=CC=C(C=C1)CCNN,CC(CCC(=O)O)C1CCC2C1(CCC3C2C(CC4C3(CCC(C4)O)C)O)C,0.0,unreported_twosides_sampled,4.2483545e-18,0.0919921710556056,0.0919921710556056,fitted,platt_logistic_regression,0.48023811648639086,0
CC1=NN=C(S1)SCC2=C(N3C(C(C3=O)NC(=O)CN4C=NN=N4)SC2)C(=O)[O-],CCC(C)C1C(CCC2(O1)CC3CC(O2)CC=C(C(C(C=CC=C4COC5C4(C(C=C(C5O)C)C(=O)O3)O)C)OC6CC(C(C(O6)C)OC7CC(C(C(O7)C)O)OC)OC)C)C.CC1CCC2(CC3CC(O2)CC=C(C(C(C=CC=C4COC5C4(C(C=C(C5O)C)C(=O)O3)O)C)OC6CC(C(C(O6)C)OC7CC(C(C(O7)C)O)OC)OC)C)OC1C(C)C,0.0,unreported_twosides_sampled,1.0,0.891810177985089,0.891810177985089,fitted,platt_logistic_regression,0.48023811648639086,1
CC(C)(C)C1=CC=C(C=C1)S(=O)(=O)NC2=C(C(=NC(=N2)C3=NC=CC=N3)OCCO)OC4=CC=CC=C4OC,CC1CC2C(CCC3(C2CCC3(C(=O)C)O)C)C4(C1=CC(=O)CC4)C,1.0,reported_twosides,4.2483545e-18,0.0919921710556056,0.0919921710556056,fitted,platt_logistic_regression,0.48023811648639086,0
C1C2=C(C=CC(=C2Cl)Cl)NC3=NC(=O)CN31,CCCC(CCC)C(=O)O,0.0,unreported_twosides_sampled,0.00064768584,0.22116900768642242,0.22116900768642242,fitted,platt_logistic_regression,0.48023811648639086,0
CC1COC2=C3N1C=C(C(=O)C3=CC(=C2N4CCN(CC4)C)F)C(=O)O,CCP(CC)CC.CC(=O)OCC1C(C(C(C(O1)[S-])OC(=O)C)OC(=O)C)OC(=O)C.[Au+],0.0,unreported_twosides_sampled,0.9900283,0.6551866571239823,0.6551866571239823,fitted,platt_logistic_regression,0.48023811648639086,1
C1=CC(=C(C=C1Cl)Cl)C(CN2C=CN=C2)OCC3=C(SC=C3)Cl,CC1(C(N2C(S1)C(C2=O)NC(=O)CC3=CC=CC=C3)C(=O)O)C,0.0,unreported_twosides_sampled,0.00029793545,0.2006001493211886,0.2006001493211886,fitted,platt_logistic_regression,0.48023811648639086,0
CCOC1=CC=CC=C1OCCNC(C)CC2=CC(=C(C=C2)OC)S(=O)(=O)N,CCOC1=NC2=CC=CC(=C2N1CC3=CC=C(C=C3)C4=CC=CC=C4C5=NNN=N5)C(=O)O,1.0,reported_twosides,0.9991009,0.7362233992243448,0.7362233992243448,fitted,platt_logistic_regression,0.48023811648639086,1
CC1(C(N2C(S1)C(C2=O)NC(=O)CC3=CC=CC=C3)C(=O)O)C,CCN(CC)CCOC(=O)C1(CCCCC1)C2CCCCC2,0.0,unreported_twosides_sampled,1.393006e-09,0.0919921710556056,0.0919921710556056,fitted,platt_logistic_regression,0.48023811648639086,0
CC1=C2C(=NC=C1)N(C3=C(C=CC=N3)C(=O)N2)C4CC4,CCCCN1CCCCC1C(=O)NC2=C(C=CC=C2C)C,0.0,unreported_twosides_sampled,6.5406465e-16,0.0919921710556056,0.0919921710556056,fitted,platt_logistic_regression,0.48023811648639086,0
CC1C=CC=CCCC=CC=CC=CC=CC(CC(C(C(CC(=O)CC(C(CCC(CC(CC(CC(=O)OC(C(C1O)C)C)O)O)O)O)O)O)C(=O)O)O)OC2C(C(C(C(O2)C)O)N)O,CC1COC2=C3N1C=C(C(=O)C3=CC(=C2N4CCN(CC4)C)F)C(=O)O,1.0,reported_twosides,0.9999995,0.891810177985089,0.891810177985089,fitted,platt_logistic_regression,0.48023811648639086,1
CC1C(C(=O)N1S(=O)(=O)O)NC(=O)C(=NOC(C)(C)C(=O)O)C2=CSC(=N2)N,CCC1=C2C(=CC=C1)C3=C(N2)C(OCC3)(CC)CC(=O)O,0.0,unreported_twosides_sampled,0.999984,0.8413383859291326,0.8413383859291326,fitted,platt_logistic_regression,0.48023811648639086,1
C1CCC(CC1)C(CCN2CCCCC2)(C3=CC=CC=C3)O,CC1=C2C(=NC=C1)N(C3=C(C=CC=N3)C(=O)N2)C4CC4,0.0,unreported_twosides_sampled,1.0,0.891810177985089,0.891810177985089,fitted,platt_logistic_regression,0.48023811648639086,1
CC(C)(C)NCC(C1=NC(=C(C=C1)O)CO)O,CC1=CC2C(CCC3(C2CCC3(C(=O)C)O)C)C4(C1=CC(=O)CC4)C,0.0,unreported_twosides_sampled,4.2483545e-18,0.0919921710556056,0.0919921710556056,fitted,platt_logistic_regression,0.48023811648639086,0
CC(=O)OC1C(CC2C1(CCC3C2CCC4C3(CC(C(C4)O)N5CCOCC5)C)C)[N+]6(CCCC6)CC=C,COC1=C(C=C2C(=C1)CC(C2=O)CC3CCN(CC3)CC4=CC=CC=C4)OC,0.0,unreported_twosides_sampled,4.2483545e-18,0.0919921710556056,0.0919921710556056,fitted,platt_logistic_regression,0.48023811648639086,0
CC(CC1=CC=CC=C1)N(C)CC#C,CCN(CCCC(C)NC1=C2C=CC(=CC2=NC=C1)Cl)CCO,0.0,unreported_twosides_sampled,4.2483545e-18,0.0919921710556056,0.0919921710556056,fitted,platt_logistic_regression,0.48023811648639086,0
CC(=O)N(CCCCCNC(=O)CCC(=O)N(CCCCCNC(=O)CCC(=O)N(CCCCCN)O)O)O,CC1=NC=C(N1CCO)[N+](=O)[O-],0.0,unreported_twosides_sampled,1.0,0.891810177985089,0.891810177985089,fitted,platt_logistic_regression,0.48023811648639086,1
CCCC1=NN(C2=C1NC(=NC2=O)C3=C(C=CC(=C3)S(=O)(=O)N4CCN(CC4)C)OCC)C,CCCCC(C)(CC=CC1C(CC(=O)C1CCCCCCC(=O)OC)O)O,1.0,reported_twosides,2.9462129e-15,0.0919921710556056,0.0919921710556056,fitted,platt_logistic_regression,0.48023811648639086,0
C1=CC=C(C=C1)CCNN,CC1(C(N2C(S1)C(C2=O)NC(=O)CC3=CC=CC=C3)C(=O)O)C,0.0,unreported_twosides_sampled,0.9999999,0.891810177985089,0.891810177985089,fitted,platt_logistic_regression,0.48023811648639086,1
CCCCCC(C=CC1C(CC(=O)C1CCCCCCC(=O)O)O)O,CNS(=O)(=O)CCC1=CC2=C(C=C1)NC=C2C3CCN(CC3)C,0.0,unreported_twosides_sampled,4.2483545e-18,0.0919921710556056,0.0919921710556056,fitted,platt_logistic_regression,0.48023811648639086,0
CC1C=CC=CCCC=CC=CC=CC=CC(CC(C(C(CC(=O)CC(C(CCC(CC(CC(CC(=O)OC(C(C1O)C)C)O)O)O)O)O)O)C(=O)O)O)OC2C(C(C(C(O2)C)O)N)O,CS(=O)(=O)C1=CC=C(C=C1)C2=C(C(=O)OC2)C3=CC=CC=C3,1.0,reported_twosides,0.9997726,0.7765012070860305,0.7765012070860305,fitted,platt_logistic_regression,0.48023811648639086,1
CC(CCC(=O)O)C1CCC2C1(CCC3C2C(CC4C3(CCC(C4)O)C)O)C,CCCCC(C)(CC=CC1C(CC(=O)C1CCCCCCC(=O)OC)O)O,1.0,reported_twosides,4.2483545e-18,0.0919921710556056,0.0919921710556056,fitted,platt_logistic_regression,0.48023811648639086,0
CC(C)(C)NCC(COC1=NSN=C1N2CCOCC2)O,CC1=C(C(CCC1)(C)C)C=CC(=CC=CC(=CCO)C)C,0.0,unreported_twosides_sampled,7.150733e-18,0.0919921710556056,0.0919921710556056,fitted,platt_logistic_regression,0.48023811648639086,0
CC1=NN=C(S1)SCC2=C(N3C(C(C3=O)NC(=O)CN4C=NN=N4)SC2)C(=O)[O-],CC1CC2C(CCC3(C2CCC3(C(=O)C)O)C)C4(C1=CC(=O)CC4)C,0.0,unreported_twosides_sampled,2.0705222e-14,0.0919921710556056,0.0919921710556056,fitted,platt_logistic_regression,0.48023811648639086,0
CC(CC1=CC(=C(C=C1)O)O)(C(=O)O)N,CCCC1=NN(C2=C1NC(=NC2=O)C3=C(C=CC(=C3)S(=O)(=O)N4CCN(CC4)C)OCC)C,0.0,unreported_twosides_sampled,5.0734217e-12,0.0919921710556056,0.0919921710556056,fitted,platt_logistic_regression,0.48023811648639086,0
C(N)(N)(Cl)Cl,CCOC1=NC2=CC=CC(=C2N1CC3=CC=C(C=C3)C4=CC=CC=C4C5=NNN=N5)C(=O)O,1.0,reported_twosides,0.99999976,0.891810177985089,0.891810177985089,fitted,platt_logistic_regression,0.48023811648639086,1
CC12CC(=O)C3C(C1CCC2(C(=O)CO)O)CCC4=CC(=O)C=CC34C,CN1C=NC(=C1SC2=NC=NC3=C2NC=N3)[N+](=O)[O-],1.0,reported_twosides,1.119291e-08,0.0919921710556056,0.0919921710556056,fitted,platt_logistic_regression,0.48023811648639086,0
CN(C)C(=N)N=C(N)N,CN1CC(=O)N2C(C1=O)CC3=C(C2C4=CC5=C(C=C4)OCO5)NC6=CC=CC=C36,1.0,reported_twosides,0.9697187,0.613435960000346,0.613435960000346,fitted,platt_logistic_regression,0.48023811648639086,1
CC(=O)SC1CC2=CC(=O)CCC2(C3C1C4CCC5(C4(CC3)C)CCC(=O)O5)C,CS(=O)(=O)C1=CC=C(C=C1)C2=C(C(=O)OC2)C3=CC=CC=C3,1.0,reported_twosides,1.0,0.891810177985089,0.891810177985089,fitted,platt_logistic_regression,0.48023811648639086,1
CC(=O)N(CC(CO)O)C1=C(C(=C(C(=C1I)C(=O)NCC(CO)O)I)C(=O)NCC(CO)O)I,CC1=C(C(CCC1)(C)C)C=CC(=CC=CC(=CCO)C)C,0.0,unreported_twosides_sampled,4.2483545e-18,0.0919921710556056,0.0919921710556056,fitted,platt_logistic_regression,0.48023811648639086,0
CC(C)C(CC1=CC(=C(C=C1)OC)OCCCOC)CC(C(CC(C(C)C)C(=O)NCC(C)(C)C(=O)N)O)N,CC1=CC(=CC=C1)NC2=C(C=NC=C2)S(=O)(=O)NC(=O)NC(C)C,1.0,reported_twosides,4.2483545e-18,0.0919921710556056,0.0919921710556056,fitted,platt_logistic_regression,0.48023811648639086,0
CCCN(CCC)S(=O)(=O)C1=CC=C(C=C1)C(=O)O,CCOC1=CC=CC=C1OCCNC(C)CC2=CC(=C(C=C2)OC)S(=O)(=O)N,1.0,reported_twosides,4.2483545e-18,0.0919921710556056,0.0919921710556056,fitted,platt_logistic_regression,0.48023811648639086,0
CC1=C2C(=NC=C1)N(C3=C(C=CC=N3)C(=O)N2)C4CC4,CC1=CC(=CC=C1)NC2=C(C=NC=C2)S(=O)(=O)NC(=O)NC(C)C,0.0,unreported_twosides_sampled,0.9992661,0.7424558137886064,0.7424558137886064,fitted,platt_logistic_regression,0.48023811648639086,1
CCN(CC)CC(=O)NC1=C(C=CC=C1C)C,CN1CC(=O)N2C(C1=O)CC3=C(C2C4=CC5=C(C=C4)OCO5)NC6=CC=CC=C36,1.0,reported_twosides,4.73198e-16,0.0919921710556056,0.0919921710556056,fitted,platt_logistic_regression,0.48023811648639086,0
CN(C)CCC=C1C2=CC=CC=C2COC3=C1C=C(C=C3)CC(=O)O,CN1CCN(CC1)CCCN2C3=CC=CC=C3SC4=C2C=C(C=C4)Cl,1.0,reported_twosides,0.9999999,0.891810177985089,0.891810177985089,fitted,platt_logistic_regression,0.48023811648639086,1
CC(C)C1=NC(=CS1)CN(C)C(=O)NC(C(C)C)C(=O)NC(CC2=CC=CC=C2)CC(C(CC3=CC=CC=C3)NC(=O)OCC4=CN=CS4)O,CC1=C(N=CN1)CSCCNC(=NC)NC#N,1.0,reported_twosides,1.0,0.891810177985089,0.891810177985089,fitted,platt_logistic_regression,0.48023811648639086,1
C1=CN(C(=O)N=C1N)C2C(C(C(O2)CO)O)O,CC1=NN=C(S1)SCC2=C(N3C(C(C3=O)NC(=O)CN4C=NN=N4)SC2)C(=O)[O-],1.0,reported_twosides,1.0,0.891810177985089,0.891810177985089,fitted,platt_logistic_regression,0.48023811648639086,1
C1CC(C1)(C(=O)O)C(=O)O.N.N.[Pt],C1CN2C(=CC=C2C(=O)C3=CC=CC=C3)C1C(=O)O,1.0,reported_twosides,0.9991454,0.7377899140729776,0.7377899140729776,fitted,platt_logistic_regression,0.48023811648639086,1
C1CC(=O)NC(=O)C1N2C(=O)C3=CC=CC=C3C2=O,CCCC1=NN(C2=C1NC(=NC2=O)C3=C(C=CC(=C3)S(=O)(=O)N4CCN(CC4)C)OCC)C,1.0,reported_twosides,5.170875e-18,0.0919921710556056,0.0919921710556056,fitted,platt_logistic_regression,0.48023811648639086,0
CC1=CC2=C(C=C1C)N(C=N2)C3C(C(C(O3)CO)OP(=O)([O-])OC(C)CNC(=O)CCC4(C(C5C6(C(C(C(=N6)C(=C7C(C(C(=N7)C=C8C(C(C(=N8)C(=C4[N-]5)C)CCC(=O)N)(C)C)CCC(=O)N)(C)CC(=O)N)C)CCC(=O)N)(C)CC(=O)N)C)CC(=O)N)C)O.O.[Co],CN(C)CCCN1C2=CC=CC=C2CCC3=CC=CC=C31,0.0,unreported_twosides_sampled,4.2483545e-18,0.0919921710556056,0.0919921710556056,fitted,platt_logistic_regression,0.48023811648639086,0
CCCC1=NN(C2=C1NC(=NC2=O)C3=C(C=CC(=C3)S(=O)(=O)N4CCN(CC4)C)OCC)C,CCN(CC)CC(=O)NC1=C(C=CC=C1C)C,1.0,reported_twosides,4.2483545e-18,0.0919921710556056,0.0919921710556056,fitted,platt_logistic_regression,0.48023811648639086,0
CC12CC(=O)C3C(C1CCC2(C(=O)CO)O)CCC4=CC(=O)C=CC34C,CCOC1=NC2=CC=CC(=C2N1CC3=CC=C(C=C3)C4=CC=CC=C4C5=NNN=N5)C(=O)O,1.0,reported_twosides,1.0,0.891810177985089,0.891810177985089,fitted,platt_logistic_regression,0.48023811648639086,1
C(C(CO[N+](=O)[O-])O[N+](=O)[O-])O[N+](=O)[O-],CC(C(=O)C1=CC(=CC=C1)Cl)NC(C)(C)C,1.0,reported_twosides,1.1915919e-13,0.0919921710556056,0.0919921710556056,fitted,platt_logistic_regression,0.48023811648639086,0
CC(=O)OC1C(CC2C1(CCC3C2CCC4C3(CC(C(C4)O)N5CCOCC5)C)C)[N+]6(CCCC6)CC=C,CN1C=NC(=C1SC2=NC=NC3=C2NC=N3)[N+](=O)[O-],0.0,unreported_twosides_sampled,4.2483545e-18,0.0919921710556056,0.0919921710556056,fitted,platt_logistic_regression,0.48023811648639086,0
CC1=CC2=C(NC3=CC=CC=C3N=C2S1)N4CCN(CC4)C,CC1COC2=C3N1C=C(C(=O)C3=CC(=C2N4CCN(CC4)C)F)C(=O)O,1.0,reported_twosides,0.001966682,0.25315961119195063,0.25315961119195063,fitted,platt_logistic_regression,0.48023811648639086,0
CC(=O)SC1CC2=CC(=O)CCC2(C3C1C4CCC5(C4(CC3)C)CCC(=O)O5)C,CN(C)CCC=C1C2=CC=CC=C2COC3=C1C=C(C=C3)CC(=O)O,1.0,reported_twosides,1.0,0.891810177985089,0.891810177985089,fitted,platt_logistic_regression,0.48023811648639086,1
CC1=C(N=CN1)CSCCNC(=NC)NC#N,CCCCCCCCCCCC(CC1C(C(=O)O1)CCCCCC)OC(=O)C(CC(C)C)NC=O,1.0,reported_twosides,1.6883802e-11,0.0919921710556056,0.0919921710556056,fitted,platt_logistic_regression,0.48023811648639086,0
C1=CC=C(C=C1)C(C2=CC=CC=C2)(C3=CC=CC=C3Cl)N4C=CN=C4,CC(C)(C)NCC(C1=CC(=C(C=C1)O)CO)O,1.0,reported_twosides,0.9999831,0.840102157825056,0.840102157825056,fitted,platt_logistic_regression,0.48023811648639086,1
CC(=O)N(CC(CO)O)C1=C(C(=C(C(=C1I)C(=O)NCC(CO)O)I)C(=O)NCC(CO)O)I,CC1=CC2C(CCC3(C2CCC3(C(=O)C)O)C)C4(C1=CC(=O)CC4)C,0.0,unreported_twosides_sampled,4.2483545e-18,0.0919921710556056,0.0919921710556056,fitted,platt_logistic_regression,0.48023811648639086,0
CC1(OC2CC3C4CC(C5=CC(=O)C=CC5(C4C(CC3(C2(O1)C(=O)CO)C)O)C)F)C,CC1=CC2=C(NC3=CC=CC=C3N=C2S1)N4CCN(CC4)C,0.0,unreported_twosides_sampled,4.2483545e-18,0.0919921710556056,0.0919921710556056,fitted,platt_logistic_regression,0.48023811648639086,0
C1CN(CCN1CCC2=C(C=C3C(=C2)CC(=O)N3)Cl)C4=NSC5=CC=CC=C54,CC1=CC2=C(NC3=CC=CC=C3N=C2S1)N4CCN(CC4)C,1.0,reported_twosides,1.0,0.891810177985089,0.891810177985089,fitted,platt_logistic_regression,0.48023811648639086,1
C1=CN(C(=O)N=C1N)C2C(C(C(O2)CO)O)O,CCN(CC)CCOC(=O)C1(CCCCC1)C2CCCCC2,0.0,unreported_twosides_sampled,4.2483545e-18,0.0919921710556056,0.0919921710556056,fitted,platt_logistic_regression,0.48023811648639086,0
C1=CC(=C(C=C1Cl)Cl)C(CN2C=CN=C2)OCC3=C(SC=C3)Cl,CN(C)CCC=C1C2=CC=CC=C2COC3=C1C=C(C=C3)CC(=O)O,0.0,unreported_twosides_sampled,0.999966,0.8246356159815902,0.8246356159815902,fitted,platt_logistic_regression,0.48023811648639086,1
CCP(CC)CC.CC(=O)OCC1C(C(C(C(O1)[S-])OC(=O)C)OC(=O)C)OC(=O)C.[Au+],CN1CCN(CC1)CCCN2C3=CC=CC=C3SC4=C2C=C(C=C4)Cl,0.0,unreported_twosides_sampled,1.9289185e-15,0.0919921710556056,0.0919921710556056,fitted,platt_logistic_regression,0.48023811648639086,0
C1=CC=C(C=C1)CCNN,CC1COC2=C3N1C=C(C(=O)C3=CC(=C2N4CCN(CC4)C)F)C(=O)O,0.0,unreported_twosides_sampled,0.97486275,0.6206388835551763,0.6206388835551763,fitted,platt_logistic_regression,0.48023811648639086,1
C(C(CO[N+](=O)[O-])O[N+](=O)[O-])O[N+](=O)[O-],CN1C=NC(=C1SC2=NC=NC3=C2NC=N3)[N+](=O)[O-],1.0,reported_twosides,3.5238273e-12,0.0919921710556056,0.0919921710556056,fitted,platt_logistic_regression,0.48023811648639086,0
C1CCC(CC1)C(CCN2CCCCC2)(C3=CC=CC=C3)O,CC1(OC2CC3C4CC(C5=CC(=O)C=CC5(C4C(CC3(C2(O1)C(=O)CO)C)O)C)F)C,0.0,unreported_twosides_sampled,4.2483545e-18,0.0919921710556056,0.0919921710556056,fitted,platt_logistic_regression,0.48023811648639086,0
CC1C=CC=CCCC=CC=CC=CC=CC(CC(C(C(CC(=O)CC(C(CCC(CC(CC(CC(=O)OC(C(C1O)C)C)O)O)O)O)O)O)C(=O)O)O)OC2C(C(C(C(O2)C)O)N)O,COC1=C(C=C2C(=C1)CC(C2=O)CC3CCN(CC3)CC4=CC=CC=C4)OC,1.0,reported_twosides,4.2483545e-18,0.0919921710556056,0.0919921710556056,fitted,platt_logistic_regression,0.48023811648639086,0
C(=O)([O-])[O-].C(=O)([O-])[O-].C(=O)([O-])[O-].O.[La+3].[La+3],C(C(CO[N+](=O)[O-])O[N+](=O)[O-])O[N+](=O)[O-],1.0,reported_twosides,0.99826413,0.7153597863380888,0.7153597863380888,fitted,platt_logistic_regression,0.48023811648639086,1
CCC1=C2C(=CC=C1)C3=C(N2)C(OCC3)(CC)CC(=O)O,CN1C=NC(=C1SC2=NC=NC3=C2NC=N3)[N+](=O)[O-],1.0,reported_twosides,4.2483545e-18,0.0919921710556056,0.0919921710556056,fitted,platt_logistic_regression,0.48023811648639086,0
C(OC(C(F)(F)F)C(F)(F)F)F,CC(C)(C)NCC(COC1=NSN=C1N2CCOCC2)O,0.0,unreported_twosides_sampled,4.2483545e-18,0.0919921710556056,0.0919921710556056,fitted,platt_logistic_regression,0.48023811648639086,0
CC1=CC(=CC=C1)CN2CCN(CC2)C(C3=CC=CC=C3)C4=CC=C(C=C4)Cl,CCOC1=CC=CC=C1OCCNC(C)CC2=CC(=C(C=C2)OC)S(=O)(=O)N,1.0,reported_twosides,4.2483545e-18,0.0919921710556056,0.0919921710556056,fitted,platt_logistic_regression,0.48023811648639086,0
C1=CN(C(=O)N=C1N)C2C(C(C(O2)CO)O)O,CCN(CCCC(C)NC1=C2C=CC(=CC2=NC=C1)Cl)CCO,0.0,unreported_twosides_sampled,4.2483545e-18,0.0919921710556056,0.0919921710556056,fitted,platt_logistic_regression,0.48023811648639086,0
CC(CC1=CC=CC=C1)N(C)CC#C,CCCNC1CCC2=C(C1)SC(=N2)N,1.0,reported_twosides,4.2483545e-18,0.0919921710556056,0.0919921710556056,fitted,platt_logistic_regression,0.48023811648639086,0
CC12CC(=O)C3C(C1CCC2(C(=O)CO)O)CCC4=CC(=O)C=CC34C,CCCCC(C)(CC=CC1C(CC(=O)C1CCCCCCC(=O)OC)O)O,1.0,reported_twosides,0.994327,0.6753321117894534,0.6753321117894534,fitted,platt_logistic_regression,0.48023811648639086,1
CC(C)(CC1=CC=CC=C1)N,CC1=C2C(=NC=C1)N(C3=C(C=CC=N3)C(=O)N2)C4CC4,0.0,unreported_twosides_sampled,1.0,0.891810177985089,0.891810177985089,fitted,platt_logistic_regression,0.48023811648639086,1
C(=O)([O-])[O-].C(=O)([O-])[O-].C(=O)([O-])[O-].O.[La+3].[La+3],CCC(CC)OC1C=C(CC(C1NC(=O)C)N)C(=O)OCC,0.0,unreported_twosides_sampled,1.8078268e-14,0.0919921710556056,0.0919921710556056,fitted,platt_logistic_regression,0.48023811648639086,0
C1=CC=C(C=C1)C(C2=CC=CC=C2)(C3=CC=CC=C3Cl)N4C=CN=C4,CC1=CC(=CC=C1)NC2=C(C=NC=C2)S(=O)(=O)NC(=O)NC(C)C,1.0,reported_twosides,0.0001512443,0.18384565802841427,0.18384565802841427,fitted,platt_logistic_regression,0.48023811648639086,0
C1=CN(C(=O)N=C1N)C2C(C(C(O2)CO)O)O,CN(C)CCCN1C2=CC=CC=C2CCC3=CC=CC=C31,0.0,unreported_twosides_sampled,2.4657432e-10,0.0919921710556056,0.0919921710556056,fitted,platt_logistic_regression,0.48023811648639086,0
CC(C)(CC1=CC=CC=C1)N,S=[Se],0.0,unreported_twosides_sampled,0.0050271736,0.28253339673362093,0.28253339673362093,fitted,platt_logistic_regression,0.48023811648639086,0
CC1=C2C(=NC=C1)N(C3=C(C=CC=N3)C(=O)N2)C4CC4,CN(C)C(=N)N=C(N)N,1.0,reported_twosides,1.0,0.891810177985089,0.891810177985089,fitted,platt_logistic_regression,0.48023811648639086,1
CCCCN1CCCCC1C(=O)NC2=C(C=CC=C2C)C,CN1CCC2=C3C1CC4=C(C3=CC=C2)C(=C(C=C4)O)O,0.0,unreported_twosides_sampled,4.2483545e-18,0.0919921710556056,0.0919921710556056,fitted,platt_logistic_regression,0.48023811648639086,0
CC(C)C1=NC(=CS1)CN(C)C(=O)NC(C(C)C)C(=O)NC(CC2=CC=CC=C2)CC(C(CC3=CC=CC=C3)NC(=O)OCC4=CN=CS4)O,CC1=CC2=C(NC3=CC=CC=C3N=C2S1)N4CCN(CC4)C,1.0,reported_twosides,6.574714e-17,0.0919921710556056,0.0919921710556056,fitted,platt_logistic_regression,0.48023811648639086,0
CN(C)CCC=C1C2=CC=CC=C2COC3=C1C=C(C=C3)CC(=O)O,CN1C(=NC(=O)C(=N1)[O-])SCC2=C(N3C(C(C3=O)NC(=O)C(=NOC)C4=CSC(=N4)N)SC2)C(=O)[O-],0.0,unreported_twosides_sampled,1.0,0.891810177985089,0.891810177985089,fitted,platt_logistic_regression,0.48023811648639086,1
CCCC(CCC)C(=O)O,CCCCN1CCCCC1C(=O)NC2=C(C=CC=C2C)C,0.0,unreported_twosides_sampled,4.2483545e-18,0.0919921710556056,0.0919921710556056,fitted,platt_logistic_regression,0.48023811648639086,0
CCCCCCCCCCCC(CC1C(C(=O)O1)CCCCCC)OC(=O)C(CC(C)C)NC=O,CN(CCCNC(=O)C1CCCO1)C2=NC3=CC(=C(C=C3C(=N2)N)OC)OC,0.0,unreported_twosides_sampled,4.2483545e-18,0.0919921710556056,0.0919921710556056,fitted,platt_logistic_regression,0.48023811648639086,0
CCCCCC(C=CC1C(CC(=O)C1CCCCCCC(=O)O)O)O,CN(CCCNC(=O)C1CCCO1)C2=NC3=CC(=C(C=C3C(=N2)N)OC)OC,0.0,unreported_twosides_sampled,4.2483545e-18,0.0919921710556056,0.0919921710556056,fitted,platt_logistic_regression,0.48023811648639086,0
CC1=NC=C(N1CCO)[N+](=O)[O-],CCN(CC)CCOC(=O)C1(CCCCC1)C2CCCCC2,1.0,reported_twosides,1.9926929e-05,0.14025152703820656,0.14025152703820656,fitted,platt_logistic_regression,0.48023811648639086,0
C(N)(N)(Cl)Cl,C1=CC=C(C=C1)C(C2=CC=CC=C2)(C3=CC=CC=C3Cl)N4C=CN=C4,1.0,reported_twosides,0.99997616,0.8326411026657442,0.8326411026657442,fitted,platt_logistic_regression,0.48023811648639086,1
CC(C)(C)NCC(C1=NC(=C(C=C1)O)CO)O,CCN(CC)CCOC(=O)C1(CCCCC1)C2CCCCC2,0.0,unreported_twosides_sampled,4.2483545e-18,0.0919921710556056,0.0919921710556056,fitted,platt_logistic_regression,0.48023811648639086,0
C(N)(N)(Cl)Cl,C1CC(=O)NC(=O)C1N2C(=O)C3=CC=CC=C3C2=O,1.0,reported_twosides,1.6837616e-15,0.0919921710556056,0.0919921710556056,fitted,platt_logistic_regression,0.48023811648639086,0
C1CC(C1)(C(=O)O)C(=O)O.N.N.[Pt],CCCCC(C)(CC=CC1C(CC(=O)C1CCCCCCC(=O)OC)O)O,1.0,reported_twosides,4.2483545e-18,0.0919921710556056,0.0919921710556056,fitted,platt_logistic_regression,0.48023811648639086,0
C1C2=C(C=CC(=C2Cl)Cl)NC3=NC(=O)CN31,CC1C(C(=O)N1S(=O)(=O)O)NC(=O)C(=NOC(C)(C)C(=O)O)C2=CSC(=N2)N,0.0,unreported_twosides_sampled,1.0,0.891810177985089,0.891810177985089,fitted,platt_logistic_regression,0.48023811648639086,1
CN1CCN(CC1)CCCN2C3=CC=CC=C3SC4=C2C=C(C=C4)Cl,COC1=C(C=C2C(=C1)CC(C2=O)CC3CCN(CC3)CC4=CC=CC=C4)OC,1.0,reported_twosides,4.2483545e-18,0.0919921710556056,0.0919921710556056,fitted,platt_logistic_regression,0.48023811648639086,0
C1CN=C(N1)NC2=C(C3=NC=CN=C3C=C2)Br,CN(C)CCCN1C2=CC=CC=C2CCC3=CC=CC=C31,1.0,reported_twosides,1.5437324e-17,0.0919921710556056,0.0919921710556056,fitted,platt_logistic_regression,0.48023811648639086,0
CC1=C(C(CCC1)(C)C)C=CC(=CC=CC(=CCO)C)C,CCCN(CCC)S(=O)(=O)C1=CC=C(C=C1)C(=O)O,0.0,unreported_twosides_sampled,0.9919093,0.6627332040277307,0.6627332040277307,fitted,platt_logistic_regression,0.48023811648639086,1
CC1=C2C(=NC=C1)N(C3=C(C=CC=N3)C(=O)N2)C4CC4,CCCCCCCCCCCC(CC1C(C(=O)O1)CCCCCC)OC(=O)C(CC(C)C)NC=O,0.0,unreported_twosides_sampled,4.2483545e-18,0.0919921710556056,0.0919921710556056,fitted,platt_logistic_regression,0.48023811648639086,0
C1CC(C1)(C(=O)O)C(=O)O.N.N.[Pt],CCC1=C(C(=NC(=N1)N)N)C2=CC=C(C=C2)Cl,0.0,unreported_twosides_sampled,1.5003785e-12,0.0919921710556056,0.0919921710556056,fitted,platt_logistic_regression,0.48023811648639086,0
CCCC(CCC)C(=O)O,CCCCCCCCCCCC(CC1C(C(=O)O1)CCCCCC)OC(=O)C(CC(C)C)NC=O,1.0,reported_twosides,4.2483545e-18,0.0919921710556056,0.0919921710556056,fitted,platt_logistic_regression,0.48023811648639086,0
CC(CC1=CC(=C(C=C1)O)O)(C(=O)O)N,CCN(CC)CC(=O)NC1=C(C=CC=C1C)C,0.0,unreported_twosides_sampled,4.2483545e-18,0.0919921710556056,0.0919921710556056,fitted,platt_logistic_regression,0.48023811648639086,0
CN(C)CCC=C1C2=CC=CC=C2COC3=C1C=C(C=C3)CC(=O)O,CN1C=NC(=C1SC2=NC=NC3=C2NC=N3)[N+](=O)[O-],0.0,unreported_twosides_sampled,0.9151406,0.5716298180984698,0.5716298180984698,fitted,platt_logistic_regression,0.48023811648639086,1
CC1=CC2=C(C=C1C)N(C=N2)C3C(C(C(O3)CO)OP(=O)([O-])OC(C)CNC(=O)CCC4(C(C5C6(C(C(C(=N6)C(=C7C(C(C(=N7)C=C8C(C(C(=N8)C(=C4[N-]5)C)CCC(=O)N)(C)C)CCC(=O)N)(C)CC(=O)N)C)CCC(=O)N)(C)CC(=O)N)C)CC(=O)N)C)O.O.[Co],CCC(C)C1C(CCC2(O1)CC3CC(O2)CC=C(C(C(C=CC=C4COC5C4(C(C=C(C5O)C)C(=O)O3)O)C)OC6CC(C(C(O6)C)OC7CC(C(C(O7)C)O)OC)OC)C)C.CC1CCC2(CC3CC(O2)CC=C(C(C(C=CC=C4COC5C4(C(C=C(C5O)C)C(=O)O3)O)C)OC6CC(C(C(O6)C)OC7CC(C(C(O7)C)O)OC)OC)C)OC1C(C)C,0.0,unreported_twosides_sampled,4.2483545e-18,0.0919921710556056,0.0919921710556056,fitted,platt_logistic_regression,0.48023811648639086,0
CC(C)(C)C1=CC=C(C=C1)S(=O)(=O)NC2=C(C(=NC(=N2)C3=NC=CC=N3)OCCO)OC4=CC=CC=C4OC,CCCCC1=C(C2=CC=CC=C2O1)C(=O)C3=CC(=C(C(=C3)I)OCC[NH+](CC)CC)I,1.0,reported_twosides,4.2483545e-18,0.0919921710556056,0.0919921710556056,fitted,platt_logistic_regression,0.48023811648639086,0
CC(C)(C)NCC(C1=NC(=C(C=C1)O)CO)O,CC1COC2=C3N1C=C(C(=O)C3=CC(=C2N4CCN(CC4)C)F)C(=O)O,1.0,reported_twosides,5.2824785e-09,0.0919921710556056,0.0919921710556056,fitted,platt_logistic_regression,0.48023811648639086,0
C1=CN(C(=O)N=C1N)C2C(C(C(O2)CO)O)O,CC(C)C(CC1=CC(=C(C=C1)OC)OCCCOC)CC(C(CC(C(C)C)C(=O)NCC(C)(C)C(=O)N)O)N,0.0,unreported_twosides_sampled,4.2483545e-18,0.0919921710556056,0.0919921710556056,fitted,platt_logistic_regression,0.48023811648639086,0
CCOC1=NC2=CC=CC(=C2N1CC3=CC=C(C=C3)C4=CC=CC=C4C5=NNN=N5)C(=O)O,CCP(CC)CC.CC(=O)OCC1C(C(C(C(O1)[S-])OC(=O)C)OC(=O)C)OC(=O)C.[Au+],0.0,unreported_twosides_sampled,1.0,0.891810177985089,0.891810177985089,fitted,platt_logistic_regression,0.48023811648639086,1
CC(=O)N(CC(CO)O)C1=C(C(=C(C(=C1I)C(=O)NCC(CO)O)I)C(=O)NCC(CO)O)I,CN1CC(=O)N2C(C1=O)CC3=C(C2C4=CC5=C(C=C4)OCO5)NC6=CC=CC=C36,0.0,unreported_twosides_sampled,4.2483545e-18,0.0919921710556056,0.0919921710556056,fitted,platt_logistic_regression,0.48023811648639086,0
CCCCC(C)(CC=CC1C(CC(=O)C1CCCCCCC(=O)OC)O)O,CN1CCN(CC1)CCCN2C3=CC=CC=C3SC4=C2C=C(C=C4)Cl,1.0,reported_twosides,3.639608e-11,0.0919921710556056,0.0919921710556056,fitted,platt_logistic_regression,0.48023811648639086,0
CC(C)C(CC1=CC(=C(C=C1)OC)OCCCOC)CC(C(CC(C(C)C)C(=O)NCC(C)(C)C(=O)N)O)N,CC1=CC2=C(NC3=CC=CC=C3N=C2S1)N4CCN(CC4)C,0.0,unreported_twosides_sampled,4.2483545e-18,0.0919921710556056,0.0919921710556056,fitted,platt_logistic_regression,0.48023811648639086,0
CC1C=CC=CCCC=CC=CC=CC=CC(CC(C(C(CC(=O)CC(C(CCC(CC(CC(CC(=O)OC(C(C1O)C)C)O)O)O)O)O)O)C(=O)O)O)OC2C(C(C(C(O2)C)O)N)O,CC1CCC2CC(C(=CC=CC=CC(CC(C(=O)C(C(C(=CC(C(=O)CC(OC(=O)C3CCCCN3C(=O)C(=O)C1(O2)O)C(C)CC4CCC(C(C4)OC)O)C)C)O)OC)C)C)C)OC,1.0,reported_twosides,2.5341444e-05,0.1449297711173461,0.1449297711173461,fitted,platt_logistic_regression,0.48023811648639086,0
C(C(CO[N+](=O)[O-])O[N+](=O)[O-])O[N+](=O)[O-],CCCC(CCC)C(=O)O,1.0,reported_twosides,4.916939e-14,0.0919921710556056,0.0919921710556056,fitted,platt_logistic_regression,0.48023811648639086,0
CCCC(CCC)C(=O)O,CCOC1=CC=CC=C1OCCNC(C)CC2=CC(=C(C=C2)OC)S(=O)(=O)N,1.0,reported_twosides,4.2483545e-18,0.0919921710556056,0.0919921710556056,fitted,platt_logistic_regression,0.48023811648639086,0
CC(CC1=CC(=C(C=C1)O)O)(C(=O)O)N,CCCCC(C)(CC=CC1C(CC(=O)C1CCCCCCC(=O)OC)O)O,1.0,reported_twosides,0.98943275,0.6530755398570195,0.6530755398570195,fitted,platt_logistic_regression,0.48023811648639086,1
CC(=O)OC1C(CC2C1(CCC3C2CCC4C3(CC(C(C4)O)N5CCOCC5)C)C)[N+]6(CCCC6)CC=C,CC(C)(C)NCC(C1=NC(=C(C=C1)O)CO)O,0.0,unreported_twosides_sampled,4.2483545e-18,0.0919921710556056,0.0919921710556056,fitted,platt_logistic_regression,0.48023811648639086,0
CC1=CC(=CC=C1)CN2CCN(CC2)C(C3=CC=CC=C3)C4=CC=C(C=C4)Cl,CN(CCCNC(=O)C1CCCO1)C2=NC3=CC(=C(C=C3C(=N2)N)OC)OC,1.0,reported_twosides,4.2483545e-18,0.0919921710556056,0.0919921710556056,fitted,platt_logistic_regression,0.48023811648639086,0
C1=CC=C(C=C1)C(C2=CC=CC=C2)(C3=CC=CC=C3Cl)N4C=CN=C4,CCC1=C2C(=CC=C1)C3=C(N2)C(OCC3)(CC)CC(=O)O,1.0,reported_twosides,0.99999833,0.8836877457178384,0.8836877457178384,fitted,platt_logistic_regression,0.48023811648639086,1
CC(CCC(=O)O)C1CCC2C1(CCC3C2C(CC4C3(CCC(C4)O)C)O)C,CN1CC(=O)N2C(C1=O)CC3=C(C2C4=CC5=C(C=C4)OCO5)NC6=CC=CC=C36,0.0,unreported_twosides_sampled,4.2483545e-18,0.0919921710556056,0.0919921710556056,fitted,platt_logistic_regression,0.48023811648639086,0
CN1CC(=O)N2C(C1=O)CC3=C(C2C4=CC5=C(C=C4)OCO5)NC6=CC=CC=C36,COC1=C(C=C2C(=C1)CC(C2=O)CC3CCN(CC3)CC4=CC=CC=C4)OC,1.0,reported_twosides,4.2483545e-18,0.0919921710556056,0.0919921710556056,fitted,platt_logistic_regression,0.48023811648639086,0
C(C(CO[N+](=O)[O-])O[N+](=O)[O-])O[N+](=O)[O-],CC(=O)N(CCCCCNC(=O)CCC(=O)N(CCCCCNC(=O)CCC(=O)N(CCCCCN)O)O)O,1.0,reported_twosides,1.0,0.891810177985089,0.891810177985089,fitted,platt_logistic_regression,0.48023811648639086,1
CC(C)(C)NCC(C1=NC(=C(C=C1)O)CO)O,CC1=NC=C(N1CCO)[N+](=O)[O-],0.0,unreported_twosides_sampled,0.019293474,0.32838068720456276,0.32838068720456276,fitted,platt_logistic_regression,0.48023811648639086,0
CC(=O)OC1C(CC2C1(CCC3C2CCC4C3(CC(C(C4)O)N5CCOCC5)C)C)[N+]6(CCCC6)CC=C,CCC1=C(C(=NC(=N1)N)N)C2=CC=C(C=C2)Cl,0.0,unreported_twosides_sampled,4.2483545e-18,0.0919921710556056,0.0919921710556056,fitted,platt_logistic_regression,0.48023811648639086,0
C1CC(C1)(C(=O)O)C(=O)O.N.N.[Pt],CCN(CC)CC(=O)NC1=C(C=CC=C1C)C,1.0,reported_twosides,4.2483545e-18,0.0919921710556056,0.0919921710556056,fitted,platt_logistic_regression,0.48023811648639086,0
CC1C=CC=CCCC=CC=CC=CC=CC(CC(C(C(CC(=O)CC(C(CCC(CC(CC(CC(=O)OC(C(C1O)C)C)O)O)O)O)O)O)C(=O)O)O)OC2C(C(C(C(O2)C)O)N)O,CCCNC1CCC2=C(C1)SC(=N2)N,1.0,reported_twosides,4.2483545e-18,0.0919921710556056,0.0919921710556056,fitted,platt_logistic_regression,0.48023811648639086,0
CC(C)(C)C1=CC=C(C=C1)S(=O)(=O)NC2=C(C(=NC(=N2)C3=NC=CC=N3)OCCO)OC4=CC=CC=C4OC,CCCCCC(CCC1C(CC2C1CC3=C(C2)C(=CC=C3)OCC(=O)O)O)O,1.0,reported_twosides,4.2483545e-18,0.0919921710556056,0.0919921710556056,fitted,platt_logistic_regression,0.48023811648639086,0
C1CN=C(N1)NC2=C(C3=NC=CN=C3C=C2)Br,CC(=O)SC1CC2=CC(=O)CCC2(C3C1C4CCC5(C4(CC3)C)CCC(=O)O5)C,1.0,reported_twosides,0.9999937,0.8600721445836971,0.8600721445836971,fitted,platt_logistic_regression,0.48023811648639086,1
CCC1(CC(=O)NC1=O)C,CN1C(=NC(=O)C(=N1)[O-])SCC2=C(N3C(C(C3=O)NC(=O)C(=NOC)C4=CSC(=N4)N)SC2)C(=O)[O-],0.0,unreported_twosides_sampled,0.99961406,0.7615412087231682,0.7615412087231682,fitted,platt_logistic_regression,0.48023811648639086,1
C1CN(CCN1CCC2=C(C=C3C(=C2)CC(=O)N3)Cl)C4=NSC5=CC=CC=C54,CC1=NC=C(N1CCO)[N+](=O)[O-],1.0,reported_twosides,1.0,0.891810177985089,0.891810177985089,fitted,platt_logistic_regression,0.48023811648639086,1
CC(C(=O)C1=CC(=CC=C1)Cl)NC(C)(C)C,CCN(CC)CC(=O)NC1=C(C=CC=C1C)C,1.0,reported_twosides,4.2483545e-18,0.0919921710556056,0.0919921710556056,fitted,platt_logistic_regression,0.48023811648639086,0
CC1C=CC=CCCC=CC=CC=CC=CC(CC(C(C(CC(=O)CC(C(CCC(CC(CC(CC(=O)OC(C(C1O)C)C)O)O)O)O)O)O)C(=O)O)O)OC2C(C(C(C(O2)C)O)N)O,CN1CCC2=C3C1CC4=C(C3=CC=C2)C(=C(C=C4)O)O,0.0,unreported_twosides_sampled,0.075517766,0.3801594256007012,0.3801594256007012,fitted,platt_logistic_regression,0.48023811648639086,0
C(C(CO[N+](=O)[O-])O[N+](=O)[O-])O[N+](=O)[O-],CC(C)C1=NC(=CS1)CN(C)C(=O)NC(C(C)C)C(=O)NC(CC2=CC=CC=C2)CC(C(CC3=CC=CC=C3)NC(=O)OCC4=CN=CS4)O,1.0,reported_twosides,0.9991479,0.7378803312395837,0.7378803312395837,fitted,platt_logistic_regression,0.48023811648639086,1
CC(C)(C)NCC(COC1=NSN=C1N2CCOCC2)O,CC12CC(=O)C3C(C1CCC2(C(=O)CO)O)CCC4=CC(=O)C=CC34C,1.0,reported_twosides,4.2483545e-18,0.0919921710556056,0.0919921710556056,fitted,platt_logistic_regression,0.48023811648639086,0
C1CN=C(N1)NC2=C(C3=NC=CN=C3C=C2)Br,CS(=O)(=O)C1=CC=C(C=C1)C2=C(C(=O)OC2)C3=CC=CC=C3,1.0,reported_twosides,0.0017014658,0.2488163134214281,0.2488163134214281,fitted,platt_logistic_regression,0.48023811648639086,0
CC1=NC=C(N1CCO)[N+](=O)[O-],CCCC(CCC)C(=O)O,1.0,reported_twosides,1.1878463e-08,0.0919921710556056,0.0919921710556056,fitted,platt_logistic_regression,0.48023811648639086,0
CN(C)CCC=C1C2=CC=CC=C2C=CC3=CC=CC=C31,CS(=O)(=O)C1=CC=C(C=C1)C2=C(C(=O)OC2)C3=CC=CC=C3,1.0,reported_twosides,1.0,0.891810177985089,0.891810177985089,fitted,platt_logistic_regression,0.48023811648639086,1
CC1(OC2CC3C4CC(C5=CC(=O)C=CC5(C4C(CC3(C2(O1)C(=O)CO)C)O)C)F)C,CCC(=O)OC(C(C)C)OP(=O)(CCCCC1=CC=CC=C1)CC(=O)N2CC(CC2C(=O)[O-])C3CCCCC3,1.0,reported_twosides,4.2483545e-18,0.0919921710556056,0.0919921710556056,fitted,platt_logistic_regression,0.48023811648639086,0
C1CN=C(N1)NC2=C(C3=NC=CN=C3C=C2)Br,CC1C=CC=CCCC=CC=CC=CC=CC(CC(C(C(CC(=O)CC(C(CCC(CC(CC(CC(=O)OC(C(C1O)C)C)O)O)O)O)O)O)C(=O)O)O)OC2C(C(C(C(O2)C)O)N)O,1.0,reported_twosides,3.3640888e-16,0.0919921710556056,0.0919921710556056,fitted,platt_logistic_regression,0.48023811648639086,0
C1CN=C(N1)NC2=C(C3=NC=CN=C3C=C2)Br,CCCNC(=O)NS(=O)(=O)C1=CC=C(C=C1)Cl,0.0,unreported_twosides_sampled,4.2483545e-18,0.0919921710556056,0.0919921710556056,fitted,platt_logistic_regression,0.48023811648639086,0
C(N)(N)(Cl)Cl,CC(CC1=CC(=C(C=C1)O)O)(C(=O)O)N,0.0,unreported_twosides_sampled,1.12412195e-08,0.0919921710556056,0.0919921710556056,fitted,platt_logistic_regression,0.48023811648639086,0
CC1=CC(=CC=C1)NC2=C(C=NC=C2)S(=O)(=O)NC(=O)NC(C)C,CCCNC1CCC2=C(C1)SC(=N2)N,1.0,reported_twosides,4.2483545e-18,0.0919921710556056,0.0919921710556056,fitted,platt_logistic_regression,0.48023811648639086,0
C1=CC=C(C=C1)C(C2=CC=CC=C2)(C3=CC=CC=C3Cl)N4C=CN=C4,CC(=O)OC1C(CC2C1(CCC3C2CCC4C3(CC(C(C4)O)N5CCOCC5)C)C)[N+]6(CCCC6)CC=C,0.0,unreported_twosides_sampled,7.0294673e-12,0.0919921710556056,0.0919921710556056,fitted,platt_logistic_regression,0.48023811648639086,0
CCC(C)C1C(CCC2(O1)CC3CC(O2)CC=C(C(C(C=CC=C4COC5C4(C(C=C(C5O)C)C(=O)O3)O)C)OC6CC(C(C(O6)C)OC7CC(C(C(O7)C)O)OC)OC)C)C.CC1CCC2(CC3CC(O2)CC=C(C(C(C=CC=C4COC5C4(C(C=C(C5O)C)C(=O)O3)O)C)OC6CC(C(C(O6)C)OC7CC(C(C(O7)C)O)OC)OC)C)OC1C(C)C,CCCCC1=C(C2=CC=CC=C2O1)C(=O)C3=CC(=C(C(=C3)I)OCC[NH+](CC)CC)I,0.0,unreported_twosides_sampled,4.2483545e-18,0.0919921710556056,0.0919921710556056,fitted,platt_logistic_regression,0.48023811648639086,0
CCC1=C2C(=CC=C1)C3=C(N2)C(OCC3)(CC)CC(=O)O,CN(C)C(=N)N=C(N)N,1.0,reported_twosides,1.1672564e-14,0.0919921710556056,0.0919921710556056,fitted,platt_logistic_regression,0.48023811648639086,0
CC(=O)SC1CC2=CC(=O)CCC2(C3C1C4CCC5(C4(CC3)C)CCC(=O)O5)C,CCN(CC)CCOC(=O)C1(CCCCC1)C2CCCCC2,1.0,reported_twosides,0.8439064,0.5445255885898379,0.5445255885898379,fitted,platt_logistic_regression,0.48023811648639086,1
CC(=O)N(CC(CO)O)C1=C(C(=C(C(=C1I)C(=O)NCC(CO)O)I)C(=O)NCC(CO)O)I,CCOC1=CC=CC=C1OCCNC(C)CC2=CC(=C(C=C2)OC)S(=O)(=O)N,0.0,unreported_twosides_sampled,4.2483545e-18,0.0919921710556056,0.0919921710556056,fitted,platt_logistic_regression,0.48023811648639086,0
C1=CC=C2C(=C1)C(=O)NC2(C3=CC(=C(C=C3)Cl)S(=O)(=O)N)O,CC(C)(C)NCC(C1=NC(=C(C=C1)O)CO)O,0.0,unreported_twosides_sampled,0.99977237,0.77647224547184,0.77647224547184,fitted,platt_logistic_regression,0.48023811648639086,1
C1=CC(=C(C=C1Cl)Cl)C(CN2C=CN=C2)OCC3=C(SC=C3)Cl,CC(CC1=CC(=C(C=C1)O)O)(C(=O)O)N,0.0,unreported_twosides_sampled,1.7973447e-07,0.0919921710556056,0.0919921710556056,fitted,platt_logistic_regression,0.48023811648639086,0
C1=CC=C2C(=C1)C(=O)NC2(C3=CC(=C(C=C3)Cl)S(=O)(=O)N)O,CC1C(C(=O)N1S(=O)(=O)O)NC(=O)C(=NOC(C)(C)C(=O)O)C2=CSC(=N2)N,0.0,unreported_twosides_sampled,1.0,0.891810177985089,0.891810177985089,fitted,platt_logistic_regression,0.48023811648639086,1
C1=CC(=C(C=C1Cl)Cl)C(CN2C=CN=C2)OCC3=C(SC=C3)Cl,C1CN=C(N1)NC2=C(C3=NC=CN=C3C=C2)Br,0.0,unreported_twosides_sampled,1.20583346e-17,0.0919921710556056,0.0919921710556056,fitted,platt_logistic_regression,0.48023811648639086,0
CC(=O)N(CC(CO)O)C1=C(C(=C(C(=C1I)C(=O)NCC(CO)O)I)C(=O)NCC(CO)O)I,CCCCCCCCCCCC(CC1C(C(=O)O1)CCCCCC)OC(=O)C(CC(C)C)NC=O,0.0,unreported_twosides_sampled,4.2483545e-18,0.0919921710556056,0.0919921710556056,fitted,platt_logistic_regression,0.48023811648639086,0
CC(C)(C)NCC(C1=CC(=C(C=C1)O)CO)O,CN1C(=NC(=O)C(=N1)[O-])SCC2=C(N3C(C(C3=O)NC(=O)C(=NOC)C4=CSC(=N4)N)SC2)C(=O)[O-],1.0,reported_twosides,1.0,0.891810177985089,0.891810177985089,fitted,platt_logistic_regression,0.48023811648639086,1
C1CN=C(N1)NC2=C(C3=NC=CN=C3C=C2)Br,CCN(CCCC(C)NC1=C2C=CC(=CC2=NC=C1)Cl)CCO,1.0,reported_twosides,4.2483545e-18,0.0919921710556056,0.0919921710556056,fitted,platt_logistic_regression,0.48023811648639086,0
CC1=C2C(=NC=C1)N(C3=C(C=CC=N3)C(=O)N2)C4CC4,CC1=CC2=C(C=C1C(=C)C3=CC=C(C=C3)C(=O)O)C(CCC2(C)C)(C)C,0.0,unreported_twosides_sampled,1.0,0.891810177985089,0.891810177985089,fitted,platt_logistic_regression,0.48023811648639086,1
CN(C)C(=N)N=C(N)N,S=[Se],1.0,reported_twosides,0.010448277,0.3069130593585912,0.3069130593585912,fitted,platt_logistic_regression,0.48023811648639086,0
CCC1=C(C(=NC(=N1)N)N)C2=CC=C(C=C2)Cl,CCP(CC)CC.CC(=O)OCC1C(C(C(C(O1)[S-])OC(=O)C)OC(=O)C)OC(=O)C.[Au+],0.0,unreported_twosides_sampled,0.28555673,0.4412501160142164,0.4412501160142164,fitted,platt_logistic_regression,0.48023811648639086,0
CCC(=C)C(=O)C1=C(C(=C(C=C1)OCC(=O)O)Cl)Cl,CCCC(=O)OC1(CCC2C1(CC(C3C2CCC4=CC(=O)CCC34C)O)C)C(=O)CO,0.0,unreported_twosides_sampled,0.04873002,0.362816348494388,0.362816348494388,fitted,platt_logistic_regression,0.48023811648639086,0
CC12CCC3C(C1CCC2(C#C)O)CCC4=CC(=O)CCC34,CC1=C(C(=CC=C1)NC2=CC=CC=C2C(=O)O)C,0.0,unreported_twosides_sampled,4.2483545e-18,0.0919921710556056,0.0919921710556056,fitted,platt_logistic_regression,0.48023811648639086,0
CC(C1=CC(=C(C=C1)C2=CC=CC=C2)F)C(=O)O,CS(=O)(=O)C1=CC=C(C=C1)C2=C(C(=O)OC2)C3=CC=CC=C3,0.0,unreported_twosides_sampled,1.0,0.891810177985089,0.891810177985089,fitted,platt_logistic_regression,0.48023811648639086,1
CC1=CC2=C(NC3=CC=CC=C3N=C2S1)N4CCN(CC4)C,CC1CCC2CC(C(=CC=CC=CC(CC(C(=O)C(C(C(=CC(C(=O)CC(OC(=O)C3CCCCN3C(=O)C(=O)C1(O2)O)C(C)CC4CCC(C(C4)OC)O)C)C)O)OC)C)C)C)OC,1.0,reported_twosides,4.2483545e-18,0.0919921710556056,0.0919921710556056,fitted,platt_logistic_regression,0.48023811648639086,0
C1CC(C1)(C(=O)O)C(=O)O.N.N.[Pt],CN1CCC2=C3C1CC4=C(C3=CC=C2)C(=C(C=C4)O)O,0.0,unreported_twosides_sampled,1.0349392e-17,0.0919921710556056,0.0919921710556056,fitted,platt_logistic_regression,0.48023811648639086,0
C(=O)([O-])[O-].C(=O)([O-])[O-].C(=O)([O-])[O-].O.[La+3].[La+3],CNS(=O)(=O)CCC1=CC2=C(C=C1)NC=C2C3CCN(CC3)C,0.0,unreported_twosides_sampled,3.9901112e-16,0.0919921710556056,0.0919921710556056,fitted,platt_logistic_regression,0.48023811648639086,0
C(N)(N)(Cl)Cl,COC1=C(C=C2C(=C1)CC(C2=O)CC3CCN(CC3)CC4=CC=CC=C4)OC,1.0,reported_twosides,4.2483545e-18,0.0919921710556056,0.0919921710556056,fitted,platt_logistic_regression,0.48023811648639086,0
C1=CC=C(C=C1)C(C2=CC=CC=C2)(C3=CC=CC=C3Cl)N4C=CN=C4,CC1=C(C(=CC=C1)NC2=CC=CC=C2C(=O)O)C,0.0,unreported_twosides_sampled,6.2418317e-12,0.0919921710556056,0.0919921710556056,fitted,platt_logistic_regression,0.48023811648639086,0
CC(CC1=CC=CC=C1)N(C)CC#C,CCCC1=NN(C2=C1NC(=NC2=O)C3=C(C=CC(=C3)S(=O)(=O)N4CCN(CC4)C)OCC)C,1.0,reported_twosides,4.2483545e-18,0.0919921710556056,0.0919921710556056,fitted,platt_logistic_regression,0.48023811648639086,0
CC(C)(C)NCC(COC1=NSN=C1N2CCOCC2)O,CC1=CC(=CC=C1)CN2CCN(CC2)C(C3=CC=CC=C3)C4=CC=C(C=C4)Cl,1.0,reported_twosides,4.2483545e-18,0.0919921710556056,0.0919921710556056,fitted,platt_logistic_regression,0.48023811648639086,0
CC(CC1=CC=CC=C1)N(C)CC#C,CC1=NN=C(S1)SCC2=C(N3C(C(C3=O)NC(=O)CN4C=NN=N4)SC2)C(=O)[O-],0.0,unreported_twosides_sampled,1.0,0.891810177985089,0.891810177985089,fitted,platt_logistic_regression,0.48023811648639086,1
CC(C)C1=NC(=CS1)CN(C)C(=O)NC(C(C)C)C(=O)NC(CC2=CC=CC=C2)CC(C(CC3=CC=CC=C3)NC(=O)OCC4=CN=CS4)O,CCN(CC)CC(=O)NC1=C(C=CC=C1C)C,1.0,reported_twosides,4.2483545e-18,0.0919921710556056,0.0919921710556056,fitted,platt_logistic_regression,0.48023811648639086,0
CC(C)(C)NCC(C1=CC(=C(C=C1)O)CO)O,CC(C)(C)NCC(COC1=NSN=C1N2CCOCC2)O,1.0,reported_twosides,4.2483545e-18,0.0919921710556056,0.0919921710556056,fitted,platt_logistic_regression,0.48023811648639086,0
CC(C)(C)C1=CC=C(C=C1)S(=O)(=O)NC2=C(C(=NC(=N2)C3=NC=CC=N3)OCCO)OC4=CC=CC=C4OC,CCP(CC)CC.CC(=O)OCC1C(C(C(C(O1)[S-])OC(=O)C)OC(=O)C)OC(=O)C.[Au+],0.0,unreported_twosides_sampled,4.2483545e-18,0.0919921710556056,0.0919921710556056,fitted,platt_logistic_regression,0.48023811648639086,0
C1CN(CCN1CCC2=C(C=C3C(=C2)CC(=O)N3)Cl)C4=NSC5=CC=CC=C54,CC(C)C1=NC(=CS1)CN(C)C(=O)NC(C(C)C)C(=O)NC(CC2=CC=CC=C2)CC(C(CC3=CC=CC=C3)NC(=O)OCC4=CN=CS4)O,1.0,reported_twosides,1.0,0.891810177985089,0.891810177985089,fitted,platt_logistic_regression,0.48023811648639086,1
CC(C(=O)C1=CC(=CC=C1)Cl)NC(C)(C)C,CC(C)C(CC1=CC(=C(C=C1)OC)OCCCOC)CC(C(CC(C(C)C)C(=O)NCC(C)(C)C(=O)N)O)N,0.0,unreported_twosides_sampled,4.2483545e-18,0.0919921710556056,0.0919921710556056,fitted,platt_logistic_regression,0.48023811648639086,0
CCN(CC)CCOC(=O)C1(CCCCC1)C2CCCCC2,COC1=C(C=C2C(=C1)CC(C2=O)CC3CCN(CC3)CC4=CC=CC=C4)OC,0.0,unreported_twosides_sampled,4.2483545e-18,0.0919921710556056,0.0919921710556056,fitted,platt_logistic_regression,0.48023811648639086,0
C1=CN(C(=O)N=C1N)C2C(C(C(O2)CO)O)O,CC1=C(N=CN1)CSCCNC(=NC)NC#N,0.0,unreported_twosides_sampled,1.0,0.891810177985089,0.891810177985089,fitted,platt_logistic_regression,0.48023811648639086,1
C1CN=C(N1)NC2=C(C3=NC=CN=C3C=C2)Br,CC1(OC2CC3C4CC(C5=CC(=O)C=CC5(C4C(CC3(C2(O1)C(=O)CO)C)O)C)F)C,1.0,reported_twosides,4.2483545e-18,0.0919921710556056,0.0919921710556056,fitted,platt_logistic_regression,0.48023811648639086,0
CC(C)(C)C1=CC=C(C=C1)S(=O)(=O)NC2=C(C(=NC(=N2)C3=NC=CC=N3)OCCO)OC4=CC=CC=C4OC,CC1CCC2CC(C(=CC=CC=CC(CC(C(=O)C(C(C(=CC(C(=O)CC(OC(=O)C3CCCCN3C(=O)C(=O)C1(O2)O)C(C)CC4CCC(C(C4)OC)O)C)C)O)OC)C)C)C)OC,0.0,unreported_twosides_sampled,4.2483545e-18,0.0919921710556056,0.0919921710556056,fitted,platt_logistic_regression,0.48023811648639086,0
C1=CC=C2C(=C1)C(=O)NC2(C3=CC(=C(C=C3)Cl)S(=O)(=O)N)O,COC1=C(C=C2C(=C1)CC(C2=O)CC3CCN(CC3)CC4=CC=CC=C4)OC,0.0,unreported_twosides_sampled,5.893478e-07,0.0919921710556056,0.0919921710556056,fitted,platt_logistic_regression,0.48023811648639086,0
CC1=CC2=C(C=C1C)N(C=N2)C3C(C(C(O3)CO)OP(=O)([O-])OC(C)CNC(=O)CCC4(C(C5C6(C(C(C(=N6)C(=C7C(C(C(=N7)C=C8C(C(C(=N8)C(=C4[N-]5)C)CCC(=O)N)(C)C)CCC(=O)N)(C)CC(=O)N)C)CCC(=O)N)(C)CC(=O)N)C)CC(=O)N)C)O.O.[Co],CC1=NC=C(N1CCO)[N+](=O)[O-],0.0,unreported_twosides_sampled,4.2483545e-18,0.0919921710556056,0.0919921710556056,fitted,platt_logistic_regression,0.48023811648639086,0
CC(C)(C)C1=CC=C(C=C1)S(=O)(=O)NC2=C(C(=NC(=N2)C3=NC=CC=N3)OCCO)OC4=CC=CC=C4OC,CCN(CC)CC(=O)NC1=C(C=CC=C1C)C,1.0,reported_twosides,4.2483545e-18,0.0919921710556056,0.0919921710556056,fitted,platt_logistic_regression,0.48023811648639086,0
C1CN2C(=CC=C2C(=O)C3=CC=CC=C3)C1C(=O)O,CCCC(CCC)C(=O)O,1.0,reported_twosides,0.4500384,0.4695342256650154,0.4695342256650154,fitted,platt_logistic_regression,0.48023811648639086,0
C(N)(N)(Cl)Cl,C1CN(CCN1CCC2=C(C=C3C(=C2)CC(=O)N3)Cl)C4=NSC5=CC=CC=C54,0.0,unreported_twosides_sampled,1.0,0.891810177985089,0.891810177985089,fitted,platt_logistic_regression,0.48023811648639086,1
CC1=CC2C(CCC3(C2CCC3(C(=O)C)O)C)C4(C1=CC(=O)CC4)C,CCCC(CCC)C(=O)O,1.0,reported_twosides,4.2483545e-18,0.0919921710556056,0.0919921710556056,fitted,platt_logistic_regression,0.48023811648639086,0
CC1=CC(=CC=C1)CN2CCN(CC2)C(C3=CC=CC=C3)C4=CC=C(C=C4)Cl,CCCNC(=O)NS(=O)(=O)C1=CC=C(C=C1)Cl,0.0,unreported_twosides_sampled,4.2483545e-18,0.0919921710556056,0.0919921710556056,fitted,platt_logistic_regression,0.48023811648639086,0
C1CCC(CC1)C(CCN2CCCCC2)(C3=CC=CC=C3)O,CC1CCC2CC(C(=CC=CC=CC(CC(C(=O)C(C(C(=CC(C(=O)CC(OC(=O)C3CCCCN3C(=O)C(=O)C1(O2)O)C(C)CC4CCC(C(C4)OC)O)C)C)O)OC)C)C)C)OC,0.0,unreported_twosides_sampled,4.2483545e-18,0.0919921710556056,0.0919921710556056,fitted,platt_logistic_regression,0.48023811648639086,0
CCCN(CCC)S(=O)(=O)C1=CC=C(C=C1)C(=O)O,CCP(CC)CC.CC(=O)OCC1C(C(C(C(O1)[S-])OC(=O)C)OC(=O)C)OC(=O)C.[Au+],0.0,unreported_twosides_sampled,7.811809e-09,0.0919921710556056,0.0919921710556056,fitted,platt_logistic_regression,0.48023811648639086,0
C(C(CO[N+](=O)[O-])O[N+](=O)[O-])O[N+](=O)[O-],CCC1=C2C(=CC=C1)C3=C(N2)C(OCC3)(CC)CC(=O)O,1.0,reported_twosides,0.0038031247,0.27357721125747664,0.27357721125747664,fitted,platt_logistic_regression,0.48023811648639086,0
C1=CN(C(=O)N=C1N)C2C(C(C(O2)CO)O)O,CC12CC(=O)C3C(C1CCC2(C(=O)CO)O)CCC4=CC(=O)C=CC34C,1.0,reported_twosides,0.99965787,0.7650083761262835,0.7650083761262835,fitted,platt_logistic_regression,0.48023811648639086,1
C(C(CO[N+](=O)[O-])O[N+](=O)[O-])O[N+](=O)[O-],CC12CC(=O)C3C(C1CCC2(C(=O)CO)O)CCC4=CC(=O)C=CC34C,1.0,reported_twosides,1.0,0.891810177985089,0.891810177985089,fitted,platt_logistic_regression,0.48023811648639086,1
CC(C)(CC1=CC=CC=C1)N,CCOC1=CC=CC=C1OCCNC(C)CC2=CC(=C(C=C2)OC)S(=O)(=O)N,0.0,unreported_twosides_sampled,4.2483545e-18,0.0919921710556056,0.0919921710556056,fitted,platt_logistic_regression,0.48023811648639086,0
C(C(CO[N+](=O)[O-])O[N+](=O)[O-])O[N+](=O)[O-],CC(=O)OC1C(CC2C1(CCC3C2CCC4C3(CC(C(C4)O)N5CCOCC5)C)C)[N+]6(CCCC6)CC=C,1.0,reported_twosides,1.2191174e-16,0.0919921710556056,0.0919921710556056,fitted,platt_logistic_regression,0.48023811648639086,0
C(N)(N)(Cl)Cl,C1=CC=C2C(=C1)C(=O)NC2(C3=CC(=C(C=C3)Cl)S(=O)(=O)N)O,0.0,unreported_twosides_sampled,1.0,0.891810177985089,0.891810177985089,fitted,platt_logistic_regression,0.48023811648639086,1
C(=O)([O-])[O-].C(=O)([O-])[O-].C(=O)([O-])[O-].O.[La+3].[La+3],CC(=O)N(CCCCCNC(=O)CCC(=O)N(CCCCCNC(=O)CCC(=O)N(CCCCCN)O)O)O,0.0,unreported_twosides_sampled,1.0,0.891810177985089,0.891810177985089,fitted,platt_logistic_regression,0.48023811648639086,1
CC1=CC(=CC=C1)NC2=C(C=NC=C2)S(=O)(=O)NC(=O)NC(C)C,CN1C(=NC(=O)C(=N1)[O-])SCC2=C(N3C(C(C3=O)NC(=O)C(=NOC)C4=CSC(=N4)N)SC2)C(=O)[O-],1.0,reported_twosides,0.00012794462,0.17988232693017173,0.17988232693017173,fitted,platt_logistic_regression,0.48023811648639086,0
CC1(OC2CC3C4CCC5=CC(=O)C=CC5(C4C(CC3(C2(O1)C(=O)CO)C)O)C)C,CN1CCN(CC1)CCCN2C3=CC=CC=C3SC4=C2C=C(C=C4)Cl,0.0,unreported_twosides_sampled,3.8079573e-16,0.0919921710556056,0.0919921710556056,fitted,platt_logistic_regression,0.48023811648639086,0
CC(=O)N(CCCCCNC(=O)CCC(=O)N(CCCCCNC(=O)CCC(=O)N(CCCCCN)O)O)O,CC1(OC2CC3C4CC(C5=CC(=O)C=CC5(C4C(CC3(C2(O1)C(=O)CO)C)O)C)F)C,0.0,unreported_twosides_sampled,1.0,0.891810177985089,0.891810177985089,fitted,platt_logistic_regression,0.48023811648639086,1
C(OC(C(F)(F)F)C(F)(F)F)F,CCCCCC(C=CC1C(CC(=O)C1CCCCCCC(=O)O)O)O,1.0,reported_twosides,4.2483545e-18,0.0919921710556056,0.0919921710556056,fitted,platt_logistic_regression,0.48023811648639086,0
CC1=CC2=C(NC3=CC=CC=C3N=C2S1)N4CCN(CC4)C,CCC1=C(C(=NC(=N1)N)N)C2=CC=C(C=C2)Cl,0.0,unreported_twosides_sampled,1.3002193e-08,0.0919921710556056,0.0919921710556056,fitted,platt_logistic_regression,0.48023811648639086,0
C1CN2C(=CC=C2C(=O)C3=CC=CC=C3)C1C(=O)O,CCC(CC)OC1C=C(CC(C1NC(=O)C)N)C(=O)OCC,1.0,reported_twosides,0.99999964,0.891810177985089,0.891810177985089,fitted,platt_logistic_regression,0.48023811648639086,1
C(OC(C(F)(F)F)C(F)(F)F)F,CCC(C)C1C(CCC2(O1)CC3CC(O2)CC=C(C(C(C=CC=C4COC5C4(C(C=C(C5O)C)C(=O)O3)O)C)OC6CC(C(C(O6)C)OC7CC(C(C(O7)C)O)OC)OC)C)C.CC1CCC2(CC3CC(O2)CC=C(C(C(C=CC=C4COC5C4(C(C=C(C5O)C)C(=O)O3)O)C)OC6CC(C(C(O6)C)OC7CC(C(C(O7)C)O)OC)OC)C)OC1C(C)C,0.0,unreported_twosides_sampled,4.2483545e-18,0.0919921710556056,0.0919921710556056,fitted,platt_logistic_regression,0.48023811648639086,0
C1=CC=C(C=C1)C(C2=CC=CC=C2)(C3=CC=CC=C3Cl)N4C=CN=C4,CC(=O)SC1CC2=CC(=O)CCC2(C3C1C4CCC5(C4(CC3)C)CCC(=O)O5)C,1.0,reported_twosides,1.0,0.891810177985089,0.891810177985089,fitted,platt_logistic_regression,0.48023811648639086,1
CCC1=C2C(=CC=C1)C3=C(N2)C(OCC3)(CC)CC(=O)O,CN(C)CCC=C1C2=CC=CC=C2COC3=C1C=C(C=C3)CC(=O)O,0.0,unreported_twosides_sampled,1.0,0.891810177985089,0.891810177985089,fitted,platt_logistic_regression,0.48023811648639086,1
CC1=NC=C(N1CCO)[N+](=O)[O-],CCCNC(=O)NS(=O)(=O)C1=CC=C(C=C1)Cl,0.0,unreported_twosides_sampled,0.016082821,0.32190833261792384,0.32190833261792384,fitted,platt_logistic_regression,0.48023811648639086,0
CC1=CC(=CC=C1)NC2=C(C=NC=C2)S(=O)(=O)NC(=O)NC(C)C,CCC(CC)OC1C=C(CC(C1NC(=O)C)N)C(=O)OCC,0.0,unreported_twosides_sampled,4.2483545e-18,0.0919921710556056,0.0919921710556056,fitted,platt_logistic_regression,0.48023811648639086,0
CCCC1=NN(C2=C1NC(=NC2=O)C3=C(C=CC(=C3)S(=O)(=O)N4CCN(CC4)C)OCC)C,CCCCCCCCCCCC(CC1C(C(=O)O1)CCCCCC)OC(=O)C(CC(C)C)NC=O,1.0,reported_twosides,4.2483545e-18,0.0919921710556056,0.0919921710556056,fitted,platt_logistic_regression,0.48023811648639086,0
C(C(CO[N+](=O)[O-])O[N+](=O)[O-])O[N+](=O)[O-],CS(=O)(=O)C1=CC=C(C=C1)C2=C(C(=O)OC2)C3=CC=CC=C3,1.0,reported_twosides,1.0,0.891810177985089,0.891810177985089,fitted,platt_logistic_regression,0.48023811648639086,1
C(OC(C(F)(F)F)C(F)(F)F)F,CC(C)(C)NCC(C1=CC(=C(C=C1)O)CO)O,1.0,reported_twosides,4.2483545e-18,0.0919921710556056,0.0919921710556056,fitted,platt_logistic_regression,0.48023811648639086,0
C1CN=C(N1)NC2=C(C3=NC=CN=C3C=C2)Br,CCCCC1=C(C2=CC=CC=C2O1)C(=O)C3=CC(=C(C(=C3)I)OCC[NH+](CC)CC)I,0.0,unreported_twosides_sampled,4.2483545e-18,0.0919921710556056,0.0919921710556056,fitted,platt_logistic_regression,0.48023811648639086,0
CC1=CC2=C(NC3=CC=CC=C3N=C2S1)N4CCN(CC4)C,CCC(=O)OC(C(C)C)OP(=O)(CCCCC1=CC=CC=C1)CC(=O)N2CC(CC2C(=O)[O-])C3CCCCC3,1.0,reported_twosides,4.2483545e-18,0.0919921710556056,0.0919921710556056,fitted,platt_logistic_regression,0.48023811648639086,0
CCCCCC(C=CC1C(CC(=O)C1CCCCCCC(=O)O)O)O,CN(C)CCCN1C2=CC=CC=C2CCC3=CC=CC=C31,0.0,unreported_twosides_sampled,4.2483545e-18,0.0919921710556056,0.0919921710556056,fitted,platt_logistic_regression,0.48023811648639086,0
C(N)(N)(Cl)Cl,CN(C)CCC=C1C2=CC=CC=C2C=CC3=CC=CC=C31,1.0,reported_twosides,0.6640181,0.5045911180499566,0.5045911180499566,fitted,platt_logistic_regression,0.48023811648639086,1
CC(C(=O)C1=CC(=CC=C1)Cl)NC(C)(C)C,CC(C)(C)C1=CC=C(C=C1)S(=O)(=O)NC2=C(C(=NC(=N2)C3=NC=CC=N3)OCCO)OC4=CC=CC=C4OC,1.0,reported_twosides,4.2483545e-18,0.0919921710556056,0.0919921710556056,fitted,platt_logistic_regression,0.48023811648639086,0
CC(C)(C)NCC(COC1=NSN=C1N2CCOCC2)O,CCCCCC(C=CC1C(CC(=O)C1CCCCCCC(=O)O)O)O,0.0,unreported_twosides_sampled,4.2483545e-18,0.0919921710556056,0.0919921710556056,fitted,platt_logistic_regression,0.48023811648639086,0
CC1(C(N2C(S1)C(C2=O)NC(=O)CC3=CC=CC=C3)C(=O)O)C,CC1C=CC=CCCC=CC=CC=CC=CC(CC(C(C(CC(=O)CC(C(CCC(CC(CC(CC(=O)OC(C(C1O)C)C)O)O)O)O)O)O)C(=O)O)O)OC2C(C(C(C(O2)C)O)N)O,0.0,unreported_twosides_sampled,1.0,0.891810177985089,0.891810177985089,fitted,platt_logistic_regression,0.48023811648639086,1
CC1=C2C(=NC=C1)N(C3=C(C=CC=N3)C(=O)N2)C4CC4,CC1=CC2=C(NC3=CC=CC=C3N=C2S1)N4CCN(CC4)C,1.0,reported_twosides,0.99999976,0.891810177985089,0.891810177985089,fitted,platt_logistic_regression,0.48023811648639086,1
CC12CC(C3(C(C1CC(C2(C(=O)CO)O)O)CCC4=CC(=O)C=CC43C)F)O,CN(CCCNC(=O)C1CCCO1)C2=NC3=CC(=C(C=C3C(=N2)N)OC)OC,0.0,unreported_twosides_sampled,4.2483545e-18,0.0919921710556056,0.0919921710556056,fitted,platt_logistic_regression,0.48023811648639086,0
C(=O)([O-])[O-].C(=O)([O-])[O-].C(=O)([O-])[O-].O.[La+3].[La+3],CC1COC2=C3N1C=C(C(=O)C3=CC(=C2N4CCN(CC4)C)F)C(=O)O,1.0,reported_twosides,0.99946755,0.7521090930304073,0.7521090930304073,fitted,platt_logistic_regression,0.48023811648639086,1
CN(C)CCCN1C2=CC=CC=C2CCC3=CC=CC=C31,COC1=C(C=C2C(=C1)CC(C2=O)CC3CCN(CC3)CC4=CC=CC=C4)OC,1.0,reported_twosides,4.2483545e-18,0.0919921710556056,0.0919921710556056,fitted,platt_logistic_regression,0.48023811648639086,0
C1CN(CCN1CCC2=C(C=C3C(=C2)CC(=O)N3)Cl)C4=NSC5=CC=CC=C54,CC1(OC2CC3C4CC(C5=CC(=O)C=CC5(C4C(CC3(C2(O1)C(=O)CO)C)O)C)F)C,0.0,unreported_twosides_sampled,1.0,0.891810177985089,0.891810177985089,fitted,platt_logistic_regression,0.48023811648639086,1
CN(C)C(=N)N=C(N)N,CS(=O)(=O)C1=CC=C(C=C1)C2=C(C(=O)OC2)C3=CC=CC=C3,1.0,reported_twosides,0.020377614,0.3303420463366447,0.3303420463366447,fitted,platt_logistic_regression,0.48023811648639086,0
CCOC1=CC=CC=C1OCCNC(C)CC2=CC(=C(C=C2)OC)S(=O)(=O)N,CN(C)C(=N)N=C(N)N,1.0,reported_twosides,4.2483545e-18,0.0919921710556056,0.0919921710556056,fitted,platt_logistic_regression,0.48023811648639086,0
C1=CN(C(=O)N=C1N)C2C(C(C(O2)CO)O)O,CN(C)CCC=C1C2=CC=CC=C2C=CC3=CC=CC=C31,1.0,reported_twosides,1.0,0.891810177985089,0.891810177985089,fitted,platt_logistic_regression,0.48023811648639086,1
C1CN(CCN1CCC2=C(C=C3C(=C2)CC(=O)N3)Cl)C4=NSC5=CC=CC=C54,C1CN=C(N1)NC2=C(C3=NC=CN=C3C=C2)Br,1.0,reported_twosides,1.0,0.891810177985089,0.891810177985089,fitted,platt_logistic_regression,0.48023811648639086,1
CN(C)C(=N)N=C(N)N,COC1=C(C=C2C(=C1)CC(C2=O)CC3CCN(CC3)CC4=CC=CC=C4)OC,1.0,reported_twosides,4.2483545e-18,0.0919921710556056,0.0919921710556056,fitted,platt_logistic_regression,0.48023811648639086,0
C1CC(=O)NC(=O)C1N2C(=O)C3=CC=CC=C3C2=O,CCN(CCCC(C)NC1=C2C=CC(=CC2=NC=C1)Cl)CCO,1.0,reported_twosides,4.2483545e-18,0.0919921710556056,0.0919921710556056,fitted,platt_logistic_regression,0.48023811648639086,0
C1CN2C(=CC=C2C(=O)C3=CC=CC=C3)C1C(=O)O,CC1=CC2=C(NC3=CC=CC=C3N=C2S1)N4CCN(CC4)C,1.0,reported_twosides,0.99999964,0.891810177985089,0.891810177985089,fitted,platt_logistic_regression,0.48023811648639086,1
C(OC(C(F)(F)F)C(F)(F)F)F,CC(C)C1=NC(=CS1)CN(C)C(=O)NC(C(C)C)C(=O)NC(CC2=CC=CC=C2)CC(C(CC3=CC=CC=C3)NC(=O)OCC4=CN=CS4)O,0.0,unreported_twosides_sampled,2.2920551e-11,0.0919921710556056,0.0919921710556056,fitted,platt_logistic_regression,0.48023811648639086,0
C1CCC(CC1)C(CCN2CCCCC2)(C3=CC=CC=C3)O,C1CN(CCN1CCC2=C(C=C3C(=C2)CC(=O)N3)Cl)C4=NSC5=CC=CC=C54,1.0,reported_twosides,1.0,0.891810177985089,0.891810177985089,fitted,platt_logistic_regression,0.48023811648639086,1
C(C(CO[N+](=O)[O-])O[N+](=O)[O-])O[N+](=O)[O-],CC1CC2C(CCC3(C2CCC3(C(=O)C)O)C)C4(C1=CC(=O)CC4)C,1.0,reported_twosides,4.2483545e-18,0.0919921710556056,0.0919921710556056,fitted,platt_logistic_regression,0.48023811648639086,0
C1CN=C(N1)NC2=C(C3=NC=CN=C3C=C2)Br,CCCC(CCC)C(=O)O,1.0,reported_twosides,4.2483545e-18,0.0919921710556056,0.0919921710556056,fitted,platt_logistic_regression,0.48023811648639086,0
CC12CC(=O)C3C(C1CCC2(C(=O)CO)O)CCC4=CC(=O)C=CC34C,CCN(CC)CC(=O)NC1=C(C=CC=C1C)C,1.0,reported_twosides,4.2483545e-18,0.0919921710556056,0.0919921710556056,fitted,platt_logistic_regression,0.48023811648639086,0
C(N)(N)(Cl)Cl,CC1=C(N=CN1)CSCCNC(=NC)NC#N,1.0,reported_twosides,1.0,0.891810177985089,0.891810177985089,fitted,platt_logistic_regression,0.48023811648639086,1
C1CN2C(=CC=C2C(=O)C3=CC=CC=C3)C1C(=O)O,CS(=O)(=O)C1=CC=C(C=C1)C2=C(C(=O)OC2)C3=CC=CC=C3,1.0,reported_twosides,1.0,0.891810177985089,0.891810177985089,fitted,platt_logistic_regression,0.48023811648639086,1
C1=CC=C(C=C1)C(C2=CC=CC=C2)(C3=CC=CC=C3Cl)N4C=CN=C4,CCN(CC)CC(=O)NC1=C(C=CC=C1C)C,1.0,reported_twosides,1.0269981e-11,0.0919921710556056,0.0919921710556056,fitted,platt_logistic_regression,0.48023811648639086,0
CC(CCC(=O)O)C1CCC2C1(CCC3C2C(CC4C3(CCC(C4)O)C)O)C,COC1=C(C=C2C(=C1)CC(C2=O)CC3CCN(CC3)CC4=CC=CC=C4)OC,1.0,reported_twosides,4.2483545e-18,0.0919921710556056,0.0919921710556056,fitted,platt_logistic_regression,0.48023811648639086,0
C1CC(=O)NC(=O)C1N2C(=O)C3=CC=CC=C3C2=O,CC(=O)SC1CC2=CC(=O)CCC2(C3C1C4CCC5(C4(CC3)C)CCC(=O)O5)C,1.0,reported_twosides,1.0,0.891810177985089,0.891810177985089,fitted,platt_logistic_regression,0.48023811648639086,1
CC1=CC(=CC=C1)NC2=C(C=NC=C2)S(=O)(=O)NC(=O)NC(C)C,CCCCCC(CCC1C(CC2C1CC3=C(C2)C(=CC=C3)OCC(=O)O)O)O,1.0,reported_twosides,4.2483545e-18,0.0919921710556056,0.0919921710556056,fitted,platt_logistic_regression,0.48023811648639086,0
CC12CCC3C(C1CCC2(C#C)O)CCC4=CC(=O)CCC34,CCC(C)C1C(CCC2(O1)CC3CC(O2)CC=C(C(C(C=CC=C4COC5C4(C(C=C(C5O)C)C(=O)O3)O)C)OC6CC(C(C(O6)C)OC7CC(C(C(O7)C)O)OC)OC)C)C.CC1CCC2(CC3CC(O2)CC=C(C(C(C=CC=C4COC5C4(C(C=C(C5O)C)C(=O)O3)O)C)OC6CC(C(C(O6)C)OC7CC(C(C(O7)C)O)OC)OC)C)OC1C(C)C,0.0,unreported_twosides_sampled,4.2483545e-18,0.0919921710556056,0.0919921710556056,fitted,platt_logistic_regression,0.48023811648639086,0
C1CCC(CC1)C(CCN2CCCCC2)(C3=CC=CC=C3)O,CC1CC2C(CCC3(C2CCC3(C(=O)C)O)C)C4(C1=CC(=O)CC4)C,1.0,reported_twosides,4.2483545e-18,0.0919921710556056,0.0919921710556056,fitted,platt_logistic_regression,0.48023811648639086,0
CC(=O)OC1C(CC2C1(CCC3C2CCC4C3(CC(C(C4)O)N5CCOCC5)C)C)[N+]6(CCCC6)CC=C,CCCCN1CCCCC1C(=O)NC2=C(C=CC=C2C)C,1.0,reported_twosides,4.2483545e-18,0.0919921710556056,0.0919921710556056,fitted,platt_logistic_regression,0.48023811648639086,0
CC12CC(=O)C3C(C1CCC2(C(=O)CO)O)CCC4=CC(=O)C=CC34C,CC1COC2=C3N1C=C(C(=O)C3=CC(=C2N4CCN(CC4)C)F)C(=O)O,1.0,reported_twosides,1.0,0.891810177985089,0.891810177985089,fitted,platt_logistic_regression,0.48023811648639086,1
CC(C)(C)C1=CC=C(C=C1)S(=O)(=O)NC2=C(C(=NC(=N2)C3=NC=CC=N3)OCCO)OC4=CC=CC=C4OC,CN(C)CCC1=CNC2=C1C=C(C=C2)CC3COC(=O)N3,0.0,unreported_twosides_sampled,4.2483545e-18,0.0919921710556056,0.0919921710556056,fitted,platt_logistic_regression,0.48023811648639086,0
CCC1=C(C(=NC(=N1)N)N)C2=CC=C(C=C2)Cl,CNS(=O)(=O)CCC1=CC2=C(C=C1)NC=C2C3CCN(CC3)C,0.0,unreported_twosides_sampled,3.8085504e-06,0.11138649296631022,0.11138649296631022,fitted,platt_logistic_regression,0.48023811648639086,0
CC1=C(C(=CC=C1)NC2=CC=CC=C2C(=O)O)C,CN1CCN(CC1)CCCN2C3=CC=CC=C3SC4=C2C=C(C=C4)Cl,0.0,unreported_twosides_sampled,4.2483545e-18,0.0919921710556056,0.0919921710556056,fitted,platt_logistic_regression,0.48023811648639086,0
CC1=CC(=CC=C1)CN2CCN(CC2)C(C3=CC=CC=C3)C4=CC=C(C=C4)Cl,COC1=C(C=C2C(=C1)CC(C2=O)CC3CCN(CC3)CC4=CC=CC=C4)OC,1.0,reported_twosides,4.2483545e-18,0.0919921710556056,0.0919921710556056,fitted,platt_logistic_regression,0.48023811648639086,0
CC(C)C1=NC(=CS1)CN(C)C(=O)NC(C(C)C)C(=O)NC(CC2=CC=CC=C2)CC(C(CC3=CC=CC=C3)NC(=O)OCC4=CN=CS4)O,CC1CCC2CC(C(=CC=CC=CC(CC(C(=O)C(C(C(=CC(C(=O)CC(OC(=O)C3CCCCN3C(=O)C(=O)C1(O2)O)C(C)CC4CCC(C(C4)OC)O)C)C)O)OC)C)C)C)OC,0.0,unreported_twosides_sampled,5.4702145e-05,0.16078083452894723,0.16078083452894723,fitted,platt_logistic_regression,0.48023811648639086,0
CC1=C2C(=NC=C1)N(C3=C(C=CC=N3)C(=O)N2)C4CC4,CCCN(CCC)S(=O)(=O)C1=CC=C(C=C1)C(=O)O,0.0,unreported_twosides_sampled,1.0,0.891810177985089,0.891810177985089,fitted,platt_logistic_regression,0.48023811648639086,1
CC(=O)SC1CC2=CC(=O)CCC2(C3C1C4CCC5(C4(CC3)C)CCC(=O)O5)C,CCCCC1=C(C2=CC=CC=C2O1)C(=O)C3=CC(=C(C(=C3)I)OCC[NH+](CC)CC)I,1.0,reported_twosides,4.2483545e-18,0.0919921710556056,0.0919921710556056,fitted,platt_logistic_regression,0.48023811648639086,0
CC12CCC3C(C1CCC2(C#C)O)CCC4=CC(=O)CCC34,CCC(=C)C(=O)C1=C(C(=C(C=C1)OCC(=O)O)Cl)Cl,0.0,unreported_twosides_sampled,1.4015397e-06,0.09658074126819872,0.09658074126819872,fitted,platt_logistic_regression,0.48023811648639086,0
C1=CC=C2C(=C1)C(=O)NC2(C3=CC(=C(C=C3)Cl)S(=O)(=O)N)O,CC1=CC2=C(C=C1C(=C)C3=CC=C(C=C3)C(=O)O)C(CCC2(C)C)(C)C,0.0,unreported_twosides_sampled,1.0,0.891810177985089,0.891810177985089,fitted,platt_logistic_regression,0.48023811648639086,1
CC1=CC2=C(NC3=CC=CC=C3N=C2S1)N4CCN(CC4)C,CCC1=C2C(=CC=C1)C3=C(N2)C(OCC3)(CC)CC(=O)O,1.0,reported_twosides,4.2483545e-18,0.0919921710556056,0.0919921710556056,fitted,platt_logistic_regression,0.48023811648639086,0
CCCCCC(C=CC1C(CC(=O)C1CCCCCCC(=O)O)O)O,S=[Se],0.0,unreported_twosides_sampled,4.2483545e-18,0.0919921710556056,0.0919921710556056,fitted,platt_logistic_regression,0.48023811648639086,0
C1CN2C(=CC=C2C(=O)C3=CC=CC=C3)C1C(=O)O,CC(=O)OC1C(CC2C1(CCC3C2CCC4C3(CC(C(C4)O)N5CCOCC5)C)C)[N+]6(CCCC6)CC=C,1.0,reported_twosides,5.8660473e-05,0.16228733333529163,0.16228733333529163,fitted,platt_logistic_regression,0.48023811648639086,0
CC1=CC2C(CCC3(C2CCC3(C(=O)C)O)C)C4(C1=CC(=O)CC4)C,CC1C=CC=CCCC=CC=CC=CC=CC(CC(C(C(CC(=O)CC(C(CCC(CC(CC(CC(=O)OC(C(C1O)C)C)O)O)O)O)O)O)C(=O)O)O)OC2C(C(C(C(O2)C)O)N)O,1.0,reported_twosides,4.2483545e-18,0.0919921710556056,0.0919921710556056,fitted,platt_logistic_regression,0.48023811648639086,0
CC1=CC2=C(NC3=CC=CC=C3N=C2S1)N4CCN(CC4)C,CCCC1=NN(C2=C1NC(=NC2=O)C3=C(C=CC(=C3)S(=O)(=O)N4CCN(CC4)C)OCC)C,1.0,reported_twosides,4.2483545e-18,0.0919921710556056,0.0919921710556056,fitted,platt_logistic_regression,0.48023811648639086,0
C(N)(N)(Cl)Cl,CN1CC(=O)N2C(C1=O)CC3=C(C2C4=CC5=C(C=C4)OCO5)NC6=CC=CC=C36,0.0,unreported_twosides_sampled,0.0015290072,0.24564476488572165,0.24564476488572165,fitted,platt_logistic_regression,0.48023811648639086,0
CC1C=CC=CCCC=CC=CC=CC=CC(CC(C(C(CC(=O)CC(C(CCC(CC(CC(CC(=O)OC(C(C1O)C)C)O)O)O)O)O)O)C(=O)O)O)OC2C(C(C(C(O2)C)O)N)O,CC1CC2C(CCC3(C2CCC3(C(=O)C)O)C)C4(C1=CC(=O)CC4)C,1.0,reported_twosides,4.2483545e-18,0.0919921710556056,0.0919921710556056,fitted,platt_logistic_regression,0.48023811648639086,0
CC(C1=CC(=C(C=C1)C2=CC=CC=C2)F)C(=O)O,COC1=C(C=C2C(=C1)CC(C2=O)CC3CCN(CC3)CC4=CC=CC=C4)OC,0.0,unreported_twosides_sampled,4.2483545e-18,0.0919921710556056,0.0919921710556056,fitted,platt_logistic_regression,0.48023811648639086,0
CCCN(CCC)S(=O)(=O)C1=CC=C(C=C1)C(=O)O,CN1CC(=O)N2C(C1=O)CC3=C(C2C4=CC5=C(C=C4)OCO5)NC6=CC=CC=C36,0.0,unreported_twosides_sampled,0.99942327,0.749728706613254,0.749728706613254,fitted,platt_logistic_regression,0.48023811648639086,1
CC12CC(C3(C(C1CC(C2(C(=O)CO)O)O)CCC4=CC(=O)C=CC43C)F)O,CCC(=O)OC(C(C)C)OP(=O)(CCCCC1=CC=CC=C1)CC(=O)N2CC(CC2C(=O)[O-])C3CCCCC3,1.0,reported_twosides,4.2483545e-18,0.0919921710556056,0.0919921710556056,fitted,platt_logistic_regression,0.48023811648639086,0
CC(C1=CC(=C(C=C1)C2=CC=CC=C2)F)C(=O)O,CC1=CC(=CC=C1)CN2CCN(CC2)C(C3=CC=CC=C3)C4=CC=C(C=C4)Cl,0.0,unreported_twosides_sampled,5.7618905e-09,0.0919921710556056,0.0919921710556056,fitted,platt_logistic_regression,0.48023811648639086,0
C1CC(=O)NC(=O)C1N2C(=O)C3=CC=CC=C3C2=O,CCC1=C2C(=CC=C1)C3=C(N2)C(OCC3)(CC)CC(=O)O,0.0,unreported_twosides_sampled,1.2124022e-12,0.0919921710556056,0.0919921710556056,fitted,platt_logistic_regression,0.48023811648639086,0
CC(C)(C)NCC(C1=CC(=C(C=C1)O)CO)O,CC1NC2=CC(=C(C=C2C(=O)N1C3=CC=CC=C3C)S(=O)(=O)N)Cl,1.0,reported_twosides,1.0,0.891810177985089,0.891810177985089,fitted,platt_logistic_regression,0.48023811648639086,1
CN1C(=NC(=O)C(=N1)[O-])SCC2=C(N3C(C(C3=O)NC(=O)C(=NOC)C4=CSC(=N4)N)SC2)C(=O)[O-],CN1CCN(CC1)CCCN2C3=CC=CC=C3SC4=C2C=C(C=C4)Cl,1.0,reported_twosides,1.0,0.891810177985089,0.891810177985089,fitted,platt_logistic_regression,0.48023811648639086,1
CC1=CC(=CC=C1)CN2CCN(CC2)C(C3=CC=CC=C3)C4=CC=C(C=C4)Cl,CN1C=NC(=C1SC2=NC=NC3=C2NC=N3)[N+](=O)[O-],1.0,reported_twosides,4.2483545e-18,0.0919921710556056,0.0919921710556056,fitted,platt_logistic_regression,0.48023811648639086,0
C1CC(C1)(C(=O)O)C(=O)O.N.N.[Pt],CC1(C(N2C(S1)C(C2=O)NC(=O)CC3=CC=CC=C3)C(=O)O)C,0.0,unreported_twosides_sampled,9.7307144e-08,0.0919921710556056,0.0919921710556056,fitted,platt_logistic_regression,0.48023811648639086,0
CC1=C(C(CCC1)(C)C)C=CC(=CC=CC(=CCO)C)C,CCCC1=NN(C2=C1NC(=NC2=O)C3=C(C=CC(=C3)S(=O)(=O)N4CCN(CC4)C)OCC)C,0.0,unreported_twosides_sampled,8.748862e-07,0.0919921710556056,0.0919921710556056,fitted,platt_logistic_regression,0.48023811648639086,0
CC(C)(C)NCC(COC1=NSN=C1N2CCOCC2)O,CN(C)CCC1=CNC2=C1C=C(C=C2)CC3COC(=O)N3,0.0,unreported_twosides_sampled,4.2483545e-18,0.0919921710556056,0.0919921710556056,fitted,platt_logistic_regression,0.48023811648639086,0
CCCC1=NN(C2=C1NC(=NC2=O)C3=C(C=CC(=C3)S(=O)(=O)N4CCN(CC4)C)OCC)C,CCN(CCCC(C)NC1=C2C=CC(=CC2=NC=C1)Cl)CCO,1.0,reported_twosides,4.2483545e-18,0.0919921710556056,0.0919921710556056,fitted,platt_logistic_regression,0.48023811648639086,0
CC(C)(C)NCC(COC1=NSN=C1N2CCOCC2)O,CCP(CC)CC.CC(=O)OCC1C(C(C(C(O1)[S-])OC(=O)C)OC(=O)C)OC(=O)C.[Au+],0.0,unreported_twosides_sampled,4.2483545e-18,0.0919921710556056,0.0919921710556056,fitted,platt_logistic_regression,0.48023811648639086,0
CC1C=CC=CCCC=CC=CC=CC=CC(CC(C(C(CC(=O)CC(C(CCC(CC(CC(CC(=O)OC(C(C1O)C)C)O)O)O)O)O)O)C(=O)O)O)OC2C(C(C(C(O2)C)O)N)O,CN(CCCNC(=O)C1CCCO1)C2=NC3=CC(=C(C=C3C(=N2)N)OC)OC,0.0,unreported_twosides_sampled,7.8502135e-12,0.0919921710556056,0.0919921710556056,fitted,platt_logistic_regression,0.48023811648639086,0
CCCCC(C)(CC=CC1C(CC(=O)C1CCCCCCC(=O)OC)O)O,CCCCN1CCCCC1C(=O)NC2=C(C=CC=C2C)C,0.0,unreported_twosides_sampled,4.2483545e-18,0.0919921710556056,0.0919921710556056,fitted,platt_logistic_regression,0.48023811648639086,0
CCCCN1CCCCC1C(=O)NC2=C(C=CC=C2C)C,CN1CCN(CC1)CCCN2C3=CC=CC=C3SC4=C2C=C(C=C4)Cl,1.0,reported_twosides,4.2483545e-18,0.0919921710556056,0.0919921710556056,fitted,platt_logistic_regression,0.48023811648639086,0
CC1=CC(=CC=C1)CN2CCN(CC2)C(C3=CC=CC=C3)C4=CC=C(C=C4)Cl,CC1C=CC=CCCC=CC=CC=CC=CC(CC(C(C(CC(=O)CC(C(CCC(CC(CC(CC(=O)OC(C(C1O)C)C)O)O)O)O)O)O)C(=O)O)O)OC2C(C(C(C(O2)C)O)N)O,1.0,reported_twosides,1.10090626e-16,0.0919921710556056,0.0919921710556056,fitted,platt_logistic_regression,0.48023811648639086,0
C1=CC=C2C(=C1)C(=O)NC2(C3=CC(=C(C=C3)Cl)S(=O)(=O)N)O,CC1=NN=C(S1)SCC2=C(N3C(C(C3=O)NC(=O)CN4C=NN=N4)SC2)C(=O)[O-],0.0,unreported_twosides_sampled,1.0,0.891810177985089,0.891810177985089,fitted,platt_logistic_regression,0.48023811648639086,1
C1CC(C1)(C(=O)O)C(=O)O.N.N.[Pt],CN1C(=NC(=O)C(=N1)[O-])SCC2=C(N3C(C(C3=O)NC(=O)C(=NOC)C4=CSC(=N4)N)SC2)C(=O)[O-],1.0,reported_twosides,0.033665046,0.3487493445141146,0.3487493445141146,fitted,platt_logistic_regression,0.48023811648639086,0
C1=CN(C(=O)N=C1N)C2C(C(C(O2)CO)O)O,CN1CC(=O)N2C(C1=O)CC3=C(C2C4=CC5=C(C=C4)OCO5)NC6=CC=CC=C36,0.0,unreported_twosides_sampled,0.9999925,0.8567275849930994,0.8567275849930994,fitted,platt_logistic_regression,0.48023811648639086,1
CC1=C2C(=NC=C1)N(C3=C(C=CC=N3)C(=O)N2)C4CC4,CN(CCCNC(=O)C1CCCO1)C2=NC3=CC(=C(C=C3C(=N2)N)OC)OC,0.0,unreported_twosides_sampled,1.0,0.891810177985089,0.891810177985089,fitted,platt_logistic_regression,0.48023811648639086,1
CC1(OC2CC3C4CCC5=CC(=O)C=CC5(C4C(CC3(C2(O1)C(=O)CO)C)O)C)C,CCN(CC)CCOC(=O)C1(CCCCC1)C2CCCCC2,0.0,unreported_twosides_sampled,4.2483545e-18,0.0919921710556056,0.0919921710556056,fitted,platt_logistic_regression,0.48023811648639086,0
CC12CC(C3(C(C1CC(C2(C(=O)CO)O)O)CCC4=CC(=O)C=CC43C)F)O,CC1=C(C(CCC1)(C)C)C=CC(=CC=CC(=CCO)C)C,1.0,reported_twosides,2.296666e-06,0.1036622387335565,0.1036622387335565,fitted,platt_logistic_regression,0.48023811648639086,0
CC1=C(N=CN1)CSCCNC(=NC)NC#N,CN1CCN(CC1)CCCN2C3=CC=CC=C3SC4=C2C=C(C=C4)Cl,1.0,reported_twosides,1.0,0.891810177985089,0.891810177985089,fitted,platt_logistic_regression,0.48023811648639086,1
CC(C)(CC1=CC=CC=C1)N,CN(C)C(=N)N=C(N)N,1.0,reported_twosides,7.3701995e-10,0.0919921710556056,0.0919921710556056,fitted,platt_logistic_regression,0.48023811648639086,0
C1=CN(C(=O)N=C1N)C2C(C(C(O2)CO)O)O,CC1=CC2=C(C=C1C)N(C=N2)C3C(C(C(O3)CO)OP(=O)([O-])OC(C)CNC(=O)CCC4(C(C5C6(C(C(C(=N6)C(=C7C(C(C(=N7)C=C8C(C(C(=N8)C(=C4[N-]5)C)CCC(=O)N)(C)C)CCC(=O)N)(C)CC(=O)N)C)CCC(=O)N)(C)CC(=O)N)C)CC(=O)N)C)O.O.[Co],0.0,unreported_twosides_sampled,4.2483545e-18,0.0919921710556056,0.0919921710556056,fitted,platt_logistic_regression,0.48023811648639086,0
C1C2=C(C=CC(=C2Cl)Cl)NC3=NC(=O)CN31,CCCCCC(C=CC1C(CC(=O)C1CCCCCCC(=O)O)O)O,0.0,unreported_twosides_sampled,7.440084e-14,0.0919921710556056,0.0919921710556056,fitted,platt_logistic_regression,0.48023811648639086,0
CCC(CC)OC1C=C(CC(C1NC(=O)C)N)C(=O)OCC,CCN(CCCC(C)NC1=C2C=CC(=CC2=NC=C1)Cl)CCO,0.0,unreported_twosides_sampled,4.2483545e-18,0.0919921710556056,0.0919921710556056,fitted,platt_logistic_regression,0.48023811648639086,0
CC1C=CC=CCCC=CC=CC=CC=CC(CC(C(C(CC(=O)CC(C(CCC(CC(CC(CC(=O)OC(C(C1O)C)C)O)O)O)O)O)O)C(=O)O)O)OC2C(C(C(C(O2)C)O)N)O,CCCCCCCCCCCC(CC1C(C(=O)O1)CCCCCC)OC(=O)C(CC(C)C)NC=O,0.0,unreported_twosides_sampled,4.2483545e-18,0.0919921710556056,0.0919921710556056,fitted,platt_logistic_regression,0.48023811648639086,0
CC1=C(C(CCC1)(C)C)C=CC(=CC=CC(=CCO)C)C,CC1=NN=C(S1)SCC2=C(N3C(C(C3=O)NC(=O)CN4C=NN=N4)SC2)C(=O)[O-],0.0,unreported_twosides_sampled,1.0,0.891810177985089,0.891810177985089,fitted,platt_logistic_regression,0.48023811648639086,1
CC(=O)N(CCCCCNC(=O)CCC(=O)N(CCCCCNC(=O)CCC(=O)N(CCCCCN)O)O)O,CC1C=CC=CCCC=CC=CC=CC=CC(CC(C(C(CC(=O)CC(C(CCC(CC(CC(CC(=O)OC(C(C1O)C)C)O)O)O)O)O)O)C(=O)O)O)OC2C(C(C(C(O2)C)O)N)O,0.0,unreported_twosides_sampled,1.0,0.891810177985089,0.891810177985089,fitted,platt_logistic_regression,0.48023811648639086,1
C1CCC(CC1)C(CCN2CCCCC2)(C3=CC=CC=C3)O,CCC(CC)OC1C=C(CC(C1NC(=O)C)N)C(=O)OCC,0.0,unreported_twosides_sampled,4.2483545e-18,0.0919921710556056,0.0919921710556056,fitted,platt_logistic_regression,0.48023811648639086,0
C1CN2C(=CC=C2C(=O)C3=CC=CC=C3)C1C(=O)O,CCCCCC(CCC1C(CC2C1CC3=C(C2)C(=CC=C3)OCC(=O)O)O)O,0.0,unreported_twosides_sampled,3.4194944e-14,0.0919921710556056,0.0919921710556056,fitted,platt_logistic_regression,0.48023811648639086,0
CC1C(C(=O)N1S(=O)(=O)O)NC(=O)C(=NOC(C)(C)C(=O)O)C2=CSC(=N2)N,CC1C=CC=CCCC=CC=CC=CC=CC(CC(C(C(CC(=O)CC(C(CCC(CC(CC(CC(=O)OC(C(C1O)C)C)O)O)O)O)O)O)C(=O)O)O)OC2C(C(C(C(O2)C)O)N)O,0.0,unreported_twosides_sampled,1.0,0.891810177985089,0.891810177985089,fitted,platt_logistic_regression,0.48023811648639086,1
CC(=O)OC1C(CC2C1(CCC3C2CCC4C3(CC(C(C4)O)N5CCOCC5)C)C)[N+]6(CCCC6)CC=C,CCN(CCCC(C)NC1=C2C=CC(=CC2=NC=C1)Cl)CCO,0.0,unreported_twosides_sampled,4.2483545e-18,0.0919921710556056,0.0919921710556056,fitted,platt_logistic_regression,0.48023811648639086,0
C1=CN(C(=O)N=C1N)C2C(C(C(O2)CO)O)O,CCC(=O)OC(C(C)C)OP(=O)(CCCCC1=CC=CC=C1)CC(=O)N2CC(CC2C(=O)[O-])C3CCCCC3,1.0,reported_twosides,4.2483545e-18,0.0919921710556056,0.0919921710556056,fitted,platt_logistic_regression,0.48023811648639086,0
C1CN(CCN1CCC2=C(C=C3C(=C2)CC(=O)N3)Cl)C4=NSC5=CC=CC=C54,CC12CCC3C(C1CCC2(C#C)O)CCC4=CC(=O)CCC34,0.0,unreported_twosides_sampled,1.0,0.891810177985089,0.891810177985089,fitted,platt_logistic_regression,0.48023811648639086,1
CC(C)(C)NCC(COC1=NSN=C1N2CCOCC2)O,CC1COC2=C3N1C=C(C(=O)C3=CC(=C2N4CCN(CC4)C)F)C(=O)O,1.0,reported_twosides,4.2483545e-18,0.0919921710556056,0.0919921710556056,fitted,platt_logistic_regression,0.48023811648639086,0
CC1=CC2C(CCC3(C2CCC3(C(=O)C)O)C)C4(C1=CC(=O)CC4)C,S=[Se],0.0,unreported_twosides_sampled,4.2483545e-18,0.0919921710556056,0.0919921710556056,fitted,platt_logistic_regression,0.48023811648639086,0
CC(C)(C)NCC(COC1=NSN=C1N2CCOCC2)O,CC1=NC=C(N1CCO)[N+](=O)[O-],1.0,reported_twosides,9.140779e-15,0.0919921710556056,0.0919921710556056,fitted,platt_logistic_regression,0.48023811648639086,0
C1CC(=O)NC(=O)C1N2C(=O)C3=CC=CC=C3C2=O,CCCCN1CCCCC1C(=O)NC2=C(C=CC=C2C)C,0.0,unreported_twosides_sampled,4.2483545e-18,0.0919921710556056,0.0919921710556056,fitted,platt_logistic_regression,0.48023811648639086,0
C1CN(CCN1CCC2=C(C=C3C(=C2)CC(=O)N3)Cl)C4=NSC5=CC=CC=C54,CCOC1=CC=CC=C1OCCNC(C)CC2=CC(=C(C=C2)OC)S(=O)(=O)N,1.0,reported_twosides,1.0,0.891810177985089,0.891810177985089,fitted,platt_logistic_regression,0.48023811648639086,1
CC12CCC3C(C1CCC2(C#C)O)CCC4=CC(=O)CCC34,CCCCCCCCCCCC(CC1C(C(=O)O1)CCCCCC)OC(=O)C(CC(C)C)NC=O,1.0,reported_twosides,4.2483545e-18,0.0919921710556056,0.0919921710556056,fitted,platt_logistic_regression,0.48023811648639086,0
C1CN(CCN1CCC2=C(C=C3C(=C2)CC(=O)N3)Cl)C4=NSC5=CC=CC=C54,CCC1=C(C(=NC(=N1)N)N)C2=CC=C(C=C2)Cl,0.0,unreported_twosides_sampled,1.0,0.891810177985089,0.891810177985089,fitted,platt_logistic_regression,0.48023811648639086,1
CC(C(=O)C1=CC(=CC=C1)Cl)NC(C)(C)C,CC(C)(CC1=CC=CC=C1)N,1.0,reported_twosides,4.2483545e-18,0.0919921710556056,0.0919921710556056,fitted,platt_logistic_regression,0.48023811648639086,0
C(OC(C(F)(F)F)C(F)(F)F)F,CC1=NN=C(S1)SCC2=C(N3C(C(C3=O)NC(=O)CN4C=NN=N4)SC2)C(=O)[O-],1.0,reported_twosides,1.0,0.891810177985089,0.891810177985089,fitted,platt_logistic_regression,0.48023811648639086,1
CN(C)C(=N)N=C(N)N,CN1C=NC(=C1SC2=NC=NC3=C2NC=N3)[N+](=O)[O-],1.0,reported_twosides,4.2483545e-18,0.0919921710556056,0.0919921710556056,fitted,platt_logistic_regression,0.48023811648639086,0
C(OC(C(F)(F)F)C(F)(F)F)F,CCCC1=NN(C2=C1NC(=NC2=O)C3=C(C=CC(=C3)S(=O)(=O)N4CCN(CC4)C)OCC)C,1.0,reported_twosides,4.2483545e-18,0.0919921710556056,0.0919921710556056,fitted,platt_logistic_regression,0.48023811648639086,0
CC(=O)SC1CC2=CC(=O)CCC2(C3C1C4CCC5(C4(CC3)C)CCC(=O)O5)C,CCC1=C2C(=CC=C1)C3=C(N2)C(OCC3)(CC)CC(=O)O,1.0,reported_twosides,1.0,0.891810177985089,0.891810177985089,fitted,platt_logistic_regression,0.48023811648639086,1
CC(C(=O)C1=CC(=CC=C1)Cl)NC(C)(C)C,CCCCC(C)(CC=CC1C(CC(=O)C1CCCCCCC(=O)OC)O)O,1.0,reported_twosides,4.5731454e-18,0.0919921710556056,0.0919921710556056,fitted,platt_logistic_regression,0.48023811648639086,0
C(N)(N)(Cl)Cl,C(OC(C(F)(F)F)C(F)(F)F)F,0.0,unreported_twosides_sampled,6.729609e-15,0.0919921710556056,0.0919921710556056,fitted,platt_logistic_regression,0.48023811648639086,0
CC1(OC2CC3C4CCC5=CC(=O)C=CC5(C4C(CC3(C2(O1)C(=O)CO)C)O)C)C,CCC1=C2C(=CC=C1)C3=C(N2)C(OCC3)(CC)CC(=O)O,0.0,unreported_twosides_sampled,4.2483545e-18,0.0919921710556056,0.0919921710556056,fitted,platt_logistic_regression,0.48023811648639086,0
C1=CC(=C(C=C1Cl)Cl)C(CN2C=CN=C2)OCC3=C(SC=C3)Cl,CC(=O)SC1CC2=CC(=O)CCC2(C3C1C4CCC5(C4(CC3)C)CCC(=O)O5)C,0.0,unreported_twosides_sampled,0.99999416,0.861568890770133,0.861568890770133,fitted,platt_logistic_regression,0.48023811648639086,1
C1CCC(CC1)C(CCN2CCCCC2)(C3=CC=CC=C3)O,CCCC(CCC)C(=O)O,1.0,reported_twosides,4.2483545e-18,0.0919921710556056,0.0919921710556056,fitted,platt_logistic_regression,0.48023811648639086,0
CC(=O)SC1CC2=CC(=O)CCC2(C3C1C4CCC5(C4(CC3)C)CCC(=O)O5)C,CCN(CC)CC(=O)NC1=C(C=CC=C1C)C,1.0,reported_twosides,1.0763397e-06,0.09297514651531004,0.09297514651531004,fitted,platt_logistic_regression,0.48023811648639086,0
CC1=C(C(CCC1)(C)C)C=CC(=CC=CC(=CCO)C)C,CN(C)C(=N)N=C(N)N,1.0,reported_twosides,0.99932456,0.7449769090181707,0.7449769090181707,fitted,platt_logistic_regression,0.48023811648639086,1
CC1=NN=C(S1)SCC2=C(N3C(C(C3=O)NC(=O)CN4C=NN=N4)SC2)C(=O)[O-],CC1C(C(=O)N1S(=O)(=O)O)NC(=O)C(=NOC(C)(C)C(=O)O)C2=CSC(=N2)N,0.0,unreported_twosides_sampled,1.0,0.891810177985089,0.891810177985089,fitted,platt_logistic_regression,0.48023811648639086,1
CC1=NN=C(S1)SCC2=C(N3C(C(C3=O)NC(=O)CN4C=NN=N4)SC2)C(=O)[O-],CC1CCC2CC(C(=CC=CC=CC(CC(C(=O)C(C(C(=CC(C(=O)CC(OC(=O)C3CCCCN3C(=O)C(=O)C1(O2)O)C(C)CC4CCC(C(C4)OC)O)C)C)O)OC)C)C)C)OC,1.0,reported_twosides,1.0,0.891810177985089,0.891810177985089,fitted,platt_logistic_regression,0.48023811648639086,1
CC12CC(C3(C(C1CC(C2(C(=O)CO)O)O)CCC4=CC(=O)C=CC43C)F)O,CCN(CC)CCOC(=O)C1(CCCCC1)C2CCCCC2,1.0,reported_twosides,4.2483545e-18,0.0919921710556056,0.0919921710556056,fitted,platt_logistic_regression,0.48023811648639086,0
CC(C)(C)NCC(C1=CC(=C(C=C1)O)CO)O,CCCC(CCC)C(=O)O,1.0,reported_twosides,4.2483545e-18,0.0919921710556056,0.0919921710556056,fitted,platt_logistic_regression,0.48023811648639086,0
CC(C)C(CC1=CC(=C(C=C1)OC)OCCCOC)CC(C(CC(C(C)C)C(=O)NCC(C)(C)C(=O)N)O)N,CC(C1=CC(=C(C=C1)C2=CC=CC=C2)F)C(=O)O,0.0,unreported_twosides_sampled,8.448079e-09,0.0919921710556056,0.0919921710556056,fitted,platt_logistic_regression,0.48023811648639086,0
CC12CC(C3(C(C1CC(C2(C(=O)CO)O)O)CCC4=CC(=O)C=CC43C)F)O,CCN(CCCC(C)NC1=C2C=CC(=CC2=NC=C1)Cl)CCO,1.0,reported_twosides,4.2483545e-18,0.0919921710556056,0.0919921710556056,fitted,platt_logistic_regression,0.48023811648639086,0
CN(C)CCC1=CNC2=C1C=C(C=C2)CC3COC(=O)N3,CN(C)CCC=C1C2=CC=CC=C2C=CC3=CC=CC=C31,1.0,reported_twosides,1.0,0.891810177985089,0.891810177985089,fitted,platt_logistic_regression,0.48023811648639086,1
CC1CC2C(CCC3(C2CCC3(C(=O)C)O)C)C4(C1=CC(=O)CC4)C,CN(C)CCCN1C2=CC=CC=C2CCC3=CC=CC=C31,1.0,reported_twosides,4.2483545e-18,0.0919921710556056,0.0919921710556056,fitted,platt_logistic_regression,0.48023811648639086,0
CC(C)(C)NCC(C1=CC(=C(C=C1)O)CO)O,CC1(OC2CC3C4CC(C5=CC(=O)C=CC5(C4C(CC3(C2(O1)C(=O)CO)C)O)C)F)C,1.0,reported_twosides,7.8728705e-16,0.0919921710556056,0.0919921710556056,fitted,platt_logistic_regression,0.48023811648639086,0
C1CC(=O)NC(=O)C1N2C(=O)C3=CC=CC=C3C2=O,CN1C(=NC(=O)C(=N1)[O-])SCC2=C(N3C(C(C3=O)NC(=O)C(=NOC)C4=CSC(=N4)N)SC2)C(=O)[O-],1.0,reported_twosides,1.0,0.891810177985089,0.891810177985089,fitted,platt_logistic_regression,0.48023811648639086,1
CCC(C)C1C(CCC2(O1)CC3CC(O2)CC=C(C(C(C=CC=C4COC5C4(C(C=C(C5O)C)C(=O)O3)O)C)OC6CC(C(C(O6)C)OC7CC(C(C(O7)C)O)OC)OC)C)C.CC1CCC2(CC3CC(O2)CC=C(C(C(C=CC=C4COC5C4(C(C=C(C5O)C)C(=O)O3)O)C)OC6CC(C(C(O6)C)OC7CC(C(C(O7)C)O)OC)OC)C)OC1C(C)C,CCCCC(C)(CC=CC1C(CC(=O)C1CCCCCCC(=O)OC)O)O,0.0,unreported_twosides_sampled,6.9140748e-12,0.0919921710556056,0.0919921710556056,fitted,platt_logistic_regression,0.48023811648639086,0
CC1=NC=C(N1CCO)[N+](=O)[O-],CN(CCCNC(=O)C1CCCO1)C2=NC3=CC(=C(C=C3C(=N2)N)OC)OC,0.0,unreported_twosides_sampled,0.6204379,0.49703536397976156,0.49703536397976156,fitted,platt_logistic_regression,0.48023811648639086,1
CC(=O)OC1C(CC2C1(CCC3C2CCC4C3(CC(C(C4)O)N5CCOCC5)C)C)[N+]6(CCCC6)CC=C,CCCNC1CCC2=C(C1)SC(=N2)N,0.0,unreported_twosides_sampled,4.2483545e-18,0.0919921710556056,0.0919921710556056,fitted,platt_logistic_regression,0.48023811648639086,0
CC(C1=CC(=C(C=C1)C2=CC=CC=C2)F)C(=O)O,CN1CCC2=C3C1CC4=C(C3=CC=C2)C(=C(C=C4)O)O,0.0,unreported_twosides_sampled,1.0,0.891810177985089,0.891810177985089,fitted,platt_logistic_regression,0.48023811648639086,1
C1=CC=C(C=C1)C(C2=CC=CC=C2)(C3=CC=CC=C3Cl)N4C=CN=C4,CC1CCC2CC(C(=CC=CC=CC(CC(C(=O)C(C(C(=CC(C(=O)CC(OC(=O)C3CCCCN3C(=O)C(=O)C1(O2)O)C(C)CC4CCC(C(C4)OC)O)C)C)O)OC)C)C)C)OC,1.0,reported_twosides,0.9908846,0.6584396173492079,0.6584396173492079,fitted,platt_logistic_regression,0.48023811648639086,1
CC(C)(C)NCC(C1=CC(=C(C=C1)O)CO)O,CCCNC1CCC2=C(C1)SC(=N2)N,1.0,reported_twosides,4.2483545e-18,0.0919921710556056,0.0919921710556056,fitted,platt_logistic_regression,0.48023811648639086,0
CC1=C(C(=CC=C1)NC2=CC=CC=C2C(=O)O)C,CCC(C)C1C(CCC2(O1)CC3CC(O2)CC=C(C(C(C=CC=C4COC5C4(C(C=C(C5O)C)C(=O)O3)O)C)OC6CC(C(C(O6)C)OC7CC(C(C(O7)C)O)OC)OC)C)C.CC1CCC2(CC3CC(O2)CC=C(C(C(C=CC=C4COC5C4(C(C=C(C5O)C)C(=O)O3)O)C)OC6CC(C(C(O6)C)OC7CC(C(C(O7)C)O)OC)OC)C)OC1C(C)C,0.0,unreported_twosides_sampled,4.2483545e-18,0.0919921710556056,0.0919921710556056,fitted,platt_logistic_regression,0.48023811648639086,0
CC1(OC2CC3C4CC(C5=CC(=O)C=CC5(C4C(CC3(C2(O1)C(=O)CO)C)O)C)F)C,CC1=CC2=C(C=C1C)N(C=N2)C3C(C(C(O3)CO)OP(=O)([O-])OC(C)CNC(=O)CCC4(C(C5C6(C(C(C(=N6)C(=C7C(C(C(=N7)C=C8C(C(C(=N8)C(=C4[N-]5)C)CCC(=O)N)(C)C)CCC(=O)N)(C)CC(=O)N)C)CCC(=O)N)(C)CC(=O)N)C)CC(=O)N)C)O.O.[Co],0.0,unreported_twosides_sampled,4.2483545e-18,0.0919921710556056,0.0919921710556056,fitted,platt_logistic_regression,0.48023811648639086,0
CC(C)(C)NCC(COC1=NSN=C1N2CCOCC2)O,CCN(CCCC(C)NC1=C2C=CC(=CC2=NC=C1)Cl)CCO,1.0,reported_twosides,4.2483545e-18,0.0919921710556056,0.0919921710556056,fitted,platt_logistic_regression,0.48023811648639086,0
CC(=O)N(CCCCCNC(=O)CCC(=O)N(CCCCCNC(=O)CCC(=O)N(CCCCCN)O)O)O,CC1=CC2=C(C=C1C(=C)C3=CC=C(C=C3)C(=O)O)C(CCC2(C)C)(C)C,0.0,unreported_twosides_sampled,1.0,0.891810177985089,0.891810177985089,fitted,platt_logistic_regression,0.48023811648639086,1
C1CC(=O)NC(=O)C1N2C(=O)C3=CC=CC=C3C2=O,COC1=C(C=C2C(=C1)CC(C2=O)CC3CCN(CC3)CC4=CC=CC=C4)OC,1.0,reported_twosides,4.2483545e-18,0.0919921710556056,0.0919921710556056,fitted,platt_logistic_regression,0.48023811648639086,0
CCC1=C2C(=CC=C1)C3=C(N2)C(OCC3)(CC)CC(=O)O,CCCC(CCC)C(=O)O,1.0,reported_twosides,4.2483545e-18,0.0919921710556056,0.0919921710556056,fitted,platt_logistic_regression,0.48023811648639086,0
CC(C)(C)NCC(COC1=NSN=C1N2CCOCC2)O,CCOC1=CC=CC=C1OCCNC(C)CC2=CC(=C(C=C2)OC)S(=O)(=O)N,1.0,reported_twosides,4.2483545e-18,0.0919921710556056,0.0919921710556056,fitted,platt_logistic_regression,0.48023811648639086,0
C1CN=C(N1)NC2=C(C3=NC=CN=C3C=C2)Br,CCC(CC)OC1C=C(CC(C1NC(=O)C)N)C(=O)OCC,0.0,unreported_twosides_sampled,4.2483545e-18,0.0919921710556056,0.0919921710556056,fitted,platt_logistic_regression,0.48023811648639086,0
CCCCC1=C(C2=CC=CC=C2O1)C(=O)C3=CC(=C(C(=C3)I)OCC[NH+](CC)CC)I,CN1CCN(CC1)CCCN2C3=CC=CC=C3SC4=C2C=C(C=C4)Cl,1.0,reported_twosides,4.2483545e-18,0.0919921710556056,0.0919921710556056,fitted,platt_logistic_regression,0.48023811648639086,0
C(C(CO[N+](=O)[O-])O[N+](=O)[O-])O[N+](=O)[O-],CC1CCC2CC(C(=CC=CC=CC(CC(C(=O)C(C(C(=CC(C(=O)CC(OC(=O)C3CCCCN3C(=O)C(=O)C1(O2)O)C(C)CC4CCC(C(C4)OC)O)C)C)O)OC)C)C)C)OC,0.0,unreported_twosides_sampled,2.170338e-06,0.1028283252240018,0.1028283252240018,fitted,platt_logistic_regression,0.48023811648639086,0
CCC(=O)OC(C(C)C)OP(=O)(CCCCC1=CC=CC=C1)CC(=O)N2CC(CC2C(=O)[O-])C3CCCCC3,CN(C)C(=N)N=C(N)N,1.0,reported_twosides,4.2483545e-18,0.0919921710556056,0.0919921710556056,fitted,platt_logistic_regression,0.48023811648639086,0
C1C2=C(C=CC(=C2Cl)Cl)NC3=NC(=O)CN31,CCCC(=O)OC1(CCC2C1(CC(C3C2CCC4=CC(=O)CCC34C)O)C)C(=O)CO,0.0,unreported_twosides_sampled,1.0,0.891810177985089,0.891810177985089,fitted,platt_logistic_regression,0.48023811648639086,1
CC1NC2=CC(=C(C=C2C(=O)N1C3=CC=CC=C3C)S(=O)(=O)N)Cl,CN1CC(=O)N2C(C1=O)CC3=C(C2C4=CC5=C(C=C4)OCO5)NC6=CC=CC=C36,1.0,reported_twosides,1.0,0.891810177985089,0.891810177985089,fitted,platt_logistic_regression,0.48023811648639086,1
CCC1=C2C(=CC=C1)C3=C(N2)C(OCC3)(CC)CC(=O)O,CCCCCC(C=CC1C(CC(=O)C1CCCCCCC(=O)O)O)O,1.0,reported_twosides,4.2483545e-18,0.0919921710556056,0.0919921710556056,fitted,platt_logistic_regression,0.48023811648639086,0
CC(CC1=CC(=C(C=C1)O)O)(C(=O)O)N,CC1CC2C(CCC3(C2CCC3(C(=O)C)O)C)C4(C1=CC(=O)CC4)C,0.0,unreported_twosides_sampled,4.2483545e-18,0.0919921710556056,0.0919921710556056,fitted,platt_logistic_regression,0.48023811648639086,0
CC1=CC2C(CCC3(C2CCC3(C(=O)C)O)C)C4(C1=CC(=O)CC4)C,CCCCCC(C=CC1C(CC(=O)C1CCCCCCC(=O)O)O)O,0.0,unreported_twosides_sampled,4.2483545e-18,0.0919921710556056,0.0919921710556056,fitted,platt_logistic_regression,0.48023811648639086,0
CC12CC(C3(C(C1CC(C2(C(=O)CO)O)O)CCC4=CC(=O)C=CC43C)F)O,CN(C)CCCN1C2=CC=CC=C2CCC3=CC=CC=C31,1.0,reported_twosides,4.2483545e-18,0.0919921710556056,0.0919921710556056,fitted,platt_logistic_regression,0.48023811648639086,0
CC12CC(=O)C3C(C1CCC2(C(=O)CO)O)CCC4=CC(=O)C=CC34C,CC12CC(C3(C(C1CC(C2(C(=O)CO)O)O)CCC4=CC(=O)C=CC43C)F)O,1.0,reported_twosides,0.9663635,0.6093301322778829,0.6093301322778829,fitted,platt_logistic_regression,0.48023811648639086,1
CC12CC(=O)C3C(C1CCC2(C(=O)CO)O)CCC4=CC(=O)C=CC34C,CCCNC1CCC2=C(C1)SC(=N2)N,1.0,reported_twosides,4.2483545e-18,0.0919921710556056,0.0919921710556056,fitted,platt_logistic_regression,0.48023811648639086,0
CC1CCC2CC(C(=CC=CC=CC(CC(C(=O)C(C(C(=CC(C(=O)CC(OC(=O)C3CCCCN3C(=O)C(=O)C1(O2)O)C(C)CC4CCC(C(C4)OC)O)C)C)O)OC)C)C)C)OC,CN1CC(=O)N2C(C1=O)CC3=C(C2C4=CC5=C(C=C4)OCO5)NC6=CC=CC=C36,1.0,reported_twosides,0.48931736,0.47579503784106286,0.47579503784106286,fitted,platt_logistic_regression,0.48023811648639086,0
CC1=C(C(=CC=C1)NC2=CC=CC=C2C(=O)O)C,CCC1=C(C(=NC(=N1)N)N)C2=CC=C(C=C2)Cl,0.0,unreported_twosides_sampled,4.2483545e-18,0.0919921710556056,0.0919921710556056,fitted,platt_logistic_regression,0.48023811648639086,0
C1=CC=C2C(=C1)C(=O)NC2(C3=CC(=C(C=C3)Cl)S(=O)(=O)N)O,CCC(C)C1C(CCC2(O1)CC3CC(O2)CC=C(C(C(C=CC=C4COC5C4(C(C=C(C5O)C)C(=O)O3)O)C)OC6CC(C(C(O6)C)OC7CC(C(C(O7)C)O)OC)OC)C)C.CC1CCC2(CC3CC(O2)CC=C(C(C(C=CC=C4COC5C4(C(C=C(C5O)C)C(=O)O3)O)C)OC6CC(C(C(O6)C)OC7CC(C(C(O7)C)O)OC)OC)C)OC1C(C)C,0.0,unreported_twosides_sampled,1.0,0.891810177985089,0.891810177985089,fitted,platt_logistic_regression,0.48023811648639086,1
CC1CC2C(CCC3(C2CCC3(C(=O)C)O)C)C4(C1=CC(=O)CC4)C,CCOC1=NC2=CC=CC(=C2N1CC3=CC=C(C=C3)C4=CC=CC=C4C5=NNN=N5)C(=O)O,1.0,reported_twosides,1.9902403e-15,0.0919921710556056,0.0919921710556056,fitted,platt_logistic_regression,0.48023811648639086,0
CC(C)(CC1=CC=CC=C1)N,CN(C)CCC1=CNC2=C1C=C(C=C2)CC3COC(=O)N3,0.0,unreported_twosides_sampled,0.0065463902,0.2911824475493846,0.2911824475493846,fitted,platt_logistic_regression,0.48023811648639086,0
CCCNC1CCC2=C(C1)SC(=N2)N,CN(C)CCC=C1C2=CC=CC=C2C=CC3=CC=CC=C31,1.0,reported_twosides,4.2483545e-18,0.0919921710556056,0.0919921710556056,fitted,platt_logistic_regression,0.48023811648639086,0
CC12CC(C3(C(C1CC(C2(C(=O)CO)O)O)CCC4=CC(=O)C=CC43C)F)O,CC1=CC(=CC=C1)NC2=C(C=NC=C2)S(=O)(=O)NC(=O)NC(C)C,1.0,reported_twosides,4.2483545e-18,0.0919921710556056,0.0919921710556056,fitted,platt_logistic_regression,0.48023811648639086,0
C1=CC(=C(C=C1Cl)Cl)C(CN2C=CN=C2)OCC3=C(SC=C3)Cl,CCN(CC)CCOC(=O)C1(CCCCC1)C2CCCCC2,0.0,unreported_twosides_sampled,4.2483545e-18,0.0919921710556056,0.0919921710556056,fitted,platt_logistic_regression,0.48023811648639086,0
C1CC(=O)NC(=O)C1N2C(=O)C3=CC=CC=C3C2=O,CC1(OC2CC3C4CCC5=CC(=O)C=CC5(C4C(CC3(C2(O1)C(=O)CO)C)O)C)C,0.0,unreported_twosides_sampled,3.972648e-11,0.0919921710556056,0.0919921710556056,fitted,platt_logistic_regression,0.48023811648639086,0
C(N)(N)(Cl)Cl,CC1=C(C(=CC=C1)NC2=CC=CC=C2C(=O)O)C,1.0,reported_twosides,4.2483545e-18,0.0919921710556056,0.0919921710556056,fitted,platt_logistic_regression,0.48023811648639086,0
CCC(=O)OC(C(C)C)OP(=O)(CCCCC1=CC=CC=C1)CC(=O)N2CC(CC2C(=O)[O-])C3CCCCC3,CCCC(CCC)C(=O)O,1.0,reported_twosides,4.2483545e-18,0.0919921710556056,0.0919921710556056,fitted,platt_logistic_regression,0.48023811648639086,0
CC1=CC(=CC=C1)CN2CCN(CC2)C(C3=CC=CC=C3)C4=CC=C(C=C4)Cl,CS(=O)(=O)C1=CC=C(C=C1)C2=C(C(=O)OC2)C3=CC=CC=C3,1.0,reported_twosides,7.3516007e-09,0.0919921710556056,0.0919921710556056,fitted,platt_logistic_regression,0.48023811648639086,0
CC(CC1=CC(=C(C=C1)O)O)(C(=O)O)N,CN1CCN(CC1)CCCN2C3=CC=CC=C3SC4=C2C=C(C=C4)Cl,1.0,reported_twosides,2.3386619e-07,0.0919921710556056,0.0919921710556056,fitted,platt_logistic_regression,0.48023811648639086,0
CC1(OC2CC3C4CC(C5=CC(=O)C=CC5(C4C(CC3(C2(O1)C(=O)CO)C)O)C)F)C,CC1NC2=CC(=C(C=C2C(=O)N1C3=CC=CC=C3C)S(=O)(=O)N)Cl,0.0,unreported_twosides_sampled,1.0,0.891810177985089,0.891810177985089,fitted,platt_logistic_regression,0.48023811648639086,1
C(C(CO[N+](=O)[O-])O[N+](=O)[O-])O[N+](=O)[O-],CC(=O)SC1CC2=CC(=O)CCC2(C3C1C4CCC5(C4(CC3)C)CCC(=O)O5)C,1.0,reported_twosides,1.0,0.891810177985089,0.891810177985089,fitted,platt_logistic_regression,0.48023811648639086,1
CC1(C(N2C(S1)C(C2=O)NC(=O)CC3=CC=CC=C3)C(=O)O)C,CCCCC1=C(C2=CC=CC=C2O1)C(=O)C3=CC(=C(C(=C3)I)OCC[NH+](CC)CC)I,0.0,unreported_twosides_sampled,4.2483545e-18,0.0919921710556056,0.0919921710556056,fitted,platt_logistic_regression,0.48023811648639086,0
C1=CC(=C(C=C1Cl)Cl)C(CN2C=CN=C2)OCC3=C(SC=C3)Cl,CN(C)CCC=C1C2=CC=CC=C2C=CC3=CC=CC=C31,0.0,unreported_twosides_sampled,0.8292262,0.5402804900106151,0.5402804900106151,fitted,platt_logistic_regression,0.48023811648639086,1
C1=CC=C(C=C1)CCNN,CCOC1=CC=CC=C1OCCNC(C)CC2=CC(=C(C=C2)OC)S(=O)(=O)N,0.0,unreported_twosides_sampled,1.3306688e-17,0.0919921710556056,0.0919921710556056,fitted,platt_logistic_regression,0.48023811648639086,0
CCCC(CCC)C(=O)O,S=[Se],0.0,unreported_twosides_sampled,1.2676043e-16,0.0919921710556056,0.0919921710556056,fitted,platt_logistic_regression,0.48023811648639086,0
CC(C(=O)C1=CC(=CC=C1)Cl)NC(C)(C)C,CN1CCN(CC1)CCCN2C3=CC=CC=C3SC4=C2C=C(C=C4)Cl,1.0,reported_twosides,4.2483545e-18,0.0919921710556056,0.0919921710556056,fitted,platt_logistic_regression,0.48023811648639086,0
CC1=CC2=C(NC3=CC=CC=C3N=C2S1)N4CCN(CC4)C,CN1CCC2=C3C1CC4=C(C3=CC=C2)C(=C(C=C4)O)O,0.0,unreported_twosides_sampled,4.2483545e-18,0.0919921710556056,0.0919921710556056,fitted,platt_logistic_regression,0.48023811648639086,0
C(C(CO[N+](=O)[O-])O[N+](=O)[O-])O[N+](=O)[O-],CCCCN1CCCCC1C(=O)NC2=C(C=CC=C2C)C,1.0,reported_twosides,4.2483545e-18,0.0919921710556056,0.0919921710556056,fitted,platt_logistic_regression,0.48023811648639086,0
CC1CCC2CC(C(=CC=CC=CC(CC(C(=O)C(C(C(=CC(C(=O)CC(OC(=O)C3CCCCN3C(=O)C(=O)C1(O2)O)C(C)CC4CCC(C(C4)OC)O)C)C)O)OC)C)C)C)OC,CCCC(=O)OC1(CCC2C1(CC(C3C2CCC4=CC(=O)CCC34C)O)C)C(=O)CO,0.0,unreported_twosides_sampled,3.8465045e-10,0.0919921710556056,0.0919921710556056,fitted,platt_logistic_regression,0.48023811648639086,0
CC12CCC3C(C1CCC2(C#C)O)CCC4=CC(=O)CCC34,CCCCN1CCCCC1C(=O)NC2=C(C=CC=C2C)C,0.0,unreported_twosides_sampled,4.2483545e-18,0.0919921710556056,0.0919921710556056,fitted,platt_logistic_regression,0.48023811648639086,0
CC1=C(C(=CC=C1)NC2=CC=CC=C2C(=O)O)C,CC1=CC(=CC=C1)CN2CCN(CC2)C(C3=CC=CC=C3)C4=CC=C(C=C4)Cl,0.0,unreported_twosides_sampled,4.2483545e-18,0.0919921710556056,0.0919921710556056,fitted,platt_logistic_regression,0.48023811648639086,0
CC(C)(C)NCC(C1=NC(=C(C=C1)O)CO)O,CC1=CC2=C(NC3=CC=CC=C3N=C2S1)N4CCN(CC4)C,1.0,reported_twosides,4.2483545e-18,0.0919921710556056,0.0919921710556056,fitted,platt_logistic_regression,0.48023811648639086,0
C1CN2C(=CC=C2C(=O)C3=CC=CC=C3)C1C(=O)O,CCCNC1CCC2=C(C1)SC(=N2)N,1.0,reported_twosides,4.2483545e-18,0.0919921710556056,0.0919921710556056,fitted,platt_logistic_regression,0.48023811648639086,0
CC1NC2=CC(=C(C=C2C(=O)N1C3=CC=CC=C3C)S(=O)(=O)N)Cl,CCCNC1CCC2=C(C1)SC(=N2)N,1.0,reported_twosides,4.2483545e-18,0.0919921710556056,0.0919921710556056,fitted,platt_logistic_regression,0.48023811648639086,0
CC(C)(C)NCC(C1=CC(=C(C=C1)O)CO)O,CCC(=C)C(=O)C1=C(C(=C(C=C1)OCC(=O)O)Cl)Cl,0.0,unreported_twosides_sampled,1.6687413e-06,0.09903198595221663,0.09903198595221663,fitted,platt_logistic_regression,0.48023811648639086,0
CC(CCC(=O)O)C1CCC2C1(CCC3C2C(CC4C3(CCC(C4)O)C)O)C,CC12CC(C3(C(C1CC(C2(C(=O)CO)O)O)CCC4=CC(=O)C=CC43C)F)O,1.0,reported_twosides,4.2483545e-18,0.0919921710556056,0.0919921710556056,fitted,platt_logistic_regression,0.48023811648639086,0
CC12CC(C3(C(C1CC(C2(C(=O)CO)O)O)CCC4=CC(=O)C=CC43C)F)O,COC1=C(C=C2C(=C1)CC(C2=O)CC3CCN(CC3)CC4=CC=CC=C4)OC,1.0,reported_twosides,4.2483545e-18,0.0919921710556056,0.0919921710556056,fitted,platt_logistic_regression,0.48023811648639086,0
CC1=C(N=CN1)CSCCNC(=NC)NC#N,CC1COC2=C3N1C=C(C(=O)C3=CC(=C2N4CCN(CC4)C)F)C(=O)O,1.0,reported_twosides,1.0,0.891810177985089,0.891810177985089,fitted,platt_logistic_regression,0.48023811648639086,1
CC1NC2=CC(=C(C=C2C(=O)N1C3=CC=CC=C3C)S(=O)(=O)N)Cl,CN1C(=NC(=O)C(=N1)[O-])SCC2=C(N3C(C(C3=O)NC(=O)C(=NOC)C4=CSC(=N4)N)SC2)C(=O)[O-],1.0,reported_twosides,1.0,0.891810177985089,0.891810177985089,fitted,platt_logistic_regression,0.48023811648639086,1
CC(=O)N(CC(CO)O)C1=C(C(=C(C(=C1I)C(=O)NCC(CO)O)I)C(=O)NCC(CO)O)I,CCCCC1=C(C2=CC=CC=C2O1)C(=O)C3=CC(=C(C(=C3)I)OCC[NH+](CC)CC)I,0.0,unreported_twosides_sampled,4.2483545e-18,0.0919921710556056,0.0919921710556056,fitted,platt_logistic_regression,0.48023811648639086,0
C1=CC=C(C=C1)C(C2=CC=CC=C2)(C3=CC=CC=C3Cl)N4C=CN=C4,CC(C(=O)C1=CC(=CC=C1)Cl)NC(C)(C)C,1.0,reported_twosides,0.01735934,0.32461363060188236,0.32461363060188236,fitted,platt_logistic_regression,0.48023811648639086,0
CC(=O)N(CC(CO)O)C1=C(C(=C(C(=C1I)C(=O)NCC(CO)O)I)C(=O)NCC(CO)O)I,CCCCN1CCCCC1C(=O)NC2=C(C=CC=C2C)C,0.0,unreported_twosides_sampled,4.2483545e-18,0.0919921710556056,0.0919921710556056,fitted,platt_logistic_regression,0.48023811648639086,0
C(N)(N)(Cl)Cl,CC1COC2=C3N1C=C(C(=O)C3=CC(=C2N4CCN(CC4)C)F)C(=O)O,1.0,reported_twosides,6.2434547e-06,0.11941677763132506,0.11941677763132506,fitted,platt_logistic_regression,0.48023811648639086,0
CC(C1=CC(=C(C=C1)C2=CC=CC=C2)F)C(=O)O,CCCC(CCC)C(=O)O,0.0,unreported_twosides_sampled,2.545607e-13,0.0919921710556056,0.0919921710556056,fitted,platt_logistic_regression,0.48023811648639086,0
CC1(OC2CC3C4CC(C5=CC(=O)C=CC5(C4C(CC3(C2(O1)C(=O)CO)C)O)C)F)C,CN(C)CCC=C1C2=CC=CC=C2C=CC3=CC=CC=C31,1.0,reported_twosides,0.00019827152,0.19040251292789714,0.19040251292789714,fitted,platt_logistic_regression,0.48023811648639086,0
CC1(OC2CC3C4CC(C5=CC(=O)C=CC5(C4C(CC3(C2(O1)C(=O)CO)C)O)C)F)C,CC1C=CC=CCCC=CC=CC=CC=CC(CC(C(C(CC(=O)CC(C(CCC(CC(CC(CC(=O)OC(C(C1O)C)C)O)O)O)O)O)O)C(=O)O)O)OC2C(C(C(C(O2)C)O)N)O,0.0,unreported_twosides_sampled,3.435908e-08,0.0919921710556056,0.0919921710556056,fitted,platt_logistic_regression,0.48023811648639086,0
C(C(CO[N+](=O)[O-])O[N+](=O)[O-])O[N+](=O)[O-],CN(C)CCC=C1C2=CC=CC=C2COC3=C1C=C(C=C3)CC(=O)O,1.0,reported_twosides,1.0,0.891810177985089,0.891810177985089,fitted,platt_logistic_regression,0.48023811648639086,1
CC1=CC2C(CCC3(C2CCC3(C(=O)C)O)C)C4(C1=CC(=O)CC4)C,CN1CCC2=C3C1CC4=C(C3=CC=C2)C(=C(C=C4)O)O,0.0,unreported_twosides_sampled,4.2483545e-18,0.0919921710556056,0.0919921710556056,fitted,platt_logistic_regression,0.48023811648639086,0
C(C(CO[N+](=O)[O-])O[N+](=O)[O-])O[N+](=O)[O-],CCN(CCCC(C)NC1=C2C=CC(=CC2=NC=C1)Cl)CCO,1.0,reported_twosides,4.2483545e-18,0.0919921710556056,0.0919921710556056,fitted,platt_logistic_regression,0.48023811648639086,0
CC(C1=CC(=C(C=C1)C2=CC=CC=C2)F)C(=O)O,CC1=C(C(=CC=C1)NC2=CC=CC=C2C(=O)O)C,0.0,unreported_twosides_sampled,9.0715045e-17,0.0919921710556056,0.0919921710556056,fitted,platt_logistic_regression,0.48023811648639086,0
CC1=CC(=CC=C1)CN2CCN(CC2)C(C3=CC=CC=C3)C4=CC=C(C=C4)Cl,CN1CCN(CC1)CCCN2C3=CC=CC=C3SC4=C2C=C(C=C4)Cl,1.0,reported_twosides,7.750991e-12,0.0919921710556056,0.0919921710556056,fitted,platt_logistic_regression,0.48023811648639086,0
CCCCN1CCCCC1C(=O)NC2=C(C=CC=C2C)C,CN(C)CCC1=CNC2=C1C=C(C=C2)CC3COC(=O)N3,0.0,unreported_twosides_sampled,4.2483545e-18,0.0919921710556056,0.0919921710556056,fitted,platt_logistic_regression,0.48023811648639086,0
C(OC(C(F)(F)F)C(F)(F)F)F,CCCCCCCCCCCC(CC1C(C(=O)O1)CCCCCC)OC(=O)C(CC(C)C)NC=O,0.0,unreported_twosides_sampled,4.2483545e-18,0.0919921710556056,0.0919921710556056,fitted,platt_logistic_regression,0.48023811648639086,0
CC(C)(C)NCC(C1=NC(=C(C=C1)O)CO)O,CC1=C2C(=NC=C1)N(C3=C(C=CC=N3)C(=O)N2)C4CC4,0.0,unreported_twosides_sampled,0.99999976,0.891810177985089,0.891810177985089,fitted,platt_logistic_regression,0.48023811648639086,1
CC(=O)SC1CC2=CC(=O)CCC2(C3C1C4CCC5(C4(CC3)C)CCC(=O)O5)C,CC1=CC2C(CCC3(C2CCC3(C(=O)C)O)C)C4(C1=CC(=O)CC4)C,1.0,reported_twosides,0.8767021,0.5553208971134611,0.5553208971134611,fitted,platt_logistic_regression,0.48023811648639086,1
C1=CC(=C(C=C1Cl)Cl)C(CN2C=CN=C2)OCC3=C(SC=C3)Cl,CC1(OC2CC3C4CC(C5=CC(=O)C=CC5(C4C(CC3(C2(O1)C(=O)CO)C)O)C)F)C,0.0,unreported_twosides_sampled,4.2483545e-18,0.0919921710556056,0.0919921710556056,fitted,platt_logistic_regression,0.48023811648639086,0
CC(C(=O)C1=CC(=CC=C1)Cl)NC(C)(C)C,CC1=CC2=C(NC3=CC=CC=C3N=C2S1)N4CCN(CC4)C,1.0,reported_twosides,4.2483545e-18,0.0919921710556056,0.0919921710556056,fitted,platt_logistic_regression,0.48023811648639086,0
CCCC(CCC)C(=O)O,CN1CCN(CC1)CCCN2C3=CC=CC=C3SC4=C2C=C(C=C4)Cl,1.0,reported_twosides,4.2483545e-18,0.0919921710556056,0.0919921710556056,fitted,platt_logistic_regression,0.48023811648639086,0
CC(=O)SC1CC2=CC(=O)CCC2(C3C1C4CCC5(C4(CC3)C)CCC(=O)O5)C,CC(C)(C)NCC(C1=CC(=C(C=C1)O)CO)O,1.0,reported_twosides,1.0,0.891810177985089,0.891810177985089,fitted,platt_logistic_regression,0.48023811648639086,1
CC1=NN=C(S1)SCC2=C(N3C(C(C3=O)NC(=O)CN4C=NN=N4)SC2)C(=O)[O-],COC1=C(C=C2C(=C1)CC(C2=O)CC3CCN(CC3)CC4=CC=CC=C4)OC,0.0,unreported_twosides_sampled,8.811145e-12,0.0919921710556056,0.0919921710556056,fitted,platt_logistic_regression,0.48023811648639086,0
CC1=CC2C(CCC3(C2CCC3(C(=O)C)O)C)C4(C1=CC(=O)CC4)C,CC1NC2=CC(=C(C=C2C(=O)N1C3=CC=CC=C3C)S(=O)(=O)N)Cl,1.0,reported_twosides,0.7051088,0.5121705886262083,0.5121705886262083,fitted,platt_logistic_regression,0.48023811648639086,1
CC1CCC2CC(C(=CC=CC=CC(CC(C(=O)C(C(C(=CC(C(=O)CC(OC(=O)C3CCCCN3C(=O)C(=O)C1(O2)O)C(C)CC4CCC(C(C4)OC)O)C)C)O)OC)C)C)C)OC,CCCC1=NN(C2=C1NC(=NC2=O)C3=C(C=CC(=C3)S(=O)(=O)N4CCN(CC4)C)OCC)C,1.0,reported_twosides,4.2483545e-18,0.0919921710556056,0.0919921710556056,fitted,platt_logistic_regression,0.48023811648639086,0
CC1=C(C(CCC1)(C)C)C=CC(=CC=CC(=CCO)C)C,CN1CC(=O)N2C(C1=O)CC3=C(C2C4=CC5=C(C=C4)OCO5)NC6=CC=CC=C36,0.0,unreported_twosides_sampled,1.0,0.891810177985089,0.891810177985089,fitted,platt_logistic_regression,0.48023811648639086,1
CC(C)(C)NCC(C1=CC(=C(C=C1)O)CO)O,CC1CC2C(CCC3(C2CCC3(C(=O)C)O)C)C4(C1=CC(=O)CC4)C,1.0,reported_twosides,4.2483545e-18,0.0919921710556056,0.0919921710556056,fitted,platt_logistic_regression,0.48023811648639086,0
C1CC(C1)(C(=O)O)C(=O)O.N.N.[Pt],CCN(CCCC(C)NC1=C2C=CC(=CC2=NC=C1)Cl)CCO,1.0,reported_twosides,4.2483545e-18,0.0919921710556056,0.0919921710556056,fitted,platt_logistic_regression,0.48023811648639086,0
C1=CN(C(=O)N=C1N)C2C(C(C(O2)CO)O)O,CC1NC2=CC(=C(C=C2C(=O)N1C3=CC=CC=C3C)S(=O)(=O)N)Cl,0.0,unreported_twosides_sampled,1.0,0.891810177985089,0.891810177985089,fitted,platt_logistic_regression,0.48023811648639086,1
C1C2=C(C=CC(=C2Cl)Cl)NC3=NC(=O)CN31,CCP(CC)CC.CC(=O)OCC1C(C(C(C(O1)[S-])OC(=O)C)OC(=O)C)OC(=O)C.[Au+],0.0,unreported_twosides_sampled,1.0,0.891810177985089,0.891810177985089,fitted,platt_logistic_regression,0.48023811648639086,1
C1CC(C1)(C(=O)O)C(=O)O.N.N.[Pt],CC1=CC(=CC=C1)CN2CCN(CC2)C(C3=CC=CC=C3)C4=CC=C(C=C4)Cl,0.0,unreported_twosides_sampled,4.2483545e-18,0.0919921710556056,0.0919921710556056,fitted,platt_logistic_regression,0.48023811648639086,0
C(N)(N)(Cl)Cl,CCCNC(=O)NS(=O)(=O)C1=CC=C(C=C1)Cl,0.0,unreported_twosides_sampled,4.2483545e-18,0.0919921710556056,0.0919921710556056,fitted,platt_logistic_regression,0.48023811648639086,0
CCCC(CCC)C(=O)O,CNS(=O)(=O)CCC1=CC2=C(C=C1)NC=C2C3CCN(CC3)C,1.0,reported_twosides,4.2483545e-18,0.0919921710556056,0.0919921710556056,fitted,platt_logistic_regression,0.48023811648639086,0
CC1=CC(=CC=C1)CN2CCN(CC2)C(C3=CC=CC=C3)C4=CC=C(C=C4)Cl,CN(C)CCC=C1C2=CC=CC=C2C=CC3=CC=CC=C31,1.0,reported_twosides,0.00033318825,0.20347127851106883,0.20347127851106883,fitted,platt_logistic_regression,0.48023811648639086,0
C1=CN(C(=O)N=C1N)C2C(C(C(O2)CO)O)O,CC1=CC(=CC=C1)CN2CCN(CC2)C(C3=CC=CC=C3)C4=CC=C(C=C4)Cl,0.0,unreported_twosides_sampled,8.271771e-18,0.0919921710556056,0.0919921710556056,fitted,platt_logistic_regression,0.48023811648639086,0
CC(C)C(CC1=CC(=C(C=C1)OC)OCCCOC)CC(C(CC(C(C)C)C(=O)NCC(C)(C)C(=O)N)O)N,CC1C(C(=O)N1S(=O)(=O)O)NC(=O)C(=NOC(C)(C)C(=O)O)C2=CSC(=N2)N,0.0,unreported_twosides_sampled,3.4687273e-05,0.15123412487215732,0.15123412487215732,fitted,platt_logistic_regression,0.48023811648639086,0
CN(C)CCC1=CNC2=C1C=C(C=C2)CC3COC(=O)N3,CN1C=NC(=C1SC2=NC=NC3=C2NC=N3)[N+](=O)[O-],0.0,unreported_twosides_sampled,4.4195923e-12,0.0919921710556056,0.0919921710556056,fitted,platt_logistic_regression,0.48023811648639086,0
CC1CC2C(CCC3(C2CCC3(C(=O)C)O)C)C4(C1=CC(=O)CC4)C,CCN(CC)CC(=O)NC1=C(C=CC=C1C)C,1.0,reported_twosides,4.2483545e-18,0.0919921710556056,0.0919921710556056,fitted,platt_logistic_regression,0.48023811648639086,0
CCC(=C)C(=O)C1=C(C(=C(C=C1)OCC(=O)O)Cl)Cl,CCCN(CCC)S(=O)(=O)C1=CC=C(C=C1)C(=O)O,0.0,unreported_twosides_sampled,0.0053542107,0.2845824117175517,0.2845824117175517,fitted,platt_logistic_regression,0.48023811648639086,0
C1=CC=C2C(=C1)C(=O)NC2(C3=CC(=C(C=C3)Cl)S(=O)(=O)N)O,C1CC(=O)NC(=O)C1N2C(=O)C3=CC=CC=C3C2=O,1.0,reported_twosides,1.0,0.891810177985089,0.891810177985089,fitted,platt_logistic_regression,0.48023811648639086,1
C1CN=C(N1)NC2=C(C3=NC=CN=C3C=C2)Br,CC12CC(=O)C3C(C1CCC2(C(=O)CO)O)CCC4=CC(=O)C=CC34C,1.0,reported_twosides,0.931148,0.5804311348059661,0.5804311348059661,fitted,platt_logistic_regression,0.48023811648639086,1
CC(CCC(=O)O)C1CCC2C1(CCC3C2C(CC4C3(CCC(C4)O)C)O)C,CCC(CC)OC1C=C(CC(C1NC(=O)C)N)C(=O)OCC,1.0,reported_twosides,4.2483545e-18,0.0919921710556056,0.0919921710556056,fitted,platt_logistic_regression,0.48023811648639086,0
CCC1=C(C(=NC(=N1)N)N)C2=CC=C(C=C2)Cl,CCN(CC)CCOC(=O)C1(CCCCC1)C2CCCCC2,0.0,unreported_twosides_sampled,3.5737838e-14,0.0919921710556056,0.0919921710556056,fitted,platt_logistic_regression,0.48023811648639086,0
CC1(C(N2C(S1)C(C2=O)NC(=O)CC3=CC=CC=C3)C(=O)O)C,CC1=CC2=C(NC3=CC=CC=C3N=C2S1)N4CCN(CC4)C,0.0,unreported_twosides_sampled,8.957455e-06,0.1255929457774404,0.1255929457774404,fitted,platt_logistic_regression,0.48023811648639086,0
CC1=CC2=C(C=C1C(=C)C3=CC=C(C=C3)C(=O)O)C(CCC2(C)C)(C)C,CCCCN1CCCCC1C(=O)NC2=C(C=CC=C2C)C,0.0,unreported_twosides_sampled,4.2483545e-18,0.0919921710556056,0.0919921710556056,fitted,platt_logistic_regression,0.48023811648639086,0
CCC(=O)OC(C(C)C)OP(=O)(CCCCC1=CC=CC=C1)CC(=O)N2CC(CC2C(=O)[O-])C3CCCCC3,CCN(CCCC(C)NC1=C2C=CC(=CC2=NC=C1)Cl)CCO,1.0,reported_twosides,4.2483545e-18,0.0919921710556056,0.0919921710556056,fitted,platt_logistic_regression,0.48023811648639086,0
CC12CCC3C(C1CCC2(C#C)O)CCC4=CC(=O)CCC34,CCP(CC)CC.CC(=O)OCC1C(C(C(C(O1)[S-])OC(=O)C)OC(=O)C)OC(=O)C.[Au+],0.0,unreported_twosides_sampled,4.9625437e-09,0.0919921710556056,0.0919921710556056,fitted,platt_logistic_regression,0.48023811648639086,0
C1=CC(=C(C=C1Cl)Cl)C(CN2C=CN=C2)OCC3=C(SC=C3)Cl,CC1COC2=C3N1C=C(C(=O)C3=CC(=C2N4CCN(CC4)C)F)C(=O)O,0.0,unreported_twosides_sampled,0.98968494,0.6539554577224358,0.6539554577224358,fitted,platt_logistic_regression,0.48023811648639086,1
CC(CC1=CC(=C(C=C1)O)O)(C(=O)O)N,CCN(CC)CCOC(=O)C1(CCCCC1)C2CCCCC2,0.0,unreported_twosides_sampled,2.4895971e-15,0.0919921710556056,0.0919921710556056,fitted,platt_logistic_regression,0.48023811648639086,0
CC1=NC=C(N1CCO)[N+](=O)[O-],CN1C(=NC(=O)C(=N1)[O-])SCC2=C(N3C(C(C3=O)NC(=O)C(=NOC)C4=CSC(=N4)N)SC2)C(=O)[O-],1.0,reported_twosides,1.0,0.891810177985089,0.891810177985089,fitted,platt_logistic_regression,0.48023811648639086,1
C(N)(N)(Cl)Cl,CCCCCC(CCC1C(CC2C1CC3=C(C2)C(=CC=C3)OCC(=O)O)O)O,0.0,unreported_twosides_sampled,4.2483545e-18,0.0919921710556056,0.0919921710556056,fitted,platt_logistic_regression,0.48023811648639086,0
C1=CC(=C(C=C1Cl)Cl)C(CN2C=CN=C2)OCC3=C(SC=C3)Cl,CCCN(CCC)S(=O)(=O)C1=CC=C(C=C1)C(=O)O,0.0,unreported_twosides_sampled,1.926931e-17,0.0919921710556056,0.0919921710556056,fitted,platt_logistic_regression,0.48023811648639086,0
CCOC1=NC2=CC=CC(=C2N1CC3=CC=C(C=C3)C4=CC=CC=C4C5=NNN=N5)C(=O)O,COC1=C(C=C2C(=C1)CC(C2=O)CC3CCN(CC3)CC4=CC=CC=C4)OC,1.0,reported_twosides,6.9815775e-07,0.0919921710556056,0.0919921710556056,fitted,platt_logistic_regression,0.48023811648639086,0
C(N)(N)(Cl)Cl,CC1=CC2=C(C=C1C)N(C=N2)C3C(C(C(O3)CO)OP(=O)([O-])OC(C)CNC(=O)CCC4(C(C5C6(C(C(C(=N6)C(=C7C(C(C(=N7)C=C8C(C(C(=N8)C(=C4[N-]5)C)CCC(=O)N)(C)C)CCC(=O)N)(C)CC(=O)N)C)CCC(=O)N)(C)CC(=O)N)C)CC(=O)N)C)O.O.[Co],0.0,unreported_twosides_sampled,4.2483545e-18,0.0919921710556056,0.0919921710556056,fitted,platt_logistic_regression,0.48023811648639086,0
CC(=O)OC1C(CC2C1(CCC3C2CCC4C3(CC(C(C4)O)N5CCOCC5)C)C)[N+]6(CCCC6)CC=C,CC1=NN=C(S1)SCC2=C(N3C(C(C3=O)NC(=O)CN4C=NN=N4)SC2)C(=O)[O-],1.0,reported_twosides,0.030610096,0.34520391255112537,0.34520391255112537,fitted,platt_logistic_regression,0.48023811648639086,0
CCC(CC)OC1C=C(CC(C1NC(=O)C)N)C(=O)OCC,CN1CC(=O)N2C(C1=O)CC3=C(C2C4=CC5=C(C=C4)OCO5)NC6=CC=CC=C36,0.0,unreported_twosides_sampled,5.1070815e-06,0.11609410459895904,0.11609410459895904,fitted,platt_logistic_regression,0.48023811648639086,0
C1CN2C(=CC=C2C(=O)C3=CC=CC=C3)C1C(=O)O,CCCCCCCCCCCC(CC1C(C(=O)O1)CCCCCC)OC(=O)C(CC(C)C)NC=O,1.0,reported_twosides,4.2483545e-18,0.0919921710556056,0.0919921710556056,fitted,platt_logistic_regression,0.48023811648639086,0
CC(C)C1=NC(=CS1)CN(C)C(=O)NC(C(C)C)C(=O)NC(CC2=CC=CC=C2)CC(C(CC3=CC=CC=C3)NC(=O)OCC4=CN=CS4)O,CCN(CC)CCOC(=O)C1(CCCCC1)C2CCCCC2,0.0,unreported_twosides_sampled,4.5789627e-16,0.0919921710556056,0.0919921710556056,fitted,platt_logistic_regression,0.48023811648639086,0
CCCNC(=O)NS(=O)(=O)C1=CC=C(C=C1)Cl,CCOC1=NC2=CC=CC(=C2N1CC3=CC=C(C=C3)C4=CC=CC=C4C5=NNN=N5)C(=O)O,0.0,unreported_twosides_sampled,0.99999404,0.8611848392100147,0.8611848392100147,fitted,platt_logistic_regression,0.48023811648639086,1
C1=CN(C(=O)N=C1N)C2C(C(C(O2)CO)O)O,CN(C)C(=N)N=C(N)N,1.0,reported_twosides,6.4299843e-10,0.0919921710556056,0.0919921710556056,fitted,platt_logistic_regression,0.48023811648639086,0
CCN(CCCC(C)NC1=C2C=CC(=CC2=NC=C1)Cl)CCO,CCP(CC)CC.CC(=O)OCC1C(C(C(C(O1)[S-])OC(=O)C)OC(=O)C)OC(=O)C.[Au+],1.0,reported_twosides,4.2483545e-18,0.0919921710556056,0.0919921710556056,fitted,platt_logistic_regression,0.48023811648639086,0
CCCN(CCC)S(=O)(=O)C1=CC=C(C=C1)C(=O)O,CN1C(=NC(=O)C(=N1)[O-])SCC2=C(N3C(C(C3=O)NC(=O)C(=NOC)C4=CSC(=N4)N)SC2)C(=O)[O-],0.0,unreported_twosides_sampled,1.0,0.891810177985089,0.891810177985089,fitted,platt_logistic_regression,0.48023811648639086,1
C1=CC=C2C(=C1)C(=O)NC2(C3=CC(=C(C=C3)Cl)S(=O)(=O)N)O,CC1=C2C(=NC=C1)N(C3=C(C=CC=N3)C(=O)N2)C4CC4,0.0,unreported_twosides_sampled,1.0,0.891810177985089,0.891810177985089,fitted,platt_logistic_regression,0.48023811648639086,1
CC(=O)N(CCCCCNC(=O)CCC(=O)N(CCCCCNC(=O)CCC(=O)N(CCCCCN)O)O)O,CS(=O)(=O)C1=CC=C(C=C1)C2=C(C(=O)OC2)C3=CC=CC=C3,0.0,unreported_twosides_sampled,1.0,0.891810177985089,0.891810177985089,fitted,platt_logistic_regression,0.48023811648639086,1
C1=CC(=C(C=C1Cl)Cl)C(CN2C=CN=C2)OCC3=C(SC=C3)Cl,CCC1(CC(=O)NC1=O)C,0.0,unreported_twosides_sampled,4.2483545e-18,0.0919921710556056,0.0919921710556056,fitted,platt_logistic_regression,0.48023811648639086,0
CC1=C2C(=NC=C1)N(C3=C(C=CC=N3)C(=O)N2)C4CC4,CCC(CC)OC1C=C(CC(C1NC(=O)C)N)C(=O)OCC,0.0,unreported_twosides_sampled,1.0,0.891810177985089,0.891810177985089,fitted,platt_logistic_regression,0.48023811648639086,1
CCCCC(C)(CC=CC1C(CC(=O)C1CCCCCCC(=O)OC)O)O,CCCN(CCC)S(=O)(=O)C1=CC=C(C=C1)C(=O)O,0.0,unreported_twosides_sampled,9.1345254e-07,0.0919921710556056,0.0919921710556056,fitted,platt_logistic_regression,0.48023811648639086,0
CC(C)C1=NC(=CS1)CN(C)C(=O)NC(C(C)C)C(=O)NC(CC2=CC=CC=C2)CC(C(CC3=CC=CC=C3)NC(=O)OCC4=CN=CS4)O,CN(C)CCC=C1C2=CC=CC=C2COC3=C1C=C(C=C3)CC(=O)O,1.0,reported_twosides,1.0,0.891810177985089,0.891810177985089,fitted,platt_logistic_regression,0.48023811648639086,1
CC(C)(C)NCC(COC1=NSN=C1N2CCOCC2)O,CC12CC(C3(C(C1CC(C2(C(=O)CO)O)O)CCC4=CC(=O)C=CC43C)F)O,1.0,reported_twosides,4.2483545e-18,0.0919921710556056,0.0919921710556056,fitted,platt_logistic_regression,0.48023811648639086,0
CC(=O)N(CC(CO)O)C1=C(C(=C(C(=C1I)C(=O)NCC(CO)O)I)C(=O)NCC(CO)O)I,CCCNC1CCC2=C(C1)SC(=N2)N,0.0,unreported_twosides_sampled,4.2483545e-18,0.0919921710556056,0.0919921710556056,fitted,platt_logistic_regression,0.48023811648639086,0
CC1NC2=CC(=C(C=C2C(=O)N1C3=CC=CC=C3C)S(=O)(=O)N)Cl,CCOC1=NC2=CC=CC(=C2N1CC3=CC=C(C=C3)C4=CC=CC=C4C5=NNN=N5)C(=O)O,1.0,reported_twosides,1.0,0.891810177985089,0.891810177985089,fitted,platt_logistic_regression,0.48023811648639086,1
CC(C)C(CC1=CC(=C(C=C1)OC)OCCCOC)CC(C(CC(C(C)C)C(=O)NCC(C)(C)C(=O)N)O)N,CC1=CC2=C(C=C1C(=C)C3=CC=C(C=C3)C(=O)O)C(CCC2(C)C)(C)C,0.0,unreported_twosides_sampled,4.2483545e-18,0.0919921710556056,0.0919921710556056,fitted,platt_logistic_regression,0.48023811648639086,0
C1=CN(C(=O)N=C1N)C2C(C(C(O2)CO)O)O,CCCCC1=C(C2=CC=CC=C2O1)C(=O)C3=CC(=C(C(=C3)I)OCC[NH+](CC)CC)I,1.0,reported_twosides,4.2483545e-18,0.0919921710556056,0.0919921710556056,fitted,platt_logistic_regression,0.48023811648639086,0
CC1NC2=CC(=C(C=C2C(=O)N1C3=CC=CC=C3C)S(=O)(=O)N)Cl,CN1CCN(CC1)CCCN2C3=CC=CC=C3SC4=C2C=C(C=C4)Cl,1.0,reported_twosides,1.0,0.891810177985089,0.891810177985089,fitted,platt_logistic_regression,0.48023811648639086,1
CC(CC1=CC(=C(C=C1)O)O)(C(=O)O)N,CC1COC2=C3N1C=C(C(=O)C3=CC(=C2N4CCN(CC4)C)F)C(=O)O,1.0,reported_twosides,1.0,0.891810177985089,0.891810177985089,fitted,platt_logistic_regression,0.48023811648639086,1
C1=CC=C(C=C1)C(C2=CC=CC=C2)(C3=CC=CC=C3Cl)N4C=CN=C4,CC1C=CC=CCCC=CC=CC=CC=CC(CC(C(C(CC(=O)CC(C(CCC(CC(CC(CC(=O)OC(C(C1O)C)C)O)O)O)O)O)O)C(=O)O)O)OC2C(C(C(C(O2)C)O)N)O,1.0,reported_twosides,1.0,0.891810177985089,0.891810177985089,fitted,platt_logistic_regression,0.48023811648639086,1
CC1(OC2CC3C4CC(C5=CC(=O)C=CC5(C4C(CC3(C2(O1)C(=O)CO)C)O)C)F)C,CN1C=NC(=C1SC2=NC=NC3=C2NC=N3)[N+](=O)[O-],0.0,unreported_twosides_sampled,4.2483545e-18,0.0919921710556056,0.0919921710556056,fitted,platt_logistic_regression,0.48023811648639086,0
CC(CC1=CC(=C(C=C1)O)O)(C(=O)O)N,CCOC1=CC=CC=C1OCCNC(C)CC2=CC(=C(C=C2)OC)S(=O)(=O)N,0.0,unreported_twosides_sampled,3.5579233e-14,0.0919921710556056,0.0919921710556056,fitted,platt_logistic_regression,0.48023811648639086,0
CC12CCC3C(C1CCC2(C#C)O)CCC4=CC(=O)CCC34,CC1=NN=C(S1)SCC2=C(N3C(C(C3=O)NC(=O)CN4C=NN=N4)SC2)C(=O)[O-],0.0,unreported_twosides_sampled,1.0,0.891810177985089,0.891810177985089,fitted,platt_logistic_regression,0.48023811648639086,1
C(=O)([O-])[O-].C(=O)([O-])[O-].C(=O)([O-])[O-].O.[La+3].[La+3],CCCCC(C)(CC=CC1C(CC(=O)C1CCCCCCC(=O)OC)O)O,0.0,unreported_twosides_sampled,2.9217486e-05,0.14776047514398735,0.14776047514398735,fitted,platt_logistic_regression,0.48023811648639086,0
CCC1(CC(=O)NC1=O)C,CN1CCN(CC1)CCCN2C3=CC=CC=C3SC4=C2C=C(C=C4)Cl,0.0,unreported_twosides_sampled,4.2483545e-18,0.0919921710556056,0.0919921710556056,fitted,platt_logistic_regression,0.48023811648639086,0
CC1=C2C(=NC=C1)N(C3=C(C=CC=N3)C(=O)N2)C4CC4,CN1CC(=O)N2C(C1=O)CC3=C(C2C4=CC5=C(C=C4)OCO5)NC6=CC=CC=C36,0.0,unreported_twosides_sampled,1.0,0.891810177985089,0.891810177985089,fitted,platt_logistic_regression,0.48023811648639086,1
CCCC(=O)OC1(CCC2C1(CC(C3C2CCC4=CC(=O)CCC34C)O)C)C(=O)CO,CCN(CC)CC(=O)NC1=C(C=CC=C1C)C,1.0,reported_twosides,4.2483545e-18,0.0919921710556056,0.0919921710556056,fitted,platt_logistic_regression,0.48023811648639086,0
C(C(CO[N+](=O)[O-])O[N+](=O)[O-])O[N+](=O)[O-],CC(C)(C)NCC(COC1=NSN=C1N2CCOCC2)O,1.0,reported_twosides,4.2483545e-18,0.0919921710556056,0.0919921710556056,fitted,platt_logistic_regression,0.48023811648639086,0
CC1COC2=C3N1C=C(C(=O)C3=CC(=C2N4CCN(CC4)C)F)C(=O)O,CCC(=O)OC(C(C)C)OP(=O)(CCCCC1=CC=CC=C1)CC(=O)N2CC(CC2C(=O)[O-])C3CCCCC3,1.0,reported_twosides,2.6242718e-08,0.0919921710556056,0.0919921710556056,fitted,platt_logistic_regression,0.48023811648639086,0
CC(=O)OC1C(CC2C1(CCC3C2CCC4C3(CC(C(C4)O)N5CCOCC5)C)C)[N+]6(CCCC6)CC=C,CCCC1=NN(C2=C1NC(=NC2=O)C3=C(C=CC(=C3)S(=O)(=O)N4CCN(CC4)C)OCC)C,0.0,unreported_twosides_sampled,4.2483545e-18,0.0919921710556056,0.0919921710556056,fitted,platt_logistic_regression,0.48023811648639086,0
CC1=CC2=C(NC3=CC=CC=C3N=C2S1)N4CCN(CC4)C,CN(C)C(=N)N=C(N)N,1.0,reported_twosides,4.2483545e-18,0.0919921710556056,0.0919921710556056,fitted,platt_logistic_regression,0.48023811648639086,0
CCC1=C2C(=CC=C1)C3=C(N2)C(OCC3)(CC)CC(=O)O,CCCCCC(CCC1C(CC2C1CC3=C(C2)C(=CC=C3)OCC(=O)O)O)O,0.0,unreported_twosides_sampled,4.2483545e-18,0.0919921710556056,0.0919921710556056,fitted,platt_logistic_regression,0.48023811648639086,0
CC(CC1=CC=CC=C1)N(C)CC#C,CC1=C(N=CN1)CSCCNC(=NC)NC#N,0.0,unreported_twosides_sampled,1.0,0.891810177985089,0.891810177985089,fitted,platt_logistic_regression,0.48023811648639086,1
C1CC(C1)(C(=O)O)C(=O)O.N.N.[Pt],CCCC1=NN(C2=C1NC(=NC2=O)C3=C(C=CC(=C3)S(=O)(=O)N4CCN(CC4)C)OCC)C,1.0,reported_twosides,4.2483545e-18,0.0919921710556056,0.0919921710556056,fitted,platt_logistic_regression,0.48023811648639086,0
CC12CC(=O)C3C(C1CCC2(C(=O)CO)O)CCC4=CC(=O)C=CC34C,CC1=CC2C(CCC3(C2CCC3(C(=O)C)O)C)C4(C1=CC(=O)CC4)C,1.0,reported_twosides,1.8634983e-05,0.13896965004604597,0.13896965004604597,fitted,platt_logistic_regression,0.48023811648639086,0
CCCCN1CCCCC1C(=O)NC2=C(C=CC=C2C)C,CCOC1=CC=CC=C1OCCNC(C)CC2=CC(=C(C=C2)OC)S(=O)(=O)N,0.0,unreported_twosides_sampled,4.2483545e-18,0.0919921710556056,0.0919921710556056,fitted,platt_logistic_regression,0.48023811648639086,0
CC12CC(C3(C(C1CC(C2(C(=O)CO)O)O)CCC4=CC(=O)C=CC43C)F)O,CCCCC1=C(C2=CC=CC=C2O1)C(=O)C3=CC(=C(C(=C3)I)OCC[NH+](CC)CC)I,1.0,reported_twosides,4.2483545e-18,0.0919921710556056,0.0919921710556056,fitted,platt_logistic_regression,0.48023811648639086,0
CCCCCCCCCCCC(CC1C(C(=O)O1)CCCCCC)OC(=O)C(CC(C)C)NC=O,CN1CC(=O)N2C(C1=O)CC3=C(C2C4=CC5=C(C=C4)OCO5)NC6=CC=CC=C36,0.0,unreported_twosides_sampled,4.2483545e-18,0.0919921710556056,0.0919921710556056,fitted,platt_logistic_regression,0.48023811648639086,0
CC1(C(N2C(S1)C(C2=O)NC(=O)CC3=CC=CC=C3)C(=O)O)C,CC1CC2C(CCC3(C2CCC3(C(=O)C)O)C)C4(C1=CC(=O)CC4)C,0.0,unreported_twosides_sampled,4.2483545e-18,0.0919921710556056,0.0919921710556056,fitted,platt_logistic_regression,0.48023811648639086,0
CC(C)(C)C1=CC=C(C=C1)S(=O)(=O)NC2=C(C(=NC(=N2)C3=NC=CC=N3)OCCO)OC4=CC=CC=C4OC,CN1CC(=O)N2C(C1=O)CC3=C(C2C4=CC5=C(C=C4)OCO5)NC6=CC=CC=C36,1.0,reported_twosides,4.2483545e-18,0.0919921710556056,0.0919921710556056,fitted,platt_logistic_regression,0.48023811648639086,0
CC(C)(C)NCC(C1=CC(=C(C=C1)O)CO)O,CN(C)CCC1=CNC2=C1C=C(C=C2)CC3COC(=O)N3,1.0,reported_twosides,6.613501e-10,0.0919921710556056,0.0919921710556056,fitted,platt_logistic_regression,0.48023811648639086,0
CC1CCC2CC(C(=CC=CC=CC(CC(C(=O)C(C(C(=CC(C(=O)CC(OC(=O)C3CCCCN3C(=O)C(=O)C1(O2)O)C(C)CC4CCC(C(C4)OC)O)C)C)O)OC)C)C)C)OC,CN1C=NC(=C1SC2=NC=NC3=C2NC=N3)[N+](=O)[O-],1.0,reported_twosides,2.6413109e-15,0.0919921710556056,0.0919921710556056,fitted,platt_logistic_regression,0.48023811648639086,0
CCC1=C2C(=CC=C1)C3=C(N2)C(OCC3)(CC)CC(=O)O,CCOC1=CC=CC=C1OCCNC(C)CC2=CC(=C(C=C2)OC)S(=O)(=O)N,1.0,reported_twosides,4.2483545e-18,0.0919921710556056,0.0919921710556056,fitted,platt_logistic_regression,0.48023811648639086,0
C1CN2C(=CC=C2C(=O)C3=CC=CC=C3)C1C(=O)O,C1CN=C(N1)NC2=C(C3=NC=CN=C3C=C2)Br,1.0,reported_twosides,1.0,0.891810177985089,0.891810177985089,fitted,platt_logistic_regression,0.48023811648639086,1
C1CN2C(=CC=C2C(=O)C3=CC=CC=C3)C1C(=O)O,CCC(=C)C(=O)C1=C(C(=C(C=C1)OCC(=O)O)Cl)Cl,0.0,unreported_twosides_sampled,1.0,0.891810177985089,0.891810177985089,fitted,platt_logistic_regression,0.48023811648639086,1
C1=CC=C(C=C1)C(C2=CC=CC=C2)(C3=CC=CC=C3Cl)N4C=CN=C4,C1CC(=O)NC(=O)C1N2C(=O)C3=CC=CC=C3C2=O,1.0,reported_twosides,1.0,0.891810177985089,0.891810177985089,fitted,platt_logistic_regression,0.48023811648639086,1
CC(C)C1=NC(=CS1)CN(C)C(=O)NC(C(C)C)C(=O)NC(CC2=CC=CC=C2)CC(C(CC3=CC=CC=C3)NC(=O)OCC4=CN=CS4)O,CCCCN1CCCCC1C(=O)NC2=C(C=CC=C2C)C,0.0,unreported_twosides_sampled,4.2483545e-18,0.0919921710556056,0.0919921710556056,fitted,platt_logistic_regression,0.48023811648639086,0
CC(C)(C)NCC(COC1=NSN=C1N2CCOCC2)O,CC(C1=CC(=C(C=C1)C2=CC=CC=C2)F)C(=O)O,0.0,unreported_twosides_sampled,4.2483545e-18,0.0919921710556056,0.0919921710556056,fitted,platt_logistic_regression,0.48023811648639086,0
C1=CN(C(=O)N=C1N)C2C(C(C(O2)CO)O)O,CN(CCCNC(=O)C1CCCO1)C2=NC3=CC(=C(C=C3C(=N2)N)OC)OC,0.0,unreported_twosides_sampled,3.0210663e-07,0.0919921710556056,0.0919921710556056,fitted,platt_logistic_regression,0.48023811648639086,0
C(N)(N)(Cl)Cl,CC(C)(C)NCC(C1=CC(=C(C=C1)O)CO)O,1.0,reported_twosides,4.2483545e-18,0.0919921710556056,0.0919921710556056,fitted,platt_logistic_regression,0.48023811648639086,0
CC1=C2C(=NC=C1)N(C3=C(C=CC=N3)C(=O)N2)C4CC4,CCOC1=NC2=CC=CC(=C2N1CC3=CC=C(C=C3)C4=CC=CC=C4C5=NNN=N5)C(=O)O,0.0,unreported_twosides_sampled,1.0,0.891810177985089,0.891810177985089,fitted,platt_logistic_regression,0.48023811648639086,1
C1=CC(=C(C=C1Cl)Cl)C(CN2C=CN=C2)OCC3=C(SC=C3)Cl,CC(=O)OC1C(CC2C1(CCC3C2CCC4C3(CC(C(C4)O)N5CCOCC5)C)C)[N+]6(CCCC6)CC=C,0.0,unreported_twosides_sampled,4.2483545e-18,0.0919921710556056,0.0919921710556056,fitted,platt_logistic_regression,0.48023811648639086,0
C1CC(=O)NC(=O)C1N2C(=O)C3=CC=CC=C3C2=O,CCCCCCCCCCCC(CC1C(C(=O)O1)CCCCCC)OC(=O)C(CC(C)C)NC=O,0.0,unreported_twosides_sampled,4.2483545e-18,0.0919921710556056,0.0919921710556056,fitted,platt_logistic_regression,0.48023811648639086,0
C1CC(=O)NC(=O)C1N2C(=O)C3=CC=CC=C3C2=O,CC(=O)OC1C(CC2C1(CCC3C2CCC4C3(CC(C(C4)O)N5CCOCC5)C)C)[N+]6(CCCC6)CC=C,0.0,unreported_twosides_sampled,4.2483545e-18,0.0919921710556056,0.0919921710556056,fitted,platt_logistic_regression,0.48023811648639086,0
CCCNC1CCC2=C(C1)SC(=N2)N,CCOC1=CC=CC=C1OCCNC(C)CC2=CC(=C(C=C2)OC)S(=O)(=O)N,1.0,reported_twosides,4.2483545e-18,0.0919921710556056,0.0919921710556056,fitted,platt_logistic_regression,0.48023811648639086,0
C1CN(CCN1CCC2=C(C=C3C(=C2)CC(=O)N3)Cl)C4=NSC5=CC=CC=C54,CS(=O)(=O)C1=CC=C(C=C1)C2=C(C(=O)OC2)C3=CC=CC=C3,1.0,reported_twosides,1.0,0.891810177985089,0.891810177985089,fitted,platt_logistic_regression,0.48023811648639086,1
C1CCC(CC1)C(CCN2CCCCC2)(C3=CC=CC=C3)O,CC(=O)OC1C(CC2C1(CCC3C2CCC4C3(CC(C(C4)O)N5CCOCC5)C)C)[N+]6(CCCC6)CC=C,0.0,unreported_twosides_sampled,4.2483545e-18,0.0919921710556056,0.0919921710556056,fitted,platt_logistic_regression,0.48023811648639086,0
C1=CN(C(=O)N=C1N)C2C(C(C(O2)CO)O)O,CNS(=O)(=O)CCC1=CC2=C(C=C1)NC=C2C3CCN(CC3)C,0.0,unreported_twosides_sampled,6.3216144e-16,0.0919921710556056,0.0919921710556056,fitted,platt_logistic_regression,0.48023811648639086,0
CC1=CC2=C(C=C1C(=C)C3=CC=C(C=C3)C(=O)O)C(CCC2(C)C)(C)C,CS(=O)(=O)C1=CC=C(C=C1)C2=C(C(=O)OC2)C3=CC=CC=C3,0.0,unreported_twosides_sampled,0.07814075,0.38154786134378804,0.38154786134378804,fitted,platt_logistic_regression,0.48023811648639086,0
CC1=CC2C(CCC3(C2CCC3(C(=O)C)O)C)C4(C1=CC(=O)CC4)C,CN1C=NC(=C1SC2=NC=NC3=C2NC=N3)[N+](=O)[O-],0.0,unreported_twosides_sampled,4.2483545e-18,0.0919921710556056,0.0919921710556056,fitted,platt_logistic_regression,0.48023811648639086,0
C1CC(=O)NC(=O)C1N2C(=O)C3=CC=CC=C3C2=O,CCP(CC)CC.CC(=O)OCC1C(C(C(C(O1)[S-])OC(=O)C)OC(=O)C)OC(=O)C.[Au+],0.0,unreported_twosides_sampled,1.2919958e-10,0.0919921710556056,0.0919921710556056,fitted,platt_logistic_regression,0.48023811648639086,0
C1=CC=C(C=C1)CCNN,CC(=O)N(CCCCCNC(=O)CCC(=O)N(CCCCCNC(=O)CCC(=O)N(CCCCCN)O)O)O,0.0,unreported_twosides_sampled,1.0,0.891810177985089,0.891810177985089,fitted,platt_logistic_regression,0.48023811648639086,1
C1=CN(C(=O)N=C1N)C2C(C(C(O2)CO)O)O,CCCCCCCCCCCC(CC1C(C(=O)O1)CCCCCC)OC(=O)C(CC(C)C)NC=O,0.0,unreported_twosides_sampled,4.2483545e-18,0.0919921710556056,0.0919921710556056,fitted,platt_logistic_regression,0.48023811648639086,0
CCC(=O)OC(C(C)C)OP(=O)(CCCCC1=CC=CC=C1)CC(=O)N2CC(CC2C(=O)[O-])C3CCCCC3,CCC(CC)OC1C=C(CC(C1NC(=O)C)N)C(=O)OCC,0.0,unreported_twosides_sampled,4.2483545e-18,0.0919921710556056,0.0919921710556056,fitted,platt_logistic_regression,0.48023811648639086,0
C1CC(=O)NC(=O)C1N2C(=O)C3=CC=CC=C3C2=O,CC1NC2=CC(=C(C=C2C(=O)N1C3=CC=CC=C3C)S(=O)(=O)N)Cl,1.0,reported_twosides,1.0,0.891810177985089,0.891810177985089,fitted,platt_logistic_regression,0.48023811648639086,1
CC(=O)N(CC(CO)O)C1=C(C(=C(C(=C1I)C(=O)NCC(CO)O)I)C(=O)NCC(CO)O)I,CC1(OC2CC3C4CCC5=CC(=O)C=CC5(C4C(CC3(C2(O1)C(=O)CO)C)O)C)C,0.0,unreported_twosides_sampled,4.2483545e-18,0.0919921710556056,0.0919921710556056,fitted,platt_logistic_regression,0.48023811648639086,0
CC(C)C1=NC(=CS1)CN(C)C(=O)NC(C(C)C)C(=O)NC(CC2=CC=CC=C2)CC(C(CC3=CC=CC=C3)NC(=O)OCC4=CN=CS4)O,CCN(CCCC(C)NC1=C2C=CC(=CC2=NC=C1)Cl)CCO,0.0,unreported_twosides_sampled,4.2483545e-18,0.0919921710556056,0.0919921710556056,fitted,platt_logistic_regression,0.48023811648639086,0
CC(=O)OC1C(CC2C1(CCC3C2CCC4C3(CC(C(C4)O)N5CCOCC5)C)C)[N+]6(CCCC6)CC=C,CC(CCC(=O)O)C1CCC2C1(CCC3C2C(CC4C3(CCC(C4)O)C)O)C,0.0,unreported_twosides_sampled,4.2483545e-18,0.0919921710556056,0.0919921710556056,fitted,platt_logistic_regression,0.48023811648639086,0
CC1CC2C(CCC3(C2CCC3(C(=O)C)O)C)C4(C1=CC(=O)CC4)C,CC1COC2=C3N1C=C(C(=O)C3=CC(=C2N4CCN(CC4)C)F)C(=O)O,1.0,reported_twosides,4.2483545e-18,0.0919921710556056,0.0919921710556056,fitted,platt_logistic_regression,0.48023811648639086,0
CC12CCC3C(C1CCC2(C#C)O)CCC4=CC(=O)CCC34,CCCC(=O)OC1(CCC2C1(CC(C3C2CCC4=CC(=O)CCC34C)O)C)C(=O)CO,0.0,unreported_twosides_sampled,1.3514887e-11,0.0919921710556056,0.0919921710556056,fitted,platt_logistic_regression,0.48023811648639086,0
C1CC(=O)NC(=O)C1N2C(=O)C3=CC=CC=C3C2=O,CN(C)C(=N)N=C(N)N,1.0,reported_twosides,1.2376483e-11,0.0919921710556056,0.0919921710556056,fitted,platt_logistic_regression,0.48023811648639086,0
CC(C)(C)NCC(C1=CC(=C(C=C1)O)CO)O,CCP(CC)CC.CC(=O)OCC1C(C(C(C(O1)[S-])OC(=O)C)OC(=O)C)OC(=O)C.[Au+],1.0,reported_twosides,1.6805261e-13,0.0919921710556056,0.0919921710556056,fitted,platt_logistic_regression,0.48023811648639086,0
C1CN2C(=CC=C2C(=O)C3=CC=CC=C3)C1C(=O)O,CC1C(C(=O)N1S(=O)(=O)O)NC(=O)C(=NOC(C)(C)C(=O)O)C2=CSC(=N2)N,0.0,unreported_twosides_sampled,1.0,0.891810177985089,0.891810177985089,fitted,platt_logistic_regression,0.48023811648639086,1
C1=CC=C2C(=C1)C(=O)NC2(C3=CC(=C(C=C3)Cl)S(=O)(=O)N)O,CCC1=C(C(=NC(=N1)N)N)C2=CC=C(C=C2)Cl,0.0,unreported_twosides_sampled,1.0,0.891810177985089,0.891810177985089,fitted,platt_logistic_regression,0.48023811648639086,1
CC(C(=O)C1=CC(=CC=C1)Cl)NC(C)(C)C,CNS(=O)(=O)CCC1=CC2=C(C=C1)NC=C2C3CCN(CC3)C,1.0,reported_twosides,4.2483545e-18,0.0919921710556056,0.0919921710556056,fitted,platt_logistic_regression,0.48023811648639086,0
CC12CC(C3(C(C1CC(C2(C(=O)CO)O)O)CCC4=CC(=O)C=CC43C)F)O,CCCCCCCCCCCC(CC1C(C(=O)O1)CCCCCC)OC(=O)C(CC(C)C)NC=O,1.0,reported_twosides,4.2483545e-18,0.0919921710556056,0.0919921710556056,fitted,platt_logistic_regression,0.48023811648639086,0
CC1(OC2CC3C4CC(C5=CC(=O)C=CC5(C4C(CC3(C2(O1)C(=O)CO)C)O)C)F)C,S=[Se],0.0,unreported_twosides_sampled,1.9381223e-09,0.0919921710556056,0.0919921710556056,fitted,platt_logistic_regression,0.48023811648639086,0
CC1=CC(=CC=C1)NC2=C(C=NC=C2)S(=O)(=O)NC(=O)NC(C)C,CCCNC(=O)NS(=O)(=O)C1=CC=C(C=C1)Cl,0.0,unreported_twosides_sampled,4.2483545e-18,0.0919921710556056,0.0919921710556056,fitted,platt_logistic_regression,0.48023811648639086,0
CCCCC1=C(C2=CC=CC=C2O1)C(=O)C3=CC(=C(C(=C3)I)OCC[NH+](CC)CC)I,CCCNC(=O)NS(=O)(=O)C1=CC=C(C=C1)Cl,0.0,unreported_twosides_sampled,4.2483545e-18,0.0919921710556056,0.0919921710556056,fitted,platt_logistic_regression,0.48023811648639086,0
CCC(=O)OC(C(C)C)OP(=O)(CCCCC1=CC=CC=C1)CC(=O)N2CC(CC2C(=O)[O-])C3CCCCC3,CCCC1=NN(C2=C1NC(=NC2=O)C3=C(C=CC(=C3)S(=O)(=O)N4CCN(CC4)C)OCC)C,1.0,reported_twosides,4.2483545e-18,0.0919921710556056,0.0919921710556056,fitted,platt_logistic_regression,0.48023811648639086,0
CCCC(=O)OC1(CCC2C1(CC(C3C2CCC4=CC(=O)CCC34C)O)C)C(=O)CO,CS(=O)(=O)C1=CC=C(C=C1)C2=C(C(=O)OC2)C3=CC=CC=C3,1.0,reported_twosides,0.8433244,0.5443514021249642,0.5443514021249642,fitted,platt_logistic_regression,0.48023811648639086,1
CC1CC2C(CCC3(C2CCC3(C(=O)C)O)C)C4(C1=CC(=O)CC4)C,CCCCC1=C(C2=CC=CC=C2O1)C(=O)C3=CC(=C(C(=C3)I)OCC[NH+](CC)CC)I,0.0,unreported_twosides_sampled,4.2483545e-18,0.0919921710556056,0.0919921710556056,fitted,platt_logistic_regression,0.48023811648639086,0
CC1NC2=CC(=C(C=C2C(=O)N1C3=CC=CC=C3C)S(=O)(=O)N)Cl,CN(C)CCC=C1C2=CC=CC=C2COC3=C1C=C(C=C3)CC(=O)O,0.0,unreported_twosides_sampled,1.0,0.891810177985089,0.891810177985089,fitted,platt_logistic_regression,0.48023811648639086,1
CC1CCC2CC(C(=CC=CC=CC(CC(C(=O)C(C(C(=CC(C(=O)CC(OC(=O)C3CCCCN3C(=O)C(=O)C1(O2)O)C(C)CC4CCC(C(C4)OC)O)C)C)O)OC)C)C)C)OC,CCCNC(=O)NS(=O)(=O)C1=CC=C(C=C1)Cl,0.0,unreported_twosides_sampled,4.2483545e-18,0.0919921710556056,0.0919921710556056,fitted,platt_logistic_regression,0.48023811648639086,0
CC1=NN=C(S1)SCC2=C(N3C(C(C3=O)NC(=O)CN4C=NN=N4)SC2)C(=O)[O-],CCCCN1CCCCC1C(=O)NC2=C(C=CC=C2C)C,1.0,reported_twosides,1.8550015e-15,0.0919921710556056,0.0919921710556056,fitted,platt_logistic_regression,0.48023811648639086,0
CC(CC1=CC(=C(C=C1)O)O)(C(=O)O)N,CC12CC(=O)C3C(C1CCC2(C(=O)CO)O)CCC4=CC(=O)C=CC34C,1.0,reported_twosides,1.0,0.891810177985089,0.891810177985089,fitted,platt_logistic_regression,0.48023811648639086,1
CCCC1=NN(C2=C1NC(=NC2=O)C3=C(C=CC(=C3)S(=O)(=O)N4CCN(CC4)C)OCC)C,CN1CC(=O)N2C(C1=O)CC3=C(C2C4=CC5=C(C=C4)OCO5)NC6=CC=CC=C36,1.0,reported_twosides,0.0042893807,0.27741600058692956,0.27741600058692956,fitted,platt_logistic_regression,0.48023811648639086,0
CC1=NN=C(S1)SCC2=C(N3C(C(C3=O)NC(=O)CN4C=NN=N4)SC2)C(=O)[O-],CCCC(=O)OC1(CCC2C1(CC(C3C2CCC4=CC(=O)CCC34C)O)C)C(=O)CO,0.0,unreported_twosides_sampled,1.0,0.891810177985089,0.891810177985089,fitted,platt_logistic_regression,0.48023811648639086,1
CC1CC2C(CCC3(C2CCC3(C(=O)C)O)C)C4(C1=CC(=O)CC4)C,CN(C)CCC=C1C2=CC=CC=C2C=CC3=CC=CC=C31,1.0,reported_twosides,4.2483545e-18,0.0919921710556056,0.0919921710556056,fitted,platt_logistic_regression,0.48023811648639086,0
C(C(CO[N+](=O)[O-])O[N+](=O)[O-])O[N+](=O)[O-],CCCCC(C)(CC=CC1C(CC(=O)C1CCCCCCC(=O)OC)O)O,1.0,reported_twosides,0.5107568,0.4792018360965144,0.4792018360965144,fitted,platt_logistic_regression,0.48023811648639086,0
C1CC(C1)(C(=O)O)C(=O)O.N.N.[Pt],CC1C=CC=CCCC=CC=CC=CC=CC(CC(C(C(CC(=O)CC(C(CCC(CC(CC(CC(=O)OC(C(C1O)C)C)O)O)O)O)O)O)C(=O)O)O)OC2C(C(C(C(O2)C)O)N)O,1.0,reported_twosides,4.2483545e-18,0.0919921710556056,0.0919921710556056,fitted,platt_logistic_regression,0.48023811648639086,0
CC(C1=CC(=C(C=C1)C2=CC=CC=C2)F)C(=O)O,CCCNC(=O)NS(=O)(=O)C1=CC=C(C=C1)Cl,0.0,unreported_twosides_sampled,0.0001058015,0.17546180549432386,0.17546180549432386,fitted,platt_logistic_regression,0.48023811648639086,0
CC12CC(=O)C3C(C1CCC2(C(=O)CO)O)CCC4=CC(=O)C=CC34C,CC1=CC(=CC=C1)NC2=C(C=NC=C2)S(=O)(=O)NC(=O)NC(C)C,1.0,reported_twosides,6.402133e-17,0.0919921710556056,0.0919921710556056,fitted,platt_logistic_regression,0.48023811648639086,0
CC(=O)N(CCCCCNC(=O)CCC(=O)N(CCCCCNC(=O)CCC(=O)N(CCCCCN)O)O)O,CC1COC2=C3N1C=C(C(=O)C3=CC(=C2N4CCN(CC4)C)F)C(=O)O,0.0,unreported_twosides_sampled,1.0,0.891810177985089,0.891810177985089,fitted,platt_logistic_regression,0.48023811648639086,1
CC(C)(C)NCC(C1=NC(=C(C=C1)O)CO)O,CCN(CC)CC(=O)NC1=C(C=CC=C1C)C,1.0,reported_twosides,4.2483545e-18,0.0919921710556056,0.0919921710556056,fitted,platt_logistic_regression,0.48023811648639086,0
CCCC(=O)OC1(CCC2C1(CC(C3C2CCC4=CC(=O)CCC34C)O)C)C(=O)CO,CCCCCC(C=CC1C(CC(=O)C1CCCCCCC(=O)O)O)O,0.0,unreported_twosides_sampled,4.2483545e-18,0.0919921710556056,0.0919921710556056,fitted,platt_logistic_regression,0.48023811648639086,0
C1CC(=O)NC(=O)C1N2C(=O)C3=CC=CC=C3C2=O,C1CCC(CC1)C(CCN2CCCCC2)(C3=CC=CC=C3)O,0.0,unreported_twosides_sampled,8.138941e-16,0.0919921710556056,0.0919921710556056,fitted,platt_logistic_regression,0.48023811648639086,0
CC1=CC(=CC=C1)NC2=C(C=NC=C2)S(=O)(=O)NC(=O)NC(C)C,CN(C)CCC=C1C2=CC=CC=C2COC3=C1C=C(C=C3)CC(=O)O,0.0,unreported_twosides_sampled,0.011266535,0.30950052209263806,0.30950052209263806,fitted,platt_logistic_regression,0.48023811648639086,0
C1=CC(=C(C=C1Cl)Cl)C(CN2C=CN=C2)OCC3=C(SC=C3)Cl,CC1=CC(=CC=C1)NC2=C(C=NC=C2)S(=O)(=O)NC(=O)NC(C)C,0.0,unreported_twosides_sampled,4.2483545e-18,0.0919921710556056,0.0919921710556056,fitted,platt_logistic_regression,0.48023811648639086,0
CC(C)(C)NCC(COC1=NSN=C1N2CCOCC2)O,CN1C=NC(=C1SC2=NC=NC3=C2NC=N3)[N+](=O)[O-],0.0,unreported_twosides_sampled,4.2483545e-18,0.0919921710556056,0.0919921710556056,fitted,platt_logistic_regression,0.48023811648639086,0
CCCC1=NN(C2=C1NC(=NC2=O)C3=C(C=CC(=C3)S(=O)(=O)N4CCN(CC4)C)OCC)C,CN(CCCNC(=O)C1CCCO1)C2=NC3=CC(=C(C=C3C(=N2)N)OC)OC,1.0,reported_twosides,4.2483545e-18,0.0919921710556056,0.0919921710556056,fitted,platt_logistic_regression,0.48023811648639086,0
CC1=NN=C(S1)SCC2=C(N3C(C(C3=O)NC(=O)CN4C=NN=N4)SC2)C(=O)[O-],CCOC1=NC2=CC=CC(=C2N1CC3=CC=C(C=C3)C4=CC=CC=C4C5=NNN=N5)C(=O)O,1.0,reported_twosides,1.0,0.891810177985089,0.891810177985089,fitted,platt_logistic_regression,0.48023811648639086,1
CC1=CC2=C(C=C1C)N(C=N2)C3C(C(C(O3)CO)OP(=O)([O-])OC(C)CNC(=O)CCC4(C(C5C6(C(C(C(=N6)C(=C7C(C(C(=N7)C=C8C(C(C(=N8)C(=C4[N-]5)C)CCC(=O)N)(C)C)CCC(=O)N)(C)CC(=O)N)C)CCC(=O)N)(C)CC(=O)N)C)CC(=O)N)C)O.O.[Co],COC1=C(C=C2C(=C1)CC(C2=O)CC3CCN(CC3)CC4=CC=CC=C4)OC,0.0,unreported_twosides_sampled,4.2483545e-18,0.0919921710556056,0.0919921710556056,fitted,platt_logistic_regression,0.48023811648639086,0
CC1C=CC=CCCC=CC=CC=CC=CC(CC(C(C(CC(=O)CC(C(CCC(CC(CC(CC(=O)OC(C(C1O)C)C)O)O)O)O)O)O)C(=O)O)O)OC2C(C(C(C(O2)C)O)N)O,CCCN(CCC)S(=O)(=O)C1=CC=C(C=C1)C(=O)O,0.0,unreported_twosides_sampled,3.931474e-08,0.0919921710556056,0.0919921710556056,fitted,platt_logistic_regression,0.48023811648639086,0
CCCC1=NN(C2=C1NC(=NC2=O)C3=C(C=CC(=C3)S(=O)(=O)N4CCN(CC4)C)OCC)C,CCCCC1=C(C2=CC=CC=C2O1)C(=O)C3=CC(=C(C(=C3)I)OCC[NH+](CC)CC)I,1.0,reported_twosides,4.2483545e-18,0.0919921710556056,0.0919921710556056,fitted,platt_logistic_regression,0.48023811648639086,0
CCN(CC)CCOC(=O)C1(CCCCC1)C2CCCCC2,CN(C)CCC=C1C2=CC=CC=C2COC3=C1C=C(C=C3)CC(=O)O,1.0,reported_twosides,0.012168371,0.3121576995014038,0.3121576995014038,fitted,platt_logistic_regression,0.48023811648639086,0
CC(=O)OC1C(CC2C1(CCC3C2CCC4C3(CC(C(C4)O)N5CCOCC5)C)C)[N+]6(CCCC6)CC=C,CC(C)(C)NCC(C1=CC(=C(C=C1)O)CO)O,1.0,reported_twosides,4.2483545e-18,0.0919921710556056,0.0919921710556056,fitted,platt_logistic_regression,0.48023811648639086,0
CC(C(=O)C1=CC(=CC=C1)Cl)NC(C)(C)C,CC1=CC2=C(C=C1C)N(C=N2)C3C(C(C(O3)CO)OP(=O)([O-])OC(C)CNC(=O)CCC4(C(C5C6(C(C(C(=N6)C(=C7C(C(C(=N7)C=C8C(C(C(=N8)C(=C4[N-]5)C)CCC(=O)N)(C)C)CCC(=O)N)(C)CC(=O)N)C)CCC(=O)N)(C)CC(=O)N)C)CC(=O)N)C)O.O.[Co],0.0,unreported_twosides_sampled,4.2483545e-18,0.0919921710556056,0.0919921710556056,fitted,platt_logistic_regression,0.48023811648639086,0
CC(CC1=CC(=C(C=C1)O)O)(C(=O)O)N,CC12CC(C3(C(C1CC(C2(C(=O)CO)O)O)CCC4=CC(=O)C=CC43C)F)O,1.0,reported_twosides,1.9872213e-11,0.0919921710556056,0.0919921710556056,fitted,platt_logistic_regression,0.48023811648639086,0
C1CN2C(=CC=C2C(=O)C3=CC=CC=C3)C1C(=O)O,CC1=C(C(=CC=C1)NC2=CC=CC=C2C(=O)O)C,0.0,unreported_twosides_sampled,0.00023576351,0.194690053363042,0.194690053363042,fitted,platt_logistic_regression,0.48023811648639086,0
CCN(CC)CCOC(=O)C1(CCCCC1)C2CCCCC2,S=[Se],0.0,unreported_twosides_sampled,2.7386623e-14,0.0919921710556056,0.0919921710556056,fitted,platt_logistic_regression,0.48023811648639086,0
CCCC(CCC)C(=O)O,CCN(CC)CCOC(=O)C1(CCCCC1)C2CCCCC2,1.0,reported_twosides,4.2483545e-18,0.0919921710556056,0.0919921710556056,fitted,platt_logistic_regression,0.48023811648639086,0
CC(=O)SC1CC2=CC(=O)CCC2(C3C1C4CCC5(C4(CC3)C)CCC(=O)O5)C,CCCNC(=O)NS(=O)(=O)C1=CC=C(C=C1)Cl,0.0,unreported_twosides_sampled,0.9999746,0.8312393221690392,0.8312393221690392,fitted,platt_logistic_regression,0.48023811648639086,1
CC(=O)N(CC(CO)O)C1=C(C(=C(C(=C1I)C(=O)NCC(CO)O)I)C(=O)NCC(CO)O)I,CC(C(=O)C1=CC(=CC=C1)Cl)NC(C)(C)C,0.0,unreported_twosides_sampled,4.2483545e-18,0.0919921710556056,0.0919921710556056,fitted,platt_logistic_regression,0.48023811648639086,0
CC1NC2=CC(=C(C=C2C(=O)N1C3=CC=CC=C3C)S(=O)(=O)N)Cl,CCC1=C(C(=NC(=N1)N)N)C2=CC=C(C=C2)Cl,0.0,unreported_twosides_sampled,1.0,0.891810177985089,0.891810177985089,fitted,platt_logistic_regression,0.48023811648639086,1
CC1=CC2C(CCC3(C2CCC3(C(=O)C)O)C)C4(C1=CC(=O)CC4)C,CN(C)C(=N)N=C(N)N,1.0,reported_twosides,4.2483545e-18,0.0919921710556056,0.0919921710556056,fitted,platt_logistic_regression,0.48023811648639086,0
CC1=NC=C(N1CCO)[N+](=O)[O-],CN(C)CCC=C1C2=CC=CC=C2C=CC3=CC=CC=C31,1.0,reported_twosides,1.0,0.891810177985089,0.891810177985089,fitted,platt_logistic_regression,0.48023811648639086,1
C1=CC(=C(C=C1Cl)Cl)C(CN2C=CN=C2)OCC3=C(SC=C3)Cl,CC1C(C(=O)N1S(=O)(=O)O)NC(=O)C(=NOC(C)(C)C(=O)O)C2=CSC(=N2)N,0.0,unreported_twosides_sampled,0.96062523,0.603117736953272,0.603117736953272,fitted,platt_logistic_regression,0.48023811648639086,1
C1C2=C(C=CC(=C2Cl)Cl)NC3=NC(=O)CN31,CN1C(=NC(=O)C(=N1)[O-])SCC2=C(N3C(C(C3=O)NC(=O)C(=NOC)C4=CSC(=N4)N)SC2)C(=O)[O-],0.0,unreported_twosides_sampled,1.0,0.891810177985089,0.891810177985089,fitted,platt_logistic_regression,0.48023811648639086,1
C(OC(C(F)(F)F)C(F)(F)F)F,C1CC(=O)NC(=O)C1N2C(=O)C3=CC=CC=C3C2=O,0.0,unreported_twosides_sampled,4.38196e-17,0.0919921710556056,0.0919921710556056,fitted,platt_logistic_regression,0.48023811648639086,0
C1=CC=C(C=C1)CCNN,CC(=O)OC1C(CC2C1(CCC3C2CCC4C3(CC(C(C4)O)N5CCOCC5)C)C)[N+]6(CCCC6)CC=C,0.0,unreported_twosides_sampled,4.2483545e-18,0.0919921710556056,0.0919921710556056,fitted,platt_logistic_regression,0.48023811648639086,0
C1C2=C(C=CC(=C2Cl)Cl)NC3=NC(=O)CN31,CC(C)(C)C1=CC=C(C=C1)S(=O)(=O)NC2=C(C(=NC(=N2)C3=NC=CC=N3)OCCO)OC4=CC=CC=C4OC,0.0,unreported_twosides_sampled,3.161745e-07,0.0919921710556056,0.0919921710556056,fitted,platt_logistic_regression,0.48023811648639086,0
CC(C1=CC(=C(C=C1)C2=CC=CC=C2)F)C(=O)O,CC(CC1=CC(=C(C=C1)O)O)(C(=O)O)N,0.0,unreported_twosides_sampled,1.0,0.891810177985089,0.891810177985089,fitted,platt_logistic_regression,0.48023811648639086,1
CC(=O)N(CCCCCNC(=O)CCC(=O)N(CCCCCNC(=O)CCC(=O)N(CCCCCN)O)O)O,CC(C)C(CC1=CC(=C(C=C1)OC)OCCCOC)CC(C(CC(C(C)C)C(=O)NCC(C)(C)C(=O)N)O)N,0.0,unreported_twosides_sampled,1.0,0.891810177985089,0.891810177985089,fitted,platt_logistic_regression,0.48023811648639086,1
C1=CN(C(=O)N=C1N)C2C(C(C(O2)CO)O)O,CC(=O)SC1CC2=CC(=O)CCC2(C3C1C4CCC5(C4(CC3)C)CCC(=O)O5)C,1.0,reported_twosides,1.0,0.891810177985089,0.891810177985089,fitted,platt_logistic_regression,0.48023811648639086,1
CC(C1=CC(=C(C=C1)C2=CC=CC=C2)F)C(=O)O,CCC(CC)OC1C=C(CC(C1NC(=O)C)N)C(=O)OCC,0.0,unreported_twosides_sampled,8.58946e-07,0.0919921710556056,0.0919921710556056,fitted,platt_logistic_regression,0.48023811648639086,0
CC(=O)SC1CC2=CC(=O)CCC2(C3C1C4CCC5(C4(CC3)C)CCC(=O)O5)C,CCCC(=O)OC1(CCC2C1(CC(C3C2CCC4=CC(=O)CCC34C)O)C)C(=O)CO,0.0,unreported_twosides_sampled,1.0,0.891810177985089,0.891810177985089,fitted,platt_logistic_regression,0.48023811648639086,1
C(C(CO[N+](=O)[O-])O[N+](=O)[O-])O[N+](=O)[O-],CC1=CC(=CC=C1)CN2CCN(CC2)C(C3=CC=CC=C3)C4=CC=C(C=C4)Cl,1.0,reported_twosides,2.9440898e-15,0.0919921710556056,0.0919921710556056,fitted,platt_logistic_regression,0.48023811648639086,0
CC1=C(N=CN1)CSCCNC(=NC)NC#N,CCCN(CCC)S(=O)(=O)C1=CC=C(C=C1)C(=O)O,0.0,unreported_twosides_sampled,1.0,0.891810177985089,0.891810177985089,fitted,platt_logistic_regression,0.48023811648639086,1
CC(=O)OC1C(CC2C1(CCC3C2CCC4C3(CC(C(C4)O)N5CCOCC5)C)C)[N+]6(CCCC6)CC=C,CC1=CC2C(CCC3(C2CCC3(C(=O)C)O)C)C4(C1=CC(=O)CC4)C,0.0,unreported_twosides_sampled,4.2483545e-18,0.0919921710556056,0.0919921710556056,fitted,platt_logistic_regression,0.48023811648639086,0
CC(CCC(=O)O)C1CCC2C1(CCC3C2C(CC4C3(CCC(C4)O)C)O)C,CCC1(CC(=O)NC1=O)C,0.0,unreported_twosides_sampled,4.2483545e-18,0.0919921710556056,0.0919921710556056,fitted,platt_logistic_regression,0.48023811648639086,0
C1=CC=C(C=C1)CCNN,CCC1=C(C(=NC(=N1)N)N)C2=CC=C(C=C2)Cl,0.0,unreported_twosides_sampled,0.9988655,0.7289623563796526,0.7289623563796526,fitted,platt_logistic_regression,0.48023811648639086,1
C1CC(=O)NC(=O)C1N2C(=O)C3=CC=CC=C3C2=O,CCOC1=CC=CC=C1OCCNC(C)CC2=CC(=C(C=C2)OC)S(=O)(=O)N,1.0,reported_twosides,4.2483545e-18,0.0919921710556056,0.0919921710556056,fitted,platt_logistic_regression,0.48023811648639086,0
CCCC1=NN(C2=C1NC(=NC2=O)C3=C(C=CC(=C3)S(=O)(=O)N4CCN(CC4)C)OCC)C,CCOC1=CC=CC=C1OCCNC(C)CC2=CC(=C(C=C2)OC)S(=O)(=O)N,1.0,reported_twosides,4.2483545e-18,0.0919921710556056,0.0919921710556056,fitted,platt_logistic_regression,0.48023811648639086,0
CC1NC2=CC(=C(C=C2C(=O)N1C3=CC=CC=C3C)S(=O)(=O)N)Cl,CCC(=O)OC(C(C)C)OP(=O)(CCCCC1=CC=CC=C1)CC(=O)N2CC(CC2C(=O)[O-])C3CCCCC3,1.0,reported_twosides,0.99971765,0.7704620486792786,0.7704620486792786,fitted,platt_logistic_regression,0.48023811648639086,1
C1CC(=O)NC(=O)C1N2C(=O)C3=CC=CC=C3C2=O,CC12CC(C3(C(C1CC(C2(C(=O)CO)O)O)CCC4=CC(=O)C=CC43C)F)O,1.0,reported_twosides,4.2483545e-18,0.0919921710556056,0.0919921710556056,fitted,platt_logistic_regression,0.48023811648639086,0
C(C(CO[N+](=O)[O-])O[N+](=O)[O-])O[N+](=O)[O-],C1CN(CCN1CCC2=C(C=C3C(=C2)CC(=O)N3)Cl)C4=NSC5=CC=CC=C54,1.0,reported_twosides,1.0,0.891810177985089,0.891810177985089,fitted,platt_logistic_regression,0.48023811648639086,1
CC12CC(=O)C3C(C1CCC2(C(=O)CO)O)CCC4=CC(=O)C=CC34C,CC12CCC3C(C1CCC2(C#C)O)CCC4=CC(=O)CCC34,1.0,reported_twosides,0.8495093,0.5462296948279226,0.5462296948279226,fitted,platt_logistic_regression,0.48023811648639086,1
CCC1=C(C(=NC(=N1)N)N)C2=CC=C(C=C2)Cl,CN(C)CCCN1C2=CC=CC=C2CCC3=CC=CC=C31,0.0,unreported_twosides_sampled,0.0034815925,0.270781238867621,0.270781238867621,fitted,platt_logistic_regression,0.48023811648639086,0
C1CCC(CC1)C(CCN2CCCCC2)(C3=CC=CC=C3)O,CC1COC2=C3N1C=C(C(=O)C3=CC(=C2N4CCN(CC4)C)F)C(=O)O,1.0,reported_twosides,7.1458862e-06,0.12169544841314518,0.12169544841314518,fitted,platt_logistic_regression,0.48023811648639086,0
CC(C)(C)NCC(C1=NC(=C(C=C1)O)CO)O,CC1=NN=C(S1)SCC2=C(N3C(C(C3=O)NC(=O)CN4C=NN=N4)SC2)C(=O)[O-],0.0,unreported_twosides_sampled,1.0,0.891810177985089,0.891810177985089,fitted,platt_logistic_regression,0.48023811648639086,1
C(=O)([O-])[O-].C(=O)([O-])[O-].C(=O)([O-])[O-].O.[La+3].[La+3],C1CC(=O)NC(=O)C1N2C(=O)C3=CC=CC=C3C2=O,1.0,reported_twosides,1.6706199e-08,0.0919921710556056,0.0919921710556056,fitted,platt_logistic_regression,0.48023811648639086,0
CN(C)CCC=C1C2=CC=CC=C2COC3=C1C=C(C=C3)CC(=O)O,COC1=C(C=C2C(=C1)CC(C2=O)CC3CCN(CC3)CC4=CC=CC=C4)OC,0.0,unreported_twosides_sampled,2.96551e-12,0.0919921710556056,0.0919921710556056,fitted,platt_logistic_regression,0.48023811648639086,0
CC(C)(C)C1=CC=C(C=C1)S(=O)(=O)NC2=C(C(=NC(=N2)C3=NC=CC=N3)OCCO)OC4=CC=CC=C4OC,CN(CCCNC(=O)C1CCCO1)C2=NC3=CC(=C(C=C3C(=N2)N)OC)OC,0.0,unreported_twosides_sampled,4.2483545e-18,0.0919921710556056,0.0919921710556056,fitted,platt_logistic_regression,0.48023811648639086,0
CC1=C2C(=NC=C1)N(C3=C(C=CC=N3)C(=O)N2)C4CC4,CC1=NC=C(N1CCO)[N+](=O)[O-],1.0,reported_twosides,1.0,0.891810177985089,0.891810177985089,fitted,platt_logistic_regression,0.48023811648639086,1
CC1=CC2=C(C=C1C)N(C=N2)C3C(C(C(O3)CO)OP(=O)([O-])OC(C)CNC(=O)CCC4(C(C5C6(C(C(C(=N6)C(=C7C(C(C(=N7)C=C8C(C(C(=N8)C(=C4[N-]5)C)CCC(=O)N)(C)C)CCC(=O)N)(C)CC(=O)N)C)CCC(=O)N)(C)CC(=O)N)C)CC(=O)N)C)O.O.[Co],CC1CC2C(CCC3(C2CCC3(C(=O)C)O)C)C4(C1=CC(=O)CC4)C,0.0,unreported_twosides_sampled,4.2483545e-18,0.0919921710556056,0.0919921710556056,fitted,platt_logistic_regression,0.48023811648639086,0
C1CN=C(N1)NC2=C(C3=NC=CN=C3C=C2)Br,CCCC(=O)OC1(CCC2C1(CC(C3C2CCC4=CC(=O)CCC34C)O)C)C(=O)CO,0.0,unreported_twosides_sampled,2.785674e-16,0.0919921710556056,0.0919921710556056,fitted,platt_logistic_regression,0.48023811648639086,0
C(C(CO[N+](=O)[O-])O[N+](=O)[O-])O[N+](=O)[O-],C(N)(N)(Cl)Cl,1.0,reported_twosides,0.00011806728,0.17800286559906414,0.17800286559906414,fitted,platt_logistic_regression,0.48023811648639086,0
CCC1(CC(=O)NC1=O)C,CCOC1=NC2=CC=CC(=C2N1CC3=CC=C(C=C3)C4=CC=CC=C4C5=NNN=N5)C(=O)O,0.0,unreported_twosides_sampled,0.999918,0.8034129059431957,0.8034129059431957,fitted,platt_logistic_regression,0.48023811648639086,1
CC(C)C(CC1=CC(=C(C=C1)OC)OCCCOC)CC(C(CC(C(C)C)C(=O)NCC(C)(C)C(=O)N)O)N,CN(C)CCC=C1C2=CC=CC=C2COC3=C1C=C(C=C3)CC(=O)O,0.0,unreported_twosides_sampled,0.04082597,0.3560262366705919,0.3560262366705919,fitted,platt_logistic_regression,0.48023811648639086,0
C1=CC=C2C(=C1)C(=O)NC2(C3=CC(=C(C=C3)Cl)S(=O)(=O)N)O,CCC(=O)OC(C(C)C)OP(=O)(CCCCC1=CC=CC=C1)CC(=O)N2CC(CC2C(=O)[O-])C3CCCCC3,1.0,reported_twosides,0.9999696,0.8271816859288509,0.8271816859288509,fitted,platt_logistic_regression,0.48023811648639086,1
CC(C)(C)NCC(C1=NC(=C(C=C1)O)CO)O,CS(=O)(=O)C1=CC=C(C=C1)C2=C(C(=O)OC2)C3=CC=CC=C3,1.0,reported_twosides,6.216911e-07,0.0919921710556056,0.0919921710556056,fitted,platt_logistic_regression,0.48023811648639086,0
CC(C(=O)C1=CC(=CC=C1)Cl)NC(C)(C)C,CCC1=C2C(=CC=C1)C3=C(N2)C(OCC3)(CC)CC(=O)O,1.0,reported_twosides,4.2483545e-18,0.0919921710556056,0.0919921710556056,fitted,platt_logistic_regression,0.48023811648639086,0
C1=CN(C(=O)N=C1N)C2C(C(C(O2)CO)O)O,CC1=CC2C(CCC3(C2CCC3(C(=O)C)O)C)C4(C1=CC(=O)CC4)C,1.0,reported_twosides,4.2483545e-18,0.0919921710556056,0.0919921710556056,fitted,platt_logistic_regression,0.48023811648639086,0
C1C2=C(C=CC(=C2Cl)Cl)NC3=NC(=O)CN31,CC1=NC=C(N1CCO)[N+](=O)[O-],0.0,unreported_twosides_sampled,1.0,0.891810177985089,0.891810177985089,fitted,platt_logistic_regression,0.48023811648639086,1
C1=CC=C(C=C1)C(C2=CC=CC=C2)(C3=CC=CC=C3Cl)N4C=CN=C4,CC1NC2=CC(=C(C=C2C(=O)N1C3=CC=CC=C3C)S(=O)(=O)N)Cl,1.0,reported_twosides,1.0,0.891810177985089,0.891810177985089,fitted,platt_logistic_regression,0.48023811648639086,1
CC1=CC2=C(NC3=CC=CC=C3N=C2S1)N4CCN(CC4)C,CC1=NC=C(N1CCO)[N+](=O)[O-],1.0,reported_twosides,8.339761e-05,0.17004801817702683,0.17004801817702683,fitted,platt_logistic_regression,0.48023811648639086,0
CC1CC2C(CCC3(C2CCC3(C(=O)C)O)C)C4(C1=CC(=O)CC4)C,CS(=O)(=O)C1=CC=C(C=C1)C2=C(C(=O)OC2)C3=CC=CC=C3,1.0,reported_twosides,4.2483545e-18,0.0919921710556056,0.0919921710556056,fitted,platt_logistic_regression,0.48023811648639086,0
C1C2=C(C=CC(=C2Cl)Cl)NC3=NC(=O)CN31,CCC1=C2C(=CC=C1)C3=C(N2)C(OCC3)(CC)CC(=O)O,0.0,unreported_twosides_sampled,1.0,0.891810177985089,0.891810177985089,fitted,platt_logistic_regression,0.48023811648639086,1
C(OC(C(F)(F)F)C(F)(F)F)F,CCN(CC)CCOC(=O)C1(CCCCC1)C2CCCCC2,0.0,unreported_twosides_sampled,4.2483545e-18,0.0919921710556056,0.0919921710556056,fitted,platt_logistic_regression,0.48023811648639086,0
CC1=NC=C(N1CCO)[N+](=O)[O-],CC1CC2C(CCC3(C2CCC3(C(=O)C)O)C)C4(C1=CC(=O)CC4)C,1.0,reported_twosides,4.2483545e-18,0.0919921710556056,0.0919921710556056,fitted,platt_logistic_regression,0.48023811648639086,0
C(C(CO[N+](=O)[O-])O[N+](=O)[O-])O[N+](=O)[O-],CC1(C(N2C(S1)C(C2=O)NC(=O)CC3=CC=CC=C3)C(=O)O)C,0.0,unreported_twosides_sampled,1.0,0.891810177985089,0.891810177985089,fitted,platt_logistic_regression,0.48023811648639086,1
CCC1(CC(=O)NC1=O)C,CCCCN1CCCCC1C(=O)NC2=C(C=CC=C2C)C,0.0,unreported_twosides_sampled,4.2483545e-18,0.0919921710556056,0.0919921710556056,fitted,platt_logistic_regression,0.48023811648639086,0
CC1(OC2CC3C4CCC5=CC(=O)C=CC5(C4C(CC3(C2(O1)C(=O)CO)C)O)C)C,CN(C)CCC=C1C2=CC=CC=C2C=CC3=CC=CC=C31,1.0,reported_twosides,0.0018730946,0.25169204428336317,0.25169204428336317,fitted,platt_logistic_regression,0.48023811648639086,0
CC1=C(C(CCC1)(C)C)C=CC(=CC=CC(=CCO)C)C,CCC(=C)C(=O)C1=C(C(=C(C=C1)OCC(=O)O)Cl)Cl,0.0,unreported_twosides_sampled,1.0,0.891810177985089,0.891810177985089,fitted,platt_logistic_regression,0.48023811648639086,1
C(N)(N)(Cl)Cl,CC1=CC2C(CCC3(C2CCC3(C(=O)C)O)C)C4(C1=CC(=O)CC4)C,1.0,reported_twosides,4.2483545e-18,0.0919921710556056,0.0919921710556056,fitted,platt_logistic_regression,0.48023811648639086,0
CC1C=CC=CCCC=CC=CC=CC=CC(CC(C(C(CC(=O)CC(C(CCC(CC(CC(CC(=O)OC(C(C1O)C)C)O)O)O)O)O)O)C(=O)O)O)OC2C(C(C(C(O2)C)O)N)O,CN1C=NC(=C1SC2=NC=NC3=C2NC=N3)[N+](=O)[O-],1.0,reported_twosides,1.6477837e-16,0.0919921710556056,0.0919921710556056,fitted,platt_logistic_regression,0.48023811648639086,0
CC12CCC3C(C1CCC2(C#C)O)CCC4=CC(=O)CCC34,CC1=CC2=C(C=C1C)N(C=N2)C3C(C(C(O3)CO)OP(=O)([O-])OC(C)CNC(=O)CCC4(C(C5C6(C(C(C(=N6)C(=C7C(C(C(=N7)C=C8C(C(C(=N8)C(=C4[N-]5)C)CCC(=O)N)(C)C)CCC(=O)N)(C)CC(=O)N)C)CCC(=O)N)(C)CC(=O)N)C)CC(=O)N)C)O.O.[Co],0.0,unreported_twosides_sampled,4.2483545e-18,0.0919921710556056,0.0919921710556056,fitted,platt_logistic_regression,0.48023811648639086,0
CCC1(CC(=O)NC1=O)C,CN(C)CCC1=CNC2=C1C=C(C=C2)CC3COC(=O)N3,0.0,unreported_twosides_sampled,1.1080247e-12,0.0919921710556056,0.0919921710556056,fitted,platt_logistic_regression,0.48023811648639086,0
CC1COC2=C3N1C=C(C(=O)C3=CC(=C2N4CCN(CC4)C)F)C(=O)O,CCN(CC)CCOC(=O)C1(CCCCC1)C2CCCCC2,1.0,reported_twosides,2.2640592e-12,0.0919921710556056,0.0919921710556056,fitted,platt_logistic_regression,0.48023811648639086,0
CC(C1=CC(=C(C=C1)C2=CC=CC=C2)F)C(=O)O,CC1C(C(=O)N1S(=O)(=O)O)NC(=O)C(=NOC(C)(C)C(=O)O)C2=CSC(=N2)N,0.0,unreported_twosides_sampled,1.0,0.891810177985089,0.891810177985089,fitted,platt_logistic_regression,0.48023811648639086,1
CC1NC2=CC(=C(C=C2C(=O)N1C3=CC=CC=C3C)S(=O)(=O)N)Cl,CCCCCC(C=CC1C(CC(=O)C1CCCCCCC(=O)O)O)O,0.0,unreported_twosides_sampled,1.06202746e-13,0.0919921710556056,0.0919921710556056,fitted,platt_logistic_regression,0.48023811648639086,0
CC12CC(=O)C3C(C1CCC2(C(=O)CO)O)CCC4=CC(=O)C=CC34C,CC1C=CC=CCCC=CC=CC=CC=CC(CC(C(C(CC(=O)CC(C(CCC(CC(CC(CC(=O)OC(C(C1O)C)C)O)O)O)O)O)O)C(=O)O)O)OC2C(C(C(C(O2)C)O)N)O,1.0,reported_twosides,0.06534461,0.37433842470609413,0.37433842470609413,fitted,platt_logistic_regression,0.48023811648639086,0
CCC1=C2C(=CC=C1)C3=C(N2)C(OCC3)(CC)CC(=O)O,CS(=O)(=O)C1=CC=C(C=C1)C2=C(C(=O)OC2)C3=CC=CC=C3,1.0,reported_twosides,0.14129676,0.4067585742657864,0.4067585742657864,fitted,platt_logistic_regression,0.48023811648639086,0
CC(C)C(CC1=CC(=C(C=C1)OC)OCCCOC)CC(C(CC(C(C)C)C(=O)NCC(C)(C)C(=O)N)O)N,CN(C)C(=N)N=C(N)N,1.0,reported_twosides,4.2483545e-18,0.0919921710556056,0.0919921710556056,fitted,platt_logistic_regression,0.48023811648639086,0
C1=CN(C(=O)N=C1N)C2C(C(C(O2)CO)O)O,CN1CCN(CC1)CCCN2C3=CC=CC=C3SC4=C2C=C(C=C4)Cl,1.0,reported_twosides,2.4257922e-11,0.0919921710556056,0.0919921710556056,fitted,platt_logistic_regression,0.48023811648639086,0
CC(=O)N(CC(CO)O)C1=C(C(=C(C(=C1I)C(=O)NCC(CO)O)I)C(=O)NCC(CO)O)I,CN1CCC2=C3C1CC4=C(C3=CC=C2)C(=C(C=C4)O)O,0.0,unreported_twosides_sampled,4.2483545e-18,0.0919921710556056,0.0919921710556056,fitted,platt_logistic_regression,0.48023811648639086,0
CCCCCCCCCCCC(CC1C(C(=O)O1)CCCCCC)OC(=O)C(CC(C)C)NC=O,CNS(=O)(=O)CCC1=CC2=C(C=C1)NC=C2C3CCN(CC3)C,0.0,unreported_twosides_sampled,4.2483545e-18,0.0919921710556056,0.0919921710556056,fitted,platt_logistic_regression,0.48023811648639086,0
CC(C)(C)NCC(COC1=NSN=C1N2CCOCC2)O,CCOC1=NC2=CC=CC(=C2N1CC3=CC=C(C=C3)C4=CC=CC=C4C5=NNN=N5)C(=O)O,1.0,reported_twosides,9.442218e-09,0.0919921710556056,0.0919921710556056,fitted,platt_logistic_regression,0.48023811648639086,0
CC1(OC2CC3C4CC(C5=CC(=O)C=CC5(C4C(CC3(C2(O1)C(=O)CO)C)O)C)F)C,CCC1=C(C(=NC(=N1)N)N)C2=CC=C(C=C2)Cl,0.0,unreported_twosides_sampled,0.18038306,0.41797674717742844,0.41797674717742844,fitted,platt_logistic_regression,0.48023811648639086,0
CC1(C(N2C(S1)C(C2=O)NC(=O)CC3=CC=CC=C3)C(=O)O)C,CCCN(CCC)S(=O)(=O)C1=CC=C(C=C1)C(=O)O,0.0,unreported_twosides_sampled,0.9999281,0.8067078921196704,0.8067078921196704,fitted,platt_logistic_regression,0.48023811648639086,1
CN(C)C(=N)N=C(N)N,CN1CCC2=C3C1CC4=C(C3=CC=C2)C(=C(C=C4)O)O,0.0,unreported_twosides_sampled,1.0526002e-06,0.09267615140816107,0.09267615140816107,fitted,platt_logistic_regression,0.48023811648639086,0
CCCCC1=C(C2=CC=CC=C2O1)C(=O)C3=CC(=C(C(=C3)I)OCC[NH+](CC)CC)I,COC1=C(C=C2C(=C1)CC(C2=O)CC3CCN(CC3)CC4=CC=CC=C4)OC,1.0,reported_twosides,4.2483545e-18,0.0919921710556056,0.0919921710556056,fitted,platt_logistic_regression,0.48023811648639086,0
CC(=O)SC1CC2=CC(=O)CCC2(C3C1C4CCC5(C4(CC3)C)CCC(=O)O5)C,CC(CC1=CC(=C(C=C1)O)O)(C(=O)O)N,1.0,reported_twosides,1.0,0.891810177985089,0.891810177985089,fitted,platt_logistic_regression,0.48023811648639086,1
CC1=NC=C(N1CCO)[N+](=O)[O-],CCN(CC)CC(=O)NC1=C(C=CC=C1C)C,1.0,reported_twosides,3.063276e-13,0.0919921710556056,0.0919921710556056,fitted,platt_logistic_regression,0.48023811648639086,0
CC1(OC2CC3C4CC(C5=CC(=O)C=CC5(C4C(CC3(C2(O1)C(=O)CO)C)O)C)F)C,CC1(OC2CC3C4CCC5=CC(=O)C=CC5(C4C(CC3(C2(O1)C(=O)CO)C)O)C)C,0.0,unreported_twosides_sampled,1.0418592e-06,0.09253893754775164,0.09253893754775164,fitted,platt_logistic_regression,0.48023811648639086,0
CC(C)C1=NC(=CS1)CN(C)C(=O)NC(C(C)C)C(=O)NC(CC2=CC=CC=C2)CC(C(CC3=CC=CC=C3)NC(=O)OCC4=CN=CS4)O,CN(C)CCCN1C2=CC=CC=C2CCC3=CC=CC=C31,1.0,reported_twosides,5.2913446e-08,0.0919921710556056,0.0919921710556056,fitted,platt_logistic_regression,0.48023811648639086,0
CC1=CC(=CC=C1)NC2=C(C=NC=C2)S(=O)(=O)NC(=O)NC(C)C,CN(C)CCCN1C2=CC=CC=C2CCC3=CC=CC=C31,0.0,unreported_twosides_sampled,4.2483545e-18,0.0919921710556056,0.0919921710556056,fitted,platt_logistic_regression,0.48023811648639086,0
C1=CC=C(C=C1)C(C2=CC=CC=C2)(C3=CC=CC=C3Cl)N4C=CN=C4,C1CN(CCN1CCC2=C(C=C3C(=C2)CC(=O)N3)Cl)C4=NSC5=CC=CC=C54,1.0,reported_twosides,1.0,0.891810177985089,0.891810177985089,fitted,platt_logistic_regression,0.48023811648639086,1
C1CN(CCN1CCC2=C(C=C3C(=C2)CC(=O)N3)Cl)C4=NSC5=CC=CC=C54,CN(C)CCC1=CNC2=C1C=C(C=C2)CC3COC(=O)N3,0.0,unreported_twosides_sampled,1.0,0.891810177985089,0.891810177985089,fitted,platt_logistic_regression,0.48023811648639086,1
CCCCCC(CCC1C(CC2C1CC3=C(C2)C(=CC=C3)OCC(=O)O)O)O,CN1C=NC(=C1SC2=NC=NC3=C2NC=N3)[N+](=O)[O-],0.0,unreported_twosides_sampled,4.2483545e-18,0.0919921710556056,0.0919921710556056,fitted,platt_logistic_regression,0.48023811648639086,0
CC(=O)OC1C(CC2C1(CCC3C2CCC4C3(CC(C(C4)O)N5CCOCC5)C)C)[N+]6(CCCC6)CC=C,CCC1(CC(=O)NC1=O)C,0.0,unreported_twosides_sampled,4.2483545e-18,0.0919921710556056,0.0919921710556056,fitted,platt_logistic_regression,0.48023811648639086,0
CC(C)(CC1=CC=CC=C1)N,CN1C=NC(=C1SC2=NC=NC3=C2NC=N3)[N+](=O)[O-],0.0,unreported_twosides_sampled,1.8964788e-16,0.0919921710556056,0.0919921710556056,fitted,platt_logistic_regression,0.48023811648639086,0
CC1=CC2C(CCC3(C2CCC3(C(=O)C)O)C)C4(C1=CC(=O)CC4)C,CCCC1=NN(C2=C1NC(=NC2=O)C3=C(C=CC(=C3)S(=O)(=O)N4CCN(CC4)C)OCC)C,1.0,reported_twosides,4.2483545e-18,0.0919921710556056,0.0919921710556056,fitted,platt_logistic_regression,0.48023811648639086,0
CC(=O)N(CC(CO)O)C1=C(C(=C(C(=C1I)C(=O)NCC(CO)O)I)C(=O)NCC(CO)O)I,CCCC(=O)OC1(CCC2C1(CC(C3C2CCC4=CC(=O)CCC34C)O)C)C(=O)CO,0.0,unreported_twosides_sampled,4.2483545e-18,0.0919921710556056,0.0919921710556056,fitted,platt_logistic_regression,0.48023811648639086,0
CC1CC2C(CCC3(C2CCC3(C(=O)C)O)C)C4(C1=CC(=O)CC4)C,CCCC(CCC)C(=O)O,1.0,reported_twosides,4.2483545e-18,0.0919921710556056,0.0919921710556056,fitted,platt_logistic_regression,0.48023811648639086,0
CC(C)(C)NCC(COC1=NSN=C1N2CCOCC2)O,CC1(C(N2C(S1)C(C2=O)NC(=O)CC3=CC=CC=C3)C(=O)O)C,0.0,unreported_twosides_sampled,4.9869425e-15,0.0919921710556056,0.0919921710556056,fitted,platt_logistic_regression,0.48023811648639086,0
CC(CC1=CC=CC=C1)N(C)CC#C,CC12CCC3C(C1CCC2(C#C)O)CCC4=CC(=O)CCC34,0.0,unreported_twosides_sampled,0.07167498,0.3780468817593474,0.3780468817593474,fitted,platt_logistic_regression,0.48023811648639086,0
CC1CC2C(CCC3(C2CCC3(C(=O)C)O)C)C4(C1=CC(=O)CC4)C,CCC1(CC(=O)NC1=O)C,0.0,unreported_twosides_sampled,4.2483545e-18,0.0919921710556056,0.0919921710556056,fitted,platt_logistic_regression,0.48023811648639086,0
CC1(OC2CC3C4CC(C5=CC(=O)C=CC5(C4C(CC3(C2(O1)C(=O)CO)C)O)C)F)C,CCP(CC)CC.CC(=O)OCC1C(C(C(C(O1)[S-])OC(=O)C)OC(=O)C)OC(=O)C.[Au+],0.0,unreported_twosides_sampled,7.998452e-12,0.0919921710556056,0.0919921710556056,fitted,platt_logistic_regression,0.48023811648639086,0
CC1=C(N=CN1)CSCCNC(=NC)NC#N,CC1=NC=C(N1CCO)[N+](=O)[O-],1.0,reported_twosides,1.0,0.891810177985089,0.891810177985089,fitted,platt_logistic_regression,0.48023811648639086,1
CCCCCC(C=CC1C(CC(=O)C1CCCCCCC(=O)O)O)O,CN1CC(=O)N2C(C1=O)CC3=C(C2C4=CC5=C(C=C4)OCO5)NC6=CC=CC=C36,1.0,reported_twosides,4.2483545e-18,0.0919921710556056,0.0919921710556056,fitted,platt_logistic_regression,0.48023811648639086,0
C1=CN(C(=O)N=C1N)C2C(C(C(O2)CO)O)O,CCOC1=NC2=CC=CC(=C2N1CC3=CC=C(C=C3)C4=CC=CC=C4C5=NNN=N5)C(=O)O,0.0,unreported_twosides_sampled,1.0,0.891810177985089,0.891810177985089,fitted,platt_logistic_regression,0.48023811648639086,1
CC1=CC2=C(NC3=CC=CC=C3N=C2S1)N4CCN(CC4)C,CN1CCN(CC1)CCCN2C3=CC=CC=C3SC4=C2C=C(C=C4)Cl,1.0,reported_twosides,7.2159854e-16,0.0919921710556056,0.0919921710556056,fitted,platt_logistic_regression,0.48023811648639086,0
CC(C(=O)C1=CC(=CC=C1)Cl)NC(C)(C)C,CN(C)CCC=C1C2=CC=CC=C2C=CC3=CC=CC=C31,1.0,reported_twosides,3.021071e-06,0.10778837173431917,0.10778837173431917,fitted,platt_logistic_regression,0.48023811648639086,0
C1CC(=O)NC(=O)C1N2C(=O)C3=CC=CC=C3C2=O,CC(C)C1=NC(=CS1)CN(C)C(=O)NC(C(C)C)C(=O)NC(CC2=CC=CC=C2)CC(C(CC3=CC=CC=C3)NC(=O)OCC4=CN=CS4)O,0.0,unreported_twosides_sampled,0.00079376885,0.22680089243941323,0.22680089243941323,fitted,platt_logistic_regression,0.48023811648639086,0
CCC1(CC(=O)NC1=O)C,CN(C)CCC=C1C2=CC=CC=C2COC3=C1C=C(C=C3)CC(=O)O,0.0,unreported_twosides_sampled,0.99779296,0.7074958098508196,0.7074958098508196,fitted,platt_logistic_regression,0.48023811648639086,1
C1CCC(CC1)C(CCN2CCCCC2)(C3=CC=CC=C3)O,S=[Se],0.0,unreported_twosides_sampled,3.3017995e-11,0.0919921710556056,0.0919921710556056,fitted,platt_logistic_regression,0.48023811648639086,0
C1=CN(C(=O)N=C1N)C2C(C(C(O2)CO)O)O,CCOC1=CC=CC=C1OCCNC(C)CC2=CC(=C(C=C2)OC)S(=O)(=O)N,1.0,reported_twosides,3.0954104e-16,0.0919921710556056,0.0919921710556056,fitted,platt_logistic_regression,0.48023811648639086,0
C(OC(C(F)(F)F)C(F)(F)F)F,CC1CC2C(CCC3(C2CCC3(C(=O)C)O)C)C4(C1=CC(=O)CC4)C,0.0,unreported_twosides_sampled,4.2483545e-18,0.0919921710556056,0.0919921710556056,fitted,platt_logistic_regression,0.48023811648639086,0
CC12CC(=O)C3C(C1CCC2(C(=O)CO)O)CCC4=CC(=O)C=CC34C,CC1=CC2=C(NC3=CC=CC=C3N=C2S1)N4CCN(CC4)C,1.0,reported_twosides,7.530771e-11,0.0919921710556056,0.0919921710556056,fitted,platt_logistic_regression,0.48023811648639086,0
C1CN2C(=CC=C2C(=O)C3=CC=CC=C3)C1C(=O)O,CCCCC(C)(CC=CC1C(CC(=O)C1CCCCCCC(=O)OC)O)O,1.0,reported_twosides,1.0,0.891810177985089,0.891810177985089,fitted,platt_logistic_regression,0.48023811648639086,1
CC(C1=CC(=C(C=C1)C2=CC=CC=C2)F)C(=O)O,CCCN(CCC)S(=O)(=O)C1=CC=C(C=C1)C(=O)O,0.0,unreported_twosides_sampled,0.98452944,0.6390193127478875,0.6390193127478875,fitted,platt_logistic_regression,0.48023811648639086,1
C1CN2C(=CC=C2C(=O)C3=CC=CC=C3)C1C(=O)O,CC1C=CC=CCCC=CC=CC=CC=CC(CC(C(C(CC(=O)CC(C(CCC(CC(CC(CC(=O)OC(C(C1O)C)C)O)O)O)O)O)O)C(=O)O)O)OC2C(C(C(C(O2)C)O)N)O,1.0,reported_twosides,1.0,0.891810177985089,0.891810177985089,fitted,platt_logistic_regression,0.48023811648639086,1
CC1=CC2=C(C=C1C)N(C=N2)C3C(C(C(O3)CO)OP(=O)([O-])OC(C)CNC(=O)CCC4(C(C5C6(C(C(C(=N6)C(=C7C(C(C(=N7)C=C8C(C(C(=N8)C(=C4[N-]5)C)CCC(=O)N)(C)C)CCC(=O)N)(C)CC(=O)N)C)CCC(=O)N)(C)CC(=O)N)C)CC(=O)N)C)O.O.[Co],CCCCC(C)(CC=CC1C(CC(=O)C1CCCCCCC(=O)OC)O)O,0.0,unreported_twosides_sampled,4.2483545e-18,0.0919921710556056,0.0919921710556056,fitted,platt_logistic_regression,0.48023811648639086,0
CC(C)(C)NCC(C1=CC(=C(C=C1)O)CO)O,CCCC(=O)OC1(CCC2C1(CC(C3C2CCC4=CC(=O)CCC34C)O)C)C(=O)CO,0.0,unreported_twosides_sampled,1.8242992e-12,0.0919921710556056,0.0919921710556056,fitted,platt_logistic_regression,0.48023811648639086,0
C1CCC(CC1)C(CCN2CCCCC2)(C3=CC=CC=C3)O,CCC(C)C1C(CCC2(O1)CC3CC(O2)CC=C(C(C(C=CC=C4COC5C4(C(C=C(C5O)C)C(=O)O3)O)C)OC6CC(C(C(O6)C)OC7CC(C(C(O7)C)O)OC)OC)C)C.CC1CCC2(CC3CC(O2)CC=C(C(C(C=CC=C4COC5C4(C(C=C(C5O)C)C(=O)O3)O)C)OC6CC(C(C(O6)C)OC7CC(C(C(O7)C)O)OC)OC)C)OC1C(C)C,0.0,unreported_twosides_sampled,4.2483545e-18,0.0919921710556056,0.0919921710556056,fitted,platt_logistic_regression,0.48023811648639086,0
C1CC(=O)NC(=O)C1N2C(=O)C3=CC=CC=C3C2=O,C1CN=C(N1)NC2=C(C3=NC=CN=C3C=C2)Br,0.0,unreported_twosides_sampled,2.3681718e-14,0.0919921710556056,0.0919921710556056,fitted,platt_logistic_regression,0.48023811648639086,0
CC12CC(C3(C(C1CC(C2(C(=O)CO)O)O)CCC4=CC(=O)C=CC43C)F)O,CCOC1=CC=CC=C1OCCNC(C)CC2=CC(=C(C=C2)OC)S(=O)(=O)N,1.0,reported_twosides,4.2483545e-18,0.0919921710556056,0.0919921710556056,fitted,platt_logistic_regression,0.48023811648639086,0
CCC(CC)OC1C=C(CC(C1NC(=O)C)N)C(=O)OCC,CS(=O)(=O)C1=CC=C(C=C1)C2=C(C(=O)OC2)C3=CC=CC=C3,1.0,reported_twosides,1.2235245e-07,0.0919921710556056,0.0919921710556056,fitted,platt_logistic_regression,0.48023811648639086,0
CC1COC2=C3N1C=C(C(=O)C3=CC(=C2N4CCN(CC4)C)F)C(=O)O,CN(C)CCCN1C2=CC=CC=C2CCC3=CC=CC=C31,1.0,reported_twosides,0.0014575779,0.24423401045680282,0.24423401045680282,fitted,platt_logistic_regression,0.48023811648639086,0
CC1(OC2CC3C4CCC5=CC(=O)C=CC5(C4C(CC3(C2(O1)C(=O)CO)C)O)C)C,CS(=O)(=O)C1=CC=C(C=C1)C2=C(C(=O)OC2)C3=CC=CC=C3,1.0,reported_twosides,0.23659553,0.43129076762904794,0.43129076762904794,fitted,platt_logistic_regression,0.48023811648639086,0
CC(C)(C)NCC(C1=NC(=C(C=C1)O)CO)O,COC1=C(C=C2C(=C1)CC(C2=O)CC3CCN(CC3)CC4=CC=CC=C4)OC,0.0,unreported_twosides_sampled,4.2483545e-18,0.0919921710556056,0.0919921710556056,fitted,platt_logistic_regression,0.48023811648639086,0
CN1CCN(CC1)CCCN2C3=CC=CC=C3SC4=C2C=C(C=C4)Cl,S=[Se],1.0,reported_twosides,1.6784592e-10,0.0919921710556056,0.0919921710556056,fitted,platt_logistic_regression,0.48023811648639086,0
C1=CC=C2C(=C1)C(=O)NC2(C3=CC(=C(C=C3)Cl)S(=O)(=O)N)O,CCN(CC)CC(=O)NC1=C(C=CC=C1C)C,1.0,reported_twosides,0.0010259256,0.23404993467305774,0.23404993467305774,fitted,platt_logistic_regression,0.48023811648639086,0
CC12CC(=O)C3C(C1CCC2(C(=O)CO)O)CCC4=CC(=O)C=CC34C,CCCCCC(CCC1C(CC2C1CC3=C(C2)C(=CC=C3)OCC(=O)O)O)O,1.0,reported_twosides,4.2483545e-18,0.0919921710556056,0.0919921710556056,fitted,platt_logistic_regression,0.48023811648639086,0
C1=CC=C2C(=C1)C(=O)NC2(C3=CC(=C(C=C3)Cl)S(=O)(=O)N)O,CC1(C(N2C(S1)C(C2=O)NC(=O)CC3=CC=CC=C3)C(=O)O)C,0.0,unreported_twosides_sampled,1.0,0.891810177985089,0.891810177985089,fitted,platt_logistic_regression,0.48023811648639086,1
CC(CC1=CC(=C(C=C1)O)O)(C(=O)O)N,CCOC1=NC2=CC=CC(=C2N1CC3=CC=C(C=C3)C4=CC=CC=C4C5=NNN=N5)C(=O)O,1.0,reported_twosides,1.0,0.891810177985089,0.891810177985089,fitted,platt_logistic_regression,0.48023811648639086,1
CC1(C(N2C(S1)C(C2=O)NC(=O)CC3=CC=CC=C3)C(=O)O)C,CCCCC(C)(CC=CC1C(CC(=O)C1CCCCCCC(=O)OC)O)O,0.0,unreported_twosides_sampled,0.9999659,0.8245549593778222,0.8245549593778222,fitted,platt_logistic_regression,0.48023811648639086,1
CC(C)C1=NC(=CS1)CN(C)C(=O)NC(C(C)C)C(=O)NC(CC2=CC=CC=C2)CC(C(CC3=CC=CC=C3)NC(=O)OCC4=CN=CS4)O,CN(C)CCC=C1C2=CC=CC=C2C=CC3=CC=CC=C31,1.0,reported_twosides,1.0,0.891810177985089,0.891810177985089,fitted,platt_logistic_regression,0.48023811648639086,1
CC1COC2=C3N1C=C(C(=O)C3=CC(=C2N4CCN(CC4)C)F)C(=O)O,CCC(CC)OC1C=C(CC(C1NC(=O)C)N)C(=O)OCC,1.0,reported_twosides,4.353416e-06,0.11351099905621836,0.11351099905621836,fitted,platt_logistic_regression,0.48023811648639086,0
C1CN2C(=CC=C2C(=O)C3=CC=CC=C3)C1C(=O)O,S=[Se],0.0,unreported_twosides_sampled,1.0,0.891810177985089,0.891810177985089,fitted,platt_logistic_regression,0.48023811648639086,1
C1CN(CCN1CCC2=C(C=C3C(=C2)CC(=O)N3)Cl)C4=NSC5=CC=CC=C54,CN(C)CCCN1C2=CC=CC=C2CCC3=CC=CC=C31,1.0,reported_twosides,1.0,0.891810177985089,0.891810177985089,fitted,platt_logistic_regression,0.48023811648639086,1
CC(C)C1=NC(=CS1)CN(C)C(=O)NC(C(C)C)C(=O)NC(CC2=CC=CC=C2)CC(C(CC3=CC=CC=C3)NC(=O)OCC4=CN=CS4)O,CN(C)C(=N)N=C(N)N,1.0,reported_twosides,0.00046139007,0.2120033306788716,0.2120033306788716,fitted,platt_logistic_regression,0.48023811648639086,0
CC1=NN=C(S1)SCC2=C(N3C(C(C3=O)NC(=O)CN4C=NN=N4)SC2)C(=O)[O-],CN(C)CCC=C1C2=CC=CC=C2C=CC3=CC=CC=C31,1.0,reported_twosides,1.0,0.891810177985089,0.891810177985089,fitted,platt_logistic_regression,0.48023811648639086,1
CCCC(=O)OC1(CCC2C1(CC(C3C2CCC4=CC(=O)CCC34C)O)C)C(=O)CO,CN(C)CCCN1C2=CC=CC=C2CCC3=CC=CC=C31,0.0,unreported_twosides_sampled,4.4712657e-14,0.0919921710556056,0.0919921710556056,fitted,platt_logistic_regression,0.48023811648639086,0
CCCNC1CCC2=C(C1)SC(=N2)N,CS(=O)(=O)C1=CC=C(C=C1)C2=C(C(=O)OC2)C3=CC=CC=C3,1.0,reported_twosides,4.2483545e-18,0.0919921710556056,0.0919921710556056,fitted,platt_logistic_regression,0.48023811648639086,0
CC(CC1=CC=CC=C1)N(C)CC#C,CCC(CC)OC1C=C(CC(C1NC(=O)C)N)C(=O)OCC,0.0,unreported_twosides_sampled,3.5629607e-15,0.0919921710556056,0.0919921710556056,fitted,platt_logistic_regression,0.48023811648639086,0
CC1C(C(=O)N1S(=O)(=O)O)NC(=O)C(=NOC(C)(C)C(=O)O)C2=CSC(=N2)N,CN1C(=NC(=O)C(=N1)[O-])SCC2=C(N3C(C(C3=O)NC(=O)C(=NOC)C4=CSC(=N4)N)SC2)C(=O)[O-],0.0,unreported_twosides_sampled,1.0,0.891810177985089,0.891810177985089,fitted,platt_logistic_regression,0.48023811648639086,1
C1=CC=C(C=C1)C(C2=CC=CC=C2)(C3=CC=CC=C3Cl)N4C=CN=C4,CC(CCC(=O)O)C1CCC2C1(CCC3C2C(CC4C3(CCC(C4)O)C)O)C,1.0,reported_twosides,4.2483545e-18,0.0919921710556056,0.0919921710556056,fitted,platt_logistic_regression,0.48023811648639086,0
CC1C(C(=O)N1S(=O)(=O)O)NC(=O)C(=NOC(C)(C)C(=O)O)C2=CSC(=N2)N,CCCC(CCC)C(=O)O,0.0,unreported_twosides_sampled,1.8896176e-07,0.0919921710556056,0.0919921710556056,fitted,platt_logistic_regression,0.48023811648639086,0
CC(C)(C)NCC(COC1=NSN=C1N2CCOCC2)O,CCCC(CCC)C(=O)O,1.0,reported_twosides,4.2483545e-18,0.0919921710556056,0.0919921710556056,fitted,platt_logistic_regression,0.48023811648639086,0
C1=CN(C(=O)N=C1N)C2C(C(C(O2)CO)O)O,CC(CC1=CC=CC=C1)N(C)CC#C,0.0,unreported_twosides_sampled,0.00054901326,0.21666703753664807,0.21666703753664807,fitted,platt_logistic_regression,0.48023811648639086,0
CC(C)C(CC1=CC(=C(C=C1)OC)OCCCOC)CC(C(CC(C(C)C)C(=O)NCC(C)(C)C(=O)N)O)N,CCOC1=NC2=CC=CC(=C2N1CC3=CC=C(C=C3)C4=CC=CC=C4C5=NNN=N5)C(=O)O,1.0,reported_twosides,0.9996903,0.76784699769108,0.76784699769108,fitted,platt_logistic_regression,0.48023811648639086,1
CN(C)CCC=C1C2=CC=CC=C2C=CC3=CC=CC=C31,S=[Se],1.0,reported_twosides,1.0,0.891810177985089,0.891810177985089,fitted,platt_logistic_regression,0.48023811648639086,1
C1CN(CCN1CCC2=C(C=C3C(=C2)CC(=O)N3)Cl)C4=NSC5=CC=CC=C54,CC1=C(C(CCC1)(C)C)C=CC(=CC=CC(=CCO)C)C,0.0,unreported_twosides_sampled,1.0,0.891810177985089,0.891810177985089,fitted,platt_logistic_regression,0.48023811648639086,1
CC1=CC2=C(C=C1C(=C)C3=CC=C(C=C3)C(=O)O)C(CCC2(C)C)(C)C,CN(C)CCC=C1C2=CC=CC=C2COC3=C1C=C(C=C3)CC(=O)O,0.0,unreported_twosides_sampled,1.0,0.891810177985089,0.891810177985089,fitted,platt_logistic_regression,0.48023811648639086,1
CC(C)(CC1=CC=CC=C1)N,CC1=CC2=C(C=C1C(=C)C3=CC=C(C=C3)C(=O)O)C(CCC2(C)C)(C)C,0.0,unreported_twosides_sampled,5.709631e-09,0.0919921710556056,0.0919921710556056,fitted,platt_logistic_regression,0.48023811648639086,0
CC1C=CC=CCCC=CC=CC=CC=CC(CC(C(C(CC(=O)CC(C(CCC(CC(CC(CC(=O)OC(C(C1O)C)C)O)O)O)O)O)O)C(=O)O)O)OC2C(C(C(C(O2)C)O)N)O,CCC(CC)OC1C=C(CC(C1NC(=O)C)N)C(=O)OCC,0.0,unreported_twosides_sampled,1.5258125e-08,0.0919921710556056,0.0919921710556056,fitted,platt_logistic_regression,0.48023811648639086,0
C1CN2C(=CC=C2C(=O)C3=CC=CC=C3)C1C(=O)O,CCCCCC(C=CC1C(CC(=O)C1CCCCCCC(=O)O)O)O,0.0,unreported_twosides_sampled,4.4156798e-13,0.0919921710556056,0.0919921710556056,fitted,platt_logistic_regression,0.48023811648639086,0
C1=CC(=C(C=C1Cl)Cl)C(CN2C=CN=C2)OCC3=C(SC=C3)Cl,CC1=C(N=CN1)CSCCNC(=NC)NC#N,0.0,unreported_twosides_sampled,1.0,0.891810177985089,0.891810177985089,fitted,platt_logistic_regression,0.48023811648639086,1
C(N)(N)(Cl)Cl,C1CN=C(N1)NC2=C(C3=NC=CN=C3C=C2)Br,0.0,unreported_twosides_sampled,4.2483545e-18,0.0919921710556056,0.0919921710556056,fitted,platt_logistic_regression,0.48023811648639086,0
C(N)(N)(Cl)Cl,CC(C)C1=NC(=CS1)CN(C)C(=O)NC(C(C)C)C(=O)NC(CC2=CC=CC=C2)CC(C(CC3=CC=CC=C3)NC(=O)OCC4=CN=CS4)O,1.0,reported_twosides,1.2537078e-10,0.0919921710556056,0.0919921710556056,fitted,platt_logistic_regression,0.48023811648639086,0
C1=CC(=C(C=C1Cl)Cl)C(CN2C=CN=C2)OCC3=C(SC=C3)Cl,CCCCC1=C(C2=CC=CC=C2O1)C(=O)C3=CC(=C(C(=C3)I)OCC[NH+](CC)CC)I,0.0,unreported_twosides_sampled,4.2483545e-18,0.0919921710556056,0.0919921710556056,fitted,platt_logistic_regression,0.48023811648639086,0
C1C2=C(C=CC(=C2Cl)Cl)NC3=NC(=O)CN31,CN(C)C(=N)N=C(N)N,0.0,unreported_twosides_sampled,1.0,0.891810177985089,0.891810177985089,fitted,platt_logistic_regression,0.48023811648639086,1
CCC1=C2C(=CC=C1)C3=C(N2)C(OCC3)(CC)CC(=O)O,CN1CCN(CC1)CCCN2C3=CC=CC=C3SC4=C2C=C(C=C4)Cl,1.0,reported_twosides,2.3762763e-17,0.0919921710556056,0.0919921710556056,fitted,platt_logistic_regression,0.48023811648639086,0
CC(C)(C)NCC(C1=CC(=C(C=C1)O)CO)O,CC1=C2C(=NC=C1)N(C3=C(C=CC=N3)C(=O)N2)C4CC4,1.0,reported_twosides,1.0,0.891810177985089,0.891810177985089,fitted,platt_logistic_regression,0.48023811648639086,1
CC1=NN=C(S1)SCC2=C(N3C(C(C3=O)NC(=O)CN4C=NN=N4)SC2)C(=O)[O-],CCCCCCCCCCCC(CC1C(C(=O)O1)CCCCCC)OC(=O)C(CC(C)C)NC=O,0.0,unreported_twosides_sampled,4.2483545e-18,0.0919921710556056,0.0919921710556056,fitted,platt_logistic_regression,0.48023811648639086,0
CC(=O)SC1CC2=CC(=O)CCC2(C3C1C4CCC5(C4(CC3)C)CCC(=O)O5)C,CC1(OC2CC3C4CC(C5=CC(=O)C=CC5(C4C(CC3(C2(O1)C(=O)CO)C)O)C)F)C,1.0,reported_twosides,1.0,0.891810177985089,0.891810177985089,fitted,platt_logistic_regression,0.48023811648639086,1
CC(C)(C)C1=CC=C(C=C1)S(=O)(=O)NC2=C(C(=NC(=N2)C3=NC=CC=N3)OCCO)OC4=CC=CC=C4OC,CCOC1=CC=CC=C1OCCNC(C)CC2=CC(=C(C=C2)OC)S(=O)(=O)N,1.0,reported_twosides,4.2483545e-18,0.0919921710556056,0.0919921710556056,fitted,platt_logistic_regression,0.48023811648639086,0
C1=CC=C(C=C1)C(C2=CC=CC=C2)(C3=CC=CC=C3Cl)N4C=CN=C4,CC12CC(C3(C(C1CC(C2(C(=O)CO)O)O)CCC4=CC(=O)C=CC43C)F)O,1.0,reported_twosides,0.0072840964,0.2947280665955895,0.2947280665955895,fitted,platt_logistic_regression,0.48023811648639086,0
C1=CC(=C(C=C1Cl)Cl)C(CN2C=CN=C2)OCC3=C(SC=C3)Cl,CN1CCC2=C3C1CC4=C(C3=CC=C2)C(=C(C=C4)O)O,0.0,unreported_twosides_sampled,1.428841e-10,0.0919921710556056,0.0919921710556056,fitted,platt_logistic_regression,0.48023811648639086,0
C1CN2C(=CC=C2C(=O)C3=CC=CC=C3)C1C(=O)O,CN1CC(=O)N2C(C1=O)CC3=C(C2C4=CC5=C(C=C4)OCO5)NC6=CC=CC=C36,0.0,unreported_twosides_sampled,1.0,0.891810177985089,0.891810177985089,fitted,platt_logistic_regression,0.48023811648639086,1
C1CN(CCN1CCC2=C(C=C3C(=C2)CC(=O)N3)Cl)C4=NSC5=CC=CC=C54,CC(C(=O)C1=CC(=CC=C1)Cl)NC(C)(C)C,1.0,reported_twosides,1.0,0.891810177985089,0.891810177985089,fitted,platt_logistic_regression,0.48023811648639086,1
C1=CC=C(C=C1)CCNN,CC1=CC2=C(NC3=CC=CC=C3N=C2S1)N4CCN(CC4)C,1.0,reported_twosides,2.7068256e-16,0.0919921710556056,0.0919921710556056,fitted,platt_logistic_regression,0.48023811648639086,0
CC1=NN=C(S1)SCC2=C(N3C(C(C3=O)NC(=O)CN4C=NN=N4)SC2)C(=O)[O-],CCC(CC)OC1C=C(CC(C1NC(=O)C)N)C(=O)OCC,1.0,reported_twosides,1.0,0.891810177985089,0.891810177985089,fitted,platt_logistic_regression,0.48023811648639086,1
CC1(C(N2C(S1)C(C2=O)NC(=O)CC3=CC=CC=C3)C(=O)O)C,CC1C(C(=O)N1S(=O)(=O)O)NC(=O)C(=NOC(C)(C)C(=O)O)C2=CSC(=N2)N,0.0,unreported_twosides_sampled,1.0,0.891810177985089,0.891810177985089,fitted,platt_logistic_regression,0.48023811648639086,1
CC(CC1=CC=CC=C1)N(C)CC#C,CC1=CC2=C(NC3=CC=CC=C3N=C2S1)N4CCN(CC4)C,1.0,reported_twosides,5.882572e-14,0.0919921710556056,0.0919921710556056,fitted,platt_logistic_regression,0.48023811648639086,0
CCCCC1=C(C2=CC=CC=C2O1)C(=O)C3=CC(=C(C(=C3)I)OCC[NH+](CC)CC)I,CS(=O)(=O)C1=CC=C(C=C1)C2=C(C(=O)OC2)C3=CC=CC=C3,1.0,reported_twosides,4.2483545e-18,0.0919921710556056,0.0919921710556056,fitted,platt_logistic_regression,0.48023811648639086,0
CC1=C2C(=NC=C1)N(C3=C(C=CC=N3)C(=O)N2)C4CC4,CCC(=O)OC(C(C)C)OP(=O)(CCCCC1=CC=CC=C1)CC(=O)N2CC(CC2C(=O)[O-])C3CCCCC3,0.0,unreported_twosides_sampled,0.9999987,0.887576218758173,0.887576218758173,fitted,platt_logistic_regression,0.48023811648639086,1
C1CN=C(N1)NC2=C(C3=NC=CN=C3C=C2)Br,CC12CCC3C(C1CCC2(C#C)O)CCC4=CC(=O)CCC34,0.0,unreported_twosides_sampled,1.5442621e-10,0.0919921710556056,0.0919921710556056,fitted,platt_logistic_regression,0.48023811648639086,0
CCCN(CCC)S(=O)(=O)C1=CC=C(C=C1)C(=O)O,CCN(CC)CCOC(=O)C1(CCCCC1)C2CCCCC2,0.0,unreported_twosides_sampled,4.2483545e-18,0.0919921710556056,0.0919921710556056,fitted,platt_logistic_regression,0.48023811648639086,0
CCN(CC)CC(=O)NC1=C(C=CC=C1C)C,CN1CCN(CC1)CCCN2C3=CC=CC=C3SC4=C2C=C(C=C4)Cl,1.0,reported_twosides,4.2483545e-18,0.0919921710556056,0.0919921710556056,fitted,platt_logistic_regression,0.48023811648639086,0
CCCCC(C)(CC=CC1C(CC(=O)C1CCCCCCC(=O)OC)O)O,CN(C)C(=N)N=C(N)N,1.0,reported_twosides,1.3884144e-09,0.0919921710556056,0.0919921710556056,fitted,platt_logistic_regression,0.48023811648639086,0
C(OC(C(F)(F)F)C(F)(F)F)F,CCOC1=CC=CC=C1OCCNC(C)CC2=CC(=C(C=C2)OC)S(=O)(=O)N,0.0,unreported_twosides_sampled,4.2483545e-18,0.0919921710556056,0.0919921710556056,fitted,platt_logistic_regression,0.48023811648639086,0
C1CCC(CC1)C(CCN2CCCCC2)(C3=CC=CC=C3)O,CCN(CC)CCOC(=O)C1(CCCCC1)C2CCCCC2,0.0,unreported_twosides_sampled,4.2483545e-18,0.0919921710556056,0.0919921710556056,fitted,platt_logistic_regression,0.48023811648639086,0
CCC(=O)OC(C(C)C)OP(=O)(CCCCC1=CC=CC=C1)CC(=O)N2CC(CC2C(=O)[O-])C3CCCCC3,CN1C(=NC(=O)C(=N1)[O-])SCC2=C(N3C(C(C3=O)NC(=O)C(=NOC)C4=CSC(=N4)N)SC2)C(=O)[O-],1.0,reported_twosides,0.99916935,0.7386655559781621,0.7386655559781621,fitted,platt_logistic_regression,0.48023811648639086,1
C1CN2C(=CC=C2C(=O)C3=CC=CC=C3)C1C(=O)O,CCC1(CC(=O)NC1=O)C,0.0,unreported_twosides_sampled,0.9999999,0.891810177985089,0.891810177985089,fitted,platt_logistic_regression,0.48023811648639086,1
CCN(CC)CCOC(=O)C1(CCCCC1)C2CCCCC2,CN(C)CCCN1C2=CC=CC=C2CCC3=CC=CC=C31,1.0,reported_twosides,4.2483545e-18,0.0919921710556056,0.0919921710556056,fitted,platt_logistic_regression,0.48023811648639086,0
C1=CC=C2C(=C1)C(=O)NC2(C3=CC(=C(C=C3)Cl)S(=O)(=O)N)O,CCCCC1=C(C2=CC=CC=C2O1)C(=O)C3=CC(=C(C(=C3)I)OCC[NH+](CC)CC)I,0.0,unreported_twosides_sampled,4.2483545e-18,0.0919921710556056,0.0919921710556056,fitted,platt_logistic_regression,0.48023811648639086,0
CC1=C(C(=CC=C1)NC2=CC=CC=C2C(=O)O)C,CCCC(=O)OC1(CCC2C1(CC(C3C2CCC4=CC(=O)CCC34C)O)C)C(=O)CO,0.0,unreported_twosides_sampled,4.2483545e-18,0.0919921710556056,0.0919921710556056,fitted,platt_logistic_regression,0.48023811648639086,0
CCCCCCCCCCCC(CC1C(C(=O)O1)CCCCCC)OC(=O)C(CC(C)C)NC=O,CS(=O)(=O)C1=CC=C(C=C1)C2=C(C(=O)OC2)C3=CC=CC=C3,1.0,reported_twosides,4.2483545e-18,0.0919921710556056,0.0919921710556056,fitted,platt_logistic_regression,0.48023811648639086,0
CCCC1=NN(C2=C1NC(=NC2=O)C3=C(C=CC(=C3)S(=O)(=O)N4CCN(CC4)C)OCC)C,CNS(=O)(=O)CCC1=CC2=C(C=C1)NC=C2C3CCN(CC3)C,1.0,reported_twosides,4.2483545e-18,0.0919921710556056,0.0919921710556056,fitted,platt_logistic_regression,0.48023811648639086,0
C1=CC=C2C(=C1)C(=O)NC2(C3=CC(=C(C=C3)Cl)S(=O)(=O)N)O,CN1CCN(CC1)CCCN2C3=CC=CC=C3SC4=C2C=C(C=C4)Cl,1.0,reported_twosides,1.0,0.891810177985089,0.891810177985089,fitted,platt_logistic_regression,0.48023811648639086,1
CC1NC2=CC(=C(C=C2C(=O)N1C3=CC=CC=C3C)S(=O)(=O)N)Cl,CN(C)C(=N)N=C(N)N,1.0,reported_twosides,1.0,0.891810177985089,0.891810177985089,fitted,platt_logistic_regression,0.48023811648639086,1
CC(C)(C)NCC(C1=CC(=C(C=C1)O)CO)O,CCCN(CCC)S(=O)(=O)C1=CC=C(C=C1)C(=O)O,1.0,reported_twosides,1.4213069e-13,0.0919921710556056,0.0919921710556056,fitted,platt_logistic_regression,0.48023811648639086,0
CC(CCC(=O)O)C1CCC2C1(CCC3C2C(CC4C3(CCC(C4)O)C)O)C,CC1(C(N2C(S1)C(C2=O)NC(=O)CC3=CC=CC=C3)C(=O)O)C,0.0,unreported_twosides_sampled,4.2483545e-18,0.0919921710556056,0.0919921710556056,fitted,platt_logistic_regression,0.48023811648639086,0
CC1=CC2=C(C=C1C(=C)C3=CC=C(C=C3)C(=O)O)C(CCC2(C)C)(C)C,CCCNC1CCC2=C(C1)SC(=N2)N,0.0,unreported_twosides_sampled,4.2483545e-18,0.0919921710556056,0.0919921710556056,fitted,platt_logistic_regression,0.48023811648639086,0
CCN(CCCC(C)NC1=C2C=CC(=CC2=NC=C1)Cl)CCO,CN(C)C(=N)N=C(N)N,1.0,reported_twosides,4.2483545e-18,0.0919921710556056,0.0919921710556056,fitted,platt_logistic_regression,0.48023811648639086,0
CCC(=O)OC(C(C)C)OP(=O)(CCCCC1=CC=CC=C1)CC(=O)N2CC(CC2C(=O)[O-])C3CCCCC3,CCOC1=CC=CC=C1OCCNC(C)CC2=CC(=C(C=C2)OC)S(=O)(=O)N,1.0,reported_twosides,4.2483545e-18,0.0919921710556056,0.0919921710556056,fitted,platt_logistic_regression,0.48023811648639086,0
CC1CCC2CC(C(=CC=CC=CC(CC(C(=O)C(C(C(=CC(C(=O)CC(OC(=O)C3CCCCN3C(=O)C(=O)C1(O2)O)C(C)CC4CCC(C(C4)OC)O)C)C)O)OC)C)C)C)OC,CCC1=C(C(=NC(=N1)N)N)C2=CC=C(C=C2)Cl,0.0,unreported_twosides_sampled,0.0012356655,0.23940666959614454,0.23940666959614454,fitted,platt_logistic_regression,0.48023811648639086,0
CC(CC1=CC(=C(C=C1)O)O)(C(=O)O)N,CC1=CC2=C(NC3=CC=CC=C3N=C2S1)N4CCN(CC4)C,1.0,reported_twosides,1.5294661e-12,0.0919921710556056,0.0919921710556056,fitted,platt_logistic_regression,0.48023811648639086,0
CCCC(=O)OC1(CCC2C1(CC(C3C2CCC4=CC(=O)CCC34C)O)C)C(=O)CO,CCCNC(=O)NS(=O)(=O)C1=CC=C(C=C1)Cl,0.0,unreported_twosides_sampled,1.6823427e-15,0.0919921710556056,0.0919921710556056,fitted,platt_logistic_regression,0.48023811648639086,0
C1=CC=C(C=C1)CCNN,CN1CCN(CC1)CCCN2C3=CC=CC=C3SC4=C2C=C(C=C4)Cl,0.0,unreported_twosides_sampled,5.780904e-12,0.0919921710556056,0.0919921710556056,fitted,platt_logistic_regression,0.48023811648639086,0
CC1=C(C(=CC=C1)NC2=CC=CC=C2C(=O)O)C,CCCCCC(CCC1C(CC2C1CC3=C(C2)C(=CC=C3)OCC(=O)O)O)O,0.0,unreported_twosides_sampled,4.2483545e-18,0.0919921710556056,0.0919921710556056,fitted,platt_logistic_regression,0.48023811648639086,0
C1=CC=C(C=C1)C(C2=CC=CC=C2)(C3=CC=CC=C3Cl)N4C=CN=C4,CC(CC1=CC(=C(C=C1)O)O)(C(=O)O)N,0.0,unreported_twosides_sampled,1.0,0.891810177985089,0.891810177985089,fitted,platt_logistic_regression,0.48023811648639086,1
C1=CC=C(C=C1)C(C2=CC=CC=C2)(C3=CC=CC=C3Cl)N4C=CN=C4,CCN(CC)CCOC(=O)C1(CCCCC1)C2CCCCC2,1.0,reported_twosides,1.6767337e-06,0.09909987780473924,0.09909987780473924,fitted,platt_logistic_regression,0.48023811648639086,0
CC(=O)SC1CC2=CC(=O)CCC2(C3C1C4CCC5(C4(CC3)C)CCC(=O)O5)C,CC1=C(N=CN1)CSCCNC(=NC)NC#N,1.0,reported_twosides,1.0,0.891810177985089,0.891810177985089,fitted,platt_logistic_regression,0.48023811648639086,1
C(N)(N)(Cl)Cl,CC1=C(C(CCC1)(C)C)C=CC(=CC=CC(=CCO)C)C,0.0,unreported_twosides_sampled,0.9397282,0.5859366688027523,0.5859366688027523,fitted,platt_logistic_regression,0.48023811648639086,1
C1CC(C1)(C(=O)O)C(=O)O.N.N.[Pt],CC(C)(C)NCC(C1=NC(=C(C=C1)O)CO)O,0.0,unreported_twosides_sampled,4.2483545e-18,0.0919921710556056,0.0919921710556056,fitted,platt_logistic_regression,0.48023811648639086,0
C1CN2C(=CC=C2C(=O)C3=CC=CC=C3)C1C(=O)O,CC(C)(C)NCC(COC1=NSN=C1N2CCOCC2)O,1.0,reported_twosides,1.0416724e-06,0.09253654051315421,0.09253654051315421,fitted,platt_logistic_regression,0.48023811648639086,0
CC1(OC2CC3C4CCC5=CC(=O)C=CC5(C4C(CC3(C2(O1)C(=O)CO)C)O)C)C,CC1=NC=C(N1CCO)[N+](=O)[O-],1.0,reported_twosides,1.0,0.891810177985089,0.891810177985089,fitted,platt_logistic_regression,0.48023811648639086,1
C1=CN(C(=O)N=C1N)C2C(C(C(O2)CO)O)O,CC(C)(C)C1=CC=C(C=C1)S(=O)(=O)NC2=C(C(=NC(=N2)C3=NC=CC=N3)OCCO)OC4=CC=CC=C4OC,0.0,unreported_twosides_sampled,4.2483545e-18,0.0919921710556056,0.0919921710556056,fitted,platt_logistic_regression,0.48023811648639086,0
CC12CC(=O)C3C(C1CCC2(C(=O)CO)O)CCC4=CC(=O)C=CC34C,CN1CCN(CC1)CCCN2C3=CC=CC=C3SC4=C2C=C(C=C4)Cl,1.0,reported_twosides,9.934724e-06,0.1274145782101783,0.1274145782101783,fitted,platt_logistic_regression,0.48023811648639086,0
C(C(CO[N+](=O)[O-])O[N+](=O)[O-])O[N+](=O)[O-],CN(C)CCCN1C2=CC=CC=C2CCC3=CC=CC=C31,1.0,reported_twosides,6.1316765e-09,0.0919921710556056,0.0919921710556056,fitted,platt_logistic_regression,0.48023811648639086,0
CC1=C(N=CN1)CSCCNC(=NC)NC#N,CC1=NN=C(S1)SCC2=C(N3C(C(C3=O)NC(=O)CN4C=NN=N4)SC2)C(=O)[O-],1.0,reported_twosides,1.0,0.891810177985089,0.891810177985089,fitted,platt_logistic_regression,0.48023811648639086,1
CC1CC2C(CCC3(C2CCC3(C(=O)C)O)C)C4(C1=CC(=O)CC4)C,CCC1=C(C(=NC(=N1)N)N)C2=CC=C(C=C2)Cl,0.0,unreported_twosides_sampled,4.2483545e-18,0.0919921710556056,0.0919921710556056,fitted,platt_logistic_regression,0.48023811648639086,0
CC(=O)N(CC(CO)O)C1=C(C(=C(C(=C1I)C(=O)NCC(CO)O)I)C(=O)NCC(CO)O)I,CC(C)(C)NCC(C1=NC(=C(C=C1)O)CO)O,0.0,unreported_twosides_sampled,4.2483545e-18,0.0919921710556056,0.0919921710556056,fitted,platt_logistic_regression,0.48023811648639086,0
CC(C)(CC1=CC=CC=C1)N,CCCCCCCCCCCC(CC1C(C(=O)O1)CCCCCC)OC(=O)C(CC(C)C)NC=O,1.0,reported_twosides,4.2483545e-18,0.0919921710556056,0.0919921710556056,fitted,platt_logistic_regression,0.48023811648639086,0
CC1C=CC=CCCC=CC=CC=CC=CC(CC(C(C(CC(=O)CC(C(CCC(CC(CC(CC(=O)OC(C(C1O)C)C)O)O)O)O)O)O)C(=O)O)O)OC2C(C(C(C(O2)C)O)N)O,CN(C)CCC=C1C2=CC=CC=C2C=CC3=CC=CC=C31,1.0,reported_twosides,1.0,0.891810177985089,0.891810177985089,fitted,platt_logistic_regression,0.48023811648639086,1
CC(C)(C)NCC(C1=CC(=C(C=C1)O)CO)O,CC1=CC2=C(NC3=CC=CC=C3N=C2S1)N4CCN(CC4)C,1.0,reported_twosides,4.2483545e-18,0.0919921710556056,0.0919921710556056,fitted,platt_logistic_regression,0.48023811648639086,0
C1CC(C1)(C(=O)O)C(=O)O.N.N.[Pt],CC1=C(C(CCC1)(C)C)C=CC(=CC=CC(=CCO)C)C,0.0,unreported_twosides_sampled,7.1549824e-09,0.0919921710556056,0.0919921710556056,fitted,platt_logistic_regression,0.48023811648639086,0
C(OC(C(F)(F)F)C(F)(F)F)F,CC(=O)SC1CC2=CC(=O)CCC2(C3C1C4CCC5(C4(CC3)C)CCC(=O)O5)C,1.0,reported_twosides,0.9999194,0.8038550019868923,0.8038550019868923,fitted,platt_logistic_regression,0.48023811648639086,1
C1CN=C(N1)NC2=C(C3=NC=CN=C3C=C2)Br,CN1C(=NC(=O)C(=N1)[O-])SCC2=C(N3C(C(C3=O)NC(=O)C(=NOC)C4=CSC(=N4)N)SC2)C(=O)[O-],1.0,reported_twosides,0.9999999,0.891810177985089,0.891810177985089,fitted,platt_logistic_regression,0.48023811648639086,1
CC(CC1=CC(=C(C=C1)O)O)(C(=O)O)N,CCCCCC(C=CC1C(CC(=O)C1CCCCCCC(=O)O)O)O,0.0,unreported_twosides_sampled,4.2483545e-18,0.0919921710556056,0.0919921710556056,fitted,platt_logistic_regression,0.48023811648639086,0
C1CC(=O)NC(=O)C1N2C(=O)C3=CC=CC=C3C2=O,CCOC1=NC2=CC=CC(=C2N1CC3=CC=C(C=C3)C4=CC=CC=C4C5=NNN=N5)C(=O)O,1.0,reported_twosides,1.0,0.891810177985089,0.891810177985089,fitted,platt_logistic_regression,0.48023811648639086,1
CC12CC(C3(C(C1CC(C2(C(=O)CO)O)O)CCC4=CC(=O)C=CC43C)F)O,CC1=C(N=CN1)CSCCNC(=NC)NC#N,1.0,reported_twosides,1.0,0.891810177985089,0.891810177985089,fitted,platt_logistic_regression,0.48023811648639086,1
CC(=O)SC1CC2=CC(=O)CCC2(C3C1C4CCC5(C4(CC3)C)CCC(=O)O5)C,CCCCCC(CCC1C(CC2C1CC3=C(C2)C(=CC=C3)OCC(=O)O)O)O,1.0,reported_twosides,5.36338e-18,0.0919921710556056,0.0919921710556056,fitted,platt_logistic_regression,0.48023811648639086,0
CC1=C2C(=NC=C1)N(C3=C(C=CC=N3)C(=O)N2)C4CC4,CN1CCN(CC1)CCCN2C3=CC=CC=C3SC4=C2C=C(C=C4)Cl,1.0,reported_twosides,1.0,0.891810177985089,0.891810177985089,fitted,platt_logistic_regression,0.48023811648639086,1
CC1=CC2C(CCC3(C2CCC3(C(=O)C)O)C)C4(C1=CC(=O)CC4)C,CCCCCC(CCC1C(CC2C1CC3=C(C2)C(=CC=C3)OCC(=O)O)O)O,0.0,unreported_twosides_sampled,4.2483545e-18,0.0919921710556056,0.0919921710556056,fitted,platt_logistic_regression,0.48023811648639086,0
C1CN(CCN1CCC2=C(C=C3C(=C2)CC(=O)N3)Cl)C4=NSC5=CC=CC=C54,CNS(=O)(=O)CCC1=CC2=C(C=C1)NC=C2C3CCN(CC3)C,1.0,reported_twosides,1.0,0.891810177985089,0.891810177985089,fitted,platt_logistic_regression,0.48023811648639086,1
CC(C)(C)C1=CC=C(C=C1)S(=O)(=O)NC2=C(C(=NC(=N2)C3=NC=CC=N3)OCCO)OC4=CC=CC=C4OC,CC1=CC2=C(C=C1C(=C)C3=CC=C(C=C3)C(=O)O)C(CCC2(C)C)(C)C,0.0,unreported_twosides_sampled,4.2483545e-18,0.0919921710556056,0.0919921710556056,fitted,platt_logistic_regression,0.48023811648639086,0
CC1CC2C(CCC3(C2CCC3(C(=O)C)O)C)C4(C1=CC(=O)CC4)C,CCCCC(C)(CC=CC1C(CC(=O)C1CCCCCCC(=O)OC)O)O,0.0,unreported_twosides_sampled,4.2483545e-18,0.0919921710556056,0.0919921710556056,fitted,platt_logistic_regression,0.48023811648639086,0
C1CC(C1)(C(=O)O)C(=O)O.N.N.[Pt],CC1(OC2CC3C4CC(C5=CC(=O)C=CC5(C4C(CC3(C2(O1)C(=O)CO)C)O)C)F)C,0.0,unreported_twosides_sampled,4.2483545e-18,0.0919921710556056,0.0919921710556056,fitted,platt_logistic_regression,0.48023811648639086,0
C1CN(CCN1CCC2=C(C=C3C(=C2)CC(=O)N3)Cl)C4=NSC5=CC=CC=C54,CCCNC1CCC2=C(C1)SC(=N2)N,1.0,reported_twosides,4.2319054e-14,0.0919921710556056,0.0919921710556056,fitted,platt_logistic_regression,0.48023811648639086,0
CC(CCC(=O)O)C1CCC2C1(CCC3C2C(CC4C3(CCC(C4)O)C)O)C,CCCNC1CCC2=C(C1)SC(=N2)N,1.0,reported_twosides,4.2483545e-18,0.0919921710556056,0.0919921710556056,fitted,platt_logistic_regression,0.48023811648639086,0
C1CC(C1)(C(=O)O)C(=O)O.N.N.[Pt],CC1=CC2=C(C=C1C(=C)C3=CC=C(C=C3)C(=O)O)C(CCC2(C)C)(C)C,1.0,reported_twosides,4.2483545e-18,0.0919921710556056,0.0919921710556056,fitted,platt_logistic_regression,0.48023811648639086,0
CC1CC2C(CCC3(C2CCC3(C(=O)C)O)C)C4(C1=CC(=O)CC4)C,CCN(CCCC(C)NC1=C2C=CC(=CC2=NC=C1)Cl)CCO,1.0,reported_twosides,4.2483545e-18,0.0919921710556056,0.0919921710556056,fitted,platt_logistic_regression,0.48023811648639086,0
CCCCN1CCCCC1C(=O)NC2=C(C=CC=C2C)C,CCCNC(=O)NS(=O)(=O)C1=CC=C(C=C1)Cl,0.0,unreported_twosides_sampled,4.2483545e-18,0.0919921710556056,0.0919921710556056,fitted,platt_logistic_regression,0.48023811648639086,0
CC(C1=CC(=C(C=C1)C2=CC=CC=C2)F)C(=O)O,CCN(CC)CC(=O)NC1=C(C=CC=C1C)C,1.0,reported_twosides,2.142934e-16,0.0919921710556056,0.0919921710556056,fitted,platt_logistic_regression,0.48023811648639086,0
CCCC1=NN(C2=C1NC(=NC2=O)C3=C(C=CC(=C3)S(=O)(=O)N4CCN(CC4)C)OCC)C,CN(C)C(=N)N=C(N)N,1.0,reported_twosides,4.2483545e-18,0.0919921710556056,0.0919921710556056,fitted,platt_logistic_regression,0.48023811648639086,0
CC(C)(C)NCC(C1=NC(=C(C=C1)O)CO)O,CCC1=C(C(=NC(=N1)N)N)C2=CC=C(C=C2)Cl,0.0,unreported_twosides_sampled,5.6921645e-10,0.0919921710556056,0.0919921710556056,fitted,platt_logistic_regression,0.48023811648639086,0
CC(=O)SC1CC2=CC(=O)CCC2(C3C1C4CCC5(C4(CC3)C)CCC(=O)O5)C,CC(C)(C)NCC(COC1=NSN=C1N2CCOCC2)O,1.0,reported_twosides,2.1078244e-09,0.0919921710556056,0.0919921710556056,fitted,platt_logistic_regression,0.48023811648639086,0
CC(C)(C)NCC(C1=NC(=C(C=C1)O)CO)O,CC12CC(=O)C3C(C1CCC2(C(=O)CO)O)CCC4=CC(=O)C=CC34C,1.0,reported_twosides,4.406125e-08,0.0919921710556056,0.0919921710556056,fitted,platt_logistic_regression,0.48023811648639086,0
C1CC(C1)(C(=O)O)C(=O)O.N.N.[Pt],CN(C)CCC=C1C2=CC=CC=C2C=CC3=CC=CC=C31,1.0,reported_twosides,2.757988e-08,0.0919921710556056,0.0919921710556056,fitted,platt_logistic_regression,0.48023811648639086,0
C1CCC(CC1)C(CCN2CCCCC2)(C3=CC=CC=C3)O,CCP(CC)CC.CC(=O)OCC1C(C(C(C(O1)[S-])OC(=O)C)OC(=O)C)OC(=O)C.[Au+],0.0,unreported_twosides_sampled,8.626492e-16,0.0919921710556056,0.0919921710556056,fitted,platt_logistic_regression,0.48023811648639086,0
CC12CC(C3(C(C1CC(C2(C(=O)CO)O)O)CCC4=CC(=O)C=CC43C)F)O,CCC(CC)OC1C=C(CC(C1NC(=O)C)N)C(=O)OCC,1.0,reported_twosides,4.2483545e-18,0.0919921710556056,0.0919921710556056,fitted,platt_logistic_regression,0.48023811648639086,0
C(C(CO[N+](=O)[O-])O[N+](=O)[O-])O[N+](=O)[O-],CC(CC1=CC=CC=C1)N(C)CC#C,0.0,unreported_twosides_sampled,0.0009505176,0.23187596890470036,0.23187596890470036,fitted,platt_logistic_regression,0.48023811648639086,0
CC1=CC2C(CCC3(C2CCC3(C(=O)C)O)C)C4(C1=CC(=O)CC4)C,CN(C)CCC=C1C2=CC=CC=C2C=CC3=CC=CC=C31,1.0,reported_twosides,3.6943277e-08,0.0919921710556056,0.0919921710556056,fitted,platt_logistic_regression,0.48023811648639086,0
C(N)(N)(Cl)Cl,CS(=O)(=O)C1=CC=C(C=C1)C2=C(C(=O)OC2)C3=CC=CC=C3,1.0,reported_twosides,1.4131777e-05,0.13378344470000755,0.13378344470000755,fitted,platt_logistic_regression,0.48023811648639086,0
CC1C=CC=CCCC=CC=CC=CC=CC(CC(C(C(CC(=O)CC(C(CCC(CC(CC(CC(=O)OC(C(C1O)C)C)O)O)O)O)O)O)C(=O)O)O)OC2C(C(C(C(O2)C)O)N)O,CCCC(CCC)C(=O)O,1.0,reported_twosides,4.2483545e-18,0.0919921710556056,0.0919921710556056,fitted,platt_logistic_regression,0.48023811648639086,0
CC1(C(N2C(S1)C(C2=O)NC(=O)CC3=CC=CC=C3)C(=O)O)C,CN(C)C(=N)N=C(N)N,0.0,unreported_twosides_sampled,0.9946708,0.6775225613929516,0.6775225613929516,fitted,platt_logistic_regression,0.48023811648639086,1
C1CC(=O)NC(=O)C1N2C(=O)C3=CC=CC=C3C2=O,CC1=CC2C(CCC3(C2CCC3(C(=O)C)O)C)C4(C1=CC(=O)CC4)C,1.0,reported_twosides,4.2483545e-18,0.0919921710556056,0.0919921710556056,fitted,platt_logistic_regression,0.48023811648639086,0
CC(C(=O)C1=CC(=CC=C1)Cl)NC(C)(C)C,CCCCN1CCCCC1C(=O)NC2=C(C=CC=C2C)C,1.0,reported_twosides,4.2483545e-18,0.0919921710556056,0.0919921710556056,fitted,platt_logistic_regression,0.48023811648639086,0
CC1=CC(=CC=C1)NC2=C(C=NC=C2)S(=O)(=O)NC(=O)NC(C)C,CCC1=C(C(=NC(=N1)N)N)C2=CC=C(C=C2)Cl,0.0,unreported_twosides_sampled,5.989275e-15,0.0919921710556056,0.0919921710556056,fitted,platt_logistic_regression,0.48023811648639086,0
CC(C)C1=NC(=CS1)CN(C)C(=O)NC(C(C)C)C(=O)NC(CC2=CC=CC=C2)CC(C(CC3=CC=CC=C3)NC(=O)OCC4=CN=CS4)O,CC1=C2C(=NC=C1)N(C3=C(C=CC=N3)C(=O)N2)C4CC4,1.0,reported_twosides,1.0,0.891810177985089,0.891810177985089,fitted,platt_logistic_regression,0.48023811648639086,1
CC1CC2C(CCC3(C2CCC3(C(=O)C)O)C)C4(C1=CC(=O)CC4)C,CCC(=C)C(=O)C1=C(C(=C(C=C1)OCC(=O)O)Cl)Cl,0.0,unreported_twosides_sampled,4.2483545e-18,0.0919921710556056,0.0919921710556056,fitted,platt_logistic_regression,0.48023811648639086,0
C1CC(C1)(C(=O)O)C(=O)O.N.N.[Pt],CCN(CC)CCOC(=O)C1(CCCCC1)C2CCCCC2,0.0,unreported_twosides_sampled,4.2483545e-18,0.0919921710556056,0.0919921710556056,fitted,platt_logistic_regression,0.48023811648639086,0
C(OC(C(F)(F)F)C(F)(F)F)F,CCCCC1=C(C2=CC=CC=C2O1)C(=O)C3=CC(=C(C(=C3)I)OCC[NH+](CC)CC)I,0.0,unreported_twosides_sampled,4.2483545e-18,0.0919921710556056,0.0919921710556056,fitted,platt_logistic_regression,0.48023811648639086,0
CC12CC(=O)C3C(C1CCC2(C(=O)CO)O)CCC4=CC(=O)C=CC34C,CCCN(CCC)S(=O)(=O)C1=CC=C(C=C1)C(=O)O,1.0,reported_twosides,0.4633554,0.4716630813312339,0.4716630813312339,fitted,platt_logistic_regression,0.48023811648639086,0
C(N)(N)(Cl)Cl,CC1(C(N2C(S1)C(C2=O)NC(=O)CC3=CC=CC=C3)C(=O)O)C,0.0,unreported_twosides_sampled,0.008496882,0.29989085520321523,0.29989085520321523,fitted,platt_logistic_regression,0.48023811648639086,0
C1=CC=C(C=C1)C(C2=CC=CC=C2)(C3=CC=CC=C3Cl)N4C=CN=C4,CC(C)(CC1=CC=CC=C1)N,0.0,unreported_twosides_sampled,1.0,0.891810177985089,0.891810177985089,fitted,platt_logistic_regression,0.48023811648639086,1
CC1=NC=C(N1CCO)[N+](=O)[O-],CCCNC1CCC2=C(C1)SC(=N2)N,1.0,reported_twosides,4.2483545e-18,0.0919921710556056,0.0919921710556056,fitted,platt_logistic_regression,0.48023811648639086,0
CC12CC(=O)C3C(C1CCC2(C(=O)CO)O)CCC4=CC(=O)C=CC34C,CC1CC2C(CCC3(C2CCC3(C(=O)C)O)C)C4(C1=CC(=O)CC4)C,1.0,reported_twosides,4.2483545e-18,0.0919921710556056,0.0919921710556056,fitted,platt_logistic_regression,0.48023811648639086,0
CC(CCC(=O)O)C1CCC2C1(CCC3C2C(CC4C3(CCC(C4)O)C)O)C,CS(=O)(=O)C1=CC=C(C=C1)C2=C(C(=O)OC2)C3=CC=CC=C3,1.0,reported_twosides,4.2483545e-18,0.0919921710556056,0.0919921710556056,fitted,platt_logistic_regression,0.48023811648639086,0
CCCCCCCCCCCC(CC1C(C(=O)O1)CCCCCC)OC(=O)C(CC(C)C)NC=O,CN1CCC2=C3C1CC4=C(C3=CC=C2)C(=C(C=C4)O)O,0.0,unreported_twosides_sampled,4.2483545e-18,0.0919921710556056,0.0919921710556056,fitted,platt_logistic_regression,0.48023811648639086,0
CC1=NN=C(S1)SCC2=C(N3C(C(C3=O)NC(=O)CN4C=NN=N4)SC2)C(=O)[O-],CCN(CC)CC(=O)NC1=C(C=CC=C1C)C,1.0,reported_twosides,0.00038061535,0.20692786932577523,0.20692786932577523,fitted,platt_logistic_regression,0.48023811648639086,0
C1=CC=C(C=C1)C(C2=CC=CC=C2)(C3=CC=CC=C3Cl)N4C=CN=C4,C1=CN(C(=O)N=C1N)C2C(C(C(O2)CO)O)O,1.0,reported_twosides,1.0,0.891810177985089,0.891810177985089,fitted,platt_logistic_regression,0.48023811648639086,1
CCCNC(=O)NS(=O)(=O)C1=CC=C(C=C1)Cl,CS(=O)(=O)C1=CC=C(C=C1)C2=C(C(=O)OC2)C3=CC=CC=C3,1.0,reported_twosides,6.478827e-07,0.0919921710556056,0.0919921710556056,fitted,platt_logistic_regression,0.48023811648639086,0
CC(CCC(=O)O)C1CCC2C1(CCC3C2C(CC4C3(CCC(C4)O)C)O)C,CN1CCN(CC1)CCCN2C3=CC=CC=C3SC4=C2C=C(C=C4)Cl,1.0,reported_twosides,4.2483545e-18,0.0919921710556056,0.0919921710556056,fitted,platt_logistic_regression,0.48023811648639086,0
CC(C)C1=NC(=CS1)CN(C)C(=O)NC(C(C)C)C(=O)NC(CC2=CC=CC=C2)CC(C(CC3=CC=CC=C3)NC(=O)OCC4=CN=CS4)O,CCCC1=NN(C2=C1NC(=NC2=O)C3=C(C=CC(=C3)S(=O)(=O)N4CCN(CC4)C)OCC)C,1.0,reported_twosides,2.2005116e-09,0.0919921710556056,0.0919921710556056,fitted,platt_logistic_regression,0.48023811648639086,0
CCC1(CC(=O)NC1=O)C,CCP(CC)CC.CC(=O)OCC1C(C(C(C(O1)[S-])OC(=O)C)OC(=O)C)OC(=O)C.[Au+],0.0,unreported_twosides_sampled,7.851635e-16,0.0919921710556056,0.0919921710556056,fitted,platt_logistic_regression,0.48023811648639086,0
CC(C)(C)NCC(C1=NC(=C(C=C1)O)CO)O,CCN(CCCC(C)NC1=C2C=CC(=CC2=NC=C1)Cl)CCO,1.0,reported_twosides,4.2483545e-18,0.0919921710556056,0.0919921710556056,fitted,platt_logistic_regression,0.48023811648639086,0
CC(C1=CC(=C(C=C1)C2=CC=CC=C2)F)C(=O)O,CC1CC2C(CCC3(C2CCC3(C(=O)C)O)C)C4(C1=CC(=O)CC4)C,0.0,unreported_twosides_sampled,4.2483545e-18,0.0919921710556056,0.0919921710556056,fitted,platt_logistic_regression,0.48023811648639086,0
CC(C)(C)C1=CC=C(C=C1)S(=O)(=O)NC2=C(C(=NC(=N2)C3=NC=CC=N3)OCCO)OC4=CC=CC=C4OC,CCCCN1CCCCC1C(=O)NC2=C(C=CC=C2C)C,0.0,unreported_twosides_sampled,4.2483545e-18,0.0919921710556056,0.0919921710556056,fitted,platt_logistic_regression,0.48023811648639086,0
C1=CC=C2C(=C1)C(=O)NC2(C3=CC(=C(C=C3)Cl)S(=O)(=O)N)O,S=[Se],0.0,unreported_twosides_sampled,1.0,0.891810177985089,0.891810177985089,fitted,platt_logistic_regression,0.48023811648639086,1
CC(C)(C)NCC(C1=NC(=C(C=C1)O)CO)O,CNS(=O)(=O)CCC1=CC2=C(C=C1)NC=C2C3CCN(CC3)C,0.0,unreported_twosides_sampled,4.2483545e-18,0.0919921710556056,0.0919921710556056,fitted,platt_logistic_regression,0.48023811648639086,0
C1CC(=O)NC(=O)C1N2C(=O)C3=CC=CC=C3C2=O,CN1CCN(CC1)CCCN2C3=CC=CC=C3SC4=C2C=C(C=C4)Cl,1.0,reported_twosides,1.9425174e-14,0.0919921710556056,0.0919921710556056,fitted,platt_logistic_regression,0.48023811648639086,0
CC12CCC3C(C1CCC2(C#C)O)CCC4=CC(=O)CCC34,CS(=O)(=O)C1=CC=C(C=C1)C2=C(C(=O)OC2)C3=CC=CC=C3,1.0,reported_twosides,5.2881046e-06,0.11666435713864864,0.11666435713864864,fitted,platt_logistic_regression,0.48023811648639086,0
CN1C(=NC(=O)C(=N1)[O-])SCC2=C(N3C(C(C3=O)NC(=O)C(=NOC)C4=CSC(=N4)N)SC2)C(=O)[O-],COC1=C(C=C2C(=C1)CC(C2=O)CC3CCN(CC3)CC4=CC=CC=C4)OC,1.0,reported_twosides,8.147329e-16,0.0919921710556056,0.0919921710556056,fitted,platt_logistic_regression,0.48023811648639086,0
CC12CC(=O)C3C(C1CCC2(C(=O)CO)O)CCC4=CC(=O)C=CC34C,CN(C)CCC=C1C2=CC=CC=C2C=CC3=CC=CC=C31,1.0,reported_twosides,1.0,0.891810177985089,0.891810177985089,fitted,platt_logistic_regression,0.48023811648639086,1
CC(C1=CC(=C(C=C1)C2=CC=CC=C2)F)C(=O)O,CC1=C(N=CN1)CSCCNC(=NC)NC#N,0.0,unreported_twosides_sampled,1.0,0.891810177985089,0.891810177985089,fitted,platt_logistic_regression,0.48023811648639086,1
C1CN=C(N1)NC2=C(C3=NC=CN=C3C=C2)Br,CC(C)(CC1=CC=CC=C1)N,1.0,reported_twosides,3.102841e-12,0.0919921710556056,0.0919921710556056,fitted,platt_logistic_regression,0.48023811648639086,0
CC(=O)SC1CC2=CC(=O)CCC2(C3C1C4CCC5(C4(CC3)C)CCC(=O)O5)C,CC(C)(C)C1=CC=C(C=C1)S(=O)(=O)NC2=C(C(=NC(=N2)C3=NC=CC=N3)OCCO)OC4=CC=CC=C4OC,1.0,reported_twosides,8.874038e-08,0.0919921710556056,0.0919921710556056,fitted,platt_logistic_regression,0.48023811648639086,0
CCN(CCCC(C)NC1=C2C=CC(=CC2=NC=C1)Cl)CCO,CCOC1=CC=CC=C1OCCNC(C)CC2=CC(=C(C=C2)OC)S(=O)(=O)N,1.0,reported_twosides,4.2483545e-18,0.0919921710556056,0.0919921710556056,fitted,platt_logistic_regression,0.48023811648639086,0
CC1=C2C(=NC=C1)N(C3=C(C=CC=N3)C(=O)N2)C4CC4,CC1C=CC=CCCC=CC=CC=CC=CC(CC(C(C(CC(=O)CC(C(CCC(CC(CC(CC(=O)OC(C(C1O)C)C)O)O)O)O)O)O)C(=O)O)O)OC2C(C(C(C(O2)C)O)N)O,0.0,unreported_twosides_sampled,1.0,0.891810177985089,0.891810177985089,fitted,platt_logistic_regression,0.48023811648639086,1
CC1=CC2=C(NC3=CC=CC=C3N=C2S1)N4CCN(CC4)C,COC1=C(C=C2C(=C1)CC(C2=O)CC3CCN(CC3)CC4=CC=CC=C4)OC,1.0,reported_twosides,4.2483545e-18,0.0919921710556056,0.0919921710556056,fitted,platt_logistic_regression,0.48023811648639086,0
CCCC1=NN(C2=C1NC(=NC2=O)C3=C(C=CC(=C3)S(=O)(=O)N4CCN(CC4)C)OCC)C,CN1C(=NC(=O)C(=N1)[O-])SCC2=C(N3C(C(C3=O)NC(=O)C(=NOC)C4=CSC(=N4)N)SC2)C(=O)[O-],1.0,reported_twosides,0.9999999,0.891810177985089,0.891810177985089,fitted,platt_logistic_regression,0.48023811648639086,1
CC(C)(C)NCC(COC1=NSN=C1N2CCOCC2)O,CC1C=CC=CCCC=CC=CC=CC=CC(CC(C(C(CC(=O)CC(C(CCC(CC(CC(CC(=O)OC(C(C1O)C)C)O)O)O)O)O)O)C(=O)O)O)OC2C(C(C(C(O2)C)O)N)O,0.0,unreported_twosides_sampled,4.2483545e-18,0.0919921710556056,0.0919921710556056,fitted,platt_logistic_regression,0.48023811648639086,0
C1=CC=C2C(=C1)C(=O)NC2(C3=CC(=C(C=C3)Cl)S(=O)(=O)N)O,C1CN2C(=CC=C2C(=O)C3=CC=CC=C3)C1C(=O)O,0.0,unreported_twosides_sampled,1.0,0.891810177985089,0.891810177985089,fitted,platt_logistic_regression,0.48023811648639086,1
CC(C)(C)NCC(C1=NC(=C(C=C1)O)CO)O,CCCNC1CCC2=C(C1)SC(=N2)N,1.0,reported_twosides,4.2483545e-18,0.0919921710556056,0.0919921710556056,fitted,platt_logistic_regression,0.48023811648639086,0
C1C2=C(C=CC(=C2Cl)Cl)NC3=NC(=O)CN31,CN1C=NC(=C1SC2=NC=NC3=C2NC=N3)[N+](=O)[O-],0.0,unreported_twosides_sampled,0.9990614,0.7348901273842705,0.7348901273842705,fitted,platt_logistic_regression,0.48023811648639086,1
CC1=C(N=CN1)CSCCNC(=NC)NC#N,CC1=CC2=C(NC3=CC=CC=C3N=C2S1)N4CCN(CC4)C,1.0,reported_twosides,1.0,0.891810177985089,0.891810177985089,fitted,platt_logistic_regression,0.48023811648639086,1
CC1COC2=C3N1C=C(C(=O)C3=CC(=C2N4CCN(CC4)C)F)C(=O)O,COC1=C(C=C2C(=C1)CC(C2=O)CC3CCN(CC3)CC4=CC=CC=C4)OC,1.0,reported_twosides,4.2483545e-18,0.0919921710556056,0.0919921710556056,fitted,platt_logistic_regression,0.48023811648639086,0
CC12CC(=O)C3C(C1CCC2(C(=O)CO)O)CCC4=CC(=O)C=CC34C,CC1NC2=CC(=C(C=C2C(=O)N1C3=CC=CC=C3C)S(=O)(=O)N)Cl,1.0,reported_twosides,1.0,0.891810177985089,0.891810177985089,fitted,platt_logistic_regression,0.48023811648639086,1
CC1=NC=C(N1CCO)[N+](=O)[O-],CN(C)C(=N)N=C(N)N,1.0,reported_twosides,0.99998033,0.8368655581107717,0.8368655581107717,fitted,platt_logistic_regression,0.48023811648639086,1
C(N)(N)(Cl)Cl,CCP(CC)CC.CC(=O)OCC1C(C(C(C(O1)[S-])OC(=O)C)OC(=O)C)OC(=O)C.[Au+],0.0,unreported_twosides_sampled,7.9696756e-11,0.0919921710556056,0.0919921710556056,fitted,platt_logistic_regression,0.48023811648639086,0
CCCCCCCCCCCC(CC1C(C(=O)O1)CCCCCC)OC(=O)C(CC(C)C)NC=O,COC1=C(C=C2C(=C1)CC(C2=O)CC3CCN(CC3)CC4=CC=CC=C4)OC,0.0,unreported_twosides_sampled,4.2483545e-18,0.0919921710556056,0.0919921710556056,fitted,platt_logistic_regression,0.48023811648639086,0
C1CN(CCN1CCC2=C(C=C3C(=C2)CC(=O)N3)Cl)C4=NSC5=CC=CC=C54,CC1=C(N=CN1)CSCCNC(=NC)NC#N,0.0,unreported_twosides_sampled,1.0,0.891810177985089,0.891810177985089,fitted,platt_logistic_regression,0.48023811648639086,1
CC(CC1=CC=CC=C1)N(C)CC#C,CC1=C2C(=NC=C1)N(C3=C(C=CC=N3)C(=O)N2)C4CC4,0.0,unreported_twosides_sampled,1.0,0.891810177985089,0.891810177985089,fitted,platt_logistic_regression,0.48023811648639086,1
CCC1=C(C(=NC(=N1)N)N)C2=CC=C(C=C2)Cl,CCCCCCCCCCCC(CC1C(C(=O)O1)CCCCCC)OC(=O)C(CC(C)C)NC=O,0.0,unreported_twosides_sampled,4.2483545e-18,0.0919921710556056,0.0919921710556056,fitted,platt_logistic_regression,0.48023811648639086,0
C(C(CO[N+](=O)[O-])O[N+](=O)[O-])O[N+](=O)[O-],C(OC(C(F)(F)F)C(F)(F)F)F,1.0,reported_twosides,5.4068005e-06,0.11702903533841516,0.11702903533841516,fitted,platt_logistic_regression,0.48023811648639086,0
CC1=CC2=C(NC3=CC=CC=C3N=C2S1)N4CCN(CC4)C,CCOC1=NC2=CC=CC(=C2N1CC3=CC=C(C=C3)C4=CC=CC=C4C5=NNN=N5)C(=O)O,1.0,reported_twosides,0.98712665,0.6458365126048878,0.6458365126048878,fitted,platt_logistic_regression,0.48023811648639086,1
CC1C=CC=CCCC=CC=CC=CC=CC(CC(C(C(CC(=O)CC(C(CCC(CC(CC(CC(=O)OC(C(C1O)C)C)O)O)O)O)O)O)C(=O)O)O)OC2C(C(C(C(O2)C)O)N)O,CCN(CC)CC(=O)NC1=C(C=CC=C1C)C,1.0,reported_twosides,4.2483545e-18,0.0919921710556056,0.0919921710556056,fitted,platt_logistic_regression,0.48023811648639086,0
CCC(=O)OC(C(C)C)OP(=O)(CCCCC1=CC=CC=C1)CC(=O)N2CC(CC2C(=O)[O-])C3CCCCC3,CCN(CC)CCOC(=O)C1(CCCCC1)C2CCCCC2,0.0,unreported_twosides_sampled,4.2483545e-18,0.0919921710556056,0.0919921710556056,fitted,platt_logistic_regression,0.48023811648639086,0
CC(=O)SC1CC2=CC(=O)CCC2(C3C1C4CCC5(C4(CC3)C)CCC(=O)O5)C,CC1=CC(=CC=C1)CN2CCN(CC2)C(C3=CC=CC=C3)C4=CC=C(C=C4)Cl,1.0,reported_twosides,0.9506709,0.5940978826337511,0.5940978826337511,fitted,platt_logistic_regression,0.48023811648639086,1
CCC1=C2C(=CC=C1)C3=C(N2)C(OCC3)(CC)CC(=O)O,CN1C(=NC(=O)C(=N1)[O-])SCC2=C(N3C(C(C3=O)NC(=O)C(=NOC)C4=CSC(=N4)N)SC2)C(=O)[O-],1.0,reported_twosides,1.0,0.891810177985089,0.891810177985089,fitted,platt_logistic_regression,0.48023811648639086,1
C(=O)([O-])[O-].C(=O)([O-])[O-].C(=O)([O-])[O-].O.[La+3].[La+3],C1=CC=C2C(=C1)C(=O)NC2(C3=CC(=C(C=C3)Cl)S(=O)(=O)N)O,0.0,unreported_twosides_sampled,1.0,0.891810177985089,0.891810177985089,fitted,platt_logistic_regression,0.48023811648639086,1
C1CN=C(N1)NC2=C(C3=NC=CN=C3C=C2)Br,CC1=CC2=C(NC3=CC=CC=C3N=C2S1)N4CCN(CC4)C,1.0,reported_twosides,4.2483545e-18,0.0919921710556056,0.0919921710556056,fitted,platt_logistic_regression,0.48023811648639086,0
C1=CN(C(=O)N=C1N)C2C(C(C(O2)CO)O)O,CC1=CC(=CC=C1)NC2=C(C=NC=C2)S(=O)(=O)NC(=O)NC(C)C,1.0,reported_twosides,4.2483545e-18,0.0919921710556056,0.0919921710556056,fitted,platt_logistic_regression,0.48023811648639086,0
CC(C(=O)C1=CC(=CC=C1)Cl)NC(C)(C)C,CC1=C2C(=NC=C1)N(C3=C(C=CC=N3)C(=O)N2)C4CC4,1.0,reported_twosides,0.9999995,0.891810177985089,0.891810177985089,fitted,platt_logistic_regression,0.48023811648639086,1
CC1=CC2C(CCC3(C2CCC3(C(=O)C)O)C)C4(C1=CC(=O)CC4)C,CN(C)CCCN1C2=CC=CC=C2CCC3=CC=CC=C31,1.0,reported_twosides,4.2483545e-18,0.0919921710556056,0.0919921710556056,fitted,platt_logistic_regression,0.48023811648639086,0
C(C(CO[N+](=O)[O-])O[N+](=O)[O-])O[N+](=O)[O-],CC1COC2=C3N1C=C(C(=O)C3=CC(=C2N4CCN(CC4)C)F)C(=O)O,1.0,reported_twosides,1.0,0.891810177985089,0.891810177985089,fitted,platt_logistic_regression,0.48023811648639086,1
C1=CN(C(=O)N=C1N)C2C(C(C(O2)CO)O)O,C1CC(=O)NC(=O)C1N2C(=O)C3=CC=CC=C3C2=O,1.0,reported_twosides,3.7331375e-08,0.0919921710556056,0.0919921710556056,fitted,platt_logistic_regression,0.48023811648639086,0
CCC(C)C1C(CCC2(O1)CC3CC(O2)CC=C(C(C(C=CC=C4COC5C4(C(C=C(C5O)C)C(=O)O3)O)C)OC6CC(C(C(O6)C)OC7CC(C(C(O7)C)O)OC)OC)C)C.CC1CCC2(CC3CC(O2)CC=C(C(C(C=CC=C4COC5C4(C(C=C(C5O)C)C(=O)O3)O)C)OC6CC(C(C(O6)C)OC7CC(C(C(O7)C)O)OC)OC)C)OC1C(C)C,CCCCCC(C=CC1C(CC(=O)C1CCCCCCC(=O)O)O)O,0.0,unreported_twosides_sampled,4.2483545e-18,0.0919921710556056,0.0919921710556056,fitted,platt_logistic_regression,0.48023811648639086,0
C(C(CO[N+](=O)[O-])O[N+](=O)[O-])O[N+](=O)[O-],C1CN=C(N1)NC2=C(C3=NC=CN=C3C=C2)Br,1.0,reported_twosides,2.966543e-10,0.0919921710556056,0.0919921710556056,fitted,platt_logistic_regression,0.48023811648639086,0
C1=CC=C(C=C1)C(C2=CC=CC=C2)(C3=CC=CC=C3Cl)N4C=CN=C4,CCC1(CC(=O)NC1=O)C,0.0,unreported_twosides_sampled,0.78661275,0.5293680676000423,0.5293680676000423,fitted,platt_logistic_regression,0.48023811648639086,1
CCN(CC)CC(=O)NC1=C(C=CC=C1C)C,CCN(CCCC(C)NC1=C2C=CC(=CC2=NC=C1)Cl)CCO,1.0,reported_twosides,4.2483545e-18,0.0919921710556056,0.0919921710556056,fitted,platt_logistic_regression,0.48023811648639086,0
CC1=C2C(=NC=C1)N(C3=C(C=CC=N3)C(=O)N2)C4CC4,CN(C)CCCN1C2=CC=CC=C2CCC3=CC=CC=C31,0.0,unreported_twosides_sampled,1.0,0.891810177985089,0.891810177985089,fitted,platt_logistic_regression,0.48023811648639086,1
C1=CC=C(C=C1)C(C2=CC=CC=C2)(C3=CC=CC=C3Cl)N4C=CN=C4,CC(C)(C)NCC(C1=NC(=C(C=C1)O)CO)O,1.0,reported_twosides,1.3604514e-05,0.13308347068317875,0.13308347068317875,fitted,platt_logistic_regression,0.48023811648639086,0
COC1=C(C=C2C(=C1)CC(C2=O)CC3CCN(CC3)CC4=CC=CC=C4)OC,S=[Se],0.0,unreported_twosides_sampled,4.2483545e-18,0.0919921710556056,0.0919921710556056,fitted,platt_logistic_regression,0.48023811648639086,0
C1CC(C1)(C(=O)O)C(=O)O.N.N.[Pt],CCCC(CCC)C(=O)O,1.0,reported_twosides,4.2483545e-18,0.0919921710556056,0.0919921710556056,fitted,platt_logistic_regression,0.48023811648639086,0
CC(=O)N(CC(CO)O)C1=C(C(=C(C(=C1I)C(=O)NCC(CO)O)I)C(=O)NCC(CO)O)I,CC(CC1=CC=CC=C1)N(C)CC#C,0.0,unreported_twosides_sampled,4.2483545e-18,0.0919921710556056,0.0919921710556056,fitted,platt_logistic_regression,0.48023811648639086,0
CC(=O)N(CC(CO)O)C1=C(C(=C(C(=C1I)C(=O)NCC(CO)O)I)C(=O)NCC(CO)O)I,CC1(OC2CC3C4CC(C5=CC(=O)C=CC5(C4C(CC3(C2(O1)C(=O)CO)C)O)C)F)C,0.0,unreported_twosides_sampled,4.2483545e-18,0.0919921710556056,0.0919921710556056,fitted,platt_logistic_regression,0.48023811648639086,0
C1=CN(C(=O)N=C1N)C2C(C(C(O2)CO)O)O,CC(C)(C)NCC(C1=CC(=C(C=C1)O)CO)O,1.0,reported_twosides,4.4532827e-10,0.0919921710556056,0.0919921710556056,fitted,platt_logistic_regression,0.48023811648639086,0
C1=CC=C2C(=C1)C(=O)NC2(C3=CC(=C(C=C3)Cl)S(=O)(=O)N)O,CCC1(CC(=O)NC1=O)C,0.0,unreported_twosides_sampled,0.99998534,0.843150265704013,0.843150265704013,fitted,platt_logistic_regression,0.48023811648639086,1
C1CC(=O)NC(=O)C1N2C(=O)C3=CC=CC=C3C2=O,CC(CCC(=O)O)C1CCC2C1(CCC3C2C(CC4C3(CCC(C4)O)C)O)C,0.0,unreported_twosides_sampled,4.2483545e-18,0.0919921710556056,0.0919921710556056,fitted,platt_logistic_regression,0.48023811648639086,0
CC1C=CC=CCCC=CC=CC=CC=CC(CC(C(C(CC(=O)CC(C(CCC(CC(CC(CC(=O)OC(C(C1O)C)C)O)O)O)O)O)O)C(=O)O)O)OC2C(C(C(C(O2)C)O)N)O,CCOC1=NC2=CC=CC(=C2N1CC3=CC=C(C=C3)C4=CC=CC=C4C5=NNN=N5)C(=O)O,1.0,reported_twosides,0.99999976,0.891810177985089,0.891810177985089,fitted,platt_logistic_regression,0.48023811648639086,1
C(C(CO[N+](=O)[O-])O[N+](=O)[O-])O[N+](=O)[O-],CC1=NN=C(S1)SCC2=C(N3C(C(C3=O)NC(=O)CN4C=NN=N4)SC2)C(=O)[O-],1.0,reported_twosides,1.0,0.891810177985089,0.891810177985089,fitted,platt_logistic_regression,0.48023811648639086,1
CC1CC2C(CCC3(C2CCC3(C(=O)C)O)C)C4(C1=CC(=O)CC4)C,CCC(C)C1C(CCC2(O1)CC3CC(O2)CC=C(C(C(C=CC=C4COC5C4(C(C=C(C5O)C)C(=O)O3)O)C)OC6CC(C(C(O6)C)OC7CC(C(C(O7)C)O)OC)OC)C)C.CC1CCC2(CC3CC(O2)CC=C(C(C(C=CC=C4COC5C4(C(C=C(C5O)C)C(=O)O3)O)C)OC6CC(C(C(O6)C)OC7CC(C(C(O7)C)O)OC)OC)C)OC1C(C)C,0.0,unreported_twosides_sampled,4.2483545e-18,0.0919921710556056,0.0919921710556056,fitted,platt_logistic_regression,0.48023811648639086,0
CC(C)(C)NCC(COC1=NSN=C1N2CCOCC2)O,CNS(=O)(=O)CCC1=CC2=C(C=C1)NC=C2C3CCN(CC3)C,0.0,unreported_twosides_sampled,4.2483545e-18,0.0919921710556056,0.0919921710556056,fitted,platt_logistic_regression,0.48023811648639086,0
CC(C)(C)NCC(C1=CC(=C(C=C1)O)CO)O,CC1COC2=C3N1C=C(C(=O)C3=CC(=C2N4CCN(CC4)C)F)C(=O)O,1.0,reported_twosides,0.00026134326,0.19727465946559175,0.19727465946559175,fitted,platt_logistic_regression,0.48023811648639086,0
CC1=CC2=C(NC3=CC=CC=C3N=C2S1)N4CCN(CC4)C,CN1C(=NC(=O)C(=N1)[O-])SCC2=C(N3C(C(C3=O)NC(=O)C(=NOC)C4=CSC(=N4)N)SC2)C(=O)[O-],1.0,reported_twosides,0.026111528,0.33934122742993283,0.33934122742993283,fitted,platt_logistic_regression,0.48023811648639086,0
CC1C(C(=O)N1S(=O)(=O)O)NC(=O)C(=NOC(C)(C)C(=O)O)C2=CSC(=N2)N,CS(=O)(=O)C1=CC=C(C=C1)C2=C(C(=O)OC2)C3=CC=CC=C3,0.0,unreported_twosides_sampled,1.0,0.891810177985089,0.891810177985089,fitted,platt_logistic_regression,0.48023811648639086,1
CCC1=C2C(=CC=C1)C3=C(N2)C(OCC3)(CC)CC(=O)O,CN(C)CCC=C1C2=CC=CC=C2C=CC3=CC=CC=C31,1.0,reported_twosides,0.9898948,0.6547032734938931,0.6547032734938931,fitted,platt_logistic_regression,0.48023811648639086,1
CCN(CC)CC(=O)NC1=C(C=CC=C1C)C,CCOC1=CC=CC=C1OCCNC(C)CC2=CC(=C(C=C2)OC)S(=O)(=O)N,1.0,reported_twosides,4.2483545e-18,0.0919921710556056,0.0919921710556056,fitted,platt_logistic_regression,0.48023811648639086,0
CC(=O)N(CCCCCNC(=O)CCC(=O)N(CCCCCNC(=O)CCC(=O)N(CCCCCN)O)O)O,CCCCC1=C(C2=CC=CC=C2O1)C(=O)C3=CC(=C(C(=C3)I)OCC[NH+](CC)CC)I,0.0,unreported_twosides_sampled,4.2483545e-18,0.0919921710556056,0.0919921710556056,fitted,platt_logistic_regression,0.48023811648639086,0
CC(=O)SC1CC2=CC(=O)CCC2(C3C1C4CCC5(C4(CC3)C)CCC(=O)O5)C,CCCCC(C)(CC=CC1C(CC(=O)C1CCCCCCC(=O)OC)O)O,1.0,reported_twosides,1.0,0.891810177985089,0.891810177985089,fitted,platt_logistic_regression,0.48023811648639086,1
CCOC1=CC=CC=C1OCCNC(C)CC2=CC(=C(C=C2)OC)S(=O)(=O)N,COC1=C(C=C2C(=C1)CC(C2=O)CC3CCN(CC3)CC4=CC=CC=C4)OC,1.0,reported_twosides,4.2483545e-18,0.0919921710556056,0.0919921710556056,fitted,platt_logistic_regression,0.48023811648639086,0
CC(=O)N(CC(CO)O)C1=C(C(=C(C(=C1I)C(=O)NCC(CO)O)I)C(=O)NCC(CO)O)I,CCCC(CCC)C(=O)O,0.0,unreported_twosides_sampled,4.2483545e-18,0.0919921710556056,0.0919921710556056,fitted,platt_logistic_regression,0.48023811648639086,0
CC1=CC2=C(NC3=CC=CC=C3N=C2S1)N4CCN(CC4)C,CCCCCC(CCC1C(CC2C1CC3=C(C2)C(=CC=C3)OCC(=O)O)O)O,0.0,unreported_twosides_sampled,4.2483545e-18,0.0919921710556056,0.0919921710556056,fitted,platt_logistic_regression,0.48023811648639086,0
CC(C(=O)C1=CC(=CC=C1)Cl)NC(C)(C)C,CC(CC1=CC(=C(C=C1)O)O)(C(=O)O)N,1.0,reported_twosides,3.9948023e-12,0.0919921710556056,0.0919921710556056,fitted,platt_logistic_regression,0.48023811648639086,0
CC(=O)SC1CC2=CC(=O)CCC2(C3C1C4CCC5(C4(CC3)C)CCC(=O)O5)C,CC1=CC2=C(NC3=CC=CC=C3N=C2S1)N4CCN(CC4)C,1.0,reported_twosides,0.9222044,0.5753136054430457,0.5753136054430457,fitted,platt_logistic_regression,0.48023811648639086,1
C(C(CO[N+](=O)[O-])O[N+](=O)[O-])O[N+](=O)[O-],CC(CC1=CC(=C(C=C1)O)O)(C(=O)O)N,1.0,reported_twosides,0.9899677,0.6549664429655984,0.6549664429655984,fitted,platt_logistic_regression,0.48023811648639086,1
CC1=CC2C(CCC3(C2CCC3(C(=O)C)O)C)C4(C1=CC(=O)CC4)C,CN1CCN(CC1)CCCN2C3=CC=CC=C3SC4=C2C=C(C=C4)Cl,1.0,reported_twosides,4.2483545e-18,0.0919921710556056,0.0919921710556056,fitted,platt_logistic_regression,0.48023811648639086,0
CC1=CC2=C(C=C1C(=C)C3=CC=C(C=C3)C(=O)O)C(CCC2(C)C)(C)C,CCN(CCCC(C)NC1=C2C=CC(=CC2=NC=C1)Cl)CCO,0.0,unreported_twosides_sampled,4.2483545e-18,0.0919921710556056,0.0919921710556056,fitted,platt_logistic_regression,0.48023811648639086,0
CN(C)CCC=C1C2=CC=CC=C2C=CC3=CC=CC=C31,CN1C=NC(=C1SC2=NC=NC3=C2NC=N3)[N+](=O)[O-],1.0,reported_twosides,0.000108853405,0.1761178245337858,0.1761178245337858,fitted,platt_logistic_regression,0.48023811648639086,0
CC1COC2=C3N1C=C(C(=O)C3=CC(=C2N4CCN(CC4)C)F)C(=O)O,CCOC1=NC2=CC=CC(=C2N1CC3=CC=C(C=C3)C4=CC=CC=C4C5=NNN=N5)C(=O)O,1.0,reported_twosides,1.0,0.891810177985089,0.891810177985089,fitted,platt_logistic_regression,0.48023811648639086,1
CC(C)(C)C1=CC=C(C=C1)S(=O)(=O)NC2=C(C(=NC(=N2)C3=NC=CC=N3)OCCO)OC4=CC=CC=C4OC,CC12CC(C3(C(C1CC(C2(C(=O)CO)O)O)CCC4=CC(=O)C=CC43C)F)O,1.0,reported_twosides,4.2483545e-18,0.0919921710556056,0.0919921710556056,fitted,platt_logistic_regression,0.48023811648639086,0
CCC(=C)C(=O)C1=C(C(=C(C=C1)OCC(=O)O)Cl)Cl,CCC1=C2C(=CC=C1)C3=C(N2)C(OCC3)(CC)CC(=O)O,0.0,unreported_twosides_sampled,0.0003891803,0.2075101000299846,0.2075101000299846,fitted,platt_logistic_regression,0.48023811648639086,0
C(=O)([O-])[O-].C(=O)([O-])[O-].C(=O)([O-])[O-].O.[La+3].[La+3],C1=CN(C(=O)N=C1N)C2C(C(C(O2)CO)O)O,0.0,unreported_twosides_sampled,5.1986215e-05,0.15968986739178948,0.15968986739178948,fitted,platt_logistic_regression,0.48023811648639086,0
CC(CC1=CC=CC=C1)N(C)CC#C,CCCCCC(C=CC1C(CC(=O)C1CCCCCCC(=O)O)O)O,0.0,unreported_twosides_sampled,4.2483545e-18,0.0919921710556056,0.0919921710556056,fitted,platt_logistic_regression,0.48023811648639086,0
CC1=C(N=CN1)CSCCNC(=NC)NC#N,CC1CC2C(CCC3(C2CCC3(C(=O)C)O)C)C4(C1=CC(=O)CC4)C,1.0,reported_twosides,0.009283521,0.3028854025678715,0.3028854025678715,fitted,platt_logistic_regression,0.48023811648639086,0
CC(C(=O)C1=CC(=CC=C1)Cl)NC(C)(C)C,CN(C)CCC=C1C2=CC=CC=C2COC3=C1C=C(C=C3)CC(=O)O,1.0,reported_twosides,0.99148226,0.6608849693958361,0.6608849693958361,fitted,platt_logistic_regression,0.48023811648639086,1
CC(C)C(CC1=CC(=C(C=C1)OC)OCCCOC)CC(C(CC(C(C)C)C(=O)NCC(C)(C)C(=O)N)O)N,CC12CC(=O)C3C(C1CCC2(C(=O)CO)O)CCC4=CC(=O)C=CC34C,1.0,reported_twosides,1.2688267e-11,0.0919921710556056,0.0919921710556056,fitted,platt_logistic_regression,0.48023811648639086,0
CC(C)C(CC1=CC(=C(C=C1)OC)OCCCOC)CC(C(CC(C(C)C)C(=O)NCC(C)(C)C(=O)N)O)N,COC1=C(C=C2C(=C1)CC(C2=O)CC3CCN(CC3)CC4=CC=CC=C4)OC,0.0,unreported_twosides_sampled,4.2483545e-18,0.0919921710556056,0.0919921710556056,fitted,platt_logistic_regression,0.48023811648639086,0
C(C(CO[N+](=O)[O-])O[N+](=O)[O-])O[N+](=O)[O-],C1=CC=C(C=C1)C(C2=CC=CC=C2)(C3=CC=CC=C3Cl)N4C=CN=C4,1.0,reported_twosides,1.0,0.891810177985089,0.891810177985089,fitted,platt_logistic_regression,0.48023811648639086,1
CCC1=C(C(=NC(=N1)N)N)C2=CC=C(C=C2)Cl,CN(C)CCC=C1C2=CC=CC=C2COC3=C1C=C(C=C3)CC(=O)O,0.0,unreported_twosides_sampled,1.0,0.891810177985089,0.891810177985089,fitted,platt_logistic_regression,0.48023811648639086,1
CCC(=O)OC(C(C)C)OP(=O)(CCCCC1=CC=CC=C1)CC(=O)N2CC(CC2C(=O)[O-])C3CCCCC3,CCOC1=NC2=CC=CC(=C2N1CC3=CC=C(C=C3)C4=CC=CC=C4C5=NNN=N5)C(=O)O,1.0,reported_twosides,0.9998976,0.7977709065331002,0.7977709065331002,fitted,platt_logistic_regression,0.48023811648639086,1
C(N)(N)(Cl)Cl,CN(CCCNC(=O)C1CCCO1)C2=NC3=CC(=C(C=C3C(=N2)N)OC)OC,0.0,unreported_twosides_sampled,4.2483545e-18,0.0919921710556056,0.0919921710556056,fitted,platt_logistic_regression,0.48023811648639086,0
C(C(CO[N+](=O)[O-])O[N+](=O)[O-])O[N+](=O)[O-],CC(C)(CC1=CC=CC=C1)N,1.0,reported_twosides,0.017834952,0.32557468358169184,0.32557468358169184,fitted,platt_logistic_regression,0.48023811648639086,0
C(C(CO[N+](=O)[O-])O[N+](=O)[O-])O[N+](=O)[O-],CCCCC1=C(C2=CC=CC=C2O1)C(=O)C3=CC(=C(C(=C3)I)OCC[NH+](CC)CC)I,1.0,reported_twosides,4.2483545e-18,0.0919921710556056,0.0919921710556056,fitted,platt_logistic_regression,0.48023811648639086,0
CC1=NC=C(N1CCO)[N+](=O)[O-],CCC1=C(C(=NC(=N1)N)N)C2=CC=C(C=C2)Cl,0.0,unreported_twosides_sampled,1.0,0.891810177985089,0.891810177985089,fitted,platt_logistic_regression,0.48023811648639086,1
C(N)(N)(Cl)Cl,CCOC1=CC=CC=C1OCCNC(C)CC2=CC(=C(C=C2)OC)S(=O)(=O)N,1.0,reported_twosides,4.2483545e-18,0.0919921710556056,0.0919921710556056,fitted,platt_logistic_regression,0.48023811648639086,0
CC(C)(CC1=CC=CC=C1)N,CC1=C(C(=CC=C1)NC2=CC=CC=C2C(=O)O)C,0.0,unreported_twosides_sampled,4.2483545e-18,0.0919921710556056,0.0919921710556056,fitted,platt_logistic_regression,0.48023811648639086,0
CCC1=C2C(=CC=C1)C3=C(N2)C(OCC3)(CC)CC(=O)O,CCN(CC)CCOC(=O)C1(CCCCC1)C2CCCCC2,1.0,reported_twosides,4.2483545e-18,0.0919921710556056,0.0919921710556056,fitted,platt_logistic_regression,0.48023811648639086,0
CC1CCC2CC(C(=CC=CC=CC(CC(C(=O)C(C(C(=CC(C(=O)CC(OC(=O)C3CCCCN3C(=O)C(=O)C1(O2)O)C(C)CC4CCC(C(C4)OC)O)C)C)O)OC)C)C)C)OC,CCOC1=NC2=CC=CC(=C2N1CC3=CC=C(C=C3)C4=CC=CC=C4C5=NNN=N5)C(=O)O,1.0,reported_twosides,1.0,0.891810177985089,0.891810177985089,fitted,platt_logistic_regression,0.48023811648639086,1
CC(C)(CC1=CC=CC=C1)N,CC1(OC2CC3C4CC(C5=CC(=O)C=CC5(C4C(CC3(C2(O1)C(=O)CO)C)O)C)F)C,0.0,unreported_twosides_sampled,1.2377475e-11,0.0919921710556056,0.0919921710556056,fitted,platt_logistic_regression,0.48023811648639086,0
CC1=CC2=C(NC3=CC=CC=C3N=C2S1)N4CCN(CC4)C,CC1C(C(=O)N1S(=O)(=O)O)NC(=O)C(=NOC(C)(C)C(=O)O)C2=CSC(=N2)N,0.0,unreported_twosides_sampled,1.2452307e-06,0.09495056676716472,0.09495056676716472,fitted,platt_logistic_regression,0.48023811648639086,0
C(C(CO[N+](=O)[O-])O[N+](=O)[O-])O[N+](=O)[O-],CC1=C(N=CN1)CSCCNC(=NC)NC#N,1.0,reported_twosides,1.0,0.891810177985089,0.891810177985089,fitted,platt_logistic_regression,0.48023811648639086,1
C1C2=C(C=CC(=C2Cl)Cl)NC3=NC(=O)CN31,C1CC(=O)NC(=O)C1N2C(=O)C3=CC=CC=C3C2=O,0.0,unreported_twosides_sampled,1.0,0.891810177985089,0.891810177985089,fitted,platt_logistic_regression,0.48023811648639086,1
CC1=C(N=CN1)CSCCNC(=NC)NC#N,CN(C)CCC=C1C2=CC=CC=C2COC3=C1C=C(C=C3)CC(=O)O,1.0,reported_twosides,1.0,0.891810177985089,0.891810177985089,fitted,platt_logistic_regression,0.48023811648639086,1
CC(C)(C)NCC(C1=CC(=C(C=C1)O)CO)O,CCCCC(C)(CC=CC1C(CC(=O)C1CCCCCCC(=O)OC)O)O,1.0,reported_twosides,1.07075064e-10,0.0919921710556056,0.0919921710556056,fitted,platt_logistic_regression,0.48023811648639086,0
CC1=C2C(=NC=C1)N(C3=C(C=CC=N3)C(=O)N2)C4CC4,CC1=NN=C(S1)SCC2=C(N3C(C(C3=O)NC(=O)CN4C=NN=N4)SC2)C(=O)[O-],0.0,unreported_twosides_sampled,1.0,0.891810177985089,0.891810177985089,fitted,platt_logistic_regression,0.48023811648639086,1
C1CN2C(=CC=C2C(=O)C3=CC=CC=C3)C1C(=O)O,CCN(CCCC(C)NC1=C2C=CC(=CC2=NC=C1)Cl)CCO,1.0,reported_twosides,4.2483545e-18,0.0919921710556056,0.0919921710556056,fitted,platt_logistic_regression,0.48023811648639086,0
CC(=O)SC1CC2=CC(=O)CCC2(C3C1C4CCC5(C4(CC3)C)CCC(=O)O5)C,CC(C(=O)C1=CC(=CC=C1)Cl)NC(C)(C)C,1.0,reported_twosides,0.98598623,0.6426972995122747,0.6426972995122747,fitted,platt_logistic_regression,0.48023811648639086,1
CC1CCC2CC(C(=CC=CC=CC(CC(C(=O)C(C(C(=CC(C(=O)CC(OC(=O)C3CCCCN3C(=O)C(=O)C1(O2)O)C(C)CC4CCC(C(C4)OC)O)C)C)O)OC)C)C)C)OC,CN(C)CCC=C1C2=CC=CC=C2COC3=C1C=C(C=C3)CC(=O)O,0.0,unreported_twosides_sampled,1.0,0.891810177985089,0.891810177985089,fitted,platt_logistic_regression,0.48023811648639086,1
C(N)(N)(Cl)Cl,CC(C(=O)C1=CC(=CC=C1)Cl)NC(C)(C)C,1.0,reported_twosides,4.2483545e-18,0.0919921710556056,0.0919921710556056,fitted,platt_logistic_regression,0.48023811648639086,0
CC(CCC(=O)O)C1CCC2C1(CCC3C2C(CC4C3(CCC(C4)O)C)O)C,CCC(=C)C(=O)C1=C(C(=C(C=C1)OCC(=O)O)Cl)Cl,0.0,unreported_twosides_sampled,4.2483545e-18,0.0919921710556056,0.0919921710556056,fitted,platt_logistic_regression,0.48023811648639086,0
CC(C)(C)NCC(C1=NC(=C(C=C1)O)CO)O,CC1CC2C(CCC3(C2CCC3(C(=O)C)O)C)C4(C1=CC(=O)CC4)C,1.0,reported_twosides,4.2483545e-18,0.0919921710556056,0.0919921710556056,fitted,platt_logistic_regression,0.48023811648639086,0
CC(CC1=CC(=C(C=C1)O)O)(C(=O)O)N,CC1=CC2=C(C=C1C)N(C=N2)C3C(C(C(O3)CO)OP(=O)([O-])OC(C)CNC(=O)CCC4(C(C5C6(C(C(C(=N6)C(=C7C(C(C(=N7)C=C8C(C(C(=N8)C(=C4[N-]5)C)CCC(=O)N)(C)C)CCC(=O)N)(C)CC(=O)N)C)CCC(=O)N)(C)CC(=O)N)C)CC(=O)N)C)O.O.[Co],0.0,unreported_twosides_sampled,4.2483545e-18,0.0919921710556056,0.0919921710556056,fitted,platt_logistic_regression,0.48023811648639086,0
C1=CC=C(C=C1)CCNN,CC(C)C(CC1=CC(=C(C=C1)OC)OCCCOC)CC(C(CC(C(C)C)C(=O)NCC(C)(C)C(=O)N)O)N,0.0,unreported_twosides_sampled,4.2483545e-18,0.0919921710556056,0.0919921710556056,fitted,platt_logistic_regression,0.48023811648639086,0
CCN(CC)CCOC(=O)C1(CCCCC1)C2CCCCC2,CN(CCCNC(=O)C1CCCO1)C2=NC3=CC(=C(C=C3C(=N2)N)OC)OC,0.0,unreported_twosides_sampled,4.2483545e-18,0.0919921710556056,0.0919921710556056,fitted,platt_logistic_regression,0.48023811648639086,0
CC(C)(C)NCC(C1=CC(=C(C=C1)O)CO)O,CCN(CC)CC(=O)NC1=C(C=CC=C1C)C,1.0,reported_twosides,4.2483545e-18,0.0919921710556056,0.0919921710556056,fitted,platt_logistic_regression,0.48023811648639086,0
CC1=CC(=CC=C1)NC2=C(C=NC=C2)S(=O)(=O)NC(=O)NC(C)C,CC1COC2=C3N1C=C(C(=O)C3=CC(=C2N4CCN(CC4)C)F)C(=O)O,1.0,reported_twosides,7.427965e-13,0.0919921710556056,0.0919921710556056,fitted,platt_logistic_regression,0.48023811648639086,0
CCP(CC)CC.CC(=O)OCC1C(C(C(C(O1)[S-])OC(=O)C)OC(=O)C)OC(=O)C.[Au+],CN1C=NC(=C1SC2=NC=NC3=C2NC=N3)[N+](=O)[O-],0.0,unreported_twosides_sampled,1.1240214e-15,0.0919921710556056,0.0919921710556056,fitted,platt_logistic_regression,0.48023811648639086,0
CCCC(CCC)C(=O)O,CN(CCCNC(=O)C1CCCO1)C2=NC3=CC(=C(C=C3C(=N2)N)OC)OC,1.0,reported_twosides,4.2483545e-18,0.0919921710556056,0.0919921710556056,fitted,platt_logistic_regression,0.48023811648639086,0
CC1=CC(=CC=C1)NC2=C(C=NC=C2)S(=O)(=O)NC(=O)NC(C)C,CC1CCC2CC(C(=CC=CC=CC(CC(C(=O)C(C(C(=CC(C(=O)CC(OC(=O)C3CCCCN3C(=O)C(=O)C1(O2)O)C(C)CC4CCC(C(C4)OC)O)C)C)O)OC)C)C)C)OC,1.0,reported_twosides,4.2483545e-18,0.0919921710556056,0.0919921710556056,fitted,platt_logistic_regression,0.48023811648639086,0
CCOC1=CC=CC=C1OCCNC(C)CC2=CC(=C(C=C2)OC)S(=O)(=O)N,CS(=O)(=O)C1=CC=C(C=C1)C2=C(C(=O)OC2)C3=CC=CC=C3,1.0,reported_twosides,4.257291e-07,0.0919921710556056,0.0919921710556056,fitted,platt_logistic_regression,0.48023811648639086,0
CCOC1=NC2=CC=CC(=C2N1CC3=CC=C(C=C3)C4=CC=CC=C4C5=NNN=N5)C(=O)O,CN1CC(=O)N2C(C1=O)CC3=C(C2C4=CC5=C(C=C4)OCO5)NC6=CC=CC=C36,1.0,reported_twosides,1.0,0.891810177985089,0.891810177985089,fitted,platt_logistic_regression,0.48023811648639086,1
CCC(=O)OC(C(C)C)OP(=O)(CCCCC1=CC=CC=C1)CC(=O)N2CC(CC2C(=O)[O-])C3CCCCC3,CN1CCN(CC1)CCCN2C3=CC=CC=C3SC4=C2C=C(C=C4)Cl,0.0,unreported_twosides_sampled,4.2483545e-18,0.0919921710556056,0.0919921710556056,fitted,platt_logistic_regression,0.48023811648639086,0
CC1=C2C(=NC=C1)N(C3=C(C=CC=N3)C(=O)N2)C4CC4,CN1C(=NC(=O)C(=N1)[O-])SCC2=C(N3C(C(C3=O)NC(=O)C(=NOC)C4=CSC(=N4)N)SC2)C(=O)[O-],1.0,reported_twosides,1.0,0.891810177985089,0.891810177985089,fitted,platt_logistic_regression,0.48023811648639086,1
CC1=C(C(=CC=C1)NC2=CC=CC=C2C(=O)O)C,CC1C=CC=CCCC=CC=CC=CC=CC(CC(C(C(CC(=O)CC(C(CCC(CC(CC(CC(=O)OC(C(C1O)C)C)O)O)O)O)O)O)C(=O)O)O)OC2C(C(C(C(O2)C)O)N)O,0.0,unreported_twosides_sampled,4.2483545e-18,0.0919921710556056,0.0919921710556056,fitted,platt_logistic_regression,0.48023811648639086,0
CCCC1=NN(C2=C1NC(=NC2=O)C3=C(C=CC(=C3)S(=O)(=O)N4CCN(CC4)C)OCC)C,CCCCCC(C=CC1C(CC(=O)C1CCCCCCC(=O)O)O)O,1.0,reported_twosides,4.2483545e-18,0.0919921710556056,0.0919921710556056,fitted,platt_logistic_regression,0.48023811648639086,0
CCC1=C2C(=CC=C1)C3=C(N2)C(OCC3)(CC)CC(=O)O,CCCCC(C)(CC=CC1C(CC(=O)C1CCCCCCC(=O)OC)O)O,1.0,reported_twosides,1.138453e-09,0.0919921710556056,0.0919921710556056,fitted,platt_logistic_regression,0.48023811648639086,0
C1CCC(CC1)C(CCN2CCCCC2)(C3=CC=CC=C3)O,CCCC1=NN(C2=C1NC(=NC2=O)C3=C(C=CC(=C3)S(=O)(=O)N4CCN(CC4)C)OCC)C,1.0,reported_twosides,4.2483545e-18,0.0919921710556056,0.0919921710556056,fitted,platt_logistic_regression,0.48023811648639086,0
CC1(OC2CC3C4CCC5=CC(=O)C=CC5(C4C(CC3(C2(O1)C(=O)CO)C)O)C)C,COC1=C(C=C2C(=C1)CC(C2=O)CC3CCN(CC3)CC4=CC=CC=C4)OC,0.0,unreported_twosides_sampled,4.2483545e-18,0.0919921710556056,0.0919921710556056,fitted,platt_logistic_regression,0.48023811648639086,0
CCCN(CCC)S(=O)(=O)C1=CC=C(C=C1)C(=O)O,CN(C)CCC1=CNC2=C1C=C(C=C2)CC3COC(=O)N3,0.0,unreported_twosides_sampled,1.03890425e-05,0.12820815685290565,0.12820815685290565,fitted,platt_logistic_regression,0.48023811648639086,0
CC(CC1=CC=CC=C1)N(C)CC#C,CC1CC2C(CCC3(C2CCC3(C(=O)C)O)C)C4(C1=CC(=O)CC4)C,0.0,unreported_twosides_sampled,4.2483545e-18,0.0919921710556056,0.0919921710556056,fitted,platt_logistic_regression,0.48023811648639086,0
CC1=NN=C(S1)SCC2=C(N3C(C(C3=O)NC(=O)CN4C=NN=N4)SC2)C(=O)[O-],CCCC1=NN(C2=C1NC(=NC2=O)C3=C(C=CC(=C3)S(=O)(=O)N4CCN(CC4)C)OCC)C,0.0,unreported_twosides_sampled,0.9997327,0.7719979500007014,0.7719979500007014,fitted,platt_logistic_regression,0.48023811648639086,1
CC(CC1=CC=CC=C1)N(C)CC#C,CC1=CC2C(CCC3(C2CCC3(C(=O)C)O)C)C4(C1=CC(=O)CC4)C,0.0,unreported_twosides_sampled,4.2483545e-18,0.0919921710556056,0.0919921710556056,fitted,platt_logistic_regression,0.48023811648639086,0
CC1CC2C(CCC3(C2CCC3(C(=O)C)O)C)C4(C1=CC(=O)CC4)C,CN1CC(=O)N2C(C1=O)CC3=C(C2C4=CC5=C(C=C4)OCO5)NC6=CC=CC=C36,0.0,unreported_twosides_sampled,4.2483545e-18,0.0919921710556056,0.0919921710556056,fitted,platt_logistic_regression,0.48023811648639086,0
CC1CC2C(CCC3(C2CCC3(C(=O)C)O)C)C4(C1=CC(=O)CC4)C,CN1CCN(CC1)CCCN2C3=CC=CC=C3SC4=C2C=C(C=C4)Cl,1.0,reported_twosides,4.2483545e-18,0.0919921710556056,0.0919921710556056,fitted,platt_logistic_regression,0.48023811648639086,0
C(N)(N)(Cl)Cl,C1=CC(=C(C=C1Cl)Cl)C(CN2C=CN=C2)OCC3=C(SC=C3)Cl,0.0,unreported_twosides_sampled,4.2483545e-18,0.0919921710556056,0.0919921710556056,fitted,platt_logistic_regression,0.48023811648639086,0
CCCCCC(CCC1C(CC2C1CC3=C(C2)C(=CC=C3)OCC(=O)O)O)O,CN1CC(=O)N2C(C1=O)CC3=C(C2C4=CC5=C(C=C4)OCO5)NC6=CC=CC=C36,0.0,unreported_twosides_sampled,4.2483545e-18,0.0919921710556056,0.0919921710556056,fitted,platt_logistic_regression,0.48023811648639086,0
CC1=CC(=CC=C1)NC2=C(C=NC=C2)S(=O)(=O)NC(=O)NC(C)C,CC1=NC=C(N1CCO)[N+](=O)[O-],1.0,reported_twosides,1.9312392e-10,0.0919921710556056,0.0919921710556056,fitted,platt_logistic_regression,0.48023811648639086,0
CCN(CC)CCOC(=O)C1(CCCCC1)C2CCCCC2,CS(=O)(=O)C1=CC=C(C=C1)C2=C(C(=O)OC2)C3=CC=CC=C3,1.0,reported_twosides,1.7189282e-10,0.0919921710556056,0.0919921710556056,fitted,platt_logistic_regression,0.48023811648639086,0
C1CN=C(N1)NC2=C(C3=NC=CN=C3C=C2)Br,CC1=CC(=CC=C1)NC2=C(C=NC=C2)S(=O)(=O)NC(=O)NC(C)C,1.0,reported_twosides,4.2483545e-18,0.0919921710556056,0.0919921710556056,fitted,platt_logistic_regression,0.48023811648639086,0
CCN(CC)CCOC(=O)C1(CCCCC1)C2CCCCC2,CN(C)C(=N)N=C(N)N,1.0,reported_twosides,4.2483545e-18,0.0919921710556056,0.0919921710556056,fitted,platt_logistic_regression,0.48023811648639086,0
CC(C(=O)C1=CC(=CC=C1)Cl)NC(C)(C)C,CCCNC(=O)NS(=O)(=O)C1=CC=C(C=C1)Cl,0.0,unreported_twosides_sampled,4.2483545e-18,0.0919921710556056,0.0919921710556056,fitted,platt_logistic_regression,0.48023811648639086,0
CC(C(=O)C1=CC(=CC=C1)Cl)NC(C)(C)C,CC(C)(C)NCC(COC1=NSN=C1N2CCOCC2)O,1.0,reported_twosides,4.2483545e-18,0.0919921710556056,0.0919921710556056,fitted,platt_logistic_regression,0.48023811648639086,0
CC(CC1=CC=CC=C1)N(C)CC#C,CCCC(CCC)C(=O)O,1.0,reported_twosides,4.2483545e-18,0.0919921710556056,0.0919921710556056,fitted,platt_logistic_regression,0.48023811648639086,0
C(C(CO[N+](=O)[O-])O[N+](=O)[O-])O[N+](=O)[O-],CCCCCC(C=CC1C(CC(=O)C1CCCCCCC(=O)O)O)O,1.0,reported_twosides,4.2483545e-18,0.0919921710556056,0.0919921710556056,fitted,platt_logistic_regression,0.48023811648639086,0
CC(C(=O)C1=CC(=CC=C1)Cl)NC(C)(C)C,CC12CCC3C(C1CCC2(C#C)O)CCC4=CC(=O)CCC34,1.0,reported_twosides,4.2483545e-18,0.0919921710556056,0.0919921710556056,fitted,platt_logistic_regression,0.48023811648639086,0
CCN(CC)CCOC(=O)C1(CCCCC1)C2CCCCC2,CN1CCN(CC1)CCCN2C3=CC=CC=C3SC4=C2C=C(C=C4)Cl,1.0,reported_twosides,4.2483545e-18,0.0919921710556056,0.0919921710556056,fitted,platt_logistic_regression,0.48023811648639086,0
CC(=O)SC1CC2=CC(=O)CCC2(C3C1C4CCC5(C4(CC3)C)CCC(=O)O5)C,CN(C)C(=N)N=C(N)N,1.0,reported_twosides,1.0,0.891810177985089,0.891810177985089,fitted,platt_logistic_regression,0.48023811648639086,1
CC12CC(C3(C(C1CC(C2(C(=O)CO)O)O)CCC4=CC(=O)C=CC43C)F)O,CC1=CC(=CC=C1)CN2CCN(CC2)C(C3=CC=CC=C3)C4=CC=C(C=C4)Cl,1.0,reported_twosides,4.2483545e-18,0.0919921710556056,0.0919921710556056,fitted,platt_logistic_regression,0.48023811648639086,0
CCC(=O)OC(C(C)C)OP(=O)(CCCCC1=CC=CC=C1)CC(=O)N2CC(CC2C(=O)[O-])C3CCCCC3,CCC1=C(C(=NC(=N1)N)N)C2=CC=C(C=C2)Cl,0.0,unreported_twosides_sampled,1.4682708e-10,0.0919921710556056,0.0919921710556056,fitted,platt_logistic_regression,0.48023811648639086,0
C1CCC(CC1)C(CCN2CCCCC2)(C3=CC=CC=C3)O,CC(C)C(CC1=CC(=C(C=C1)OC)OCCCOC)CC(C(CC(C(C)C)C(=O)NCC(C)(C)C(=O)N)O)N,0.0,unreported_twosides_sampled,4.2483545e-18,0.0919921710556056,0.0919921710556056,fitted,platt_logistic_regression,0.48023811648639086,0
C1CN2C(=CC=C2C(=O)C3=CC=CC=C3)C1C(=O)O,CC(=O)N(CCCCCNC(=O)CCC(=O)N(CCCCCNC(=O)CCC(=O)N(CCCCCN)O)O)O,0.0,unreported_twosides_sampled,1.0,0.891810177985089,0.891810177985089,fitted,platt_logistic_regression,0.48023811648639086,1
CC1=C(N=CN1)CSCCNC(=NC)NC#N,CC1=CC(=CC=C1)CN2CCN(CC2)C(C3=CC=CC=C3)C4=CC=C(C=C4)Cl,1.0,reported_twosides,1.0,0.891810177985089,0.891810177985089,fitted,platt_logistic_regression,0.48023811648639086,1
C1CN2C(=CC=C2C(=O)C3=CC=CC=C3)C1C(=O)O,CN1C=NC(=C1SC2=NC=NC3=C2NC=N3)[N+](=O)[O-],0.0,unreported_twosides_sampled,0.9999863,0.8445610268323697,0.8445610268323697,fitted,platt_logistic_regression,0.48023811648639086,1
C1CN(CCN1CCC2=C(C=C3C(=C2)CC(=O)N3)Cl)C4=NSC5=CC=CC=C54,CCCCCC(CCC1C(CC2C1CC3=C(C2)C(=CC=C3)OCC(=O)O)O)O,0.0,unreported_twosides_sampled,2.5968622e-05,0.14541278488037793,0.14541278488037793,fitted,platt_logistic_regression,0.48023811648639086,0
C1CCC(CC1)C(CCN2CCCCC2)(C3=CC=CC=C3)O,CC1NC2=CC(=C(C=C2C(=O)N1C3=CC=CC=C3C)S(=O)(=O)N)Cl,0.0,unreported_twosides_sampled,1.0,0.891810177985089,0.891810177985089,fitted,platt_logistic_regression,0.48023811648639086,1
C(C(CO[N+](=O)[O-])O[N+](=O)[O-])O[N+](=O)[O-],CC(C)(C)C1=CC=C(C=C1)S(=O)(=O)NC2=C(C(=NC(=N2)C3=NC=CC=N3)OCCO)OC4=CC=CC=C4OC,1.0,reported_twosides,4.2483545e-18,0.0919921710556056,0.0919921710556056,fitted,platt_logistic_regression,0.48023811648639086,0
CC1=C(C(=CC=C1)NC2=CC=CC=C2C(=O)O)C,CCCNC(=O)NS(=O)(=O)C1=CC=C(C=C1)Cl,0.0,unreported_twosides_sampled,4.2483545e-18,0.0919921710556056,0.0919921710556056,fitted,platt_logistic_regression,0.48023811648639086,0
CCCC(CCC)C(=O)O,CCCC1=NN(C2=C1NC(=NC2=O)C3=C(C=CC(=C3)S(=O)(=O)N4CCN(CC4)C)OCC)C,1.0,reported_twosides,4.2483545e-18,0.0919921710556056,0.0919921710556056,fitted,platt_logistic_regression,0.48023811648639086,0
CC1=C2C(=NC=C1)N(C3=C(C=CC=N3)C(=O)N2)C4CC4,CC1=CC2=C(C=C1C)N(C=N2)C3C(C(C(O3)CO)OP(=O)([O-])OC(C)CNC(=O)CCC4(C(C5C6(C(C(C(=N6)C(=C7C(C(C(=N7)C=C8C(C(C(=N8)C(=C4[N-]5)C)CCC(=O)N)(C)C)CCC(=O)N)(C)CC(=O)N)C)CCC(=O)N)(C)CC(=O)N)C)CC(=O)N)C)O.O.[Co],0.0,unreported_twosides_sampled,0.05451964,0.36718407094834243,0.36718407094834243,fitted,platt_logistic_regression,0.48023811648639086,0
C1=CC(=C(C=C1Cl)Cl)C(CN2C=CN=C2)OCC3=C(SC=C3)Cl,CCN(CC)CC(=O)NC1=C(C=CC=C1C)C,0.0,unreported_twosides_sampled,4.2483545e-18,0.0919921710556056,0.0919921710556056,fitted,platt_logistic_regression,0.48023811648639086,0
C1=CC=C(C=C1)CCNN,CCC(CC)OC1C=C(CC(C1NC(=O)C)N)C(=O)OCC,0.0,unreported_twosides_sampled,4.4913567e-16,0.0919921710556056,0.0919921710556056,fitted,platt_logistic_regression,0.48023811648639086,0
CCCCCCCCCCCC(CC1C(C(=O)O1)CCCCCC)OC(=O)C(CC(C)C)NC=O,CN1CCN(CC1)CCCN2C3=CC=CC=C3SC4=C2C=C(C=C4)Cl,1.0,reported_twosides,4.2483545e-18,0.0919921710556056,0.0919921710556056,fitted,platt_logistic_regression,0.48023811648639086,0
C(C(CO[N+](=O)[O-])O[N+](=O)[O-])O[N+](=O)[O-],C1C2=C(C=CC(=C2Cl)Cl)NC3=NC(=O)CN31,0.0,unreported_twosides_sampled,1.0,0.891810177985089,0.891810177985089,fitted,platt_logistic_regression,0.48023811648639086,1
CC1C(C(=O)N1S(=O)(=O)O)NC(=O)C(=NOC(C)(C)C(=O)O)C2=CSC(=N2)N,CCCCC(C)(CC=CC1C(CC(=O)C1CCCCCCC(=O)OC)O)O,0.0,unreported_twosides_sampled,1.0,0.891810177985089,0.891810177985089,fitted,platt_logistic_regression,0.48023811648639086,1
CC1=C(N=CN1)CSCCNC(=NC)NC#N,CCC(CC)OC1C=C(CC(C1NC(=O)C)N)C(=O)OCC,0.0,unreported_twosides_sampled,1.0,0.891810177985089,0.891810177985089,fitted,platt_logistic_regression,0.48023811648639086,1
C1C2=C(C=CC(=C2Cl)Cl)NC3=NC(=O)CN31,CN1CC(=O)N2C(C1=O)CC3=C(C2C4=CC5=C(C=C4)OCO5)NC6=CC=CC=C36,0.0,unreported_twosides_sampled,1.0,0.891810177985089,0.891810177985089,fitted,platt_logistic_regression,0.48023811648639086,1
CC(=O)OC1C(CC2C1(CCC3C2CCC4C3(CC(C(C4)O)N5CCOCC5)C)C)[N+]6(CCCC6)CC=C,CN(CCCNC(=O)C1CCCO1)C2=NC3=CC(=C(C=C3C(=N2)N)OC)OC,0.0,unreported_twosides_sampled,4.2483545e-18,0.0919921710556056,0.0919921710556056,fitted,platt_logistic_regression,0.48023811648639086,0
CC1=CC2=C(C=C1C)N(C=N2)C3C(C(C(O3)CO)OP(=O)([O-])OC(C)CNC(=O)CCC4(C(C5C6(C(C(C(=N6)C(=C7C(C(C(=N7)C=C8C(C(C(=N8)C(=C4[N-]5)C)CCC(=O)N)(C)C)CCC(=O)N)(C)CC(=O)N)C)CCC(=O)N)(C)CC(=O)N)C)CC(=O)N)C)O.O.[Co],CN(C)C(=N)N=C(N)N,0.0,unreported_twosides_sampled,4.2483545e-18,0.0919921710556056,0.0919921710556056,fitted,platt_logistic_regression,0.48023811648639086,0
C(=O)([O-])[O-].C(=O)([O-])[O-].C(=O)([O-])[O-].O.[La+3].[La+3],CC1(OC2CC3C4CC(C5=CC(=O)C=CC5(C4C(CC3(C2(O1)C(=O)CO)C)O)C)F)C,0.0,unreported_twosides_sampled,3.9702483e-10,0.0919921710556056,0.0919921710556056,fitted,platt_logistic_regression,0.48023811648639086,0
CC1C(C(=O)N1S(=O)(=O)O)NC(=O)C(=NOC(C)(C)C(=O)O)C2=CSC(=N2)N,CCCC1=NN(C2=C1NC(=NC2=O)C3=C(C=CC(=C3)S(=O)(=O)N4CCN(CC4)C)OCC)C,0.0,unreported_twosides_sampled,0.04148825,0.3566390426265774,0.3566390426265774,fitted,platt_logistic_regression,0.48023811648639086,0
CC1(OC2CC3C4CC(C5=CC(=O)C=CC5(C4C(CC3(C2(O1)C(=O)CO)C)O)C)F)C,CCC(=C)C(=O)C1=C(C(=C(C=C1)OCC(=O)O)Cl)Cl,0.0,unreported_twosides_sampled,3.4537252e-06,0.10985475315021606,0.10985475315021606,fitted,platt_logistic_regression,0.48023811648639086,0
CC1NC2=CC(=C(C=C2C(=O)N1C3=CC=CC=C3C)S(=O)(=O)N)Cl,CCP(CC)CC.CC(=O)OCC1C(C(C(C(O1)[S-])OC(=O)C)OC(=O)C)OC(=O)C.[Au+],0.0,unreported_twosides_sampled,1.0,0.891810177985089,0.891810177985089,fitted,platt_logistic_regression,0.48023811648639086,1
CC1=CC2C(CCC3(C2CCC3(C(=O)C)O)C)C4(C1=CC(=O)CC4)C,CCN(CCCC(C)NC1=C2C=CC(=CC2=NC=C1)Cl)CCO,0.0,unreported_twosides_sampled,4.2483545e-18,0.0919921710556056,0.0919921710556056,fitted,platt_logistic_regression,0.48023811648639086,0
CC(C)(C)C1=CC=C(C=C1)S(=O)(=O)NC2=C(C(=NC(=N2)C3=NC=CC=N3)OCCO)OC4=CC=CC=C4OC,CN1C=NC(=C1SC2=NC=NC3=C2NC=N3)[N+](=O)[O-],1.0,reported_twosides,4.2483545e-18,0.0919921710556056,0.0919921710556056,fitted,platt_logistic_regression,0.48023811648639086,0
CC(CC1=CC(=C(C=C1)O)O)(C(=O)O)N,CCCCN1CCCCC1C(=O)NC2=C(C=CC=C2C)C,1.0,reported_twosides,4.2483545e-18,0.0919921710556056,0.0919921710556056,fitted,platt_logistic_regression,0.48023811648639086,0
CC(C)(C)NCC(C1=CC(=C(C=C1)O)CO)O,CC1C=CC=CCCC=CC=CC=CC=CC(CC(C(C(CC(=O)CC(C(CCC(CC(CC(CC(=O)OC(C(C1O)C)C)O)O)O)O)O)O)C(=O)O)O)OC2C(C(C(C(O2)C)O)N)O,1.0,reported_twosides,7.296048e-12,0.0919921710556056,0.0919921710556056,fitted,platt_logistic_regression,0.48023811648639086,0
CC(CC1=CC=CC=C1)N(C)CC#C,CN(C)C(=N)N=C(N)N,1.0,reported_twosides,1.2899267e-07,0.0919921710556056,0.0919921710556056,fitted,platt_logistic_regression,0.48023811648639086,0
C1=CC(=C(C=C1Cl)Cl)C(CN2C=CN=C2)OCC3=C(SC=C3)Cl,CC1=CC2C(CCC3(C2CCC3(C(=O)C)O)C)C4(C1=CC(=O)CC4)C,0.0,unreported_twosides_sampled,4.2483545e-18,0.0919921710556056,0.0919921710556056,fitted,platt_logistic_regression,0.48023811648639086,0
CC(C)(C)C1=CC=C(C=C1)S(=O)(=O)NC2=C(C(=NC(=N2)C3=NC=CC=N3)OCCO)OC4=CC=CC=C4OC,CC(CC1=CC=CC=C1)N(C)CC#C,0.0,unreported_twosides_sampled,4.2483545e-18,0.0919921710556056,0.0919921710556056,fitted,platt_logistic_regression,0.48023811648639086,0
C1CC(C1)(C(=O)O)C(=O)O.N.N.[Pt],CC12CC(C3(C(C1CC(C2(C(=O)CO)O)O)CCC4=CC(=O)C=CC43C)F)O,1.0,reported_twosides,4.2483545e-18,0.0919921710556056,0.0919921710556056,fitted,platt_logistic_regression,0.48023811648639086,0
CC(=O)OC1C(CC2C1(CCC3C2CCC4C3(CC(C(C4)O)N5CCOCC5)C)C)[N+]6(CCCC6)CC=C,CN1C(=NC(=O)C(=N1)[O-])SCC2=C(N3C(C(C3=O)NC(=O)C(=NOC)C4=CSC(=N4)N)SC2)C(=O)[O-],1.0,reported_twosides,0.9999927,0.8573568553987403,0.8573568553987403,fitted,platt_logistic_regression,0.48023811648639086,1
CC(CC1=CC=CC=C1)N(C)CC#C,CCCNC(=O)NS(=O)(=O)C1=CC=C(C=C1)Cl,0.0,unreported_twosides_sampled,8.531735e-12,0.0919921710556056,0.0919921710556056,fitted,platt_logistic_regression,0.48023811648639086,0
CC(C(=O)C1=CC(=CC=C1)Cl)NC(C)(C)C,CCCCCC(CCC1C(CC2C1CC3=C(C2)C(=CC=C3)OCC(=O)O)O)O,0.0,unreported_twosides_sampled,4.2483545e-18,0.0919921710556056,0.0919921710556056,fitted,platt_logistic_regression,0.48023811648639086,0
CC1(OC2CC3C4CC(C5=CC(=O)C=CC5(C4C(CC3(C2(O1)C(=O)CO)C)O)C)F)C,COC1=C(C=C2C(=C1)CC(C2=O)CC3CCN(CC3)CC4=CC=CC=C4)OC,1.0,reported_twosides,4.2483545e-18,0.0919921710556056,0.0919921710556056,fitted,platt_logistic_regression,0.48023811648639086,0
CC(CCC(=O)O)C1CCC2C1(CCC3C2C(CC4C3(CCC(C4)O)C)O)C,CCP(CC)CC.CC(=O)OCC1C(C(C(C(O1)[S-])OC(=O)C)OC(=O)C)OC(=O)C.[Au+],0.0,unreported_twosides_sampled,4.2483545e-18,0.0919921710556056,0.0919921710556056,fitted,platt_logistic_regression,0.48023811648639086,0
CC(CC1=CC(=C(C=C1)O)O)(C(=O)O)N,CS(=O)(=O)C1=CC=C(C=C1)C2=C(C(=O)OC2)C3=CC=CC=C3,1.0,reported_twosides,1.0,0.891810177985089,0.891810177985089,fitted,platt_logistic_regression,0.48023811648639086,1
CC(C)(C)C1=CC=C(C=C1)S(=O)(=O)NC2=C(C(=NC(=N2)C3=NC=CC=N3)OCCO)OC4=CC=CC=C4OC,CCC(=O)OC(C(C)C)OP(=O)(CCCCC1=CC=CC=C1)CC(=O)N2CC(CC2C(=O)[O-])C3CCCCC3,0.0,unreported_twosides_sampled,4.2483545e-18,0.0919921710556056,0.0919921710556056,fitted,platt_logistic_regression,0.48023811648639086,0
C1=CC=C(C=C1)C(C2=CC=CC=C2)(C3=CC=CC=C3Cl)N4C=CN=C4,CC12CC(=O)C3C(C1CCC2(C(=O)CO)O)CCC4=CC(=O)C=CC34C,1.0,reported_twosides,1.0,0.891810177985089,0.891810177985089,fitted,platt_logistic_regression,0.48023811648639086,1
CC1=C(C(=CC=C1)NC2=CC=CC=C2C(=O)O)C,CN1CCC2=C3C1CC4=C(C3=CC=C2)C(=C(C=C4)O)O,0.0,unreported_twosides_sampled,4.2483545e-18,0.0919921710556056,0.0919921710556056,fitted,platt_logistic_regression,0.48023811648639086,0
CC(CC1=CC(=C(C=C1)O)O)(C(=O)O)N,CN(C)CCC1=CNC2=C1C=C(C=C2)CC3COC(=O)N3,0.0,unreported_twosides_sampled,0.9997255,0.7712569977760985,0.7712569977760985,fitted,platt_logistic_regression,0.48023811648639086,1
CC1=CC2=C(NC3=CC=CC=C3N=C2S1)N4CCN(CC4)C,CS(=O)(=O)C1=CC=C(C=C1)C2=C(C(=O)OC2)C3=CC=CC=C3,1.0,reported_twosides,5.171195e-09,0.0919921710556056,0.0919921710556056,fitted,platt_logistic_regression,0.48023811648639086,0
C1CN2C(=CC=C2C(=O)C3=CC=CC=C3)C1C(=O)O,CC(CC1=CC=CC=C1)N(C)CC#C,0.0,unreported_twosides_sampled,1.0,0.891810177985089,0.891810177985089,fitted,platt_logistic_regression,0.48023811648639086,1
C1=CC=C2C(=C1)C(=O)NC2(C3=CC(=C(C=C3)Cl)S(=O)(=O)N)O,CC1=C(N=CN1)CSCCNC(=NC)NC#N,0.0,unreported_twosides_sampled,1.0,0.891810177985089,0.891810177985089,fitted,platt_logistic_regression,0.48023811648639086,1
CCCCC1=C(C2=CC=CC=C2O1)C(=O)C3=CC(=C(C(=C3)I)OCC[NH+](CC)CC)I,CCCNC1CCC2=C(C1)SC(=N2)N,0.0,unreported_twosides_sampled,4.2483545e-18,0.0919921710556056,0.0919921710556056,fitted,platt_logistic_regression,0.48023811648639086,0
C1=CC=C(C=C1)CCNN,CN1CCC2=C3C1CC4=C(C3=CC=C2)C(=C(C=C4)O)O,0.0,unreported_twosides_sampled,0.003417315,0.27019381609945586,0.27019381609945586,fitted,platt_logistic_regression,0.48023811648639086,0
C1C2=C(C=CC(=C2Cl)Cl)NC3=NC(=O)CN31,CCC(=C)C(=O)C1=C(C(=C(C=C1)OCC(=O)O)Cl)Cl,0.0,unreported_twosides_sampled,1.0,0.891810177985089,0.891810177985089,fitted,platt_logistic_regression,0.48023811648639086,1
CC(C1=CC(=C(C=C1)C2=CC=CC=C2)F)C(=O)O,CN1C=NC(=C1SC2=NC=NC3=C2NC=N3)[N+](=O)[O-],0.0,unreported_twosides_sampled,1.6660248e-08,0.0919921710556056,0.0919921710556056,fitted,platt_logistic_regression,0.48023811648639086,0
C(C(CO[N+](=O)[O-])O[N+](=O)[O-])O[N+](=O)[O-],CC(=O)N(CC(CO)O)C1=C(C(=C(C(=C1I)C(=O)NCC(CO)O)I)C(=O)NCC(CO)O)I,1.0,reported_twosides,4.2483545e-18,0.0919921710556056,0.0919921710556056,fitted,platt_logistic_regression,0.48023811648639086,0
CC1=CC2C(CCC3(C2CCC3(C(=O)C)O)C)C4(C1=CC(=O)CC4)C,CCCCC1=C(C2=CC=CC=C2O1)C(=O)C3=CC(=C(C(=C3)I)OCC[NH+](CC)CC)I,1.0,reported_twosides,4.2483545e-18,0.0919921710556056,0.0919921710556056,fitted,platt_logistic_regression,0.48023811648639086,0
C1=CN(C(=O)N=C1N)C2C(C(C(O2)CO)O)O,CCC1=C(C(=NC(=N1)N)N)C2=CC=C(C=C2)Cl,0.0,unreported_twosides_sampled,0.99999785,0.879511835778297,0.879511835778297,fitted,platt_logistic_regression,0.48023811648639086,1
CC(C)(C)C1=CC=C(C=C1)S(=O)(=O)NC2=C(C(=NC(=N2)C3=NC=CC=N3)OCCO)OC4=CC=CC=C4OC,CCN(CCCC(C)NC1=C2C=CC(=CC2=NC=C1)Cl)CCO,1.0,reported_twosides,4.2483545e-18,0.0919921710556056,0.0919921710556056,fitted,platt_logistic_regression,0.48023811648639086,0
C(=O)([O-])[O-].C(=O)([O-])[O-].C(=O)([O-])[O-].O.[La+3].[La+3],CC1=CC2=C(C=C1C(=C)C3=CC=C(C=C3)C(=O)O)C(CCC2(C)C)(C)C,0.0,unreported_twosides_sampled,1.0767683e-09,0.0919921710556056,0.0919921710556056,fitted,platt_logistic_regression,0.48023811648639086,0
C1C2=C(C=CC(=C2Cl)Cl)NC3=NC(=O)CN31,CCN(CC)CCOC(=O)C1(CCCCC1)C2CCCCC2,0.0,unreported_twosides_sampled,0.00201365,0.2538720904270073,0.2538720904270073,fitted,platt_logistic_regression,0.48023811648639086,0
C1CN=C(N1)NC2=C(C3=NC=CN=C3C=C2)Br,CN1CCN(CC1)CCCN2C3=CC=CC=C3SC4=C2C=C(C=C4)Cl,1.0,reported_twosides,4.2483545e-18,0.0919921710556056,0.0919921710556056,fitted,platt_logistic_regression,0.48023811648639086,0
CC(C)(C)NCC(C1=CC(=C(C=C1)O)CO)O,CN1CCN(CC1)CCCN2C3=CC=CC=C3SC4=C2C=C(C=C4)Cl,1.0,reported_twosides,1.897824e-17,0.0919921710556056,0.0919921710556056,fitted,platt_logistic_regression,0.48023811648639086,0
CC1=CC2=C(C=C1C(=C)C3=CC=C(C=C3)C(=O)O)C(CCC2(C)C)(C)C,CCCCCCCCCCCC(CC1C(C(=O)O1)CCCCCC)OC(=O)C(CC(C)C)NC=O,0.0,unreported_twosides_sampled,4.2483545e-18,0.0919921710556056,0.0919921710556056,fitted,platt_logistic_regression,0.48023811648639086,0
C(C(CO[N+](=O)[O-])O[N+](=O)[O-])O[N+](=O)[O-],CC1=C(C(=CC=C1)NC2=CC=CC=C2C(=O)O)C,0.0,unreported_twosides_sampled,4.2483545e-18,0.0919921710556056,0.0919921710556056,fitted,platt_logistic_regression,0.48023811648639086,0
CC(C)C1=NC(=CS1)CN(C)C(=O)NC(C(C)C)C(=O)NC(CC2=CC=CC=C2)CC(C(CC3=CC=CC=C3)NC(=O)OCC4=CN=CS4)O,CC1(C(N2C(S1)C(C2=O)NC(=O)CC3=CC=CC=C3)C(=O)O)C,0.0,unreported_twosides_sampled,1.0,0.891810177985089,0.891810177985089,fitted,platt_logistic_regression,0.48023811648639086,1
CC1=C(C(=CC=C1)NC2=CC=CC=C2C(=O)O)C,CCC(CC)OC1C=C(CC(C1NC(=O)C)N)C(=O)OCC,0.0,unreported_twosides_sampled,4.2483545e-18,0.0919921710556056,0.0919921710556056,fitted,platt_logistic_regression,0.48023811648639086,0
CC(CC1=CC(=C(C=C1)O)O)(C(=O)O)N,CN(C)CCCN1C2=CC=CC=C2CCC3=CC=CC=C31,0.0,unreported_twosides_sampled,2.4758643e-07,0.0919921710556056,0.0919921710556056,fitted,platt_logistic_regression,0.48023811648639086,0
CC1CCC2CC(C(=CC=CC=CC(CC(C(=O)C(C(C(=CC(C(=O)CC(OC(=O)C3CCCCN3C(=O)C(=O)C1(O2)O)C(C)CC4CCC(C(C4)OC)O)C)C)O)OC)C)C)C)OC,CN1CCN(CC1)CCCN2C3=CC=CC=C3SC4=C2C=C(C=C4)Cl,0.0,unreported_twosides_sampled,4.2483545e-18,0.0919921710556056,0.0919921710556056,fitted,platt_logistic_regression,0.48023811648639086,0
CC(C1=CC(=C(C=C1)C2=CC=CC=C2)F)C(=O)O,CC1=CC2=C(C=C1C)N(C=N2)C3C(C(C(O3)CO)OP(=O)([O-])OC(C)CNC(=O)CCC4(C(C5C6(C(C(C(=N6)C(=C7C(C(C(=N7)C=C8C(C(C(=N8)C(=C4[N-]5)C)CCC(=O)N)(C)C)CCC(=O)N)(C)CC(=O)N)C)CCC(=O)N)(C)CC(=O)N)C)CC(=O)N)C)O.O.[Co],0.0,unreported_twosides_sampled,5.6453782e-18,0.0919921710556056,0.0919921710556056,fitted,platt_logistic_regression,0.48023811648639086,0
C1CN=C(N1)NC2=C(C3=NC=CN=C3C=C2)Br,CN(C)CCC=C1C2=CC=CC=C2C=CC3=CC=CC=C31,1.0,reported_twosides,0.5478792,0.4851273478081252,0.4851273478081252,fitted,platt_logistic_regression,0.48023811648639086,1
C1=CC=C(C=C1)C(C2=CC=CC=C2)(C3=CC=CC=C3Cl)N4C=CN=C4,CC1=CC(=CC=C1)CN2CCN(CC2)C(C3=CC=CC=C3)C4=CC=C(C=C4)Cl,1.0,reported_twosides,0.58084786,0.49046333163123507,0.49046333163123507,fitted,platt_logistic_regression,0.48023811648639086,1
C1C2=C(C=CC(=C2Cl)Cl)NC3=NC(=O)CN31,CC(CC1=CC=CC=C1)N(C)CC#C,0.0,unreported_twosides_sampled,1.0,0.891810177985089,0.891810177985089,fitted,platt_logistic_regression,0.48023811648639086,1
C1CN=C(N1)NC2=C(C3=NC=CN=C3C=C2)Br,CC(CCC(=O)O)C1CCC2C1(CCC3C2C(CC4C3(CCC(C4)O)C)O)C,0.0,unreported_twosides_sampled,4.2483545e-18,0.0919921710556056,0.0919921710556056,fitted,platt_logistic_regression,0.48023811648639086,0
CC(C)C1=NC(=CS1)CN(C)C(=O)NC(C(C)C)C(=O)NC(CC2=CC=CC=C2)CC(C(CC3=CC=CC=C3)NC(=O)OCC4=CN=CS4)O,CC1NC2=CC(=C(C=C2C(=O)N1C3=CC=CC=C3C)S(=O)(=O)N)Cl,1.0,reported_twosides,1.0,0.891810177985089,0.891810177985089,fitted,platt_logistic_regression,0.48023811648639086,1
C1=CC=C2C(=C1)C(=O)NC2(C3=CC(=C(C=C3)Cl)S(=O)(=O)N)O,CN(CCCNC(=O)C1CCCO1)C2=NC3=CC(=C(C=C3C(=N2)N)OC)OC,1.0,reported_twosides,1.0,0.891810177985089,0.891810177985089,fitted,platt_logistic_regression,0.48023811648639086,1
C1=CC(=C(C=C1Cl)Cl)C(CN2C=CN=C2)OCC3=C(SC=C3)Cl,CC1=NN=C(S1)SCC2=C(N3C(C(C3=O)NC(=O)CN4C=NN=N4)SC2)C(=O)[O-],0.0,unreported_twosides_sampled,1.0,0.891810177985089,0.891810177985089,fitted,platt_logistic_regression,0.48023811648639086,1
CC(C)C(CC1=CC(=C(C=C1)OC)OCCCOC)CC(C(CC(C(C)C)C(=O)NCC(C)(C)C(=O)N)O)N,CC1COC2=C3N1C=C(C(=O)C3=CC(=C2N4CCN(CC4)C)F)C(=O)O,0.0,unreported_twosides_sampled,8.318685e-10,0.0919921710556056,0.0919921710556056,fitted,platt_logistic_regression,0.48023811648639086,0
C1=CC=C(C=C1)C(C2=CC=CC=C2)(C3=CC=CC=C3Cl)N4C=CN=C4,CC1=NC=C(N1CCO)[N+](=O)[O-],1.0,reported_twosides,1.0,0.891810177985089,0.891810177985089,fitted,platt_logistic_regression,0.48023811648639086,1
CCCC(=O)OC1(CCC2C1(CC(C3C2CCC4=CC(=O)CCC34C)O)C)C(=O)CO,CCCCCC(CCC1C(CC2C1CC3=C(C2)C(=CC=C3)OCC(=O)O)O)O,0.0,unreported_twosides_sampled,4.2483545e-18,0.0919921710556056,0.0919921710556056,fitted,platt_logistic_regression,0.48023811648639086,0
C1=CC=C(C=C1)C(C2=CC=CC=C2)(C3=CC=CC=C3Cl)N4C=CN=C4,CC1=C(N=CN1)CSCCNC(=NC)NC#N,1.0,reported_twosides,1.0,0.891810177985089,0.891810177985089,fitted,platt_logistic_regression,0.48023811648639086,1
CCCCCCCCCCCC(CC1C(C(=O)O1)CCCCCC)OC(=O)C(CC(C)C)NC=O,CCCN(CCC)S(=O)(=O)C1=CC=C(C=C1)C(=O)O,0.0,unreported_twosides_sampled,4.2483545e-18,0.0919921710556056,0.0919921710556056,fitted,platt_logistic_regression,0.48023811648639086,0
CC(C)(C)NCC(C1=CC(=C(C=C1)O)CO)O,CC1=CC2C(CCC3(C2CCC3(C(=O)C)O)C)C4(C1=CC(=O)CC4)C,1.0,reported_twosides,4.2483545e-18,0.0919921710556056,0.0919921710556056,fitted,platt_logistic_regression,0.48023811648639086,0
CC(C)(C)C1=CC=C(C=C1)S(=O)(=O)NC2=C(C(=NC(=N2)C3=NC=CC=N3)OCCO)OC4=CC=CC=C4OC,CC(CCC(=O)O)C1CCC2C1(CCC3C2C(CC4C3(CCC(C4)O)C)O)C,1.0,reported_twosides,4.2483545e-18,0.0919921710556056,0.0919921710556056,fitted,platt_logistic_regression,0.48023811648639086,0
CC1=CC(=CC=C1)NC2=C(C=NC=C2)S(=O)(=O)NC(=O)NC(C)C,CS(=O)(=O)C1=CC=C(C=C1)C2=C(C(=O)OC2)C3=CC=CC=C3,1.0,reported_twosides,5.275357e-14,0.0919921710556056,0.0919921710556056,fitted,platt_logistic_regression,0.48023811648639086,0
CC12CC(C3(C(C1CC(C2(C(=O)CO)O)O)CCC4=CC(=O)C=CC43C)F)O,CC1=NN=C(S1)SCC2=C(N3C(C(C3=O)NC(=O)CN4C=NN=N4)SC2)C(=O)[O-],1.0,reported_twosides,1.0,0.891810177985089,0.891810177985089,fitted,platt_logistic_regression,0.48023811648639086,1
C(C(CO[N+](=O)[O-])O[N+](=O)[O-])O[N+](=O)[O-],C1=CC=C2C(=C1)C(=O)NC2(C3=CC(=C(C=C3)Cl)S(=O)(=O)N)O,1.0,reported_twosides,1.0,0.891810177985089,0.891810177985089,fitted,platt_logistic_regression,0.48023811648639086,1
C1CC(C1)(C(=O)O)C(=O)O.N.N.[Pt],CN(C)CCC=C1C2=CC=CC=C2COC3=C1C=C(C=C3)CC(=O)O,0.0,unreported_twosides_sampled,0.07858047,0.3817766162903822,0.3817766162903822,fitted,platt_logistic_regression,0.48023811648639086,0
C1CC(=O)NC(=O)C1N2C(=O)C3=CC=CC=C3C2=O,CCCC(=O)OC1(CCC2C1(CC(C3C2CCC4=CC(=O)CCC34C)O)C)C(=O)CO,0.0,unreported_twosides_sampled,4.9157395e-10,0.0919921710556056,0.0919921710556056,fitted,platt_logistic_regression,0.48023811648639086,0
CCCCCC(C=CC1C(CC(=O)C1CCCCCCC(=O)O)O)O,CCCN(CCC)S(=O)(=O)C1=CC=C(C=C1)C(=O)O,0.0,unreported_twosides_sampled,4.2483545e-18,0.0919921710556056,0.0919921710556056,fitted,platt_logistic_regression,0.48023811648639086,0
CCC1=C2C(=CC=C1)C3=C(N2)C(OCC3)(CC)CC(=O)O,CCCNC(=O)NS(=O)(=O)C1=CC=C(C=C1)Cl,0.0,unreported_twosides_sampled,4.2483545e-18,0.0919921710556056,0.0919921710556056,fitted,platt_logistic_regression,0.48023811648639086,0
CC(CC1=CC(=C(C=C1)O)O)(C(=O)O)N,CCC1(CC(=O)NC1=O)C,0.0,unreported_twosides_sampled,3.2950634e-10,0.0919921710556056,0.0919921710556056,fitted,platt_logistic_regression,0.48023811648639086,0
CC1=CC2=C(C=C1C)N(C=N2)C3C(C(C(O3)CO)OP(=O)([O-])OC(C)CNC(=O)CCC4(C(C5C6(C(C(C(=N6)C(=C7C(C(C(=N7)C=C8C(C(C(=N8)C(=C4[N-]5)C)CCC(=O)N)(C)C)CCC(=O)N)(C)CC(=O)N)C)CCC(=O)N)(C)CC(=O)N)C)CC(=O)N)C)O.O.[Co],CNS(=O)(=O)CCC1=CC2=C(C=C1)NC=C2C3CCN(CC3)C,0.0,unreported_twosides_sampled,4.2483545e-18,0.0919921710556056,0.0919921710556056,fitted,platt_logistic_regression,0.48023811648639086,0
CC(=O)SC1CC2=CC(=O)CCC2(C3C1C4CCC5(C4(CC3)C)CCC(=O)O5)C,CCC(CC)OC1C=C(CC(C1NC(=O)C)N)C(=O)OCC,0.0,unreported_twosides_sampled,0.99990034,0.7984671643324971,0.7984671643324971,fitted,platt_logistic_regression,0.48023811648639086,1
CC1(C(N2C(S1)C(C2=O)NC(=O)CC3=CC=CC=C3)C(=O)O)C,CN1CC(=O)N2C(C1=O)CC3=C(C2C4=CC5=C(C=C4)OCO5)NC6=CC=CC=C36,0.0,unreported_twosides_sampled,1.0,0.891810177985089,0.891810177985089,fitted,platt_logistic_regression,0.48023811648639086,1
CC(C)(C)C1=CC=C(C=C1)S(=O)(=O)NC2=C(C(=NC(=N2)C3=NC=CC=N3)OCCO)OC4=CC=CC=C4OC,CC1=CC(=CC=C1)NC2=C(C=NC=C2)S(=O)(=O)NC(=O)NC(C)C,1.0,reported_twosides,4.2483545e-18,0.0919921710556056,0.0919921710556056,fitted,platt_logistic_regression,0.48023811648639086,0
CC(C)(C)NCC(C1=NC(=C(C=C1)O)CO)O,CC1C(C(=O)N1S(=O)(=O)O)NC(=O)C(=NOC(C)(C)C(=O)O)C2=CSC(=N2)N,0.0,unreported_twosides_sampled,0.027187435,0.3408233906017086,0.3408233906017086,fitted,platt_logistic_regression,0.48023811648639086,0
C1=CC=C(C=C1)C(C2=CC=CC=C2)(C3=CC=CC=C3Cl)N4C=CN=C4,CCC(=O)OC(C(C)C)OP(=O)(CCCCC1=CC=CC=C1)CC(=O)N2CC(CC2C(=O)[O-])C3CCCCC3,1.0,reported_twosides,0.00979379,0.3047044432123489,0.3047044432123489,fitted,platt_logistic_regression,0.48023811648639086,0
C1=CN(C(=O)N=C1N)C2C(C(C(O2)CO)O)O,CC1(OC2CC3C4CC(C5=CC(=O)C=CC5(C4C(CC3(C2(O1)C(=O)CO)C)O)C)F)C,0.0,unreported_twosides_sampled,4.285888e-07,0.0919921710556056,0.0919921710556056,fitted,platt_logistic_regression,0.48023811648639086,0
CC(C1=CC(=C(C=C1)C2=CC=CC=C2)F)C(=O)O,CC(CCC(=O)O)C1CCC2C1(CCC3C2C(CC4C3(CCC(C4)O)C)O)C,0.0,unreported_twosides_sampled,4.2483545e-18,0.0919921710556056,0.0919921710556056,fitted,platt_logistic_regression,0.48023811648639086,0
C1=CC(=C(C=C1Cl)Cl)C(CN2C=CN=C2)OCC3=C(SC=C3)Cl,CCC(=C)C(=O)C1=C(C(=C(C=C1)OCC(=O)O)Cl)Cl,0.0,unreported_twosides_sampled,7.784975e-09,0.0919921710556056,0.0919921710556056,fitted,platt_logistic_regression,0.48023811648639086,0
C1=CC=C(C=C1)CCNN,CCCCN1CCCCC1C(=O)NC2=C(C=CC=C2C)C,0.0,unreported_twosides_sampled,4.2483545e-18,0.0919921710556056,0.0919921710556056,fitted,platt_logistic_regression,0.48023811648639086,0
CCCCCC(C=CC1C(CC(=O)C1CCCCCCC(=O)O)O)O,CN(C)CCC=C1C2=CC=CC=C2COC3=C1C=C(C=C3)CC(=O)O,0.0,unreported_twosides_sampled,3.9565744e-13,0.0919921710556056,0.0919921710556056,fitted,platt_logistic_regression,0.48023811648639086,0
CCN(CCCC(C)NC1=C2C=CC(=CC2=NC=C1)Cl)CCO,CN1CC(=O)N2C(C1=O)CC3=C(C2C4=CC5=C(C=C4)OCO5)NC6=CC=CC=C36,1.0,reported_twosides,4.2483545e-18,0.0919921710556056,0.0919921710556056,fitted,platt_logistic_regression,0.48023811648639086,0
C(N)(N)(Cl)Cl,CC12CCC3C(C1CCC2(C#C)O)CCC4=CC(=O)CCC34,0.0,unreported_twosides_sampled,4.2483545e-18,0.0919921710556056,0.0919921710556056,fitted,platt_logistic_regression,0.48023811648639086,0
CC1=CC(=CC=C1)NC2=C(C=NC=C2)S(=O)(=O)NC(=O)NC(C)C,COC1=C(C=C2C(=C1)CC(C2=O)CC3CCN(CC3)CC4=CC=CC=C4)OC,1.0,reported_twosides,4.2483545e-18,0.0919921710556056,0.0919921710556056,fitted,platt_logistic_regression,0.48023811648639086,0
C1=CN(C(=O)N=C1N)C2C(C(C(O2)CO)O)O,S=[Se],0.0,unreported_twosides_sampled,0.00030166973,0.20091842952115607,0.20091842952115607,fitted,platt_logistic_regression,0.48023811648639086,0
CCCCCC(CCC1C(CC2C1CC3=C(C2)C(=CC=C3)OCC(=O)O)O)O,CCCCN1CCCCC1C(=O)NC2=C(C=CC=C2C)C,0.0,unreported_twosides_sampled,4.2483545e-18,0.0919921710556056,0.0919921710556056,fitted,platt_logistic_regression,0.48023811648639086,0
CCOC1=CC=CC=C1OCCNC(C)CC2=CC(=C(C=C2)OC)S(=O)(=O)N,CN1C=NC(=C1SC2=NC=NC3=C2NC=N3)[N+](=O)[O-],1.0,reported_twosides,4.2483545e-18,0.0919921710556056,0.0919921710556056,fitted,platt_logistic_regression,0.48023811648639086,0
CC(=O)OC1C(CC2C1(CCC3C2CCC4C3(CC(C(C4)O)N5CCOCC5)C)C)[N+]6(CCCC6)CC=C,CC1=C(C(=CC=C1)NC2=CC=CC=C2C(=O)O)C,0.0,unreported_twosides_sampled,4.2483545e-18,0.0919921710556056,0.0919921710556056,fitted,platt_logistic_regression,0.48023811648639086,0
CC(=O)SC1CC2=CC(=O)CCC2(C3C1C4CCC5(C4(CC3)C)CCC(=O)O5)C,CCC1(CC(=O)NC1=O)C,0.0,unreported_twosides_sampled,0.9998797,0.7936050726207923,0.7936050726207923,fitted,platt_logistic_regression,0.48023811648639086,1
C1CCC(CC1)C(CCN2CCCCC2)(C3=CC=CC=C3)O,CS(=O)(=O)C1=CC=C(C=C1)C2=C(C(=O)OC2)C3=CC=CC=C3,1.0,reported_twosides,0.0001102132,0.1764048206300895,0.1764048206300895,fitted,platt_logistic_regression,0.48023811648639086,0
CCCCCCCCCCCC(CC1C(C(=O)O1)CCCCCC)OC(=O)C(CC(C)C)NC=O,CN(C)CCC1=CNC2=C1C=C(C=C2)CC3COC(=O)N3,1.0,reported_twosides,4.2483545e-18,0.0919921710556056,0.0919921710556056,fitted,platt_logistic_regression,0.48023811648639086,0
C1=CC(=C(C=C1Cl)Cl)C(CN2C=CN=C2)OCC3=C(SC=C3)Cl,CC(CCC(=O)O)C1CCC2C1(CCC3C2C(CC4C3(CCC(C4)O)C)O)C,0.0,unreported_twosides_sampled,4.2483545e-18,0.0919921710556056,0.0919921710556056,fitted,platt_logistic_regression,0.48023811648639086,0
C1CCC(CC1)C(CCN2CCCCC2)(C3=CC=CC=C3)O,CCCCN1CCCCC1C(=O)NC2=C(C=CC=C2C)C,0.0,unreported_twosides_sampled,4.2483545e-18,0.0919921710556056,0.0919921710556056,fitted,platt_logistic_regression,0.48023811648639086,0
C1CCC(CC1)C(CCN2CCCCC2)(C3=CC=CC=C3)O,CC1=CC2=C(C=C1C(=C)C3=CC=C(C=C3)C(=O)O)C(CCC2(C)C)(C)C,0.0,unreported_twosides_sampled,5.7751834e-16,0.0919921710556056,0.0919921710556056,fitted,platt_logistic_regression,0.48023811648639086,0
CC12CC(C3(C(C1CC(C2(C(=O)CO)O)O)CCC4=CC(=O)C=CC43C)F)O,CCCN(CCC)S(=O)(=O)C1=CC=C(C=C1)C(=O)O,0.0,unreported_twosides_sampled,4.2483545e-18,0.0919921710556056,0.0919921710556056,fitted,platt_logistic_regression,0.48023811648639086,0
CC1(OC2CC3C4CC(C5=CC(=O)C=CC5(C4C(CC3(C2(O1)C(=O)CO)C)O)C)F)C,CCC1=C2C(=CC=C1)C3=C(N2)C(OCC3)(CC)CC(=O)O,1.0,reported_twosides,4.2483545e-18,0.0919921710556056,0.0919921710556056,fitted,platt_logistic_regression,0.48023811648639086,0
C1CN(CCN1CCC2=C(C=C3C(=C2)CC(=O)N3)Cl)C4=NSC5=CC=CC=C54,CC12CC(=O)C3C(C1CCC2(C(=O)CO)O)CCC4=CC(=O)C=CC34C,1.0,reported_twosides,1.0,0.891810177985089,0.891810177985089,fitted,platt_logistic_regression,0.48023811648639086,1
C1=CC=C(C=C1)CCNN,CC1=CC(=CC=C1)NC2=C(C=NC=C2)S(=O)(=O)NC(=O)NC(C)C,0.0,unreported_twosides_sampled,4.2483545e-18,0.0919921710556056,0.0919921710556056,fitted,platt_logistic_regression,0.48023811648639086,0
CC(C)(C)C1=CC=C(C=C1)S(=O)(=O)NC2=C(C(=NC(=N2)C3=NC=CC=N3)OCCO)OC4=CC=CC=C4OC,CC12CC(=O)C3C(C1CCC2(C(=O)CO)O)CCC4=CC(=O)C=CC34C,1.0,reported_twosides,8.272031e-16,0.0919921710556056,0.0919921710556056,fitted,platt_logistic_regression,0.48023811648639086,0
C1CN2C(=CC=C2C(=O)C3=CC=CC=C3)C1C(=O)O,CC1=CC2=C(C=C1C(=C)C3=CC=C(C=C3)C(=O)O)C(CCC2(C)C)(C)C,0.0,unreported_twosides_sampled,1.0,0.891810177985089,0.891810177985089,fitted,platt_logistic_regression,0.48023811648639086,1
CC1=CC2=C(C=C1C)N(C=N2)C3C(C(C(O3)CO)OP(=O)([O-])OC(C)CNC(=O)CCC4(C(C5C6(C(C(C(=N6)C(=C7C(C(C(=N7)C=C8C(C(C(=N8)C(=C4[N-]5)C)CCC(=O)N)(C)C)CCC(=O)N)(C)CC(=O)N)C)CCC(=O)N)(C)CC(=O)N)C)CC(=O)N)C)O.O.[Co],CCCCN1CCCCC1C(=O)NC2=C(C=CC=C2C)C,0.0,unreported_twosides_sampled,4.2483545e-18,0.0919921710556056,0.0919921710556056,fitted,platt_logistic_regression,0.48023811648639086,0
CCCCN1CCCCC1C(=O)NC2=C(C=CC=C2C)C,CN(CCCNC(=O)C1CCCO1)C2=NC3=CC(=C(C=C3C(=N2)N)OC)OC,0.0,unreported_twosides_sampled,4.2483545e-18,0.0919921710556056,0.0919921710556056,fitted,platt_logistic_regression,0.48023811648639086,0
CC1=C(N=CN1)CSCCNC(=NC)NC#N,CC1=CC2C(CCC3(C2CCC3(C(=O)C)O)C)C4(C1=CC(=O)CC4)C,1.0,reported_twosides,1.0,0.891810177985089,0.891810177985089,fitted,platt_logistic_regression,0.48023811648639086,1
CC1=NN=C(S1)SCC2=C(N3C(C(C3=O)NC(=O)CN4C=NN=N4)SC2)C(=O)[O-],CN1C(=NC(=O)C(=N1)[O-])SCC2=C(N3C(C(C3=O)NC(=O)C(=NOC)C4=CSC(=N4)N)SC2)C(=O)[O-],1.0,reported_twosides,1.0,0.891810177985089,0.891810177985089,fitted,platt_logistic_regression,0.48023811648639086,1
CC1(OC2CC3C4CCC5=CC(=O)C=CC5(C4C(CC3(C2(O1)C(=O)CO)C)O)C)C,CC1C=CC=CCCC=CC=CC=CC=CC(CC(C(C(CC(=O)CC(C(CCC(CC(CC(CC(=O)OC(C(C1O)C)C)O)O)O)O)O)O)C(=O)O)O)OC2C(C(C(C(O2)C)O)N)O,0.0,unreported_twosides_sampled,8.805836e-06,0.1252947780553662,0.1252947780553662,fitted,platt_logistic_regression,0.48023811648639086,0
C1=CC=C2C(=C1)C(=O)NC2(C3=CC(=C(C=C3)Cl)S(=O)(=O)N)O,CN1C=NC(=C1SC2=NC=NC3=C2NC=N3)[N+](=O)[O-],0.0,unreported_twosides_sampled,0.9999969,0.8731689075840364,0.8731689075840364,fitted,platt_logistic_regression,0.48023811648639086,1
C1CC(=O)NC(=O)C1N2C(=O)C3=CC=CC=C3C2=O,CC(=O)N(CCCCCNC(=O)CCC(=O)N(CCCCCNC(=O)CCC(=O)N(CCCCCN)O)O)O,0.0,unreported_twosides_sampled,1.0,0.891810177985089,0.891810177985089,fitted,platt_logistic_regression,0.48023811648639086,1
C(C(CO[N+](=O)[O-])O[N+](=O)[O-])O[N+](=O)[O-],CN(C)C(=N)N=C(N)N,1.0,reported_twosides,0.49160418,0.47615839702034274,0.47615839702034274,fitted,platt_logistic_regression,0.48023811648639086,0
CC(C(=O)C1=CC(=CC=C1)Cl)NC(C)(C)C,CCOC1=NC2=CC=CC(=C2N1CC3=CC=C(C=C3)C4=CC=CC=C4C5=NNN=N5)C(=O)O,1.0,reported_twosides,0.99985754,0.7891577689891246,0.7891577689891246,fitted,platt_logistic_regression,0.48023811648639086,1
C(OC(C(F)(F)F)C(F)(F)F)F,CC1=NC=C(N1CCO)[N+](=O)[O-],1.0,reported_twosides,0.15395264,0.4106301479069911,0.4106301479069911,fitted,platt_logistic_regression,0.48023811648639086,0
C1CC(=O)NC(=O)C1N2C(=O)C3=CC=CC=C3C2=O,CC(C1=CC(=C(C=C1)C2=CC=CC=C2)F)C(=O)O,0.0,unreported_twosides_sampled,0.99956983,0.7583892429965255,0.7583892429965255,fitted,platt_logistic_regression,0.48023811648639086,1
C(OC(C(F)(F)F)C(F)(F)F)F,C1CN=C(N1)NC2=C(C3=NC=CN=C3C=C2)Br,0.0,unreported_twosides_sampled,4.2483545e-18,0.0919921710556056,0.0919921710556056,fitted,platt_logistic_regression,0.48023811648639086,0
C(C(CO[N+](=O)[O-])O[N+](=O)[O-])O[N+](=O)[O-],CN(CCCNC(=O)C1CCCO1)C2=NC3=CC(=C(C=C3C(=N2)N)OC)OC,1.0,reported_twosides,2.0935802e-09,0.0919921710556056,0.0919921710556056,fitted,platt_logistic_regression,0.48023811648639086,0
CC(C)(C)NCC(C1=NC(=C(C=C1)O)CO)O,CC1NC2=CC(=C(C=C2C(=O)N1C3=CC=CC=C3C)S(=O)(=O)N)Cl,1.0,reported_twosides,0.972132,0.6166601572855103,0.6166601572855103,fitted,platt_logistic_regression,0.48023811648639086,1
C1CC(C1)(C(=O)O)C(=O)O.N.N.[Pt],CC1=CC2C(CCC3(C2CCC3(C(=O)C)O)C)C4(C1=CC(=O)CC4)C,1.0,reported_twosides,4.2483545e-18,0.0919921710556056,0.0919921710556056,fitted,platt_logistic_regression,0.48023811648639086,0
CCC1=C2C(=CC=C1)C3=C(N2)C(OCC3)(CC)CC(=O)O,CN(C)CCC1=CNC2=C1C=C(C=C2)CC3COC(=O)N3,1.0,reported_twosides,4.0676364e-09,0.0919921710556056,0.0919921710556056,fitted,platt_logistic_regression,0.48023811648639086,0
CC(C)(C)NCC(C1=CC(=C(C=C1)O)CO)O,CC1CCC2CC(C(=CC=CC=CC(CC(C(=O)C(C(C(=CC(C(=O)CC(OC(=O)C3CCCCN3C(=O)C(=O)C1(O2)O)C(C)CC4CCC(C(C4)OC)O)C)C)O)OC)C)C)C)OC,1.0,reported_twosides,4.2483545e-18,0.0919921710556056,0.0919921710556056,fitted,platt_logistic_regression,0.48023811648639086,0
C1=CN(C(=O)N=C1N)C2C(C(C(O2)CO)O)O,CC(CC1=CC(=C(C=C1)O)O)(C(=O)O)N,0.0,unreported_twosides_sampled,0.80999917,0.5351300240509642,0.5351300240509642,fitted,platt_logistic_regression,0.48023811648639086,1
CC(C)(C)NCC(COC1=NSN=C1N2CCOCC2)O,CCN(CC)CCOC(=O)C1(CCCCC1)C2CCCCC2,0.0,unreported_twosides_sampled,4.2483545e-18,0.0919921710556056,0.0919921710556056,fitted,platt_logistic_regression,0.48023811648639086,0
CCC(=O)OC(C(C)C)OP(=O)(CCCCC1=CC=CC=C1)CC(=O)N2CC(CC2C(=O)[O-])C3CCCCC3,CN(C)CCC=C1C2=CC=CC=C2C=CC3=CC=CC=C31,1.0,reported_twosides,0.0003759995,0.20660914795750646,0.20660914795750646,fitted,platt_logistic_regression,0.48023811648639086,0
CC1C=CC=CCCC=CC=CC=CC=CC(CC(C(C(CC(=O)CC(C(CCC(CC(CC(CC(=O)OC(C(C1O)C)C)O)O)O)O)O)O)C(=O)O)O)OC2C(C(C(C(O2)C)O)N)O,CN1CCN(CC1)CCCN2C3=CC=CC=C3SC4=C2C=C(C=C4)Cl,1.0,reported_twosides,2.236002e-11,0.0919921710556056,0.0919921710556056,fitted,platt_logistic_regression,0.48023811648639086,0
C1=CC=C2C(=C1)C(=O)NC2(C3=CC(=C(C=C3)Cl)S(=O)(=O)N)O,CN(C)CCCN1C2=CC=CC=C2CCC3=CC=CC=C31,1.0,reported_twosides,1.0,0.891810177985089,0.891810177985089,fitted,platt_logistic_regression,0.48023811648639086,1
C1CN(CCN1CCC2=C(C=C3C(=C2)CC(=O)N3)Cl)C4=NSC5=CC=CC=C54,CC1C=CC=CCCC=CC=CC=CC=CC(CC(C(C(CC(=O)CC(C(CCC(CC(CC(CC(=O)OC(C(C1O)C)C)O)O)O)O)O)O)C(=O)O)O)OC2C(C(C(C(O2)C)O)N)O,1.0,reported_twosides,1.0,0.891810177985089,0.891810177985089,fitted,platt_logistic_regression,0.48023811648639086,1
C1=CN(C(=O)N=C1N)C2C(C(C(O2)CO)O)O,CC12CCC3C(C1CCC2(C#C)O)CCC4=CC(=O)CCC34,1.0,reported_twosides,3.0655294e-11,0.0919921710556056,0.0919921710556056,fitted,platt_logistic_regression,0.48023811648639086,0
CCCCCCCCCCCC(CC1C(C(=O)O1)CCCCCC)OC(=O)C(CC(C)C)NC=O,CCCCN1CCCCC1C(=O)NC2=C(C=CC=C2C)C,0.0,unreported_twosides_sampled,4.2483545e-18,0.0919921710556056,0.0919921710556056,fitted,platt_logistic_regression,0.48023811648639086,0
CC(=O)SC1CC2=CC(=O)CCC2(C3C1C4CCC5(C4(CC3)C)CCC(=O)O5)C,CCCC(CCC)C(=O)O,1.0,reported_twosides,0.017802337,0.32550954162907436,0.32550954162907436,fitted,platt_logistic_regression,0.48023811648639086,0
CC(C)(CC1=CC=CC=C1)N,CCC1=C2C(=CC=C1)C3=C(N2)C(OCC3)(CC)CC(=O)O,1.0,reported_twosides,1.9331038e-10,0.0919921710556056,0.0919921710556056,fitted,platt_logistic_regression,0.48023811648639086,0
CC(C)(C)NCC(C1=NC(=C(C=C1)O)CO)O,CC12CC(C3(C(C1CC(C2(C(=O)CO)O)O)CCC4=CC(=O)C=CC43C)F)O,1.0,reported_twosides,4.2483545e-18,0.0919921710556056,0.0919921710556056,fitted,platt_logistic_regression,0.48023811648639086,0
CC(C)(C)NCC(COC1=NSN=C1N2CCOCC2)O,CCCC1=NN(C2=C1NC(=NC2=O)C3=C(C=CC(=C3)S(=O)(=O)N4CCN(CC4)C)OCC)C,1.0,reported_twosides,4.2483545e-18,0.0919921710556056,0.0919921710556056,fitted,platt_logistic_regression,0.48023811648639086,0
CC1=CC2C(CCC3(C2CCC3(C(=O)C)O)C)C4(C1=CC(=O)CC4)C,CS(=O)(=O)C1=CC=C(C=C1)C2=C(C(=O)OC2)C3=CC=CC=C3,1.0,reported_twosides,4.5999276e-12,0.0919921710556056,0.0919921710556056,fitted,platt_logistic_regression,0.48023811648639086,0
C1CC(=O)NC(=O)C1N2C(=O)C3=CC=CC=C3C2=O,CS(=O)(=O)C1=CC=C(C=C1)C2=C(C(=O)OC2)C3=CC=CC=C3,1.0,reported_twosides,0.8886557,0.5598575977468433,0.5598575977468433,fitted,platt_logistic_regression,0.48023811648639086,1
CC1=NC=C(N1CCO)[N+](=O)[O-],CCC(=O)OC(C(C)C)OP(=O)(CCCCC1=CC=CC=C1)CC(=O)N2CC(CC2C(=O)[O-])C3CCCCC3,1.0,reported_twosides,8.92994e-06,0.12553916789236755,0.12553916789236755,fitted,platt_logistic_regression,0.48023811648639086,0
CC(C(=O)C1=CC(=CC=C1)Cl)NC(C)(C)C,CN1CC(=O)N2C(C1=O)CC3=C(C2C4=CC5=C(C=C4)OCO5)NC6=CC=CC=C36,1.0,reported_twosides,5.6957487e-07,0.0919921710556056,0.0919921710556056,fitted,platt_logistic_regression,0.48023811648639086,0
CC1=C(C(=CC=C1)NC2=CC=CC=C2C(=O)O)C,CC1=CC2=C(C=C1C(=C)C3=CC=C(C=C3)C(=O)O)C(CCC2(C)C)(C)C,0.0,unreported_twosides_sampled,4.2483545e-18,0.0919921710556056,0.0919921710556056,fitted,platt_logistic_regression,0.48023811648639086,0
CC(C)C(CC1=CC(=C(C=C1)OC)OCCCOC)CC(C(CC(C(C)C)C(=O)NCC(C)(C)C(=O)N)O)N,CCCC(CCC)C(=O)O,0.0,unreported_twosides_sampled,4.2483545e-18,0.0919921710556056,0.0919921710556056,fitted,platt_logistic_regression,0.48023811648639086,0
CC1=NC=C(N1CCO)[N+](=O)[O-],CN1C=NC(=C1SC2=NC=NC3=C2NC=N3)[N+](=O)[O-],1.0,reported_twosides,0.004934355,0.28192936816035336,0.28192936816035336,fitted,platt_logistic_regression,0.48023811648639086,0
CC(=O)N(CC(CO)O)C1=C(C(=C(C(=C1I)C(=O)NCC(CO)O)I)C(=O)NCC(CO)O)I,CC(=O)SC1CC2=CC(=O)CCC2(C3C1C4CCC5(C4(CC3)C)CCC(=O)O5)C,0.0,unreported_twosides_sampled,2.13457e-10,0.0919921710556056,0.0919921710556056,fitted,platt_logistic_regression,0.48023811648639086,0
CC1COC2=C3N1C=C(C(=O)C3=CC(=C2N4CCN(CC4)C)F)C(=O)O,CNS(=O)(=O)CCC1=CC2=C(C=C1)NC=C2C3CCN(CC3)C,0.0,unreported_twosides_sampled,7.186143e-05,0.16672877237463124,0.16672877237463124,fitted,platt_logistic_regression,0.48023811648639086,0
C1C2=C(C=CC(=C2Cl)Cl)NC3=NC(=O)CN31,CCOC1=NC2=CC=CC(=C2N1CC3=CC=C(C=C3)C4=CC=CC=C4C5=NNN=N5)C(=O)O,0.0,unreported_twosides_sampled,1.0,0.891810177985089,0.891810177985089,fitted,platt_logistic_regression,0.48023811648639086,1
C1CC(C1)(C(=O)O)C(=O)O.N.N.[Pt],CC1COC2=C3N1C=C(C(=O)C3=CC(=C2N4CCN(CC4)C)F)C(=O)O,1.0,reported_twosides,6.023564e-11,0.0919921710556056,0.0919921710556056,fitted,platt_logistic_regression,0.48023811648639086,0
CN(C)CCC1=CNC2=C1C=C(C=C2)CC3COC(=O)N3,CN(CCCNC(=O)C1CCCO1)C2=NC3=CC(=C(C=C3C(=N2)N)OC)OC,0.0,unreported_twosides_sampled,5.1668808e-11,0.0919921710556056,0.0919921710556056,fitted,platt_logistic_regression,0.48023811648639086,0
CC1C(C(=O)N1S(=O)(=O)O)NC(=O)C(=NOC(C)(C)C(=O)O)C2=CSC(=N2)N,CCCCCCCCCCCC(CC1C(C(=O)O1)CCCCCC)OC(=O)C(CC(C)C)NC=O,0.0,unreported_twosides_sampled,4.2483545e-18,0.0919921710556056,0.0919921710556056,fitted,platt_logistic_regression,0.48023811648639086,0
C(N)(N)(Cl)Cl,CC(=O)SC1CC2=CC(=O)CCC2(C3C1C4CCC5(C4(CC3)C)CCC(=O)O5)C,1.0,reported_twosides,0.9999994,0.891810177985089,0.891810177985089,fitted,platt_logistic_regression,0.48023811648639086,1
CC(C(=O)C1=CC(=CC=C1)Cl)NC(C)(C)C,COC1=C(C=C2C(=C1)CC(C2=O)CC3CCN(CC3)CC4=CC=CC=C4)OC,1.0,reported_twosides,4.2483545e-18,0.0919921710556056,0.0919921710556056,fitted,platt_logistic_regression,0.48023811648639086,0
CC(C)C1=NC(=CS1)CN(C)C(=O)NC(C(C)C)C(=O)NC(CC2=CC=CC=C2)CC(C(CC3=CC=CC=C3)NC(=O)OCC4=CN=CS4)O,CCC1(CC(=O)NC1=O)C,0.0,unreported_twosides_sampled,9.977006e-12,0.0919921710556056,0.0919921710556056,fitted,platt_logistic_regression,0.48023811648639086,0
C1=CC(=C(C=C1Cl)Cl)C(CN2C=CN=C2)OCC3=C(SC=C3)Cl,CN1C(=NC(=O)C(=N1)[O-])SCC2=C(N3C(C(C3=O)NC(=O)C(=NOC)C4=CSC(=N4)N)SC2)C(=O)[O-],0.0,unreported_twosides_sampled,0.9997023,0.7689650536785748,0.7689650536785748,fitted,platt_logistic_regression,0.48023811648639086,1
CCN(CCCC(C)NC1=C2C=CC(=CC2=NC=C1)Cl)CCO,CN1C(=NC(=O)C(=N1)[O-])SCC2=C(N3C(C(C3=O)NC(=O)C(=NOC)C4=CSC(=N4)N)SC2)C(=O)[O-],1.0,reported_twosides,4.2483545e-18,0.0919921710556056,0.0919921710556056,fitted,platt_logistic_regression,0.48023811648639086,0
CC1=CC2=C(NC3=CC=CC=C3N=C2S1)N4CCN(CC4)C,CC1=CC2C(CCC3(C2CCC3(C(=O)C)O)C)C4(C1=CC(=O)CC4)C,1.0,reported_twosides,4.2483545e-18,0.0919921710556056,0.0919921710556056,fitted,platt_logistic_regression,0.48023811648639086,0
C1=CC=C2C(=C1)C(=O)NC2(C3=CC(=C(C=C3)Cl)S(=O)(=O)N)O,CC12CC(=O)C3C(C1CCC2(C(=O)CO)O)CCC4=CC(=O)C=CC34C,1.0,reported_twosides,1.0,0.891810177985089,0.891810177985089,fitted,platt_logistic_regression,0.48023811648639086,1
CN(C)CCC=C1C2=CC=CC=C2C=CC3=CC=CC=C31,CNS(=O)(=O)CCC1=CC2=C(C=C1)NC=C2C3CCN(CC3)C,1.0,reported_twosides,0.0022166164,0.25678514130339164,0.25678514130339164,fitted,platt_logistic_regression,0.48023811648639086,0
C1CN2C(=CC=C2C(=O)C3=CC=CC=C3)C1C(=O)O,CC(C1=CC(=C(C=C1)C2=CC=CC=C2)F)C(=O)O,0.0,unreported_twosides_sampled,1.0,0.891810177985089,0.891810177985089,fitted,platt_logistic_regression,0.48023811648639086,1
CC(CCC(=O)O)C1CCC2C1(CCC3C2C(CC4C3(CCC(C4)O)C)O)C,CCC1=C2C(=CC=C1)C3=C(N2)C(OCC3)(CC)CC(=O)O,1.0,reported_twosides,4.2483545e-18,0.0919921710556056,0.0919921710556056,fitted,platt_logistic_regression,0.48023811648639086,0
CCCCCCCCCCCC(CC1C(C(=O)O1)CCCCCC)OC(=O)C(CC(C)C)NC=O,CCN(CC)CCOC(=O)C1(CCCCC1)C2CCCCC2,1.0,reported_twosides,4.2483545e-18,0.0919921710556056,0.0919921710556056,fitted,platt_logistic_regression,0.48023811648639086,0
CC(C(=O)C1=CC(=CC=C1)Cl)NC(C)(C)C,CCOC1=CC=CC=C1OCCNC(C)CC2=CC(=C(C=C2)OC)S(=O)(=O)N,1.0,reported_twosides,4.2483545e-18,0.0919921710556056,0.0919921710556056,fitted,platt_logistic_regression,0.48023811648639086,0
C1CC(=O)NC(=O)C1N2C(=O)C3=CC=CC=C3C2=O,CC1CC2C(CCC3(C2CCC3(C(=O)C)O)C)C4(C1=CC(=O)CC4)C,1.0,reported_twosides,4.2483545e-18,0.0919921710556056,0.0919921710556056,fitted,platt_logistic_regression,0.48023811648639086,0
C1CC(C1)(C(=O)O)C(=O)O.N.N.[Pt],CC1=NC=C(N1CCO)[N+](=O)[O-],1.0,reported_twosides,2.4628707e-05,0.14436782309527896,0.14436782309527896,fitted,platt_logistic_regression,0.48023811648639086,0
CC(C1=CC(=C(C=C1)C2=CC=CC=C2)F)C(=O)O,CC1(OC2CC3C4CCC5=CC(=O)C=CC5(C4C(CC3(C2(O1)C(=O)CO)C)O)C)C,0.0,unreported_twosides_sampled,0.99972755,0.7714651269102856,0.7714651269102856,fitted,platt_logistic_regression,0.48023811648639086,1
CC1=CC(=CC=C1)CN2CCN(CC2)C(C3=CC=CC=C3)C4=CC=C(C=C4)Cl,CCC1=C2C(=CC=C1)C3=C(N2)C(OCC3)(CC)CC(=O)O,1.0,reported_twosides,4.2483545e-18,0.0919921710556056,0.0919921710556056,fitted,platt_logistic_regression,0.48023811648639086,0
CC(C)(C)NCC(C1=CC(=C(C=C1)O)CO)O,CN1CC(=O)N2C(C1=O)CC3=C(C2C4=CC5=C(C=C4)OCO5)NC6=CC=CC=C36,1.0,reported_twosides,0.35500646,0.45384378125989777,0.45384378125989777,fitted,platt_logistic_regression,0.48023811648639086,0
CC1=NC=C(N1CCO)[N+](=O)[O-],CCC(C)C1C(CCC2(O1)CC3CC(O2)CC=C(C(C(C=CC=C4COC5C4(C(C=C(C5O)C)C(=O)O3)O)C)OC6CC(C(C(O6)C)OC7CC(C(C(O7)C)O)OC)OC)C)C.CC1CCC2(CC3CC(O2)CC=C(C(C(C=CC=C4COC5C4(C(C=C(C5O)C)C(=O)O3)O)C)OC6CC(C(C(O6)C)OC7CC(C(C(O7)C)O)OC)OC)C)OC1C(C)C,0.0,unreported_twosides_sampled,0.033634026,0.3487148511705422,0.3487148511705422,fitted,platt_logistic_regression,0.48023811648639086,0
C1=CC=C2C(=C1)C(=O)NC2(C3=CC(=C(C=C3)Cl)S(=O)(=O)N)O,C1CN=C(N1)NC2=C(C3=NC=CN=C3C=C2)Br,1.0,reported_twosides,1.0,0.891810177985089,0.891810177985089,fitted,platt_logistic_regression,0.48023811648639086,1
CC1=C(N=CN1)CSCCNC(=NC)NC#N,CCC(C)C1C(CCC2(O1)CC3CC(O2)CC=C(C(C(C=CC=C4COC5C4(C(C=C(C5O)C)C(=O)O3)O)C)OC6CC(C(C(O6)C)OC7CC(C(C(O7)C)O)OC)OC)C)C.CC1CCC2(CC3CC(O2)CC=C(C(C(C=CC=C4COC5C4(C(C=C(C5O)C)C(=O)O3)O)C)OC6CC(C(C(O6)C)OC7CC(C(C(O7)C)O)OC)OC)C)OC1C(C)C,0.0,unreported_twosides_sampled,1.0,0.891810177985089,0.891810177985089,fitted,platt_logistic_regression,0.48023811648639086,1
CCC1=C2C(=CC=C1)C3=C(N2)C(OCC3)(CC)CC(=O)O,CCP(CC)CC.CC(=O)OCC1C(C(C(C(O1)[S-])OC(=O)C)OC(=O)C)OC(=O)C.[Au+],1.0,reported_twosides,5.249219e-11,0.0919921710556056,0.0919921710556056,fitted,platt_logistic_regression,0.48023811648639086,0
CCCNC1CCC2=C(C1)SC(=N2)N,COC1=C(C=C2C(=C1)CC(C2=O)CC3CCN(CC3)CC4=CC=CC=C4)OC,1.0,reported_twosides,4.2483545e-18,0.0919921710556056,0.0919921710556056,fitted,platt_logistic_regression,0.48023811648639086,0
CC12CC(=O)C3C(C1CCC2(C(=O)CO)O)CCC4=CC(=O)C=CC34C,CCCC(=O)OC1(CCC2C1(CC(C3C2CCC4=CC(=O)CCC34C)O)C)C(=O)CO,0.0,unreported_twosides_sampled,1.0,0.891810177985089,0.891810177985089,fitted,platt_logistic_regression,0.48023811648639086,1
CN(CCCNC(=O)C1CCCO1)C2=NC3=CC(=C(C=C3C(=N2)N)OC)OC,CN1CC(=O)N2C(C1=O)CC3=C(C2C4=CC5=C(C=C4)OCO5)NC6=CC=CC=C36,1.0,reported_twosides,0.00017460925,0.187302634026451,0.187302634026451,fitted,platt_logistic_regression,0.48023811648639086,0
C1=CC=C(C=C1)C(C2=CC=CC=C2)(C3=CC=CC=C3Cl)N4C=CN=C4,CN(C)C(=N)N=C(N)N,1.0,reported_twosides,0.9999989,0.890724808994634,0.890724808994634,fitted,platt_logistic_regression,0.48023811648639086,1
C1=CC=C2C(=C1)C(=O)NC2(C3=CC(=C(C=C3)Cl)S(=O)(=O)N)O,CC1CCC2CC(C(=CC=CC=CC(CC(C(=O)C(C(C(=CC(C(=O)CC(OC(=O)C3CCCCN3C(=O)C(=O)C1(O2)O)C(C)CC4CCC(C(C4)OC)O)C)C)O)OC)C)C)C)OC,0.0,unreported_twosides_sampled,0.99999976,0.891810177985089,0.891810177985089,fitted,platt_logistic_regression,0.48023811648639086,1
CC12CC(C3(C(C1CC(C2(C(=O)CO)O)O)CCC4=CC(=O)C=CC43C)F)O,CCCCC(C)(CC=CC1C(CC(=O)C1CCCCCCC(=O)OC)O)O,1.0,reported_twosides,7.611638e-15,0.0919921710556056,0.0919921710556056,fitted,platt_logistic_regression,0.48023811648639086,0
CC(=O)SC1CC2=CC(=O)CCC2(C3C1C4CCC5(C4(CC3)C)CCC(=O)O5)C,CC1=NC=C(N1CCO)[N+](=O)[O-],1.0,reported_twosides,1.0,0.891810177985089,0.891810177985089,fitted,platt_logistic_regression,0.48023811648639086,1
CC(C)C1=NC(=CS1)CN(C)C(=O)NC(C(C)C)C(=O)NC(CC2=CC=CC=C2)CC(C(CC3=CC=CC=C3)NC(=O)OCC4=CN=CS4)O,CN1CC(=O)N2C(C1=O)CC3=C(C2C4=CC5=C(C=C4)OCO5)NC6=CC=CC=C36,1.0,reported_twosides,1.0,0.891810177985089,0.891810177985089,fitted,platt_logistic_regression,0.48023811648639086,1
CN(CCCNC(=O)C1CCCO1)C2=NC3=CC(=C(C=C3C(=N2)N)OC)OC,CS(=O)(=O)C1=CC=C(C=C1)C2=C(C(=O)OC2)C3=CC=CC=C3,1.0,reported_twosides,1.5549148e-06,0.0980329502805856,0.0980329502805856,fitted,platt_logistic_regression,0.48023811648639086,0
CCOC1=CC=CC=C1OCCNC(C)CC2=CC(=C(C=C2)OC)S(=O)(=O)N,CN(CCCNC(=O)C1CCCO1)C2=NC3=CC(=C(C=C3C(=N2)N)OC)OC,1.0,reported_twosides,4.2483545e-18,0.0919921710556056,0.0919921710556056,fitted,platt_logistic_regression,0.48023811648639086,0
C(=O)([O-])[O-].C(=O)([O-])[O-].C(=O)([O-])[O-].O.[La+3].[La+3],CC1(C(N2C(S1)C(C2=O)NC(=O)CC3=CC=CC=C3)C(=O)O)C,0.0,unreported_twosides_sampled,0.99999976,0.891810177985089,0.891810177985089,fitted,platt_logistic_regression,0.48023811648639086,1
CCC(C)C1C(CCC2(O1)CC3CC(O2)CC=C(C(C(C=CC=C4COC5C4(C(C=C(C5O)C)C(=O)O3)O)C)OC6CC(C(C(O6)C)OC7CC(C(C(O7)C)O)OC)OC)C)C.CC1CCC2(CC3CC(O2)CC=C(C(C(C=CC=C4COC5C4(C(C=C(C5O)C)C(=O)O3)O)C)OC6CC(C(C(O6)C)OC7CC(C(C(O7)C)O)OC)OC)C)OC1C(C)C,CCCC1=NN(C2=C1NC(=NC2=O)C3=C(C=CC(=C3)S(=O)(=O)N4CCN(CC4)C)OCC)C,0.0,unreported_twosides_sampled,4.2483545e-18,0.0919921710556056,0.0919921710556056,fitted,platt_logistic_regression,0.48023811648639086,0
C(OC(C(F)(F)F)C(F)(F)F)F,CC1(OC2CC3C4CCC5=CC(=O)C=CC5(C4C(CC3(C2(O1)C(=O)CO)C)O)C)C,0.0,unreported_twosides_sampled,1.2619923e-17,0.0919921710556056,0.0919921710556056,fitted,platt_logistic_regression,0.48023811648639086,0
CC(C)C1=NC(=CS1)CN(C)C(=O)NC(C(C)C)C(=O)NC(CC2=CC=CC=C2)CC(C(CC3=CC=CC=C3)NC(=O)OCC4=CN=CS4)O,CC1C=CC=CCCC=CC=CC=CC=CC(CC(C(C(CC(=O)CC(C(CCC(CC(CC(CC(=O)OC(C(C1O)C)C)O)O)O)O)O)O)C(=O)O)O)OC2C(C(C(C(O2)C)O)N)O,1.0,reported_twosides,0.5866321,0.49141046604323846,0.49141046604323846,fitted,platt_logistic_regression,0.48023811648639086,1
CCCCC1=C(C2=CC=CC=C2O1)C(=O)C3=CC(=C(C(=C3)I)OCC[NH+](CC)CC)I,CCCCCC(CCC1C(CC2C1CC3=C(C2)C(=CC=C3)OCC(=O)O)O)O,0.0,unreported_twosides_sampled,4.2483545e-18,0.0919921710556056,0.0919921710556056,fitted,platt_logistic_regression,0.48023811648639086,0
CCCCCC(C=CC1C(CC(=O)C1CCCCCCC(=O)O)O)O,CCOC1=CC=CC=C1OCCNC(C)CC2=CC(=C(C=C2)OC)S(=O)(=O)N,1.0,reported_twosides,4.2483545e-18,0.0919921710556056,0.0919921710556056,fitted,platt_logistic_regression,0.48023811648639086,0
C1CN=C(N1)NC2=C(C3=NC=CN=C3C=C2)Br,CC(C1=CC(=C(C=C1)C2=CC=CC=C2)F)C(=O)O,1.0,reported_twosides,1.403402e-05,0.13365542828874352,0.13365542828874352,fitted,platt_logistic_regression,0.48023811648639086,0
CCC1=C(C(=NC(=N1)N)N)C2=CC=C(C=C2)Cl,CCN(CC)CC(=O)NC1=C(C=CC=C1C)C,0.0,unreported_twosides_sampled,4.2483545e-18,0.0919921710556056,0.0919921710556056,fitted,platt_logistic_regression,0.48023811648639086,0
CC12CCC3C(C1CCC2(C#C)O)CCC4=CC(=O)CCC34,CCCCC(C)(CC=CC1C(CC(=O)C1CCCCCCC(=O)OC)O)O,0.0,unreported_twosides_sampled,2.902465e-13,0.0919921710556056,0.0919921710556056,fitted,platt_logistic_regression,0.48023811648639086,0
CC(C1=CC(=C(C=C1)C2=CC=CC=C2)F)C(=O)O,CCC(C)C1C(CCC2(O1)CC3CC(O2)CC=C(C(C(C=CC=C4COC5C4(C(C=C(C5O)C)C(=O)O3)O)C)OC6CC(C(C(O6)C)OC7CC(C(C(O7)C)O)OC)OC)C)C.CC1CCC2(CC3CC(O2)CC=C(C(C(C=CC=C4COC5C4(C(C=C(C5O)C)C(=O)O3)O)C)OC6CC(C(C(O6)C)OC7CC(C(C(O7)C)O)OC)OC)C)OC1C(C)C,0.0,unreported_twosides_sampled,0.00039139763,0.20765893743123467,0.20765893743123467,fitted,platt_logistic_regression,0.48023811648639086,0
CC1=C(C(=CC=C1)NC2=CC=CC=C2C(=O)O)C,CN(C)CCC=C1C2=CC=CC=C2C=CC3=CC=CC=C31,1.0,reported_twosides,1.7270815e-14,0.0919921710556056,0.0919921710556056,fitted,platt_logistic_regression,0.48023811648639086,0
CC12CCC3C(C1CCC2(C#C)O)CCC4=CC(=O)CCC34,CC1CCC2CC(C(=CC=CC=CC(CC(C(=O)C(C(C(=CC(C(=O)CC(OC(=O)C3CCCCN3C(=O)C(=O)C1(O2)O)C(C)CC4CCC(C(C4)OC)O)C)C)O)OC)C)C)C)OC,0.0,unreported_twosides_sampled,1.19317685e-17,0.0919921710556056,0.0919921710556056,fitted,platt_logistic_regression,0.48023811648639086,0
CC1=CC(=CC=C1)NC2=C(C=NC=C2)S(=O)(=O)NC(=O)NC(C)C,CN1C=NC(=C1SC2=NC=NC3=C2NC=N3)[N+](=O)[O-],0.0,unreported_twosides_sampled,4.2483545e-18,0.0919921710556056,0.0919921710556056,fitted,platt_logistic_regression,0.48023811648639086,0
CC(C)C1=NC(=CS1)CN(C)C(=O)NC(C(C)C)C(=O)NC(CC2=CC=CC=C2)CC(C(CC3=CC=CC=C3)NC(=O)OCC4=CN=CS4)O,CC1=C(C(=CC=C1)NC2=CC=CC=C2C(=O)O)C,1.0,reported_twosides,1.08472445e-14,0.0919921710556056,0.0919921710556056,fitted,platt_logistic_regression,0.48023811648639086,0
C(=O)([O-])[O-].C(=O)([O-])[O-].C(=O)([O-])[O-].O.[La+3].[La+3],COC1=C(C=C2C(=C1)CC(C2=O)CC3CCN(CC3)CC4=CC=CC=C4)OC,0.0,unreported_twosides_sampled,4.2483545e-18,0.0919921710556056,0.0919921710556056,fitted,platt_logistic_regression,0.48023811648639086,0
C1CC(C1)(C(=O)O)C(=O)O.N.N.[Pt],CCC(=C)C(=O)C1=C(C(=C(C=C1)OCC(=O)O)Cl)Cl,0.0,unreported_twosides_sampled,5.3743895e-14,0.0919921710556056,0.0919921710556056,fitted,platt_logistic_regression,0.48023811648639086,0
CC1=CC2=C(C=C1C(=C)C3=CC=C(C=C3)C(=O)O)C(CCC2(C)C)(C)C,CCCN(CCC)S(=O)(=O)C1=CC=C(C=C1)C(=O)O,0.0,unreported_twosides_sampled,5.177695e-06,0.11631862824006611,0.11631862824006611,fitted,platt_logistic_regression,0.48023811648639086,0
CCC(=C)C(=O)C1=C(C(=C(C=C1)OCC(=O)O)Cl)Cl,CN(C)CCC1=CNC2=C1C=C(C=C2)CC3COC(=O)N3,0.0,unreported_twosides_sampled,0.9984023,0.7180452233137061,0.7180452233137061,fitted,platt_logistic_regression,0.48023811648639086,1
CC12CCC3C(C1CCC2(C#C)O)CCC4=CC(=O)CCC34,CC1=C(C(CCC1)(C)C)C=CC(=CC=CC(=CCO)C)C,0.0,unreported_twosides_sampled,0.023367284,0.33528954332726574,0.33528954332726574,fitted,platt_logistic_regression,0.48023811648639086,0
CC12CCC3C(C1CCC2(C#C)O)CCC4=CC(=O)CCC34,CCC1=C(C(=NC(=N1)N)N)C2=CC=C(C=C2)Cl,0.0,unreported_twosides_sampled,5.2698542e-05,0.1599808327900977,0.1599808327900977,fitted,platt_logistic_regression,0.48023811648639086,0
CC(=O)N(CC(CO)O)C1=C(C(=C(C(=C1I)C(=O)NCC(CO)O)I)C(=O)NCC(CO)O)I,CCP(CC)CC.CC(=O)OCC1C(C(C(C(O1)[S-])OC(=O)C)OC(=O)C)OC(=O)C.[Au+],0.0,unreported_twosides_sampled,4.2483545e-18,0.0919921710556056,0.0919921710556056,fitted,platt_logistic_regression,0.48023811648639086,0
CC(=O)SC1CC2=CC(=O)CCC2(C3C1C4CCC5(C4(CC3)C)CCC(=O)O5)C,CC1=C2C(=NC=C1)N(C3=C(C=CC=N3)C(=O)N2)C4CC4,1.0,reported_twosides,1.0,0.891810177985089,0.891810177985089,fitted,platt_logistic_regression,0.48023811648639086,1
CCCCCC(C=CC1C(CC(=O)C1CCCCCCC(=O)O)O)O,CCCCCC(CCC1C(CC2C1CC3=C(C2)C(=CC=C3)OCC(=O)O)O)O,0.0,unreported_twosides_sampled,4.2483545e-18,0.0919921710556056,0.0919921710556056,fitted,platt_logistic_regression,0.48023811648639086,0
