source,target,label,label_evidence,raw_prediction_score,calibrated_prediction_score,prediction_score,calibration_status,calibration_method,threshold,predicted_label,predictive_entropy_nats,conformal_no_interaction_p_value,conformal_interaction_p_value,conformal_prediction_set,conformal_prediction_set_size,conformal_abstain,source_nearest_train_tanimoto,target_nearest_train_tanimoto,pair_minimum_nearest_train_tanimoto,source_exactly_seen_in_training,target_exactly_seen_in_training,structural_ood_flag
C1=NC2=C(N1)C(=S)N=CN2,C1C(C(OC1N2C=NC3=C(N=C(N=C32)Cl)N)CO)O,1,reported_twosides,0.005236893426626921,0.009038632744723923,0.009038632744723923,fitted,platt_logistic_regression,0.4858491299419137,0,0.051535702175724375,0.8370118845500849,0.0008488964346349745,no_interaction,1,False,0.3142857142857143,0.6296296296296297,0.3142857142857143,False,False,True
CC(CCC1=CC=C(C=C1)O)NCCC2=CC(=C(C=C2)O)O,CCC(C)(C)C(=O)OC1CC(C=C2C1C(C(C=C2)C)CCC3CC(CC(=O)O3)O)C,1,reported_twosides,0.5868357419967651,0.572937818884814,0.572937818884814,fitted,platt_logistic_regression,0.4858491299419137,1,0.6824692693265586,0.13582342954159593,0.23599320882852293,no_interaction|interaction,2,True,0.38596491228070173,0.7424242424242424,0.38596491228070173,False,False,True
CC(C)(C)NCC(COC1=NSN=C1N2CCOCC2)O,CC1=NN=C2N1C3=C(C=C(C=C3)Cl)C(=NC2)C4=CC=CC=C4,1,reported_twosides,0.2639894485473633,0.28226888156618507,0.28226888156618507,fitted,platt_logistic_regression,0.4858491299419137,0,0.5950834425305866,0.34295415959252973,0.07215619694397284,no_interaction,1,False,0.4,0.62,0.4,False,False,False
C1=CN(C=N1)CC(O)(P(=O)(O)O)P(=O)(O)O,C[N+]1(CCC2=CC(=C(C=C2C1CC3=CC(=C(C=C3)OC)OC)OC)OC)CCC(=O)OCCCCCOC(=O)CC[N+]4(CCC5=CC(=C(C=C5C4CC6=CC(=C(C=C6)OC)OC)OC)OC)C.C1=CC=C(C=C1)S(=O)(=O)[O-].C1=CC=C(C=C1)S(=O)(=O)[O-],0,unreported_twosides_sampled,0.7776827812194824,0.7497875193081563,0.7497875193081563,fitted,platt_logistic_regression,0.4858491299419137,1,0.5625684581459153,0.0636672325976231,0.37860780984719866,interaction,1,False,0.36585365853658536,0.25,0.25,False,False,True
C1=CN(C=N1)CC(O)(P(=O)(O)O)P(=O)(O)O,C1C(C2C(O1)C(CO2)O[N+](=O)[O-])O,1,reported_twosides,0.9389723539352417,0.9182040335395669,0.9182040335395669,fitted,platt_logistic_regression,0.4858491299419137,1,0.28313398083873936,0.014431239388794566,0.597623089983022,interaction,1,False,0.36585365853658536,0.8076923076923077,0.36585365853658536,False,False,True
C1CNCC(C1C2=CC=C(C=C2)F)COC3=CC4=C(C=C3)OCO4,CNCCC(C1=CC=CS1)OC2=CC=CC3=CC=CC=C32,1,reported_twosides,0.3609766364097595,0.37092440859778614,0.37092440859778614,fitted,platt_logistic_regression,0.4858491299419137,0,0.6594458341387415,0.27249575551782684,0.10865874363327674,no_interaction|interaction,2,True,0.24050632911392406,0.2647058823529412,0.24050632911392406,False,False,True
C1CNCC(C1C2=CC=C(C=C2)F)COC3=CC4=C(C=C3)OCO4,CCCCCN=C(N)NNC=C1C=NC2=C1C=C(C=C2)CO,1,reported_twosides,0.11276861280202866,0.13490910890127086,0.13490910890127086,fitted,platt_logistic_regression,0.4858491299419137,0,0.3956132989167971,0.5084889643463497,0.031409168081494056,no_interaction,1,False,0.24050632911392406,0.25,0.24050632911392406,False,False,True
C1=CC=C(C=C1)C2(C(=O)NC(=O)N2)C3=CC=CC=C3,CC1=CN(C(=O)NC1=O)C2CC(C(O2)CO)N=[N+]=[N-],0,unreported_twosides_sampled,0.00817848276346922,0.013425788801913299,0.013425788801913299,fitted,platt_logistic_regression,0.4858491299419137,0,0.0712081651191335,0.8098471986417657,0.0008488964346349745,no_interaction,1,False,0.4,0.7083333333333334,0.4,False,False,False
C1CC2CN(C(=O)C3=CC=CC(=C23)C1)C4CN5CCC4CC5,CNC(=C[N+](=O)[O-])NCCSCC1=CSC(=N1)CN(C)C,0,unreported_twosides_sampled,0.9555111527442932,0.9379404136561277,0.9379404136561277,fitted,platt_logistic_regression,0.4858491299419137,1,0.2325973376138606,0.00933786078098472,0.6426146010186757,interaction,1,False,0.30303030303030304,0.603448275862069,0.30303030303030304,False,False,True
CC(C)CN(CC(C(CC1=CC=CC=C1)NC(=O)OC2CCOC2)O)S(=O)(=O)C3=CC=C(C=C3)N,CC1=CN(C(=O)NC1=O)C2CC(C(O2)CO)N=[N+]=[N-],1,reported_twosides,0.6955659985542297,0.6721003259423913,0.6721003259423913,fitted,platt_logistic_regression,0.4858491299419137,1,0.6326812295132167,0.0933786078098472,0.30135823429541597,interaction,1,False,0.7972972972972973,0.7083333333333334,0.7083333333333334,False,False,False
C1=CN(C=N1)CC(O)(P(=O)(O)O)P(=O)(O)O,CC1=CN(C(=O)NC1=O)C2CC(C(O2)CO)N=[N+]=[N-],0,unreported_twosides_sampled,0.1067686527967453,0.12864520759764267,0.12864520759764267,fitted,platt_logistic_regression,0.4858491299419137,0,0.38380316336245274,0.5178268251273345,0.030560271646859084,no_interaction,1,False,0.36585365853658536,0.7083333333333334,0.36585365853658536,False,False,True
CC1=CC=CC=C1OC(CCNC)C2=CC=CC=C2,CC1=NN=C2N1C3=C(C=C(C=C3)Cl)C(=NC2)C4=CC=CC=C4Cl,0,unreported_twosides_sampled,0.3110244870185852,0.32559850532234924,0.32559850532234924,fitted,platt_logistic_regression,0.4858491299419137,0,0.6310176522795294,0.3064516129032258,0.0933786078098472,no_interaction,1,False,0.30612244897959184,0.5454545454545454,0.30612244897959184,False,False,True
CC1=CN(C(=O)NC1=O)C2CC(C(O2)CO)N=[N+]=[N-],CNC(=C[N+](=O)[O-])NCCSCC1=CSC(=N1)CN(C)C,0,unreported_twosides_sampled,0.8146193623542786,0.7859788851931458,0.7859788851931458,fitted,platt_logistic_regression,0.4858491299419137,1,0.5192358415506912,0.053480475382003394,0.41256366723259763,interaction,1,False,0.7083333333333334,0.603448275862069,0.603448275862069,False,False,False
CCCCC(C)(CC=CC1C(CC(=O)C1CCCCCCC(=O)OC)O)O,CN1CCC23C4C1CC5=C2C(=C(C=C5)O)OC3C(=O)CC4,0,unreported_twosides_sampled,0.40875574946403503,0.4138357805067766,0.4138357805067766,fitted,platt_logistic_regression,0.4858491299419137,0,0.6782242548542543,0.2427843803056027,0.12818336162988114,no_interaction|interaction,2,True,0.3698630136986301,0.5333333333333333,0.3698630136986301,False,False,True
C1=CN(C(=O)N=C1N)C2C(C(C(O2)CO)O)O,CC(C1=CC=CC2=CC=CC=C21)NCCCC3=CC(=CC=C3)C(F)(F)F,0,unreported_twosides_sampled,0.06268952786922455,0.08086129089763439,0.08086129089763439,fitted,platt_logistic_regression,0.4858491299419137,0,0.2808679199111108,0.599320882852292,0.014431239388794566,no_interaction,1,False,0.5306122448979592,0.24285714285714285,0.24285714285714285,False,False,True
CC(C)(C)NCC(COC1=NSN=C1N2CCOCC2)O,CC1=CC(=C(C=C1)C)OCCCC(C)(C)C(=O)O,0,unreported_twosides_sampled,0.20635826885700226,0.22792680862923195,0.22792680862923195,fitted,platt_logistic_regression,0.4858491299419137,0,0.536759120698474,0.398981324278438,0.05602716468590832,no_interaction,1,False,0.4,0.26,0.26,False,False,True
C1=NC2=C(N1COC(CO)CO)NC(=NC2=O)N,CC1=NN=C2N1C3=C(C=C(C=C3)Cl)C(=NC2)C4=CC=CC=C4,0,unreported_twosides_sampled,0.08396291732788086,0.10435766100276875,0.10435766100276875,fitted,platt_logistic_regression,0.4858491299419137,0,0.33455357042742645,0.5560271646859083,0.022071307300509338,no_interaction,1,False,0.7307692307692307,0.62,0.62,False,False,False
CNC(=C[N+](=O)[O-])NCCSCC1=CSC(=N1)CN(C)C,CNCC(C1=CC(=C(C=C1)O)O)O,0,unreported_twosides_sampled,0.9623186588287354,0.946343152326275,0.946343152326275,fitted,platt_logistic_regression,0.4858491299419137,1,0.20914498146455635,0.0050933786078098476,0.6638370118845501,interaction,1,False,0.603448275862069,0.475,0.475,False,False,False
C1CC2CN(C(=O)C3=CC=CC(=C23)C1)C4CN5CCC4CC5,CCCCCN=C(N)NNC=C1C=NC2=C1C=C(C=C2)CO,0,unreported_twosides_sampled,0.10189047455787659,0.12351633602967738,0.12351633602967738,fitted,platt_logistic_regression,0.4858491299419137,0,0.373872987247085,0.5246179966044142,0.028862478777589132,no_interaction,1,False,0.30303030303030304,0.25,0.25,False,False,True
C1CC2CN(C(=O)C3=CC=CC(=C23)C1)C4CN5CCC4CC5,CC1=CC=CC=C1S(=O)(=O)NC(=O)C2=CC(=C(C=C2)CC3=CN(C4=C3C=C(C=C4)NC(=O)OC5CCCC5)C)OC,0,unreported_twosides_sampled,0.05073296278715134,0.06718934429767516,0.06718934429767516,fitted,platt_logistic_regression,0.4858491299419137,0,0.2463072130421266,0.6307300509337861,0.010186757215619695,no_interaction,1,False,0.30303030303030304,0.2631578947368421,0.2631578947368421,False,False,True
C1=CC=C(C=C1)C2(C(=O)NC(=O)N2)C3=CC=CC=C3,CN1CCC23C4C1CC5=C2C(=C(C=C5)O)OC3C(=O)CC4,0,unreported_twosides_sampled,0.3497992157936096,0.36083102604786876,0.36083102604786876,fitted,platt_logistic_regression,0.4858491299419137,0,0.6538948391814211,0.28183361629881154,0.10611205432937182,no_interaction|interaction,2,True,0.4,0.5333333333333333,0.4,False,False,False
CNCC(C1=CC(=C(C=C1)O)O)O,C[N+]1(CCC2=CC(=C(C=C2C1CC3=CC(=C(C=C3)OC)OC)OC)OC)CCC(=O)OCCCCCOC(=O)CC[N+]4(CCC5=CC(=C(C=C5C4CC6=CC(=C(C=C6)OC)OC)OC)OC)C.C1=CC=C(C=C1)S(=O)(=O)[O-].C1=CC=C(C=C1)S(=O)(=O)[O-],1,reported_twosides,0.5256157517433167,0.5180960408693465,0.5180960408693465,fitted,platt_logistic_regression,0.4858491299419137,1,0.6924921041154405,0.16808149405772496,0.19185059422750425,no_interaction|interaction,2,True,0.475,0.25,0.25,False,False,True
C1=CN=CC=C1C(=O)NN,COC(=O)C(C1CCCCN1)C2=CC=CC=C2,0,unreported_twosides_sampled,0.35021543502807617,0.36120732741752204,0.36120732741752204,fitted,platt_logistic_regression,0.4858491299419137,0,0.6541096859633846,0.28183361629881154,0.10611205432937182,no_interaction|interaction,2,True,0.30303030303030304,0.3225806451612903,0.30303030303030304,False,False,True
CC1=CC=CC=C1S(=O)(=O)NC(=O)C2=CC(=C(C=C2)CC3=CN(C4=C3C=C(C=C4)NC(=O)OC5CCCC5)C)OC,CNC(=C[N+](=O)[O-])NCCSCC1=CSC(=N1)CN(C)C,1,reported_twosides,0.5396943688392639,0.5306728227955648,0.5306728227955648,fitted,platt_logistic_regression,0.4858491299419137,1,0.6912643544684334,0.15534804753820033,0.20967741935483872,no_interaction|interaction,2,True,0.2631578947368421,0.603448275862069,0.2631578947368421,False,False,True
C1C(C(OC1N2C=NC3=C(N=C(N=C32)Cl)N)CO)O,CCCCC(C)(CC=CC1C(CC(=O)C1CCCCCCC(=O)OC)O)O,0,unreported_twosides_sampled,0.017527341842651367,0.02636567961456096,0.02636567961456096,fitted,platt_logistic_regression,0.4858491299419137,0,0.12187250334160794,0.7504244482173175,0.0025466893039049238,no_interaction,1,False,0.6296296296296297,0.3698630136986301,0.3698630136986301,False,False,True
CC1=NN=C2N1C3=C(C=C(C=C3)Cl)C(=NC2)C4=CC=CC=C4,CNCC(C1=CC(=C(C=C1)O)O)O,1,reported_twosides,0.7059242725372314,0.6817325320679867,0.6817325320679867,fitted,platt_logistic_regression,0.4858491299419137,1,0.6255566199239972,0.08828522920203735,0.3098471986417657,interaction,1,False,0.62,0.475,0.475,False,False,False
C1CC(CCC1C2=CC=C(C=C2)Cl)C3=C(C4=CC=CC=C4C(=O)C3=O)O,CNCCC(C1=CC=CS1)OC2=CC=CC3=CC=CC=C32,0,unreported_twosides_sampled,0.23774969577789307,0.25772750894158236,0.25772750894158236,fitted,platt_logistic_regression,0.4858491299419137,0,0.5706665169288856,0.37181663837011886,0.06536502546689305,no_interaction,1,False,0.2549019607843137,0.2647058823529412,0.2549019607843137,False,False,True
CC1=CC=CC=C1S(=O)(=O)NC(=O)C2=CC(=C(C=C2)CC3=CN(C4=C3C=C(C=C4)NC(=O)OC5CCCC5)C)OC,C[N+]1(CCC2=CC(=C(C=C2C1CC3=CC(=C(C=C3)OC)OC)OC)OC)CCC(=O)OCCCCCOC(=O)CC[N+]4(CCC5=CC(=C(C=C5C4CC6=CC(=C(C=C6)OC)OC)OC)OC)C.C1=CC=C(C=C1)S(=O)(=O)[O-].C1=CC=C(C=C1)S(=O)(=O)[O-],0,unreported_twosides_sampled,0.05747470632195473,0.0749459035854241,0.0749459035854241,fitted,platt_logistic_regression,0.4858491299419137,0,0.26624853544535276,0.6154499151103565,0.011884550084889643,no_interaction,1,False,0.2631578947368421,0.25,0.25,False,False,True
C1=NC2=C(N1COC(CO)CO)NC(=NC2=O)N,CCC12CCC3C(C1CCC2(C#C)O)CCC4=CC(=O)CCC34,0,unreported_twosides_sampled,0.07145994156599045,0.09066285338241001,0.09066285338241001,fitted,platt_logistic_regression,0.4858491299419137,0,0.3040687473633154,0.5831918505942275,0.016129032258064516,no_interaction,1,False,0.7307692307692307,0.7169811320754716,0.7169811320754716,False,False,False
CCC(C)(C)C(=O)OC1CC(C=C2C1C(C(C=C2)C)CCC3CC(CC(=O)O3)O)C,CCC12CCC3C(C1CCC2(C#C)O)CCC4=CC(=O)CCC34,1,reported_twosides,0.18171726167201996,0.20412700280540558,0.20412700280540558,fitted,platt_logistic_regression,0.4858491299419137,0,0.5060707103249977,0.42784380305602715,0.05263157894736842,no_interaction,1,False,0.7424242424242424,0.7169811320754716,0.7169811320754716,False,False,False
CCCCC(C)(CC=CC1C(CC(=O)C1CCCCCCC(=O)OC)O)O,CCCCCN=C(N)NNC=C1C=NC2=C1C=C(C=C2)CO,1,reported_twosides,0.4375789761543274,0.4395929669768922,0.4395929669768922,fitted,platt_logistic_regression,0.4858491299419137,0,0.6858313031161312,0.23089983022071306,0.14176570458404075,no_interaction|interaction,2,True,0.3698630136986301,0.25,0.25,False,False,True
CC(C)(C)NCC(COC1=NSN=C1N2CCOCC2)O,CC1=CN(C(=O)NC1=O)C2CC(C(O2)CO)N=[N+]=[N-],0,unreported_twosides_sampled,0.04216074198484421,0.05712292969046664,0.05712292969046664,fitted,platt_logistic_regression,0.4858491299419137,0,0.2189766542728552,0.6511035653650254,0.005942275042444821,no_interaction,1,False,0.4,0.7083333333333334,0.4,False,False,False
C1NC2=CC(=C(C=C2S(=O)(=O)N1)S(=O)(=O)N)Cl,CCCCC(C)(CC=CC1C(CC(=O)C1CCCCCCC(=O)OC)O)O,1,reported_twosides,0.4943160116672516,0.49017741964914363,0.49017741964914363,fitted,platt_logistic_regression,0.4858491299419137,1,0.69295420197655,0.18590831918505943,0.17147707979626486,no_interaction|interaction,2,True,0.5454545454545454,0.3698630136986301,0.3698630136986301,False,False,True
CC(C)C1=NC(=NC(=C1CCC(CC(CC(=O)O)O)O)C2=CC=C(C=C2)F)N(C)S(=O)(=O)C,CNCCC(C1=CC=CS1)OC2=CC=CC3=CC=CC=C32,1,reported_twosides,0.14230065047740936,0.16511457557863768,0.16511457557863768,fitted,platt_logistic_regression,0.4858491299419137,0,0.44805452063106677,0.47198641765704585,0.04074702886247878,no_interaction,1,False,0.4473684210526316,0.2647058823529412,0.2647058823529412,False,False,True
CC1=NN=C2N1C3=C(C=C(C=C3)Cl)C(=NC2)C4=CC=CC=C4Cl,COC1=CC(=CC(=C1OC)OC)CC2=CN=C(N=C2N)N,0,unreported_twosides_sampled,0.7484055757522583,0.721709896605973,0.721709896605973,fitted,platt_logistic_regression,0.4858491299419137,1,0.5913311253379177,0.07215619694397284,0.3471986417657046,interaction,1,False,0.5454545454545454,0.22857142857142856,0.22857142857142856,False,False,True
CCC(C)(C)C(=O)OC1CC(C=C2C1C(C(C=C2)C)CCC3CC(CC(=O)O3)O)C,COC1=C(C=C2C(=C1)C(=NC(=N2)N3CCN(CC3)C(=O)C4=CC=CO4)N)OC,1,reported_twosides,0.9993664622306824,0.9985669162237902,0.9985669162237902,fitted,platt_logistic_regression,0.4858491299419137,1,0.010815783898977766,0.0008488964346349745,0.9278438030560272,interaction,1,False,0.7424242424242424,0.5882352941176471,0.5882352941176471,False,False,False
CC(C)[N+]1(C2CCC1CC(C2)OC(=O)C(CO)C3=CC=CC=C3)C,CN1CCCC(CC1)N2C(=O)C3=CC=CC=C3C(=N2)CC4=CC=C(C=C4)Cl,1,reported_twosides,0.326798677444458,0.33997660493133314,0.33997660493133314,fitted,platt_logistic_regression,0.4858491299419137,0,0.64101995884784,0.29541595925297115,0.09762308998302208,no_interaction,1,False,0.6326530612244898,0.3,0.3,False,False,True
CN1CCC23C4C1CC5=C2C(=C(C=C5)O)OC3C(=O)CC4,CN1CCCC(CC1)N2C(=O)C3=CC=CC=C3C(=N2)CC4=CC=C(C=C4)Cl,0,unreported_twosides_sampled,0.6289932727813721,0.6110351174235058,0.6110351174235058,fitted,platt_logistic_regression,0.4858491299419137,1,0.668282813531037,0.11544991511035653,0.2597623089983022,no_interaction|interaction,2,True,0.5333333333333333,0.3,0.3,False,False,True
C1CC(CCC1C2=CC=C(C=C2)Cl)C3=C(C4=CC=CC=C4C(=O)C3=O)O,C1NC2=CC(=C(C=C2S(=O)(=O)N1)S(=O)(=O)N)Cl,1,reported_twosides,0.37057486176490784,0.37957299091330876,0.37957299091330876,fitted,platt_logistic_regression,0.4858491299419137,0,0.6638546980047898,0.267402376910017,0.11205432937181664,no_interaction|interaction,2,True,0.2549019607843137,0.5454545454545454,0.2549019607843137,False,False,True
CC(CCC1=CC=C(C=C1)O)NCCC2=CC(=C(C=C2)O)O,CCOC(=O)C1(CCN(CC1)C)C2=CC=CC=C2,0,unreported_twosides_sampled,0.5161170959472656,0.5096185104277977,0.5096185104277977,fitted,platt_logistic_regression,0.4858491299419137,1,0.6929621376603394,0.17147707979626486,0.18590831918505943,no_interaction|interaction,2,True,0.38596491228070173,0.3559322033898305,0.3559322033898305,False,False,True
C1C(C(OC1N2C=NC3=C(N=C(N=C32)Cl)N)CO)O,CC(C)[N+]1(C2CCC1CC(C2)OC(=O)C(CO)C3=CC=CC=C3)C,0,unreported_twosides_sampled,0.023807905614376068,0.034549890351396724,0.034549890351396724,fitted,platt_logistic_regression,0.4858491299419137,0,0.1502185526280486,0.7232597623089984,0.004244482173174873,no_interaction,1,False,0.6296296296296297,0.6326530612244898,0.6296296296296297,False,False,False
C1CC(CCC1C2=CC=C(C=C2)Cl)C3=C(C4=CC=CC=C4C(=O)C3=O)O,CC1=CC=CC=C1OC(CCNC)C2=CC=CC=C2,0,unreported_twosides_sampled,0.16986927390098572,0.19253367410661718,0.19253367410661718,fitted,platt_logistic_regression,0.4858491299419137,0,0.48987603226499776,0.4397283531409168,0.050933786078098474,no_interaction,1,False,0.2549019607843137,0.30612244897959184,0.2549019607843137,False,False,True
CC(C)(C)NCC(COC1=NSN=C1N2CCOCC2)O,CC1=C(C(=NO1)C2=C(C=CC=C2Cl)Cl)C(=O)NC3C4N(C3=O)C(C(S4)(C)C)C(=O)[O-],0,unreported_twosides_sampled,0.2219594568014145,0.24280343513713723,0.24280343513713723,fitted,platt_logistic_regression,0.4858491299419137,0,0.5542899033476851,0.3837011884550085,0.06281833616298811,no_interaction,1,False,0.4,0.7777777777777778,0.4,False,False,False
CC(C)CN(CC(C(CC1=CC=CC=C1)NC(=O)OC2CCOC2)O)S(=O)(=O)C3=CC=C(C=C3)N,CC1=NN=C2N1C3=C(C=C(C=C3)Cl)C(=NC2)C4=CC=CC=C4,0,unreported_twosides_sampled,0.09806375950574875,0.11946907609129974,0.11946907609129974,fitted,platt_logistic_regression,0.4858491299419137,0,0.3658658260980542,0.533106960950764,0.02801358234295416,no_interaction,1,False,0.7972972972972973,0.62,0.62,False,False,False
CC1=C(C(=NO1)C2=C(C=CC=C2Cl)Cl)C(=O)NC3C4N(C3=O)C(C(S4)(C)C)C(=O)[O-],CC1=NN=C2N1C3=C(C=C(C=C3)Cl)C(=NC2)C4=CC=CC=C4Cl,0,unreported_twosides_sampled,0.19941118359565735,0.22125649278914886,0.22125649278914886,fitted,platt_logistic_regression,0.4858491299419137,0,0.5284936682129027,0.4074702886247878,0.05432937181663837,no_interaction,1,False,0.7777777777777778,0.5454545454545454,0.5454545454545454,False,False,False
CC1=CC=CC=C1S(=O)(=O)NC(=O)C2=CC(=C(C=C2)CC3=CN(C4=C3C=C(C=C4)NC(=O)OC5CCCC5)C)OC,CC1CC2C3CCC4=CC(=O)C=CC4(C3(C(CC2(C1(C(=O)CCl)O)C)O)Cl)C,1,reported_twosides,0.13018541038036346,0.1528397476092078,0.1528397476092078,fitted,platt_logistic_regression,0.4858491299419137,0,0.4276034555756034,0.4932088285229202,0.0365025466893039,no_interaction,1,False,0.2631578947368421,0.8620689655172413,0.2631578947368421,False,False,True
C1C(C2C(O1)C(CO2)O[N+](=O)[O-])O,COC1=C(C=C2C(=C1)C(=NC(=N2)N3CCN(CC3)C(=O)C4=CC=CO4)N)OC,0,unreported_twosides_sampled,0.9964032173156738,0.9932775927979254,0.9932775927979254,fitted,platt_logistic_regression,0.4858491299419137,1,0.040327318893920334,0.0008488964346349745,0.8548387096774194,interaction,1,False,0.8076923076923077,0.5882352941176471,0.5882352941176471,False,False,False
C1=NC2=C(N1COC(CO)CO)NC(=NC2=O)N,CC1=CC=CC=C1S(=O)(=O)NC(=O)C2=CC(=C(C=C2)CC3=CN(C4=C3C=C(C=C4)NC(=O)OC5CCCC5)C)OC,0,unreported_twosides_sampled,0.19473221898078918,0.21674695678101616,0.21674695678101616,fitted,platt_logistic_regression,0.4858491299419137,0,0.5227597498235781,0.41086587436332767,0.053480475382003394,no_interaction,1,False,0.7307692307692307,0.2631578947368421,0.2631578947368421,False,False,True
C1=CN(C=N1)CC(O)(P(=O)(O)O)P(=O)(O)O,CC(C)OC(=O)C(C)(C)OC1=CC=C(C=C1)C(=O)C2=CC=C(C=C2)Cl,1,reported_twosides,0.41436314582824707,0.4188524750514652,0.4188524750514652,fitted,platt_logistic_regression,0.4858491299419137,0,0.6799189061708808,0.24108658743633277,0.1307300509337861,no_interaction|interaction,2,True,0.36585365853658536,0.3137254901960784,0.3137254901960784,False,False,True
C1NC2=CC(=C(C=C2S(=O)(=O)N1)S(=O)(=O)N)Cl,CN1CCC23C4C1CC5=C2C(=C(C=C5)O)OC3C(=O)CC4,1,reported_twosides,0.4711962044239044,0.46957141001693536,0.46957141001693536,fitted,platt_logistic_regression,0.4858491299419137,0,0.691294237634339,0.20882852292020374,0.15534804753820033,no_interaction|interaction,2,True,0.5454545454545454,0.5333333333333333,0.5333333333333333,False,False,False
CCC12CCC3C(C1CCC2(C#C)O)CCC4=CC(=O)CCC34,CNC(=O)CN(CCN(CCN(CC(=O)NC)CC(=O)[O-])CC(=O)[O-])CC(=O)[O-].O.[Gd+3],0,unreported_twosides_sampled,0.05033193156123161,0.06672375355469258,0.06672375355469258,fitted,platt_logistic_regression,0.4858491299419137,0,0.24508065618415104,0.631578947368421,0.00933786078098472,no_interaction,1,False,0.7169811320754716,0.5675675675675675,0.5675675675675675,False,False,False
C1=CN(C(=O)N=C1N)C2C(C(C(O2)CO)O)O,CC(C)(C)NCC(COC1=NSN=C1N2CCOCC2)O,0,unreported_twosides_sampled,0.7702365517616272,0.7426000531023732,0.7426000531023732,fitted,platt_logistic_regression,0.4858491299419137,1,0.5703197368457292,0.06536502546689305,0.37266553480475384,interaction,1,False,0.5306122448979592,0.4,0.4,False,False,False
CCCCCN=C(N)NNC=C1C=NC2=C1C=C(C=C2)CO,CNCC(C1=CC(=C(C=C1)O)O)O,1,reported_twosides,0.4687696695327759,0.46740865320656316,0.46740865320656316,fitted,platt_logistic_regression,0.4858491299419137,0,0.6910212818790331,0.21052631578947367,0.15534804753820033,no_interaction|interaction,2,True,0.25,0.475,0.25,False,False,True
CC(C)OC(=O)C(C)(C)OC1=CC=C(C=C1)C(=O)C2=CC=C(C=C2)Cl,CC1=CC=CC=C1OC(CCNC)C2=CC=CC=C2,1,reported_twosides,0.0890393927693367,0.10983567599605926,0.10983567599605926,fitted,platt_logistic_regression,0.4858491299419137,0,0.34617164000222633,0.5475382003395586,0.022920203735144314,no_interaction,1,False,0.3137254901960784,0.30612244897959184,0.30612244897959184,False,False,True
CC(C)OC(=O)C(C)(C)OC1=CC=C(C=C1)C(=O)C2=CC=C(C=C2)Cl,CC1=CN(C(=O)NC1=O)C2CC(C(O2)CO)N=[N+]=[N-],1,reported_twosides,0.02713422290980816,0.03877093018033993,0.03877093018033993,fitted,platt_logistic_regression,0.4858491299419137,0,0.16401823215832176,0.700339558573854,0.004244482173174873,no_interaction,1,False,0.3137254901960784,0.7083333333333334,0.3137254901960784,False,False,True
CC(C)OC(=O)C(C)(C)OC1=CC=C(C=C1)C(=O)C2=CC=C(C=C2)Cl,CN(C)CCC(C1=CC=C(C=C1)Cl)C2=CC=CC=N2,0,unreported_twosides_sampled,0.45245811343193054,0.4528668352286745,0.4528668352286745,fitted,platt_logistic_regression,0.4858491299419137,0,0.6886975063242482,0.21731748726655348,0.1502546689303905,no_interaction|interaction,2,True,0.3137254901960784,0.28846153846153844,0.28846153846153844,False,False,True
C1=CN(C=N1)CC(O)(P(=O)(O)O)P(=O)(O)O,CC(C)[N+]1(C2CCC1CC(C2)OC(=O)C(CO)C3=CC=CC=C3)C,1,reported_twosides,0.5261364579200745,0.5185609356182546,0.5185609356182546,fitted,platt_logistic_regression,0.4858491299419137,1,0.6924580055626156,0.16808149405772496,0.1926994906621392,no_interaction|interaction,2,True,0.36585365853658536,0.6326530612244898,0.36585365853658536,False,False,True
CN1CCC23C4C1CC5=C2C(=C(C=C5)O)OC3C(=O)CC4,CNC(=C[N+](=O)[O-])NCCSCC1=CSC(=N1)CN(C)C,0,unreported_twosides_sampled,0.9581626653671265,0.9411910408341189,0.9411910408341189,fitted,platt_logistic_regression,0.4858491299419137,1,0.22367767684900555,0.005942275042444821,0.6477079796264855,interaction,1,False,0.5333333333333333,0.603448275862069,0.5333333333333333,False,False,False
C1=CN(C=N1)CC(O)(P(=O)(O)O)P(=O)(O)O,CCCCC(C)(CC=CC1C(CC(=O)C1CCCCCCC(=O)OC)O)O,0,unreported_twosides_sampled,0.7675647735595703,0.7400291355643702,0.7400291355643702,fitted,platt_logistic_regression,0.4858491299419137,1,0.5730264400411662,0.06706281833616298,0.37181663837011886,interaction,1,False,0.36585365853658536,0.3698630136986301,0.36585365853658536,False,False,True
C1=CN(C(=O)N=C1N)C2C(C(C(O2)CO)O)O,CC1=CC=CC=C1S(=O)(=O)NC(=O)C2=CC(=C(C=C2)CC3=CN(C4=C3C=C(C=C4)NC(=O)OC5CCCC5)C)OC,0,unreported_twosides_sampled,0.310176819562912,0.3248239243218037,0.3248239243218037,fitted,platt_logistic_regression,0.4858491299419137,0,0.6304522662043457,0.3073005093378608,0.0933786078098472,no_interaction,1,False,0.5306122448979592,0.2631578947368421,0.2631578947368421,False,False,True
C1CNCC(C1C2=CC=C(C=C2)F)COC3=CC4=C(C=C3)OCO4,C1NC2=CC(=C(C=C2S(=O)(=O)N1)S(=O)(=O)N)Cl,1,reported_twosides,0.5934609174728394,0.5789027055944258,0.5789027055944258,fitted,platt_logistic_regression,0.4858491299419137,1,0.6806437068439432,0.13157894736842105,0.23769100169779286,no_interaction|interaction,2,True,0.24050632911392406,0.5454545454545454,0.24050632911392406,False,False,True
CC(C)[N+]1(C2CCC1CC(C2)OC(=O)C(CO)C3=CC=CC=C3)C,CC1=C(C(=NO1)C2=C(C=CC=C2Cl)Cl)C(=O)NC3C4N(C3=O)C(C(S4)(C)C)C(=O)[O-],0,unreported_twosides_sampled,0.5404890179634094,0.5313831887780273,0.5313831887780273,fitted,platt_logistic_regression,0.4858491299419137,1,0.6911760760591068,0.15534804753820033,0.21052631578947367,no_interaction|interaction,2,True,0.6326530612244898,0.7777777777777778,0.6326530612244898,False,False,False
C1=CC=C(C=C1)C2(C(=O)NC(=O)N2)C3=CC=CC=C3,C1=NC2=C(N1)C(=S)N=CN2,0,unreported_twosides_sampled,0.2428956776857376,0.26256468730824134,0.26256468730824134,fitted,platt_logistic_regression,0.4858491299419137,0,0.5757224420444189,0.367572156196944,0.06876061120543293,no_interaction,1,False,0.4,0.3142857142857143,0.3142857142857143,False,False,True
CCC12CCC3C(C1CCC2(C#C)O)CCC4=CC(=O)CCC34,CNCC(C1=CC(=C(C=C1)O)O)O,0,unreported_twosides_sampled,0.21834015846252441,0.23936437282337628,0.23936437282337628,fitted,platt_logistic_regression,0.4858491299419137,0,0.5503461454783329,0.3896434634974533,0.06281833616298811,no_interaction,1,False,0.7169811320754716,0.475,0.475,False,False,False
CCOC(=O)C1(CCN(CC1)C)C2=CC=CC=C2,COC(=O)C(C1CCCCN1)C2=CC=CC=C2,0,unreported_twosides_sampled,0.8179990649223328,0.7893400652246779,0.7893400652246779,fitted,platt_logistic_regression,0.4858491299419137,1,0.5148297234012533,0.053480475382003394,0.4142614601018676,interaction,1,False,0.3559322033898305,0.3225806451612903,0.3225806451612903,False,False,True
C1=CN(C(=O)N=C1N)C2C(C(C(O2)CO)O)O,C1C(C(OC1N2C=NC3=C(N=C(N=C32)Cl)N)CO)O,1,reported_twosides,0.6684624552726746,0.6470776388958533,0.6470776388958533,fitted,platt_logistic_regression,0.4858491299419137,1,0.6492369494285494,0.10526315789473684,0.2869269949066214,no_interaction|interaction,2,True,0.5306122448979592,0.6296296296296297,0.5306122448979592,False,False,False
C1NC2=CC(=C(C=C2S(=O)(=O)N1)S(=O)(=O)N)Cl,CCC12CCC3C(C1CCC2(C#C)O)CCC4=CC(=O)CCC34,1,reported_twosides,0.21019524335861206,0.23159846849271573,0.23159846849271573,fitted,platt_logistic_regression,0.4858491299419137,0,0.5412005868377652,0.39643463497453313,0.056876061120543296,no_interaction,1,False,0.5454545454545454,0.7169811320754716,0.5454545454545454,False,False,False
CC1=CC=CC=C1S(=O)(=O)NC(=O)C2=CC(=C(C=C2)CC3=CN(C4=C3C=C(C=C4)NC(=O)OC5CCCC5)C)OC,CCC12CCC3C(C1CCC2(C#C)O)CCC4=CC(=O)CCC34,0,unreported_twosides_sampled,0.08890138566493988,0.1096873350481277,0.1096873350481277,fitted,platt_logistic_regression,0.4858491299419137,0,0.3458611357572505,0.5483870967741935,0.022920203735144314,no_interaction,1,False,0.2631578947368421,0.7169811320754716,0.2631578947368421,False,False,True
CNCC(C1=CC(=C(C=C1)O)O)O,CNCCC(C1=CC=CC=C1)OC2=CC=C(C=C2)C(F)(F)F,1,reported_twosides,0.09868407994508743,0.12012661668326005,0.12012661668326005,fitted,platt_logistic_regression,0.4858491299419137,0,0.3671771902867644,0.533106960950764,0.02801358234295416,no_interaction,1,False,0.475,0.30612244897959184,0.30612244897959184,False,False,True
CC1=NN=C2N1C3=C(C=C(C=C3)Cl)C(=NC2)C4=CC=CC=C4,CNC(=O)CN(CCN(CCN(CC(=O)NC)CC(=O)[O-])CC(=O)[O-])CC(=O)[O-].O.[Gd+3],1,reported_twosides,0.05763957276940346,0.07513399751376722,0.07513399751376722,fitted,platt_logistic_regression,0.4858491299419137,0,0.26672097663830197,0.6137521222410866,0.011884550084889643,no_interaction,1,False,0.62,0.5675675675675675,0.5675675675675675,False,False,False
C1=CC=C(C=C1)C2(C(=O)NC(=O)N2)C3=CC=CC=C3,CCCC(C)(COC(=O)N)COC(=O)N,0,unreported_twosides_sampled,0.3121660053730011,0.32664127735069665,0.32664127735069665,fitted,platt_logistic_regression,0.4858491299419137,0,0.6317744831438534,0.30390492359932086,0.0933786078098472,no_interaction,1,False,0.4,0.6774193548387096,0.4,False,False,False
CNC(=O)CN(CCN(CCN(CC(=O)NC)CC(=O)[O-])CC(=O)[O-])CC(=O)[O-].O.[Gd+3],COC(=O)C(C1CCCCN1)C2=CC=CC=C2,0,unreported_twosides_sampled,0.176494300365448,0.19902919232944463,0.19902919232944463,fitted,platt_logistic_regression,0.4858491299419137,0,0.49905364954425785,0.432937181663837,0.05263157894736842,no_interaction,1,False,0.5675675675675675,0.3225806451612903,0.3225806451612903,False,False,True
CC(C)(C)NCC(COC1=NSN=C1N2CCOCC2)O,CC(C)OC(=O)C(C)(C)OC1=CC=C(C=C1)C(=O)C2=CC=C(C=C2)Cl,1,reported_twosides,0.2968825101852417,0.31264798758570145,0.31264798758570145,fitted,platt_logistic_regression,0.4858491299419137,0,0.6212030054927906,0.3140916808149406,0.08404074702886248,no_interaction,1,False,0.4,0.3137254901960784,0.3137254901960784,False,False,True
CC(C)C1=NC(=NC(=C1CCC(CC(CC(=O)O)O)O)C2=CC=C(C=C2)F)N(C)S(=O)(=O)C,CNCCC(C1=CC=CC=C1)OC2=CC=C(C=C2)C(F)(F)F,1,reported_twosides,0.022658051922917366,0.033073915004807955,0.033073915004807955,fitted,platt_logistic_regression,0.4858491299419137,0,0.14527016084954816,0.730899830220713,0.004244482173174873,no_interaction,1,False,0.4473684210526316,0.30612244897959184,0.30612244897959184,False,False,True
C1CNCC(C1C2=CC=C(C=C2)F)COC3=CC4=C(C=C3)OCO4,CC(C1=CC=CC2=CC=CC=C21)NCCCC3=CC(=CC=C3)C(F)(F)F,1,reported_twosides,0.07992968708276749,0.09997278979049223,0.09997278979049223,fitted,platt_logistic_regression,0.4858491299419137,0,0.32502318233672334,0.567062818336163,0.02037351443123939,no_interaction,1,False,0.24050632911392406,0.24285714285714285,0.24050632911392406,False,False,True
COC(=O)C(C1CCCCN1)C2=CC=CC=C2,COC1=C(C=C2C(=C1)C(=NC(=N2)N3CCN(CC3)C(=O)C4=CC=CO4)N)OC,0,unreported_twosides_sampled,0.8596325516700745,0.8315724973042944,0.8315724973042944,fitted,platt_logistic_regression,0.4858491299419137,1,0.45338403444600694,0.042444821731748725,0.46774193548387094,interaction,1,False,0.3225806451612903,0.5882352941176471,0.3225806451612903,False,False,True
CC(C)C1=NC(=NC(=C1CCC(CC(CC(=O)O)O)O)C2=CC=C(C=C2)F)N(C)S(=O)(=O)C,CCCC(C)(COC(=O)N)COC(=O)N,1,reported_twosides,0.5172310471534729,0.5106124335808236,0.5106124335808236,fitted,platt_logistic_regression,0.4858491299419137,1,0.6929219161517379,0.17147707979626486,0.1867572156196944,no_interaction|interaction,2,True,0.4473684210526316,0.6774193548387096,0.4473684210526316,False,False,False
CC(C)OC(=O)C(C)(C)OC1=CC=C(C=C1)C(=O)C2=CC=C(C=C2)Cl,CCOC(=O)C1(CCN(CC1)C)C2=CC=CC=C2,1,reported_twosides,0.5154815912246704,0.5090515113141608,0.5090515113141608,fitted,platt_logistic_regression,0.4858491299419137,1,0.6929833118946291,0.17147707979626486,0.18590831918505943,no_interaction|interaction,2,True,0.3137254901960784,0.3559322033898305,0.3137254901960784,False,False,True
C1NC2=CC(=C(C=C2S(=O)(=O)N1)S(=O)(=O)N)Cl,CC1=C(C(=NO1)C2=C(C=CC=C2Cl)Cl)C(=O)NC3C4N(C3=O)C(C(S4)(C)C)C(=O)[O-],1,reported_twosides,0.004788537975400686,0.008347814892146546,0.008347814892146546,fitted,platt_logistic_regression,0.4858491299419137,0,0.04826347525633075,0.8446519524617997,0.0008488964346349745,no_interaction,1,False,0.5454545454545454,0.7777777777777778,0.5454545454545454,False,False,False
C1C(C(OC1N2C=NC3=C(N=C(N=C32)Cl)N)CO)O,CN1CCCC(CC1)N2C(=O)C3=CC=CC=C3C(=N2)CC4=CC=C(C=C4)Cl,0,unreported_twosides_sampled,0.25631627440452576,0.27512324560937584,0.27512324560937584,fitted,platt_logistic_regression,0.4858491299419137,0,0.5882882136273814,0.34974533106960953,0.07045840407470289,no_interaction,1,False,0.6296296296296297,0.3,0.3,False,False,True
C1C(C2C(O1)C(CO2)O[N+](=O)[O-])O,COC(=O)C(C1CCCCN1)C2=CC=CC=C2,1,reported_twosides,0.6907258629798889,0.6676132003448542,0.6676132003448542,fitted,platt_logistic_regression,0.4858491299419137,1,0.6358560643549014,0.09422750424448217,0.299660441426146,interaction,1,False,0.8076923076923077,0.3225806451612903,0.3225806451612903,False,False,True
CC(C)C1=NC(=NC(=C1CCC(CC(CC(=O)O)O)O)C2=CC=C(C=C2)F)N(C)S(=O)(=O)C,CNC(=C[N+](=O)[O-])NCCSCC1=CSC(=N1)CN(C)C,1,reported_twosides,0.7209902405738831,0.6958186862692508,0.6958186862692508,fitted,platt_logistic_regression,0.4858491299419137,1,0.6143656026281805,0.07894736842105263,0.32597623089983024,interaction,1,False,0.4473684210526316,0.603448275862069,0.4473684210526316,False,False,False
C1=CC=C(C=C1)C2(C(=O)NC(=O)N2)C3=CC=CC=C3,CC1=NN=C2N1C3=C(C=C(C=C3)Cl)C(=NC2)C4=CC=CC=C4,1,reported_twosides,0.39343348145484924,0.4001096555264181,0.4001096555264181,fitted,platt_logistic_regression,0.4858491299419137,0,0.6730561034491962,0.25042444821731746,0.1230899830220713,no_interaction|interaction,2,True,0.4,0.62,0.4,False,False,False
CC1=CC=CC=C1S(=O)(=O)NC(=O)C2=CC(=C(C=C2)CC3=CN(C4=C3C=C(C=C4)NC(=O)OC5CCCC5)C)OC,CC1=NN=C2N1C3=C(C=C(C=C3)Cl)C(=NC2)C4=CC=CC=C4,1,reported_twosides,0.24221597611904144,0.26192648681436537,0.26192648681436537,fitted,platt_logistic_regression,0.4858491299419137,0,0.5750623322609109,0.3692699490662139,0.06791171477079797,no_interaction,1,False,0.2631578947368421,0.62,0.2631578947368421,False,False,True
C1NC2=CC(=C(C=C2S(=O)(=O)N1)S(=O)(=O)N)Cl,CC1=CC(=C(C=C1)C)OCCCC(C)(C)C(=O)O,1,reported_twosides,0.3005000054836273,0.31596649109590946,0.31596649109590946,fitted,platt_logistic_regression,0.4858491299419137,0,0.6237916451353847,0.3098471986417657,0.08743633276740238,no_interaction,1,False,0.5454545454545454,0.26,0.26,False,False,True
CN1CCC23C4C1CC5=C2C(=C(C=C5)O)OC3C(=O)CC4,CNCCC(C1=CC=CC=C1)OC2=CC=C(C=C2)C(F)(F)F,1,reported_twosides,0.015334063209593296,0.023427057569479413,0.023427057569479413,fitted,platt_logistic_regression,0.4858491299419137,0,0.11109245478898432,0.7631578947368421,0.001697792869269949,no_interaction,1,False,0.5333333333333333,0.30612244897959184,0.30612244897959184,False,False,True
CCC12CCC3C(C1CCC2(C#C)O)CCC4=CC(=O)CCC34,COC1=CC(=CC(=C1OC)OC)CC2=CN=C(N=C2N)N,0,unreported_twosides_sampled,0.15634526312351227,0.17916570128792628,0.17916570128792628,fitted,platt_logistic_regression,0.4858491299419137,0,0.4701260392946965,0.45755517826825126,0.04584040747028863,no_interaction,1,False,0.7169811320754716,0.22857142857142856,0.22857142857142856,False,False,True
C1CC(CCC1C2=CC=C(C=C2)Cl)C3=C(C4=CC=CC=C4C(=O)C3=O)O,CNC(=C[N+](=O)[O-])NCCSCC1=CSC(=N1)CN(C)C,0,unreported_twosides_sampled,0.9468284249305725,0.9274719308787407,0.9274719308787407,fitted,platt_logistic_regression,0.4858491299419137,1,0.26012972606602996,0.010186757215619695,0.6179966044142614,interaction,1,False,0.2549019607843137,0.603448275862069,0.2549019607843137,False,False,True
CC1CC2C3CCC4=CC(=O)C=CC4(C3(C(CC2(C1(C(=O)CCl)O)C)O)Cl)C,COC(=O)C(C1CCCCN1)C2=CC=CC=C2,1,reported_twosides,0.09392809867858887,0.11507029444831655,0.11507029444831655,fitted,platt_logistic_regression,0.4858491299419137,0,0.35698644087074,0.5390492359932089,0.02461799660441426,no_interaction,1,False,0.8620689655172413,0.3225806451612903,0.3225806451612903,False,False,True
C1=CN=CC=C1C(=O)NN,CN(C)CCC(C1=CC=C(C=C1)Cl)C2=CC=CC=N2,1,reported_twosides,0.21430040895938873,0.23551729192450416,0.23551729192450416,fitted,platt_logistic_regression,0.4858491299419137,0,0.5458574810713102,0.3938879456706282,0.06027164685908319,no_interaction,1,False,0.30303030303030304,0.28846153846153844,0.28846153846153844,False,False,True
C1C(C2C(O1)C(CO2)O[N+](=O)[O-])O,CC1=CN(C(=O)NC1=O)C2CC(C(O2)CO)N=[N+]=[N-],0,unreported_twosides_sampled,0.008655417710542679,0.014117859421575651,0.014117859421575651,fitted,platt_logistic_regression,0.4858491299419137,0,0.0741642535499007,0.8064516129032258,0.0008488964346349745,no_interaction,1,False,0.8076923076923077,0.7083333333333334,0.7083333333333334,False,False,False
CC1=NN=C2N1C3=C(C=C(C=C3)Cl)C(=NC2)C4=CC=CC=C4Cl,CCCC(C)(COC(=O)N)COC(=O)N,1,reported_twosides,0.9087467193603516,0.8839426408173034,0.8839426408173034,fitted,platt_logistic_regression,0.4858491299419137,1,0.3589952462660711,0.02631578947368421,0.5373514431239389,interaction,1,False,0.5454545454545454,0.6774193548387096,0.5454545454545454,False,False,False
C1=CN(C=N1)CC(O)(P(=O)(O)O)P(=O)(O)O,C1CC2CN(C(=O)C3=CC=CC(=C23)C1)C4CN5CCC4CC5,1,reported_twosides,0.6559342741966248,0.6355907330863254,0.6355907330863254,fitted,platt_logistic_regression,0.4858491299419137,1,0.6559130124027509,0.10780984719864177,0.2801358234295416,no_interaction|interaction,2,True,0.36585365853658536,0.30303030303030304,0.30303030303030304,False,False,True
C1=NC2=C(N1)C(=S)N=CN2,CC1=CC(=C(C=C1)C)OCCCC(C)(C)C(=O)O,0,unreported_twosides_sampled,0.3892632722854614,0.3963687628157677,0.3963687628157677,fitted,platt_logistic_regression,0.4858491299419137,0,0.6715118284377657,0.2538200339558574,0.12139219015280135,no_interaction|interaction,2,True,0.3142857142857143,0.26,0.26,False,False,True
CC(C1=CC=CC2=CC=CC=C21)NCCCC3=CC(=CC=C3)C(F)(F)F,CCOC(=O)C1(CCN(CC1)C)C2=CC=CC=C2,0,unreported_twosides_sampled,0.3901293873786926,0.3971459068150509,0.3971459068150509,fitted,platt_logistic_regression,0.4858491299419137,0,0.6718374477244087,0.2538200339558574,0.12139219015280135,no_interaction|interaction,2,True,0.24285714285714285,0.3559322033898305,0.24285714285714285,False,False,True
CC1=CC=CC=C1OC(CCNC)C2=CC=CC=C2,CC1=CN(C(=O)NC1=O)C2CC(C(O2)CO)N=[N+]=[N-],0,unreported_twosides_sampled,0.007614627480506897,0.0126014546541683,0.0126014546541683,fitted,platt_logistic_regression,0.4858491299419137,0,0.06763976535915196,0.8166383701188455,0.0008488964346349745,no_interaction,1,False,0.30612244897959184,0.7083333333333334,0.30612244897959184,False,False,True
CC1=NN=C2N1C3=C(C=C(C=C3)Cl)C(=NC2)C4=CC=CC=C4,CNCCC(C1=CC=CS1)OC2=CC=CC3=CC=CC=C32,1,reported_twosides,0.09705254435539246,0.1183959454498203,0.1183959454498203,fitted,platt_logistic_regression,0.4858491299419137,0,0.36371679467546325,0.533955857385399,0.027164685908319185,no_interaction,1,False,0.62,0.2647058823529412,0.2647058823529412,False,False,True
CC(C)C1=NC(=NC(=C1CCC(CC(CC(=O)O)O)O)C2=CC=C(C=C2)F)N(C)S(=O)(=O)C,CN1CCCC(CC1)N2C(=O)C3=CC=CC=C3C(=N2)CC4=CC=C(C=C4)Cl,1,reported_twosides,0.24781332910060883,0.26717575956088907,0.26717575956088907,fitted,platt_logistic_regression,0.4858491299419137,0,0.5804295078572468,0.36417657045840407,0.06876061120543293,no_interaction,1,False,0.4473684210526316,0.3,0.3,False,False,True
CNCCC(C1=CC=CC=C1)OC2=CC=C(C=C2)C(F)(F)F,COC(=O)C(C1CCCCN1)C2=CC=CC=C2,1,reported_twosides,0.0939784049987793,0.11512396071262988,0.11512396071262988,fitted,platt_logistic_regression,0.4858491299419137,0,0.3570959040326875,0.5390492359932089,0.02461799660441426,no_interaction,1,False,0.30612244897959184,0.3225806451612903,0.30612244897959184,False,False,True
C1C(C2C(O1)C(CO2)O[N+](=O)[O-])O,COC1=CC(=CC(=C1OC)OC)CC2=CN=C(N=C2N)N,1,reported_twosides,0.6510034799575806,0.6310822084584524,0.6310822084584524,fitted,platt_logistic_regression,0.4858491299419137,1,0.658377197958762,0.10865874363327674,0.27504244482173174,no_interaction|interaction,2,True,0.8076923076923077,0.22857142857142856,0.22857142857142856,False,False,True
C1CC(CCC1C2=CC=C(C=C2)Cl)C3=C(C4=CC=CC=C4C(=O)C3=O)O,CC1=C(C(=NO1)C2=C(C=CC=C2Cl)Cl)C(=O)NC3C4N(C3=O)C(C(S4)(C)C)C(=O)[O-],0,unreported_twosides_sampled,0.017972774803638458,0.02695682090204701,0.02695682090204701,fitted,platt_logistic_regression,0.4858491299419137,0,0.12399915861461638,0.7487266553480475,0.0025466893039049238,no_interaction,1,False,0.2549019607843137,0.7777777777777778,0.2549019607843137,False,False,True
C1=NC2=C(N1)C(=S)N=CN2,C1C(C2C(O1)C(CO2)O[N+](=O)[O-])O,0,unreported_twosides_sampled,0.45288345217704773,0.4532461325951708,0.4532461325951708,fitted,platt_logistic_regression,0.4858491299419137,0,0.6887689389188854,0.21731748726655348,0.1502546689303905,no_interaction|interaction,2,True,0.3142857142857143,0.8076923076923077,0.3142857142857143,False,False,True
CC(C1=CC=CC2=CC=CC=C21)NCCCC3=CC(=CC=C3)C(F)(F)F,CNCCC(C1=CC=CC=C1)OC2=CC=C(C=C2)C(F)(F)F,0,unreported_twosides_sampled,0.314073383808136,0.3283828379911251,0.3283828379911251,fitted,platt_logistic_regression,0.4858491299419137,0,0.6330274667257076,0.300509337860781,0.0933786078098472,no_interaction,1,False,0.24285714285714285,0.30612244897959184,0.24285714285714285,False,False,True
C1=CN(C=N1)CC(O)(P(=O)(O)O)P(=O)(O)O,COC1=CC(=CC(=C1OC)OC)CC2=CN=C(N=C2N)N,1,reported_twosides,0.51433926820755,0.5080323809941786,0.5080323809941786,fitted,platt_logistic_regression,0.4858491299419137,1,0.6930181367202077,0.1731748726655348,0.18505942275042445,no_interaction|interaction,2,True,0.36585365853658536,0.22857142857142856,0.22857142857142856,False,False,True
CC1=C(C(=NO1)C2=C(C=CC=C2Cl)Cl)C(=O)NC3C4N(C3=O)C(C(S4)(C)C)C(=O)[O-],CC1=CC=CC=C1S(=O)(=O)NC(=O)C2=CC(=C(C=C2)CC3=CN(C4=C3C=C(C=C4)NC(=O)OC5CCCC5)C)OC,0,unreported_twosides_sampled,0.06362010538578033,0.08190972613569085,0.08190972613569085,fitted,platt_logistic_regression,0.4858491299419137,0,0.28340898742266435,0.597623089983022,0.014431239388794566,no_interaction,1,False,0.7777777777777778,0.2631578947368421,0.2631578947368421,False,False,True
CCP(CC)CC.CC(=O)OCC1C(C(C(C(O1)[S-])OC(=O)C)OC(=O)C)OC(=O)C.[Au+],CNCCC(C1=CC=CC=C1)OC2=CC=C(C=C2)C(F)(F)F,0,unreported_twosides_sampled,0.0015280188526958227,0.0030221867871267545,0.0030221867871267545,fitted,platt_logistic_regression,0.4858491299419137,0,0.020551661935075648,0.900679117147708,0.0008488964346349745,no_interaction,1,False,0.22950819672131148,0.30612244897959184,0.22950819672131148,False,False,True
CC(C)(C)NCC(COC1=NSN=C1N2CCOCC2)O,CC1=NN=C2N1C3=C(C=C(C=C3)Cl)C(=NC2)C4=CC=CC=C4Cl,0,unreported_twosides_sampled,0.9751527309417725,0.9627841975336009,0.9627841975336009,fitted,platt_logistic_regression,0.4858491299419137,1,0.15899255783606236,0.004244482173174873,0.7096774193548387,interaction,1,False,0.4,0.5454545454545454,0.4,False,False,False
C1=CN(C(=O)N=C1N)C2C(C(C(O2)CO)O)O,CCCC(C)(COC(=O)N)COC(=O)N,0,unreported_twosides_sampled,0.7069098353385925,0.6826511715042929,0.6826511715042929,fitted,platt_logistic_regression,0.4858491299419137,1,0.6248549049678425,0.08743633276740238,0.3098471986417657,interaction,1,False,0.5306122448979592,0.6774193548387096,0.5306122448979592,False,False,False
C1CC2CN(C(=O)C3=CC=CC(=C23)C1)C4CN5CCC4CC5,CC1=NN=C2N1C3=C(C=C(C=C3)Cl)C(=NC2)C4=CC=CC=C4Cl,0,unreported_twosides_sampled,0.9847118854522705,0.9757509499600641,0.9757509499600641,fitted,platt_logistic_regression,0.4858491299419137,1,0.11414401537502189,0.0025466893039049238,0.7589134125636672,interaction,1,False,0.30303030303030304,0.5454545454545454,0.30303030303030304,False,False,True
CNC(=C[N+](=O)[O-])NCCSCC1=CSC(=N1)CN(C)C,CNCCC(C1=CC=CS1)OC2=CC=CC3=CC=CC=C32,1,reported_twosides,0.8388659358024597,0.8103043947634944,0.8103043947634944,fitted,platt_logistic_regression,0.4858491299419137,1,0.48578128800700127,0.0500848896434635,0.44142614601018676,interaction,1,False,0.603448275862069,0.2647058823529412,0.2647058823529412,False,False,True
CN(C)CCC(C1=CC=C(C=C1)Cl)C2=CC=CC=N2,CNCCC(C1=CC=CS1)OC2=CC=CC3=CC=CC=C32,0,unreported_twosides_sampled,0.3504600524902344,0.3614284679033699,0.3614284679033699,fitted,platt_logistic_regression,0.4858491299419137,0,0.6542356583481381,0.28183361629881154,0.10611205432937182,no_interaction|interaction,2,True,0.28846153846153844,0.2647058823529412,0.2647058823529412,False,False,True
CN1CCCC(CC1)N2C(=O)C3=CC=CC=C3C(=N2)CC4=CC=C(C=C4)Cl,COC1=C(C=C2C(=C1)C(=NC(=N2)N3CCN(CC3)C(=O)C4=CC=CO4)N)OC,0,unreported_twosides_sampled,0.9668741822242737,0.9520790132020255,0.9520790132020255,fitted,platt_logistic_regression,0.4858491299419137,1,0.19234760779333515,0.0050933786078098476,0.6748726655348047,interaction,1,False,0.3,0.5882352941176471,0.3,False,False,True
CN1CCCC(CC1)N2C(=O)C3=CC=CC=C3C(=N2)CC4=CC=C(C=C4)Cl,CNC(=C[N+](=O)[O-])NCCSCC1=CSC(=N1)CN(C)C,0,unreported_twosides_sampled,0.9962072372436523,0.9929530148981464,0.9929530148981464,fitted,platt_logistic_regression,0.4858491299419137,1,0.041941002842783015,0.0008488964346349745,0.8531409168081494,interaction,1,False,0.3,0.603448275862069,0.3,False,False,True
CC(CCC1=CC=C(C=C1)O)NCCC2=CC(=C(C=C2)O)O,CNCCC(C1=CC=CS1)OC2=CC=CC3=CC=CC=C32,0,unreported_twosides_sampled,0.4181132912635803,0.4222058323960109,0.4222058323960109,fitted,platt_logistic_regression,0.4858491299419137,0,0.680994001921954,0.23769100169779286,0.13157894736842105,no_interaction|interaction,2,True,0.38596491228070173,0.2647058823529412,0.2647058823529412,False,False,True
CC1=NN=C2N1C3=C(C=C(C=C3)Cl)C(=NC2)C4=CC=CC=C4Cl,COC(=O)C(C1CCCCN1)C2=CC=CC=C2,1,reported_twosides,0.9826697111129761,0.9729115878202635,0.9729115878202635,fitted,platt_logistic_regression,0.4858491299419137,1,0.12447074065264357,0.0025466893039049238,0.7487266553480475,interaction,1,False,0.5454545454545454,0.3225806451612903,0.3225806451612903,False,False,True
C1=CC=C(C=C1)C2(C(=O)NC(=O)N2)C3=CC=CC=C3,CNCCC(C1=CC=CC=C1)OC2=CC=C(C=C2)C(F)(F)F,1,reported_twosides,0.007519237697124481,0.01246130714380947,0.01246130714380947,fitted,platt_logistic_regression,0.4858491299419137,0,0.06702775323990509,0.8166383701188455,0.0008488964346349745,no_interaction,1,False,0.4,0.30612244897959184,0.30612244897959184,False,False,True
CC1=CN(C(=O)NC1=O)C2CC(C(O2)CO)N=[N+]=[N-],CCCCCN=C(N)NNC=C1C=NC2=C1C=C(C=C2)CO,0,unreported_twosides_sampled,0.015066436491906643,0.023065106915278875,0.023065106915278875,fitted,platt_logistic_regression,0.4858491299419137,0,0.10973944407009024,0.7640067911714771,0.001697792869269949,no_interaction,1,False,0.7083333333333334,0.25,0.25,False,False,True
CC1=CN(C(=O)NC1=O)C2CC(C(O2)CO)N=[N+]=[N-],CNCCC(C1=CC=CS1)OC2=CC=CC3=CC=CC=C32,0,unreported_twosides_sampled,0.055549800395965576,0.07274436109653322,0.07274436109653322,fitted,platt_logistic_regression,0.4858491299419137,0,0.2606805963473692,0.6179966044142614,0.010186757215619695,no_interaction,1,False,0.7083333333333334,0.2647058823529412,0.2647058823529412,False,False,True
CNC(=C[N+](=O)[O-])NCCSCC1=CSC(=N1)CN(C)C,COC(=O)C(C1CCCCN1)C2=CC=CC=C2,0,unreported_twosides_sampled,0.9563213586807251,0.9389308239380592,0.9389308239380592,fitted,platt_logistic_regression,0.4858491299419137,1,0.22989931984817263,0.007640067911714771,0.6443123938879457,interaction,1,False,0.603448275862069,0.3225806451612903,0.3225806451612903,False,False,True
C1=CN(C=N1)CC(O)(P(=O)(O)O)P(=O)(O)O,CN(C)CCC(C1=CC=C(C=C1)Cl)C2=CC=CC=N2,0,unreported_twosides_sampled,0.9438607692718506,0.9239498652174326,0.9239498652174326,fitted,platt_logistic_regression,0.4858491299419137,1,0.26901480865134675,0.012733446519524618,0.6129032258064516,interaction,1,False,0.36585365853658536,0.28846153846153844,0.28846153846153844,False,False,True
CC(C)[N+]1(C2CCC1CC(C2)OC(=O)C(CO)C3=CC=CC=C3)C,CNC(=O)CN(CCN(CCN(CC(=O)NC)CC(=O)[O-])CC(=O)[O-])CC(=O)[O-].O.[Gd+3],1,reported_twosides,0.7525851726531982,0.7256894183127305,0.7256894183127305,fitted,platt_logistic_regression,0.4858491299419137,1,0.5874992622695545,0.07045840407470289,0.3522920203735144,interaction,1,False,0.6326530612244898,0.5675675675675675,0.5675675675675675,False,False,False
CC1=NN=C2N1C3=C(C=C(C=C3)Cl)C(=NC2)C4=CC=CC=C4Cl,CNCC(C1=CC(=C(C=C1)O)O)O,0,unreported_twosides_sampled,0.9949069619178772,0.990843445179123,0.990843445179123,fitted,platt_logistic_regression,0.4858491299419137,1,0.05208882900975594,0.0008488964346349745,0.8370118845500849,interaction,1,False,0.5454545454545454,0.475,0.475,False,False,False
C1=NC2=C(N1COC(CO)CO)NC(=NC2=O)N,CNCCC(C1=CC=CS1)OC2=CC=CC3=CC=CC=C32,0,unreported_twosides_sampled,0.1629711538553238,0.185733956891114,0.185733956891114,fitted,platt_logistic_regression,0.4858491299419137,0,0.4799776894373317,0.4431239388794567,0.04838709677419355,no_interaction,1,False,0.7307692307692307,0.2647058823529412,0.2647058823529412,False,False,True
CCCC(C)(COC(=O)N)COC(=O)N,CNCC(C1=CC(=C(C=C1)O)O)O,0,unreported_twosides_sampled,0.525562584400177,0.5180485732598283,0.5180485732598283,fitted,platt_logistic_regression,0.4858491299419137,1,0.6924955370077717,0.16808149405772496,0.19185059422750425,no_interaction|interaction,2,True,0.6774193548387096,0.475,0.475,False,False,False
C1=CN(C(=O)N=C1N)C2C(C(C(O2)CO)O)O,CCCCC(C)(CC=CC1C(CC(=O)C1CCCCCCC(=O)OC)O)O,0,unreported_twosides_sampled,0.5595160722732544,0.5484108764774759,0.5484108764774759,fitted,platt_logistic_regression,0.4858491299419137,1,0.6884526036753048,0.1494057724957555,0.21816638370118846,no_interaction|interaction,2,True,0.5306122448979592,0.3698630136986301,0.3698630136986301,False,False,True
CC1=C(C(=NO1)C2=C(C=CC=C2Cl)Cl)C(=O)NC3C4N(C3=O)C(C(S4)(C)C)C(=O)[O-],CN1CCC23C4C1CC5=C2C(=C(C=C5)O)OC3C(=O)CC4,0,unreported_twosides_sampled,0.09706561267375946,0.11840982379849949,0.11840982379849949,fitted,platt_logistic_regression,0.4858491299419137,0,0.36374465743229195,0.533955857385399,0.027164685908319185,no_interaction,1,False,0.7777777777777778,0.5333333333333333,0.5333333333333333,False,False,False
CC(C)C1=NC(=NC(=C1CCC(CC(CC(=O)O)O)O)C2=CC=C(C=C2)F)N(C)S(=O)(=O)C,CN1CCC23C4C1CC5=C2C(=C(C=C5)O)OC3C(=O)CC4,1,reported_twosides,0.03621156886219978,0.049979218113575315,0.049979218113575315,fitted,platt_logistic_regression,0.4858491299419137,0,0.19845404780264939,0.6731748726655348,0.0050933786078098476,no_interaction,1,False,0.4473684210526316,0.5333333333333333,0.4473684210526316,False,False,False
CC1=CC=CC=C1S(=O)(=O)NC(=O)C2=CC(=C(C=C2)CC3=CN(C4=C3C=C(C=C4)NC(=O)OC5CCCC5)C)OC,CNCCC(C1=CC=CC=C1)OC2=CC=C(C=C2)C(F)(F)F,1,reported_twosides,0.01036193035542965,0.016559295442717743,0.016559295442717743,fitted,platt_logistic_regression,0.4858491299419137,0,0.08432791306448756,0.7937181663837012,0.0008488964346349745,no_interaction,1,False,0.2631578947368421,0.30612244897959184,0.2631578947368421,False,False,True
C1=CN=CC=C1C(=O)NN,CCCCC(C)(CC=CC1C(CC(=O)C1CCCCCCC(=O)OC)O)O,1,reported_twosides,0.3694010376930237,0.3785161770633922,0.3785161770633922,fitted,platt_logistic_regression,0.4858491299419137,0,0.663333048712522,0.26825127334465193,0.11205432937181664,no_interaction|interaction,2,True,0.30303030303030304,0.3698630136986301,0.30303030303030304,False,False,True
C1CC(CCC1C2=CC=C(C=C2)Cl)C3=C(C4=CC=CC=C4C(=O)C3=O)O,CCCCC(C)(CC=CC1C(CC(=O)C1CCCCCCC(=O)OC)O)O,0,unreported_twosides_sampled,0.27150657773017883,0.2892463080247139,0.2892463080247139,fitted,platt_logistic_regression,0.4858491299419137,0,0.6014754586778885,0.33531409168081494,0.07215619694397284,no_interaction,1,False,0.2549019607843137,0.3698630136986301,0.2549019607843137,False,False,True
CCC(C)(C)C(=O)OC1CC(C=C2C1C(C(C=C2)C)CCC3CC(CC(=O)O3)O)C,C[N+]1(CCC2=CC(=C(C=C2C1CC3=CC(=C(C=C3)OC)OC)OC)OC)CCC(=O)OCCCCCOC(=O)CC[N+]4(CCC5=CC(=C(C=C5C4CC6=CC(=C(C=C6)OC)OC)OC)OC)C.C1=CC=C(C=C1)S(=O)(=O)[O-].C1=CC=C(C=C1)S(=O)(=O)[O-],0,unreported_twosides_sampled,0.9461053609848022,0.9266113217806377,0.9266113217806377,fitted,platt_logistic_regression,0.4858491299419137,1,0.2623174935148091,0.011884550084889643,0.6179966044142614,interaction,1,False,0.7424242424242424,0.25,0.25,False,False,True
CC(CCC1=CC=C(C=C1)O)NCCC2=CC(=C(C=C2)O)O,CC1=CC(=C(C=C1)C)OCCCC(C)(C)C(=O)O,0,unreported_twosides_sampled,0.23120388388633728,0.2515560635144273,0.2515560635144273,fitted,platt_logistic_regression,0.4858491299419137,0,0.5640382071265925,0.3769100169779287,0.0636672325976231,no_interaction,1,False,0.38596491228070173,0.26,0.26,False,False,True
CC1=CC(=C(C=C1)C)OCCCC(C)(C)C(=O)O,CC1=NN=C2N1C3=C(C=C(C=C3)Cl)C(=NC2)C4=CC=CC=C4,1,reported_twosides,0.0810583084821701,0.10120282386135618,0.10120282386135618,fitted,platt_logistic_regression,0.4858491299419137,0,0.327717838318343,0.5628183361629882,0.022071307300509338,no_interaction,1,False,0.26,0.62,0.26,False,False,True
CC(C)[N+]1(C2CCC1CC(C2)OC(=O)C(CO)C3=CC=CC=C3)C,CCC(C)(C)C(=O)OC1CC(C=C2C1C(C(C=C2)C)CCC3CC(CC(=O)O3)O)C,1,reported_twosides,0.4552565813064575,0.4553622525289766,0.4553622525289766,fitted,platt_logistic_regression,0.4858491299419137,0,0.6891568130530858,0.21731748726655348,0.1502546689303905,no_interaction|interaction,2,True,0.6326530612244898,0.7424242424242424,0.6326530612244898,False,False,False
CC1CC2C3CCC4=CC(=O)C=CC4(C3(C(CC2(C1(C(=O)CCl)O)C)O)Cl)C,CCOC(=O)C1(CCN(CC1)C)C2=CC=CC=C2,1,reported_twosides,0.35784241557121277,0.3680966274283966,0.3680966274283966,fitted,platt_logistic_regression,0.4858491299419137,0,0.6579348973002844,0.27504244482173174,0.10865874363327674,no_interaction|interaction,2,True,0.8620689655172413,0.3559322033898305,0.3559322033898305,False,False,True
CNC(=O)CN(CCN(CCN(CC(=O)NC)CC(=O)[O-])CC(=O)[O-])CC(=O)[O-].O.[Gd+3],CNCCC(C1=CC=CC=C1)OC2=CC=C(C=C2)C(F)(F)F,0,unreported_twosides_sampled,0.0468045212328434,0.06260667204188296,0.06260667204188296,fitted,platt_logistic_regression,0.4858491299419137,0,0.23408043490229155,0.6426146010186757,0.00933786078098472,no_interaction,1,False,0.5675675675675675,0.30612244897959184,0.30612244897959184,False,False,True
C1CC(CCC1C2=CC=C(C=C2)Cl)C3=C(C4=CC=CC=C4C(=O)C3=O)O,COC(=O)C(C1CCCCN1)C2=CC=CC=C2,1,reported_twosides,0.5982927680015564,0.5832577467897461,0.5832577467897461,fitted,platt_logistic_regression,0.4858491299419137,1,0.6792186870119812,0.12903225806451613,0.24108658743633277,no_interaction|interaction,2,True,0.2549019607843137,0.3225806451612903,0.2549019607843137,False,False,True
CC1=C(C(=NO1)C2=C(C=CC=C2Cl)Cl)C(=O)NC3C4N(C3=O)C(C(S4)(C)C)C(=O)[O-],CC1=NN=C2N1C3=C(C=C(C=C3)Cl)C(=NC2)C4=CC=CC=C4,1,reported_twosides,0.0401424765586853,0.05471517725878594,0.05471517725878594,fitted,platt_logistic_regression,0.4858491299419137,0,0.21217142197827465,0.6587436332767402,0.0050933786078098476,no_interaction,1,False,0.7777777777777778,0.62,0.62,False,False,False
CCC(C)(C)C(=O)OC1CC(C=C2C1C(C(C=C2)C)CCC3CC(CC(=O)O3)O)C,CNC(=O)CN(CCN(CCN(CC(=O)NC)CC(=O)[O-])CC(=O)[O-])CC(=O)[O-].O.[Gd+3],1,reported_twosides,0.17732708156108856,0.19984335512105467,0.19984335512105467,fitted,platt_logistic_regression,0.4858491299419137,0,0.5001851909307303,0.43208828522920206,0.05263157894736842,no_interaction,1,False,0.7424242424242424,0.5675675675675675,0.5675675675675675,False,False,False
CC(C)(C)NCC(COC1=NSN=C1N2CCOCC2)O,CCC(C)(C)C(=O)OC1CC(C=C2C1C(C(C=C2)C)CCC3CC(CC(=O)O3)O)C,1,reported_twosides,0.7019209861755371,0.6780049937254282,0.6780049937254282,fitted,platt_logistic_regression,0.4858491299419137,1,0.6283641017294439,0.09083191850594227,0.3089983022071307,interaction,1,False,0.4,0.7424242424242424,0.4,False,False,False
C1CC2CN(C(=O)C3=CC=CC(=C23)C1)C4CN5CCC4CC5,CC1=NN=C2N1C3=C(C=C(C=C3)Cl)C(=NC2)C4=CC=CC=C4,1,reported_twosides,0.43331125378608704,0.4357833586042957,0.4357833586042957,fitted,platt_logistic_regression,0.4858491299419137,0,0.6848768015062237,0.23259762308998302,0.14091680814940577,no_interaction|interaction,2,True,0.30303030303030304,0.62,0.30303030303030304,False,False,True
CC(C1=CC=CC2=CC=CC=C21)NCCCC3=CC(=CC=C3)C(F)(F)F,CCC(C)(C)C(=O)OC1CC(C=C2C1C(C(C=C2)C)CCC3CC(CC(=O)O3)O)C,1,reported_twosides,0.14522966742515564,0.1680600956109275,0.1680600956109275,fitted,platt_logistic_regression,0.4858491299419137,0,0.45279687183414397,0.4702886247877759,0.042444821731748725,no_interaction,1,False,0.24285714285714285,0.7424242424242424,0.24285714285714285,False,False,True
C1C(C2C(O1)C(CO2)O[N+](=O)[O-])O,CC1=CC(=C(C=C1)C)OCCCC(C)(C)C(=O)O,1,reported_twosides,0.5682124495506287,0.5562071368062982,0.5562071368062982,fitted,platt_logistic_regression,0.4858491299419137,1,0.6868153206285706,0.1434634974533107,0.22580645161290322,no_interaction|interaction,2,True,0.8076923076923077,0.26,0.26,False,False,True
C1=NC2=C(N1COC(CO)CO)NC(=NC2=O)N,CC(C)OC(=O)C(C)(C)OC1=CC=C(C=C1)C(=O)C2=CC=C(C=C2)Cl,0,unreported_twosides_sampled,0.20374202728271484,0.22541825869065718,0.22541825869065718,fitted,platt_logistic_regression,0.4858491299419137,0,0.533680626053716,0.40152801358234297,0.05602716468590832,no_interaction,1,False,0.7307692307692307,0.3137254901960784,0.3137254901960784,False,False,True
C1C(C(OC1N2C=NC3=C(N=C(N=C32)Cl)N)CO)O,CN1CCC23C4C1CC5=C2C(=C(C=C5)O)OC3C(=O)CC4,0,unreported_twosides_sampled,0.29994717240333557,0.3154596149284306,0.3154596149284306,fitted,platt_logistic_regression,0.4858491299419137,0,0.6233995542762611,0.31069609507640067,0.08743633276740238,no_interaction,1,False,0.6296296296296297,0.5333333333333333,0.5333333333333333,False,False,False
CC(CCC1=CC=C(C=C1)O)NCCC2=CC(=C(C=C2)O)O,CN1CCCC(CC1)N2C(=O)C3=CC=CC=C3C(=N2)CC4=CC=C(C=C4)Cl,0,unreported_twosides_sampled,0.6043229699134827,0.5886988199408348,0.5886988199408348,fitted,platt_logistic_regression,0.4858491299419137,1,0.6773286328271446,0.1273344651952462,0.24533106960950765,no_interaction|interaction,2,True,0.38596491228070173,0.3,0.3,False,False,True
CC1=NN=C2N1C3=C(C=C(C=C3)Cl)C(=NC2)C4=CC=CC=C4Cl,CNCCC(C1=CC=CS1)OC2=CC=CC3=CC=CC=C32,1,reported_twosides,0.7100102305412292,0.6855435607106528,0.6855435607106528,fitted,platt_logistic_regression,0.4858491299419137,1,0.6226200456129404,0.0865874363327674,0.31154499151103565,interaction,1,False,0.5454545454545454,0.2647058823529412,0.2647058823529412,False,False,True
CC1=CC=CC=C1S(=O)(=O)NC(=O)C2=CC(=C(C=C2)CC3=CN(C4=C3C=C(C=C4)NC(=O)OC5CCCC5)C)OC,CCCC(C)(COC(=O)N)COC(=O)N,0,unreported_twosides_sampled,0.16016949713230133,0.1829611934444512,0.1829611934444512,fitted,platt_logistic_regression,0.4858491299419137,0,0.4758541069327571,0.4524617996604414,0.04753820033955857,no_interaction,1,False,0.2631578947368421,0.6774193548387096,0.2631578947368421,False,False,True
CC1=CC(=C(C=C1)C)OCCCC(C)(C)C(=O)O,CCC(C)(C)C(=O)OC1CC(C=C2C1C(C(C=C2)C)CCC3CC(CC(=O)O3)O)C,1,reported_twosides,0.6028988361358643,0.5874132073966315,0.5874132073966315,fitted,platt_logistic_regression,0.4858491299419137,1,0.6777862273624896,0.1273344651952462,0.2436332767402377,no_interaction|interaction,2,True,0.26,0.7424242424242424,0.26,False,False,True
CC1CC2C3CCC4=CC(=O)C=CC4(C3(C(CC2(C1(C(=O)CCl)O)C)O)Cl)C,CNCCC(C1=CC=CC=C1)OC2=CC=C(C=C2)C(F)(F)F,1,reported_twosides,0.0016522950027137995,0.0032400602868810258,0.0032400602868810258,fitted,platt_logistic_regression,0.4858491299419137,0,0.021807360416593112,0.8981324278438031,0.0008488964346349745,no_interaction,1,False,0.8620689655172413,0.30612244897959184,0.30612244897959184,False,False,True
CC(C1=CC=CC2=CC=CC=C21)NCCCC3=CC(=CC=C3)C(F)(F)F,CCCCC(C)(CC=CC1C(CC(=O)C1CCCCCCC(=O)OC)O)O,0,unreported_twosides_sampled,0.07008562237024307,0.08913832628752676,0.08913832628752676,fitted,platt_logistic_regression,0.4858491299419137,0,0.30053967874533116,0.5865874363327674,0.016129032258064516,no_interaction,1,False,0.24285714285714285,0.3698630136986301,0.24285714285714285,False,False,True
C1=CC=C(C=C1)C2(C(=O)NC(=O)N2)C3=CC=CC=C3,CNC(=C[N+](=O)[O-])NCCSCC1=CSC(=N1)CN(C)C,0,unreported_twosides_sampled,0.9536994695663452,0.9357345850665566,0.9357345850665566,fitted,platt_logistic_regression,0.4858491299419137,1,0.23854612567615296,0.00933786078098472,0.6400679117147708,interaction,1,False,0.4,0.603448275862069,0.4,False,False,False
C1CC2CN(C(=O)C3=CC=CC(=C23)C1)C4CN5CCC4CC5,CN1CCC23C4C1CC5=C2C(=C(C=C5)O)OC3C(=O)CC4,1,reported_twosides,0.49743154644966125,0.4929547019604267,0.4929547019604267,fitted,platt_logistic_regression,0.4858491299419137,1,0.6930479048257452,0.18421052631578946,0.1731748726655348,no_interaction|interaction,2,True,0.30303030303030304,0.5333333333333333,0.30303030303030304,False,False,True
CCCCC(C)(CC=CC1C(CC(=O)C1CCCCCCC(=O)OC)O)O,CNCCC(C1=CC=CC=C1)OC2=CC=C(C=C2)C(F)(F)F,1,reported_twosides,0.01607131026685238,0.02442022542857049,0.02442022542857049,fitted,platt_logistic_regression,0.4858491299419137,0,0.11477586155823079,0.7580645161290323,0.0025466893039049238,no_interaction,1,False,0.3698630136986301,0.30612244897959184,0.30612244897959184,False,False,True
CC1=C(C(=NO1)C2=C(C=CC=C2Cl)Cl)C(=O)NC3C4N(C3=O)C(C(S4)(C)C)C(=O)[O-],CCCCC(C)(CC=CC1C(CC(=O)C1CCCCCCC(=O)OC)O)O,1,reported_twosides,0.07723800837993622,0.09702950891344783,0.09702950891344783,fitted,platt_logistic_regression,0.4858491299419137,0,0.318506678088993,0.568760611205433,0.017826825127334467,no_interaction,1,False,0.7777777777777778,0.3698630136986301,0.3698630136986301,False,False,True
CC(C)[N+]1(C2CCC1CC(C2)OC(=O)C(CO)C3=CC=CC=C3)C,CNC(=C[N+](=O)[O-])NCCSCC1=CSC(=N1)CN(C)C,1,reported_twosides,0.941706120967865,0.9214089973456501,0.9214089973456501,fitted,platt_logistic_regression,0.4858491299419137,1,0.2753145514232125,0.014431239388794566,0.6078098471986417,interaction,1,False,0.6326530612244898,0.603448275862069,0.603448275862069,False,False,False
C1=NC2=C(N1)C(=S)N=CN2,CCCCCCCCCCCCCCCCCCCCCCO,0,unreported_twosides_sampled,0.2563863694667816,0.2751886321972577,0.2751886321972577,fitted,platt_logistic_regression,0.4858491299419137,0,0.5883515482898531,0.34974533106960953,0.07045840407470289,no_interaction,1,False,0.3142857142857143,0.24242424242424243,0.24242424242424243,False,False,True
CC(C)C1=NC(=NC(=C1CCC(CC(CC(=O)O)O)O)C2=CC=C(C=C2)F)N(C)S(=O)(=O)C,CC1=C(C(=NO1)C2=C(C=CC=C2Cl)Cl)C(=O)NC3C4N(C3=O)C(C(S4)(C)C)C(=O)[O-],1,reported_twosides,0.001312518143095076,0.002639589574564751,0.002639589574564751,fitted,platt_logistic_regression,0.4858491299419137,0,0.018307694091396022,0.9091680814940577,0.0008488964346349745,no_interaction,1,False,0.4473684210526316,0.7777777777777778,0.4473684210526316,False,False,False
CC(C1=CC=CC2=CC=CC=C21)NCCCC3=CC(=CC=C3)C(F)(F)F,CN1CCC23C4C1CC5=C2C(=C(C=C5)O)OC3C(=O)CC4,0,unreported_twosides_sampled,0.07836462557315826,0.09826312641387919,0.09826312641387919,fitted,platt_logistic_regression,0.4858491299419137,0,0.32124982543272296,0.568760611205433,0.01867572156196944,no_interaction,1,False,0.24285714285714285,0.5333333333333333,0.24285714285714285,False,False,True
C1=CN=CC=C1C(=O)NN,CNC(=O)CN(CCN(CCN(CC(=O)NC)CC(=O)[O-])CC(=O)[O-])CC(=O)[O-].O.[Gd+3],0,unreported_twosides_sampled,0.5189875364303589,0.5121798021980688,0.5121798021980688,fitted,platt_logistic_regression,0.4858491299419137,1,0.692850456047137,0.17062818336162988,0.18760611205432937,no_interaction|interaction,2,True,0.30303030303030304,0.5675675675675675,0.30303030303030304,False,False,True
C1NC2=CC(=C(C=C2S(=O)(=O)N1)S(=O)(=O)N)Cl,CCCCCN=C(N)NNC=C1C=NC2=C1C=C(C=C2)CO,1,reported_twosides,0.25061678886413574,0.26979957050716963,0.26979957050716963,fitted,platt_logistic_regression,0.4858491299419137,0,0.5830593865067919,0.35823429541595925,0.06876061120543293,no_interaction,1,False,0.5454545454545454,0.25,0.25,False,False,True
CC1=CC=CC=C1OC(CCNC)C2=CC=CC=C2,CC1CC2C3CCC4=CC(=O)C=CC4(C3(C(CC2(C1(C(=O)CCl)O)C)O)Cl)C,1,reported_twosides,0.006588217336684465,0.011082104348450809,0.011082104348450809,fitted,platt_logistic_regression,0.4858491299419137,0,0.06091679890868546,0.8251273344651953,0.0008488964346349745,no_interaction,1,False,0.30612244897959184,0.8620689655172413,0.30612244897959184,False,False,True
C1CNCC(C1C2=CC=C(C=C2)F)COC3=CC4=C(C=C3)OCO4,CCC(C)(C)C(=O)OC1CC(C=C2C1C(C(C=C2)C)CCC3CC(CC(=O)O3)O)C,1,reported_twosides,0.8816866278648376,0.8546815748620609,0.8546815748620609,fitted,platt_logistic_regression,0.4858491299419137,1,0.4145017249950771,0.03395585738539898,0.49745331069609505,interaction,1,False,0.24050632911392406,0.7424242424242424,0.24050632911392406,False,False,True
CC1=CC=CC=C1OC(CCNC)C2=CC=CC=C2,CN1CCCC(CC1)N2C(=O)C3=CC=CC=C3C(=N2)CC4=CC=C(C=C4)Cl,0,unreported_twosides_sampled,0.0808740183711052,0.10100213644147915,0.10100213644147915,fitted,platt_logistic_regression,0.4858491299419137,0,0.3272793293743317,0.5636672325976231,0.022071307300509338,no_interaction,1,False,0.30612244897959184,0.3,0.3,False,False,True
C1NC2=CC(=C(C=C2S(=O)(=O)N1)S(=O)(=O)N)Cl,CC1=CN(C(=O)NC1=O)C2CC(C(O2)CO)N=[N+]=[N-],1,reported_twosides,0.008929451927542686,0.014513471158421502,0.014513471158421502,fitted,platt_logistic_regression,0.4858491299419137,0,0.07583848778428756,0.8030560271646859,0.0008488964346349745,no_interaction,1,False,0.5454545454545454,0.7083333333333334,0.5454545454545454,False,False,False
C1CNCC(C1C2=CC=C(C=C2)F)COC3=CC4=C(C=C3)OCO4,CC1=NN=C2N1C3=C(C=C(C=C3)Cl)C(=NC2)C4=CC=CC=C4Cl,1,reported_twosides,0.985084593296051,0.9762740395865023,0.9762740395865023,fitted,platt_logistic_regression,0.4858491299419137,1,0.11220546503836486,0.0025466893039049238,0.7597623089983022,interaction,1,False,0.24050632911392406,0.5454545454545454,0.24050632911392406,False,False,True
C1C(C2C(O1)C(CO2)O[N+](=O)[O-])O,CC1=NN=C2N1C3=C(C=C(C=C3)Cl)C(=NC2)C4=CC=CC=C4Cl,1,reported_twosides,0.9916340112686157,0.98577793055813,0.98577793055813,fitted,platt_logistic_regression,0.4858491299419137,1,0.07460635014578836,0.0008488964346349745,0.8047538200339559,interaction,1,False,0.8076923076923077,0.5454545454545454,0.5454545454545454,False,False,False
CC1=NN=C2N1C3=C(C=C(C=C3)Cl)C(=NC2)C4=CC=CC=C4Cl,CNC(=C[N+](=O)[O-])NCCSCC1=CSC(=N1)CN(C)C,1,reported_twosides,0.997089684009552,0.9944312707245704,0.9944312707245704,fitted,platt_logistic_regression,0.4858491299419137,1,0.034458176555240846,0.0008488964346349745,0.8718166383701188,interaction,1,False,0.5454545454545454,0.603448275862069,0.5454545454545454,False,False,False
CCCC(C)(COC(=O)N)COC(=O)N,C[N+]1(CCC2=CC(=C(C=C2C1CC3=CC(=C(C=C3)OC)OC)OC)OC)CCC(=O)OCCCCCOC(=O)CC[N+]4(CCC5=CC(=C(C=C5C4CC6=CC(=C(C=C6)OC)OC)OC)OC)C.C1=CC=C(C=C1)S(=O)(=O)[O-].C1=CC=C(C=C1)S(=O)(=O)[O-],0,unreported_twosides_sampled,0.8649173974990845,0.837057550035688,0.837057550035688,fitted,platt_logistic_regression,0.4858491299419137,1,0.44451708100217685,0.04074702886247878,0.47453310696095075,interaction,1,False,0.6774193548387096,0.25,0.25,False,False,True
C1C(C2C(O1)C(CO2)O[N+](=O)[O-])O,CC(C)OC(=O)C(C)(C)OC1=CC=C(C=C1)C(=O)C2=CC=C(C=C2)Cl,1,reported_twosides,0.47146403789520264,0.46981012377284626,0.46981012377284626,fitted,platt_logistic_regression,0.4858491299419137,0,0.691323214085505,0.20882852292020374,0.15534804753820033,no_interaction|interaction,2,True,0.8076923076923077,0.3137254901960784,0.3137254901960784,False,False,True
C1NC2=CC(=C(C=C2S(=O)(=O)N1)S(=O)(=O)N)Cl,COC1=C(C=C2C(=C1)C(=NC(=N2)N3CCN(CC3)C(=O)C4=CC=CO4)N)OC,1,reported_twosides,0.9133847951889038,0.8890779250990213,0.8890779250990213,fitted,platt_logistic_regression,0.4858491299419137,1,0.3484388250980917,0.022920203735144314,0.5475382003395586,interaction,1,False,0.5454545454545454,0.5882352941176471,0.5454545454545454,False,False,False
CNCCC(C1=CC=CC=C1)OC2=CC=C(C=C2)C(F)(F)F,COC1=CC(=CC(=C1OC)OC)CC2=CN=C(N=C2N)N,1,reported_twosides,0.03843801096081734,0.05266942718574877,0.05266942718574877,fitted,platt_logistic_regression,0.4858491299419137,0,0.20630143175110044,0.6646859083191851,0.0050933786078098476,no_interaction,1,False,0.30612244897959184,0.22857142857142856,0.22857142857142856,False,False,True
CC1=CC(=C(C=C1)C)OCCCC(C)(C)C(=O)O,CC1CC2C3CCC4=CC(=O)C=CC4(C3(C(CC2(C1(C(=O)CCl)O)C)O)Cl)C,1,reported_twosides,0.05479292944073677,0.07187592109759415,0.07187592109759415,fitted,platt_logistic_regression,0.4858491299419137,0,0.2584645640780459,0.6188455008488964,0.010186757215619695,no_interaction,1,False,0.26,0.8620689655172413,0.26,False,False,True
CC1=CC(=C(C=C1)C)OCCCC(C)(C)C(=O)O,CNCCC(C1=CC=CS1)OC2=CC=CC3=CC=CC=C32,1,reported_twosides,0.3283000588417053,0.34134170718259205,0.34134170718259205,fitted,platt_logistic_regression,0.4858491299419137,0,0.6419214159550177,0.2937181663837012,0.09762308998302208,no_interaction,1,False,0.26,0.2647058823529412,0.26,False,False,True
C1=CN=CC=C1C(=O)NN,C1CC2CN(C(=O)C3=CC=CC(=C23)C1)C4CN5CCC4CC5,0,unreported_twosides_sampled,0.19913284480571747,0.22098862175729872,0.22098862175729872,fitted,platt_logistic_regression,0.4858491299419137,0,0.5281563819771649,0.4074702886247878,0.05432937181663837,no_interaction,1,False,0.30303030303030304,0.30303030303030304,0.30303030303030304,False,False,True
CC(C)(C)NCC(COC1=NSN=C1N2CCOCC2)O,CN1CCC23C4C1CC5=C2C(=C(C=C5)O)OC3C(=O)CC4,0,unreported_twosides_sampled,0.4376307725906372,0.43963919619633135,0.43963919619633135,fitted,platt_logistic_regression,0.4858491299419137,0,0.685842523886763,0.23089983022071306,0.14176570458404075,no_interaction|interaction,2,True,0.4,0.5333333333333333,0.4,False,False,False
C1=NC2=C(N1)C(=S)N=CN2,CC1=CC=CC=C1OC(CCNC)C2=CC=CC=C2,0,unreported_twosides_sampled,0.03153582662343979,0.044257548819005094,0.044257548819005094,fitted,platt_logistic_regression,0.4858491299419137,0,0.1812464648424048,0.6893039049235993,0.0050933786078098476,no_interaction,1,False,0.3142857142857143,0.30612244897959184,0.30612244897959184,False,False,True
CNC(=O)CN(CCN(CCN(CC(=O)NC)CC(=O)[O-])CC(=O)[O-])CC(=O)[O-].O.[Gd+3],COC1=CC(=CC(=C1OC)OC)CC2=CN=C(N=C2N)N,0,unreported_twosides_sampled,0.12759146094322205,0.1501914941012409,0.1501914941012409,fitted,platt_logistic_regression,0.4858491299419137,0,0.4230411099225806,0.49575551782682514,0.035653650254668934,no_interaction,1,False,0.5675675675675675,0.22857142857142856,0.22857142857142856,False,False,True
CC1=CN(C(=O)NC1=O)C2CC(C(O2)CO)N=[N+]=[N-],CN1CCCC(CC1)N2C(=O)C3=CC=CC=C3C(=N2)CC4=CC=C(C=C4)Cl,0,unreported_twosides_sampled,0.21035708487033844,0.23175314735784233,0.23175314735784233,fitted,platt_logistic_regression,0.4858491299419137,0,0.5413860271174565,0.39643463497453313,0.056876061120543296,no_interaction,1,False,0.7083333333333334,0.3,0.3,False,False,True
C1CNCC(C1C2=CC=C(C=C2)F)COC3=CC4=C(C=C3)OCO4,CC(C)[N+]1(C2CCC1CC(C2)OC(=O)C(CO)C3=CC=CC=C3)C,1,reported_twosides,0.3172423243522644,0.33127405107727237,0.33127405107727237,fitted,platt_logistic_regression,0.4858491299419137,0,0.6350772312874464,0.299660441426146,0.09422750424448217,no_interaction,1,False,0.24050632911392406,0.6326530612244898,0.24050632911392406,False,False,True
C1=CN(C(=O)N=C1N)C2C(C(C(O2)CO)O)O,CCCCCN=C(N)NNC=C1C=NC2=C1C=C(C=C2)CO,0,unreported_twosides_sampled,0.3588865399360657,0.3690388731279446,0.3690388731279446,fitted,platt_logistic_regression,0.4858491299419137,0,0.6584421706142294,0.27504244482173174,0.10865874363327674,no_interaction|interaction,2,True,0.5306122448979592,0.25,0.25,False,False,True
C1CNCC(C1C2=CC=C(C=C2)F)COC3=CC4=C(C=C3)OCO4,CNC(=C[N+](=O)[O-])NCCSCC1=CSC(=N1)CN(C)C,1,reported_twosides,0.970532238483429,0.9567603778785752,0.9567603778785752,fitted,platt_logistic_regression,0.4858491299419137,1,0.17810658434060272,0.0050933786078098476,0.6935483870967742,interaction,1,False,0.24050632911392406,0.603448275862069,0.24050632911392406,False,False,True
C1=CN=CC=C1C(=O)NN,CCCCCN=C(N)NNC=C1C=NC2=C1C=C(C=C2)CO,0,unreported_twosides_sampled,0.19951175153255463,0.22135326660803267,0.22135326660803267,fitted,platt_logistic_regression,0.4858491299419137,0,0.528615417255073,0.4074702886247878,0.05432937181663837,no_interaction,1,False,0.30303030303030304,0.25,0.25,False,False,True
CC1=NN=C2N1C3=C(C=C(C=C3)Cl)C(=NC2)C4=CC=CC=C4Cl,CNC(=O)CN(CCN(CCN(CC(=O)NC)CC(=O)[O-])CC(=O)[O-])CC(=O)[O-].O.[Gd+3],0,unreported_twosides_sampled,0.2800782322883606,0.29717638568172505,0.29717638568172505,fitted,platt_logistic_regression,0.4858491299419137,0,0.6084528425878947,0.3302207130730051,0.07470288624787776,no_interaction,1,False,0.5454545454545454,0.5675675675675675,0.5454545454545454,False,False,False
CC1=CC(=C(C=C1)C)OCCCC(C)(C)C(=O)O,CC1=CC=CC=C1OC(CCNC)C2=CC=CC=C2,0,unreported_twosides_sampled,0.16083522140979767,0.1836206453264361,0.1836206453264361,fitted,platt_logistic_regression,0.4858491299419137,0,0.4768394657691017,0.44906621392190155,0.04838709677419355,no_interaction,1,False,0.26,0.30612244897959184,0.26,False,False,True
CC1=NN=C2N1C3=C(C=C(C=C3)Cl)C(=NC2)C4=CC=CC=C4Cl,CCC12CCC3C(C1CCC2(C#C)O)CCC4=CC(=O)CCC34,0,unreported_twosides_sampled,0.5189388990402222,0.5121363992041772,0.5121363992041772,fitted,platt_logistic_regression,0.4858491299419137,1,0.6928525672551893,0.17062818336162988,0.18760611205432937,no_interaction|interaction,2,True,0.5454545454545454,0.7169811320754716,0.5454545454545454,False,False,False
CC(C)C1=NC(=NC(=C1CCC(CC(CC(=O)O)O)O)C2=CC=C(C=C2)F)N(C)S(=O)(=O)C,CNCC(C1=CC(=C(C=C1)O)O)O,1,reported_twosides,0.2030358910560608,0.22474047838390224,0.22474047838390224,fitted,platt_logistic_regression,0.4858491299419137,0,0.5328426809263509,0.4032258064516129,0.05602716468590832,no_interaction,1,False,0.4473684210526316,0.475,0.4473684210526316,False,False,False
CC(CCC1=CC=C(C=C1)O)NCCC2=CC(=C(C=C2)O)O,CNCC(C1=CC(=C(C=C1)O)O)O,1,reported_twosides,0.6877356767654419,0.6648453071240563,0.6648453071240563,fitted,platt_logistic_regression,0.4858491299419137,1,0.6377691812573154,0.09507640067911714,0.299660441426146,interaction,1,False,0.38596491228070173,0.475,0.38596491228070173,False,False,True
C1=CN=CC=C1C(=O)NN,CC1CC2C3CCC4=CC(=O)C=CC4(C3(C(CC2(C1(C(=O)CCl)O)C)O)Cl)C,0,unreported_twosides_sampled,0.13628385961055756,0.15903739533670014,0.15903739533670014,fitted,platt_logistic_regression,0.4858491299419137,0,0.4380702085066058,0.4838709677419355,0.039898132427843805,no_interaction,1,False,0.30303030303030304,0.8620689655172413,0.30303030303030304,False,False,True
CCOC(=O)C1(CCN(CC1)C)C2=CC=CC=C2,CNCC(C1=CC(=C(C=C1)O)O)O,0,unreported_twosides_sampled,0.685809314250946,0.663063818687854,0.663063818687854,fitted,platt_logistic_regression,0.4858491299419137,1,0.6389823182462626,0.09592529711375213,0.298811544991511,interaction,1,False,0.3559322033898305,0.475,0.3559322033898305,False,False,True
C1=CN(C(=O)N=C1N)C2C(C(C(O2)CO)O)O,CNC(=C[N+](=O)[O-])NCCSCC1=CSC(=N1)CN(C)C,1,reported_twosides,0.9969684481620789,0.994225462815303,0.994225462815303,fitted,platt_logistic_regression,0.4858491299419137,1,0.03552151301121811,0.0008488964346349745,0.870118845500849,interaction,1,False,0.5306122448979592,0.603448275862069,0.5306122448979592,False,False,False
CCOC(=O)C1(CCN(CC1)C)C2=CC=CC=C2,CNC(=C[N+](=O)[O-])NCCSCC1=CSC(=N1)CN(C)C,0,unreported_twosides_sampled,0.9695695638656616,0.955521373380409,0.955521373380409,fitted,platt_logistic_regression,0.4858491299419137,1,0.18192514127494658,0.0050933786078098476,0.6884550084889643,interaction,1,False,0.3559322033898305,0.603448275862069,0.3559322033898305,False,False,True
C1=NC2=C(N1COC(CO)CO)NC(=NC2=O)N,CCCCCN=C(N)NNC=C1C=NC2=C1C=C(C=C2)CO,0,unreported_twosides_sampled,0.2826920449733734,0.2995892498404421,0.2995892498404421,fitted,platt_logistic_regression,0.4858491299419137,0,0.6105158725146573,0.32767402376910015,0.07724957555178268,no_interaction,1,False,0.7307692307692307,0.25,0.25,False,False,True
CC1=CC=CC=C1OC(CCNC)C2=CC=CC=C2,CC1=NN=C2N1C3=C(C=C(C=C3)Cl)C(=NC2)C4=CC=CC=C4,1,reported_twosides,0.07145263254642487,0.0906547561925212,0.0906547561925212,fitted,platt_logistic_regression,0.4858491299419137,0,0.3040500783421099,0.5840407470288624,0.016129032258064516,no_interaction,1,False,0.30612244897959184,0.62,0.30612244897959184,False,False,True
CC(C)OC(=O)C(C)(C)OC1=CC=C(C=C1)C(=O)C2=CC=C(C=C2)Cl,CC1=C(C(=NO1)C2=C(C=CC=C2Cl)Cl)C(=O)NC3C4N(C3=O)C(C(S4)(C)C)C(=O)[O-],0,unreported_twosides_sampled,0.010874241590499878,0.01728262567827115,0.01728262567827115,fitted,platt_logistic_regression,0.4858491299419137,0,0.08726623420901872,0.7920203735144312,0.0008488964346349745,no_interaction,1,False,0.3137254901960784,0.7777777777777778,0.3137254901960784,False,False,True
CC1=NN=C2N1C3=C(C=C(C=C3)Cl)C(=NC2)C4=CC=CC=C4,CNC(=C[N+](=O)[O-])NCCSCC1=CSC(=N1)CN(C)C,1,reported_twosides,0.8645567893981934,0.8366822782615414,0.8366822782615414,fitted,platt_logistic_regression,0.4858491299419137,1,0.44513069572181296,0.04074702886247878,0.47453310696095075,interaction,1,False,0.62,0.603448275862069,0.603448275862069,False,False,False
CC(=O)N(CC(CO)O)C1=C(C(=C(C(=C1I)C(=O)NCC(CO)O)I)C(=O)NCC(CO)O)I,CNC(=O)CN(CCN(CCN(CC(=O)NC)CC(=O)[O-])CC(=O)[O-])CC(=O)[O-].O.[Gd+3],1,reported_twosides,0.21937958896160126,0.24035276960626598,0.24035276960626598,fitted,platt_logistic_regression,0.4858491299419137,0,0.5514862173621573,0.3862478777589134,0.06281833616298811,no_interaction,1,False,0.9487179487179487,0.5675675675675675,0.5675675675675675,False,False,False
CC(C)OC(=O)C(C)(C)OC1=CC=C(C=C1)C(=O)C2=CC=C(C=C2)Cl,CC1CC2C3CCC4=CC(=O)C=CC4(C3(C(CC2(C1(C(=O)CCl)O)C)O)Cl)C,1,reported_twosides,0.0645488053560257,0.08295397105429807,0.08295397105429807,fitted,platt_logistic_regression,0.4858491299419137,0,0.2859253687441847,0.5959252971137521,0.014431239388794566,no_interaction,1,False,0.3137254901960784,0.8620689655172413,0.3137254901960784,False,False,True
C1=CN(C=N1)CC(O)(P(=O)(O)O)P(=O)(O)O,CC(CCC1=CC=C(C=C1)O)NCCC2=CC(=C(C=C2)O)O,0,unreported_twosides_sampled,0.624338686466217,0.606810822506908,0.606810822506908,fitted,platt_logistic_regression,0.4858491299419137,1,0.6701532894216881,0.11799660441426146,0.2563667232597623,no_interaction|interaction,2,True,0.36585365853658536,0.38596491228070173,0.36585365853658536,False,False,True
C1=CC=C(C=C1)C2(C(=O)NC(=O)N2)C3=CC=CC=C3,CC1CC2C3CCC4=CC(=O)C=CC4(C3(C(CC2(C1(C(=O)CCl)O)C)O)Cl)C,1,reported_twosides,0.04062669351696968,0.055294257945338994,0.055294257945338994,fitted,platt_logistic_regression,0.4858491299419137,0,0.21381819170372407,0.6570458404074703,0.0050933786078098476,no_interaction,1,False,0.4,0.8620689655172413,0.4,False,False,False
CC(C1=CC=CC2=CC=CC=C21)NCCCC3=CC(=CC=C3)C(F)(F)F,CC1=CC(=C(C=C1)C)OCCCC(C)(C)C(=O)O,0,unreported_twosides_sampled,0.08087290078401566,0.10100091922425598,0.10100091922425598,fitted,platt_logistic_regression,0.4858491299419137,0,0.327276668360144,0.5636672325976231,0.022071307300509338,no_interaction,1,False,0.24285714285714285,0.26,0.24285714285714285,False,False,True
C1=CN(C=N1)CC(O)(P(=O)(O)O)P(=O)(O)O,CN1CCCC(CC1)N2C(=O)C3=CC=CC=C3C(=N2)CC4=CC=C(C=C4)Cl,0,unreported_twosides_sampled,0.9521647691726685,0.9338752263453927,0.9338752263453927,fitted,platt_logistic_regression,0.4858491299419137,1,0.24349757443641795,0.00933786078098472,0.633276740237691,interaction,1,False,0.36585365853658536,0.3,0.3,False,False,True
C1C(C(OC1N2C=NC3=C(N=C(N=C32)Cl)N)CO)O,CNCCC(C1=CC=CS1)OC2=CC=CC3=CC=CC=C32,0,unreported_twosides_sampled,0.04938800632953644,0.0656259097364624,0.0656259097364624,fitted,platt_logistic_regression,0.4858491299419137,0,0.24217466311279984,0.634974533106961,0.00933786078098472,no_interaction,1,False,0.6296296296296297,0.2647058823529412,0.2647058823529412,False,False,True
C1CNCC(C1C2=CC=C(C=C2)F)COC3=CC4=C(C=C3)OCO4,CC(C)OC(=O)C(C)(C)OC1=CC=C(C=C1)C(=O)C2=CC=C(C=C2)Cl,1,reported_twosides,0.33081361651420593,0.343625856848363,0.343625856848363,fitted,platt_logistic_regression,0.4858491299419137,0,0.6434112445242722,0.2920203735144312,0.09762308998302208,no_interaction,1,False,0.24050632911392406,0.3137254901960784,0.24050632911392406,False,False,True
C1=CN(C(=O)N=C1N)C2C(C(C(O2)CO)O)O,CC1CC2C3CCC4=CC(=O)C=CC4(C3(C(CC2(C1(C(=O)CCl)O)C)O)Cl)C,0,unreported_twosides_sampled,0.15673986077308655,0.17955791410132244,0.17955791410132244,fitted,platt_logistic_regression,0.4858491299419137,0,0.4707224684845388,0.4567062818336163,0.04584040747028863,no_interaction,1,False,0.5306122448979592,0.8620689655172413,0.5306122448979592,False,False,False
C1=CN(C=N1)CC(O)(P(=O)(O)O)P(=O)(O)O,CC(C)C1=NC(=NC(=C1CCC(CC(CC(=O)O)O)O)C2=CC=C(C=C2)F)N(C)S(=O)(=O)C,1,reported_twosides,0.11243651807308197,0.13456363913303082,0.13456363913303082,fitted,platt_logistic_regression,0.4858491299419137,0,0.39497082380937293,0.5093378607809848,0.031409168081494056,no_interaction,1,False,0.36585365853658536,0.4473684210526316,0.36585365853658536,False,False,True
C1CNCC(C1C2=CC=C(C=C2)F)COC3=CC4=C(C=C3)OCO4,CCCCC(C)(CC=CC1C(CC(=O)C1CCCCCCC(=O)OC)O)O,1,reported_twosides,0.44028428196907043,0.44200728155662156,0.44200728155662156,fitted,platt_logistic_regression,0.4858491299419137,0,0.6864057069476084,0.22835314091680814,0.14261460101867574,no_interaction|interaction,2,True,0.24050632911392406,0.3698630136986301,0.24050632911392406,False,False,True
C1=CN(C(=O)N=C1N)C2C(C(C(O2)CO)O)O,CC1=C(C(=NO1)C2=C(C=CC=C2Cl)Cl)C(=O)NC3C4N(C3=O)C(C(S4)(C)C)C(=O)[O-],0,unreported_twosides_sampled,0.1303045004606247,0.15296115415082912,0.15296115415082912,fitted,platt_logistic_regression,0.4858491299419137,0,0.4278113073606552,0.4932088285229202,0.0365025466893039,no_interaction,1,False,0.5306122448979592,0.7777777777777778,0.5306122448979592,False,False,False
C1=CN=CC=C1C(=O)NN,CCC(C)(C)C(=O)OC1CC(C=C2C1C(C(C=C2)C)CCC3CC(CC(=O)O3)O)C,1,reported_twosides,0.3716348707675934,0.3805271335278132,0.3805271335278132,fitted,platt_logistic_regression,0.4858491299419137,0,0.6643215942459507,0.267402376910017,0.11375212224108659,no_interaction|interaction,2,True,0.30303030303030304,0.7424242424242424,0.30303030303030304,False,False,True
CC(C)C1=NC(=NC(=C1CCC(CC(CC(=O)O)O)O)C2=CC=C(C=C2)F)N(C)S(=O)(=O)C,COC(=O)C(C1CCCCN1)C2=CC=CC=C2,1,reported_twosides,0.08561094105243683,0.10614093448232174,0.10614093448232174,fitted,platt_logistic_regression,0.4858491299419137,0,0.33837017714294737,0.5534804753820034,0.022071307300509338,no_interaction,1,False,0.4473684210526316,0.3225806451612903,0.3225806451612903,False,False,True
CC(C)OC(=O)C(C)(C)OC1=CC=C(C=C1)C(=O)C2=CC=C(C=C2)Cl,CC(C1=CC=CC2=CC=CC=C21)NCCCC3=CC(=CC=C3)C(F)(F)F,1,reported_twosides,0.03373045474290848,0.046955818481729285,0.046955818481729285,fitted,platt_logistic_regression,0.4858491299419137,0,0.1894523538880646,0.6791171477079796,0.0050933786078098476,no_interaction,1,False,0.3137254901960784,0.24285714285714285,0.24285714285714285,False,False,True
CCCC(C)(COC(=O)N)COC(=O)N,CNCCC(C1=CC=CS1)OC2=CC=CC3=CC=CC=C32,0,unreported_twosides_sampled,0.3467214107513428,0.3580472752469409,0.3580472752469409,fitted,platt_logistic_regression,0.4858491299419137,0,0.6522863853791263,0.28183361629881154,0.10611205432937182,no_interaction|interaction,2,True,0.6774193548387096,0.2647058823529412,0.2647058823529412,False,False,True
CC(C)[N+]1(C2CCC1CC(C2)OC(=O)C(CO)C3=CC=CC=C3)C,CCOC(=O)C1(CCN(CC1)C)C2=CC=CC=C2,1,reported_twosides,0.5329433083534241,0.5246399897287676,0.5246399897287676,fitted,platt_logistic_regression,0.4858491299419137,1,0.6919324304199189,0.16468590831918506,0.19864176570458403,no_interaction|interaction,2,True,0.6326530612244898,0.3559322033898305,0.3559322033898305,False,False,True
CC(C)OC(=O)C(C)(C)OC1=CC=C(C=C1)C(=O)C2=CC=C(C=C2)Cl,CNCC(C1=CC(=C(C=C1)O)O)O,0,unreported_twosides_sampled,0.4742795526981354,0.4723194819451061,0.4723194819451061,fitted,platt_logistic_regression,0.4858491299419137,0,0.6916139746666032,0.20458404074702885,0.15789473684210525,no_interaction|interaction,2,True,0.3137254901960784,0.475,0.3137254901960784,False,False,True
C1=CN=CC=C1C(=O)NN,CC(=O)N(CC(CO)O)C1=C(C(=C(C(=C1I)C(=O)NCC(CO)O)I)C(=O)NCC(CO)O)I,0,unreported_twosides_sampled,0.035663142800331116,0.049313298810459365,0.049313298810459365,fitted,platt_logistic_regression,0.4858491299419137,0,0.19648830814472967,0.6740237691001698,0.0050933786078098476,no_interaction,1,False,0.30303030303030304,0.9487179487179487,0.30303030303030304,False,False,True
CC1=NN=C2N1C3=C(C=C(C=C3)Cl)C(=NC2)C4=CC=CC=C4Cl,CNCCC(C1=CC=CC=C1)OC2=CC=C(C=C2)C(F)(F)F,1,reported_twosides,0.1369817852973938,0.15974419665278286,0.15974419665278286,fitted,platt_logistic_regression,0.4858491299419137,0,0.4392454555686981,0.48132427843803055,0.039898132427843805,no_interaction,1,False,0.5454545454545454,0.30612244897959184,0.30612244897959184,False,False,True
CCC(C)(C)C(=O)OC1CC(C=C2C1C(C(C=C2)C)CCC3CC(CC(=O)O3)O)C,CN1CCCC(CC1)N2C(=O)C3=CC=CC=C3C(=N2)CC4=CC=C(C=C4)Cl,1,reported_twosides,0.8413246273994446,0.8128001660689287,0.8128001660689287,fitted,platt_logistic_regression,0.4858491299419137,1,0.48213712471012515,0.0500848896434635,0.44227504244482174,interaction,1,False,0.7424242424242424,0.3,0.3,False,False,True
CCC(C)(C)C(=O)OC1CC(C=C2C1C(C(C=C2)C)CCC3CC(CC(=O)O3)O)C,CNC(=C[N+](=O)[O-])NCCSCC1=CSC(=N1)CN(C)C,1,reported_twosides,0.9940440058708191,0.9894784540029341,0.9894784540029341,fitted,platt_logistic_regression,0.4858491299419137,1,0.05838459326809187,0.0008488964346349745,0.8268251273344652,interaction,1,False,0.7424242424242424,0.603448275862069,0.603448275862069,False,False,False
CCC(C)(C)C(=O)OC1CC(C=C2C1C(C(C=C2)C)CCC3CC(CC(=O)O3)O)C,CNCCC(C1=CC=CC=C1)OC2=CC=C(C=C2)C(F)(F)F,1,reported_twosides,0.029617510735988617,0.04187923215789128,0.04187923215789128,fitted,platt_logistic_regression,0.4858491299419137,0,0.17387113975200605,0.6969439728353141,0.0050933786078098476,no_interaction,1,False,0.7424242424242424,0.30612244897959184,0.30612244897959184,False,False,True
CNC(=O)CN(CCN(CCN(CC(=O)NC)CC(=O)[O-])CC(=O)[O-])CC(=O)[O-].O.[Gd+3],CNCCC(C1=CC=CS1)OC2=CC=CC3=CC=CC=C32,0,unreported_twosides_sampled,0.2687755227088928,0.28671387838390194,0.28671387838390194,fitted,platt_logistic_regression,0.4858491299419137,0,0.5991830597887053,0.3370118845500849,0.07215619694397284,no_interaction,1,False,0.5675675675675675,0.2647058823529412,0.2647058823529412,False,False,True
C1CNCC(C1C2=CC=C(C=C2)F)COC3=CC4=C(C=C3)OCO4,COC1=C(C=C2C(=C1)C(=NC(=N2)N3CCN(CC3)C(=O)C4=CC=CO4)N)OC,0,unreported_twosides_sampled,0.9771126508712769,0.9653818274373142,0.9653818274373142,fitted,platt_logistic_regression,0.4858491299419137,1,0.15044587552411365,0.004244482173174873,0.7232597623089984,interaction,1,False,0.24050632911392406,0.5882352941176471,0.24050632911392406,False,False,True
CC1=C(C(=NO1)C2=C(C=CC=C2Cl)Cl)C(=O)NC3C4N(C3=O)C(C(S4)(C)C)C(=O)[O-],CN1CCCC(CC1)N2C(=O)C3=CC=CC=C3C(=N2)CC4=CC=C(C=C4)Cl,0,unreported_twosides_sampled,0.12550340592861176,0.1480543005368999,0.1480543005368999,fitted,platt_logistic_regression,0.4858491299419137,0,0.41931917617768893,0.4966044142614601,0.03480475382003396,no_interaction,1,False,0.7777777777777778,0.3,0.3,False,False,True
C1=NC2=C(N1)C(=S)N=CN2,CNC(=O)CN(CCN(CCN(CC(=O)NC)CC(=O)[O-])CC(=O)[O-])CC(=O)[O-].O.[Gd+3],1,reported_twosides,0.09006708115339279,0.11093931904481125,0.11093931904481125,fitted,platt_logistic_regression,0.4858491299419137,0,0.3484747148093058,0.5475382003395586,0.022920203735144314,no_interaction,1,False,0.3142857142857143,0.5675675675675675,0.3142857142857143,False,False,True
CC(C1=CC=CC2=CC=CC=C21)NCCCC3=CC(=CC=C3)C(F)(F)F,CNCC(C1=CC(=C(C=C1)O)O)O,0,unreported_twosides_sampled,0.42494115233421326,0.4283079982410095,0.4283079982410095,fitted,platt_logistic_regression,0.4858491299419137,0,0.6828321788272467,0.23599320882852293,0.1366723259762309,no_interaction|interaction,2,True,0.24285714285714285,0.475,0.24285714285714285,False,False,True
CCC(C)(C)C(=O)OC1CC(C=C2C1C(C(C=C2)C)CCC3CC(CC(=O)O3)O)C,CCCCCN=C(N)NNC=C1C=NC2=C1C=C(C=C2)CO,1,reported_twosides,0.3637436628341675,0.3734193666684622,0.3734193666684622,fitted,platt_logistic_regression,0.4858491299419137,0,0.6607504772193167,0.2707979626485569,0.11035653650254669,no_interaction|interaction,2,True,0.7424242424242424,0.25,0.25,False,False,True
CC1=CC(=C(C=C1)C)OCCCC(C)(C)C(=O)O,CCCC(C)(COC(=O)N)COC(=O)N,0,unreported_twosides_sampled,0.40301570296287537,0.4086969293588107,0.4086969293588107,fitted,platt_logistic_regression,0.4858491299419137,0,0.6763807632979949,0.2470288624787776,0.1273344651952462,no_interaction|interaction,2,True,0.26,0.6774193548387096,0.26,False,False,True
CC(C)[N+]1(C2CCC1CC(C2)OC(=O)C(CO)C3=CC=CC=C3)C,CC1=CC=CC=C1S(=O)(=O)NC(=O)C2=CC(=C(C=C2)CC3=CN(C4=C3C=C(C=C4)NC(=O)OC5CCCC5)C)OC,1,reported_twosides,0.4154651165008545,0.41983798972353625,0.41983798972353625,fitted,platt_logistic_regression,0.4858491299419137,0,0.6802396537098965,0.24023769100169778,0.1307300509337861,no_interaction|interaction,2,True,0.6326530612244898,0.2631578947368421,0.2631578947368421,False,False,True
C1CNCC(C1C2=CC=C(C=C2)F)COC3=CC4=C(C=C3)OCO4,COC(=O)C(C1CCCCN1)C2=CC=CC=C2,1,reported_twosides,0.6486294269561768,0.6289138621351648,0.6289138621351648,fitted,platt_logistic_regression,0.4858491299419137,1,0.6595312120865929,0.10865874363327674,0.27249575551782684,no_interaction|interaction,2,True,0.24050632911392406,0.3225806451612903,0.24050632911392406,False,False,True
C1=NC2=C(N1COC(CO)CO)NC(=NC2=O)N,CN1CCCC(CC1)N2C(=O)C3=CC=CC=C3C(=N2)CC4=CC=C(C=C4)Cl,0,unreported_twosides_sampled,0.40896061062812805,0.4140191183065117,0.4140191183065117,fitted,platt_logistic_regression,0.4858491299419137,0,0.6782880111015741,0.2427843803056027,0.12818336162988114,no_interaction|interaction,2,True,0.7307692307692307,0.3,0.3,False,False,True
CC1CC2C3CCC4=CC(=O)C=CC4(C3(C(CC2(C1(C(=O)CCl)O)C)O)Cl)C,CCC(C)(C)C(=O)OC1CC(C=C2C1C(C(C=C2)C)CCC3CC(CC(=O)O3)O)C,1,reported_twosides,0.14380420744419098,0.1666276363064795,0.1666276363064795,fitted,platt_logistic_regression,0.4858491299419137,0,0.4504983864404125,0.4702886247877759,0.04074702886247878,no_interaction,1,False,0.8620689655172413,0.7424242424242424,0.7424242424242424,False,False,False
CC(C)[N+]1(C2CCC1CC(C2)OC(=O)C(CO)C3=CC=CC=C3)C,COC(=O)C(C1CCCCN1)C2=CC=CC=C2,1,reported_twosides,0.4599096179008484,0.4595108040001178,0.4595108040001178,fitted,platt_logistic_regression,0.4858491299419137,0,0.6898648377416087,0.2164685908319185,0.15110356536502548,no_interaction|interaction,2,True,0.6326530612244898,0.3225806451612903,0.3225806451612903,False,False,True
CC(C)C1=NC(=NC(=C1CCC(CC(CC(=O)O)O)O)C2=CC=C(C=C2)F)N(C)S(=O)(=O)C,CCC(C)(C)C(=O)OC1CC(C=C2C1C(C(C=C2)C)CCC3CC(CC(=O)O3)O)C,1,reported_twosides,0.6029984951019287,0.5875031603564486,0.5875031603564486,fitted,platt_logistic_regression,0.4858491299419137,1,0.6777544319151106,0.1273344651952462,0.2436332767402377,no_interaction|interaction,2,True,0.4473684210526316,0.7424242424242424,0.4473684210526316,False,False,False
CC(C1=CC=CC2=CC=CC=C21)NCCCC3=CC(=CC=C3)C(F)(F)F,CNCCC(C1=CC=CS1)OC2=CC=CC3=CC=CC=C32,0,unreported_twosides_sampled,0.3891189992427826,0.39623930006491626,0.39623930006491626,fitted,platt_logistic_regression,0.4858491299419137,0,0.6714573389851572,0.2538200339558574,0.12139219015280135,no_interaction|interaction,2,True,0.24285714285714285,0.2647058823529412,0.24285714285714285,False,False,True
CCCCCN=C(N)NNC=C1C=NC2=C1C=C(C=C2)CO,CNCCC(C1=CC=CC=C1)OC2=CC=C(C=C2)C(F)(F)F,1,reported_twosides,0.0036280315835028887,0.006523054213339866,0.006523054213339866,fitted,platt_logistic_regression,0.4858491299419137,0,0.039328432735405545,0.8590831918505942,0.0008488964346349745,no_interaction,1,False,0.25,0.30612244897959184,0.25,False,False,True
C1CC(CCC1C2=CC=C(C=C2)Cl)C3=C(C4=CC=CC=C4C(=O)C3=O)O,CNCC(C1=CC(=C(C=C1)O)O)O,0,unreported_twosides_sampled,0.6419584155082703,0.6228289403473376,0.6228289403473376,fitted,platt_logistic_regression,0.4858491299419137,1,0.6626622233121404,0.11120543293718166,0.26825127334465193,no_interaction|interaction,2,True,0.2549019607843137,0.475,0.2549019607843137,False,False,True
C1C(C2C(O1)C(CO2)O[N+](=O)[O-])O,CN1CCC23C4C1CC5=C2C(=C(C=C5)O)OC3C(=O)CC4,1,reported_twosides,0.34289097785949707,0.3545799731801283,0.3545799731801283,fitted,platt_logistic_regression,0.4858491299419137,0,0.6502358123961319,0.2860780984719864,0.10526315789473684,no_interaction|interaction,2,True,0.8076923076923077,0.5333333333333333,0.5333333333333333,False,False,False
C1=CN(C=N1)CC(O)(P(=O)(O)O)P(=O)(O)O,CCCCCN=C(N)NNC=C1C=NC2=C1C=C(C=C2)CO,1,reported_twosides,0.3393940031528473,0.35141169259222055,0.35141169259222055,fitted,platt_logistic_regression,0.4858491299419137,0,0.6483161548611919,0.2869269949066214,0.10271646859083192,no_interaction|interaction,2,True,0.36585365853658536,0.25,0.25,False,False,True
CCCC(C)(COC(=O)N)COC(=O)N,CNCCC(C1=CC=CC=C1)OC2=CC=C(C=C2)C(F)(F)F,0,unreported_twosides_sampled,0.06383266299962997,0.08214891103457928,0.08214891103457928,fitted,platt_logistic_regression,0.4858491299419137,0,0.28398664025935316,0.597623089983022,0.014431239388794566,no_interaction,1,False,0.6774193548387096,0.30612244897959184,0.30612244897959184,False,False,True
C1=CN(C(=O)N=C1N)C2C(C(C(O2)CO)O)O,CNC(=O)CN(CCN(CCN(CC(=O)NC)CC(=O)[O-])CC(=O)[O-])CC(=O)[O-].O.[Gd+3],0,unreported_twosides_sampled,0.5833571553230286,0.569808794325348,0.569808794325348,fitted,platt_logistic_regression,0.4858491299419137,1,0.6833687305355678,0.13752122241086587,0.23514431239388794,no_interaction|interaction,2,True,0.5306122448979592,0.5675675675675675,0.5306122448979592,False,False,False
C1NC2=CC(=C(C=C2S(=O)(=O)N1)S(=O)(=O)N)Cl,CNCCC(C1=CC=CC=C1)OC2=CC=C(C=C2)C(F)(F)F,1,reported_twosides,0.021246811375021935,0.031249534988984834,0.031249534988984834,fitted,platt_logistic_regression,0.4858491299419137,0,0.13905920160929375,0.7359932088285229,0.004244482173174873,no_interaction,1,False,0.5454545454545454,0.30612244897959184,0.30612244897959184,False,False,True
C1CNCC(C1C2=CC=C(C=C2)F)COC3=CC4=C(C=C3)OCO4,CNCCC(C1=CC=CC=C1)OC2=CC=C(C=C2)C(F)(F)F,1,reported_twosides,0.023807425051927567,0.03454927538475769,0.03454927538475769,fitted,platt_logistic_regression,0.4858491299419137,0,0.15021650466659675,0.7232597623089984,0.004244482173174873,no_interaction,1,False,0.24050632911392406,0.30612244897959184,0.24050632911392406,False,False,True
C1C(C2C(O1)C(CO2)O[N+](=O)[O-])O,C1NC2=CC(=C(C=C2S(=O)(=O)N1)S(=O)(=O)N)Cl,1,reported_twosides,0.6754162907600403,0.6534742163120607,0.6534742163120607,fitted,platt_logistic_regression,0.4858491299419137,1,0.645269394212706,0.09932088285229201,0.2894736842105263,interaction,1,False,0.8076923076923077,0.5454545454545454,0.5454545454545454,False,False,False
CCCCCN=C(N)NNC=C1C=NC2=C1C=C(C=C2)CO,COC(=O)C(C1CCCCN1)C2=CC=CC=C2,1,reported_twosides,0.3403787910938263,0.35230419421770154,0.35230419421770154,fitted,platt_logistic_regression,0.4858491299419137,0,0.6488613685392153,0.2869269949066214,0.1035653650254669,no_interaction|interaction,2,True,0.25,0.3225806451612903,0.25,False,False,True
CC(C)C1=NC(=NC(=C1CCC(CC(CC(=O)O)O)O)C2=CC=C(C=C2)F)N(C)S(=O)(=O)C,CC1=CN(C(=O)NC1=O)C2CC(C(O2)CO)N=[N+]=[N-],1,reported_twosides,0.004321238026022911,0.007619878094841269,0.007619878094841269,fitted,platt_logistic_regression,0.4858491299419137,0,0.04475287946730942,0.8471986417657046,0.0008488964346349745,no_interaction,1,False,0.4473684210526316,0.7083333333333334,0.4473684210526316,False,False,False
CC1=CC=CC=C1S(=O)(=O)NC(=O)C2=CC(=C(C=C2)CC3=CN(C4=C3C=C(C=C4)NC(=O)OC5CCCC5)C)OC,CN1CCC23C4C1CC5=C2C(=C(C=C5)O)OC3C(=O)CC4,0,unreported_twosides_sampled,0.421138197183609,0.4249097379332902,0.4249097379332902,fitted,platt_logistic_regression,0.4858491299419137,0,0.6818273075647072,0.23769100169779286,0.133276740237691,no_interaction|interaction,2,True,0.2631578947368421,0.5333333333333333,0.2631578947368421,False,False,True
C1=NC2=C(N1)C(=S)N=CN2,CC1=NN=C2N1C3=C(C=C(C=C3)Cl)C(=NC2)C4=CC=CC=C4,1,reported_twosides,0.28555336594581604,0.3022278428021551,0.3022278428021551,fitted,platt_logistic_regression,0.4858491299419137,0,0.6127401477866291,0.32682512733446517,0.07809847198641766,no_interaction,1,False,0.3142857142857143,0.62,0.3142857142857143,False,False,True
C1=NC2=C(N1COC(CO)CO)NC(=NC2=O)N,COC1=C(C=C2C(=C1)C(=NC(=N2)N3CCN(CC3)C(=O)C4=CC=CO4)N)OC,0,unreported_twosides_sampled,0.3467651903629303,0.35808688618618567,0.35808688618618567,fitted,platt_logistic_regression,0.4858491299419137,0,0.6523095087983246,0.28183361629881154,0.10611205432937182,no_interaction|interaction,2,True,0.7307692307692307,0.5882352941176471,0.5882352941176471,False,False,False
CC1=C(C(=NO1)C2=C(C=CC=C2Cl)Cl)C(=O)NC3C4N(C3=O)C(C(S4)(C)C)C(=O)[O-],CC1CC2C3CCC4=CC(=O)C=CC4(C3(C(CC2(C1(C(=O)CCl)O)C)O)Cl)C,1,reported_twosides,0.013749619014561176,0.021272528693199778,0.021272528693199778,fitted,platt_logistic_regression,0.4858491299419137,0,0.10295108878656395,0.7707979626485568,0.001697792869269949,no_interaction,1,False,0.7777777777777778,0.8620689655172413,0.7777777777777778,False,False,False
C1=NC2=C(N1COC(CO)CO)NC(=NC2=O)N,CC(C)C1=NC(=NC(=C1CCC(CC(CC(=O)O)O)O)C2=CC=C(C=C2)F)N(C)S(=O)(=O)C,0,unreported_twosides_sampled,0.021960560232400894,0.0321740591609629,0.0321740591609629,fitted,platt_logistic_regression,0.4858491299419137,0,0.14222003547572315,0.733446519524618,0.004244482173174873,no_interaction,1,False,0.7307692307692307,0.4473684210526316,0.4473684210526316,False,False,False
C1CNCC(C1C2=CC=C(C=C2)F)COC3=CC4=C(C=C3)OCO4,CN1CCCC(CC1)N2C(=O)C3=CC=CC=C3C(=N2)CC4=CC=C(C=C4)Cl,1,reported_twosides,0.8286718130111694,0.8000155809477555,0.8000155809477555,fitted,platt_logistic_regression,0.4858491299419137,1,0.5003808229995153,0.05263157894736842,0.43208828522920206,interaction,1,False,0.24050632911392406,0.3,0.24050632911392406,False,False,True
CCCCC(C)(CC=CC1C(CC(=O)C1CCCCCCC(=O)OC)O)O,CNC(=O)CN(CCN(CCN(CC(=O)NC)CC(=O)[O-])CC(=O)[O-])CC(=O)[O-].O.[Gd+3],0,unreported_twosides_sampled,0.26326146721839905,0.28159198267230284,0.28159198267230284,fitted,platt_logistic_regression,0.4858491299419137,0,0.5944506054815518,0.34295415959252973,0.07215619694397284,no_interaction,1,False,0.3698630136986301,0.5675675675675675,0.3698630136986301,False,False,True
C1=NC2=C(N1)C(=S)N=CN2,CCC12CCC3C(C1CCC2(C#C)O)CCC4=CC(=O)CCC34,0,unreported_twosides_sampled,0.14960075914859772,0.17244069543386575,0.17244069543386575,fitted,platt_logistic_regression,0.4858491299419137,0,0.4597352168562386,0.46519524617996605,0.042444821731748725,no_interaction,1,False,0.3142857142857143,0.7169811320754716,0.3142857142857143,False,False,True
C1NC2=CC(=C(C=C2S(=O)(=O)N1)S(=O)(=O)N)Cl,CC1=NN=C2N1C3=C(C=C(C=C3)Cl)C(=NC2)C4=CC=CC=C4,1,reported_twosides,0.13068321347236633,0.15334713151420323,0.15334713151420323,fitted,platt_logistic_regression,0.4858491299419137,0,0.428471357238871,0.4923599320882852,0.0365025466893039,no_interaction,1,False,0.5454545454545454,0.62,0.5454545454545454,False,False,False
CC(C)OC(=O)C(C)(C)OC1=CC=C(C=C1)C(=O)C2=CC=C(C=C2)Cl,CNCCC(C1=CC=CS1)OC2=CC=CC3=CC=CC=C32,1,reported_twosides,0.3742971420288086,0.3829226859194848,0.3829226859194848,fitted,platt_logistic_regression,0.4858491299419137,0,0.6654768117435911,0.26570458404074704,0.11375212224108659,no_interaction|interaction,2,True,0.3137254901960784,0.2647058823529412,0.2647058823529412,False,False,True
C1=CC=C(C=C1)C2(C(=O)NC(=O)N2)C3=CC=CC=C3,CC1=CC=CC=C1S(=O)(=O)NC(=O)C2=CC(=C(C=C2)CC3=CN(C4=C3C=C(C=C4)NC(=O)OC5CCCC5)C)OC,0,unreported_twosides_sampled,0.01800316385924816,0.026997084765446874,0.026997084765446874,fitted,platt_logistic_regression,0.4858491299419137,0,0.12414352167538104,0.7487266553480475,0.0025466893039049238,no_interaction,1,False,0.4,0.2631578947368421,0.2631578947368421,False,False,True
C1CC(CCC1C2=CC=C(C=C2)Cl)C3=C(C4=CC=CC=C4C(=O)C3=O)O,COC1=CC(=CC(=C1OC)OC)CC2=CN=C(N=C2N)N,0,unreported_twosides_sampled,0.4739198088645935,0.47199886031414295,0.47199886031414295,fitted,platt_logistic_regression,0.4858491299419137,0,0.691578232207744,0.20458404074702885,0.15789473684210525,no_interaction|interaction,2,True,0.2549019607843137,0.22857142857142856,0.22857142857142856,False,False,True
C1CC(CCC1C2=CC=C(C=C2)Cl)C3=C(C4=CC=CC=C4C(=O)C3=O)O,CCC(C)(C)C(=O)OC1CC(C=C2C1C(C(C=C2)C)CCC3CC(CC(=O)O3)O)C,0,unreported_twosides_sampled,0.42503172159194946,0.4283889147953312,0.4283889147953312,fitted,platt_logistic_regression,0.4858491299419137,0,0.6828555307461709,0.23599320882852293,0.1366723259762309,no_interaction|interaction,2,True,0.2549019607843137,0.7424242424242424,0.2549019607843137,False,False,True
CCCC(C)(COC(=O)N)COC(=O)N,CN1CCC23C4C1CC5=C2C(=C(C=C5)O)OC3C(=O)CC4,1,reported_twosides,0.3403875231742859,0.35231210701784654,0.35231210701784654,fitted,platt_logistic_regression,0.4858491299419137,0,0.6488661867130276,0.2869269949066214,0.1035653650254669,no_interaction|interaction,2,True,0.6774193548387096,0.5333333333333333,0.5333333333333333,False,False,False
C1=CN=CC=C1C(=O)NN,CNCCC(C1=CC=CS1)OC2=CC=CC3=CC=CC=C32,1,reported_twosides,0.40714627504348755,0.4123952455786675,0.4123952455786675,fitted,platt_logistic_regression,0.4858491299419137,0,0.6777184815656143,0.2436332767402377,0.1273344651952462,no_interaction|interaction,2,True,0.30303030303030304,0.2647058823529412,0.2647058823529412,False,False,True
CC1CC2C3CCC4=CC(=O)C=CC4(C3(C(CC2(C1(C(=O)CCl)O)C)O)Cl)C,COC1=CC(=CC(=C1OC)OC)CC2=CN=C(N=C2N)N,1,reported_twosides,0.41017356514930725,0.4151045448917969,0.4151045448917969,fitted,platt_logistic_regression,0.4858491299419137,0,0.6786626336920298,0.24193548387096775,0.12903225806451613,no_interaction|interaction,2,True,0.8620689655172413,0.22857142857142856,0.22857142857142856,False,False,True
CC(C)[N+]1(C2CCC1CC(C2)OC(=O)C(CO)C3=CC=CC=C3)C,CNCCC(C1=CC=CC=C1)OC2=CC=C(C=C2)C(F)(F)F,1,reported_twosides,0.03324536979198456,0.04636140917401215,0.04636140917401215,fitted,platt_logistic_regression,0.4858491299419137,0,0.18765894834006236,0.6833616298811545,0.0050933786078098476,no_interaction,1,False,0.6326530612244898,0.30612244897959184,0.30612244897959184,False,False,True
C1CC2CN(C(=O)C3=CC=CC(=C23)C1)C4CN5CCC4CC5,C1NC2=CC(=C(C=C2S(=O)(=O)N1)S(=O)(=O)N)Cl,1,reported_twosides,0.5321164131164551,0.5239013216918504,0.5239013216918504,fitted,platt_logistic_regression,0.4858491299419137,1,0.6920041986670985,0.16468590831918506,0.19779286926994907,no_interaction|interaction,2,True,0.30303030303030304,0.5454545454545454,0.30303030303030304,False,False,True
CCC12CCC3C(C1CCC2(C#C)O)CCC4=CC(=O)CCC34,CCCCC(C)(CC=CC1C(CC(=O)C1CCCCCCC(=O)OC)O)O,1,reported_twosides,0.15584231913089752,0.1786656009474931,0.1786656009474931,fitted,platt_logistic_regression,0.4858491299419137,0,0.4693640305640641,0.45755517826825126,0.04584040747028863,no_interaction,1,False,0.7169811320754716,0.3698630136986301,0.3698630136986301,False,False,True
C1=NC2=C(N1)C(=S)N=CN2,CCC(C)(C)C(=O)OC1CC(C=C2C1C(C(C=C2)C)CCC3CC(CC(=O)O3)O)C,1,reported_twosides,0.676318347454071,0.6543051183091768,0.6543051183091768,fitted,platt_logistic_regression,0.4858491299419137,1,0.6447407899824054,0.09762308998302208,0.2903225806451613,interaction,1,False,0.3142857142857143,0.7424242424242424,0.3142857142857143,False,False,True
C1=CN(C=N1)CC(O)(P(=O)(O)O)P(=O)(O)O,CNC(=O)CN(CCN(CCN(CC(=O)NC)CC(=O)[O-])CC(=O)[O-])CC(=O)[O-].O.[Gd+3],0,unreported_twosides_sampled,0.21900981664657593,0.24000122001498025,0.24000122001498025,fitted,platt_logistic_regression,0.4858491299419137,0,0.5510813343691623,0.3862478777589134,0.06281833616298811,no_interaction,1,False,0.36585365853658536,0.5675675675675675,0.36585365853658536,False,False,True
CC(C)(C)NCC(COC1=NSN=C1N2CCOCC2)O,CCCCCN=C(N)NNC=C1C=NC2=C1C=C(C=C2)CO,1,reported_twosides,0.15108655393123627,0.1739256986924025,0.1739256986924025,fitted,platt_logistic_regression,0.4858491299419137,0,0.46205662756289306,0.4609507640067912,0.042444821731748725,no_interaction,1,False,0.4,0.25,0.25,False,False,True
C1=CN(C=N1)CC(O)(P(=O)(O)O)P(=O)(O)O,CC1CC2C3CCC4=CC(=O)C=CC4(C3(C(CC2(C1(C(=O)CCl)O)C)O)Cl)C,1,reported_twosides,0.2425670474767685,0.26225614933434604,0.26225614933434604,fitted,platt_logistic_regression,0.4858491299419137,0,0.5754035748863455,0.3692699490662139,0.06791171477079797,no_interaction,1,False,0.36585365853658536,0.8620689655172413,0.36585365853658536,False,False,True
CC1=CC(=C(C=C1)C)OCCCC(C)(C)C(=O)O,CCP(CC)CC.CC(=O)OCC1C(C(C(C(O1)[S-])OC(=O)C)OC(=O)C)OC(=O)C.[Au+],0,unreported_twosides_sampled,0.31855079531669617,0.33246704602673827,0.33246704602673827,fitted,platt_logistic_regression,0.4858491299419137,0,0.6359120144370726,0.299660441426146,0.09507640067911714,no_interaction,1,False,0.26,0.22950819672131148,0.22950819672131148,False,False,True
CNCCC(C1=CC=CS1)OC2=CC=CC3=CC=CC=C32,COC1=CC(=CC(=C1OC)OC)CC2=CN=C(N=C2N)N,1,reported_twosides,0.36317941546440125,0.3729107135031535,0.3729107135031535,fitted,platt_logistic_regression,0.4858491299419137,0,0.6604866578737529,0.27164685908319186,0.11035653650254669,no_interaction|interaction,2,True,0.2647058823529412,0.22857142857142856,0.22857142857142856,False,False,True
CC1=CC=CC=C1OC(CCNC)C2=CC=CC=C2,CCCCCN=C(N)NNC=C1C=NC2=C1C=C(C=C2)CO,1,reported_twosides,0.045037124305963516,0.060528465895132395,0.060528465895132395,fitted,platt_logistic_regression,0.4858491299419137,0,0.22841914599493862,0.6451612903225806,0.007640067911714771,no_interaction,1,False,0.30612244897959184,0.25,0.25,False,False,True
CN(C)CCC(C1=CC=C(C=C1)Cl)C2=CC=CC=N2,COC1=CC(=CC(=C1OC)OC)CC2=CN=C(N=C2N)N,0,unreported_twosides_sampled,0.70351243019104,0.6794860722840763,0.6794860722840763,fitted,platt_logistic_regression,0.4858491299419137,1,0.6272562350676758,0.08913412563667232,0.3089983022071307,interaction,1,False,0.28846153846153844,0.22857142857142856,0.22857142857142856,False,False,True
C1=CC=C(C=C1)C2(C(=O)NC(=O)N2)C3=CC=CC=C3,CCCCCN=C(N)NNC=C1C=NC2=C1C=C(C=C2)CO,1,reported_twosides,0.031860534101724625,0.04465825682531806,0.04465825682531806,fitted,platt_logistic_regression,0.4858491299419137,0,0.18247573260556027,0.6884550084889643,0.0050933786078098476,no_interaction,1,False,0.4,0.25,0.25,False,False,True
C1CNCC(C1C2=CC=C(C=C2)F)COC3=CC4=C(C=C3)OCO4,COC1=CC(=CC(=C1OC)OC)CC2=CN=C(N=C2N)N,1,reported_twosides,0.533875048160553,0.5254723803166509,0.5254723803166509,fitted,platt_logistic_regression,0.4858491299419137,1,0.6918489343302037,0.16383701188455008,0.200339558573854,no_interaction|interaction,2,True,0.24050632911392406,0.22857142857142856,0.22857142857142856,False,False,True
C1C(C2C(O1)C(CO2)O[N+](=O)[O-])O,CN1CCCC(CC1)N2C(=O)C3=CC=CC=C3C(=N2)CC4=CC=C(C=C4)Cl,0,unreported_twosides_sampled,0.8586102724075317,0.8305150720048562,0.8305150720048562,fitted,platt_logistic_regression,0.4858491299419137,1,0.4550685599470162,0.042444821731748725,0.466893039049236,interaction,1,False,0.8076923076923077,0.3,0.3,False,False,True
CC(C)[N+]1(C2CCC1CC(C2)OC(=O)C(CO)C3=CC=CC=C3)C,CCC12CCC3C(C1CCC2(C#C)O)CCC4=CC(=O)CCC34,1,reported_twosides,0.06866700947284698,0.08756036965491874,0.08756036965491874,fitted,platt_logistic_regression,0.4858491299419137,0,0.2968567733974115,0.5899830220713073,0.015280135823429542,no_interaction,1,False,0.6326530612244898,0.7169811320754716,0.6326530612244898,False,False,False
CN1CCC23C4C1CC5=C2C(=C(C=C5)O)OC3C(=O)CC4,COC(=O)C(C1CCCCN1)C2=CC=CC=C2,1,reported_twosides,0.4303407073020935,0.4331309519076541,0.4331309519076541,fitted,platt_logistic_regression,0.4858491299419137,0,0.6841773900800434,0.23429541595925296,0.1400679117147708,no_interaction|interaction,2,True,0.5333333333333333,0.3225806451612903,0.3225806451612903,False,False,True
CC1=CC=CC=C1OC(CCNC)C2=CC=CC=C2,COC1=C(C=C2C(=C1)C(=NC(=N2)N3CCN(CC3)C(=O)C4=CC=CO4)N)OC,0,unreported_twosides_sampled,0.2514236867427826,0.2705541182698168,0.2705541182698168,fitted,platt_logistic_regression,0.4858491299419137,0,0.5838092000925423,0.3565365025466893,0.06876061120543293,no_interaction,1,False,0.30612244897959184,0.5882352941176471,0.30612244897959184,False,False,True
CCOC(=O)C1(CCN(CC1)C)C2=CC=CC=C2,CN1CCC23C4C1CC5=C2C(=C(C=C5)O)OC3C(=O)CC4,1,reported_twosides,0.5120965838432312,0.506031749262051,0.506031749262051,fitted,platt_logistic_regression,0.4858491299419137,1,0.6930744147966555,0.17402376910016978,0.18251273344651953,no_interaction|interaction,2,True,0.3559322033898305,0.5333333333333333,0.3559322033898305,False,False,True
CC(C)OC(=O)C(C)(C)OC1=CC=C(C=C1)C(=O)C2=CC=C(C=C2)Cl,CCCCC(C)(CC=CC1C(CC(=O)C1CCCCCCC(=O)OC)O)O,1,reported_twosides,0.5253239274024963,0.517835503523448,0.517835503523448,fitted,platt_logistic_regression,0.4858491299419137,1,0.6925108351981455,0.16808149405772496,0.19185059422750425,no_interaction|interaction,2,True,0.3137254901960784,0.3698630136986301,0.3137254901960784,False,False,True
C1=NC2=C(N1)C(=S)N=CN2,CC1CC2C3CCC4=CC(=O)C=CC4(C3(C(CC2(C1(C(=O)CCl)O)C)O)Cl)C,0,unreported_twosides_sampled,0.06993728131055832,0.08897352886284134,0.08897352886284134,fitted,platt_logistic_regression,0.4858491299419137,0,0.30015648895983515,0.5874363327674024,0.016129032258064516,no_interaction,1,False,0.3142857142857143,0.8620689655172413,0.3142857142857143,False,False,True
CC(=O)N(CC(CO)O)C1=C(C(=C(C(=C1I)C(=O)NCC(CO)O)I)C(=O)NCC(CO)O)I,CCC(C)(C)C(=O)OC1CC(C=C2C1C(C(C=C2)C)CCC3CC(CC(=O)O3)O)C,0,unreported_twosides_sampled,0.00863595586270094,0.014089707781979535,0.014089707781979535,fitted,platt_logistic_regression,0.4858491299419137,0,0.07404469049177025,0.8064516129032258,0.0008488964346349745,no_interaction,1,False,0.9487179487179487,0.7424242424242424,0.7424242424242424,False,False,False
CC1=CN(C(=O)NC1=O)C2CC(C(O2)CO)N=[N+]=[N-],CC1=NN=C2N1C3=C(C=C(C=C3)Cl)C(=NC2)C4=CC=CC=C4Cl,0,unreported_twosides_sampled,0.24399720132350922,0.2635985000381661,0.2635985000381661,fitted,platt_logistic_regression,0.4858491299419137,0,0.5767872831238369,0.367572156196944,0.06876061120543293,no_interaction,1,False,0.7083333333333334,0.5454545454545454,0.5454545454545454,False,False,False
CC(C1=CC=CC2=CC=CC=C21)NCCCC3=CC(=CC=C3)C(F)(F)F,CCCCCN=C(N)NNC=C1C=NC2=C1C=C(C=C2)CO,0,unreported_twosides_sampled,0.05320918560028076,0.07005347366714118,0.07005347366714118,fitted,platt_logistic_regression,0.4858491299419137,0,0.25377724472999313,0.6256366723259762,0.010186757215619695,no_interaction,1,False,0.24285714285714285,0.25,0.24285714285714285,False,False,True
C1C(C2C(O1)C(CO2)O[N+](=O)[O-])O,CCC(C)(C)C(=O)OC1CC(C=C2C1C(C(C=C2)C)CCC3CC(CC(=O)O3)O)C,1,reported_twosides,0.9865236878395081,0.9783092562573812,0.9783092562573812,fitted,platt_logistic_regression,0.4858491299419137,1,0.1045481922131398,0.001697792869269949,0.7699490662139219,interaction,1,False,0.8076923076923077,0.7424242424242424,0.7424242424242424,False,False,False
C1=NC2=C(N1)C(=S)N=CN2,CN1CCC23C4C1CC5=C2C(=C(C=C5)O)OC3C(=O)CC4,1,reported_twosides,0.4399620294570923,0.4417197143974275,0.4417197143974275,fitted,platt_logistic_regression,0.4858491299419137,0,0.6863385305230318,0.22920203735144312,0.14261460101867574,no_interaction|interaction,2,True,0.3142857142857143,0.5333333333333333,0.3142857142857143,False,False,True
CC(C)(C)NCC(COC1=NSN=C1N2CCOCC2)O,CN1CCCC(CC1)N2C(=O)C3=CC=CC=C3C(=N2)CC4=CC=C(C=C4)Cl,0,unreported_twosides_sampled,0.541982889175415,0.5327187695237735,0.5327187695237735,fitted,platt_logistic_regression,0.4858491299419137,1,0.6910046141670314,0.15534804753820033,0.21052631578947367,no_interaction|interaction,2,True,0.4,0.3,0.3,False,False,True
CC1=NN=C2N1C3=C(C=C(C=C3)Cl)C(=NC2)C4=CC=CC=C4,CC1=NN=C2N1C3=C(C=C(C=C3)Cl)C(=NC2)C4=CC=CC=C4Cl,1,reported_twosides,0.9937363862991333,0.9889975676141375,0.9889975676141375,fitted,platt_logistic_regression,0.4858491299419137,1,0.06055867954981847,0.0008488964346349745,0.8251273344651953,interaction,1,False,0.62,0.5454545454545454,0.5454545454545454,False,False,False
C1=CN=CC=C1C(=O)NN,CNC(=C[N+](=O)[O-])NCCSCC1=CSC(=N1)CN(C)C,0,unreported_twosides_sampled,0.9419637322425842,0.9217120845279925,0.9217120845279925,fitted,platt_logistic_regression,0.4858491299419137,1,0.27456782280675746,0.013582342954159592,0.6078098471986417,interaction,1,False,0.30303030303030304,0.603448275862069,0.30303030303030304,False,False,True
C1=CN=CC=C1C(=O)NN,CN1CCC23C4C1CC5=C2C(=C(C=C5)O)OC3C(=O)CC4,1,reported_twosides,0.5788299441337585,0.5657393424214133,0.5657393424214133,fitted,platt_logistic_regression,0.4858491299419137,1,0.6844787821327825,0.1400679117147708,0.23259762308998302,no_interaction|interaction,2,True,0.30303030303030304,0.5333333333333333,0.30303030303030304,False,False,True
CCCCC(C)(CC=CC1C(CC(=O)C1CCCCCCC(=O)OC)O)O,COC(=O)C(C1CCCCN1)C2=CC=CC=C2,0,unreported_twosides_sampled,0.49893227219581604,0.49429258346706356,0.49429258346706356,fitted,platt_logistic_regression,0.4858491299419137,1,0.6930820299381042,0.18251273344651953,0.17487266553480477,no_interaction|interaction,2,True,0.3698630136986301,0.3225806451612903,0.3225806451612903,False,False,True
CC(C)[N+]1(C2CCC1CC(C2)OC(=O)C(CO)C3=CC=CC=C3)C,CC1=CC=CC=C1OC(CCNC)C2=CC=CC=C2,0,unreported_twosides_sampled,0.20301450788974762,0.22471994914038096,0.22471994914038096,fitted,platt_logistic_regression,0.4858491299419137,0,0.5328172593496183,0.4032258064516129,0.05602716468590832,no_interaction,1,False,0.6326530612244898,0.30612244897959184,0.30612244897959184,False,False,True
C1CNCC(C1C2=CC=C(C=C2)F)COC3=CC4=C(C=C3)OCO4,CC1=CC(=C(C=C1)C)OCCCC(C)(C)C(=O)O,1,reported_twosides,0.3821924328804016,0.39002028969537,0.39002028969537,fitted,platt_logistic_regression,0.4858491299419137,0,0.668757161815234,0.25806451612903225,0.11629881154499151,no_interaction|interaction,2,True,0.24050632911392406,0.26,0.24050632911392406,False,False,True
C1=NC2=C(N1COC(CO)CO)NC(=NC2=O)N,CC1=CN(C(=O)NC1=O)C2CC(C(O2)CO)N=[N+]=[N-],1,reported_twosides,0.799207329750061,0.7707618934663057,0.7707618934663057,fitted,platt_logistic_regression,0.4858491299419137,1,0.538354096959763,0.056876061120543296,0.39728353140916806,interaction,1,False,0.7307692307692307,0.7083333333333334,0.7083333333333334,False,False,False
CC1=CC=CC=C1S(=O)(=O)NC(=O)C2=CC(=C(C=C2)CC3=CN(C4=C3C=C(C=C4)NC(=O)OC5CCCC5)C)OC,CCCCCN=C(N)NNC=C1C=NC2=C1C=C(C=C2)CO,1,reported_twosides,0.04763002321124077,0.06357376196837983,0.06357376196837983,fitted,platt_logistic_regression,0.4858491299419137,0,0.23668967352593756,0.6409168081494058,0.00933786078098472,no_interaction,1,False,0.2631578947368421,0.25,0.25,False,False,True
C1=CN=CC=C1C(=O)NN,CC(C)(C)NCC(COC1=NSN=C1N2CCOCC2)O,0,unreported_twosides_sampled,0.4012707769870758,0.40713401838557384,0.40713401838557384,fitted,platt_logistic_regression,0.4858491299419137,0,0.6757984386960884,0.24787775891341257,0.1273344651952462,no_interaction|interaction,2,True,0.30303030303030304,0.4,0.30303030303030304,False,False,True
CC(C)C1=NC(=NC(=C1CCC(CC(CC(=O)O)O)O)C2=CC=C(C=C2)F)N(C)S(=O)(=O)C,CC1=NN=C2N1C3=C(C=C(C=C3)Cl)C(=NC2)C4=CC=CC=C4Cl,1,reported_twosides,0.16872353851795197,0.19140690907139515,0.19140690907139515,fitted,platt_logistic_regression,0.4858491299419137,0,0.488256578455984,0.4405772495755518,0.0500848896434635,no_interaction,1,False,0.4473684210526316,0.5454545454545454,0.4473684210526316,False,False,False
CC1=CC=CC=C1S(=O)(=O)NC(=O)C2=CC(=C(C=C2)CC3=CN(C4=C3C=C(C=C4)NC(=O)OC5CCCC5)C)OC,COC(=O)C(C1CCCCN1)C2=CC=CC=C2,0,unreported_twosides_sampled,0.2858622670173645,0.3025125290881056,0.3025125290881056,fitted,platt_logistic_regression,0.4858491299419137,0,0.6129781559388452,0.32682512733446517,0.07894736842105263,no_interaction,1,False,0.2631578947368421,0.3225806451612903,0.2631578947368421,False,False,True
CC1CC2C3CCC4=CC(=O)C=CC4(C3(C(CC2(C1(C(=O)CCl)O)C)O)Cl)C,CCC12CCC3C(C1CCC2(C#C)O)CCC4=CC(=O)CCC34,1,reported_twosides,0.04427409544587135,0.05962793788721848,0.05962793788721848,fitted,platt_logistic_regression,0.4858491299419137,0,0.2259425508582344,0.6468590831918506,0.007640067911714771,no_interaction,1,False,0.8620689655172413,0.7169811320754716,0.7169811320754716,False,False,False
CCCC(C)(COC(=O)N)COC(=O)N,COC1=CC(=CC(=C1OC)OC)CC2=CN=C(N=C2N)N,0,unreported_twosides_sampled,0.7585784196853638,0.7314118620229688,0.7314118620229688,fitted,platt_logistic_regression,0.4858491299419137,1,0.5818495080075852,0.06876061120543293,0.3633276740237691,interaction,1,False,0.6774193548387096,0.22857142857142856,0.22857142857142856,False,False,True
CC(C)(C)NCC(COC1=NSN=C1N2CCOCC2)O,C[N+]1(CCC2=CC(=C(C=C2C1CC3=CC(=C(C=C3)OC)OC)OC)OC)CCC(=O)OCCCCCOC(=O)CC[N+]4(CCC5=CC(=C(C=C5C4CC6=CC(=C(C=C6)OC)OC)OC)OC)C.C1=CC=C(C=C1)S(=O)(=O)[O-].C1=CC=C(C=C1)S(=O)(=O)[O-],0,unreported_twosides_sampled,0.39279523491859436,0.3995372667008469,0.3995372667008469,fitted,platt_logistic_regression,0.4858491299419137,0,0.6728235986569526,0.25042444821731746,0.1230899830220713,no_interaction|interaction,2,True,0.4,0.25,0.25,False,False,True
C1=CC=C(C=C1)C2(C(=O)NC(=O)N2)C3=CC=CC=C3,C1=CN=CC=C1C(=O)NN,1,reported_twosides,0.15518835186958313,0.17801500135296675,0.17801500135296675,fitted,platt_logistic_regression,0.4858491299419137,0,0.46837015294761264,0.45755517826825126,0.04499151103565365,no_interaction,1,False,0.4,0.30303030303030304,0.30303030303030304,False,False,True
CC1=CC=CC=C1S(=O)(=O)NC(=O)C2=CC(=C(C=C2)CC3=CN(C4=C3C=C(C=C4)NC(=O)OC5CCCC5)C)OC,CC1=CN(C(=O)NC1=O)C2CC(C(O2)CO)N=[N+]=[N-],0,unreported_twosides_sampled,0.13347364962100983,0.15618634975239626,0.15618634975239626,fitted,platt_logistic_regression,0.4858491299419137,0,0.43329151821295664,0.48896434634974534,0.038200339558573854,no_interaction,1,False,0.2631578947368421,0.7083333333333334,0.2631578947368421,False,False,True
C1=CN(C=N1)CC(O)(P(=O)(O)O)P(=O)(O)O,CCP(CC)CC.CC(=O)OCC1C(C(C(C(O1)[S-])OC(=O)C)OC(=O)C)OC(=O)C.[Au+],0,unreported_twosides_sampled,0.9344884753227234,0.9129905242131418,0.9129905242131418,fitted,platt_logistic_regression,0.4858491299419137,1,0.2955636890536023,0.015280135823429542,0.5908319185059423,interaction,1,False,0.36585365853658536,0.22950819672131148,0.22950819672131148,False,False,True
CC(C)[N+]1(C2CCC1CC(C2)OC(=O)C(CO)C3=CC=CC=C3)C,CN1CCC23C4C1CC5=C2C(=C(C=C5)O)OC3C(=O)CC4,1,reported_twosides,0.4367769956588745,0.4388771640614784,0.4388771640614784,fitted,platt_logistic_regression,0.4858491299419137,0,0.6856564559978306,0.23174872665534804,0.14176570458404075,no_interaction|interaction,2,True,0.6326530612244898,0.5333333333333333,0.5333333333333333,False,False,False
CCP(CC)CC.CC(=O)OCC1C(C(C(C(O1)[S-])OC(=O)C)OC(=O)C)OC(=O)C.[Au+],COC(=O)C(C1CCCCN1)C2=CC=CC=C2,0,unreported_twosides_sampled,0.3837151825428009,0.3913880876282805,0.3913880876282805,fitted,platt_logistic_regression,0.4858491299419137,0,0.6693649475599199,0.25806451612903225,0.11714770797962648,no_interaction|interaction,2,True,0.22950819672131148,0.3225806451612903,0.22950819672131148,False,False,True
C1=CC=C(C=C1)C2(C(=O)NC(=O)N2)C3=CC=CC=C3,CCCCC(C)(CC=CC1C(CC(=O)C1CCCCCCC(=O)OC)O)O,1,reported_twosides,0.2825603187084198,0.29946770844621506,0.29946770844621506,fitted,platt_logistic_regression,0.4858491299419137,0,0.6104126177265381,0.32767402376910015,0.07724957555178268,no_interaction,1,False,0.4,0.3698630136986301,0.3698630136986301,False,False,True
C1=NC2=C(N1)C(=S)N=CN2,CC1=NN=C2N1C3=C(C=C(C=C3)Cl)C(=NC2)C4=CC=CC=C4Cl,0,unreported_twosides_sampled,0.9322220087051392,0.9103746453699634,0.9103746453699634,fitted,platt_logistic_regression,0.4858491299419137,1,0.30167017251633726,0.016129032258064516,0.5865874363327674,interaction,1,False,0.3142857142857143,0.5454545454545454,0.3142857142857143,False,False,True
CC1=CC=CC=C1OC(CCNC)C2=CC=CC=C2,CCOC(=O)C1(CCN(CC1)C)C2=CC=CC=C2,0,unreported_twosides_sampled,0.40690600872039795,0.41218017482383024,0.41218017482383024,fitted,platt_logistic_regression,0.4858491299419137,0,0.677642235520497,0.2436332767402377,0.1273344651952462,no_interaction|interaction,2,True,0.30612244897959184,0.3559322033898305,0.30612244897959184,False,False,True
C1=CN=CC=C1C(=O)NN,CCOC(=O)C1(CCN(CC1)C)C2=CC=CC=C2,0,unreported_twosides_sampled,0.4930778443813324,0.4890737412930097,0.4890737412930097,fitted,platt_logistic_regression,0.4858491299419137,1,0.6929083952945416,0.1867572156196944,0.17062818336162988,no_interaction|interaction,2,True,0.30303030303030304,0.3559322033898305,0.30303030303030304,False,False,True
C1=CN=CC=C1C(=O)NN,CN1CCCC(CC1)N2C(=O)C3=CC=CC=C3C(=N2)CC4=CC=C(C=C4)Cl,0,unreported_twosides_sampled,0.5408610701560974,0.5317157993675911,0.5317157993675911,fitted,platt_logistic_regression,0.4858491299419137,1,0.6911340454335068,0.15534804753820033,0.21052631578947367,no_interaction|interaction,2,True,0.30303030303030304,0.3,0.3,False,False,True
CC(CCC1=CC=C(C=C1)O)NCCC2=CC(=C(C=C2)O)O,CCCCC(C)(CC=CC1C(CC(=O)C1CCCCCCC(=O)OC)O)O,0,unreported_twosides_sampled,0.1526005119085312,0.17543679273759621,0.17543679273759621,fitted,platt_logistic_regression,0.4858491299419137,0,0.4644030692033317,0.4601018675721562,0.0432937181663837,no_interaction,1,False,0.38596491228070173,0.3698630136986301,0.3698630136986301,False,False,True
C1=NC2=C(N1)C(=S)N=CN2,CC(C)OC(=O)C(C)(C)OC1=CC=C(C=C1)C(=O)C2=CC=C(C=C2)Cl,1,reported_twosides,0.3549443781375885,0.365480253103905,0.365480253103905,fitted,platt_logistic_regression,0.4858491299419137,0,0.6565063025826549,0.2767402376910017,0.10780984719864177,no_interaction|interaction,2,True,0.3142857142857143,0.3137254901960784,0.3137254901960784,False,False,True
CC(C)C1=NC(=NC(=C1CCC(CC(CC(=O)O)O)O)C2=CC=C(C=C2)F)N(C)S(=O)(=O)C,CC(C)[N+]1(C2CCC1CC(C2)OC(=O)C(CO)C3=CC=CC=C3)C,1,reported_twosides,0.012119479477405548,0.019024321463551236,0.019024321463551236,fitted,platt_logistic_regression,0.4858491299419137,0,0.09421726678150509,0.7835314091680815,0.0008488964346349745,no_interaction,1,False,0.4473684210526316,0.6326530612244898,0.4473684210526316,False,False,False
CC(C)[N+]1(C2CCC1CC(C2)OC(=O)C(CO)C3=CC=CC=C3)C,CNCCC(C1=CC=CS1)OC2=CC=CC3=CC=CC=C32,1,reported_twosides,0.2682514488697052,0.2862275906920101,0.2862275906920101,fitted,platt_logistic_regression,0.4858491299419137,0,0.5987392798797548,0.3395585738539898,0.07215619694397284,no_interaction,1,False,0.6326530612244898,0.2647058823529412,0.2647058823529412,False,False,True
CC1=CC=CC=C1OC(CCNC)C2=CC=CC=C2,CNCC(C1=CC(=C(C=C1)O)O)O,0,unreported_twosides_sampled,0.38773369789123535,0.39499605863659876,0.39499605863659876,fitted,platt_logistic_regression,0.4858491299419137,0,0.6709305043335456,0.2546689303904924,0.12054329371816638,no_interaction|interaction,2,True,0.30612244897959184,0.475,0.30612244897959184,False,False,True
C1=NC2=C(N1COC(CO)CO)NC(=NC2=O)N,CNC(=O)CN(CCN(CCN(CC(=O)NC)CC(=O)[O-])CC(=O)[O-])CC(=O)[O-].O.[Gd+3],0,unreported_twosides_sampled,0.60142582654953,0.5860838745557251,0.5860838745557251,fitted,platt_logistic_regression,0.4858491299419137,1,0.6782522120927937,0.12818336162988114,0.2427843803056027,no_interaction|interaction,2,True,0.7307692307692307,0.5675675675675675,0.5675675675675675,False,False,False
CC(C)C1=NC(=NC(=C1CCC(CC(CC(=O)O)O)O)C2=CC=C(C=C2)F)N(C)S(=O)(=O)C,COC1=C(C=C2C(=C1)C(=NC(=N2)N3CCN(CC3)C(=O)C4=CC=CO4)N)OC,0,unreported_twosides_sampled,0.7536494135856628,0.7267041724046808,0.7267041724046808,fitted,platt_logistic_regression,0.4858491299419137,1,0.5865094590324641,0.06876061120543293,0.3548387096774194,interaction,1,False,0.4473684210526316,0.5882352941176471,0.4473684210526316,False,False,False
CNCCC(C1=CC=CC=C1)OC2=CC=C(C=C2)C(F)(F)F,COC1=C(C=C2C(=C1)C(=NC(=N2)N3CCN(CC3)C(=O)C4=CC=CO4)N)OC,0,unreported_twosides_sampled,0.019446961581707,0.02890068199008862,0.02890068199008862,fitted,platt_logistic_regression,0.4858491299419137,0,0.1308998152821523,0.7427843803056027,0.003395585738539898,no_interaction,1,False,0.30612244897959184,0.5882352941176471,0.30612244897959184,False,False,True
C1NC2=CC(=C(C=C2S(=O)(=O)N1)S(=O)(=O)N)Cl,CC1=NN=C2N1C3=C(C=C(C=C3)Cl)C(=NC2)C4=CC=CC=C4Cl,1,reported_twosides,0.8582695126533508,0.8301628501872683,0.8301628501872683,fitted,platt_logistic_regression,0.4858491299419137,1,0.4556278993300928,0.042444821731748725,0.466893039049236,interaction,1,False,0.5454545454545454,0.5454545454545454,0.5454545454545454,False,False,False
C1C(C2C(O1)C(CO2)O[N+](=O)[O-])O,CC1CC2C3CCC4=CC(=O)C=CC4(C3(C(CC2(C1(C(=O)CCl)O)C)O)Cl)C,1,reported_twosides,0.04446945711970329,0.05985869795535613,0.05985869795535613,fitted,platt_logistic_regression,0.4858491299419137,0,0.2265785477988049,0.6468590831918506,0.007640067911714771,no_interaction,1,False,0.8076923076923077,0.8620689655172413,0.8076923076923077,False,False,False
C1=CN=CC=C1C(=O)NN,CCC12CCC3C(C1CCC2(C#C)O)CCC4=CC(=O)CCC34,0,unreported_twosides_sampled,0.119998998939991,0.14239641615658563,0.14239641615658563,fitted,platt_logistic_regression,0.4858491299419137,0,0.4092899393167032,0.5008488964346349,0.03395585738539898,no_interaction,1,False,0.30303030303030304,0.7169811320754716,0.30303030303030304,False,False,True
C1=CC=C(C=C1)C2(C(=O)NC(=O)N2)C3=CC=CC=C3,COC(=O)C(C1CCCCN1)C2=CC=CC=C2,1,reported_twosides,0.5345661044120789,0.5260897957468167,0.5260897957468167,fitted,platt_logistic_regression,0.4858491299419137,1,0.6917852072395725,0.16129032258064516,0.20203735144312393,no_interaction|interaction,2,True,0.4,0.3225806451612903,0.3225806451612903,False,False,True
C1NC2=CC(=C(C=C2S(=O)(=O)N1)S(=O)(=O)N)Cl,CC(C)OC(=O)C(C)(C)OC1=CC=C(C=C1)C(=O)C2=CC=C(C=C2)Cl,1,reported_twosides,0.30958354473114014,0.3242816793185763,0.3242816793185763,fitted,platt_logistic_regression,0.4858491299419137,0,0.6300548402895756,0.3073005093378608,0.09168081494057725,no_interaction,1,False,0.5454545454545454,0.3137254901960784,0.3137254901960784,False,False,True
CC(C)(C)NCC(COC1=NSN=C1N2CCOCC2)O,CC(C)[N+]1(C2CCC1CC(C2)OC(=O)C(CO)C3=CC=CC=C3)C,1,reported_twosides,0.5685465335845947,0.5565068346310325,0.5565068346310325,fitted,platt_logistic_regression,0.4858491299419137,1,0.6867474720564178,0.1434634974533107,0.22580645161290322,no_interaction|interaction,2,True,0.4,0.6326530612244898,0.4,False,False,False
CCCCCN=C(N)NNC=C1C=NC2=C1C=C(C=C2)CO,CCOC(=O)C1(CCN(CC1)C)C2=CC=CC=C2,1,reported_twosides,0.287391722202301,0.303921608537208,0.303921608537208,fitted,platt_logistic_regression,0.4858491299419137,0,0.6141505462692207,0.32597623089983024,0.07894736842105263,no_interaction,1,False,0.25,0.3559322033898305,0.25,False,False,True
CCC(C)(C)C(=O)OC1CC(C=C2C1C(C(C=C2)C)CCC3CC(CC(=O)O3)O)C,CCCCC(C)(CC=CC1C(CC(=O)C1CCCCCCC(=O)OC)O)O,1,reported_twosides,0.6743378639221191,0.6524812023192207,0.6524812023192207,fitted,platt_logistic_regression,0.4858491299419137,1,0.645897132200324,0.100169779286927,0.28862478777589134,no_interaction|interaction,2,True,0.7424242424242424,0.3698630136986301,0.3698630136986301,False,False,True
CC(C)(C)NCC(COC1=NSN=C1N2CCOCC2)O,CC(C)C1=NC(=NC(=C1CCC(CC(CC(=O)O)O)O)C2=CC=C(C=C2)F)N(C)S(=O)(=O)C,1,reported_twosides,0.027110818773508072,0.03874146831099974,0.03874146831099974,fitted,platt_logistic_regression,0.4858491299419137,0,0.16392363194100396,0.700339558573854,0.004244482173174873,no_interaction,1,False,0.4,0.4473684210526316,0.4,False,False,False
C1=CC=C(C=C1)C2(C(=O)NC(=O)N2)C3=CC=CC=C3,CC1=NN=C2N1C3=C(C=C(C=C3)Cl)C(=NC2)C4=CC=CC=C4Cl,0,unreported_twosides_sampled,0.994242250919342,0.9897898812683104,0.9897898812683104,fitted,platt_logistic_regression,0.4858491299419137,1,0.05696484061693197,0.0008488964346349745,0.8293718166383701,interaction,1,False,0.4,0.5454545454545454,0.4,False,False,False
C1CC(CCC1C2=CC=C(C=C2)Cl)C3=C(C4=CC=CC=C4C(=O)C3=O)O,CC1=NN=C2N1C3=C(C=C(C=C3)Cl)C(=NC2)C4=CC=CC=C4,1,reported_twosides,0.5027680397033691,0.4977124357788312,0.4977124357788312,fitted,platt_logistic_regression,0.4858491299419137,1,0.6931367146233014,0.1808149405772496,0.1799660441426146,no_interaction|interaction,2,True,0.2549019607843137,0.62,0.2549019607843137,False,False,True
C1=NC2=C(N1)C(=S)N=CN2,C1NC2=CC(=C(C=C2S(=O)(=O)N1)S(=O)(=O)N)Cl,1,reported_twosides,0.38833537697792053,0.3955360696910954,0.3955360696910954,fitted,platt_logistic_regression,0.4858491299419137,0,0.6711601329707562,0.2538200339558574,0.12054329371816638,no_interaction|interaction,2,True,0.3142857142857143,0.5454545454545454,0.3142857142857143,False,False,True
CC(C1=CC=CC2=CC=CC=C21)NCCCC3=CC(=CC=C3)C(F)(F)F,CCC12CCC3C(C1CCC2(C#C)O)CCC4=CC(=O)CCC34,0,unreported_twosides_sampled,0.009334364905953407,0.01509543454876054,0.01509543454876054,fitted,platt_logistic_regression,0.4858491299419137,0,0.07828155643358971,0.799660441426146,0.0008488964346349745,no_interaction,1,False,0.24285714285714285,0.7169811320754716,0.24285714285714285,False,False,True
CC(C)OC(=O)C(C)(C)OC1=CC=C(C=C1)C(=O)C2=CC=C(C=C2)Cl,CCC(C)(C)C(=O)OC1CC(C=C2C1C(C(C=C2)C)CCC3CC(CC(=O)O3)O)C,1,reported_twosides,0.43329301476478577,0.4357670748344494,0.4357670748344494,fitted,platt_logistic_regression,0.4858491299419137,0,0.6848725949822997,0.23259762308998302,0.14091680814940577,no_interaction|interaction,2,True,0.3137254901960784,0.7424242424242424,0.3137254901960784,False,False,True
C1=CN=CC=C1C(=O)NN,CC(C)C1=NC(=NC(=C1CCC(CC(CC(=O)O)O)O)C2=CC=C(C=C2)F)N(C)S(=O)(=O)C,0,unreported_twosides_sampled,0.012562233954668045,0.019638346435337337,0.019638346435337337,fitted,platt_logistic_regression,0.4858491299419137,0,0.0966282661510407,0.7801358234295416,0.0008488964346349745,no_interaction,1,False,0.30303030303030304,0.4473684210526316,0.30303030303030304,False,False,True
CCCCC(C)(CC=CC1C(CC(=O)C1CCCCCCC(=O)OC)O)O,CCP(CC)CC.CC(=O)OCC1C(C(C(C(O1)[S-])OC(=O)C)OC(=O)C)OC(=O)C.[Au+],1,reported_twosides,0.47148582339286804,0.4698295406443272,0.4698295406443272,fitted,platt_logistic_regression,0.4858491299419137,0,0.6913255609562098,0.20882852292020374,0.15534804753820033,no_interaction|interaction,2,True,0.3698630136986301,0.22950819672131148,0.22950819672131148,False,False,True
CC(C1=CC=CC2=CC=CC=C21)NCCCC3=CC(=CC=C3)C(F)(F)F,CC1=CN(C(=O)NC1=O)C2CC(C(O2)CO)N=[N+]=[N-],0,unreported_twosides_sampled,0.01709771156311035,0.02579376463713009,0.02579376463713009,fitted,platt_logistic_regression,0.4858491299419137,0,0.11980206166352796,0.7512733446519525,0.0025466893039049238,no_interaction,1,False,0.24285714285714285,0.7083333333333334,0.24285714285714285,False,False,True
C1CNCC(C1C2=CC=C(C=C2)F)COC3=CC4=C(C=C3)OCO4,CC(CCC1=CC=C(C=C1)O)NCCC2=CC(=C(C=C2)O)O,0,unreported_twosides_sampled,0.211004838347435,0.23237208100134882,0.23237208100134882,fitted,platt_logistic_regression,0.4858491299419137,0,0.5421267057800254,0.39643463497453313,0.056876061120543296,no_interaction,1,False,0.24050632911392406,0.38596491228070173,0.24050632911392406,False,False,True
CC1=CC=CC=C1S(=O)(=O)NC(=O)C2=CC(=C(C=C2)CC3=CN(C4=C3C=C(C=C4)NC(=O)OC5CCCC5)C)OC,CNCC(C1=CC(=C(C=C1)O)O)O,1,reported_twosides,0.29230645298957825,0.30844418755395636,0.30844418755395636,fitted,platt_logistic_regression,0.4858491299419137,0,0.6178501654891164,0.31918505942275044,0.08149405772495756,no_interaction,1,False,0.2631578947368421,0.475,0.2631578947368421,False,False,True
C1=CN(C(=O)N=C1N)C2C(C(C(O2)CO)O)O,CNCCC(C1=CC=CC=C1)OC2=CC=C(C=C2)C(F)(F)F,1,reported_twosides,0.007768677081912756,0.012827355263408408,0.012827355263408408,fitted,platt_logistic_regression,0.4858491299419137,0,0.06862293832781391,0.8157894736842105,0.0008488964346349745,no_interaction,1,False,0.5306122448979592,0.30612244897959184,0.30612244897959184,False,False,True
C1=CC=C(C=C1)C2(C(=O)NC(=O)N2)C3=CC=CC=C3,CC(C)[N+]1(C2CCC1CC(C2)OC(=O)C(CO)C3=CC=CC=C3)C,1,reported_twosides,0.39284536242485046,0.39958222373021085,0.39958222373021085,fitted,platt_logistic_regression,0.4858491299419137,0,0.6728419096478382,0.25042444821731746,0.1230899830220713,no_interaction|interaction,2,True,0.4,0.6326530612244898,0.4,False,False,False
C1=CN=CC=C1C(=O)NN,CC1=CC=CC=C1S(=O)(=O)NC(=O)C2=CC(=C(C=C2)CC3=CN(C4=C3C=C(C=C4)NC(=O)OC5CCCC5)C)OC,0,unreported_twosides_sampled,0.3291148245334625,0.3420822816126125,0.3420822816126125,fitted,platt_logistic_regression,0.4858491299419137,0,0.642406991662211,0.2928692699490662,0.09762308998302208,no_interaction,1,False,0.30303030303030304,0.2631578947368421,0.2631578947368421,False,False,True
CC(C)[N+]1(C2CCC1CC(C2)OC(=O)C(CO)C3=CC=CC=C3)C,CC1=CN(C(=O)NC1=O)C2CC(C(O2)CO)N=[N+]=[N-],1,reported_twosides,0.029498344287276268,0.04173085254703281,0.04173085254703281,fitted,platt_logistic_regression,0.4858491299419137,0,0.17340640964372578,0.6977928692699491,0.0050933786078098476,no_interaction,1,False,0.6326530612244898,0.7083333333333334,0.6326530612244898,False,False,False
CCCCC(C)(CC=CC1C(CC(=O)C1CCCCCCC(=O)OC)O)O,CNCCC(C1=CC=CS1)OC2=CC=CC3=CC=CC=C32,1,reported_twosides,0.5039306282997131,0.4987490598598014,0.4987490598598014,fitted,platt_logistic_regression,0.4858491299419137,1,0.6931440508542116,0.1808149405772496,0.1799660441426146,no_interaction|interaction,2,True,0.3698630136986301,0.2647058823529412,0.2647058823529412,False,False,True
CC(C)(C)NCC(COC1=NSN=C1N2CCOCC2)O,CCP(CC)CC.CC(=O)OCC1C(C(C(C(O1)[S-])OC(=O)C)OC(=O)C)OC(=O)C.[Au+],0,unreported_twosides_sampled,0.5556036233901978,0.5449063780591261,0.5449063780591261,fitted,platt_logistic_regression,0.4858491299419137,1,0.6891085752669367,0.1502546689303905,0.21731748726655348,no_interaction|interaction,2,True,0.4,0.22950819672131148,0.22950819672131148,False,False,True
CC(C1=CC=CC2=CC=CC=C21)NCCCC3=CC(=CC=C3)C(F)(F)F,CC1=CC=CC=C1OC(CCNC)C2=CC=CC=C2,0,unreported_twosides_sampled,0.45103123784065247,0.45159436060997166,0.45159436060997166,fitted,platt_logistic_regression,0.4858491299419137,0,0.6884536209348149,0.21816638370118846,0.1494057724957555,no_interaction|interaction,2,True,0.24285714285714285,0.30612244897959184,0.24285714285714285,False,False,True
CC1=C(C(=NO1)C2=C(C=CC=C2Cl)Cl)C(=O)NC3C4N(C3=O)C(C(S4)(C)C)C(=O)[O-],CNCCC(C1=CC=CC=C1)OC2=CC=C(C=C2)C(F)(F)F,1,reported_twosides,0.006551586557179689,0.011027396135588608,0.011027396135588608,fitted,platt_logistic_regression,0.4858491299419137,0,0.060670952248500484,0.8251273344651953,0.0008488964346349745,no_interaction,1,False,0.7777777777777778,0.30612244897959184,0.30612244897959184,False,False,True
C1C(C2C(O1)C(CO2)O[N+](=O)[O-])O,CNC(=O)CN(CCN(CCN(CC(=O)NC)CC(=O)[O-])CC(=O)[O-])CC(=O)[O-].O.[Gd+3],1,reported_twosides,0.06310899555683136,0.08133414391703922,0.08133414391703922,fitted,platt_logistic_regression,0.4858491299419137,0,0.2820157830880327,0.599320882852292,0.014431239388794566,no_interaction,1,False,0.8076923076923077,0.5675675675675675,0.5675675675675675,False,False,False
CC(C)CN(CC(C(CC1=CC=CC=C1)NC(=O)OC2CCOC2)O)S(=O)(=O)C3=CC=C(C=C3)N,CCC(C)(C)C(=O)OC1CC(C=C2C1C(C(C=C2)C)CCC3CC(CC(=O)O3)O)C,0,unreported_twosides_sampled,0.15470874309539795,0.17753762427869574,0.17753762427869574,fitted,platt_logistic_regression,0.4858491299419137,0,0.46763905631725955,0.45755517826825126,0.0432937181663837,no_interaction,1,False,0.7972972972972973,0.7424242424242424,0.7424242424242424,False,False,False
C1=CN=CC=C1C(=O)NN,CC(C)[N+]1(C2CCC1CC(C2)OC(=O)C(CO)C3=CC=CC=C3)C,1,reported_twosides,0.5634821057319641,0.5519652301130311,0.5519652301130311,fitted,platt_logistic_regression,0.4858491299419137,1,0.6877366452522332,0.1460101867572156,0.22156196943972836,no_interaction|interaction,2,True,0.30303030303030304,0.6326530612244898,0.30303030303030304,False,False,True
C1=CC=C(C=C1)C2(C(=O)NC(=O)N2)C3=CC=CC=C3,CC(C)OC(=O)C(C)(C)OC1=CC=C(C=C1)C(=O)C2=CC=C(C=C2)Cl,1,reported_twosides,0.4015441834926605,0.40737892925526153,0.40737892925526153,fitted,platt_logistic_regression,0.4858491299419137,0,0.6758903583173279,0.24787775891341257,0.1273344651952462,no_interaction|interaction,2,True,0.4,0.3137254901960784,0.3137254901960784,False,False,True
CC(C)[N+]1(C2CCC1CC(C2)OC(=O)C(CO)C3=CC=CC=C3)C,CNCC(C1=CC(=C(C=C1)O)O)O,1,reported_twosides,0.43615657091140747,0.438323379752905,0.438323379752905,fitted,platt_logistic_regression,0.4858491299419137,0,0.6855197572488794,0.23174872665534804,0.14091680814940577,no_interaction|interaction,2,True,0.6326530612244898,0.475,0.475,False,False,False
C1=NC2=C(N1)C(=S)N=CN2,COC1=CC(=CC(=C1OC)OC)CC2=CN=C(N=C2N)N,0,unreported_twosides_sampled,0.5252357125282288,0.517756747451745,0.517756747451745,fitted,platt_logistic_regression,0.4858491299419137,1,0.6925164437790299,0.16808149405772496,0.19185059422750425,no_interaction|interaction,2,True,0.3142857142857143,0.22857142857142856,0.22857142857142856,False,False,True
CC1=CC=CC=C1OC(CCNC)C2=CC=CC=C2,CN1CCC23C4C1CC5=C2C(=C(C=C5)O)OC3C(=O)CC4,0,unreported_twosides_sampled,0.12722034752368927,0.14981200404169917,0.14981200404169917,fitted,platt_logistic_regression,0.4858491299419137,0,0.42238285117263646,0.4966044142614601,0.03480475382003396,no_interaction,1,False,0.30612244897959184,0.5333333333333333,0.30612244897959184,False,False,True
C1C(C2C(O1)C(CO2)O[N+](=O)[O-])O,C1CC2CN(C(=O)C3=CC=CC(=C23)C1)C4CN5CCC4CC5,1,reported_twosides,0.5983110666275024,0.5832742475922705,0.5832742475922705,fitted,platt_logistic_regression,0.4858491299419137,1,0.6792131395213281,0.12903225806451613,0.24108658743633277,no_interaction|interaction,2,True,0.8076923076923077,0.30303030303030304,0.30303030303030304,False,False,True
CN1CCC23C4C1CC5=C2C(=C(C=C5)O)OC3C(=O)CC4,CNCCC(C1=CC=CS1)OC2=CC=CC3=CC=CC=C32,1,reported_twosides,0.39226943254470825,0.3990656788873326,0.3990656788873326,fitted,platt_logistic_regression,0.4858491299419137,0,0.672631013266799,0.25042444821731746,0.12224108658743633,no_interaction|interaction,2,True,0.5333333333333333,0.2647058823529412,0.2647058823529412,False,False,True
CC(C)C1=NC(=NC(=C1CCC(CC(CC(=O)O)O)O)C2=CC=C(C=C2)F)N(C)S(=O)(=O)C,CNC(=O)CN(CCN(CCN(CC(=O)NC)CC(=O)[O-])CC(=O)[O-])CC(=O)[O-].O.[Gd+3],0,unreported_twosides_sampled,0.03030918911099434,0.042738978682931326,0.042738978682931326,fitted,platt_logistic_regression,0.4858491299419137,0,0.1765531533580168,0.6943972835314092,0.0050933786078098476,no_interaction,1,False,0.4473684210526316,0.5675675675675675,0.4473684210526316,False,False,False
C1=CC=C(C=C1)C2(C(=O)NC(=O)N2)C3=CC=CC=C3,C1=NC2=C(N1COC(CO)CO)NC(=NC2=O)N,1,reported_twosides,0.0517163909971714,0.06832901811818434,0.06832901811818434,fitted,platt_logistic_regression,0.4858491299419137,0,0.24929503085533433,0.6273344651952462,0.010186757215619695,no_interaction,1,False,0.4,0.7307692307692307,0.4,False,False,False
CNC(=C[N+](=O)[O-])NCCSCC1=CSC(=N1)CN(C)C,CNCCC(C1=CC=CC=C1)OC2=CC=C(C=C2)C(F)(F)F,1,reported_twosides,0.21987733244895935,0.2408258661463988,0.2408258661463988,fitted,platt_logistic_regression,0.4858491299419137,0,0.5520300188683192,0.3862478777589134,0.06281833616298811,no_interaction,1,False,0.603448275862069,0.30612244897959184,0.30612244897959184,False,False,True
C1=CN=CC=C1C(=O)NN,C1C(C(OC1N2C=NC3=C(N=C(N=C32)Cl)N)CO)O,0,unreported_twosides_sampled,0.1463387906551361,0.1691733263666861,0.1691733263666861,fitted,platt_logistic_regression,0.4858491299419137,0,0.4545729919979925,0.46774193548387094,0.042444821731748725,no_interaction,1,False,0.30303030303030304,0.6296296296296297,0.30303030303030304,False,False,True
CC1=CN(C(=O)NC1=O)C2CC(C(O2)CO)N=[N+]=[N-],COC1=CC(=CC(=C1OC)OC)CC2=CN=C(N=C2N)N,1,reported_twosides,0.05798055976629257,0.0755227951109008,0.0755227951109008,fitted,platt_logistic_regression,0.4858491299419137,0,0.267695918720518,0.6137521222410866,0.011884550084889643,no_interaction,1,False,0.7083333333333334,0.22857142857142856,0.22857142857142856,False,False,True
CC1CC2C3CCC4=CC(=O)C=CC4(C3(C(CC2(C1(C(=O)CCl)O)C)O)Cl)C,CN1CCC23C4C1CC5=C2C(=C(C=C5)O)OC3C(=O)CC4,1,reported_twosides,0.1429351568222046,0.16575335984115186,0.16575335984115186,fitted,platt_logistic_regression,0.4858491299419137,0,0.4490882909692234,0.47113752122241087,0.04074702886247878,no_interaction,1,False,0.8620689655172413,0.5333333333333333,0.5333333333333333,False,False,False
CC1=CC(=C(C=C1)C)OCCCC(C)(C)C(=O)O,CNCC(C1=CC(=C(C=C1)O)O)O,1,reported_twosides,0.34634557366371155,0.35770720833249464,0.35770720833249464,fitted,platt_logistic_regression,0.4858491299419137,0,0.6520875858330227,0.28183361629881154,0.10611205432937182,no_interaction|interaction,2,True,0.26,0.475,0.26,False,False,True
C1NC2=CC(=C(C=C2S(=O)(=O)N1)S(=O)(=O)N)Cl,CCOC(=O)C1(CCN(CC1)C)C2=CC=CC=C2,1,reported_twosides,0.4159269630908966,0.42025099361876816,0.42025099361876816,fitted,platt_logistic_regression,0.4858491299419137,0,0.6803728849551967,0.23853989813242785,0.1307300509337861,no_interaction|interaction,2,True,0.5454545454545454,0.3559322033898305,0.3559322033898305,False,False,True
CC(C)OC(=O)C(C)(C)OC1=CC=C(C=C1)C(=O)C2=CC=C(C=C2)Cl,CCCCCN=C(N)NNC=C1C=NC2=C1C=C(C=C2)CO,1,reported_twosides,0.12670950591564178,0.14928938052899232,0.14928938052899232,fitted,platt_logistic_regression,0.4858491299419137,0,0.4214744636260407,0.4966044142614601,0.03480475382003396,no_interaction,1,False,0.3137254901960784,0.25,0.25,False,False,True
CCC(C)(C)C(=O)OC1CC(C=C2C1C(C(C=C2)C)CCC3CC(CC(=O)O3)O)C,CN1CCC23C4C1CC5=C2C(=C(C=C5)O)OC3C(=O)CC4,1,reported_twosides,0.33936023712158203,0.35138108693932313,0.35138108693932313,fitted,platt_logistic_regression,0.4858491299419137,0,0.6482973964466241,0.2869269949066214,0.10271646859083192,no_interaction|interaction,2,True,0.7424242424242424,0.5333333333333333,0.5333333333333333,False,False,False
C1C(C2C(O1)C(CO2)O[N+](=O)[O-])O,C[N+]1(CCC2=CC(=C(C=C2C1CC3=CC(=C(C=C3)OC)OC)OC)OC)CCC(=O)OCCCCCOC(=O)CC[N+]4(CCC5=CC(=C(C=C5C4CC6=CC(=C(C=C6)OC)OC)OC)OC)C.C1=CC=C(C=C1)S(=O)(=O)[O-].C1=CC=C(C=C1)S(=O)(=O)[O-],0,unreported_twosides_sampled,0.7394485473632812,0.7132114920830592,0.7132114920830592,fitted,platt_logistic_regression,0.4858491299419137,1,0.599251063368705,0.07215619694397284,0.3370118845500849,interaction,1,False,0.8076923076923077,0.25,0.25,False,False,True
C1=CN(C(=O)N=C1N)C2C(C(C(O2)CO)O)O,CC(C)OC(=O)C(C)(C)OC1=CC=C(C=C1)C(=O)C2=CC=C(C=C2)Cl,0,unreported_twosides_sampled,0.44476693868637085,0.4460068496101571,0.4460068496101571,fitted,platt_logistic_regression,0.4858491299419137,0,0.6873052751369988,0.22410865874363328,0.14431239388794567,no_interaction|interaction,2,True,0.5306122448979592,0.3137254901960784,0.3137254901960784,False,False,True
CC1=CC(=C(C=C1)C)OCCCC(C)(C)C(=O)O,CC1=CN(C(=O)NC1=O)C2CC(C(O2)CO)N=[N+]=[N-],0,unreported_twosides_sampled,0.008571137674152851,0.013995894269239102,0.013995894269239102,fitted,platt_logistic_regression,0.4858491299419137,0,0.07364584188058906,0.8064516129032258,0.0008488964346349745,no_interaction,1,False,0.26,0.7083333333333334,0.26,False,False,True
C1=CN(C=N1)CC(O)(P(=O)(O)O)P(=O)(O)O,C1=CN=CC=C1C(=O)NN,0,unreported_twosides_sampled,0.5367453694343567,0.5280370886270576,0.5280370886270576,fitted,platt_logistic_regression,0.4858491299419137,1,0.6915741989523974,0.15789473684210525,0.20458404074702885,no_interaction|interaction,2,True,0.36585365853658536,0.30303030303030304,0.30303030303030304,False,False,True
C1=CC=C(C=C1)C2(C(=O)NC(=O)N2)C3=CC=CC=C3,C1CC2CN(C(=O)C3=CC=CC(=C23)C1)C4CN5CCC4CC5,0,unreported_twosides_sampled,0.5020492076873779,0.49707151133736766,0.49707151133736766,fitted,platt_logistic_regression,0.4858491299419137,1,0.6931300283701849,0.18166383701188454,0.1774193548387097,no_interaction|interaction,2,True,0.4,0.30303030303030304,0.30303030303030304,False,False,True
C1=CC=C(C=C1)C2(C(=O)NC(=O)N2)C3=CC=CC=C3,CC1=CC=CC=C1OC(CCNC)C2=CC=CC=C2,0,unreported_twosides_sampled,0.05710708722472191,0.07452622954468904,0.07452622954468904,fitted,platt_logistic_regression,0.4858491299419137,0,0.26519258622990294,0.6162988115449916,0.011884550084889643,no_interaction,1,False,0.4,0.30612244897959184,0.30612244897959184,False,False,True
CC(C)C1=NC(=NC(=C1CCC(CC(CC(=O)O)O)O)C2=CC=C(C=C2)F)N(C)S(=O)(=O)C,CCC12CCC3C(C1CCC2(C#C)O)CCC4=CC(=O)CCC34,1,reported_twosides,0.007944748736917973,0.013084910912709339,0.013084910912709339,fitted,platt_logistic_regression,0.4858491299419137,0,0.06973896859600867,0.8132427843803056,0.0008488964346349745,no_interaction,1,False,0.4473684210526316,0.7169811320754716,0.4473684210526316,False,False,False
C1=CN(C=N1)CC(O)(P(=O)(O)O)P(=O)(O)O,COC(=O)C(C1CCCCN1)C2=CC=CC=C2,1,reported_twosides,0.6592451930046082,0.6386219694929195,0.6386219694929195,fitted,platt_logistic_regression,0.4858491299419137,1,0.6542069454064887,0.10611205432937182,0.28183361629881154,no_interaction|interaction,2,True,0.36585365853658536,0.3225806451612903,0.3225806451612903,False,False,True
C1NC2=CC(=C(C=C2S(=O)(=O)N1)S(=O)(=O)N)Cl,CC(C)[N+]1(C2CCC1CC(C2)OC(=O)C(CO)C3=CC=CC=C3)C,1,reported_twosides,0.07551871240139008,0.09514213400267453,0.09514213400267453,fitted,platt_logistic_regression,0.4858491299419137,0,0.31427611108918474,0.5738539898132428,0.01697792869269949,no_interaction,1,False,0.5454545454545454,0.6326530612244898,0.5454545454545454,False,False,False
C1=CN(C(=O)N=C1N)C2C(C(C(O2)CO)O)O,CNCCC(C1=CC=CS1)OC2=CC=CC3=CC=CC=C32,1,reported_twosides,0.3013599216938019,0.31675473514102204,0.31675473514102204,fitted,platt_logistic_regression,0.4858491299419137,0,0.6243990250283703,0.3098471986417657,0.08743633276740238,no_interaction,1,False,0.5306122448979592,0.2647058823529412,0.2647058823529412,False,False,True
CC1=C(C(=NO1)C2=C(C=CC=C2Cl)Cl)C(=O)NC3C4N(C3=O)C(C(S4)(C)C)C(=O)[O-],CNC(=O)CN(CCN(CCN(CC(=O)NC)CC(=O)[O-])CC(=O)[O-])CC(=O)[O-].O.[Gd+3],0,unreported_twosides_sampled,0.27885669469833374,0.296047923356364,0.296047923356364,fitted,platt_logistic_regression,0.4858491299419137,0,0.6074784339583035,0.33191850594227507,0.07470288624787776,no_interaction,1,False,0.7777777777777778,0.5675675675675675,0.5675675675675675,False,False,False
CCCCCN=C(N)NNC=C1C=NC2=C1C=C(C=C2)CO,COC1=C(C=C2C(=C1)C(=NC(=N2)N3CCN(CC3)C(=O)C4=CC=CO4)N)OC,0,unreported_twosides_sampled,0.4754953980445862,0.4734030971861953,0.4734030971861953,fitted,platt_logistic_regression,0.4858491299419137,0,0.6917317221143546,0.2028862478777589,0.15959252971137522,no_interaction|interaction,2,True,0.25,0.5882352941176471,0.25,False,False,True
C1CC(CCC1C2=CC=C(C=C2)Cl)C3=C(C4=CC=CC=C4C(=O)C3=O)O,CNC(=O)CN(CCN(CCN(CC(=O)NC)CC(=O)[O-])CC(=O)[O-])CC(=O)[O-].O.[Gd+3],0,unreported_twosides_sampled,0.13999497890472412,0.16279003682166152,0.16279003682166152,fitted,platt_logistic_regression,0.4858491299419137,0,0.4442675723618824,0.47453310696095075,0.04074702886247878,no_interaction,1,False,0.2549019607843137,0.5675675675675675,0.2549019607843137,False,False,True
C1NC2=CC(=C(C=C2S(=O)(=O)N1)S(=O)(=O)N)Cl,CNCCC(C1=CC=CS1)OC2=CC=CC3=CC=CC=C32,1,reported_twosides,0.24750655889511108,0.26688843496755377,0.26688843496755377,fitted,platt_logistic_regression,0.4858491299419137,0,0.5801393867082978,0.36417657045840407,0.06876061120543293,no_interaction,1,False,0.5454545454545454,0.2647058823529412,0.2647058823529412,False,False,True
COC(=O)C(C1CCCCN1)C2=CC=CC=C2,COC1=CC(=CC(=C1OC)OC)CC2=CN=C(N=C2N)N,0,unreported_twosides_sampled,0.43821266293525696,0.44015853205600686,0.44015853205600686,fitted,platt_logistic_regression,0.4858491299419137,0,0.6859679811711683,0.2300509337860781,0.14176570458404075,no_interaction|interaction,2,True,0.3225806451612903,0.22857142857142856,0.22857142857142856,False,False,True
C1CNCC(C1C2=CC=C(C=C2)F)COC3=CC4=C(C=C3)OCO4,CNCC(C1=CC(=C(C=C1)O)O)O,1,reported_twosides,0.5706788897514343,0.5584200659645302,0.5584200659645302,fitted,platt_logistic_regression,0.4858491299419137,1,0.6863057563603507,0.14261460101867574,0.22920203735144312,no_interaction|interaction,2,True,0.24050632911392406,0.475,0.24050632911392406,False,False,True
C1C(C2C(O1)C(CO2)O[N+](=O)[O-])O,CC(C1=CC=CC2=CC=CC=C21)NCCCC3=CC(=CC=C3)C(F)(F)F,1,reported_twosides,0.26169678568840027,0.28013637097865723,0.28013637097865723,fitted,platt_logistic_regression,0.4858491299419137,0,0.5930820684823304,0.3455008488964346,0.07215619694397284,no_interaction,1,False,0.8076923076923077,0.24285714285714285,0.24285714285714285,False,False,True
CC1=CC(=C(C=C1)C)OCCCC(C)(C)C(=O)O,CC1=CC=CC=C1S(=O)(=O)NC(=O)C2=CC(=C(C=C2)CC3=CN(C4=C3C=C(C=C4)NC(=O)OC5CCCC5)C)OC,1,reported_twosides,0.044832710176706314,0.060287415036561626,0.060287415036561626,fitted,platt_logistic_regression,0.4858491299419137,0,0.22775762388015852,0.6460101867572157,0.007640067911714771,no_interaction,1,False,0.26,0.2631578947368421,0.26,False,False,True
CC(C)(C)NCC(COC1=NSN=C1N2CCOCC2)O,CC1=CC=CC=C1OC(CCNC)C2=CC=CC=C2,0,unreported_twosides_sampled,0.08950196206569672,0.11033265015264791,0.11033265015264791,fitted,platt_logistic_regression,0.4858491299419137,0,0.34721025761347435,0.5475382003395586,0.022920203735144314,no_interaction,1,False,0.4,0.30612244897959184,0.30612244897959184,False,False,True
CC1=C(C(=NO1)C2=C(C=CC=C2Cl)Cl)C(=O)NC3C4N(C3=O)C(C(S4)(C)C)C(=O)[O-],CC1=CC(=C(C=C1)C)OCCCC(C)(C)C(=O)O,1,reported_twosides,0.005149883218109608,0.008905116767478566,0.008905116767478566,fitted,platt_logistic_regression,0.4858491299419137,0,0.05090755523408287,0.8387096774193549,0.0008488964346349745,no_interaction,1,False,0.7777777777777778,0.26,0.26,False,False,True
CC1=CC(=C(C=C1)C)OCCCC(C)(C)C(=O)O,COC1=CC(=CC(=C1OC)OC)CC2=CN=C(N=C2N)N,0,unreported_twosides_sampled,0.28050220012664795,0.2975679241020614,0.2975679241020614,fitted,platt_logistic_regression,0.4858491299419137,0,0.6087895041690872,0.3293718166383701,0.07555178268251274,no_interaction,1,False,0.26,0.22857142857142856,0.22857142857142856,False,False,True
C1NC2=CC(=C(C=C2S(=O)(=O)N1)S(=O)(=O)N)Cl,CC(C1=CC=CC2=CC=CC=C21)NCCCC3=CC(=CC=C3)C(F)(F)F,0,unreported_twosides_sampled,0.2046646624803543,0.22630338716321224,0.22630338716321224,fitted,platt_logistic_regression,0.4858491299419137,0,0.5347709567600898,0.400679117147708,0.05602716468590832,no_interaction,1,False,0.5454545454545454,0.24285714285714285,0.24285714285714285,False,False,True
CCCC(C)(COC(=O)N)COC(=O)N,CN1CCCC(CC1)N2C(=O)C3=CC=CC=C3C(=N2)CC4=CC=C(C=C4)Cl,0,unreported_twosides_sampled,0.6451897025108337,0.625774874546914,0.625774874546914,fitted,platt_logistic_regression,0.4858491299419137,1,0.6611661311120784,0.11120543293718166,0.2691001697792869,no_interaction|interaction,2,True,0.6774193548387096,0.3,0.3,False,False,True
CCC12CCC3C(C1CCC2(C#C)O)CCC4=CC(=O)CCC34,CNCCC(C1=CC=CS1)OC2=CC=CC3=CC=CC=C32,1,reported_twosides,0.07321653515100479,0.09260560987923054,0.09260560987923054,fitted,platt_logistic_regression,0.4858491299419137,0,0.3085251602484791,0.5772495755517827,0.016129032258064516,no_interaction,1,False,0.7169811320754716,0.2647058823529412,0.2647058823529412,False,False,True
CC1=CC=CC=C1S(=O)(=O)NC(=O)C2=CC(=C(C=C2)CC3=CN(C4=C3C=C(C=C4)NC(=O)OC5CCCC5)C)OC,CCOC(=O)C1(CCN(CC1)C)C2=CC=CC=C2,0,unreported_twosides_sampled,0.4297527074813843,0.43260585049687494,0.43260585049687494,fitted,platt_logistic_regression,0.4858491299419137,0,0.6840355299218581,0.23429541595925296,0.13921901528013583,no_interaction|interaction,2,True,0.2631578947368421,0.3559322033898305,0.2631578947368421,False,False,True
C1C(C2C(O1)C(CO2)O[N+](=O)[O-])O,CC1=CC=CC=C1S(=O)(=O)NC(=O)C2=CC(=C(C=C2)CC3=CN(C4=C3C=C(C=C4)NC(=O)OC5CCCC5)C)OC,1,reported_twosides,0.05068260058760643,0.06713090164837851,0.06713090164837851,fitted,platt_logistic_regression,0.4858491299419137,0,0.2461534414355963,0.6307300509337861,0.010186757215619695,no_interaction,1,False,0.8076923076923077,0.2631578947368421,0.2631578947368421,False,False,True
C1=NC2=C(N1COC(CO)CO)NC(=NC2=O)N,CCCCC(C)(CC=CC1C(CC(=O)C1CCCCCCC(=O)OC)O)O,0,unreported_twosides_sampled,0.35817787051200867,0.36839937374458387,0.36839937374458387,fitted,platt_logistic_regression,0.4858491299419137,0,0.6580983016889911,0.27504244482173174,0.10865874363327674,no_interaction|interaction,2,True,0.7307692307692307,0.3698630136986301,0.3698630136986301,False,False,True
CC1=NN=C2N1C3=C(C=C(C=C3)Cl)C(=NC2)C4=CC=CC=C4,CN1CCC23C4C1CC5=C2C(=C(C=C5)O)OC3C(=O)CC4,1,reported_twosides,0.4032895863056183,0.4089422113742996,0.4089422113742996,fitted,platt_logistic_regression,0.4858491299419137,0,0.6764712349227628,0.2470288624787776,0.1273344651952462,no_interaction|interaction,2,True,0.62,0.5333333333333333,0.5333333333333333,False,False,False
C1C(C2C(O1)C(CO2)O[N+](=O)[O-])O,CNC(=C[N+](=O)[O-])NCCSCC1=CSC(=N1)CN(C)C,1,reported_twosides,0.9889435768127441,0.9817933932269103,0.9817933932269103,fitted,platt_logistic_regression,0.4858491299419137,1,0.0909749854248233,0.0008488964346349745,0.7869269949066214,interaction,1,False,0.8076923076923077,0.603448275862069,0.603448275862069,False,False,False
CNCCC(C1=CC=CS1)OC2=CC=CC3=CC=CC=C32,COC(=O)C(C1CCCCN1)C2=CC=CC=C2,1,reported_twosides,0.31711244583129883,0.3311556093377468,0.3311556093377468,fitted,platt_logistic_regression,0.4858491299419137,0,0.6349940027872711,0.299660441426146,0.09422750424448217,no_interaction,1,False,0.2647058823529412,0.3225806451612903,0.2647058823529412,False,False,True
CC1=NN=C2N1C3=C(C=C(C=C3)Cl)C(=NC2)C4=CC=CC=C4Cl,CCC(C)(C)C(=O)OC1CC(C=C2C1C(C(C=C2)C)CCC3CC(CC(=O)O3)O)C,1,reported_twosides,0.9890056848526001,0.9818839536889803,0.9818839536889803,fitted,platt_logistic_regression,0.4858491299419137,1,0.09061363707966816,0.0008488964346349745,0.7877758913412564,interaction,1,False,0.5454545454545454,0.7424242424242424,0.5454545454545454,False,False,False
CCC(C)(C)C(=O)OC1CC(C=C2C1C(C(C=C2)C)CCC3CC(CC(=O)O3)O)C,CNCC(C1=CC(=C(C=C1)O)O)O,1,reported_twosides,0.6372494101524353,0.6185405761963484,0.6185405761963484,fitted,platt_logistic_regression,0.4858491299419137,1,0.6647740669295923,0.11375212224108659,0.266553480475382,no_interaction|interaction,2,True,0.7424242424242424,0.475,0.475,False,False,False
C1=CN=CC=C1C(=O)NN,CC1=CN(C(=O)NC1=O)C2CC(C(O2)CO)N=[N+]=[N-],1,reported_twosides,0.2302025854587555,0.250610156704202,0.250610156704202,fitted,platt_logistic_regression,0.4858491299419137,0,0.5630044780331931,0.3777589134125637,0.0636672325976231,no_interaction,1,False,0.30303030303030304,0.7083333333333334,0.30303030303030304,False,False,True
C1=CN(C=N1)CC(O)(P(=O)(O)O)P(=O)(O)O,CC1=NN=C2N1C3=C(C=C(C=C3)Cl)C(=NC2)C4=CC=CC=C4Cl,1,reported_twosides,0.9931488633155823,0.9880866139112542,0.9880866139112542,fitted,platt_logistic_regression,0.4858491299419137,1,0.06461954211132732,0.0008488964346349745,0.8191850594227504,interaction,1,False,0.36585365853658536,0.5454545454545454,0.36585365853658536,False,False,True
C1=CN(C(=O)N=C1N)C2C(C(C(O2)CO)O)O,COC(=O)C(C1CCCCN1)C2=CC=CC=C2,0,unreported_twosides_sampled,0.19605611264705658,0.21802433206036942,0.21802433206036942,fitted,platt_logistic_regression,0.4858491299419137,0,0.5243960272440626,0.4091680814940577,0.053480475382003394,no_interaction,1,False,0.5306122448979592,0.3225806451612903,0.3225806451612903,False,False,True
CC1CC2C3CCC4=CC(=O)C=CC4(C3(C(CC2(C1(C(=O)CCl)O)C)O)Cl)C,CCCCC(C)(CC=CC1C(CC(=O)C1CCCCCCC(=O)OC)O)O,1,reported_twosides,0.10717587918043137,0.12907186856770247,0.12907186856770247,fitted,platt_logistic_regression,0.4858491299419137,0,0.3846185507157497,0.5161290322580645,0.030560271646859084,no_interaction,1,False,0.8620689655172413,0.3698630136986301,0.3698630136986301,False,False,True
CC1=CN(C(=O)NC1=O)C2CC(C(O2)CO)N=[N+]=[N-],CC1CC2C3CCC4=CC(=O)C=CC4(C3(C(CC2(C1(C(=O)CCl)O)C)O)Cl)C,0,unreported_twosides_sampled,0.0059572188183665276,0.010134600237482203,0.010134600237482203,fitted,platt_logistic_regression,0.4858491299419137,0,0.05661912760338089,0.8293718166383701,0.0008488964346349745,no_interaction,1,False,0.7083333333333334,0.8620689655172413,0.7083333333333334,False,False,False
CC(C)[N+]1(C2CCC1CC(C2)OC(=O)C(CO)C3=CC=CC=C3)C,CC1CC2C3CCC4=CC(=O)C=CC4(C3(C(CC2(C1(C(=O)CCl)O)C)O)Cl)C,1,reported_twosides,0.04229915142059326,0.057287487270682426,0.057287487270682426,fitted,platt_logistic_regression,0.4858491299419137,0,0.21943777818870053,0.6511035653650254,0.005942275042444821,no_interaction,1,False,0.6326530612244898,0.8620689655172413,0.6326530612244898,False,False,False
CNCCC(C1=CC=CS1)OC2=CC=CC3=CC=CC=C32,COC1=C(C=C2C(=C1)C(=NC(=N2)N3CCN(CC3)C(=O)C4=CC=CO4)N)OC,0,unreported_twosides_sampled,0.4105856418609619,0.4154732614304789,0.4154732614304789,fitted,platt_logistic_regression,0.4858491299419137,0,0.6787887876442383,0.24193548387096775,0.12903225806451613,no_interaction|interaction,2,True,0.2647058823529412,0.5882352941176471,0.2647058823529412,False,False,True
CNCC(C1=CC(=C(C=C1)O)O)O,CNCCC(C1=CC=CS1)OC2=CC=CC3=CC=CC=C32,1,reported_twosides,0.45492127537727356,0.4550632727383935,0.4550632727383935,fitted,platt_logistic_regression,0.4858491299419137,0,0.6891031071895637,0.21731748726655348,0.1502546689303905,no_interaction|interaction,2,True,0.475,0.2647058823529412,0.2647058823529412,False,False,True
C1CC2CN(C(=O)C3=CC=CC(=C23)C1)C4CN5CCC4CC5,CCC(C)(C)C(=O)OC1CC(C=C2C1C(C(C=C2)C)CCC3CC(CC(=O)O3)O)C,1,reported_twosides,0.6441601514816284,0.624835947062585,0.624835947062585,fitted,platt_logistic_regression,0.4858491299419137,1,0.661646983190234,0.11120543293718166,0.2691001697792869,no_interaction|interaction,2,True,0.30303030303030304,0.7424242424242424,0.30303030303030304,False,False,True
C1=NC2=C(N1)C(=S)N=CN2,CC1=CC=CC=C1S(=O)(=O)NC(=O)C2=CC(=C(C=C2)CC3=CN(C4=C3C=C(C=C4)NC(=O)OC5CCCC5)C)OC,0,unreported_twosides_sampled,0.029391048476099968,0.04159718818746457,0.04159718818746457,fitted,platt_logistic_regression,0.4858491299419137,0,0.17298729690166514,0.6977928692699491,0.0050933786078098476,no_interaction,1,False,0.3142857142857143,0.2631578947368421,0.2631578947368421,False,False,True
C1=NC2=C(N1)C(=S)N=CN2,C1CNCC(C1C2=CC=C(C=C2)F)COC3=CC4=C(C=C3)OCO4,1,reported_twosides,0.2462804615497589,0.2657396348375063,0.2657396348375063,fitted,platt_logistic_regression,0.4858491299419137,0,0.57897518625195,0.36502546689303905,0.06876061120543293,no_interaction,1,False,0.3142857142857143,0.24050632911392406,0.24050632911392406,False,False,True
C1=NC2=C(N1COC(CO)CO)NC(=NC2=O)N,CCCC(C)(COC(=O)N)COC(=O)N,0,unreported_twosides_sampled,0.3907450735569,0.39769828449039973,0.39769828449039973,fitted,platt_logistic_regression,0.4858491299419137,0,0.6720673572972254,0.2538200339558574,0.12224108658743633,no_interaction|interaction,2,True,0.7307692307692307,0.6774193548387096,0.6774193548387096,False,False,False
C1=CC=C(C=C1)C2(C(=O)NC(=O)N2)C3=CC=CC=C3,CC(C)C1=NC(=NC(=C1CCC(CC(CC(=O)O)O)O)C2=CC=C(C=C2)F)N(C)S(=O)(=O)C,1,reported_twosides,0.02130737341940403,0.03132812970822771,0.03132812970822771,fitted,platt_logistic_regression,0.4858491299419137,0,0.13932899413569164,0.735144312393888,0.004244482173174873,no_interaction,1,False,0.4,0.4473684210526316,0.4,False,False,False
CC(=O)N(CC(CO)O)C1=C(C(=C(C(=C1I)C(=O)NCC(CO)O)I)C(=O)NCC(CO)O)I,CC1=NN=C2N1C3=C(C=C(C=C3)Cl)C(=NC2)C4=CC=CC=C4,0,unreported_twosides_sampled,0.016297737136483192,0.02472412905402886,0.02472412905402886,fitted,platt_logistic_regression,0.4858491299419137,0,0.11589461217081276,0.7555178268251274,0.0025466893039049238,no_interaction,1,False,0.9487179487179487,0.62,0.62,False,False,False
C1CNCC(C1C2=CC=C(C=C2)F)COC3=CC4=C(C=C3)OCO4,CCC12CCC3C(C1CCC2(C#C)O)CCC4=CC(=O)CCC34,1,reported_twosides,0.40778592228889465,0.4129677853958504,0.4129677853958504,fitted,platt_logistic_regression,0.4858491299419137,0,0.6779205257885669,0.2436332767402377,0.1273344651952462,no_interaction|interaction,2,True,0.24050632911392406,0.7169811320754716,0.24050632911392406,False,False,True
C1CNCC(C1C2=CC=C(C=C2)F)COC3=CC4=C(C=C3)OCO4,CNC(=O)CN(CCN(CCN(CC(=O)NC)CC(=O)[O-])CC(=O)[O-])CC(=O)[O-].O.[Gd+3],1,reported_twosides,0.04022406041622162,0.05481280813800711,0.05481280813800711,fitted,platt_logistic_regression,0.4858491299419137,0,0.21244951395634207,0.6587436332767402,0.0050933786078098476,no_interaction,1,False,0.24050632911392406,0.5675675675675675,0.24050632911392406,False,False,True
C1NC2=CC(=C(C=C2S(=O)(=O)N1)S(=O)(=O)N)Cl,CC1=CC=CC=C1OC(CCNC)C2=CC=CC=C2,1,reported_twosides,0.06436765193939209,0.08275044051101779,0.08275044051101779,fitted,platt_logistic_regression,0.4858491299419137,0,0.28543603847235843,0.5967741935483871,0.014431239388794566,no_interaction,1,False,0.5454545454545454,0.30612244897959184,0.30612244897959184,False,False,True
C1=NC2=C(N1COC(CO)CO)NC(=NC2=O)N,COC(=O)C(C1CCCCN1)C2=CC=CC=C2,0,unreported_twosides_sampled,0.15529872477054596,0.17812483211136068,0.17812483211136068,fitted,platt_logistic_regression,0.4858491299419137,0,0.468538136795564,0.45755517826825126,0.04499151103565365,no_interaction,1,False,0.7307692307692307,0.3225806451612903,0.3225806451612903,False,False,True
C1=NC2=C(N1COC(CO)CO)NC(=NC2=O)N,CC1=NN=C2N1C3=C(C=C(C=C3)Cl)C(=NC2)C4=CC=CC=C4Cl,0,unreported_twosides_sampled,0.4808711111545563,0.4781941068859649,0.4781941068859649,fitted,platt_logistic_regression,0.4858491299419137,0,0.6921958849181946,0.19524617996604415,0.166383701188455,no_interaction|interaction,2,True,0.7307692307692307,0.5454545454545454,0.5454545454545454,False,False,False
C1CNCC(C1C2=CC=C(C=C2)F)COC3=CC4=C(C=C3)OCO4,CC1=CC=CC=C1S(=O)(=O)NC(=O)C2=CC(=C(C=C2)CC3=CN(C4=C3C=C(C=C4)NC(=O)OC5CCCC5)C)OC,1,reported_twosides,0.0481480248272419,0.0641794718876618,0.0641794718876618,fitted,platt_logistic_regression,0.4858491299419137,0,0.238315882096425,0.6400679117147708,0.00933786078098472,no_interaction,1,False,0.24050632911392406,0.2631578947368421,0.24050632911392406,False,False,True
C1CC2CN(C(=O)C3=CC=CC(=C23)C1)C4CN5CCC4CC5,CC(=O)N(CC(CO)O)C1=C(C(=C(C(=C1I)C(=O)NCC(CO)O)I)C(=O)NCC(CO)O)I,0,unreported_twosides_sampled,0.0016511203721165657,0.0032380097204139386,0.0032380097204139386,fitted,platt_logistic_regression,0.4858491299419137,0,0.021795612238278746,0.8981324278438031,0.0008488964346349745,no_interaction,1,False,0.30303030303030304,0.9487179487179487,0.30303030303030304,False,False,True
C1=CN=CC=C1C(=O)NN,C1=NC2=C(N1COC(CO)CO)NC(=NC2=O)N,0,unreported_twosides_sampled,0.6513628959655762,0.6314106160263873,0.6314106160263873,fitted,platt_logistic_regression,0.4858491299419137,1,0.6582006566638314,0.10865874363327674,0.27504244482173174,no_interaction|interaction,2,True,0.30303030303030304,0.7307692307692307,0.30303030303030304,False,False,True
CC1=CC=CC=C1OC(CCNC)C2=CC=CC=C2,CNCCC(C1=CC=CS1)OC2=CC=CC3=CC=CC=C32,1,reported_twosides,0.4978717863559723,0.4933471648880645,0.4933471648880645,fitted,platt_logistic_regression,0.4858491299419137,1,0.6930586575177515,0.1833616298811545,0.1731748726655348,no_interaction|interaction,2,True,0.30612244897959184,0.2647058823529412,0.2647058823529412,False,False,True
C1CC2CN(C(=O)C3=CC=CC(=C23)C1)C4CN5CCC4CC5,CC(C)(C)NCC(COC1=NSN=C1N2CCOCC2)O,0,unreported_twosides_sampled,0.18576660752296448,0.2080658788976398,0.2080658788976398,fitted,platt_logistic_regression,0.4858491299419137,0,0.5113828045375038,0.4202037351443124,0.053480475382003394,no_interaction,1,False,0.30303030303030304,0.4,0.30303030303030304,False,False,True
CCCCCN=C(N)NNC=C1C=NC2=C1C=C(C=C2)CO,CN1CCC23C4C1CC5=C2C(=C(C=C5)O)OC3C(=O)CC4,1,reported_twosides,0.4203578233718872,0.42421225491888015,0.42421225491888015,fitted,platt_logistic_regression,0.4858491299419137,0,0.681615218603834,0.23769100169779286,0.13242784380305603,no_interaction|interaction,2,True,0.25,0.5333333333333333,0.25,False,False,True
C1CC2CN(C(=O)C3=CC=CC(=C23)C1)C4CN5CCC4CC5,CNCC(C1=CC(=C(C=C1)O)O)O,0,unreported_twosides_sampled,0.5609524250030518,0.5496979127591614,0.5496979127591614,fitted,platt_logistic_regression,0.4858491299419137,1,0.6881992494208147,0.14770797962648557,0.2198641765704584,no_interaction|interaction,2,True,0.30303030303030304,0.475,0.30303030303030304,False,False,True
CC1=NN=C2N1C3=C(C=C(C=C3)Cl)C(=NC2)C4=CC=CC=C4,CC1CC2C3CCC4=CC(=O)C=CC4(C3(C(CC2(C1(C(=O)CCl)O)C)O)Cl)C,1,reported_twosides,0.16201570630073547,0.1847890963522624,0.1847890963522624,fitted,platt_logistic_regression,0.4858491299419137,0,0.47857825676371557,0.44821731748726656,0.04838709677419355,no_interaction,1,False,0.62,0.8620689655172413,0.62,False,False,False
C1=CN=CC=C1C(=O)NN,C1C(C2C(O1)C(CO2)O[N+](=O)[O-])O,1,reported_twosides,0.259303480386734,0.2779079644886091,0.2779079644886091,fitted,platt_logistic_regression,0.4858491299419137,0,0.5909665989307566,0.3471986417657046,0.07215619694397284,no_interaction,1,False,0.30303030303030304,0.8076923076923077,0.30303030303030304,False,False,True
CC1=CC=CC=C1OC(CCNC)C2=CC=CC=C2,CCC(C)(C)C(=O)OC1CC(C=C2C1C(C(C=C2)C)CCC3CC(CC(=O)O3)O)C,1,reported_twosides,0.19068250060081482,0.21283242749002776,0.21283242749002776,fitted,platt_logistic_regression,0.4858491299419137,0,0.5176853258487335,0.4134125636672326,0.053480475382003394,no_interaction,1,False,0.30612244897959184,0.7424242424242424,0.30612244897959184,False,False,True
CN1CCC23C4C1CC5=C2C(=C(C=C5)O)OC3C(=O)CC4,COC1=CC(=CC(=C1OC)OC)CC2=CN=C(N=C2N)N,0,unreported_twosides_sampled,0.3057008981704712,0.32073046536156535,0.32073046536156535,fitted,platt_logistic_regression,0.4858491299419137,0,0.6274188362015125,0.3089983022071307,0.0899830220713073,no_interaction,1,False,0.5333333333333333,0.22857142857142856,0.22857142857142856,False,False,True
CC1CC2C3CCC4=CC(=O)C=CC4(C3(C(CC2(C1(C(=O)CCl)O)C)O)Cl)C,CN1CCCC(CC1)N2C(=O)C3=CC=CC=C3C(=N2)CC4=CC=C(C=C4)Cl,1,reported_twosides,0.43744102120399475,0.43946983897329245,0.43946983897329245,fitted,platt_logistic_regression,0.4858491299419137,0,0.6858013751249918,0.23089983022071306,0.14176570458404075,no_interaction|interaction,2,True,0.8620689655172413,0.3,0.3,False,False,True
CC1CC2C3CCC4=CC(=O)C=CC4(C3(C(CC2(C1(C(=O)CCl)O)C)O)Cl)C,CNC(=C[N+](=O)[O-])NCCSCC1=CSC(=N1)CN(C)C,1,reported_twosides,0.7447214722633362,0.7182095795418302,0.7182095795418302,fitted,platt_logistic_regression,0.4858491299419137,1,0.594636360738324,0.07215619694397284,0.34295415959252973,interaction,1,False,0.8620689655172413,0.603448275862069,0.603448275862069,False,False,False
C1C(C(OC1N2C=NC3=C(N=C(N=C32)Cl)N)CO)O,COC(=O)C(C1CCCCN1)C2=CC=CC=C2,0,unreported_twosides_sampled,0.0026769903488457203,0.004977837170605171,0.004977837170605171,fitted,platt_logistic_regression,0.4858491299419137,0,0.03136170189673724,0.8769100169779287,0.0008488964346349745,no_interaction,1,False,0.6296296296296297,0.3225806451612903,0.3225806451612903,False,False,True
C1=NC2=C(N1)C(=S)N=CN2,C1=NC2=C(N1COC(CO)CO)NC(=NC2=O)N,0,unreported_twosides_sampled,0.16979758441448212,0.19246320175300188,0.19246320175300188,fitted,platt_logistic_regression,0.4858491299419137,0,0.48977498499057703,0.4397283531409168,0.050933786078098474,no_interaction,1,False,0.3142857142857143,0.7307692307692307,0.3142857142857143,False,False,True
C1C(C(OC1N2C=NC3=C(N=C(N=C32)Cl)N)CO)O,C1NC2=CC(=C(C=C2S(=O)(=O)N1)S(=O)(=O)N)Cl,0,unreported_twosides_sampled,0.029413042590022087,0.041624592542178686,0.041624592542178686,fitted,platt_logistic_regression,0.4858491299419137,0,0.17307326140168183,0.6977928692699491,0.0050933786078098476,no_interaction,1,False,0.6296296296296297,0.5454545454545454,0.5454545454545454,False,False,False
C1=CN(C(=O)N=C1N)C2C(C(C(O2)CO)O)O,C1=NC2=C(N1COC(CO)CO)NC(=NC2=O)N,1,reported_twosides,0.8090084195137024,0.7804183794984066,0.7804183794984066,fitted,platt_logistic_regression,0.4858491299419137,1,0.526377922309187,0.05432937181663837,0.4091680814940577,interaction,1,False,0.5306122448979592,0.7307692307692307,0.5306122448979592,False,False,False
C1=CN(C(=O)N=C1N)C2C(C(C(O2)CO)O)O,C1CNCC(C1C2=CC=C(C=C2)F)COC3=CC4=C(C=C3)OCO4,1,reported_twosides,0.4745445251464844,0.47255563797588174,0.47255563797588174,fitted,platt_logistic_regression,0.4858491299419137,0,0.6916400372334982,0.20458404074702885,0.15789473684210525,no_interaction|interaction,2,True,0.5306122448979592,0.24050632911392406,0.24050632911392406,False,False,True
CC1=CN(C(=O)NC1=O)C2CC(C(O2)CO)N=[N+]=[N-],CC1=NN=C2N1C3=C(C=C(C=C3)Cl)C(=NC2)C4=CC=CC=C4,1,reported_twosides,0.07998409867286682,0.10003214522869862,0.10003214522869862,fitted,platt_logistic_regression,0.4858491299419137,0,0.32515359793789267,0.567062818336163,0.02037351443123939,no_interaction,1,False,0.7083333333333334,0.62,0.62,False,False,False
CCCCC(C)(CC=CC1C(CC(=O)C1CCCCCCC(=O)OC)O)O,CCOC(=O)C1(CCN(CC1)C)C2=CC=CC=C2,1,reported_twosides,0.44176217913627625,0.4433260302485466,0.4433260302485466,fitted,platt_logistic_regression,0.4858491299419137,0,0.6867094762827418,0.22580645161290322,0.1434634974533107,no_interaction|interaction,2,True,0.3698630136986301,0.3559322033898305,0.3559322033898305,False,False,True
C1NC2=CC(=C(C=C2S(=O)(=O)N1)S(=O)(=O)N)Cl,CC1=CC=CC=C1S(=O)(=O)NC(=O)C2=CC(=C(C=C2)CC3=CN(C4=C3C=C(C=C4)NC(=O)OC5CCCC5)C)OC,1,reported_twosides,0.05558205395936966,0.07278133362464134,0.07278133362464134,fitted,platt_logistic_regression,0.4858491299419137,0,0.26077469157504807,0.6179966044142614,0.010186757215619695,no_interaction,1,False,0.5454545454545454,0.2631578947368421,0.2631578947368421,False,False,True
C1C(C(OC1N2C=NC3=C(N=C(N=C32)Cl)N)CO)O,CC(C)OC(=O)C(C)(C)OC1=CC=C(C=C1)C(=O)C2=CC=C(C=C2)Cl,0,unreported_twosides_sampled,0.01354844681918621,0.020996892207710234,0.020996892207710234,fitted,platt_logistic_regression,0.4858491299419137,0,0.10189388935108626,0.7733446519524618,0.001697792869269949,no_interaction,1,False,0.6296296296296297,0.3137254901960784,0.3137254901960784,False,False,True
C1C(C2C(O1)C(CO2)O[N+](=O)[O-])O,C1CC(CCC1C2=CC=C(C=C2)Cl)C3=C(C4=CC=CC=C4C(=O)C3=O)O,0,unreported_twosides_sampled,0.3900587558746338,0.39708253474797356,0.39708253474797356,fitted,platt_logistic_regression,0.4858491299419137,0,0.671810989644992,0.2538200339558574,0.12139219015280135,no_interaction|interaction,2,True,0.8076923076923077,0.2549019607843137,0.2549019607843137,False,False,True
C1=NC2=C(N1COC(CO)CO)NC(=NC2=O)N,CC(C)[N+]1(C2CCC1CC(C2)OC(=O)C(CO)C3=CC=CC=C3)C,0,unreported_twosides_sampled,0.4810674488544464,0.47836908924592586,0.47836908924592586,fitted,platt_logistic_regression,0.4858491299419137,0,0.6922110958384995,0.19524617996604415,0.166383701188455,no_interaction|interaction,2,True,0.7307692307692307,0.6326530612244898,0.6326530612244898,False,False,False
C1CNCC(C1C2=CC=C(C=C2)F)COC3=CC4=C(C=C3)OCO4,CCOC(=O)C1(CCN(CC1)C)C2=CC=CC=C2,1,reported_twosides,0.6595523953437805,0.6389033820590275,0.6389033820590275,fitted,platt_logistic_regression,0.4858491299419137,1,0.6540465408479939,0.10611205432937182,0.28183361629881154,no_interaction|interaction,2,True,0.24050632911392406,0.3559322033898305,0.24050632911392406,False,False,True
C1=NC2=C(N1)C(=S)N=CN2,CC(C1=CC=CC2=CC=CC=C21)NCCCC3=CC(=CC=C3)C(F)(F)F,0,unreported_twosides_sampled,0.030454741790890694,0.04291957760343189,0.04291957760343189,fitted,platt_logistic_regression,0.4858491299419137,0,0.1771142309632455,0.6943972835314092,0.0050933786078098476,no_interaction,1,False,0.3142857142857143,0.24285714285714285,0.24285714285714285,False,False,True
CC1CC2C3CCC4=CC(=O)C=CC4(C3(C(CC2(C1(C(=O)CCl)O)C)O)Cl)C,CNC(=O)CN(CCN(CCN(CC(=O)NC)CC(=O)[O-])CC(=O)[O-])CC(=O)[O-].O.[Gd+3],0,unreported_twosides_sampled,0.020032986998558044,0.029668302403748174,0.029668302403748174,fitted,platt_logistic_regression,0.4858491299419137,0,0.13358725737600446,0.7393887945670629,0.004244482173174873,no_interaction,1,False,0.8620689655172413,0.5675675675675675,0.5675675675675675,False,False,False
CC1=C(C(=NO1)C2=C(C=CC=C2Cl)Cl)C(=O)NC3C4N(C3=O)C(C(S4)(C)C)C(=O)[O-],CNCCC(C1=CC=CS1)OC2=CC=CC3=CC=CC=C32,0,unreported_twosides_sampled,0.2690594792366028,0.28697731692392325,0.28697731692392325,fitted,platt_logistic_regression,0.4858491299419137,0,0.5994229874653295,0.3361629881154499,0.07215619694397284,no_interaction,1,False,0.7777777777777778,0.2647058823529412,0.2647058823529412,False,False,True
C1=NC2=C(N1)C(=S)N=CN2,CC(C)[N+]1(C2CCC1CC(C2)OC(=O)C(CO)C3=CC=CC=C3)C,0,unreported_twosides_sampled,0.40611597895622253,0.41147294688569847,0.41147294688569847,fitted,platt_logistic_regression,0.4858491299419137,0,0.6773901655936323,0.24533106960950765,0.1273344651952462,no_interaction|interaction,2,True,0.3142857142857143,0.6326530612244898,0.3142857142857143,False,False,True
CCCCCN=C(N)NNC=C1C=NC2=C1C=C(C=C2)CO,C[N+]1(CCC2=CC(=C(C=C2C1CC3=CC(=C(C=C3)OC)OC)OC)OC)CCC(=O)OCCCCCOC(=O)CC[N+]4(CCC5=CC(=C(C=C5C4CC6=CC(=C(C=C6)OC)OC)OC)OC)C.C1=CC=C(C=C1)S(=O)(=O)[O-].C1=CC=C(C=C1)S(=O)(=O)[O-],0,unreported_twosides_sampled,0.29516077041625977,0.3110671009818322,0.3110671009818322,fitted,platt_logistic_regression,0.4858491299419137,0,0.6199518124260136,0.3166383701188455,0.08234295415959253,no_interaction,1,False,0.25,0.25,0.25,False,False,True
C1=NC2=C(N1)C(=S)N=CN2,COC(=O)C(C1CCCCN1)C2=CC=CC=C2,0,unreported_twosides_sampled,0.5252299904823303,0.5177516389679035,0.5177516389679035,fitted,platt_logistic_regression,0.4858491299419137,1,0.692516806719655,0.16808149405772496,0.19185059422750425,no_interaction|interaction,2,True,0.3142857142857143,0.3225806451612903,0.3142857142857143,False,False,True
C1C(C(OC1N2C=NC3=C(N=C(N=C32)Cl)N)CO)O,CC1CC2C3CCC4=CC(=O)C=CC4(C3(C(CC2(C1(C(=O)CCl)O)C)O)Cl)C,0,unreported_twosides_sampled,0.014979852363467216,0.022947840250733688,0.022947840250733688,fitted,platt_logistic_regression,0.4858491299419137,0,0.10929984588308408,0.764855687606112,0.001697792869269949,no_interaction,1,False,0.6296296296296297,0.8620689655172413,0.6296296296296297,False,False,False
C1=CC=C(C=C1)C2(C(=O)NC(=O)N2)C3=CC=CC=C3,COC1=CC(=CC(=C1OC)OC)CC2=CN=C(N=C2N)N,1,reported_twosides,0.4460907578468323,0.44718779990452956,0.44718779990452956,fitted,platt_logistic_regression,0.4858491299419137,0,0.68755850471906,0.22241086587436332,0.14516129032258066,no_interaction|interaction,2,True,0.4,0.22857142857142856,0.22857142857142856,False,False,True
C1=CN(C=N1)CC(O)(P(=O)(O)O)P(=O)(O)O,C1=NC2=C(N1COC(CO)CO)NC(=NC2=O)N,0,unreported_twosides_sampled,0.5931470990180969,0.5786199962353232,0.5786199962353232,fitted,platt_logistic_regression,0.4858491299419137,1,0.6807335209756831,0.13157894736842105,0.23769100169779286,no_interaction|interaction,2,True,0.36585365853658536,0.7307692307692307,0.36585365853658536,False,False,True
C1CC2CN(C(=O)C3=CC=CC(=C23)C1)C4CN5CCC4CC5,CC1CC2C3CCC4=CC(=O)C=CC4(C3(C(CC2(C1(C(=O)CCl)O)C)O)Cl)C,0,unreported_twosides_sampled,0.03449276462197304,0.04788771147157397,0.04788771147157397,fitted,platt_logistic_regression,0.4858491299419137,0,0.1922481325617967,0.6748726655348047,0.0050933786078098476,no_interaction,1,False,0.30303030303030304,0.8620689655172413,0.30303030303030304,False,False,True
C1=CN=CC=C1C(=O)NN,CC1=NN=C2N1C3=C(C=C(C=C3)Cl)C(=NC2)C4=CC=CC=C4,1,reported_twosides,0.2033250629901886,0.2250180749832542,0.2250180749832542,fitted,platt_logistic_regression,0.4858491299419137,0,0.5331861942643029,0.40237691001697795,0.05602716468590832,no_interaction,1,False,0.30303030303030304,0.62,0.30303030303030304,False,False,True
CC(C)OC(=O)C(C)(C)OC1=CC=C(C=C1)C(=O)C2=CC=C(C=C2)Cl,COC1=C(C=C2C(=C1)C(=NC(=N2)N3CCN(CC3)C(=O)C4=CC=CO4)N)OC,0,unreported_twosides_sampled,0.5274105072021484,0.5196985059928272,0.5196985059928272,fitted,platt_logistic_regression,0.4858491299419137,1,0.69237091740095,0.16808149405772496,0.19439728353140917,no_interaction|interaction,2,True,0.3137254901960784,0.5882352941176471,0.3137254901960784,False,False,True
COC1=CC(=CC(=C1OC)OC)CC2=CN=C(N=C2N)N,C[N+]1(CCC2=CC(=C(C=C2C1CC3=CC(=C(C=C3)OC)OC)OC)OC)CCC(=O)OCCCCCOC(=O)CC[N+]4(CCC5=CC(=C(C=C5C4CC6=CC(=C(C=C6)OC)OC)OC)OC)C.C1=CC=C(C=C1)S(=O)(=O)[O-].C1=CC=C(C=C1)S(=O)(=O)[O-],0,unreported_twosides_sampled,0.7452029585838318,0.7186666567617411,0.7186666567617411,fitted,platt_logistic_regression,0.4858491299419137,1,0.5942082039752312,0.07215619694397284,0.34295415959252973,interaction,1,False,0.22857142857142856,0.25,0.22857142857142856,False,False,True
C1=NC2=C(N1)C(=S)N=CN2,CC(C)C1=NC(=NC(=C1CCC(CC(CC(=O)O)O)O)C2=CC=C(C=C2)F)N(C)S(=O)(=O)C,0,unreported_twosides_sampled,0.026927514001727104,0.038510606777864775,0.038510606777864775,fitted,platt_logistic_regression,0.4858491299419137,0,0.16318154177273708,0.7011884550084889,0.004244482173174873,no_interaction,1,False,0.3142857142857143,0.4473684210526316,0.3142857142857143,False,False,True
C1=CC=C(C=C1)C2(C(=O)NC(=O)N2)C3=CC=CC=C3,C1CNCC(C1C2=CC=C(C=C2)F)COC3=CC4=C(C=C3)OCO4,1,reported_twosides,0.5398677587509155,0.530827817582393,0.530827817582393,fitted,platt_logistic_regression,0.4858491299419137,1,0.6912452658201526,0.15534804753820033,0.20967741935483872,no_interaction|interaction,2,True,0.4,0.24050632911392406,0.24050632911392406,False,False,True
C1=NC2=C(N1COC(CO)CO)NC(=NC2=O)N,CC1=CC=CC=C1OC(CCNC)C2=CC=CC=C2,0,unreported_twosides_sampled,0.03426565229892731,0.04761035663949206,0.04761035663949206,fitted,platt_logistic_regression,0.4858491299419137,0,0.1914180452769731,0.6757215619694398,0.0050933786078098476,no_interaction,1,False,0.7307692307692307,0.30612244897959184,0.30612244897959184,False,False,True
C1CC(CCC1C2=CC=C(C=C2)Cl)C3=C(C4=CC=CC=C4C(=O)C3=O)O,CCC12CCC3C(C1CCC2(C#C)O)CCC4=CC(=O)CCC34,0,unreported_twosides_sampled,0.36911681294441223,0.37826024908618094,0.37826024908618094,fitted,platt_logistic_regression,0.4858491299419137,0,0.6632060073223172,0.26825127334465193,0.11205432937181664,no_interaction|interaction,2,True,0.2549019607843137,0.7169811320754716,0.2549019607843137,False,False,True
C1=CN=CC=C1C(=O)NN,C1NC2=CC(=C(C=C2S(=O)(=O)N1)S(=O)(=O)N)Cl,1,reported_twosides,0.2756936848163605,0.2931234039747832,0.2931234039747832,fitted,platt_logistic_regression,0.4858491299419137,0,0.6049246883826168,0.33276740237691,0.07385398981324279,no_interaction,1,False,0.30303030303030304,0.5454545454545454,0.30303030303030304,False,False,True
C1C(C2C(O1)C(CO2)O[N+](=O)[O-])O,CC(C)(C)NCC(COC1=NSN=C1N2CCOCC2)O,1,reported_twosides,0.505840003490448,0.5004516641070271,0.5004516641070271,fitted,platt_logistic_regression,0.4858491299419137,1,0.6931467725589586,0.1808149405772496,0.1808149405772496,no_interaction|interaction,2,True,0.8076923076923077,0.4,0.4,False,False,False
CC1CC2C3CCC4=CC(=O)C=CC4(C3(C(CC2(C1(C(=O)CCl)O)C)O)Cl)C,CNCCC(C1=CC=CS1)OC2=CC=CC3=CC=CC=C32,1,reported_twosides,0.0676802396774292,0.08646013903765361,0.08646013903765361,fitted,platt_logistic_regression,0.4858491299419137,0,0.2942704554838653,0.5925297113752123,0.015280135823429542,no_interaction,1,False,0.8620689655172413,0.2647058823529412,0.2647058823529412,False,False,True
C1CC2CN(C(=O)C3=CC=CC(=C23)C1)C4CN5CCC4CC5,CCCCC(C)(CC=CC1C(CC(=O)C1CCCCCCC(=O)OC)O)O,0,unreported_twosides_sampled,0.4773603081703186,0.47506517240432783,0.47506517240432783,fitted,platt_logistic_regression,0.4858491299419137,0,0.6919031733685697,0.200339558573854,0.16468590831918506,no_interaction|interaction,2,True,0.30303030303030304,0.3698630136986301,0.30303030303030304,False,False,True
CC1=C(C(=NO1)C2=C(C=CC=C2Cl)Cl)C(=O)NC3C4N(C3=O)C(C(S4)(C)C)C(=O)[O-],CCC(C)(C)C(=O)OC1CC(C=C2C1C(C(C=C2)C)CCC3CC(CC(=O)O3)O)C,0,unreported_twosides_sampled,0.043725598603487015,0.05897933594547031,0.05897933594547031,fitted,platt_logistic_regression,0.4858491299419137,0,0.22414984444556743,0.6477079796264855,0.005942275042444821,no_interaction,1,False,0.7777777777777778,0.7424242424242424,0.7424242424242424,False,False,False
C1NC2=CC(=C(C=C2S(=O)(=O)N1)S(=O)(=O)N)Cl,CC(=O)N(CC(CO)O)C1=C(C(=C(C(=C1I)C(=O)NCC(CO)O)I)C(=O)NCC(CO)O)I,1,reported_twosides,0.005567896645516157,0.009544268782275534,0.009544268782275534,fitted,platt_logistic_regression,0.4858491299419137,0,0.05389674391640906,0.8353140916808149,0.0008488964346349745,no_interaction,1,False,0.5454545454545454,0.9487179487179487,0.5454545454545454,False,False,False
C1=CC=C(C=C1)C2(C(=O)NC(=O)N2)C3=CC=CC=C3,CC(C)(C)NCC(COC1=NSN=C1N2CCOCC2)O,1,reported_twosides,0.16429606080055237,0.18704294008789502,0.18704294008789502,fitted,platt_logistic_regression,0.4858491299419137,0,0.48190667522326236,0.44227504244482174,0.0500848896434635,no_interaction,1,False,0.4,0.4,0.4,False,False,False
CC1=CC(=C(C=C1)C)OCCCC(C)(C)C(=O)O,CNC(=O)CN(CCN(CCN(CC(=O)NC)CC(=O)[O-])CC(=O)[O-])CC(=O)[O-].O.[Gd+3],0,unreported_twosides_sampled,0.09977353364229202,0.12128005235614968,0.12128005235614968,fitted,platt_logistic_regression,0.4858491299419137,0,0.36946767168427963,0.5297113752122241,0.02801358234295416,no_interaction,1,False,0.26,0.5675675675675675,0.26,False,False,True
CC(C)C1=NC(=NC(=C1CCC(CC(CC(=O)O)O)O)C2=CC=C(C=C2)F)N(C)S(=O)(=O)C,CC(CCC1=CC=C(C=C1)O)NCCC2=CC(=C(C=C2)O)O,0,unreported_twosides_sampled,0.22242586314678192,0.2432461010586474,0.2432461010586474,fitted,platt_logistic_regression,0.4858491299419137,0,0.554792845889725,0.3837011884550085,0.06281833616298811,no_interaction,1,False,0.4473684210526316,0.38596491228070173,0.38596491228070173,False,False,True
C1=CC=C(C=C1)C2(C(=O)NC(=O)N2)C3=CC=CC=C3,CNC(=O)CN(CCN(CCN(CC(=O)NC)CC(=O)[O-])CC(=O)[O-])CC(=O)[O-].O.[Gd+3],0,unreported_twosides_sampled,0.03726663067936897,0.05125665345611221,0.05125665345611221,fitted,platt_logistic_regression,0.4858491299419137,0,0.20219889013402542,0.6689303904923599,0.0050933786078098476,no_interaction,1,False,0.4,0.5675675675675675,0.4,False,False,False
C1C(C(OC1N2C=NC3=C(N=C(N=C32)Cl)N)CO)O,CC(C1=CC=CC2=CC=CC=C21)NCCCC3=CC(=CC=C3)C(F)(F)F,0,unreported_twosides_sampled,0.011315769515931606,0.017902771429414776,0.017902771429414776,fitted,platt_logistic_regression,0.4858491299419137,0,0.0897608162540007,0.7886247877758913,0.0008488964346349745,no_interaction,1,False,0.6296296296296297,0.24285714285714285,0.24285714285714285,False,False,True
C1NC2=CC(=C(C=C2S(=O)(=O)N1)S(=O)(=O)N)Cl,COC1=CC(=CC(=C1OC)OC)CC2=CN=C(N=C2N)N,1,reported_twosides,0.5096930265426636,0.5038878750165705,0.5038878750165705,fitted,platt_logistic_regression,0.4858491299419137,1,0.6931169491110083,0.1765704584040747,0.18166383701188454,no_interaction|interaction,2,True,0.5454545454545454,0.22857142857142856,0.22857142857142856,False,False,True
CCC12CCC3C(C1CCC2(C#C)O)CCC4=CC(=O)CCC34,CCOC(=O)C1(CCN(CC1)C)C2=CC=CC=C2,0,unreported_twosides_sampled,0.29311564564704895,0.30918804668694033,0.30918804668694033,fitted,platt_logistic_regression,0.4858491299419137,0,0.6184494631003691,0.31833616298811546,0.08149405772495756,no_interaction,1,False,0.7169811320754716,0.3559322033898305,0.3559322033898305,False,False,True
CCC(C)(C)C(=O)OC1CC(C=C2C1C(C(C=C2)C)CCC3CC(CC(=O)O3)O)C,COC1=CC(=CC(=C1OC)OC)CC2=CN=C(N=C2N)N,1,reported_twosides,0.8652565479278564,0.8374106277175257,0.8374106277175257,fitted,platt_logistic_regression,0.4858491299419137,1,0.4439388136035427,0.04074702886247878,0.47453310696095075,interaction,1,False,0.7424242424242424,0.22857142857142856,0.22857142857142856,False,False,True
CC1=CN(C(=O)NC1=O)C2CC(C(O2)CO)N=[N+]=[N-],CCOC(=O)C1(CCN(CC1)C)C2=CC=CC=C2,0,unreported_twosides_sampled,0.061938051134347916,0.0800130981843719,0.0800130981843719,fitted,platt_logistic_regression,0.4858491299419137,0,0.2788013609149092,0.6018675721561969,0.014431239388794566,no_interaction,1,False,0.7083333333333334,0.3559322033898305,0.3559322033898305,False,False,True
CC1=CC(=C(C=C1)C)OCCCC(C)(C)C(=O)O,CN1CCCC(CC1)N2C(=O)C3=CC=CC=C3C(=N2)CC4=CC=C(C=C4)Cl,0,unreported_twosides_sampled,0.18441607058048248,0.20675346514047027,0.20675346514047027,fitted,platt_logistic_regression,0.4858491299419137,0,0.5096233667711383,0.4227504244482173,0.05263157894736842,no_interaction,1,False,0.26,0.3,0.26,False,False,True
CCCCC(C)(CC=CC1C(CC(=O)C1CCCCCCC(=O)OC)O)O,COC1=C(C=C2C(=C1)C(=NC(=N2)N3CCN(CC3)C(=O)C4=CC=CO4)N)OC,0,unreported_twosides_sampled,0.8636112809181213,0.8356990269640369,0.8356990269640369,fitted,platt_logistic_regression,0.4858491299419137,1,0.4467335475916372,0.04074702886247878,0.47283531409168084,interaction,1,False,0.3698630136986301,0.5882352941176471,0.3698630136986301,False,False,True
C1CC(CCC1C2=CC=C(C=C2)Cl)C3=C(C4=CC=CC=C4C(=O)C3=O)O,CC1=NN=C2N1C3=C(C=C(C=C3)Cl)C(=NC2)C4=CC=CC=C4Cl,0,unreported_twosides_sampled,0.9909390211105347,0.9847357103853442,0.9847357103853442,fitted,platt_logistic_regression,0.4858491299419137,1,0.07898610326589066,0.0008488964346349745,0.799660441426146,interaction,1,False,0.2549019607843137,0.5454545454545454,0.2549019607843137,False,False,True
C1CC(CCC1C2=CC=C(C=C2)Cl)C3=C(C4=CC=CC=C4C(=O)C3=O)O,CC(C)OC(=O)C(C)(C)OC1=CC=C(C=C1)C(=O)C2=CC=C(C=C2)Cl,1,reported_twosides,0.23010319471359253,0.25051623661996897,0.25051623661996897,fitted,platt_logistic_regression,0.4858491299419137,0,0.5629015781717558,0.3777589134125637,0.0636672325976231,no_interaction,1,False,0.2549019607843137,0.3137254901960784,0.2549019607843137,False,False,True
C1=CN(C=N1)CC(O)(P(=O)(O)O)P(=O)(O)O,CC(C1=CC=CC2=CC=CC=C21)NCCCC3=CC(=CC=C3)C(F)(F)F,1,reported_twosides,0.12121742963790894,0.14365187212087194,0.14365187212087194,fitted,platt_logistic_regression,0.4858491299419137,0,0.411537706934821,0.5,0.03395585738539898,no_interaction,1,False,0.36585365853658536,0.24285714285714285,0.24285714285714285,False,False,True
CCP(CC)CC.CC(=O)OCC1C(C(C(C(O1)[S-])OC(=O)C)OC(=O)C)OC(=O)C.[Au+],CNCCC(C1=CC=CS1)OC2=CC=CC3=CC=CC=C32,0,unreported_twosides_sampled,0.2770901918411255,0.29441506519588145,0.29441506519588145,fitted,platt_logistic_regression,0.4858491299419137,0,0.6060576666598191,0.33191850594227507,0.07470288624787776,no_interaction,1,False,0.22950819672131148,0.2647058823529412,0.22950819672131148,False,False,True
CN1CCCC(CC1)N2C(=O)C3=CC=CC=C3C(=N2)CC4=CC=C(C=C4)Cl,CNCCC(C1=CC=CC=C1)OC2=CC=C(C=C2)C(F)(F)F,1,reported_twosides,0.11339098960161209,0.1355561710980682,0.1355561710980682,fitted,platt_logistic_regression,0.4858491299419137,0,0.3968139001102956,0.5084889643463497,0.03225806451612903,no_interaction,1,False,0.3,0.30612244897959184,0.3,False,False,True
C1CNCC(C1C2=CC=C(C=C2)F)COC3=CC4=C(C=C3)OCO4,CC1=NN=C2N1C3=C(C=C(C=C3)Cl)C(=NC2)C4=CC=CC=C4,1,reported_twosides,0.28248128294944763,0.29939478068033104,0.29939478068033104,fitted,platt_logistic_regression,0.4858491299419137,0,0.6103506285646402,0.32767402376910015,0.07640067911714771,no_interaction,1,False,0.24050632911392406,0.62,0.24050632911392406,False,False,True
C1=CC=C(C=C1)C2(C(=O)NC(=O)N2)C3=CC=CC=C3,CCC(C)(C)C(=O)OC1CC(C=C2C1C(C(C=C2)C)CCC3CC(CC(=O)O3)O)C,1,reported_twosides,0.6604487299919128,0.6397246263624616,0.6397246263624616,fitted,platt_logistic_regression,0.4858491299419137,1,0.6535764703665169,0.10611205432937182,0.28183361629881154,no_interaction|interaction,2,True,0.4,0.7424242424242424,0.4,False,False,False
CCC12CCC3C(C1CCC2(C#C)O)CCC4=CC(=O)CCC34,CN1CCC23C4C1CC5=C2C(=C(C=C5)O)OC3C(=O)CC4,1,reported_twosides,0.5536760091781616,0.5431803970612455,0.5431803970612455,fitted,platt_logistic_regression,0.4858491299419137,1,0.6894134379159456,0.1502546689303905,0.21731748726655348,no_interaction|interaction,2,True,0.7169811320754716,0.5333333333333333,0.5333333333333333,False,False,False
CCC(C)(C)C(=O)OC1CC(C=C2C1C(C(C=C2)C)CCC3CC(CC(=O)O3)O)C,CCOC(=O)C1(CCN(CC1)C)C2=CC=CC=C2,1,reported_twosides,0.7393327951431274,0.7131019259789357,0.7131019259789357,fitted,platt_logistic_regression,0.4858491299419137,1,0.5993508523576866,0.07215619694397284,0.3361629881154499,interaction,1,False,0.7424242424242424,0.3559322033898305,0.3559322033898305,False,False,True
CCOC(=O)C1(CCN(CC1)C)C2=CC=CC=C2,COC1=CC(=CC(=C1OC)OC)CC2=CN=C(N=C2N)N,0,unreported_twosides_sampled,0.6743683815002441,0.6525092977061869,0.6525092977061869,fitted,platt_logistic_regression,0.4858491299419137,1,0.6458794313893794,0.100169779286927,0.28862478777589134,no_interaction|interaction,2,True,0.3559322033898305,0.22857142857142856,0.22857142857142856,False,False,True
C1NC2=CC(=C(C=C2S(=O)(=O)N1)S(=O)(=O)N)Cl,CC(C)CN(CC(C(CC1=CC=CC=C1)NC(=O)OC2CCOC2)O)S(=O)(=O)C3=CC=C(C=C3)N,0,unreported_twosides_sampled,0.0696619376540184,0.08866751289551905,0.08866751289551905,fitted,platt_logistic_regression,0.4858491299419137,0,0.2994440462499173,0.5891341256366723,0.016129032258064516,no_interaction,1,False,0.5454545454545454,0.7972972972972973,0.5454545454545454,False,False,False
C1CC2CN(C(=O)C3=CC=CC(=C23)C1)C4CN5CCC4CC5,CNCCC(C1=CC=CC=C1)OC2=CC=C(C=C2)C(F)(F)F,0,unreported_twosides_sampled,0.09427521377801895,0.11544051220627961,0.11544051220627961,fitted,platt_logistic_regression,0.4858491299419137,0,0.3577409997759097,0.5390492359932089,0.025466893039049237,no_interaction,1,False,0.30303030303030304,0.30612244897959184,0.30303030303030304,False,False,True
CNCCC(C1=CC=CS1)OC2=CC=CC3=CC=CC=C32,C[N+]1(CCC2=CC(=C(C=C2C1CC3=CC(=C(C=C3)OC)OC)OC)OC)CCC(=O)OCCCCCOC(=O)CC[N+]4(CCC5=CC(=C(C=C5C4CC6=CC(=C(C=C6)OC)OC)OC)OC)C.C1=CC=C(C=C1)S(=O)(=O)[O-].C1=CC=C(C=C1)S(=O)(=O)[O-],0,unreported_twosides_sampled,0.20472051203250885,0.22635694978206836,0.22635694978206836,fitted,platt_logistic_regression,0.4858491299419137,0,0.5348367932720635,0.400679117147708,0.05602716468590832,no_interaction,1,False,0.2647058823529412,0.25,0.25,False,False,True
CN1CCC23C4C1CC5=C2C(=C(C=C5)O)OC3C(=O)CC4,COC1=C(C=C2C(=C1)C(=NC(=N2)N3CCN(CC3)C(=O)C4=CC=CO4)N)OC,0,unreported_twosides_sampled,0.39778274297714233,0.4040087321799683,0.4040087321799683,fitted,platt_logistic_regression,0.4858491299419137,0,0.6746036258533121,0.24787775891341257,0.12563667232597622,no_interaction|interaction,2,True,0.5333333333333333,0.5882352941176471,0.5333333333333333,False,False,False
C1NC2=CC(=C(C=C2S(=O)(=O)N1)S(=O)(=O)N)Cl,CCCC(C)(COC(=O)N)COC(=O)N,1,reported_twosides,0.42127761244773865,0.425034338978684,0.425034338978684,fitted,platt_logistic_regression,0.4858491299419137,0,0.6818649863346014,0.23769100169779286,0.133276740237691,no_interaction|interaction,2,True,0.5454545454545454,0.6774193548387096,0.5454545454545454,False,False,False
C1CC2CN(C(=O)C3=CC=CC(=C23)C1)C4CN5CCC4CC5,CC(C)[N+]1(C2CCC1CC(C2)OC(=O)C(CO)C3=CC=CC=C3)C,0,unreported_twosides_sampled,0.16881050169467926,0.1914924685062989,0.1914924685062989,fitted,platt_logistic_regression,0.4858491299419137,0,0.4883798369060325,0.4405772495755518,0.0500848896434635,no_interaction,1,False,0.30303030303030304,0.6326530612244898,0.30303030303030304,False,False,True
C1=CC=C(C=C1)C2(C(=O)NC(=O)N2)C3=CC=CC=C3,C1C(C2C(O1)C(CO2)O[N+](=O)[O-])O,1,reported_twosides,0.44092363119125366,0.4425777972344316,0.4425777972344316,fitted,platt_logistic_regression,0.4858491299419137,0,0.6865379884638616,0.22750424448217318,0.14261460101867574,no_interaction|interaction,2,True,0.4,0.8076923076923077,0.4,False,False,False
CC(C)[N+]1(C2CCC1CC(C2)OC(=O)C(CO)C3=CC=CC=C3)C,COC1=CC(=CC(=C1OC)OC)CC2=CN=C(N=C2N)N,1,reported_twosides,0.23441274464130402,0.25458403420806897,0.25458403420806897,fitted,platt_logistic_regression,0.4858491299419137,0,0.5673154111905118,0.37521222410865873,0.06536502546689305,no_interaction,1,False,0.6326530612244898,0.22857142857142856,0.22857142857142856,False,False,True
CNCC(C1=CC(=C(C=C1)O)O)O,COC1=CC(=CC(=C1OC)OC)CC2=CN=C(N=C2N)N,0,unreported_twosides_sampled,0.45462310314178467,0.454797400274878,0.454797400274878,fitted,platt_logistic_regression,0.4858491299419137,0,0.6890550456069655,0.21731748726655348,0.1502546689303905,no_interaction|interaction,2,True,0.475,0.22857142857142856,0.22857142857142856,False,False,True
CCC12CCC3C(C1CCC2(C#C)O)CCC4=CC(=O)CCC34,COC1=C(C=C2C(=C1)C(=NC(=N2)N3CCN(CC3)C(=O)C4=CC=CO4)N)OC,0,unreported_twosides_sampled,0.18409648537635803,0.2064427149939143,0.2064427149939143,fitted,platt_logistic_regression,0.4858491299419137,0,0.5092052354536557,0.4235993208828523,0.05263157894736842,no_interaction,1,False,0.7169811320754716,0.5882352941176471,0.5882352941176471,False,False,False
C1C(C2C(O1)C(CO2)O[N+](=O)[O-])O,CCCCCN=C(N)NNC=C1C=NC2=C1C=C(C=C2)CO,1,reported_twosides,0.16087141633033752,0.1836564885647015,0.1836564885647015,fitted,platt_logistic_regression,0.4858491299419137,0,0.4768929398545137,0.44906621392190155,0.04838709677419355,no_interaction,1,False,0.8076923076923077,0.25,0.25,False,False,True
CCOC(=O)C1(CCN(CC1)C)C2=CC=CC=C2,CN1CCCC(CC1)N2C(=O)C3=CC=CC=C3C(=N2)CC4=CC=C(C=C4)Cl,0,unreported_twosides_sampled,0.8005680441856384,0.7720983697899371,0.7720983697899371,fitted,platt_logistic_regression,0.4858491299419137,1,0.53672839984626,0.05602716468590832,0.398981324278438,interaction,1,False,0.3559322033898305,0.3,0.3,False,False,True
C1=CC=C(C=C1)C2(C(=O)NC(=O)N2)C3=CC=CC=C3,CCP(CC)CC.CC(=O)OCC1C(C(C(C(O1)[S-])OC(=O)C)OC(=O)C)OC(=O)C.[Au+],0,unreported_twosides_sampled,0.10697466880083084,0.128861083804327,0.128861083804327,fitted,platt_logistic_regression,0.4858491299419137,0,0.3842159248208549,0.5169779286926995,0.030560271646859084,no_interaction,1,False,0.4,0.22950819672131148,0.22950819672131148,False,False,True
C1=CN=CC=C1C(=O)NN,C1=NC2=C(N1)C(=S)N=CN2,0,unreported_twosides_sampled,0.3795684278011322,0.3876624768376465,0.3876624768376465,fitted,platt_logistic_regression,0.4858491299419137,0,0.667690992006359,0.2614601018675722,0.11460101867572156,no_interaction|interaction,2,True,0.30303030303030304,0.3142857142857143,0.30303030303030304,False,False,True
CC1CC2C3CCC4=CC(=O)C=CC4(C3(C(CC2(C1(C(=O)CCl)O)C)O)Cl)C,CNCC(C1=CC(=C(C=C1)O)O)O,1,reported_twosides,0.30295678973197937,0.31821790667990185,0.31821790667990185,fitted,platt_logistic_regression,0.4858491299419137,0,0.6255188612137661,0.3098471986417657,0.08743633276740238,no_interaction,1,False,0.8620689655172413,0.475,0.475,False,False,False
C1CC(CCC1C2=CC=C(C=C2)Cl)C3=C(C4=CC=CC=C4C(=O)C3=O)O,CCCCCN=C(N)NNC=C1C=NC2=C1C=C(C=C2)CO,0,unreported_twosides_sampled,0.1538705974817276,0.17670289243235668,0.17670289243235668,fitted,platt_logistic_regression,0.4858491299419137,0,0.4663569232072429,0.45840407470288624,0.0432937181663837,no_interaction,1,False,0.2549019607843137,0.25,0.25,False,False,True
C1=CN(C=N1)CC(O)(P(=O)(O)O)P(=O)(O)O,CNCCC(C1=CC=CC=C1)OC2=CC=C(C=C2)C(F)(F)F,1,reported_twosides,0.01057905051857233,0.016866352531434658,0.016866352531434658,fitted,platt_logistic_regression,0.4858491299419137,0,0.08557909054457093,0.7937181663837012,0.0008488964346349745,no_interaction,1,False,0.36585365853658536,0.30612244897959184,0.30612244897959184,False,False,True
C1=CN(C(=O)N=C1N)C2C(C(C(O2)CO)O)O,CCC(C)(C)C(=O)OC1CC(C=C2C1C(C(C=C2)C)CCC3CC(CC(=O)O3)O)C,1,reported_twosides,0.904885470867157,0.8796965516971867,0.8796965516971867,fitted,platt_logistic_regression,0.4858491299419137,1,0.3675291551526566,0.02801358234295416,0.533106960950764,interaction,1,False,0.5306122448979592,0.7424242424242424,0.5306122448979592,False,False,False
C1=CN(C=N1)CC(O)(P(=O)(O)O)P(=O)(O)O,CNCC(C1=CC(=C(C=C1)O)O)O,1,reported_twosides,0.7435950040817261,0.7171406710472826,0.7171406710472826,fitted,platt_logistic_regression,0.4858491299419137,1,0.5956336085961507,0.07215619694397284,0.34210526315789475,interaction,1,False,0.36585365853658536,0.475,0.36585365853658536,False,False,True
C1=CN(C(=O)N=C1N)C2C(C(C(O2)CO)O)O,C1=CN=CC=C1C(=O)NN,1,reported_twosides,0.7497333884239197,0.7229731663409824,0.7229731663409824,fitted,platt_logistic_regression,0.4858491299419137,1,0.5901233043399866,0.07130730050933787,0.3471986417657046,interaction,1,False,0.5306122448979592,0.30303030303030304,0.30303030303030304,False,False,True
CC(CCC1=CC=C(C=C1)O)NCCC2=CC(=C(C=C2)O)O,CC1=CN(C(=O)NC1=O)C2CC(C(O2)CO)N=[N+]=[N-],0,unreported_twosides_sampled,0.16848336160182953,0.1911705780933647,0.1911705780933647,fitted,platt_logistic_regression,0.4858491299419137,0,0.4879158700188503,0.4405772495755518,0.0500848896434635,no_interaction,1,False,0.38596491228070173,0.7083333333333334,0.38596491228070173,False,False,True
C1=NC2=C(N1)C(=S)N=CN2,CCOC(=O)C1(CCN(CC1)C)C2=CC=CC=C2,1,reported_twosides,0.5165486335754395,0.5100035419044819,0.5100035419044819,fitted,platt_logistic_regression,0.4858491299419137,1,0.692947025504304,0.17147707979626486,0.18590831918505943,no_interaction|interaction,2,True,0.3142857142857143,0.3559322033898305,0.3142857142857143,False,False,True
C1=CN(C(=O)N=C1N)C2C(C(C(O2)CO)O)O,CC1=CC=CC=C1OC(CCNC)C2=CC=CC=C2,0,unreported_twosides_sampled,0.04021536186337471,0.054802399871283304,0.054802399871283304,fitted,platt_logistic_regression,0.4858491299419137,0,0.21241987579694652,0.6587436332767402,0.0050933786078098476,no_interaction,1,False,0.5306122448979592,0.30612244897959184,0.30612244897959184,False,False,True
CC(C)[N+]1(C2CCC1CC(C2)OC(=O)C(CO)C3=CC=CC=C3)C,CC(CCC1=CC=C(C=C1)O)NCCC2=CC(=C(C=C2)O)O,1,reported_twosides,0.04783795773983002,0.06381700870599467,0.06381700870599467,fitted,platt_logistic_regression,0.4858491299419137,0,0.23734347924784024,0.6409168081494058,0.00933786078098472,no_interaction,1,False,0.6326530612244898,0.38596491228070173,0.38596491228070173,False,False,True
C1=CN(C=N1)CC(O)(P(=O)(O)O)P(=O)(O)O,CCC(C)(C)C(=O)OC1CC(C=C2C1C(C(C=C2)C)CCC3CC(CC(=O)O3)O)C,1,reported_twosides,0.9855439066886902,0.9769208927609612,0.9769208927609612,fitted,platt_logistic_regression,0.4858491299419137,1,0.10979188632123826,0.001697792869269949,0.7640067911714771,interaction,1,False,0.36585365853658536,0.7424242424242424,0.36585365853658536,False,False,True
C1=NC2=C(N1)C(=S)N=CN2,CNCCC(C1=CC=CC=C1)OC2=CC=C(C=C2)C(F)(F)F,0,unreported_twosides_sampled,0.003274406073614955,0.005954570753222503,0.005954570753222503,fitted,platt_logistic_regression,0.4858491299419137,0,0.036445622851932626,0.865025466893039,0.0008488964346349745,no_interaction,1,False,0.3142857142857143,0.30612244897959184,0.30612244897959184,False,False,True
C1CC(CCC1C2=CC=C(C=C2)Cl)C3=C(C4=CC=CC=C4C(=O)C3=O)O,CC(C)C1=NC(=NC(=C1CCC(CC(CC(=O)O)O)O)C2=CC=C(C=C2)F)N(C)S(=O)(=O)C,0,unreported_twosides_sampled,0.06858295947313309,0.08746673992354068,0.08746673992354068,fitted,platt_logistic_regression,0.4858491299419137,0,0.2966372697666389,0.5899830220713073,0.015280135823429542,no_interaction,1,False,0.2549019607843137,0.4473684210526316,0.2549019607843137,False,False,True
C1CNCC(C1C2=CC=C(C=C2)F)COC3=CC4=C(C=C3)OCO4,CC(C)C1=NC(=NC(=C1CCC(CC(CC(=O)O)O)O)C2=CC=C(C=C2)F)N(C)S(=O)(=O)C,1,reported_twosides,0.08573493361473083,0.10627490985649438,0.10627490985649438,fitted,platt_logistic_regression,0.4858491299419137,0,0.33865555467587416,0.5534804753820034,0.022071307300509338,no_interaction,1,False,0.24050632911392406,0.4473684210526316,0.24050632911392406,False,False,True
CC(C)(C)NCC(COC1=NSN=C1N2CCOCC2)O,CNCC(C1=CC(=C(C=C1)O)O)O,1,reported_twosides,0.6054204106330872,0.5896897793293221,0.5896897793293221,fitted,platt_logistic_regression,0.4858491299419137,1,0.676971257414966,0.1273344651952462,0.2470288624787776,no_interaction|interaction,2,True,0.4,0.475,0.4,False,False,False
CC1=CN(C(=O)NC1=O)C2CC(C(O2)CO)N=[N+]=[N-],CNCC(C1=CC(=C(C=C1)O)O)O,0,unreported_twosides_sampled,0.26311200857162476,0.2814529851610093,0.2814529851610093,fitted,platt_logistic_regression,0.4858491299419137,0,0.5943203756407415,0.34295415959252973,0.07215619694397284,no_interaction,1,False,0.7083333333333334,0.475,0.475,False,False,False
C1=CC=C(C=C1)C2(C(=O)NC(=O)N2)C3=CC=CC=C3,CC1=C(C(=NO1)C2=C(C=CC=C2Cl)Cl)C(=O)NC3C4N(C3=O)C(C(S4)(C)C)C(=O)[O-],0,unreported_twosides_sampled,0.021197492256760597,0.031185510274114286,0.031185510274114286,fitted,platt_logistic_regression,0.4858491299419137,0,0.13883927282611733,0.7359932088285229,0.004244482173174873,no_interaction,1,False,0.4,0.7777777777777778,0.4,False,False,False
C1NC2=CC(=C(C=C2S(=O)(=O)N1)S(=O)(=O)N)Cl,CCP(CC)CC.CC(=O)OCC1C(C(C(C(O1)[S-])OC(=O)C)OC(=O)C)OC(=O)C.[Au+],1,reported_twosides,0.39444124698638916,0.4010133254603013,0.4010133254603013,fitted,platt_logistic_regression,0.4858491299419137,0,0.6734203965009183,0.2495755517826825,0.1230899830220713,no_interaction|interaction,2,True,0.5454545454545454,0.22950819672131148,0.22950819672131148,False,False,True
C1C(C2C(O1)C(CO2)O[N+](=O)[O-])O,C1CNCC(C1C2=CC=C(C=C2)F)COC3=CC4=C(C=C3)OCO4,1,reported_twosides,0.6971352696418762,0.6735569876098727,0.6735569876098727,fitted,platt_logistic_regression,0.4858491299419137,1,0.6316309657988977,0.0933786078098472,0.30475382003395585,interaction,1,False,0.8076923076923077,0.24050632911392406,0.24050632911392406,False,False,True
CC1=NN=C2N1C3=C(C=C(C=C3)Cl)C(=NC2)C4=CC=CC=C4,CCP(CC)CC.CC(=O)OCC1C(C(C(C(O1)[S-])OC(=O)C)OC(=O)C)OC(=O)C.[Au+],0,unreported_twosides_sampled,0.2728769779205322,0.2905159690175681,0.2905159690175681,fitted,platt_logistic_regression,0.4858491299419137,0,0.6026130267576809,0.33531409168081494,0.07385398981324279,no_interaction,1,False,0.62,0.22950819672131148,0.22950819672131148,False,False,True
C1=NC2=C(N1COC(CO)CO)NC(=NC2=O)N,CNC(=C[N+](=O)[O-])NCCSCC1=CSC(=N1)CN(C)C,0,unreported_twosides_sampled,0.9584497213363647,0.9415446045259023,0.9415446045259023,fitted,platt_logistic_regression,0.4858491299419137,1,0.22269616572231862,0.005942275042444821,0.6485568760611206,interaction,1,False,0.7307692307692307,0.603448275862069,0.603448275862069,False,False,False
CC(C1=CC=CC2=CC=CC=C21)NCCCC3=CC(=CC=C3)C(F)(F)F,CN1CCCC(CC1)N2C(=O)C3=CC=CC=C3C(=N2)CC4=CC=C(C=C4)Cl,0,unreported_twosides_sampled,0.27364581823349,0.29122798109413156,0.29122798109413156,fitted,platt_logistic_regression,0.4858491299419137,0,0.6032475385034055,0.33531409168081494,0.07385398981324279,no_interaction,1,False,0.24285714285714285,0.3,0.24285714285714285,False,False,True
CC1=NN=C2N1C3=C(C=C(C=C3)Cl)C(=NC2)C4=CC=CC=C4,CCCCC(C)(CC=CC1C(CC(=O)C1CCCCCCC(=O)OC)O)O,1,reported_twosides,0.13949790596961975,0.1622882068856415,0.1622882068856415,fitted,platt_logistic_regression,0.4858491299419137,0,0.44344484415716046,0.47453310696095075,0.04074702886247878,no_interaction,1,False,0.62,0.3698630136986301,0.3698630136986301,False,False,True
C1=CN(C=N1)CC(O)(P(=O)(O)O)P(=O)(O)O,CC1=NN=C2N1C3=C(C=C(C=C3)Cl)C(=NC2)C4=CC=CC=C4,1,reported_twosides,0.3976956903934479,0.40393071379621887,0.40393071379621887,fitted,platt_logistic_regression,0.4858491299419137,0,0.6745732804832012,0.24872665534804753,0.12563667232597622,no_interaction|interaction,2,True,0.36585365853658536,0.62,0.36585365853658536,False,False,True
C1=CN(C(=O)N=C1N)C2C(C(C(O2)CO)O)O,CCC12CCC3C(C1CCC2(C#C)O)CCC4=CC(=O)CCC34,0,unreported_twosides_sampled,0.29136788845062256,0.3075811328214927,0.3075811328214927,fitted,platt_logistic_regression,0.4858491299419137,0,0.6171515856550531,0.32173174872665533,0.08064516129032258,no_interaction,1,False,0.5306122448979592,0.7169811320754716,0.5306122448979592,False,False,False
C1=NC2=C(N1COC(CO)CO)NC(=NC2=O)N,CC1CC2C3CCC4=CC(=O)C=CC4(C3(C(CC2(C1(C(=O)CCl)O)C)O)Cl)C,0,unreported_twosides_sampled,0.03653585910797119,0.05037236684637691,0.05037236684637691,fitted,platt_logistic_regression,0.4858491299419137,0,0.19961019867459628,0.6706281833616299,0.0050933786078098476,no_interaction,1,False,0.7307692307692307,0.8620689655172413,0.7307692307692307,False,False,False
CC(C1=CC=CC2=CC=CC=C21)NCCCC3=CC(=CC=C3)C(F)(F)F,CNC(=C[N+](=O)[O-])NCCSCC1=CSC(=N1)CN(C)C,0,unreported_twosides_sampled,0.6083967089653015,0.5923784694662341,0.5923784694662341,fitted,platt_logistic_regression,0.4858491299419137,1,0.6759811661582997,0.1273344651952462,0.24787775891341257,no_interaction|interaction,2,True,0.24285714285714285,0.603448275862069,0.24285714285714285,False,False,True
CCCCCN=C(N)NNC=C1C=NC2=C1C=C(C=C2)CO,CN1CCCC(CC1)N2C(=O)C3=CC=CC=C3C(=N2)CC4=CC=C(C=C4)Cl,0,unreported_twosides_sampled,0.4503834545612335,0.4510166455390774,0.4510166455390774,fitted,platt_logistic_regression,0.4858491299419137,0,0.6883407369488688,0.21901528013582344,0.1494057724957555,no_interaction|interaction,2,True,0.25,0.3,0.25,False,False,True
CC(C)OC(=O)C(C)(C)OC1=CC=C(C=C1)C(=O)C2=CC=C(C=C2)Cl,CN1CCCC(CC1)N2C(=O)C3=CC=CC=C3C(=N2)CC4=CC=C(C=C4)Cl,1,reported_twosides,0.3876866102218628,0.3949537949860026,0.3949537949860026,fitted,platt_logistic_regression,0.4858491299419137,0,0.6709124811005784,0.2546689303904924,0.12054329371816638,no_interaction|interaction,2,True,0.3137254901960784,0.3,0.3,False,False,True
C1C(C2C(O1)C(CO2)O[N+](=O)[O-])O,CNCCC(C1=CC=CC=C1)OC2=CC=C(C=C2)C(F)(F)F,1,reported_twosides,0.02997945435345173,0.042329439125254636,0.042329439125254636,fitted,platt_logistic_regression,0.4858491299419137,0,0.17527785324447304,0.6969439728353141,0.0050933786078098476,no_interaction,1,False,0.8076923076923077,0.30612244897959184,0.30612244897959184,False,False,True
CC1=CC=CC=C1S(=O)(=O)NC(=O)C2=CC(=C(C=C2)CC3=CN(C4=C3C=C(C=C4)NC(=O)OC5CCCC5)C)OC,CC1=NN=C2N1C3=C(C=C(C=C3)Cl)C(=NC2)C4=CC=CC=C4Cl,0,unreported_twosides_sampled,0.5625573992729187,0.5511363372467518,0.5511363372467518,fitted,platt_logistic_regression,0.4858491299419137,1,0.6879081751156303,0.1468590831918506,0.2198641765704584,no_interaction|interaction,2,True,0.2631578947368421,0.5454545454545454,0.2631578947368421,False,False,True
C1NC2=CC(=C(C=C2S(=O)(=O)N1)S(=O)(=O)N)Cl,CNC(=C[N+](=O)[O-])NCCSCC1=CSC(=N1)CN(C)C,1,reported_twosides,0.9492197632789612,0.9303298670582553,0.9303298670582553,fitted,platt_logistic_regression,0.4858491299419137,1,0.2527848463685266,0.010186757215619695,0.6273344651952462,interaction,1,False,0.5454545454545454,0.603448275862069,0.5454545454545454,False,False,False
CC(C1=CC=CC2=CC=CC=C21)NCCCC3=CC(=CC=C3)C(F)(F)F,CC1CC2C3CCC4=CC(=O)C=CC4(C3(C(CC2(C1(C(=O)CCl)O)C)O)Cl)C,0,unreported_twosides_sampled,0.005135163199156523,0.008882503647144878,0.008882503647144878,fitted,platt_logistic_regression,0.4858491299419137,0,0.05080096905119866,0.8395585738539898,0.0008488964346349745,no_interaction,1,False,0.24285714285714285,0.8620689655172413,0.24285714285714285,False,False,True
C1=NC2=C(N1COC(CO)CO)NC(=NC2=O)N,CC(C)(C)NCC(COC1=NSN=C1N2CCOCC2)O,0,unreported_twosides_sampled,0.5208572745323181,0.5138484233530064,0.5138484233530064,fitted,platt_logistic_regression,0.4858491299419137,1,0.6927635738473377,0.1697792869269949,0.18845500848896435,no_interaction|interaction,2,True,0.7307692307692307,0.4,0.4,False,False,False
C1NC2=CC(=C(C=C2S(=O)(=O)N1)S(=O)(=O)N)Cl,CN(C)CCC(C1=CC=C(C=C1)Cl)C2=CC=CC=N2,0,unreported_twosides_sampled,0.414017915725708,0.41854370442285765,0.41854370442285765,fitted,platt_logistic_regression,0.4858491299419137,0,0.6798175923024641,0.24108658743633277,0.1298811544991511,no_interaction|interaction,2,True,0.5454545454545454,0.28846153846153844,0.28846153846153844,False,False,True
CC(C)C1=NC(=NC(=C1CCC(CC(CC(=O)O)O)O)C2=CC=C(C=C2)F)N(C)S(=O)(=O)C,CC1=NN=C2N1C3=C(C=C(C=C3)Cl)C(=NC2)C4=CC=CC=C4,1,reported_twosides,0.006446578539907932,0.010870369313009954,0.010870369313009954,fitted,platt_logistic_regression,0.4858491299419137,0,0.05996377925706199,0.8259762308998302,0.0008488964346349745,no_interaction,1,False,0.4473684210526316,0.62,0.4473684210526316,False,False,False
CC1CC2C3CCC4=CC(=O)C=CC4(C3(C(CC2(C1(C(=O)CCl)O)C)O)Cl)C,CN(C)CCC(C1=CC=C(C=C1)Cl)C2=CC=CC=N2,0,unreported_twosides_sampled,0.044724103063344955,0.060159283435648296,0.060159283435648296,fitted,platt_logistic_regression,0.4858491299419137,0,0.22740557176255632,0.6460101867572157,0.007640067911714771,no_interaction,1,False,0.8620689655172413,0.28846153846153844,0.28846153846153844,False,False,True
CC(C)C1=NC(=NC(=C1CCC(CC(CC(=O)O)O)O)C2=CC=C(C=C2)F)N(C)S(=O)(=O)C,CC1CC2C3CCC4=CC(=O)C=CC4(C3(C(CC2(C1(C(=O)CCl)O)C)O)Cl)C,1,reported_twosides,0.033334311097860336,0.046470478561925814,0.046470478561925814,fitted,platt_logistic_regression,0.4858491299419137,0,0.18798861981280482,0.6833616298811545,0.0050933786078098476,no_interaction,1,False,0.4473684210526316,0.8620689655172413,0.4473684210526316,False,False,False
CN1CCCC(CC1)N2C(=O)C3=CC=CC=C3C(=N2)CC4=CC=C(C=C4)Cl,CNCCC(C1=CC=CS1)OC2=CC=CC3=CC=CC=C32,1,reported_twosides,0.15915127098560333,0.1819518384167343,0.1819518384167343,fitted,platt_logistic_regression,0.4858491299419137,0,0.4743402828949098,0.4541595925297114,0.0466893039049236,no_interaction,1,False,0.3,0.2647058823529412,0.2647058823529412,False,False,True
C1=CN=CC=C1C(=O)NN,C1CC(CCC1C2=CC=C(C=C2)Cl)C3=C(C4=CC=CC=C4C(=O)C3=O)O,0,unreported_twosides_sampled,0.3209367096424103,0.3346412132562733,0.3346412132562733,fitted,platt_logistic_regression,0.4858491299419137,0,0.637416875348102,0.299660441426146,0.09507640067911714,no_interaction,1,False,0.30303030303030304,0.2549019607843137,0.2549019607843137,False,False,True
CC1=NN=C2N1C3=C(C=C(C=C3)Cl)C(=NC2)C4=CC=CC=C4,CCCC(C)(COC(=O)N)COC(=O)N,1,reported_twosides,0.20652250945568085,0.22808415145529923,0.22808415145529923,fitted,platt_logistic_regression,0.4858491299419137,0,0.5369510172373121,0.398981324278438,0.05602716468590832,no_interaction,1,False,0.62,0.6774193548387096,0.62,False,False,False
CC1=NN=C2N1C3=C(C=C(C=C3)Cl)C(=NC2)C4=CC=CC=C4Cl,CCCCCN=C(N)NNC=C1C=NC2=C1C=C(C=C2)CO,0,unreported_twosides_sampled,0.6247227191925049,0.607159166439194,0.607159166439194,fitted,platt_logistic_regression,0.4858491299419137,1,0.6700018795384095,0.11799660441426146,0.2563667232597623,no_interaction|interaction,2,True,0.5454545454545454,0.25,0.25,False,False,True
CC(C1=CC=CC2=CC=CC=C21)NCCCC3=CC(=CC=C3)C(F)(F)F,CNC(=O)CN(CCN(CCN(CC(=O)NC)CC(=O)[O-])CC(=O)[O-])CC(=O)[O-].O.[Gd+3],1,reported_twosides,0.06405284255743027,0.08239655860371364,0.08239655860371364,fitted,platt_logistic_regression,0.4858491299419137,0,0.28458393173881635,0.597623089983022,0.014431239388794566,no_interaction,1,False,0.24285714285714285,0.5675675675675675,0.24285714285714285,False,False,True
C1=CC=C(C=C1)C2(C(=O)NC(=O)N2)C3=CC=CC=C3,CNCCC(C1=CC=CS1)OC2=CC=CC3=CC=CC=C32,0,unreported_twosides_sampled,0.4030515253543854,0.4087290113523054,0.4087290113523054,fitted,platt_logistic_regression,0.4858491299419137,0,0.676392610807379,0.2470288624787776,0.1273344651952462,no_interaction|interaction,2,True,0.4,0.2647058823529412,0.2647058823529412,False,False,True
C1=CN(C=N1)CC(O)(P(=O)(O)O)P(=O)(O)O,CC1=CC=CC=C1OC(CCNC)C2=CC=CC=C2,0,unreported_twosides_sampled,0.10638304054737091,0.1282409835868729,0.1282409835868729,fitted,platt_logistic_regression,0.4858491299419137,0,0.3830291570088804,0.5178268251273345,0.030560271646859084,no_interaction,1,False,0.36585365853658536,0.30612244897959184,0.30612244897959184,False,False,True
C1=CN=CC=C1C(=O)NN,CCP(CC)CC.CC(=O)OCC1C(C(C(C(O1)[S-])OC(=O)C)OC(=O)C)OC(=O)C.[Au+],1,reported_twosides,0.5473288297653198,0.5374999771223496,0.5374999771223496,fitted,platt_logistic_regression,0.4858491299419137,1,0.6903320413287406,0.15195246179966043,0.21561969439728354,no_interaction|interaction,2,True,0.30303030303030304,0.22950819672131148,0.22950819672131148,False,False,True
CCOC(=O)C1(CCN(CC1)C)C2=CC=CC=C2,CNCCC(C1=CC=CC=C1)OC2=CC=C(C=C2)C(F)(F)F,1,reported_twosides,0.2795458436012268,0.2966846283895362,0.2966846283895362,fitted,platt_logistic_regression,0.4858491299419137,0,0.6080289686011697,0.33191850594227507,0.07470288624787776,no_interaction,1,False,0.3559322033898305,0.30612244897959184,0.30612244897959184,False,False,True
CC(C)(C)NCC(COC1=NSN=C1N2CCOCC2)O,CCCCC(C)(CC=CC1C(CC(=O)C1CCCCCCC(=O)OC)O)O,0,unreported_twosides_sampled,0.3400134742259979,0.35197313748591574,0.35197313748591574,fitted,platt_logistic_regression,0.4858491299419137,0,0.6486595392485648,0.2869269949066214,0.1035653650254669,no_interaction|interaction,2,True,0.4,0.3698630136986301,0.3698630136986301,False,False,True
CC(C)OC(=O)C(C)(C)OC1=CC=C(C=C1)C(=O)C2=CC=C(C=C2)Cl,CNC(=C[N+](=O)[O-])NCCSCC1=CSC(=N1)CN(C)C,1,reported_twosides,0.8723355531692505,0.8448111337811424,0.8448111337811424,fitted,platt_logistic_regression,0.4858491299419137,1,0.4316051000097323,0.0365025466893039,0.4898132427843803,interaction,1,False,0.3137254901960784,0.603448275862069,0.3137254901960784,False,False,True
C1=NC2=C(N1COC(CO)CO)NC(=NC2=O)N,C1C(C2C(O1)C(CO2)O[N+](=O)[O-])O,0,unreported_twosides_sampled,0.12089496850967407,0.14331978350156835,0.14331978350156835,fitted,platt_logistic_regression,0.4858491299419137,0,0.41094438584698356,0.5,0.03395585738539898,no_interaction,1,False,0.7307692307692307,0.8076923076923077,0.7307692307692307,False,False,False
CC(C)OC(=O)C(C)(C)OC1=CC=C(C=C1)C(=O)C2=CC=C(C=C2)Cl,CCC12CCC3C(C1CCC2(C#C)O)CCC4=CC(=O)CCC34,1,reported_twosides,0.04430914670228958,0.05966935010606504,0.05966935010606504,fitted,platt_logistic_regression,0.4858491299419137,0,0.2260567567379333,0.6468590831918506,0.007640067911714771,no_interaction,1,False,0.3137254901960784,0.7169811320754716,0.3137254901960784,False,False,True
C1=CN(C=N1)CC(O)(P(=O)(O)O)P(=O)(O)O,CCOC(=O)C1(CCN(CC1)C)C2=CC=CC=C2,1,reported_twosides,0.6982423067092896,0.6745851364963891,0.6745851364963891,fitted,platt_logistic_regression,0.4858491299419137,1,0.630883854747583,0.0933786078098472,0.3064516129032258,interaction,1,False,0.36585365853658536,0.3559322033898305,0.3559322033898305,False,False,True
CCC12CCC3C(C1CCC2(C#C)O)CCC4=CC(=O)CCC34,CNCCC(C1=CC=CC=C1)OC2=CC=C(C=C2)C(F)(F)F,1,reported_twosides,0.024393953382968903,0.03529869632858041,0.03529869632858041,fitted,platt_logistic_regression,0.4858491299419137,0,0.1527038718721649,0.7207130730050934,0.004244482173174873,no_interaction,1,False,0.7169811320754716,0.30612244897959184,0.30612244897959184,False,False,True
CC1=NN=C2N1C3=C(C=C(C=C3)Cl)C(=NC2)C4=CC=CC=C4Cl,CCCCC(C)(CC=CC1C(CC(=O)C1CCCCCCC(=O)OC)O)O,1,reported_twosides,0.9323070645332336,0.9104725869274433,0.9104725869274433,fitted,platt_logistic_regression,0.4858491299419137,1,0.3014430638365436,0.016129032258064516,0.5865874363327674,interaction,1,False,0.5454545454545454,0.3698630136986301,0.3698630136986301,False,False,True
C1=CC=C(C=C1)C2(C(=O)NC(=O)N2)C3=CC=CC=C3,CN1CCCC(CC1)N2C(=O)C3=CC=CC=C3C(=N2)CC4=CC=C(C=C4)Cl,0,unreported_twosides_sampled,0.7714866995811462,0.743804441953749,0.743804441953749,fitted,platt_logistic_regression,0.4858491299419137,1,0.569039856661487,0.06536502546689305,0.3735144312393888,interaction,1,False,0.4,0.3,0.3,False,False,True
C1=CN(C=N1)CC(O)(P(=O)(O)O)P(=O)(O)O,CNCCC(C1=CC=CS1)OC2=CC=CC3=CC=CC=C32,1,reported_twosides,0.2948087751865387,0.31074378514261,0.31074378514261,fitted,platt_logistic_regression,0.4858491299419137,0,0.6196944886761502,0.3174872665534805,0.08234295415959253,no_interaction,1,False,0.36585365853658536,0.2647058823529412,0.2647058823529412,False,False,True
CNCC(C1=CC(=C(C=C1)O)O)O,COC(=O)C(C1CCCCN1)C2=CC=CC=C2,1,reported_twosides,0.6040307283401489,0.5884349724690185,0.5884349724690185,fitted,platt_logistic_regression,0.4858491299419137,1,0.6774231018738799,0.1273344651952462,0.24533106960950765,no_interaction|interaction,2,True,0.475,0.3225806451612903,0.3225806451612903,False,False,True
C1=NC2=C(N1)C(=S)N=CN2,C1CC(CCC1C2=CC=C(C=C2)Cl)C3=C(C4=CC=CC=C4C(=O)C3=O)O,0,unreported_twosides_sampled,0.26833683252334595,0.2863068253908556,0.2863068253908556,fitted,platt_logistic_regression,0.4858491299419137,0,0.5988116673524835,0.3395585738539898,0.07215619694397284,no_interaction,1,False,0.3142857142857143,0.2549019607843137,0.2549019607843137,False,False,True
CC(C)OC(=O)C(C)(C)OC1=CC=C(C=C1)C(=O)C2=CC=C(C=C2)Cl,COC1=CC(=CC(=C1OC)OC)CC2=CN=C(N=C2N)N,0,unreported_twosides_sampled,0.4643041789531708,0.4634283321435591,0.4634283321435591,fitted,platt_logistic_regression,0.4858491299419137,0,0.6904698164998944,0.21307300509337862,0.15195246179966043,no_interaction|interaction,2,True,0.3137254901960784,0.22857142857142856,0.22857142857142856,False,False,True
C1=CN(C(=O)N=C1N)C2C(C(C(O2)CO)O)O,CC1=CN(C(=O)NC1=O)C2CC(C(O2)CO)N=[N+]=[N-],1,reported_twosides,0.5260418057441711,0.5184764272731285,0.5184764272731285,fitted,platt_logistic_regression,0.4858491299419137,1,0.6924642683598683,0.16808149405772496,0.1926994906621392,no_interaction|interaction,2,True,0.5306122448979592,0.7083333333333334,0.5306122448979592,False,False,False
CC1=NN=C2N1C3=C(C=C(C=C3)Cl)C(=NC2)C4=CC=CC=C4,CCC(C)(C)C(=O)OC1CC(C=C2C1C(C(C=C2)C)CCC3CC(CC(=O)O3)O)C,1,reported_twosides,0.16915377974510193,0.19183014735805212,0.19183014735805212,fitted,platt_logistic_regression,0.4858491299419137,0,0.48886584169081504,0.4397283531409168,0.0500848896434635,no_interaction,1,False,0.62,0.7424242424242424,0.62,False,False,False
C1CNCC(C1C2=CC=C(C=C2)F)COC3=CC4=C(C=C3)OCO4,CC(C)(C)NCC(COC1=NSN=C1N2CCOCC2)O,1,reported_twosides,0.16719046235084534,0.18989759795702335,0.18989759795702335,fitted,platt_logistic_regression,0.4858491299419137,0,0.4860744465846414,0.44142614601018676,0.0500848896434635,no_interaction,1,False,0.24050632911392406,0.4,0.24050632911392406,False,False,True
CC1CC2C3CCC4=CC(=O)C=CC4(C3(C(CC2(C1(C(=O)CCl)O)C)O)Cl)C,CCP(CC)CC.CC(=O)OCC1C(C(C(C(O1)[S-])OC(=O)C)OC(=O)C)OC(=O)C.[Au+],0,unreported_twosides_sampled,0.06213246285915375,0.08023266411611216,0.08023266411611216,fitted,platt_logistic_regression,0.4858491299419137,0,0.27933725085926187,0.601018675721562,0.014431239388794566,no_interaction,1,False,0.8620689655172413,0.22950819672131148,0.22950819672131148,False,False,True
C1NC2=CC(=C(C=C2S(=O)(=O)N1)S(=O)(=O)N)Cl,CC1CC2C3CCC4=CC(=O)C=CC4(C3(C(CC2(C1(C(=O)CCl)O)C)O)Cl)C,1,reported_twosides,0.09566032141447067,0.1169159320558108,0.1169159320558108,fitted,platt_logistic_regression,0.4858491299419137,0,0.36073482823399927,0.534804753820034,0.02631578947368421,no_interaction,1,False,0.5454545454545454,0.8620689655172413,0.5454545454545454,False,False,False
C1=CN=CC=C1C(=O)NN,COC1=CC(=CC(=C1OC)OC)CC2=CN=C(N=C2N)N,0,unreported_twosides_sampled,0.40525150299072266,0.410698995936376,0.410698995936376,fitted,platt_logistic_regression,0.4858491299419137,0,0.6771119473175258,0.2461799660441426,0.1273344651952462,no_interaction|interaction,2,True,0.30303030303030304,0.22857142857142856,0.22857142857142856,False,False,True
C1=CN(C(=O)N=C1N)C2C(C(C(O2)CO)O)O,CN(C)CCC(C1=CC=C(C=C1)Cl)C2=CC=CC=N2,1,reported_twosides,0.6191542148590088,0.602111360904558,0.602111360904558,fitted,platt_logistic_regression,0.4858491299419137,1,0.6721462911745867,0.12224108658743633,0.2538200339558574,no_interaction|interaction,2,True,0.5306122448979592,0.28846153846153844,0.28846153846153844,False,False,True
CCCCCN=C(N)NNC=C1C=NC2=C1C=C(C=C2)CO,CNCCC(C1=CC=CS1)OC2=CC=CC3=CC=CC=C32,1,reported_twosides,0.24063026905059814,0.26043676127294246,0.26043676127294246,fitted,platt_logistic_regression,0.4858491299419137,0,0.5735132601298079,0.37181663837011886,0.06706281833616298,no_interaction,1,False,0.25,0.2647058823529412,0.25,False,False,True
C1=CN(C=N1)CC(O)(P(=O)(O)O)P(=O)(O)O,CC1=CC(=C(C=C1)C)OCCCC(C)(C)C(=O)O,1,reported_twosides,0.4885876476764679,0.48507150511559927,0.48507150511559927,fitted,platt_logistic_regression,0.4858491299419137,0,0.6927013943952116,0.19015280135823429,0.1697792869269949,no_interaction|interaction,2,True,0.36585365853658536,0.26,0.26,False,False,True
CC1=CN(C(=O)NC1=O)C2CC(C(O2)CO)N=[N+]=[N-],CN1CCC23C4C1CC5=C2C(=C(C=C5)O)OC3C(=O)CC4,1,reported_twosides,0.39715391397476196,0.4034451409434958,0.4034451409434958,fitted,platt_logistic_regression,0.4858491299419137,0,0.67438384780549,0.24872665534804753,0.12563667232597622,no_interaction|interaction,2,True,0.7083333333333334,0.5333333333333333,0.5333333333333333,False,False,False
C1=CN=CC=C1C(=O)NN,CNCCC(C1=CC=CC=C1)OC2=CC=C(C=C2)C(F)(F)F,1,reported_twosides,0.008830999955534935,0.014371506454391359,0.014371506454391359,fitted,platt_logistic_regression,0.4858491299419137,0,0.07523896558168638,0.8030560271646859,0.0008488964346349745,no_interaction,1,False,0.30303030303030304,0.30612244897959184,0.30303030303030304,False,False,True
C1CC(CCC1C2=CC=C(C=C2)Cl)C3=C(C4=CC=CC=C4C(=O)C3=O)O,CC(C)[N+]1(C2CCC1CC(C2)OC(=O)C(CO)C3=CC=CC=C3)C,0,unreported_twosides_sampled,0.3067997694015503,0.32173598303361245,0.32173598303361245,fitted,platt_logistic_regression,0.4858491299419137,0,0.6281710745188835,0.3089983022071307,0.0899830220713073,no_interaction,1,False,0.2549019607843137,0.6326530612244898,0.2549019607843137,False,False,True
CCCCC(C)(CC=CC1C(CC(=O)C1CCCCCCC(=O)OC)O)O,CNC(=C[N+](=O)[O-])NCCSCC1=CSC(=N1)CN(C)C,1,reported_twosides,0.9278726577758789,0.9053891952875391,0.9053891952875391,fitted,platt_logistic_regression,0.4858491299419137,1,0.3130776994681117,0.01697792869269949,0.5747028862478778,interaction,1,False,0.3698630136986301,0.603448275862069,0.3698630136986301,False,False,True
CC(C)[N+]1(C2CCC1CC(C2)OC(=O)C(CO)C3=CC=CC=C3)C,CCCCCN=C(N)NNC=C1C=NC2=C1C=C(C=C2)CO,1,reported_twosides,0.20959347486495972,0.23102319884896394,0.23102319884896394,fitted,platt_logistic_regression,0.4858491299419137,0,0.5405097314222539,0.39643463497453313,0.056876061120543296,no_interaction,1,False,0.6326530612244898,0.25,0.25,False,False,True
C1NC2=CC(=C(C=C2S(=O)(=O)N1)S(=O)(=O)N)Cl,CN1CCCC(CC1)N2C(=O)C3=CC=CC=C3C(=N2)CC4=CC=C(C=C4)Cl,1,reported_twosides,0.5474122166633606,0.5375745773310381,0.5375745773310381,fitted,platt_logistic_regression,0.4858491299419137,1,0.6903208190584675,0.15195246179966043,0.21561969439728354,no_interaction|interaction,2,True,0.5454545454545454,0.3,0.3,False,False,True
CC1=NN=C2N1C3=C(C=C(C=C3)Cl)C(=NC2)C4=CC=CC=C4,CCC12CCC3C(C1CCC2(C#C)O)CCC4=CC(=O)CCC34,1,reported_twosides,0.060328517109155655,0.07819169330678723,0.07819169330678723,fitted,platt_logistic_regression,0.4858491299419137,0,0.2743304901977905,0.6078098471986417,0.013582342954159592,no_interaction,1,False,0.62,0.7169811320754716,0.62,False,False,False
CC(C)OC(=O)C(C)(C)OC1=CC=C(C=C1)C(=O)C2=CC=C(C=C2)Cl,CNC(=O)CN(CCN(CCN(CC(=O)NC)CC(=O)[O-])CC(=O)[O-])CC(=O)[O-].O.[Gd+3],1,reported_twosides,0.05966024845838547,0.07743353233846752,0.07743353233846752,fitted,platt_logistic_regression,0.4858491299419137,0,0.27245597599593724,0.6078098471986417,0.012733446519524618,no_interaction,1,False,0.3137254901960784,0.5675675675675675,0.3137254901960784,False,False,True
CC(C)[N+]1(C2CCC1CC(C2)OC(=O)C(CO)C3=CC=CC=C3)C,CCCCC(C)(CC=CC1C(CC(=O)C1CCCCCCC(=O)OC)O)O,1,reported_twosides,0.42341840267181396,0.4269474394778006,0.4269474394778006,fitted,platt_logistic_regression,0.4858491299419137,0,0.6824355258712369,0.23599320882852293,0.13582342954159593,no_interaction|interaction,2,True,0.6326530612244898,0.3698630136986301,0.3698630136986301,False,False,True
C1=CN(C=N1)CC(O)(P(=O)(O)O)P(=O)(O)O,CC1=CC=CC=C1S(=O)(=O)NC(=O)C2=CC(=C(C=C2)CC3=CN(C4=C3C=C(C=C4)NC(=O)OC5CCCC5)C)OC,0,unreported_twosides_sampled,0.20516031980514526,0.22677868245438612,0.22677868245438612,fitted,platt_logistic_regression,0.4858491299419137,0,0.5353545940386204,0.400679117147708,0.05602716468590832,no_interaction,1,False,0.36585365853658536,0.2631578947368421,0.2631578947368421,False,False,True
C1=NC2=C(N1COC(CO)CO)NC(=NC2=O)N,CCC(C)(C)C(=O)OC1CC(C=C2C1C(C(C=C2)C)CCC3CC(CC(=O)O3)O)C,1,reported_twosides,0.39902666211128235,0.40512345657747767,0.40512345657747767,fitted,platt_logistic_regression,0.4858491299419137,0,0.6750344394579271,0.24787775891341257,0.12563667232597622,no_interaction|interaction,2,True,0.7307692307692307,0.7424242424242424,0.7307692307692307,False,False,False
CCCCCN=C(N)NNC=C1C=NC2=C1C=C(C=C2)CO,CNC(=O)CN(CCN(CCN(CC(=O)NC)CC(=O)[O-])CC(=O)[O-])CC(=O)[O-].O.[Gd+3],0,unreported_twosides_sampled,0.1233767718076706,0.1458725399666288,0.1458725399666288,fitted,platt_logistic_regression,0.4858491299419137,0,0.415482271763718,0.49745331069609505,0.03480475382003396,no_interaction,1,False,0.25,0.5675675675675675,0.25,False,False,True
CC(C)OC(=O)C(C)(C)OC1=CC=C(C=C1)C(=O)C2=CC=C(C=C2)Cl,CC1=CC(=C(C=C1)C)OCCCC(C)(C)C(=O)O,1,reported_twosides,0.1929013580083847,0.21497855126725626,0.21497855126725626,fitted,platt_logistic_regression,0.4858491299419137,0,0.520478606023674,0.41086587436332767,0.053480475382003394,no_interaction,1,False,0.3137254901960784,0.26,0.26,False,False,True
C1=NC2=C(N1COC(CO)CO)NC(=NC2=O)N,C1NC2=CC(=C(C=C2S(=O)(=O)N1)S(=O)(=O)N)Cl,0,unreported_twosides_sampled,0.26959407329559326,0.2874731979643883,0.2874731979643883,fitted,platt_logistic_regression,0.4858491299419137,0,0.5998736931322693,0.3361629881154499,0.07215619694397284,no_interaction,1,False,0.7307692307692307,0.5454545454545454,0.5454545454545454,False,False,False
CC(C)OC(=O)C(C)(C)OC1=CC=C(C=C1)C(=O)C2=CC=C(C=C2)Cl,CNCCC(C1=CC=CC=C1)OC2=CC=C(C=C2)C(F)(F)F,1,reported_twosides,0.0027570861857384443,0.005110106785980915,0.005110106785980915,fitted,platt_logistic_regression,0.4858491299419137,0,0.0320606850882549,0.8760611205432938,0.0008488964346349745,no_interaction,1,False,0.3137254901960784,0.30612244897959184,0.30612244897959184,False,False,True
CCCCCN=C(N)NNC=C1C=NC2=C1C=C(C=C2)CO,COC1=CC(=CC(=C1OC)OC)CC2=CN=C(N=C2N)N,0,unreported_twosides_sampled,0.3036934733390808,0.3188926507679366,0.3188926507679366,fitted,platt_logistic_regression,0.4858491299419137,0,0.6260319496146167,0.3098471986417657,0.08913412563667232,no_interaction,1,False,0.25,0.22857142857142856,0.22857142857142856,False,False,True
CC(C)(C)NCC(COC1=NSN=C1N2CCOCC2)O,CC(C1=CC=CC2=CC=CC=C21)NCCCC3=CC(=CC=C3)C(F)(F)F,0,unreported_twosides_sampled,0.08352304250001907,0.10388087218633826,0.10388087218633826,fitted,platt_logistic_regression,0.4858491299419137,0,0.33352739162760076,0.5560271646859083,0.022071307300509338,no_interaction,1,False,0.4,0.24285714285714285,0.24285714285714285,False,False,True
CC1=CC=CC=C1OC(CCNC)C2=CC=CC=C2,CC1=CC=CC=C1S(=O)(=O)NC(=O)C2=CC(=C(C=C2)CC3=CN(C4=C3C=C(C=C4)NC(=O)OC5CCCC5)C)OC,1,reported_twosides,0.1154494360089302,0.13769276114528053,0.13769276114528053,fitted,platt_logistic_regression,0.4858491299419137,0,0.40075296803441895,0.5067911714770797,0.03310696095076401,no_interaction,1,False,0.30612244897959184,0.2631578947368421,0.2631578947368421,False,False,True
CC1CC2C3CCC4=CC(=O)C=CC4(C3(C(CC2(C1(C(=O)CCl)O)C)O)Cl)C,CCCC(C)(COC(=O)N)COC(=O)N,0,unreported_twosides_sampled,0.31477558612823486,0.32902373810434615,0.32902373810434615,fitted,platt_logistic_regression,0.4858491299419137,0,0.6334851052133281,0.299660441426146,0.09422750424448217,no_interaction,1,False,0.8620689655172413,0.6774193548387096,0.6774193548387096,False,False,False
C1C(C2C(O1)C(CO2)O[N+](=O)[O-])O,CCCCC(C)(CC=CC1C(CC(=O)C1CCCCCCC(=O)OC)O)O,1,reported_twosides,0.6074608564376831,0.5915328646165278,0.5915328646165278,fitted,platt_logistic_regression,0.4858491299419137,1,0.6762957785260102,0.1273344651952462,0.24787775891341257,no_interaction|interaction,2,True,0.8076923076923077,0.3698630136986301,0.3698630136986301,False,False,True
C1=CN(C(=O)N=C1N)C2C(C(C(O2)CO)O)O,C1=CN(C=N1)CC(O)(P(=O)(O)O)P(=O)(O)O,1,reported_twosides,0.8941353559494019,0.8680045093884707,0.8680045093884707,fitted,platt_logistic_regression,0.4858491299419137,1,0.3901625238505986,0.030560271646859084,0.5135823429541596,interaction,1,False,0.5306122448979592,0.36585365853658536,0.36585365853658536,False,False,True
C1NC2=CC(=C(C=C2S(=O)(=O)N1)S(=O)(=O)N)Cl,CC(C)C1=NC(=NC(=C1CCC(CC(CC(=O)O)O)O)C2=CC=C(C=C2)F)N(C)S(=O)(=O)C,1,reported_twosides,0.17054948210716248,0.1932021345478655,0.1932021345478655,fitted,platt_logistic_regression,0.4858491299419137,0,0.4908329215502863,0.4388794567062818,0.050933786078098474,no_interaction,1,False,0.5454545454545454,0.4473684210526316,0.4473684210526316,False,False,False
C1=NC2=C(N1)C(=S)N=CN2,CNCCC(C1=CC=CS1)OC2=CC=CC3=CC=CC=C32,1,reported_twosides,0.3174445331096649,0.3314584446963358,0.3314584446963358,fitted,platt_logistic_regression,0.4858491299419137,0,0.6352066778597452,0.299660441426146,0.09422750424448217,no_interaction,1,False,0.3142857142857143,0.2647058823529412,0.2647058823529412,False,False,True
CC(C)C1=NC(=NC(=C1CCC(CC(CC(=O)O)O)O)C2=CC=C(C=C2)F)N(C)S(=O)(=O)C,CCCCC(C)(CC=CC1C(CC(=O)C1CCCCCCC(=O)OC)O)O,1,reported_twosides,0.06719260662794113,0.08591563026897742,0.08591563026897742,fitted,platt_logistic_regression,0.4858491299419137,0,0.29298481745442295,0.5933786078098472,0.015280135823429542,no_interaction,1,False,0.4473684210526316,0.3698630136986301,0.3698630136986301,False,False,True
C1CNCC(C1C2=CC=C(C=C2)F)COC3=CC4=C(C=C3)OCO4,CCCC(C)(COC(=O)N)COC(=O)N,1,reported_twosides,0.6147071123123169,0.598084921916636,0.598084921916636,fitted,platt_logistic_regression,0.4858491299419137,1,0.6737805277181443,0.12393887945670629,0.2495755517826825,no_interaction|interaction,2,True,0.24050632911392406,0.6774193548387096,0.24050632911392406,False,False,True
C1NC2=CC(=C(C=C2S(=O)(=O)N1)S(=O)(=O)N)Cl,CCC(C)(C)C(=O)OC1CC(C=C2C1C(C(C=C2)C)CCC3CC(CC(=O)O3)O)C,1,reported_twosides,0.7511587142944336,0.7243302231554704,0.7243302231554704,fitted,platt_logistic_regression,0.4858491299419137,1,0.5888169349482896,0.07045840407470289,0.34974533106960953,interaction,1,False,0.5454545454545454,0.7424242424242424,0.5454545454545454,False,False,False
CC(C)C1=NC(=NC(=C1CCC(CC(CC(=O)O)O)O)C2=CC=C(C=C2)F)N(C)S(=O)(=O)C,CN(C)CCC(C1=CC=C(C=C1)Cl)C2=CC=CC=N2,0,unreported_twosides_sampled,0.19243988394737244,0.21453247260916636,0.21453247260916636,fitted,platt_logistic_regression,0.4858491299419137,0,0.5199002672479471,0.41256366723259763,0.053480475382003394,no_interaction,1,False,0.4473684210526316,0.28846153846153844,0.28846153846153844,False,False,True
CC(C)OC(=O)C(C)(C)OC1=CC=C(C=C1)C(=O)C2=CC=C(C=C2)Cl,CC(C)[N+]1(C2CCC1CC(C2)OC(=O)C(CO)C3=CC=CC=C3)C,1,reported_twosides,0.2981819212436676,0.31384047229365714,0.31384047229365714,fitted,platt_logistic_regression,0.4858491299419137,0,0.6221391012561841,0.31239388794567063,0.08573853989813243,no_interaction,1,False,0.3137254901960784,0.6326530612244898,0.3137254901960784,False,False,True
CC(C)[N+]1(C2CCC1CC(C2)OC(=O)C(CO)C3=CC=CC=C3)C,CC(C1=CC=CC2=CC=CC=C21)NCCCC3=CC(=CC=C3)C(F)(F)F,1,reported_twosides,0.055467639118433,0.07265016589336905,0.07265016589336905,fitted,platt_logistic_regression,0.4858491299419137,0,0.26044077758165046,0.6179966044142614,0.010186757215619695,no_interaction,1,False,0.6326530612244898,0.24285714285714285,0.24285714285714285,False,False,True
C1C(C2C(O1)C(CO2)O[N+](=O)[O-])O,CC(C)[N+]1(C2CCC1CC(C2)OC(=O)C(CO)C3=CC=CC=C3)C,1,reported_twosides,0.4647786617279053,0.4638512816586518,0.4638512816586518,fitted,platt_logistic_regression,0.4858491299419137,0,0.6905314393872028,0.21222410865874364,0.15280135823429541,no_interaction|interaction,2,True,0.8076923076923077,0.6326530612244898,0.6326530612244898,False,False,False
C1=CN(C(=O)N=C1N)C2C(C(C(O2)CO)O)O,COC1=C(C=C2C(=C1)C(=NC(=N2)N3CCN(CC3)C(=O)C4=CC=CO4)N)OC,0,unreported_twosides_sampled,0.9735727906227112,0.9607093301170855,0.9607093301170855,fitted,platt_logistic_regression,0.4858491299419137,1,0.16568326957088597,0.004244482173174873,0.700339558573854,interaction,1,False,0.5306122448979592,0.5882352941176471,0.5306122448979592,False,False,False
CC(C)C1=NC(=NC(=C1CCC(CC(CC(=O)O)O)O)C2=CC=C(C=C2)F)N(C)S(=O)(=O)C,CC(C)OC(=O)C(C)(C)OC1=CC=C(C=C1)C(=O)C2=CC=C(C=C2)Cl,1,reported_twosides,0.043563272804021835,0.05878717909739467,0.05878717909739467,fitted,platt_logistic_regression,0.4858491299419137,0,0.22361727965845604,0.6477079796264855,0.005942275042444821,no_interaction,1,False,0.4473684210526316,0.3137254901960784,0.3137254901960784,False,False,True
C1NC2=CC(=C(C=C2S(=O)(=O)N1)S(=O)(=O)N)Cl,CC(C)(C)NCC(COC1=NSN=C1N2CCOCC2)O,1,reported_twosides,0.19638991355895996,0.2183462257525567,0.2183462257525567,fitted,platt_logistic_regression,0.4858491299419137,0,0.5248068515564422,0.4091680814940577,0.05432937181663837,no_interaction,1,False,0.5454545454545454,0.4,0.4,False,False,False
C1=CC=C(C=C1)C2(C(=O)NC(=O)N2)C3=CC=CC=C3,CCOC(=O)C1(CCN(CC1)C)C2=CC=CC=C2,0,unreported_twosides_sampled,0.6781011819839478,0.6559481037633474,0.6559481037633474,fitted,platt_logistic_regression,0.4858491299419137,1,0.6436865653448023,0.09762308998302208,0.2920203735144312,interaction,1,False,0.4,0.3559322033898305,0.3559322033898305,False,False,True
C1CC(CCC1C2=CC=C(C=C2)Cl)C3=C(C4=CC=CC=C4C(=O)C3=O)O,CC(CCC1=CC=C(C=C1)O)NCCC2=CC(=C(C=C2)O)O,0,unreported_twosides_sampled,0.08097629994153976,0.1011135263463848,0.1011135263463848,fitted,platt_logistic_regression,0.4858491299419137,0,0.327522774886785,0.5628183361629882,0.022071307300509338,no_interaction,1,False,0.2549019607843137,0.38596491228070173,0.2549019607843137,False,False,True
CC1=CC=CC=C1S(=O)(=O)NC(=O)C2=CC(=C(C=C2)CC3=CN(C4=C3C=C(C=C4)NC(=O)OC5CCCC5)C)OC,CNCCC(C1=CC=CS1)OC2=CC=CC3=CC=CC=C32,1,reported_twosides,0.22770945727825165,0.2482527366017068,0.2482527366017068,fitted,platt_logistic_regression,0.4858491299419137,0,0.5604074257369256,0.37860780984719866,0.0636672325976231,no_interaction,1,False,0.2631578947368421,0.2647058823529412,0.2631578947368421,False,False,True
C1=CC=C(C=C1)C2(C(=O)NC(=O)N2)C3=CC=CC=C3,C1=CN(C(=O)N=C1N)C2C(C(C(O2)CO)O)O,1,reported_twosides,0.37773987650871277,0.3860187949750273,0.3860187949750273,fitted,platt_logistic_regression,0.4858491299419137,0,0.6669338915708527,0.2623089983022071,0.11460101867572156,no_interaction|interaction,2,True,0.4,0.5306122448979592,0.4,False,False,False
CC(C1=CC=CC2=CC=CC=C21)NCCCC3=CC(=CC=C3)C(F)(F)F,CC1=CC=CC=C1S(=O)(=O)NC(=O)C2=CC(=C(C=C2)CC3=CN(C4=C3C=C(C=C4)NC(=O)OC5CCCC5)C)OC,0,unreported_twosides_sampled,0.11672662198543549,0.13901576509007293,0.13901576509007293,fitted,platt_logistic_regression,0.4858491299419137,0,0.4031727824689401,0.5042444821731749,0.03310696095076401,no_interaction,1,False,0.24285714285714285,0.2631578947368421,0.24285714285714285,False,False,True
C1=CN(C=N1)CC(O)(P(=O)(O)O)P(=O)(O)O,CC(C)(C)NCC(COC1=NSN=C1N2CCOCC2)O,1,reported_twosides,0.7268362045288086,0.7013104185802681,0.7013104185802681,fitted,platt_logistic_regression,0.4858491299419137,1,0.6097498952201049,0.07640067911714771,0.3293718166383701,interaction,1,False,0.36585365853658536,0.4,0.36585365853658536,False,False,True
C1=CC=C(C=C1)C2(C(=O)NC(=O)N2)C3=CC=CC=C3,CC(C1=CC=CC2=CC=CC=C21)NCCCC3=CC(=CC=C3)C(F)(F)F,1,reported_twosides,0.007669550366699696,0.012682054942333636,0.012682054942333636,fitted,platt_logistic_regression,0.4858491299419137,0,0.06799102378645619,0.8166383701188455,0.0008488964346349745,no_interaction,1,False,0.4,0.24285714285714285,0.24285714285714285,False,False,True
C1=CN(C(=O)N=C1N)C2C(C(C(O2)CO)O)O,CC1=CC(=C(C=C1)C)OCCCC(C)(C)C(=O)O,0,unreported_twosides_sampled,0.27916407585144043,0.29633193410359465,0.29633193410359465,fitted,platt_logistic_regression,0.4858491299419137,0,0.6077242474373967,0.33191850594227507,0.07470288624787776,no_interaction,1,False,0.5306122448979592,0.26,0.26,False,False,True
CCC(C)(C)C(=O)OC1CC(C=C2C1C(C(C=C2)C)CCC3CC(CC(=O)O3)O)C,COC(=O)C(C1CCCCN1)C2=CC=CC=C2,1,reported_twosides,0.694110095500946,0.6707497102267598,0.6707497102267598,fitted,platt_logistic_regression,0.4858491299419137,1,0.6336464305764705,0.09422750424448217,0.299660441426146,interaction,1,False,0.7424242424242424,0.3225806451612903,0.3225806451612903,False,False,True
C1=CN(C(=O)N=C1N)C2C(C(C(O2)CO)O)O,CC(C)[N+]1(C2CCC1CC(C2)OC(=O)C(CO)C3=CC=CC=C3)C,1,reported_twosides,0.45303547382354736,0.4533816967279178,0.4533816967279178,fitted,platt_logistic_regression,0.4858491299419137,0,0.6887943287118603,0.21731748726655348,0.1502546689303905,no_interaction|interaction,2,True,0.5306122448979592,0.6326530612244898,0.5306122448979592,False,False,False
CC1=NN=C2N1C3=C(C=C(C=C3)Cl)C(=NC2)C4=CC=CC=C4,CNCCC(C1=CC=CC=C1)OC2=CC=C(C=C2)C(F)(F)F,1,reported_twosides,0.014344889670610428,0.02208532471431578,0.02208532471431578,fitted,platt_logistic_regression,0.4858491299419137,0,0.1060474805752745,0.7682512733446519,0.001697792869269949,no_interaction,1,False,0.62,0.30612244897959184,0.30612244897959184,False,False,True
C1=CN(C(=O)N=C1N)C2C(C(C(O2)CO)O)O,COC1=CC(=CC(=C1OC)OC)CC2=CN=C(N=C2N)N,1,reported_twosides,0.5929407477378845,0.5784341099744956,0.5784341099744956,fitted,platt_logistic_regression,0.4858491299419137,1,0.6807923966792346,0.13157894736842105,0.23769100169779286,no_interaction|interaction,2,True,0.5306122448979592,0.22857142857142856,0.22857142857142856,False,False,True
CC(C)(C)NCC(COC1=NSN=C1N2CCOCC2)O,COC(=O)C(C1CCCCN1)C2=CC=CC=C2,0,unreported_twosides_sampled,0.48793819546699524,0.48449265617569415,0.48449265617569415,fitted,platt_logistic_regression,0.4858491299419137,0,0.6926661479992515,0.19015280135823429,0.1697792869269949,no_interaction|interaction,2,True,0.4,0.3225806451612903,0.3225806451612903,False,False,True
CC(C)(C)NCC(COC1=NSN=C1N2CCOCC2)O,CCOC(=O)C1(CCN(CC1)C)C2=CC=CC=C2,0,unreported_twosides_sampled,0.5666143298149109,0.5547737097664881,0.5547737097664881,fitted,platt_logistic_regression,0.4858491299419137,1,0.687134802740164,0.1434634974533107,0.22580645161290322,no_interaction|interaction,2,True,0.4,0.3559322033898305,0.3559322033898305,False,False,True
C1=NC2=C(N1COC(CO)CO)NC(=NC2=O)N,CC1=C(C(=NO1)C2=C(C=CC=C2Cl)Cl)C(=O)NC3C4N(C3=O)C(C(S4)(C)C)C(=O)[O-],0,unreported_twosides_sampled,0.61896812915802,0.6019427929988274,0.6019427929988274,fitted,platt_logistic_regression,0.4858491299419137,1,0.6722160645419257,0.12224108658743633,0.2538200339558574,no_interaction|interaction,2,True,0.7307692307692307,0.7777777777777778,0.7307692307692307,False,False,False
CC(C)C1=NC(=NC(=C1CCC(CC(CC(=O)O)O)O)C2=CC=C(C=C2)F)N(C)S(=O)(=O)C,CC(C1=CC=CC2=CC=CC=C21)NCCCC3=CC(=CC=C3)C(F)(F)F,1,reported_twosides,0.11703842133283615,0.139338443537753,0.139338443537753,fitted,platt_logistic_regression,0.4858491299419137,0,0.4037607483407512,0.5042444821731749,0.03310696095076401,no_interaction,1,False,0.4473684210526316,0.24285714285714285,0.24285714285714285,False,False,True
C1C(C2C(O1)C(CO2)O[N+](=O)[O-])O,CNCCC(C1=CC=CS1)OC2=CC=CC3=CC=CC=C32,1,reported_twosides,0.5133480429649353,0.5071481077477487,0.5071481077477487,fitted,platt_logistic_regression,0.4858491299419137,1,0.6930449861899213,0.1731748726655348,0.18505942275042445,no_interaction|interaction,2,True,0.8076923076923077,0.2647058823529412,0.2647058823529412,False,False,True
CC1=C(C(=NO1)C2=C(C=CC=C2Cl)Cl)C(=O)NC3C4N(C3=O)C(C(S4)(C)C)C(=O)[O-],CNC(=C[N+](=O)[O-])NCCSCC1=CSC(=N1)CN(C)C,0,unreported_twosides_sampled,0.8802593946456909,0.853167784583742,0.853167784583742,fitted,platt_logistic_regression,0.4858491299419137,1,0.41717466226717426,0.03480475382003396,0.49745331069609505,interaction,1,False,0.7777777777777778,0.603448275862069,0.603448275862069,False,False,False
C1=CN(C(=O)N=C1N)C2C(C(C(O2)CO)O)O,CC1=NN=C2N1C3=C(C=C(C=C3)Cl)C(=NC2)C4=CC=CC=C4,1,reported_twosides,0.5246214866638184,0.5172083961652748,0.5172083961652748,fitted,platt_logistic_regression,0.4858491299419137,1,0.6925548057842498,0.16808149405772496,0.19185059422750425,no_interaction|interaction,2,True,0.5306122448979592,0.62,0.5306122448979592,False,False,False
C1CNCC(C1C2=CC=C(C=C2)F)COC3=CC4=C(C=C3)OCO4,CN1CCC23C4C1CC5=C2C(=C(C=C5)O)OC3C(=O)CC4,1,reported_twosides,0.43209701776504517,0.4346992403177697,0.4346992403177697,fitted,platt_logistic_regression,0.4858491299419137,0,0.6845943907767933,0.23259762308998302,0.14091680814940577,no_interaction|interaction,2,True,0.24050632911392406,0.5333333333333333,0.24050632911392406,False,False,True
C1=CN(C(=O)N=C1N)C2C(C(C(O2)CO)O)O,CC(C)C1=NC(=NC(=C1CCC(CC(CC(=O)O)O)O)C2=CC=C(C=C2)F)N(C)S(=O)(=O)C,0,unreported_twosides_sampled,0.08036351203918457,0.10044587771694141,0.10044587771694141,fitted,platt_logistic_regression,0.4858491299419137,0,0.3260615638424713,0.565365025466893,0.02037351443123939,no_interaction,1,False,0.5306122448979592,0.4473684210526316,0.4473684210526316,False,False,False
C1C(C2C(O1)C(CO2)O[N+](=O)[O-])O,CC(CCC1=CC=C(C=C1)O)NCCC2=CC(=C(C=C2)O)O,0,unreported_twosides_sampled,0.4095715284347534,0.41456582467393754,0.41456582467393754,fitted,platt_logistic_regression,0.4858491299419137,0,0.6784773073207002,0.24193548387096775,0.12903225806451613,no_interaction|interaction,2,True,0.8076923076923077,0.38596491228070173,0.38596491228070173,False,False,True
CC1=NN=C2N1C3=C(C=C(C=C3)Cl)C(=NC2)C4=CC=CC=C4,CCCCCN=C(N)NNC=C1C=NC2=C1C=C(C=C2)CO,1,reported_twosides,0.13507531583309174,0.15781229657018706,0.15781229657018706,fitted,platt_logistic_regression,0.4858491299419137,0,0.436024296752071,0.4855687606112054,0.03904923599320883,no_interaction,1,False,0.62,0.25,0.25,False,False,True
CC1=CC(=C(C=C1)C)OCCCC(C)(C)C(=O)O,CNC(=C[N+](=O)[O-])NCCSCC1=CSC(=N1)CN(C)C,0,unreported_twosides_sampled,0.5536859631538391,0.5431893087675932,0.5431893087675932,fitted,platt_logistic_regression,0.4858491299419137,1,0.6894118946679682,0.1502546689303905,0.21731748726655348,no_interaction|interaction,2,True,0.26,0.603448275862069,0.26,False,False,True
CC1=CC=CC=C1OC(CCNC)C2=CC=CC=C2,CNCCC(C1=CC=CC=C1)OC2=CC=C(C=C2)C(F)(F)F,1,reported_twosides,0.3868115246295929,0.3941683027176587,0.3941683027176587,fitted,platt_logistic_regression,0.4858491299419137,0,0.6705761490597728,0.2546689303904924,0.11884550084889643,no_interaction|interaction,2,True,0.30612244897959184,0.30612244897959184,0.30612244897959184,False,False,True
C1=CN=CC=C1C(=O)NN,COC1=C(C=C2C(=C1)C(=NC(=N2)N3CCN(CC3)C(=O)C4=CC=CO4)N)OC,0,unreported_twosides_sampled,0.40140414237976074,0.40725348495397606,0.40725348495397606,fitted,platt_logistic_regression,0.4858491299419137,0,0.6758433077701343,0.24787775891341257,0.1273344651952462,no_interaction|interaction,2,True,0.30303030303030304,0.5882352941176471,0.30303030303030304,False,False,True
C1NC2=CC(=C(C=C2S(=O)(=O)N1)S(=O)(=O)N)Cl,CC(CCC1=CC=C(C=C1)O)NCCC2=CC(=C(C=C2)O)O,0,unreported_twosides_sampled,0.4780240058898926,0.47565668083361484,0.47565668083361484,fitted,platt_logistic_regression,0.4858491299419137,0,0.6919615175107846,0.19864176570458403,0.16468590831918506,no_interaction|interaction,2,True,0.5454545454545454,0.38596491228070173,0.38596491228070173,False,False,True
C1C(C2C(O1)C(CO2)O[N+](=O)[O-])O,CC1=NN=C2N1C3=C(C=C(C=C3)Cl)C(=NC2)C4=CC=CC=C4,1,reported_twosides,0.39787957072257996,0.4040955101646834,0.4040955101646834,fitted,platt_logistic_regression,0.4858491299419137,0,0.674637348587829,0.24787775891341257,0.12563667232597622,no_interaction|interaction,2,True,0.8076923076923077,0.62,0.62,False,False,False
CC(C)C1=NC(=NC(=C1CCC(CC(CC(=O)O)O)O)C2=CC=C(C=C2)F)N(C)S(=O)(=O)C,COC1=CC(=CC(=C1OC)OC)CC2=CN=C(N=C2N)N,1,reported_twosides,0.34734678268432617,0.3586130608526555,0.3586130608526555,fitted,platt_logistic_regression,0.4858491299419137,0,0.6526160229043757,0.28183361629881154,0.10611205432937182,no_interaction|interaction,2,True,0.4473684210526316,0.22857142857142856,0.22857142857142856,False,False,True
CC(C)(C)NCC(COC1=NSN=C1N2CCOCC2)O,CNC(=O)CN(CCN(CCN(CC(=O)NC)CC(=O)[O-])CC(=O)[O-])CC(=O)[O-].O.[Gd+3],0,unreported_twosides_sampled,0.18038028478622437,0.20282394682493865,0.20282394682493865,fitted,platt_logistic_regression,0.4858491299419137,0,0.5042924115379528,0.4303904923599321,0.05263157894736842,no_interaction,1,False,0.4,0.5675675675675675,0.4,False,False,False
C1C(C(OC1N2C=NC3=C(N=C(N=C32)Cl)N)CO)O,CC(C)C1=NC(=NC(=C1CCC(CC(CC(=O)O)O)O)C2=CC=C(C=C2)F)N(C)S(=O)(=O)C,0,unreported_twosides_sampled,0.0017108323518186808,0.003342047155846178,0.003342047155846178,fitted,platt_logistic_regression,0.4858491299419137,0,0.022390041079240502,0.8955857385398981,0.0008488964346349745,no_interaction,1,False,0.6296296296296297,0.4473684210526316,0.4473684210526316,False,False,False
CC(CCC1=CC=C(C=C1)O)NCCC2=CC(=C(C=C2)O)O,CC1=NN=C2N1C3=C(C=C(C=C3)Cl)C(=NC2)C4=CC=CC=C4Cl,0,unreported_twosides_sampled,0.8322339653968811,0.8036002464465566,0.8036002464465566,fitted,platt_logistic_regression,0.4858491299419137,1,0.49537073256153313,0.050933786078098474,0.43378607809847197,interaction,1,False,0.38596491228070173,0.5454545454545454,0.38596491228070173,False,False,True
CN1CCCC(CC1)N2C(=O)C3=CC=CC=C3C(=N2)CC4=CC=C(C=C4)Cl,COC1=CC(=CC(=C1OC)OC)CC2=CN=C(N=C2N)N,0,unreported_twosides_sampled,0.7341552972793579,0.7082076987432128,0.7082076987432128,fitted,platt_logistic_regression,0.4858491299419137,1,0.6037486892767139,0.07385398981324279,0.333616298811545,interaction,1,False,0.3,0.22857142857142856,0.22857142857142856,False,False,True
CC1=CC(=C(C=C1)C)OCCCC(C)(C)C(=O)O,COC(=O)C(C1CCCCN1)C2=CC=CC=C2,0,unreported_twosides_sampled,0.199784517288208,0.221615709837004,0.221615709837004,fitted,platt_logistic_regression,0.4858491299419137,0,0.528945317950398,0.4066213921901528,0.05432937181663837,no_interaction,1,False,0.26,0.3225806451612903,0.26,False,False,True
CC(C)(C)NCC(COC1=NSN=C1N2CCOCC2)O,CC1=CC=CC=C1S(=O)(=O)NC(=O)C2=CC(=C(C=C2)CC3=CN(C4=C3C=C(C=C4)NC(=O)OC5CCCC5)C)OC,0,unreported_twosides_sampled,0.1495104879140854,0.172350407287173,0.172350407287173,fitted,platt_logistic_regression,0.4858491299419137,0,0.4595935778878496,0.46519524617996605,0.042444821731748725,no_interaction,1,False,0.4,0.2631578947368421,0.2631578947368421,False,False,True
C1C(C2C(O1)C(CO2)O[N+](=O)[O-])O,CNCC(C1=CC(=C(C=C1)O)O)O,1,reported_twosides,0.7561414837837219,0.7290827145439527,0.7290827145439527,fitted,platt_logistic_regression,0.4858491299419137,1,0.5841690599895532,0.06876061120543293,0.35568760611205436,interaction,1,False,0.8076923076923077,0.475,0.475,False,False,False
C1CC2CN(C(=O)C3=CC=CC(=C23)C1)C4CN5CCC4CC5,CC1=CC(=C(C=C1)C)OCCCC(C)(C)C(=O)O,0,unreported_twosides_sampled,0.2459222823381424,0.2654039081854598,0.2654039081854598,fitted,platt_logistic_regression,0.4858491299419137,0,0.578633682682934,0.36502546689303905,0.06876061120543293,no_interaction,1,False,0.30303030303030304,0.26,0.26,False,False,True
C1=CN(C(=O)N=C1N)C2C(C(C(O2)CO)O)O,CN1CCC23C4C1CC5=C2C(=C(C=C5)O)OC3C(=O)CC4,1,reported_twosides,0.5819715857505798,0.56856299046977,0.56856299046977,fitted,platt_logistic_regression,0.4858491299419137,1,0.6837157249531564,0.13752122241086587,0.23429541595925296,no_interaction|interaction,2,True,0.5306122448979592,0.5333333333333333,0.5306122448979592,False,False,False
CCC12CCC3C(C1CCC2(C#C)O)CCC4=CC(=O)CCC34,COC(=O)C(C1CCCCN1)C2=CC=CC=C2,0,unreported_twosides_sampled,0.2725580334663391,0.2902205338268112,0.2902205338268112,fitted,platt_logistic_regression,0.4858491299419137,0,0.6023490269768855,0.33531409168081494,0.0730050933786078,no_interaction,1,False,0.7169811320754716,0.3225806451612903,0.3225806451612903,False,False,True
CCOC(=O)C1(CCN(CC1)C)C2=CC=CC=C2,CNCCC(C1=CC=CS1)OC2=CC=CC3=CC=CC=C32,1,reported_twosides,0.4584890902042389,0.4582443634444533,0.4582443634444533,fitted,platt_logistic_regression,0.4858491299419137,0,0.6896560496315279,0.2164685908319185,0.15110356536502548,no_interaction|interaction,2,True,0.3559322033898305,0.2647058823529412,0.2647058823529412,False,False,True
C1=CN(C(=O)N=C1N)C2C(C(C(O2)CO)O)O,CN1CCCC(CC1)N2C(=O)C3=CC=CC=C3C(=N2)CC4=CC=C(C=C4)Cl,0,unreported_twosides_sampled,0.9378057718276978,0.9168425662668396,0.9168425662668396,fitted,platt_logistic_regression,0.4858491299419137,1,0.2864139915859967,0.014431239388794566,0.5959252971137521,interaction,1,False,0.5306122448979592,0.3,0.3,False,False,True
CC1=NN=C2N1C3=C(C=C(C=C3)Cl)C(=NC2)C4=CC=CC=C4Cl,CCOC(=O)C1(CCN(CC1)C)C2=CC=CC=C2,1,reported_twosides,0.9595358967781067,0.9428854437369717,0.9428854437369717,fitted,platt_logistic_regression,0.4858491299419137,1,0.21895317678964712,0.005942275042444821,0.6511035653650254,interaction,1,False,0.5454545454545454,0.3559322033898305,0.3559322033898305,False,False,True
CCOC(=O)C1(CCN(CC1)C)C2=CC=CC=C2,C[N+]1(CCC2=CC(=C(C=C2C1CC3=CC(=C(C=C3)OC)OC)OC)OC)CCC(=O)OCCCCCOC(=O)CC[N+]4(CCC5=CC(=C(C=C5C4CC6=CC(=C(C=C6)OC)OC)OC)OC)C.C1=CC=C(C=C1)S(=O)(=O)[O-].C1=CC=C(C=C1)S(=O)(=O)[O-],0,unreported_twosides_sampled,0.7467010617256165,0.7200895595807454,0.7200895595807454,fitted,platt_logistic_regression,0.4858491299419137,1,0.5928687119673091,0.07215619694397284,0.3463497453310696,interaction,1,False,0.3559322033898305,0.25,0.25,False,False,True
CC1=CC=CC=C1OC(CCNC)C2=CC=CC=C2,CNC(=C[N+](=O)[O-])NCCSCC1=CSC(=N1)CN(C)C,0,unreported_twosides_sampled,0.4964386522769928,0.49206958014914454,0.49206958014914454,fitted,platt_logistic_regression,0.4858491299419137,1,0.6930213921675953,0.18505942275042445,0.1731748726655348,no_interaction|interaction,2,True,0.30612244897959184,0.603448275862069,0.30612244897959184,False,False,True
C1=CN(C=N1)CC(O)(P(=O)(O)O)P(=O)(O)O,C1CNCC(C1C2=CC=C(C=C2)F)COC3=CC4=C(C=C3)OCO4,1,reported_twosides,0.8141034841537476,0.7854666276706759,0.7854666276706759,fitted,platt_logistic_regression,0.4858491299419137,1,0.519901434918563,0.053480475382003394,0.41256366723259763,interaction,1,False,0.36585365853658536,0.24050632911392406,0.24050632911392406,False,False,True
CC(C)(C)NCC(COC1=NSN=C1N2CCOCC2)O,CNCCC(C1=CC=CS1)OC2=CC=CC3=CC=CC=C32,1,reported_twosides,0.3762454092502594,0.38467502929362585,0.38467502929362585,fitted,platt_logistic_regression,0.4858491299419137,0,0.6663064681148676,0.2631578947368421,0.11460101867572156,no_interaction|interaction,2,True,0.4,0.2647058823529412,0.2647058823529412,False,False,True
CNC(=O)CN(CCN(CCN(CC(=O)NC)CC(=O)[O-])CC(=O)[O-])CC(=O)[O-].O.[Gd+3],CNCC(C1=CC(=C(C=C1)O)O)O,0,unreported_twosides_sampled,0.22348050773143768,0.24424663586108747,0.24424663586108747,fitted,platt_logistic_regression,0.4858491299419137,0,0.555925700648738,0.38200339558573854,0.0636672325976231,no_interaction,1,False,0.5675675675675675,0.475,0.475,False,False,False
CC1=CC=CC=C1OC(CCNC)C2=CC=CC=C2,COC(=O)C(C1CCCCN1)C2=CC=CC=C2,1,reported_twosides,0.260027676820755,0.27858251217128344,0.27858251217128344,fitted,platt_logistic_regression,0.4858491299419137,0,0.591609566144124,0.3471986417657046,0.07215619694397284,no_interaction,1,False,0.30612244897959184,0.3225806451612903,0.30612244897959184,False,False,True
C1CC2CN(C(=O)C3=CC=CC(=C23)C1)C4CN5CCC4CC5,CCOC(=O)C1(CCN(CC1)C)C2=CC=CC=C2,1,reported_twosides,0.7311796545982361,0.7054005781904937,0.7054005781904937,fitted,platt_logistic_regression,0.4858491299419137,1,0.6062187192920172,0.07470288624787776,0.33191850594227507,interaction,1,False,0.30303030303030304,0.3559322033898305,0.30303030303030304,False,False,True
CNC(=C[N+](=O)[O-])NCCSCC1=CSC(=N1)CN(C)C,COC1=CC(=CC(=C1OC)OC)CC2=CN=C(N=C2N)N,0,unreported_twosides_sampled,0.9276529550552368,0.9051385210440721,0.9051385210440721,fitted,platt_logistic_regression,0.4858491299419137,1,0.3136435041172547,0.01697792869269949,0.5747028862478778,interaction,1,False,0.603448275862069,0.22857142857142856,0.22857142857142856,False,False,True
C1C(C2C(O1)C(CO2)O[N+](=O)[O-])O,CCC12CCC3C(C1CCC2(C#C)O)CCC4=CC(=O)CCC34,0,unreported_twosides_sampled,0.08139796555042267,0.1015725373762589,0.1015725373762589,fitted,platt_logistic_regression,0.4858491299419137,0,0.32852451648133435,0.5628183361629882,0.022071307300509338,no_interaction,1,False,0.8076923076923077,0.7169811320754716,0.7169811320754716,False,False,False
CC(C)OC(=O)C(C)(C)OC1=CC=C(C=C1)C(=O)C2=CC=C(C=C2)Cl,CC1=NN=C2N1C3=C(C=C(C=C3)Cl)C(=NC2)C4=CC=CC=C4,1,reported_twosides,0.23447160422801971,0.2546395281571528,0.2546395281571528,fitted,platt_logistic_regression,0.4858491299419137,0,0.5673750208608228,0.37521222410865873,0.06536502546689305,no_interaction,1,False,0.3137254901960784,0.62,0.3137254901960784,False,False,True
C1=NC2=C(N1COC(CO)CO)NC(=NC2=O)N,COC1=CC(=CC(=C1OC)OC)CC2=CN=C(N=C2N)N,0,unreported_twosides_sampled,0.38470807671546936,0.3922797622013593,0.3922797622013593,fitted,platt_logistic_regression,0.4858491299419137,0,0.6697569366471625,0.25721561969439727,0.11799660441426146,no_interaction|interaction,2,True,0.7307692307692307,0.22857142857142856,0.22857142857142856,False,False,True
C1=CN=CC=C1C(=O)NN,CC(CCC1=CC=C(C=C1)O)NCCC2=CC(=C(C=C2)O)O,0,unreported_twosides_sampled,0.2412966936826706,0.26106299125641086,0.26106299125641086,fitted,platt_logistic_regression,0.4858491299419137,0,0.5741658386879773,0.37181663837011886,0.06706281833616298,no_interaction,1,False,0.30303030303030304,0.38596491228070173,0.30303030303030304,False,False,True
C1=NC2=C(N1COC(CO)CO)NC(=NC2=O)N,C[N+]1(CCC2=CC(=C(C=C2C1CC3=CC(=C(C=C3)OC)OC)OC)OC)CCC(=O)OCCCCCOC(=O)CC[N+]4(CCC5=CC(=C(C=C5C4CC6=CC(=C(C=C6)OC)OC)OC)OC)C.C1=CC=C(C=C1)S(=O)(=O)[O-].C1=CC=C(C=C1)S(=O)(=O)[O-],0,unreported_twosides_sampled,0.08143440634012222,0.10161219017846475,0.10161219017846475,fitted,platt_logistic_regression,0.4858491299419137,0,0.3286109459312123,0.5628183361629882,0.022071307300509338,no_interaction,1,False,0.7307692307692307,0.25,0.25,False,False,True
C1=CN(C(=O)N=C1N)C2C(C(C(O2)CO)O)O,C1NC2=CC(=C(C=C2S(=O)(=O)N1)S(=O)(=O)N)Cl,1,reported_twosides,0.65145343542099,0.631493349836433,0.631493349836433,fitted,platt_logistic_regression,0.4858491299419137,1,0.6581561085696421,0.10865874363327674,0.27504244482173174,no_interaction|interaction,2,True,0.5306122448979592,0.5454545454545454,0.5306122448979592,False,False,False
C1=NC2=C(N1COC(CO)CO)NC(=NC2=O)N,C1CC2CN(C(=O)C3=CC=CC(=C23)C1)C4CN5CCC4CC5,0,unreported_twosides_sampled,0.13322366774082184,0.15593233536177561,0.15593233536177561,fitted,platt_logistic_regression,0.4858491299419137,0,0.4328627810520666,0.48896434634974534,0.03735144312393888,no_interaction,1,False,0.7307692307692307,0.30303030303030304,0.30303030303030304,False,False,True
CC1=CC(=C(C=C1)C)OCCCC(C)(C)C(=O)O,CN1CCC23C4C1CC5=C2C(=C(C=C5)O)OC3C(=O)CC4,0,unreported_twosides_sampled,0.19739653170108795,0.21931650425450788,0.21931650425450788,fitted,platt_logistic_regression,0.4858491299419137,0,0.52604152162862,0.4091680814940577,0.05432937181663837,no_interaction,1,False,0.26,0.5333333333333333,0.26,False,False,True
C1=NC2=C(N1COC(CO)CO)NC(=NC2=O)N,C1CNCC(C1C2=CC=C(C=C2)F)COC3=CC4=C(C=C3)OCO4,0,unreported_twosides_sampled,0.09288372099399567,0.1139552586913063,0.1139552586913063,fitted,platt_logistic_regression,0.4858491299419137,0,0.35470568483721066,0.5407470288624788,0.023769100169779286,no_interaction,1,False,0.7307692307692307,0.24050632911392406,0.24050632911392406,False,False,True
CCC(C)(C)C(=O)OC1CC(C=C2C1C(C(C=C2)C)CCC3CC(CC(=O)O3)O)C,CNCCC(C1=CC=CS1)OC2=CC=CC3=CC=CC=C32,1,reported_twosides,0.48313337564468384,0.48021031650093565,0.48021031650093565,fitted,platt_logistic_regression,0.4858491299419137,0,0.6923637127853239,0.19439728353140917,0.16808149405772496,no_interaction|interaction,2,True,0.7424242424242424,0.2647058823529412,0.2647058823529412,False,False,True
C1=CN(C(=O)N=C1N)C2C(C(C(O2)CO)O)O,CNCC(C1=CC(=C(C=C1)O)O)O,1,reported_twosides,0.8027031421661377,0.7741981029069299,0.7741981029069299,fitted,platt_logistic_regression,0.4858491299419137,1,0.5341537548049866,0.05602716468590832,0.40152801358234297,interaction,1,False,0.5306122448979592,0.475,0.475,False,False,False
CC(C)C1=NC(=NC(=C1CCC(CC(CC(=O)O)O)O)C2=CC=C(C=C2)F)N(C)S(=O)(=O)C,CCOC(=O)C1(CCN(CC1)C)C2=CC=CC=C2,1,reported_twosides,0.16297584772109985,0.18573859688524383,0.18573859688524383,fitted,platt_logistic_regression,0.4858491299419137,0,0.4799845471467988,0.4431239388794567,0.04838709677419355,no_interaction,1,False,0.4473684210526316,0.3559322033898305,0.3559322033898305,False,False,True
C1CC2CN(C(=O)C3=CC=CC(=C23)C1)C4CN5CCC4CC5,C1CNCC(C1C2=CC=C(C=C2)F)COC3=CC4=C(C=C3)OCO4,1,reported_twosides,0.6786388158798218,0.6564437698003427,0.6564437698003427,fitted,platt_logistic_regression,0.4858491299419137,1,0.6433661729747271,0.09762308998302208,0.2920203735144312,interaction,1,False,0.30303030303030304,0.24050632911392406,0.24050632911392406,False,False,True
C1=NC2=C(N1)C(=S)N=CN2,CC(C)(C)NCC(COC1=NSN=C1N2CCOCC2)O,0,unreported_twosides_sampled,0.371233731508255,0.38016607965083166,0.38016607965083166,fitted,platt_logistic_regression,0.4858491299419137,0,0.6641453720291244,0.267402376910017,0.11375212224108659,no_interaction|interaction,2,True,0.3142857142857143,0.4,0.3142857142857143,False,False,True
C1CC2CN(C(=O)C3=CC=CC(=C23)C1)C4CN5CCC4CC5,CC1=CN(C(=O)NC1=O)C2CC(C(O2)CO)N=[N+]=[N-],0,unreported_twosides_sampled,0.014235193841159344,0.02193585441082183,0.02193585441082183,fitted,platt_logistic_regression,0.4858491299419137,0,0.10548039366946693,0.7682512733446519,0.001697792869269949,no_interaction,1,False,0.30303030303030304,0.7083333333333334,0.30303030303030304,False,False,True
CN1CCC23C4C1CC5=C2C(=C(C=C5)O)OC3C(=O)CC4,CNCC(C1=CC(=C(C=C1)O)O)O,1,reported_twosides,0.5936374664306641,0.5790617605683018,0.5790617605683018,fitted,platt_logistic_regression,0.4858491299419137,1,0.6805930324446232,0.1307300509337861,0.23853989813242785,no_interaction|interaction,2,True,0.5333333333333333,0.475,0.475,False,False,False
CC(C)OC(=O)C(C)(C)OC1=CC=C(C=C1)C(=O)C2=CC=C(C=C2)Cl,CC1=CC=CC=C1S(=O)(=O)NC(=O)C2=CC(=C(C=C2)CC3=CN(C4=C3C=C(C=C4)NC(=O)OC5CCCC5)C)OC,1,reported_twosides,0.07176975905895233,0.09100597602288985,0.09100597602288985,fitted,platt_logistic_regression,0.4858491299419137,0,0.3048591267964637,0.5814940577249575,0.016129032258064516,no_interaction,1,False,0.3137254901960784,0.2631578947368421,0.2631578947368421,False,False,True
C1=CN(C=N1)CC(O)(P(=O)(O)O)P(=O)(O)O,C1=NC2=C(N1)C(=S)N=CN2,0,unreported_twosides_sampled,0.5793390274047852,0.5661967956814028,0.5661967956814028,fitted,platt_logistic_regression,0.4858491299419137,1,0.6843573650826756,0.1400679117147708,0.233446519524618,no_interaction|interaction,2,True,0.36585365853658536,0.3142857142857143,0.3142857142857143,False,False,True
CC(C)OC(=O)C(C)(C)OC1=CC=C(C=C1)C(=O)C2=CC=C(C=C2)Cl,COC(=O)C(C1CCCCN1)C2=CC=CC=C2,1,reported_twosides,0.3360874354839325,0.3484133657239076,0.3484133657239076,fitted,platt_logistic_regression,0.4858491299419137,0,0.6464589135698364,0.28862478777589134,0.100169779286927,no_interaction|interaction,2,True,0.3137254901960784,0.3225806451612903,0.3137254901960784,False,False,True
C1CC2CN(C(=O)C3=CC=CC(=C23)C1)C4CN5CCC4CC5,COC(=O)C(C1CCCCN1)C2=CC=CC=C2,0,unreported_twosides_sampled,0.6154069900512695,0.5987183193333335,0.5987183193333335,fitted,platt_logistic_regression,0.4858491299419137,1,0.6735279227104201,0.1230899830220713,0.2495755517826825,no_interaction|interaction,2,True,0.30303030303030304,0.3225806451612903,0.30303030303030304,False,False,True
C1=CC=C(C=C1)C2(C(=O)NC(=O)N2)C3=CC=CC=C3,C1NC2=CC(=C(C=C2S(=O)(=O)N1)S(=O)(=O)N)Cl,1,reported_twosides,0.30133095383644104,0.31672818539441805,0.31672818539441805,fitted,platt_logistic_regression,0.4858491299419137,0,0.6243786139159744,0.3098471986417657,0.08743633276740238,no_interaction,1,False,0.4,0.5454545454545454,0.4,False,False,False
C1=NC2=C(N1COC(CO)CO)NC(=NC2=O)N,CNCC(C1=CC(=C(C=C1)O)O)O,0,unreported_twosides_sampled,0.31625860929489136,0.330376844921348,0.330376844921348,fitted,platt_logistic_regression,0.4858491299419137,0,0.6344451905676262,0.299660441426146,0.09422750424448217,no_interaction,1,False,0.7307692307692307,0.475,0.475,False,False,False
CC1=CC(=C(C=C1)C)OCCCC(C)(C)C(=O)O,CCCCC(C)(CC=CC1C(CC(=O)C1CCCCCCC(=O)OC)O)O,0,unreported_twosides_sampled,0.5145363211631775,0.5082081781326191,0.5082081781326191,fitted,platt_logistic_regression,0.4858491299419137,1,0.6930124261304043,0.1731748726655348,0.18505942275042445,no_interaction|interaction,2,True,0.26,0.3698630136986301,0.26,False,False,True
CN1CCCC(CC1)N2C(=O)C3=CC=CC=C3C(=N2)CC4=CC=C(C=C4)Cl,CNCC(C1=CC(=C(C=C1)O)O)O,1,reported_twosides,0.7495849132537842,0.7228318632276572,0.7228318632276572,fitted,platt_logistic_regression,0.4858491299419137,1,0.5902588006034986,0.07130730050933787,0.3471986417657046,interaction,1,False,0.3,0.475,0.3,False,False,True
CC(CCC1=CC=C(C=C1)O)NCCC2=CC(=C(C=C2)O)O,CC1CC2C3CCC4=CC(=O)C=CC4(C3(C(CC2(C1(C(=O)CCl)O)C)O)Cl)C,0,unreported_twosides_sampled,0.021554995328187943,0.031649194489183005,0.031649194489183005,fitted,platt_logistic_regression,0.4858491299419137,0,0.14042900605116704,0.734295415959253,0.004244482173174873,no_interaction,1,False,0.38596491228070173,0.8620689655172413,0.38596491228070173,False,False,True
C1=CN=CC=C1C(=O)NN,CC1=CC=CC=C1OC(CCNC)C2=CC=CC=C2,1,reported_twosides,0.06355032324790955,0.0818311786699449,0.0818311786699449,fitted,platt_logistic_regression,0.4858491299419137,0,0.28321912245791947,0.597623089983022,0.014431239388794566,no_interaction,1,False,0.30303030303030304,0.30612244897959184,0.30303030303030304,False,False,True
CCP(CC)CC.CC(=O)OCC1C(C(C(C(O1)[S-])OC(=O)C)OC(=O)C)OC(=O)C.[Au+],CNCC(C1=CC(=C(C=C1)O)O)O,0,unreported_twosides_sampled,0.48296207189559937,0.48005764379762916,0.48005764379762916,fitted,platt_logistic_regression,0.4858491299419137,0,0.69235157439936,0.19439728353140917,0.16808149405772496,no_interaction|interaction,2,True,0.22950819672131148,0.475,0.22950819672131148,False,False,True
CC(C)C1=NC(=NC(=C1CCC(CC(CC(=O)O)O)O)C2=CC=C(C=C2)F)N(C)S(=O)(=O)C,CCCCCN=C(N)NNC=C1C=NC2=C1C=C(C=C2)CO,1,reported_twosides,0.06284847855567932,0.0810405214969165,0.0810405214969165,fitted,platt_logistic_regression,0.4858491299419137,0,0.2813033600910573,0.599320882852292,0.014431239388794566,no_interaction,1,False,0.4473684210526316,0.25,0.25,False,False,True
CC1=NN=C2N1C3=C(C=C(C=C3)Cl)C(=NC2)C4=CC=CC=C4,CN1CCCC(CC1)N2C(=O)C3=CC=CC=C3C(=N2)CC4=CC=C(C=C4)Cl,1,reported_twosides,0.3961507976055145,0.4025459898738294,0.4025459898738294,fitted,platt_logistic_regression,0.4858491299419137,0,0.6740304822475294,0.2495755517826825,0.12478777589134125,no_interaction|interaction,2,True,0.62,0.3,0.3,False,False,True
CCC(C)(C)C(=O)OC1CC(C=C2C1C(C(C=C2)C)CCC3CC(CC(=O)O3)O)C,CCCC(C)(COC(=O)N)COC(=O)N,1,reported_twosides,0.8653982281684875,0.8375581652433068,0.8375581652433068,fitted,platt_logistic_regression,0.4858491299419137,1,0.4436969068498108,0.04074702886247878,0.47453310696095075,interaction,1,False,0.7424242424242424,0.6774193548387096,0.6774193548387096,False,False,False
C1CC(CCC1C2=CC=C(C=C2)Cl)C3=C(C4=CC=CC=C4C(=O)C3=O)O,CC1CC2C3CCC4=CC(=O)C=CC4(C3(C(CC2(C1(C(=O)CCl)O)C)O)Cl)C,0,unreported_twosides_sampled,0.16163994371891022,0.1844172902631013,0.1844172902631013,fitted,platt_logistic_regression,0.4858491299419137,0,0.47802595130572917,0.44821731748726656,0.04838709677419355,no_interaction,1,False,0.2549019607843137,0.8620689655172413,0.2549019607843137,False,False,True
C1=CN(C=N1)CC(O)(P(=O)(O)O)P(=O)(O)O,C1CC(CCC1C2=CC=C(C=C2)Cl)C3=C(C4=CC=CC=C4C(=O)C3=O)O,0,unreported_twosides_sampled,0.782543420791626,0.7544975497461854,0.7544975497461854,fitted,platt_logistic_regression,0.4858491299419137,1,0.5573399220548627,0.0636672325976231,0.38030560271646857,interaction,1,False,0.36585365853658536,0.2549019607843137,0.2549019607843137,False,False,True
CC(C)OC(=O)C(C)(C)OC1=CC=C(C=C1)C(=O)C2=CC=C(C=C2)Cl,CC1=NN=C2N1C3=C(C=C(C=C3)Cl)C(=NC2)C4=CC=CC=C4Cl,1,reported_twosides,0.9268189668655396,0.9041879546141307,0.9041879546141307,fitted,platt_logistic_regression,0.4858491299419137,1,0.315782422471356,0.01697792869269949,0.5721561969439728,interaction,1,False,0.3137254901960784,0.5454545454545454,0.3137254901960784,False,False,True
CC1=CC(=C(C=C1)C)OCCCC(C)(C)C(=O)O,CNCCC(C1=CC=CC=C1)OC2=CC=C(C=C2)C(F)(F)F,1,reported_twosides,0.025943147018551826,0.0372674141058941,0.0372674141058941,fitted,platt_logistic_regression,0.4858491299419137,0,0.15916041829008565,0.7096774193548387,0.004244482173174873,no_interaction,1,False,0.26,0.30612244897959184,0.26,False,False,True
C1=NC2=C(N1COC(CO)CO)NC(=NC2=O)N,CC1=CC(=C(C=C1)C)OCCCC(C)(C)C(=O)O,0,unreported_twosides_sampled,0.08393286913633347,0.10432510218723469,0.10432510218723469,fitted,platt_logistic_regression,0.4858491299419137,0,0.3344835725131928,0.5560271646859083,0.022071307300509338,no_interaction,1,False,0.7307692307692307,0.26,0.26,False,False,True
C1=CN=CC=C1C(=O)NN,C1CNCC(C1C2=CC=C(C=C2)F)COC3=CC4=C(C=C3)OCO4,1,reported_twosides,0.2200155109167099,0.24095717848720247,0.24095717848720247,fitted,platt_logistic_regression,0.4858491299419137,0,0.5521807389082203,0.3862478777589134,0.06281833616298811,no_interaction,1,False,0.30303030303030304,0.24050632911392406,0.24050632911392406,False,False,True
C1NC2=CC(=C(C=C2S(=O)(=O)N1)S(=O)(=O)N)Cl,CNCC(C1=CC(=C(C=C1)O)O)O,1,reported_twosides,0.4195433557033539,0.4234842419592207,0.4234842419592207,fitted,platt_logistic_regression,0.4858491299419137,0,0.6813917217895817,0.23769100169779286,0.13242784380305603,no_interaction|interaction,2,True,0.5454545454545454,0.475,0.475,False,False,False
CC(C)[N+]1(C2CCC1CC(C2)OC(=O)C(CO)C3=CC=CC=C3)C,CC1=CC(=C(C=C1)C)OCCCC(C)(C)C(=O)O,1,reported_twosides,0.21559450030326843,0.2367506551306269,0.2367506551306269,fitted,platt_logistic_regression,0.4858491299419137,0,0.5473054422175392,0.3930390492359932,0.06112054329371817,no_interaction,1,False,0.6326530612244898,0.26,0.26,False,False,True
C1=CN=CC=C1C(=O)NN,CC1=NN=C2N1C3=C(C=C(C=C3)Cl)C(=NC2)C4=CC=CC=C4Cl,1,reported_twosides,0.923035740852356,0.8998951127941852,0.8998951127941852,fitted,platt_logistic_regression,0.4858491299419137,1,0.32531337303841923,0.02037351443123939,0.567062818336163,interaction,1,False,0.30303030303030304,0.5454545454545454,0.30303030303030304,False,False,True
CC(C)[N+]1(C2CCC1CC(C2)OC(=O)C(CO)C3=CC=CC=C3)C,CC1=NN=C2N1C3=C(C=C(C=C3)Cl)C(=NC2)C4=CC=CC=C4,1,reported_twosides,0.5639725923538208,0.5524049381979789,0.5524049381979789,fitted,platt_logistic_regression,0.4858491299419137,1,0.687644524962485,0.1460101867572156,0.22156196943972836,no_interaction|interaction,2,True,0.6326530612244898,0.62,0.62,False,False,False
CC1=NN=C2N1C3=C(C=C(C=C3)Cl)C(=NC2)C4=CC=CC=C4,CCOC(=O)C1(CCN(CC1)C)C2=CC=CC=C2,1,reported_twosides,0.4850679039955139,0.48193445805328616,0.48193445805328616,fitted,platt_logistic_regression,0.4858491299419137,0,0.692494310856299,0.19185059422750425,0.16808149405772496,no_interaction|interaction,2,True,0.62,0.3559322033898305,0.3559322033898305,False,False,True
CC(C)OC(=O)C(C)(C)OC1=CC=C(C=C1)C(=O)C2=CC=C(C=C2)Cl,CN1CCC23C4C1CC5=C2C(=C(C=C5)O)OC3C(=O)CC4,1,reported_twosides,0.372952401638031,0.3817128150524671,0.3817128150524671,fitted,platt_logistic_regression,0.4858491299419137,0,0.6648964096445834,0.266553480475382,0.11375212224108659,no_interaction|interaction,2,True,0.3137254901960784,0.5333333333333333,0.3137254901960784,False,False,True
C1=CN(C=N1)CC(O)(P(=O)(O)O)P(=O)(O)O,COC1=C(C=C2C(=C1)C(=NC(=N2)N3CCN(CC3)C(=O)C4=CC=CO4)N)OC,0,unreported_twosides_sampled,0.9975923895835876,0.9952955422598847,0.9952955422598847,fitted,platt_logistic_regression,0.4858491299419137,1,0.029905714897908706,0.0008488964346349745,0.8794567062818336,interaction,1,False,0.36585365853658536,0.5882352941176471,0.36585365853658536,False,False,True
C1=CN(C=N1)CC(O)(P(=O)(O)O)P(=O)(O)O,CNC(=C[N+](=O)[O-])NCCSCC1=CSC(=N1)CN(C)C,1,reported_twosides,0.9970468878746033,0.9943585122281119,0.9943585122281119,fitted,platt_logistic_regression,0.4858491299419137,1,0.03483495373747293,0.0008488964346349745,0.870118845500849,interaction,1,False,0.36585365853658536,0.603448275862069,0.36585365853658536,False,False,True
C1=CC=C(C=C1)C2(C(=O)NC(=O)N2)C3=CC=CC=C3,C1CC(CCC1C2=CC=C(C=C2)Cl)C3=C(C4=CC=CC=C4C(=O)C3=O)O,0,unreported_twosides_sampled,0.3976883888244629,0.4039241699313387,0.4039241699313387,fitted,platt_logistic_regression,0.4858491299419137,0,0.6745707340877822,0.24872665534804753,0.12563667232597622,no_interaction|interaction,2,True,0.4,0.2549019607843137,0.2549019607843137,False,False,True
CC1=CN(C(=O)NC1=O)C2CC(C(O2)CO)N=[N+]=[N-],CNCCC(C1=CC=CC=C1)OC2=CC=C(C=C2)C(F)(F)F,0,unreported_twosides_sampled,0.0030090913642197847,0.005523516538798183,0.005523516538798183,fitted,platt_logistic_regression,0.4858491299419137,0,0.034223563262050075,0.8718166383701188,0.0008488964346349745,no_interaction,1,False,0.7083333333333334,0.30612244897959184,0.30612244897959184,False,False,True
CC(C)OC(=O)C(C)(C)OC1=CC=C(C=C1)C(=O)C2=CC=C(C=C2)Cl,CC(CCC1=CC=C(C=C1)O)NCCC2=CC(=C(C=C2)O)O,0,unreported_twosides_sampled,0.21257825195789337,0.23387448233324504,0.23387448233324504,fitted,platt_logistic_regression,0.4858491299419137,0,0.5439157055014484,0.39643463497453313,0.059422750424448216,no_interaction,1,False,0.3137254901960784,0.38596491228070173,0.3137254901960784,False,False,True
C1=CC=C(C=C1)C2(C(=O)NC(=O)N2)C3=CC=CC=C3,C1=CN(C=N1)CC(O)(P(=O)(O)O)P(=O)(O)O,0,unreported_twosides_sampled,0.5557138323783875,0.5450050714884288,0.5450050714884288,fitted,platt_logistic_regression,0.4858491299419137,1,0.6890907798714175,0.1502546689303905,0.21731748726655348,no_interaction|interaction,2,True,0.4,0.36585365853658536,0.36585365853658536,False,False,True
CN1CCC23C4C1CC5=C2C(=C(C=C5)O)OC3C(=O)CC4,CNC(=O)CN(CCN(CCN(CC(=O)NC)CC(=O)[O-])CC(=O)[O-])CC(=O)[O-].O.[Gd+3],0,unreported_twosides_sampled,0.39667925238609314,0.40301969021385414,0.40301969021385414,fitted,platt_logistic_regression,0.4858491299419137,0,0.6742170648876095,0.2495755517826825,0.12563667232597622,no_interaction|interaction,2,True,0.5333333333333333,0.5675675675675675,0.5333333333333333,False,False,False
CC1=NN=C2N1C3=C(C=C(C=C3)Cl)C(=NC2)C4=CC=CC=C4Cl,CN1CCC23C4C1CC5=C2C(=C(C=C5)O)OC3C(=O)CC4,1,reported_twosides,0.9607283473014832,0.9443630760193532,0.9443630760193532,fitted,platt_logistic_regression,0.4858491299419137,1,0.2147896262206019,0.005942275042444821,0.6553480475382003,interaction,1,False,0.5454545454545454,0.5333333333333333,0.5333333333333333,False,False,False
CC(C)[N+]1(C2CCC1CC(C2)OC(=O)C(CO)C3=CC=CC=C3)C,CC1=NN=C2N1C3=C(C=C(C=C3)Cl)C(=NC2)C4=CC=CC=C4Cl,1,reported_twosides,0.9777981042861938,0.9662969044121485,0.9662969044121485,fitted,platt_logistic_regression,0.4858491299419137,1,0.14738773085755305,0.004244482173174873,0.7249575551782682,interaction,1,False,0.6326530612244898,0.5454545454545454,0.5454545454545454,False,False,False
CC(C)C1=NC(=NC(=C1CCC(CC(CC(=O)O)O)O)C2=CC=C(C=C2)F)N(C)S(=O)(=O)C,CC1=CC(=C(C=C1)C)OCCCC(C)(C)C(=O)O,1,reported_twosides,0.15309777855873108,0.1759326699598003,0.1759326699598003,fitted,platt_logistic_regression,0.4858491299419137,0,0.46516962710240106,0.4601018675721562,0.0432937181663837,no_interaction,1,False,0.4473684210526316,0.26,0.26,False,False,True
C1CC(CCC1C2=CC=C(C=C2)Cl)C3=C(C4=CC=CC=C4C(=O)C3=O)O,CC(C1=CC=CC2=CC=CC=C21)NCCCC3=CC(=CC=C3)C(F)(F)F,0,unreported_twosides_sampled,0.06259838491678238,0.08075849155037254,0.08075849155037254,fitted,platt_logistic_regression,0.4858491299419137,0,0.2806179742300781,0.6001697792869269,0.014431239388794566,no_interaction,1,False,0.2549019607843137,0.24285714285714285,0.24285714285714285,False,False,True
CC1=NN=C2N1C3=C(C=C(C=C3)Cl)C(=NC2)C4=CC=CC=C4,COC(=O)C(C1CCCCN1)C2=CC=CC=C2,1,reported_twosides,0.39898234605789185,0.4050837465077437,0.4050837465077437,fitted,platt_logistic_regression,0.4858491299419137,0,0.6750191810848292,0.24787775891341257,0.12563667232597622,no_interaction|interaction,2,True,0.62,0.3225806451612903,0.3225806451612903,False,False,True
C1CC(CCC1C2=CC=C(C=C2)Cl)C3=C(C4=CC=CC=C4C(=O)C3=O)O,CC1=CN(C(=O)NC1=O)C2CC(C(O2)CO)N=[N+]=[N-],1,reported_twosides,0.042118825018405914,0.05707307981832564,0.05707307981832564,fitted,platt_logistic_regression,0.4858491299419137,0,0.21883686560002066,0.6511035653650254,0.005942275042444821,no_interaction,1,False,0.2549019607843137,0.7083333333333334,0.2549019607843137,False,False,True
C1=NC2=C(N1)C(=S)N=CN2,CCCCC(C)(CC=CC1C(CC(=O)C1CCCCCCC(=O)OC)O)O,0,unreported_twosides_sampled,0.3261069059371948,0.3393474339548001,0.3393474339548001,fitted,platt_logistic_regression,0.4858491299419137,0,0.6406016854553354,0.29541595925297115,0.09762308998302208,no_interaction,1,False,0.3142857142857143,0.3698630136986301,0.3142857142857143,False,False,True
C1C(C2C(O1)C(CO2)O[N+](=O)[O-])O,CC1=CC=CC=C1OC(CCNC)C2=CC=CC=C2,1,reported_twosides,0.26369598507881165,0.28199603603412765,0.28199603603412765,fitted,platt_logistic_regression,0.4858491299419137,0,0.5948286297883136,0.34295415959252973,0.07215619694397284,no_interaction,1,False,0.8076923076923077,0.30612244897959184,0.30612244897959184,False,False,True
C1=CC=C(C=C1)C2(C(=O)NC(=O)N2)C3=CC=CC=C3,COC1=C(C=C2C(=C1)C(=NC(=N2)N3CCN(CC3)C(=O)C4=CC=CO4)N)OC,0,unreported_twosides_sampled,0.9060864448547363,0.8810144712301917,0.8810144712301917,fitted,platt_logistic_regression,0.4858491299419137,1,0.36489884340363826,0.02801358234295416,0.533106960950764,interaction,1,False,0.4,0.5882352941176471,0.4,False,False,False
CCCCCN=C(N)NNC=C1C=NC2=C1C=C(C=C2)CO,CNC(=C[N+](=O)[O-])NCCSCC1=CSC(=N1)CN(C)C,0,unreported_twosides_sampled,0.7461615204811096,0.7195769711345849,0.7195769711345849,fitted,platt_logistic_regression,0.4858491299419137,1,0.5933524082738661,0.07215619694397284,0.34465195246179964,interaction,1,False,0.25,0.603448275862069,0.25,False,False,True
CC(CCC1=CC=C(C=C1)O)NCCC2=CC(=C(C=C2)O)O,CC1=C(C(=NO1)C2=C(C=CC=C2Cl)Cl)C(=O)NC3C4N(C3=O)C(C(S4)(C)C)C(=O)[O-],0,unreported_twosides_sampled,0.046711865812540054,0.062497984012403175,0.062497984012403175,fitted,platt_logistic_regression,0.4858491299419137,0,0.2337861992761607,0.6426146010186757,0.00933786078098472,no_interaction,1,False,0.38596491228070173,0.7777777777777778,0.38596491228070173,False,False,True
CC1=CC(=C(C=C1)C)OCCCC(C)(C)C(=O)O,CCCCCN=C(N)NNC=C1C=NC2=C1C=C(C=C2)CO,0,unreported_twosides_sampled,0.25624316930770874,0.27505504896696914,0.27505504896696914,fitted,platt_logistic_regression,0.4858491299419137,0,0.588222134254037,0.34974533106960953,0.07045840407470289,no_interaction,1,False,0.26,0.25,0.25,False,False,True
C1=CN(C(=O)N=C1N)C2C(C(C(O2)CO)O)O,CCOC(=O)C1(CCN(CC1)C)C2=CC=CC=C2,1,reported_twosides,0.6241064071655273,0.6066001454232487,0.6066001454232487,fitted,platt_logistic_regression,0.4858491299419137,1,0.6702446147235692,0.11884550084889643,0.2563667232597623,no_interaction|interaction,2,True,0.5306122448979592,0.3559322033898305,0.3559322033898305,False,False,True
C1C(C2C(O1)C(CO2)O[N+](=O)[O-])O,CC(C)C1=NC(=NC(=C1CCC(CC(CC(=O)O)O)O)C2=CC=C(C=C2)F)N(C)S(=O)(=O)C,1,reported_twosides,0.26641979813575745,0.2845271615907796,0.2845271615907796,fitted,platt_logistic_regression,0.4858491299419137,0,0.5971783821805646,0.3404074702886248,0.07215619694397284,no_interaction,1,False,0.8076923076923077,0.4473684210526316,0.4473684210526316,False,False,False
CC(C)(C)NCC(COC1=NSN=C1N2CCOCC2)O,COC1=C(C=C2C(=C1)C(=NC(=N2)N3CCN(CC3)C(=O)C4=CC=CO4)N)OC,0,unreported_twosides_sampled,0.7582711577415466,0.7311180130838066,0.7311180130838066,fitted,platt_logistic_regression,0.4858491299419137,1,0.5821436654506817,0.06876061120543293,0.3607809847198642,interaction,1,False,0.4,0.5882352941176471,0.4,False,False,False
CC(C)C1=NC(=NC(=C1CCC(CC(CC(=O)O)O)O)C2=CC=C(C=C2)F)N(C)S(=O)(=O)C,CC1=CC=CC=C1OC(CCNC)C2=CC=CC=C2,1,reported_twosides,0.126872718334198,0.14945638895792546,0.14945638895792546,fitted,platt_logistic_regression,0.4858491299419137,0,0.42176497948924324,0.4966044142614601,0.03480475382003396,no_interaction,1,False,0.4473684210526316,0.30612244897959184,0.30612244897959184,False,False,True
CC(C1=CC=CC2=CC=CC=C21)NCCCC3=CC(=CC=C3)C(F)(F)F,CC1=NN=C2N1C3=C(C=C(C=C3)Cl)C(=NC2)C4=CC=CC=C4,1,reported_twosides,0.12538880109786987,0.14793685651665597,0.14793685651665597,fitted,platt_logistic_regression,0.4858491299419137,0,0.41911360106734075,0.4966044142614601,0.03480475382003396,no_interaction,1,False,0.24285714285714285,0.62,0.24285714285714285,False,False,True
C1NC2=CC(=C(C=C2S(=O)(=O)N1)S(=O)(=O)N)Cl,COC(=O)C(C1CCCCN1)C2=CC=CC=C2,1,reported_twosides,0.2458062469959259,0.2652951340659962,0.2652951340659962,fitted,platt_logistic_regression,0.4858491299419137,0,0.5785229128902843,0.36587436332767403,0.06876061120543293,no_interaction,1,False,0.5454545454545454,0.3225806451612903,0.3225806451612903,False,False,True
C1=NC2=C(N1COC(CO)CO)NC(=NC2=O)N,C1CC(CCC1C2=CC=C(C=C2)Cl)C3=C(C4=CC=CC=C4C(=O)C3=O)O,1,reported_twosides,0.1770298182964325,0.19955279661380373,0.19955279661380373,fitted,platt_logistic_regression,0.4858491299419137,0,0.49978184268438053,0.43208828522920206,0.05263157894736842,no_interaction,1,False,0.7307692307692307,0.2549019607843137,0.2549019607843137,False,False,True
CC(C)[N+]1(C2CCC1CC(C2)OC(=O)C(CO)C3=CC=CC=C3)C,COC1=C(C=C2C(=C1)C(=NC(=N2)N3CCN(CC3)C(=O)C4=CC=CO4)N)OC,0,unreported_twosides_sampled,0.4900530278682709,0.486377602449163,0.486377602449163,fitted,platt_logistic_regression,0.4858491299419137,1,0.6927759952014156,0.18845500848896435,0.1697792869269949,no_interaction|interaction,2,True,0.6326530612244898,0.5882352941176471,0.5882352941176471,False,False,False
C1=CN(C(=O)N=C1N)C2C(C(C(O2)CO)O)O,C1CC2CN(C(=O)C3=CC=CC(=C23)C1)C4CN5CCC4CC5,0,unreported_twosides_sampled,0.3375769257545471,0.34976431673743635,0.34976431673743635,fitted,platt_logistic_regression,0.4858491299419137,0,0.6473006197612463,0.28777589134125636,0.10186757215619695,no_interaction|interaction,2,True,0.5306122448979592,0.30303030303030304,0.30303030303030304,False,False,True
C1=CC=C(C=C1)C2(C(=O)NC(=O)N2)C3=CC=CC=C3,CNCC(C1=CC(=C(C=C1)O)O)O,1,reported_twosides,0.5129405856132507,0.5067846288230824,0.5067846288230824,fitted,platt_logistic_regression,0.4858491299419137,1,0.6930551153580429,0.1731748726655348,0.1833616298811545,no_interaction|interaction,2,True,0.4,0.475,0.4,False,False,False
C1CNCC(C1C2=CC=C(C=C2)F)COC3=CC4=C(C=C3)OCO4,CC1=CN(C(=O)NC1=O)C2CC(C(O2)CO)N=[N+]=[N-],1,reported_twosides,0.0053311861120164394,0.009183036900660586,0.009183036900660586,fitted,platt_logistic_regression,0.4858491299419137,0,0.05221283475141851,0.8370118845500849,0.0008488964346349745,no_interaction,1,False,0.24050632911392406,0.7083333333333334,0.24050632911392406,False,False,True
CC(CCC1=CC=C(C=C1)O)NCCC2=CC(=C(C=C2)O)O,COC1=CC(=CC(=C1OC)OC)CC2=CN=C(N=C2N)N,0,unreported_twosides_sampled,0.5208389163017273,0.5138320387928663,0.5138320387928663,fitted,platt_logistic_regression,0.4858491299419137,1,0.6927644811435045,0.1697792869269949,0.18845500848896435,no_interaction|interaction,2,True,0.38596491228070173,0.22857142857142856,0.22857142857142856,False,False,True
C1=CN(C(=O)N=C1N)C2C(C(C(O2)CO)O)O,CC1=NN=C2N1C3=C(C=C(C=C3)Cl)C(=NC2)C4=CC=CC=C4Cl,0,unreported_twosides_sampled,0.9903491735458374,0.9838586014862012,0.9838586014862012,fitted,platt_logistic_regression,0.4858491299419137,1,0.08261576933620421,0.0008488964346349745,0.7962648556876061,interaction,1,False,0.5306122448979592,0.5454545454545454,0.5306122448979592,False,False,False
C1CC2CN(C(=O)C3=CC=CC(=C23)C1)C4CN5CCC4CC5,CNCCC(C1=CC=CS1)OC2=CC=CC3=CC=CC=C32,0,unreported_twosides_sampled,0.3488142192363739,0.3599403529096846,0.3599403529096846,fitted,platt_logistic_regression,0.4858491299419137,0,0.6533838682755331,0.28183361629881154,0.10611205432937182,no_interaction|interaction,2,True,0.30303030303030304,0.2647058823529412,0.2647058823529412,False,False,True
CC1=C(C(=NO1)C2=C(C=CC=C2Cl)Cl)C(=O)NC3C4N(C3=O)C(C(S4)(C)C)C(=O)[O-],COC(=O)C(C1CCCCN1)C2=CC=CC=C2,0,unreported_twosides_sampled,0.06420853734016418,0.08257160690173802,0.08257160690173802,fitted,platt_logistic_regression,0.4858491299419137,0,0.2850056344276894,0.597623089983022,0.014431239388794566,no_interaction,1,False,0.7777777777777778,0.3225806451612903,0.3225806451612903,False,False,True
C1=CN(C=N1)CC(O)(P(=O)(O)O)P(=O)(O)O,CN1CCC23C4C1CC5=C2C(=C(C=C5)O)OC3C(=O)CC4,1,reported_twosides,0.45785507559776306,0.4576791017491147,0.4576791017491147,fitted,platt_logistic_regression,0.4858491299419137,0,0.689560774211001,0.2164685908319185,0.1502546689303905,no_interaction|interaction,2,True,0.36585365853658536,0.5333333333333333,0.36585365853658536,False,False,True
CC(C)CN(CC(C(CC1=CC=CC=C1)NC(=O)OC2CCOC2)O)S(=O)(=O)C3=CC=C(C=C3)N,CNCC(C1=CC(=C(C=C1)O)O)O,0,unreported_twosides_sampled,0.09613807499408722,0.11742414662748932,0.11742414662748932,fitted,platt_logistic_regression,0.4858491299419137,0,0.36176117120776685,0.534804753820034,0.02631578947368421,no_interaction,1,False,0.7972972972972973,0.475,0.475,False,False,False
CC(C)CN(CC(C(CC1=CC=CC=C1)NC(=O)OC2CCOC2)O)S(=O)(=O)C3=CC=C(C=C3)N,CC(C)OC(=O)C(C)(C)OC1=CC=C(C=C1)C(=O)C2=CC=C(C=C2)Cl,0,unreported_twosides_sampled,0.07388615608215332,0.09334450803731907,0.09334450803731907,fitted,platt_logistic_regression,0.4858491299419137,0,0.3102082529733443,0.5772495755517827,0.016129032258064516,no_interaction,1,False,0.7972972972972973,0.3137254901960784,0.3137254901960784,False,False,True
CN1CCCC(CC1)N2C(=O)C3=CC=CC=C3C(=N2)CC4=CC=C(C=C4)Cl,COC(=O)C(C1CCCCN1)C2=CC=CC=C2,0,unreported_twosides_sampled,0.7469654679298401,0.7203408112251222,0.7203408112251222,fitted,platt_logistic_regression,0.4858491299419137,1,0.5926311461818844,0.07215619694397284,0.3471986417657046,interaction,1,False,0.3,0.3225806451612903,0.3,False,False,True
C1CC2CN(C(=O)C3=CC=CC(=C23)C1)C4CN5CCC4CC5,CC(C)C1=NC(=NC(=C1CCC(CC(CC(=O)O)O)O)C2=CC=C(C=C2)F)N(C)S(=O)(=O)C,1,reported_twosides,0.1388099491596222,0.16159325876880395,0.16159325876880395,fitted,platt_logistic_regression,0.4858491299419137,0,0.442302447343707,0.4770797962648557,0.039898132427843805,no_interaction,1,False,0.30303030303030304,0.4473684210526316,0.30303030303030304,False,False,True
C1CC2CN(C(=O)C3=CC=CC(=C23)C1)C4CN5CCC4CC5,CC(C)OC(=O)C(C)(C)OC1=CC=C(C=C1)C(=O)C2=CC=C(C=C2)Cl,0,unreported_twosides_sampled,0.3672754466533661,0.376601865196818,0.376601865196818,fitted,platt_logistic_regression,0.4858491299419137,0,0.6623760409776447,0.26825127334465193,0.11120543293718166,no_interaction|interaction,2,True,0.30303030303030304,0.3137254901960784,0.30303030303030304,False,False,True
C1=CN=CC=C1C(=O)NN,CNCC(C1=CC(=C(C=C1)O)O)O,0,unreported_twosides_sampled,0.46701696515083313,0.46584642200295745,0.46584642200295745,fitted,platt_logistic_regression,0.4858491299419137,0,0.6908124291922022,0.21222410865874364,0.15449915110356535,no_interaction|interaction,2,True,0.30303030303030304,0.475,0.30303030303030304,False,False,True
C1CC(CCC1C2=CC=C(C=C2)Cl)C3=C(C4=CC=CC=C4C(=O)C3=O)O,C1CNCC(C1C2=CC=C(C=C2)F)COC3=CC4=C(C=C3)OCO4,1,reported_twosides,0.5111359357833862,0.5051748586005753,0.5051748586005753,fitted,platt_logistic_regression,0.4858491299419137,1,0.6930936212806678,0.17572156196943972,0.18166383701188454,no_interaction|interaction,2,True,0.2549019607843137,0.24050632911392406,0.24050632911392406,False,False,True
CC(=O)N(CC(CO)O)C1=C(C(=C(C(=C1I)C(=O)NCC(CO)O)I)C(=O)NCC(CO)O)I,CC1=CC(=C(C=C1)C)OCCCC(C)(C)C(=O)O,0,unreported_twosides_sampled,0.016954652965068817,0.025602939685464902,0.025602939685464902,fitted,platt_logistic_regression,0.4858491299419137,0,0.11910835640752557,0.7512733446519525,0.0025466893039049238,no_interaction,1,False,0.9487179487179487,0.26,0.26,False,False,True
CC1=CN(C(=O)NC1=O)C2CC(C(O2)CO)N=[N+]=[N-],CCC(C)(C)C(=O)OC1CC(C=C2C1C(C(C=C2)C)CCC3CC(CC(=O)O3)O)C,1,reported_twosides,0.009205158799886703,0.01491006109601478,0.01491006109601478,fitted,platt_logistic_regression,0.4858491299419137,0,0.07750587756331007,0.8005093378607809,0.0008488964346349745,no_interaction,1,False,0.7083333333333334,0.7424242424242424,0.7083333333333334,False,False,False
CC1=CC(=C(C=C1)C)OCCCC(C)(C)C(=O)O,CCOC(=O)C1(CCN(CC1)C)C2=CC=CC=C2,0,unreported_twosides_sampled,0.12517166137695312,0.1477142965572255,0.1477142965572255,fitted,platt_logistic_regression,0.4858491299419137,0,0.4187237298160517,0.4966044142614601,0.03480475382003396,no_interaction,1,False,0.26,0.3559322033898305,0.26,False,False,True
CC1=CC=CC=C1S(=O)(=O)NC(=O)C2=CC(=C(C=C2)CC3=CN(C4=C3C=C(C=C4)NC(=O)OC5CCCC5)C)OC,CNC(=O)CN(CCN(CCN(CC(=O)NC)CC(=O)[O-])CC(=O)[O-])CC(=O)[O-].O.[Gd+3],0,unreported_twosides_sampled,0.38232213258743286,0.39013680492976444,0.39013680492976444,fitted,platt_logistic_regression,0.4858491299419137,0,0.6688092420350487,0.25806451612903225,0.11629881154499151,no_interaction|interaction,2,True,0.2631578947368421,0.5675675675675675,0.2631578947368421,False,False,True
C1=NC2=C(N1)C(=S)N=CN2,CC1=CN(C(=O)NC1=O)C2CC(C(O2)CO)N=[N+]=[N-],0,unreported_twosides_sampled,0.011059052310883999,0.017542558044342314,0.017542558044342314,fitted,platt_logistic_regression,0.4858491299419137,0,0.08831454273386638,0.7911714770797963,0.0008488964346349745,no_interaction,1,False,0.3142857142857143,0.7083333333333334,0.3142857142857143,False,False,True
CNC(=C[N+](=O)[O-])NCCSCC1=CSC(=N1)CN(C)C,CNC(=O)CN(CCN(CCN(CC(=O)NC)CC(=O)[O-])CC(=O)[O-])CC(=O)[O-].O.[Gd+3],0,unreported_twosides_sampled,0.7904068231582642,0.7621492545093818,0.7621492545093818,fitted,platt_logistic_regression,0.4858491299419137,1,0.548589837915798,0.06196943972835314,0.39134125636672323,interaction,1,False,0.603448275862069,0.5675675675675675,0.5675675675675675,False,False,False
CC1=NN=C2N1C3=C(C=C(C=C3)Cl)C(=NC2)C4=CC=CC=C4Cl,CC1CC2C3CCC4=CC(=O)C=CC4(C3(C(CC2(C1(C(=O)CCl)O)C)O)Cl)C,1,reported_twosides,0.7729249596595764,0.7451912017543981,0.7451912017543981,fitted,platt_logistic_regression,0.4858491299419137,1,0.5675567446862808,0.06536502546689305,0.37521222410865873,interaction,1,False,0.5454545454545454,0.8620689655172413,0.5454545454545454,False,False,False
C1=CN(C(=O)N=C1N)C2C(C(C(O2)CO)O)O,C1=NC2=C(N1)C(=S)N=CN2,1,reported_twosides,0.5194781422615051,0.5126176163381162,0.5126176163381162,fitted,platt_logistic_regression,0.4858491299419137,1,0.6928287382725679,0.17062818336162988,0.18845500848896435,no_interaction|interaction,2,True,0.5306122448979592,0.3142857142857143,0.3142857142857143,False,False,True
C1=CN=CC=C1C(=O)NN,CC1=CC(=C(C=C1)C)OCCCC(C)(C)C(=O)O,0,unreported_twosides_sampled,0.14344309270381927,0.16626443870766294,0.16626443870766294,fitted,platt_logistic_regression,0.4858491299419137,0,0.4499132651299417,0.4702886247877759,0.04074702886247878,no_interaction,1,False,0.30303030303030304,0.26,0.26,False,False,True
C1=CN(C(=O)N=C1N)C2C(C(C(O2)CO)O)O,C1C(C2C(O1)C(CO2)O[N+](=O)[O-])O,1,reported_twosides,0.6456173062324524,0.6261649214882731,0.6261649214882731,fitted,platt_logistic_regression,0.4858491299419137,1,0.6609652701863602,0.11120543293718166,0.2699490662139219,no_interaction|interaction,2,True,0.5306122448979592,0.8076923076923077,0.5306122448979592,False,False,False
CCC(C)(C)C(=O)OC1CC(C=C2C1C(C(C=C2)C)CCC3CC(CC(=O)O3)O)C,CCP(CC)CC.CC(=O)OCC1C(C(C(C(O1)[S-])OC(=O)C)OC(=O)C)OC(=O)C.[Au+],0,unreported_twosides_sampled,0.7659314274787903,0.7384594826399451,0.7384594826399451,fitted,platt_logistic_regression,0.4858491299419137,1,0.574662090378548,0.06706281833616298,0.3701188455008489,interaction,1,False,0.7424242424242424,0.22950819672131148,0.22950819672131148,False,False,True
CC(C1=CC=CC2=CC=CC=C21)NCCCC3=CC(=CC=C3)C(F)(F)F,CCCC(C)(COC(=O)N)COC(=O)N,0,unreported_twosides_sampled,0.08573742210865021,0.10627759842811645,0.10627759842811645,fitted,platt_logistic_regression,0.4858491299419137,0,0.33866127959887904,0.5534804753820034,0.022071307300509338,no_interaction,1,False,0.24285714285714285,0.6774193548387096,0.24285714285714285,False,False,True
C1=CN(C=N1)CC(O)(P(=O)(O)O)P(=O)(O)O,CCC12CCC3C(C1CCC2(C#C)O)CCC4=CC(=O)CCC34,0,unreported_twosides_sampled,0.3136538565158844,0.3279998698270994,0.3279998698270994,fitted,platt_logistic_regression,0.4858491299419137,0,0.6327531172347157,0.30135823429541597,0.0933786078098472,no_interaction,1,False,0.36585365853658536,0.7169811320754716,0.36585365853658536,False,False,True
CC(C)C1=NC(=NC(=C1CCC(CC(CC(=O)O)O)O)C2=CC=C(C=C2)F)N(C)S(=O)(=O)C,CC1=CC=CC=C1S(=O)(=O)NC(=O)C2=CC(=C(C=C2)CC3=CN(C4=C3C=C(C=C4)NC(=O)OC5CCCC5)C)OC,1,reported_twosides,0.020041638985276222,0.029679614449131756,0.029679614449131756,fitted,platt_logistic_regression,0.4858491299419137,0,0.13362670657667766,0.7393887945670629,0.004244482173174873,no_interaction,1,False,0.4473684210526316,0.2631578947368421,0.2631578947368421,False,False,True
CC1CC2C3CCC4=CC(=O)C=CC4(C3(C(CC2(C1(C(=O)CCl)O)C)O)Cl)C,CCCCCN=C(N)NNC=C1C=NC2=C1C=C(C=C2)CO,1,reported_twosides,0.030331529676914215,0.04276670561214908,0.04276670561214908,fitted,platt_logistic_regression,0.4858491299419137,0,0.17663934601004666,0.6943972835314092,0.0050933786078098476,no_interaction,1,False,0.8620689655172413,0.25,0.25,False,False,True
C1=CC=C(C=C1)C2(C(=O)NC(=O)N2)C3=CC=CC=C3,CCC12CCC3C(C1CCC2(C#C)O)CCC4=CC(=O)CCC34,0,unreported_twosides_sampled,0.07110756635665894,0.09027235040878041,0.09027235040878041,fitted,platt_logistic_regression,0.4858491299419137,0,0.30316749008993205,0.5848896434634975,0.016129032258064516,no_interaction,1,False,0.4,0.7169811320754716,0.4,False,False,False
C1=CC=C(C=C1)C2(C(=O)NC(=O)N2)C3=CC=CC=C3,C[N+]1(CCC2=CC(=C(C=C2C1CC3=CC(=C(C=C3)OC)OC)OC)OC)CCC(=O)OCCCCCOC(=O)CC[N+]4(CCC5=CC(=C(C=C5C4CC6=CC(=C(C=C6)OC)OC)OC)OC)C.C1=CC=C(C=C1)S(=O)(=O)[O-].C1=CC=C(C=C1)S(=O)(=O)[O-],0,unreported_twosides_sampled,0.4697398245334625,0.4682733566674474,0.4682733566674474,fitted,platt_logistic_regression,0.4858491299419137,0,0.6911326676477637,0.21052631578947367,0.15534804753820033,no_interaction|interaction,2,True,0.4,0.25,0.25,False,False,True
C1CNCC(C1C2=CC=C(C=C2)F)COC3=CC4=C(C=C3)OCO4,CC1=CC=CC=C1OC(CCNC)C2=CC=CC=C2,1,reported_twosides,0.13045978546142578,0.15311943655728752,0.15311943655728752,fitted,platt_logistic_regression,0.4858491299419137,0,0.42808212094589043,0.4923599320882852,0.0365025466893039,no_interaction,1,False,0.24050632911392406,0.30612244897959184,0.24050632911392406,False,False,True
CC(C)(C)NCC(COC1=NSN=C1N2CCOCC2)O,CNCCC(C1=CC=CC=C1)OC2=CC=C(C=C2)C(F)(F)F,0,unreported_twosides_sampled,0.01250024326145649,0.019552533884518754,0.019552533884518754,fitted,platt_logistic_regression,0.4858491299419137,0,0.09629251002586856,0.7809847198641766,0.0008488964346349745,no_interaction,1,False,0.4,0.30612244897959184,0.30612244897959184,False,False,True
CC(=O)N(CC(CO)O)C1=C(C(=C(C(=C1I)C(=O)NCC(CO)O)I)C(=O)NCC(CO)O)I,CC(C)C1=NC(=NC(=C1CCC(CC(CC(=O)O)O)O)C2=CC=C(C=C2)F)N(C)S(=O)(=O)C,0,unreported_twosides_sampled,0.0009496056591160595,0.0019785870082429454,0.0019785870082429454,fitted,platt_logistic_regression,0.4858491299419137,0,0.014294069108992086,0.9193548387096774,0.0008488964346349745,no_interaction,1,False,0.9487179487179487,0.4473684210526316,0.4473684210526316,False,False,False
CC1=CC(=C(C=C1)C)OCCCC(C)(C)C(=O)O,CC1=NN=C2N1C3=C(C=C(C=C3)Cl)C(=NC2)C4=CC=CC=C4Cl,0,unreported_twosides_sampled,0.4224889576435089,0.42611689623276655,0.42611689623276655,fitted,platt_logistic_regression,0.4858491299419137,0,0.6821896733366234,0.23684210526315788,0.13497453310696095,no_interaction|interaction,2,True,0.26,0.5454545454545454,0.26,False,False,True
C1=CC=C(C=C1)C2(C(=O)NC(=O)N2)C3=CC=CC=C3,CC1=CC(=C(C=C1)C)OCCCC(C)(C)C(=O)O,1,reported_twosides,0.20137767493724823,0.22314764879242646,0.22314764879242646,fitted,platt_logistic_regression,0.4858491299419137,0,0.530863064161347,0.4057724957555178,0.05432937181663837,no_interaction,1,False,0.4,0.26,0.26,False,False,True
C1=NC2=C(N1)C(=S)N=CN2,CN(C)CCC(C1=CC=C(C=C1)Cl)C2=CC=CC=N2,0,unreported_twosides_sampled,0.4524482786655426,0.45285806495557834,0.45285806495557834,fitted,platt_logistic_regression,0.4858491299419137,0,0.6886958477621516,0.21731748726655348,0.1502546689303905,no_interaction|interaction,2,True,0.3142857142857143,0.28846153846153844,0.28846153846153844,False,False,True
CC1=NN=C2N1C3=C(C=C(C=C3)Cl)C(=NC2)C4=CC=CC=C4,COC1=CC(=CC(=C1OC)OC)CC2=CN=C(N=C2N)N,0,unreported_twosides_sampled,0.17688418924808502,0.19941042839113665,0.19941042839113665,fitted,platt_logistic_regression,0.4858491299419137,0,0.4995840167061672,0.43208828522920206,0.05263157894736842,no_interaction,1,False,0.62,0.22857142857142856,0.22857142857142856,False,False,True
C1C(C2C(O1)C(CO2)O[N+](=O)[O-])O,CCOC(=O)C1(CCN(CC1)C)C2=CC=CC=C2,0,unreported_twosides_sampled,0.7808393836021423,0.7528446299938006,0.7528446299938006,fitted,platt_logistic_regression,0.4858491299419137,1,0.5591883657711587,0.0636672325976231,0.37860780984719866,interaction,1,False,0.8076923076923077,0.3559322033898305,0.3559322033898305,False,False,True
CC(C1=CC=CC2=CC=CC=C21)NCCCC3=CC(=CC=C3)C(F)(F)F,CC1=NN=C2N1C3=C(C=C(C=C3)Cl)C(=NC2)C4=CC=CC=C4Cl,0,unreported_twosides_sampled,0.5289921164512634,0.5211108495160147,0.5211108495160147,fitted,platt_logistic_regression,0.4858491299419137,1,0.6922555796097669,0.166383701188455,0.19439728353140917,no_interaction|interaction,2,True,0.24285714285714285,0.5454545454545454,0.24285714285714285,False,False,True
CNCCC(C1=CC=CC=C1)OC2=CC=C(C=C2)C(F)(F)F,CNCCC(C1=CC=CS1)OC2=CC=CC3=CC=CC=C32,1,reported_twosides,0.14525634050369263,0.16808688116164597,0.16808688116164597,fitted,platt_logistic_regression,0.4858491299419137,0,0.4528397111117203,0.4702886247877759,0.042444821731748725,no_interaction,1,False,0.30612244897959184,0.2647058823529412,0.2647058823529412,False,False,True
CC(C)CN(CC(C(CC1=CC=CC=C1)NC(=O)OC2CCOC2)O)S(=O)(=O)C3=CC=C(C=C3)N,CN1CCC23C4C1CC5=C2C(=C(C=C5)O)OC3C(=O)CC4,0,unreported_twosides_sampled,0.3722918629646301,0.3811184147873662,0.3811184147873662,fitted,platt_logistic_regression,0.4858491299419137,0,0.6646089909349109,0.266553480475382,0.11375212224108659,no_interaction|interaction,2,True,0.7972972972972973,0.5333333333333333,0.5333333333333333,False,False,False
CC(C)C1=NC(=NC(=C1CCC(CC(CC(=O)O)O)O)C2=CC=C(C=C2)F)N(C)S(=O)(=O)C,CCP(CC)CC.CC(=O)OCC1C(C(C(C(O1)[S-])OC(=O)C)OC(=O)C)OC(=O)C.[Au+],0,unreported_twosides_sampled,0.03945029154419899,0.05388579299707774,0.05388579299707774,fitted,platt_logistic_regression,0.4858491299419137,0,0.20980153822056452,0.6638370118845501,0.0050933786078098476,no_interaction,1,False,0.4473684210526316,0.22950819672131148,0.22950819672131148,False,False,True
CN(C)CCC(C1=CC=C(C=C1)Cl)C2=CC=CC=N2,CNC(=C[N+](=O)[O-])NCCSCC1=CSC(=N1)CN(C)C,0,unreported_twosides_sampled,0.9865279793739319,0.978315363908066,0.978315363908066,fitted,platt_logistic_regression,0.4858491299419137,1,0.1045249276577645,0.001697792869269949,0.7699490662139219,interaction,1,False,0.28846153846153844,0.603448275862069,0.28846153846153844,False,False,True
C1=CC=C(C=C1)C2(C(=O)NC(=O)N2)C3=CC=CC=C3,C1C(C(OC1N2C=NC3=C(N=C(N=C32)Cl)N)CO)O,1,reported_twosides,0.002160219009965658,0.004113046265484808,0.004113046265484808,fitted,platt_logistic_regression,0.4858491299419137,0,0.026699971419966603,0.8870967741935484,0.0008488964346349745,no_interaction,1,False,0.4,0.6296296296296297,0.4,False,False,False
CC1=C(C(=NO1)C2=C(C=CC=C2Cl)Cl)C(=O)NC3C4N(C3=O)C(C(S4)(C)C)C(=O)[O-],CCCCCN=C(N)NNC=C1C=NC2=C1C=C(C=C2)CO,0,unreported_twosides_sampled,0.017232758924365044,0.0259737243824725,0.0259737243824725,fitted,platt_logistic_regression,0.4858491299419137,0,0.1204549407768171,0.7512733446519525,0.0025466893039049238,no_interaction,1,False,0.7777777777777778,0.25,0.25,False,False,True
CC1=NN=C2N1C3=C(C=C(C=C3)Cl)C(=NC2)C4=CC=CC=C4Cl,CN1CCCC(CC1)N2C(=O)C3=CC=CC=C3C(=N2)CC4=CC=C(C=C4)Cl,0,unreported_twosides_sampled,0.9913198351860046,0.985305566613499,0.985305566613499,fitted,platt_logistic_regression,0.4858491299419137,1,0.07660065686713895,0.0008488964346349745,0.801358234295416,interaction,1,False,0.5454545454545454,0.3,0.3,False,False,True
CC1=CC=CC=C1S(=O)(=O)NC(=O)C2=CC(=C(C=C2)CC3=CN(C4=C3C=C(C=C4)NC(=O)OC5CCCC5)C)OC,CCC(C)(C)C(=O)OC1CC(C=C2C1C(C(C=C2)C)CCC3CC(CC(=O)O3)O)C,1,reported_twosides,0.13201789557933807,0.15470618313560155,0.15470618313560155,fitted,platt_logistic_regression,0.4858491299419137,0,0.43078631860992833,0.4906621392190153,0.0365025466893039,no_interaction,1,False,0.2631578947368421,0.7424242424242424,0.2631578947368421,False,False,True
C1CNCC(C1C2=CC=C(C=C2)F)COC3=CC4=C(C=C3)OCO4,CC1=C(C(=NO1)C2=C(C=CC=C2Cl)Cl)C(=O)NC3C4N(C3=O)C(C(S4)(C)C)C(=O)[O-],1,reported_twosides,0.0062262737192213535,0.010539961814350607,0.010539961814350607,fitted,platt_logistic_regression,0.4858491299419137,0,0.058468253911558146,0.8268251273344652,0.0008488964346349745,no_interaction,1,False,0.24050632911392406,0.7777777777777778,0.24050632911392406,False,False,True
C1CNCC(C1C2=CC=C(C=C2)F)COC3=CC4=C(C=C3)OCO4,C[N+]1(CCC2=CC(=C(C=C2C1CC3=CC(=C(C=C3)OC)OC)OC)OC)CCC(=O)OCCCCCOC(=O)CC[N+]4(CCC5=CC(=C(C=C5C4CC6=CC(=C(C=C6)OC)OC)OC)OC)C.C1=CC=C(C=C1)S(=O)(=O)[O-].C1=CC=C(C=C1)S(=O)(=O)[O-],1,reported_twosides,0.7291857004165649,0.7035218370236117,0.7035218370236117,fitted,platt_logistic_regression,0.4858491299419137,1,0.607850658776698,0.07470288624787776,0.33191850594227507,interaction,1,False,0.24050632911392406,0.25,0.24050632911392406,False,False,True
CC(C)(C)NCC(COC1=NSN=C1N2CCOCC2)O,CC1CC2C3CCC4=CC(=O)C=CC4(C3(C(CC2(C1(C(=O)CCl)O)C)O)Cl)C,1,reported_twosides,0.16704119741916656,0.18975054716740572,0.18975054716740572,fitted,platt_logistic_regression,0.4858491299419137,0,0.4858610532823844,0.44142614601018676,0.0500848896434635,no_interaction,1,False,0.4,0.8620689655172413,0.4,False,False,False
C1CNCC(C1C2=CC=C(C=C2)F)COC3=CC4=C(C=C3)OCO4,CC1CC2C3CCC4=CC(=O)C=CC4(C3(C(CC2(C1(C(=O)CCl)O)C)O)Cl)C,1,reported_twosides,0.06215091794729233,0.08025350219340557,0.08025350219340557,fitted,platt_logistic_regression,0.4858491299419137,0,0.27938807594772097,0.601018675721562,0.014431239388794566,no_interaction,1,False,0.24050632911392406,0.8620689655172413,0.24050632911392406,False,False,True
CC(C)C1=NC(=NC(=C1CCC(CC(CC(=O)O)O)O)C2=CC=C(C=C2)F)N(C)S(=O)(=O)C,C[N+]1(CCC2=CC(=C(C=C2C1CC3=CC(=C(C=C3)OC)OC)OC)OC)CCC(=O)OCCCCCOC(=O)CC[N+]4(CCC5=CC(=C(C=C5C4CC6=CC(=C(C=C6)OC)OC)OC)OC)C.C1=CC=C(C=C1)S(=O)(=O)[O-].C1=CC=C(C=C1)S(=O)(=O)[O-],0,unreported_twosides_sampled,0.518369734287262,0.511628498592522,0.511628498592522,fitted,platt_logistic_regression,0.4858491299419137,1,0.6928767122156583,0.17062818336162988,0.18760611205432937,no_interaction|interaction,2,True,0.4473684210526316,0.25,0.25,False,False,True
C1=CN(C=N1)CC(O)(P(=O)(O)O)P(=O)(O)O,C1NC2=CC(=C(C=C2S(=O)(=O)N1)S(=O)(=O)N)Cl,1,reported_twosides,0.7906540036201477,0.7623904386504838,0.7623904386504838,fitted,platt_logistic_regression,0.4858491299419137,1,0.5483088187311378,0.06196943972835314,0.39134125636672323,interaction,1,False,0.36585365853658536,0.5454545454545454,0.36585365853658536,False,False,True
CC1=CC=CC=C1OC(CCNC)C2=CC=CC=C2,CCCCC(C)(CC=CC1C(CC(=O)C1CCCCCCC(=O)OC)O)O,0,unreported_twosides_sampled,0.3076540231704712,0.32251741846570275,0.32251741846570275,fitted,platt_logistic_regression,0.4858491299419137,0,0.6287524746999031,0.3081494057724958,0.09168081494057725,no_interaction,1,False,0.30612244897959184,0.3698630136986301,0.30612244897959184,False,False,True
