source,target,label,label_evidence,raw_prediction_score,calibrated_prediction_score,prediction_score,calibration_status,calibration_method,threshold,predicted_label,predictive_entropy_nats,conformal_no_interaction_p_value,conformal_interaction_p_value,conformal_prediction_set,conformal_prediction_set_size,conformal_abstain,source_nearest_train_tanimoto,target_nearest_train_tanimoto,pair_minimum_nearest_train_tanimoto,source_exactly_seen_in_training,target_exactly_seen_in_training,structural_ood_flag
C1C(OC(S1)CO)N2C=C(C(=NC2=O)N)F,CC1CN(CCN1)C2=C(C=C3C(=C2OC)N(C=C(C3=O)C(=O)O)C4CC4)F,0,unreported_twosides_sampled,0.7032492756843567,0.6597090389539242,0.6597090389539242,fitted,platt_logistic_regression,0.5027853759154408,1,0.6412282820539377,0.11922753988245172,0.32997481108312343,no_interaction|interaction,2,True,0.6326530612244898,0.7230769230769231,0.6326530612244898,False,False,False
CC1CC2C3CCC4=CC(=O)C=CC4(C3(C(CC2(C1(C(=O)CO)O)C)O)F)C,CN1CCC23C=CC(CC2OC4=C(C=CC(=C34)C1)OC)O,0,unreported_twosides_sampled,0.9994155168533325,0.9954898426218681,0.9954898426218681,fitted,platt_logistic_regression,0.5027853759154408,1,0.028861240129563412,0.0008396305625524769,0.9487825356842989,interaction,1,False,0.8596491228070176,0.375,0.375,False,False,True
CCC(C)C(=O)OC1CC(C=C2C1C(C(C=C2)C)CCC3CC(CC(=O)O3)O)C,CN1CCC(=C2C3=C(C(=O)CC4=CC=CC=C42)SC=C3)CC1,0,unreported_twosides_sampled,0.9867033958435059,0.958504057174192,0.958504057174192,fitted,platt_logistic_regression,0.5027853759154408,1,0.17266953768937188,0.005037783375314861,0.8203190596137699,interaction,1,False,0.7424242424242424,0.3018867924528302,0.3018867924528302,False,False,True
C1CC(OC1CO)N2C=NC3=C2NC=NC3=O,CC1CN(CCN1)C2=C(C=C3C(=C2OC)N(C=C(C3=O)C(=O)O)C4CC4)F,0,unreported_twosides_sampled,0.7055814266204834,0.6615157303314675,0.6615157303314675,fitted,platt_logistic_regression,0.5027853759154408,1,0.6400249799465509,0.11922753988245172,0.32997481108312343,no_interaction|interaction,2,True,0.3492063492063492,0.7230769230769231,0.3492063492063492,False,False,True
CC12CCC3C(C1CCC2C(=O)NC4=C(C=CC(=C4)C(F)(F)F)C(F)(F)F)CCC5C3(C=CC(=O)N5)C,CC1=NN=C(S1)SCC2=C(N3C(C(C3=O)NC(=O)CN4C=NN=N4)SC2)C(=O)[O-],0,unreported_twosides_sampled,0.04968953877687454,0.11087734585524049,0.11087734585524049,fitted,platt_logistic_regression,0.5027853759154408,0,0.3483457178426701,0.6607892527287993,0.017632241813602016,no_interaction,1,False,0.6417910447761194,0.4574468085106383,0.4574468085106383,False,False,False
CCOC1=C(C=CC(=C1)CC(=O)NC(CC(C)C)C2=CC=CC=C2N3CCCCC3)C(=O)O,CN1CCC23C=CC(CC2OC4=C(C=CC(=C34)C1)OC)O,0,unreported_twosides_sampled,0.9999018907546997,0.9987472970875796,0.9987472970875796,fitted,platt_logistic_regression,0.5027853759154408,1,0.00962304469932326,0.0008396305625524769,0.982367758186398,interaction,1,False,0.2804878048780488,0.375,0.2804878048780488,False,False,True
CC1=NN=C(S1)SCC2=C(N3C(C(C3=O)NC(=O)CN4C=NN=N4)SC2)C(=O)[O-],C[N+](C)(C)CC(CC(=O)O)O,0,unreported_twosides_sampled,0.04644576087594032,0.10594653912092963,0.10594653912092963,fitted,platt_logistic_regression,0.5027853759154408,0,0.337955764067807,0.670864819479429,0.016792611251049538,no_interaction,1,False,0.4574468085106383,0.36666666666666664,0.36666666666666664,False,False,True
C1C(C(C(C(C1N)OC2C(C(C(C(O2)CN)O)O)O)O)OC3C(C(C(C(O3)CO)O)N)O)N,CCCCC(=O)N(CC1=CC=C(C=C1)C2=CC=CC=C2C3=NNN=N3)C(C(C)C)C(=O)O,0,unreported_twosides_sampled,0.08324629813432693,0.1564728841133709,0.1564728841133709,fitted,platt_logistic_regression,0.5027853759154408,0,0.43377455649337615,0.5743073047858942,0.033585222502099076,no_interaction,1,False,0.7727272727272727,0.4533333333333333,0.4533333333333333,False,False,False
C1=CC(=C2NC(=C3C=CC=CC3=O)N(N2)C4=CC=C(C=C4)C(=O)O)C(=O)C=C1,CC1=NN=C2N1C3=C(C=C(C=C3)Cl)C(=NC2)C4=CC=CC=C4,1,reported_twosides,0.6361533403396606,0.6090231112063594,0.6090231112063594,fitted,platt_logistic_regression,0.5027853759154408,1,0.6691830560479609,0.1452560873215785,0.28211586901763225,no_interaction|interaction,2,True,0.22033898305084745,0.7659574468085106,0.22033898305084745,False,False,True
CC(C)(C(=O)O)ON=C(C1=CSC(=N1)N)C(=O)NC2C3N(C2=O)C(=C(CS3)C[N+]4=CC=CC=C4)C(=O)[O-],CNC(=C[N+](=O)[O-])NCCSCC1=CC=C(O1)CN(C)C,1,reported_twosides,0.012094909325242043,0.04203540423327594,0.04203540423327594,fitted,platt_logistic_regression,0.5027853759154408,0,0.174359683491049,0.8161209068010076,0.005877413937867338,no_interaction,1,False,0.6428571428571429,0.603448275862069,0.603448275862069,False,False,False
CC(C)(C(=O)O)ON=C(C1=CSC(=N1)N)C(=O)NC2C3N(C2=O)C(=C(CS3)C[N+]4=CC=CC=C4)C(=O)[O-],CC1=C(C(=O)C2=CC=CC=C2C1=O)CC=C(C)CCCC(C)CCCC(C)CCCC(C)C,1,reported_twosides,0.011734564788639545,0.04115748350077254,0.04115748350077254,fitted,platt_logistic_regression,0.5027853759154408,0,0.1716054066702479,0.8219983207388749,0.005037783375314861,no_interaction,1,False,0.6428571428571429,0.22058823529411764,0.22058823529411764,False,False,True
C1CC(C1)CN2CCC34C5C(CCC3(C2CC6=C4C(=C(C=C6)O)O5)O)O,CCC(C)C(=O)OC1CC(C=C2C1C(C(C=C2)C)CCC3CC(CC(=O)O3)O)C,0,unreported_twosides_sampled,0.9785104990005493,0.9420462059684221,0.9420462059684221,fitted,platt_logistic_regression,0.5027853759154408,1,0.2212997941623713,0.006717044500419815,0.7808564231738035,interaction,1,False,0.6451612903225806,0.7424242424242424,0.6451612903225806,False,False,False
C1C(N(C2=C(N1)NC(=NC2=O)N)C=O)CNC3=CC=C(C=C3)C(=O)NC(CCC(=O)O)C(=O)O,CCOC1=C(C=CC(=C1)CC(=O)NC(CC(C)C)C2=CC=CC=C2N3CCCCC3)C(=O)O,0,unreported_twosides_sampled,0.4398361146450043,0.4668665363501607,0.4668665363501607,fitted,platt_logistic_regression,0.5027853759154408,0,0.6909499179399701,0.23341729638958858,0.1855583543240974,no_interaction|interaction,2,True,0.5256410256410257,0.2804878048780488,0.2804878048780488,False,False,True
C1=CC(=CC=C1N)S(=O)(=O)C2=CC=C(C=C2)N,C1CN=C(N1)NC2=C(C=CC=C2Cl)Cl,1,reported_twosides,0.17745567858219147,0.25690079455248555,0.25690079455248555,fitted,platt_logistic_regression,0.5027853759154408,0,0.5697902196831183,0.4282115869017632,0.07220822837951302,no_interaction,1,False,0.43333333333333335,0.5853658536585366,0.43333333333333335,False,False,False
CC12CCC3C(C1CCC2(C)O)CCC4C3(COC(=O)C4)C,CC1=NN=C2N1C3=C(C=C(C=C3)Cl)C(=NC2)C4=CC=CC=C4,0,unreported_twosides_sampled,0.49900662899017334,0.5095970775635297,0.5095970775635297,fitted,platt_logistic_regression,0.5027853759154408,1,0.6929629614519199,0.20151133501259447,0.21662468513853905,no_interaction|interaction,2,True,0.31343283582089554,0.7659574468085106,0.31343283582089554,False,False,True
CC12CCC3C(C1CCC2(C)O)CCC4C3(COC(=O)C4)C,CCN(C)C(=O)OC1=CC=CC(=C1)C(C)N(C)C,0,unreported_twosides_sampled,0.9455825686454773,0.8904490210950496,0.8904490210950496,fitted,platt_logistic_regression,0.5027853759154408,1,0.3455755191074351,0.016792611251049538,0.6624685138539043,interaction,1,False,0.31343283582089554,0.32653061224489793,0.31343283582089554,False,False,True
C1CC(OC1CO)N2C=NC3=C2NC=NC3=O,CC1=C(SC=C1)C(=CCCN2CCCC(C2)C(=O)O)C3=C(C=CS3)C,0,unreported_twosides_sampled,0.34141045808792114,0.3937846824965694,0.3937846824965694,fitted,platt_logistic_regression,0.5027853759154408,0,0.670410951621871,0.2795969773299748,0.1452560873215785,no_interaction|interaction,2,True,0.3492063492063492,0.26865671641791045,0.26865671641791045,False,False,True
CC(C)C(CCCN(C)CCC1=CC(=C(C=C1)OC)OC)(C#N)C2=CC(=C(C=C2)OC)OC,CC1=C(C(=O)C2=CC=CC=C2C1=O)CC=C(C)CCCC(C)CCCC(C)CCCC(C)C,1,reported_twosides,0.3314656615257263,0.38616037913832796,0.38616037913832796,fitted,platt_logistic_regression,0.5027853759154408,0,0.6669995554146817,0.2871536523929471,0.14357682619647355,no_interaction|interaction,2,True,0.23529411764705882,0.22058823529411764,0.22058823529411764,False,False,True
CC1CC2C3CCC4=CC(=O)C=CC4(C3(C(CC2(C1(C(=O)CO)O)C)O)F)C,CC1CN(CCN1)C2=C(C=C3C(=C2OC)N(C=C(C3=O)C(=O)O)C4CC4)F,1,reported_twosides,0.9831704497337341,0.9510923655842175,0.9510923655842175,fitted,platt_logistic_regression,0.5027853759154408,1,0.19528619126167826,0.005877413937867338,0.8001679261125105,interaction,1,False,0.8596491228070176,0.7230769230769231,0.7230769230769231,False,False,False
CC(C)(C)NCC(C1=CC(=C(C=C1)O)CO)O,CC1=C(SC=C1)C(=CCCN2CCCC(C2)C(=O)O)C3=C(C=CS3)C,1,reported_twosides,0.21644164621829987,0.29228232161236173,0.29228232161236173,fitted,platt_logistic_regression,0.5027853759154408,0,0.6041826071610569,0.38455079764903444,0.09151973131821999,no_interaction,1,False,0.5227272727272727,0.26865671641791045,0.26865671641791045,False,False,True
CC(C)C(CCCN(C)CCC1=CC(=C(C=C1)OC)OC)(C#N)C2=CC(=C(C=C2)OC)OC,CCCCC(=O)N(CC1=CC=C(C=C1)C2=CC=CC=C2C3=NNN=N3)C(C(C)C)C(=O)O,1,reported_twosides,0.9956564903259277,0.9811313489683251,0.9811313489683251,fitted,platt_logistic_regression,0.5027853759154408,1,0.09360283382344921,0.0008396305625524769,0.8849706129303107,interaction,1,False,0.23529411764705882,0.4533333333333333,0.23529411764705882,False,False,True
CC(C)C(CCCN(C)CCC1=CC(=C(C=C1)OC)OC)(C#N)C2=CC(=C(C=C2)OC)OC,CN1CCC(=C2C3=C(C(=O)CC4=CC=CC=C42)SC=C3)CC1,1,reported_twosides,0.2322026640176773,0.30594684957444696,0.30594684957444696,fitted,platt_logistic_regression,0.5027853759154408,0,0.6158191663565193,0.36523929471032746,0.10075566750629723,no_interaction|interaction,2,True,0.23529411764705882,0.3018867924528302,0.23529411764705882,False,False,True
C1=CC(=CC=C1N)S(=O)(=O)C2=CC=C(C=C2)N,CC(C)C(CCCN(C)CCC1=CC(=C(C=C1)OC)OC)(C#N)C2=CC(=C(C=C2)OC)OC,0,unreported_twosides_sampled,0.00788583792746067,0.031156708263048397,0.031156708263048397,fitted,platt_logistic_regression,0.5027853759154408,0,0.1387402919395076,0.8513853904282116,0.0041981528127623844,no_interaction,1,False,0.43333333333333335,0.23529411764705882,0.23529411764705882,False,False,True
CC1=C(SC=C1)C(=CCCN2CCCC(C2)C(=O)O)C3=C(C=CS3)C,CC1=NN=C2N1C3=C(C=C(C=C3)Cl)C(=NC2)C4=CC=CC=C4,1,reported_twosides,0.44822022318840027,0.47295289565033166,0.47295289565033166,fitted,platt_logistic_regression,0.5027853759154408,0,0.6916833744702622,0.22837951301427373,0.1889168765743073,no_interaction|interaction,2,True,0.26865671641791045,0.7659574468085106,0.26865671641791045,False,False,True
C1=CC(=CC=C1N)S(=O)(=O)C2=CC=C(C=C2)N,CC1CC2C3CCC4=CC(=O)C=CC4(C3(C(CC2(C1(C(=O)CO)O)C)O)F)C,1,reported_twosides,0.08882760256528854,0.16333386662235452,0.16333386662235452,fitted,platt_logistic_regression,0.5027853759154408,0,0.445157071421851,0.5642317380352645,0.03526448362720403,no_interaction,1,False,0.43333333333333335,0.8596491228070176,0.43333333333333335,False,False,False
CCCC1(CC(=O)C(=C(O1)O)C(CC)C2=CC(=CC=C2)NS(=O)(=O)C3=NC=C(C=C3)C(F)(F)F)CCC4=CC=CC=C4,CCOC1=C(C=CC(=C1)CC(=O)NC(CC(C)C)C2=CC=CC=C2N3CCCCC3)C(=O)O,0,unreported_twosides_sampled,0.3357824385166168,0.38947694494181756,0.38947694494181756,fitted,platt_logistic_regression,0.5027853759154408,0,0.6685135428373826,0.2837951301427372,0.14441645675902604,no_interaction|interaction,2,True,0.2247191011235955,0.2804878048780488,0.2247191011235955,False,False,True
CC1CC2C3CCC4=CC(=O)C=CC4(C3(C(CC2(C1(C(=O)CO)O)C)O)F)C,CCN(C)C(=O)OC1=CC=CC(=C1)C(C)N(C)C,0,unreported_twosides_sampled,0.6297662854194641,0.6043033312239332,0.6043033312239332,fitted,platt_logistic_regression,0.5027853759154408,1,0.671228189109244,0.1452560873215785,0.2779177162048699,no_interaction|interaction,2,True,0.8596491228070176,0.32653061224489793,0.32653061224489793,False,False,True
C1CC(OC1CO)N2C=NC3=C2NC=NC3=O,CCCC1(CC(=O)C(=C(O1)O)C(CC)C2=CC(=CC=C2)NS(=O)(=O)C3=NC=C(C=C3)C(F)(F)F)CCC4=CC=CC=C4,1,reported_twosides,0.1678590327501297,0.24778087088099907,0.24778087088099907,fitted,platt_logistic_regression,0.5027853759154408,0,0.5598840239691009,0.4357682619647355,0.06968933669185558,no_interaction,1,False,0.3492063492063492,0.2247191011235955,0.2247191011235955,False,False,True
CC12CCC3C(C1CCC2C(=O)NC4=C(C=CC(=C4)C(F)(F)F)C(F)(F)F)CCC5C3(C=CC(=O)N5)C,CC1C2C(C(=O)N2C(=C1SC3CC(NC3)C(=O)NC4=CC=CC(=C4)C(=O)O)C(=O)O)C(C)O,1,reported_twosides,0.12964238226413727,0.20938261013628842,0.20938261013628842,fitted,platt_logistic_regression,0.5027853759154408,0,0.5131375254729282,0.48866498740554154,0.04785894206549118,no_interaction,1,False,0.6417910447761194,0.23529411764705882,0.23529411764705882,False,False,True
CC(C)C(CCCN(C)CCC1=CC(=C(C=C1)OC)OC)(C#N)C2=CC(=C(C=C2)OC)OC,CNC(=C[N+](=O)[O-])NCCSCC1=CC=C(O1)CN(C)C,1,reported_twosides,0.6923090815544128,0.6512803187691353,0.6512803187691353,fitted,platt_logistic_regression,0.5027853759154408,1,0.6466504668108691,0.12258606213266163,0.31738035264483627,no_interaction|interaction,2,True,0.23529411764705882,0.603448275862069,0.23529411764705882,False,False,True
C1C(N(C2=C(N1)NC(=NC2=O)N)C=O)CNC3=CC=C(C=C3)C(=O)NC(CCC(=O)O)C(=O)O,CC1=C(C(C(=C(N1)C)C(=O)OCC(C)C)C2=CC=CC=C2[N+](=O)[O-])C(=O)OC,0,unreported_twosides_sampled,0.8213516473770142,0.7574555559644006,0.7574555559644006,fitted,platt_logistic_regression,0.5027853759154408,1,0.5539951519978793,0.06465155331654072,0.4424853064651553,interaction,1,False,0.5256410256410257,0.8043478260869565,0.5256410256410257,False,False,False
CC(C)(C(=O)O)ON=C(C1=CSC(=N1)N)C(=O)NC2C3N(C2=O)C(=C(CS3)C[N+]4=CC=CC=C4)C(=O)[O-],CN1C=NC(=C1SC2=NC=NC3=C2NC=N3)[N+](=O)[O-],0,unreported_twosides_sampled,0.01676815375685692,0.05275752987146539,0.05275752987146539,fitted,platt_logistic_regression,0.5027853759154408,0,0.20655593666981398,0.7909319899244333,0.006717044500419815,no_interaction,1,False,0.6428571428571429,0.25925925925925924,0.25925925925925924,False,False,True
CCC(C)C(=O)OC1CC(C=C2C1C(C(C=C2)C)CCC3CC(CC(=O)O3)O)C,CN(C)NN=C1C(=NC=N1)C(=O)N,0,unreported_twosides_sampled,0.9623783826828003,0.9147881458878867,0.9147881458878867,fitted,platt_logistic_regression,0.5027853759154408,1,0.29131753729807086,0.012594458438287154,0.7262804366078925,interaction,1,False,0.7424242424242424,0.24390243902439024,0.24390243902439024,False,False,True
CCCCC(=O)N(CC1=CC=C(C=C1)C2=CC=CC=C2C3=NNN=N3)C(C(C)C)C(=O)O,CCOC(=O)N1CCC(=C2C3=C(CCC4=C2N=CC=C4)C=C(C=C3)Cl)CC1,1,reported_twosides,0.2861253023147583,0.3505742794721331,0.3505742794721331,fitted,platt_logistic_regression,0.5027853759154408,0,0.6478014158988119,0.3165407220822838,0.12258606213266163,no_interaction|interaction,2,True,0.4533333333333333,0.5892857142857143,0.4533333333333333,False,False,False
C(CCl)NC(=O)N(CCCl)N=O,CC12CCC3C(C1CCC2(C#C)O)CCC4=CC(=O)CCC34,0,unreported_twosides_sampled,0.0019504608353599906,0.011584630315152408,0.011584630315152408,fitted,platt_logistic_regression,0.5027853759154408,0,0.06316243060785948,0.90848026868178,0.0008396305625524769,no_interaction,1,False,0.2391304347826087,0.7169811320754716,0.2391304347826087,False,False,True
C1C(OC(S1)CO)N2C=C(C(=NC2=O)N)F,CC1CC2C3CCC4=CC(=O)C=CC4(C3(C(CC2(C1(C(=O)CO)O)C)O)F)C,0,unreported_twosides_sampled,0.1786225289106369,0.257997427693367,0.257997427693367,fitted,platt_logistic_regression,0.5027853759154408,0,0.5709518502667565,0.42737195633921077,0.07304785894206549,no_interaction,1,False,0.6326530612244898,0.8596491228070176,0.6326530612244898,False,False,False
CCCCC(=O)N(CC1=CC=C(C=C1)C2=CC=CC=C2C3=NNN=N3)C(C(C)C)C(=O)O,C[N+](C)(C)CC(CC(=O)O)O,0,unreported_twosides_sampled,0.037780191749334335,0.09212972025882969,0.09212972025882969,fitted,platt_logistic_regression,0.5027853759154408,0,0.30743772224619453,0.707808564231738,0.01595298068849706,no_interaction,1,False,0.4533333333333333,0.36666666666666664,0.36666666666666664,False,False,True
CC1C2C(C(=O)N2C(=C1SC3CC(NC3)C(=O)NC4=CC=CC(=C4)C(=O)O)C(=O)O)C(C)O,CC1CN(CCN1)C2=C(C=C3C(=C2OC)N(C=C(C3=O)C(=O)O)C4CC4)F,0,unreported_twosides_sampled,0.9992498755455017,0.9946071583191354,0.9946071583191354,fitted,platt_logistic_regression,0.5027853759154408,1,0.033543375694463085,0.0008396305625524769,0.9403862300587741,interaction,1,False,0.23529411764705882,0.7230769230769231,0.23529411764705882,False,False,True
C1CC(C1)CN2CCC34C5C(CCC3(C2CC6=C4C(=C(C=C6)O)O5)O)O,CC(C)C(C(=O)OCC(CO)OCN1C=NC2=C1NC(=NC2=O)N)N,0,unreported_twosides_sampled,0.3187151253223419,0.3762973079319554,0.3762973079319554,fitted,platt_logistic_regression,0.5027853759154408,0,0.6622223475254487,0.2955499580184719,0.1376994122586062,no_interaction|interaction,2,True,0.6451612903225806,0.7307692307692307,0.6451612903225806,False,False,False
CC12CCC3C(C1CCC2(C#C)O)CCC4=CC(=O)CCC34,CCOC1=C(C=CC(=C1)CC(=O)NC(CC(C)C)C2=CC=CC=C2N3CCCCC3)C(=O)O,0,unreported_twosides_sampled,0.2844127416610718,0.34919973010360333,0.34919973010360333,fitted,platt_logistic_regression,0.5027853759154408,0,0.6469498325527532,0.3165407220822838,0.12258606213266163,no_interaction|interaction,2,True,0.7169811320754716,0.2804878048780488,0.2804878048780488,False,False,True
CC(C)(C(=O)O)ON=C(C1=CSC(=N1)N)C(=O)NC2C3N(C2=O)C(=C(CS3)C[N+]4=CC=CC=C4)C(=O)[O-],CC(C)(C)NCC(C1=CC(=C(C=C1)O)CO)O,1,reported_twosides,0.02098296582698822,0.06160439670926583,0.06160439670926583,fitted,platt_logistic_regression,0.5027853759154408,0,0.2313594446676503,0.7741393786733837,0.007556675062972292,no_interaction,1,False,0.6428571428571429,0.5227272727272727,0.5227272727272727,False,False,False
CC(C)C(C(=O)OCC(CO)OCN1C=NC2=C1NC(=NC2=O)N)N,CC1=C(C(=O)C2=CC=CC=C2C1=O)CC=C(C)CCCC(C)CCCC(C)CCCC(C)C,0,unreported_twosides_sampled,0.2852773666381836,0.34989401047591623,0.34989401047591623,fitted,platt_logistic_regression,0.5027853759154408,0,0.6473810026727691,0.3165407220822838,0.12258606213266163,no_interaction|interaction,2,True,0.7307692307692307,0.22058823529411764,0.22058823529411764,False,False,True
C1CC(C1)(C(=O)O)C(=O)O.N.N.[Pt],CC1=C(C(=O)C2=CC=CC=C2C1=O)CC=C(C)CCCC(C)CCCC(C)CCCC(C)C,0,unreported_twosides_sampled,0.5753480792045593,0.5645746901834083,0.5645746901834083,fitted,platt_logistic_regression,0.5027853759154408,1,0.6847840592756285,0.1704450041981528,0.25608732157850544,no_interaction|interaction,2,True,0.26666666666666666,0.22058823529411764,0.22058823529411764,False,False,True
CC12CCC3C(C1CCC2C(=O)NC4=C(C=CC(=C4)C(F)(F)F)C(F)(F)F)CCC5C3(C=CC(=O)N5)C,CCCN1CC(CC2C1CC3=CNC4=CC=CC2=C34)CSC,0,unreported_twosides_sampled,0.010672686621546745,0.038518628884216054,0.038518628884216054,fitted,platt_logistic_regression,0.5027853759154408,0,0.16320735243071263,0.8295549958018472,0.0041981528127623844,no_interaction,1,False,0.6417910447761194,0.42168674698795183,0.42168674698795183,False,False,False
C1C(N(C2=C(N1)NC(=NC2=O)N)C=O)CNC3=CC=C(C=C3)C(=O)NC(CCC(=O)O)C(=O)O,CCOC(=O)C(CCC1=CC=CC=C1)NC(C)C(=O)N2C3CCCCC3CC2C(=O)O,0,unreported_twosides_sampled,0.9657676815986633,0.9201217596069833,0.9201217596069833,fitted,platt_logistic_regression,0.5027853759154408,1,0.2784718917907095,0.0109151973131822,0.7355163727959698,interaction,1,False,0.5256410256410257,0.9636363636363636,0.5256410256410257,False,False,False
CC12CCC3C(C1CCC2C(=O)NC4=C(C=CC(=C4)C(F)(F)F)C(F)(F)F)CCC5C3(C=CC(=O)N5)C,CCCCC(=O)N(CC1=CC=C(C=C1)C2=CC=CC=C2C3=NNN=N3)C(C(C)C)C(=O)O,1,reported_twosides,0.5049086809158325,0.513841003909506,0.513841003909506,fitted,platt_logistic_regression,0.5027853759154408,1,0.6927639848326763,0.19815281276238456,0.22082283795130142,no_interaction|interaction,2,True,0.6417910447761194,0.4533333333333333,0.4533333333333333,False,False,False
CC1=C(SC=C1)C(=CCCN2CCCC(C2)C(=O)O)C3=C(C=CS3)C,CCOC(=O)N1CCC(=C2C3=C(CCC4=C2N=CC=C4)C=C(C=C3)Cl)CC1,1,reported_twosides,0.04701646789908409,0.10682277006024664,0.10682277006024664,fitted,platt_logistic_regression,0.5027853759154408,0,0.3398205735296388,0.6691855583543241,0.016792611251049538,no_interaction,1,False,0.26865671641791045,0.5892857142857143,0.26865671641791045,False,False,True
CC1(C(N2C(S1)C(C2=O)NC(=O)C(C3=CC=CC=C3)N)C(=O)[O-])C,CC1=NN=C2N1C3=C(C=C(C=C3)Cl)C(=NC2)C4=CC=CC=C4,1,reported_twosides,0.028046801686286926,0.07519672252611531,0.07519672252611531,fitted,platt_logistic_regression,0.5027853759154408,0,0.2668784116833044,0.7455919395465995,0.0109151973131822,no_interaction,1,False,0.6119402985074627,0.7659574468085106,0.6119402985074627,False,False,False
CN(C)NN=C1C(=NC=N1)C(=O)N,CN1C=NC(=C1SC2=NC=NC3=C2NC=N3)[N+](=O)[O-],0,unreported_twosides_sampled,0.006540507078170776,0.02731505735157865,0.02731505735157865,fitted,platt_logistic_regression,0.5027853759154408,0,0.12528142751144228,0.8589420654911839,0.0033585222502099076,no_interaction,1,False,0.24390243902439024,0.25925925925925924,0.24390243902439024,False,False,True
CC(C)(C)NCC(C1=CC(=C(C=C1)O)CO)O,CC12CCC3C(C1CCC2(C)O)CCC4C3(COC(=O)C4)C,0,unreported_twosides_sampled,0.405407190322876,0.441695748839065,0.441695748839065,fitted,platt_logistic_regression,0.5027853759154408,0,0.6863329169700945,0.25272879932829556,0.1746431570109152,no_interaction|interaction,2,True,0.5227272727272727,0.31343283582089554,0.31343283582089554,False,False,True
CC12CCC3C(C1CCC2(C)O)CCC4C3(COC(=O)C4)C,CCCCC(=O)N(CC1=CC=C(C=C1)C2=CC=CC=C2C3=NNN=N3)C(C(C)C)C(=O)O,0,unreported_twosides_sampled,0.9997108578681946,0.9972774605406841,0.9972774605406841,fitted,platt_logistic_regression,0.5027853759154408,1,0.018798665880372732,0.0008396305625524769,0.9655751469353484,interaction,1,False,0.31343283582089554,0.4533333333333333,0.31343283582089554,False,False,True
CC1CN(CCN1)C2=C(C=C3C(=C2OC)N(C=C(C3=O)C(=O)O)C4CC4)F,CN1CC(=O)N2C(C1=O)CC3=C(C2C4=CC5=C(C=C4)OCO5)NC6=CC=CC=C36,0,unreported_twosides_sampled,0.811638593673706,0.7487829654232954,0.7487829654232954,fitted,platt_logistic_regression,0.5027853759154408,1,0.5636682482262358,0.06968933669185558,0.434928631402183,interaction,1,False,0.7230769230769231,0.24050632911392406,0.24050632911392406,False,False,True
CC1(C(N2C(S1)C(C2=O)NC(=O)C(C3=CC=CC=C3)N)C(=O)[O-])C,COC1=C(C=C(C=C1)C2=CC3=C(C=C2)C=C(C=C3)C(=O)O)C45CC6CC(C4)CC(C6)C5,0,unreported_twosides_sampled,0.020865576341748238,0.06136650958453684,0.06136650958453684,fitted,platt_logistic_regression,0.5027853759154408,0,0.2307110836982854,0.7749790092359362,0.007556675062972292,no_interaction,1,False,0.6119402985074627,0.288135593220339,0.288135593220339,False,False,True
CC1=C(C(C(=C(N1)C)C(=O)OCC(C)C)C2=CC=CC=C2[N+](=O)[O-])C(=O)OC,CN1CC(=O)N2C(C1=O)CC3=C(C2C4=CC5=C(C=C4)OCO5)NC6=CC=CC=C36,0,unreported_twosides_sampled,0.9641768932342529,0.9175970747296213,0.9175970747296213,fitted,platt_logistic_regression,0.5027853759154408,1,0.28459927654856465,0.011754827875734676,0.7304785894206549,interaction,1,False,0.8043478260869565,0.24050632911392406,0.24050632911392406,False,False,True
C1=CC(=CC=C1N)S(=O)(=O)C2=CC=C(C=C2)N,CC12CCC3C(C1CCC2C(=O)NC4=C(C=CC(=C4)C(F)(F)F)C(F)(F)F)CCC5C3(C=CC(=O)N5)C,1,reported_twosides,0.015840789303183556,0.05071640783941089,0.05071640783941089,fitted,platt_logistic_regression,0.5027853759154408,0,0.200619284255451,0.7959697732997482,0.006717044500419815,no_interaction,1,False,0.43333333333333335,0.6417910447761194,0.43333333333333335,False,False,False
C1CC(C1)CN2CCC34C5C(CCC3(C2CC6=C4C(=C(C=C6)O)O5)O)O,CN1C=NC(=C1SC2=NC=NC3=C2NC=N3)[N+](=O)[O-],0,unreported_twosides_sampled,0.31661078333854675,0.3746594423870662,0.3746594423870662,fitted,platt_logistic_regression,0.5027853759154408,0,0.6613890251500341,0.2963895885810244,0.13685978169605373,no_interaction|interaction,2,True,0.6451612903225806,0.25925925925925924,0.25925925925925924,False,False,True
C1=CC(=CC=C1N)S(=O)(=O)C2=CC=C(C=C2)N,CCOC(=O)C(CCC1=CC=CC=C1)NC(C)C(=O)N2C3CCCCC3CC2C(=O)O,0,unreported_twosides_sampled,0.14604423940181732,0.22631149739843412,0.22631149739843412,fitted,platt_logistic_regression,0.5027853759154408,0,0.5347809265112078,0.4643157010915197,0.05709487825356843,no_interaction,1,False,0.43333333333333335,0.9636363636363636,0.43333333333333335,False,False,False
C1CC(OC1CO)N2C=NC3=C2NC=NC3=O,CN(C)CCC1=CNC2=C1C=C(C=C2)CC3COC(=O)N3,0,unreported_twosides_sampled,0.08043389767408371,0.15295129003095292,0.15295129003095292,fitted,platt_logistic_regression,0.5027853759154408,0,0.42779442392687056,0.5801847187237615,0.033585222502099076,no_interaction,1,False,0.3492063492063492,0.543859649122807,0.3492063492063492,False,False,True
CC12CCC3C(C1CCC2(C#C)O)CCC4=CC(=O)CCC34,CC1CN(CCN1)C2=C(C=C3C(=C2OC)N(C=C(C3=O)C(=O)O)C4CC4)F,0,unreported_twosides_sampled,0.30575868487358093,0.3661647574230285,0.3661647574230285,fitted,platt_logistic_regression,0.5027853759154408,0,0.6568829036585575,0.30058774139378674,0.13182199832073888,no_interaction|interaction,2,True,0.7169811320754716,0.7230769230769231,0.7169811320754716,False,False,False
CC12CCC3C(C1CCC2C(=O)NC4=C(C=CC(=C4)C(F)(F)F)C(F)(F)F)CCC5C3(C=CC(=O)N5)C,CC1CN(CCN1)C2=C(C=C3C(=C2OC)N(C=C(C3=O)C(=O)O)C4CC4)F,0,unreported_twosides_sampled,0.41247057914733887,0.44688656932224796,0.44688656932224796,fitted,platt_logistic_regression,0.5027853759154408,0,0.6874944483411882,0.24685138539042822,0.17884130982367757,no_interaction|interaction,2,True,0.6417910447761194,0.7230769230769231,0.6417910447761194,False,False,False
CC1CN(CCN1)C2=C(C=C3C(=C2OC)N(C=C(C3=O)C(=O)O)C4CC4)F,CCCN1CC(CC2C1CC3=CNC4=CC=CC2=C34)CSC,0,unreported_twosides_sampled,0.05565967783331871,0.11966062582707578,0.11966062582707578,fitted,platt_logistic_regression,0.5027853759154408,0,0.3662482661534628,0.6423173803526449,0.020990764063811923,no_interaction,1,False,0.7230769230769231,0.42168674698795183,0.42168674698795183,False,False,False
CC(C)C(C(=O)OCC(CO)OCN1C=NC2=C1NC(=NC2=O)N)N,CNC(=C[N+](=O)[O-])NCCSCC1=CC=C(O1)CN(C)C,1,reported_twosides,0.03894411399960518,0.09404609481807465,0.09404609481807465,fitted,platt_logistic_regression,0.5027853759154408,0,0.31180038478291455,0.7019311502938707,0.016792611251049538,no_interaction,1,False,0.7307692307692307,0.603448275862069,0.603448275862069,False,False,False
CC1=NN=C2N1C3=C(C=C(C=C3)Cl)C(=NC2)C4=CC=CC=C4,CN1CCC(=C2C3=C(C(=O)CC4=CC=CC=C42)SC=C3)CC1,0,unreported_twosides_sampled,0.17341236770153046,0.2530805778498486,0.2530805778498486,fitted,platt_logistic_regression,0.5027853759154408,0,0.5656942675432545,0.43157010915197314,0.07052896725440806,no_interaction,1,False,0.7659574468085106,0.3018867924528302,0.3018867924528302,False,False,True
CC(C=CC(C)C(C)(C)O)C1CCC2C1(CCCC2=CC=C3CC(CC(C3)O)O)C,CC1CC2C3CCC4=CC(=O)C=CC4(C3(C(CC2(C1(C(=O)CO)O)C)O)F)C,0,unreported_twosides_sampled,0.9787089228630066,0.9424174079414801,0.9424174079414801,fitted,platt_logistic_regression,0.5027853759154408,1,0.22026346703473992,0.006717044500419815,0.7808564231738035,interaction,1,False,0.5625,0.8596491228070176,0.5625,False,False,False
CCOC(=O)N1CCC(=C2C3=C(CCC4=C2N=CC=C4)C=C(C=C3)Cl)CC1,CN1CCC23C=CC(CC2OC4=C(C=CC(=C34)C1)OC)O,0,unreported_twosides_sampled,0.91581130027771,0.8530059018672028,0.8530059018672028,fitted,platt_logistic_regression,0.5027853759154408,1,0.41745941716414403,0.0327455919395466,0.5919395465994962,interaction,1,False,0.5892857142857143,0.375,0.375,False,False,True
C1=CC(=CC=C1N)S(=O)(=O)C2=CC=C(C=C2)N,CCCN1CC(CC2C1CC3=CNC4=CC=CC2=C34)CSC,0,unreported_twosides_sampled,0.009826566092669964,0.03635564844804125,0.03635564844804125,fitted,platt_logistic_regression,0.5027853759154408,0,0.1561839925958478,0.8337531486146096,0.0041981528127623844,no_interaction,1,False,0.43333333333333335,0.42168674698795183,0.42168674698795183,False,False,False
CN1C(=C(NC2=CC=CC=N2)O)C(=O)C3=CC=CC=C3S1(=O)=O,CNC(=C[N+](=O)[O-])NCCSCC1=CC=C(O1)CN(C)C,1,reported_twosides,0.7301821708679199,0.6808080411621583,0.6808080411621583,fitted,platt_logistic_regression,0.5027853759154408,1,0.6262588779595757,0.10999160369437448,0.3518052057094878,no_interaction|interaction,2,True,0.62,0.603448275862069,0.603448275862069,False,False,False
CC12CCC3C(C1CCC2C(=O)NC4=C(C=CC(=C4)C(F)(F)F)C(F)(F)F)CCC5C3(C=CC(=O)N5)C,CC1=C(C(=O)C2=CC=CC=C2C1=O)CC=C(C)CCCC(C)CCCC(C)CCCC(C)C,0,unreported_twosides_sampled,0.9634015560150146,0.916380398585433,0.916380398585433,fitted,platt_logistic_regression,0.5027853759154408,1,0.2875218880961466,0.012594458438287154,0.7279596977329975,interaction,1,False,0.6417910447761194,0.22058823529411764,0.22058823529411764,False,False,True
CC(C)C(CCCN(C)CCC1=CC(=C(C=C1)OC)OC)(C#N)C2=CC(=C(C=C2)OC)OC,CC1(C(N2C(S1)C(C2=O)NC(=O)C(C3=CC=CC=C3)N)C(=O)[O-])C,0,unreported_twosides_sampled,0.2581567168235779,0.3277965185670148,0.3277965185670148,fitted,platt_logistic_regression,0.5027853759154408,0,0.6326071706807631,0.3434089000839631,0.11167086481947942,no_interaction|interaction,2,True,0.23529411764705882,0.6119402985074627,0.23529411764705882,False,False,True
C1C(N(C2=C(N1)NC(=NC2=O)N)C=O)CNC3=CC=C(C=C3)C(=O)NC(CCC(=O)O)C(=O)O,CN1C(=C(NC2=CC=CC=N2)O)C(=O)C3=CC=CC=C3S1(=O)=O,1,reported_twosides,0.9310756325721741,0.8714892597250942,0.8714892597250942,fitted,platt_logistic_regression,0.5027853759154408,1,0.3835458479155391,0.023509655751469353,0.6246851385390428,interaction,1,False,0.5256410256410257,0.62,0.5256410256410257,False,False,False
CC12CCC3C(C1CCC2(C)O)CCC4C3(COC(=O)C4)C,CNC(=C[N+](=O)[O-])NCCSCC1=CC=C(O1)CN(C)C,1,reported_twosides,0.23702090978622437,0.31006136696247455,0.31006136696247455,fitted,platt_logistic_regression,0.5027853759154408,0,0.6191497565140172,0.3593618807724601,0.10243492863140219,no_interaction|interaction,2,True,0.31343283582089554,0.603448275862069,0.31343283582089554,False,False,True
C1C(N(C2=C(N1)NC(=NC2=O)N)C=O)CNC3=CC=C(C=C3)C(=O)NC(CCC(=O)O)C(=O)O,CN(C)CCC1=CNC2=C1C=C(C=C2)CC3COC(=O)N3,0,unreported_twosides_sampled,0.5300449132919312,0.5319110688987727,0.5319110688987727,fitted,platt_logistic_regression,0.5027853759154408,1,0.6911091630416093,0.1855583543240974,0.2325776658270361,no_interaction|interaction,2,True,0.5256410256410257,0.543859649122807,0.5256410256410257,False,False,False
C1CC(C1)CN2CCC34C5C(CCC3(C2CC6=C4C(=C(C=C6)O)O5)O)O,CC1CC2C3CCC4=CC(=O)C=CC4(C3(C(CC2(C1(C(=O)CO)O)C)O)F)C,1,reported_twosides,0.030312974005937576,0.07930025050594432,0.07930025050594432,fitted,platt_logistic_regression,0.5027853759154408,0,0.27705700534954325,0.7363560033585222,0.0109151973131822,no_interaction,1,False,0.6451612903225806,0.8596491228070176,0.6451612903225806,False,False,False
CCCCC(=O)N(CC1=CC=C(C=C1)C2=CC=CC=C2C3=NNN=N3)C(C(C)C)C(=O)O,CN1C=NC(=C1SC2=NC=NC3=C2NC=N3)[N+](=O)[O-],1,reported_twosides,0.9611504673957825,0.9128966240675799,0.9128966240675799,fitted,platt_logistic_regression,0.5027853759154408,1,0.295784365442321,0.01343408900083963,0.7212426532325776,interaction,1,False,0.4533333333333333,0.25925925925925924,0.25925925925925924,False,False,True
CC(C)C(CCCN(C)CCC1=CC(=C(C=C1)OC)OC)(C#N)C2=CC(=C(C=C2)OC)OC,CN1CC(=O)N2C(C1=O)CC3=C(C2C4=CC5=C(C=C4)OCO5)NC6=CC=CC=C36,1,reported_twosides,0.9854310750961304,0.955769657317908,0.955769657317908,fitted,platt_logistic_regression,0.5027853759154408,1,0.1811628662553012,0.005877413937867338,0.8102434928631402,interaction,1,False,0.23529411764705882,0.24050632911392406,0.23529411764705882,False,False,True
CC1=C(C(C(=C(N1)C)C(=O)OCC(C)C)C2=CC=CC=C2[N+](=O)[O-])C(=O)OC,CCOC(=O)N1CCC(=C2C3=C(CCC4=C2N=CC=C4)C=C(C=C3)Cl)CC1,1,reported_twosides,0.18702612817287445,0.2658210735664258,0.2658210735664258,fitted,platt_logistic_regression,0.5027853759154408,0,0.579057939239127,0.4105793450881612,0.07556675062972293,no_interaction,1,False,0.8043478260869565,0.5892857142857143,0.5892857142857143,False,False,False
CC12CCC3C(C1CCC2(C#C)O)CCC4=CC(=O)CCC34,CC1=NN=C(S1)SCC2=C(N3C(C(C3=O)NC(=O)CN4C=NN=N4)SC2)C(=O)[O-],0,unreported_twosides_sampled,0.03754722326993942,0.09174366687809936,0.09174366687809936,fitted,platt_logistic_regression,0.5027853759154408,0,0.3065535771583208,0.709487825356843,0.01595298068849706,no_interaction,1,False,0.7169811320754716,0.4574468085106383,0.4574468085106383,False,False,False
CC(C=CC(C)C(C)(C)O)C1CCC2C1(CCCC2=CC=C3CC(CC(C3)O)O)C,CCOC(=O)C(CCC1=CC=CC=C1)NC(C)C(=O)N2C3CCCCC3CC2C(=O)O,0,unreported_twosides_sampled,0.995080828666687,0.9793919231850492,0.9793919231850492,fitted,platt_logistic_regression,0.5027853759154408,1,0.10039629862987887,0.0016792611251049538,0.871536523929471,interaction,1,False,0.5625,0.9636363636363636,0.5625,False,False,False
CC1CN(CCN1)C2=C(C=C3C(=C2OC)N(C=C(C3=O)C(=O)O)C4CC4)F,CCOC(=O)N1CCC(=C2C3=C(CCC4=C2N=CC=C4)C=C(C=C3)Cl)CC1,1,reported_twosides,0.36934342980384827,0.4149174539407167,0.4149174539407167,fitted,platt_logistic_regression,0.5027853759154408,0,0.6785984076090611,0.26448362720403024,0.1561712846347607,no_interaction|interaction,2,True,0.7230769230769231,0.5892857142857143,0.5892857142857143,False,False,False
CC1CN(CCN1)C2=C(C=C3C(=C2OC)N(C=C(C3=O)C(=O)O)C4CC4)F,CCOC(=O)C(CCC1=CC=CC=C1)NC(C)C(=O)N2C3CCCCC3CC2C(=O)O,0,unreported_twosides_sampled,0.9936555624008179,0.9753294373575251,0.9753294373575251,fitted,platt_logistic_regression,0.5027853759154408,1,0.11569769924304713,0.0025188916876574307,0.8664987405541562,interaction,1,False,0.7230769230769231,0.9636363636363636,0.7230769230769231,False,False,False
CCOC(=O)N1CCC(=C2C3=C(CCC4=C2N=CC=C4)C=C(C=C3)Cl)CC1,C[N+](C)(C)CC(CC(=O)O)O,1,reported_twosides,0.0011476207291707397,0.007934451696142975,0.007934451696142975,fitted,platt_logistic_regression,0.5027853759154408,0,0.046278191503099676,0.9269521410579346,0.0008396305625524769,no_interaction,1,False,0.5892857142857143,0.36666666666666664,0.36666666666666664,False,False,True
CC12CCC3C(C1CCC2(C)O)CCC4C3(COC(=O)C4)C,CC1=C(C(C(=C(N1)C)C(=O)OCC(C)C)C2=CC=CC=C2[N+](=O)[O-])C(=O)OC,0,unreported_twosides_sampled,0.9964885711669922,0.9837743186853996,0.9837743186853996,fitted,platt_logistic_regression,0.5027853759154408,1,0.08296195637356,0.0008396305625524769,0.8950461796809404,interaction,1,False,0.31343283582089554,0.8043478260869565,0.31343283582089554,False,False,True
CC12CCC3C(C1CCC2C(=O)NC4=C(C=CC(=C4)C(F)(F)F)C(F)(F)F)CCC5C3(C=CC(=O)N5)C,CC12CCC3C(C1CCC2O)C(CC4=C3C=CC(=C4)O)CCCCCCCCCS(=O)CCCC(C(F)(F)F)(F)F,0,unreported_twosides_sampled,0.4365886449813843,0.46450511656006616,0.46450511656006616,fitted,platt_logistic_regression,0.5027853759154408,0,0.6906252863617455,0.235936188077246,0.18303946263643997,no_interaction|interaction,2,True,0.6417910447761194,0.4492753623188406,0.4492753623188406,False,False,False
C1CC(OC1CO)N2C=NC3=C2NC=NC3=O,CC(C)C(C(=O)OCC(CO)OCN1C=NC2=C1NC(=NC2=O)N)N,1,reported_twosides,0.588908851146698,0.5744080326673763,0.5744080326673763,fitted,platt_logistic_regression,0.5027853759154408,1,0.6820328322361042,0.16204869857262805,0.2586062132661629,no_interaction|interaction,2,True,0.3492063492063492,0.7307692307692307,0.3492063492063492,False,False,True
CCOC1=C(C=CC(=C1)CC(=O)NC(CC(C)C)C2=CC=CC=C2N3CCCCC3)C(=O)O,CN1C=NC(=C1SC2=NC=NC3=C2NC=N3)[N+](=O)[O-],0,unreported_twosides_sampled,0.986585259437561,0.9582467577186352,0.9582467577186352,fitted,platt_logistic_regression,0.5027853759154408,1,0.17347657029576158,0.005037783375314861,0.8178001679261125,interaction,1,False,0.2804878048780488,0.25925925925925924,0.25925925925925924,False,False,True
CC1CN(CCN1)C2=C(C=C3C(=C2OC)N(C=C(C3=O)C(=O)O)C4CC4)F,CNC(=C[N+](=O)[O-])NCCSCC1=CC=C(O1)CN(C)C,1,reported_twosides,0.28758466243743896,0.351743668667359,0.351743668667359,fitted,platt_logistic_regression,0.5027853759154408,0,0.6485193612522243,0.3165407220822838,0.12258606213266163,no_interaction|interaction,2,True,0.7230769230769231,0.603448275862069,0.603448275862069,False,False,False
C1C(N(C2=C(N1)NC(=NC2=O)N)C=O)CNC3=CC=C(C=C3)C(=O)NC(CCC(=O)O)C(=O)O,CC1=NN=C2N1C3=C(C=C(C=C3)Cl)C(=NC2)C4=CC=CC=C4,1,reported_twosides,0.40115588903427124,0.43856384673285215,0.43856384673285215,fitted,platt_logistic_regression,0.5027853759154408,0,0.6855792682532713,0.25524769101595296,0.17380352644836272,no_interaction|interaction,2,True,0.5256410256410257,0.7659574468085106,0.5256410256410257,False,False,False
CCOC1=C(C=CC(=C1)CC(=O)NC(CC(C)C)C2=CC=CC=C2N3CCCCC3)C(=O)O,CN(C)CCC1=CNC2=C1C=C(C=C2)CC3COC(=O)N3,0,unreported_twosides_sampled,0.9653705954551697,0.919487898206598,0.919487898206598,fitted,platt_logistic_regression,0.5027853759154408,1,0.2800183239474816,0.0109151973131822,0.7329974811083123,interaction,1,False,0.2804878048780488,0.543859649122807,0.2804878048780488,False,False,True
CC(C=CC(C)C(C)(C)O)C1CCC2C1(CCCC2=CC=C3CC(CC(C3)O)O)C,CC1=NN=C(S1)SCC2=C(N3C(C(C3=O)NC(=O)CN4C=NN=N4)SC2)C(=O)[O-],1,reported_twosides,0.9914433360099792,0.9695384138702897,0.9695384138702897,fitted,platt_logistic_regression,0.5027853759154408,1,0.13634304432163324,0.0033585222502099076,0.852225020990764,interaction,1,False,0.5625,0.4574468085106383,0.4574468085106383,False,False,False
C1C(N(C2=C(N1)NC(=NC2=O)N)C=O)CNC3=CC=C(C=C3)C(=O)NC(CCC(=O)O)C(=O)O,C1CC(C1)(C(=O)O)C(=O)O.N.N.[Pt],1,reported_twosides,0.9687584042549133,0.9249786564112542,0.9249786564112542,fitted,platt_logistic_regression,0.5027853759154408,1,0.2664380816030141,0.0109151973131822,0.746431570109152,interaction,1,False,0.5256410256410257,0.26666666666666666,0.26666666666666666,False,False,True
CC(C=CC(C)C(C)(C)O)C1CCC2C1(CCCC2=CC=C3CC(CC(C3)O)O)C,CC1=NN=C2N1C3=C(C=C(C=C3)Cl)C(=NC2)C4=CC=CC=C4,1,reported_twosides,0.8326693773269653,0.7677609786240782,0.7677609786240782,fitted,platt_logistic_regression,0.5027853759154408,1,0.5419676545166074,0.05961376994122586,0.45759865659109994,interaction,1,False,0.5625,0.7659574468085106,0.5625,False,False,False
C(CCl)NC(=O)N(CCCl)N=O,C1C(OC(S1)CO)N2C=C(C(=NC2=O)N)F,0,unreported_twosides_sampled,0.008445682004094124,0.03269400571702514,0.03269400571702514,fitted,platt_logistic_regression,0.5027853759154408,0,0.14398555874653235,0.8455079764903443,0.0041981528127623844,no_interaction,1,False,0.2391304347826087,0.6326530612244898,0.2391304347826087,False,False,True
CCN(C)C(=O)OC1=CC=CC(=C1)C(C)N(C)C,CCOC(=O)N1CCC(=C2C3=C(CCC4=C2N=CC=C4)C=C(C=C3)Cl)CC1,1,reported_twosides,0.06030968204140663,0.12626755578292925,0.12626755578292925,fitted,platt_logistic_regression,0.5027853759154408,0,0.37922938718570376,0.6280436607892528,0.022670025188916875,no_interaction,1,False,0.32653061224489793,0.5892857142857143,0.32653061224489793,False,False,True
CC(C)(C)NCC(C1=CC(=C(C=C1)O)CO)O,CC1=NN=C2N1C3=C(C=C(C=C3)Cl)C(=NC2)C4=CC=CC=C4,1,reported_twosides,0.2735691964626312,0.34043756865059627,0.34043756865059627,fitted,platt_logistic_regression,0.5027853759154408,0,0.6413252881070932,0.32997481108312343,0.11922753988245172,no_interaction|interaction,2,True,0.5227272727272727,0.7659574468085106,0.5227272727272727,False,False,False
CCOC(=O)C(CCC1=CC=CC=C1)NC(C)C(=O)N2C3CCCCC3CC2C(=O)O,CN1CCC23C=CC(CC2OC4=C(C=CC(=C34)C1)OC)O,0,unreported_twosides_sampled,0.9999279975891113,0.9989970425242141,0.9989970425242141,fitted,platt_logistic_regression,0.5027853759154408,1,0.007927677298845096,0.0008396305625524769,0.9857262804366079,interaction,1,False,0.9636363636363636,0.375,0.375,False,False,True
C1=CC(=CC=C1N)S(=O)(=O)C2=CC=C(C=C2)N,CC12CCC3C(C1CCC2O)C(CC4=C3C=CC(=C4)O)CCCCCCCCCS(=O)CCCC(C(F)(F)F)(F)F,0,unreported_twosides_sampled,0.008309846743941307,0.032324017340197186,0.032324017340197186,fitted,platt_logistic_regression,0.5027853759154408,0,0.142730116342226,0.8480268681780017,0.0041981528127623844,no_interaction,1,False,0.43333333333333335,0.4492753623188406,0.43333333333333335,False,False,False
CN1CC(=O)N2C(C1=O)CC3=C(C2C4=CC5=C(C=C4)OCO5)NC6=CC=CC=C36,CNC(=C[N+](=O)[O-])NCCSCC1=CC=C(O1)CN(C)C,1,reported_twosides,0.25343185663223267,0.3238739619712123,0.3238739619712123,fitted,platt_logistic_regression,0.5027853759154408,0,0.6297551295805985,0.34760705289672544,0.11083123425692695,no_interaction|interaction,2,True,0.24050632911392406,0.603448275862069,0.24050632911392406,False,False,True
CC(C)(C(=O)O)ON=C(C1=CSC(=N1)N)C(=O)NC2C3N(C2=O)C(=C(CS3)C[N+]4=CC=CC=C4)C(=O)[O-],CN(C)NN=C1C(=NC=N1)C(=O)N,0,unreported_twosides_sampled,0.0007992785540409386,0.0061259693623791625,0.0061259693623791625,fitted,platt_logistic_regression,0.5027853759154408,0,0.037320318206738985,0.9353484466834593,0.0008396305625524769,no_interaction,1,False,0.6428571428571429,0.24390243902439024,0.24390243902439024,False,False,True
CC(C=CC(C)C(C)(C)O)C1CCC2C1(CCCC2=CC=C3CC(CC(C3)O)O)C,CC12CCC3C(C1CCC2C(=O)NC4=C(C=CC(=C4)C(F)(F)F)C(F)(F)F)CCC5C3(C=CC(=O)N5)C,0,unreported_twosides_sampled,0.051273662596940994,0.11324327521987639,0.11324327521987639,fitted,platt_logistic_regression,0.5027853759154408,0,0.3532429192810619,0.6565910999160369,0.019311502938706968,no_interaction,1,False,0.5625,0.6417910447761194,0.5625,False,False,False
CC1(C(N2C(S1)C(C2=O)NC(=O)C(C3=CC=CC=C3)N)C(=O)[O-])C,CN1C(=C(NC2=CC=CC=N2)O)C(=O)C3=CC=CC=C3S1(=O)=O,0,unreported_twosides_sampled,0.15106071531772614,0.2313469536860309,0.2313469536860309,fitted,platt_logistic_regression,0.5027853759154408,0,0.5408987655162206,0.45843828715365237,0.05877413937867338,no_interaction,1,False,0.6119402985074627,0.62,0.6119402985074627,False,False,False
CCCC1(CC(=O)C(=C(O1)O)C(CC)C2=CC(=CC=C2)NS(=O)(=O)C3=NC=C(C=C3)C(F)(F)F)CCC4=CC=CC=C4,CN1CC(=O)N2C(C1=O)CC3=C(C2C4=CC5=C(C=C4)OCO5)NC6=CC=CC=C36,0,unreported_twosides_sampled,0.1627417951822281,0.2428408542802229,0.2428408542802229,fitted,platt_logistic_regression,0.5027853759154408,0,0.5543324589758936,0.4424853064651553,0.06465155331654072,no_interaction,1,False,0.2247191011235955,0.24050632911392406,0.2247191011235955,False,False,True
CC1=C(C(=O)C2=CC=CC=C2C1=O)CC=C(C)CCCC(C)CCCC(C)CCCC(C)C,CN(C)NN=C1C(=NC=N1)C(=O)N,0,unreported_twosides_sampled,0.07634525001049042,0.1477493371344691,0.1477493371344691,fitted,platt_logistic_regression,0.5027853759154408,0,0.4187851385211192,0.5902602854743912,0.0327455919395466,no_interaction,1,False,0.22058823529411764,0.24390243902439024,0.22058823529411764,False,False,True
C1CC(C1)CN2CCC34C5C(CCC3(C2CC6=C4C(=C(C=C6)O)O5)O)O,CCOC(=O)N1CCC(=C2C3=C(CCC4=C2N=CC=C4)C=C(C=C3)Cl)CC1,0,unreported_twosides_sampled,0.023445850238204002,0.06649739611492562,0.06649739611492562,fitted,platt_logistic_regression,0.5027853759154408,0,0.24448308167973398,0.764063811922754,0.007556675062972292,no_interaction,1,False,0.6451612903225806,0.5892857142857143,0.5892857142857143,False,False,False
C1CC(C1)CN2CCC34C5C(CCC3(C2CC6=C4C(=C(C=C6)O)O5)O)O,CCOC1=C(C=CC(=C1)CC(=O)NC(CC(C)C)C2=CC=CC=C2N3CCCCC3)C(=O)O,0,unreported_twosides_sampled,0.2616371214389801,0.330671330049625,0.330671330049625,fitted,platt_logistic_regression,0.5027853759154408,0,0.6346530427865082,0.34005037783375314,0.11335012594458438,no_interaction|interaction,2,True,0.6451612903225806,0.2804878048780488,0.2804878048780488,False,False,True
CCC(C)C(=O)OC1CC(C=C2C1C(C(C=C2)C)CCC3CC(CC(=O)O3)O)C,C[N+](C)(C)CC(CC(=O)O)O,0,unreported_twosides_sampled,0.9285314083099365,0.868315245273594,0.868315245273594,fitted,platt_logistic_regression,0.5027853759154408,1,0.3895768531680481,0.02518891687657431,0.6120906801007556,interaction,1,False,0.7424242424242424,0.36666666666666664,0.36666666666666664,False,False,True
CC(C)C(C(=O)OCC(CO)OCN1C=NC2=C1NC(=NC2=O)N)N,CN(C)NN=C1C(=NC=N1)C(=O)N,0,unreported_twosides_sampled,0.009913543239235878,0.03658064143185178,0.03658064143185178,fitted,platt_logistic_regression,0.5027853759154408,0,0.1569206574224692,0.8337531486146096,0.0041981528127623844,no_interaction,1,False,0.7307692307692307,0.24390243902439024,0.24390243902439024,False,False,True
CCN(C)C(=O)OC1=CC=CC(=C1)C(C)N(C)C,CCOC1=C(C=CC(=C1)CC(=O)NC(CC(C)C)C2=CC=CC=C2N3CCCCC3)C(=O)O,1,reported_twosides,0.6817881464958191,0.6432425842636763,0.6432425842636763,fitted,platt_logistic_regression,0.5027853759154408,1,0.6515296802602891,0.12678421494542402,0.31066330814441645,no_interaction|interaction,2,True,0.32653061224489793,0.2804878048780488,0.2804878048780488,False,False,True
C1=CC(=CC=C1N)S(=O)(=O)C2=CC=C(C=C2)N,CCOC(=O)N1CCC(=C2C3=C(CCC4=C2N=CC=C4)C=C(C=C3)Cl)CC1,1,reported_twosides,0.000503087358083576,0.004397341125428543,0.004397341125428543,fitted,platt_logistic_regression,0.5027853759154408,0,0.028250952482370632,0.9504617968094039,0.0008396305625524769,no_interaction,1,False,0.43333333333333335,0.5892857142857143,0.43333333333333335,False,False,False
CC12CCC3C(C1CCC2O)C(CC4=C3C=CC(=C4)O)CCCCCCCCCS(=O)CCCC(C(F)(F)F)(F)F,CC1CN(CCN1)C2=C(C=C3C(=C2OC)N(C=C(C3=O)C(=O)O)C4CC4)F,0,unreported_twosides_sampled,0.9817919135093689,0.9483398910893622,0.9483398910893622,fitted,platt_logistic_regression,0.5027853759154408,1,0.20337462181254612,0.006717044500419815,0.7926112510495382,interaction,1,False,0.4492753623188406,0.7230769230769231,0.4492753623188406,False,False,False
CC(=O)OCC(=O)C12C(CC3C1(CC(C4(C3CC(C5=CC(=O)C=CC54C)F)F)O)C)OC(O2)(C)C,CC(C)C(CCCN(C)CCC1=CC(=C(C=C1)OC)OC)(C#N)C2=CC(=C(C=C2)OC)OC,0,unreported_twosides_sampled,0.02936786599457264,0.07760214290489137,0.07760214290489137,fitted,platt_logistic_regression,0.5027853759154408,0,0.2728735502077285,0.743073047858942,0.0109151973131822,no_interaction,1,False,0.8059701492537313,0.23529411764705882,0.23529411764705882,False,False,True
CC12CCC3C(C1CCC2O)C(CC4=C3C=CC(=C4)O)CCCCCCCCCS(=O)CCCC(C(F)(F)F)(F)F,CC1CC2C3CCC4=CC(=O)C=CC4(C3(C(CC2(C1(C(=O)CO)O)C)O)F)C,1,reported_twosides,0.4316260516643524,0.4608919336106298,0.4608919336106298,fitted,platt_logistic_regression,0.5027853759154408,0,0.690085172269969,0.23761544920235098,0.181360201511335,no_interaction|interaction,2,True,0.4492753623188406,0.8596491228070176,0.4492753623188406,False,False,False
CC(C)(C(=O)O)ON=C(C1=CSC(=N1)N)C(=O)NC2C3N(C2=O)C(=C(CS3)C[N+]4=CC=CC=C4)C(=O)[O-],CCOC(=O)C(CCC1=CC=CC=C1)NC(C)C(=O)N2C3CCCCC3CC2C(=O)O,0,unreported_twosides_sampled,0.1389981210231781,0.21912982805134715,0.21912982805134715,fitted,platt_logistic_regression,0.5027853759154408,0,0.5258044056725035,0.47439126784214947,0.054575986565911,no_interaction,1,False,0.6428571428571429,0.9636363636363636,0.6428571428571429,False,False,False
CC1=C(C(=O)C2=CC=CC=C2C1=O)CC=C(C)CCCC(C)CCCC(C)CCCC(C)C,CN1C=NC(=C1SC2=NC=NC3=C2NC=N3)[N+](=O)[O-],0,unreported_twosides_sampled,0.8077232837677002,0.7453287506593467,0.7453287506593467,fitted,platt_logistic_regression,0.5027853759154408,1,0.5674090873647104,0.07136859781696053,0.42989084802686817,interaction,1,False,0.22058823529411764,0.25925925925925924,0.22058823529411764,False,False,True
CC12CCC3C(C1CCC2C(=O)NC4=C(C=CC(=C4)C(F)(F)F)C(F)(F)F)CCC5C3(C=CC(=O)N5)C,CCOC(=O)N1CCC(=C2C3=C(CCC4=C2N=CC=C4)C=C(C=C3)Cl)CC1,1,reported_twosides,0.07508416473865509,0.1461242755607688,0.1461242755607688,fitted,platt_logistic_regression,0.5027853759154408,0,0.4159269217743087,0.5936188077246012,0.03190596137699412,no_interaction,1,False,0.6417910447761194,0.5892857142857143,0.5892857142857143,False,False,False
CC(C)C(CCCN(C)CCC1=CC(=C(C=C1)OC)OC)(C#N)C2=CC(=C(C=C2)OC)OC,CN(C)CCC1=CNC2=C1C=C(C=C2)CC3COC(=O)N3,1,reported_twosides,0.1377907246351242,0.21788585706901695,0.21788585706901695,fitted,platt_logistic_regression,0.5027853759154408,0,0.5242191083928898,0.47523089840470195,0.05289672544080604,no_interaction,1,False,0.23529411764705882,0.543859649122807,0.23529411764705882,False,False,True
C1CN=C(N1)NC2=C(C=CC=C2Cl)Cl,CN1CCC23C=CC(CC2OC4=C(C=CC(=C34)C1)OC)O,1,reported_twosides,0.9994540810585022,0.9957051636514396,0.9957051636514396,fitted,platt_logistic_regression,0.5027853759154408,1,0.027693926497918273,0.0008396305625524769,0.9513014273719563,interaction,1,False,0.5853658536585366,0.375,0.375,False,False,True
CC1=C(C(=O)C2=CC=CC=C2C1=O)CC=C(C)CCCC(C)CCCC(C)CCCC(C)C,CCN(C)C(=O)OC1=CC=CC(=C1)C(C)N(C)C,0,unreported_twosides_sampled,0.9441723823547363,0.8885342539037069,0.8885342539037069,fitted,platt_logistic_regression,0.5027853759154408,1,0.3495689024648603,0.017632241813602016,0.6582703610411419,interaction,1,False,0.22058823529411764,0.32653061224489793,0.22058823529411764,False,False,True
CC12CCC3C(C1CCC2(C)O)CCC4C3(COC(=O)C4)C,CN1CC(=O)N2C(C1=O)CC3=C(C2C4=CC5=C(C=C4)OCO5)NC6=CC=CC=C36,1,reported_twosides,0.9946905970573425,0.978247736034261,0.978247736034261,fitted,platt_logistic_regression,0.5027853759154408,1,0.10478242997011192,0.0016792611251049538,0.8706968933669186,interaction,1,False,0.31343283582089554,0.24050632911392406,0.24050632911392406,False,False,True
C1C(N(C2=C(N1)NC(=NC2=O)N)C=O)CNC3=CC=C(C=C3)C(=O)NC(CCC(=O)O)C(=O)O,CNC(=C[N+](=O)[O-])NCCSCC1=CC=C(O1)CN(C)C,1,reported_twosides,0.10935325175523758,0.18729619978954073,0.18729619978954073,fitted,platt_logistic_regression,0.5027853759154408,0,0.4822785890173299,0.5247691015952981,0.04114189756507137,no_interaction,1,False,0.5256410256410257,0.603448275862069,0.5256410256410257,False,False,False
C1=CC(=C2NC(=C3C=CC=CC3=O)N(N2)C4=CC=C(C=C4)C(=O)O)C(=O)C=C1,CC(C)(C(=O)O)ON=C(C1=CSC(=N1)N)C(=O)NC2C3N(C2=O)C(=C(CS3)C[N+]4=CC=CC=C4)C(=O)[O-],1,reported_twosides,0.07848794013261795,0.15048794676861751,0.15048794676861751,fitted,platt_logistic_regression,0.5027853759154408,0,0.4235545479238587,0.5860621326616289,0.0327455919395466,no_interaction,1,False,0.22033898305084745,0.6428571428571429,0.22033898305084745,False,False,True
C1=CC(=C2NC(=C3C=CC=CC3=O)N(N2)C4=CC=C(C=C4)C(=O)O)C(=O)C=C1,CC12CCC3C(C1CCC2C(=O)NC4=C(C=CC(=C4)C(F)(F)F)C(F)(F)F)CCC5C3(C=CC(=O)N5)C,1,reported_twosides,0.04274054616689682,0.10016133665986524,0.10016133665986524,fitted,platt_logistic_regression,0.5027853759154408,0,0.3254373217263685,0.6817800167926112,0.016792611251049538,no_interaction,1,False,0.22033898305084745,0.6417910447761194,0.22033898305084745,False,False,True
C1C(OC(S1)CO)N2C=C(C(=NC2=O)N)F,CNC(=C[N+](=O)[O-])NCCSCC1=CC=C(O1)CN(C)C,1,reported_twosides,0.04051269590854645,0.0965971669480497,0.0965971669480497,fitted,platt_logistic_regression,0.5027853759154408,0,0.317541195663834,0.6926952141057935,0.016792611251049538,no_interaction,1,False,0.6326530612244898,0.603448275862069,0.603448275862069,False,False,False
CC1CC2C3CCC4=CC(=O)C=CC4(C3(C(CC2(C1(C(=O)CO)O)C)O)F)C,CN1CC(=O)N2C(C1=O)CC3=C(C2C4=CC5=C(C=C4)OCO5)NC6=CC=CC=C36,1,reported_twosides,0.3535807132720947,0.40304042505557275,0.40304042505557275,fitted,platt_logistic_regression,0.5027853759154408,0,0.6742252106867193,0.2753988245172124,0.15113350125944586,no_interaction|interaction,2,True,0.8596491228070176,0.24050632911392406,0.24050632911392406,False,False,True
C1CN=C(N1)NC2=C(C=CC=C2Cl)Cl,CC12CCC3C(C1CCC2O)C(CC4=C3C=CC(=C4)O)CCCCCCCCCS(=O)CCCC(C(F)(F)F)(F)F,0,unreported_twosides_sampled,0.9873173832893372,0.9598532216120138,0.9598532216120138,fitted,platt_logistic_regression,0.5027853759154408,1,0.16841033716107495,0.0041981528127623844,0.8253568429890848,interaction,1,False,0.5853658536585366,0.4492753623188406,0.4492753623188406,False,False,False
CCCCC(=O)N(CC1=CC=C(C=C1)C2=CC=CC=C2C3=NNN=N3)C(C(C)C)C(=O)O,CCN(C)C(=O)OC1=CC=CC(=C1)C(C)N(C)C,1,reported_twosides,0.7667858004570007,0.7104488238669809,0.7104488238669809,fitted,platt_logistic_regression,0.5027853759154408,1,0.601749323536362,0.08648194794290512,0.3904282115869018,interaction,1,False,0.4533333333333333,0.32653061224489793,0.32653061224489793,False,False,True
CC(C)(C(=O)O)ON=C(C1=CSC(=N1)N)C(=O)NC2C3N(C2=O)C(=C(CS3)C[N+]4=CC=CC=C4)C(=O)[O-],CC1=NN=C(S1)SCC2=C(N3C(C(C3=O)NC(=O)CN4C=NN=N4)SC2)C(=O)[O-],1,reported_twosides,0.5195015072822571,0.5243309737962293,0.5243309737962293,fitted,platt_logistic_regression,0.5027853759154408,1,0.6919627202655632,0.19143576826196473,0.22837951301427373,no_interaction|interaction,2,True,0.6428571428571429,0.4574468085106383,0.4574468085106383,False,False,False
CC(C)C(C(=O)OCC(CO)OCN1C=NC2=C1NC(=NC2=O)N)N,CN1CCC(=C2C3=C(C(=O)CC4=CC=CC=C42)SC=C3)CC1,0,unreported_twosides_sampled,0.05395231023430824,0.11718498684990734,0.11718498684990734,fitted,platt_logistic_regression,0.5027853759154408,0,0.36127849734191764,0.6490344248530646,0.019311502938706968,no_interaction,1,False,0.7307692307692307,0.3018867924528302,0.3018867924528302,False,False,True
C1C(N(C2=C(N1)NC(=NC2=O)N)C=O)CNC3=CC=C(C=C3)C(=O)NC(CCC(=O)O)C(=O)O,CC12CCC3C(C1CCC2O)C(CC4=C3C=CC(=C4)O)CCCCCCCCCS(=O)CCCC(C(F)(F)F)(F)F,0,unreported_twosides_sampled,0.15140800178050995,0.2316932638900678,0.2316932638900678,fitted,platt_logistic_regression,0.5027853759154408,0,0.5413142504037445,0.45759865659109994,0.05877413937867338,no_interaction,1,False,0.5256410256410257,0.4492753623188406,0.4492753623188406,False,False,False
CC12CCC3C(C1CCC2C(=O)NC4=C(C=CC(=C4)C(F)(F)F)C(F)(F)F)CCC5C3(C=CC(=O)N5)C,CCOC(=O)C(CCC1=CC=CC=C1)NC(C)C(=O)N2C3CCCCC3CC2C(=O)O,0,unreported_twosides_sampled,0.28744611144065857,0.3516327233016863,0.3516327233016863,fitted,platt_logistic_regression,0.5027853759154408,0,0.648451504094751,0.3165407220822838,0.12258606213266163,no_interaction|interaction,2,True,0.6417910447761194,0.9636363636363636,0.6417910447761194,False,False,False
C1CC(C1)(C(=O)O)C(=O)O.N.N.[Pt],CC1CC2C3CCC4=CC(=O)C=CC4(C3(C(CC2(C1(C(=O)CO)O)C)O)F)C,1,reported_twosides,0.9940378665924072,0.9763891424668509,0.9763891424668509,fitted,platt_logistic_regression,0.5027853759154408,1,0.11177732122200179,0.0025188916876574307,0.8673383711167086,interaction,1,False,0.26666666666666666,0.8596491228070176,0.26666666666666666,False,False,True
C1CC(C1)CN2CCC34C5C(CCC3(C2CC6=C4C(=C(C=C6)O)O5)O)O,CC1=NN=C2N1C3=C(C=C(C=C3)Cl)C(=NC2)C4=CC=CC=C4,1,reported_twosides,0.3380110561847687,0.39118491299992253,0.39118491299992253,fitted,platt_logistic_regression,0.5027853759154408,0,0.669275163129093,0.28211586901763225,0.1452560873215785,no_interaction|interaction,2,True,0.6451612903225806,0.7659574468085106,0.6451612903225806,False,False,False
CC(=O)OCC(=O)C12C(CC3C1(CC(C4(C3CC(C5=CC(=O)C=CC54C)F)F)O)C)OC(O2)(C)C,C[N+](C)(C)CC(CC(=O)O)O,0,unreported_twosides_sampled,0.0001578103401698172,0.0019139060541299676,0.0019139060541299676,fitted,platt_logistic_regression,0.5027853759154408,0,0.01389046315717959,0.9722921914357683,0.0008396305625524769,no_interaction,1,False,0.8059701492537313,0.36666666666666664,0.36666666666666664,False,False,True
CC(C)C(CCCN(C)CCC1=CC(=C(C=C1)OC)OC)(C#N)C2=CC(=C(C=C2)OC)OC,CC1C2C(C(=O)N2C(=C1SC3CC(NC3)C(=O)NC4=CC=CC(=C4)C(=O)O)C(=O)O)C(C)O,0,unreported_twosides_sampled,0.9914351105690002,0.9695178154439592,0.9695178154439592,fitted,platt_logistic_regression,0.5027853759154408,1,0.13641431498026346,0.0033585222502099076,0.852225020990764,interaction,1,False,0.23529411764705882,0.23529411764705882,0.23529411764705882,False,False,True
CC1=NN=C2N1C3=C(C=C(C=C3)Cl)C(=NC2)C4=CC=CC=C4,C[N+](C)(C)CC(CC(=O)O)O,0,unreported_twosides_sampled,0.0010093104792758822,0.007238564505001085,0.007238564505001085,fitted,platt_logistic_regression,0.5027853759154408,0,0.042886354380591386,0.9311502938706969,0.0008396305625524769,no_interaction,1,False,0.7659574468085106,0.36666666666666664,0.36666666666666664,False,False,True
C1=CC(=C2NC(=C3C=CC=CC3=O)N(N2)C4=CC=C(C=C4)C(=O)O)C(=O)C=C1,CC(C)(C)NCC(C1=CC(=C(C=C1)O)CO)O,1,reported_twosides,0.18632473051548004,0.26517294511833545,0.26517294511833545,fitted,platt_logistic_regression,0.5027853759154408,0,0.578398409753543,0.41309823677581864,0.07556675062972293,no_interaction,1,False,0.22033898305084745,0.5227272727272727,0.22033898305084745,False,False,True
C1C(N(C2=C(N1)NC(=NC2=O)N)C=O)CNC3=CC=C(C=C3)C(=O)NC(CCC(=O)O)C(=O)O,CN(C)NN=C1C(=NC=N1)C(=O)N,0,unreported_twosides_sampled,0.015038003213703632,0.048917709754894775,0.048917709754894775,fitted,platt_logistic_regression,0.5027853759154408,0,0.195316090529539,0.8001679261125105,0.005877413937867338,no_interaction,1,False,0.5256410256410257,0.24390243902439024,0.24390243902439024,False,False,True
CC(C=CC(C)C(C)(C)O)C1CCC2C1(CCCC2=CC=C3CC(CC(C3)O)O)C,CCN(C)C(=O)OC1=CC=CC(=C1)C(C)N(C)C,0,unreported_twosides_sampled,0.9977019429206848,0.9879989759750551,0.9879989759750551,fitted,platt_logistic_regression,0.5027853759154408,1,0.06500641051026468,0.0008396305625524769,0.90848026868178,interaction,1,False,0.5625,0.32653061224489793,0.32653061224489793,False,False,True
CC(C)C(CCCN(C)CCC1=CC(=C(C=C1)OC)OC)(C#N)C2=CC(=C(C=C2)OC)OC,CN(C)NN=C1C(=NC=N1)C(=O)N,0,unreported_twosides_sampled,0.02532021887600422,0.07010569751410652,0.07010569751410652,fitted,platt_logistic_regression,0.5027853759154408,0,0.2539122677888566,0.7581863979848866,0.008396305625524769,no_interaction,1,False,0.23529411764705882,0.24390243902439024,0.23529411764705882,False,False,True
CC12CCC3C(C1CCC2C(=O)NC4=C(C=CC(=C4)C(F)(F)F)C(F)(F)F)CCC5C3(C=CC(=O)N5)C,CC1=C(C(C(=C(N1)C)C(=O)OCC(C)C)C2=CC=CC=C2[N+](=O)[O-])C(=O)OC,1,reported_twosides,0.2526713013648987,0.32324037278666357,0.32324037278666357,fitted,platt_logistic_regression,0.5027853759154408,0,0.6292878751396842,0.34760705289672544,0.11083123425692695,no_interaction|interaction,2,True,0.6417910447761194,0.8043478260869565,0.6417910447761194,False,False,False
C1CC(C1)CN2CCC34C5C(CCC3(C2CC6=C4C(=C(C=C6)O)O5)O)O,CCOC(=O)C(CCC1=CC=CC=C1)NC(C)C(=O)N2C3CCCCC3CC2C(=O)O,0,unreported_twosides_sampled,0.2527525722980499,0.3233081056791351,0.3233081056791351,fitted,platt_logistic_regression,0.5027853759154408,0,0.6293379138375285,0.34760705289672544,0.11083123425692695,no_interaction|interaction,2,True,0.6451612903225806,0.9636363636363636,0.6451612903225806,False,False,False
CC(C)(C)NCC(C1=CC(=C(C=C1)O)CO)O,CC1=NN=C(S1)SCC2=C(N3C(C(C3=O)NC(=O)CN4C=NN=N4)SC2)C(=O)[O-],1,reported_twosides,0.7650054097175598,0.708977047250836,0.708977047250836,fitted,platt_logistic_regression,0.5027853759154408,1,0.6030650788108123,0.0873215785054576,0.3887489504617968,interaction,1,False,0.5227272727272727,0.4574468085106383,0.4574468085106383,False,False,False
C1CC(C1)CN2CCC34C5C(CCC3(C2CC6=C4C(=C(C=C6)O)O5)O)O,CNC(=C[N+](=O)[O-])NCCSCC1=CC=C(O1)CN(C)C,1,reported_twosides,0.05492714047431946,0.11860187390191028,0.11860187390191028,fitted,platt_logistic_regression,0.5027853759154408,0,0.36413003595483334,0.6439966414777498,0.020990764063811923,no_interaction,1,False,0.6451612903225806,0.603448275862069,0.603448275862069,False,False,False
CC1=C(SC=C1)C(=CCCN2CCCC(C2)C(=O)O)C3=C(C=CS3)C,CCOC1=C(C=CC(=C1)CC(=O)NC(CC(C)C)C2=CC=CC=C2N3CCCCC3)C(=O)O,0,unreported_twosides_sampled,0.498625248670578,0.5093227941134544,0.5093227941134544,fitted,platt_logistic_regression,0.5027853759154408,1,0.6929733415062093,0.20151133501259447,0.21662468513853905,no_interaction|interaction,2,True,0.26865671641791045,0.2804878048780488,0.26865671641791045,False,False,True
C1CC(C1)(C(=O)O)C(=O)O.N.N.[Pt],CCCC1(CC(=O)C(=C(O1)O)C(CC)C2=CC(=CC=C2)NS(=O)(=O)C3=NC=C(C=C3)C(F)(F)F)CCC4=CC=CC=C4,0,unreported_twosides_sampled,0.12082651257514954,0.19995633530388124,0.19995633530388124,fitted,platt_logistic_regression,0.5027853759154408,0,0.5003418854577104,0.5020990764063812,0.04534005037783375,no_interaction,1,False,0.26666666666666666,0.2247191011235955,0.2247191011235955,False,False,True
CC1=C(C(=O)C2=CC=CC=C2C1=O)CC=C(C)CCCC(C)CCCC(C)CCCC(C)C,CN1CCC23C=CC(CC2OC4=C(C=CC(=C34)C1)OC)O,0,unreported_twosides_sampled,0.997701108455658,0.9879958714690354,0.9879958714690354,fitted,platt_logistic_regression,0.5027853759154408,1,0.06502010311653622,0.0008396305625524769,0.90848026868178,interaction,1,False,0.22058823529411764,0.375,0.22058823529411764,False,False,True
C1CC(C1)CN2CCC34C5C(CCC3(C2CC6=C4C(=C(C=C6)O)O5)O)O,CC(C)(C)NCC(C1=CC(=C(C=C1)O)CO)O,0,unreported_twosides_sampled,0.06197462975978851,0.12858780315691362,0.12858780315691362,fitted,platt_logistic_regression,0.5027853759154408,0,0.3836933344867075,0.6246851385390428,0.023509655751469353,no_interaction,1,False,0.6451612903225806,0.5227272727272727,0.5227272727272727,False,False,False
CC12CCC3C(C1CCC2C(=O)NC4=C(C=CC(=C4)C(F)(F)F)C(F)(F)F)CCC5C3(C=CC(=O)N5)C,CN1C(=C(NC2=CC=CC=N2)O)C(=O)C3=CC=CC=C3S1(=O)=O,0,unreported_twosides_sampled,0.4226168394088745,0.4543171694585443,0.4543171694585443,fitted,platt_logistic_regression,0.5027853759154408,0,0.6889675120845542,0.23845507976490343,0.18052057094878254,no_interaction|interaction,2,True,0.6417910447761194,0.62,0.62,False,False,False
C1=CC(=C2NC(=C3C=CC=CC3=O)N(N2)C4=CC=C(C=C4)C(=O)O)C(=O)C=C1,CC12CCC3C(C1CCC2(C)O)CCC4C3(COC(=O)C4)C,0,unreported_twosides_sampled,0.9854608178138733,0.9558326857693707,0.9558326857693707,fitted,platt_logistic_regression,0.5027853759154408,1,0.18096912614179242,0.005877413937867338,0.8102434928631402,interaction,1,False,0.22033898305084745,0.31343283582089554,0.22033898305084745,False,False,True
C1CN=C(N1)NC2=C(C=CC=C2Cl)Cl,CC1=C(SC=C1)C(=CCCN2CCCC(C2)C(=O)O)C3=C(C=CS3)C,1,reported_twosides,0.9920504689216614,0.9710762807900133,0.9710762807900133,fitted,platt_logistic_regression,0.5027853759154408,1,0.13098077160310093,0.0033585222502099076,0.853904282115869,interaction,1,False,0.5853658536585366,0.26865671641791045,0.26865671641791045,False,False,True
C1CC(C1)(C(=O)O)C(=O)O.N.N.[Pt],C[N+](C)(C)CC(CC(=O)O)O,0,unreported_twosides_sampled,0.035734619945287704,0.08871074573295518,0.08871074573295518,fitted,platt_logistic_regression,0.5027853759154408,0,0.299544767813026,0.7170445004198153,0.014273719563392108,no_interaction,1,False,0.26666666666666666,0.36666666666666664,0.26666666666666666,False,False,True
CC12CCC3C(C1CCC2(C)O)CCC4C3(COC(=O)C4)C,CC12CCC3C(C1CCC2C(=O)NC4=C(C=CC(=C4)C(F)(F)F)C(F)(F)F)CCC5C3(C=CC(=O)N5)C,0,unreported_twosides_sampled,0.9524050951004028,0.899969287014605,0.899969287014605,fitted,platt_logistic_regression,0.5027853759154408,1,0.32515045147779237,0.016792611251049538,0.6826196473551638,interaction,1,False,0.31343283582089554,0.6417910447761194,0.31343283582089554,False,False,True
CCC(C)C(=O)OC1CC(C=C2C1C(C(C=C2)C)CCC3CC(CC(=O)O3)O)C,CN(C)CCC1=CNC2=C1C=C(C=C2)CC3COC(=O)N3,0,unreported_twosides_sampled,0.9902064204216003,0.9665059366813246,0.9665059366813246,fitted,platt_logistic_regression,0.5027853759154408,1,0.14668557116416703,0.0041981528127623844,0.8421494542401343,interaction,1,False,0.7424242424242424,0.543859649122807,0.543859649122807,False,False,False
CC(C=CC(C)C(C)(C)O)C1CCC2C1(CCCC2=CC=C3CC(CC(C3)O)O)C,CCOC(=O)N1CCC(=C2C3=C(CCC4=C2N=CC=C4)C=C(C=C3)Cl)CC1,1,reported_twosides,0.0851263701915741,0.158802525150011,0.158802525150011,fitted,platt_logistic_regression,0.5027853759154408,0,0.43767884754761943,0.5726280436607892,0.03442485306465155,no_interaction,1,False,0.5625,0.5892857142857143,0.5625,False,False,False
CC1=C(C(=O)C2=CC=CC=C2C1=O)CC=C(C)CCCC(C)CCCC(C)CCCC(C)C,C[N+](C)(C)CC(CC(=O)O)O,0,unreported_twosides_sampled,0.10620386898517609,0.18373582782135853,0.18373582782135853,fitted,platt_logistic_regression,0.5027853759154408,0,0.47701127463903287,0.5323257766582704,0.03946263643996641,no_interaction,1,False,0.22058823529411764,0.36666666666666664,0.22058823529411764,False,False,True
C1CC(OC1CO)N2C=NC3=C2NC=NC3=O,CC(C=CC(C)C(C)(C)O)C1CCC2C1(CCCC2=CC=C3CC(CC(C3)O)O)C,0,unreported_twosides_sampled,0.8901130557060242,0.8243707226414149,0.8243707226414149,fitted,platt_logistic_regression,0.5027853759154408,1,0.4647008255620497,0.03526448362720403,0.5424013434089001,interaction,1,False,0.3492063492063492,0.5625,0.3492063492063492,False,False,True
CC1=NN=C2N1C3=C(C=C(C=C3)Cl)C(=NC2)C4=CC=CC=C4,CCC(C)C(=O)OC1CC(C=C2C1C(C(C=C2)C)CCC3CC(CC(=O)O3)O)C,1,reported_twosides,0.9835595488548279,0.9518822901032876,0.9518822901032876,fitted,platt_logistic_regression,0.5027853759154408,1,0.1929352081589229,0.005877413937867338,0.801007556675063,interaction,1,False,0.7659574468085106,0.7424242424242424,0.7424242424242424,False,False,False
CC1=NN=C(S1)SCC2=C(N3C(C(C3=O)NC(=O)CN4C=NN=N4)SC2)C(=O)[O-],CCC(C)C(=O)OC1CC(C=C2C1C(C(C=C2)C)CCC3CC(CC(=O)O3)O)C,1,reported_twosides,0.999934196472168,0.9990598885291527,0.9990598885291527,fitted,platt_logistic_regression,0.5027853759154408,1,0.00749178770243254,0.0008396305625524769,0.9865659109991604,interaction,1,False,0.4574468085106383,0.7424242424242424,0.4574468085106383,False,False,False
CCN(C)C(=O)OC1=CC=CC(=C1)C(C)N(C)C,CNC(=C[N+](=O)[O-])NCCSCC1=CC=C(O1)CN(C)C,1,reported_twosides,0.24606777727603912,0.3177130727064336,0.3177130727064336,fitted,platt_logistic_regression,0.5027853759154408,0,0.6251336034841652,0.3534844668345928,0.10747271200671704,no_interaction|interaction,2,True,0.32653061224489793,0.603448275862069,0.32653061224489793,False,False,True
C1CC(C1)CN2CCC34C5C(CCC3(C2CC6=C4C(=C(C=C6)O)O5)O)O,CCCC1(CC(=O)C(=C(O1)O)C(CC)C2=CC(=CC=C2)NS(=O)(=O)C3=NC=C(C=C3)C(F)(F)F)CCC4=CC=CC=C4,0,unreported_twosides_sampled,0.07580658048391342,0.14705641551042292,0.14705641551042292,fitted,platt_logistic_regression,0.5027853759154408,0,0.4175689789384416,0.5919395465994962,0.0327455919395466,no_interaction,1,False,0.6451612903225806,0.2247191011235955,0.2247191011235955,False,False,True
C(CCl)NC(=O)N(CCCl)N=O,CCOC(=O)N1CCC(=C2C3=C(CCC4=C2N=CC=C4)C=C(C=C3)Cl)CC1,0,unreported_twosides_sampled,0.004115446470677853,0.01969171569746797,0.01969171569746797,fitted,platt_logistic_regression,0.5027853759154408,0,0.09683688940603521,0.8790931989924433,0.0008396305625524769,no_interaction,1,False,0.2391304347826087,0.5892857142857143,0.2391304347826087,False,False,True
CC1=C(SC=C1)C(=CCCN2CCCC(C2)C(=O)O)C3=C(C=CS3)C,CN1CCC(=C2C3=C(C(=O)CC4=CC=CC=C42)SC=C3)CC1,0,unreported_twosides_sampled,0.11628179997205734,0.19499737587252,0.19499737587252,fitted,platt_logistic_regression,0.5027853759154408,0,0.49338861111828836,0.5121746431570109,0.04534005037783375,no_interaction,1,False,0.26865671641791045,0.3018867924528302,0.26865671641791045,False,False,True
C1CC(C1)CN2CCC34C5C(CCC3(C2CC6=C4C(=C(C=C6)O)O5)O)O,CN(C)CCC1=CNC2=C1C=C(C=C2)CC3COC(=O)N3,0,unreported_twosides_sampled,0.14462387561798096,0.2248742660110357,0.2248742660110357,fitted,platt_logistic_regression,0.5027853759154408,0,0.5330082923022218,0.46767422334172964,0.056255247691015954,no_interaction,1,False,0.6451612903225806,0.543859649122807,0.543859649122807,False,False,False
C(CCl)NC(=O)N(CCCl)N=O,CC1(C(N2C(S1)C(C2=O)NC(=O)C(C3=CC=CC=C3)N)C(=O)[O-])C,0,unreported_twosides_sampled,0.001784593565389514,0.01087360842095587,0.01087360842095587,fitted,platt_logistic_regression,0.5027853759154408,0,0.059978389687845586,0.9135180520570949,0.0008396305625524769,no_interaction,1,False,0.2391304347826087,0.6119402985074627,0.2391304347826087,False,False,True
C1CC(C1)CN2CCC34C5C(CCC3(C2CC6=C4C(=C(C=C6)O)O5)O)O,C1CN=C(N1)NC2=C(C=CC=C2Cl)Cl,0,unreported_twosides_sampled,0.9698047041893005,0.9267144341439449,0.9267144341439449,fitted,platt_logistic_regression,0.5027853759154408,1,0.26205594663464127,0.010075566750629723,0.7506297229219143,interaction,1,False,0.6451612903225806,0.5853658536585366,0.5853658536585366,False,False,False
CC(C)(C(=O)O)ON=C(C1=CSC(=N1)N)C(=O)NC2C3N(C2=O)C(=C(CS3)C[N+]4=CC=CC=C4)C(=O)[O-],CC12CCC3C(C1CCC2C(=O)NC4=C(C=CC(=C4)C(F)(F)F)C(F)(F)F)CCC5C3(C=CC(=O)N5)C,0,unreported_twosides_sampled,0.008628781884908676,0.0331897968374749,0.0331897968374749,fitted,platt_logistic_regression,0.5027853759154408,0,0.1456610960231254,0.8438287153652393,0.0041981528127623844,no_interaction,1,False,0.6428571428571429,0.6417910447761194,0.6417910447761194,False,False,False
C1C(C(C(C(C1N)OC2C(C(C(C(O2)CN)O)O)O)O)OC3C(C(C(C(O3)CO)O)N)O)N,CC(C)C(CCCN(C)CCC1=CC(=C(C=C1)OC)OC)(C#N)C2=CC(=C(C=C2)OC)OC,0,unreported_twosides_sampled,0.01928829587996006,0.05812545302348876,0.05812545302348876,fitted,platt_logistic_regression,0.5027853759154408,0,0.22177817990090506,0.7791771620486986,0.006717044500419815,no_interaction,1,False,0.7727272727272727,0.23529411764705882,0.23529411764705882,False,False,True
C1=CC(=C2NC(=C3C=CC=CC3=O)N(N2)C4=CC=C(C=C4)C(=O)O)C(=O)C=C1,C1CC(OC1CO)N2C=NC3=C2NC=NC3=O,0,unreported_twosides_sampled,0.8901175856590271,0.8243755467760876,0.8243755467760876,fitted,platt_logistic_regression,0.5027853759154408,1,0.4646933661878524,0.03526448362720403,0.5424013434089001,interaction,1,False,0.22033898305084745,0.3492063492063492,0.22033898305084745,False,False,True
CC1CC2C3CCC4=CC(=O)C=CC4(C3(C(CC2(C1(C(=O)CO)O)C)O)F)C,CNC(=C[N+](=O)[O-])NCCSCC1=CC=C(O1)CN(C)C,1,reported_twosides,0.0730612501502037,0.1434963472206604,0.1434963472206604,fitted,platt_logistic_regression,0.5027853759154408,0,0.4112599524509628,0.5978169605373636,0.031066330814441646,no_interaction,1,False,0.8596491228070176,0.603448275862069,0.603448275862069,False,False,False
CC1=NN=C(S1)SCC2=C(N3C(C(C3=O)NC(=O)CN4C=NN=N4)SC2)C(=O)[O-],CN1C=NC(=C1SC2=NC=NC3=C2NC=N3)[N+](=O)[O-],0,unreported_twosides_sampled,0.40692803263664246,0.4428147178884637,0.4428147178884637,fitted,platt_logistic_regression,0.5027853759154408,0,0.6865925338835043,0.2518891687657431,0.1746431570109152,no_interaction|interaction,2,True,0.4574468085106383,0.25925925925925924,0.25925925925925924,False,False,True
C1C(N(C2=C(N1)NC(=NC2=O)N)C=O)CNC3=CC=C(C=C3)C(=O)NC(CCC(=O)O)C(=O)O,CC1=NN=C(S1)SCC2=C(N3C(C(C3=O)NC(=O)CN4C=NN=N4)SC2)C(=O)[O-],1,reported_twosides,0.9786888360977173,0.9423797791243453,0.9423797791243453,fitted,platt_logistic_regression,0.5027853759154408,1,0.22036863511408322,0.006717044500419815,0.7808564231738035,interaction,1,False,0.5256410256410257,0.4574468085106383,0.4574468085106383,False,False,False
CC1=C(SC=C1)C(=CCCN2CCCC(C2)C(=O)O)C3=C(C=CS3)C,CC1CC2C3CCC4=CC(=O)C=CC4(C3(C(CC2(C1(C(=O)CO)O)C)O)F)C,0,unreported_twosides_sampled,0.12949155271053314,0.20922337580250397,0.20922337580250397,fitted,platt_logistic_regression,0.5027853759154408,0,0.5129258820344236,0.48866498740554154,0.04785894206549118,no_interaction,1,False,0.26865671641791045,0.8596491228070176,0.26865671641791045,False,False,True
CC1CN(CCN1)C2=C(C=C3C(=C2OC)N(C=C(C3=O)C(=O)O)C4CC4)F,CN(C)NN=C1C(=NC=N1)C(=O)N,0,unreported_twosides_sampled,0.14022940397262573,0.22039430762198847,0.22039430762198847,fitted,platt_logistic_regression,0.5027853759154408,0,0.5274065704974672,0.47103274559193953,0.056255247691015954,no_interaction,1,False,0.7230769230769231,0.24390243902439024,0.24390243902439024,False,False,True
CC1=NN=C(S1)SCC2=C(N3C(C(C3=O)NC(=O)CN4C=NN=N4)SC2)C(=O)[O-],CN1CCC(=C2C3=C(C(=O)CC4=CC=CC=C42)SC=C3)CC1,0,unreported_twosides_sampled,0.1020573303103447,0.17898766382283215,0.17898766382283215,fitted,platt_logistic_regression,0.5027853759154408,0,0.469854956666793,0.5365239294710328,0.037783375314861464,no_interaction,1,False,0.4574468085106383,0.3018867924528302,0.3018867924528302,False,False,True
CC(C)C(C(=O)OCC(CO)OCN1C=NC2=C1NC(=NC2=O)N)N,CC12CCC3C(C1CCC2C(=O)NC4=C(C=CC(=C4)C(F)(F)F)C(F)(F)F)CCC5C3(C=CC(=O)N5)C,0,unreported_twosides_sampled,0.02527315355837345,0.07001622494162277,0.07001622494162277,fitted,platt_logistic_regression,0.5027853759154408,0,0.2536809137835604,0.7581863979848866,0.008396305625524769,no_interaction,1,False,0.7307692307692307,0.6417910447761194,0.6417910447761194,False,False,False
C1C(N(C2=C(N1)NC(=NC2=O)N)C=O)CNC3=CC=C(C=C3)C(=O)NC(CCC(=O)O)C(=O)O,CC1CN(CCN1)C2=C(C=C3C(=C2OC)N(C=C(C3=O)C(=O)O)C4CC4)F,0,unreported_twosides_sampled,0.8358345627784729,0.7706844549388451,0.7706844549388451,fitted,platt_logistic_regression,0.5027853759154408,1,0.5384479833643184,0.05709487825356843,0.4609571788413098,interaction,1,False,0.5256410256410257,0.7230769230769231,0.5256410256410257,False,False,False
CC1=NN=C(S1)SCC2=C(N3C(C(C3=O)NC(=O)CN4C=NN=N4)SC2)C(=O)[O-],CC1=NN=C2N1C3=C(C=C(C=C3)Cl)C(=NC2)C4=CC=CC=C4,1,reported_twosides,0.8384851813316345,0.7731473251188873,0.7731473251188873,fitted,platt_logistic_regression,0.5027853759154408,1,0.5354453368541984,0.05709487825356843,0.4643157010915197,interaction,1,False,0.4574468085106383,0.7659574468085106,0.4574468085106383,False,False,False
CC1C2C(C(=O)N2C(=C1SC3CC(NC3)C(=O)NC4=CC=CC(=C4)C(=O)O)C(=O)O)C(C)O,CCCCC(=O)N(CC1=CC=C(C=C1)C2=CC=CC=C2C3=NNN=N3)C(C(C)C)C(=O)O,0,unreported_twosides_sampled,0.9971599578857422,0.986046235342435,0.986046235342435,fitted,platt_logistic_regression,0.5027853759154408,1,0.07346652037160895,0.0008396305625524769,0.9034424853064652,interaction,1,False,0.23529411764705882,0.4533333333333333,0.23529411764705882,False,False,True
CC(C)(C(=O)O)ON=C(C1=CSC(=N1)N)C(=O)NC2C3N(C2=O)C(=C(CS3)C[N+]4=CC=CC=C4)C(=O)[O-],CCOC(=O)N1CCC(=C2C3=C(CCC4=C2N=CC=C4)C=C(C=C3)Cl)CC1,0,unreported_twosides_sampled,0.002323007909581065,0.013120149125595745,0.013120149125595745,fitted,platt_logistic_regression,0.5027853759154408,0,0.06989125973412108,0.9059613769941226,0.0008396305625524769,no_interaction,1,False,0.6428571428571429,0.5892857142857143,0.5892857142857143,False,False,False
CCC(C)C(=O)OC1CC(C=C2C1C(C(C=C2)C)CCC3CC(CC(=O)O3)O)C,CCOC(=O)N1CCC(=C2C3=C(CCC4=C2N=CC=C4)C=C(C=C3)Cl)CC1,1,reported_twosides,0.7728240489959717,0.7154658908674992,0.7154658908674992,fitted,platt_logistic_regression,0.5027853759154408,1,0.5971847884938637,0.08060453400503778,0.39378673383711166,interaction,1,False,0.7424242424242424,0.5892857142857143,0.5892857142857143,False,False,False
CC(C)C(CCCN(C)CCC1=CC(=C(C=C1)OC)OC)(C#N)C2=CC(=C(C=C2)OC)OC,CCOC(=O)C(CCC1=CC=CC=C1)NC(C)C(=O)N2C3CCCCC3CC2C(=O)O,1,reported_twosides,0.9972968697547913,0.9865282765928273,0.9865282765928273,fitted,platt_logistic_regression,0.5027853759154408,1,0.07140546936747422,0.0008396305625524769,0.9042821158690176,interaction,1,False,0.23529411764705882,0.9636363636363636,0.23529411764705882,False,False,True
C1C(OC(S1)CO)N2C=C(C(=NC2=O)N)F,COC1=C(C=C(C=C1)C2=CC3=C(C=C2)C=C(C=C3)C(=O)O)C45CC6CC(C4)CC(C6)C5,0,unreported_twosides_sampled,0.015126231126487255,0.04911689663087666,0.04911689663087666,fitted,platt_logistic_regression,0.5027853759154408,0,0.19590674399236896,0.8001679261125105,0.005877413937867338,no_interaction,1,False,0.6326530612244898,0.288135593220339,0.288135593220339,False,False,True
CC(C)(C(=O)O)ON=C(C1=CSC(=N1)N)C(=O)NC2C3N(C2=O)C(=C(CS3)C[N+]4=CC=CC=C4)C(=O)[O-],CC(C)C(CCCN(C)CCC1=CC(=C(C=C1)OC)OC)(C#N)C2=CC(=C(C=C2)OC)OC,1,reported_twosides,0.09859979897737503,0.17497335505877915,0.17497335505877915,fitted,platt_logistic_regression,0.5027853759154408,0,0.4636851217836897,0.5432409739714525,0.03526448362720403,no_interaction,1,False,0.6428571428571429,0.23529411764705882,0.23529411764705882,False,False,True
CN(C)NN=C1C(=NC=N1)C(=O)N,CNC(=C[N+](=O)[O-])NCCSCC1=CC=C(O1)CN(C)C,1,reported_twosides,0.0016280574491247535,0.010184585311914162,0.010184585311914162,fitted,platt_logistic_regression,0.5027853759154408,0,0.0568480155760028,0.9177162048698573,0.0008396305625524769,no_interaction,1,False,0.24390243902439024,0.603448275862069,0.24390243902439024,False,False,True
C1=CC(=CC=C1N)S(=O)(=O)C2=CC=C(C=C2)N,CN1CCC(=C2C3=C(C(=O)CC4=CC=CC=C42)SC=C3)CC1,0,unreported_twosides_sampled,0.009615430608391762,0.03580684358585748,0.03580684358585748,fitted,platt_logistic_regression,0.5027853759154408,0,0.15438103504016773,0.8354324097397146,0.0041981528127623844,no_interaction,1,False,0.43333333333333335,0.3018867924528302,0.3018867924528302,False,False,True
CC12CCC3C(C1CCC2C(=O)NC4=C(C=CC(=C4)C(F)(F)F)C(F)(F)F)CCC5C3(C=CC(=O)N5)C,CCOC1=C(C=CC(=C1)CC(=O)NC(CC(C)C)C2=CC=CC=C2N3CCCCC3)C(=O)O,1,reported_twosides,0.18269431591033936,0.26180425378968303,0.26180425378968303,fitted,platt_logistic_regression,0.5027853759154408,0,0.5749356627002133,0.418975650713686,0.07472712006717044,no_interaction,1,False,0.6417910447761194,0.2804878048780488,0.2804878048780488,False,False,True
C1C(N(C2=C(N1)NC(=NC2=O)N)C=O)CNC3=CC=C(C=C3)C(=O)NC(CCC(=O)O)C(=O)O,CCCC1(CC(=O)C(=C(O1)O)C(CC)C2=CC(=CC=C2)NS(=O)(=O)C3=NC=C(C=C3)C(F)(F)F)CCC4=CC=CC=C4,0,unreported_twosides_sampled,0.16962626576423645,0.24947417251303688,0.24947417251303688,fitted,platt_logistic_regression,0.5027853759154408,0,0.561756726416074,0.434928631402183,0.06968933669185558,no_interaction,1,False,0.5256410256410257,0.2247191011235955,0.2247191011235955,False,False,True
CC1=C(SC=C1)C(=CCCN2CCCC(C2)C(=O)O)C3=C(C=CS3)C,CN1C(=C(NC2=CC=CC=N2)O)C(=O)C3=CC=CC=C3S1(=O)=O,0,unreported_twosides_sampled,0.819433331489563,0.7557306493698077,0.7557306493698077,fitted,platt_logistic_regression,0.5027853759154408,1,0.5559513564135106,0.06717044500419815,0.44164567590260284,interaction,1,False,0.26865671641791045,0.62,0.26865671641791045,False,False,True
CC12CCC3C(C1CCC2(C#C)O)CCC4=CC(=O)CCC34,CNC(=C[N+](=O)[O-])NCCSCC1=CC=C(O1)CN(C)C,1,reported_twosides,0.0053130872547626495,0.023590454497009597,0.023590454497009597,fitted,platt_logistic_regression,0.5027853759154408,0,0.11170136893702445,0.8673383711167086,0.0025188916876574307,no_interaction,1,False,0.7169811320754716,0.603448275862069,0.603448275862069,False,False,False
CCCCC(=O)N(CC1=CC=C(C=C1)C2=CC=CC=C2C3=NNN=N3)C(C(C)C)C(=O)O,CN1CCC(=C2C3=C(C(=O)CC4=CC=CC=C42)SC=C3)CC1,1,reported_twosides,0.983607828617096,0.951980722706665,0.951980722706665,fitted,platt_logistic_regression,0.5027853759154408,1,0.1926413015641271,0.005877413937867338,0.8018471872376155,interaction,1,False,0.4533333333333333,0.3018867924528302,0.3018867924528302,False,False,True
C1CN=C(N1)NC2=C(C=CC=C2Cl)Cl,CCN(C)C(=O)OC1=CC=CC(=C1)C(C)N(C)C,1,reported_twosides,0.9772520065307617,0.939717492646207,0.939717492646207,fitted,platt_logistic_regression,0.5027853759154408,1,0.22774414495884882,0.007556675062972292,0.7749790092359362,interaction,1,False,0.5853658536585366,0.32653061224489793,0.32653061224489793,False,False,True
C1CN=C(N1)NC2=C(C=CC=C2Cl)Cl,CC(C)(C)NCC(C1=CC(=C(C=C1)O)CO)O,1,reported_twosides,0.5030555725097656,0.5125086446502439,0.5125086446502439,fitted,platt_logistic_regression,0.5027853759154408,1,0.6928342155275733,0.20067170445004198,0.21914357682619648,no_interaction|interaction,2,True,0.5853658536585366,0.5227272727272727,0.5227272727272727,False,False,False
CCN(C)C(=O)OC1=CC=CC(=C1)C(C)N(C)C,CN(C)CCC1=CNC2=C1C=C(C=C2)CC3COC(=O)N3,0,unreported_twosides_sampled,0.07260747998952866,0.1429032043494703,0.1429032043494703,fitted,platt_logistic_regression,0.5027853759154408,0,0.41019884074077984,0.5978169605373636,0.031066330814441646,no_interaction,1,False,0.32653061224489793,0.543859649122807,0.32653061224489793,False,False,True
CC1=NN=C2N1C3=C(C=C(C=C3)Cl)C(=NC2)C4=CC=CC=C4,CCN(C)C(=O)OC1=CC=CC(=C1)C(C)N(C)C,1,reported_twosides,0.3696324825286865,0.4151341692452317,0.4151341692452317,fitted,platt_logistic_regression,0.5027853759154408,0,0.6786727901560508,0.26448362720403024,0.1561712846347607,no_interaction|interaction,2,True,0.7659574468085106,0.32653061224489793,0.32653061224489793,False,False,True
CC1CN(CCN1)C2=C(C=C3C(=C2OC)N(C=C(C3=O)C(=O)O)C4CC4)F,CN1CCC(=C2C3=C(C(=O)CC4=CC=CC=C42)SC=C3)CC1,0,unreported_twosides_sampled,0.9659081697463989,0.9203466138327097,0.9203466138327097,fitted,platt_logistic_regression,0.5027853759154408,1,0.2779220032469676,0.0109151973131822,0.7355163727959698,interaction,1,False,0.7230769230769231,0.3018867924528302,0.3018867924528302,False,False,True
C1CC(OC1CO)N2C=NC3=C2NC=NC3=O,CC12CCC3C(C1CCC2C(=O)NC4=C(C=CC(=C4)C(F)(F)F)C(F)(F)F)CCC5C3(C=CC(=O)N5)C,0,unreported_twosides_sampled,0.0309157595038414,0.08037377490431005,0.08037377490431005,fitted,platt_logistic_regression,0.5027853759154408,0,0.2796813120433667,0.7338371116708649,0.0109151973131822,no_interaction,1,False,0.3492063492063492,0.6417910447761194,0.3492063492063492,False,False,True
CC1=NN=C2N1C3=C(C=C(C=C3)Cl)C(=NC2)C4=CC=CC=C4,CCOC(=O)C(CCC1=CC=CC=C1)NC(C)C(=O)N2C3CCCCC3CC2C(=O)O,0,unreported_twosides_sampled,0.5426429510116577,0.540974571858532,0.540974571858532,fitted,platt_logistic_regression,0.5027853759154408,1,0.6897855810064031,0.181360201511335,0.23845507976490343,no_interaction|interaction,2,True,0.7659574468085106,0.9636363636363636,0.7659574468085106,False,False,False
CCCCC(=O)N(CC1=CC=C(C=C1)C2=CC=CC=C2C3=NNN=N3)C(C(C)C)C(=O)O,CN(C)CCC1=CNC2=C1C=C(C=C2)CC3COC(=O)N3,1,reported_twosides,0.8865909576416016,0.820640782927098,0.820640782927098,fitted,platt_logistic_regression,0.5027853759154408,1,0.4704204450059456,0.037783375314861464,0.5365239294710328,interaction,1,False,0.4533333333333333,0.543859649122807,0.4533333333333333,False,False,False
C1CC(OC1CO)N2C=NC3=C2NC=NC3=O,CNC(=C[N+](=O)[O-])NCCSCC1=CC=C(O1)CN(C)C,1,reported_twosides,0.13851195573806763,0.21862941758006213,0.21862941758006213,fitted,platt_logistic_regression,0.5027853759154408,0,0.5251677796880412,0.47523089840470195,0.05373635600335852,no_interaction,1,False,0.3492063492063492,0.603448275862069,0.3492063492063492,False,False,True
CC(C=CC(C)C(C)(C)O)C1CCC2C1(CCCC2=CC=C3CC(CC(C3)O)O)C,CN(C)CCC1=CNC2=C1C=C(C=C2)CC3COC(=O)N3,0,unreported_twosides_sampled,0.9788296222686768,0.9426437614051466,0.9426437614051466,fitted,platt_logistic_regression,0.5027853759154408,1,0.21963028484326874,0.006717044500419815,0.7808564231738035,interaction,1,False,0.5625,0.543859649122807,0.543859649122807,False,False,False
CC12CCC3C(C1CCC2C(=O)NC4=C(C=CC(=C4)C(F)(F)F)C(F)(F)F)CCC5C3(C=CC(=O)N5)C,CCN(C)C(=O)OC1=CC=CC(=C1)C(C)N(C)C,1,reported_twosides,0.14531216025352478,0.22557136991994634,0.22557136991994634,fitted,platt_logistic_regression,0.5027853759154408,0,0.5338695541658004,0.4659949622166247,0.056255247691015954,no_interaction,1,False,0.6417910447761194,0.32653061224489793,0.32653061224489793,False,False,True
C(CCl)NC(=O)N(CCCl)N=O,CC1=C(C(=O)C2=CC=CC=C2C1=O)CC=C(C)CCCC(C)CCCC(C)CCCC(C)C,0,unreported_twosides_sampled,0.02484711818397045,0.06920372951685792,0.06920372951685792,fitted,platt_logistic_regression,0.5027853759154408,0,0.2515743555841064,0.7598656591099916,0.008396305625524769,no_interaction,1,False,0.2391304347826087,0.22058823529411764,0.22058823529411764,False,False,True
C1C(N(C2=C(N1)NC(=NC2=O)N)C=O)CNC3=CC=C(C=C3)C(=O)NC(CCC(=O)O)C(=O)O,C1CC(C1)CN2CCC34C5C(CCC3(C2CC6=C4C(=C(C=C6)O)O5)O)O,0,unreported_twosides_sampled,0.38128411769866943,0.42383984705812583,0.42383984705812583,fitted,platt_logistic_regression,0.5027853759154408,0,0.6815011621597413,0.2586062132661629,0.16120906801007556,no_interaction|interaction,2,True,0.5256410256410257,0.6451612903225806,0.5256410256410257,False,False,False
CN1CCC(=C2C3=C(C(=O)CC4=CC=CC=C42)SC=C3)CC1,CNC(=C[N+](=O)[O-])NCCSCC1=CC=C(O1)CN(C)C,1,reported_twosides,0.08750726282596588,0.16172558023950914,0.16172558023950914,fitted,platt_logistic_regression,0.5027853759154408,0,0.44252023957819125,0.5675902602854744,0.03526448362720403,no_interaction,1,False,0.3018867924528302,0.603448275862069,0.3018867924528302,False,False,True
CC(C)(C)NCC(C1=CC(=C(C=C1)O)CO)O,COC1=C(C=C(C=C1)C2=CC3=C(C=C2)C=C(C=C3)C(=O)O)C45CC6CC(C4)CC(C6)C5,0,unreported_twosides_sampled,0.06895579397678375,0.13807926668243284,0.13807926668243284,fitted,platt_logistic_regression,0.5027853759154408,0,0.4014614174006858,0.6028547439126785,0.027707808564231738,no_interaction,1,False,0.5227272727272727,0.288135593220339,0.288135593220339,False,False,True
C1=CC(=CC=C1N)S(=O)(=O)C2=CC=C(C=C2)N,CCOC1=C(C=CC(=C1)CC(=O)NC(CC(C)C)C2=CC=CC=C2N3CCCCC3)C(=O)O,0,unreported_twosides_sampled,0.017892885953187943,0.05518396145953546,0.05518396145953546,fitted,platt_logistic_regression,0.5027853759154408,0,0.21350503121262585,0.7858942065491183,0.006717044500419815,no_interaction,1,False,0.43333333333333335,0.2804878048780488,0.2804878048780488,False,False,True
CCC(C)C(=O)OC1CC(C=C2C1C(C(C=C2)C)CCC3CC(CC(=O)O3)O)C,CN1C=NC(=C1SC2=NC=NC3=C2NC=N3)[N+](=O)[O-],0,unreported_twosides_sampled,0.9989928603172302,0.9933411110726462,0.9933411110726462,fitted,platt_logistic_regression,0.5027853759154408,1,0.04000970623132257,0.0008396305625524769,0.9336691855583543,interaction,1,False,0.7424242424242424,0.25925925925925924,0.25925925925925924,False,False,True
CC(C)(C)NCC(C1=CC(=C(C=C1)O)CO)O,CN(C)NN=C1C(=NC=N1)C(=O)N,0,unreported_twosides_sampled,0.003842209931463003,0.018756290508292788,0.018756290508292788,fitted,platt_logistic_regression,0.5027853759154408,0,0.09315853277447048,0.8858102434928632,0.0008396305625524769,no_interaction,1,False,0.5227272727272727,0.24390243902439024,0.24390243902439024,False,False,True
CCCCC(=O)N(CC1=CC=C(C=C1)C2=CC=CC=C2C3=NNN=N3)C(C(C)C)C(=O)O,CN1CC(=O)N2C(C1=O)CC3=C(C2C4=CC5=C(C=C4)OCO5)NC6=CC=CC=C36,1,reported_twosides,0.9515337347984314,0.8987281920900352,0.8987281920900352,fitted,platt_logistic_regression,0.5027853759154408,1,0.32786846854930984,0.016792611251049538,0.6801007556675063,interaction,1,False,0.4533333333333333,0.24050632911392406,0.24050632911392406,False,False,True
CC12CCC3C(C1CCC2O)C(CC4=C3C=CC(=C4)O)CCCCCCCCCS(=O)CCCC(C(F)(F)F)(F)F,CC1=NN=C(S1)SCC2=C(N3C(C(C3=O)NC(=O)CN4C=NN=N4)SC2)C(=O)[O-],0,unreported_twosides_sampled,0.5272473692893982,0.5298994889171577,0.5298994889171577,fitted,platt_logistic_regression,0.5027853759154408,1,0.6913581545588272,0.18723761544920234,0.23089840470193115,no_interaction|interaction,2,True,0.4492753623188406,0.4574468085106383,0.4492753623188406,False,False,False
CCOC(=O)N1CCC(=C2C3=C(CCC4=C2N=CC=C4)C=C(C=C3)Cl)CC1,CCOC1=C(C=CC(=C1)CC(=O)NC(CC(C)C)C2=CC=CC=C2N3CCCCC3)C(=O)O,1,reported_twosides,0.3981848359107971,0.43637150974090955,0.43637150974090955,fitted,platt_logistic_regression,0.5027853759154408,0,0.6850280134866387,0.25608732157850544,0.1712846347607053,no_interaction|interaction,2,True,0.5892857142857143,0.2804878048780488,0.2804878048780488,False,False,True
CC12CCC3C(C1CCC2C(=O)NC4=C(C=CC(=C4)C(F)(F)F)C(F)(F)F)CCC5C3(C=CC(=O)N5)C,CCC(C)C(=O)OC1CC(C=C2C1C(C(C=C2)C)CCC3CC(CC(=O)O3)O)C,1,reported_twosides,0.5700032711029053,0.5607080679456968,0.5607080679456968,fitted,platt_logistic_regression,0.5027853759154408,1,0.6857580236423468,0.1746431570109152,0.25440806045340053,no_interaction|interaction,2,True,0.6417910447761194,0.7424242424242424,0.6417910447761194,False,False,False
CC(C)(C(=O)O)ON=C(C1=CSC(=N1)N)C(=O)NC2C3N(C2=O)C(=C(CS3)C[N+]4=CC=CC=C4)C(=O)[O-],CC1=C(C(C(=C(N1)C)C(=O)OCC(C)C)C2=CC=CC=C2[N+](=O)[O-])C(=O)OC,0,unreported_twosides_sampled,0.08596941083669662,0.15984096032239944,0.15984096032239944,fitted,platt_logistic_regression,0.5027853759154408,0,0.4394060612191143,0.5726280436607892,0.03526448362720403,no_interaction,1,False,0.6428571428571429,0.8043478260869565,0.6428571428571429,False,False,False
C(CCl)NC(=O)N(CCCl)N=O,CCCCC(=O)N(CC1=CC=C(C=C1)C2=CC=CC=C2C3=NNN=N3)C(C(C)C)C(=O)O,0,unreported_twosides_sampled,0.10008770227432251,0.17670717330796787,0.17670717330796787,fitted,platt_logistic_regression,0.5027853759154408,0,0.4663635107585315,0.5415617128463476,0.036943744752308987,no_interaction,1,False,0.2391304347826087,0.4533333333333333,0.2391304347826087,False,False,True
C1CN=C(N1)NC2=C(C=CC=C2Cl)Cl,CCC(C)C(=O)OC1CC(C=C2C1C(C(C=C2)C)CCC3CC(CC(=O)O3)O)C,1,reported_twosides,0.9999854564666748,0.9996824704220876,0.9996824704220876,fitted,platt_logistic_regression,0.5027853759154408,1,0.002875160726655177,0.0008396305625524769,0.998320738874895,interaction,1,False,0.5853658536585366,0.7424242424242424,0.5853658536585366,False,False,False
CCN(C)C(=O)OC1=CC=CC(=C1)C(C)N(C)C,CN1C=NC(=C1SC2=NC=NC3=C2NC=N3)[N+](=O)[O-],0,unreported_twosides_sampled,0.9182667136192322,0.8558937436414911,0.8558937436414911,fitted,platt_logistic_regression,0.5027853759154408,1,0.41234807347568886,0.03190596137699412,0.5961376994122586,interaction,1,False,0.32653061224489793,0.25925925925925924,0.25925925925925924,False,False,True
CC1C2C(C(=O)N2C(=C1SC3CC(NC3)C(=O)NC4=CC=CC(=C4)C(=O)O)C(=O)O)C(C)O,CCCN1CC(CC2C1CC3=CNC4=CC=CC2=C34)CSC,0,unreported_twosides_sampled,0.050397101789712906,0.11193740519678072,0.11193740519678072,fitted,platt_logistic_regression,0.5027853759154408,0,0.35054687707715465,0.6574307304785895,0.017632241813602016,no_interaction,1,False,0.23529411764705882,0.42168674698795183,0.23529411764705882,False,False,True
CC1C2C(C(=O)N2C(=C1SC3CC(NC3)C(=O)NC4=CC=CC(=C4)C(=O)O)C(=O)O)C(C)O,CN1C(=C(NC2=CC=CC=N2)O)C(=O)C3=CC=CC=C3S1(=O)=O,0,unreported_twosides_sampled,0.9929591417312622,0.9734477419882178,0.9734477419882178,fitted,platt_logistic_regression,0.5027853759154408,1,0.12254518317942818,0.0033585222502099076,0.8614609571788413,interaction,1,False,0.23529411764705882,0.62,0.23529411764705882,False,False,True
CC(C)C(CCCN(C)CCC1=CC(=C(C=C1)OC)OC)(C#N)C2=CC(=C(C=C2)OC)OC,CCOC(=O)N1CCC(=C2C3=C(CCC4=C2N=CC=C4)C=C(C=C3)Cl)CC1,1,reported_twosides,0.04637279734015465,0.10583423886224391,0.10583423886224391,fitted,platt_logistic_regression,0.5027853759154408,0,0.3377161800087753,0.672544080604534,0.016792611251049538,no_interaction,1,False,0.23529411764705882,0.5892857142857143,0.23529411764705882,False,False,True
CN1C=NC(=C1SC2=NC=NC3=C2NC=N3)[N+](=O)[O-],C[N+](C)(C)CC(CC(=O)O)O,0,unreported_twosides_sampled,0.0010361939202994108,0.007375884190999998,0.007375884190999998,fitted,platt_logistic_regression,0.5027853759154408,0,0.04356080996647549,0.9303106633081444,0.0008396305625524769,no_interaction,1,False,0.25925925925925924,0.36666666666666664,0.25925925925925924,False,False,True
CC(C)C(CCCN(C)CCC1=CC(=C(C=C1)OC)OC)(C#N)C2=CC(=C(C=C2)OC)OC,CCC(C)C(=O)OC1CC(C=C2C1C(C(C=C2)C)CCC3CC(CC(=O)O3)O)C,1,reported_twosides,0.9992691874504089,0.9947069514655371,0.9947069514655371,fitted,platt_logistic_regression,0.5027853759154408,1,0.0330217932902797,0.0008396305625524769,0.9420654911838791,interaction,1,False,0.23529411764705882,0.7424242424242424,0.23529411764705882,False,False,True
C(CCl)NC(=O)N(CCCl)N=O,C1C(N(C2=C(N1)NC(=NC2=O)N)C=O)CNC3=CC=C(C=C3)C(=O)NC(CCC(=O)O)C(=O)O,1,reported_twosides,0.005270873196423054,0.02345792426220085,0.02345792426220085,fitted,platt_logistic_regression,0.5027853759154408,0,0.11120757160978867,0.8673383711167086,0.0025188916876574307,no_interaction,1,False,0.2391304347826087,0.5256410256410257,0.2391304347826087,False,False,True
C1CC(C1)(C(=O)O)C(=O)O.N.N.[Pt],CC(C=CC(C)C(C)(C)O)C1CCC2C1(CCCC2=CC=C3CC(CC(C3)O)O)C,0,unreported_twosides_sampled,0.9987788796424866,0.9923575414204066,0.9923575414204066,fitted,platt_logistic_regression,0.5027853759154408,1,0.04486279797600837,0.0008396305625524769,0.929471032745592,interaction,1,False,0.26666666666666666,0.5625,0.26666666666666666,False,False,True
CC(C=CC(C)C(C)(C)O)C1CCC2C1(CCCC2=CC=C3CC(CC(C3)O)O)C,CN1CCC(=C2C3=C(C(=O)CC4=CC=CC=C42)SC=C3)CC1,0,unreported_twosides_sampled,0.8483359217643738,0.7824234278125064,0.7824234278125064,fitted,platt_logistic_regression,0.5027853759154408,1,0.5238235524733231,0.052057094878253565,0.47523089840470195,interaction,1,False,0.5625,0.3018867924528302,0.3018867924528302,False,False,True
CC(C)C(CCCN(C)CCC1=CC(=C(C=C1)OC)OC)(C#N)C2=CC(=C(C=C2)OC)OC,CC(C=CC(C)C(C)(C)O)C1CCC2C1(CCCC2=CC=C3CC(CC(C3)O)O)C,1,reported_twosides,0.9958546757698059,0.9817459700726318,0.9817459700726318,fitted,platt_logistic_regression,0.5027853759154408,1,0.09116402696808219,0.0008396305625524769,0.8883291351805206,interaction,1,False,0.23529411764705882,0.5625,0.23529411764705882,False,False,True
CC(C)C(C(=O)OCC(CO)OCN1C=NC2=C1NC(=NC2=O)N)N,CC1=NN=C(S1)SCC2=C(N3C(C(C3=O)NC(=O)CN4C=NN=N4)SC2)C(=O)[O-],0,unreported_twosides_sampled,0.710953414440155,0.6656912683671026,0.6656912683671026,fitted,platt_logistic_regression,0.5027853759154408,1,0.6371881232636398,0.11586901763224182,0.33249370277078083,no_interaction|interaction,2,True,0.7307692307692307,0.4574468085106383,0.4574468085106383,False,False,False
CC(C)C(CCCN(C)CCC1=CC(=C(C=C1)OC)OC)(C#N)C2=CC(=C(C=C2)OC)OC,CC12CCC3C(C1CCC2(C)O)CCC4C3(COC(=O)C4)C,0,unreported_twosides_sampled,0.7725830674171448,0.7152648944522475,0.7152648944522475,fitted,platt_logistic_regression,0.5027853759154408,1,0.5973700242154234,0.08228379513014274,0.39378673383711166,interaction,1,False,0.23529411764705882,0.31343283582089554,0.23529411764705882,False,False,True
CCOC1=C(C=CC(=C1)CC(=O)NC(CC(C)C)C2=CC=CC=C2N3CCCCC3)C(=O)O,CN1CCC(=C2C3=C(C(=O)CC4=CC=CC=C42)SC=C3)CC1,0,unreported_twosides_sampled,0.6642451882362366,0.6299736853349573,0.6299736853349573,fitted,platt_logistic_regression,0.5027853759154408,1,0.6589696843049295,0.1343408900083963,0.2972292191435768,no_interaction|interaction,2,True,0.2804878048780488,0.3018867924528302,0.2804878048780488,False,False,True
CCOC(=O)N1CCC(=C2C3=C(CCC4=C2N=CC=C4)C=C(C=C3)Cl)CC1,COC1=C(C=C(C=C1)C2=CC3=C(C=C2)C=C(C=C3)C(=O)O)C45CC6CC(C4)CC(C6)C5,1,reported_twosides,0.06099250167608261,0.1272219074883219,0.1272219074883219,fitted,platt_logistic_regression,0.5027853759154408,0,0.38107133861220766,0.6280436607892528,0.022670025188916875,no_interaction,1,False,0.5892857142857143,0.288135593220339,0.288135593220339,False,False,True
C1CN=C(N1)NC2=C(C=CC=C2Cl)Cl,CCCCC(=O)N(CC1=CC=C(C=C1)C2=CC=CC=C2C3=NNN=N3)C(C(C)C)C(=O)O,1,reported_twosides,0.9994064569473267,0.9954398540289104,0.9954398540289104,fitted,platt_logistic_regression,0.5027853759154408,1,0.029130746447443047,0.0008396305625524769,0.9479429051217464,interaction,1,False,0.5853658536585366,0.4533333333333333,0.4533333333333333,False,False,False
CC1=NN=C(S1)SCC2=C(N3C(C(C3=O)NC(=O)CN4C=NN=N4)SC2)C(=O)[O-],CC1CC2C3CCC4=CC(=O)C=CC4(C3(C(CC2(C1(C(=O)CO)O)C)O)F)C,1,reported_twosides,0.19233958423137665,0.27070329434481955,0.27070329434481955,fitted,platt_logistic_regression,0.5027853759154408,0,0.5839570984951141,0.40973971452560876,0.07556675062972293,no_interaction,1,False,0.4574468085106383,0.8596491228070176,0.4574468085106383,False,False,False
C1C(N(C2=C(N1)NC(=NC2=O)N)C=O)CNC3=CC=C(C=C3)C(=O)NC(CCC(=O)O)C(=O)O,CN1CC(=O)N2C(C1=O)CC3=C(C2C4=CC5=C(C=C4)OCO5)NC6=CC=CC=C36,0,unreported_twosides_sampled,0.9873834252357483,0.9599995616523105,0.9599995616523105,fitted,platt_logistic_regression,0.5027853759154408,1,0.16794554082422472,0.0041981528127623844,0.8270361041141897,interaction,1,False,0.5256410256410257,0.24050632911392406,0.24050632911392406,False,False,True
CCOC1=C(C=CC(=C1)CC(=O)NC(CC(C)C)C2=CC=CC=C2N3CCCCC3)C(=O)O,CN1C(=C(NC2=CC=CC=N2)O)C(=O)C3=CC=CC=C3S1(=O)=O,0,unreported_twosides_sampled,0.996321439743042,0.9832296091499574,0.9832296091499574,fitted,platt_logistic_regression,0.5027853759154408,1,0.08518868739194348,0.0008396305625524769,0.892527287993283,interaction,1,False,0.2804878048780488,0.62,0.2804878048780488,False,False,True
CC(C)C(C(=O)OCC(CO)OCN1C=NC2=C1NC(=NC2=O)N)N,CCOC(=O)N1CCC(=C2C3=C(CCC4=C2N=CC=C4)C=C(C=C3)Cl)CC1,1,reported_twosides,0.023568641394376755,0.06673669266503876,0.06673669266503876,fitted,platt_logistic_regression,0.5027853759154408,0,0.24511479002745368,0.764063811922754,0.007556675062972292,no_interaction,1,False,0.7307692307692307,0.5892857142857143,0.5892857142857143,False,False,False
CC1CN(CCN1)C2=C(C=C3C(=C2OC)N(C=C(C3=O)C(=O)O)C4CC4)F,CN(C)CCC1=CNC2=C1C=C(C=C2)CC3COC(=O)N3,1,reported_twosides,0.9478254914283752,0.893530500509167,0.893530500509167,fitted,platt_logistic_regression,0.5027853759154408,1,0.33906970858641206,0.016792611251049538,0.6700251889168766,interaction,1,False,0.7230769230769231,0.543859649122807,0.543859649122807,False,False,False
C(CCl)NC(=O)N(CCCl)N=O,CN1C=NC(=C1SC2=NC=NC3=C2NC=N3)[N+](=O)[O-],0,unreported_twosides_sampled,0.007928574457764626,0.031275236725706715,0.031275236725706715,fitted,platt_logistic_regression,0.5027853759154408,0,0.13914745053164448,0.8513853904282116,0.0041981528127623844,no_interaction,1,False,0.2391304347826087,0.25925925925925924,0.2391304347826087,False,False,True
CCOC(=O)N1CCC(=C2C3=C(CCC4=C2N=CC=C4)C=C(C=C3)Cl)CC1,CN1C(=C(NC2=CC=CC=N2)O)C(=O)C3=CC=CC=C3S1(=O)=O,1,reported_twosides,0.17781423032283783,0.2572380444747236,0.2572380444747236,fitted,platt_logistic_regression,0.5027853759154408,0,0.5701481283581996,0.42737195633921077,0.07304785894206549,no_interaction,1,False,0.5892857142857143,0.62,0.5892857142857143,False,False,False
CC12CCC3C(C1CCC2(C#C)O)CCC4=CC(=O)CCC34,CC12CCC3C(C1CCC2O)C(CC4=C3C=CC(=C4)O)CCCCCCCCCS(=O)CCCC(C(F)(F)F)(F)F,0,unreported_twosides_sampled,0.27216431498527527,0.33929466466307984,0.33929466466307984,fitted,platt_logistic_regression,0.5027853759154408,0,0.6405665241515985,0.32997481108312343,0.11922753988245172,no_interaction|interaction,2,True,0.7169811320754716,0.4492753623188406,0.4492753623188406,False,False,False
CC1=C(C(C(=C(N1)C)C(=O)OCC(C)C)C2=CC=CC=C2[N+](=O)[O-])C(=O)OC,CC1CN(CCN1)C2=C(C=C3C(=C2OC)N(C=C(C3=O)C(=O)O)C4CC4)F,0,unreported_twosides_sampled,0.9708828926086426,0.9285243786516009,0.9285243786516009,fitted,platt_logistic_regression,0.5027853759154408,1,0.2574393045209892,0.008396305625524769,0.7548278757346767,interaction,1,False,0.8043478260869565,0.7230769230769231,0.7230769230769231,False,False,False
CC(C)(C)NCC(C1=CC(=C(C=C1)O)CO)O,CCOC1=C(C=CC(=C1)CC(=O)NC(CC(C)C)C2=CC=CC=C2N3CCCCC3)C(=O)O,1,reported_twosides,0.16497176885604858,0.2450004297062262,0.2450004297062262,fitted,platt_logistic_regression,0.5027853759154408,0,0.5567756003321374,0.43912678421494544,0.0688497061293031,no_interaction,1,False,0.5227272727272727,0.2804878048780488,0.2804878048780488,False,False,True
C1=CC(=CC=C1N)S(=O)(=O)C2=CC=C(C=C2)N,C1CC(OC1CO)N2C=NC3=C2NC=NC3=O,1,reported_twosides,0.17807403206825256,0.2574822587354682,0.2574822587354682,fitted,platt_logistic_regression,0.5027853759154408,0,0.5704069306996752,0.42737195633921077,0.07304785894206549,no_interaction,1,False,0.43333333333333335,0.3492063492063492,0.3492063492063492,False,False,True
CN1C=NC(=C1SC2=NC=NC3=C2NC=N3)[N+](=O)[O-],CN1CCC(=C2C3=C(C(=O)CC4=CC=CC=C42)SC=C3)CC1,0,unreported_twosides_sampled,0.6904792785644531,0.6498777685930746,0.6498777685930746,fitted,platt_logistic_regression,0.5027853759154408,1,0.6475222722334809,0.12258606213266163,0.3165407220822838,no_interaction|interaction,2,True,0.25925925925925924,0.3018867924528302,0.25925925925925924,False,False,True
CC1=C(SC=C1)C(=CCCN2CCCC(C2)C(=O)O)C3=C(C=CS3)C,CCC(C)C(=O)OC1CC(C=C2C1C(C(C=C2)C)CCC3CC(CC(=O)O3)O)C,0,unreported_twosides_sampled,0.9960265159606934,0.9822860530863226,0.9822860530863226,fitted,platt_logistic_regression,0.5027853759154408,1,0.08900360668981243,0.0008396305625524769,0.8883291351805206,interaction,1,False,0.26865671641791045,0.7424242424242424,0.26865671641791045,False,False,True
C1=CC(=CC=C1N)S(=O)(=O)C2=CC=C(C=C2)N,CC1=C(SC=C1)C(=CCCN2CCCC(C2)C(=O)O)C3=C(C=CS3)C,0,unreported_twosides_sampled,0.08221416175365448,0.1551856647881952,0.1551856647881952,fitted,platt_logistic_regression,0.5027853759154408,0,0.43159967524170917,0.5751469353484466,0.033585222502099076,no_interaction,1,False,0.43333333333333335,0.26865671641791045,0.26865671641791045,False,False,True
CC(C=CC(C)C(C)(C)O)C1CCC2C1(CCCC2=CC=C3CC(CC(C3)O)O)C,CC1=C(SC=C1)C(=CCCN2CCCC(C2)C(=O)O)C3=C(C=CS3)C,0,unreported_twosides_sampled,0.6405013799667358,0.6122446979776367,0.6122446979776367,fitted,platt_logistic_regression,0.5027853759154408,1,0.6677334087593652,0.14357682619647355,0.2871536523929471,no_interaction|interaction,2,True,0.5625,0.26865671641791045,0.26865671641791045,False,False,True
CC12CCC3C(C1CCC2C(=O)NC4=C(C=CC(=C4)C(F)(F)F)C(F)(F)F)CCC5C3(C=CC(=O)N5)C,CN(C)NN=C1C(=NC=N1)C(=O)N,0,unreported_twosides_sampled,0.023488055914640427,0.06657969450458785,0.06657969450458785,fitted,platt_logistic_regression,0.5027853759154408,0,0.24470044146486414,0.764063811922754,0.007556675062972292,no_interaction,1,False,0.6417910447761194,0.24390243902439024,0.24390243902439024,False,False,True
CC(C)C(CCCN(C)CCC1=CC(=C(C=C1)OC)OC)(C#N)C2=CC(=C(C=C2)OC)OC,CN1C=NC(=C1SC2=NC=NC3=C2NC=N3)[N+](=O)[O-],1,reported_twosides,0.9942834973335266,0.9770809256173784,0.9770809256173784,fitted,platt_logistic_regression,0.5027853759154408,1,0.10919191755518924,0.0025188916876574307,0.8673383711167086,interaction,1,False,0.23529411764705882,0.25925925925925924,0.23529411764705882,False,False,True
CCOC1=C(C=CC(=C1)CC(=O)NC(CC(C)C)C2=CC=CC=C2N3CCCCC3)C(=O)O,CNC(=C[N+](=O)[O-])NCCSCC1=CC=C(O1)CN(C)C,1,reported_twosides,0.18557453155517578,0.26447876027473516,0.26447876027473516,fitted,platt_logistic_regression,0.5027853759154408,0,0.5776896225893965,0.4139378673383711,0.07556675062972293,no_interaction,1,False,0.2804878048780488,0.603448275862069,0.2804878048780488,False,False,True
CC(C)(C)NCC(C1=CC(=C(C=C1)O)CO)O,CC12CCC3C(C1CCC2C(=O)NC4=C(C=CC(=C4)C(F)(F)F)C(F)(F)F)CCC5C3(C=CC(=O)N5)C,1,reported_twosides,0.10420369356870651,0.18145422399186226,0.18145422399186226,fitted,platt_logistic_regression,0.5027853759154408,0,0.47359144685599025,0.5323257766582704,0.037783375314861464,no_interaction,1,False,0.5227272727272727,0.6417910447761194,0.5227272727272727,False,False,False
C1C(C(C(C(C1N)OC2C(C(C(C(O2)CN)O)O)O)O)OC3C(C(C(C(O3)CO)O)N)O)N,C1CN=C(N1)NC2=C(C=CC=C2Cl)Cl,0,unreported_twosides_sampled,0.19094978272914886,0.26943095294970765,0.26943095294970765,fitted,platt_logistic_regression,0.5027853759154408,0,0.5826920312745948,0.40973971452560876,0.07556675062972293,no_interaction,1,False,0.7727272727272727,0.5853658536585366,0.5853658536585366,False,False,False
C1=CC(=C2NC(=C3C=CC=CC3=O)N(N2)C4=CC=C(C=C4)C(=O)O)C(=O)C=C1,CN(C)CCC1=CNC2=C1C=C(C=C2)CC3COC(=O)N3,0,unreported_twosides_sampled,0.12994375824928284,0.20970057441622808,0.20970057441622808,fitted,platt_logistic_regression,0.5027853759154408,0,0.5135596837470946,0.48866498740554154,0.04785894206549118,no_interaction,1,False,0.22033898305084745,0.543859649122807,0.22033898305084745,False,False,True
C1CC(C1)(C(=O)O)C(=O)O.N.N.[Pt],CC1=NN=C2N1C3=C(C=C(C=C3)Cl)C(=NC2)C4=CC=CC=C4,1,reported_twosides,0.2808784544467926,0.34635513850663036,0.34635513850663036,fitted,platt_logistic_regression,0.5027853759154408,0,0.6451610818476893,0.31905961376994124,0.12090680100755667,no_interaction|interaction,2,True,0.26666666666666666,0.7659574468085106,0.26666666666666666,False,False,True
CCN(C)C(=O)OC1=CC=CC(=C1)C(C)N(C)C,CN1C(=C(NC2=CC=CC=N2)O)C(=O)C3=CC=CC=C3S1(=O)=O,0,unreported_twosides_sampled,0.9863417744636536,0.9577187123989815,0.9577187123989815,fitted,platt_logistic_regression,0.5027853759154408,1,0.1751276390195532,0.005877413937867338,0.8136020151133502,interaction,1,False,0.32653061224489793,0.62,0.32653061224489793,False,False,True
CC1CN(CCN1)C2=C(C=C3C(=C2OC)N(C=C(C3=O)C(=O)O)C4CC4)F,CN1C=NC(=C1SC2=NC=NC3=C2NC=N3)[N+](=O)[O-],0,unreported_twosides_sampled,0.9406319260597229,0.8837998198420011,0.8837998198420011,fitted,platt_logistic_regression,0.5027853759154408,1,0.3592851174011369,0.019311502938706968,0.6490344248530646,interaction,1,False,0.7230769230769231,0.25925925925925924,0.25925925925925924,False,False,True
C1CC(C1)CN2CCC34C5C(CCC3(C2CC6=C4C(=C(C=C6)O)O5)O)O,CC(C)C(CCCN(C)CCC1=CC(=C(C=C1)OC)OC)(C#N)C2=CC(=C(C=C2)OC)OC,0,unreported_twosides_sampled,0.19281350076198578,0.2711364137991741,0.2711364137991741,fitted,platt_logistic_regression,0.5027853759154408,0,0.5843858697426821,0.40973971452560876,0.07556675062972293,no_interaction,1,False,0.6451612903225806,0.23529411764705882,0.23529411764705882,False,False,True
CC12CCC3C(C1CCC2(C)O)CCC4C3(COC(=O)C4)C,CC1CC2C3CCC4=CC(=O)C=CC4(C3(C(CC2(C1(C(=O)CO)O)C)O)F)C,1,reported_twosides,0.9950802326202393,0.979390155071287,0.979390155071287,fitted,platt_logistic_regression,0.5027853759154408,1,0.10040312567960483,0.0016792611251049538,0.871536523929471,interaction,1,False,0.31343283582089554,0.8596491228070176,0.31343283582089554,False,False,True
C1=CC(=CC=C1N)S(=O)(=O)C2=CC=C(C=C2)N,CC1=C(C(C(=C(N1)C)C(=O)OCC(C)C)C2=CC=CC=C2[N+](=O)[O-])C(=O)OC,0,unreported_twosides_sampled,0.04718272015452385,0.10707730897582128,0.10707730897582128,fitted,platt_logistic_regression,0.5027853759154408,0,0.34036077662213804,0.6691855583543241,0.016792611251049538,no_interaction,1,False,0.43333333333333335,0.8043478260869565,0.43333333333333335,False,False,False
CC1=NN=C(S1)SCC2=C(N3C(C(C3=O)NC(=O)CN4C=NN=N4)SC2)C(=O)[O-],CNC(=C[N+](=O)[O-])NCCSCC1=CC=C(O1)CN(C)C,1,reported_twosides,0.40063756704330444,0.43818159317251054,0.43818159317251054,fitted,platt_logistic_regression,0.5027853759154408,0,0.6854845576968028,0.25608732157850544,0.17380352644836272,no_interaction|interaction,2,True,0.4574468085106383,0.603448275862069,0.4574468085106383,False,False,False
C1C(OC(S1)CO)N2C=C(C(=NC2=O)N)F,CC1=NN=C2N1C3=C(C=C(C=C3)Cl)C(=NC2)C4=CC=CC=C4,0,unreported_twosides_sampled,0.2504814565181732,0.3214126591601596,0.3214126591601596,fitted,platt_logistic_regression,0.5027853759154408,0,0.627929698283342,0.34844668345927793,0.10999160369437448,no_interaction|interaction,2,True,0.6326530612244898,0.7659574468085106,0.6326530612244898,False,False,False
C1=CC(=CC=C1N)S(=O)(=O)C2=CC=C(C=C2)N,CC(C)(C(=O)O)ON=C(C1=CSC(=N1)N)C(=O)NC2C3N(C2=O)C(=C(CS3)C[N+]4=CC=CC=C4)C(=O)[O-],1,reported_twosides,0.03655954822897911,0.09009756584179489,0.09009756584179489,fitted,platt_logistic_regression,0.5027853759154408,0,0.30276349674175834,0.7136859781696053,0.01595298068849706,no_interaction,1,False,0.43333333333333335,0.6428571428571429,0.43333333333333335,False,False,False
C1C(N(C2=C(N1)NC(=NC2=O)N)C=O)CNC3=CC=C(C=C3)C(=O)NC(CCC(=O)O)C(=O)O,C1CC(OC1CO)N2C=NC3=C2NC=NC3=O,1,reported_twosides,0.9593232274055481,0.9101192366406535,0.9101192366406535,fitted,platt_logistic_regression,0.5027853759154408,1,0.3022618662091105,0.015113350125944584,0.7136859781696053,interaction,1,False,0.5256410256410257,0.3492063492063492,0.3492063492063492,False,False,True
CC12CCC3C(C1CCC2(C)O)CCC4C3(COC(=O)C4)C,CCOC(=O)N1CCC(=C2C3=C(CCC4=C2N=CC=C4)C=C(C=C3)Cl)CC1,0,unreported_twosides_sampled,0.7529610991477966,0.6991059291422866,0.6991059291422866,fitted,platt_logistic_regression,0.5027853759154408,1,0.6116199442134275,0.09907640638119228,0.37531486146095716,interaction,1,False,0.31343283582089554,0.5892857142857143,0.31343283582089554,False,False,True
C1CC(OC1CO)N2C=NC3=C2NC=NC3=O,CC1=NN=C(S1)SCC2=C(N3C(C(C3=O)NC(=O)CN4C=NN=N4)SC2)C(=O)[O-],0,unreported_twosides_sampled,0.958722710609436,0.9092158352771257,0.9092158352771257,fitted,platt_logistic_regression,0.5027853759154408,1,0.3043483497165394,0.01595298068849706,0.7111670864819479,interaction,1,False,0.3492063492063492,0.4574468085106383,0.3492063492063492,False,False,True
CC(C)(C)NCC(C1=CC(=C(C=C1)O)CO)O,CC12CCC3C(C1CCC2(C#C)O)CCC4=CC(=O)CCC34,1,reported_twosides,0.023257197812199593,0.06612892327736979,0.06612892327736979,fitted,platt_logistic_regression,0.5027853759154408,0,0.24350856166554002,0.7674223341729639,0.007556675062972292,no_interaction,1,False,0.5227272727272727,0.7169811320754716,0.5227272727272727,False,False,False
C1CC(OC1CO)N2C=NC3=C2NC=NC3=O,CN1C(=C(NC2=CC=CC=N2)O)C(=O)C3=CC=CC=C3S1(=O)=O,0,unreported_twosides_sampled,0.7329184412956238,0.6829824225628893,0.6829824225628893,fitted,platt_logistic_regression,0.5027853759154408,1,0.6246009191818751,0.10663308144416457,0.3534844668345928,no_interaction|interaction,2,True,0.3492063492063492,0.62,0.3492063492063492,False,False,True
C1=CC(=CC=C1N)S(=O)(=O)C2=CC=C(C=C2)N,CC1CN(CCN1)C2=C(C=C3C(=C2OC)N(C=C(C3=O)C(=O)O)C4CC4)F,0,unreported_twosides_sampled,0.0213438980281353,0.06233304707081099,0.06233304707081099,fitted,platt_logistic_regression,0.5027853759154408,0,0.2333393037430666,0.7741393786733837,0.007556675062972292,no_interaction,1,False,0.43333333333333335,0.7230769230769231,0.43333333333333335,False,False,False
CC1=NN=C2N1C3=C(C=C(C=C3)Cl)C(=NC2)C4=CC=CC=C4,CN1C=NC(=C1SC2=NC=NC3=C2NC=N3)[N+](=O)[O-],1,reported_twosides,0.7305890917778015,0.6811310162317695,0.6811310162317695,fitted,platt_logistic_regression,0.5027853759154408,1,0.6260139882579694,0.10999160369437448,0.3518052057094878,no_interaction|interaction,2,True,0.7659574468085106,0.25925925925925924,0.25925925925925924,False,False,True
C1CC(OC1CO)N2C=NC3=C2NC=NC3=O,CC12CCC3C(C1CCC2(C)O)CCC4C3(COC(=O)C4)C,1,reported_twosides,0.7544586658477783,0.7003254358664764,0.7003254358664764,fitted,platt_logistic_regression,0.5027853759154408,1,0.6105883087262911,0.09739714525608732,0.37531486146095716,interaction,1,False,0.3492063492063492,0.31343283582089554,0.31343283582089554,False,False,True
C(CCl)NC(=O)N(CCCl)N=O,CC1=NN=C2N1C3=C(C=C(C=C3)Cl)C(=NC2)C4=CC=CC=C4,0,unreported_twosides_sampled,0.0015956507995724678,0.010039562324880418,0.010039562324880418,fitted,platt_logistic_regression,0.5027853759154408,0,0.056183249032840894,0.9185558354324097,0.0008396305625524769,no_interaction,1,False,0.2391304347826087,0.7659574468085106,0.2391304347826087,False,False,True
C1=CC(=C2NC(=C3C=CC=CC3=O)N(N2)C4=CC=C(C=C4)C(=O)O)C(=O)C=C1,C[N+](C)(C)CC(CC(=O)O)O,0,unreported_twosides_sampled,0.05935284495353699,0.12492358406542017,0.12492358406542017,fitted,platt_logistic_regression,0.5027853759154408,0,0.3766214360147469,0.6314021830394626,0.022670025188916875,no_interaction,1,False,0.22033898305084745,0.36666666666666664,0.22033898305084745,False,False,True
C1=CC(=C2NC(=C3C=CC=CC3=O)N(N2)C4=CC=C(C=C4)C(=O)O)C(=O)C=C1,C1=CC(=CC=C1N)S(=O)(=O)C2=CC=C(C=C2)N,0,unreported_twosides_sampled,0.04800758138298988,0.10833549887970818,0.10833549887970818,fitted,platt_logistic_regression,0.5027853759154408,0,0.3430210830149994,0.6658270361041142,0.016792611251049538,no_interaction,1,False,0.22033898305084745,0.43333333333333335,0.22033898305084745,False,False,True
CC(C)C(C(=O)OCC(CO)OCN1C=NC2=C1NC(=NC2=O)N)N,CCCCC(=O)N(CC1=CC=C(C=C1)C2=CC=CC=C2C3=NNN=N3)C(C(C)C)C(=O)O,1,reported_twosides,0.5609618425369263,0.554177047329045,0.554177047329045,fitted,platt_logistic_regression,0.5027853759154408,1,0.6872653345320303,0.17884130982367757,0.24769101595298068,no_interaction|interaction,2,True,0.7307692307692307,0.4533333333333333,0.4533333333333333,False,False,False
C1CC(OC1CO)N2C=NC3=C2NC=NC3=O,CC1(C(N2C(S1)C(C2=O)NC(=O)C(C3=CC=CC=C3)N)C(=O)[O-])C,0,unreported_twosides_sampled,0.27557963132858276,0.3420699736075772,0.3420699736075772,fitted,platt_logistic_regression,0.5027853759154408,0,0.642398941538635,0.3266162888329135,0.1200671704450042,no_interaction|interaction,2,True,0.3492063492063492,0.6119402985074627,0.3492063492063492,False,False,True
CCOC(=O)N1CCC(=C2C3=C(CCC4=C2N=CC=C4)C=C(C=C3)Cl)CC1,CN(C)CCC1=CNC2=C1C=C(C=C2)CC3COC(=O)N3,1,reported_twosides,0.6166067719459534,0.5946225164225629,0.5946225164225629,fitted,platt_logistic_regression,0.5027853759154408,1,0.6751318931179935,0.15113350125944586,0.27120067170445006,no_interaction|interaction,2,True,0.5892857142857143,0.543859649122807,0.543859649122807,False,False,False
C1CC(C1)(C(=O)O)C(=O)O.N.N.[Pt],CC12CCC3C(C1CCC2O)C(CC4=C3C=CC(=C4)O)CCCCCCCCCS(=O)CCCC(C(F)(F)F)(F)F,1,reported_twosides,0.3729890286922455,0.41764801118327805,0.41764801118327805,fitted,platt_logistic_regression,0.5027853759154408,0,0.6795214805140359,0.2619647355163728,0.15785054575986565,no_interaction|interaction,2,True,0.26666666666666666,0.4492753623188406,0.26666666666666666,False,False,True
CCCCC(=O)N(CC1=CC=C(C=C1)C2=CC=CC=C2C3=NNN=N3)C(C(C)C)C(=O)O,CN1CCC23C=CC(CC2OC4=C(C=CC(=C34)C1)OC)O,0,unreported_twosides_sampled,0.9999399185180664,0.9991193984993977,0.9991193984993977,fitted,platt_logistic_regression,0.5027853759154408,1,0.007075161874357566,0.0008396305625524769,0.9882451721242653,interaction,1,False,0.4533333333333333,0.375,0.375,False,False,True
C1=CC(=C2NC(=C3C=CC=CC3=O)N(N2)C4=CC=C(C=C4)C(=O)O)C(=O)C=C1,CCC(C)C(=O)OC1CC(C=C2C1C(C(C=C2)C)CCC3CC(CC(=O)O3)O)C,0,unreported_twosides_sampled,0.9968596696853638,0.9850123401049535,0.9850123401049535,fitted,platt_logistic_regression,0.5027853759154408,1,0.07783086595890779,0.0008396305625524769,0.9000839630562553,interaction,1,False,0.22033898305084745,0.7424242424242424,0.22033898305084745,False,False,True
CC(C)(C)NCC(C1=CC(=C(C=C1)O)CO)O,CC(C=CC(C)C(C)(C)O)C1CCC2C1(CCCC2=CC=C3CC(CC(C3)O)O)C,1,reported_twosides,0.35353779792785645,0.4030079235201592,0.4030079235201592,fitted,platt_logistic_regression,0.5027853759154408,0,0.6742124414810873,0.2753988245172124,0.15113350125944586,no_interaction|interaction,2,True,0.5227272727272727,0.5625,0.5227272727272727,False,False,False
CC(C)C(CCCN(C)CCC1=CC(=C(C=C1)OC)OC)(C#N)C2=CC(=C(C=C2)OC)OC,CCCN1CC(CC2C1CC3=CNC4=CC=CC2=C34)CSC,0,unreported_twosides_sampled,0.046654101461172104,0.10626685622384208,0.10626685622384208,fitted,platt_logistic_regression,0.5027853759154408,0,0.33863840517874455,0.670864819479429,0.016792611251049538,no_interaction,1,False,0.23529411764705882,0.42168674698795183,0.23529411764705882,False,False,True
CN(C)CCC1=CNC2=C1C=C(C=C2)CC3COC(=O)N3,COC1=C(C=C(C=C1)C2=CC3=C(C=C2)C=C(C=C3)C(=O)O)C45CC6CC(C4)CC(C6)C5,1,reported_twosides,0.16278961300849915,0.24288727495045462,0.24288727495045462,fitted,platt_logistic_regression,0.5027853759154408,0,0.5543852411778487,0.4424853064651553,0.06465155331654072,no_interaction,1,False,0.543859649122807,0.288135593220339,0.288135593220339,False,False,True
C1CC(C1)(C(=O)O)C(=O)O.N.N.[Pt],CCOC(=O)N1CCC(=C2C3=C(CCC4=C2N=CC=C4)C=C(C=C3)Cl)CC1,1,reported_twosides,0.016740668565034866,0.05269757637179321,0.05269757637179321,fitted,platt_logistic_regression,0.5027853759154408,0,0.20638276406452363,0.7909319899244333,0.006717044500419815,no_interaction,1,False,0.26666666666666666,0.5892857142857143,0.26666666666666666,False,False,True
CCCCC(=O)N(CC1=CC=C(C=C1)C2=CC=CC=C2C3=NNN=N3)C(C(C)C)C(=O)O,CN(C)NN=C1C(=NC=N1)C(=O)N,1,reported_twosides,0.19734887778759003,0.27526256416766515,0.27526256416766515,fitted,platt_logistic_regression,0.5027853759154408,0,0.5884231343486187,0.40470193115029385,0.07724601175482787,no_interaction,1,False,0.4533333333333333,0.24390243902439024,0.24390243902439024,False,False,True
CC1=NN=C(S1)SCC2=C(N3C(C(C3=O)NC(=O)CN4C=NN=N4)SC2)C(=O)[O-],CC1C2C(C(=O)N2C(=C1SC3CC(NC3)C(=O)NC4=CC=CC(=C4)C(=O)O)C(=O)O)C(C)O,0,unreported_twosides_sampled,0.9992172718048096,0.9944403356436075,0.9944403356436075,fitted,platt_logistic_regression,0.5027853759154408,1,0.03441116748952901,0.0008396305625524769,0.9395465994962217,interaction,1,False,0.4574468085106383,0.23529411764705882,0.23529411764705882,False,False,True
C1CC(C1)(C(=O)O)C(=O)O.N.N.[Pt],CCOC(=O)C(CCC1=CC=CC=C1)NC(C)C(=O)N2C3CCCCC3CC2C(=O)O,0,unreported_twosides_sampled,0.9992885589599609,0.9948078157748153,0.9948078157748153,fitted,platt_logistic_regression,0.5027853759154408,1,0.03249269002742277,0.0008396305625524769,0.9429051217464316,interaction,1,False,0.26666666666666666,0.9636363636363636,0.26666666666666666,False,False,True
CC1C2C(C(=O)N2C(=C1SC3CC(NC3)C(=O)NC4=CC=CC(=C4)C(=O)O)C(=O)O)C(C)O,CN1CCC(=C2C3=C(C(=O)CC4=CC=CC=C42)SC=C3)CC1,0,unreported_twosides_sampled,0.3875247538089752,0.4284797258202544,0.4284797258202544,fitted,platt_logistic_regression,0.5027853759154408,0,0.6828817062934776,0.2577665827036104,0.16288832913518053,no_interaction|interaction,2,True,0.23529411764705882,0.3018867924528302,0.23529411764705882,False,False,True
CC(=O)OCC(=O)C12C(CC3C1(CC(C4(C3CC(C5=CC(=O)C=CC54C)F)F)O)C)OC(O2)(C)C,CC1CC2C3CCC4=CC(=O)C=CC4(C3(C(CC2(C1(C(=O)CO)O)C)O)F)C,1,reported_twosides,0.17880965769290924,0.2581730562716274,0.2581730562716274,fitted,platt_logistic_regression,0.5027853759154408,0,0.5711373042886202,0.4256926952141058,0.07388748950461797,no_interaction,1,False,0.8059701492537313,0.8596491228070176,0.8059701492537313,False,False,False
C1C(N(C2=C(N1)NC(=NC2=O)N)C=O)CNC3=CC=C(C=C3)C(=O)NC(CCC(=O)O)C(=O)O,CC(C)(C(=O)O)ON=C(C1=CSC(=N1)N)C(=O)NC2C3N(C2=O)C(=C(CS3)C[N+]4=CC=CC=C4)C(=O)[O-],1,reported_twosides,0.09950671344995499,0.1760313090694504,0.1760313090694504,fitted,platt_logistic_regression,0.5027853759154408,0,0.46532190721946515,0.5424013434089001,0.03526448362720403,no_interaction,1,False,0.5256410256410257,0.6428571428571429,0.5256410256410257,False,False,False
CC1=C(C(C(=C(N1)C)C(=O)OCC(C)C)C2=CC=CC=C2[N+](=O)[O-])C(=O)OC,CCCN1CC(CC2C1CC3=CNC4=CC=CC2=C34)CSC,0,unreported_twosides_sampled,0.23708918690681458,0.31011947118294064,0.31011947118294064,fitted,platt_logistic_regression,0.5027853759154408,0,0.6191962222626538,0.3593618807724601,0.10243492863140219,no_interaction|interaction,2,True,0.8043478260869565,0.42168674698795183,0.42168674698795183,False,False,False
C1C(N(C2=C(N1)NC(=NC2=O)N)C=O)CNC3=CC=C(C=C3)C(=O)NC(CCC(=O)O)C(=O)O,COC1=C(C=C(C=C1)C2=CC3=C(C=C2)C=C(C=C3)C(=O)O)C45CC6CC(C4)CC(C6)C5,0,unreported_twosides_sampled,0.0857977494597435,0.15962981930641132,0.15962981930641132,fitted,platt_logistic_regression,0.5027853759154408,0,0.439055525264997,0.5726280436607892,0.03526448362720403,no_interaction,1,False,0.5256410256410257,0.288135593220339,0.288135593220339,False,False,True
CC(C)C(C(=O)OCC(CO)OCN1C=NC2=C1NC(=NC2=O)N)N,CC1CC2C3CCC4=CC(=O)C=CC4(C3(C(CC2(C1(C(=O)CO)O)C)O)F)C,0,unreported_twosides_sampled,0.6472964882850647,0.6172940768098512,0.6172940768098512,fitted,platt_logistic_regression,0.5027853759154408,1,0.6653732815451044,0.14273719563392107,0.28883291351805207,no_interaction|interaction,2,True,0.7307692307692307,0.8596491228070176,0.7307692307692307,False,False,False
CC1CC2C3CCC4=CC(=O)C=CC4(C3(C(CC2(C1(C(=O)CO)O)C)O)F)C,CCOC(=O)N1CCC(=C2C3=C(CCC4=C2N=CC=C4)C=C(C=C3)Cl)CC1,1,reported_twosides,0.15419499576091766,0.2344619633601084,0.2344619633601084,fitted,platt_logistic_regression,0.5027853759154408,0,0.5446118252899727,0.45424013434089,0.060453400503778336,no_interaction,1,False,0.8596491228070176,0.5892857142857143,0.5892857142857143,False,False,False
C1CC(OC1CO)N2C=NC3=C2NC=NC3=O,CC(=O)OCC(=O)C12C(CC3C1(CC(C4(C3CC(C5=CC(=O)C=CC54C)F)F)O)C)OC(O2)(C)C,0,unreported_twosides_sampled,0.03843766823410988,0.09321474999317432,0.09321474999317432,fitted,platt_logistic_regression,0.5027853759154408,0,0.3099131530205365,0.7036104114189756,0.01595298068849706,no_interaction,1,False,0.3492063492063492,0.8059701492537313,0.3492063492063492,False,False,True
CN1C=NC(=C1SC2=NC=NC3=C2NC=N3)[N+](=O)[O-],CN1CC(=O)N2C(C1=O)CC3=C(C2C4=CC5=C(C=C4)OCO5)NC6=CC=CC=C36,0,unreported_twosides_sampled,0.6885619759559631,0.6484102773417858,0.6484102773417858,fitted,platt_logistic_regression,0.5027853759154408,1,0.6484251892319246,0.12258606213266163,0.3165407220822838,no_interaction|interaction,2,True,0.25925925925925924,0.24050632911392406,0.24050632911392406,False,False,True
C(CCl)NC(=O)N(CCCl)N=O,CN1CC(=O)N2C(C1=O)CC3=C(C2C4=CC5=C(C=C4)OCO5)NC6=CC=CC=C36,0,unreported_twosides_sampled,0.0482967346906662,0.10877472153493788,0.10877472153493788,fitted,platt_logistic_regression,0.5027853759154408,0,0.3439459042283152,0.6649874055415617,0.016792611251049538,no_interaction,1,False,0.2391304347826087,0.24050632911392406,0.2391304347826087,False,False,True
CN(C)CCC1=CNC2=C1C=C(C=C2)CC3COC(=O)N3,CN1C(=C(NC2=CC=CC=N2)O)C(=O)C3=CC=CC=C3S1(=O)=O,0,unreported_twosides_sampled,0.9759736657142639,0.9373950989610759,0.9373950989610759,fitted,platt_logistic_regression,0.5027853759154408,1,0.2340756421322606,0.007556675062972292,0.7741393786733837,interaction,1,False,0.543859649122807,0.62,0.543859649122807,False,False,False
C1CC(C1)(C(=O)O)C(=O)O.N.N.[Pt],CC1=C(SC=C1)C(=CCCN2CCCC(C2)C(=O)O)C3=C(C=CS3)C,0,unreported_twosides_sampled,0.2924462556838989,0.3556266772617891,0.3556266772617891,fitted,platt_logistic_regression,0.5027853759154408,0,0.6508603614183296,0.3131821998320739,0.12594458438287154,no_interaction|interaction,2,True,0.26666666666666666,0.26865671641791045,0.26666666666666666,False,False,True
CC(C)C(CCCN(C)CCC1=CC(=C(C=C1)OC)OC)(C#N)C2=CC(=C(C=C2)OC)OC,CC1CN(CCN1)C2=C(C=C3C(=C2OC)N(C=C(C3=O)C(=O)O)C4CC4)F,1,reported_twosides,0.8837094306945801,0.8176194343338704,0.8176194343338704,fitted,platt_logistic_regression,0.5027853759154408,1,0.4749841197055088,0.03946263643996641,0.5323257766582704,interaction,1,False,0.23529411764705882,0.7230769230769231,0.23529411764705882,False,False,True
C1CC(OC1CO)N2C=NC3=C2NC=NC3=O,CCCN1CC(CC2C1CC3=CNC4=CC=CC2=C34)CSC,0,unreported_twosides_sampled,0.05653697997331619,0.12092200272971565,0.12092200272971565,fitted,platt_logistic_regression,0.5027853759154408,0,0.3687580011486628,0.6397984886649875,0.020990764063811923,no_interaction,1,False,0.3492063492063492,0.42168674698795183,0.3492063492063492,False,False,True
CCCCC(=O)N(CC1=CC=C(C=C1)C2=CC=CC=C2C3=NNN=N3)C(C(C)C)C(=O)O,CN1C(=C(NC2=CC=CC=N2)O)C(=O)C3=CC=CC=C3S1(=O)=O,1,reported_twosides,0.9985848665237427,0.991508310134757,0.991508310134757,fitted,platt_logistic_regression,0.5027853759154408,1,0.04894957639085372,0.0008396305625524769,0.9269521410579346,interaction,1,False,0.4533333333333333,0.62,0.4533333333333333,False,False,False
CC(=O)OCC(=O)C12C(CC3C1(CC(C4(C3CC(C5=CC(=O)C=CC54C)F)F)O)C)OC(O2)(C)C,CCCCC(=O)N(CC1=CC=C(C=C1)C2=CC=CC=C2C3=NNN=N3)C(C(C)C)C(=O)O,0,unreported_twosides_sampled,0.3724023103713989,0.41720895232032795,0.41720895232032795,fitted,platt_logistic_regression,0.5027853759154408,0,0.6793751251814757,0.2619647355163728,0.1570109151973132,no_interaction|interaction,2,True,0.8059701492537313,0.4533333333333333,0.4533333333333333,False,False,False
CCCC1(CC(=O)C(=C(O1)O)C(CC)C2=CC(=CC=C2)NS(=O)(=O)C3=NC=C(C=C3)C(F)(F)F)CCC4=CC=CC=C4,CN1C=NC(=C1SC2=NC=NC3=C2NC=N3)[N+](=O)[O-],0,unreported_twosides_sampled,0.967793345451355,0.9233949238386056,0.9233949238386056,fitted,platt_logistic_regression,0.5027853759154408,1,0.27039845784822847,0.0109151973131822,0.7439126784214946,interaction,1,False,0.2247191011235955,0.25925925925925924,0.2247191011235955,False,False,True
CC(=O)OCC(=O)C12C(CC3C1(CC(C4(C3CC(C5=CC(=O)C=CC54C)F)F)O)C)OC(O2)(C)C,CC12CCC3C(C1CCC2(C#C)O)CCC4=CC(=O)CCC34,0,unreported_twosides_sampled,0.006076920311897993,0.025935911030662413,0.025935911030662413,fitted,platt_logistic_regression,0.5027853759154408,0,0.12031786357499612,0.8639798488664987,0.0033585222502099076,no_interaction,1,False,0.8059701492537313,0.7169811320754716,0.7169811320754716,False,False,False
CC12CCC3C(C1CCC2(C#C)O)CCC4=CC(=O)CCC34,CC1=C(C(C(=C(N1)C)C(=O)OCC(C)C)C2=CC=CC=C2[N+](=O)[O-])C(=O)OC,0,unreported_twosides_sampled,0.5863032937049866,0.5725158657912067,0.5725158657912067,fitted,platt_logistic_regression,0.5027853759154408,1,0.682592895415691,0.16204869857262805,0.2577665827036104,no_interaction|interaction,2,True,0.7169811320754716,0.8043478260869565,0.7169811320754716,False,False,False
CC1=NN=C(S1)SCC2=C(N3C(C(C3=O)NC(=O)CN4C=NN=N4)SC2)C(=O)[O-],CCN(C)C(=O)OC1=CC=CC(=C1)C(C)N(C)C,0,unreported_twosides_sampled,0.9993048906326294,0.9948934654844205,0.9948934654844205,fitted,platt_logistic_regression,0.5027853759154408,1,0.03204185292469742,0.0008396305625524769,0.9429051217464316,interaction,1,False,0.4574468085106383,0.32653061224489793,0.32653061224489793,False,False,True
C1=CC(=CC=C1N)S(=O)(=O)C2=CC=C(C=C2)N,CC1C2C(C(=O)N2C(=C1SC3CC(NC3)C(=O)NC4=CC=CC(=C4)C(=O)O)C(=O)O)C(C)O,0,unreported_twosides_sampled,0.8485622406005859,0.7826389189486638,0.7826389189486638,fitted,platt_logistic_regression,0.5027853759154408,1,0.5235476207532536,0.051217464315701094,0.47523089840470195,interaction,1,False,0.43333333333333335,0.23529411764705882,0.23529411764705882,False,False,True
C1CC(OC1CO)N2C=NC3=C2NC=NC3=O,CC1=C(C(=O)C2=CC=CC=C2C1=O)CC=C(C)CCCC(C)CCCC(C)CCCC(C)C,0,unreported_twosides_sampled,0.371715784072876,0.4166950136635061,0.4166950136635061,fitted,platt_logistic_regression,0.5027853759154408,0,0.6792028023159428,0.2619647355163728,0.1570109151973132,no_interaction|interaction,2,True,0.3492063492063492,0.22058823529411764,0.22058823529411764,False,False,True
CC1CC2C3CCC4=CC(=O)C=CC4(C3(C(CC2(C1(C(=O)CO)O)C)O)F)C,CN1C=NC(=C1SC2=NC=NC3=C2NC=N3)[N+](=O)[O-],1,reported_twosides,0.1898096799850464,0.2683847582190704,0.2683847582190704,fitted,platt_logistic_regression,0.5027853759154408,0,0.5816456573589557,0.40973971452560876,0.07556675062972293,no_interaction,1,False,0.8596491228070176,0.25925925925925924,0.25925925925925924,False,False,True
C1CC(OC1CO)N2C=NC3=C2NC=NC3=O,CC1CC2C3CCC4=CC(=O)C=CC4(C3(C(CC2(C1(C(=O)CO)O)C)O)F)C,1,reported_twosides,0.15318112075328827,0.23345688175711535,0.23345688175711535,fitted,platt_logistic_regression,0.5027853759154408,0,0.5434197099146066,0.45591939546599497,0.060453400503778336,no_interaction,1,False,0.3492063492063492,0.8596491228070176,0.3492063492063492,False,False,True
CC12CCC3C(C1CCC2O)C(CC4=C3C=CC(=C4)O)CCCCCCCCCS(=O)CCCC(C(F)(F)F)(F)F,CN1CC(=O)N2C(C1=O)CC3=C(C2C4=CC5=C(C=C4)OCO5)NC6=CC=CC=C36,0,unreported_twosides_sampled,0.3879236876964569,0.42877581649860463,0.42877581649860463,fitted,platt_logistic_regression,0.5027853759154408,0,0.6829668181568822,0.2577665827036104,0.163727959697733,no_interaction|interaction,2,True,0.4492753623188406,0.24050632911392406,0.24050632911392406,False,False,True
CC1C2C(C(=O)N2C(=C1SC3CC(NC3)C(=O)NC4=CC=CC(=C4)C(=O)O)C(=O)O)C(C)O,CCN(C)C(=O)OC1=CC=CC(=C1)C(C)N(C)C,0,unreported_twosides_sampled,0.9999239444732666,0.9989567767755858,0.9989567767755858,fitted,platt_logistic_regression,0.5027853759154408,1,0.008204865440447797,0.0008396305625524769,0.9857262804366079,interaction,1,False,0.23529411764705882,0.32653061224489793,0.23529411764705882,False,False,True
C1C(OC(S1)CO)N2C=C(C(=NC2=O)N)F,CN1C(=C(NC2=CC=CC=N2)O)C(=O)C3=CC=CC=C3S1(=O)=O,0,unreported_twosides_sampled,0.8852728009223938,0.8192553565738003,0.8192553565738003,fitted,platt_logistic_regression,0.5027853759154408,1,0.4725207486504446,0.037783375314861464,0.5356842989084802,interaction,1,False,0.6326530612244898,0.62,0.62,False,False,False
C1C(OC(S1)CO)N2C=C(C(=NC2=O)N)F,C1CC(OC1CO)N2C=NC3=C2NC=NC3=O,1,reported_twosides,0.9485211372375488,0.8944955314744658,0.8944955314744658,fitted,platt_logistic_regression,0.5027853759154408,1,0.3370118693704207,0.016792611251049538,0.672544080604534,interaction,1,False,0.6326530612244898,0.3492063492063492,0.3492063492063492,False,False,True
CC12CCC3C(C1CCC2C(=O)NC4=C(C=CC(=C4)C(F)(F)F)C(F)(F)F)CCC5C3(C=CC(=O)N5)C,CNC(=C[N+](=O)[O-])NCCSCC1=CC=C(O1)CN(C)C,1,reported_twosides,0.01877816952764988,0.05705856153978775,0.05705856153978775,fitted,platt_logistic_regression,0.5027853759154408,0,0.2187961448611072,0.781696053736356,0.006717044500419815,no_interaction,1,False,0.6417910447761194,0.603448275862069,0.603448275862069,False,False,False
C1CN=C(N1)NC2=C(C=CC=C2Cl)Cl,CCCN1CC(CC2C1CC3=CNC4=CC=CC2=C34)CSC,0,unreported_twosides_sampled,0.8728295564651489,0.8064404782574585,0.8064404782574585,fitted,platt_logistic_regression,0.5027853759154408,1,0.4913433384884664,0.04450041981528128,0.5146935348446684,interaction,1,False,0.5853658536585366,0.42168674698795183,0.42168674698795183,False,False,False
C1=CC(=CC=C1N)S(=O)(=O)C2=CC=C(C=C2)N,CCCCC(=O)N(CC1=CC=C(C=C1)C2=CC=CC=C2C3=NNN=N3)C(C(C)C)C(=O)O,1,reported_twosides,0.028620311990380287,0.07624565054651666,0.07624565054651666,fitted,platt_logistic_regression,0.5027853759154408,0,0.2695027915331155,0.7439126784214946,0.0109151973131822,no_interaction,1,False,0.43333333333333335,0.4533333333333333,0.43333333333333335,False,False,False
C1CN=C(N1)NC2=C(C=CC=C2Cl)Cl,CC1CC2C3CCC4=CC(=O)C=CC4(C3(C(CC2(C1(C(=O)CO)O)C)O)F)C,1,reported_twosides,0.9748079180717468,0.9353126345182637,0.9353126345182637,fitted,platt_logistic_regression,0.5027853759154408,1,0.23967476281948907,0.007556675062972292,0.7691015952980689,interaction,1,False,0.5853658536585366,0.8596491228070176,0.5853658536585366,False,False,False
CC(C)(C)NCC(C1=CC(=C(C=C1)O)CO)O,CN1C=NC(=C1SC2=NC=NC3=C2NC=N3)[N+](=O)[O-],1,reported_twosides,0.8263537883758545,0.7619825646611675,0.7619825646611675,fitted,platt_logistic_regression,0.5027853759154408,1,0.5487838714603039,0.061293031066330814,0.4508816120906801,interaction,1,False,0.5227272727272727,0.25925925925925924,0.25925925925925924,False,False,True
CC1=C(C(=O)C2=CC=CC=C2C1=O)CC=C(C)CCCC(C)CCCC(C)CCCC(C)C,CC1=NN=C(S1)SCC2=C(N3C(C(C3=O)NC(=O)CN4C=NN=N4)SC2)C(=O)[O-],1,reported_twosides,0.5624110102653503,0.5552230798378861,0.5552230798378861,fitted,platt_logistic_regression,0.5027853759154408,1,0.6870355425771275,0.17548278757346766,0.24853064651553317,no_interaction|interaction,2,True,0.22058823529411764,0.4574468085106383,0.22058823529411764,False,False,True
CCOC(=O)C(CCC1=CC=CC=C1)NC(C)C(=O)N2C3CCCCC3CC2C(=O)O,CN1C=NC(=C1SC2=NC=NC3=C2NC=N3)[N+](=O)[O-],0,unreported_twosides_sampled,0.9951796531677246,0.9796859782873625,0.9796859782873625,fitted,platt_logistic_regression,0.5027853759154408,1,0.0992587265996822,0.0016792611251049538,0.8723761544920235,interaction,1,False,0.9636363636363636,0.25925925925925924,0.25925925925925924,False,False,True
C1CC(OC1CO)N2C=NC3=C2NC=NC3=O,CCN(C)C(=O)OC1=CC=CC(=C1)C(C)N(C)C,0,unreported_twosides_sampled,0.9808142185211182,0.9464286393224964,0.9464286393224964,fitted,platt_logistic_regression,0.5027853759154408,1,0.2088995621178815,0.006717044500419815,0.7900923593618808,interaction,1,False,0.3492063492063492,0.32653061224489793,0.32653061224489793,False,False,True
C1C(N(C2=C(N1)NC(=NC2=O)N)C=O)CNC3=CC=C(C=C3)C(=O)NC(CCC(=O)O)C(=O)O,CCC(C)C(=O)OC1CC(C=C2C1C(C(C=C2)C)CCC3CC(CC(=O)O3)O)C,1,reported_twosides,0.9993834495544434,0.9953138787764299,0.9953138787764299,fitted,platt_logistic_regression,0.5027853759154408,1,0.029807495534081217,0.0008396305625524769,0.947103274559194,interaction,1,False,0.5256410256410257,0.7424242424242424,0.5256410256410257,False,False,False
CC1=C(C(=O)C2=CC=CC=C2C1=O)CC=C(C)CCCC(C)CCCC(C)CCCC(C)C,CCCC1(CC(=O)C(=C(O1)O)C(CC)C2=CC(=CC=C2)NS(=O)(=O)C3=NC=C(C=C3)C(F)(F)F)CCC4=CC=CC=C4,0,unreported_twosides_sampled,0.37473413348197937,0.41895304597016797,0.41895304597016797,fitted,platt_logistic_regression,0.5027853759154408,0,0.6799518209499391,0.26028547439126787,0.15785054575986565,no_interaction|interaction,2,True,0.22058823529411764,0.2247191011235955,0.22058823529411764,False,False,True
C1C(OC(S1)CO)N2C=C(C(=NC2=O)N)F,CC(C)(C)NCC(C1=CC(=C(C=C1)O)CO)O,1,reported_twosides,0.12976036965847015,0.2095071243694797,0.2095071243694797,fitted,platt_logistic_regression,0.5027853759154408,0,0.5133029145999328,0.48866498740554154,0.04785894206549118,no_interaction,1,False,0.6326530612244898,0.5227272727272727,0.5227272727272727,False,False,False
CC(C)(C)NCC(C1=CC(=C(C=C1)O)CO)O,C[N+](C)(C)CC(CC(=O)O)O,0,unreported_twosides_sampled,0.008592423982918262,0.03309161284221088,0.03309161284221088,fitted,platt_logistic_regression,0.5027853759154408,0,0.14532989282934472,0.8446683459277917,0.0041981528127623844,no_interaction,1,False,0.5227272727272727,0.36666666666666664,0.36666666666666664,False,False,True
CC1=C(C(=O)C2=CC=CC=C2C1=O)CC=C(C)CCCC(C)CCCC(C)CCCC(C)C,CCOC(=O)N1CCC(=C2C3=C(CCC4=C2N=CC=C4)C=C(C=C3)Cl)CC1,1,reported_twosides,0.5986186265945435,0.5814724467037972,0.5814724467037972,fitted,platt_logistic_regression,0.5027853759154408,1,0.6798122820110256,0.15785054575986565,0.26028547439126787,no_interaction|interaction,2,True,0.22058823529411764,0.5892857142857143,0.22058823529411764,False,False,True
CC12CCC3C(C1CCC2(C#C)O)CCC4=CC(=O)CCC34,CCCCC(=O)N(CC1=CC=C(C=C1)C2=CC=CC=C2C3=NNN=N3)C(C(C)C)C(=O)O,1,reported_twosides,0.7266150712966919,0.6779824870040662,0.6779824870040662,fitted,platt_logistic_regression,0.5027853759154408,1,0.6283808594930314,0.11083123425692695,0.34844668345927793,no_interaction|interaction,2,True,0.7169811320754716,0.4533333333333333,0.4533333333333333,False,False,False
CCCCC(=O)N(CC1=CC=C(C=C1)C2=CC=CC=C2C3=NNN=N3)C(C(C)C)C(=O)O,CCOC(=O)C(CCC1=CC=CC=C1)NC(C)C(=O)N2C3CCCCC3CC2C(=O)O,1,reported_twosides,0.9996629953384399,0.9969611326015272,0.9969611326015272,fitted,platt_logistic_regression,0.5027853759154408,1,0.020648342505733865,0.0008396305625524769,0.963056255247691,interaction,1,False,0.4533333333333333,0.9636363636363636,0.4533333333333333,False,False,False
CC(C)(C)NCC(C1=CC(=C(C=C1)O)CO)O,CCCN1CC(CC2C1CC3=CNC4=CC=CC2=C34)CSC,0,unreported_twosides_sampled,0.03031487576663494,0.0793036489333339,0.0793036489333339,fitted,platt_logistic_regression,0.5027853759154408,0,0.27706533784972814,0.7363560033585222,0.0109151973131822,no_interaction,1,False,0.5227272727272727,0.42168674698795183,0.42168674698795183,False,False,False
CC(C)(C)NCC(C1=CC(=C(C=C1)O)CO)O,CCN(C)C(=O)OC1=CC=CC(=C1)C(C)N(C)C,1,reported_twosides,0.45348769426345825,0.47676983860291366,0.47676983860291366,fitted,platt_logistic_regression,0.5027853759154408,0,0.6920675111448888,0.22837951301427373,0.19311502938706968,no_interaction|interaction,2,True,0.5227272727272727,0.32653061224489793,0.32653061224489793,False,False,True
CC1=NN=C2N1C3=C(C=C(C=C3)Cl)C(=NC2)C4=CC=CC=C4,CN1CCC23C=CC(CC2OC4=C(C=CC(=C34)C1)OC)O,1,reported_twosides,0.9778152704238892,0.9407543781255601,0.9407543781255601,fitted,platt_logistic_regression,0.5027853759154408,1,0.2248867594366845,0.006717044500419815,0.7766582703610412,interaction,1,False,0.7659574468085106,0.375,0.375,False,False,True
CC12CCC3C(C1CCC2C(=O)NC4=C(C=CC(=C4)C(F)(F)F)C(F)(F)F)CCC5C3(C=CC(=O)N5)C,CC1=C(SC=C1)C(=CCCN2CCCC(C2)C(=O)O)C3=C(C=CS3)C,0,unreported_twosides_sampled,0.06163598224520683,0.1281177249631698,0.1281177249631698,fitted,platt_logistic_regression,0.5027853759154408,0,0.38279285133532825,0.6246851385390428,0.022670025188916875,no_interaction,1,False,0.6417910447761194,0.26865671641791045,0.26865671641791045,False,False,True
CC(C)(C(=O)O)ON=C(C1=CSC(=N1)N)C(=O)NC2C3N(C2=O)C(=C(CS3)C[N+]4=CC=CC=C4)C(=O)[O-],CC1(C(N2C(S1)C(C2=O)NC(=O)C(C3=CC=CC=C3)N)C(=O)[O-])C,1,reported_twosides,0.05244503542780876,0.11497588958253832,0.11497588958253832,fitted,platt_logistic_regression,0.5027853759154408,0,0.3567938144759008,0.653232577665827,0.019311502938706968,no_interaction,1,False,0.6428571428571429,0.6119402985074627,0.6119402985074627,False,False,False
CC1=NN=C2N1C3=C(C=C(C=C3)Cl)C(=NC2)C4=CC=CC=C4,CNC(=C[N+](=O)[O-])NCCSCC1=CC=C(O1)CN(C)C,1,reported_twosides,0.09153775870800018,0.16660755754731285,0.16660755754731285,fitted,platt_logistic_regression,0.5027853759154408,0,0.4504660638294595,0.5575146935348446,0.03526448362720403,no_interaction,1,False,0.7659574468085106,0.603448275862069,0.603448275862069,False,False,False
CC(C)C(CCCN(C)CCC1=CC(=C(C=C1)OC)OC)(C#N)C2=CC(=C(C=C2)OC)OC,CC12CCC3C(C1CCC2(C#C)O)CCC4=CC(=O)CCC34,0,unreported_twosides_sampled,0.12108083069324493,0.20023176707702467,0.20023176707702467,fitted,platt_logistic_regression,0.5027853759154408,0,0.5007235531163299,0.5020990764063812,0.04534005037783375,no_interaction,1,False,0.23529411764705882,0.7169811320754716,0.23529411764705882,False,False,True
CC(C)(C)NCC(C1=CC(=C(C=C1)O)CO)O,CN1C(=C(NC2=CC=CC=N2)O)C(=O)C3=CC=CC=C3S1(=O)=O,1,reported_twosides,0.9894590377807617,0.964731755594675,0.964731755594675,fitted,platt_logistic_regression,0.5027853759154408,1,0.15260312412799992,0.0041981528127623844,0.8371116708648195,interaction,1,False,0.5227272727272727,0.62,0.5227272727272727,False,False,False
CC(C)C(CCCN(C)CCC1=CC(=C(C=C1)OC)OC)(C#N)C2=CC(=C(C=C2)OC)OC,CN1CCC23C=CC(CC2OC4=C(C=CC(=C34)C1)OC)O,1,reported_twosides,0.9996569156646729,0.9969218980935507,0.9969218980935507,fitted,platt_logistic_regression,0.5027853759154408,1,0.020875383947578447,0.0008396305625524769,0.961376994122586,interaction,1,False,0.23529411764705882,0.375,0.23529411764705882,False,False,True
CC(C)C(C(=O)OCC(CO)OCN1C=NC2=C1NC(=NC2=O)N)N,CC12CCC3C(C1CCC2(C)O)CCC4C3(COC(=O)C4)C,1,reported_twosides,0.8998497128486633,0.8349084112793348,0.8349084112793348,fitted,platt_logistic_regression,0.5027853759154408,1,0.4480172649511679,0.03526448362720403,0.5617128463476071,interaction,1,False,0.7307692307692307,0.31343283582089554,0.31343283582089554,False,False,True
CC1CN(CCN1)C2=C(C=C3C(=C2OC)N(C=C(C3=O)C(=O)O)C4CC4)F,CCOC1=C(C=CC(=C1)CC(=O)NC(CC(C)C)C2=CC=CC=C2N3CCCCC3)C(=O)O,1,reported_twosides,0.9840160608291626,0.9528167952754216,0.9528167952754216,fitted,platt_logistic_regression,0.5027853759154408,1,0.19013631293623967,0.005877413937867338,0.8018471872376155,interaction,1,False,0.7230769230769231,0.2804878048780488,0.2804878048780488,False,False,True
C1CN=C(N1)NC2=C(C=CC=C2Cl)Cl,CC1(C(N2C(S1)C(C2=O)NC(=O)C(C3=CC=CC=C3)N)C(=O)[O-])C,0,unreported_twosides_sampled,0.9616516828536987,0.9136662134383967,0.9136662134383967,fitted,platt_logistic_regression,0.5027853759154408,1,0.2939724602790509,0.012594458438287154,0.7237615449202351,interaction,1,False,0.5853658536585366,0.6119402985074627,0.5853658536585366,False,False,False
CC1=NN=C2N1C3=C(C=C(C=C3)Cl)C(=NC2)C4=CC=CC=C4,CCCC1(CC(=O)C(=C(O1)O)C(CC)C2=CC(=CC=C2)NS(=O)(=O)C3=NC=C(C=C3)C(F)(F)F)CCC4=CC=CC=C4,0,unreported_twosides_sampled,0.25396597385406494,0.32431854942789434,0.32431854942789434,fitted,platt_logistic_regression,0.5027853759154408,0,0.63008190588673,0.3459277917716205,0.11083123425692695,no_interaction|interaction,2,True,0.7659574468085106,0.2247191011235955,0.2247191011235955,False,False,True
C1C(N(C2=C(N1)NC(=NC2=O)N)C=O)CNC3=CC=C(C=C3)C(=O)NC(CCC(=O)O)C(=O)O,CCCCC(=O)N(CC1=CC=C(C=C1)C2=CC=CC=C2C3=NNN=N3)C(C(C)C)C(=O)O,1,reported_twosides,0.9720868468284607,0.9305721936041573,0.9305721936041573,fitted,platt_logistic_regression,0.5027853759154408,1,0.25215633882555244,0.008396305625524769,0.7598656591099916,interaction,1,False,0.5256410256410257,0.4533333333333333,0.4533333333333333,False,False,False
C1CC(C1)(C(=O)O)C(=O)O.N.N.[Pt],CC(C)(C)NCC(C1=CC(=C(C=C1)O)CO)O,1,reported_twosides,0.5748608112335205,0.5642219876375559,0.5642219876375559,fitted,platt_logistic_regression,0.5027853759154408,1,0.6848754205509449,0.1704450041981528,0.25608732157850544,no_interaction|interaction,2,True,0.26666666666666666,0.5227272727272727,0.26666666666666666,False,False,True
CC(C)(C(=O)O)ON=C(C1=CSC(=N1)N)C(=O)NC2C3N(C2=O)C(=C(CS3)C[N+]4=CC=CC=C4)C(=O)[O-],CC(C)C(C(=O)OCC(CO)OCN1C=NC2=C1NC(=NC2=O)N)N,0,unreported_twosides_sampled,0.10200654715299606,0.17892907237459696,0.17892907237459696,fitted,platt_logistic_regression,0.5027853759154408,0,0.4697656972462285,0.5365239294710328,0.037783375314861464,no_interaction,1,False,0.6428571428571429,0.7307692307692307,0.6428571428571429,False,False,False
C1CC(C1)(C(=O)O)C(=O)O.N.N.[Pt],CCOC1=C(C=CC(=C1)CC(=O)NC(CC(C)C)C2=CC=CC=C2N3CCCCC3)C(=O)O,0,unreported_twosides_sampled,0.604370653629303,0.5856679801964485,0.5856679801964485,fitted,platt_logistic_regression,0.5027853759154408,1,0.6783965034961279,0.15533165407220823,0.2653232577665827,no_interaction|interaction,2,True,0.26666666666666666,0.2804878048780488,0.26666666666666666,False,False,True
CC1=NN=C2N1C3=C(C=C(C=C3)Cl)C(=NC2)C4=CC=CC=C4,CC1CN(CCN1)C2=C(C=C3C(=C2OC)N(C=C(C3=O)C(=O)O)C4CC4)F,1,reported_twosides,0.28059396147727966,0.3461256953413902,0.3461256953413902,fitted,platt_logistic_regression,0.5027853759154408,0,0.6450152463248342,0.31905961376994124,0.12090680100755667,no_interaction|interaction,2,True,0.7659574468085106,0.7230769230769231,0.7230769230769231,False,False,False
C(CCl)NC(=O)N(CCCl)N=O,CNC(=C[N+](=O)[O-])NCCSCC1=CC=C(O1)CN(C)C,1,reported_twosides,0.0004196675436105579,0.0038614509789655638,0.0038614509789655638,fitted,platt_logistic_regression,0.5027853759154408,0,0.0253109579772839,0.9546599496221663,0.0008396305625524769,no_interaction,1,False,0.2391304347826087,0.603448275862069,0.2391304347826087,False,False,True
C1CC(C1)CN2CCC34C5C(CCC3(C2CC6=C4C(=C(C=C6)O)O5)O)O,C[N+](C)(C)CC(CC(=O)O)O,0,unreported_twosides_sampled,0.0075241075828671455,0.030145284575190265,0.030145284575190265,fitted,platt_logistic_regression,0.5027853759154408,0,0.13524682959354192,0.852225020990764,0.0033585222502099076,no_interaction,1,False,0.6451612903225806,0.36666666666666664,0.36666666666666664,False,False,True
C1CN=C(N1)NC2=C(C=CC=C2Cl)Cl,CC12CCC3C(C1CCC2(C)O)CCC4C3(COC(=O)C4)C,0,unreported_twosides_sampled,0.9952067732810974,0.979766991916018,0.979766991916018,fitted,platt_logistic_regression,0.5027853759154408,1,0.09894455908944325,0.0016792611251049538,0.8740554156171285,interaction,1,False,0.5853658536585366,0.31343283582089554,0.31343283582089554,False,False,True
CCC(C)C(=O)OC1CC(C=C2C1C(C(C=C2)C)CCC3CC(CC(=O)O3)O)C,CCCN1CC(CC2C1CC3=CNC4=CC=CC2=C34)CSC,1,reported_twosides,0.6494097709655762,0.6188682434159878,0.6188682434159878,fitted,platt_logistic_regression,0.5027853759154408,1,0.664615458711653,0.1418975650713686,0.28967254408060455,no_interaction|interaction,2,True,0.7424242424242424,0.42168674698795183,0.42168674698795183,False,False,False
CCOC(=O)N1CCC(=C2C3=C(CCC4=C2N=CC=C4)C=C(C=C3)Cl)CC1,CN1C=NC(=C1SC2=NC=NC3=C2NC=N3)[N+](=O)[O-],1,reported_twosides,0.0819857195019722,0.15489995899053244,0.15489995899053244,fitted,platt_logistic_regression,0.5027853759154408,0,0.4311152368301141,0.5751469353484466,0.033585222502099076,no_interaction,1,False,0.5892857142857143,0.25925925925925924,0.25925925925925924,False,False,True
CC1CN(CCN1)C2=C(C=C3C(=C2OC)N(C=C(C3=O)C(=O)O)C4CC4)F,CCCC1(CC(=O)C(=C(O1)O)C(CC)C2=CC(=CC=C2)NS(=O)(=O)C3=NC=C(C=C3)C(F)(F)F)CCC4=CC=CC=C4,0,unreported_twosides_sampled,0.8955305218696594,0.8301912308884647,0.8301912308884647,fitted,platt_logistic_regression,0.5027853759154408,1,0.45558286249198277,0.03526448362720403,0.5533165407220823,interaction,1,False,0.7230769230769231,0.2247191011235955,0.2247191011235955,False,False,True
C1C(C(C(C(C1N)OC2C(C(C(C(O2)CN)O)O)O)O)OC3C(C(C(C(O3)CO)O)N)O)N,CCC(C)C(=O)OC1CC(C=C2C1C(C(C=C2)C)CCC3CC(CC(=O)O3)O)C,0,unreported_twosides_sampled,0.6759017109870911,0.6387725098099579,0.6387725098099579,fitted,platt_logistic_regression,0.5027853759154408,1,0.6541211804403415,0.12930310663308145,0.30730478589420657,no_interaction|interaction,2,True,0.7727272727272727,0.7424242424242424,0.7424242424242424,False,False,False
C1CC(C1)(C(=O)O)C(=O)O.N.N.[Pt],CC1(C(N2C(S1)C(C2=O)NC(=O)C(C3=CC=CC=C3)N)C(=O)[O-])C,0,unreported_twosides_sampled,0.5499562621116638,0.546241242489362,0.546241242489362,fitted,platt_logistic_regression,0.5027853759154408,1,0.6888645584286823,0.18052057094878254,0.23845507976490343,no_interaction|interaction,2,True,0.26666666666666666,0.6119402985074627,0.26666666666666666,False,False,True
C1C(C(C(C(C1N)OC2C(C(C(C(O2)CN)O)O)O)O)OC3C(C(C(C(O3)CO)O)N)O)N,CNC(=C[N+](=O)[O-])NCCSCC1=CC=C(O1)CN(C)C,0,unreported_twosides_sampled,0.022435158491134644,0.06451141806638293,0.06451141806638293,fitted,platt_logistic_regression,0.5027853759154408,0,0.23920449580961695,0.7691015952980689,0.007556675062972292,no_interaction,1,False,0.7727272727272727,0.603448275862069,0.603448275862069,False,False,False
CC(C)(C(=O)O)ON=C(C1=CSC(=N1)N)C(=O)NC2C3N(C2=O)C(=C(CS3)C[N+]4=CC=CC=C4)C(=O)[O-],C[N+](C)(C)CC(CC(=O)O)O,0,unreported_twosides_sampled,0.00114125304389745,0.007902968148541927,0.007902968148541927,fitted,platt_logistic_regression,0.5027853759154408,0,0.046126107789454,0.9269521410579346,0.0008396305625524769,no_interaction,1,False,0.6428571428571429,0.36666666666666664,0.36666666666666664,False,False,True
CC12CCC3C(C1CCC2C(=O)NC4=C(C=CC(=C4)C(F)(F)F)C(F)(F)F)CCC5C3(C=CC(=O)N5)C,CC1=NN=C2N1C3=C(C=C(C=C3)Cl)C(=NC2)C4=CC=CC=C4,1,reported_twosides,0.056518975645303726,0.1208961877630153,0.1208961877630153,fitted,platt_logistic_regression,0.5027853759154408,0,0.3687067881443145,0.6397984886649875,0.020990764063811923,no_interaction,1,False,0.6417910447761194,0.7659574468085106,0.6417910447761194,False,False,False
C1CC(C1)(C(=O)O)C(=O)O.N.N.[Pt],CN1CC(=O)N2C(C1=O)CC3=C(C2C4=CC5=C(C=C4)OCO5)NC6=CC=CC=C36,0,unreported_twosides_sampled,0.9985929131507874,0.9915428305149047,0.9915428305149047,fitted,platt_logistic_regression,0.5027853759154408,1,0.04878518371017643,0.0008396305625524769,0.9269521410579346,interaction,1,False,0.26666666666666666,0.24050632911392406,0.24050632911392406,False,False,True
CC(=O)OCC(=O)C12C(CC3C1(CC(C4(C3CC(C5=CC(=O)C=CC54C)F)F)O)C)OC(O2)(C)C,CCC(C)C(=O)OC1CC(C=C2C1C(C(C=C2)C)CCC3CC(CC(=O)O3)O)C,0,unreported_twosides_sampled,0.39273104071617126,0.4323391618756853,0.4323391618756853,fitted,platt_logistic_regression,0.5027853759154408,0,0.6839630518360049,0.25692695214105793,0.16876574307304787,no_interaction|interaction,2,True,0.8059701492537313,0.7424242424242424,0.7424242424242424,False,False,False
CC(C)C(C(=O)OCC(CO)OCN1C=NC2=C1NC(=NC2=O)N)N,CC(C)C(CCCN(C)CCC1=CC(=C(C=C1)OC)OC)(C#N)C2=CC(=C(C=C2)OC)OC,0,unreported_twosides_sampled,0.07810839265584946,0.15000487016275663,0.15000487016275663,fitted,platt_logistic_regression,0.5027853759154408,0,0.4227175355024356,0.5885810243492863,0.0327455919395466,no_interaction,1,False,0.7307692307692307,0.23529411764705882,0.23529411764705882,False,False,True
CC(C)C(C(=O)OCC(CO)OCN1C=NC2=C1NC(=NC2=O)N)N,CN1CC(=O)N2C(C1=O)CC3=C(C2C4=CC5=C(C=C4)OCO5)NC6=CC=CC=C36,0,unreported_twosides_sampled,0.4699805676937103,0.48869168025122417,0.48869168025122417,fitted,platt_logistic_regression,0.5027853759154408,0,0.6928914025606587,0.2174643157010915,0.20151133501259447,no_interaction|interaction,2,True,0.7307692307692307,0.24050632911392406,0.24050632911392406,False,False,True
CC(=O)OCC(=O)C12C(CC3C1(CC(C4(C3CC(C5=CC(=O)C=CC54C)F)F)O)C)OC(O2)(C)C,CC1=NN=C2N1C3=C(C=C(C=C3)Cl)C(=NC2)C4=CC=CC=C4,1,reported_twosides,0.014477872289717197,0.04764412748979207,0.04764412748979207,fitted,platt_logistic_regression,0.5027853759154408,0,0.1915192076023552,0.8018471872376155,0.005877413937867338,no_interaction,1,False,0.8059701492537313,0.7659574468085106,0.7659574468085106,False,False,False
C1CC(OC1CO)N2C=NC3=C2NC=NC3=O,CN1CC(=O)N2C(C1=O)CC3=C(C2C4=CC5=C(C=C4)OCO5)NC6=CC=CC=C36,1,reported_twosides,0.9492107033729553,0.8954566085512359,0.8954566085512359,fitted,platt_logistic_regression,0.5027853759154408,1,0.33495265390744866,0.016792611251049538,0.6742233417296389,interaction,1,False,0.3492063492063492,0.24050632911392406,0.24050632911392406,False,False,True
CC(=O)OCC(=O)C12C(CC3C1(CC(C4(C3CC(C5=CC(=O)C=CC54C)F)F)O)C)OC(O2)(C)C,CCCN1CC(CC2C1CC3=CNC4=CC=CC2=C34)CSC,0,unreported_twosides_sampled,0.001561385695822537,0.009885282914657546,0.009885282914657546,fitted,platt_logistic_regression,0.5027853759154408,0,0.05547372842148214,0.9193954659949622,0.0008396305625524769,no_interaction,1,False,0.8059701492537313,0.42168674698795183,0.42168674698795183,False,False,False
C1C(N(C2=C(N1)NC(=NC2=O)N)C=O)CNC3=CC=C(C=C3)C(=O)NC(CCC(=O)O)C(=O)O,CC(C)C(C(=O)OCC(CO)OCN1C=NC2=C1NC(=NC2=O)N)N,0,unreported_twosides_sampled,0.4746744930744171,0.49207781160133024,0.49207781160133024,fitted,platt_logistic_regression,0.5027853759154408,0,0.693021653169434,0.2141057934508816,0.20570948782535683,no_interaction|interaction,2,True,0.5256410256410257,0.7307692307692307,0.5256410256410257,False,False,False
C1CC(C1)(C(=O)O)C(=O)O.N.N.[Pt],C1CN=C(N1)NC2=C(C=CC=C2Cl)Cl,1,reported_twosides,0.997876763343811,0.988656919899766,0.988656919899766,fitted,platt_logistic_regression,0.5027853759154408,1,0.06208583051624032,0.0008396305625524769,0.9093198992443325,interaction,1,False,0.26666666666666666,0.5853658536585366,0.26666666666666666,False,False,True
CC12CCC3C(C1CCC2(C#C)O)CCC4=CC(=O)CCC34,COC1=C(C=C(C=C1)C2=CC3=C(C=C2)C=C(C=C3)C(=O)O)C45CC6CC(C4)CC(C6)C5,0,unreported_twosides_sampled,0.06965240836143494,0.13900660904828457,0.13900660904828457,fitted,platt_logistic_regression,0.5027853759154408,0,0.4031560861786194,0.600335852225021,0.02938706968933669,no_interaction,1,False,0.7169811320754716,0.288135593220339,0.288135593220339,False,False,True
C1CN=C(N1)NC2=C(C=CC=C2Cl)Cl,C[N+](C)(C)CC(CC(=O)O)O,1,reported_twosides,0.12186316400766373,0.20107770604823963,0.20107770604823963,fitted,platt_logistic_regression,0.5027853759154408,0,0.5018928166987722,0.5020990764063812,0.04534005037783375,no_interaction,1,False,0.5853658536585366,0.36666666666666664,0.36666666666666664,False,False,True
CC1=C(C(C(=C(N1)C)C(=O)OCC(C)C)C2=CC=CC=C2[N+](=O)[O-])C(=O)OC,CC1CC2C3CCC4=CC(=O)C=CC4(C3(C(CC2(C1(C(=O)CO)O)C)O)F)C,1,reported_twosides,0.9773804545402527,0.939953195712588,0.939953195712588,fitted,platt_logistic_regression,0.5027853759154408,1,0.22709628673436694,0.007556675062972292,0.7758186397984886,interaction,1,False,0.8043478260869565,0.8596491228070176,0.8043478260869565,False,False,False
C1=CC(=C2NC(=C3C=CC=CC3=O)N(N2)C4=CC=C(C=C4)C(=O)O)C(=O)C=C1,C1CN=C(N1)NC2=C(C=CC=C2Cl)Cl,0,unreported_twosides_sampled,0.9815639853477478,0.9478914040560611,0.9478914040560611,fitted,platt_logistic_regression,0.5027853759154408,1,0.2046776839977028,0.006717044500419815,0.7926112510495382,interaction,1,False,0.22033898305084745,0.5853658536585366,0.22033898305084745,False,False,True
CC1(C(N2C(S1)C(C2=O)NC(=O)C(C3=CC=CC=C3)N)C(=O)[O-])C,CC1=C(C(=O)C2=CC=CC=C2C1=O)CC=C(C)CCCC(C)CCCC(C)CCCC(C)C,0,unreported_twosides_sampled,0.14580842852592468,0.22607324339617682,0.22607324339617682,fitted,platt_logistic_regression,0.5027853759154408,0,0.5344878889767443,0.4651553316540722,0.056255247691015954,no_interaction,1,False,0.6119402985074627,0.22058823529411764,0.22058823529411764,False,False,True
C1CN=C(N1)NC2=C(C=CC=C2Cl)Cl,CC(=O)OCC(=O)C12C(CC3C1(CC(C4(C3CC(C5=CC(=O)C=CC54C)F)F)O)C)OC(O2)(C)C,1,reported_twosides,0.015666626393795013,0.05032876122701508,0.05032876122701508,fitted,platt_logistic_regression,0.5027853759154408,0,0.19948212534640392,0.797649034424853,0.006717044500419815,no_interaction,1,False,0.5853658536585366,0.8059701492537313,0.5853658536585366,False,False,False
C1C(N(C2=C(N1)NC(=NC2=O)N)C=O)CNC3=CC=C(C=C3)C(=O)NC(CCC(=O)O)C(=O)O,CC12CCC3C(C1CCC2C(=O)NC4=C(C=CC(=C4)C(F)(F)F)C(F)(F)F)CCC5C3(C=CC(=O)N5)C,1,reported_twosides,0.030208894982933998,0.07911415017011918,0.07911415017011918,fitted,platt_logistic_regression,0.5027853759154408,0,0.2766004699501162,0.7363560033585222,0.0109151973131822,no_interaction,1,False,0.5256410256410257,0.6417910447761194,0.5256410256410257,False,False,False
CC(C)(C(=O)O)ON=C(C1=CSC(=N1)N)C(=O)NC2C3N(C2=O)C(=C(CS3)C[N+]4=CC=CC=C4)C(=O)[O-],CCC(C)C(=O)OC1CC(C=C2C1C(C(C=C2)C)CCC3CC(CC(=O)O3)O)C,0,unreported_twosides_sampled,0.8350722193717957,0.7699786035233028,0.7699786035233028,fitted,platt_logistic_regression,0.5027853759154408,1,0.5393021938071229,0.05793450881612091,0.4609571788413098,interaction,1,False,0.6428571428571429,0.7424242424242424,0.6428571428571429,False,False,False
C1CC(C1)CN2CCC34C5C(CCC3(C2CC6=C4C(=C(C=C6)O)O5)O)O,CN1CCC23C=CC(CC2OC4=C(C=CC(=C34)C1)OC)O,0,unreported_twosides_sampled,0.3221316337585449,0.37895025322759107,0.37895025322759107,fitted,platt_logistic_regression,0.5027853759154408,0,0.6635478854163864,0.29135180520570947,0.1385390428211587,no_interaction|interaction,2,True,0.6451612903225806,0.375,0.375,False,False,True
C1CC(C1)(C(=O)O)C(=O)O.N.N.[Pt],CN1C(=C(NC2=CC=CC=N2)O)C(=O)C3=CC=CC=C3S1(=O)=O,0,unreported_twosides_sampled,0.9967737793922424,0.9847220992939907,0.9847220992939907,fitted,platt_logistic_regression,0.5027853759154408,1,0.07904281257919699,0.0008396305625524769,0.9000839630562553,interaction,1,False,0.26666666666666666,0.62,0.26666666666666666,False,False,True
C1C(C(C(C(C1N)OC2C(C(C(C(O2)CN)O)O)O)O)OC3C(C(C(C(O3)CO)O)N)O)N,CC1=NN=C2N1C3=C(C=C(C=C3)Cl)C(=NC2)C4=CC=CC=C4,0,unreported_twosides_sampled,0.11784613132476807,0.19671229186541128,0.19671229186541128,fitted,platt_logistic_regression,0.5027853759154408,0,0.4958107740235413,0.5079764903442485,0.04534005037783375,no_interaction,1,False,0.7727272727272727,0.7659574468085106,0.7659574468085106,False,False,False
C1CC(OC1CO)N2C=NC3=C2NC=NC3=O,CCCCC(=O)N(CC1=CC=C(C=C1)C2=CC=CC=C2C3=NNN=N3)C(C(C)C)C(=O)O,1,reported_twosides,0.9485215544700623,0.8944961116323458,0.8944961116323458,fitted,platt_logistic_regression,0.5027853759154408,1,0.33701062927734016,0.016792611251049538,0.672544080604534,interaction,1,False,0.3492063492063492,0.4533333333333333,0.3492063492063492,False,False,True
C1CC(C1)CN2CCC34C5C(CCC3(C2CC6=C4C(=C(C=C6)O)O5)O)O,CC1=C(SC=C1)C(=CCCN2CCCC(C2)C(=O)O)C3=C(C=CS3)C,0,unreported_twosides_sampled,0.139349564909935,0.21949116732577573,0.21949116732577573,fitted,platt_logistic_regression,0.5027853759154408,0,0.5262631942060789,0.4727120067170445,0.054575986565911,no_interaction,1,False,0.6451612903225806,0.26865671641791045,0.26865671641791045,False,False,True
CC12CCC3C(C1CCC2O)C(CC4=C3C=CC(=C4)O)CCCCCCCCCS(=O)CCCC(C(F)(F)F)(F)F,CCCCC(=O)N(CC1=CC=C(C=C1)C2=CC=CC=C2C3=NNN=N3)C(C(C)C)C(=O)O,1,reported_twosides,0.9360513687133789,0.8778185767053929,0.8778185767053929,fitted,platt_logistic_regression,0.5027853759154408,1,0.37124891038887475,0.0218303946263644,0.6364399664147775,interaction,1,False,0.4492753623188406,0.4533333333333333,0.4492753623188406,False,False,False
CC12CCC3C(C1CCC2C(=O)NC4=C(C=CC(=C4)C(F)(F)F)C(F)(F)F)CCC5C3(C=CC(=O)N5)C,CN(C)CCC1=CNC2=C1C=C(C=C2)CC3COC(=O)N3,0,unreported_twosides_sampled,0.07750125229358673,0.14923031519355778,0.14923031519355778,fitted,platt_logistic_regression,0.5027853759154408,0,0.42137166525238234,0.5885810243492863,0.0327455919395466,no_interaction,1,False,0.6417910447761194,0.543859649122807,0.543859649122807,False,False,False
C1=CC(=C2NC(=C3C=CC=CC3=O)N(N2)C4=CC=C(C=C4)C(=O)O)C(=O)C=C1,CCOC(=O)N1CCC(=C2C3=C(CCC4=C2N=CC=C4)C=C(C=C3)Cl)CC1,1,reported_twosides,0.017256850376725197,0.0538181980889895,0.0538181980889895,fitted,platt_logistic_regression,0.5027853759154408,0,0.20960780042483526,0.7900923593618808,0.006717044500419815,no_interaction,1,False,0.22033898305084745,0.5892857142857143,0.22033898305084745,False,False,True
CC1CC2C3CCC4=CC(=O)C=CC4(C3(C(CC2(C1(C(=O)CO)O)C)O)F)C,CCCN1CC(CC2C1CC3=CNC4=CC=CC2=C34)CSC,0,unreported_twosides_sampled,0.012875482439994812,0.04390890812777287,0.04390890812777287,fitted,platt_logistic_regression,0.5027853759154408,0,0.18017383896707515,0.8110831234256927,0.005877413937867338,no_interaction,1,False,0.8596491228070176,0.42168674698795183,0.42168674698795183,False,False,False
CC1(C(N2C(S1)C(C2=O)NC(=O)C(C3=CC=CC=C3)N)C(=O)[O-])C,CCOC(=O)N1CCC(=C2C3=C(CCC4=C2N=CC=C4)C=C(C=C3)Cl)CC1,0,unreported_twosides_sampled,0.004018090665340424,0.019360630219558986,0.019360630219558986,fitted,platt_logistic_regression,0.5027853759154408,0,0.09554026194524737,0.8799328295549959,0.0008396305625524769,no_interaction,1,False,0.6119402985074627,0.5892857142857143,0.5892857142857143,False,False,False
CC1=C(C(C(=C(N1)C)C(=O)OCC(C)C)C2=CC=CC=C2[N+](=O)[O-])C(=O)OC,CN1CCC23C=CC(CC2OC4=C(C=CC(=C34)C1)OC)O,0,unreported_twosides_sampled,0.9999681711196899,0.9994422961267946,0.9994422961267946,fitted,platt_logistic_regression,0.5027853759154408,1,0.004735688635311488,0.0008396305625524769,0.9958018471872376,interaction,1,False,0.8043478260869565,0.375,0.375,False,False,True
C1CN=C(N1)NC2=C(C=CC=C2Cl)Cl,CC12CCC3C(C1CCC2C(=O)NC4=C(C=CC(=C4)C(F)(F)F)C(F)(F)F)CCC5C3(C=CC(=O)N5)C,1,reported_twosides,0.2918224632740021,0.3551295165865489,0.3551295165865489,fitted,platt_logistic_regression,0.5027853759154408,0,0.6505643113241038,0.3131821998320739,0.12594458438287154,no_interaction|interaction,2,True,0.5853658536585366,0.6417910447761194,0.5853658536585366,False,False,False
CCN(C)C(=O)OC1=CC=CC(=C1)C(C)N(C)C,COC1=C(C=C(C=C1)C2=CC3=C(C=C2)C=C(C=C3)C(=O)O)C45CC6CC(C4)CC(C6)C5,0,unreported_twosides_sampled,0.09321709722280502,0.16861804113941087,0.16861804113941087,fitted,platt_logistic_regression,0.5027853759154408,0,0.4536881591584851,0.5541561712846348,0.03526448362720403,no_interaction,1,False,0.32653061224489793,0.288135593220339,0.288135593220339,False,False,True
CCCN1CC(CC2C1CC3=CNC4=CC=CC2=C34)CSC,CN(C)CCC1=CNC2=C1C=C(C=C2)CC3COC(=O)N3,0,unreported_twosides_sampled,0.07954335957765579,0.15182674172710697,0.15182674172710697,fitted,platt_logistic_regression,0.5027853759154408,0,0.4258647131902383,0.5818639798488665,0.033585222502099076,no_interaction,1,False,0.42168674698795183,0.543859649122807,0.42168674698795183,False,False,False
CC1=NN=C2N1C3=C(C=C(C=C3)Cl)C(=NC2)C4=CC=CC=C4,CN1C(=C(NC2=CC=CC=N2)O)C(=O)C3=CC=CC=C3S1(=O)=O,1,reported_twosides,0.5681638717651367,0.5593784308909915,0.5593784308909915,fitted,platt_logistic_regression,0.5027853759154408,1,0.686078915230337,0.1746431570109152,0.25356842989084805,no_interaction|interaction,2,True,0.7659574468085106,0.62,0.62,False,False,False
CC12CCC3C(C1CCC2(C#C)O)CCC4=CC(=O)CCC34,CCOC(=O)N1CCC(=C2C3=C(CCC4=C2N=CC=C4)C=C(C=C3)Cl)CC1,1,reported_twosides,0.03765972703695297,0.09193020207672209,0.09193020207672209,fitted,platt_logistic_regression,0.5027853759154408,0,0.3069810056970521,0.7086481947942905,0.01595298068849706,no_interaction,1,False,0.7169811320754716,0.5892857142857143,0.5892857142857143,False,False,False
C1CC(OC1CO)N2C=NC3=C2NC=NC3=O,CN1CCC23C=CC(CC2OC4=C(C=CC(=C34)C1)OC)O,0,unreported_twosides_sampled,0.9854492545127869,0.9558081768289358,0.9558081768289358,fitted,platt_logistic_regression,0.5027853759154408,1,0.1810444741646004,0.005877413937867338,0.8102434928631402,interaction,1,False,0.3492063492063492,0.375,0.3492063492063492,False,False,True
CC1CN(CCN1)C2=C(C=C3C(=C2OC)N(C=C(C3=O)C(=O)O)C4CC4)F,CCCCC(=O)N(CC1=CC=C(C=C1)C2=CC=CC=C2C3=NNN=N3)C(C(C)C)C(=O)O,1,reported_twosides,0.9984982013702393,0.9911400405260409,0.9911400405260409,fitted,platt_logistic_regression,0.5027853759154408,1,0.05069465002931872,0.0008396305625524769,0.924433249370277,interaction,1,False,0.7230769230769231,0.4533333333333333,0.4533333333333333,False,False,False
C(CCl)NC(=O)N(CCCl)N=O,CN(C)NN=C1C(=NC=N1)C(=O)N,1,reported_twosides,7.947488484205678e-05,0.0011692166417938035,0.0011692166417938035,fitted,platt_logistic_regression,0.5027853759154408,0,0.009062406971057214,0.9832073887489504,0.0008396305625524769,no_interaction,1,False,0.2391304347826087,0.24390243902439024,0.2391304347826087,False,False,True
CC1=C(C(=O)C2=CC=CC=C2C1=O)CC=C(C)CCCC(C)CCCC(C)CCCC(C)C,CCC(C)C(=O)OC1CC(C=C2C1C(C(C=C2)C)CCC3CC(CC(=O)O3)O)C,0,unreported_twosides_sampled,0.9106321930885315,0.8470104594069556,0.8470104594069556,fitted,platt_logistic_regression,0.5027853759154408,1,0.42785988942294884,0.033585222502099076,0.5801847187237615,interaction,1,False,0.22058823529411764,0.7424242424242424,0.22058823529411764,False,False,True
C1=CC(=C2NC(=C3C=CC=CC3=O)N(N2)C4=CC=C(C=C4)C(=O)O)C(=O)C=C1,CN1C(=C(NC2=CC=CC=N2)O)C(=O)C3=CC=CC=C3S1(=O)=O,0,unreported_twosides_sampled,0.6039882302284241,0.5853887789848542,0.5853887789848542,fitted,platt_logistic_regression,0.5027853759154408,1,0.6784929703505258,0.15533165407220823,0.2653232577665827,no_interaction|interaction,2,True,0.22033898305084745,0.62,0.22033898305084745,False,False,True
CCCN1CC(CC2C1CC3=CNC4=CC=CC2=C34)CSC,CN1CCC23C=CC(CC2OC4=C(C=CC(=C34)C1)OC)O,0,unreported_twosides_sampled,0.2528461217880249,0.3233860631086375,0.3233860631086375,fitted,platt_logistic_regression,0.5027853759154408,0,0.6293954801099828,0.34760705289672544,0.11083123425692695,no_interaction|interaction,2,True,0.42168674698795183,0.375,0.375,False,False,True
CC(C)C(C(=O)OCC(CO)OCN1C=NC2=C1NC(=NC2=O)N)N,CC1=NN=C2N1C3=C(C=C(C=C3)Cl)C(=NC2)C4=CC=CC=C4,0,unreported_twosides_sampled,0.20128509402275085,0.2788166810038837,0.2788166810038837,fitted,platt_logistic_regression,0.5027853759154408,0,0.5918322422600426,0.40218303946263645,0.07808564231738035,no_interaction,1,False,0.7307692307692307,0.7659574468085106,0.7307692307692307,False,False,False
C(CCl)NC(=O)N(CCCl)N=O,CN1CCC23C=CC(CC2OC4=C(C=CC(=C34)C1)OC)O,0,unreported_twosides_sampled,0.2893092632293701,0.3531233278713435,0.3531233278713435,fitted,platt_logistic_regression,0.5027853759154408,0,0.6493586907200519,0.3148614609571788,0.12342569269521411,no_interaction|interaction,2,True,0.2391304347826087,0.375,0.2391304347826087,False,False,True
C1CC(OC1CO)N2C=NC3=C2NC=NC3=O,CCOC(=O)N1CCC(=C2C3=C(CCC4=C2N=CC=C4)C=C(C=C3)Cl)CC1,1,reported_twosides,0.011665155179798603,0.040987392478444774,0.040987392478444774,fitted,platt_logistic_regression,0.5027853759154408,0,0.1710695384827179,0.8219983207388749,0.005037783375314861,no_interaction,1,False,0.3492063492063492,0.5892857142857143,0.3492063492063492,False,False,True
CC12CCC3C(C1CCC2O)C(CC4=C3C=CC(=C4)O)CCCCCCCCCS(=O)CCCC(C(F)(F)F)(F)F,CCCN1CC(CC2C1CC3=CNC4=CC=CC2=C34)CSC,0,unreported_twosides_sampled,0.06952355802059174,0.138835339056238,0.138835339056238,fitted,platt_logistic_regression,0.5027853759154408,0,0.40284364156804364,0.6020151133501259,0.028547439126784216,no_interaction,1,False,0.4492753623188406,0.42168674698795183,0.42168674698795183,False,False,False
C1C(N(C2=C(N1)NC(=NC2=O)N)C=O)CNC3=CC=C(C=C3)C(=O)NC(CCC(=O)O)C(=O)O,CC1CC2C3CCC4=CC(=O)C=CC4(C3(C(CC2(C1(C(=O)CO)O)C)O)F)C,1,reported_twosides,0.37224456667900085,0.41709088244383213,0.41709088244383213,fitted,platt_logistic_regression,0.5027853759154408,0,0.6793356326572997,0.2619647355163728,0.1570109151973132,no_interaction|interaction,2,True,0.5256410256410257,0.8596491228070176,0.5256410256410257,False,False,False
CC(C)(C)NCC(C1=CC(=C(C=C1)O)CO)O,CC1=C(C(=O)C2=CC=CC=C2C1=O)CC=C(C)CCCC(C)CCCC(C)CCCC(C)C,1,reported_twosides,0.35251471400260925,0.402232822614366,0.402232822614366,fitted,platt_logistic_regression,0.5027853759154408,0,0.6739066186203606,0.2762384550797649,0.15113350125944586,no_interaction|interaction,2,True,0.5227272727272727,0.22058823529411764,0.22058823529411764,False,False,True
CC(C)(C(=O)O)ON=C(C1=CSC(=N1)N)C(=O)NC2C3N(C2=O)C(=C(CS3)C[N+]4=CC=CC=C4)C(=O)[O-],CCOC1=C(C=CC(=C1)CC(=O)NC(CC(C)C)C2=CC=CC=C2N3CCCCC3)C(=O)O,0,unreported_twosides_sampled,0.03764544799923897,0.09190653776888127,0.09190653776888127,fitted,platt_logistic_regression,0.5027853759154408,0,0.3069268041764937,0.7086481947942905,0.01595298068849706,no_interaction,1,False,0.6428571428571429,0.2804878048780488,0.2804878048780488,False,False,True
CC(C)(C)NCC(C1=CC(=C(C=C1)O)CO)O,CN1CCC(=C2C3=C(C(=O)CC4=CC=CC=C42)SC=C3)CC1,1,reported_twosides,0.6636208295822144,0.6295042811007958,0.6295042811007958,fitted,platt_logistic_regression,0.5027853759154408,1,0.6592189836062632,0.1343408900083963,0.2963895885810244,no_interaction|interaction,2,True,0.5227272727272727,0.3018867924528302,0.3018867924528302,False,False,True
C1CC(C1)(C(=O)O)C(=O)O.N.N.[Pt],CC(=O)OCC(=O)C12C(CC3C1(CC(C4(C3CC(C5=CC(=O)C=CC54C)F)F)O)C)OC(O2)(C)C,0,unreported_twosides_sampled,0.043828219175338745,0.10187745081175743,0.10187745081175743,fitted,platt_logistic_regression,0.5027853759154408,0,0.329188680023556,0.6767422334172963,0.016792611251049538,no_interaction,1,False,0.26666666666666666,0.8059701492537313,0.26666666666666666,False,False,True
C1=CC(=C2NC(=C3C=CC=CC3=O)N(N2)C4=CC=C(C=C4)C(=O)O)C(=O)C=C1,CC12CCC3C(C1CCC2O)C(CC4=C3C=CC(=C4)O)CCCCCCCCCS(=O)CCCC(C(F)(F)F)(F)F,0,unreported_twosides_sampled,0.09012274444103241,0.16490286851936486,0.16490286851936486,fitted,platt_logistic_regression,0.5027853759154408,0,0.4477112539334158,0.5617128463476071,0.03526448362720403,no_interaction,1,False,0.22033898305084745,0.4492753623188406,0.22033898305084745,False,False,True
CCCN1CC(CC2C1CC3=CNC4=CC=CC2=C34)CSC,CNC(=C[N+](=O)[O-])NCCSCC1=CC=C(O1)CN(C)C,1,reported_twosides,0.05615856498479843,0.12037879592150687,0.12037879592150687,fitted,platt_logistic_regression,0.5027853759154408,0,0.36767903692323733,0.6406381192275399,0.020990764063811923,no_interaction,1,False,0.42168674698795183,0.603448275862069,0.42168674698795183,False,False,False
CC(C=CC(C)C(C)(C)O)C1CCC2C1(CCCC2=CC=C3CC(CC(C3)O)O)C,CCOC1=C(C=CC(=C1)CC(=O)NC(CC(C)C)C2=CC=CC=C2N3CCCCC3)C(=O)O,1,reported_twosides,0.9563701748847961,0.9057192725852877,0.9057192725852877,fitted,platt_logistic_regression,0.5027853759154408,1,0.3123315525054925,0.016792611251049538,0.7010915197313182,interaction,1,False,0.5625,0.2804878048780488,0.2804878048780488,False,False,True
CCCN1CC(CC2C1CC3=CNC4=CC=CC2=C34)CSC,CCOC1=C(C=CC(=C1)CC(=O)NC(CC(C)C)C2=CC=CC=C2N3CCCCC3)C(=O)O,0,unreported_twosides_sampled,0.0666499137878418,0.13498484754148152,0.13498484754148152,fitted,platt_logistic_regression,0.5027853759154408,0,0.3957540144080447,0.6087321578505458,0.02686817800167926,no_interaction,1,False,0.42168674698795183,0.2804878048780488,0.2804878048780488,False,False,True
CC(C)C(CCCN(C)CCC1=CC(=C(C=C1)OC)OC)(C#N)C2=CC(=C(C=C2)OC)OC,CN1C(=C(NC2=CC=CC=N2)O)C(=O)C3=CC=CC=C3S1(=O)=O,1,reported_twosides,0.998272180557251,0.9902074028398496,0.9902074028398496,fitted,platt_logistic_regression,0.5027853759154408,1,0.05504630590235396,0.0008396305625524769,0.9193954659949622,interaction,1,False,0.23529411764705882,0.62,0.23529411764705882,False,False,True
CC(C)(C(=O)O)ON=C(C1=CSC(=N1)N)C(=O)NC2C3N(C2=O)C(=C(CS3)C[N+]4=CC=CC=C4)C(=O)[O-],CN1CC(=O)N2C(C1=O)CC3=C(C2C4=CC5=C(C=C4)OCO5)NC6=CC=CC=C36,0,unreported_twosides_sampled,0.37018218636512756,0.41554620319239705,0.41554620319239705,fitted,platt_logistic_regression,0.5027853759154408,0,0.6788136778602516,0.26448362720403024,0.1570109151973132,no_interaction|interaction,2,True,0.6428571428571429,0.24050632911392406,0.24050632911392406,False,False,True
CC1=NN=C(S1)SCC2=C(N3C(C(C3=O)NC(=O)CN4C=NN=N4)SC2)C(=O)[O-],CCOC(=O)N1CCC(=C2C3=C(CCC4=C2N=CC=C4)C=C(C=C3)Cl)CC1,1,reported_twosides,0.0769396647810936,0.14851187892191312,0.14851187892191312,fitted,platt_logistic_regression,0.5027853759154408,0,0.4201190833096127,0.5885810243492863,0.0327455919395466,no_interaction,1,False,0.4574468085106383,0.5892857142857143,0.4574468085106383,False,False,False
CC(C=CC(C)C(C)(C)O)C1CCC2C1(CCCC2=CC=C3CC(CC(C3)O)O)C,CC1=C(C(=O)C2=CC=CC=C2C1=O)CC=C(C)CCCC(C)CCCC(C)CCCC(C)C,0,unreported_twosides_sampled,0.9253648519515991,0.8644199068770834,0.8644199068770834,fitted,platt_logistic_regression,0.5027853759154408,1,0.3968582180094734,0.027707808564231738,0.6087321578505458,interaction,1,False,0.5625,0.22058823529411764,0.22058823529411764,False,False,True
CC1CC2C3CCC4=CC(=O)C=CC4(C3(C(CC2(C1(C(=O)CO)O)C)O)F)C,CN(C)NN=C1C(=NC=N1)C(=O)N,1,reported_twosides,0.05924064293503761,0.12476547151681223,0.12476547151681223,fitted,platt_logistic_regression,0.5027853759154408,0,0.37631353832076697,0.6322418136020151,0.022670025188916875,no_interaction,1,False,0.8596491228070176,0.24390243902439024,0.24390243902439024,False,False,True
C1CN=C(N1)NC2=C(C=CC=C2Cl)Cl,CC(C)C(CCCN(C)CCC1=CC(=C(C=C1)OC)OC)(C#N)C2=CC(=C(C=C2)OC)OC,1,reported_twosides,0.9943700432777405,0.9773268107027696,0.9773268107027696,fitted,platt_logistic_regression,0.5027853759154408,1,0.10826785453460283,0.0025188916876574307,0.8690176322418136,interaction,1,False,0.5853658536585366,0.23529411764705882,0.23529411764705882,False,False,True
CC1(C(N2C(S1)C(C2=O)NC(=O)C(C3=CC=CC=C3)N)C(=O)[O-])C,CC1CC2C3CCC4=CC(=O)C=CC4(C3(C(CC2(C1(C(=O)CO)O)C)O)F)C,1,reported_twosides,0.04615596681833267,0.10550013633339887,0.10550013633339887,fitted,platt_logistic_regression,0.5027853759154408,0,0.3370026091817048,0.672544080604534,0.016792611251049538,no_interaction,1,False,0.6119402985074627,0.8596491228070176,0.6119402985074627,False,False,False
C(CCl)NC(=O)N(CCCl)N=O,CC(C)C(CCCN(C)CCC1=CC(=C(C=C1)OC)OC)(C#N)C2=CC(=C(C=C2)OC)OC,0,unreported_twosides_sampled,0.03147405758500099,0.08136164492558251,0.08136164492558251,fitted,platt_logistic_regression,0.5027853759154408,0,0.28208245027797063,0.7321578505457599,0.0109151973131822,no_interaction,1,False,0.2391304347826087,0.23529411764705882,0.23529411764705882,False,False,True
CC(C)(C)NCC(C1=CC(=C(C=C1)O)CO)O,CN1CCC23C=CC(CC2OC4=C(C=CC(=C34)C1)OC)O,1,reported_twosides,0.9867963790893555,0.9587070848238808,0.9587070848238808,fitted,platt_logistic_regression,0.5027853759154408,1,0.17203155692318742,0.005037783375314861,0.8219983207388749,interaction,1,False,0.5227272727272727,0.375,0.375,False,False,True
CC(C)(C(=O)O)ON=C(C1=CSC(=N1)N)C(=O)NC2C3N(C2=O)C(=C(CS3)C[N+]4=CC=CC=C4)C(=O)[O-],CN1CCC(=C2C3=C(C(=O)CC4=CC=CC=C42)SC=C3)CC1,0,unreported_twosides_sampled,0.004656623583287001,0.021490993273151862,0.021490993273151862,fitted,platt_logistic_regression,0.5027853759154408,0,0.10378641163580189,0.8706968933669186,0.0016792611251049538,no_interaction,1,False,0.6428571428571429,0.3018867924528302,0.3018867924528302,False,False,True
C1=CC(=C2NC(=C3C=CC=CC3=O)N(N2)C4=CC=C(C=C4)C(=O)O)C(=O)C=C1,CNC(=C[N+](=O)[O-])NCCSCC1=CC=C(O1)CN(C)C,1,reported_twosides,0.3902879059314728,0.43052931607019657,0.43052931607019657,fitted,platt_logistic_regression,0.5027853759154408,0,0.6834635304224297,0.25692695214105793,0.16792611251049538,no_interaction|interaction,2,True,0.22033898305084745,0.603448275862069,0.22033898305084745,False,False,True
CC(C)C(CCCN(C)CCC1=CC(=C(C=C1)OC)OC)(C#N)C2=CC(=C(C=C2)OC)OC,C[N+](C)(C)CC(CC(=O)O)O,0,unreported_twosides_sampled,0.4101937711238861,0.44521504573006937,0.44521504573006937,fitted,platt_logistic_regression,0.5027853759154408,0,0.6871323289449948,0.24853064651553317,0.17716204869857263,no_interaction|interaction,2,True,0.23529411764705882,0.36666666666666664,0.23529411764705882,False,False,True
CC12CCC3C(C1CCC2(C#C)O)CCC4=CC(=O)CCC34,CN1CCC23C=CC(CC2OC4=C(C=CC(=C34)C1)OC)O,0,unreported_twosides_sampled,0.9737160801887512,0.933391005458672,0.933391005458672,fitted,platt_logistic_regression,0.5027853759154408,1,0.24477780001500538,0.007556675062972292,0.764063811922754,interaction,1,False,0.7169811320754716,0.375,0.375,False,False,True
C1CC(OC1CO)N2C=NC3=C2NC=NC3=O,CC12CCC3C(C1CCC2(C#C)O)CCC4=CC(=O)CCC34,0,unreported_twosides_sampled,0.06078752130270004,0.1269358240642506,0.1269358240642506,fitted,platt_logistic_regression,0.5027853759154408,0,0.38052004511572124,0.6280436607892528,0.022670025188916875,no_interaction,1,False,0.3492063492063492,0.7169811320754716,0.3492063492063492,False,False,True
C1CC(C1)CN2CCC34C5C(CCC3(C2CC6=C4C(=C(C=C6)O)O5)O)O,CCCCC(=O)N(CC1=CC=C(C=C1)C2=CC=CC=C2C3=NNN=N3)C(C(C)C)C(=O)O,0,unreported_twosides_sampled,0.3875693678855896,0.42851284161825803,0.42851284161825803,fitted,platt_logistic_regression,0.5027853759154408,0,0.6828912432764049,0.2577665827036104,0.16288832913518053,no_interaction|interaction,2,True,0.6451612903225806,0.4533333333333333,0.4533333333333333,False,False,False
C1CC(OC1CO)N2C=NC3=C2NC=NC3=O,C[N+](C)(C)CC(CC(=O)O)O,1,reported_twosides,0.0019083466613665223,0.011405840216788395,0.011405840216788395,fitted,platt_logistic_regression,0.5027853759154408,0,0.06236605107259552,0.9093198992443325,0.0008396305625524769,no_interaction,1,False,0.3492063492063492,0.36666666666666664,0.3492063492063492,False,False,True
CC1=C(C(=O)C2=CC=CC=C2C1=O)CC=C(C)CCCC(C)CCCC(C)CCCC(C)C,CNC(=C[N+](=O)[O-])NCCSCC1=CC=C(O1)CN(C)C,1,reported_twosides,0.25837573409080505,0.32797778761884977,0.32797778761884977,fitted,platt_logistic_regression,0.5027853759154408,0,0.632737277767976,0.3434089000839631,0.11167086481947942,no_interaction|interaction,2,True,0.22058823529411764,0.603448275862069,0.22058823529411764,False,False,True
C1C(OC(S1)CO)N2C=C(C(=NC2=O)N)F,C1CN=C(N1)NC2=C(C=CC=C2Cl)Cl,1,reported_twosides,0.9941238760948181,0.9766303713322569,0.9766303713322569,fitted,platt_logistic_regression,0.5027853759154408,1,0.11087816378758145,0.0025188916876574307,0.8673383711167086,interaction,1,False,0.6326530612244898,0.5853658536585366,0.5853658536585366,False,False,False
CCCN1CC(CC2C1CC3=CNC4=CC=CC2=C34)CSC,COC1=C(C=C(C=C1)C2=CC3=C(C=C2)C=C(C=C3)C(=O)O)C45CC6CC(C4)CC(C6)C5,0,unreported_twosides_sampled,0.020779678598046303,0.061192156368393924,0.061192156368393924,fitted,platt_logistic_regression,0.5027853759154408,0,0.23023526058142119,0.7749790092359362,0.007556675062972292,no_interaction,1,False,0.42168674698795183,0.288135593220339,0.288135593220339,False,False,True
CC(C)(C(=O)O)ON=C(C1=CSC(=N1)N)C(=O)NC2C3N(C2=O)C(=C(CS3)C[N+]4=CC=CC=C4)C(=O)[O-],CC(C=CC(C)C(C)(C)O)C1CCC2C1(CCCC2=CC=C3CC(CC(C3)O)O)C,0,unreported_twosides_sampled,0.2409273087978363,0.3133769075878986,0.3133769075878986,fitted,platt_logistic_regression,0.5027853759154408,0,0.6217759901128367,0.35516372795969775,0.10411418975650713,no_interaction|interaction,2,True,0.6428571428571429,0.5625,0.5625,False,False,False
CCOC(=O)N1CCC(=C2C3=C(CCC4=C2N=CC=C4)C=C(C=C3)Cl)CC1,CN1CC(=O)N2C(C1=O)CC3=C(C2C4=CC5=C(C=C4)OCO5)NC6=CC=CC=C36,1,reported_twosides,0.05761779472231865,0.12246628991291328,0.12246628991291328,fitted,platt_logistic_regression,0.5027853759154408,0,0.37181027019915225,0.635600335852225,0.0218303946263644,no_interaction,1,False,0.5892857142857143,0.24050632911392406,0.24050632911392406,False,False,True
C1CC(OC1CO)N2C=NC3=C2NC=NC3=O,C1CN=C(N1)NC2=C(C=CC=C2Cl)Cl,0,unreported_twosides_sampled,0.968841016292572,0.9251149887780032,0.9251149887780032,fitted,platt_logistic_regression,0.5027853759154408,1,0.2660954809727466,0.0109151973131822,0.746431570109152,interaction,1,False,0.3492063492063492,0.5853658536585366,0.3492063492063492,False,False,True
CCC(C)C(=O)OC1CC(C=C2C1C(C(C=C2)C)CCC3CC(CC(=O)O3)O)C,CCCCC(=O)N(CC1=CC=C(C=C1)C2=CC=CC=C2C3=NNN=N3)C(C(C)C)C(=O)O,1,reported_twosides,0.9999483823776245,0.9992104591462689,0.9992104591462689,fitted,platt_logistic_regression,0.5027853759154408,1,0.0064297555098890334,0.0008396305625524769,0.9899244332493703,interaction,1,False,0.7424242424242424,0.4533333333333333,0.4533333333333333,False,False,False
C1CC(C1)(C(=O)O)C(=O)O.N.N.[Pt],CC(C)(C(=O)O)ON=C(C1=CSC(=N1)N)C(=O)NC2C3N(C2=O)C(=C(CS3)C[N+]4=CC=CC=C4)C(=O)[O-],1,reported_twosides,0.042258039116859436,0.09939509629959911,0.09939509629959911,fitted,platt_logistic_regression,0.5027853759154408,0,0.32375182763441906,0.6834592779177162,0.016792611251049538,no_interaction,1,False,0.26666666666666666,0.6428571428571429,0.26666666666666666,False,False,True
C1=CC(=CC=C1N)S(=O)(=O)C2=CC=C(C=C2)N,CCC(C)C(=O)OC1CC(C=C2C1C(C(C=C2)C)CCC3CC(CC(=O)O3)O)C,1,reported_twosides,0.9142358899116516,0.8511687140050743,0.8511687140050743,fitted,platt_logistic_regression,0.5027853759154408,1,0.42067646731544295,0.0327455919395466,0.5885810243492863,interaction,1,False,0.43333333333333335,0.7424242424242424,0.43333333333333335,False,False,False
CN1CC(=O)N2C(C1=O)CC3=C(C2C4=CC5=C(C=C4)OCO5)NC6=CC=CC=C36,CN1CCC(=C2C3=C(C(=O)CC4=CC=CC=C42)SC=C3)CC1,1,reported_twosides,0.3387962877750397,0.39178601843881933,0.39178601843881933,fitted,platt_logistic_regression,0.5027853759154408,0,0.6695402941867516,0.28127623845507976,0.1452560873215785,no_interaction|interaction,2,True,0.24050632911392406,0.3018867924528302,0.24050632911392406,False,False,True
CC(C)(C)NCC(C1=CC(=C(C=C1)O)CO)O,CCCCC(=O)N(CC1=CC=C(C=C1)C2=CC=CC=C2C3=NNN=N3)C(C(C)C)C(=O)O,1,reported_twosides,0.977033793926239,0.9393180729802184,0.9393180729802184,fitted,platt_logistic_regression,0.5027853759154408,1,0.22883976075762372,0.007556675062972292,0.7749790092359362,interaction,1,False,0.5227272727272727,0.4533333333333333,0.4533333333333333,False,False,False
CCCN1CC(CC2C1CC3=CNC4=CC=CC2=C34)CSC,CN1C(=C(NC2=CC=CC=N2)O)C(=O)C3=CC=CC=C3S1(=O)=O,0,unreported_twosides_sampled,0.21735221147537231,0.29308076429804364,0.29308076429804364,fitted,platt_logistic_regression,0.5027853759154408,0,0.6048871498905022,0.382031905961377,0.09151973131821999,no_interaction,1,False,0.42168674698795183,0.62,0.42168674698795183,False,False,False
CC(=O)OCC(=O)C12C(CC3C1(CC(C4(C3CC(C5=CC(=O)C=CC54C)F)F)O)C)OC(O2)(C)C,CC1=C(C(C(=C(N1)C)C(=O)OCC(C)C)C2=CC=CC=C2[N+](=O)[O-])C(=O)OC,0,unreported_twosides_sampled,0.1310255229473114,0.21083963795033486,0.21083963795033486,fitted,platt_logistic_regression,0.5027853759154408,0,0.5150670056017783,0.48614609571788414,0.04785894206549118,no_interaction,1,False,0.8059701492537313,0.8043478260869565,0.8043478260869565,False,False,False
C1C(OC(S1)CO)N2C=C(C(=NC2=O)N)F,CC(C)C(CCCN(C)CCC1=CC(=C(C=C1)OC)OC)(C#N)C2=CC(=C(C=C2)OC)OC,0,unreported_twosides_sampled,0.16666921973228455,0.2466371957621576,0.2466371957621576,fitted,platt_logistic_regression,0.5027853759154408,0,0.5586104798323291,0.436607892527288,0.0688497061293031,no_interaction,1,False,0.6326530612244898,0.23529411764705882,0.23529411764705882,False,False,True
CC1=C(SC=C1)C(=CCCN2CCCC(C2)C(=O)O)C3=C(C=CS3)C,CN1CC(=O)N2C(C1=O)CC3=C(C2C4=CC5=C(C=C4)OCO5)NC6=CC=CC=C36,0,unreported_twosides_sampled,0.8766570091247559,0.8103334772916327,0.8103334772916327,fitted,platt_logistic_regression,0.5027853759154408,1,0.4857390577370442,0.042821158690176324,0.5180520570948782,interaction,1,False,0.26865671641791045,0.24050632911392406,0.24050632911392406,False,False,True
CC1=C(C(=O)C2=CC=CC=C2C1=O)CC=C(C)CCCC(C)CCCC(C)CCCC(C)C,CC1CN(CCN1)C2=C(C=C3C(=C2OC)N(C=C(C3=O)C(=O)O)C4CC4)F,0,unreported_twosides_sampled,0.968414843082428,0.9244129831597017,0.9244129831597017,fitted,platt_logistic_regression,0.5027853759154408,1,0.26785675138520243,0.0109151973131822,0.744752308984047,interaction,1,False,0.22058823529411764,0.7230769230769231,0.22058823529411764,False,False,True
CC12CCC3C(C1CCC2O)C(CC4=C3C=CC(=C4)O)CCCCCCCCCS(=O)CCCC(C(F)(F)F)(F)F,CCOC(=O)N1CCC(=C2C3=C(CCC4=C2N=CC=C4)C=C(C=C3)Cl)CC1,0,unreported_twosides_sampled,0.09345131367444992,0.16889736952211068,0.16889736952211068,fitted,platt_logistic_regression,0.5027853759154408,0,0.45413353637700793,0.5541561712846348,0.03526448362720403,no_interaction,1,False,0.4492753623188406,0.5892857142857143,0.4492753623188406,False,False,False
C1CC(C1)CN2CCC34C5C(CCC3(C2CC6=C4C(=C(C=C6)O)O5)O)O,C1CC(OC1CO)N2C=NC3=C2NC=NC3=O,0,unreported_twosides_sampled,0.22575150430202484,0.300392932367585,0.300392932367585,fitted,platt_logistic_regression,0.5027853759154408,0,0.6111968652917014,0.37531486146095716,0.0982367758186398,no_interaction,1,False,0.6451612903225806,0.3492063492063492,0.3492063492063492,False,False,True
CC(C)(C(=O)O)ON=C(C1=CSC(=N1)N)C(=O)NC2C3N(C2=O)C(=C(CS3)C[N+]4=CC=CC=C4)C(=O)[O-],CCCCC(=O)N(CC1=CC=C(C=C1)C2=CC=CC=C2C3=NNN=N3)C(C(C)C)C(=O)O,0,unreported_twosides_sampled,0.18173573911190033,0.2609108089191723,0.2609108089191723,fitted,platt_logistic_regression,0.5027853759154408,0,0.5740074403954681,0.41981528127623846,0.07472712006717044,no_interaction,1,False,0.6428571428571429,0.4533333333333333,0.4533333333333333,False,False,False
CN1CC(=O)N2C(C1=O)CC3=C(C2C4=CC5=C(C=C4)OCO5)NC6=CC=CC=C36,C[N+](C)(C)CC(CC(=O)O)O,0,unreported_twosides_sampled,0.016165951266884804,0.051436434562622,0.051436434562622,fitted,platt_logistic_regression,0.5027853759154408,0,0.20272321210248165,0.7942905121746432,0.006717044500419815,no_interaction,1,False,0.24050632911392406,0.36666666666666664,0.24050632911392406,False,False,True
CCCCC(=O)N(CC1=CC=C(C=C1)C2=CC=CC=C2C3=NNN=N3)C(C(C)C)C(=O)O,CCOC1=C(C=CC(=C1)CC(=O)NC(CC(C)C)C2=CC=CC=C2N3CCCCC3)C(=O)O,1,reported_twosides,0.9993473887443542,0.9951191007575153,0.9951191007575153,fitted,platt_logistic_regression,0.5027853759154408,1,0.03084719230684222,0.0008396305625524769,0.9445843828715366,interaction,1,False,0.4533333333333333,0.2804878048780488,0.2804878048780488,False,False,True
C1CN=C(N1)NC2=C(C=CC=C2Cl)Cl,CC1C2C(C(=O)N2C(=C1SC3CC(NC3)C(=O)NC4=CC=CC(=C4)C(=O)O)C(=O)O)C(C)O,0,unreported_twosides_sampled,0.9993614554405212,0.9951947041784336,0.9951947041784336,fitted,platt_logistic_regression,0.5027853759154408,1,0.030444577170543795,0.0008396305625524769,0.947103274559194,interaction,1,False,0.5853658536585366,0.23529411764705882,0.23529411764705882,False,False,True
CC1(C(N2C(S1)C(C2=O)NC(=O)C(C3=CC=CC=C3)N)C(=O)[O-])C,CCC(C)C(=O)OC1CC(C=C2C1C(C(C=C2)C)CCC3CC(CC(=O)O3)O)C,0,unreported_twosides_sampled,0.9451918601989746,0.8899167985190308,0.8899167985190308,fitted,platt_logistic_regression,0.5027853759154408,1,0.34668925432717856,0.016792611251049538,0.6607892527287993,interaction,1,False,0.6119402985074627,0.7424242424242424,0.6119402985074627,False,False,False
CCN(C)C(=O)OC1=CC=CC(=C1)C(C)N(C)C,CN1CC(=O)N2C(C1=O)CC3=C(C2C4=CC5=C(C=C4)OCO5)NC6=CC=CC=C36,0,unreported_twosides_sampled,0.9958792924880981,0.9818229212555598,0.9818229212555598,fitted,platt_logistic_regression,0.5027853759154408,1,0.0908572151637059,0.0008396305625524769,0.8883291351805206,interaction,1,False,0.32653061224489793,0.24050632911392406,0.24050632911392406,False,False,True
C1CC(C1)(C(=O)O)C(=O)O.N.N.[Pt],CN(C)NN=C1C(=NC=N1)C(=O)N,1,reported_twosides,0.172785222530365,0.25248517694532663,0.25248517694532663,fitted,platt_logistic_regression,0.5027853759154408,0,0.565048957110946,0.4324097397145256,0.06968933669185558,no_interaction,1,False,0.26666666666666666,0.24390243902439024,0.24390243902439024,False,False,True
C1CC(C1)(C(=O)O)C(=O)O.N.N.[Pt],CC1CN(CCN1)C2=C(C=C3C(=C2OC)N(C=C(C3=O)C(=O)O)C4CC4)F,1,reported_twosides,0.9993836879730225,0.995315177244615,0.995315177244615,fitted,platt_logistic_regression,0.5027853759154408,1,0.02980053757266541,0.0008396305625524769,0.947103274559194,interaction,1,False,0.26666666666666666,0.7230769230769231,0.26666666666666666,False,False,True
CC1CC2C3CCC4=CC(=O)C=CC4(C3(C(CC2(C1(C(=O)CO)O)C)O)F)C,COC1=C(C=C(C=C1)C2=CC3=C(C=C2)C=C(C=C3)C(=O)O)C45CC6CC(C4)CC(C6)C5,0,unreported_twosides_sampled,0.24602660536766052,0.31767846105791137,0.31767846105791137,fitted,platt_logistic_regression,0.5027853759154408,0,0.625107146982723,0.3534844668345928,0.10747271200671704,no_interaction|interaction,2,True,0.8596491228070176,0.288135593220339,0.288135593220339,False,False,True
C1CN=C(N1)NC2=C(C=CC=C2Cl)Cl,CNC(=C[N+](=O)[O-])NCCSCC1=CC=C(O1)CN(C)C,1,reported_twosides,0.7653816342353821,0.709287776982899,0.709287776982899,fitted,platt_logistic_regression,0.5027853759154408,1,0.6027881645002233,0.08648194794290512,0.3895885810243493,interaction,1,False,0.5853658536585366,0.603448275862069,0.5853658536585366,False,False,False
CC12CCC3C(C1CCC2(C#C)O)CCC4=CC(=O)CCC34,CCOC(=O)C(CCC1=CC=CC=C1)NC(C)C(=O)N2C3CCCCC3CC2C(=O)O,0,unreported_twosides_sampled,0.6586195230484009,0.6257507986703494,0.6257507986703494,fitted,platt_logistic_regression,0.5027853759154408,1,0.6611785080801378,0.13602015113350127,0.2963895885810244,no_interaction|interaction,2,True,0.7169811320754716,0.9636363636363636,0.7169811320754716,False,False,False
CCCN1CC(CC2C1CC3=CNC4=CC=CC2=C34)CSC,CN1CC(=O)N2C(C1=O)CC3=C(C2C4=CC5=C(C=C4)OCO5)NC6=CC=CC=C36,0,unreported_twosides_sampled,0.23585045337677002,0.30906443754557766,0.30906443754557766,fitted,platt_logistic_regression,0.5027853759154408,0,0.618350055717442,0.3602015113350126,0.1015952980688497,no_interaction|interaction,2,True,0.42168674698795183,0.24050632911392406,0.24050632911392406,False,False,True
CC1=NN=C(S1)SCC2=C(N3C(C(C3=O)NC(=O)CN4C=NN=N4)SC2)C(=O)[O-],CCOC(=O)C(CCC1=CC=CC=C1)NC(C)C(=O)N2C3CCCCC3CC2C(=O)O,0,unreported_twosides_sampled,0.9878532886505127,0.9610478243471072,0.9610478243471072,fitted,platt_logistic_regression,0.5027853759154408,1,0.16459968828974866,0.0041981528127623844,0.8278757346767422,interaction,1,False,0.4574468085106383,0.9636363636363636,0.4574468085106383,False,False,False
C1CC(OC1CO)N2C=NC3=C2NC=NC3=O,CC1C2C(C(=O)N2C(=C1SC3CC(NC3)C(=O)NC4=CC=CC(=C4)C(=O)O)C(=O)O)C(C)O,0,unreported_twosides_sampled,0.9940640330314636,0.9764624181091428,0.9764624181091428,fitted,platt_logistic_regression,0.5027853759154408,1,0.11150446138505606,0.0025188916876574307,0.8673383711167086,interaction,1,False,0.3492063492063492,0.23529411764705882,0.23529411764705882,False,False,True
C1=CC(=C2NC(=C3C=CC=CC3=O)N(N2)C4=CC=C(C=C4)C(=O)O)C(=O)C=C1,CC1CC2C3CCC4=CC(=O)C=CC4(C3(C(CC2(C1(C(=O)CO)O)C)O)F)C,0,unreported_twosides_sampled,0.25007304549217224,0.3210712170796656,0.3210712170796656,fitted,platt_logistic_regression,0.5027853759154408,0,0.627674275622637,0.3501259445843829,0.10999160369437448,no_interaction|interaction,2,True,0.22033898305084745,0.8596491228070176,0.22033898305084745,False,False,True
CC1=C(C(C(=C(N1)C)C(=O)OCC(C)C)C2=CC=CC=C2[N+](=O)[O-])C(=O)OC,CN(C)CCC1=CNC2=C1C=C(C=C2)CC3COC(=O)N3,0,unreported_twosides_sampled,0.5879094004631042,0.5736820598976545,0.5736820598976545,fitted,platt_logistic_regression,0.5027853759154408,1,0.6822494438728686,0.16204869857262805,0.2586062132661629,no_interaction|interaction,2,True,0.8043478260869565,0.543859649122807,0.543859649122807,False,False,False
C1C(C(C(C(C1N)OC2C(C(C(C(O2)CN)O)O)O)O)OC3C(C(C(C(O3)CO)O)N)O)N,CCOC(=O)N1CCC(=C2C3=C(CCC4=C2N=CC=C4)C=C(C=C3)Cl)CC1,0,unreported_twosides_sampled,0.003583740210160613,0.017852804257824356,0.017852804257824356,fitted,platt_logistic_regression,0.5027853759154408,0,0.08956063991783542,0.8883291351805206,0.0008396305625524769,no_interaction,1,False,0.7727272727272727,0.5892857142857143,0.5892857142857143,False,False,False
C1C(OC(S1)CO)N2C=C(C(=NC2=O)N)F,CC1C2C(C(=O)N2C(=C1SC3CC(NC3)C(=O)NC4=CC=CC(=C4)C(=O)O)C(=O)O)C(C)O,0,unreported_twosides_sampled,0.9962395429611206,0.9829653985530608,0.9829653985530608,fitted,platt_logistic_regression,0.5027853759154408,1,0.0862622429945181,0.0008396305625524769,0.8916876574307305,interaction,1,False,0.6326530612244898,0.23529411764705882,0.23529411764705882,False,False,True
CC1CC2C3CCC4=CC(=O)C=CC4(C3(C(CC2(C1(C(=O)CO)O)C)O)F)C,C[N+](C)(C)CC(CC(=O)O)O,0,unreported_twosides_sampled,0.0010900545166805387,0.007647944441618264,0.007647944441618264,fitted,platt_logistic_regression,0.5027853759154408,0,0.04488949219448418,0.929471032745592,0.0008396305625524769,no_interaction,1,False,0.8596491228070176,0.36666666666666664,0.36666666666666664,False,False,True
CN1CC(=O)N2C(C1=O)CC3=C(C2C4=CC5=C(C=C4)OCO5)NC6=CC=CC=C36,COC1=C(C=C(C=C1)C2=CC3=C(C=C2)C=C(C=C3)C(=O)O)C45CC6CC(C4)CC(C6)C5,0,unreported_twosides_sampled,0.20945468544960022,0.2861168039326444,0.2861168039326444,fitted,platt_logistic_regression,0.5027853759154408,0,0.5986380154586517,0.39378673383711166,0.08396305625524769,no_interaction,1,False,0.24050632911392406,0.288135593220339,0.24050632911392406,False,False,True
CC(C)C(CCCN(C)CCC1=CC(=C(C=C1)OC)OC)(C#N)C2=CC(=C(C=C2)OC)OC,CC1CC2C3CCC4=CC(=O)C=CC4(C3(C(CC2(C1(C(=O)CO)O)C)O)F)C,1,reported_twosides,0.7200533151626587,0.6728107007674606,0.6728107007674606,fitted,platt_logistic_regression,0.5027853759154408,1,0.6321702482174285,0.11167086481947942,0.3434089000839631,no_interaction|interaction,2,True,0.23529411764705882,0.8596491228070176,0.23529411764705882,False,False,True
CC1CN(CCN1)C2=C(C=C3C(=C2OC)N(C=C(C3=O)C(=O)O)C4CC4)F,COC1=C(C=C(C=C1)C2=CC3=C(C=C2)C=C(C=C3)C(=O)O)C45CC6CC(C4)CC(C6)C5,1,reported_twosides,0.3131909966468811,0.37199137045515845,0.37199137045515845,fitted,platt_logistic_regression,0.5027853759154408,0,0.6600070216617817,0.2963895885810244,0.1351805205709488,no_interaction|interaction,2,True,0.7230769230769231,0.288135593220339,0.288135593220339,False,False,True
C1CN=C(N1)NC2=C(C=CC=C2Cl)Cl,CC1=C(C(=O)C2=CC=CC=C2C1=O)CC=C(C)CCCC(C)CCCC(C)CCCC(C)C,1,reported_twosides,0.9439589381217957,0.8882459139377048,0.8882459139377048,fitted,platt_logistic_regression,0.5027853759154408,1,0.3501670352663817,0.017632241813602016,0.6574307304785895,interaction,1,False,0.5853658536585366,0.22058823529411764,0.22058823529411764,False,False,True
C1C(N(C2=C(N1)NC(=NC2=O)N)C=O)CNC3=CC=C(C=C3)C(=O)NC(CCC(=O)O)C(=O)O,CC(C)(C)NCC(C1=CC(=C(C=C1)O)CO)O,1,reported_twosides,0.18020914494991302,0.25948445482520305,0.25948445482520305,fitted,platt_logistic_regression,0.5027853759154408,0,0.5725169820791204,0.42317380352644834,0.07472712006717044,no_interaction,1,False,0.5256410256410257,0.5227272727272727,0.5227272727272727,False,False,False
CC(C=CC(C)C(C)(C)O)C1CCC2C1(CCCC2=CC=C3CC(CC(C3)O)O)C,CC12CCC3C(C1CCC2O)C(CC4=C3C=CC(=C4)O)CCCCCCCCCS(=O)CCCC(C(F)(F)F)(F)F,0,unreported_twosides_sampled,0.8044686317443848,0.7424747612157134,0.7424747612157134,fitted,platt_logistic_regression,0.5027853759154408,1,0.5704524458641184,0.07304785894206549,0.42737195633921077,interaction,1,False,0.5625,0.4492753623188406,0.4492753623188406,False,False,False
CCC(C)C(=O)OC1CC(C=C2C1C(C(C=C2)C)CCC3CC(CC(=O)O3)O)C,CCN(C)C(=O)OC1=CC=CC(=C1)C(C)N(C)C,1,reported_twosides,0.999915361404419,0.9988734439622504,0.9988734439622504,fitted,platt_logistic_regression,0.5027853759154408,1,0.008773648348575701,0.0008396305625524769,0.9832073887489504,interaction,1,False,0.7424242424242424,0.32653061224489793,0.32653061224489793,False,False,True
CC1=C(C(C(=C(N1)C)C(=O)OCC(C)C)C2=CC=CC=C2[N+](=O)[O-])C(=O)OC,CC1=NN=C2N1C3=C(C=C(C=C3)Cl)C(=NC2)C4=CC=CC=C4,1,reported_twosides,0.46869775652885437,0.48776580469263875,0.48776580469263875,fitted,platt_logistic_regression,0.5027853759154408,0,0.692847799612798,0.21914357682619648,0.20067170445004198,no_interaction|interaction,2,True,0.8043478260869565,0.7659574468085106,0.7659574468085106,False,False,False
CC1CC2C3CCC4=CC(=O)C=CC4(C3(C(CC2(C1(C(=O)CO)O)C)O)F)C,CN1C(=C(NC2=CC=CC=N2)O)C(=O)C3=CC=CC=C3S1(=O)=O,1,reported_twosides,0.9355659484863281,0.8771936711743763,0.8771936711743763,fitted,platt_logistic_regression,0.5027853759154408,1,0.37247936435221085,0.0218303946263644,0.635600335852225,interaction,1,False,0.8596491228070176,0.62,0.62,False,False,False
C1CC(C1)(C(=O)O)C(=O)O.N.N.[Pt],CN1C=NC(=C1SC2=NC=NC3=C2NC=N3)[N+](=O)[O-],0,unreported_twosides_sampled,0.4388987720012665,0.466185177787406,0.466185177787406,fitted,platt_logistic_regression,0.5027853759154408,0,0.6908585496801354,0.23341729638958858,0.1847187237615449,no_interaction|interaction,2,True,0.26666666666666666,0.25925925925925924,0.25925925925925924,False,False,True
CC(C=CC(C)C(C)(C)O)C1CCC2C1(CCCC2=CC=C3CC(CC(C3)O)O)C,CC1=C(C(C(=C(N1)C)C(=O)OCC(C)C)C2=CC=CC=C2[N+](=O)[O-])C(=O)OC,0,unreported_twosides_sampled,0.996590256690979,0.9841095065353119,0.9841095065353119,fitted,platt_logistic_regression,0.5027853759154408,1,0.08158253354603617,0.0008396305625524769,0.8958858102434929,interaction,1,False,0.5625,0.8043478260869565,0.5625,False,False,False
CC(C)(C)NCC(C1=CC(=C(C=C1)O)CO)O,CCOC(=O)C(CCC1=CC=CC=C1)NC(C)C(=O)N2C3CCCCC3CC2C(=O)O,0,unreported_twosides_sampled,0.8795842528343201,0.8133394407070678,0.8133394407070678,fitted,platt_logistic_regression,0.5027853759154408,1,0.4813443467573485,0.04030226700251889,0.5256087321578505,interaction,1,False,0.5227272727272727,0.9636363636363636,0.5227272727272727,False,False,False
CC(C)C(CCCN(C)CCC1=CC(=C(C=C1)OC)OC)(C#N)C2=CC(=C(C=C2)OC)OC,COC1=C(C=C(C=C1)C2=CC3=C(C=C2)C=C(C=C3)C(=O)O)C45CC6CC(C4)CC(C6)C5,1,reported_twosides,0.1101350411772728,0.18817407376156098,0.18817407376156098,fitted,platt_logistic_regression,0.5027853759154408,0,0.4835644946092515,0.5247691015952981,0.041981528127623846,no_interaction,1,False,0.23529411764705882,0.288135593220339,0.23529411764705882,False,False,True
C1C(OC(S1)CO)N2C=C(C(=NC2=O)N)F,CC12CCC3C(C1CCC2(C)O)CCC4C3(COC(=O)C4)C,0,unreported_twosides_sampled,0.6562220454216003,0.6239555506904251,0.6239555506904251,fitted,platt_logistic_regression,0.5027853759154408,1,0.6620944432913464,0.1376994122586062,0.2955499580184719,no_interaction|interaction,2,True,0.6326530612244898,0.31343283582089554,0.31343283582089554,False,False,True
CC(C)C(CCCN(C)CCC1=CC(=C(C=C1)OC)OC)(C#N)C2=CC(=C(C=C2)OC)OC,CC1=C(C(C(=C(N1)C)C(=O)OCC(C)C)C2=CC=CC=C2[N+](=O)[O-])C(=O)OC,0,unreported_twosides_sampled,0.9894099235534668,0.9646165702290685,0.9646165702290685,fitted,platt_logistic_regression,0.5027853759154408,1,0.1529840624284884,0.0041981528127623844,0.8371116708648195,interaction,1,False,0.23529411764705882,0.8043478260869565,0.23529411764705882,False,False,True
C1=CC(=CC=C1N)S(=O)(=O)C2=CC=C(C=C2)N,CN1C=NC(=C1SC2=NC=NC3=C2NC=N3)[N+](=O)[O-],1,reported_twosides,0.07853469997644424,0.15054740157779153,0.15054740157779153,fitted,platt_logistic_regression,0.5027853759154408,0,0.4236574372434021,0.5860621326616289,0.0327455919395466,no_interaction,1,False,0.43333333333333335,0.25925925925925924,0.25925925925925924,False,False,True
C1CN=C(N1)NC2=C(C=CC=C2Cl)Cl,CC(C)C(C(=O)OCC(CO)OCN1C=NC2=C1NC(=NC2=O)N)N,1,reported_twosides,0.9943013191223145,0.977131466002099,0.977131466002099,fitted,platt_logistic_regression,0.5027853759154408,1,0.10900220263575153,0.0025188916876574307,0.8681780016792612,interaction,1,False,0.5853658536585366,0.7307692307692307,0.5853658536585366,False,False,False
CC(=O)OCC(=O)C12C(CC3C1(CC(C4(C3CC(C5=CC(=O)C=CC54C)F)F)O)C)OC(O2)(C)C,CCOC1=C(C=CC(=C1)CC(=O)NC(CC(C)C)C2=CC=CC=C2N3CCCCC3)C(=O)O,0,unreported_twosides_sampled,0.0607394240796566,0.1268686457703721,0.1268686457703721,fitted,platt_logistic_regression,0.5027853759154408,0,0.38039048300502487,0.6280436607892528,0.022670025188916875,no_interaction,1,False,0.8059701492537313,0.2804878048780488,0.2804878048780488,False,False,True
CC12CCC3C(C1CCC2(C)O)CCC4C3(COC(=O)C4)C,CN1C=NC(=C1SC2=NC=NC3=C2NC=N3)[N+](=O)[O-],0,unreported_twosides_sampled,0.9939011335372925,0.9760078188140903,0.9760078188140903,fitted,platt_logistic_regression,0.5027853759154408,1,0.11319352950733721,0.0025188916876574307,0.8673383711167086,interaction,1,False,0.31343283582089554,0.25925925925925924,0.25925925925925924,False,False,True
CC1CN(CCN1)C2=C(C=C3C(=C2OC)N(C=C(C3=O)C(=O)O)C4CC4)F,CCC(C)C(=O)OC1CC(C=C2C1C(C(C=C2)C)CCC3CC(CC(=O)O3)O)C,1,reported_twosides,0.9979977011680603,0.9891213916153476,0.9891213916153476,fitted,platt_logistic_regression,0.5027853759154408,1,0.06000094077964906,0.0008396305625524769,0.9135180520570949,interaction,1,False,0.7230769230769231,0.7424242424242424,0.7230769230769231,False,False,False
CC1C2C(C(=O)N2C(=C1SC3CC(NC3)C(=O)NC4=CC=CC(=C4)C(=O)O)C(=O)O)C(C)O,CC1CC2C3CCC4=CC(=O)C=CC4(C3(C(CC2(C1(C(=O)CO)O)C)O)F)C,1,reported_twosides,0.6753748655319214,0.638373333284593,0.638373333284593,fitted,platt_logistic_regression,0.5027853759154408,1,0.6543483819823412,0.12930310663308145,0.30730478589420657,no_interaction|interaction,2,True,0.23529411764705882,0.8596491228070176,0.23529411764705882,False,False,True
CCC(C)C(=O)OC1CC(C=C2C1C(C(C=C2)C)CCC3CC(CC(=O)O3)O)C,CNC(=C[N+](=O)[O-])NCCSCC1=CC=C(O1)CN(C)C,1,reported_twosides,0.9933713674545288,0.9745542851538672,0.9745542851538672,fitted,platt_logistic_regression,0.5027853759154408,1,0.11853570122924931,0.0033585222502099076,0.8648194794290512,interaction,1,False,0.7424242424242424,0.603448275862069,0.603448275862069,False,False,False
C1C(N(C2=C(N1)NC(=NC2=O)N)C=O)CNC3=CC=C(C=C3)C(=O)NC(CCC(=O)O)C(=O)O,CC1(C(N2C(S1)C(C2=O)NC(=O)C(C3=CC=CC=C3)N)C(=O)[O-])C,1,reported_twosides,0.1125616803765297,0.190884308578239,0.190884308578239,fitted,platt_logistic_regression,0.5027853759154408,0,0.48750268349183257,0.5172124265323258,0.0436607892527288,no_interaction,1,False,0.5256410256410257,0.6119402985074627,0.5256410256410257,False,False,False
CC12CCC3C(C1CCC2(C)O)CCC4C3(COC(=O)C4)C,CCC(C)C(=O)OC1CC(C=C2C1C(C(C=C2)C)CCC3CC(CC(=O)O3)O)C,0,unreported_twosides_sampled,0.9999555349349976,0.9992907446208477,0.9992907446208477,fitted,platt_logistic_regression,0.5027853759154408,1,0.0058520237117307234,0.0008396305625524769,0.9907640638119227,interaction,1,False,0.31343283582089554,0.7424242424242424,0.31343283582089554,False,False,True
CC1=C(SC=C1)C(=CCCN2CCCC(C2)C(=O)O)C3=C(C=CS3)C,CNC(=C[N+](=O)[O-])NCCSCC1=CC=C(O1)CN(C)C,1,reported_twosides,0.36041685938835144,0.4082059826322724,0.4082059826322724,fitted,platt_logistic_regression,0.5027853759154408,0,0.6761989310110978,0.2695214105793451,0.15449202350965574,no_interaction|interaction,2,True,0.26865671641791045,0.603448275862069,0.26865671641791045,False,False,True
CC(C)(C)NCC(C1=CC(=C(C=C1)O)CO)O,CC(C)C(C(=O)OCC(CO)OCN1C=NC2=C1NC(=NC2=O)N)N,1,reported_twosides,0.18529857695102692,0.26422315880249586,0.26422315880249586,fitted,platt_logistic_regression,0.5027853759154408,0,0.5774280207245399,0.4139378673383711,0.07556675062972293,no_interaction,1,False,0.5227272727272727,0.7307692307692307,0.5227272727272727,False,False,False
CC1=C(C(C(=C(N1)C)C(=O)OCC(C)C)C2=CC=CC=C2[N+](=O)[O-])C(=O)OC,CCCCC(=O)N(CC1=CC=C(C=C1)C2=CC=CC=C2C3=NNN=N3)C(C(C)C)C(=O)O,1,reported_twosides,0.9993608593940735,0.9951914910297351,0.9951914910297351,fitted,platt_logistic_regression,0.5027853759154408,1,0.030461712519572734,0.0008396305625524769,0.9462636439966414,interaction,1,False,0.8043478260869565,0.4533333333333333,0.4533333333333333,False,False,False
CC(C)(C)NCC(C1=CC(=C(C=C1)O)CO)O,CCOC(=O)N1CCC(=C2C3=C(CCC4=C2N=CC=C4)C=C(C=C3)Cl)CC1,1,reported_twosides,0.05973653867840767,0.12546345819778554,0.12546345819778554,fitted,platt_logistic_regression,0.5027853759154408,0,0.3776710283922259,0.6305625524769102,0.022670025188916875,no_interaction,1,False,0.5227272727272727,0.5892857142857143,0.5227272727272727,False,False,False
CC(C)C(C(=O)OCC(CO)OCN1C=NC2=C1NC(=NC2=O)N)N,CCN(C)C(=O)OC1=CC=CC(=C1)C(C)N(C)C,0,unreported_twosides_sampled,0.13868416845798492,0.21880675038593703,0.21880675038593703,fitted,platt_logistic_regression,0.5027853759154408,0,0.5253935513869946,0.47523089840470195,0.054575986565911,no_interaction,1,False,0.7307692307692307,0.32653061224489793,0.32653061224489793,False,False,True
C1CC(OC1CO)N2C=NC3=C2NC=NC3=O,CC12CCC3C(C1CCC2O)C(CC4=C3C=CC(=C4)O)CCCCCCCCCS(=O)CCCC(C(F)(F)F)(F)F,0,unreported_twosides_sampled,0.3412233591079712,0.39364176362739167,0.39364176362739167,fitted,platt_logistic_regression,0.5027853759154408,0,0.6703492492123828,0.2795969773299748,0.1452560873215785,no_interaction|interaction,2,True,0.3492063492063492,0.4492753623188406,0.3492063492063492,False,False,True
C1CC(C1)(C(=O)O)C(=O)O.N.N.[Pt],CC1=C(C(C(=C(N1)C)C(=O)OCC(C)C)C2=CC=CC=C2[N+](=O)[O-])C(=O)OC,0,unreported_twosides_sampled,0.9861896634101868,0.957390350752681,0.957390350752681,fitted,platt_logistic_regression,0.5027853759154408,1,0.17615086809042718,0.005877413937867338,0.8127623845507976,interaction,1,False,0.26666666666666666,0.8043478260869565,0.26666666666666666,False,False,True
CC1(C(N2C(S1)C(C2=O)NC(=O)C(C3=CC=CC=C3)N)C(=O)[O-])C,CC12CCC3C(C1CCC2C(=O)NC4=C(C=CC(=C4)C(F)(F)F)C(F)(F)F)CCC5C3(C=CC(=O)N5)C,0,unreported_twosides_sampled,0.006541919894516468,0.027319213378203054,0.027319213378203054,fitted,platt_logistic_regression,0.5027853759154408,0,0.12529627509909091,0.8589420654911839,0.0033585222502099076,no_interaction,1,False,0.6119402985074627,0.6417910447761194,0.6119402985074627,False,False,False
CC1=C(C(C(=C(N1)C)C(=O)OCC(C)C)C2=CC=CC=C2[N+](=O)[O-])C(=O)OC,CNC(=C[N+](=O)[O-])NCCSCC1=CC=C(O1)CN(C)C,1,reported_twosides,0.27781254053115845,0.3438787572467962,0.3438787572467962,fitted,platt_logistic_regression,0.5027853759154408,0,0.643574774209672,0.3224181360201511,0.1200671704450042,no_interaction|interaction,2,True,0.8043478260869565,0.603448275862069,0.603448275862069,False,False,False
CC(C)C(CCCN(C)CCC1=CC(=C(C=C1)OC)OC)(C#N)C2=CC(=C(C=C2)OC)OC,CC1=NN=C(S1)SCC2=C(N3C(C(C3=O)NC(=O)CN4C=NN=N4)SC2)C(=O)[O-],1,reported_twosides,0.9968156218528748,0.9848632030748056,0.9848632030748056,fitted,platt_logistic_regression,0.5027853759154408,1,0.07845431726135657,0.0008396305625524769,0.9000839630562553,interaction,1,False,0.23529411764705882,0.4574468085106383,0.23529411764705882,False,False,True
C1CC(C1)(C(=O)O)C(=O)O.N.N.[Pt],COC1=C(C=C(C=C1)C2=CC3=C(C=C2)C=C(C=C3)C(=O)O)C45CC6CC(C4)CC(C6)C5,0,unreported_twosides_sampled,0.20051704347133636,0.2781251123468348,0.2781251123468348,fitted,platt_logistic_regression,0.5027853759154408,0,0.5911738278333843,0.40218303946263645,0.07808564231738035,no_interaction,1,False,0.26666666666666666,0.288135593220339,0.26666666666666666,False,False,True
CN1C=NC(=C1SC2=NC=NC3=C2NC=N3)[N+](=O)[O-],CNC(=C[N+](=O)[O-])NCCSCC1=CC=C(O1)CN(C)C,1,reported_twosides,0.17180751264095306,0.25155539885951783,0.25155539885951783,fitted,platt_logistic_regression,0.5027853759154408,0,0.5640374824319536,0.4340890008396306,0.06968933669185558,no_interaction,1,False,0.25925925925925924,0.603448275862069,0.25925925925925924,False,False,True
CN1CCC23C=CC(CC2OC4=C(C=CC(=C34)C1)OC)O,C[N+](C)(C)CC(CC(=O)O)O,0,unreported_twosides_sampled,0.3854501247406006,0.42693894170120655,0.42693894170120655,fitted,platt_logistic_regression,0.5027853759154408,0,0.6824330246875585,0.2586062132661629,0.16204869857262805,no_interaction|interaction,2,True,0.375,0.36666666666666664,0.36666666666666664,False,False,True
C(CCl)NC(=O)N(CCCl)N=O,CC1CN(CCN1)C2=C(C=C3C(=C2OC)N(C=C(C3=O)C(=O)O)C4CC4)F,0,unreported_twosides_sampled,0.29326072335243225,0.35627533807862755,0.35627533807862755,fitted,platt_logistic_regression,0.5027853759154408,0,0.6512450054718235,0.31150293870696893,0.12678421494542402,no_interaction|interaction,2,True,0.2391304347826087,0.7230769230769231,0.2391304347826087,False,False,True
CCOC(=O)N1CCC(=C2C3=C(CCC4=C2N=CC=C4)C=C(C=C3)Cl)CC1,CN1CCC(=C2C3=C(C(=O)CC4=CC=CC=C42)SC=C3)CC1,1,reported_twosides,0.6558212041854858,0.623655648885396,0.623655648885396,fitted,platt_logistic_regression,0.5027853759154408,1,0.6622461134608095,0.1376994122586062,0.2955499580184719,no_interaction|interaction,2,True,0.5892857142857143,0.3018867924528302,0.3018867924528302,False,False,True
CC1=NN=C2N1C3=C(C=C(C=C3)Cl)C(=NC2)C4=CC=CC=C4,CCOC1=C(C=CC(=C1)CC(=O)NC(CC(C)C)C2=CC=CC=C2N3CCCCC3)C(=O)O,1,reported_twosides,0.3764756917953491,0.4202541315788665,0.4202541315788665,fitted,platt_logistic_regression,0.5027853759154408,0,0.6803738945520792,0.26028547439126787,0.15785054575986565,no_interaction|interaction,2,True,0.7659574468085106,0.2804878048780488,0.2804878048780488,False,False,True
C1=CC(=CC=C1N)S(=O)(=O)C2=CC=C(C=C2)N,CC12CCC3C(C1CCC2(C)O)CCC4C3(COC(=O)C4)C,1,reported_twosides,0.17670674622058868,0.2561955664749323,0.2561955664749323,fitted,platt_logistic_regression,0.5027853759154408,0,0.569039865645088,0.4282115869017632,0.07136859781696053,no_interaction,1,False,0.43333333333333335,0.31343283582089554,0.31343283582089554,False,False,True
CC1=C(C(=O)C2=CC=CC=C2C1=O)CC=C(C)CCCC(C)CCCC(C)CCCC(C)C,CCOC(=O)C(CCC1=CC=CC=C1)NC(C)C(=O)N2C3CCCCC3CC2C(=O)O,0,unreported_twosides_sampled,0.9882903099060059,0.9620343837895479,0.9620343837895479,fitted,platt_logistic_regression,0.5027853759154408,1,0.16142397844681594,0.0041981528127623844,0.8303946263643996,interaction,1,False,0.22058823529411764,0.9636363636363636,0.22058823529411764,False,False,True
CC(=O)OCC(=O)C12C(CC3C1(CC(C4(C3CC(C5=CC(=O)C=CC54C)F)F)O)C)OC(O2)(C)C,CC1=C(SC=C1)C(=CCCN2CCCC(C2)C(=O)O)C3=C(C=CS3)C,0,unreported_twosides_sampled,0.03542940691113472,0.08819481224003095,0.08819481224003095,fitted,platt_logistic_regression,0.5027853759154408,0,0.29834126215504864,0.7178841309823678,0.01343408900083963,no_interaction,1,False,0.8059701492537313,0.26865671641791045,0.26865671641791045,False,False,True
CC(C)C(CCCN(C)CCC1=CC(=C(C=C1)OC)OC)(C#N)C2=CC(=C(C=C2)OC)OC,CC1=NN=C2N1C3=C(C=C(C=C3)Cl)C(=NC2)C4=CC=CC=C4,1,reported_twosides,0.4316641092300415,0.4609196646270132,0.4609196646270132,fitted,platt_logistic_regression,0.5027853759154408,0,0.6900895176271598,0.23761544920235098,0.181360201511335,no_interaction|interaction,2,True,0.23529411764705882,0.7659574468085106,0.23529411764705882,False,False,True
C1CN=C(N1)NC2=C(C=CC=C2Cl)Cl,CN1CCC(=C2C3=C(C(=O)CC4=CC=CC=C42)SC=C3)CC1,0,unreported_twosides_sampled,0.5431293845176697,0.5413247372143069,0.5413247372143069,fitted,platt_logistic_regression,0.5027853759154408,1,0.6897278136110134,0.181360201511335,0.23845507976490343,no_interaction|interaction,2,True,0.5853658536585366,0.3018867924528302,0.3018867924528302,False,False,True
C1C(C(C(C(C1N)OC2C(C(C(C(O2)CN)O)O)O)O)OC3C(C(C(C(O3)CO)O)N)O)N,C1CC(C1)(C(=O)O)C(=O)O.N.N.[Pt],0,unreported_twosides_sampled,0.051363687962293625,0.11337693598296952,0.11337693598296952,fitted,platt_logistic_regression,0.5027853759154408,0,0.353517908525464,0.6565910999160369,0.019311502938706968,no_interaction,1,False,0.7727272727272727,0.26666666666666666,0.26666666666666666,False,False,True
CCC(C)C(=O)OC1CC(C=C2C1C(C(C=C2)C)CCC3CC(CC(=O)O3)O)C,CCOC1=C(C=CC(=C1)CC(=O)NC(CC(C)C)C2=CC=CC=C2N3CCCCC3)C(=O)O,1,reported_twosides,0.9904208183288574,0.9670226093713276,0.9670226093713276,fitted,platt_logistic_regression,0.5027853759154408,1,0.14494420887056264,0.0041981528127623844,0.8446683459277917,interaction,1,False,0.7424242424242424,0.2804878048780488,0.2804878048780488,False,False,True
C1CN=C(N1)NC2=C(C=CC=C2Cl)Cl,CC1=NN=C(S1)SCC2=C(N3C(C(C3=O)NC(=O)CN4C=NN=N4)SC2)C(=O)[O-],1,reported_twosides,0.9992989301681519,0.994862140280607,0.994862140280607,fitted,platt_logistic_regression,0.5027853759154408,1,0.03220690661411231,0.0008396305625524769,0.9429051217464316,interaction,1,False,0.5853658536585366,0.4574468085106383,0.4574468085106383,False,False,False
C1CN=C(N1)NC2=C(C=CC=C2Cl)Cl,CCCC1(CC(=O)C(=C(O1)O)C(CC)C2=CC(=CC=C2)NS(=O)(=O)C3=NC=C(C=C3)C(F)(F)F)CCC4=CC=CC=C4,0,unreported_twosides_sampled,0.8950064182281494,0.8296235603585437,0.8296235603585437,fitted,platt_logistic_regression,0.5027853759154408,1,0.4564826041301303,0.03526448362720403,0.5516372795969773,interaction,1,False,0.5853658536585366,0.2247191011235955,0.2247191011235955,False,False,True
CC1=C(C(C(=C(N1)C)C(=O)OCC(C)C)C2=CC=CC=C2[N+](=O)[O-])C(=O)OC,CCC(C)C(=O)OC1CC(C=C2C1C(C(C=C2)C)CCC3CC(CC(=O)O3)O)C,0,unreported_twosides_sampled,0.9994128942489624,0.9954753495873513,0.9954753495873513,fitted,platt_logistic_regression,0.5027853759154408,1,0.02893943426246106,0.0008396305625524769,0.9487825356842989,interaction,1,False,0.8043478260869565,0.7424242424242424,0.7424242424242424,False,False,False
CN1C(=C(NC2=CC=CC=N2)O)C(=O)C3=CC=CC=C3S1(=O)=O,CN1C=NC(=C1SC2=NC=NC3=C2NC=N3)[N+](=O)[O-],0,unreported_twosides_sampled,0.9726828932762146,0.9315969103557,0.9315969103557,fitted,platt_logistic_regression,0.5027853759154408,1,0.24948851039333858,0.007556675062972292,0.760705289672544,interaction,1,False,0.62,0.25925925925925924,0.25925925925925924,False,False,True
C1CN=C(N1)NC2=C(C=CC=C2Cl)Cl,CN1C(=C(NC2=CC=CC=N2)O)C(=O)C3=CC=CC=C3S1(=O)=O,1,reported_twosides,0.9990052580833435,0.9933998546255232,0.9933998546255232,fitted,platt_logistic_regression,0.5027853759154408,1,0.03971542599820003,0.0008396305625524769,0.9345088161209067,interaction,1,False,0.5853658536585366,0.62,0.5853658536585366,False,False,False
C(CCl)NC(=O)N(CCCl)N=O,CC(C)(C(=O)O)ON=C(C1=CSC(=N1)N)C(=O)NC2C3N(C2=O)C(=C(CS3)C[N+]4=CC=CC=C4)C(=O)[O-],1,reported_twosides,0.0011887685395777225,0.008136692386513043,0.008136692386513043,fitted,platt_logistic_regression,0.5027853759154408,0,0.04725214938923942,0.9269521410579346,0.0008396305625524769,no_interaction,1,False,0.2391304347826087,0.6428571428571429,0.2391304347826087,False,False,True
C1CC(C1)(C(=O)O)C(=O)O.N.N.[Pt],CCN(C)C(=O)OC1=CC=CC(=C1)C(C)N(C)C,0,unreported_twosides_sampled,0.9992445707321167,0.9945798756652673,0.9945798756652673,fitted,platt_logistic_regression,0.5027853759154408,1,0.03368564754263907,0.0008396305625524769,0.9403862300587741,interaction,1,False,0.26666666666666666,0.32653061224489793,0.26666666666666666,False,False,True
CC(C)(C(=O)O)ON=C(C1=CSC(=N1)N)C(=O)NC2C3N(C2=O)C(=C(CS3)C[N+]4=CC=CC=C4)C(=O)[O-],CC1CC2C3CCC4=CC(=O)C=CC4(C3(C(CC2(C1(C(=O)CO)O)C)O)F)C,1,reported_twosides,0.03448464348912239,0.0865878576098397,0.0865878576098397,fitted,platt_logistic_regression,0.5027853759154408,0,0.2945714671337287,0.7220822837951302,0.012594458438287154,no_interaction,1,False,0.6428571428571429,0.8596491228070176,0.6428571428571429,False,False,False
CC1CC2C3CCC4=CC(=O)C=CC4(C3(C(CC2(C1(C(=O)CO)O)C)O)F)C,CCCCC(=O)N(CC1=CC=C(C=C1)C2=CC=CC=C2C3=NNN=N3)C(C(C)C)C(=O)O,1,reported_twosides,0.9252743721008301,0.8643094690821654,0.8643094690821654,fitted,platt_logistic_regression,0.5027853759154408,1,0.3970627515715236,0.027707808564231738,0.6087321578505458,interaction,1,False,0.8596491228070176,0.4533333333333333,0.4533333333333333,False,False,False
C1CC(C1)(C(=O)O)C(=O)O.N.N.[Pt],CN1CCC23C=CC(CC2OC4=C(C=CC(=C34)C1)OC)O,0,unreported_twosides_sampled,0.9998428821563721,0.9982429513955657,0.9982429513955657,fitted,platt_logistic_regression,0.5027853759154408,1,0.012902430942664753,0.0008396305625524769,0.9748110831234257,interaction,1,False,0.26666666666666666,0.375,0.26666666666666666,False,False,True
C(CCl)NC(=O)N(CCCl)N=O,CC12CCC3C(C1CCC2O)C(CC4=C3C=CC(=C4)O)CCCCCCCCCS(=O)CCCC(C(F)(F)F)(F)F,0,unreported_twosides_sampled,0.07718496769666672,0.14882593086183743,0.14882593086183743,fitted,platt_logistic_regression,0.5027853759154408,0,0.4206671289372018,0.5885810243492863,0.0327455919395466,no_interaction,1,False,0.2391304347826087,0.4492753623188406,0.2391304347826087,False,False,True
CC(C)(C)NCC(C1=CC(=C(C=C1)O)CO)O,CC12CCC3C(C1CCC2O)C(CC4=C3C=CC(=C4)O)CCCCCCCCCS(=O)CCCC(C(F)(F)F)(F)F,1,reported_twosides,0.15057270228862762,0.23085981867997515,0.23085981867997515,fitted,platt_logistic_regression,0.5027853759154408,0,0.5403131846578703,0.46011754827875734,0.05877413937867338,no_interaction,1,False,0.5227272727272727,0.4492753623188406,0.4492753623188406,False,False,False
C1=CC(=CC=C1N)S(=O)(=O)C2=CC=C(C=C2)N,CC(C)(C)NCC(C1=CC(=C(C=C1)O)CO)O,1,reported_twosides,0.0020239651203155518,0.011893991060998053,0.011893991060998053,fitted,platt_logistic_regression,0.5027853759154408,0,0.0645338368031842,0.90848026868178,0.0008396305625524769,no_interaction,1,False,0.43333333333333335,0.5227272727272727,0.43333333333333335,False,False,False
C1C(N(C2=C(N1)NC(=NC2=O)N)C=O)CNC3=CC=C(C=C3)C(=O)NC(CCC(=O)O)C(=O)O,CN1CCC23C=CC(CC2OC4=C(C=CC(=C34)C1)OC)O,0,unreported_twosides_sampled,0.9957096576690674,0.9812953923376091,0.9812953923376091,fitted,platt_logistic_regression,0.5027853759154408,1,0.09295393604653984,0.0008396305625524769,0.8866498740554156,interaction,1,False,0.5256410256410257,0.375,0.375,False,False,True
C1CN=C(N1)NC2=C(C=CC=C2Cl)Cl,CC1=NN=C2N1C3=C(C=C(C=C3)Cl)C(=NC2)C4=CC=CC=C4,1,reported_twosides,0.44422218203544617,0.47005232623715926,0.47005232623715926,fitted,platt_logistic_regression,0.5027853759154408,0,0.6913523802056618,0.23089840470193115,0.18723761544920234,no_interaction|interaction,2,True,0.5853658536585366,0.7659574468085106,0.5853658536585366,False,False,False
C1=CC(=C2NC(=C3C=CC=CC3=O)N(N2)C4=CC=C(C=C4)C(=O)O)C(=O)C=C1,CC(C)C(C(=O)OCC(CO)OCN1C=NC2=C1NC(=NC2=O)N)N,0,unreported_twosides_sampled,0.37615835666656494,0.42001715211351737,0.42001715211351737,fitted,platt_logistic_regression,0.5027853759154408,0,0.6802975358341717,0.26028547439126787,0.15785054575986565,no_interaction|interaction,2,True,0.22033898305084745,0.7307692307692307,0.22033898305084745,False,False,True
C1CC(C1)(C(=O)O)C(=O)O.N.N.[Pt],CCC(C)C(=O)OC1CC(C=C2C1C(C(C=C2)C)CCC3CC(CC(=O)O3)O)C,1,reported_twosides,0.9996640682220459,0.9969680771534384,0.9969680771534384,fitted,platt_logistic_regression,0.5027853759154408,1,0.020608103175523557,0.0008396305625524769,0.963056255247691,interaction,1,False,0.26666666666666666,0.7424242424242424,0.26666666666666666,False,False,True
CCCC1(CC(=O)C(=C(O1)O)C(CC)C2=CC(=CC=C2)NS(=O)(=O)C3=NC=C(C=C3)C(F)(F)F)CCC4=CC=CC=C4,CCCCC(=O)N(CC1=CC=C(C=C1)C2=CC=CC=C2C3=NNN=N3)C(C(C)C)C(=O)O,0,unreported_twosides_sampled,0.6433415412902832,0.6143529654114562,0.6143529654114562,fitted,platt_logistic_regression,0.5027853759154408,1,0.6667610740606749,0.14273719563392107,0.28883291351805207,no_interaction|interaction,2,True,0.2247191011235955,0.4533333333333333,0.2247191011235955,False,False,True
C(CCl)NC(=O)N(CCCl)N=O,C1CC(C1)CN2CCC34C5C(CCC3(C2CC6=C4C(=C(C=C6)O)O5)O)O,0,unreported_twosides_sampled,0.006837211083620787,0.02818188859054703,0.02818188859054703,fitted,platt_logistic_regression,0.5027853759154408,0,0.12836429059078935,0.855583543240974,0.0033585222502099076,no_interaction,1,False,0.2391304347826087,0.6451612903225806,0.2391304347826087,False,False,True
CC1CN(CCN1)C2=C(C=C3C(=C2OC)N(C=C(C3=O)C(=O)O)C4CC4)F,CN1C(=C(NC2=CC=CC=N2)O)C(=O)C3=CC=CC=C3S1(=O)=O,0,unreported_twosides_sampled,0.9954606890678406,0.9805323413241515,0.9805323413241515,fitted,platt_logistic_regression,0.5027853759154408,1,0.09596004355959965,0.0008396305625524769,0.8799328295549959,interaction,1,False,0.7230769230769231,0.62,0.62,False,False,False
C1CC(C1)(C(=O)O)C(=O)O.N.N.[Pt],CCCCC(=O)N(CC1=CC=C(C=C1)C2=CC=CC=C2C3=NNN=N3)C(C(C)C)C(=O)O,1,reported_twosides,0.9999039173126221,0.9987659464903509,0.9987659464903509,fitted,platt_logistic_regression,0.5027853759154408,1,0.009498304654183701,0.0008396305625524769,0.9832073887489504,interaction,1,False,0.26666666666666666,0.4533333333333333,0.26666666666666666,False,False,True
C1C(N(C2=C(N1)NC(=NC2=O)N)C=O)CNC3=CC=C(C=C3)C(=O)NC(CCC(=O)O)C(=O)O,CC(C)C(CCCN(C)CCC1=CC(=C(C=C1)OC)OC)(C#N)C2=CC(=C(C=C2)OC)OC,1,reported_twosides,0.9188729524612427,0.8566114447326802,0.8566114447326802,fitted,platt_logistic_regression,0.5027853759154408,1,0.41106732956579384,0.031066330814441646,0.5978169605373636,interaction,1,False,0.5256410256410257,0.23529411764705882,0.23529411764705882,False,False,True
C(CCl)NC(=O)N(CCCl)N=O,CC1=C(SC=C1)C(=CCCN2CCCC(C2)C(=O)O)C3=C(C=CS3)C,0,unreported_twosides_sampled,0.003996880725026131,0.019288180322187053,0.019288180322187053,fitted,platt_logistic_regression,0.5027853759154408,0,0.09525576036440525,0.8807724601175483,0.0008396305625524769,no_interaction,1,False,0.2391304347826087,0.26865671641791045,0.2391304347826087,False,False,True
CC1=NN=C(S1)SCC2=C(N3C(C(C3=O)NC(=O)CN4C=NN=N4)SC2)C(=O)[O-],CN1C(=C(NC2=CC=CC=N2)O)C(=O)C3=CC=CC=C3S1(=O)=O,0,unreported_twosides_sampled,0.9930846691131592,0.9737825417941922,0.9737825417941922,fitted,platt_logistic_regression,0.5027853759154408,1,0.12133714763552589,0.0033585222502099076,0.8639798488664987,interaction,1,False,0.4574468085106383,0.62,0.4574468085106383,False,False,False
CC(C)C(C(=O)OCC(CO)OCN1C=NC2=C1NC(=NC2=O)N)N,CC(C=CC(C)C(C)(C)O)C1CCC2C1(CCCC2=CC=C3CC(CC(C3)O)O)C,0,unreported_twosides_sampled,0.9833590388298035,0.9514744833321024,0.9514744833321024,fitted,platt_logistic_regression,0.5027853759154408,1,0.19415061554579663,0.005877413937867338,0.801007556675063,interaction,1,False,0.7307692307692307,0.5625,0.5625,False,False,False
CC1=NN=C(S1)SCC2=C(N3C(C(C3=O)NC(=O)CN4C=NN=N4)SC2)C(=O)[O-],CN(C)CCC1=CNC2=C1C=C(C=C2)CC3COC(=O)N3,0,unreported_twosides_sampled,0.9362979531288147,0.878136654404025,0.878136654404025,fitted,platt_logistic_regression,0.5027853759154408,1,0.370621210492681,0.0218303946263644,0.6381192275398825,interaction,1,False,0.4574468085106383,0.543859649122807,0.4574468085106383,False,False,False
CN(C)CCC1=CNC2=C1C=C(C=C2)CC3COC(=O)N3,CNC(=C[N+](=O)[O-])NCCSCC1=CC=C(O1)CN(C)C,1,reported_twosides,0.1533355712890625,0.23361014963127305,0.23361014963127305,fitted,platt_logistic_regression,0.5027853759154408,0,0.5436018634776811,0.45591939546599497,0.060453400503778336,no_interaction,1,False,0.543859649122807,0.603448275862069,0.543859649122807,False,False,False
CC1=C(C(C(=C(N1)C)C(=O)OCC(C)C)C2=CC=CC=C2[N+](=O)[O-])C(=O)OC,CN1CCC(=C2C3=C(C(=O)CC4=CC=CC=C42)SC=C3)CC1,0,unreported_twosides_sampled,0.8132880926132202,0.7502452130034876,0.7502452130034876,fitted,platt_logistic_regression,0.5027853759154408,1,0.5620655902197536,0.06968933669185558,0.434928631402183,interaction,1,False,0.8043478260869565,0.3018867924528302,0.3018867924528302,False,False,True
C1CC(OC1CO)N2C=NC3=C2NC=NC3=O,CN1C=NC(=C1SC2=NC=NC3=C2NC=N3)[N+](=O)[O-],0,unreported_twosides_sampled,0.8174577355384827,0.7539605580868504,0.7539605580868504,fitted,platt_logistic_regression,0.5027853759154408,1,0.5579420488134614,0.0688497061293031,0.43828715365239296,interaction,1,False,0.3492063492063492,0.25925925925925924,0.25925925925925924,False,False,True
CC1CC2C3CCC4=CC(=O)C=CC4(C3(C(CC2(C1(C(=O)CO)O)C)O)F)C,CCOC1=C(C=CC(=C1)CC(=O)NC(CC(C)C)C2=CC=CC=C2N3CCCCC3)C(=O)O,1,reported_twosides,0.9462827444076538,0.8914061419789298,0.8914061419789298,fitted,platt_logistic_regression,0.5027853759154408,1,0.3435653218979404,0.016792611251049538,0.6658270361041142,interaction,1,False,0.8596491228070176,0.2804878048780488,0.2804878048780488,False,False,True
CC(C)(C)NCC(C1=CC(=C(C=C1)O)CO)O,CN(C)CCC1=CNC2=C1C=C(C=C2)CC3COC(=O)N3,1,reported_twosides,0.33213332295417786,0.3866740652609713,0.3866740652609713,fitted,platt_logistic_regression,0.5027853759154408,0,0.6672370826215022,0.2871536523929471,0.14357682619647355,no_interaction|interaction,2,True,0.5227272727272727,0.543859649122807,0.5227272727272727,False,False,False
C1CC(OC1CO)N2C=NC3=C2NC=NC3=O,CC(C)C(CCCN(C)CCC1=CC(=C(C=C1)OC)OC)(C#N)C2=CC(=C(C=C2)OC)OC,1,reported_twosides,0.8108420968055725,0.7480783870704172,0.7480783870704172,fitted,platt_logistic_regression,0.5027853759154408,1,0.5644364220184235,0.06968933669185558,0.4340890008396306,interaction,1,False,0.3492063492063492,0.23529411764705882,0.23529411764705882,False,False,True
CC12CCC3C(C1CCC2(C#C)O)CCC4=CC(=O)CCC34,CN1CC(=O)N2C(C1=O)CC3=C(C2C4=CC5=C(C=C4)OCO5)NC6=CC=CC=C36,0,unreported_twosides_sampled,0.09069950133562088,0.16559888689510815,0.16559888689510815,fitted,platt_logistic_regression,0.5027853759154408,0,0.4488385720306317,0.5600335852225021,0.03526448362720403,no_interaction,1,False,0.7169811320754716,0.24050632911392406,0.24050632911392406,False,False,True
C1=CC(=CC=C1N)S(=O)(=O)C2=CC=C(C=C2)N,C1CC(C1)(C(=O)O)C(=O)O.N.N.[Pt],0,unreported_twosides_sampled,0.0465589240193367,0.10612058734538198,0.10612058734538198,fitted,platt_logistic_regression,0.5027853759154408,0,0.3383268196816842,0.670864819479429,0.016792611251049538,no_interaction,1,False,0.43333333333333335,0.26666666666666666,0.26666666666666666,False,False,True
CC12CCC3C(C1CCC2O)C(CC4=C3C=CC(=C4)O)CCCCCCCCCS(=O)CCCC(C(F)(F)F)(F)F,CC1=NN=C2N1C3=C(C=C(C=C3)Cl)C(=NC2)C4=CC=CC=C4,0,unreported_twosides_sampled,0.35895073413848877,0.40710007930149245,0.40710007930149245,fitted,platt_logistic_regression,0.5027853759154408,0,0.6757856811212446,0.2703610411418976,0.1528127623845508,no_interaction|interaction,2,True,0.4492753623188406,0.7659574468085106,0.4492753623188406,False,False,False
C1C(N(C2=C(N1)NC(=NC2=O)N)C=O)CNC3=CC=C(C=C3)C(=O)NC(CCC(=O)O)C(=O)O,CC1=C(C(=O)C2=CC=CC=C2C1=O)CC=C(C)CCCC(C)CCCC(C)CCCC(C)C,1,reported_twosides,0.13962121307849884,0.2197702336789332,0.2197702336789332,fitted,platt_logistic_regression,0.5027853759154408,0,0.5266170000621306,0.47103274559193953,0.056255247691015954,no_interaction,1,False,0.5256410256410257,0.22058823529411764,0.22058823529411764,False,False,True
C1CN=C(N1)NC2=C(C=CC=C2Cl)Cl,CN1CC(=O)N2C(C1=O)CC3=C(C2C4=CC5=C(C=C4)OCO5)NC6=CC=CC=C36,1,reported_twosides,0.9205856323242188,0.8586493298088007,0.8586493298088007,fitted,platt_logistic_regression,0.5027853759154408,1,0.4074077873687363,0.02938706968933669,0.5978169605373636,interaction,1,False,0.5853658536585366,0.24050632911392406,0.24050632911392406,False,False,True
CC1CC2C3CCC4=CC(=O)C=CC4(C3(C(CC2(C1(C(=O)CO)O)C)O)F)C,CCC(C)C(=O)OC1CC(C=C2C1C(C(C=C2)C)CCC3CC(CC(=O)O3)O)C,1,reported_twosides,0.997448205947876,0.9870695801600882,0.9870695801600882,fitted,platt_logistic_regression,0.5027853759154408,1,0.06907015676282914,0.0008396305625524769,0.9059613769941226,interaction,1,False,0.8596491228070176,0.7424242424242424,0.7424242424242424,False,False,False
C1C(N(C2=C(N1)NC(=NC2=O)N)C=O)CNC3=CC=C(C=C3)C(=O)NC(CCC(=O)O)C(=O)O,CCN(C)C(=O)OC1=CC=CC(=C1)C(C)N(C)C,0,unreported_twosides_sampled,0.8784909248352051,0.8122137480955909,0.8122137480955909,fitted,platt_logistic_regression,0.5027853759154408,1,0.4829970381288654,0.041981528127623846,0.5247691015952981,interaction,1,False,0.5256410256410257,0.32653061224489793,0.32653061224489793,False,False,True
C1=CC(=CC=C1N)S(=O)(=O)C2=CC=C(C=C2)N,C[N+](C)(C)CC(CC(=O)O)O,0,unreported_twosides_sampled,0.28036263585090637,0.3459390797376765,0.3459390797376765,fitted,platt_logistic_regression,0.5027853759154408,0,0.6448964607417547,0.31905961376994124,0.12090680100755667,no_interaction|interaction,2,True,0.43333333333333335,0.36666666666666664,0.36666666666666664,False,False,True
C1CC(OC1CO)N2C=NC3=C2NC=NC3=O,CCOC1=C(C=CC(=C1)CC(=O)NC(CC(C)C)C2=CC=CC=C2N3CCCCC3)C(=O)O,1,reported_twosides,0.4212443232536316,0.45331368725553367,0.45331368725553367,fitted,platt_logistic_regression,0.5027853759154408,0,0.6887816004940527,0.23845507976490343,0.18052057094878254,no_interaction|interaction,2,True,0.3492063492063492,0.2804878048780488,0.2804878048780488,False,False,True
CN1CCC23C=CC(CC2OC4=C(C=CC(=C34)C1)OC)O,CNC(=C[N+](=O)[O-])NCCSCC1=CC=C(O1)CN(C)C,1,reported_twosides,0.930604100227356,0.8708979322092055,0.8708979322092055,fitted,platt_logistic_regression,0.5027853759154408,1,0.3846762027170333,0.023509655751469353,0.6221662468513854,interaction,1,False,0.375,0.603448275862069,0.375,False,False,True
CC(C)(C)NCC(C1=CC(=C(C=C1)O)CO)O,CCC(C)C(=O)OC1CC(C=C2C1C(C(C=C2)C)CCC3CC(CC(=O)O3)O)C,1,reported_twosides,0.8991516828536987,0.8341412672658418,0.8341412672658418,fitted,platt_logistic_regression,0.5027853759154408,1,0.4492585363930327,0.03526448362720403,0.5591939546599496,interaction,1,False,0.5227272727272727,0.7424242424242424,0.5227272727272727,False,False,False
CC(=O)OCC(=O)C12C(CC3C1(CC(C4(C3CC(C5=CC(=O)C=CC54C)F)F)O)C)OC(O2)(C)C,CC1C2C(C(=O)N2C(=C1SC3CC(NC3)C(=O)NC4=CC=CC(=C4)C(=O)O)C(=O)O)C(C)O,0,unreported_twosides_sampled,0.18337999284267426,0.2624423145059345,0.2624423145059345,fitted,platt_logistic_regression,0.5027853759154408,0,0.575596031315273,0.417296389588581,0.07472712006717044,no_interaction,1,False,0.8059701492537313,0.23529411764705882,0.23529411764705882,False,False,True
C1=CC(=CC=C1N)S(=O)(=O)C2=CC=C(C=C2)N,C1C(OC(S1)CO)N2C=C(C(=NC2=O)N)F,1,reported_twosides,0.8456288576126099,0.7798543357991696,0.7798543357991696,fitted,platt_logistic_regression,0.5027853759154408,1,0.5270922618977797,0.056255247691015954,0.47103274559193953,interaction,1,False,0.43333333333333335,0.6326530612244898,0.43333333333333335,False,False,False
C(CCl)NC(=O)N(CCCl)N=O,CC1CC2C3CCC4=CC(=O)C=CC4(C3(C(CC2(C1(C(=O)CO)O)C)O)F)C,1,reported_twosides,0.10287463665008545,0.1799291506729077,0.1799291506729077,fitted,platt_logistic_regression,0.5027853759154408,0,0.4712860376049357,0.5365239294710328,0.037783375314861464,no_interaction,1,False,0.2391304347826087,0.8596491228070176,0.2391304347826087,False,False,True
CC1=C(C(C(=C(N1)C)C(=O)OCC(C)C)C2=CC=CC=C2[N+](=O)[O-])C(=O)OC,CN1C(=C(NC2=CC=CC=N2)O)C(=O)C3=CC=CC=C3S1(=O)=O,0,unreported_twosides_sampled,0.9978029131889343,0.9883771129257193,0.9883771129257193,fitted,platt_logistic_regression,0.5027853759154408,1,0.0633324725313106,0.0008396305625524769,0.90848026868178,interaction,1,False,0.8043478260869565,0.62,0.62,False,False,False
CC(C)(C)NCC(C1=CC(=C(C=C1)O)CO)O,CC1=C(C(C(=C(N1)C)C(=O)OCC(C)C)C2=CC=CC=C2[N+](=O)[O-])C(=O)OC,1,reported_twosides,0.8345978260040283,0.7695399197257143,0.7695399197257143,fitted,platt_logistic_regression,0.5027853759154408,1,0.539831664316111,0.05793450881612091,0.4609571788413098,interaction,1,False,0.5227272727272727,0.8043478260869565,0.5227272727272727,False,False,False
CC(=O)OCC(=O)C12C(CC3C1(CC(C4(C3CC(C5=CC(=O)C=CC54C)F)F)O)C)OC(O2)(C)C,CC(C)(C)NCC(C1=CC(=C(C=C1)O)CO)O,1,reported_twosides,0.013726179488003254,0.04590952258190994,0.04590952258190994,fitted,platt_logistic_regression,0.5027853759154408,0,0.18629020930620685,0.8052057094878253,0.005877413937867338,no_interaction,1,False,0.8059701492537313,0.5227272727272727,0.5227272727272727,False,False,False
CC1=NN=C2N1C3=C(C=C(C=C3)Cl)C(=NC2)C4=CC=CC=C4,CN1CC(=O)N2C(C1=O)CC3=C(C2C4=CC5=C(C=C4)OCO5)NC6=CC=CC=C36,1,reported_twosides,0.8286799788475037,0.7641025775646826,0.7641025775646826,fitted,platt_logistic_regression,0.5027853759154408,1,0.5463046513346176,0.061293031066330814,0.45256087321578503,interaction,1,False,0.7659574468085106,0.24050632911392406,0.24050632911392406,False,False,True
C(CCl)NC(=O)N(CCCl)N=O,CCC(C)C(=O)OC1CC(C=C2C1C(C(C=C2)C)CCC3CC(CC(=O)O3)O)C,0,unreported_twosides_sampled,0.27458682656288147,0.34126430783134454,0.34126430783134454,fitted,platt_logistic_regression,0.5027853759154408,0,0.6418705264261859,0.327455919395466,0.11922753988245172,no_interaction|interaction,2,True,0.2391304347826087,0.7424242424242424,0.2391304347826087,False,False,True
CNC(=C[N+](=O)[O-])NCCSCC1=CC=C(O1)CN(C)C,C[N+](C)(C)CC(CC(=O)O)O,1,reported_twosides,0.048787929117679596,0.10951869346042771,0.10951869346042771,fitted,platt_logistic_regression,0.5027853759154408,0,0.3455078649149038,0.6624685138539043,0.016792611251049538,no_interaction,1,False,0.603448275862069,0.36666666666666664,0.36666666666666664,False,False,True
CC12CCC3C(C1CCC2O)C(CC4=C3C=CC(=C4)O)CCCCCCCCCS(=O)CCCC(C(F)(F)F)(F)F,CN1C=NC(=C1SC2=NC=NC3=C2NC=N3)[N+](=O)[O-],0,unreported_twosides_sampled,0.8839783668518066,0.817900298211288,0.817900298211288,fitted,platt_logistic_regression,0.5027853759154408,1,0.4745624746092983,0.037783375314861464,0.5323257766582704,interaction,1,False,0.4492753623188406,0.25925925925925924,0.25925925925925924,False,False,True
C1=CC(=CC=C1N)S(=O)(=O)C2=CC=C(C=C2)N,CC1=NN=C2N1C3=C(C=C(C=C3)Cl)C(=NC2)C4=CC=CC=C4,0,unreported_twosides_sampled,0.08652796596288681,0.16052689671673948,0.16052689671673948,fitted,platt_logistic_regression,0.5027853759154408,0,0.44054256243365,0.5709487825356843,0.03526448362720403,no_interaction,1,False,0.43333333333333335,0.7659574468085106,0.43333333333333335,False,False,False
C1CC(C1)(C(=O)O)C(=O)O.N.N.[Pt],CC1C2C(C(=O)N2C(=C1SC3CC(NC3)C(=O)NC4=CC=CC(=C4)C(=O)O)C(=O)O)C(C)O,1,reported_twosides,0.9998717308044434,0.9984812247207476,0.9984812247207476,fitted,platt_logistic_regression,0.5027853759154408,1,0.011374246630052947,0.0008396305625524769,0.9773299748110831,interaction,1,False,0.26666666666666666,0.23529411764705882,0.23529411764705882,False,False,True
C1C(N(C2=C(N1)NC(=NC2=O)N)C=O)CNC3=CC=C(C=C3)C(=O)NC(CCC(=O)O)C(=O)O,CN1C=NC(=C1SC2=NC=NC3=C2NC=N3)[N+](=O)[O-],0,unreported_twosides_sampled,0.3204052746295929,0.37761067444088037,0.37761067444088037,fitted,platt_logistic_regression,0.5027853759154408,0,0.6628823109737523,0.29135180520570947,0.1385390428211587,no_interaction|interaction,2,True,0.5256410256410257,0.25925925925925924,0.25925925925925924,False,False,True
C1=CC(=CC=C1N)S(=O)(=O)C2=CC=C(C=C2)N,CC1=NN=C(S1)SCC2=C(N3C(C(C3=O)NC(=O)CN4C=NN=N4)SC2)C(=O)[O-],1,reported_twosides,0.5456947088241577,0.5431717305972752,0.5431717305972752,fitted,platt_logistic_regression,0.5027853759154408,1,0.6894149383881154,0.18052057094878254,0.23845507976490343,no_interaction|interaction,2,True,0.43333333333333335,0.4574468085106383,0.43333333333333335,False,False,False
CC12CCC3C(C1CCC2(C)O)CCC4C3(COC(=O)C4)C,CCOC1=C(C=CC(=C1)CC(=O)NC(CC(C)C)C2=CC=CC=C2N3CCCCC3)C(=O)O,0,unreported_twosides_sampled,0.9962653517723083,0.9830484743182721,0.9830484743182721,fitted,platt_logistic_regression,0.5027853759154408,1,0.08592513716277562,0.0008396305625524769,0.8916876574307305,interaction,1,False,0.31343283582089554,0.2804878048780488,0.2804878048780488,False,False,True
CC1CC2C3CCC4=CC(=O)C=CC4(C3(C(CC2(C1(C(=O)CO)O)C)O)F)C,CCOC(=O)C(CCC1=CC=CC=C1)NC(C)C(=O)N2C3CCCCC3CC2C(=O)O,1,reported_twosides,0.8817090392112732,0.8155374299214233,0.8155374299214233,fitted,platt_logistic_regression,0.5027853759154408,1,0.47809326207216496,0.03946263643996641,0.5306465155331654,interaction,1,False,0.8596491228070176,0.9636363636363636,0.8596491228070176,False,False,False
CC12CCC3C(C1CCC2(C#C)O)CCC4=CC(=O)CCC34,CN1C(=C(NC2=CC=CC=N2)O)C(=O)C3=CC=CC=C3S1(=O)=O,0,unreported_twosides_sampled,0.6182006597518921,0.595792132382166,0.595792132382166,fitted,platt_logistic_regression,0.5027853759154408,1,0.6746809652848366,0.15113350125944586,0.27204030226700254,no_interaction|interaction,2,True,0.7169811320754716,0.62,0.62,False,False,False
C1CC(OC1CO)N2C=NC3=C2NC=NC3=O,CC1=NN=C2N1C3=C(C=C(C=C3)Cl)C(=NC2)C4=CC=CC=C4,1,reported_twosides,0.8857831358909607,0.8197910681218558,0.8197910681218558,fitted,platt_logistic_regression,0.5027853759154408,1,0.4717101523091715,0.037783375314861464,0.5365239294710328,interaction,1,False,0.3492063492063492,0.7659574468085106,0.3492063492063492,False,False,True
CC1=C(SC=C1)C(=CCCN2CCCC(C2)C(=O)O)C3=C(C=CS3)C,COC1=C(C=C(C=C1)C2=CC3=C(C=C2)C=C(C=C3)C(=O)O)C45CC6CC(C4)CC(C6)C5,0,unreported_twosides_sampled,0.08105138689279556,0.15372833992019688,0.15372833992019688,fitted,platt_logistic_regression,0.5027853759154408,0,0.4291221255416796,0.5785054575986566,0.033585222502099076,no_interaction,1,False,0.26865671641791045,0.288135593220339,0.26865671641791045,False,False,True
CC1(C(N2C(S1)C(C2=O)NC(=O)C(C3=CC=CC=C3)N)C(=O)[O-])C,CCOC1=C(C=CC(=C1)CC(=O)NC(CC(C)C)C2=CC=CC=C2N3CCCCC3)C(=O)O,0,unreported_twosides_sampled,0.07784819602966309,0.14967319916290708,0.14967319916290708,fitted,platt_logistic_regression,0.5027853759154408,0,0.4221417996595296,0.5885810243492863,0.0327455919395466,no_interaction,1,False,0.6119402985074627,0.2804878048780488,0.2804878048780488,False,False,True
C1CC(C1)(C(=O)O)C(=O)O.N.N.[Pt],CC12CCC3C(C1CCC2C(=O)NC4=C(C=CC(=C4)C(F)(F)F)C(F)(F)F)CCC5C3(C=CC(=O)N5)C,1,reported_twosides,0.079212985932827,0.15140837329406337,0.15140837329406337,fitted,platt_logistic_regression,0.5027853759154408,0,0.42514429506800966,0.5843828715365239,0.0327455919395466,no_interaction,1,False,0.26666666666666666,0.6417910447761194,0.26666666666666666,False,False,True
C1C(OC(S1)CO)N2C=C(C(=NC2=O)N)F,C1CC(C1)(C(=O)O)C(=O)O.N.N.[Pt],0,unreported_twosides_sampled,0.1253342479467392,0.20480694417742287,0.20480694417742287,fitted,platt_logistic_regression,0.5027853759154408,0,0.5069944829772504,0.49538203190596136,0.047019311502938706,no_interaction,1,False,0.6326530612244898,0.26666666666666666,0.26666666666666666,False,False,True
CC(C)(C(=O)O)ON=C(C1=CSC(=N1)N)C(=O)NC2C3N(C2=O)C(=C(CS3)C[N+]4=CC=CC=C4)C(=O)[O-],CN1CCC23C=CC(CC2OC4=C(C=CC(=C34)C1)OC)O,0,unreported_twosides_sampled,0.2004828006029129,0.2780942578040145,0.2780942578040145,fitted,platt_logistic_regression,0.5027853759154408,0,0.5911443969925143,0.40218303946263645,0.07808564231738035,no_interaction,1,False,0.6428571428571429,0.375,0.375,False,False,True
C1=CC(=CC=C1N)S(=O)(=O)C2=CC=C(C=C2)N,CC1=C(C(=O)C2=CC=CC=C2C1=O)CC=C(C)CCCC(C)CCCC(C)CCCC(C)C,0,unreported_twosides_sampled,0.00736113078892231,0.029684661136588738,0.029684661136588738,fitted,platt_logistic_regression,0.5027853759154408,0,0.13364430477083553,0.852225020990764,0.0033585222502099076,no_interaction,1,False,0.43333333333333335,0.22058823529411764,0.22058823529411764,False,False,True
CC12CCC3C(C1CCC2(C)O)CCC4C3(COC(=O)C4)C,CC1=C(C(=O)C2=CC=CC=C2C1=O)CC=C(C)CCCC(C)CCCC(C)CCCC(C)C,0,unreported_twosides_sampled,0.9973552227020264,0.986735908148256,0.986735908148256,fitted,platt_logistic_regression,0.5027853759154408,1,0.0705123525333704,0.0008396305625524769,0.9042821158690176,interaction,1,False,0.31343283582089554,0.22058823529411764,0.22058823529411764,False,False,True
CC1(C(N2C(S1)C(C2=O)NC(=O)C(C3=CC=CC=C3)N)C(=O)[O-])C,CCCN1CC(CC2C1CC3=CNC4=CC=CC2=C34)CSC,0,unreported_twosides_sampled,0.032945550978183746,0.08393677030451645,0.08393677030451645,fitted,platt_logistic_regression,0.5027853759154408,0,0.2882805834909783,0.7279596977329975,0.012594458438287154,no_interaction,1,False,0.6119402985074627,0.42168674698795183,0.42168674698795183,False,False,False
C1CC(OC1CO)N2C=NC3=C2NC=NC3=O,CCC(C)C(=O)OC1CC(C=C2C1C(C(C=C2)C)CCC3CC(CC(=O)O3)O)C,0,unreported_twosides_sampled,0.9995291233062744,0.9961371448232822,0.9961371448232822,fitted,platt_logistic_regression,0.5027853759154408,1,0.025318755011145746,0.0008396305625524769,0.9546599496221663,interaction,1,False,0.3492063492063492,0.7424242424242424,0.3492063492063492,False,False,True
CC(C)(C(=O)O)ON=C(C1=CSC(=N1)N)C(=O)NC2C3N(C2=O)C(=C(CS3)C[N+]4=CC=CC=C4)C(=O)[O-],CC1=NN=C2N1C3=C(C=C(C=C3)Cl)C(=NC2)C4=CC=CC=C4,0,unreported_twosides_sampled,0.05598482862114906,0.12012895761546805,0.12012895761546805,fitted,platt_logistic_regression,0.5027853759154408,0,0.36718185159923566,0.6414777497900923,0.020990764063811923,no_interaction,1,False,0.6428571428571429,0.7659574468085106,0.6428571428571429,False,False,False
CC1=C(SC=C1)C(=CCCN2CCCC(C2)C(=O)O)C3=C(C=CS3)C,CN1C=NC(=C1SC2=NC=NC3=C2NC=N3)[N+](=O)[O-],0,unreported_twosides_sampled,0.22083322703838348,0.29612267851911434,0.29612267851911434,fitted,platt_logistic_regression,0.5027853759154408,0,0.60754317264639,0.3795130142737196,0.09571788413098237,no_interaction,1,False,0.26865671641791045,0.25925925925925924,0.25925925925925924,False,False,True
C1=CC(=C2NC(=C3C=CC=CC3=O)N(N2)C4=CC=C(C=C4)C(=O)O)C(=O)C=C1,C1CC(C1)(C(=O)O)C(=O)O.N.N.[Pt],0,unreported_twosides_sampled,0.9997299313545227,0.9974075958754601,0.9974075958754601,fitted,platt_logistic_regression,0.5027853759154408,1,0.018027247171874504,0.0008396305625524769,0.966414777497901,interaction,1,False,0.22033898305084745,0.26666666666666666,0.22033898305084745,False,False,True
CC1=NN=C2N1C3=C(C=C(C=C3)Cl)C(=NC2)C4=CC=CC=C4,CCCCC(=O)N(CC1=CC=C(C=C1)C2=CC=CC=C2C3=NNN=N3)C(C(C)C)C(=O)O,1,reported_twosides,0.673818051815033,0.6371946251548791,0.6371946251548791,fitted,platt_logistic_regression,0.5027853759154408,1,0.6550152469013688,0.13014273719563393,0.3047858942065491,no_interaction|interaction,2,True,0.7659574468085106,0.4533333333333333,0.4533333333333333,False,False,False
C1C(N(C2=C(N1)NC(=NC2=O)N)C=O)CNC3=CC=C(C=C3)C(=O)NC(CCC(=O)O)C(=O)O,CCOC(=O)N1CCC(=C2C3=C(CCC4=C2N=CC=C4)C=C(C=C3)Cl)CC1,1,reported_twosides,0.03805260360240936,0.09258007787091396,0.09258007787091396,fitted,platt_logistic_regression,0.5027853759154408,0,0.3084668865187068,0.7052896725440806,0.01595298068849706,no_interaction,1,False,0.5256410256410257,0.5892857142857143,0.5256410256410257,False,False,False
C1=CC(=CC=C1N)S(=O)(=O)C2=CC=C(C=C2)N,CCCC1(CC(=O)C(=C(O1)O)C(CC)C2=CC(=CC=C2)NS(=O)(=O)C3=NC=C(C=C3)C(F)(F)F)CCC4=CC=CC=C4,1,reported_twosides,0.002403797348961234,0.01344322638770717,0.01344322638770717,fitted,platt_logistic_regression,0.5027853759154408,0,0.0712830840183925,0.9042821158690176,0.0008396305625524769,no_interaction,1,False,0.43333333333333335,0.2247191011235955,0.2247191011235955,False,False,True
CCC(C)C(=O)OC1CC(C=C2C1C(C(C=C2)C)CCC3CC(CC(=O)O3)O)C,CN1CC(=O)N2C(C1=O)CC3=C(C2C4=CC5=C(C=C4)OCO5)NC6=CC=CC=C36,1,reported_twosides,0.9998652935028076,0.9984268446734417,0.9984268446734417,fitted,platt_logistic_regression,0.5027853759154408,1,0.011726118771578734,0.0008396305625524769,0.9756507136859782,interaction,1,False,0.7424242424242424,0.24050632911392406,0.24050632911392406,False,False,True
CC12CCC3C(C1CCC2C(=O)NC4=C(C=CC(=C4)C(F)(F)F)C(F)(F)F)CCC5C3(C=CC(=O)N5)C,CN1CC(=O)N2C(C1=O)CC3=C(C2C4=CC5=C(C=C4)OCO5)NC6=CC=CC=C36,1,reported_twosides,0.1301768720149994,0.20994633179720262,0.20994633179720262,fitted,platt_logistic_regression,0.5027853759154408,0,0.5138855555700732,0.4869857262804366,0.04785894206549118,no_interaction,1,False,0.6417910447761194,0.24050632911392406,0.24050632911392406,False,False,True
CC1=NN=C2N1C3=C(C=C(C=C3)Cl)C(=NC2)C4=CC=CC=C4,CC1C2C(C(=O)N2C(=C1SC3CC(NC3)C(=O)NC4=CC=CC(=C4)C(=O)O)C(=O)O)C(C)O,0,unreported_twosides_sampled,0.9754248857498169,0.9364106999819065,0.9364106999819065,fitted,platt_logistic_regression,0.5027853759154408,1,0.2367314668308606,0.007556675062972292,0.7707808564231738,interaction,1,False,0.7659574468085106,0.23529411764705882,0.23529411764705882,False,False,True
C1C(N(C2=C(N1)NC(=NC2=O)N)C=O)CNC3=CC=C(C=C3)C(=O)NC(CCC(=O)O)C(=O)O,CC12CCC3C(C1CCC2(C)O)CCC4C3(COC(=O)C4)C,0,unreported_twosides_sampled,0.8883724808692932,0.8225222584709885,0.8225222584709885,fitted,platt_logistic_regression,0.5027853759154408,1,0.4675472365848745,0.037783375314861464,0.5407220822837951,interaction,1,False,0.5256410256410257,0.31343283582089554,0.31343283582089554,False,False,True
CC1=NN=C2N1C3=C(C=C(C=C3)Cl)C(=NC2)C4=CC=CC=C4,CN(C)CCC1=CNC2=C1C=C(C=C2)CC3COC(=O)N3,1,reported_twosides,0.1111501082777977,0.18931044478469658,0.18931044478469658,fitted,platt_logistic_regression,0.5027853759154408,0,0.4852215563596915,0.5180520570948782,0.042821158690176324,no_interaction,1,False,0.7659574468085106,0.543859649122807,0.543859649122807,False,False,False
CC(C)(C)NCC(C1=CC(=C(C=C1)O)CO)O,CC1CN(CCN1)C2=C(C=C3C(=C2OC)N(C=C(C3=O)C(=O)O)C4CC4)F,1,reported_twosides,0.9670130610466003,0.9221260913041542,0.9221260913041542,fitted,platt_logistic_regression,0.5027853759154408,1,0.2735457588954693,0.0109151973131822,0.7413937867338372,interaction,1,False,0.5227272727272727,0.7230769230769231,0.5227272727272727,False,False,False
C1CC(C1)CN2CCC34C5C(CCC3(C2CC6=C4C(=C(C=C6)O)O5)O)O,CC1CN(CCN1)C2=C(C=C3C(=C2OC)N(C=C(C3=O)C(=O)O)C4CC4)F,1,reported_twosides,0.2547060251235962,0.32493405664857916,0.32493405664857916,fitted,platt_logistic_regression,0.5027853759154408,0,0.6305328213026729,0.3459277917716205,0.11083123425692695,no_interaction|interaction,2,True,0.6451612903225806,0.7230769230769231,0.6451612903225806,False,False,False
CC(C=CC(C)C(C)(C)O)C1CCC2C1(CCCC2=CC=C3CC(CC(C3)O)O)C,CC1CN(CCN1)C2=C(C=C3C(=C2OC)N(C=C(C3=O)C(=O)O)C4CC4)F,0,unreported_twosides_sampled,0.9958143830299377,0.9816203109682571,0.9816203109682571,fitted,platt_logistic_regression,0.5027853759154408,1,0.09166433223708452,0.0008396305625524769,0.8883291351805206,interaction,1,False,0.5625,0.7230769230769231,0.5625,False,False,False
C(CCl)NC(=O)N(CCCl)N=O,CC(C)C(C(=O)OCC(CO)OCN1C=NC2=C1NC(=NC2=O)N)N,0,unreported_twosides_sampled,0.005485436413437128,0.024128241213507613,0.024128241213507613,fitted,platt_logistic_regression,0.5027853759154408,0,0.11369733839216077,0.8673383711167086,0.0025188916876574307,no_interaction,1,False,0.2391304347826087,0.7307692307692307,0.2391304347826087,False,False,True
CC(C)C(C(=O)OCC(CO)OCN1C=NC2=C1NC(=NC2=O)N)N,COC1=C(C=C(C=C1)C2=CC3=C(C=C2)C=C(C=C3)C(=O)O)C45CC6CC(C4)CC(C6)C5,0,unreported_twosides_sampled,0.05846007168292999,0.12366248272445454,0.12366248272445454,fitted,platt_logistic_regression,0.5027853759154408,0,0.37415926960734136,0.6330814441645676,0.0218303946263644,no_interaction,1,False,0.7307692307692307,0.288135593220339,0.288135593220339,False,False,True
C1=CC(=CC=C1N)S(=O)(=O)C2=CC=C(C=C2)N,C1C(N(C2=C(N1)NC(=NC2=O)N)C=O)CNC3=CC=C(C=C3)C(=O)NC(CCC(=O)O)C(=O)O,1,reported_twosides,0.07905983179807663,0.15121420814172382,0.15121420814172382,fitted,platt_logistic_regression,0.5027853759154408,0,0.424809485749341,0.5843828715365239,0.0327455919395466,no_interaction,1,False,0.43333333333333335,0.5256410256410257,0.43333333333333335,False,False,False
CN1CCC(=C2C3=C(C(=O)CC4=CC=CC=C42)SC=C3)CC1,COC1=C(C=C(C=C1)C2=CC3=C(C=C2)C=C(C=C3)C(=O)O)C45CC6CC(C4)CC(C6)C5,0,unreported_twosides_sampled,0.9402706623077393,0.8833223504199,0.8833223504199,fitted,platt_logistic_regression,0.5027853759154408,1,0.3602527542190582,0.019311502938706968,0.6490344248530646,interaction,1,False,0.3018867924528302,0.288135593220339,0.288135593220339,False,False,True
C1=CC(=C2NC(=C3C=CC=CC3=O)N(N2)C4=CC=C(C=C4)C(=O)O)C(=O)C=C1,CC1=C(C(=O)C2=CC=CC=C2C1=O)CC=C(C)CCCC(C)CCCC(C)CCCC(C)C,0,unreported_twosides_sampled,0.124456025660038,0.2038670686668452,0.2038670686668452,fitted,platt_logistic_regression,0.5027853759154408,0,0.505716810642594,0.49538203190596136,0.047019311502938706,no_interaction,1,False,0.22033898305084745,0.22058823529411764,0.22033898305084745,False,False,True
C1CN=C(N1)NC2=C(C=CC=C2Cl)Cl,CC(C)(C(=O)O)ON=C(C1=CSC(=N1)N)C(=O)NC2C3N(C2=O)C(=C(CS3)C[N+]4=CC=CC=C4)C(=O)[O-],1,reported_twosides,0.07510573416948318,0.14615215451956615,0.14615215451956615,fitted,platt_logistic_regression,0.5027853759154408,0,0.4159761341719792,0.5936188077246012,0.03190596137699412,no_interaction,1,False,0.5853658536585366,0.6428571428571429,0.5853658536585366,False,False,False
CNC(=C[N+](=O)[O-])NCCSCC1=CC=C(O1)CN(C)C,COC1=C(C=C(C=C1)C2=CC3=C(C=C2)C=C(C=C3)C(=O)O)C45CC6CC(C4)CC(C6)C5,1,reported_twosides,0.016936860978603363,0.053124826813902154,0.053124826813902154,fitted,platt_logistic_regression,0.5027853759154408,0,0.20761528780787844,0.7900923593618808,0.006717044500419815,no_interaction,1,False,0.603448275862069,0.288135593220339,0.288135593220339,False,False,True
CC(C=CC(C)C(C)(C)O)C1CCC2C1(CCCC2=CC=C3CC(CC(C3)O)O)C,CCC(C)C(=O)OC1CC(C=C2C1C(C(C=C2)C)CCC3CC(CC(=O)O3)O)C,1,reported_twosides,0.9998353719711304,0.9981830246309207,0.9981830246309207,fitted,platt_logistic_regression,0.5027853759154408,1,0.01328149580985095,0.0008396305625524769,0.9748110831234257,interaction,1,False,0.5625,0.7424242424242424,0.5625,False,False,False
CC(C)C(C(=O)OCC(CO)OCN1C=NC2=C1NC(=NC2=O)N)N,CC1CN(CCN1)C2=C(C=C3C(=C2OC)N(C=C(C3=O)C(=O)O)C4CC4)F,0,unreported_twosides_sampled,0.5023736357688904,0.5120183129698918,0.5120183129698918,fitted,platt_logistic_regression,0.5027853759154408,1,0.692858273043071,0.20151133501259447,0.21914357682619648,no_interaction|interaction,2,True,0.7307692307692307,0.7230769230769231,0.7230769230769231,False,False,False
CC1CC2C3CCC4=CC(=O)C=CC4(C3(C(CC2(C1(C(=O)CO)O)C)O)F)C,CN(C)CCC1=CNC2=C1C=C(C=C2)CC3COC(=O)N3,0,unreported_twosides_sampled,0.6886067390441895,0.6484445141456316,0.6484445141456316,fitted,platt_logistic_regression,0.5027853759154408,1,0.6484042317272531,0.12258606213266163,0.3165407220822838,no_interaction|interaction,2,True,0.8596491228070176,0.543859649122807,0.543859649122807,False,False,False
C(CCl)NC(=O)N(CCCl)N=O,CCOC1=C(C=CC(=C1)CC(=O)NC(CC(C)C)C2=CC=CC=C2N3CCCCC3)C(=O)O,0,unreported_twosides_sampled,0.04615679010748863,0.1055014059525425,0.1055014059525425,fitted,platt_logistic_regression,0.5027853759154408,0,0.3370053230507457,0.672544080604534,0.016792611251049538,no_interaction,1,False,0.2391304347826087,0.2804878048780488,0.2391304347826087,False,False,True
C(CCl)NC(=O)N(CCCl)N=O,CC12CCC3C(C1CCC2C(=O)NC4=C(C=CC(=C4)C(F)(F)F)C(F)(F)F)CCC5C3(C=CC(=O)N5)C,0,unreported_twosides_sampled,0.03656843304634094,0.09011244254155709,0.09011244254155709,fitted,platt_logistic_regression,0.5027853759154408,0,0.3027978969305408,0.7136859781696053,0.01595298068849706,no_interaction,1,False,0.2391304347826087,0.6417910447761194,0.2391304347826087,False,False,True
C1=CC(=C2NC(=C3C=CC=CC3=O)N(N2)C4=CC=C(C=C4)C(=O)O)C(=O)C=C1,CN1CC(=O)N2C(C1=O)CC3=C(C2C4=CC5=C(C=C4)OCO5)NC6=CC=CC=C36,0,unreported_twosides_sampled,0.9959802627563477,0.9821400057482037,0.9821400057482037,fitted,platt_logistic_regression,0.5027853759154408,1,0.08958945292418312,0.0008396305625524769,0.8883291351805206,interaction,1,False,0.22033898305084745,0.24050632911392406,0.22033898305084745,False,False,True
CCOC(=O)N1CCC(=C2C3=C(CCC4=C2N=CC=C4)C=C(C=C3)Cl)CC1,CNC(=C[N+](=O)[O-])NCCSCC1=CC=C(O1)CN(C)C,1,reported_twosides,0.039861906319856644,0.09554305233735969,0.09554305233735969,fitted,platt_logistic_regression,0.5027853759154408,0,0.31517820957446896,0.6977329974811083,0.016792611251049538,no_interaction,1,False,0.5892857142857143,0.603448275862069,0.5892857142857143,False,False,False
CC(C)C(C(=O)OCC(CO)OCN1C=NC2=C1NC(=NC2=O)N)N,CCC(C)C(=O)OC1CC(C=C2C1C(C(C=C2)C)CCC3CC(CC(=O)O3)O)C,1,reported_twosides,0.9983591437339783,0.9905617689535532,0.9905617689535532,fitted,platt_logistic_regression,0.5027853759154408,1,0.05340389604548796,0.0008396305625524769,0.9227539882451721,interaction,1,False,0.7307692307692307,0.7424242424242424,0.7307692307692307,False,False,False
C1=CC(=C2NC(=C3C=CC=CC3=O)N(N2)C4=CC=C(C=C4)C(=O)O)C(=O)C=C1,CC(C)C(CCCN(C)CCC1=CC(=C(C=C1)OC)OC)(C#N)C2=CC(=C(C=C2)OC)OC,0,unreported_twosides_sampled,0.8716533780097961,0.8052524133734205,0.8052524133734205,fitted,platt_logistic_regression,0.5027853759154408,1,0.49303424627181747,0.04534005037783375,0.5121746431570109,interaction,1,False,0.22033898305084745,0.23529411764705882,0.22033898305084745,False,False,True
C(CCl)NC(=O)N(CCCl)N=O,CC(C)(C)NCC(C1=CC(=C(C=C1)O)CO)O,1,reported_twosides,0.002573915757238865,0.014113235053781042,0.014113235053781042,fitted,platt_logistic_regression,0.5027853759154408,0,0.07414461727111848,0.9034424853064652,0.0008396305625524769,no_interaction,1,False,0.2391304347826087,0.5227272727272727,0.2391304347826087,False,False,True
C1CC(OC1CO)N2C=NC3=C2NC=NC3=O,CC(C)(C)NCC(C1=CC(=C(C=C1)O)CO)O,1,reported_twosides,0.13863053917884827,0.21875153536787578,0.21875153536787578,fitted,platt_logistic_regression,0.5027853759154408,0,0.5253232739793036,0.47523089840470195,0.05373635600335852,no_interaction,1,False,0.3492063492063492,0.5227272727272727,0.3492063492063492,False,False,True
CC(C)(C)NCC(C1=CC(=C(C=C1)O)CO)O,CC1CC2C3CCC4=CC(=O)C=CC4(C3(C(CC2(C1(C(=O)CO)O)C)O)F)C,1,reported_twosides,0.5165238380432129,0.5221905759455957,0.5221905759455957,fitted,platt_logistic_regression,0.5027853759154408,1,0.6921620136779014,0.19395465994962216,0.22837951301427373,no_interaction|interaction,2,True,0.5227272727272727,0.8596491228070176,0.5227272727272727,False,False,False
CC1=C(C(=O)C2=CC=CC=C2C1=O)CC=C(C)CCCC(C)CCCC(C)CCCC(C)C,CC1CC2C3CCC4=CC(=O)C=CC4(C3(C(CC2(C1(C(=O)CO)O)C)O)F)C,1,reported_twosides,0.8803809881210327,0.8141620185024536,0.8141620185024536,fitted,platt_logistic_regression,0.5027853759154408,1,0.4801313991056808,0.04030226700251889,0.5281276238455079,interaction,1,False,0.22058823529411764,0.8596491228070176,0.22058823529411764,False,False,True
CC(C=CC(C)C(C)(C)O)C1CCC2C1(CCCC2=CC=C3CC(CC(C3)O)O)C,CNC(=C[N+](=O)[O-])NCCSCC1=CC=C(O1)CN(C)C,1,reported_twosides,0.59168541431427,0.5764259723848436,0.5764259723848436,fitted,platt_logistic_regression,0.5027853759154408,1,0.6814194029313188,0.16120906801007556,0.2586062132661629,no_interaction|interaction,2,True,0.5625,0.603448275862069,0.5625,False,False,False
C1CC(C1)(C(=O)O)C(=O)O.N.N.[Pt],CC1=NN=C(S1)SCC2=C(N3C(C(C3=O)NC(=O)CN4C=NN=N4)SC2)C(=O)[O-],0,unreported_twosides_sampled,0.9742006659507751,0.9342405357438955,0.9342405357438955,fitted,platt_logistic_regression,0.5027853759154408,1,0.2425292260520716,0.007556675062972292,0.7674223341729639,interaction,1,False,0.26666666666666666,0.4574468085106383,0.26666666666666666,False,False,True
CC12CCC3C(C1CCC2(C#C)O)CCC4=CC(=O)CCC34,CC1CC2C3CCC4=CC(=O)C=CC4(C3(C(CC2(C1(C(=O)CO)O)C)O)F)C,0,unreported_twosides_sampled,0.4204249680042267,0.45271439254516155,0.45271439254516155,fitted,platt_logistic_regression,0.5027853759154408,0,0.6886686334173306,0.23845507976490343,0.18052057094878254,no_interaction|interaction,2,True,0.7169811320754716,0.8596491228070176,0.7169811320754716,False,False,False
CC1=C(C(C(=C(N1)C)C(=O)OCC(C)C)C2=CC=CC=C2[N+](=O)[O-])C(=O)OC,CN(C)NN=C1C(=NC=N1)C(=O)N,0,unreported_twosides_sampled,0.08722608536481857,0.1613819232157578,0.1613819232157578,fitted,platt_logistic_regression,0.5027853759154408,0,0.44195433517871374,0.5684298908480269,0.03526448362720403,no_interaction,1,False,0.8043478260869565,0.24390243902439024,0.24390243902439024,False,False,True
C1=CC(=C2NC(=C3C=CC=CC3=O)N(N2)C4=CC=C(C=C4)C(=O)O)C(=O)C=C1,CN1C=NC(=C1SC2=NC=NC3=C2NC=N3)[N+](=O)[O-],0,unreported_twosides_sampled,0.07875514030456543,0.15082751408808712,0.15082751408808712,fitted,platt_logistic_regression,0.5027853759154408,0,0.4241418132616669,0.5843828715365239,0.0327455919395466,no_interaction,1,False,0.22033898305084745,0.25925925925925924,0.22033898305084745,False,False,True
C1C(N(C2=C(N1)NC(=NC2=O)N)C=O)CNC3=CC=C(C=C3)C(=O)NC(CCC(=O)O)C(=O)O,C[N+](C)(C)CC(CC(=O)O)O,0,unreported_twosides_sampled,0.03946755826473236,0.09490135715465203,0.09490135715465203,fitted,platt_logistic_regression,0.5027853759154408,0,0.31373344692566774,0.6994122586062133,0.016792611251049538,no_interaction,1,False,0.5256410256410257,0.36666666666666664,0.36666666666666664,False,False,True
C1CC(C1)(C(=O)O)C(=O)O.N.N.[Pt],CNC(=C[N+](=O)[O-])NCCSCC1=CC=C(O1)CN(C)C,1,reported_twosides,0.28002485632896423,0.34566650171562824,0.34566650171562824,fitted,platt_logistic_regression,0.5027853759154408,0,0.6447226812884324,0.31905961376994124,0.12090680100755667,no_interaction|interaction,2,True,0.26666666666666666,0.603448275862069,0.26666666666666666,False,False,True
C1C(OC(S1)CO)N2C=C(C(=NC2=O)N)F,CCCC1(CC(=O)C(=C(O1)O)C(CC)C2=CC(=CC=C2)NS(=O)(=O)C3=NC=C(C=C3)C(F)(F)F)CCC4=CC=CC=C4,1,reported_twosides,0.058913782238960266,0.12430424583207549,0.12430424583207549,fitted,platt_logistic_regression,0.5027853759154408,0,0.37541406972150115,0.6322418136020151,0.0218303946263644,no_interaction,1,False,0.6326530612244898,0.2247191011235955,0.2247191011235955,False,False,True
CCCCC(=O)N(CC1=CC=C(C=C1)C2=CC=CC=C2C3=NNN=N3)C(C(C)C)C(=O)O,CCCN1CC(CC2C1CC3=CNC4=CC=CC2=C34)CSC,1,reported_twosides,0.1714547723531723,0.2512194831306423,0.2512194831306423,fitted,platt_logistic_regression,0.5027853759154408,0,0.5636709223542389,0.434928631402183,0.06968933669185558,no_interaction,1,False,0.4533333333333333,0.42168674698795183,0.42168674698795183,False,False,False
C1=CC(=C2NC(=C3C=CC=CC3=O)N(N2)C4=CC=C(C=C4)C(=O)O)C(=O)C=C1,CN1CCC23C=CC(CC2OC4=C(C=CC(=C34)C1)OC)O,0,unreported_twosides_sampled,0.9787646532058716,0.942521869356184,0.942521869356184,fitted,platt_logistic_regression,0.5027853759154408,1,0.21997137296604424,0.006717044500419815,0.7808564231738035,interaction,1,False,0.22033898305084745,0.375,0.22033898305084745,False,False,True
C1=CC(=C2NC(=C3C=CC=CC3=O)N(N2)C4=CC=C(C=C4)C(=O)O)C(=O)C=C1,CCN(C)C(=O)OC1=CC=CC(=C1)C(C)N(C)C,0,unreported_twosides_sampled,0.9974006414413452,0.9868984540928784,0.9868984540928784,fitted,platt_logistic_regression,0.5027853759154408,1,0.0698108730343844,0.0008396305625524769,0.9059613769941226,interaction,1,False,0.22033898305084745,0.32653061224489793,0.22033898305084745,False,False,True
CC(C)C(C(=O)OCC(CO)OCN1C=NC2=C1NC(=NC2=O)N)N,CN1C=NC(=C1SC2=NC=NC3=C2NC=N3)[N+](=O)[O-],0,unreported_twosides_sampled,0.6055024266242981,0.5864944939047935,0.5864944939047935,fitted,platt_logistic_regression,0.5027853759154408,1,0.6781090513157298,0.15533165407220823,0.2661628883291352,no_interaction|interaction,2,True,0.7307692307692307,0.25925925925925924,0.25925925925925924,False,False,True
C(CCl)NC(=O)N(CCCl)N=O,C1CC(C1)(C(=O)O)C(=O)O.N.N.[Pt],1,reported_twosides,0.07324090600013733,0.14373080867031282,0.14373080867031282,fitted,platt_logistic_regression,0.5027853759154408,0,0.4116786057847141,0.5978169605373636,0.031066330814441646,no_interaction,1,False,0.2391304347826087,0.26666666666666666,0.2391304347826087,False,False,True
C1CN=C(N1)NC2=C(C=CC=C2Cl)Cl,CCOC1=C(C=CC(=C1)CC(=O)NC(CC(C)C)C2=CC=CC=C2N3CCCCC3)C(=O)O,1,reported_twosides,0.9769083857536316,0.9390890898898777,0.9390890898898777,fitted,platt_logistic_regression,0.5027853759154408,1,0.22946660241827357,0.007556675062972292,0.7749790092359362,interaction,1,False,0.5853658536585366,0.2804878048780488,0.2804878048780488,False,False,True
CC1(C(N2C(S1)C(C2=O)NC(=O)C(C3=CC=CC=C3)N)C(=O)[O-])C,CC1=NN=C(S1)SCC2=C(N3C(C(C3=O)NC(=O)CN4C=NN=N4)SC2)C(=O)[O-],1,reported_twosides,0.38577064871788025,0.42717709677554,0.42717709677554,fitted,platt_logistic_regression,0.5027853759154408,0,0.6825030100288564,0.2586062132661629,0.16204869857262805,no_interaction|interaction,2,True,0.6119402985074627,0.4574468085106383,0.4574468085106383,False,False,False
C1C(N(C2=C(N1)NC(=NC2=O)N)C=O)CNC3=CC=C(C=C3)C(=O)NC(CCC(=O)O)C(=O)O,C1CN=C(N1)NC2=C(C=CC=C2Cl)Cl,1,reported_twosides,0.992487907409668,0.9722068680081787,0.9722068680081787,fitted,platt_logistic_regression,0.5027853759154408,1,0.12698513055254085,0.0033585222502099076,0.8572628043660789,interaction,1,False,0.5256410256410257,0.5853658536585366,0.5256410256410257,False,False,False
CC1=C(C(=O)C2=CC=CC=C2C1=O)CC=C(C)CCCC(C)CCCC(C)CCCC(C)C,CC1=NN=C2N1C3=C(C=C(C=C3)Cl)C(=NC2)C4=CC=CC=C4,1,reported_twosides,0.29002174735069275,0.353692595711759,0.353692595711759,fitted,platt_logistic_regression,0.5027853759154408,0,0.6497025811751157,0.3140218303946264,0.12426532325776658,no_interaction|interaction,2,True,0.22058823529411764,0.7659574468085106,0.22058823529411764,False,False,True
CC1=NN=C(S1)SCC2=C(N3C(C(C3=O)NC(=O)CN4C=NN=N4)SC2)C(=O)[O-],CN1CC(=O)N2C(C1=O)CC3=C(C2C4=CC5=C(C=C4)OCO5)NC6=CC=CC=C36,0,unreported_twosides_sampled,0.9935141801834106,0.9749425145511443,0.9749425145511443,fitted,platt_logistic_regression,0.5027853759154408,1,0.1171173828875437,0.0025188916876574307,0.8648194794290512,interaction,1,False,0.4574468085106383,0.24050632911392406,0.24050632911392406,False,False,True
CC1=C(SC=C1)C(=CCCN2CCCC(C2)C(=O)O)C3=C(C=CS3)C,CC1=NN=C(S1)SCC2=C(N3C(C(C3=O)NC(=O)CN4C=NN=N4)SC2)C(=O)[O-],0,unreported_twosides_sampled,0.910179078578949,0.8464918502187601,0.8464918502187601,fitted,platt_logistic_regression,0.5027853759154408,1,0.42874637107118097,0.033585222502099076,0.5793450881612091,interaction,1,False,0.26865671641791045,0.4574468085106383,0.26865671641791045,False,False,True
C1=CC(=CC=C1N)S(=O)(=O)C2=CC=C(C=C2)N,CC(C)C(C(=O)OCC(CO)OCN1C=NC2=C1NC(=NC2=O)N)N,1,reported_twosides,0.03759470209479332,0.09182241230904084,0.09182241230904084,fitted,platt_logistic_regression,0.5027853759154408,0,0.30673406607979126,0.7086481947942905,0.01595298068849706,no_interaction,1,False,0.43333333333333335,0.7307692307692307,0.43333333333333335,False,False,False
C1CN=C(N1)NC2=C(C=CC=C2Cl)Cl,CN1C=NC(=C1SC2=NC=NC3=C2NC=N3)[N+](=O)[O-],1,reported_twosides,0.7979021072387695,0.7367628053241061,0.7367628053241061,fitted,platt_logistic_regression,0.5027853759154408,1,0.57641576029953,0.07556675062972293,0.4156171284634761,interaction,1,False,0.5853658536585366,0.25925925925925924,0.25925925925925924,False,False,True
C1CC(OC1CO)N2C=NC3=C2NC=NC3=O,CC(C)(C(=O)O)ON=C(C1=CSC(=N1)N)C(=O)NC2C3N(C2=O)C(=C(CS3)C[N+]4=CC=CC=C4)C(=O)[O-],0,unreported_twosides_sampled,0.19161133468151093,0.27003700032284456,0.27003700032284456,fitted,platt_logistic_regression,0.5027853759154408,0,0.5832956380121688,0.40973971452560876,0.07556675062972293,no_interaction,1,False,0.3492063492063492,0.6428571428571429,0.3492063492063492,False,False,True
CC12CCC3C(C1CCC2C(=O)NC4=C(C=CC(=C4)C(F)(F)F)C(F)(F)F)CCC5C3(C=CC(=O)N5)C,CN1CCC(=C2C3=C(C(=O)CC4=CC=CC=C42)SC=C3)CC1,0,unreported_twosides_sampled,0.6374997496604919,0.6100199445592642,0.6100199445592642,fitted,platt_logistic_regression,0.5027853759154408,1,0.6687391645707269,0.14441645675902604,0.2837951301427372,no_interaction|interaction,2,True,0.6417910447761194,0.3018867924528302,0.3018867924528302,False,False,True
C1C(OC(S1)CO)N2C=C(C(=NC2=O)N)F,CCC(C)C(=O)OC1CC(C=C2C1C(C(C=C2)C)CCC3CC(CC(=O)O3)O)C,0,unreported_twosides_sampled,0.9986211061477661,0.9916642350356853,0.9916642350356853,fitted,platt_logistic_regression,0.5027853759154408,1,0.04820589948681224,0.0008396305625524769,0.9269521410579346,interaction,1,False,0.6326530612244898,0.7424242424242424,0.6326530612244898,False,False,False
CCOC1=C(C=CC(=C1)CC(=O)NC(CC(C)C)C2=CC=CC=C2N3CCCCC3)C(=O)O,CN(C)NN=C1C(=NC=N1)C(=O)N,0,unreported_twosides_sampled,0.22924193739891052,0.3034044257855111,0.3034044257855111,fitted,platt_logistic_regression,0.5027853759154408,0,0.6137213284313445,0.3719563392107473,0.09991603694374475,no_interaction,1,False,0.2804878048780488,0.24390243902439024,0.24390243902439024,False,False,True
CC1CC2C3CCC4=CC(=O)C=CC4(C3(C(CC2(C1(C(=O)CO)O)C)O)F)C,CN1CCC(=C2C3=C(C(=O)CC4=CC=CC=C42)SC=C3)CC1,1,reported_twosides,0.7819437384605408,0.7231213039562973,0.7231213039562973,fitted,platt_logistic_regression,0.5027853759154408,1,0.5899811473965162,0.07724601175482787,0.40218303946263645,interaction,1,False,0.8596491228070176,0.3018867924528302,0.3018867924528302,False,False,True
C1CC(C1)(C(=O)O)C(=O)O.N.N.[Pt],C1CC(C1)CN2CCC34C5C(CCC3(C2CC6=C4C(=C(C=C6)O)O5)O)O,0,unreported_twosides_sampled,0.024938397109508514,0.06937820335030419,0.06937820335030419,fitted,platt_logistic_regression,0.5027853759154408,0,0.2520275744697602,0.7598656591099916,0.008396305625524769,no_interaction,1,False,0.26666666666666666,0.6451612903225806,0.26666666666666666,False,False,True
C1=CC(=CC=C1N)S(=O)(=O)C2=CC=C(C=C2)N,CNC(=C[N+](=O)[O-])NCCSCC1=CC=C(O1)CN(C)C,1,reported_twosides,0.034920621663331985,0.08733129790594424,0.08733129790594424,fitted,platt_logistic_regression,0.5027853759154408,0,0.2963195478792079,0.7195633921074727,0.01343408900083963,no_interaction,1,False,0.43333333333333335,0.603448275862069,0.43333333333333335,False,False,False
CC1=C(C(C(=C(N1)C)C(=O)OCC(C)C)C2=CC=CC=C2[N+](=O)[O-])C(=O)OC,CCN(C)C(=O)OC1=CC=CC(=C1)C(C)N(C)C,0,unreported_twosides_sampled,0.9139372706413269,0.8508218243935879,0.8508218243935879,fitted,platt_logistic_regression,0.5027853759154408,1,0.421280897741527,0.0327455919395466,0.5885810243492863,interaction,1,False,0.8043478260869565,0.32653061224489793,0.32653061224489793,False,False,True
CCOC(=O)C(CCC1=CC=CC=C1)NC(C)C(=O)N2C3CCCCC3CC2C(=O)O,CN1CCC(=C2C3=C(C(=O)CC4=CC=CC=C42)SC=C3)CC1,0,unreported_twosides_sampled,0.6684638857841492,0.6331503025837305,0.6331503025837305,fitted,platt_logistic_regression,0.5027853759154408,1,0.6572577236769226,0.13182199832073888,0.30058774139378674,no_interaction|interaction,2,True,0.9636363636363636,0.3018867924528302,0.3018867924528302,False,False,True
CC12CCC3C(C1CCC2(C#C)O)CCC4=CC(=O)CCC34,CC1=NN=C2N1C3=C(C=C(C=C3)Cl)C(=NC2)C4=CC=CC=C4,1,reported_twosides,0.1487024873495102,0.22898757854354998,0.22898757854354998,fitted,platt_logistic_regression,0.5027853759154408,0,0.5380501244835434,0.4609571788413098,0.05709487825356843,no_interaction,1,False,0.7169811320754716,0.7659574468085106,0.7169811320754716,False,False,False
CCOC(=O)C(CCC1=CC=CC=C1)NC(C)C(=O)N2C3CCCCC3CC2C(=O)O,CNC(=C[N+](=O)[O-])NCCSCC1=CC=C(O1)CN(C)C,1,reported_twosides,0.8678731322288513,0.8014594002206576,0.8014594002206576,fitted,platt_logistic_regression,0.5027853759154408,1,0.4983725972735322,0.04534005037783375,0.5046179680940386,interaction,1,False,0.9636363636363636,0.603448275862069,0.603448275862069,False,False,False
CC(C)C(C(=O)OCC(CO)OCN1C=NC2=C1NC(=NC2=O)N)N,CN1C(=C(NC2=CC=CC=N2)O)C(=O)C3=CC=CC=C3S1(=O)=O,0,unreported_twosides_sampled,0.9138533473014832,0.8507244118894064,0.8507244118894064,fitted,platt_logistic_regression,0.5027853759154408,1,0.4214504615112827,0.0327455919395466,0.5885810243492863,interaction,1,False,0.7307692307692307,0.62,0.62,False,False,False
CN1CCC(=C2C3=C(C(=O)CC4=CC=CC=C42)SC=C3)CC1,C[N+](C)(C)CC(CC(=O)O)O,0,unreported_twosides_sampled,0.008159393444657326,0.03191199498791392,0.03191199498791392,fitted,platt_logistic_regression,0.5027853759154408,0,0.14132689173069052,0.8488664987405542,0.0041981528127623844,no_interaction,1,False,0.3018867924528302,0.36666666666666664,0.3018867924528302,False,False,True
CC(C)(C)NCC(C1=CC(=C(C=C1)O)CO)O,CCCC1(CC(=O)C(=C(O1)O)C(CC)C2=CC(=CC=C2)NS(=O)(=O)C3=NC=C(C=C3)C(F)(F)F)CCC4=CC=CC=C4,0,unreported_twosides_sampled,0.2451082468032837,0.31690594066261185,0.31690594066261185,fitted,platt_logistic_regression,0.5027853759154408,0,0.6245152078468826,0.35432409739714527,0.10663308144416457,no_interaction|interaction,2,True,0.5227272727272727,0.2247191011235955,0.2247191011235955,False,False,True
CC(C)(C)NCC(C1=CC(=C(C=C1)O)CO)O,CC(C)C(CCCN(C)CCC1=CC(=C(C=C1)OC)OC)(C#N)C2=CC(=C(C=C2)OC)OC,1,reported_twosides,0.2769777774810791,0.34320307249680226,0.34320307249680226,fitted,platt_logistic_regression,0.5027853759154408,0,0.6431372316647517,0.3232577665827036,0.1200671704450042,no_interaction|interaction,2,True,0.5227272727272727,0.23529411764705882,0.23529411764705882,False,False,True
CC(C)(C(=O)O)ON=C(C1=CSC(=N1)N)C(=O)NC2C3N(C2=O)C(=C(CS3)C[N+]4=CC=CC=C4)C(=O)[O-],COC1=C(C=C(C=C1)C2=CC3=C(C=C2)C=C(C=C3)C(=O)O)C45CC6CC(C4)CC(C6)C5,0,unreported_twosides_sampled,0.008380591869354248,0.03251694749071922,0.03251694749071922,fitted,platt_logistic_regression,0.5027853759154408,0,0.1433853088095279,0.8463476070528967,0.0041981528127623844,no_interaction,1,False,0.6428571428571429,0.288135593220339,0.288135593220339,False,False,True
C1CN=C(N1)NC2=C(C=CC=C2Cl)Cl,CC1CN(CCN1)C2=C(C=C3C(=C2OC)N(C=C(C3=O)C(=O)O)C4CC4)F,1,reported_twosides,0.9397034645080566,0.8825747387074686,0.8825747387074686,fitted,platt_logistic_regression,0.5027853759154408,1,0.3617634195393181,0.020990764063811923,0.6465155331654072,interaction,1,False,0.5853658536585366,0.7230769230769231,0.5853658536585366,False,False,False
CC(C=CC(C)C(C)(C)O)C1CCC2C1(CCCC2=CC=C3CC(CC(C3)O)O)C,CN1C(=C(NC2=CC=CC=N2)O)C(=O)C3=CC=CC=C3S1(=O)=O,0,unreported_twosides_sampled,0.9988940358161926,0.992880044984833,0.992880044984833,fitted,platt_logistic_regression,0.5027853759154408,1,0.042301684887054034,0.0008396305625524769,0.9311502938706969,interaction,1,False,0.5625,0.62,0.5625,False,False,False
C1=CC(=CC=C1N)S(=O)(=O)C2=CC=C(C=C2)N,CN1C(=C(NC2=CC=CC=N2)O)C(=O)C3=CC=CC=C3S1(=O)=O,0,unreported_twosides_sampled,0.03701518476009369,0.09085885942759017,0.09085885942759017,fitted,platt_logistic_regression,0.5027853759154408,0,0.3045204198208339,0.7111670864819479,0.01595298068849706,no_interaction,1,False,0.43333333333333335,0.62,0.43333333333333335,False,False,False
CC(C)C(CCCN(C)CCC1=CC(=C(C=C1)OC)OC)(C#N)C2=CC(=C(C=C2)OC)OC,CC12CCC3C(C1CCC2O)C(CC4=C3C=CC(=C4)O)CCCCCCCCCS(=O)CCCC(C(F)(F)F)(F)F,1,reported_twosides,0.5899866223335266,0.5751911329951622,0.5751911329951622,fitted,platt_logistic_regression,0.5027853759154408,1,0.6817967581340214,0.16204869857262805,0.2586062132661629,no_interaction|interaction,2,True,0.23529411764705882,0.4492753623188406,0.23529411764705882,False,False,True
CC1(C(N2C(S1)C(C2=O)NC(=O)C(C3=CC=CC=C3)N)C(=O)[O-])C,CNC(=C[N+](=O)[O-])NCCSCC1=CC=C(O1)CN(C)C,1,reported_twosides,0.023631293326616287,0.06685862723593511,0.06685862723593511,fitted,platt_logistic_regression,0.5027853759154408,0,0.24543632589857095,0.764063811922754,0.007556675062972292,no_interaction,1,False,0.6119402985074627,0.603448275862069,0.603448275862069,False,False,False
C1=CC(=CC=C1N)S(=O)(=O)C2=CC=C(C=C2)N,CN(C)CCC1=CNC2=C1C=C(C=C2)CC3COC(=O)N3,0,unreported_twosides_sampled,0.014245923608541489,0.047112068122216334,0.047112068122216334,fitted,platt_logistic_regression,0.5027853759154408,0,0.18992246377599692,0.8035264483627204,0.005877413937867338,no_interaction,1,False,0.43333333333333335,0.543859649122807,0.43333333333333335,False,False,False
CC12CCC3C(C1CCC2O)C(CC4=C3C=CC(=C4)O)CCCCCCCCCS(=O)CCCC(C(F)(F)F)(F)F,CNC(=C[N+](=O)[O-])NCCSCC1=CC=C(O1)CN(C)C,1,reported_twosides,0.09535519778728485,0.17115839099185035,0.17115839099185035,fitted,platt_logistic_regression,0.5027853759154408,0,0.4577182428928738,0.5516372795969773,0.03526448362720403,no_interaction,1,False,0.4492753623188406,0.603448275862069,0.4492753623188406,False,False,False
CC(C)(C)NCC(C1=CC(=C(C=C1)O)CO)O,CC1(C(N2C(S1)C(C2=O)NC(=O)C(C3=CC=CC=C3)N)C(=O)[O-])C,1,reported_twosides,0.10137051343917847,0.1781943223491769,0.1781943223491769,fitted,platt_logistic_regression,0.5027853759154408,0,0.46864437809914544,0.5382031905961377,0.037783375314861464,no_interaction,1,False,0.5227272727272727,0.6119402985074627,0.5227272727272727,False,False,False
CC12CCC3C(C1CCC2C(=O)NC4=C(C=CC(=C4)C(F)(F)F)C(F)(F)F)CCC5C3(C=CC(=O)N5)C,CC1CC2C3CCC4=CC(=O)C=CC4(C3(C(CC2(C1(C(=O)CO)O)C)O)F)C,1,reported_twosides,0.09423726797103882,0.16983281058026173,0.16983281058026173,fitted,platt_logistic_regression,0.5027853759154408,0,0.45562101384798925,0.5524769101595298,0.03526448362720403,no_interaction,1,False,0.6417910447761194,0.8596491228070176,0.6417910447761194,False,False,False
CC1C2C(C(=O)N2C(=C1SC3CC(NC3)C(=O)NC4=CC=CC(=C4)C(=O)O)C(=O)O)C(C)O,CCOC(=O)N1CCC(=C2C3=C(CCC4=C2N=CC=C4)C=C(C=C3)Cl)CC1,0,unreported_twosides_sampled,0.3050529658794403,0.36560945253973826,0.36560945253973826,fitted,platt_logistic_regression,0.5027853759154408,0,0.6565775402588117,0.30142737195633923,0.13182199832073888,no_interaction|interaction,2,True,0.23529411764705882,0.5892857142857143,0.23529411764705882,False,False,True
C1CC(OC1CO)N2C=NC3=C2NC=NC3=O,CN(C)NN=C1C(=NC=N1)C(=O)N,0,unreported_twosides_sampled,0.026795854791998863,0.07288296244614004,0.07288296244614004,fitted,platt_logistic_regression,0.5027853759154408,0,0.2610332329847084,0.7506297229219143,0.009235936188077247,no_interaction,1,False,0.3492063492063492,0.24390243902439024,0.24390243902439024,False,False,True
CC1=NN=C(S1)SCC2=C(N3C(C(C3=O)NC(=O)CN4C=NN=N4)SC2)C(=O)[O-],CCOC1=C(C=CC(=C1)CC(=O)NC(CC(C)C)C2=CC=CC=C2N3CCCCC3)C(=O)O,1,reported_twosides,0.9252119660377502,0.8642333250420077,0.8642333250420077,fitted,platt_logistic_regression,0.5027853759154408,1,0.3972037116667352,0.027707808564231738,0.6078925272879933,interaction,1,False,0.4574468085106383,0.2804878048780488,0.2804878048780488,False,False,True
CCOC(=O)C(CCC1=CC=CC=C1)NC(C)C(=O)N2C3CCCCC3CC2C(=O)O,CN(C)CCC1=CNC2=C1C=C(C=C2)CC3COC(=O)N3,0,unreported_twosides_sampled,0.9722551703453064,0.9308608272174685,0.9308608272174685,fitted,platt_logistic_regression,0.5027853759154408,1,0.2514065411978531,0.008396305625524769,0.7598656591099916,interaction,1,False,0.9636363636363636,0.543859649122807,0.543859649122807,False,False,False
C1C(OC(S1)CO)N2C=C(C(=NC2=O)N)F,CN1CC(=O)N2C(C1=O)CC3=C(C2C4=CC5=C(C=C4)OCO5)NC6=CC=CC=C36,0,unreported_twosides_sampled,0.9908005595207214,0.9679466865640144,0.9679466865640144,fitted,platt_logistic_regression,0.5027853759154408,1,0.14180879571057964,0.0041981528127623844,0.8488664987405542,interaction,1,False,0.6326530612244898,0.24050632911392406,0.24050632911392406,False,False,True
C1CC(C1)(C(=O)O)C(=O)O.N.N.[Pt],C1CC(OC1CO)N2C=NC3=C2NC=NC3=O,1,reported_twosides,0.6646307706832886,0.6302636660711775,0.6302636660711775,fitted,platt_logistic_regression,0.5027853759154408,1,0.6588152040320255,0.1343408900083963,0.2972292191435768,no_interaction|interaction,2,True,0.26666666666666666,0.3492063492063492,0.26666666666666666,False,False,True
CCN(C)C(=O)OC1=CC=CC(=C1)C(C)N(C)C,CN1CCC23C=CC(CC2OC4=C(C=CC(=C34)C1)OC)O,1,reported_twosides,0.9936070442199707,0.9751963629328089,0.9751963629328089,fitted,platt_logistic_regression,0.5027853759154408,1,0.11618666846091368,0.0025188916876574307,0.8656591099916037,interaction,1,False,0.32653061224489793,0.375,0.32653061224489793,False,False,True
CC1C2C(C(=O)N2C(=C1SC3CC(NC3)C(=O)NC4=CC=CC(=C4)C(=O)O)C(=O)O)C(C)O,CNC(=C[N+](=O)[O-])NCCSCC1=CC=C(O1)CN(C)C,1,reported_twosides,0.571688711643219,0.5619268745406446,0.5619268745406446,fitted,platt_logistic_regression,0.5027853759154408,1,0.6854575746649195,0.17380352644836272,0.25608732157850544,no_interaction|interaction,2,True,0.23529411764705882,0.603448275862069,0.23529411764705882,False,False,True
C1C(N(C2=C(N1)NC(=NC2=O)N)C=O)CNC3=CC=C(C=C3)C(=O)NC(CCC(=O)O)C(=O)O,CN1CCC(=C2C3=C(C(=O)CC4=CC=CC=C42)SC=C3)CC1,0,unreported_twosides_sampled,0.060774654150009155,0.12691785416552906,0.12691785416552906,fitted,platt_logistic_regression,0.5027853759154408,0,0.3804853918101633,0.6280436607892528,0.022670025188916875,no_interaction,1,False,0.5256410256410257,0.3018867924528302,0.3018867924528302,False,False,True
CC12CCC3C(C1CCC2O)C(CC4=C3C=CC(=C4)O)CCCCCCCCCS(=O)CCCC(C(F)(F)F)(F)F,CC1=C(C(C(=C(N1)C)C(=O)OCC(C)C)C2=CC=CC=C2[N+](=O)[O-])C(=O)OC,0,unreported_twosides_sampled,0.9677866101264954,0.9233839273409162,0.9233839273409162,fitted,platt_logistic_regression,0.5027853759154408,1,0.27042583160526457,0.0109151973131822,0.7439126784214946,interaction,1,False,0.4492753623188406,0.8043478260869565,0.4492753623188406,False,False,False
CCOC1=C(C=CC(=C1)CC(=O)NC(CC(C)C)C2=CC=CC=C2N3CCCCC3)C(=O)O,CN1CC(=O)N2C(C1=O)CC3=C(C2C4=CC5=C(C=C4)OCO5)NC6=CC=CC=C36,0,unreported_twosides_sampled,0.8964653611183167,0.8312062812775851,0.8312062812775851,fitted,platt_logistic_regression,0.5027853759154408,1,0.453968334487851,0.03526448362720403,0.5541561712846348,interaction,1,False,0.2804878048780488,0.24050632911392406,0.24050632911392406,False,False,True
CC(C=CC(C)C(C)(C)O)C1CCC2C1(CCCC2=CC=C3CC(CC(C3)O)O)C,C[N+](C)(C)CC(CC(=O)O)O,1,reported_twosides,0.44634634256362915,0.4715937883270242,0.4715937883270242,fitted,platt_logistic_regression,0.5027853759154408,0,0.6915324855694682,0.22921914357682618,0.18807724601175482,no_interaction|interaction,2,True,0.5625,0.36666666666666664,0.36666666666666664,False,False,True
CC(C)C(CCCN(C)CCC1=CC(=C(C=C1)OC)OC)(C#N)C2=CC(=C(C=C2)OC)OC,CC1=C(SC=C1)C(=CCCN2CCCC(C2)C(=O)O)C3=C(C=CS3)C,1,reported_twosides,0.9802343249320984,0.94531002079533,0.94531002079533,fitted,platt_logistic_regression,0.5027853759154408,1,0.21209961788607712,0.006717044500419815,0.7875734676742233,interaction,1,False,0.23529411764705882,0.26865671641791045,0.23529411764705882,False,False,True
CC1=NN=C2N1C3=C(C=C(C=C3)Cl)C(=NC2)C4=CC=CC=C4,CC1CC2C3CCC4=CC(=O)C=CC4(C3(C(CC2(C1(C(=O)CO)O)C)O)F)C,1,reported_twosides,0.13512155413627625,0.21512144557316765,0.21512144557316765,fitted,platt_logistic_regression,0.5027853759154408,0,0.520663618353181,0.4794290512174643,0.04869857262804366,no_interaction,1,False,0.7659574468085106,0.8596491228070176,0.7659574468085106,False,False,False
CC12CCC3C(C1CCC2O)C(CC4=C3C=CC(=C4)O)CCCCCCCCCS(=O)CCCC(C(F)(F)F)(F)F,CN1C(=C(NC2=CC=CC=N2)O)C(=O)C3=CC=CC=C3S1(=O)=O,0,unreported_twosides_sampled,0.9683883786201477,0.9243694956088704,0.9243694956088704,fitted,platt_logistic_regression,0.5027853759154408,1,0.267965625219615,0.0109151973131822,0.744752308984047,interaction,1,False,0.4492753623188406,0.62,0.4492753623188406,False,False,False
CC(C)C(CCCN(C)CCC1=CC(=C(C=C1)OC)OC)(C#N)C2=CC(=C(C=C2)OC)OC,CC12CCC3C(C1CCC2C(=O)NC4=C(C=CC(=C4)C(F)(F)F)C(F)(F)F)CCC5C3(C=CC(=O)N5)C,1,reported_twosides,0.07598044723272324,0.1472802680551055,0.1472802680551055,fitted,platt_logistic_regression,0.5027853759154408,0,0.41796228453639706,0.5910999160369438,0.0327455919395466,no_interaction,1,False,0.23529411764705882,0.6417910447761194,0.23529411764705882,False,False,True
CC1=NN=C(S1)SCC2=C(N3C(C(C3=O)NC(=O)CN4C=NN=N4)SC2)C(=O)[O-],CC1CN(CCN1)C2=C(C=C3C(=C2OC)N(C=C(C3=O)C(=O)O)C4CC4)F,1,reported_twosides,0.9962003827095032,0.982839670361198,0.982839670361198,fitted,platt_logistic_regression,0.5027853759154408,1,0.08677164107078855,0.0008396305625524769,0.890848026868178,interaction,1,False,0.4574468085106383,0.7230769230769231,0.4574468085106383,False,False,False
C1CN=C(N1)NC2=C(C=CC=C2Cl)Cl,CC1=C(C(C(=C(N1)C)C(=O)OCC(C)C)C2=CC=CC=C2[N+](=O)[O-])C(=O)OC,1,reported_twosides,0.9737778306007385,0.933498969228997,0.933498969228997,fitted,platt_logistic_regression,0.5027853759154408,1,0.24449268353855447,0.007556675062972292,0.764063811922754,interaction,1,False,0.5853658536585366,0.8043478260869565,0.5853658536585366,False,False,False
CC1=NN=C2N1C3=C(C=C(C=C3)Cl)C(=NC2)C4=CC=CC=C4,CN(C)NN=C1C(=NC=N1)C(=O)N,1,reported_twosides,0.024400269612669945,0.06834645190962473,0.06834645190962473,fitted,platt_logistic_regression,0.5027853759154408,0,0.24934057677968202,0.760705289672544,0.007556675062972292,no_interaction,1,False,0.7659574468085106,0.24390243902439024,0.24390243902439024,False,False,True
C(CCl)NC(=O)N(CCCl)N=O,C1=CC(=CC=C1N)S(=O)(=O)C2=CC=C(C=C2)N,0,unreported_twosides_sampled,0.0008062038104981184,0.006163904814754662,0.006163904814754662,fitted,platt_logistic_regression,0.5027853759154408,0,0.037513256569554496,0.9353484466834593,0.0008396305625524769,no_interaction,1,False,0.2391304347826087,0.43333333333333335,0.2391304347826087,False,False,True
CC1=C(C(=O)C2=CC=CC=C2C1=O)CC=C(C)CCCC(C)CCCC(C)CCCC(C)C,CCCCC(=O)N(CC1=CC=C(C=C1)C2=CC=CC=C2C3=NNN=N3)C(C(C)C)C(=O)O,0,unreported_twosides_sampled,0.9857616424560547,0.9564725057336324,0.9564725057336324,fitted,platt_logistic_regression,0.5027853759154408,1,0.17899706610476313,0.005877413937867338,0.8119227539882452,interaction,1,False,0.22058823529411764,0.4533333333333333,0.22058823529411764,False,False,True
CC(=O)OCC(=O)C12C(CC3C1(CC(C4(C3CC(C5=CC(=O)C=CC54C)F)F)O)C)OC(O2)(C)C,CNC(=C[N+](=O)[O-])NCCSCC1=CC=C(O1)CN(C)C,0,unreported_twosides_sampled,0.0015198064502328634,0.009696736123166624,0.009696736123166624,fitted,platt_logistic_regression,0.5027853759154408,0,0.05460330839866458,0.9193954659949622,0.0008396305625524769,no_interaction,1,False,0.8059701492537313,0.603448275862069,0.603448275862069,False,False,False
C1=CC(=C2NC(=C3C=CC=CC3=O)N(N2)C4=CC=C(C=C4)C(=O)O)C(=O)C=C1,CCCCC(=O)N(CC1=CC=C(C=C1)C2=CC=CC=C2C3=NNN=N3)C(C(C)C)C(=O)O,1,reported_twosides,0.9729930758476257,0.932133120370374,0.932133120370374,fitted,platt_logistic_regression,0.5027853759154408,1,0.2480859460016741,0.007556675062972292,0.7615449202350966,interaction,1,False,0.22033898305084745,0.4533333333333333,0.22033898305084745,False,False,True
CC(C)(C)NCC(C1=CC(=C(C=C1)O)CO)O,CNC(=C[N+](=O)[O-])NCCSCC1=CC=C(O1)CN(C)C,1,reported_twosides,0.036332979798316956,0.08971777213839308,0.08971777213839308,fitted,platt_logistic_regression,0.5027853759154408,0,0.30188436412073755,0.7136859781696053,0.015113350125944584,no_interaction,1,False,0.5227272727272727,0.603448275862069,0.5227272727272727,False,False,False
CC1=NN=C2N1C3=C(C=C(C=C3)Cl)C(=NC2)C4=CC=CC=C4,CCCN1CC(CC2C1CC3=CNC4=CC=CC2=C34)CSC,1,reported_twosides,0.10809235274791718,0.18587539572395675,0.18587539572395675,fitted,platt_logistic_regression,0.5027853759154408,0,0.48018666592400505,0.5281276238455079,0.04030226700251889,no_interaction,1,False,0.7659574468085106,0.42168674698795183,0.42168674698795183,False,False,False
CCC(C)C(=O)OC1CC(C=C2C1C(C(C=C2)C)CCC3CC(CC(=O)O3)O)C,COC1=C(C=C(C=C1)C2=CC3=C(C=C2)C=C(C=C3)C(=O)O)C45CC6CC(C4)CC(C6)C5,0,unreported_twosides_sampled,0.6449587345123291,0.61555483668718,0.61555483668718,fitted,platt_logistic_regression,0.5027853759154408,1,0.6661983765710039,0.14273719563392107,0.28883291351805207,no_interaction|interaction,2,True,0.7424242424242424,0.288135593220339,0.288135593220339,False,False,True
C1CN=C(N1)NC2=C(C=CC=C2Cl)Cl,CC(C=CC(C)C(C)(C)O)C1CCC2C1(CCCC2=CC=C3CC(CC(C3)O)O)C,1,reported_twosides,0.9999837875366211,0.9996566666457251,0.9996566666457251,fitted,platt_logistic_regression,0.5027853759154408,1,0.0030819788975284105,0.0008396305625524769,0.998320738874895,interaction,1,False,0.5853658536585366,0.5625,0.5625,False,False,False
CC1CC2C3CCC4=CC(=O)C=CC4(C3(C(CC2(C1(C(=O)CO)O)C)O)F)C,CCCC1(CC(=O)C(=C(O1)O)C(CC)C2=CC(=CC=C2)NS(=O)(=O)C3=NC=C(C=C3)C(F)(F)F)CCC4=CC=CC=C4,0,unreported_twosides_sampled,0.45008647441864014,0.47430580797850247,0.47430580797850247,fitted,platt_logistic_regression,0.5027853759154408,0,0.6918262158008461,0.22837951301427373,0.19059613769941225,no_interaction|interaction,2,True,0.8596491228070176,0.2247191011235955,0.2247191011235955,False,False,True
C1CC(C1)(C(=O)O)C(=O)O.N.N.[Pt],CC12CCC3C(C1CCC2(C)O)CCC4C3(COC(=O)C4)C,1,reported_twosides,0.9729983806610107,0.9321423085534178,0.9321423085534178,fitted,platt_logistic_regression,0.5027853759154408,1,0.24806187296092458,0.007556675062972292,0.762384550797649,interaction,1,False,0.26666666666666666,0.31343283582089554,0.26666666666666666,False,False,True
CC(C=CC(C)C(C)(C)O)C1CCC2C1(CCCC2=CC=C3CC(CC(C3)O)O)C,CCCCC(=O)N(CC1=CC=C(C=C1)C2=CC=CC=C2C3=NNN=N3)C(C(C)C)C(=O)O,1,reported_twosides,0.998380184173584,0.9906483213066581,0.9906483213066581,fitted,platt_logistic_regression,0.5027853759154408,1,0.05300072249441981,0.0008396305625524769,0.9227539882451721,interaction,1,False,0.5625,0.4533333333333333,0.4533333333333333,False,False,False
CC(C)C(CCCN(C)CCC1=CC(=C(C=C1)OC)OC)(C#N)C2=CC(=C(C=C2)OC)OC,CCN(C)C(=O)OC1=CC=CC(=C1)C(C)N(C)C,1,reported_twosides,0.9823322892189026,0.9494105165129356,0.9494105165129356,fitted,platt_logistic_regression,0.5027853759154408,1,0.2002472972432899,0.006717044500419815,0.7959697732997482,interaction,1,False,0.23529411764705882,0.32653061224489793,0.23529411764705882,False,False,True
CC(C)C(CCCN(C)CCC1=CC(=C(C=C1)OC)OC)(C#N)C2=CC(=C(C=C2)OC)OC,CCOC1=C(C=CC(=C1)CC(=O)NC(CC(C)C)C2=CC=CC=C2N3CCCCC3)C(=O)O,1,reported_twosides,0.19703197479248047,0.2749753474950277,0.2749753474950277,fitted,platt_logistic_regression,0.5027853759154408,0,0.5881448776779783,0.40470193115029385,0.07724601175482787,no_interaction,1,False,0.23529411764705882,0.2804878048780488,0.23529411764705882,False,False,True
CCC(C)C(=O)OC1CC(C=C2C1C(C(C=C2)C)CCC3CC(CC(=O)O3)O)C,CN1C(=C(NC2=CC=CC=N2)O)C(=O)C3=CC=CC=C3S1(=O)=O,1,reported_twosides,0.9998970031738281,0.9987027597077676,0.9987027597077676,fitted,platt_logistic_regression,0.5027853759154408,1,0.009919824270103333,0.0008396305625524769,0.982367758186398,interaction,1,False,0.7424242424242424,0.62,0.62,False,False,False
CC(C)(C)NCC(C1=CC(=C(C=C1)O)CO)O,CN1CC(=O)N2C(C1=O)CC3=C(C2C4=CC5=C(C=C4)OCO5)NC6=CC=CC=C36,1,reported_twosides,0.5957938432693481,0.5794150242837772,0.5794150242837772,fitted,platt_logistic_regression,0.5027853759154408,1,0.6804801125042937,0.15785054575986565,0.2594458438287154,no_interaction|interaction,2,True,0.5227272727272727,0.24050632911392406,0.24050632911392406,False,False,True
C1C(N(C2=C(N1)NC(=NC2=O)N)C=O)CNC3=CC=C(C=C3)C(=O)NC(CCC(=O)O)C(=O)O,CC(C=CC(C)C(C)(C)O)C1CCC2C1(CCCC2=CC=C3CC(CC(C3)O)O)C,0,unreported_twosides_sampled,0.9591624140739441,0.9098768680080948,0.9098768680080948,fitted,platt_logistic_regression,0.5027853759154408,1,0.30282261305190716,0.01595298068849706,0.7136859781696053,interaction,1,False,0.5256410256410257,0.5625,0.5256410256410257,False,False,False
C1CC(C1)(C(=O)O)C(=O)O.N.N.[Pt],CC(C)C(CCCN(C)CCC1=CC(=C(C=C1)OC)OC)(C#N)C2=CC(=C(C=C2)OC)OC,1,reported_twosides,0.7547590136528015,0.7005702780782455,0.7005702780782455,fitted,platt_logistic_regression,0.5027853759154408,1,0.6103803320522523,0.09655751469353484,0.37531486146095716,interaction,1,False,0.26666666666666666,0.23529411764705882,0.23529411764705882,False,False,True
CCCCC(=O)N(CC1=CC=C(C=C1)C2=CC=CC=C2C3=NNN=N3)C(C(C)C)C(=O)O,CNC(=C[N+](=O)[O-])NCCSCC1=CC=C(O1)CN(C)C,1,reported_twosides,0.6547651290893555,0.6228658538167868,0.6228658538167868,fitted,platt_logistic_regression,0.5027853759154408,1,0.662643705609184,0.1385390428211587,0.29219143576826195,no_interaction|interaction,2,True,0.4533333333333333,0.603448275862069,0.4533333333333333,False,False,False
CN1C(=C(NC2=CC=CC=N2)O)C(=O)C3=CC=CC=C3S1(=O)=O,CN1CC(=O)N2C(C1=O)CC3=C(C2C4=CC5=C(C=C4)OCO5)NC6=CC=CC=C36,0,unreported_twosides_sampled,0.9459669589996338,0.8909739376228663,0.8909739376228663,fitted,platt_logistic_regression,0.5027853759154408,1,0.344474228410247,0.016792611251049538,0.6649874055415617,interaction,1,False,0.62,0.24050632911392406,0.24050632911392406,False,False,True
CC(=O)OCC(=O)C12C(CC3C1(CC(C4(C3CC(C5=CC(=O)C=CC54C)F)F)O)C)OC(O2)(C)C,CC1CN(CCN1)C2=C(C=C3C(=C2OC)N(C=C(C3=O)C(=O)O)C4CC4)F,0,unreported_twosides_sampled,0.036059506237506866,0.0892582470336717,0.0892582470336717,fitted,platt_logistic_regression,0.5027853759154408,0,0.3008183102168974,0.7153652392947103,0.015113350125944584,no_interaction,1,False,0.8059701492537313,0.7230769230769231,0.7230769230769231,False,False,False
C1CN=C(N1)NC2=C(C=CC=C2Cl)Cl,CCOC(=O)N1CCC(=C2C3=C(CCC4=C2N=CC=C4)C=C(C=C3)Cl)CC1,1,reported_twosides,0.5289687514305115,0.5311372178634917,0.5311372178634917,fitted,platt_logistic_regression,0.5027853759154408,1,0.6912068726307321,0.18639798488664988,0.2325776658270361,no_interaction|interaction,2,True,0.5853658536585366,0.5892857142857143,0.5853658536585366,False,False,False
C1C(OC(S1)CO)N2C=C(C(=NC2=O)N)F,CN1C=NC(=C1SC2=NC=NC3=C2NC=N3)[N+](=O)[O-],0,unreported_twosides_sampled,0.455091655254364,0.47793113009314253,0.47793113009314253,fitted,platt_logistic_regression,0.5027853759154408,0,0.6921727940044874,0.22837951301427373,0.19395465994962216,no_interaction|interaction,2,True,0.6326530612244898,0.25925925925925924,0.25925925925925924,False,False,True
CC1=NN=C(S1)SCC2=C(N3C(C(C3=O)NC(=O)CN4C=NN=N4)SC2)C(=O)[O-],CCCC1(CC(=O)C(=C(O1)O)C(CC)C2=CC(=CC=C2)NS(=O)(=O)C3=NC=C(C=C3)C(F)(F)F)CCC4=CC=CC=C4,0,unreported_twosides_sampled,0.34098246693611145,0.3934577250510628,0.3934577250510628,fitted,platt_logistic_regression,0.5027853759154408,0,0.670269668127849,0.2795969773299748,0.1452560873215785,no_interaction|interaction,2,True,0.4574468085106383,0.2247191011235955,0.2247191011235955,False,False,True
CC1=NN=C2N1C3=C(C=C(C=C3)Cl)C(=NC2)C4=CC=CC=C4,CCOC(=O)N1CCC(=C2C3=C(CCC4=C2N=CC=C4)C=C(C=C3)Cl)CC1,1,reported_twosides,0.12180362641811371,0.20101339896015766,0.20101339896015766,fitted,platt_logistic_regression,0.5027853759154408,0,0.5018040875519378,0.5020990764063812,0.04534005037783375,no_interaction,1,False,0.7659574468085106,0.5892857142857143,0.5892857142857143,False,False,False
CC1=NN=C(S1)SCC2=C(N3C(C(C3=O)NC(=O)CN4C=NN=N4)SC2)C(=O)[O-],CCCCC(=O)N(CC1=CC=C(C=C1)C2=CC=CC=C2C3=NNN=N3)C(C(C)C)C(=O)O,1,reported_twosides,0.9938196539878845,0.9757818265049224,0.9757818265049224,fitted,platt_logistic_regression,0.5027853759154408,1,0.114029911638171,0.0025188916876574307,0.8673383711167086,interaction,1,False,0.4574468085106383,0.4533333333333333,0.4533333333333333,False,False,False
