source,target,label,label_evidence,raw_prediction_score,calibrated_prediction_score,prediction_score,calibration_status,calibration_method,threshold,predicted_label,predictive_entropy_nats,conformal_no_interaction_p_value,conformal_interaction_p_value,conformal_prediction_set,conformal_prediction_set_size,conformal_abstain,source_nearest_train_tanimoto,target_nearest_train_tanimoto,pair_minimum_nearest_train_tanimoto,source_exactly_seen_in_training,target_exactly_seen_in_training,structural_ood_flag
CCCCCCCCCCCC(CC1C(C(=O)O1)CCCCCC)OC(=O)C(CC(C)C)NC=O,CCN(CCCC(C)NC1=C2C=CC(=CC2=NC=C1)Cl)CCO,1,reported_twosides,0.013479792512953281,0.020855417443918906,0.020855417443918906,fitted,platt_logistic_regression,0.5234977964951845,0,0.1013498327022978,0.7519181585677749,0.0025575447570332483,no_interaction,1,False,0.30666666666666664,0.86,0.30666666666666664,False,False,True
CC(C)CN1C=NC2=C1C3=CC=CC=C3N=C2N,CCCC1OC2CC3C4CCC5=CC(=O)C=CC5(C4C(CC3(C2(O1)C(=O)CO)C)O)C,1,reported_twosides,0.012901105917990208,0.020127599207640734,0.020127599207640734,fitted,platt_logistic_regression,0.5234977964951845,0,0.09853529198270841,0.7553282182438192,0.0025575447570332483,no_interaction,1,False,0.2727272727272727,0.7313432835820896,0.2727272727272727,False,False,True
CC(C)C1=NC(=NC(=C1CCC(CC(CC(=O)O)O)O)C2=CC=C(C=C2)F)N(C)S(=O)(=O)C,CCN(CCCC(C)NC1=C2C=CC(=CC2=NC=C1)Cl)CCO,1,reported_twosides,0.19185204803943634,0.17937178598686146,0.17937178598686146,fitted,platt_logistic_regression,0.5234977964951845,0,0.4704395579524574,0.41602728047740833,0.03154305200341006,no_interaction,1,False,0.38461538461538464,0.86,0.38461538461538464,False,False,True
CC1=C(C(=O)N2CCCCC2=N1)CCN3CCC(CC3)C4=NOC5=C4C=CC(=C5)F,CC1=CC(=CC=C1)CN2CCN(CC2)C(C3=CC=CC=C3)C4=CC=C(C=C4)Cl,1,reported_twosides,0.7995626330375671,0.6858129134954609,0.6858129134954609,fitted,platt_logistic_regression,0.5234977964951845,1,0.6224099527798779,0.07587382779198636,0.2728047740835465,interaction,1,False,0.7464788732394366,0.5094339622641509,0.5094339622641509,False,False,False
CCCC(C)(COC(=O)N)COC(=O)NC(C)C,CCN(CCCC(C)NC1=C2C=CC(=CC2=NC=C1)Cl)CCO,1,reported_twosides,0.014367830939590931,0.021960663018263316,0.021960663018263316,fitted,platt_logistic_regression,0.5234977964951845,0,0.10557458884638826,0.7459505541346974,0.0025575447570332483,no_interaction,1,False,0.2926829268292683,0.86,0.2926829268292683,False,False,True
C1CN=C(N1)NC2=C(C=CC=C2Cl)Cl,CNC(=C[N+](=O)[O-])NCCSCC1=CC=C(O1)CN(C)C,1,reported_twosides,0.6585876941680908,0.5468749193803691,0.5468749193803691,fitted,platt_logistic_regression,0.5234977964951845,1,0.688746204430716,0.11764705882352941,0.16538789428815004,no_interaction|interaction,2,True,0.5853658536585366,0.603448275862069,0.5853658536585366,False,False,False
C1=CC(=C(C=C1OC2=C(C=C(C=C2I)CC(C(=O)O)N)I)I)O,CN1C2CCCC1CC(C2)NC(=O)C3=NN(C4=CC=CC=C43)C,0,unreported_twosides_sampled,0.9999990463256836,0.9999819049949387,0.9999819049949387,fitted,platt_logistic_regression,0.5234977964951845,1,0.0002156900278862279,0.0008525149190110827,1.0,interaction,1,False,0.7441860465116279,0.3064516129032258,0.3064516129032258,False,False,True
C1CN=C(N1)NC2=C(C=CC=C2Cl)Cl,CC1=NN=C(S1)SCC2=C(N3C(C(C3=O)NC(=O)CN4C=NN=N4)SC2)C(=O)[O-],1,reported_twosides,0.28900226950645447,0.25312728594898465,0.25312728594898465,fitted,platt_logistic_regression,0.5234977964951845,0,0.5657448115843566,0.3290707587382779,0.05200341005967604,no_interaction,1,False,0.5853658536585366,0.4574468085106383,0.4574468085106383,False,False,False
C1=CC(=CC=C1C2C(C(=O)N2C3=CC=C(C=C3)F)CCC(C4=CC=C(C=C4)F)O)O,C1=NNC2=C1NC=NC2=O,1,reported_twosides,0.31116825342178345,0.26974821153841955,0.26974821153841955,fitted,platt_logistic_regression,0.5234977964951845,0,0.5830082447834843,0.3145780051150895,0.05711849957374254,no_interaction,1,False,0.25,0.28205128205128205,0.25,False,False,True
C1CN=C(N1)NC2=C(C=CC=C2Cl)Cl,CCC(C)C(=O)OC1CC(C=C2C1C(C(C=C2)C)CCC3CC(CC(=O)O3)O)C,1,reported_twosides,0.9999959468841553,0.9999433443424485,0.9999433443424485,fitted,platt_logistic_regression,0.5234977964951845,1,0.000610662459812153,0.0008525149190110827,0.9803921568627451,interaction,1,False,0.5853658536585366,0.7424242424242424,0.5853658536585366,False,False,False
CC(C)C(C(=O)OCC(CO)OCN1C=NC2=C1NC(=NC2=O)N)N,CC1COC2=C3N1C=C(C(=O)C3=CC(=C2N4CCN(CC4)C)F)C(=O)O,1,reported_twosides,0.5252221822738647,0.43402772033731424,0.43402772033731424,fitted,platt_logistic_regression,0.5234977964951845,0,0.6844170624784168,0.18073316283034954,0.11082693947144075,no_interaction|interaction,2,True,0.7307692307692307,0.4507042253521127,0.4507042253521127,False,False,False
C(CS(=O)(=O)O)S,C1CC[N+]2(C1)C3CCC2CC(C3)OC(=O)C(C4=CC=CC=C4)(C5=CC=CC=C5)O,0,unreported_twosides_sampled,0.3991446793079376,0.33595202751844216,0.33595202751844216,fitted,platt_logistic_regression,0.5234977964951845,0,0.6383138993617026,0.2557544757033248,0.0784313725490196,no_interaction,1,False,0.3333333333333333,0.4444444444444444,0.3333333333333333,False,False,True
C1CC[N+]2(C1)C3CCC2CC(C3)OC(=O)C(C4=CC=CC=C4)(C5=CC=CC=C5)O,CC12CCC3C(C1CCC2C(=O)NC4=C(C=CC(=C4)C(F)(F)F)C(F)(F)F)CCC5C3(C=CC(=O)N5)C,0,unreported_twosides_sampled,0.8274198770523071,0.7171952126943489,0.7171952126943489,fitted,platt_logistic_regression,0.5234977964951845,1,0.5955828599521702,0.06223358908780904,0.3069053708439898,interaction,1,False,0.4444444444444444,0.6417910447761194,0.4444444444444444,False,False,False
C1=CC(=C(C=C1F)F)C(CN2C=NC=N2)(CN3C=NC=N3)O,CN1C2CCCC1CC(C2)NC(=O)C3=NN(C4=CC=CC=C43)C,1,reported_twosides,0.4066201448440552,0.3416292885565441,0.3416292885565441,fitted,platt_logistic_regression,0.5234977964951845,0,0.6421102652808737,0.24978687127024723,0.08013640238704177,no_interaction,1,False,0.5961538461538461,0.3064516129032258,0.3064516129032258,False,False,True
C1=CC(=C(C=C1F)F)C(CN2C=NC=N2)(CN3C=NC=N3)O,CC1=CC(=CC=C1)CN2CCN(CC2)C(C3=CC=CC=C3)C4=CC=C(C=C4)Cl,1,reported_twosides,0.603193998336792,0.49844207148396924,0.49844207148396924,fitted,platt_logistic_regression,0.5234977964951845,0,0.6931423262695685,0.13810741687979539,0.13469735720375106,no_interaction|interaction,2,True,0.5961538461538461,0.5094339622641509,0.5094339622641509,False,False,False
CC1C(C(CC(O1)OC2CC(CC3=C2C(=C4C(=C3O)C(=O)C5=C(C4=O)C(=CC=C5)OC)O)(C(=O)CO)O)[NH3+])O,CN1C2CCCC1CC(C2)NC(=O)C3=NN(C4=CC=CC=C43)C,1,reported_twosides,0.7969303727149963,0.682933482830176,0.682933482830176,fitted,platt_logistic_regression,0.5234977964951845,1,0.6246384754784053,0.07587382779198636,0.26854219948849106,interaction,1,False,0.23728813559322035,0.3064516129032258,0.23728813559322035,False,False,True
CC(C)CC(C1(CCC1)C2=CC=C(C=C2)Cl)N(C)C,CNC(=C[N+](=O)[O-])NCCSCC1=CC=C(O1)CN(C)C,1,reported_twosides,0.592115581035614,0.4890496961224621,0.4890496961224621,fitted,platt_logistic_regression,0.5234977964951845,0,0.6929073430753049,0.14407502131287298,0.13043478260869565,no_interaction|interaction,2,True,0.27419354838709675,0.603448275862069,0.27419354838709675,False,False,True
CC(C)C1=NC(=NC(=C1CCC(CC(CC(=O)O)O)O)C2=CC=C(C=C2)F)N(C)S(=O)(=O)C,CC1C(C(CC(O1)OC2CC(CC3=C2C(=C4C(=C3O)C(=O)C5=C(C4=O)C(=CC=C5)OC)O)(C(=O)CO)O)[NH3+])O,1,reported_twosides,0.9831183552742004,0.9510671388275644,0.9510671388275644,fitted,platt_logistic_regression,0.5234977964951845,1,0.19536104930474193,0.005967604433077579,0.6410912190963342,interaction,1,False,0.38461538461538464,0.23728813559322035,0.23728813559322035,False,False,True
C(C(C(C(C(CO)O)O)O)O)O,C1=CC(=CC=C1C(=O)NC(CCC(=O)O)C(=O)O)NCC2=CN=C3C(=N2)C(=O)N=C(N3)N,1,reported_twosides,0.7463109493255615,0.6300072245924261,0.6300072245924261,fitted,platt_logistic_regression,0.5234977964951845,1,0.6589518355215429,0.08780903665814152,0.22847399829497017,interaction,1,False,0.21739130434782608,0.5256410256410257,0.21739130434782608,False,False,True
CC(C=CC(C1CC1)O)C2CCC3C2(CCCC3=CC=C4CC(CC(C4=C)O)O)C,CC1=CC(=CC=C1)CN2CCN(CC2)C(C3=CC=CC=C3)C4=CC=C(C=C4)Cl,0,unreported_twosides_sampled,0.14573468267917633,0.14305994648641696,0.14305994648641696,fitted,platt_logistic_regression,0.5234977964951845,0,0.4104795257330427,0.4697357203751066,0.023017902813299233,no_interaction,1,False,0.6307692307692307,0.5094339622641509,0.5094339622641509,False,False,False
C(C(C(C(C(CO)O)O)O)O)O,C1CN=C(N1)NC2=C(C=CC=C2Cl)Cl,1,reported_twosides,0.12030140310525894,0.12234064669187683,0.12234064669187683,fitted,platt_logistic_regression,0.5234977964951845,0,0.3715627701041879,0.4961636828644501,0.020460358056265986,no_interaction,1,False,0.21739130434782608,0.5853658536585366,0.21739130434782608,False,False,True
CC12CCC3C(C1CCC2C(=O)NC4=C(C=CC(=C4)C(F)(F)F)C(F)(F)F)CCC5C3(C=CC(=O)N5)C,CC1=C(C(=O)N2CCCCC2=N1)CCN3CCC(CC3)C4=NOC5=C4C=CC(=C5)F,1,reported_twosides,0.10430070012807846,0.10894609985910034,0.10894609985910034,fitted,platt_logistic_regression,0.5234977964951845,0,0.3443062159736485,0.5140664961636828,0.01875532821824382,no_interaction,1,False,0.6417910447761194,0.7464788732394366,0.6417910447761194,False,False,False
CCCC(C)(COC(=O)N)COC(=O)NC(C)C,CN(C)CC1CCCCC1(C2=CC(=CC=C2)OC)O,1,reported_twosides,0.13261732459068298,0.13245116036861065,0.13245116036861065,fitted,platt_logistic_regression,0.5234977964951845,0,0.39101984030879555,0.4825234441602728,0.021312872975277068,no_interaction,1,False,0.2926829268292683,0.37037037037037035,0.2926829268292683,False,False,True
C1CC2CN(C(=O)C3=CC=CC(=C23)C1)C4CN5CCC4CC5,CC1COC2=C3N1C=C(C(=O)C3=CC(=C2N4CCN(CC4)C)F)C(=O)O,1,reported_twosides,0.9134154915809631,0.8283207993795426,0.8283207993795426,fitted,platt_logistic_regression,0.5234977964951845,1,0.4585388334358153,0.029838022165387893,0.43052003410059675,interaction,1,False,0.30303030303030304,0.4507042253521127,0.30303030303030304,False,False,True
CC12CC(=O)C3C(C1CCC2(C(=O)CO)O)CCC4=CC(=O)C=CC34C,CC1=C(C(=O)N2CCCCC2=N1)CCN3CCC(CC3)C4=NOC5=C4C=CC(=C5)F,1,reported_twosides,0.3503704369068146,0.2991523909332135,0.2991523909332135,fitted,platt_logistic_regression,0.5234977964951845,0,0.6101444132097498,0.28388746803069054,0.06990622335890878,no_interaction,1,False,0.6896551724137931,0.7464788732394366,0.6896551724137931,False,False,False
C1=CC(=CC=C1C(=O)NC(CCC(=O)O)C(=O)O)NCC2=CN=C3C(=N2)C(=O)N=C(N3)N,CC12CCC3C(C1CCC2C(=O)NC4=C(C=CC(=C4)C(F)(F)F)C(F)(F)F)CCC5C3(C=CC(=O)N5)C,1,reported_twosides,0.7546665668487549,0.6384499585438105,0.6384499585438105,fitted,platt_logistic_regression,0.5234977964951845,1,0.6543048222949556,0.08354646206308611,0.23273657289002558,interaction,1,False,0.5256410256410257,0.6417910447761194,0.5256410256410257,False,False,False
CC(C)(C)NCC(COC1=NSN=C1N2CCOCC2)O,CC(C)CN1C=NC2=C1C3=CC=CC=C3N=C2N,0,unreported_twosides_sampled,0.07871703058481216,0.08674522028791788,0.08674522028791788,fitted,platt_logistic_regression,0.5234977964951845,0,0.2949420614836132,0.5575447570332481,0.014492753623188406,no_interaction,1,False,0.4,0.2727272727272727,0.2727272727272727,False,False,True
C1CC[N+]2(C1)C3CCC2CC(C3)OC(=O)C(C4=CC=CC=C4)(C5=CC=CC=C5)O,CN1CCN2C(C1)C3=CC=CC=C3CC4=C2N=CC=C4,1,reported_twosides,0.46995028853416443,0.390326650268508,0.390326650268508,fitted,platt_logistic_regression,0.5234977964951845,0,0.668893977275776,0.21312872975277067,0.09718670076726342,no_interaction,1,False,0.4444444444444444,0.2833333333333333,0.2833333333333333,False,False,True
CC#CCC(C)C(C=CC1C(CC2C1CC(=CCCCC(=O)O)C2)O)O,CCCC1OC2CC3C4CCC5=CC(=O)C=CC5(C4C(CC3(C2(O1)C(=O)CO)C)O)C,1,reported_twosides,0.05108916386961937,0.061185797601754965,0.061185797601754965,fitted,platt_logistic_regression,0.5234977964951845,0,0.23021789703343826,0.6104006820119352,0.0076726342710997444,no_interaction,1,False,0.35064935064935066,0.7313432835820896,0.35064935064935066,False,False,True
CC(C)(C1=CC=C(C=C1)C(CCCN2CCC(CC2)C(C3=CC=CC=C3)(C4=CC=CC=C4)O)O)C(=O)O,CC1COC2=C3N1C=C(C(=O)C3=CC(=C2N4CCN(CC4)C)F)C(=O)O,1,reported_twosides,0.8078097105026245,0.6949263607245195,0.6949263607245195,fitted,platt_logistic_regression,0.5234977964951845,1,0.615102090971291,0.07246376811594203,0.27877237851662406,interaction,1,False,0.3442622950819672,0.4507042253521127,0.3442622950819672,False,False,True
CCC(C)C(=O)OC1CC(C=C2C1C(C(C=C2)C)CCC3CC(CC(=O)O3)O)C,CNC(=C[N+](=O)[O-])NCCSCC1=CC=C(O1)CN(C)C,1,reported_twosides,0.9742922782897949,0.9319335249805555,0.9319335249805555,fitted,platt_logistic_regression,0.5234977964951845,1,0.24860855686598526,0.008525149190110827,0.5959079283887468,interaction,1,False,0.7424242424242424,0.603448275862069,0.603448275862069,False,False,False
C1CN(CCN1CCOCCO)C2=NC3=CC=CC=C3SC4=CC=CC=C42,C1NC2=CC(=C(C=C2S(=O)(=O)N1)S(=O)(=O)N)Cl,1,reported_twosides,0.2616572380065918,0.23257119834840936,0.23257119834840936,fitted,platt_logistic_regression,0.5234977964951845,0,0.5423645329770639,0.3512361466325661,0.04688832054560955,no_interaction,1,False,0.423728813559322,0.5454545454545454,0.423728813559322,False,False,False
CC(C=CC(C1CC1)O)C2CCC3C2(CCCC3=CC=C4CC(CC(C4=C)O)O)C,CN(C)CC1CCCCC1(C2=CC(=CC=C2)OC)O,0,unreported_twosides_sampled,0.12063641846179962,0.12261780298130262,0.12261780298130262,fitted,platt_logistic_regression,0.5234977964951845,0,0.3721085350215557,0.49531116794543906,0.020460358056265986,no_interaction,1,False,0.6307692307692307,0.37037037037037035,0.37037037037037035,False,False,True
CC(C)(C1=CC=C(C=C1)C(CCCN2CCC(CC2)C(C3=CC=CC=C3)(C4=CC=CC=C4)O)O)C(=O)O,CN1C=NC2=C1C(=O)N(C(=O)N2C)C,1,reported_twosides,0.40735548734664917,0.3421884115334989,0.3421884115334989,fitted,platt_logistic_regression,0.5234977964951845,0,0.6424763786414363,0.24978687127024723,0.08013640238704177,no_interaction,1,False,0.3442622950819672,0.47058823529411764,0.3442622950819672,False,False,True
C1=NNC2=C1NC=NC2=O,CC1COC2=C3N1C=C(C(=O)C3=CC(=C2N4CCN(CC4)C)F)C(=O)O,1,reported_twosides,0.7928202152252197,0.6784649036974426,0.6784649036974426,fitted,platt_logistic_regression,0.5234977964951845,1,0.6280211596483192,0.07672634271099744,0.2659846547314578,interaction,1,False,0.28205128205128205,0.4507042253521127,0.28205128205128205,False,False,True
CC(C=CC(C1CC1)O)C2CCC3C2(CCCC3=CC=C4CC(CC(C4=C)O)O)C,CC1C(C(CC(O1)OC2CC(CC3=C2C(=C4C(=C3O)C(=O)C5=C(C4=O)C(=CC=C5)OC)O)(C(=O)CO)O)[NH3+])O,0,unreported_twosides_sampled,0.40592828392982483,0.3411033384731392,0.3411033384731392,fitted,platt_logistic_regression,0.5234977964951845,0,0.6417646048609282,0.24978687127024723,0.0792838874680307,no_interaction,1,False,0.6307692307692307,0.23728813559322035,0.23728813559322035,False,False,True
C1CC2CN(C(=O)C3=CC=CC(=C23)C1)C4CN5CCC4CC5,C1CC[N+]2(C1)C3CCC2CC(C3)OC(=O)C(C4=CC=CC=C4)(C5=CC=CC=C5)O,0,unreported_twosides_sampled,0.39228448271751404,0.33075230409584233,0.33075230409584233,fitted,platt_logistic_regression,0.5234977964951845,0,0.6347101268479698,0.257459505541347,0.0784313725490196,no_interaction,1,False,0.30303030303030304,0.4444444444444444,0.30303030303030304,False,False,True
C1CC2CN(C(=O)C3=CC=CC(=C23)C1)C4CN5CCC4CC5,C1CN=C(N1)NC2=C(C=CC=C2Cl)Cl,1,reported_twosides,0.9778789281845093,0.9394783234692,0.9394783234692,fitted,platt_logistic_regression,0.5234977964951845,1,0.22840052776925454,0.0076726342710997444,0.6121057118499573,interaction,1,False,0.30303030303030304,0.5853658536585366,0.30303030303030304,False,False,True
C1=CC(=C(C=C1F)F)C(CN2C=NC=N2)(CN3C=NC=N3)O,C1=CC(=CC=C1C(=O)NC(CCC(=O)O)C(=O)O)NCC2=CN=C3C(=N2)C(=O)N=C(N3)N,1,reported_twosides,0.8583902716636658,0.7543357427021928,0.7543357427021928,fitted,platt_logistic_regression,0.5234977964951845,1,0.55752151945896,0.05200341005967604,0.3375959079283887,interaction,1,False,0.5961538461538461,0.5256410256410257,0.5256410256410257,False,False,False
CC1COC2=C3N1C=C(C(=O)C3=CC(=C2N4CCN(CC4)C)F)C(=O)O,CNC(=C[N+](=O)[O-])NCCSCC1=CC=C(O1)CN(C)C,1,reported_twosides,0.5204916000366211,0.4302327029361848,0.4302327029361848,fitted,platt_logistic_regression,0.5234977964951845,0,0.6833803907032706,0.18329070758738278,0.10997442455242967,no_interaction|interaction,2,True,0.4507042253521127,0.603448275862069,0.4507042253521127,False,False,False
C1NC2=CC(=C(C=C2S(=O)(=O)N1)S(=O)(=O)N)Cl,COC1=C(C=C2C(=C1)C(=NC(=N2)N3CCN(CC3)C(=O)C4=CC=CO4)N)OC,1,reported_twosides,0.7741047143936157,0.6585203487586124,0.6585203487586124,fitted,platt_logistic_regression,0.5234977964951845,1,0.6420120471424158,0.0792838874680307,0.24978687127024723,interaction,1,False,0.5454545454545454,0.5882352941176471,0.5454545454545454,False,False,False
CC(C)CC(C1(CCC1)C2=CC=C(C=C2)Cl)N(C)C,CCN(CCCC(C)NC1=C2C=CC(=CC2=NC=C1)Cl)CCO,0,unreported_twosides_sampled,0.26434144377708435,0.23459312593470444,0.23459312593470444,fitted,platt_logistic_regression,0.5234977964951845,0,0.5447669801491472,0.34867860187553285,0.04774083546462063,no_interaction,1,False,0.27419354838709675,0.86,0.27419354838709675,False,False,True
C1=CC(=C(C=C1OC2=C(C=C(C=C2I)CC(C(=O)O)N)I)I)O,C1=CC(=CC=C1C2C(C(=O)N2C3=CC=C(C=C3)F)CCC(C4=CC=C(C=C4)F)O)O,1,reported_twosides,0.9974789023399353,0.9893323389741426,0.9893323389741426,fitted,platt_logistic_regression,0.5234977964951845,1,0.059047483154019545,0.0017050298380221654,0.8209718670076727,interaction,1,False,0.7441860465116279,0.25,0.25,False,False,True
C(CS(=O)(=O)O)S,C1CN=C(N1)NC2=C(C=CC=C2Cl)Cl,0,unreported_twosides_sampled,0.2994771897792816,0.2609841741832353,0.2609841741832353,fitted,platt_logistic_regression,0.5234977964951845,0,0.574083817286703,0.3248081841432225,0.05370843989769821,no_interaction,1,False,0.3333333333333333,0.5853658536585366,0.3333333333333333,False,False,True
CC(C)C(C(=O)OCC(CO)OCN1C=NC2=C1NC(=NC2=O)N)N,CC12CC(=O)C3C(C1CCC2(C(=O)CO)O)CCC4=CC(=O)C=CC34C,1,reported_twosides,0.9384081959724426,0.8668706673806941,0.8668706673806941,fitted,platt_logistic_regression,0.5234977964951845,1,0.39229243809868614,0.021312872975277068,0.4816709292412617,interaction,1,False,0.7307692307692307,0.6896551724137931,0.6896551724137931,False,False,False
CC1=CC2=C(C=C1C)N(C=N2)C3C(C(C(O3)CO)OP(=O)([O-])OC(C)CNC(=O)CCC4(C(C5C6(C(C(C(=N6)C(=C7C(C(C(=N7)C=C8C(C(C(=N8)C(=C4[N-]5)C)CCC(=O)N)(C)C)CCC(=O)N)(C)CC(=O)N)C)CCC(=O)N)(C)CC(=O)N)C)CC(=O)N)C)O.O.[Co],CCCC1OC2CC3C4CCC5=CC(=O)C=CC5(C4C(CC3(C2(O1)C(=O)CO)C)O)C,1,reported_twosides,0.22719745337963104,0.2064882072526599,0.2064882072526599,fitted,platt_logistic_regression,0.5234977964951845,0,0.5092664845898445,0.38277919863597615,0.03836317135549872,no_interaction,1,False,0.8709677419354839,0.7313432835820896,0.7313432835820896,False,False,False
CC(C)(C1=CC=C(C=C1)C(CCCN2CCC(CC2)C(C3=CC=CC=C3)(C4=CC=CC=C4)O)O)C(=O)O,CCC(C)C(=O)OC1CC(C=C2C1C(C(C=C2)C)CCC3CC(CC(=O)O3)O)C,1,reported_twosides,0.9997277855873108,0.998251096097107,0.998251096097107,fitted,platt_logistic_regression,0.5234977964951845,1,0.012850755363900354,0.0008525149190110827,0.9190110826939472,interaction,1,False,0.3442622950819672,0.7424242424242424,0.3442622950819672,False,False,True
CC(C)C1=NC(=NC(=C1CCC(CC(CC(=O)O)O)O)C2=CC=C(C=C2)F)N(C)S(=O)(=O)C,CCCCCCCCCCCC(CC1C(C(=O)O1)CCCCCC)OC(=O)C(CC(C)C)NC=O,1,reported_twosides,0.9855673313140869,0.9567685178557632,0.9567685178557632,fitted,platt_logistic_regression,0.5234977964951845,1,0.17808137569324384,0.005115089514066497,0.658994032395567,interaction,1,False,0.38461538461538464,0.30666666666666664,0.30666666666666664,False,False,True
CCC(C)C(=O)OC1CC(C=C2C1C(C(C=C2)C)CCC3CC(CC(=O)O3)O)C,COC1=C(C=C2C(=C1)C(=NC(=N2)N3CCN(CC3)C(=O)C4=CC=CO4)N)OC,0,unreported_twosides_sampled,0.9999970197677612,0.9999559103378951,0.9999559103378951,fitted,platt_logistic_regression,0.5234977964951845,1,0.0004862764867499114,0.0008525149190110827,0.9820971867007673,interaction,1,False,0.7424242424242424,0.5882352941176471,0.5882352941176471,False,False,False
C1=NNC2=C1NC=NC2=O,CC1=CC2=C(C=C1C)N(C=N2)C3C(C(C(O3)CO)OP(=O)([O-])OC(C)CNC(=O)CCC4(C(C5C6(C(C(C(=N6)C(=C7C(C(C(=N7)C=C8C(C(C(=N8)C(=C4[N-]5)C)CCC(=O)N)(C)C)CCC(=O)N)(C)CC(=O)N)C)CCC(=O)N)(C)CC(=O)N)C)CC(=O)N)C)O.O.[Co],0,unreported_twosides_sampled,0.6478500962257385,0.5372781510531529,0.5372781510531529,fitted,platt_logistic_regression,0.5234977964951845,1,0.6903652788505863,0.11935208866155157,0.1585677749360614,no_interaction|interaction,2,True,0.28205128205128205,0.8709677419354839,0.28205128205128205,False,False,True
C1CCC(CC1)(CC(=O)O)CN,CC1COC2=C3N1C=C(C(=O)C3=CC(=C2N4CCN(CC4)C)F)C(=O)O,1,reported_twosides,0.7845757007598877,0.6695995411965934,0.6695995411965934,fitted,platt_logistic_regression,0.5234977964951845,1,0.6344618720697274,0.0784313725490196,0.257459505541347,interaction,1,False,0.26666666666666666,0.4507042253521127,0.26666666666666666,False,False,True
CC12CC(=O)C3C(C1CCC2(C(=O)CO)O)CCC4=CC(=O)C=CC34C,CNC(=C[N+](=O)[O-])NCCSCC1=CC=C(O1)CN(C)C,1,reported_twosides,0.5533548593521118,0.4568417562602118,0.4568417562602118,fitted,platt_logistic_regression,0.5234977964951845,0,0.6894172728392576,0.16027280477408354,0.11764705882352941,no_interaction|interaction,2,True,0.6896551724137931,0.603448275862069,0.603448275862069,False,False,False
CCCCCCCCCCCC(CC1C(C(=O)O1)CCCCCC)OC(=O)C(CC(C)C)NC=O,CN(C)CCC1=CNC2=C1C=C(C=C2)CN3C=NC=N3,1,reported_twosides,0.0594354011118412,0.06913290391709805,0.06913290391709805,fitted,platt_logistic_regression,0.5234977964951845,0,0.2513902419157006,0.5959079283887468,0.00937766410912191,no_interaction,1,False,0.30666666666666664,0.5272727272727272,0.30666666666666664,False,False,True
C1=CC(=CC=C1C2C(C(=O)N2C3=CC=C(C=C3)F)CCC(C4=CC=C(C=C4)F)O)O,CC1=NN=C(S1)SCC2=C(N3C(C(C3=O)NC(=O)CN4C=NN=N4)SC2)C(=O)[O-],1,reported_twosides,0.9562864899635315,0.8973941092038782,0.8973941092038782,fitted,platt_logistic_regression,0.5234977964951845,1,0.3307712622664989,0.017902813299232736,0.5285592497868713,interaction,1,False,0.25,0.4574468085106383,0.25,False,False,True
C(C(C(C(C(CO)O)O)O)O)O,C(CS(=O)(=O)O)S,1,reported_twosides,0.6665250062942505,0.5540399396963303,0.5540399396963303,fitted,platt_logistic_regression,0.5234977964951845,1,0.6872951259423687,0.11594202898550725,0.17050298380221654,no_interaction|interaction,2,True,0.21739130434782608,0.3333333333333333,0.21739130434782608,False,False,True
C1CN=C(N1)NC2=C(C=CC=C2Cl)Cl,CCN(CCCC(C)NC1=C2C=CC(=CC2=NC=C1)Cl)CCO,1,reported_twosides,0.01378675177693367,0.021239010913662888,0.021239010913662888,fitted,platt_logistic_regression,0.5234977964951845,0,0.10282272768771873,0.7493606138107417,0.0025575447570332483,no_interaction,1,False,0.5853658536585366,0.86,0.5853658536585366,False,False,False
CC1=CN(C(=O)NC1=O)C2CC(C(O2)CO)N=[N+]=[N-],CC1=NN=C(S1)SCC2=C(N3C(C(C3=O)NC(=O)CN4C=NN=N4)SC2)C(=O)[O-],1,reported_twosides,0.16280244290828705,0.15665645339997544,0.15665645339997544,fitted,platt_logistic_regression,0.5234977964951845,0,0.43408368976836037,0.4484228473998295,0.026427962489343565,no_interaction,1,False,0.7083333333333334,0.4574468085106383,0.4574468085106383,False,False,False
C1=NNC2=C1NC=NC2=O,COC1=C(C=C2C(=C1)C(=NC(=N2)N3CCN(CC3)C(=O)C4=CC=CO4)N)OC,1,reported_twosides,0.903350830078125,0.8138237173268479,0.8138237173268479,fitted,platt_logistic_regression,0.5234977964951845,1,0.48063078804153214,0.03154305200341006,0.4092071611253197,interaction,1,False,0.28205128205128205,0.5882352941176471,0.28205128205128205,False,False,True
C1=NNC2=C1NC=NC2=O,C1CN=C(N1)NC2=C(C=CC=C2Cl)Cl,1,reported_twosides,0.7449412941932678,0.6286333253674492,0.6286333253674492,fitted,platt_logistic_regression,0.5234977964951845,1,0.6596790434962831,0.08780903665814152,0.22762148337595908,interaction,1,False,0.28205128205128205,0.5853658536585366,0.28205128205128205,False,False,True
C1=CC(=CC=C1C(=O)NC(CCC(=O)O)C(=O)O)NCC2=CN=C3C(=N2)C(=O)N=C(N3)N,CC(C)CN1C=NC2=C1C3=CC=CC=C3N=C2N,0,unreported_twosides_sampled,0.9557264447212219,0.8963897826033276,0.8963897826033276,fitted,platt_logistic_regression,0.5234977964951845,1,0.3329437831904201,0.017902813299232736,0.525149190110827,interaction,1,False,0.5256410256410257,0.2727272727272727,0.2727272727272727,False,False,True
C1=CC(=CC=C1C2C(C(=O)N2C3=CC=C(C=C3)F)CCC(C4=CC=C(C=C4)F)O)O,CC(C)CN1C=NC2=C1C3=CC=CC=C3N=C2N,1,reported_twosides,0.6807905435562134,0.5670772870879622,0.5670772870879622,fitted,platt_logistic_regression,0.5234977964951845,1,0.6841212671117898,0.11082693947144075,0.1815856777493606,no_interaction|interaction,2,True,0.25,0.2727272727272727,0.25,False,False,True
C1C(=O)NC(=O)N1N=CC2=CC=C(O2)[N+](=O)[O-],CN1CCN2C(C1)C3=CC=CC=C3CC4=C2N=CC=C4,1,reported_twosides,0.6146096587181091,0.5082159049463526,0.5082159049463526,fitted,platt_logistic_regression,0.5234977964951845,0,0.6930121722959172,0.1329923273657289,0.14151747655583974,no_interaction|interaction,2,True,0.423728813559322,0.2833333333333333,0.2833333333333333,False,False,True
CN(C)CCC1=CNC2=C1C=C(C=C2)CN3C=NC=N3,CNS(=O)(=O)CCC1=CC2=C(C=C1)NC=C2C3CCN(CC3)C,1,reported_twosides,0.3617269992828369,0.3076907281958613,0.3076907281958613,fitted,platt_logistic_regression,0.5234977964951845,0,0.6172404888630909,0.2770673486786019,0.0733162830349531,no_interaction,1,False,0.5272727272727272,0.4492753623188406,0.4492753623188406,False,False,False
C1=CC(=CC=C1C2C(C(=O)N2C3=CC=C(C=C3)F)CCC(C4=CC=C(C=C4)F)O)O,CCCC(C)(COC(=O)N)COC(=O)NC(C)C,1,reported_twosides,0.5024263262748718,0.415840117494784,0.415840117494784,fitted,platt_logistic_regression,0.5234977964951845,0,0.6789137494706077,0.19437340153452684,0.10400682011935208,no_interaction|interaction,2,True,0.25,0.2926829268292683,0.25,False,False,True
CC12CCC3C(C1CCC2C(=O)NC4=C(C=CC(=C4)C(F)(F)F)C(F)(F)F)CCC5C3(C=CC(=O)N5)C,CN1C2CCCC1CC(C2)NC(=O)C3=NN(C4=CC=CC=C43)C,0,unreported_twosides_sampled,0.9580691456794739,0.9006149044156557,0.9006149044156557,fitted,platt_logistic_regression,0.5234977964951845,1,0.32372978586063217,0.017050298380221655,0.5336743393009378,interaction,1,False,0.6417910447761194,0.3064516129032258,0.3064516129032258,False,False,True
C(C(C(C(C(CO)O)O)O)O)O,CC12CC(=O)C3C(C1CCC2(C(=O)CO)O)CCC4=CC(=O)C=CC34C,1,reported_twosides,0.8674697875976562,0.765755394290906,0.765755394290906,fitted,platt_logistic_regression,0.5234977964951845,1,0.5443544974907493,0.04774083546462063,0.34867860187553285,interaction,1,False,0.21739130434782608,0.6896551724137931,0.21739130434782608,False,False,True
CC(C)(C)NCC(COC1=NSN=C1N2CCOCC2)O,CCN(CCCC(C)NC1=C2C=CC(=CC2=NC=C1)Cl)CCO,1,reported_twosides,0.07440128922462463,0.08288044368971886,0.08288044368971886,fitted,platt_logistic_regression,0.5234977964951845,0,0.2857486563717503,0.5652173913043478,0.01278772378516624,no_interaction,1,False,0.4,0.86,0.4,False,False,False
C1CC[N+]2(C1)C3CCC2CC(C3)OC(=O)C(C4=CC=CC=C4)(C5=CC=CC=C5)O,CC1=CC(=CC=C1)CN2CCN(CC2)C(C3=CC=CC=C3)C4=CC=C(C=C4)Cl,0,unreported_twosides_sampled,0.228528693318367,0.2075011617059142,0.2075011617059142,fitted,platt_logistic_regression,0.5234977964951845,0,0.5106270219453216,0.38192668371696503,0.03836317135549872,no_interaction,1,False,0.4444444444444444,0.5094339622641509,0.4444444444444444,False,False,False
CC(C)(C)NCC(COC1=NSN=C1N2CCOCC2)O,CC1=CC(=CC=C1)CN2CCN(CC2)C(C3=CC=CC=C3)C4=CC=C(C=C4)Cl,1,reported_twosides,0.540136456489563,0.44606833858557193,0.44606833858557193,fitted,platt_logistic_regression,0.5234977964951845,0,0.68731859940353,0.17050298380221654,0.11594202898550725,no_interaction|interaction,2,True,0.4,0.5094339622641509,0.4,False,False,False
CC(C)CC(C1(CCC1)C2=CC=C(C=C2)Cl)N(C)C,CC12CC(=O)C3C(C1CCC2(C(=O)CO)O)CCC4=CC(=O)C=CC34C,1,reported_twosides,0.7910143733024597,0.6765120101757098,0.6765120101757098,fitted,platt_logistic_regression,0.5234977964951845,1,0.6294707041769825,0.07672634271099744,0.2659846547314578,interaction,1,False,0.27419354838709675,0.6896551724137931,0.27419354838709675,False,False,True
C1=CC(=CC=C1C2C(C(=O)N2C3=CC=C(C=C3)F)CCC(C4=CC=C(C=C4)F)O)O,CC12CCC3C(C1CCC2C(=O)NC4=C(C=CC(=C4)C(F)(F)F)C(F)(F)F)CCC5C3(C=CC(=O)N5)C,1,reported_twosides,0.615414559841156,0.5089088371752087,0.5089088371752087,fitted,platt_logistic_regression,0.5234977964951845,0,0.6929884374003419,0.1329923273657289,0.14151747655583974,no_interaction|interaction,2,True,0.25,0.6417910447761194,0.25,False,False,True
C(CS(=O)(=O)O)S,CN1C2CCCC1CC(C2)NC(=O)C3=NN(C4=CC=CC=C43)C,1,reported_twosides,0.4250800609588623,0.3557047031847075,0.3557047031847075,fitted,platt_logistic_regression,0.5234977964951845,0,0.6509067264886441,0.236999147485081,0.08184143222506395,no_interaction,1,False,0.3333333333333333,0.3064516129032258,0.3064516129032258,False,False,True
C1=CC(=CC=C1C(=O)NC(CCC(=O)O)C(=O)O)NCC2=CN=C3C(=N2)C(=O)N=C(N3)N,CC1=CN(C(=O)NC1=O)C2CC(C(O2)CO)N=[N+]=[N-],1,reported_twosides,0.0758897066116333,0.08421787202688365,0.08421787202688365,fitted,platt_logistic_regression,0.5234977964951845,0,0.2889519093722158,0.5626598465473146,0.01278772378516624,no_interaction,1,False,0.5256410256410257,0.7083333333333334,0.5256410256410257,False,False,False
C1=NNC2=C1NC=NC2=O,C1C(=O)NC(=O)N1N=CC2=CC=C(O2)[N+](=O)[O-],1,reported_twosides,0.2950930595397949,0.2576965086396949,0.2576965086396949,fitted,platt_logistic_regression,0.5234977964951845,0,0.5706337218775328,0.3273657289002558,0.05200341005967604,no_interaction,1,False,0.28205128205128205,0.423728813559322,0.28205128205128205,False,False,True
C(CS(=O)(=O)O)S,C1NC2=CC(=C(C=C2S(=O)(=O)N1)S(=O)(=O)N)Cl,0,unreported_twosides_sampled,0.5630607008934021,0.46481723967229976,0.46481723967229976,fitted,platt_logistic_regression,0.5234977964951845,0,0.6906694803015101,0.1577152600170503,0.12020460358056266,no_interaction|interaction,2,True,0.3333333333333333,0.5454545454545454,0.3333333333333333,False,False,True
C1CN(CCN1CCOCCO)C2=NC3=CC=CC=C3SC4=CC=CC=C42,CN1C2CCCC1CC(C2)NC(=O)C3=NN(C4=CC=CC=C43)C,0,unreported_twosides_sampled,0.8404958844184875,0.7325581087779726,0.7325581087779726,fitted,platt_logistic_regression,0.5234977964951845,1,0.5806978536519615,0.056265984654731455,0.3171355498721228,interaction,1,False,0.423728813559322,0.3064516129032258,0.3064516129032258,False,False,True
C1NC2=CC(=C(C=C2S(=O)(=O)N1)S(=O)(=O)N)Cl,CC1=NN=C(S1)SCC2=C(N3C(C(C3=O)NC(=O)CN4C=NN=N4)SC2)C(=O)[O-],1,reported_twosides,0.23025377094745636,0.208813044045738,0.208813044045738,fitted,platt_logistic_regression,0.5234977964951845,0,0.5123797904901208,0.38022165387894286,0.0392156862745098,no_interaction,1,False,0.5454545454545454,0.4574468085106383,0.4574468085106383,False,False,False
C1CN=C(N1)NC2=C(C=CC=C2Cl)Cl,CCCC1OC2CC3C4CCC5=CC(=O)C=CC5(C4C(CC3(C2(O1)C(=O)CO)C)O)C,1,reported_twosides,0.05666770413517952,0.06652269505325557,0.06652269505325557,fitted,platt_logistic_regression,0.5234977964951845,0,0.2445499107786648,0.6001705029838023,0.008525149190110827,no_interaction,1,False,0.5853658536585366,0.7313432835820896,0.5853658536585366,False,False,False
C1C(=O)NC(=O)N1N=CC2=CC=C(O2)[N+](=O)[O-],CC12CC(=O)C3C(C1CCC2(C(=O)CO)O)CCC4=CC(=O)C=CC34C,1,reported_twosides,0.7296581268310547,0.613486224985373,0.613486224985373,fitted,platt_logistic_regression,0.5234977964951845,1,0.6671630842561965,0.0937766410912191,0.216538789428815,interaction,1,False,0.423728813559322,0.6896551724137931,0.423728813559322,False,False,False
C(=O)(N)NO,C1=CC(=C(C=C1OC2=C(C=C(C=C2I)CC(C(=O)O)N)I)I)O,0,unreported_twosides_sampled,0.9995808005332947,0.997514427693471,0.997514427693471,fitted,platt_logistic_regression,0.5234977964951845,1,0.017389085044485036,0.0008525149190110827,0.9045183290707587,interaction,1,False,0.20833333333333334,0.7441860465116279,0.20833333333333334,False,False,True
CC(C)(C1=CC=C(C=C1)C(CCCN2CCC(CC2)C(C3=CC=CC=C3)(C4=CC=CC=C4)O)O)C(=O)O,CC(C)CN1C=NC2=C1C3=CC=CC=C3N=C2N,1,reported_twosides,0.6386330127716064,0.5291247158945874,0.5291247158945874,fitted,platt_logistic_regression,0.5234977964951845,1,0.6914497217349792,0.12190963341858482,0.15515771526001704,no_interaction|interaction,2,True,0.3442622950819672,0.2727272727272727,0.2727272727272727,False,False,True
C1=NNC2=C1NC=NC2=O,CCN(CCCC(C)NC1=C2C=CC(=CC2=NC=C1)Cl)CCO,1,reported_twosides,0.4211660325527191,0.35271317924553697,0.35271317924553697,fitted,platt_logistic_regression,0.5234977964951845,0,0.6491100437678501,0.23870417732310314,0.08184143222506395,no_interaction,1,False,0.28205128205128205,0.86,0.28205128205128205,False,False,True
C1=CC(=CC=C1C(=O)NC(CCC(=O)O)C(=O)O)NCC2=CN=C3C(=N2)C(=O)N=C(N3)N,C1C(=O)NC(=O)N1N=CC2=CC=C(O2)[N+](=O)[O-],1,reported_twosides,0.5459189414978027,0.45076905267730066,0.45076905267730066,fitted,platt_logistic_regression,0.5234977964951845,0,0.688291945340086,0.16709292412617222,0.11679454390451834,no_interaction|interaction,2,True,0.5256410256410257,0.423728813559322,0.423728813559322,False,False,False
CC(C)(C1=CC=C(C=C1)C(CCCN2CCC(CC2)C(C3=CC=CC=C3)(C4=CC=CC=C4)O)O)C(=O)O,CC1=NN=C(S1)SCC2=C(N3C(C(C3=O)NC(=O)CN4C=NN=N4)SC2)C(=O)[O-],1,reported_twosides,0.508716344833374,0.42083392115453916,0.42083392115453916,fitted,platt_logistic_regression,0.5234977964951845,0,0.6805597406217703,0.1926683716965047,0.10485933503836317,no_interaction|interaction,2,True,0.3442622950819672,0.4574468085106383,0.3442622950819672,False,False,True
C1CC2CN(C(=O)C3=CC=CC(=C23)C1)C4CN5CCC4CC5,CCN(CCCC(C)NC1=C2C=CC(=CC2=NC=C1)Cl)CCO,0,unreported_twosides_sampled,0.10861300677061081,0.11258802694928657,0.11258802694928657,fitted,platt_logistic_regression,0.5234977964951845,0,0.3518922557827941,0.5115089514066496,0.01875532821824382,no_interaction,1,False,0.30303030303030304,0.86,0.30303030303030304,False,False,True
C1CN(CCN1CCOCCO)C2=NC3=CC=CC=C3SC4=CC=CC=C42,CC(C)C(C(=O)OCC(CO)OCN1C=NC2=C1NC(=NC2=O)N)N,1,reported_twosides,0.010072228498756886,0.016471003927221912,0.016471003927221912,fitted,platt_logistic_regression,0.5234977964951845,0,0.08396708106500614,0.7791986359761296,0.0025575447570332483,no_interaction,1,False,0.423728813559322,0.7307692307692307,0.423728813559322,False,False,False
C(CS(=O)(=O)O)S,CC12CC(=O)C3C(C1CCC2(C(=O)CO)O)CCC4=CC(=O)C=CC34C,1,reported_twosides,0.7465958595275879,0.6302933676645958,0.6302933676645958,fitted,platt_logistic_regression,0.5234977964951845,1,0.6587993608504814,0.08780903665814152,0.22847399829497017,interaction,1,False,0.3333333333333333,0.6896551724137931,0.3333333333333333,False,False,True
C1=CC(=C(C=C1OC2=C(C=C(C=C2I)CC(C(=O)O)N)I)I)O,CC1C(C(CC(O1)OC2CC(CC3=C2C(=C4C(=C3O)C(=O)C5=C(C4=O)C(=CC=C5)OC)O)(C(=O)CO)O)[NH3+])O,0,unreported_twosides_sampled,0.9999386072158813,0.999480346336845,0.999480346336845,fitted,platt_logistic_regression,0.5234977964951845,1,0.0044493204604029585,0.0008525149190110827,0.9548167092924126,interaction,1,False,0.7441860465116279,0.23728813559322035,0.23728813559322035,False,False,True
C(=O)(N)NO,C1NC2=CC(=C(C=C2S(=O)(=O)N1)S(=O)(=O)N)Cl,1,reported_twosides,0.5350468158721924,0.4419460761470733,0.4419460761470733,fitted,platt_logistic_regression,0.5234977964951845,0,0.6863914372957567,0.17476555839727195,0.113384484228474,no_interaction|interaction,2,True,0.20833333333333334,0.5454545454545454,0.20833333333333334,False,False,True
CC(C)C(C(=O)OCC(CO)OCN1C=NC2=C1NC(=NC2=O)N)N,CCCC1OC2CC3C4CCC5=CC(=O)C=CC5(C4C(CC3(C2(O1)C(=O)CO)C)O)C,0,unreported_twosides_sampled,0.11641274392604828,0.1191142299166324,0.1191142299166324,fitted,platt_logistic_regression,0.5234977964951845,0,0.3651564334073904,0.49872122762148335,0.020460358056265986,no_interaction,1,False,0.7307692307692307,0.7313432835820896,0.7307692307692307,False,False,False
C1CCC(CC1)(CC(=O)O)CN,C1CN(CCN1CCOCCO)C2=NC3=CC=CC=C3SC4=CC=CC=C42,1,reported_twosides,0.15427544713020325,0.14989046710164466,0.14989046710164466,fitted,platt_logistic_regression,0.5234977964951845,0,0.42251904486662306,0.45865302642796246,0.0247229326513214,no_interaction,1,False,0.26666666666666666,0.423728813559322,0.26666666666666666,False,False,True
C1=NNC2=C1NC=NC2=O,CC(C)(C)NCC(COC1=NSN=C1N2CCOCC2)O,1,reported_twosides,0.3013915717601776,0.2624195169676978,0.2624195169676978,fitted,platt_logistic_regression,0.5234977964951845,0,0.5755724729801339,0.3205456095481671,0.05370843989769821,no_interaction,1,False,0.28205128205128205,0.4,0.28205128205128205,False,False,True
C(CS(=O)(=O)O)S,CC(C=CC(C1CC1)O)C2CCC3C2(CCCC3=CC=C4CC(CC(C4=C)O)O)C,0,unreported_twosides_sampled,0.24473759531974792,0.21979722140831898,0.21979722140831898,fitted,platt_logistic_regression,0.5234977964951845,0,0.5266511915491522,0.36231884057971014,0.04092071611253197,no_interaction,1,False,0.3333333333333333,0.6307692307692307,0.3333333333333333,False,False,True
C1=NNC2=C1NC=NC2=O,COC1=CC(=C(C=C1)OC)C(CNC(=O)CN)O,1,reported_twosides,0.27157139778137207,0.2400340746344444,0.2400340746344444,fitted,platt_logistic_regression,0.5234977964951845,0,0.5511192020372214,0.34612105711849955,0.05029838022165388,no_interaction,1,False,0.28205128205128205,0.3137254901960784,0.28205128205128205,False,False,True
CC1C(C(CC(O1)OC2CC(CC3=C2C(=C4C(=C3O)C(=O)C5=C(C4=O)C(=CC=C5)OC)O)(C(=O)CO)O)[NH3+])O,COC1=CC(=C(C=C1)OC)C(CNC(=O)CN)O,0,unreported_twosides_sampled,0.7295591831207275,0.6133892272349929,0.6133892272349929,fitted,platt_logistic_regression,0.5234977964951845,1,0.6672078764377218,0.09462915601023018,0.216538789428815,interaction,1,False,0.23728813559322035,0.3137254901960784,0.23728813559322035,False,False,True
C1C(=O)NC(=O)N1N=CC2=CC=C(O2)[N+](=O)[O-],CC1=CN(C(=O)NC1=O)C2CC(C(O2)CO)N=[N+]=[N-],1,reported_twosides,0.022031545639038086,0.03102985505229125,0.03102985505229125,fitted,platt_logistic_regression,0.5234977964951845,0,0.1383040212614368,0.7041773231031543,0.004262574595055414,no_interaction,1,False,0.423728813559322,0.7083333333333334,0.423728813559322,False,False,False
C1=CC(=CC=C1C(=O)NC(CCC(=O)O)C(=O)O)NCC2=CN=C3C(=N2)C(=O)N=C(N3)N,CC(C)CC(C1(CCC1)C2=CC=C(C=C2)Cl)N(C)C,0,unreported_twosides_sampled,0.598895251750946,0.4947869777776845,0.4947869777776845,fitted,platt_logistic_regression,0.5234977964951845,0,0.6930928283738373,0.13981244671781756,0.13384484228473997,no_interaction|interaction,2,True,0.5256410256410257,0.27419354838709675,0.27419354838709675,False,False,True
CC1=CN(C(=O)NC1=O)C2CC(C(O2)CO)N=[N+]=[N-],CC1COC2=C3N1C=C(C(=O)C3=CC(=C2N4CCN(CC4)C)F)C(=O)O,1,reported_twosides,0.14636941254138947,0.14356954543660164,0.14356954543660164,fitted,platt_logistic_regression,0.5234977964951845,0,0.41139070285651536,0.4697357203751066,0.023017902813299233,no_interaction,1,False,0.7083333333333334,0.4507042253521127,0.4507042253521127,False,False,False
C1=CC(=CC=C1C(=O)NC(CCC(=O)O)C(=O)O)NCC2=CN=C3C(=N2)C(=O)N=C(N3)N,CCCC1OC2CC3C4CCC5=CC(=O)C=CC5(C4C(CC3(C2(O1)C(=O)CO)C)O)C,1,reported_twosides,0.03087095357477665,0.04074784899723561,0.04074784899723561,fitted,platt_logistic_regression,0.5234977964951845,0,0.17031361292698957,0.6666666666666666,0.005115089514066497,no_interaction,1,False,0.5256410256410257,0.7313432835820896,0.5256410256410257,False,False,False
CC(C)(C1=CC=C(C=C1)C(CCCN2CCC(CC2)C(C3=CC=CC=C3)(C4=CC=CC=C4)O)O)C(=O)O,CCN(CCCC(C)NC1=C2C=CC(=CC2=NC=C1)Cl)CCO,1,reported_twosides,0.023759232833981514,0.03298155782481496,0.03298155782481496,fitted,platt_logistic_regression,0.5234977964951845,0,0.14495828705242286,0.6939471440750213,0.004262574595055414,no_interaction,1,False,0.3442622950819672,0.86,0.3442622950819672,False,False,True
C1=NNC2=C1NC=NC2=O,CC(C)(C1=CC=C(C=C1)C(CCCN2CCC(CC2)C(C3=CC=CC=C3)(C4=CC=CC=C4)O)O)C(=O)O,1,reported_twosides,0.549535870552063,0.4537189177191218,0.4537189177191218,fitted,platt_logistic_regression,0.5234977964951845,0,0.6888571651435993,0.16453537936913895,0.11764705882352941,no_interaction|interaction,2,True,0.28205128205128205,0.3442622950819672,0.28205128205128205,False,False,True
CCN(CCCC(C)NC1=C2C=CC(=CC2=NC=C1)Cl)CCO,CNC(=C[N+](=O)[O-])NCCSCC1=CC=C(O1)CN(C)C,1,reported_twosides,0.09475398808717728,0.10078892914175924,0.10078892914175924,fitted,platt_logistic_regression,0.5234977964951845,0,0.3268129781133954,0.5328218243819267,0.017050298380221655,no_interaction,1,False,0.86,0.603448275862069,0.603448275862069,False,False,False
CC(C)C(C(=O)OCC(CO)OCN1C=NC2=C1NC(=NC2=O)N)N,CCN(CCCC(C)NC1=C2C=CC(=CC2=NC=C1)Cl)CCO,0,unreported_twosides_sampled,0.4345349073410034,0.36294830320562127,0.36294830320562127,fitted,platt_logistic_regression,0.5234977964951845,0,0.6550957012035039,0.2310315430520034,0.08439897698209718,no_interaction,1,False,0.7307692307692307,0.86,0.7307692307692307,False,False,False
CC(C)(C)NCC(COC1=NSN=C1N2CCOCC2)O,CCCCCCCCCCCC(CC1C(C(=O)O1)CCCCCC)OC(=O)C(CC(C)C)NC=O,0,unreported_twosides_sampled,0.2516535818576813,0.22502520404098308,0.22502520404098308,fitted,platt_logistic_regression,0.5234977964951845,0,0.5331950103318006,0.3597612958226769,0.043478260869565216,no_interaction,1,False,0.4,0.30666666666666664,0.30666666666666664,False,False,True
C1=NNC2=C1NC=NC2=O,CCC(C)C(=O)OC1CC(C=C2C1C(C(C=C2)C)CCC3CC(CC(=O)O3)O)C,1,reported_twosides,0.9995404481887817,0.9973213899622851,0.9973213899622851,fitted,platt_logistic_regression,0.5234977964951845,1,0.018538972823379997,0.0008525149190110827,0.9011082693947144,interaction,1,False,0.28205128205128205,0.7424242424242424,0.28205128205128205,False,False,True
CC1=CN(C(=O)NC1=O)C2CC(C(O2)CO)N=[N+]=[N-],CC1C(C(CC(O1)OC2CC(CC3=C2C(=C4C(=C3O)C(=O)C5=C(C4=O)C(=CC=C5)OC)O)(C(=O)CO)O)[NH3+])O,1,reported_twosides,0.013271251693367958,0.02059384654678759,0.02059384654678759,fitted,platt_logistic_regression,0.5234977964951845,0,0.10034134700614726,0.7536231884057971,0.0025575447570332483,no_interaction,1,False,0.7083333333333334,0.23728813559322035,0.23728813559322035,False,False,True
C1C(=O)NC(=O)N1N=CC2=CC=C(O2)[N+](=O)[O-],CN(C)CC1CCCCC1(C2=CC(=CC=C2)OC)O,1,reported_twosides,0.9830066561698914,0.9508118857133229,0.9508118857133229,fitted,platt_logistic_regression,0.5234977964951845,1,0.19611772102419622,0.005967604433077579,0.6410912190963342,interaction,1,False,0.423728813559322,0.37037037037037035,0.37037037037037035,False,False,True
CC12CCC3C(C1CCC2C(=O)NC4=C(C=CC(=C4)C(F)(F)F)C(F)(F)F)CCC5C3(C=CC(=O)N5)C,CCN(CCCC(C)NC1=C2C=CC(=CC2=NC=C1)Cl)CCO,0,unreported_twosides_sampled,0.007855312898755074,0.0134648485502001,0.0134648485502001,fitted,platt_logistic_regression,0.5234977964951845,0,0.07137594970959038,0.7962489343563512,0.0025575447570332483,no_interaction,1,False,0.6417910447761194,0.86,0.6417910447761194,False,False,False
CC(C)CN1C=NC2=C1C3=CC=CC=C3N=C2N,CC1COC2=C3N1C=C(C(=O)C3=CC(=C2N4CCN(CC4)C)F)C(=O)O,1,reported_twosides,0.8726992011070251,0.7724561398036434,0.7724561398036434,fitted,platt_logistic_regression,0.5234977964951845,1,0.5362914857895564,0.045183290707587385,0.3554987212276215,interaction,1,False,0.2727272727272727,0.4507042253521127,0.2727272727272727,False,False,True
CC#CCC(C)C(C=CC1C(CC2C1CC(=CCCCC(=O)O)C2)O)O,CC1=C(C(=O)N2CCCCC2=N1)CCN3CCC(CC3)C4=NOC5=C4C=CC(=C5)F,0,unreported_twosides_sampled,0.290296345949173,0.2540982795769675,0.2540982795769675,fitted,platt_logistic_regression,0.5234977964951845,0,0.5667929374867335,0.3290707587382779,0.05200341005967604,no_interaction,1,False,0.35064935064935066,0.7464788732394366,0.35064935064935066,False,False,True
CC(C)(C1=CC=C(C=C1)C(CCCN2CCC(CC2)C(C3=CC=CC=C3)(C4=CC=CC=C4)O)O)C(=O)O,CC(C)C(C(=O)OCC(CO)OCN1C=NC2=C1NC(=NC2=O)N)N,0,unreported_twosides_sampled,0.0631585642695427,0.07260824726467587,0.07260824726467587,fitted,platt_logistic_regression,0.5234977964951845,0,0.2603340114062699,0.5865302642796248,0.010230179028132993,no_interaction,1,False,0.3442622950819672,0.7307692307692307,0.3442622950819672,False,False,True
CC(C)(C)NCC(COC1=NSN=C1N2CCOCC2)O,CC1COC2=C3N1C=C(C(=O)C3=CC(=C2N4CCN(CC4)C)F)C(=O)O,1,reported_twosides,0.5135825276374817,0.4247099345802641,0.4247099345802641,fitted,platt_logistic_regression,0.5234977964951845,0,0.6817667553433242,0.18840579710144928,0.10571184995737426,no_interaction|interaction,2,True,0.4,0.4507042253521127,0.4,False,False,False
C(=O)(N)NO,C1CCC(CC1)(CC(=O)O)CN,1,reported_twosides,0.7466177344322205,0.6303153422248498,0.6303153422248498,fitted,platt_logistic_regression,0.5234977964951845,1,0.6587876369233303,0.08780903665814152,0.22847399829497017,interaction,1,False,0.20833333333333334,0.26666666666666666,0.20833333333333334,False,False,True
C1CC2CN(C(=O)C3=CC=CC(=C23)C1)C4CN5CCC4CC5,C1CCC(CC1)(CC(=O)O)CN,1,reported_twosides,0.6063815951347351,0.5011612454277014,0.5011612454277014,fitted,platt_logistic_regression,0.5234977964951845,0,0.693144483575634,0.13469735720375106,0.13810741687979539,no_interaction|interaction,2,True,0.30303030303030304,0.26666666666666666,0.26666666666666666,False,False,True
CC1=CN(C(=O)NC1=O)C2CC(C(O2)CO)N=[N+]=[N-],CNC(=C[N+](=O)[O-])NCCSCC1=CC=C(O1)CN(C)C,1,reported_twosides,0.009059347212314606,0.01511527460461121,0.01511527460461121,fitted,platt_logistic_regression,0.5234977964951845,0,0.07836443797842489,0.7902813299232737,0.0025575447570332483,no_interaction,1,False,0.7083333333333334,0.603448275862069,0.603448275862069,False,False,False
C1=NNC2=C1NC=NC2=O,CNC(=C[N+](=O)[O-])NCCSCC1=CC=C(O1)CN(C)C,1,reported_twosides,0.2043442577123642,0.18900998748445771,0.18900998748445771,fitted,platt_logistic_regression,0.5234977964951845,0,0.48478424790412256,0.4040920716112532,0.03324808184143223,no_interaction,1,False,0.28205128205128205,0.603448275862069,0.28205128205128205,False,False,True
C(=O)(N)NO,CN(C)CCC1=CNC2=C1C=C(C=C2)CN3C=NC=N3,0,unreported_twosides_sampled,0.34114375710487366,0.2922244357333865,0.2922244357333865,fitted,platt_logistic_regression,0.5234977964951845,0,0.6041314091276688,0.29411764705882354,0.06649616368286446,no_interaction,1,False,0.20833333333333334,0.5272727272727272,0.20833333333333334,False,False,True
C1CN(CCN1CCOCCO)C2=NC3=CC=CC=C3SC4=CC=CC=C42,COC1=C(C=C2C(=C1)C(=NC(=N2)N3CCN(CC3)C(=O)C4=CC=CO4)N)OC,0,unreported_twosides_sampled,0.25977107882499695,0.2311497377305913,0.2311497377305913,fitted,platt_logistic_regression,0.5234977964951845,0,0.5406618547663238,0.35294117647058826,0.04688832054560955,no_interaction,1,False,0.423728813559322,0.5882352941176471,0.423728813559322,False,False,False
C1=NNC2=C1NC=NC2=O,CC(C)C1=NC(=NC(=C1CCC(CC(CC(=O)O)O)O)C2=CC=C(C=C2)F)N(C)S(=O)(=O)C,1,reported_twosides,0.9968020915985107,0.9870715599316013,0.9870715599316013,fitted,platt_logistic_regression,0.5234977964951845,1,0.06906157398721667,0.0025575447570332483,0.7996589940323956,interaction,1,False,0.28205128205128205,0.38461538461538464,0.28205128205128205,False,False,True
CC(C)(C)NCC(COC1=NSN=C1N2CCOCC2)O,CCC(C)C(=O)OC1CC(C=C2C1C(C(C=C2)C)CCC3CC(CC(=O)O3)O)C,1,reported_twosides,0.9055081009864807,0.8168882427935482,0.8168882427935482,fitted,platt_logistic_regression,0.5234977964951845,1,0.4760793366229462,0.03154305200341006,0.41091219096334186,interaction,1,False,0.4,0.7424242424242424,0.4,False,False,False
CC1C(C(CC(O1)OC2CC(CC3=C2C(=C4C(=C3O)C(=O)C5=C(C4=O)C(=CC=C5)OC)O)(C(=O)CO)O)[NH3+])O,CCN(CCCC(C)NC1=C2C=CC(=CC2=NC=C1)Cl)CCO,1,reported_twosides,0.008142820559442043,0.013863123191121844,0.013863123191121844,fitted,platt_logistic_regression,0.5234977964951845,0,0.07308027398371686,0.7919863597612958,0.0025575447570332483,no_interaction,1,False,0.23728813559322035,0.86,0.23728813559322035,False,False,True
C1CN=C(N1)NC2=C(C=CC=C2Cl)Cl,CC12CC(=O)C3C(C1CCC2(C(=O)CO)O)CCC4=CC(=O)C=CC34C,1,reported_twosides,0.8574316501617432,0.7531452513004375,0.7531452513004375,fitted,platt_logistic_regression,0.5234977964951845,1,0.5588532783085853,0.05200341005967604,0.3350383631713555,interaction,1,False,0.5853658536585366,0.6896551724137931,0.5853658536585366,False,False,False
C1CN=C(N1)NC2=C(C=CC=C2Cl)Cl,CC(C)C(C(=O)OCC(CO)OCN1C=NC2=C1NC(=NC2=O)N)N,1,reported_twosides,0.10482591390609741,0.10939101951766528,0.10939101951766528,fitted,platt_logistic_regression,0.5234977964951845,0,0.34524021926364323,0.5132139812446718,0.01875532821824382,no_interaction,1,False,0.5853658536585366,0.7307692307692307,0.5853658536585366,False,False,False
C1=CC(=C(C=C1F)F)C(CN2C=NC=N2)(CN3C=NC=N3)O,CN(C)CC1CCCCC1(C2=CC(=CC=C2)OC)O,1,reported_twosides,0.3854409456253052,0.3255742403170707,0.3255742403170707,fitted,platt_logistic_regression,0.5234977964951845,0,0.6309999821185146,0.2651321398124467,0.07757885763000852,no_interaction,1,False,0.5961538461538461,0.37037037037037035,0.37037037037037035,False,False,True
CCCC1OC2CC3C4CCC5=CC(=O)C=CC5(C4C(CC3(C2(O1)C(=O)CO)C)O)C,CN1C2CCCC1CC(C2)NC(=O)C3=NN(C4=CC=CC=C43)C,1,reported_twosides,0.058709390461444855,0.06845048171910573,0.06845048171910573,fitted,platt_logistic_regression,0.5234977964951845,0,0.24961225633528303,0.5959079283887468,0.00937766410912191,no_interaction,1,False,0.7313432835820896,0.3064516129032258,0.3064516129032258,False,False,True
C1=CC(=CC=C1C2C(C(=O)N2C3=CC=C(C=C3)F)CCC(C4=CC=C(C=C4)F)O)O,CC1C(C(CC(O1)OC2CC(CC3=C2C(=C4C(=C3O)C(=O)C5=C(C4=O)C(=CC=C5)OC)O)(C(=O)CO)O)[NH3+])O,1,reported_twosides,0.8330785036087036,0.7237899600692371,0.7237899600692371,fitted,platt_logistic_regression,0.5234977964951845,1,0.5893381221046405,0.060528559249786874,0.31202046035805625,interaction,1,False,0.25,0.23728813559322035,0.23728813559322035,False,False,True
C1=CC(=CC=C1C(=O)NC(CCC(=O)O)C(=O)O)NCC2=CN=C3C(=N2)C(=O)N=C(N3)N,COC1=C(C=C2C(=C1)C(=NC(=N2)N3CCN(CC3)C(=O)C4=CC=CO4)N)OC,0,unreported_twosides_sampled,0.9785675406455994,0.940960209095087,0.940960209095087,fitted,platt_logistic_regression,0.5234977964951845,1,0.22431725834433552,0.0068201193520886615,0.6163682864450127,interaction,1,False,0.5256410256410257,0.5882352941176471,0.5256410256410257,False,False,False
C1=CC(=CC=C1C(=O)NC(CCC(=O)O)C(=O)O)NCC2=CN=C3C(=N2)C(=O)N=C(N3)N,C1CN(CCN1CCOCCO)C2=NC3=CC=CC=C3SC4=CC=CC=C42,1,reported_twosides,0.20648348331451416,0.19065397131910647,0.19065397131910647,fitted,platt_logistic_regression,0.5234977964951845,0,0.48716984147819653,0.4032395566922421,0.03324808184143223,no_interaction,1,False,0.5256410256410257,0.423728813559322,0.423728813559322,False,False,False
C1=CC(=C(C=C1OC2=C(C=C(C=C2I)CC(C(=O)O)N)I)I)O,CC1=C(C(=O)N2CCCCC2=N1)CCN3CCC(CC3)C4=NOC5=C4C=CC(=C5)F,1,reported_twosides,0.9939000606536865,0.9782520676023175,0.9782520676023175,fitted,platt_logistic_regression,0.5234977964951845,1,0.10476594338582133,0.0025575447570332483,0.7468030690537084,interaction,1,False,0.7441860465116279,0.7464788732394366,0.7441860465116279,False,False,False
C1CC[N+]2(C1)C3CCC2CC(C3)OC(=O)C(C4=CC=CC=C4)(C5=CC=CC=C5)O,CCC(C)C(=O)OC1CC(C=C2C1C(C(C=C2)C)CCC3CC(CC(=O)O3)O)C,0,unreported_twosides_sampled,0.9998431205749512,0.9988836632283797,0.9988836632283797,fitted,platt_logistic_regression,0.5234977964951845,1,0.008704238915431036,0.0008525149190110827,0.9317988064791134,interaction,1,False,0.4444444444444444,0.7424242424242424,0.4444444444444444,False,False,False
CC12CCC3C(C1CCC2C(=O)NC4=C(C=CC(=C4)C(F)(F)F)C(F)(F)F)CCC5C3(C=CC(=O)N5)C,CCCCCCCCCCCC(CC1C(C(=O)O1)CCCCCC)OC(=O)C(CC(C)C)NC=O,0,unreported_twosides_sampled,0.4616415202617645,0.3838654425671575,0.3838654425671575,fitted,platt_logistic_regression,0.5234977964951845,0,0.6659247785425095,0.21909633418584826,0.0937766410912191,no_interaction,1,False,0.6417910447761194,0.30666666666666664,0.30666666666666664,False,False,True
C(=O)(N)NO,C1CC[N+]2(C1)C3CCC2CC(C3)OC(=O)C(C4=CC=CC=C4)(C5=CC=CC=C5)O,0,unreported_twosides_sampled,0.5620808601379395,0.4640095001831734,0.4640095001831734,fitted,platt_logistic_regression,0.5234977964951845,0,0.6905543066314641,0.1577152600170503,0.11935208866155157,no_interaction|interaction,2,True,0.20833333333333334,0.4444444444444444,0.20833333333333334,False,False,True
CC(C)C(C(=O)OCC(CO)OCN1C=NC2=C1NC(=NC2=O)N)N,CC(C=CC(C1CC1)O)C2CCC3C2(CCCC3=CC=C4CC(CC(C4=C)O)O)C,0,unreported_twosides_sampled,0.007728133350610733,0.013287781181575104,0.013287781181575104,fitted,platt_logistic_regression,0.5234977964951845,0,0.07061441652918038,0.7971014492753623,0.0025575447570332483,no_interaction,1,False,0.7307692307692307,0.6307692307692307,0.6307692307692307,False,False,False
C1CN=C(N1)NC2=C(C=CC=C2Cl)Cl,CC12CCC3C(C1CCC2C(=O)NC4=C(C=CC(=C4)C(F)(F)F)C(F)(F)F)CCC5C3(C=CC(=O)N5)C,1,reported_twosides,0.9300912022590637,0.8535855683447217,0.8535855683447217,fitted,platt_logistic_regression,0.5234977964951845,1,0.41643880531737365,0.023870417732310314,0.4663256606990622,interaction,1,False,0.5853658536585366,0.6417910447761194,0.5853658536585366,False,False,False
C(=O)(N)NO,CCC(C)C(=O)OC1CC(C=C2C1C(C(C=C2)C)CCC3CC(CC(=O)O3)O)C,0,unreported_twosides_sampled,0.9978797435760498,0.9907273001495646,0.9907273001495646,fitted,platt_logistic_regression,0.5234977964951845,1,0.052632122055213684,0.0017050298380221654,0.8303495311167945,interaction,1,False,0.20833333333333334,0.7424242424242424,0.20833333333333334,False,False,True
CC(C)CC(C1(CCC1)C2=CC=C(C=C2)Cl)N(C)C,CC1=CN(C(=O)NC1=O)C2CC(C(O2)CO)N=[N+]=[N-],0,unreported_twosides_sampled,0.5592377781867981,0.4616691001282647,0.4616691001282647,fitted,platt_logistic_regression,0.5234977964951845,0,0.6902057797106422,0.1585677749360614,0.1184995737425405,no_interaction|interaction,2,True,0.27419354838709675,0.7083333333333334,0.27419354838709675,False,False,True
CCC(C)C(=O)OC1CC(C=C2C1C(C(C=C2)C)CCC3CC(CC(=O)O3)O)C,CN1C=NC2=C1C(=O)N(C(=O)N2C)C,0,unreported_twosides_sampled,0.9994288086891174,0.9968029284899941,0.9968029284899941,fitted,platt_logistic_regression,0.5234977964951845,1,0.02156079385604325,0.0008525149190110827,0.8934356351236147,interaction,1,False,0.7424242424242424,0.47058823529411764,0.47058823529411764,False,False,False
C1=NNC2=C1NC=NC2=O,C1NC2=CC(=C(C=C2S(=O)(=O)N1)S(=O)(=O)N)Cl,1,reported_twosides,0.5087364912033081,0.420849945175408,0.420849945175408,fitted,platt_logistic_regression,0.5234977964951845,0,0.6805648573821901,0.1926683716965047,0.10485933503836317,no_interaction|interaction,2,True,0.28205128205128205,0.5454545454545454,0.28205128205128205,False,False,True
C(CS(=O)(=O)O)S,CC#CCC(C)C(C=CC1C(CC2C1CC(=CCCCC(=O)O)C2)O)O,0,unreported_twosides_sampled,0.4200874865055084,0.3518895400802224,0.3518895400802224,fitted,platt_logistic_regression,0.5234977964951845,0,0.6486084979701674,0.23870417732310314,0.08098891730605286,no_interaction,1,False,0.3333333333333333,0.35064935064935066,0.3333333333333333,False,False,True
CC1=CC(=CC=C1)CN2CCN(CC2)C(C3=CC=CC=C3)C4=CC=C(C=C4)Cl,CC1COC2=C3N1C=C(C(=O)C3=CC(=C2N4CCN(CC4)C)F)C(=O)O,1,reported_twosides,0.7766527533531189,0.661198403819134,0.661198403819134,fitted,platt_logistic_regression,0.5234977964951845,1,0.6402373817038232,0.0792838874680307,0.25404944586530265,interaction,1,False,0.5094339622641509,0.4507042253521127,0.4507042253521127,False,False,False
C1C(=O)NC(=O)N1N=CC2=CC=C(O2)[N+](=O)[O-],CC#CCC(C)C(C=CC1C(CC2C1CC(=CCCCC(=O)O)C2)O)O,0,unreported_twosides_sampled,0.5606447458267212,0.46282668925822246,0.46282668925822246,fitted,platt_logistic_regression,0.5234977964951845,0,0.690380918819912,0.1585677749360614,0.11935208866155157,no_interaction|interaction,2,True,0.423728813559322,0.35064935064935066,0.35064935064935066,False,False,True
C(=O)(N)NO,CCCCCCCCCCCC(CC1C(C(=O)O1)CCCCCC)OC(=O)C(CC(C)C)NC=O,0,unreported_twosides_sampled,0.6166180968284607,0.5099459032997898,0.5099459032997898,fitted,platt_logistic_regression,0.5234977964951845,0,0.6929493255258321,0.13128729752770674,0.1432225063938619,no_interaction|interaction,2,True,0.20833333333333334,0.30666666666666664,0.20833333333333334,False,False,True
C1=CC(=CC=C1C(=O)NC(CCC(=O)O)C(=O)O)NCC2=CN=C3C(=N2)C(=O)N=C(N3)N,CCCC(C)(COC(=O)N)COC(=O)NC(C)C,1,reported_twosides,0.7198130488395691,0.6038990530884517,0.6038990530884517,fitted,platt_logistic_regression,0.5234977964951845,1,0.6713990302180171,0.09803921568627451,0.20630861040068202,interaction,1,False,0.5256410256410257,0.2926829268292683,0.2926829268292683,False,False,True
C1=CC(=C(C=C1F)F)C(CN2C=NC=N2)(CN3C=NC=N3)O,CC(C)(C1=CC=C(C=C1)C(CCCN2CCC(CC2)C(C3=CC=CC=C3)(C4=CC=CC=C4)O)O)C(=O)O,1,reported_twosides,0.5264760851860046,0.43503553869505696,0.43503553869505696,fitted,platt_logistic_regression,0.5234977964951845,0,0.6846825074387395,0.17902813299232737,0.11082693947144075,no_interaction|interaction,2,True,0.5961538461538461,0.3442622950819672,0.3442622950819672,False,False,True
C1CN=C(N1)NC2=C(C=CC=C2Cl)Cl,CC(C)CN1C=NC2=C1C3=CC=CC=C3N=C2N,0,unreported_twosides_sampled,0.8835629820823669,0.7866876591957441,0.7866876591957441,fitted,platt_logistic_regression,0.5234977964951845,1,0.5183123347656866,0.0392156862745098,0.3776641091219096,interaction,1,False,0.5853658536585366,0.2727272727272727,0.2727272727272727,False,False,True
CC(C)CN1C=NC2=C1C3=CC=CC=C3N=C2N,COC1=CC(=C(C=C1)OC)C(CNC(=O)CN)O,0,unreported_twosides_sampled,0.524753987789154,0.4336516168744936,0.4336516168744936,fitted,platt_logistic_regression,0.5234977964951845,0,0.6843169428778342,0.1815856777493606,0.11082693947144075,no_interaction|interaction,2,True,0.2727272727272727,0.3137254901960784,0.2727272727272727,False,False,True
CC(C)CN1C=NC2=C1C3=CC=CC=C3N=C2N,CCC(C)C(=O)OC1CC(C=C2C1C(C(C=C2)C)CCC3CC(CC(=O)O3)O)C,1,reported_twosides,0.9998985528945923,0.9992174537250404,0.9992174537250404,fitted,platt_logistic_regression,0.5234977964951845,1,0.006379760252268458,0.0008525149190110827,0.9394714407502132,interaction,1,False,0.2727272727272727,0.7424242424242424,0.2727272727272727,False,False,True
C1C(=O)NC(=O)N1N=CC2=CC=C(O2)[N+](=O)[O-],C1CN=C(N1)NC2=C(C=CC=C2Cl)Cl,1,reported_twosides,0.9918658137321472,0.9726113660412098,0.9726113660412098,fitted,platt_logistic_regression,0.5234977964951845,1,0.1255441871384972,0.0034100596760443308,0.7169650468883205,interaction,1,False,0.423728813559322,0.5853658536585366,0.423728813559322,False,False,False
CC(C=CC(C1CC1)O)C2CCC3C2(CCCC3=CC=C4CC(CC(C4=C)O)O)C,CNC(=C[N+](=O)[O-])NCCSCC1=CC=C(O1)CN(C)C,0,unreported_twosides_sampled,0.06493466347455978,0.07425241420567986,0.07425241420567986,fitted,platt_logistic_regression,0.5234977964951845,0,0.26450225891551016,0.5814151747655584,0.010230179028132993,no_interaction,1,False,0.6307692307692307,0.603448275862069,0.603448275862069,False,False,False
C1=CC(=CC=C1C(=O)NC(CCC(=O)O)C(=O)O)NCC2=CN=C3C(=N2)C(=O)N=C(N3)N,CN1CCN2C(C1)C3=CC=CC=C3CC4=C2N=CC=C4,1,reported_twosides,0.48746082186698914,0.40402914779917054,0.40402914779917054,fitted,platt_logistic_regression,0.5234977964951845,0,0.674611562366686,0.19863597612958228,0.10059676044330776,no_interaction|interaction,2,True,0.5256410256410257,0.2833333333333333,0.2833333333333333,False,False,True
CC(C)CC(C1(CCC1)C2=CC=C(C=C2)Cl)N(C)C,CCCC(C)(COC(=O)N)COC(=O)NC(C)C,0,unreported_twosides_sampled,0.22656966745853424,0.20601034079879024,0.20601034079879024,fitted,platt_logistic_regression,0.5234977964951845,0,0.5086224715355177,0.38277919863597615,0.03836317135549872,no_interaction,1,False,0.27419354838709675,0.2926829268292683,0.27419354838709675,False,False,True
CN(C)CCC1=CNC2=C1C=C(C=C2)CN3C=NC=N3,CNC(=C[N+](=O)[O-])NCCSCC1=CC=C(O1)CN(C)C,1,reported_twosides,0.2815666198730469,0.24754555340862525,0.24754555340862525,fitted,platt_logistic_regression,0.5234977964951845,0,0.5596225593591554,0.3350383631713555,0.05200341005967604,no_interaction,1,False,0.5272727272727272,0.603448275862069,0.5272727272727272,False,False,False
C1CCC(CC1)(CC(=O)O)CN,CCCC(C)(COC(=O)N)COC(=O)NC(C)C,1,reported_twosides,0.5649865865707397,0.46640658254171613,0.46640658254171613,fitted,platt_logistic_regression,0.5234977964951845,0,0.6908884440237858,0.1568627450980392,0.12020460358056266,no_interaction|interaction,2,True,0.26666666666666666,0.2926829268292683,0.26666666666666666,False,False,True
C(=O)(N)NO,CC12CCC3C(C1CCC2C(=O)NC4=C(C=CC(=C4)C(F)(F)F)C(F)(F)F)CCC5C3(C=CC(=O)N5)C,1,reported_twosides,0.4572829604148865,0.3804858671053693,0.3804858671053693,fitted,platt_logistic_regression,0.5234977964951845,0,0.6643014810350761,0.2216538789428815,0.09292412617220801,no_interaction,1,False,0.20833333333333334,0.6417910447761194,0.20833333333333334,False,False,True
C1CN(CCN1CCOCCO)C2=NC3=CC=CC=C3SC4=CC=CC=C42,C1CN=C(N1)NC2=C(C=CC=C2Cl)Cl,1,reported_twosides,0.7822766304016113,0.6671500049052812,0.6671500049052812,fitted,platt_logistic_regression,0.5234977964951845,1,0.6361786179946232,0.0784313725490196,0.2566069906223359,interaction,1,False,0.423728813559322,0.5853658536585366,0.423728813559322,False,False,False
C(=O)(N)NO,CC(C)(C1=CC=C(C=C1)C(CCCN2CCC(CC2)C(C3=CC=CC=C3)(C4=CC=CC=C4)O)O)C(=O)O,1,reported_twosides,0.433693528175354,0.36230268125135306,0.36230268125135306,fitted,platt_logistic_regression,0.5234977964951845,0,0.654731578881151,0.23273657289002558,0.08439897698209718,no_interaction,1,False,0.20833333333333334,0.3442622950819672,0.20833333333333334,False,False,True
C1=CC(=C(C=C1OC2=C(C=C(C=C2I)CC(C(=O)O)N)I)I)O,C1NC2=CC(=C(C=C2S(=O)(=O)N1)S(=O)(=O)N)Cl,1,reported_twosides,0.9999744892120361,0.9997460430821304,0.9997460430821304,fitted,platt_logistic_regression,0.5234977964951845,1,0.0023562678829873378,0.0008525149190110827,0.9641943734015346,interaction,1,False,0.7441860465116279,0.5454545454545454,0.5454545454545454,False,False,False
C1C(=O)NC(=O)N1N=CC2=CC=C(O2)[N+](=O)[O-],CCN(CCCC(C)NC1=C2C=CC(=CC2=NC=C1)Cl)CCO,1,reported_twosides,0.03712029010057449,0.04728492882761027,0.04728492882761027,fitted,platt_logistic_regression,0.5234977964951845,0,0.19044191798677135,0.6462063086104007,0.005967604433077579,no_interaction,1,False,0.423728813559322,0.86,0.423728813559322,False,False,False
C1CCC(CC1)(CC(=O)O)CN,CCC(C)C(=O)OC1CC(C=C2C1C(C(C=C2)C)CCC3CC(CC(=O)O3)O)C,1,reported_twosides,0.9998912811279297,0.9991720321266019,0.9991720321266019,fitted,platt_logistic_regression,0.5234977964951845,1,0.006703329003154853,0.0008525149190110827,0.9394714407502132,interaction,1,False,0.26666666666666666,0.7424242424242424,0.26666666666666666,False,False,True
C1CC2CN(C(=O)C3=CC=CC(=C23)C1)C4CN5CCC4CC5,CCCC(C)(COC(=O)N)COC(=O)NC(C)C,0,unreported_twosides_sampled,0.1610148549079895,0.1552422055321478,0.1552422055321478,fitted,platt_logistic_regression,0.5234977964951845,0,0.431695471038575,0.45098039215686275,0.026427962489343565,no_interaction,1,False,0.30303030303030304,0.2926829268292683,0.2926829268292683,False,False,True
CCCCCCCCCCCC(CC1C(C(=O)O1)CCCCCC)OC(=O)C(CC(C)C)NC=O,CN(C)CC1CCCCC1(C2=CC(=CC=C2)OC)O,1,reported_twosides,0.372991144657135,0.3161749892512067,0.3161749892512067,fitted,platt_logistic_regression,0.5234977964951845,0,0.6239525824544274,0.26854219948849106,0.07587382779198636,no_interaction,1,False,0.30666666666666664,0.37037037037037035,0.30666666666666664,False,False,True
C1=CC(=CC=C1C2C(C(=O)N2C3=CC=C(C=C3)F)CCC(C4=CC=C(C=C4)F)O)O,C1CN(CCN1CCOCCO)C2=NC3=CC=CC=C3SC4=CC=CC=C42,1,reported_twosides,0.336727112531662,0.28891040168820764,0.28891040168820764,fitted,platt_logistic_regression,0.5234977964951845,0,0.6011731884931915,0.29752770673486784,0.06479113384484228,no_interaction,1,False,0.25,0.423728813559322,0.25,False,False,True
C1CCC(CC1)(CC(=O)O)CN,CC(C)(C1=CC=C(C=C1)C(CCCN2CCC(CC2)C(C3=CC=CC=C3)(C4=CC=CC=C4)O)O)C(=O)O,1,reported_twosides,0.5641053318977356,0.46567904001802585,0.46567904001802585,fitted,platt_logistic_regression,0.5234977964951845,0,0.6907894704561564,0.1568627450980392,0.12020460358056266,no_interaction|interaction,2,True,0.26666666666666666,0.3442622950819672,0.26666666666666666,False,False,True
CC#CCC(C)C(C=CC1C(CC2C1CC(=CCCCC(=O)O)C2)O)O,CC1=CC2=C(C=C1C)N(C=N2)C3C(C(C(O3)CO)OP(=O)([O-])OC(C)CNC(=O)CCC4(C(C5C6(C(C(C(=N6)C(=C7C(C(C(=N7)C=C8C(C(C(=N8)C(=C4[N-]5)C)CCC(=O)N)(C)C)CCC(=O)N)(C)CC(=O)N)C)CCC(=O)N)(C)CC(=O)N)C)CC(=O)N)C)O.O.[Co],0,unreported_twosides_sampled,0.527161180973053,0.4355865212078198,0.4355865212078198,fitted,platt_logistic_regression,0.5234977964951845,0,0.6848258809809387,0.17902813299232737,0.11082693947144075,no_interaction|interaction,2,True,0.35064935064935066,0.8709677419354839,0.35064935064935066,False,False,True
C(C(C(C(C(CO)O)O)O)O)O,C1CN(CCN1CCOCCO)C2=NC3=CC=CC=C3SC4=CC=CC=C42,1,reported_twosides,0.0703975036740303,0.07925788092143089,0.07925788092143089,fitted,platt_logistic_regression,0.5234977964951845,0,0.27695310737917794,0.5737425404944586,0.01278772378516624,no_interaction,1,False,0.21739130434782608,0.423728813559322,0.21739130434782608,False,False,True
C1=CC(=C(C=C1OC2=C(C=C(C=C2I)CC(C(=O)O)N)I)I)O,CCCC(C)(COC(=O)N)COC(=O)NC(C)C,1,reported_twosides,0.9983634352684021,0.9924822647364532,0.9924822647364532,fitted,platt_logistic_regression,0.5234977964951845,1,0.04425481775818991,0.0017050298380221654,0.8465473145780051,interaction,1,False,0.7441860465116279,0.2926829268292683,0.2926829268292683,False,False,True
C(CS(=O)(=O)O)S,CN(C)CC1CCCCC1(C2=CC(=CC=C2)OC)O,0,unreported_twosides_sampled,0.09748101979494095,0.10313305227131646,0.10313305227131646,fitted,platt_logistic_regression,0.5234977964951845,0,0.33191295776638785,0.526001705029838,0.017902813299232736,no_interaction,1,False,0.3333333333333333,0.37037037037037035,0.3333333333333333,False,False,True
C1=CC(=C(C=C1OC2=C(C=C(C=C2I)CC(C(=O)O)N)I)I)O,CC(C)(C)NCC(COC1=NSN=C1N2CCOCC2)O,0,unreported_twosides_sampled,0.9918096661567688,0.9724602818416264,0.9724602818416264,fitted,platt_logistic_regression,0.5234977964951845,1,0.1260831083620382,0.0034100596760443308,0.7169650468883205,interaction,1,False,0.7441860465116279,0.4,0.4,False,False,False
C1NC2=CC(=C(C=C2S(=O)(=O)N1)S(=O)(=O)N)Cl,CC1=C(C(=O)N2CCCCC2=N1)CCN3CCC(CC3)C4=NOC5=C4C=CC(=C5)F,1,reported_twosides,0.24966906011104584,0.22352604860159095,0.22352604860159095,fitted,platt_logistic_regression,0.5234977964951845,0,0.5313346735598149,0.36061381074168797,0.042625745950554135,no_interaction,1,False,0.5454545454545454,0.7464788732394366,0.5454545454545454,False,False,False
CN1C=NC2=C1C(=O)N(C(=O)N2C)C,CNC(=C[N+](=O)[O-])NCCSCC1=CC=C(O1)CN(C)C,1,reported_twosides,0.23831744492053986,0.21493470754436866,0.21493470754436866,fitted,platt_logistic_regression,0.5234977964951845,0,0.5204218151317876,0.3751065643648764,0.040068201193520885,no_interaction,1,False,0.47058823529411764,0.603448275862069,0.47058823529411764,False,False,False
CC1=CN(C(=O)NC1=O)C2CC(C(O2)CO)N=[N+]=[N-],CCCC1OC2CC3C4CCC5=CC(=O)C=CC5(C4C(CC3(C2(O1)C(=O)CO)C)O)C,1,reported_twosides,0.016326889395713806,0.024353477713842525,0.024353477713842525,fitted,platt_logistic_regression,0.5234977964951845,0,0.11452962774755909,0.7306052855924978,0.0025575447570332483,no_interaction,1,False,0.7083333333333334,0.7313432835820896,0.7083333333333334,False,False,False
CC(C)(C)NCC(COC1=NSN=C1N2CCOCC2)O,CNC(=C[N+](=O)[O-])NCCSCC1=CC=C(O1)CN(C)C,1,reported_twosides,0.1461307257413864,0.1433779518030701,0.1433779518030701,fitted,platt_logistic_regression,0.5234977964951845,0,0.41104837619711543,0.4697357203751066,0.023017902813299233,no_interaction,1,False,0.4,0.603448275862069,0.4,False,False,False
CN(C)CCC1=CNC2=C1C=C(C=C2)CN3C=NC=N3,CN1CCN2C(C1)C3=CC=CC=C3CC4=C2N=CC=C4,1,reported_twosides,0.48442593216896057,0.40164553734357367,0.40164553734357367,fitted,platt_logistic_regression,0.5234977964951845,0,0.6736732363166537,0.20119352088661552,0.09974424552429667,no_interaction,1,False,0.5272727272727272,0.2833333333333333,0.2833333333333333,False,False,True
C1=NNC2=C1NC=NC2=O,CC12CC(=O)C3C(C1CCC2(C(=O)CO)O)CCC4=CC(=O)C=CC34C,1,reported_twosides,0.9341752529144287,0.8600460307912015,0.8600460307912015,fitted,platt_logistic_regression,0.5234977964951845,1,0.40487991703056314,0.02216538789428815,0.47655583972719523,interaction,1,False,0.28205128205128205,0.6896551724137931,0.28205128205128205,False,False,True
C(C(C(C(C(CO)O)O)O)O)O,CC(C)C(C(=O)OCC(CO)OCN1C=NC2=C1NC(=NC2=O)N)N,1,reported_twosides,0.7257227897644043,0.609638502042398,0.609638502042398,fitted,platt_logistic_regression,0.5234977964951845,1,0.6689095146807769,0.09718670076726342,0.21312872975277067,interaction,1,False,0.21739130434782608,0.7307692307692307,0.21739130434782608,False,False,True
C(C(C(C(C(CO)O)O)O)O)O,CC1C(C(CC(O1)OC2CC(CC3=C2C(=C4C(=C3O)C(=O)C5=C(C4=O)C(=CC=C5)OC)O)(C(=O)CO)O)[NH3+])O,1,reported_twosides,0.5686983466148376,0.4694762381141906,0.4694762381141906,fitted,platt_logistic_regression,0.5234977964951845,0,0.6912826213318284,0.1568627450980392,0.12020460358056266,no_interaction|interaction,2,True,0.21739130434782608,0.23728813559322035,0.21739130434782608,False,False,True
C1=CC(=CC=C1C2C(C(=O)N2C3=CC=C(C=C3)F)CCC(C4=CC=C(C=C4)F)O)O,CC(C=CC(C1CC1)O)C2CCC3C2(CCCC3=CC=C4CC(CC(C4=C)O)O)C,0,unreported_twosides_sampled,0.36248213052749634,0.3082589820489982,0.3082589820489982,fitted,platt_logistic_regression,0.5234977964951845,0,0.6177005496060894,0.2770673486786019,0.0741687979539642,no_interaction,1,False,0.25,0.6307692307692307,0.25,False,False,True
CC1=CC(=CC=C1)CN2CCN(CC2)C(C3=CC=CC=C3)C4=CC=C(C=C4)Cl,CCC(C)C(=O)OC1CC(C=C2C1C(C(C=C2)C)CCC3CC(CC(=O)O3)O)C,1,reported_twosides,0.9968165755271912,0.9871188717038485,0.9871188717038485,fitted,platt_logistic_regression,0.5234977964951845,1,0.06885637483741064,0.0025575447570332483,0.7996589940323956,interaction,1,False,0.5094339622641509,0.7424242424242424,0.5094339622641509,False,False,False
C1=CC(=C(C=C1OC2=C(C=C(C=C2I)CC(C(=O)O)N)I)I)O,CCC(C)C(=O)OC1CC(C=C2C1C(C(C=C2)C)CCC3CC(CC(=O)O3)O)C,0,unreported_twosides_sampled,0.9999997615814209,0.9999819049949387,0.9999819049949387,fitted,platt_logistic_regression,0.5234977964951845,1,0.0002156900278862279,0.0008525149190110827,1.0,interaction,1,False,0.7441860465116279,0.7424242424242424,0.7424242424242424,False,False,False
C1CN=C(N1)NC2=C(C=CC=C2Cl)Cl,CN1CCN2C(C1)C3=CC=CC=C3CC4=C2N=CC=C4,1,reported_twosides,0.9554995894432068,0.8959839670021295,0.8959839670021295,fitted,platt_logistic_regression,0.5234977964951845,1,0.3338185419214306,0.017902813299232736,0.525149190110827,interaction,1,False,0.5853658536585366,0.2833333333333333,0.2833333333333333,False,False,True
CC1=NN=C(S1)SCC2=C(N3C(C(C3=O)NC(=O)CN4C=NN=N4)SC2)C(=O)[O-],CN(C)CCC1=CNC2=C1C=C(C=C2)CN3C=NC=N3,0,unreported_twosides_sampled,0.5129744410514832,0.42422496734298704,0.42422496734298704,fitted,platt_logistic_regression,0.5234977964951845,0,0.6816191019842277,0.18925831202046037,0.10571184995737426,no_interaction|interaction,2,True,0.4574468085106383,0.5272727272727272,0.4574468085106383,False,False,False
C1C(=O)NC(=O)N1N=CC2=CC=C(O2)[N+](=O)[O-],C1CN(CCN1CCOCCO)C2=NC3=CC=CC=C3SC4=CC=CC=C42,1,reported_twosides,0.6161084771156311,0.5095066336089525,0.5095066336089525,fitted,platt_logistic_regression,0.5234977964951845,0,0.6929664175027721,0.13128729752770674,0.14151747655583974,no_interaction|interaction,2,True,0.423728813559322,0.423728813559322,0.423728813559322,False,False,False
CC(C)C1=NC(=NC(=C1CCC(CC(CC(=O)O)O)O)C2=CC=C(C=C2)F)N(C)S(=O)(=O)C,CC1=CC(=CC=C1)CN2CCN(CC2)C(C3=CC=CC=C3)C4=CC=C(C=C4)Cl,1,reported_twosides,0.9996453523635864,0.9978307437168095,0.9978307437168095,fitted,platt_logistic_regression,0.5234977964951845,1,0.015471755098682373,0.0008525149190110827,0.9104859335038363,interaction,1,False,0.38461538461538464,0.5094339622641509,0.38461538461538464,False,False,True
CC1C(C(CC(O1)OC2CC(CC3=C2C(=C4C(=C3O)C(=O)C5=C(C4=O)C(=CC=C5)OC)O)(C(=O)CO)O)[NH3+])O,CCCCCCCCCCCC(CC1C(C(=O)O1)CCCCCC)OC(=O)C(CC(C)C)NC=O,0,unreported_twosides_sampled,0.5210687518119812,0.4306951106906637,0.4306951106906637,fitted,platt_logistic_regression,0.5234977964951845,0,0.6835098457762838,0.1824381926683717,0.11082693947144075,no_interaction|interaction,2,True,0.23728813559322035,0.30666666666666664,0.23728813559322035,False,False,True
CC(C)C(C(=O)OCC(CO)OCN1C=NC2=C1NC(=NC2=O)N)N,COC1=C(C=C2C(=C1)C(=NC(=N2)N3CCN(CC3)C(=O)C4=CC=CO4)N)OC,0,unreported_twosides_sampled,0.3722124695777893,0.3155879192935106,0.3155879192935106,fitted,platt_logistic_regression,0.5234977964951845,0,0.6234989157320144,0.27024722932651324,0.07587382779198636,no_interaction,1,False,0.7307692307692307,0.5882352941176471,0.5882352941176471,False,False,False
C(=O)(N)NO,C1=CC(=CC=C1C(=O)NC(CCC(=O)O)C(=O)O)NCC2=CN=C3C(=N2)C(=O)N=C(N3)N,1,reported_twosides,0.8478676080703735,0.7414185197070507,0.7414185197070507,fitted,platt_logistic_regression,0.5234977964951845,1,0.5715679547290597,0.05200341005967604,0.3273657289002558,interaction,1,False,0.20833333333333334,0.5256410256410257,0.20833333333333334,False,False,True
C1=CC(=C(C=C1F)F)C(CN2C=NC=N2)(CN3C=NC=N3)O,CCCC1OC2CC3C4CCC5=CC(=O)C=CC5(C4C(CC3(C2(O1)C(=O)CO)C)O)C,1,reported_twosides,0.023718826472759247,0.03293623627274227,0.03293623627274227,fitted,platt_logistic_regression,0.5234977964951845,0,0.1448051464417547,0.6947996589940324,0.004262574595055414,no_interaction,1,False,0.5961538461538461,0.7313432835820896,0.5961538461538461,False,False,False
C1CN(CCN1CCOCCO)C2=NC3=CC=CC=C3SC4=CC=CC=C42,CC12CC(=O)C3C(C1CCC2(C(=O)CO)O)CCC4=CC(=O)C=CC34C,1,reported_twosides,0.18123888969421387,0.1711265811213861,0.1711265811213861,fitted,platt_logistic_regression,0.5234977964951845,0,0.45766806117435765,0.43052003410059675,0.029838022165387893,no_interaction,1,False,0.423728813559322,0.6896551724137931,0.423728813559322,False,False,False
C(=O)(N)NO,C1C2=C(C=CC(=C2Cl)Cl)NC3=NC(=O)CN31,1,reported_twosides,0.28607919812202454,0.2509335523036389,0.2509335523036389,fitted,platt_logistic_regression,0.5234977964951845,0,0.5633584345229878,0.3316283034953112,0.05200341005967604,no_interaction,1,False,0.20833333333333334,0.23943661971830985,0.20833333333333334,False,False,True
C1=CC(=C(C=C1OC2=C(C=C(C=C2I)CC(C(=O)O)N)I)I)O,CC(C)(C1=CC=C(C=C1)C(CCCN2CCC(CC2)C(C3=CC=CC=C3)(C4=CC=CC=C4)O)O)C(=O)O,1,reported_twosides,0.9999812841415405,0.9998027235212157,0.9998027235212157,fitted,platt_logistic_regression,0.5234977964951845,1,0.0018802037929720788,0.0008525149190110827,0.969309462915601,interaction,1,False,0.7441860465116279,0.3442622950819672,0.3442622950819672,False,False,True
C1CC2CN(C(=O)C3=CC=CC(=C23)C1)C4CN5CCC4CC5,CC12CCC3C(C1CCC2C(=O)NC4=C(C=CC(=C4)C(F)(F)F)C(F)(F)F)CCC5C3(C=CC(=O)N5)C,0,unreported_twosides_sampled,0.40788111090660095,0.34258814843725727,0.34258814843725727,fitted,platt_logistic_regression,0.5234977964951845,0,0.6427372746436866,0.24893435635123615,0.08013640238704177,no_interaction,1,False,0.30303030303030304,0.6417910447761194,0.30303030303030304,False,False,True
C1=CC(=C(C=C1F)F)C(CN2C=NC=N2)(CN3C=NC=N3)O,CC(C)C(C(=O)OCC(CO)OCN1C=NC2=C1NC(=NC2=O)N)N,1,reported_twosides,0.42110493779182434,0.35266651579338953,0.35266651579338953,fitted,platt_logistic_regression,0.5234977964951845,0,0.6490817080165605,0.23870417732310314,0.08184143222506395,no_interaction,1,False,0.5961538461538461,0.7307692307692307,0.5961538461538461,False,False,False
C1CC[N+]2(C1)C3CCC2CC(C3)OC(=O)C(C4=CC=CC=C4)(C5=CC=CC=C5)O,CC1=C(C(=O)N2CCCCC2=N1)CCN3CCC(CC3)C4=NOC5=C4C=CC(=C5)F,1,reported_twosides,0.031235508620738983,0.0411358535431538,0.0411358535431538,fitted,platt_logistic_regression,0.5234977964951845,0,0.17153730269013676,0.6641091219096334,0.005115089514066497,no_interaction,1,False,0.4444444444444444,0.7464788732394366,0.4444444444444444,False,False,False
C1=CC(=CC=C1C(=O)NC(CCC(=O)O)C(=O)O)NCC2=CN=C3C(=N2)C(=O)N=C(N3)N,CC(C=CC(C1CC1)O)C2CCC3C2(CCCC3=CC=C4CC(CC(C4=C)O)O)C,1,reported_twosides,0.36239075660705566,0.3081902173401191,0.3081902173401191,fitted,platt_logistic_regression,0.5234977964951845,0,0.6176449579735951,0.2770673486786019,0.0741687979539642,no_interaction,1,False,0.5256410256410257,0.6307692307692307,0.5256410256410257,False,False,False
C1=CC(=C(C=C1F)F)C(CN2C=NC=N2)(CN3C=NC=N3)O,C1=NNC2=C1NC=NC2=O,1,reported_twosides,0.2716355621814728,0.24008233094456097,0.24008233094456097,fitted,platt_logistic_regression,0.5234977964951845,0,0.551174810700158,0.34612105711849955,0.05029838022165388,no_interaction,1,False,0.5961538461538461,0.28205128205128205,0.28205128205128205,False,False,True
CCCCCCCCCCCC(CC1C(C(=O)O1)CCCCCC)OC(=O)C(CC(C)C)NC=O,CNC(=C[N+](=O)[O-])NCCSCC1=CC=C(O1)CN(C)C,1,reported_twosides,0.11727523058652878,0.11983134232930752,0.11983134232930752,fitted,platt_logistic_regression,0.5234977964951845,0,0.36658881790287595,0.49872122762148335,0.020460358056265986,no_interaction,1,False,0.30666666666666664,0.603448275862069,0.30666666666666664,False,False,True
C1=NNC2=C1NC=NC2=O,CC1=CN(C(=O)NC1=O)C2CC(C(O2)CO)N=[N+]=[N-],1,reported_twosides,0.01752166822552681,0.025785121272929847,0.025785121272929847,fitted,platt_logistic_regression,0.5234977964951845,0,0.11977067188411615,0.7229326513213982,0.0025575447570332483,no_interaction,1,False,0.28205128205128205,0.7083333333333334,0.28205128205128205,False,False,True
CC(C)C1=NC(=NC(=C1CCC(CC(CC(=O)O)O)O)C2=CC=C(C=C2)F)N(C)S(=O)(=O)C,COC1=C(C=C2C(=C1)C(=NC(=N2)N3CCN(CC3)C(=O)C4=CC=CO4)N)OC,0,unreported_twosides_sampled,0.9998996257781982,0.9992242055462967,0.9992242055462967,fitted,platt_logistic_regression,0.5234977964951845,1,0.006331440813102606,0.0008525149190110827,0.9394714407502132,interaction,1,False,0.38461538461538464,0.5882352941176471,0.38461538461538464,False,False,True
C1=CC(=CC=C1C2C(C(=O)N2C3=CC=C(C=C3)F)CCC(C4=CC=C(C=C4)F)O)O,CNC(=C[N+](=O)[O-])NCCSCC1=CC=C(O1)CN(C)C,1,reported_twosides,0.036898043006658554,0.047056338312840854,0.047056338312840854,fitted,platt_logistic_regression,0.5234977964951845,0,0.1897548514118153,0.6470588235294118,0.005967604433077579,no_interaction,1,False,0.25,0.603448275862069,0.25,False,False,True
C1=CC(=C(C=C1F)F)C(CN2C=NC=N2)(CN3C=NC=N3)O,C1CN=C(N1)NC2=C(C=CC=C2Cl)Cl,1,reported_twosides,0.5195180177688599,0.4294530541230847,0.4294530541230847,fitted,platt_logistic_regression,0.5234977964951845,0,0.6831601459242191,0.18414322250639387,0.10912190963341858,no_interaction|interaction,2,True,0.5961538461538461,0.5853658536585366,0.5853658536585366,False,False,False
C1CN(CCN1CCOCCO)C2=NC3=CC=CC=C3SC4=CC=CC=C42,CNC(=C[N+](=O)[O-])NCCSCC1=CC=C(O1)CN(C)C,1,reported_twosides,0.5326015949249268,0.4399705698488093,0.4399705698488093,fitted,platt_logistic_regression,0.5234977964951845,0,0.6859227010589941,0.17647058823529413,0.113384484228474,no_interaction|interaction,2,True,0.423728813559322,0.603448275862069,0.423728813559322,False,False,False
C1=CC(=C(C=C1OC2=C(C=C(C=C2I)CC(C(=O)O)N)I)I)O,CCCCCCCCCCCC(CC1C(C(=O)O1)CCCCCC)OC(=O)C(CC(C)C)NC=O,1,reported_twosides,0.9998321533203125,0.9988204774116021,0.9988204774116021,fitted,platt_logistic_regression,0.5234977964951845,1,0.009131929360767985,0.0008525149190110827,0.9300937766410913,interaction,1,False,0.7441860465116279,0.30666666666666664,0.30666666666666664,False,False,True
CC(C)C(C(=O)OCC(CO)OCN1C=NC2=C1NC(=NC2=O)N)N,CCC(C)C(=O)OC1CC(C=C2C1C(C(C=C2)C)CCC3CC(CC(=O)O3)O)C,1,reported_twosides,0.8291512727737427,0.7192046011120967,0.7192046011120967,fitted,platt_logistic_regression,0.5234977964951845,1,0.593702972971474,0.061381074168797956,0.30775788576300084,interaction,1,False,0.7307692307692307,0.7424242424242424,0.7307692307692307,False,False,False
C1=CC(=C(C=C1F)F)C(CN2C=NC=N2)(CN3C=NC=N3)O,C1CN(CCN1CCOCCO)C2=NC3=CC=CC=C3SC4=CC=CC=C42,1,reported_twosides,0.302675724029541,0.26338226148426397,0.26338226148426397,fitted,platt_logistic_regression,0.5234977964951845,0,0.5765650103337551,0.3188405797101449,0.05370843989769821,no_interaction,1,False,0.5961538461538461,0.423728813559322,0.423728813559322,False,False,False
C1=CC(=CC=C1C(=O)NC(CCC(=O)O)C(=O)O)NCC2=CN=C3C(=N2)C(=O)N=C(N3)N,CC(C)(C)NCC(COC1=NSN=C1N2CCOCC2)O,1,reported_twosides,0.557515561580658,0.46025376471592455,0.46025376471592455,fitted,platt_logistic_regression,0.5234977964951845,0,0.689984318146325,0.15942028985507245,0.1184995737425405,no_interaction|interaction,2,True,0.5256410256410257,0.4,0.4,False,False,False
C1CC2CN(C(=O)C3=CC=CC(=C23)C1)C4CN5CCC4CC5,CC(C)C(C(=O)OCC(CO)OCN1C=NC2=C1NC(=NC2=O)N)N,1,reported_twosides,0.026245994493365288,0.035742969547208785,0.035742969547208785,fitted,platt_logistic_regression,0.5234977964951845,0,0.15417062896282463,0.6854219948849105,0.004262574595055414,no_interaction,1,False,0.30303030303030304,0.7307692307692307,0.30303030303030304,False,False,True
CNC(=C[N+](=O)[O-])NCCSCC1=CC=C(O1)CN(C)C,COC1=C(C=C2C(=C1)C(=NC(=N2)N3CCN(CC3)C(=O)C4=CC=CO4)N)OC,1,reported_twosides,0.582542359828949,0.4810034128763797,0.4810034128763797,fitted,platt_logistic_regression,0.5234977964951845,0,0.6924252661784014,0.14919011082693948,0.12702472293265132,no_interaction|interaction,2,True,0.603448275862069,0.5882352941176471,0.5882352941176471,False,False,False
C1=CC(=C(C=C1F)F)C(CN2C=NC=N2)(CN3C=NC=N3)O,CC12CC(=O)C3C(C1CCC2(C(=O)CO)O)CCC4=CC(=O)C=CC34C,1,reported_twosides,0.9409090876579285,0.8709681904707097,0.8709681904707097,fitted,platt_logistic_regression,0.5234977964951845,1,0.3845420632582548,0.021312872975277068,0.48678601875532823,interaction,1,False,0.5961538461538461,0.6896551724137931,0.5961538461538461,False,False,False
C1=NNC2=C1NC=NC2=O,CC1=NN=C(S1)SCC2=C(N3C(C(C3=O)NC(=O)CN4C=NN=N4)SC2)C(=O)[O-],1,reported_twosides,0.7752887606620789,0.6597633991515125,0.6597633991515125,fitted,platt_logistic_regression,0.5234977964951845,1,0.6411922891372779,0.0792838874680307,0.2514919011082694,interaction,1,False,0.28205128205128205,0.4574468085106383,0.28205128205128205,False,False,True
CC(C)(C1=CC=C(C=C1)C(CCCN2CCC(CC2)C(C3=CC=CC=C3)(C4=CC=CC=C4)O)O)C(=O)O,COC1=CC(=C(C=C1)OC)C(CNC(=O)CN)O,0,unreported_twosides_sampled,0.9344313740730286,0.8604551553835804,0.8604551553835804,fitted,platt_logistic_regression,0.5234977964951845,1,0.40413638495531246,0.02216538789428815,0.47655583972719523,interaction,1,False,0.3442622950819672,0.3137254901960784,0.3137254901960784,False,False,True
CC(C)(C)NCC(COC1=NSN=C1N2CCOCC2)O,CC(C)CC(C1(CCC1)C2=CC=C(C=C2)Cl)N(C)C,0,unreported_twosides_sampled,0.5668651461601257,0.4679590878447399,0.4679590878447399,fitted,platt_logistic_regression,0.5234977964951845,0,0.6910925328781208,0.1568627450980392,0.12020460358056266,no_interaction|interaction,2,True,0.4,0.27419354838709675,0.27419354838709675,False,False,True
CC(C)(C)NCC(COC1=NSN=C1N2CCOCC2)O,CN(C)CC1CCCCC1(C2=CC(=CC=C2)OC)O,1,reported_twosides,0.3158010244369507,0.2732205794207816,0.2732205794207816,fitted,platt_logistic_regression,0.5234977964951845,0,0.5864358547216043,0.3137254901960784,0.057971014492753624,no_interaction,1,False,0.4,0.37037037037037035,0.37037037037037035,False,False,True
C1=CC(=CC=C1C2C(C(=O)N2C3=CC=C(C=C3)F)CCC(C4=CC=C(C=C4)F)O)O,CC1=CN(C(=O)NC1=O)C2CC(C(O2)CO)N=[N+]=[N-],1,reported_twosides,0.10343249887228012,0.10820978446525421,0.10820978446525421,fitted,platt_logistic_regression,0.5234977964951845,0,0.3427560131685267,0.5140664961636828,0.01875532821824382,no_interaction,1,False,0.25,0.7083333333333334,0.25,False,False,True
C(CS(=O)(=O)O)S,CC(C)(C1=CC=C(C=C1)C(CCCN2CCC(CC2)C(C3=CC=CC=C3)(C4=CC=CC=C4)O)O)C(=O)O,0,unreported_twosides_sampled,0.4774630665779114,0.39619091375352283,0.39619091375352283,fitted,platt_logistic_regression,0.5234977964951845,0,0.6714369557320776,0.20630861040068202,0.09803921568627451,no_interaction,1,False,0.3333333333333333,0.3442622950819672,0.3333333333333333,False,False,True
CCCC(C)(COC(=O)N)COC(=O)NC(C)C,CNS(=O)(=O)CCC1=CC2=C(C=C1)NC=C2C3CCN(CC3)C,1,reported_twosides,0.1111883670091629,0.11475130163483571,0.11475130163483571,fitted,platt_logistic_regression,0.5234977964951845,0,0.35633520664584883,0.5080988917306053,0.01875532821824382,no_interaction,1,False,0.2926829268292683,0.4492753623188406,0.2926829268292683,False,False,True
CC(C)(C)NCC(COC1=NSN=C1N2CCOCC2)O,CC1C(C(CC(O1)OC2CC(CC3=C2C(=C4C(=C3O)C(=O)C5=C(C4=O)C(=CC=C5)OC)O)(C(=O)CO)O)[NH3+])O,1,reported_twosides,0.37305280566215515,0.31622148141981954,0.31622148141981954,fitted,platt_logistic_regression,0.5234977964951845,0,0.623988441804321,0.26854219948849106,0.07587382779198636,no_interaction,1,False,0.4,0.23728813559322035,0.23728813559322035,False,False,True
C1=CC(=C(C=C1F)F)C(CN2C=NC=N2)(CN3C=NC=N3)O,C1NC2=CC(=C(C=C2S(=O)(=O)N1)S(=O)(=O)N)Cl,1,reported_twosides,0.4716707766056061,0.3916677269989819,0.3916677269989819,fitted,platt_logistic_regression,0.5234977964951845,0,0.6694882389548479,0.21312872975277067,0.09718670076726342,no_interaction,1,False,0.5961538461538461,0.5454545454545454,0.5454545454545454,False,False,False
CC1=NN=C(S1)SCC2=C(N3C(C(C3=O)NC(=O)CN4C=NN=N4)SC2)C(=O)[O-],CCN(CCCC(C)NC1=C2C=CC(=CC2=NC=C1)Cl)CCO,0,unreported_twosides_sampled,0.22606626152992249,0.20562706834904584,0.20562706834904584,fitted,platt_logistic_regression,0.5234977964951845,0,0.5081049325394054,0.38448422847399827,0.03751065643648764,no_interaction,1,False,0.4574468085106383,0.86,0.4574468085106383,False,False,False
C1=CC(=C(C=C1OC2=C(C=C(C=C2I)CC(C(=O)O)N)I)I)O,CN(C)CCC1=CNC2=C1C=C(C=C2)CN3C=NC=N3,0,unreported_twosides_sampled,0.9994522929191589,0.9969102727707763,0.9969102727707763,fitted,platt_logistic_regression,0.5234977964951845,1,0.020942560496685192,0.0008525149190110827,0.896845694799659,interaction,1,False,0.7441860465116279,0.5272727272727272,0.5272727272727272,False,False,False
C1=NNC2=C1NC=NC2=O,CN1CCN2C(C1)C3=CC=CC=C3CC4=C2N=CC=C4,1,reported_twosides,0.6301840543746948,0.5217162729950565,0.5217162729950565,fitted,platt_logistic_regression,0.5234977964951845,0,0.692203690772679,0.12702472293265132,0.14919011082693948,no_interaction|interaction,2,True,0.28205128205128205,0.2833333333333333,0.28205128205128205,False,False,True
C1CN=C(N1)NC2=C(C=CC=C2Cl)Cl,CCCCCCCCCCCC(CC1C(C(=O)O1)CCCCCC)OC(=O)C(CC(C)C)NC=O,1,reported_twosides,0.456449419260025,0.3798402948230565,0.3798402948230565,fitted,platt_logistic_regression,0.5234977964951845,0,0.6639858890458876,0.22250639386189258,0.09292412617220801,no_interaction,1,False,0.5853658536585366,0.30666666666666664,0.30666666666666664,False,False,True
C1=CC(=CC=C1C(=O)NC(CCC(=O)O)C(=O)O)NCC2=CN=C3C(=N2)C(=O)N=C(N3)N,C1NC2=CC(=C(C=C2S(=O)(=O)N1)S(=O)(=O)N)Cl,1,reported_twosides,0.5162030458450317,0.42680190933308226,0.42680190933308226,fitted,platt_logistic_regression,0.5234977964951845,0,0.6823926506610851,0.18584825234441602,0.10741687979539642,no_interaction|interaction,2,True,0.5256410256410257,0.5454545454545454,0.5256410256410257,False,False,False
C1CC2CN(C(=O)C3=CC=CC(=C23)C1)C4CN5CCC4CC5,CNC(=C[N+](=O)[O-])NCCSCC1=CC=C(O1)CN(C)C,1,reported_twosides,0.5083012580871582,0.42050381153771976,0.42050381153771976,fitted,platt_logistic_regression,0.5234977964951845,0,0.6804540962191503,0.1926683716965047,0.10485933503836317,no_interaction|interaction,2,True,0.30303030303030304,0.603448275862069,0.30303030303030304,False,False,True
C1CN=C(N1)NC2=C(C=CC=C2Cl)Cl,CC1=C(C(=O)N2CCCCC2=N1)CCN3CCC(CC3)C4=NOC5=C4C=CC(=C5)F,1,reported_twosides,0.5945074558258057,0.49107005626858147,0.49107005626858147,fitted,platt_logistic_regression,0.5234977964951845,0,0.6929876842899856,0.14151747655583974,0.1329923273657289,no_interaction|interaction,2,True,0.5853658536585366,0.7464788732394366,0.5853658536585366,False,False,False
C(CS(=O)(=O)O)S,CNC(=C[N+](=O)[O-])NCCSCC1=CC=C(O1)CN(C)C,1,reported_twosides,0.2037154585123062,0.18852641492905603,0.18852641492905603,fitted,platt_logistic_regression,0.5234977964951845,0,0.48407918254308524,0.4040920716112532,0.03324808184143223,no_interaction,1,False,0.3333333333333333,0.603448275862069,0.3333333333333333,False,False,True
CN1C=NC2=C1C(=O)N(C(=O)N2C)C,CN1CCN2C(C1)C3=CC=CC=C3CC4=C2N=CC=C4,0,unreported_twosides_sampled,0.47415629029273987,0.39360708851721926,0.39360708851721926,fitted,platt_logistic_regression,0.5234977964951845,0,0.6703342660164191,0.21057118499573743,0.09718670076726342,no_interaction,1,False,0.47058823529411764,0.2833333333333333,0.2833333333333333,False,False,True
CC1COC2=C3N1C=C(C(=O)C3=CC(=C2N4CCN(CC4)C)F)C(=O)O,CN1CCN2C(C1)C3=CC=CC=C3CC4=C2N=CC=C4,1,reported_twosides,0.6853795647621155,0.5713167710688825,0.5713167710688825,fitted,platt_logistic_regression,0.5234977964951845,1,0.6829402421407564,0.10912190963341858,0.18499573742540495,no_interaction|interaction,2,True,0.4507042253521127,0.2833333333333333,0.2833333333333333,False,False,True
C(=O)(N)NO,CC(C)(C)NCC(COC1=NSN=C1N2CCOCC2)O,0,unreported_twosides_sampled,0.47969889640808105,0.3979403384241757,0.3979403384241757,fitted,platt_logistic_regression,0.5234977964951845,0,0.6721677030901216,0.20630861040068202,0.0988917306052856,no_interaction,1,False,0.20833333333333334,0.4,0.20833333333333334,False,False,True
CC(C)C(C(=O)OCC(CO)OCN1C=NC2=C1NC(=NC2=O)N)N,CN(C)CC1CCCCC1(C2=CC(=CC=C2)OC)O,1,reported_twosides,0.025945454835891724,0.03541204655163152,0.03541204655163152,fitted,platt_logistic_regression,0.5234977964951845,0,0.15307864283336475,0.6862745098039216,0.004262574595055414,no_interaction,1,False,0.7307692307692307,0.37037037037037035,0.37037037037037035,False,False,True
C(CS(=O)(=O)O)S,CCCC1OC2CC3C4CCC5=CC(=O)C=CC5(C4C(CC3(C2(O1)C(=O)CO)C)O)C,0,unreported_twosides_sampled,0.12558485567569733,0.12669731259935693,0.12669731259935693,fitted,platt_logistic_regression,0.5234977964951845,0,0.3800598601184222,0.49104859335038364,0.021312872975277068,no_interaction,1,False,0.3333333333333333,0.7313432835820896,0.3333333333333333,False,False,True
C(=O)(N)NO,CCN(CCCC(C)NC1=C2C=CC(=CC2=NC=C1)Cl)CCO,0,unreported_twosides_sampled,0.04708414524793625,0.05728537563176622,0.05728537563176622,fitted,platt_logistic_regression,0.5234977964951845,0,0.21943186412434487,0.6206308610400681,0.0068201193520886615,no_interaction,1,False,0.20833333333333334,0.86,0.20833333333333334,False,False,True
CC(C)(C1=CC=C(C=C1)C(CCCN2CCC(CC2)C(C3=CC=CC=C3)(C4=CC=CC=C4)O)O)C(=O)O,CNS(=O)(=O)CCC1=CC2=C(C=C1)NC=C2C3CCN(CC3)C,1,reported_twosides,0.31167012453079224,0.2701243781545887,0.2701243781545887,fitted,platt_logistic_regression,0.5234977964951845,0,0.5833825102089526,0.3145780051150895,0.05711849957374254,no_interaction,1,False,0.3442622950819672,0.4492753623188406,0.3442622950819672,False,False,True
CC1=C(C(=O)N2CCCCC2=N1)CCN3CCC(CC3)C4=NOC5=C4C=CC(=C5)F,CN1CCN2C(C1)C3=CC=CC=C3CC4=C2N=CC=C4,1,reported_twosides,0.4773111045360565,0.39607208204162603,0.39607208204162603,fitted,platt_logistic_regression,0.5234977964951845,0,0.6713868550651384,0.20630861040068202,0.09803921568627451,no_interaction,1,False,0.7464788732394366,0.2833333333333333,0.2833333333333333,False,False,True
CC(C)(C1=CC=C(C=C1)C(CCCN2CCC(CC2)C(C3=CC=CC=C3)(C4=CC=CC=C4)O)O)C(=O)O,CC1=CN(C(=O)NC1=O)C2CC(C(O2)CO)N=[N+]=[N-],1,reported_twosides,0.05137334018945694,0.061460270202735943,0.061460270202735943,fitted,platt_logistic_regression,0.5234977964951845,0,0.23096674521514965,0.6104006820119352,0.008525149190110827,no_interaction,1,False,0.3442622950819672,0.7083333333333334,0.3442622950819672,False,False,True
CCCC(C)(COC(=O)N)COC(=O)NC(C)C,CNC(=C[N+](=O)[O-])NCCSCC1=CC=C(O1)CN(C)C,1,reported_twosides,0.13380764424800873,0.13342025481765674,0.13342025481765674,fitted,platt_logistic_regression,0.5234977964951845,0,0.3928371343657431,0.4816709292412617,0.021312872975277068,no_interaction,1,False,0.2926829268292683,0.603448275862069,0.2926829268292683,False,False,True
C1CC[N+]2(C1)C3CCC2CC(C3)OC(=O)C(C4=CC=CC=C4)(C5=CC=CC=C5)O,C1CN=C(N1)NC2=C(C=CC=C2Cl)Cl,1,reported_twosides,0.9153329133987427,0.831142656810535,0.831142656810535,fitted,platt_logistic_regression,0.5234977964951845,1,0.45406975022828666,0.029838022165387893,0.43137254901960786,interaction,1,False,0.4444444444444444,0.5853658536585366,0.4444444444444444,False,False,False
CC12CC(=O)C3C(C1CCC2(C(=O)CO)O)CCC4=CC(=O)C=CC34C,CCN(CCCC(C)NC1=C2C=CC(=CC2=NC=C1)Cl)CCO,1,reported_twosides,0.16275013983249664,0.15661510421169056,0.15661510421169056,fitted,platt_logistic_regression,0.5234977964951845,0,0.43401407941503733,0.4492753623188406,0.026427962489343565,no_interaction,1,False,0.6896551724137931,0.86,0.6896551724137931,False,False,False
CC(C)CN1C=NC2=C1C3=CC=CC=C3N=C2N,CNC(=C[N+](=O)[O-])NCCSCC1=CC=C(O1)CN(C)C,0,unreported_twosides_sampled,0.4483533203601837,0.37358200054873153,0.37358200054873153,fitted,platt_logistic_regression,0.5234977964951845,0,0.6608345959921025,0.2259164535379369,0.0886615515771526,no_interaction,1,False,0.2727272727272727,0.603448275862069,0.2727272727272727,False,False,True
C(CS(=O)(=O)O)S,C1CN(CCN1CCOCCO)C2=NC3=CC=CC=C3SC4=CC=CC=C42,0,unreported_twosides_sampled,0.39750152826309204,0.33470572691304107,0.33470572691304107,fitted,platt_logistic_regression,0.5234977964951845,0,0.637461204139896,0.2557544757033248,0.0784313725490196,no_interaction,1,False,0.3333333333333333,0.423728813559322,0.3333333333333333,False,False,True
C1NC2=CC(=C(C=C2S(=O)(=O)N1)S(=O)(=O)N)Cl,CC12CC(=O)C3C(C1CCC2(C(=O)CO)O)CCC4=CC(=O)C=CC34C,1,reported_twosides,0.8189043402671814,0.7074171481988522,0.7074171481988522,fitted,platt_logistic_regression,0.5234977964951845,1,0.6044481552686093,0.06649616368286446,0.29411764705882354,interaction,1,False,0.5454545454545454,0.6896551724137931,0.5454545454545454,False,False,False
C1=CC(=CC=C1C(=O)NC(CCC(=O)O)C(=O)O)NCC2=CN=C3C(=N2)C(=O)N=C(N3)N,C1CC[N+]2(C1)C3CCC2CC(C3)OC(=O)C(C4=CC=CC=C4)(C5=CC=CC=C5)O,0,unreported_twosides_sampled,0.6932289004325867,0.5786218784438304,0.5786218784438304,fitted,platt_logistic_regression,0.5234977964951845,1,0.6807329240995782,0.10485933503836317,0.1926683716965047,no_interaction|interaction,2,True,0.5256410256410257,0.4444444444444444,0.4444444444444444,False,False,False
C1CC2CN(C(=O)C3=CC=CC(=C23)C1)C4CN5CCC4CC5,CN1C2CCCC1CC(C2)NC(=O)C3=NN(C4=CC=CC=C43)C,1,reported_twosides,0.9612086415290833,0.9063801020544124,0.9063801020544124,fitted,platt_logistic_regression,0.5234977964951845,1,0.31083389476728246,0.01619778346121057,0.5481670929241261,interaction,1,False,0.30303030303030304,0.3064516129032258,0.30303030303030304,False,False,True
CC1=CN(C(=O)NC1=O)C2CC(C(O2)CO)N=[N+]=[N-],CNS(=O)(=O)CCC1=CC2=C(C=C1)NC=C2C3CCN(CC3)C,0,unreported_twosides_sampled,0.0013388009974732995,0.0031963162711385234,0.0031963162711385234,fitted,platt_logistic_regression,0.5234977964951845,0,0.021556456944917708,0.8934356351236147,0.0008525149190110827,no_interaction,1,False,0.7083333333333334,0.4492753623188406,0.4492753623188406,False,False,False
C1=NNC2=C1NC=NC2=O,CC(C=CC(C1CC1)O)C2CCC3C2(CCCC3=CC=C4CC(CC(C4=C)O)O)C,1,reported_twosides,0.16099971532821655,0.15523021869203615,0.15523021869203615,fitted,platt_logistic_regression,0.5234977964951845,0,0.43167516402316336,0.45098039215686275,0.026427962489343565,no_interaction,1,False,0.28205128205128205,0.6307692307692307,0.28205128205128205,False,False,True
C1=CC(=C(C=C1OC2=C(C=C(C=C2I)CC(C(=O)O)N)I)I)O,CCCC1OC2CC3C4CCC5=CC(=O)C=CC5(C4C(CC3(C2(O1)C(=O)CO)C)O)C,1,reported_twosides,0.5391990542411804,0.4453080478342353,0.4453080478342353,fitted,platt_logistic_regression,0.5234977964951845,0,0.6871527740525909,0.17050298380221654,0.11508951406649616,no_interaction|interaction,2,True,0.7441860465116279,0.7313432835820896,0.7313432835820896,False,False,False
C1=CC(=C(C=C1C2=C(C=C(C=C2)F)F)C(=O)O)O,CC(C)C1=NC(=NC(=C1CCC(CC(CC(=O)O)O)O)C2=CC=C(C=C2)F)N(C)S(=O)(=O)C,0,unreported_twosides_sampled,0.9309772849082947,0.8549773012279148,0.8549773012279148,fitted,platt_logistic_regression,0.5234977964951845,1,0.41397740428095686,0.023870417732310314,0.46888320545609546,interaction,1,False,0.43243243243243246,0.38461538461538464,0.38461538461538464,False,False,True
CNC(=C[N+](=O)[O-])NCCSCC1=CC=C(O1)CN(C)C,COC1=CC(=C(C=C1)OC)C(CNC(=O)CN)O,1,reported_twosides,0.6266821026802063,0.5186633718823737,0.5186633718823737,fitted,platt_logistic_regression,0.5234977964951845,0,0.692450375799238,0.1278772378516624,0.14919011082693948,no_interaction|interaction,2,True,0.603448275862069,0.3137254901960784,0.3137254901960784,False,False,True
CC12CCC3C(C1CCC2C(=O)NC4=C(C=CC(=C4)C(F)(F)F)C(F)(F)F)CCC5C3(C=CC(=O)N5)C,CN(C)CCC1=CNC2=C1C=C(C=C2)CN3C=NC=N3,0,unreported_twosides_sampled,0.37555038928985596,0.3181051289748676,0.3181051289748676,fitted,platt_logistic_regression,0.5234977964951845,0,0.6254328982539701,0.26768968456947995,0.07587382779198636,no_interaction,1,False,0.6417910447761194,0.5272727272727272,0.5272727272727272,False,False,False
C(C(C(C(C(CO)O)O)O)O)O,C1CC2CN(C(=O)C3=CC=CC(=C23)C1)C4CN5CCC4CC5,1,reported_twosides,0.016244951635599136,0.0242545627214883,0.0242545627214883,fitted,platt_logistic_regression,0.5234977964951845,0,0.11416438315371219,0.73231031543052,0.0025575447570332483,no_interaction,1,False,0.21739130434782608,0.30303030303030304,0.21739130434782608,False,False,True
CC(C)C(C(=O)OCC(CO)OCN1C=NC2=C1NC(=NC2=O)N)N,CC1=CN(C(=O)NC1=O)C2CC(C(O2)CO)N=[N+]=[N-],0,unreported_twosides_sampled,0.44278743863105774,0.36929184977998014,0.36929184977998014,fitted,platt_logistic_regression,0.5234977964951845,0,0.6585777152769277,0.22847399829497017,0.08610400682011936,no_interaction,1,False,0.7307692307692307,0.7083333333333334,0.7083333333333334,False,False,False
C1CCC(CC1)(CC(=O)O)CN,CCN(CCCC(C)NC1=C2C=CC(=CC2=NC=C1)Cl)CCO,1,reported_twosides,0.009959069080650806,0.016320894477157642,0.016320894477157642,fitted,platt_logistic_regression,0.5234977964951845,0,0.08335250406300154,0.7791986359761296,0.0025575447570332483,no_interaction,1,False,0.26666666666666666,0.86,0.26666666666666666,False,False,True
C1=CC(=C(C=C1C2=C(C=C(C=C2)F)F)C(=O)O)O,CN(C)CC1CCCCC1(C2=CC(=CC=C2)OC)O,1,reported_twosides,0.7098801732063293,0.594353673195005,0.594353673195005,fitted,platt_logistic_regression,0.5234977964951845,1,0.6752347392204492,0.10144927536231885,0.1977834612105712,no_interaction|interaction,2,True,0.43243243243243246,0.37037037037037035,0.37037037037037035,False,False,True
CC#CCC(C)C(C=CC1C(CC2C1CC(=CCCCC(=O)O)C2)O)O,CCN(CCCC(C)NC1=C2C=CC(=CC2=NC=C1)Cl)CCO,1,reported_twosides,0.09864510595798492,0.10413017858904088,0.10413017858904088,fitted,platt_logistic_regression,0.5234977964951845,0,0.3340642705864293,0.525149190110827,0.017902813299232736,no_interaction,1,False,0.35064935064935066,0.86,0.35064935064935066,False,False,True
CC1=CC(=CC=C1)CN2CCN(CC2)C(C3=CC=CC=C3)C4=CC=C(C=C4)Cl,CN1CCN2C(C1)C3=CC=CC=C3CC4=C2N=CC=C4,1,reported_twosides,0.7089968919754028,0.5935108275843336,0.5935108275843336,fitted,platt_logistic_regression,0.5234977964951845,1,0.6755552273322288,0.10144927536231885,0.1977834612105712,no_interaction|interaction,2,True,0.5094339622641509,0.2833333333333333,0.2833333333333333,False,False,True
CCCC1OC2CC3C4CCC5=CC(=O)C=CC5(C4C(CC3(C2(O1)C(=O)CO)C)O)C,CN(C)CC1CCCCC1(C2=CC(=CC=C2)OC)O,1,reported_twosides,0.03002713806927204,0.03984629995045546,0.03984629995045546,fitted,platt_logistic_regression,0.5234977964951845,0,0.16745537272436745,0.6692242114236999,0.005115089514066497,no_interaction,1,False,0.7313432835820896,0.37037037037037035,0.37037037037037035,False,False,True
C1=CC(=CC=C1C2C(C(=O)N2C3=CC=C(C=C3)F)CCC(C4=CC=C(C=C4)F)O)O,CN(C)CCC1=CNC2=C1C=C(C=C2)CN3C=NC=N3,1,reported_twosides,0.14447684586048126,0.14204910786623284,0.14204910786623284,fitted,platt_logistic_regression,0.5234977964951845,0,0.40866584364855507,0.4731457800511509,0.023017902813299233,no_interaction,1,False,0.25,0.5272727272727272,0.25,False,False,True
CN1C2CCCC1CC(C2)NC(=O)C3=NN(C4=CC=CC=C43)C,CN1CCN2C(C1)C3=CC=CC=C3CC4=C2N=CC=C4,0,unreported_twosides_sampled,0.8125365376472473,0.7002147419348369,0.7002147419348369,fitted,platt_logistic_regression,0.5234977964951845,1,0.6106822418625208,0.07075873827791987,0.2830349531116795,interaction,1,False,0.3064516129032258,0.2833333333333333,0.2833333333333333,False,False,True
C1C(=O)NC(=O)N1N=CC2=CC=C(O2)[N+](=O)[O-],CC12CCC3C(C1CCC2C(=O)NC4=C(C=CC(=C4)C(F)(F)F)C(F)(F)F)CCC5C3(C=CC(=O)N5)C,0,unreported_twosides_sampled,0.6700217723846436,0.557216306390807,0.557216306390807,fitted,platt_logistic_regression,0.5234977964951845,1,0.6865854042168342,0.11508951406649616,0.17306052855924978,no_interaction|interaction,2,True,0.423728813559322,0.6417910447761194,0.423728813559322,False,False,False
C1=CC(=C(C=C1OC2=C(C=C(C=C2I)CC(C(=O)O)N)I)I)O,C1CC[N+]2(C1)C3CCC2CC(C3)OC(=O)C(C4=CC=CC=C4)(C5=CC=CC=C5)O,0,unreported_twosides_sampled,0.9999467134475708,0.9995370033567972,0.9995370033567972,fitted,platt_logistic_regression,0.5234977964951845,1,0.004017680790029911,0.0008525149190110827,0.9565217391304348,interaction,1,False,0.7441860465116279,0.4444444444444444,0.4444444444444444,False,False,False
CC12CCC3C(C1CCC2C(=O)NC4=C(C=CC(=C4)C(F)(F)F)C(F)(F)F)CCC5C3(C=CC(=O)N5)C,COC1=C(C=C2C(=C1)C(=NC(=N2)N3CCN(CC3)C(=O)C4=CC=CO4)N)OC,0,unreported_twosides_sampled,0.9743160605430603,0.9319826536448262,0.9319826536448262,fitted,platt_logistic_regression,0.5234977964951845,1,0.24847997909361447,0.008525149190110827,0.5959079283887468,interaction,1,False,0.6417910447761194,0.5882352941176471,0.5882352941176471,False,False,False
C1=NNC2=C1NC=NC2=O,CC(C)CC(C1(CCC1)C2=CC=C(C=C2)Cl)N(C)C,1,reported_twosides,0.4795532822608948,0.3978263428631872,0.3978263428631872,fitted,platt_logistic_regression,0.5234977964951845,0,0.6721204755993995,0.20630861040068202,0.0988917306052856,no_interaction,1,False,0.28205128205128205,0.27419354838709675,0.27419354838709675,False,False,True
C1CC2CN(C(=O)C3=CC=CC(=C23)C1)C4CN5CCC4CC5,CN(C)CC1CCCCC1(C2=CC(=CC=C2)OC)O,0,unreported_twosides_sampled,0.9914519786834717,0.9715029492454886,0.9715029492454886,fitted,platt_logistic_regression,0.5234977964951845,1,0.1294783119794731,0.0034100596760443308,0.7152600170502984,interaction,1,False,0.30303030303030304,0.37037037037037035,0.30303030303030304,False,False,True
CC(C)(C1=CC=C(C=C1)C(CCCN2CCC(CC2)C(C3=CC=CC=C3)(C4=CC=CC=C4)O)O)C(=O)O,CCCCCCCCCCCC(CC1C(C(=O)O1)CCCCCC)OC(=O)C(CC(C)C)NC=O,1,reported_twosides,0.39107823371887207,0.32983897930483425,0.32983897930483425,fitted,platt_logistic_regression,0.5234977964951845,0,0.6340645446236884,0.257459505541347,0.0784313725490196,no_interaction,1,False,0.3442622950819672,0.30666666666666664,0.30666666666666664,False,False,True
C1CC2CN(C(=O)C3=CC=CC(=C23)C1)C4CN5CCC4CC5,CNS(=O)(=O)CCC1=CC2=C(C=C1)NC=C2C3CCN(CC3)C,0,unreported_twosides_sampled,0.45070722699165344,0.3753993486575838,0.3753993486575838,fitted,platt_logistic_regression,0.5234977964951845,0,0.661766895510738,0.22506393861892582,0.08951406649616368,no_interaction,1,False,0.30303030303030304,0.4492753623188406,0.30303030303030304,False,False,True
C(CS(=O)(=O)O)S,C1=CC(=C(C=C1OC2=C(C=C(C=C2I)CC(C(=O)O)N)I)I)O,0,unreported_twosides_sampled,0.9958831071853638,0.9841489880594477,0.9841489880594477,fitted,platt_logistic_regression,0.5234977964951845,1,0.08141958225956224,0.0025575447570332483,0.7817561807331628,interaction,1,False,0.3333333333333333,0.7441860465116279,0.3333333333333333,False,False,True
C(CS(=O)(=O)O)S,CC1COC2=C3N1C=C(C(=O)C3=CC(=C2N4CCN(CC4)C)F)C(=O)O,1,reported_twosides,0.5447106957435608,0.44978529703626613,0.44978529703626613,fitted,platt_logistic_regression,0.5234977964951845,0,0.6880956359918572,0.16709292412617222,0.11594202898550725,no_interaction|interaction,2,True,0.3333333333333333,0.4507042253521127,0.3333333333333333,False,False,True
CC1=CC2=C(C=C1C)N(C=N2)C3C(C(C(O3)CO)OP(=O)([O-])OC(C)CNC(=O)CCC4(C(C5C6(C(C(C(=N6)C(=C7C(C(C(=N7)C=C8C(C(C(=N8)C(=C4[N-]5)C)CCC(=O)N)(C)C)CCC(=O)N)(C)CC(=O)N)C)CCC(=O)N)(C)CC(=O)N)C)CC(=O)N)C)O.O.[Co],CC1=NN=C(S1)SCC2=C(N3C(C(C3=O)NC(=O)CN4C=NN=N4)SC2)C(=O)[O-],0,unreported_twosides_sampled,0.6146847009658813,0.5082804866488793,0.5082804866488793,fitted,platt_logistic_regression,0.5234977964951845,0,0.6930100413724939,0.1329923273657289,0.14151747655583974,no_interaction|interaction,2,True,0.8709677419354839,0.4574468085106383,0.4574468085106383,False,False,False
C1=CC(=C(C=C1OC2=C(C=C(C=C2I)CC(C(=O)O)N)I)I)O,CC12CCC3C(C1CCC2C(=O)NC4=C(C=CC(=C4)C(F)(F)F)C(F)(F)F)CCC5C3(C=CC(=O)N5)C,0,unreported_twosides_sampled,0.9999639987945557,0.9996636951682245,0.9996636951682245,fitted,platt_logistic_regression,0.5234977964951845,1,0.003025843668971938,0.0008525149190110827,0.9607843137254902,interaction,1,False,0.7441860465116279,0.6417910447761194,0.6417910447761194,False,False,False
C1=CC(=CC=C1C(=O)NC(CCC(=O)O)C(=O)O)NCC2=CN=C3C(=N2)C(=O)N=C(N3)N,CC#CCC(C)C(C=CC1C(CC2C1CC(=CCCCC(=O)O)C2)O)O,1,reported_twosides,0.49407902359962463,0.40924040603642214,0.40924040603642214,fitted,platt_logistic_regression,0.5234977964951845,0,0.6765808879998166,0.19607843137254902,0.10144927536231885,no_interaction|interaction,2,True,0.5256410256410257,0.35064935064935066,0.35064935064935066,False,False,True
C(CS(=O)(=O)O)S,CC(C)CC(C1(CCC1)C2=CC=C(C=C2)Cl)N(C)C,0,unreported_twosides_sampled,0.15437427163124084,0.14996917789139427,0.14996917789139427,fitted,platt_logistic_regression,0.5234977964951845,0,0.4226556200181645,0.45865302642796246,0.0247229326513214,no_interaction,1,False,0.3333333333333333,0.27419354838709675,0.27419354838709675,False,False,True
CNS(=O)(=O)CCC1=CC2=C(C=C1)NC=C2C3CCN(CC3)C,COC1=CC(=C(C=C1)OC)C(CNC(=O)CN)O,0,unreported_twosides_sampled,0.5935547947883606,0.4902648790288566,0.4902648790288566,fitted,platt_logistic_regression,0.5234977964951845,0,0.6929576234216941,0.1423699914748508,0.13128729752770674,no_interaction|interaction,2,True,0.4492753623188406,0.3137254901960784,0.3137254901960784,False,False,True
C(C(C(C(C(CO)O)O)O)O)O,CC1=NN=C(S1)SCC2=C(N3C(C(C3=O)NC(=O)CN4C=NN=N4)SC2)C(=O)[O-],1,reported_twosides,0.8259223103523254,0.715463095524605,0.715463095524605,fitted,platt_logistic_regression,0.5234977964951845,1,0.5971873660066513,0.0639386189258312,0.29923273657289,interaction,1,False,0.21739130434782608,0.4574468085106383,0.21739130434782608,False,False,True
CC1=CC(=CC=C1)CN2CCN(CC2)C(C3=CC=CC=C3)C4=CC=C(C=C4)Cl,CN(C)CCC1=CNC2=C1C=C(C=C2)CN3C=NC=N3,0,unreported_twosides_sampled,0.5446222424507141,0.4497133105268426,0.4497133105268426,fitted,platt_logistic_regression,0.5234977964951845,0,0.6880811174890783,0.16709292412617222,0.11594202898550725,no_interaction|interaction,2,True,0.5094339622641509,0.5272727272727272,0.5094339622641509,False,False,False
C1CN=C(N1)NC2=C(C=CC=C2Cl)Cl,CC(C)CC(C1(CCC1)C2=CC=C(C=C2)Cl)N(C)C,0,unreported_twosides_sampled,0.4946530759334564,0.4096932993909022,0.4096932993909022,fitted,platt_logistic_regression,0.5234977964951845,0,0.6767467238872061,0.19607843137254902,0.10144927536231885,no_interaction|interaction,2,True,0.5853658536585366,0.27419354838709675,0.27419354838709675,False,False,True
CC12CC(=O)C3C(C1CCC2(C(=O)CO)O)CCC4=CC(=O)C=CC34C,CC1=NN=C(S1)SCC2=C(N3C(C(C3=O)NC(=O)CN4C=NN=N4)SC2)C(=O)[O-],1,reported_twosides,0.9884621500968933,0.9638047643408406,0.9638047643408406,fitted,platt_logistic_regression,0.5234977964951845,1,0.1556578923297708,0.004262574595055414,0.6837169650468883,interaction,1,False,0.6896551724137931,0.4574468085106383,0.4574468085106383,False,False,False
CN(C)CC1CCCCC1(C2=CC(=CC=C2)OC)O,COC1=C(C=C2C(=C1)C(=NC(=N2)N3CCN(CC3)C(=O)C4=CC=CO4)N)OC,0,unreported_twosides_sampled,0.987642765045166,0.9617764039736656,0.9617764039736656,fitted,platt_logistic_regression,0.5234977964951845,1,0.16225695536543955,0.005115089514066497,0.6760443307757886,interaction,1,False,0.37037037037037035,0.5882352941176471,0.37037037037037035,False,False,True
C1=CC(=C(C=C1F)F)C(CN2C=NC=N2)(CN3C=NC=N3)O,CC1=CC2=C(C=C1C)N(C=N2)C3C(C(C(O3)CO)OP(=O)([O-])OC(C)CNC(=O)CCC4(C(C5C6(C(C(C(=N6)C(=C7C(C(C(=N7)C=C8C(C(C(=N8)C(=C4[N-]5)C)CCC(=O)N)(C)C)CCC(=O)N)(C)CC(=O)N)C)CCC(=O)N)(C)CC(=O)N)C)CC(=O)N)C)O.O.[Co],0,unreported_twosides_sampled,0.5519509315490723,0.4556927593250229,0.4556927593250229,fitted,platt_logistic_regression,0.5234977964951845,0,0.6892157626850132,0.16112531969309463,0.11764705882352941,no_interaction|interaction,2,True,0.5961538461538461,0.8709677419354839,0.5961538461538461,False,False,False
CC(C)C1=NC(=NC(=C1CCC(CC(CC(=O)O)O)O)C2=CC=C(C=C2)F)N(C)S(=O)(=O)C,CNC(=C[N+](=O)[O-])NCCSCC1=CC=C(O1)CN(C)C,1,reported_twosides,0.976423978805542,0.93638376936231,0.93638376936231,fitted,platt_logistic_regression,0.5234977964951845,1,0.23680389357708742,0.008525149190110827,0.6052855924978687,interaction,1,False,0.38461538461538464,0.603448275862069,0.38461538461538464,False,False,True
C1CC[N+]2(C1)C3CCC2CC(C3)OC(=O)C(C4=CC=CC=C4)(C5=CC=CC=C5)O,CC1=NN=C(S1)SCC2=C(N3C(C(C3=O)NC(=O)CN4C=NN=N4)SC2)C(=O)[O-],0,unreported_twosides_sampled,0.5389445424079895,0.4451017061745418,0.4451017061745418,fitted,platt_logistic_regression,0.5234977964951845,0,0.6871073656141087,0.17135549872122763,0.11508951406649616,no_interaction|interaction,2,True,0.4444444444444444,0.4574468085106383,0.4444444444444444,False,False,False
C1=NNC2=C1NC=NC2=O,CC1C(C(CC(O1)OC2CC(CC3=C2C(=C4C(=C3O)C(=O)C5=C(C4=O)C(=CC=C5)OC)O)(C(=O)CO)O)[NH3+])O,1,reported_twosides,0.4994141757488251,0.4134550463766386,0.4134550463766386,fitted,platt_logistic_regression,0.5234977964951845,0,0.6780914107755516,0.19522591645353793,0.10315430520034101,no_interaction|interaction,2,True,0.28205128205128205,0.23728813559322035,0.23728813559322035,False,False,True
C1NC2=CC(=C(C=C2S(=O)(=O)N1)S(=O)(=O)N)Cl,CNC(=C[N+](=O)[O-])NCCSCC1=CC=C(O1)CN(C)C,1,reported_twosides,0.19798392057418823,0.18411115836652867,0.18411115836652867,fitted,platt_logistic_regression,0.5234977964951845,0,0.47757051279787643,0.4100596760443308,0.03154305200341006,no_interaction,1,False,0.5454545454545454,0.603448275862069,0.5454545454545454,False,False,False
C1=NNC2=C1NC=NC2=O,CCCC1OC2CC3C4CCC5=CC(=O)C=CC5(C4C(CC3(C2(O1)C(=O)CO)C)O)C,1,reported_twosides,0.13098326325416565,0.13111858080007355,0.13111858080007355,fitted,platt_logistic_regression,0.5234977964951845,0,0.3885075642059871,0.4833759590792839,0.021312872975277068,no_interaction,1,False,0.28205128205128205,0.7313432835820896,0.28205128205128205,False,False,True
C1=CC(=C(C=C1F)F)C(CN2C=NC=N2)(CN3C=NC=N3)O,CCC(C)C(=O)OC1CC(C=C2C1C(C(C=C2)C)CCC3CC(CC(=O)O3)O)C,1,reported_twosides,0.9987277388572693,0.9938711937888517,0.9938711937888517,fitted,platt_logistic_regression,0.5234977964951845,1,0.03733475447772563,0.0008525149190110827,0.8618925831202046,interaction,1,False,0.5961538461538461,0.7424242424242424,0.5961538461538461,False,False,False
CC#CCC(C)C(C=CC1C(CC2C1CC(=CCCCC(=O)O)C2)O)O,CC1=NN=C(S1)SCC2=C(N3C(C(C3=O)NC(=O)CN4C=NN=N4)SC2)C(=O)[O-],0,unreported_twosides_sampled,0.4840508997440338,0.40135124700370717,0.40135124700370717,fitted,platt_logistic_regression,0.5234977964951845,0,0.6735557480512173,0.20119352088661552,0.09974424552429667,no_interaction,1,False,0.35064935064935066,0.4574468085106383,0.35064935064935066,False,False,True
C1CCC(CC1)(CC(=O)O)CN,CC1=CC(=CC=C1)CN2CCN(CC2)C(C3=CC=CC=C3)C4=CC=C(C=C4)Cl,1,reported_twosides,0.31943562626838684,0.2759448619948571,0.2759448619948571,fitted,platt_logistic_regression,0.5234977964951845,0,0.589082489779619,0.31202046035805625,0.060528559249786874,no_interaction,1,False,0.26666666666666666,0.5094339622641509,0.26666666666666666,False,False,True
C1=CC(=CC=C1C(=O)NC(CCC(=O)O)C(=O)O)NCC2=CN=C3C(=N2)C(=O)N=C(N3)N,CC(C)C(C(=O)OCC(CO)OCN1C=NC2=C1NC(=NC2=O)N)N,1,reported_twosides,0.6973705887794495,0.5825044316866982,0.5825044316866982,fitted,platt_logistic_regression,0.5234977964951845,1,0.6794707552320809,0.10485933503836317,0.1926683716965047,no_interaction|interaction,2,True,0.5256410256410257,0.7307692307692307,0.5256410256410257,False,False,False
C1CCC(CC1)(CC(=O)O)CN,CC#CCC(C)C(C=CC1C(CC2C1CC(=CCCCC(=O)O)C2)O)O,1,reported_twosides,0.574953556060791,0.47466912959662955,0.47466912959662955,fitted,platt_logistic_regression,0.5234977964951845,0,0.6918633250467108,0.15089514066496162,0.12446717817561807,no_interaction|interaction,2,True,0.26666666666666666,0.35064935064935066,0.26666666666666666,False,False,True
CC(C)CC(C1(CCC1)C2=CC=C(C=C2)Cl)N(C)C,CC1=CC(=CC=C1)CN2CCN(CC2)C(C3=CC=CC=C3)C4=CC=C(C=C4)Cl,0,unreported_twosides_sampled,0.9265947937965393,0.8481455662277596,0.8481455662277596,fitted,platt_logistic_regression,0.5234977964951845,1,0.4259123500819567,0.02557544757033248,0.4560954816709292,interaction,1,False,0.27419354838709675,0.5094339622641509,0.27419354838709675,False,False,True
C1=CC(=CC=C1C2C(C(=O)N2C3=CC=C(C=C3)F)CCC(C4=CC=C(C=C4)F)O)O,CC1=CC(=CC=C1)CN2CCN(CC2)C(C3=CC=CC=C3)C4=CC=C(C=C4)Cl,1,reported_twosides,0.5733528733253479,0.4733378939854421,0.4733378939854421,fitted,platt_logistic_regression,0.5234977964951845,0,0.6917247702206096,0.1526001705029838,0.12446717817561807,no_interaction|interaction,2,True,0.25,0.5094339622641509,0.25,False,False,True
C1CN=C(N1)NC2=C(C=CC=C2Cl)Cl,CC1=CN(C(=O)NC1=O)C2CC(C(O2)CO)N=[N+]=[N-],1,reported_twosides,0.013814275152981281,0.021273324176889076,0.021273324176889076,fitted,platt_logistic_regression,0.5234977964951845,0,0.10295413454852846,0.7493606138107417,0.0025575447570332483,no_interaction,1,False,0.5853658536585366,0.7083333333333334,0.5853658536585366,False,False,False
C1CC[N+]2(C1)C3CCC2CC(C3)OC(=O)C(C4=CC=CC=C4)(C5=CC=CC=C5)O,CCCCCCCCCCCC(CC1C(C(=O)O1)CCCCCC)OC(=O)C(CC(C)C)NC=O,0,unreported_twosides_sampled,0.6754512190818787,0.5621729542949709,0.5621729542949709,fitted,platt_logistic_regression,0.5234977964951845,1,0.6853961812795492,0.11253196930946291,0.1773231031543052,no_interaction|interaction,2,True,0.4444444444444444,0.30666666666666664,0.30666666666666664,False,False,True
C1CC2CN(C(=O)C3=CC=CC(=C23)C1)C4CN5CCC4CC5,CC#CCC(C)C(C=CC1C(CC2C1CC(=CCCCC(=O)O)C2)O)O,0,unreported_twosides_sampled,0.564602255821228,0.4660892292131339,0.4660892292131339,fitted,platt_logistic_regression,0.5234977964951845,0,0.6908455334066919,0.1568627450980392,0.12020460358056266,no_interaction|interaction,2,True,0.30303030303030304,0.35064935064935066,0.30303030303030304,False,False,True
C1CCC(CC1)(CC(=O)O)CN,CC1=NN=C(S1)SCC2=C(N3C(C(C3=O)NC(=O)CN4C=NN=N4)SC2)C(=O)[O-],1,reported_twosides,0.8452214002609253,0.7382206308280227,0.7382206308280227,fitted,platt_logistic_regression,0.5234977964951845,1,0.5749098654065995,0.05370843989769821,0.32225063938618925,interaction,1,False,0.26666666666666666,0.4574468085106383,0.26666666666666666,False,False,True
C1=CC(=CC=C1C2C(C(=O)N2C3=CC=C(C=C3)F)CCC(C4=CC=C(C=C4)F)O)O,CCCC1OC2CC3C4CCC5=CC(=O)C=CC5(C4C(CC3(C2(O1)C(=O)CO)C)O)C,1,reported_twosides,0.04880079627037048,0.05896470913614538,0.05896470913614538,fitted,platt_logistic_regression,0.5234977964951845,0,0.2241093295040101,0.6163682864450127,0.0068201193520886615,no_interaction,1,False,0.25,0.7313432835820896,0.25,False,False,True
C1=CC(=C(C=C1F)F)C(CN2C=NC=N2)(CN3C=NC=N3)O,CN(C)CCC1=CNC2=C1C=C(C=C2)CN3C=NC=N3,1,reported_twosides,0.3879125118255615,0.3274433212118542,0.3274433212118542,fitted,platt_logistic_regression,0.5234977964951845,0,0.6323532324993595,0.26427962489343565,0.07757885763000852,no_interaction,1,False,0.5961538461538461,0.5272727272727272,0.5272727272727272,False,False,False
CC1C(C(CC(O1)OC2CC(CC3=C2C(=C4C(=C3O)C(=O)C5=C(C4=O)C(=CC=C5)OC)O)(C(=O)CO)O)[NH3+])O,CN(C)CCC1=CNC2=C1C=C(C=C2)CN3C=NC=N3,1,reported_twosides,0.09798163175582886,0.10356211677377265,0.10356211677377265,fitted,platt_logistic_regression,0.5234977964951845,0,0.3328399821239457,0.525149190110827,0.017902813299232736,no_interaction,1,False,0.23728813559322035,0.5272727272727272,0.23728813559322035,False,False,True
C1=CC(=C(C=C1F)F)C(CN2C=NC=N2)(CN3C=NC=N3)O,CCCC(C)(COC(=O)N)COC(=O)NC(C)C,1,reported_twosides,0.6748807430267334,0.5616507248128042,0.5616507248128042,fitted,platt_logistic_regression,0.5234977964951845,1,0.6855261771604444,0.11253196930946291,0.17647058823529413,no_interaction|interaction,2,True,0.5961538461538461,0.2926829268292683,0.2926829268292683,False,False,True
CC1=NN=C(S1)SCC2=C(N3C(C(C3=O)NC(=O)CN4C=NN=N4)SC2)C(=O)[O-],CNC(=C[N+](=O)[O-])NCCSCC1=CC=C(O1)CN(C)C,1,reported_twosides,0.267652690410614,0.23708591457586745,0.23708591457586745,fitted,platt_logistic_regression,0.5234977964951845,0,0.5476975783961799,0.34697357203751067,0.0494458653026428,no_interaction,1,False,0.4574468085106383,0.603448275862069,0.4574468085106383,False,False,False
C1NC2=CC(=C(C=C2S(=O)(=O)N1)S(=O)(=O)N)Cl,CC(C)C1=NC(=NC(=C1CCC(CC(CC(=O)O)O)O)C2=CC=C(C=C2)F)N(C)S(=O)(=O)C,1,reported_twosides,0.9880512952804565,0.9627838130770527,0.9627838130770527,fitted,platt_logistic_regression,0.5234977964951845,1,0.1589938085079912,0.004262574595055414,0.6820119352088662,interaction,1,False,0.5454545454545454,0.38461538461538464,0.38461538461538464,False,False,True
C1=CC(=C(C=C1F)F)C(CN2C=NC=N2)(CN3C=NC=N3)O,CC1C(C(CC(O1)OC2CC(CC3=C2C(=C4C(=C3O)C(=O)C5=C(C4=O)C(=CC=C5)OC)O)(C(=O)CO)O)[NH3+])O,1,reported_twosides,0.48163551092147827,0.3994572363554244,0.3994572363554244,fitted,platt_logistic_regression,0.5234977964951845,0,0.6727909814626414,0.20460358056265984,0.0988917306052856,no_interaction,1,False,0.5961538461538461,0.23728813559322035,0.23728813559322035,False,False,True
CC(C)C(C(=O)OCC(CO)OCN1C=NC2=C1NC(=NC2=O)N)N,CC1=C(C(=O)N2CCCCC2=N1)CCN3CCC(CC3)C4=NOC5=C4C=CC(=C5)F,1,reported_twosides,0.002732552820816636,0.005711583563777595,0.005711583563777595,fitted,platt_logistic_regression,0.5234977964951845,0,0.03519704951793434,0.8695652173913043,0.0008525149190110827,no_interaction,1,False,0.7307692307692307,0.7464788732394366,0.7307692307692307,False,False,False
C1CCC(CC1)(CC(=O)O)CN,C1CN=C(N1)NC2=C(C=CC=C2Cl)Cl,1,reported_twosides,0.22662638127803802,0.20605351569964708,0.20605351569964708,fitted,platt_logistic_regression,0.5234977964951845,0,0.5086807149992746,0.38277919863597615,0.03836317135549872,no_interaction,1,False,0.26666666666666666,0.5853658536585366,0.26666666666666666,False,False,True
C1=CC(=CC=C1C2C(C(=O)N2C3=CC=C(C=C3)F)CCC(C4=CC=C(C=C4)F)O)O,CC(C)(C1=CC=C(C=C1)C(CCCN2CCC(CC2)C(C3=CC=CC=C3)(C4=CC=CC=C4)O)O)C(=O)O,1,reported_twosides,0.3778934180736542,0.31987308440011336,0.31987308440011336,fitted,platt_logistic_regression,0.5234977964951845,0,0.6267737551574806,0.26768968456947995,0.07672634271099744,no_interaction,1,False,0.25,0.3442622950819672,0.25,False,False,True
C1CN=C(N1)NC2=C(C=CC=C2Cl)Cl,CC(C)(C)NCC(COC1=NSN=C1N2CCOCC2)O,1,reported_twosides,0.2623108923435211,0.23306367777056447,0.23306367777056447,fitted,platt_logistic_regression,0.5234977964951845,0,0.5429518000831568,0.35038363171355497,0.04688832054560955,no_interaction,1,False,0.5853658536585366,0.4,0.4,False,False,False
C1NC2=CC(=C(C=C2S(=O)(=O)N1)S(=O)(=O)N)Cl,CC1=CC(=CC=C1)CN2CCN(CC2)C(C3=CC=CC=C3)C4=CC=C(C=C4)Cl,1,reported_twosides,0.45918482542037964,0.38195974067282185,0.38195974067282185,fitted,platt_logistic_regression,0.5234977964951845,0,0.6650153688847834,0.21994884910485935,0.0937766410912191,no_interaction,1,False,0.5454545454545454,0.5094339622641509,0.5094339622641509,False,False,False
CC1=C(C(=O)N2CCCCC2=N1)CCN3CCC(CC3)C4=NOC5=C4C=CC(=C5)F,CCCC1OC2CC3C4CCC5=CC(=O)C=CC5(C4C(CC3(C2(O1)C(=O)CO)C)O)C,1,reported_twosides,0.009041722863912582,0.015091433975793786,0.015091433975793786,fitted,platt_logistic_regression,0.5234977964951845,0,0.0782648408917691,0.7902813299232737,0.0025575447570332483,no_interaction,1,False,0.7464788732394366,0.7313432835820896,0.7313432835820896,False,False,False
C1CCC(CC1)(CC(=O)O)CN,CN1C=NC2=C1C(=O)N(C(=O)N2C)C,0,unreported_twosides_sampled,0.5591617822647095,0.46160660823153055,0.46160660823153055,fitted,platt_logistic_regression,0.5234977964951845,0,0.6901961715347056,0.1585677749360614,0.1184995737425405,no_interaction|interaction,2,True,0.26666666666666666,0.47058823529411764,0.26666666666666666,False,False,True
CC12CCC3C(C1CCC2C(=O)NC4=C(C=CC(=C4)C(F)(F)F)C(F)(F)F)CCC5C3(C=CC(=O)N5)C,CC1=CC(=CC=C1)CN2CCN(CC2)C(C3=CC=CC=C3)C4=CC=C(C=C4)Cl,1,reported_twosides,0.39066895842552185,0.32952915494612234,0.32952915494612234,fitted,platt_logistic_regression,0.5234977964951845,0,0.633844688813633,0.257459505541347,0.0784313725490196,no_interaction,1,False,0.6417910447761194,0.5094339622641509,0.5094339622641509,False,False,False
C1C(=O)NC(=O)N1N=CC2=CC=C(O2)[N+](=O)[O-],C1NC2=CC(=C(C=C2S(=O)(=O)N1)S(=O)(=O)N)Cl,1,reported_twosides,0.5883931517601013,0.4859134668198232,0.4859134668198232,fitted,platt_logistic_regression,0.5234977964951845,0,0.6927502672096906,0.14578005115089515,0.12958226768968456,no_interaction|interaction,2,True,0.423728813559322,0.5454545454545454,0.423728813559322,False,False,False
C1CN=C(N1)NC2=C(C=CC=C2Cl)Cl,CN(C)CCC1=CNC2=C1C=C(C=C2)CN3C=NC=N3,1,reported_twosides,0.699118971824646,0.5841493650766841,0.5841493650766841,fitted,platt_logistic_regression,0.5234977964951845,1,0.6789173238419923,0.10400682011935208,0.19437340153452684,no_interaction|interaction,2,True,0.5853658536585366,0.5272727272727272,0.5272727272727272,False,False,False
CC(C)CC(C1(CCC1)C2=CC=C(C=C2)Cl)N(C)C,CN1CCN2C(C1)C3=CC=CC=C3CC4=C2N=CC=C4,0,unreported_twosides_sampled,0.6655448079109192,0.5531517548474641,0.5531517548474641,fitted,platt_logistic_regression,0.5234977964951845,1,0.6874862724230054,0.11594202898550725,0.16965046888320545,no_interaction|interaction,2,True,0.27419354838709675,0.2833333333333333,0.27419354838709675,False,False,True
C(C(C(C(C(CO)O)O)O)O)O,CC1COC2=C3N1C=C(C(=O)C3=CC(=C2N4CCN(CC4)C)F)C(=O)O,1,reported_twosides,0.4758378267288208,0.3949204686300905,0.3949204686300905,fitted,platt_logistic_regression,0.5234977964951845,0,0.6708982638846894,0.20801364023870417,0.09803921568627451,no_interaction,1,False,0.21739130434782608,0.4507042253521127,0.21739130434782608,False,False,True
C1CCC(CC1)(CC(=O)O)CN,CC(C)CN1C=NC2=C1C3=CC=CC=C3N=C2N,0,unreported_twosides_sampled,0.5506715178489685,0.4546466672240693,0.4546466672240693,fitted,platt_logistic_regression,0.5234977964951845,0,0.6890276710713003,0.1628303495311168,0.11764705882352941,no_interaction|interaction,2,True,0.26666666666666666,0.2727272727272727,0.26666666666666666,False,False,True
C(CS(=O)(=O)O)S,C1=NNC2=C1NC=NC2=O,1,reported_twosides,0.45579415559768677,0.37933296317093296,0.37933296317093296,fitted,platt_logistic_regression,0.5234977964951845,0,0.6637366353879881,0.22250639386189258,0.09292412617220801,no_interaction,1,False,0.3333333333333333,0.28205128205128205,0.28205128205128205,False,False,True
CCC(C)C(=O)OC1CC(C=C2C1C(C(C=C2)C)CCC3CC(CC(=O)O3)O)C,CCN(CCCC(C)NC1=C2C=CC(=CC2=NC=C1)Cl)CCO,1,reported_twosides,0.2255338728427887,0.2052216483791575,0.2052216483791575,fitted,platt_logistic_regression,0.5234977964951845,0,0.507556508597401,0.3853367433930094,0.03751065643648764,no_interaction,1,False,0.7424242424242424,0.86,0.7424242424242424,False,False,False
CC1=CN(C(=O)NC1=O)C2CC(C(O2)CO)N=[N+]=[N-],CN1C2CCCC1CC(C2)NC(=O)C3=NN(C4=CC=CC=C43)C,0,unreported_twosides_sampled,0.01454923301935196,0.022184779526633575,0.022184779526633575,fitted,platt_logistic_regression,0.5234977964951845,0,0.10642423628887851,0.7442455242966752,0.0025575447570332483,no_interaction,1,False,0.7083333333333334,0.3064516129032258,0.3064516129032258,False,False,True
C1=CC(=C(C=C1OC2=C(C=C(C=C2I)CC(C(=O)O)N)I)I)O,C1=CC(=CC=C1C(=O)NC(CCC(=O)O)C(=O)O)NCC2=CN=C3C(=N2)C(=O)N=C(N3)N,1,reported_twosides,0.9999891519546509,0.9998735477529545,0.9998735477529545,fitted,platt_logistic_regression,0.5234977964951845,1,0.0012614348335866056,0.0008525149190110827,0.9744245524296675,interaction,1,False,0.7441860465116279,0.5256410256410257,0.5256410256410257,False,False,False
CC1C(C(CC(O1)OC2CC(CC3=C2C(=C4C(=C3O)C(=O)C5=C(C4=O)C(=CC=C5)OC)O)(C(=O)CO)O)[NH3+])O,CCCC1OC2CC3C4CCC5=CC(=O)C=CC5(C4C(CC3(C2(O1)C(=O)CO)C)O)C,1,reported_twosides,0.03942018747329712,0.049635190440743576,0.049635190440743576,fitted,platt_logistic_regression,0.5234977964951845,0,0.19743967971457713,0.6402387041773231,0.005967604433077579,no_interaction,1,False,0.23728813559322035,0.7313432835820896,0.23728813559322035,False,False,True
CC(C)(C)NCC(COC1=NSN=C1N2CCOCC2)O,CC1=C(C(=O)N2CCCCC2=N1)CCN3CCC(CC3)C4=NOC5=C4C=CC(=C5)F,1,reported_twosides,0.542619526386261,0.44808460040086245,0.44808460040086245,fitted,platt_logistic_regression,0.5234977964951845,0,0.6877470355853996,0.1679454390451833,0.11594202898550725,no_interaction|interaction,2,True,0.4,0.7464788732394366,0.4,False,False,False
CC1=CC(=CC=C1)CN2CCN(CC2)C(C3=CC=CC=C3)C4=CC=C(C=C4)Cl,CN(C)CC1CCCCC1(C2=CC(=CC=C2)OC)O,1,reported_twosides,0.9596401453018188,0.9034845447038418,0.9034845447038418,fitted,platt_logistic_regression,0.5234977964951845,1,0.3173584812654233,0.017050298380221655,0.5379369138959932,interaction,1,False,0.5094339622641509,0.37037037037037035,0.37037037037037035,False,False,True
CC(C)(C1=CC=C(C=C1)C(CCCN2CCC(CC2)C(C3=CC=CC=C3)(C4=CC=CC=C4)O)O)C(=O)O,CN1C2CCCC1CC(C2)NC(=O)C3=NN(C4=CC=CC=C43)C,1,reported_twosides,0.9652867317199707,0.9140610054433284,0.9140610054433284,fitted,platt_logistic_regression,0.5234977964951845,1,0.2930400601716633,0.013640238704177323,0.5592497868712702,interaction,1,False,0.3442622950819672,0.3064516129032258,0.3064516129032258,False,False,True
C1CC[N+]2(C1)C3CCC2CC(C3)OC(=O)C(C4=CC=CC=C4)(C5=CC=CC=C5)O,CCCC(C)(COC(=O)N)COC(=O)NC(C)C,0,unreported_twosides_sampled,0.5812182426452637,0.47989542747481534,0.47989542747481534,fitted,platt_logistic_regression,0.5234977964951845,0,0.6923385749158995,0.14919011082693948,0.12702472293265132,no_interaction|interaction,2,True,0.4444444444444444,0.2926829268292683,0.2926829268292683,False,False,True
C1=CC(=C(C=C1OC2=C(C=C(C=C2I)CC(C(=O)O)N)I)I)O,CN1CCN2C(C1)C3=CC=CC=C3CC4=C2N=CC=C4,1,reported_twosides,0.9999758005142212,0.9997567387158711,0.9997567387158711,fitted,platt_logistic_regression,0.5234977964951845,1,0.002267499927873277,0.0008525149190110827,0.9650468883205456,interaction,1,False,0.7441860465116279,0.2833333333333333,0.2833333333333333,False,False,True
C1CN(CCN1CCOCCO)C2=NC3=CC=CC=C3SC4=CC=CC=C42,CC1=C(C(=O)N2CCCCC2=N1)CCN3CCC(CC3)C4=NOC5=C4C=CC(=C5)F,1,reported_twosides,0.8051828145980835,0.6920081055649325,0.6920081055649325,fitted,platt_logistic_regression,0.5234977964951845,1,0.6174845030419862,0.0741687979539642,0.2770673486786019,interaction,1,False,0.423728813559322,0.7464788732394366,0.423728813559322,False,False,False
CC12CCC3C(C1CCC2C(=O)NC4=C(C=CC(=C4)C(F)(F)F)C(F)(F)F)CCC5C3(C=CC(=O)N5)C,CC1=CN(C(=O)NC1=O)C2CC(C(O2)CO)N=[N+]=[N-],0,unreported_twosides_sampled,0.03464636206626892,0.04472492551991279,0.04472492551991279,fitted,platt_logistic_regression,0.5234977964951845,0,0.1826798887459186,0.6547314578005116,0.005967604433077579,no_interaction,1,False,0.6417910447761194,0.7083333333333334,0.6417910447761194,False,False,False
CC(C)C1=NC(=NC(=C1CCC(CC(CC(=O)O)O)O)C2=CC=C(C=C2)F)N(C)S(=O)(=O)C,CC12CC(=O)C3C(C1CCC2(C(=O)CO)O)CCC4=CC(=O)C=CC34C,1,reported_twosides,0.9968151450157166,0.9871141970258202,0.9871141970258202,fitted,platt_logistic_regression,0.5234977964951845,1,0.06887665753309513,0.0025575447570332483,0.7996589940323956,interaction,1,False,0.38461538461538464,0.6896551724137931,0.38461538461538464,False,False,True
C(=O)(N)NO,CN(C)CC1CCCCC1(C2=CC(=CC=C2)OC)O,0,unreported_twosides_sampled,0.23089677095413208,0.20930181908065304,0.20930181908065304,fitted,platt_logistic_regression,0.5234977964951845,0,0.5130301626478048,0.38022165387894286,0.0392156862745098,no_interaction,1,False,0.20833333333333334,0.37037037037037035,0.20833333333333334,False,False,True
C1=CC(=CC=C1C2C(C(=O)N2C3=CC=C(C=C3)F)CCC(C4=CC=C(C=C4)F)O)O,C1CN=C(N1)NC2=C(C=CC=C2Cl)Cl,1,reported_twosides,0.41717132925987244,0.34966408089435075,0.34966408089435075,fitted,platt_logistic_regression,0.5234977964951845,0,0.6472384438971183,0.2412617220801364,0.08098891730605286,no_interaction,1,False,0.25,0.5853658536585366,0.25,False,False,True
C1CC2CN(C(=O)C3=CC=CC(=C23)C1)C4CN5CCC4CC5,CN(C)CCC1=CNC2=C1C=C(C=C2)CN3C=NC=N3,0,unreported_twosides_sampled,0.5378007292747498,0.44417481299039574,0.44417481299039574,fitted,platt_logistic_regression,0.5234977964951845,0,0.686901262851389,0.17306052855924978,0.11508951406649616,no_interaction|interaction,2,True,0.30303030303030304,0.5272727272727272,0.30303030303030304,False,False,True
C(CS(=O)(=O)O)S,CCCC(C)(COC(=O)N)COC(=O)NC(C)C,0,unreported_twosides_sampled,0.5856937170028687,0.4836451570973459,0.4836451570973459,fitted,platt_logistic_regression,0.5234977964951845,0,0.6926121233516555,0.1474850809889173,0.1287297527706735,no_interaction|interaction,2,True,0.3333333333333333,0.2926829268292683,0.2926829268292683,False,False,True
C1=CC(=CC=C1C(=O)NC(CCC(=O)O)C(=O)O)NCC2=CN=C3C(=N2)C(=O)N=C(N3)N,C1CC2CN(C(=O)C3=CC=CC(=C23)C1)C4CN5CCC4CC5,1,reported_twosides,0.4426896572113037,0.3692165669219405,0.3692165669219405,fitted,platt_logistic_regression,0.5234977964951845,0,0.6585374075098838,0.22847399829497017,0.08610400682011936,no_interaction,1,False,0.5256410256410257,0.30303030303030304,0.30303030303030304,False,False,True
C1=CC(=CC=C1C2C(C(=O)N2C3=CC=C(C=C3)F)CCC(C4=CC=C(C=C4)F)O)O,CN1CCN2C(C1)C3=CC=CC=C3CC4=C2N=CC=C4,1,reported_twosides,0.45585325360298157,0.3793787132686241,0.3793787132686241,fitted,platt_logistic_regression,0.5234977964951845,0,0.663759157395131,0.22250639386189258,0.09292412617220801,no_interaction,1,False,0.25,0.2833333333333333,0.25,False,False,True
CC(C)C1=NC(=NC(=C1CCC(CC(CC(=O)O)O)O)C2=CC=C(C=C2)F)N(C)S(=O)(=O)C,CN1CCN2C(C1)C3=CC=CC=C3CC4=C2N=CC=C4,1,reported_twosides,0.9997115731239319,0.9981667313890358,0.9981667313890358,fitted,platt_logistic_regression,0.5234977964951845,1,0.013384213049964486,0.0008525149190110827,0.9173060528559249,interaction,1,False,0.38461538461538464,0.2833333333333333,0.2833333333333333,False,False,True
C1=CC(=CC=C1C2C(C(=O)N2C3=CC=C(C=C3)F)CCC(C4=CC=C(C=C4)F)O)O,CC1COC2=C3N1C=C(C(=O)C3=CC(=C2N4CCN(CC4)C)F)C(=O)O,1,reported_twosides,0.7064536809921265,0.5910893737109614,0.5910893737109614,fitted,platt_logistic_regression,0.5234977964951845,1,0.6764595988106528,0.10144927536231885,0.19607843137254902,no_interaction|interaction,2,True,0.25,0.4507042253521127,0.25,False,False,True
C(C(C(C(C(CO)O)O)O)O)O,C1NC2=CC(=C(C=C2S(=O)(=O)N1)S(=O)(=O)N)Cl,0,unreported_twosides_sampled,0.6091037392616272,0.5034894319691952,0.5034894319691952,fitted,platt_logistic_regression,0.5234977964951845,0,0.6931228280913284,0.13384484228473997,0.13981244671781756,no_interaction|interaction,2,True,0.21739130434782608,0.5454545454545454,0.21739130434782608,False,False,True
C1CCC(CC1)(CC(=O)O)CN,CN(C)CCC1=CNC2=C1C=C(C=C2)CN3C=NC=N3,1,reported_twosides,0.5054118037223816,0.4182081020783734,0.4182081020783734,fitted,platt_logistic_regression,0.5234977964951845,0,0.6797070301063556,0.1926683716965047,0.10485933503836317,no_interaction|interaction,2,True,0.26666666666666666,0.5272727272727272,0.26666666666666666,False,False,True
CCCC(C)(COC(=O)N)COC(=O)NC(C)C,CN1CCN2C(C1)C3=CC=CC=C3CC4=C2N=CC=C4,1,reported_twosides,0.1702771633863449,0.16254761967126607,0.16254761967126607,fitted,platt_logistic_regression,0.5234977964951845,0,0.4438703710510541,0.4424552429667519,0.028985507246376812,no_interaction,1,False,0.2926829268292683,0.2833333333333333,0.2833333333333333,False,False,True
CC1=NN=C(S1)SCC2=C(N3C(C(C3=O)NC(=O)CN4C=NN=N4)SC2)C(=O)[O-],COC1=C(C=C2C(=C1)C(=NC(=N2)N3CCN(CC3)C(=O)C4=CC=CO4)N)OC,0,unreported_twosides_sampled,0.7697941064834595,0.6540153817702662,0.6540153817702662,fitted,platt_logistic_regression,0.5234977964951845,1,0.6449254613465831,0.08098891730605286,0.24467178175618073,interaction,1,False,0.4574468085106383,0.5882352941176471,0.4574468085106383,False,False,False
C(=O)(N)NO,CC(C)CN1C=NC2=C1C3=CC=CC=C3N=C2N,0,unreported_twosides_sampled,0.6732773780822754,0.5601847687499597,0.5601847687499597,fitted,platt_logistic_regression,0.5234977964951845,1,0.6858851717619531,0.113384484228474,0.17647058823529413,no_interaction|interaction,2,True,0.20833333333333334,0.2727272727272727,0.20833333333333334,False,False,True
C1CCC(CC1)(CC(=O)O)CN,CC1=CN(C(=O)NC1=O)C2CC(C(O2)CO)N=[N+]=[N-],1,reported_twosides,0.09854963421821594,0.10404847749109826,0.10404847749109826,fitted,platt_logistic_regression,0.5234977964951845,0,0.3338884015151934,0.525149190110827,0.017902813299232736,no_interaction,1,False,0.26666666666666666,0.7083333333333334,0.26666666666666666,False,False,True
CC(C)(C)NCC(COC1=NSN=C1N2CCOCC2)O,CN1CCN2C(C1)C3=CC=CC=C3CC4=C2N=CC=C4,1,reported_twosides,0.14863769710063934,0.14538801490171582,0.14538801490171582,fitted,platt_logistic_regression,0.5234977964951845,0,0.41462500475707087,0.4680306905370844,0.023870417732310314,no_interaction,1,False,0.4,0.2833333333333333,0.2833333333333333,False,False,True
CC(C=CC(C1CC1)O)C2CCC3C2(CCCC3=CC=C4CC(CC(C4=C)O)O)C,CCCC1OC2CC3C4CCC5=CC(=O)C=CC5(C4C(CC3(C2(O1)C(=O)CO)C)O)C,0,unreported_twosides_sampled,0.11758314073085785,0.12008714274442679,0.12008714274442679,fitted,platt_logistic_regression,0.5234977964951845,0,0.3670985811570868,0.49872122762148335,0.020460358056265986,no_interaction,1,False,0.6307692307692307,0.7313432835820896,0.6307692307692307,False,False,False
CC(C)C(C(=O)OCC(CO)OCN1C=NC2=C1NC(=NC2=O)N)N,CC1C(C(CC(O1)OC2CC(CC3=C2C(=C4C(=C3O)C(=O)C5=C(C4=O)C(=CC=C5)OC)O)(C(=O)CO)O)[NH3+])O,0,unreported_twosides_sampled,0.39432492852211,0.3322978903891101,0.3322978903891101,fitted,platt_logistic_regression,0.5234977964951845,0,0.6357940403658657,0.2566069906223359,0.0784313725490196,no_interaction,1,False,0.7307692307692307,0.23728813559322035,0.23728813559322035,False,False,True
CC(C)CN1C=NC2=C1C3=CC=CC=C3N=C2N,CN(C)CC1CCCCC1(C2=CC(=CC=C2)OC)O,0,unreported_twosides_sampled,0.91633540391922,0.8326260874519986,0.8326260874519986,fitted,platt_logistic_regression,0.5234977964951845,1,0.45169767852602705,0.028985507246376812,0.4339300937766411,interaction,1,False,0.2727272727272727,0.37037037037037035,0.2727272727272727,False,False,True
CC1=NN=C(S1)SCC2=C(N3C(C(C3=O)NC(=O)CN4C=NN=N4)SC2)C(=O)[O-],CCCC1OC2CC3C4CCC5=CC(=O)C=CC5(C4C(CC3(C2(O1)C(=O)CO)C)O)C,1,reported_twosides,0.20572063326835632,0.1900679304748532,0.1900679304748532,fitted,platt_logistic_regression,0.5234977964951845,0,0.4863214495508853,0.4032395566922421,0.03324808184143223,no_interaction,1,False,0.4574468085106383,0.7313432835820896,0.4574468085106383,False,False,False
CC12CCC3C(C1CCC2C(=O)NC4=C(C=CC(=C4)C(F)(F)F)C(F)(F)F)CCC5C3(C=CC(=O)N5)C,CN(C)CC1CCCCC1(C2=CC(=CC=C2)OC)O,1,reported_twosides,0.9046732187271118,0.8156995712101951,0.8156995712101951,fitted,platt_logistic_regression,0.5234977964951845,1,0.4778521677407598,0.03154305200341006,0.4100596760443308,interaction,1,False,0.6417910447761194,0.37037037037037035,0.37037037037037035,False,False,True
CC(C)(C1=CC=C(C=C1)C(CCCN2CCC(CC2)C(C3=CC=CC=C3)(C4=CC=CC=C4)O)O)C(=O)O,CN(C)CCC1=CNC2=C1C=C(C=C2)CN3C=NC=N3,1,reported_twosides,0.4124022424221039,0.34602911091727734,0.34602911091727734,fitted,platt_logistic_regression,0.5234977964951845,0,0.6449537870929156,0.24467178175618073,0.08098891730605286,no_interaction,1,False,0.3442622950819672,0.5272727272727272,0.3442622950819672,False,False,True
C1CC2CN(C(=O)C3=CC=CC(=C23)C1)C4CN5CCC4CC5,CC(C)(C1=CC=C(C=C1)C(CCCN2CCC(CC2)C(C3=CC=CC=C3)(C4=CC=CC=C4)O)O)C(=O)O,1,reported_twosides,0.7147181034088135,0.5989872983563626,0.5989872983563626,fitted,platt_logistic_regression,0.5234977964951845,1,0.6734201461969817,0.09974424552429667,0.20119352088661552,interaction,1,False,0.30303030303030304,0.3442622950819672,0.30303030303030304,False,False,True
C1C(=O)NC(=O)N1N=CC2=CC=C(O2)[N+](=O)[O-],CC(C)(C1=CC=C(C=C1)C(CCCN2CCC(CC2)C(C3=CC=CC=C3)(C4=CC=CC=C4)O)O)C(=O)O,1,reported_twosides,0.7463477253913879,0.630044153003552,0.630044153003552,fitted,platt_logistic_regression,0.5234977964951845,1,0.6589321775304708,0.08780903665814152,0.22847399829497017,interaction,1,False,0.423728813559322,0.3442622950819672,0.3442622950819672,False,False,True
C1NC2=CC(=C(C=C2S(=O)(=O)N1)S(=O)(=O)N)Cl,CC1=CC2=C(C=C1C)N(C=N2)C3C(C(C(O3)CO)OP(=O)([O-])OC(C)CNC(=O)CCC4(C(C5C6(C(C(C(=N6)C(=C7C(C(C(=N7)C=C8C(C(C(=N8)C(=C4[N-]5)C)CCC(=O)N)(C)C)CCC(=O)N)(C)CC(=O)N)C)CCC(=O)N)(C)CC(=O)N)C)CC(=O)N)C)O.O.[Co],0,unreported_twosides_sampled,0.3247182369232178,0.27990478101949723,0.27990478101949723,fitted,platt_logistic_regression,0.5234977964951845,0,0.5928633642876568,0.30861040068201195,0.061381074168797956,no_interaction,1,False,0.5454545454545454,0.8709677419354839,0.5454545454545454,False,False,False
CCCC1OC2CC3C4CCC5=CC(=O)C=CC5(C4C(CC3(C2(O1)C(=O)CO)C)O)C,CN(C)CCC1=CNC2=C1C=C(C=C2)CN3C=NC=N3,1,reported_twosides,0.014828388579189777,0.02252861054786079,0.02252861054786079,fitted,platt_logistic_regression,0.5234977964951845,0,0.10772323982530303,0.7416879795396419,0.0025575447570332483,no_interaction,1,False,0.7313432835820896,0.5272727272727272,0.5272727272727272,False,False,False
C(=O)(N)NO,CC1=C(C(=O)N2CCCCC2=N1)CCN3CCC(CC3)C4=NOC5=C4C=CC(=C5)F,1,reported_twosides,0.04106789454817772,0.051302581738087126,0.051302581738087126,fitted,platt_logistic_regression,0.5234977964951845,0,0.20233290062995768,0.6376811594202898,0.005967604433077579,no_interaction,1,False,0.20833333333333334,0.7464788732394366,0.20833333333333334,False,False,True
CCCC1OC2CC3C4CCC5=CC(=O)C=CC5(C4C(CC3(C2(O1)C(=O)CO)C)O)C,CNS(=O)(=O)CCC1=CC2=C(C=C1)NC=C2C3CCN(CC3)C,1,reported_twosides,0.0130631597712636,0.020332042459086805,0.020332042459086805,fitted,platt_logistic_regression,0.5234977964951845,0,0.09932856542763224,0.7544757033248082,0.0025575447570332483,no_interaction,1,False,0.7313432835820896,0.4492753623188406,0.4492753623188406,False,False,False
C1CC2CN(C(=O)C3=CC=CC(=C23)C1)C4CN5CCC4CC5,CCC(C)C(=O)OC1CC(C=C2C1C(C(C=C2)C)CCC3CC(CC(=O)O3)O)C,1,reported_twosides,0.9998552799224854,0.9989546874157205,0.9989546874157205,fitted,platt_logistic_regression,0.5234977964951845,1,0.008219205541586378,0.0008525149190110827,0.9360613810741688,interaction,1,False,0.30303030303030304,0.7424242424242424,0.30303030303030304,False,False,True
C1=CC(=C(C=C1C2=C(C=C(C=C2)F)F)C(=O)O)O,CCCC1OC2CC3C4CCC5=CC(=O)C=CC5(C4C(CC3(C2(O1)C(=O)CO)C)O)C,0,unreported_twosides_sampled,0.12320400774478912,0.12473783565534659,0.12473783565534659,fitted,platt_logistic_regression,0.5234977964951845,0,0.37625969861403474,0.4919011082693947,0.020460358056265986,no_interaction,1,False,0.43243243243243246,0.7313432835820896,0.43243243243243246,False,False,False
C1=CC(=CC=C1C(=O)NC(CCC(=O)O)C(=O)O)NCC2=CN=C3C(=N2)C(=O)N=C(N3)N,CN1C2CCCC1CC(C2)NC(=O)C3=NN(C4=CC=CC=C43)C,1,reported_twosides,0.7720340490341187,0.6563523405338476,0.6563523405338476,fitted,platt_logistic_regression,0.5234977964951845,1,0.6434253536347548,0.08013640238704177,0.24808184143222506,interaction,1,False,0.5256410256410257,0.3064516129032258,0.3064516129032258,False,False,True
CC(C=CC(C1CC1)O)C2CCC3C2(CCCC3=CC=C4CC(CC(C4=C)O)O)C,CC1=C(C(=O)N2CCCCC2=N1)CCN3CCC(CC3)C4=NOC5=C4C=CC(=C5)F,0,unreported_twosides_sampled,0.03466690704226494,0.04474632882456643,0.04474632882456643,fitted,platt_logistic_regression,0.5234977964951845,0,0.1827454089258695,0.6547314578005116,0.005967604433077579,no_interaction,1,False,0.6307692307692307,0.7464788732394366,0.6307692307692307,False,False,False
CCC(C)C(=O)OC1CC(C=C2C1C(C(C=C2)C)CCC3CC(CC(=O)O3)O)C,CN(C)CCC1=CNC2=C1C=C(C=C2)CN3C=NC=N3,0,unreported_twosides_sampled,0.9839388728141785,0.9529545096221356,0.9529545096221356,fitted,platt_logistic_regression,0.5234977964951845,1,0.18972221723078958,0.005967604433077579,0.6470588235294118,interaction,1,False,0.7424242424242424,0.5272727272727272,0.5272727272727272,False,False,False
CC1C(C(CC(O1)OC2CC(CC3=C2C(=C4C(=C3O)C(=O)C5=C(C4=O)C(=CC=C5)OC)O)(C(=O)CO)O)[NH3+])O,COC1=C(C=C2C(=C1)C(=NC(=N2)N3CCN(CC3)C(=O)C4=CC=CO4)N)OC,0,unreported_twosides_sampled,0.9425480365753174,0.873681179228041,0.873681179228041,fitted,platt_logistic_regression,0.5234977964951845,1,0.3793285407888056,0.021312872975277068,0.49104859335038364,interaction,1,False,0.23728813559322035,0.5882352941176471,0.23728813559322035,False,False,True
C1CC2CN(C(=O)C3=CC=CC(=C23)C1)C4CN5CCC4CC5,CC1C(C(CC(O1)OC2CC(CC3=C2C(=C4C(=C3O)C(=O)C5=C(C4=O)C(=CC=C5)OC)O)(C(=O)CO)O)[NH3+])O,1,reported_twosides,0.335191547870636,0.28775847298238366,0.28775847298238366,fitted,platt_logistic_regression,0.5234977964951845,0,0.6001324351978337,0.29838022165387895,0.06479113384484228,no_interaction,1,False,0.30303030303030304,0.23728813559322035,0.23728813559322035,False,False,True
C1=CC(=CC=C1C2C(C(=O)N2C3=CC=C(C=C3)F)CCC(C4=CC=C(C=C4)F)O)O,C1NC2=CC(=C(C=C2S(=O)(=O)N1)S(=O)(=O)N)Cl,1,reported_twosides,0.6157569885253906,0.509203785484215,0.509203785484215,fitted,platt_logistic_regression,0.5234977964951845,0,0.6929777516565325,0.13213981244671782,0.14151747655583974,no_interaction|interaction,2,True,0.25,0.5454545454545454,0.25,False,False,True
CC1C(C(CC(O1)OC2CC(CC3=C2C(=C4C(=C3O)C(=O)C5=C(C4=O)C(=CC=C5)OC)O)(C(=O)CO)O)[NH3+])O,CN(C)CC1CCCCC1(C2=CC(=CC=C2)OC)O,1,reported_twosides,0.605739414691925,0.5006128213378378,0.5006128213378378,fitted,platt_logistic_regression,0.5234977964951845,0,0.693146429459773,0.13469735720375106,0.13640238704177324,no_interaction|interaction,2,True,0.23728813559322035,0.37037037037037035,0.23728813559322035,False,False,True
CC#CCC(C)C(C=CC1C(CC2C1CC(=CCCCC(=O)O)C2)O)O,CC(C)C1=NC(=NC(=C1CCC(CC(CC(=O)O)O)O)C2=CC=C(C=C2)F)N(C)S(=O)(=O)C,1,reported_twosides,0.9991838335990906,0.9957265127232879,0.9957265127232879,fitted,platt_logistic_regression,0.5234977964951845,1,0.027577605268148134,0.0008525149190110827,0.8823529411764706,interaction,1,False,0.35064935064935066,0.38461538461538464,0.35064935064935066,False,False,True
CC1=CC2=C(C=C1C)N(C=N2)C3C(C(C(O3)CO)OP(=O)([O-])OC(C)CNC(=O)CCC4(C(C5C6(C(C(C(=N6)C(=C7C(C(C(=N7)C=C8C(C(C(=N8)C(=C4[N-]5)C)CCC(=O)N)(C)C)CCC(=O)N)(C)CC(=O)N)C)CCC(=O)N)(C)CC(=O)N)C)CC(=O)N)C)O.O.[Co],CC1COC2=C3N1C=C(C(=O)C3=CC(=C2N4CCN(CC4)C)F)C(=O)O,0,unreported_twosides_sampled,0.8010709285736084,0.6874691487882365,0.6874691487882365,fitted,platt_logistic_regression,0.5234977964951845,1,0.6211106972051841,0.07587382779198636,0.2728047740835465,interaction,1,False,0.8709677419354839,0.4507042253521127,0.4507042253521127,False,False,False
CCCCCCCCCCCC(CC1C(C(=O)O1)CCCCCC)OC(=O)C(CC(C)C)NC=O,COC1=CC(=C(C=C1)OC)C(CNC(=O)CN)O,0,unreported_twosides_sampled,0.7867443561553955,0.6719190757083636,0.6719190757083636,fitted,platt_logistic_regression,0.5234977964951845,1,0.6328112382676729,0.0784313725490196,0.2617220801364024,interaction,1,False,0.30666666666666664,0.3137254901960784,0.30666666666666664,False,False,True
C(C(C(C(C(CO)O)O)O)O)O,C1C(=O)NC(=O)N1N=CC2=CC=C(O2)[N+](=O)[O-],0,unreported_twosides_sampled,0.1191084086894989,0.12135266360252955,0.12135266360252955,fitted,platt_logistic_regression,0.5234977964951845,0,0.36961144364238824,0.49701619778346123,0.020460358056265986,no_interaction,1,False,0.21739130434782608,0.423728813559322,0.21739130434782608,False,False,True
C1NC2=CC(=C(C=C2S(=O)(=O)N1)S(=O)(=O)N)Cl,CC(C)(C1=CC=C(C=C1)C(CCCN2CCC(CC2)C(C3=CC=CC=C3)(C4=CC=CC=C4)O)O)C(=O)O,1,reported_twosides,0.5560834407806396,0.4590781861990517,0.4590781861990517,fitted,platt_logistic_regression,0.5234977964951845,0,0.6897942417923075,0.15942028985507245,0.1184995737425405,no_interaction|interaction,2,True,0.5454545454545454,0.3442622950819672,0.3442622950819672,False,False,True
C(CS(=O)(=O)O)S,C1=CC(=CC=C1C(=O)NC(CCC(=O)O)C(=O)O)NCC2=CN=C3C(=N2)C(=O)N=C(N3)N,1,reported_twosides,0.6454054117202759,0.5351081429875932,0.5351081429875932,fitted,platt_logistic_regression,0.5234977964951845,1,0.6906799874695109,0.12020460358056266,0.1577152600170503,no_interaction|interaction,2,True,0.3333333333333333,0.5256410256410257,0.3333333333333333,False,False,True
CN(C)CC1CCCCC1(C2=CC(=CC=C2)OC)O,COC1=CC(=C(C=C1)OC)C(CNC(=O)CN)O,0,unreported_twosides_sampled,0.966215968132019,0.9158440201557733,0.9158440201557733,fitted,platt_logistic_regression,0.5234977964951845,1,0.28880418680257847,0.01278772378516624,0.5626598465473146,interaction,1,False,0.37037037037037035,0.3137254901960784,0.3137254901960784,False,False,True
CCC(C)C(=O)OC1CC(C=C2C1C(C(C=C2)C)CCC3CC(CC(=O)O3)O)C,CN1CCN2C(C1)C3=CC=CC=C3CC4=C2N=CC=C4,1,reported_twosides,0.9997454285621643,0.9983439800406076,0.9983439800406076,fitted,platt_logistic_regression,0.5234977964951845,1,0.012258703817586352,0.0008525149190110827,0.9198635976129582,interaction,1,False,0.7424242424242424,0.2833333333333333,0.2833333333333333,False,False,True
CC(C)C(C(=O)OCC(CO)OCN1C=NC2=C1NC(=NC2=O)N)N,CNC(=C[N+](=O)[O-])NCCSCC1=CC=C(O1)CN(C)C,1,reported_twosides,0.1016840711236,0.10672371620825484,0.10672371620825484,fitted,platt_logistic_regression,0.5234977964951845,0,0.3396101699591498,0.5174765558397272,0.017902813299232736,no_interaction,1,False,0.7307692307692307,0.603448275862069,0.603448275862069,False,False,False
C1CCC(CC1)(CC(=O)O)CN,CC(C)C1=NC(=NC(=C1CCC(CC(CC(=O)O)O)O)C2=CC=C(C=C2)F)N(C)S(=O)(=O)C,1,reported_twosides,0.9883303642272949,0.9634764123585502,0.9634764123585502,fitted,platt_logistic_regression,0.5234977964951845,1,0.1567339900028483,0.004262574595055414,0.6828644501278772,interaction,1,False,0.26666666666666666,0.38461538461538464,0.26666666666666666,False,False,True
C1CC2CN(C(=O)C3=CC=CC(=C23)C1)C4CN5CCC4CC5,C1NC2=CC(=C(C=C2S(=O)(=O)N1)S(=O)(=O)N)Cl,1,reported_twosides,0.7566444277763367,0.6404641696946394,0.6404641696946394,fitted,platt_logistic_regression,0.5234977964951845,1,0.65315066054221,0.08269394714407502,0.23358908780903667,interaction,1,False,0.30303030303030304,0.5454545454545454,0.30303030303030304,False,False,True
C1=CC(=C(C=C1OC2=C(C=C(C=C2I)CC(C(=O)O)N)I)I)O,COC1=C(C=C2C(=C1)C(=NC(=N2)N3CCN(CC3)C(=O)C4=CC=CO4)N)OC,0,unreported_twosides_sampled,0.999998927116394,0.9999808364329179,0.9999808364329179,fitted,platt_logistic_regression,0.5234977964951845,1,0.00022732762378626373,0.0008525149190110827,0.989769820971867,interaction,1,False,0.7441860465116279,0.5882352941176471,0.5882352941176471,False,False,False
C1=CC(=C(C=C1OC2=C(C=C(C=C2I)CC(C(=O)O)N)I)I)O,CC1=NN=C(S1)SCC2=C(N3C(C(C3=O)NC(=O)CN4C=NN=N4)SC2)C(=O)[O-],0,unreported_twosides_sampled,0.999221920967102,0.9958893304044456,0.9958893304044456,fitted,platt_logistic_regression,0.5234977964951845,1,0.026686924072495868,0.0008525149190110827,0.8849104859335039,interaction,1,False,0.7441860465116279,0.4574468085106383,0.4574468085106383,False,False,False
C1CC[N+]2(C1)C3CCC2CC(C3)OC(=O)C(C4=CC=CC=C4)(C5=CC=CC=C5)O,CCN(CCCC(C)NC1=C2C=CC(=CC2=NC=C1)Cl)CCO,0,unreported_twosides_sampled,0.02341832034289837,0.032598700050641694,0.032598700050641694,fitted,platt_logistic_regression,0.5234977964951845,0,0.14366258391617795,0.6965046888320545,0.004262574595055414,no_interaction,1,False,0.4444444444444444,0.86,0.4444444444444444,False,False,False
C(C(C(C(C(CO)O)O)O)O)O,CN1C2CCCC1CC(C2)NC(=O)C3=NN(C4=CC=CC=C43)C,1,reported_twosides,0.21444790065288544,0.1967594254093559,0.1967594254093559,fitted,platt_logistic_regression,0.5234977964951845,0,0.49587708251102725,0.39471440750213127,0.03751065643648764,no_interaction,1,False,0.21739130434782608,0.3064516129032258,0.21739130434782608,False,False,True
C1CN=C(N1)NC2=C(C=CC=C2Cl)Cl,CC1C(C(CC(O1)OC2CC(CC3=C2C(=C4C(=C3O)C(=O)C5=C(C4=O)C(=CC=C5)OC)O)(C(=O)CO)O)[NH3+])O,1,reported_twosides,0.642937421798706,0.532922932303991,0.532922932303991,fitted,platt_logistic_regression,0.5234977964951845,1,0.6909777723853203,0.12020460358056266,0.1568627450980392,no_interaction|interaction,2,True,0.5853658536585366,0.23728813559322035,0.23728813559322035,False,False,True
C(=O)(N)NO,CC1COC2=C3N1C=C(C(=O)C3=CC(=C2N4CCN(CC4)C)F)C(=O)O,1,reported_twosides,0.6732020378112793,0.5601159505477247,0.5601159505477247,fitted,platt_logistic_regression,0.5234977964951845,1,0.6859018100973621,0.113384484228474,0.17647058823529413,no_interaction|interaction,2,True,0.20833333333333334,0.4507042253521127,0.20833333333333334,False,False,True
CC(C=CC(C1CC1)O)C2CCC3C2(CCCC3=CC=C4CC(CC(C4=C)O)O)C,CC1=NN=C(S1)SCC2=C(N3C(C(C3=O)NC(=O)CN4C=NN=N4)SC2)C(=O)[O-],0,unreported_twosides_sampled,0.4346795082092285,0.3630592814884243,0.3630592814884243,fitted,platt_logistic_regression,0.5234977964951845,0,0.6551581098878139,0.2310315430520034,0.08439897698209718,no_interaction,1,False,0.6307692307692307,0.4574468085106383,0.4574468085106383,False,False,False
C(=O)(N)NO,C1CN=C(N1)NC2=C(C=CC=C2Cl)Cl,1,reported_twosides,0.4096744954586029,0.3439524949643003,0.3439524949643003,fitted,platt_logistic_regression,0.5234977964951845,0,0.6436224008886701,0.24808184143222506,0.08013640238704177,no_interaction,1,False,0.20833333333333334,0.5853658536585366,0.20833333333333334,False,False,True
C1=CC(=C(C=C1F)F)C(CN2C=NC=N2)(CN3C=NC=N3)O,CC1COC2=C3N1C=C(C(=O)C3=CC(=C2N4CCN(CC4)C)F)C(=O)O,1,reported_twosides,0.8799249529838562,0.7818732457188897,0.7818732457188897,fitted,platt_logistic_regression,0.5234977964951845,1,0.5245268118790383,0.040068201193520885,0.36658141517476556,interaction,1,False,0.5961538461538461,0.4507042253521127,0.4507042253521127,False,False,False
C1CC2CN(C(=O)C3=CC=CC(=C23)C1)C4CN5CCC4CC5,C1CN(CCN1CCOCCO)C2=NC3=CC=CC=C3SC4=CC=CC=C42,0,unreported_twosides_sampled,0.6834638714790344,0.5695442228926941,0.5695442228926941,fitted,platt_logistic_regression,0.5234977964951845,1,0.6834429511422258,0.11082693947144075,0.18329070758738278,no_interaction|interaction,2,True,0.30303030303030304,0.423728813559322,0.30303030303030304,False,False,True
C1CC[N+]2(C1)C3CCC2CC(C3)OC(=O)C(C4=CC=CC=C4)(C5=CC=CC=C5)O,CC1=CN(C(=O)NC1=O)C2CC(C(O2)CO)N=[N+]=[N-],0,unreported_twosides_sampled,0.0068147508427500725,0.011998936622521337,0.011998936622521337,fitted,platt_logistic_regression,0.5234977964951845,0,0.06499720344218574,0.8098891730605285,0.0025575447570332483,no_interaction,1,False,0.4444444444444444,0.7083333333333334,0.4444444444444444,False,False,False
C1CCC(CC1)(CC(=O)O)CN,CC(C=CC(C1CC1)O)C2CCC3C2(CCCC3=CC=C4CC(CC(C4=C)O)O)C,1,reported_twosides,0.5230038166046143,0.4322466777416309,0.4322466777416309,fitted,platt_logistic_regression,0.5234977964951845,0,0.6839378497088742,0.1824381926683717,0.11082693947144075,no_interaction|interaction,2,True,0.26666666666666666,0.6307692307692307,0.26666666666666666,False,False,True
CCC(C)C(=O)OC1CC(C=C2C1C(C(C=C2)C)CCC3CC(CC(=O)O3)O)C,CN(C)CC1CCCCC1(C2=CC(=CC=C2)OC)O,1,reported_twosides,0.9999867677688599,0.9998513081291174,0.9998513081291174,fitted,platt_logistic_regression,0.5234977964951845,1,0.0014591966000285514,0.0008525149190110827,0.9727195225916454,interaction,1,False,0.7424242424242424,0.37037037037037035,0.37037037037037035,False,False,True
CC1=NN=C(S1)SCC2=C(N3C(C(C3=O)NC(=O)CN4C=NN=N4)SC2)C(=O)[O-],CN(C)CC1CCCCC1(C2=CC(=CC=C2)OC)O,1,reported_twosides,0.5441133379936218,0.4492992309197455,0.4492992309197455,fitted,platt_logistic_regression,0.5234977964951845,0,0.687997197725561,0.16709292412617222,0.11594202898550725,no_interaction|interaction,2,True,0.4574468085106383,0.37037037037037035,0.37037037037037035,False,False,True
C(C(C(C(C(CO)O)O)O)O)O,CCC(C)C(=O)OC1CC(C=C2C1C(C(C=C2)C)CCC3CC(CC(=O)O3)O)C,0,unreported_twosides_sampled,0.8747475147247314,0.7751065727709393,0.7751065727709393,fitted,platt_logistic_regression,0.5234977964951845,1,0.5330320029464383,0.043478260869565216,0.3597612958226769,interaction,1,False,0.21739130434782608,0.7424242424242424,0.21739130434782608,False,False,True
CN(C)CC1CCCCC1(C2=CC(=CC=C2)OC)O,CN1CCN2C(C1)C3=CC=CC=C3CC4=C2N=CC=C4,1,reported_twosides,0.9825946688652039,0.9498737984096779,0.9498737984096779,fitted,platt_logistic_regression,0.5234977964951845,1,0.1988866687101471,0.005967604433077579,0.638533674339301,interaction,1,False,0.37037037037037035,0.2833333333333333,0.2833333333333333,False,False,True
C1C(=O)NC(=O)N1N=CC2=CC=C(O2)[N+](=O)[O-],CC1=NN=C(S1)SCC2=C(N3C(C(C3=O)NC(=O)CN4C=NN=N4)SC2)C(=O)[O-],0,unreported_twosides_sampled,0.7385047674179077,0.6222136295549132,0.6222136295549132,fitted,platt_logistic_regression,0.5234977964951845,1,0.6629700409703179,0.09207161125319693,0.22421142369991476,interaction,1,False,0.423728813559322,0.4574468085106383,0.423728813559322,False,False,False
C1=CC(=C(C=C1C2=C(C=C(C=C2)F)F)C(=O)O)O,CCCC(C)(COC(=O)N)COC(=O)NC(C)C,1,reported_twosides,0.17437739670276642,0.16576461047431834,0.16576461047431834,fitted,platt_logistic_regression,0.5234977964951845,0,0.4491064718519082,0.4390451832907076,0.028985507246376812,no_interaction,1,False,0.43243243243243246,0.2926829268292683,0.2926829268292683,False,False,True
CC(C)(C1=CC=C(C=C1)C(CCCN2CCC(CC2)C(C3=CC=CC=C3)(C4=CC=CC=C4)O)O)C(=O)O,CN1CCN2C(C1)C3=CC=CC=C3CC4=C2N=CC=C4,1,reported_twosides,0.700908899307251,0.5858370853734574,0.5858370853734574,fitted,platt_logistic_regression,0.5234977964951845,1,0.6783379197364523,0.10315430520034101,0.19437340153452684,no_interaction|interaction,2,True,0.3442622950819672,0.2833333333333333,0.2833333333333333,False,False,True
CCCC1OC2CC3C4CCC5=CC(=O)C=CC5(C4C(CC3(C2(O1)C(=O)CO)C)O)C,CCN(CCCC(C)NC1=C2C=CC(=CC2=NC=C1)Cl)CCO,1,reported_twosides,0.07022920995950699,0.07910478742111961,0.07910478742111961,fitted,platt_logistic_regression,0.5234977964951845,0,0.27657748900220624,0.5737425404944586,0.01278772378516624,no_interaction,1,False,0.7313432835820896,0.86,0.7313432835820896,False,False,False
CC(C)(C)NCC(COC1=NSN=C1N2CCOCC2)O,CN(C)CCC1=CNC2=C1C=C(C=C2)CN3C=NC=N3,0,unreported_twosides_sampled,0.10333141684532166,0.10812398868426105,0.10812398868426105,fitted,platt_logistic_regression,0.5234977964951845,0,0.34257501806568147,0.5140664961636828,0.01875532821824382,no_interaction,1,False,0.4,0.5272727272727272,0.4,False,False,False
C(C(C(C(C(CO)O)O)O)O)O,CCCC(C)(COC(=O)N)COC(=O)NC(C)C,0,unreported_twosides_sampled,0.7587502002716064,0.6426154126637824,0.6426154126637824,fitted,platt_logistic_regression,0.5234977964951845,1,0.6518985197144194,0.08184143222506395,0.23358908780903667,interaction,1,False,0.21739130434782608,0.2926829268292683,0.21739130434782608,False,False,True
C1CCC(CC1)(CC(=O)O)CN,CCCC1OC2CC3C4CCC5=CC(=O)C=CC5(C4C(CC3(C2(O1)C(=O)CO)C)O)C,1,reported_twosides,0.01479348074644804,0.022485684467223,0.022485684467223,fitted,platt_logistic_regression,0.5234977964951845,0,0.107561358784075,0.7416879795396419,0.0025575447570332483,no_interaction,1,False,0.26666666666666666,0.7313432835820896,0.26666666666666666,False,False,True
C1CC[N+]2(C1)C3CCC2CC(C3)OC(=O)C(C4=CC=CC=C4)(C5=CC=CC=C5)O,CC1COC2=C3N1C=C(C(=O)C3=CC(=C2N4CCN(CC4)C)F)C(=O)O,0,unreported_twosides_sampled,0.7115448117256165,0.5959447235388934,0.5959447235388934,fitted,platt_logistic_regression,0.5234977964951845,1,0.6746217172837141,0.10059676044330776,0.19863597612958228,no_interaction|interaction,2,True,0.4444444444444444,0.4507042253521127,0.4444444444444444,False,False,False
C(=O)(N)NO,C(C(C(C(C(CO)O)O)O)O)O,0,unreported_twosides_sampled,0.7750162482261658,0.659477090072229,0.659477090072229,fitted,platt_logistic_regression,0.5234977964951845,1,0.6413817119061709,0.0792838874680307,0.2514919011082694,interaction,1,False,0.20833333333333334,0.21739130434782608,0.20833333333333334,False,False,True
C1=CC(=CC=C1C2C(C(=O)N2C3=CC=C(C=C3)F)CCC(C4=CC=C(C=C4)F)O)O,C1CCC(CC1)(CC(=O)O)CN,1,reported_twosides,0.831743061542511,0.7222263848648838,0.7222263848648838,fitted,platt_logistic_regression,0.5234977964951845,1,0.5908382687796919,0.060528559249786874,0.3111679454390452,interaction,1,False,0.25,0.26666666666666666,0.25,False,False,True
CCN(CCCC(C)NC1=C2C=CC(=CC2=NC=C1)Cl)CCO,CN(C)CC1CCCCC1(C2=CC(=CC=C2)OC)O,1,reported_twosides,0.01126137375831604,0.01802954537432148,0.01802954537432148,fitted,platt_logistic_regression,0.5234977964951845,0,0.09026805629528756,0.7672634271099744,0.0025575447570332483,no_interaction,1,False,0.86,0.37037037037037035,0.37037037037037035,False,False,True
CC(C)(C1=CC=C(C=C1)C(CCCN2CCC(CC2)C(C3=CC=CC=C3)(C4=CC=CC=C4)O)O)C(=O)O,CCCC(C)(COC(=O)N)COC(=O)NC(C)C,1,reported_twosides,0.38574686646461487,0.3258055285920577,0.3258055285920577,fitted,platt_logistic_regression,0.5234977964951845,0,0.631168300883775,0.2651321398124467,0.07757885763000852,no_interaction,1,False,0.3442622950819672,0.2926829268292683,0.2926829268292683,False,False,True
C1=CC(=C(C=C1F)F)C(CN2C=NC=N2)(CN3C=NC=N3)O,CNC(=C[N+](=O)[O-])NCCSCC1=CC=C(O1)CN(C)C,1,reported_twosides,0.06556237488985062,0.07483146682931405,0.07483146682931405,fitted,platt_logistic_regression,0.5234977964951845,0,0.2659608515849151,0.5814151747655584,0.011082693947144074,no_interaction,1,False,0.5961538461538461,0.603448275862069,0.5961538461538461,False,False,False
C1=CC(=CC=C1C2C(C(=O)N2C3=CC=C(C=C3)F)CCC(C4=CC=C(C=C4)F)O)O,CC(C)CC(C1(CCC1)C2=CC=C(C=C2)Cl)N(C)C,1,reported_twosides,0.6545567512512207,0.5432595383723565,0.5432595383723565,fitted,platt_logistic_regression,0.5234977964951845,1,0.6893997217461586,0.11764705882352941,0.16027280477408354,no_interaction|interaction,2,True,0.25,0.27419354838709675,0.25,False,False,True
CCC(C)C(=O)OC1CC(C=C2C1C(C(C=C2)C)CCC3CC(CC(=O)O3)O)C,CCCCCCCCCCCC(CC1C(C(=O)O1)CCCCCC)OC(=O)C(CC(C)C)NC=O,1,reported_twosides,0.9984622001647949,0.9928523049496111,0.9928523049496111,fitted,platt_logistic_regression,0.5234977964951845,1,0.04243860273693239,0.0017050298380221654,0.8499573742540495,interaction,1,False,0.7424242424242424,0.30666666666666664,0.30666666666666664,False,False,True
C1CN(CCN1CCOCCO)C2=NC3=CC=CC=C3SC4=CC=CC=C42,CC(C)CC(C1(CCC1)C2=CC=C(C=C2)Cl)N(C)C,0,unreported_twosides_sampled,0.9107412099838257,0.8244181357231861,0.8244181357231861,fitted,platt_logistic_regression,0.5234977964951845,1,0.4646275055604122,0.030690537084398978,0.42284739982949704,interaction,1,False,0.423728813559322,0.27419354838709675,0.27419354838709675,False,False,True
C1=CC(=CC=C1C(=O)NC(CCC(=O)O)C(=O)O)NCC2=CN=C3C(=N2)C(=O)N=C(N3)N,CC(C)(C1=CC=C(C=C1)C(CCCN2CCC(CC2)C(C3=CC=CC=C3)(C4=CC=CC=C4)O)O)C(=O)O,1,reported_twosides,0.5090712308883667,0.42111621816928746,0.42111621816928746,fitted,platt_logistic_regression,0.5234977964951845,0,0.680649728985454,0.1926683716965047,0.10485933503836317,no_interaction|interaction,2,True,0.5256410256410257,0.3442622950819672,0.3442622950819672,False,False,True
C1=CC(=C(C=C1F)F)C(CN2C=NC=N2)(CN3C=NC=N3)O,CC(C)C1=NC(=NC(=C1CCC(CC(CC(=O)O)O)O)C2=CC=C(C=C2)F)N(C)S(=O)(=O)C,1,reported_twosides,0.9871742725372314,0.9606303004825623,0.9606303004825623,fitted,platt_logistic_regression,0.5234977964951845,1,0.16593581972552632,0.005115089514066497,0.6717817561807332,interaction,1,False,0.5961538461538461,0.38461538461538464,0.38461538461538464,False,False,True
C1=CC(=CC=C1C2C(C(=O)N2C3=CC=C(C=C3)F)CCC(C4=CC=C(C=C4)F)O)O,CC(C)C(C(=O)OCC(CO)OCN1C=NC2=C1NC(=NC2=O)N)N,0,unreported_twosides_sampled,0.6034563183784485,0.4986655563110046,0.4986655563110046,fitted,platt_logistic_regression,0.5234977964951845,0,0.693143619075799,0.13810741687979539,0.13469735720375106,no_interaction|interaction,2,True,0.25,0.7307692307692307,0.25,False,False,True
C1NC2=CC(=C(C=C2S(=O)(=O)N1)S(=O)(=O)N)Cl,CC1=CN(C(=O)NC1=O)C2CC(C(O2)CO)N=[N+]=[N-],1,reported_twosides,0.07669254392385483,0.0849372592695562,0.0849372592695562,fitted,platt_logistic_regression,0.5234977964951845,0,0.29066528804962355,0.5609548167092924,0.013640238704177323,no_interaction,1,False,0.5454545454545454,0.7083333333333334,0.5454545454545454,False,False,False
C1CN(CCN1CCOCCO)C2=NC3=CC=CC=C3SC4=CC=CC=C42,CC(C)(C1=CC=C(C=C1)C(CCCN2CCC(CC2)C(C3=CC=CC=C3)(C4=CC=CC=C4)O)O)C(=O)O,1,reported_twosides,0.6640105247497559,0.5517634148004545,0.5517634148004545,fitted,platt_logistic_regression,0.5234977964951845,1,0.6877786644491588,0.11594202898550725,0.1679454390451833,no_interaction|interaction,2,True,0.423728813559322,0.3442622950819672,0.3442622950819672,False,False,True
C1C(=O)NC(=O)N1N=CC2=CC=C(O2)[N+](=O)[O-],CCCC1OC2CC3C4CCC5=CC(=O)C=CC5(C4C(CC3(C2(O1)C(=O)CO)C)O)C,1,reported_twosides,0.006306952331215143,0.0112681990038952,0.0112681990038952,fitted,platt_logistic_regression,0.5234977964951845,0,0.061751030739972394,0.8158567774936062,0.0017050298380221654,no_interaction,1,False,0.423728813559322,0.7313432835820896,0.423728813559322,False,False,False
CC1=CC(=CC=C1)CN2CCN(CC2)C(C3=CC=CC=C3)C4=CC=C(C=C4)Cl,CCCC1OC2CC3C4CCC5=CC(=O)C=CC5(C4C(CC3(C2(O1)C(=O)CO)C)O)C,1,reported_twosides,0.3600318431854248,0.3064153335784847,0.3064153335784847,fitted,platt_logistic_regression,0.5234977964951845,0,0.6162024023580136,0.2770673486786019,0.07246376811594203,no_interaction,1,False,0.5094339622641509,0.7313432835820896,0.5094339622641509,False,False,False
C1=CC(=C(C=C1F)F)C(CN2C=NC=N2)(CN3C=NC=N3)O,CCCCCCCCCCCC(CC1C(C(=O)O1)CCCCCC)OC(=O)C(CC(C)C)NC=O,1,reported_twosides,0.4100125730037689,0.34420977633443217,0.34420977633443217,fitted,platt_logistic_regression,0.5234977964951845,0,0.6437883884414016,0.24808184143222506,0.08013640238704177,no_interaction,1,False,0.5961538461538461,0.30666666666666664,0.30666666666666664,False,False,True
C1CC[N+]2(C1)C3CCC2CC(C3)OC(=O)C(C4=CC=CC=C4)(C5=CC=CC=C5)O,CN1C2CCCC1CC(C2)NC(=O)C3=NN(C4=CC=CC=C43)C,0,unreported_twosides_sampled,0.8998122811317444,0.808844922132835,0.808844922132835,fitted,platt_logistic_regression,0.5234977964951845,1,0.48789351137564924,0.03324808184143223,0.40153452685422,interaction,1,False,0.4444444444444444,0.3064516129032258,0.3064516129032258,False,False,True
C1=CC(=C(C=C1F)F)C(CN2C=NC=N2)(CN3C=NC=N3)O,C1CC[N+]2(C1)C3CCC2CC(C3)OC(=O)C(C4=CC=CC=C4)(C5=CC=CC=C5)O,0,unreported_twosides_sampled,0.42518916726112366,0.35578815213491,0.35578815213491,fitted,platt_logistic_regression,0.5234977964951845,0,0.6509562846672587,0.236999147485081,0.08184143222506395,no_interaction,1,False,0.5961538461538461,0.4444444444444444,0.4444444444444444,False,False,False
C1=CC(=C(C=C1F)F)C(CN2C=NC=N2)(CN3C=NC=N3)O,CC(C)(C)NCC(COC1=NSN=C1N2CCOCC2)O,1,reported_twosides,0.46127262711524963,0.3835791508843681,0.3835791508843681,fitted,platt_logistic_regression,0.5234977964951845,0,0.6657891396733391,0.21909633418584826,0.0937766410912191,no_interaction,1,False,0.5961538461538461,0.4,0.4,False,False,False
C1NC2=CC(=C(C=C2S(=O)(=O)N1)S(=O)(=O)N)Cl,CCCC(C)(COC(=O)N)COC(=O)NC(C)C,1,reported_twosides,0.1995602399110794,0.1853268361280627,0.1853268361280627,fitted,platt_logistic_regression,0.5234977964951845,0,0.47937542813348394,0.4100596760443308,0.03154305200341006,no_interaction,1,False,0.5454545454545454,0.2926829268292683,0.2926829268292683,False,False,True
CC(C)(C1=CC=C(C=C1)C(CCCN2CCC(CC2)C(C3=CC=CC=C3)(C4=CC=CC=C4)O)O)C(=O)O,CC12CCC3C(C1CCC2C(=O)NC4=C(C=CC(=C4)C(F)(F)F)C(F)(F)F)CCC5C3(C=CC(=O)N5)C,1,reported_twosides,0.5999845862388611,0.4957119210462342,0.4957119210462342,fitted,platt_logistic_regression,0.5234977964951845,0,0.6931104048668985,0.13981244671781756,0.13384484228473997,no_interaction|interaction,2,True,0.3442622950819672,0.6417910447761194,0.3442622950819672,False,False,True
C1=CC(=C(C=C1C2=C(C=C(C=C2)F)F)C(=O)O)O,C1CN=C(N1)NC2=C(C=CC=C2Cl)Cl,0,unreported_twosides_sampled,0.797138512134552,0.6831606610047158,0.6831606610047158,fitted,platt_logistic_regression,0.5234977964951845,1,0.6244640456855461,0.07587382779198636,0.26854219948849106,interaction,1,False,0.43243243243243246,0.5853658536585366,0.43243243243243246,False,False,False
CC(C)(C1=CC=C(C=C1)C(CCCN2CCC(CC2)C(C3=CC=CC=C3)(C4=CC=CC=C4)O)O)C(=O)O,CC1=CC2=C(C=C1C)N(C=N2)C3C(C(C(O3)CO)OP(=O)([O-])OC(C)CNC(=O)CCC4(C(C5C6(C(C(C(=N6)C(=C7C(C(C(=N7)C=C8C(C(C(=N8)C(=C4[N-]5)C)CCC(=O)N)(C)C)CCC(=O)N)(C)CC(=O)N)C)CCC(=O)N)(C)CC(=O)N)C)CC(=O)N)C)O.O.[Co],0,unreported_twosides_sampled,0.6264169216156006,0.5184326109258445,0.5184326109258445,fitted,platt_logistic_regression,0.5234977964951845,0,0.6924675042682773,0.1278772378516624,0.1483375959079284,no_interaction|interaction,2,True,0.3442622950819672,0.8709677419354839,0.3442622950819672,False,False,True
CC1=C(C(=O)N2CCCCC2=N1)CCN3CCC(CC3)C4=NOC5=C4C=CC(=C5)F,CCN(CCCC(C)NC1=C2C=CC(=CC2=NC=C1)Cl)CCO,1,reported_twosides,0.009141236543655396,0.015225930211203526,0.015225930211203526,fitted,platt_logistic_regression,0.5234977964951845,0,0.0788262161228892,0.7877237851662404,0.0025575447570332483,no_interaction,1,False,0.7464788732394366,0.86,0.7464788732394366,False,False,False
C1C(=O)NC(=O)N1N=CC2=CC=C(O2)[N+](=O)[O-],CCC(C)C(=O)OC1CC(C=C2C1C(C(C=C2)C)CCC3CC(CC(=O)O3)O)C,1,reported_twosides,0.9998457431793213,0.9988988928931803,0.9988988928931803,fitted,platt_logistic_regression,0.5234977964951845,1,0.008600624715523718,0.0008525149190110827,0.9317988064791134,interaction,1,False,0.423728813559322,0.7424242424242424,0.423728813559322,False,False,False
CCCC1OC2CC3C4CCC5=CC(=O)C=CC5(C4C(CC3(C2(O1)C(=O)CO)C)O)C,CNC(=C[N+](=O)[O-])NCCSCC1=CC=C(O1)CN(C)C,1,reported_twosides,0.024603182449936867,0.033924773423915096,0.033924773423915096,fitted,platt_logistic_regression,0.5234977964951845,0,0.14813090253046385,0.690537084398977,0.004262574595055414,no_interaction,1,False,0.7313432835820896,0.603448275862069,0.603448275862069,False,False,False
CC(C)C1=NC(=NC(=C1CCC(CC(CC(=O)O)O)O)C2=CC=C(C=C2)F)N(C)S(=O)(=O)C,CCC(C)C(=O)OC1CC(C=C2C1C(C(C=C2)C)CCC3CC(CC(=O)O3)O)C,1,reported_twosides,0.9999988079071045,0.9999791169217207,0.9999791169217207,fitted,platt_logistic_regression,0.5234977964951845,1,0.0002459308439090336,0.0008525149190110827,0.9889173060528559,interaction,1,False,0.38461538461538464,0.7424242424242424,0.38461538461538464,False,False,True
C(CS(=O)(=O)O)S,CC1C(C(CC(O1)OC2CC(CC3=C2C(=C4C(=C3O)C(=O)C5=C(C4=O)C(=CC=C5)OC)O)(C(=O)CO)O)[NH3+])O,1,reported_twosides,0.40492337942123413,0.34033960452388323,0.34033960452388323,fitted,platt_logistic_regression,0.5234977964951845,0,0.6412604786626053,0.2514919011082694,0.0792838874680307,no_interaction,1,False,0.3333333333333333,0.23728813559322035,0.23728813559322035,False,False,True
CC1COC2=C3N1C=C(C(=O)C3=CC(=C2N4CCN(CC4)C)F)C(=O)O,CN1C2CCCC1CC(C2)NC(=O)C3=NN(C4=CC=CC=C43)C,1,reported_twosides,0.9723485112190247,0.9279556367604163,0.9279556367604163,fitted,platt_logistic_regression,0.5234977964951845,1,0.258895264322626,0.010230179028132993,0.587382779198636,interaction,1,False,0.4507042253521127,0.3064516129032258,0.3064516129032258,False,False,True
C1CN(CCN1CCOCCO)C2=NC3=CC=CC=C3SC4=CC=CC=C42,CN1C=NC2=C1C(=O)N(C(=O)N2C)C,1,reported_twosides,0.17690329253673553,0.16774153565887023,0.16774153565887023,fitted,platt_logistic_regression,0.5234977964951845,0,0.4522869916660832,0.4339300937766411,0.028985507246376812,no_interaction,1,False,0.423728813559322,0.47058823529411764,0.423728813559322,False,False,False
C1C(=O)NC(=O)N1N=CC2=CC=C(O2)[N+](=O)[O-],CC1COC2=C3N1C=C(C(=O)C3=CC(=C2N4CCN(CC4)C)F)C(=O)O,1,reported_twosides,0.6989102959632874,0.583952849183422,0.583952849183422,fitted,platt_logistic_regression,0.5234977964951845,1,0.6789840264645928,0.10400682011935208,0.19437340153452684,no_interaction|interaction,2,True,0.423728813559322,0.4507042253521127,0.423728813559322,False,False,False
CC1COC2=C3N1C=C(C(=O)C3=CC(=C2N4CCN(CC4)C)F)C(=O)O,CCCC(C)(COC(=O)N)COC(=O)NC(C)C,1,reported_twosides,0.6608424186706543,0.5489039975747944,0.5489039975747944,fitted,platt_logistic_regression,0.5234977964951845,1,0.6883563229289181,0.11679454390451834,0.16709292412617222,no_interaction|interaction,2,True,0.4507042253521127,0.2926829268292683,0.2926829268292683,False,False,True
CC#CCC(C)C(C=CC1C(CC2C1CC(=CCCCC(=O)O)C2)O)O,CN1C2CCCC1CC(C2)NC(=O)C3=NN(C4=CC=CC=C43)C,0,unreported_twosides_sampled,0.5947262048721313,0.4912550316175734,0.4912550316175734,fitted,platt_logistic_regression,0.5234977964951845,0,0.6929942238171787,0.14151747655583974,0.1329923273657289,no_interaction|interaction,2,True,0.35064935064935066,0.3064516129032258,0.3064516129032258,False,False,True
C1CN(CCN1CCOCCO)C2=NC3=CC=CC=C3SC4=CC=CC=C42,CC1=CC2=C(C=C1C)N(C=N2)C3C(C(C(O3)CO)OP(=O)([O-])OC(C)CNC(=O)CCC4(C(C5C6(C(C(C(=N6)C(=C7C(C(C(=N7)C=C8C(C(C(=N8)C(=C4[N-]5)C)CCC(=O)N)(C)C)CCC(=O)N)(C)CC(=O)N)C)CCC(=O)N)(C)CC(=O)N)C)CC(=O)N)C)O.O.[Co],0,unreported_twosides_sampled,0.30777037143707275,0.2672013368568019,0.2672013368568019,fitted,platt_logistic_regression,0.5234977964951845,0,0.5804553136571091,0.3171355498721228,0.056265984654731455,no_interaction,1,False,0.423728813559322,0.8709677419354839,0.423728813559322,False,False,False
C1=CC(=C(C=C1F)F)C(CN2C=NC=N2)(CN3C=NC=N3)O,C1CC2CN(C(=O)C3=CC=CC(=C23)C1)C4CN5CCC4CC5,1,reported_twosides,0.515645444393158,0.4263564951506144,0.4263564951506144,fitted,platt_logistic_regression,0.5234977964951845,0,0.6822608874396525,0.1867007672634271,0.10741687979539642,no_interaction|interaction,2,True,0.5961538461538461,0.30303030303030304,0.30303030303030304,False,False,True
C1=CC(=C(C=C1OC2=C(C=C(C=C2I)CC(C(=O)O)N)I)I)O,CNC(=C[N+](=O)[O-])NCCSCC1=CC=C(O1)CN(C)C,1,reported_twosides,0.994878888130188,0.9811035189578807,0.9811035189578807,fitted,platt_logistic_regression,0.5234977964951845,1,0.09371277497689914,0.0025575447570332483,0.7638533674339301,interaction,1,False,0.7441860465116279,0.603448275862069,0.603448275862069,False,False,False
C1C(=O)NC(=O)N1N=CC2=CC=C(O2)[N+](=O)[O-],CCCC(C)(COC(=O)N)COC(=O)NC(C)C,1,reported_twosides,0.4067349135875702,0.34171654574486854,0.34171654574486854,fitted,platt_logistic_regression,0.5234977964951845,0,0.6421674927332663,0.24978687127024723,0.08013640238704177,no_interaction,1,False,0.423728813559322,0.2926829268292683,0.2926829268292683,False,False,True
C(CS(=O)(=O)O)S,CCC(C)C(=O)OC1CC(C=C2C1C(C(C=C2)C)CCC3CC(CC(=O)O3)O)C,0,unreported_twosides_sampled,0.9820175766944885,0.948568508558553,0.948568508558553,fitted,platt_logistic_regression,0.5234977964951845,1,0.20270880462101803,0.005967604433077579,0.6368286445012787,interaction,1,False,0.3333333333333333,0.7424242424242424,0.3333333333333333,False,False,True
C1NC2=CC(=C(C=C2S(=O)(=O)N1)S(=O)(=O)N)Cl,CCC(C)C(=O)OC1CC(C=C2C1C(C(C=C2)C)CCC3CC(CC(=O)O3)O)C,1,reported_twosides,0.9999350309371948,0.9994557992952335,0.9994557992952335,fitted,platt_logistic_regression,0.5234977964951845,1,0.004634369821833676,0.0008525149190110827,0.9539641943734015,interaction,1,False,0.5454545454545454,0.7424242424242424,0.5454545454545454,False,False,False
C1CCC(CC1)(CC(=O)O)CN,COC1=C(C=C2C(=C1)C(=NC(=N2)N3CCN(CC3)C(=O)C4=CC=CO4)N)OC,0,unreported_twosides_sampled,0.9678174257278442,0.9189474955702197,0.9189474955702197,fitted,platt_logistic_regression,0.5234977964951845,1,0.2813324571958524,0.01278772378516624,0.5686274509803921,interaction,1,False,0.26666666666666666,0.5882352941176471,0.26666666666666666,False,False,True
C1NC2=CC(=C(C=C2S(=O)(=O)N1)S(=O)(=O)N)Cl,CC(C)C(C(=O)OCC(CO)OCN1C=NC2=C1NC(=NC2=O)N)N,0,unreported_twosides_sampled,0.3569006323814392,0.3040603612644811,0.3040603612644811,fitted,platt_logistic_regression,0.5234977964951845,0,0.6142654841130353,0.2804774083546462,0.07246376811594203,no_interaction,1,False,0.5454545454545454,0.7307692307692307,0.5454545454545454,False,False,False
CN(C)CC1CCCCC1(C2=CC(=CC=C2)OC)O,CNS(=O)(=O)CCC1=CC2=C(C=C1)NC=C2C3CCN(CC3)C,1,reported_twosides,0.8345087766647339,0.7254695892139652,0.7254695892139652,fitted,platt_logistic_regression,0.5234977964951845,1,0.5877130040996993,0.058823529411764705,0.31287297527706737,interaction,1,False,0.37037037037037035,0.4492753623188406,0.37037037037037035,False,False,True
CC(C)(C)NCC(COC1=NSN=C1N2CCOCC2)O,COC1=C(C=C2C(=C1)C(=NC(=N2)N3CCN(CC3)C(=O)C4=CC=CO4)N)OC,0,unreported_twosides_sampled,0.0657670721411705,0.07502007101890085,0.07502007101890085,fitted,platt_logistic_regression,0.5234977964951845,0,0.2664348848984288,0.5814151747655584,0.011082693947144074,no_interaction,1,False,0.4,0.5882352941176471,0.4,False,False,False
CC1=C(C(=O)N2CCCCC2=N1)CCN3CCC(CC3)C4=NOC5=C4C=CC(=C5)F,CCCC(C)(COC(=O)N)COC(=O)NC(C)C,1,reported_twosides,0.03029460832476616,0.040132599441725904,0.040132599441725904,fitted,platt_logistic_regression,0.5234977964951845,0,0.16836532719962763,0.6683716965046889,0.005115089514066497,no_interaction,1,False,0.7464788732394366,0.2926829268292683,0.2926829268292683,False,False,True
CC12CCC3C(C1CCC2C(=O)NC4=C(C=CC(=C4)C(F)(F)F)C(F)(F)F)CCC5C3(C=CC(=O)N5)C,CCCC1OC2CC3C4CCC5=CC(=O)C=CC5(C4C(CC3(C2(O1)C(=O)CO)C)O)C,1,reported_twosides,0.021469008177518845,0.030388009562355486,0.030388009562355486,fitted,platt_logistic_regression,0.5234977964951845,0,0.13608835165484556,0.7058823529411765,0.0034100596760443308,no_interaction,1,False,0.6417910447761194,0.7313432835820896,0.6417910447761194,False,False,False
C1NC2=CC(=C(C=C2S(=O)(=O)N1)S(=O)(=O)N)Cl,CN(C)CCC1=CNC2=C1C=C(C=C2)CN3C=NC=N3,1,reported_twosides,0.54343181848526,0.4487449271887518,0.4487449271887518,fitted,platt_logistic_regression,0.5234977964951845,0,0.6878837746003791,0.16709292412617222,0.11594202898550725,no_interaction|interaction,2,True,0.5454545454545454,0.5272727272727272,0.5272727272727272,False,False,False
CCCC1OC2CC3C4CCC5=CC(=O)C=CC5(C4C(CC3(C2(O1)C(=O)CO)C)O)C,CCCCCCCCCCCC(CC1C(C(=O)O1)CCCCCC)OC(=O)C(CC(C)C)NC=O,1,reported_twosides,0.021620240062475204,0.03056088185587825,0.03056088185587825,fitted,platt_logistic_regression,0.5234977964951845,0,0.13668647590623426,0.7050298380221653,0.0034100596760443308,no_interaction,1,False,0.7313432835820896,0.30666666666666664,0.30666666666666664,False,False,True
C1=NNC2=C1NC=NC2=O,CC(C)C(C(=O)OCC(CO)OCN1C=NC2=C1NC(=NC2=O)N)N,1,reported_twosides,0.6863274574279785,0.5721953160454377,0.5721953160454377,fitted,platt_logistic_regression,0.5234977964951845,1,0.6826863255502433,0.1082693947144075,0.18584825234441602,no_interaction|interaction,2,True,0.28205128205128205,0.7307692307692307,0.28205128205128205,False,False,True
CC(C)(C)NCC(COC1=NSN=C1N2CCOCC2)O,CC(C)C1=NC(=NC(=C1CCC(CC(CC(=O)O)O)O)C2=CC=C(C=C2)F)N(C)S(=O)(=O)C,1,reported_twosides,0.5115004777908325,0.4230501688382624,0.4230501688382624,fitted,platt_logistic_regression,0.5234977964951845,0,0.6812574302379388,0.1918158567774936,0.10571184995737426,no_interaction|interaction,2,True,0.4,0.38461538461538464,0.38461538461538464,False,False,True
C(=O)(N)NO,CC(C)C1=NC(=NC(=C1CCC(CC(CC(=O)O)O)O)C2=CC=C(C=C2)F)N(C)S(=O)(=O)C,1,reported_twosides,0.9280938506126404,0.8504679772113661,0.8504679772113661,fitted,platt_logistic_regression,0.5234977964951845,1,0.421896474470533,0.0247229326513214,0.4595055413469736,interaction,1,False,0.20833333333333334,0.38461538461538464,0.20833333333333334,False,False,True
C1=CC(=CC=C1C(=O)NC(CCC(=O)O)C(=O)O)NCC2=CN=C3C(=N2)C(=O)N=C(N3)N,CCC(C)C(=O)OC1CC(C=C2C1C(C(C=C2)C)CCC3CC(CC(=O)O3)O)C,1,reported_twosides,0.9998958110809326,0.9992002588118118,0.9992002588118118,fitted,platt_logistic_regression,0.5234977964951845,1,0.006502553583252781,0.0008525149190110827,0.9394714407502132,interaction,1,False,0.5256410256410257,0.7424242424242424,0.5256410256410257,False,False,False
CC1COC2=C3N1C=C(C(=O)C3=CC(=C2N4CCN(CC4)C)F)C(=O)O,CCC(C)C(=O)OC1CC(C=C2C1C(C(C=C2)C)CCC3CC(CC(=O)O3)O)C,1,reported_twosides,0.9998019337654114,0.9986501634355347,0.9986501634355347,fitted,platt_logistic_regression,0.5234977964951845,1,0.010268337052435591,0.0008525149190110827,0.927536231884058,interaction,1,False,0.4507042253521127,0.7424242424242424,0.4507042253521127,False,False,False
C1CC2CN(C(=O)C3=CC=CC(=C23)C1)C4CN5CCC4CC5,CC(C=CC(C1CC1)O)C2CCC3C2(CCCC3=CC=C4CC(CC(C4=C)O)O)C,0,unreported_twosides_sampled,0.027841394767165184,0.0374875125432057,0.0374875125432057,fitted,platt_logistic_regression,0.5234977964951845,0,0.15987542894522613,0.6811594202898551,0.004262574595055414,no_interaction,1,False,0.30303030303030304,0.6307692307692307,0.30303030303030304,False,False,True
CC(C)C(C(=O)OCC(CO)OCN1C=NC2=C1NC(=NC2=O)N)N,CN1CCN2C(C1)C3=CC=CC=C3CC4=C2N=CC=C4,1,reported_twosides,0.21303007006645203,0.1956742107394138,0.1956742107394138,fitted,platt_logistic_regression,0.5234977964951845,0,0.4943468099159716,0.39641943734015345,0.03665814151747655,no_interaction,1,False,0.7307692307692307,0.2833333333333333,0.2833333333333333,False,False,True
C(C(C(C(C(CO)O)O)O)O)O,CCCCCCCCCCCC(CC1C(C(=O)O1)CCCCCC)OC(=O)C(CC(C)C)NC=O,0,unreported_twosides_sampled,0.11346277594566345,0.11665478868085769,0.11665478868085769,fitted,platt_logistic_regression,0.5234977964951845,0,0.3602064749321987,0.5046888320545609,0.0196078431372549,no_interaction,1,False,0.21739130434782608,0.30666666666666664,0.21739130434782608,False,False,True
CC12CC(=O)C3C(C1CCC2(C(=O)CO)O)CCC4=CC(=O)C=CC34C,CC12CCC3C(C1CCC2C(=O)NC4=C(C=CC(=C4)C(F)(F)F)C(F)(F)F)CCC5C3(C=CC(=O)N5)C,1,reported_twosides,0.7494649887084961,0.6331816864092898,0.6331816864092898,fitted,platt_logistic_regression,0.5234977964951845,1,0.657240593657521,0.08610400682011936,0.22932651321398123,interaction,1,False,0.6896551724137931,0.6417910447761194,0.6417910447761194,False,False,False
C1CC[N+]2(C1)C3CCC2CC(C3)OC(=O)C(C4=CC=CC=C4)(C5=CC=CC=C5)O,C1NC2=CC(=C(C=C2S(=O)(=O)N1)S(=O)(=O)N)Cl,1,reported_twosides,0.7237975597381592,0.6077636942824161,0.6077636942824161,fitted,platt_logistic_regression,0.5234977964951845,1,0.6697379100722265,0.09718670076726342,0.21312872975277067,interaction,1,False,0.4444444444444444,0.5454545454545454,0.4444444444444444,False,False,False
C1=CC(=C(C=C1OC2=C(C=C(C=C2I)CC(C(=O)O)N)I)I)O,CC12CC(=O)C3C(C1CCC2(C(=O)CO)O)CCC4=CC(=O)C=CC34C,1,reported_twosides,0.9999462366104126,0.9995336284631633,0.9995336284631633,fitted,platt_logistic_regression,0.5234977964951845,1,0.004043578678117238,0.0008525149190110827,0.9565217391304348,interaction,1,False,0.7441860465116279,0.6896551724137931,0.6896551724137931,False,False,False
CC1C(C(CC(O1)OC2CC(CC3=C2C(=C4C(=C3O)C(=O)C5=C(C4=O)C(=CC=C5)OC)O)(C(=O)CO)O)[NH3+])O,CNC(=C[N+](=O)[O-])NCCSCC1=CC=C(O1)CN(C)C,1,reported_twosides,0.15546689927577972,0.15083894765538391,0.15083894765538391,fitted,platt_logistic_regression,0.5234977964951845,0,0.4241615713898127,0.45694799658994034,0.0247229326513214,no_interaction,1,False,0.23728813559322035,0.603448275862069,0.23728813559322035,False,False,True
CC1=CN(C(=O)NC1=O)C2CC(C(O2)CO)N=[N+]=[N-],CN(C)CCC1=CNC2=C1C=C(C=C2)CN3C=NC=N3,0,unreported_twosides_sampled,0.015757663175463676,0.023664282505104224,0.023664282505104224,fitted,platt_logistic_regression,0.5234977964951845,0,0.11197611536507382,0.7357203751065644,0.0025575447570332483,no_interaction,1,False,0.7083333333333334,0.5272727272727272,0.5272727272727272,False,False,False
C(CS(=O)(=O)O)S,C1CCC(CC1)(CC(=O)O)CN,1,reported_twosides,0.5835822820663452,0.4818744210069205,0.4818744210069205,fitted,platt_logistic_regression,0.5234977964951845,0,0.6924899633414976,0.1474850809889173,0.1278772378516624,no_interaction|interaction,2,True,0.3333333333333333,0.26666666666666666,0.26666666666666666,False,False,True
C1NC2=CC(=C(C=C2S(=O)(=O)N1)S(=O)(=O)N)Cl,CC1C(C(CC(O1)OC2CC(CC3=C2C(=C4C(=C3O)C(=O)C5=C(C4=O)C(=CC=C5)OC)O)(C(=O)CO)O)[NH3+])O,1,reported_twosides,0.6146350502967834,0.5082377565610458,0.5082377565610458,fitted,platt_logistic_regression,0.5234977964951845,0,0.693011453152873,0.1329923273657289,0.14151747655583974,no_interaction|interaction,2,True,0.5454545454545454,0.23728813559322035,0.23728813559322035,False,False,True
CCCC(C)(COC(=O)N)COC(=O)NC(C)C,CN1C2CCCC1CC(C2)NC(=O)C3=NN(C4=CC=CC=C43)C,1,reported_twosides,0.1115209311246872,0.11503003349496145,0.11503003349496145,fitted,platt_logistic_regression,0.5234977964951845,0,0.35690430197446166,0.5072463768115942,0.01875532821824382,no_interaction,1,False,0.2926829268292683,0.3064516129032258,0.2926829268292683,False,False,True
C(CS(=O)(=O)O)S,CN1CCN2C(C1)C3=CC=CC=C3CC4=C2N=CC=C4,1,reported_twosides,0.3638014495372772,0.3092519690701718,0.3092519690701718,fitted,platt_logistic_regression,0.5234977964951845,0,0.6185008418895561,0.2770673486786019,0.07502131287297528,no_interaction,1,False,0.3333333333333333,0.2833333333333333,0.2833333333333333,False,False,True
CC(C)CC(C1(CCC1)C2=CC=C(C=C2)Cl)N(C)C,CN1C=NC2=C1C(=O)N(C(=O)N2C)C,0,unreported_twosides_sampled,0.4106023609638214,0.3446586764539788,0.3446586764539788,fitted,platt_logistic_regression,0.5234977964951845,0,0.6440772985576568,0.2463768115942029,0.08013640238704177,no_interaction,1,False,0.27419354838709675,0.47058823529411764,0.27419354838709675,False,False,True
C1=CC(=C(C=C1C2=C(C=C(C=C2)F)F)C(=O)O)O,C1=CC(=CC=C1C(=O)NC(CCC(=O)O)C(=O)O)NCC2=CN=C3C(=N2)C(=O)N=C(N3)N,1,reported_twosides,0.187942236661911,0.17634079722817142,0.17634079722817142,fitted,platt_logistic_regression,0.5234977964951845,0,0.4657992630793436,0.42114236999147486,0.030690537084398978,no_interaction,1,False,0.43243243243243246,0.5256410256410257,0.43243243243243246,False,False,False
C1C(=O)NC(=O)N1N=CC2=CC=C(O2)[N+](=O)[O-],CC(C)(C)NCC(COC1=NSN=C1N2CCOCC2)O,0,unreported_twosides_sampled,0.18285225331783295,0.17238364830423555,0.17238364830423555,fitted,platt_logistic_regression,0.5234977964951845,0,0.45964573117219987,0.4279624893435635,0.030690537084398978,no_interaction,1,False,0.423728813559322,0.4,0.4,False,False,False
CC1=CC(=CC=C1)CN2CCN(CC2)C(C3=CC=CC=C3)C4=CC=C(C=C4)Cl,CCCC(C)(COC(=O)N)COC(=O)NC(C)C,1,reported_twosides,0.1426955759525299,0.1406153770721492,0.1406153770721492,fitted,platt_logistic_regression,0.5234977964951845,0,0.40607900218494425,0.473998294970162,0.02216538789428815,no_interaction,1,False,0.5094339622641509,0.2926829268292683,0.2926829268292683,False,False,True
C1=CC(=C(C=C1OC2=C(C=C(C=C2I)CC(C(=O)O)N)I)I)O,C1CCC(CC1)(CC(=O)O)CN,1,reported_twosides,0.9999600648880005,0.9996340231905971,0.9996340231905971,fitted,platt_logistic_regression,0.5234977964951845,1,0.003261862581423667,0.0008525149190110827,0.9599317988064792,interaction,1,False,0.7441860465116279,0.26666666666666666,0.26666666666666666,False,False,True
CC(C)(C)NCC(COC1=NSN=C1N2CCOCC2)O,CC(C)C(C(=O)OCC(CO)OCN1C=NC2=C1NC(=NC2=O)N)N,0,unreported_twosides_sampled,0.32050254940986633,0.27674459629916964,0.27674459629916964,fitted,platt_logistic_regression,0.5234977964951845,0,0.5898523670648034,0.31202046035805625,0.060528559249786874,no_interaction,1,False,0.4,0.7307692307692307,0.4,False,False,False
C1CN(CCN1CCOCCO)C2=NC3=CC=CC=C3SC4=CC=CC=C42,CC1=NN=C(S1)SCC2=C(N3C(C(C3=O)NC(=O)CN4C=NN=N4)SC2)C(=O)[O-],1,reported_twosides,0.2547455430030823,0.22735944035011488,0.22735944035011488,fitted,platt_logistic_regression,0.5234977964951845,0,0.5360659851443612,0.35635123614663256,0.045183290707587385,no_interaction,1,False,0.423728813559322,0.4574468085106383,0.423728813559322,False,False,False
C(=O)(N)NO,CN1CCN2C(C1)C3=CC=CC=C3CC4=C2N=CC=C4,1,reported_twosides,0.14853957295417786,0.14530943394486007,0.14530943394486007,fitted,platt_logistic_regression,0.5234977964951845,0,0.41448579405931996,0.4680306905370844,0.023870417732310314,no_interaction,1,False,0.20833333333333334,0.2833333333333333,0.20833333333333334,False,False,True
C1CN(CCN1CCOCCO)C2=NC3=CC=CC=C3SC4=CC=CC=C42,CC(C=CC(C1CC1)O)C2CCC3C2(CCCC3=CC=C4CC(CC(C4=C)O)O)C,0,unreported_twosides_sampled,0.08684758096933365,0.09392355535323181,0.09392355535323181,fitted,platt_logistic_regression,0.5234977964951845,0,0.3115227198166878,0.5473145780051151,0.01619778346121057,no_interaction,1,False,0.423728813559322,0.6307692307692307,0.423728813559322,False,False,False
C1=CC(=CC=C1C2C(C(=O)N2C3=CC=C(C=C3)F)CCC(C4=CC=C(C=C4)F)O)O,CC#CCC(C)C(C=CC1C(CC2C1CC(=CCCCC(=O)O)C2)O)O,1,reported_twosides,0.2346402108669281,0.21214517186094164,0.21214517186094164,fitted,platt_logistic_regression,0.5234977964951845,0,0.5167850287283857,0.37851662404092073,0.0392156862745098,no_interaction,1,False,0.25,0.35064935064935066,0.25,False,False,True
CC#CCC(C)C(C=CC1C(CC2C1CC(=CCCCC(=O)O)C2)O)O,CN(C)CC1CCCCC1(C2=CC(=CC=C2)OC)O,1,reported_twosides,0.4498632550239563,0.3747475484135661,0.3747475484135661,fitted,platt_logistic_regression,0.5234977964951845,0,0.6614341434454787,0.22506393861892582,0.0886615515771526,no_interaction,1,False,0.35064935064935066,0.37037037037037035,0.35064935064935066,False,False,True
C(=O)(N)NO,C1C(=O)NC(=O)N1N=CC2=CC=C(O2)[N+](=O)[O-],0,unreported_twosides_sampled,0.41369807720184326,0.3470162409706278,0.3470162409706278,fitted,platt_logistic_regression,0.5234977964951845,0,0.6455799827328685,0.24381926683716965,0.08098891730605286,no_interaction,1,False,0.20833333333333334,0.423728813559322,0.20833333333333334,False,False,True
CC1=C(C(=O)N2CCCCC2=N1)CCN3CCC(CC3)C4=NOC5=C4C=CC(=C5)F,CNC(=C[N+](=O)[O-])NCCSCC1=CC=C(O1)CN(C)C,1,reported_twosides,0.24527408182621002,0.22020312474822334,0.22020312474822334,fitted,platt_logistic_regression,0.5234977964951845,0,0.527164929400884,0.36231884057971014,0.041773231031543054,no_interaction,1,False,0.7464788732394366,0.603448275862069,0.603448275862069,False,False,False
CC1=CN(C(=O)NC1=O)C2CC(C(O2)CO)N=[N+]=[N-],CCCC(C)(COC(=O)N)COC(=O)NC(C)C,0,unreported_twosides_sampled,0.22122351825237274,0.20193610807623164,0.20193610807623164,fitted,platt_logistic_regression,0.5234977964951845,0,0.5030747533409369,0.3878942881500426,0.03751065643648764,no_interaction,1,False,0.7083333333333334,0.2926829268292683,0.2926829268292683,False,False,True
C1CN(CCN1CCOCCO)C2=NC3=CC=CC=C3SC4=CC=CC=C42,CCN(CCCC(C)NC1=C2C=CC(=CC2=NC=C1)Cl)CCO,1,reported_twosides,0.018177056685090065,0.026562312707363853,0.026562312707363853,fitted,platt_logistic_regression,0.5234977964951845,0,0.12258139551620063,0.7229326513213982,0.0034100596760443308,no_interaction,1,False,0.423728813559322,0.86,0.423728813559322,False,False,False
CC1=C(C(=O)N2CCCCC2=N1)CCN3CCC(CC3)C4=NOC5=C4C=CC(=C5)F,COC1=CC(=C(C=C1)OC)C(CNC(=O)CN)O,0,unreported_twosides_sampled,0.29474925994873047,0.25743865328194393,0.25743865328194393,fitted,platt_logistic_regression,0.5234977964951845,0,0.5703607433677362,0.3273657289002558,0.05200341005967604,no_interaction,1,False,0.7464788732394366,0.3137254901960784,0.3137254901960784,False,False,True
CC1=CC2=C(C=C1C)N(C=N2)C3C(C(C(O3)CO)OP(=O)([O-])OC(C)CNC(=O)CCC4(C(C5C6(C(C(C(=N6)C(=C7C(C(C(=N7)C=C8C(C(C(=N8)C(=C4[N-]5)C)CCC(=O)N)(C)C)CCC(=O)N)(C)CC(=O)N)C)CCC(=O)N)(C)CC(=O)N)C)CC(=O)N)C)O.O.[Co],CCCCCCCCCCCC(CC1C(C(=O)O1)CCCCCC)OC(=O)C(CC(C)C)NC=O,0,unreported_twosides_sampled,0.46292629837989807,0.38486291166664116,0.38486291166664116,fitted,platt_logistic_regression,0.5234977964951845,0,0.6663946516053918,0.21739130434782608,0.0937766410912191,no_interaction,1,False,0.8709677419354839,0.30666666666666664,0.30666666666666664,False,False,True
CC#CCC(C)C(C=CC1C(CC2C1CC(=CCCCC(=O)O)C2)O)O,CC1COC2=C3N1C=C(C(=O)C3=CC(=C2N4CCN(CC4)C)F)C(=O)O,0,unreported_twosides_sampled,0.7978307604789734,0.6839168524651649,0.6839168524651649,fitted,platt_logistic_regression,0.5234977964951845,1,0.623881715674915,0.07587382779198636,0.26854219948849106,interaction,1,False,0.35064935064935066,0.4507042253521127,0.35064935064935066,False,False,True
CN(C)CC1CCCCC1(C2=CC(=CC=C2)OC)O,CN(C)CCC1=CNC2=C1C=C(C=C2)CN3C=NC=N3,1,reported_twosides,0.7784798741340637,0.6631257924470477,0.6631257924470477,fitted,platt_logistic_regression,0.5234977964951845,1,0.6389403547970957,0.0792838874680307,0.2549019607843137,interaction,1,False,0.37037037037037035,0.5272727272727272,0.37037037037037035,False,False,True
C1=CC(=C(C=C1OC2=C(C=C(C=C2I)CC(C(=O)O)N)I)I)O,CC1=CC(=CC=C1)CN2CCN(CC2)C(C3=CC=CC=C3)C4=CC=C(C=C4)Cl,0,unreported_twosides_sampled,0.9998214840888977,0.9987597422610541,0.9987597422610541,fitted,platt_logistic_regression,0.5234977964951845,1,0.00953983392561668,0.0008525149190110827,0.928388746803069,interaction,1,False,0.7441860465116279,0.5094339622641509,0.5094339622641509,False,False,False
C1C(=O)NC(=O)N1N=CC2=CC=C(O2)[N+](=O)[O-],CC1=C(C(=O)N2CCCCC2=N1)CCN3CCC(CC3)C4=NOC5=C4C=CC(=C5)F,1,reported_twosides,0.19854246079921722,0.18454203326975108,0.18454203326975108,fitted,platt_logistic_regression,0.5234977964951845,0,0.4782113552343557,0.4100596760443308,0.03154305200341006,no_interaction,1,False,0.423728813559322,0.7464788732394366,0.423728813559322,False,False,False
C1=NNC2=C1NC=NC2=O,C1CCC(CC1)(CC(=O)O)CN,1,reported_twosides,0.3973364233970642,0.334580528546302,0.334580528546302,fitted,platt_logistic_regression,0.5234977964951845,0,0.6373751604509114,0.2557544757033248,0.0784313725490196,no_interaction,1,False,0.28205128205128205,0.26666666666666666,0.26666666666666666,False,False,True
C(=O)(N)NO,CC(C)CC(C1(CCC1)C2=CC=C(C=C2)Cl)N(C)C,0,unreported_twosides_sampled,0.45428869128227234,0.37816792100233093,0.37816792100233093,fitted,platt_logistic_regression,0.5234977964951845,0,0.6631601077588938,0.22421142369991476,0.09292412617220801,no_interaction,1,False,0.20833333333333334,0.27419354838709675,0.20833333333333334,False,False,True
CC(C)C(C(=O)OCC(CO)OCN1C=NC2=C1NC(=NC2=O)N)N,CC1=NN=C(S1)SCC2=C(N3C(C(C3=O)NC(=O)CN4C=NN=N4)SC2)C(=O)[O-],0,unreported_twosides_sampled,0.6289696097373962,0.5206563927141602,0.5206563927141602,fitted,platt_logistic_regression,0.5234977964951845,0,0.6922935645255858,0.12702472293265132,0.14919011082693948,no_interaction|interaction,2,True,0.7307692307692307,0.4574468085106383,0.4574468085106383,False,False,False
C1=CC(=C(C=C1C2=C(C=C(C=C2)F)F)C(=O)O)O,CN(C)CCC1=CNC2=C1C=C(C=C2)CN3C=NC=N3,1,reported_twosides,0.47307971119880676,0.39276678333996884,0.39276678333996884,fitted,platt_logistic_regression,0.5234977964951845,0,0.6699696275806226,0.21142369991474852,0.09718670076726342,no_interaction,1,False,0.43243243243243246,0.5272727272727272,0.43243243243243246,False,False,False
C1=CC(=CC=C1C(=O)NC(CCC(=O)O)C(=O)O)NCC2=CN=C3C(=N2)C(=O)N=C(N3)N,CNS(=O)(=O)CCC1=CC2=C(C=C1)NC=C2C3CCN(CC3)C,0,unreported_twosides_sampled,0.11383909732103348,0.1169691202159241,0.1169691202159241,fitted,platt_logistic_regression,0.5234977964951845,0,0.3608423591474752,0.5038363171355499,0.0196078431372549,no_interaction,1,False,0.5256410256410257,0.4492753623188406,0.4492753623188406,False,False,False
C1=CC(=C(C=C1F)F)C(CN2C=NC=N2)(CN3C=NC=N3)O,CNS(=O)(=O)CCC1=CC2=C(C=C1)NC=C2C3CCN(CC3)C,0,unreported_twosides_sampled,0.05853966996073723,0.06829072062761822,0.06829072062761822,fitted,platt_logistic_regression,0.5234977964951845,0,0.24919496157909082,0.5959079283887468,0.00937766410912191,no_interaction,1,False,0.5961538461538461,0.4492753623188406,0.4492753623188406,False,False,False
CC1C(C(CC(O1)OC2CC(CC3=C2C(=C4C(=C3O)C(=O)C5=C(C4=O)C(=CC=C5)OC)O)(C(=O)CO)O)[NH3+])O,CN1CCN2C(C1)C3=CC=CC=C3CC4=C2N=CC=C4,1,reported_twosides,0.3735339939594269,0.3165843149673001,0.3165843149673001,fitted,platt_logistic_regression,0.5234977964951845,0,0.6242679514835205,0.26854219948849106,0.07587382779198636,no_interaction,1,False,0.23728813559322035,0.2833333333333333,0.23728813559322035,False,False,True
CC(C=CC(C1CC1)O)C2CCC3C2(CCCC3=CC=C4CC(CC(C4=C)O)O)C,CCCCCCCCCCCC(CC1C(C(=O)O1)CCCCCC)OC(=O)C(CC(C)C)NC=O,0,unreported_twosides_sampled,0.3250082731246948,0.28012221603375637,0.28012221603375637,fitted,platt_logistic_regression,0.5234977964951845,0,0.5930687087571022,0.30861040068201195,0.061381074168797956,no_interaction,1,False,0.6307692307692307,0.30666666666666664,0.30666666666666664,False,False,True
C1NC2=CC(=C(C=C2S(=O)(=O)N1)S(=O)(=O)N)Cl,CC12CCC3C(C1CCC2C(=O)NC4=C(C=CC(=C4)C(F)(F)F)C(F)(F)F)CCC5C3(C=CC(=O)N5)C,1,reported_twosides,0.6222800612449646,0.5148402055026924,0.5148402055026924,fitted,platt_logistic_regression,0.5234977964951845,0,0.6927066524690875,0.12958226768968456,0.1466325660699062,no_interaction|interaction,2,True,0.5454545454545454,0.6417910447761194,0.5454545454545454,False,False,False
C1=CC(=C(C=C1C2=C(C=C(C=C2)F)F)C(=O)O)O,C1=CC(=C(C=C1OC2=C(C=C(C=C2I)CC(C(=O)O)N)I)I)O,0,unreported_twosides_sampled,0.9993966817855835,0.9966574150539504,0.9966574150539504,fitted,platt_logistic_regression,0.5234977964951845,1,0.022393105269806708,0.0008525149190110827,0.8908780903665814,interaction,1,False,0.43243243243243246,0.7441860465116279,0.43243243243243246,False,False,False
C1=CC(=CC=C1C2C(C(=O)N2C3=CC=C(C=C3)F)CCC(C4=CC=C(C=C4)F)O)O,CC12CC(=O)C3C(C1CCC2(C(=O)CO)O)CCC4=CC(=O)C=CC34C,1,reported_twosides,0.9751412868499756,0.93369451890602,0.93369451890602,fitted,platt_logistic_regression,0.5234977964951845,1,0.24397578729970287,0.008525149190110827,0.6001705029838023,interaction,1,False,0.25,0.6896551724137931,0.25,False,False,True
CCCCCCCCCCCC(CC1C(C(=O)O1)CCCCCC)OC(=O)C(CC(C)C)NC=O,CN1CCN2C(C1)C3=CC=CC=C3CC4=C2N=CC=C4,1,reported_twosides,0.2568046748638153,0.22891298361282844,0.22891298361282844,fitted,platt_logistic_regression,0.5234977964951845,0,0.5379595477384767,0.3554987212276215,0.04603580562659847,no_interaction,1,False,0.30666666666666664,0.2833333333333333,0.2833333333333333,False,False,True
CC12CCC3C(C1CCC2C(=O)NC4=C(C=CC(=C4)C(F)(F)F)C(F)(F)F)CCC5C3(C=CC(=O)N5)C,CC1COC2=C3N1C=C(C(=O)C3=CC(=C2N4CCN(CC4)C)F)C(=O)O,1,reported_twosides,0.9100437164306641,0.8234064530547791,0.8234064530547791,fitted,platt_logistic_regression,0.5234977964951845,1,0.4661886160894553,0.03154305200341006,0.42114236999147486,interaction,1,False,0.6417910447761194,0.4507042253521127,0.4507042253521127,False,False,False
C1=CC(=C(C=C1OC2=C(C=C(C=C2I)CC(C(=O)O)N)I)I)O,CC(C)C1=NC(=NC(=C1CCC(CC(CC(=O)O)O)O)C2=CC=C(C=C2)F)N(C)S(=O)(=O)C,1,reported_twosides,0.9999992847442627,0.9999819049949387,0.9999819049949387,fitted,platt_logistic_regression,0.5234977964951845,1,0.0002156900278862279,0.0008525149190110827,1.0,interaction,1,False,0.7441860465116279,0.38461538461538464,0.38461538461538464,False,False,True
C1NC2=CC(=C(C=C2S(=O)(=O)N1)S(=O)(=O)N)Cl,CN1C2CCCC1CC(C2)NC(=O)C3=NN(C4=CC=CC=C43)C,1,reported_twosides,0.658922016620636,0.5471754736522791,0.5471754736522791,fitted,platt_logistic_regression,0.5234977964951845,1,0.68868950235236,0.11764705882352941,0.16538789428815004,no_interaction|interaction,2,True,0.5454545454545454,0.3064516129032258,0.3064516129032258,False,False,True
CC1=CC2=C(C=C1C)N(C=N2)C3C(C(C(O3)CO)OP(=O)([O-])OC(C)CNC(=O)CCC4(C(C5C6(C(C(C(=N6)C(=C7C(C(C(=N7)C=C8C(C(C(=N8)C(=C4[N-]5)C)CCC(=O)N)(C)C)CCC(=O)N)(C)CC(=O)N)C)CCC(=O)N)(C)CC(=O)N)C)CC(=O)N)C)O.O.[Co],CC1=CN(C(=O)NC1=O)C2CC(C(O2)CO)N=[N+]=[N-],0,unreported_twosides_sampled,0.19935503602027893,0.18516864017042617,0.18516864017042617,fitted,platt_logistic_regression,0.5234977964951845,0,0.4791411098521913,0.4100596760443308,0.03154305200341006,no_interaction,1,False,0.8709677419354839,0.7083333333333334,0.7083333333333334,False,False,False
C1=CC(=C(C=C1F)F)C(CN2C=NC=N2)(CN3C=NC=N3)O,C1C(=O)NC(=O)N1N=CC2=CC=C(O2)[N+](=O)[O-],1,reported_twosides,0.47242096066474915,0.3922528238337959,0.3922528238337959,fitted,platt_logistic_regression,0.5234977964951845,0,0.6697451431409338,0.21312872975277067,0.09718670076726342,no_interaction,1,False,0.5961538461538461,0.423728813559322,0.423728813559322,False,False,False
C1CN(CCN1CCOCCO)C2=NC3=CC=CC=C3SC4=CC=CC=C42,CCCC1OC2CC3C4CCC5=CC(=O)C=CC5(C4C(CC3(C2(O1)C(=O)CO)C)O)C,1,reported_twosides,0.01352505199611187,0.02091208194148463,0.02091208194148463,fitted,platt_logistic_regression,0.5234977964951845,0,0.10156785951980818,0.7510656436487638,0.0025575447570332483,no_interaction,1,False,0.423728813559322,0.7313432835820896,0.423728813559322,False,False,False
C(C(C(C(C(CO)O)O)O)O)O,C1=NNC2=C1NC=NC2=O,1,reported_twosides,0.41335222125053406,0.3467527382529,0.3467527382529,fitted,platt_logistic_regression,0.5234977964951845,0,0.6454132481784487,0.24381926683716965,0.08098891730605286,no_interaction,1,False,0.21739130434782608,0.28205128205128205,0.21739130434782608,False,False,True
C1=CC(=C(C=C1C2=C(C=C(C=C2)F)F)C(=O)O)O,C1=CC(=CC=C1C2C(C(=O)N2C3=CC=C(C=C3)F)CCC(C4=CC=C(C=C4)F)O)O,0,unreported_twosides_sampled,0.2544163167476654,0.2271109798574837,0.2271109798574837,fitted,platt_logistic_regression,0.5234977964951845,0,0.5357618722054382,0.35635123614663256,0.0443307757885763,no_interaction,1,False,0.43243243243243246,0.25,0.25,False,False,True
C1=CC(=CC=C1C2C(C(=O)N2C3=CC=C(C=C3)F)CCC(C4=CC=C(C=C4)F)O)O,CCC(C)C(=O)OC1CC(C=C2C1C(C(C=C2)C)CCC3CC(CC(=O)O3)O)C,1,reported_twosides,0.9935765862464905,0.9773313202382946,0.9773313202382946,fitted,platt_logistic_regression,0.5234977964951845,1,0.10825088181661832,0.0025575447570332483,0.7408354646206309,interaction,1,False,0.25,0.7424242424242424,0.25,False,False,True
CC1=CC(=CC=C1)CN2CCN(CC2)C(C3=CC=CC=C3)C4=CC=C(C=C4)Cl,CC1=CN(C(=O)NC1=O)C2CC(C(O2)CO)N=[N+]=[N-],0,unreported_twosides_sampled,0.572766125202179,0.4728503300927932,0.4728503300927932,fitted,platt_logistic_regression,0.5234977964951845,0,0.6916722461212079,0.1534526854219949,0.12361466325660699,no_interaction|interaction,2,True,0.5094339622641509,0.7083333333333334,0.5094339622641509,False,False,False
C(C(C(C(C(CO)O)O)O)O)O,CC(C)CN1C=NC2=C1C3=CC=CC=C3N=C2N,0,unreported_twosides_sampled,0.5123918652534485,0.4237605112753405,0.4237605112753405,fitted,platt_logistic_regression,0.5234977964951845,0,0.6814767908067484,0.19011082693947143,0.10571184995737426,no_interaction|interaction,2,True,0.21739130434782608,0.2727272727272727,0.21739130434782608,False,False,True
CC(C)C1=NC(=NC(=C1CCC(CC(CC(=O)O)O)O)C2=CC=C(C=C2)F)N(C)S(=O)(=O)C,CC12CCC3C(C1CCC2C(=O)NC4=C(C=CC(=C4)C(F)(F)F)C(F)(F)F)CCC5C3(C=CC(=O)N5)C,1,reported_twosides,0.9983630776405334,0.9924809328218722,0.9924809328218722,fitted,platt_logistic_regression,0.5234977964951845,1,0.04426132130391008,0.0017050298380221654,0.8465473145780051,interaction,1,False,0.38461538461538464,0.6417910447761194,0.38461538461538464,False,False,True
CC#CCC(C)C(C=CC1C(CC2C1CC(=CCCCC(=O)O)C2)O)O,CC(C)(C)NCC(COC1=NSN=C1N2CCOCC2)O,0,unreported_twosides_sampled,0.3925749659538269,0.33097228841647885,0.33097228841647885,fitted,platt_logistic_regression,0.5234977964951845,0,0.634865059082168,0.257459505541347,0.0784313725490196,no_interaction,1,False,0.35064935064935066,0.4,0.35064935064935066,False,False,True
CC(C)CC(C1(CCC1)C2=CC=C(C=C2)Cl)N(C)C,CN(C)CC1CCCCC1(C2=CC(=CC=C2)OC)O,1,reported_twosides,0.4923214316368103,0.4078546485952408,0.4078546485952408,fitted,platt_logistic_regression,0.5234977964951845,0,0.67606819470906,0.1969309462915601,0.10144927536231885,no_interaction|interaction,2,True,0.27419354838709675,0.37037037037037035,0.27419354838709675,False,False,True
C1=CC(=CC=C1C2C(C(=O)N2C3=CC=C(C=C3)F)CCC(C4=CC=C(C=C4)F)O)O,CC(C)C1=NC(=NC(=C1CCC(CC(CC(=O)O)O)O)C2=CC=C(C=C2)F)N(C)S(=O)(=O)C,1,reported_twosides,0.8688799142837524,0.7675531070407515,0.7675531070407515,fitted,platt_logistic_regression,0.5234977964951845,1,0.5422160877828889,0.04688832054560955,0.3512361466325661,interaction,1,False,0.25,0.38461538461538464,0.25,False,False,True
C1CN=C(N1)NC2=C(C=CC=C2Cl)Cl,CC1=CC(=CC=C1)CN2CCN(CC2)C(C3=CC=CC=C3)C4=CC=C(C=C4)Cl,1,reported_twosides,0.7136483788490295,0.5979602281064572,0.5979602281064572,fitted,platt_logistic_regression,0.5234977964951845,1,0.6738300601615722,0.09974424552429667,0.20119352088661552,interaction,1,False,0.5853658536585366,0.5094339622641509,0.5094339622641509,False,False,False
CC(C)C(C(=O)OCC(CO)OCN1C=NC2=C1NC(=NC2=O)N)N,CCCCCCCCCCCC(CC1C(C(=O)O1)CCCCCC)OC(=O)C(CC(C)C)NC=O,0,unreported_twosides_sampled,0.01614389568567276,0.0241324344348889,0.0241324344348889,fitted,platt_logistic_regression,0.5234977964951845,0,0.1137128527206822,0.73231031543052,0.0025575447570332483,no_interaction,1,False,0.7307692307692307,0.30666666666666664,0.30666666666666664,False,False,True
C(C(C(C(C(CO)O)O)O)O)O,CC(C)C1=NC(=NC(=C1CCC(CC(CC(=O)O)O)O)C2=CC=C(C=C2)F)N(C)S(=O)(=O)C,0,unreported_twosides_sampled,0.6433230042457581,0.5332639745430625,0.5332639745430625,fitted,platt_logistic_regression,0.5234977964951845,1,0.6909325612254977,0.12020460358056266,0.1568627450980392,no_interaction|interaction,2,True,0.21739130434782608,0.38461538461538464,0.21739130434782608,False,False,True
C(=O)(N)NO,CCCC(C)(COC(=O)N)COC(=O)NC(C)C,0,unreported_twosides_sampled,0.8331834077835083,0.7239129762414147,0.7239129762414147,fitted,platt_logistic_regression,0.5234977964951845,1,0.5892195778970399,0.060528559249786874,0.31202046035805625,interaction,1,False,0.20833333333333334,0.2926829268292683,0.20833333333333334,False,False,True
C1CN(CCN1CCOCCO)C2=NC3=CC=CC=C3SC4=CC=CC=C42,CC1=CC(=CC=C1)CN2CCN(CC2)C(C3=CC=CC=C3)C4=CC=C(C=C4)Cl,1,reported_twosides,0.8230783343315125,0.7121885421610393,0.7121885421610393,fitted,platt_logistic_regression,0.5234977964951845,1,0.6001804482907839,0.06479113384484228,0.29838022165387895,interaction,1,False,0.423728813559322,0.5094339622641509,0.423728813559322,False,False,False
C1=CC(=C(C=C1F)F)C(CN2C=NC=N2)(CN3C=NC=N3)O,CC1=NN=C(S1)SCC2=C(N3C(C(C3=O)NC(=O)CN4C=NN=N4)SC2)C(=O)[O-],1,reported_twosides,0.9298830628395081,0.8532594333830912,0.8532594333830912,fitted,platt_logistic_regression,0.5234977964951845,1,0.4170133574892476,0.023870417732310314,0.4663256606990622,interaction,1,False,0.5961538461538461,0.4574468085106383,0.4574468085106383,False,False,False
C(CS(=O)(=O)O)S,C1CC2CN(C(=O)C3=CC=CC(=C23)C1)C4CN5CCC4CC5,0,unreported_twosides_sampled,0.21486864984035492,0.19708133399745303,0.19708133399745303,fitted,platt_logistic_regression,0.5234977964951845,0,0.4963295747613652,0.39471440750213127,0.03751065643648764,no_interaction,1,False,0.3333333333333333,0.30303030303030304,0.30303030303030304,False,False,True
CC(C=CC(C1CC1)O)C2CCC3C2(CCCC3=CC=C4CC(CC(C4=C)O)O)C,CC12CC(=O)C3C(C1CCC2(C(=O)CO)O)CCC4=CC(=O)C=CC34C,1,reported_twosides,0.6594480872154236,0.5476486267584069,0.5476486267584069,fitted,platt_logistic_regression,0.5234977964951845,1,0.6885994993029532,0.11764705882352941,0.16624040920716113,no_interaction|interaction,2,True,0.6307692307692307,0.6896551724137931,0.6307692307692307,False,False,False
CN1C2CCCC1CC(C2)NC(=O)C3=NN(C4=CC=CC=C43)C,CNC(=C[N+](=O)[O-])NCCSCC1=CC=C(O1)CN(C)C,1,reported_twosides,0.6415748596191406,0.5317188287922131,0.5317188287922131,fitted,platt_logistic_regression,0.5234977964951845,1,0.6911336605758865,0.12020460358056266,0.1568627450980392,no_interaction|interaction,2,True,0.3064516129032258,0.603448275862069,0.3064516129032258,False,False,True
CC(C)CC(C1(CCC1)C2=CC=C(C=C2)Cl)N(C)C,CCCCCCCCCCCC(CC1C(C(=O)O1)CCCCCC)OC(=O)C(CC(C)C)NC=O,1,reported_twosides,0.5205377340316772,0.4302696589017332,0.4302696589017332,fitted,platt_logistic_regression,0.5234977964951845,0,0.6833907689146159,0.18329070758738278,0.10997442455242967,no_interaction|interaction,2,True,0.27419354838709675,0.30666666666666664,0.27419354838709675,False,False,True
CC1=CC(=CC=C1)CN2CCN(CC2)C(C3=CC=CC=C3)C4=CC=C(C=C4)Cl,CCN(CCCC(C)NC1=C2C=CC(=CC2=NC=C1)Cl)CCO,1,reported_twosides,0.035624582320451736,0.0457413011657644,0.0457413011657644,fitted,platt_logistic_regression,0.5234977964951845,0,0.18577948766705749,0.6521739130434783,0.005967604433077579,no_interaction,1,False,0.5094339622641509,0.86,0.5094339622641509,False,False,False
C1=CC(=CC=C1C2C(C(=O)N2C3=CC=C(C=C3)F)CCC(C4=CC=C(C=C4)F)O)O,CC(C)(C)NCC(COC1=NSN=C1N2CCOCC2)O,1,reported_twosides,0.5017980337142944,0.4153422898057258,0.4153422898057258,fitted,platt_logistic_regression,0.5234977964951845,0,0.6787440406746779,0.19437340153452684,0.10400682011935208,no_interaction|interaction,2,True,0.25,0.4,0.25,False,False,True
CCN(CCCC(C)NC1=C2C=CC(=CC2=NC=C1)Cl)CCO,COC1=C(C=C2C(=C1)C(=NC(=N2)N3CCN(CC3)C(=O)C4=CC=CO4)N)OC,0,unreported_twosides_sampled,0.012567037716507912,0.019704564759045192,0.019704564759045192,fitted,platt_logistic_regression,0.5234977964951845,0,0.09688709501121295,0.7587382779198636,0.0025575447570332483,no_interaction,1,False,0.86,0.5882352941176471,0.5882352941176471,False,False,False
C1=CC(=CC=C1C2C(C(=O)N2C3=CC=C(C=C3)F)CCC(C4=CC=C(C=C4)F)O)O,CN1C2CCCC1CC(C2)NC(=O)C3=NN(C4=CC=CC=C43)C,0,unreported_twosides_sampled,0.2975136339664459,0.2595118101966013,0.2595118101966013,fitted,platt_logistic_regression,0.5234977964951845,0,0.5725456663375301,0.3273657289002558,0.05285592497868713,no_interaction,1,False,0.25,0.3064516129032258,0.25,False,False,True
C1=NNC2=C1NC=NC2=O,CN(C)CCC1=CNC2=C1C=C(C=C2)CN3C=NC=N3,1,reported_twosides,0.34168678522109985,0.2926319884507659,0.2926319884507659,fitted,platt_logistic_regression,0.5234977964951845,0,0.6044915308396998,0.29411764705882354,0.06649616368286446,no_interaction,1,False,0.28205128205128205,0.5272727272727272,0.28205128205128205,False,False,True
C(CS(=O)(=O)O)S,CC(C)(C)NCC(COC1=NSN=C1N2CCOCC2)O,0,unreported_twosides_sampled,0.19153577089309692,0.17912686909722095,0.17912686909722095,fitted,platt_logistic_regression,0.5234977964951845,0,0.4700669311781809,0.4177323103154305,0.03154305200341006,no_interaction,1,False,0.3333333333333333,0.4,0.3333333333333333,False,False,True
C(C(C(C(C(CO)O)O)O)O)O,CC(C=CC(C1CC1)O)C2CCC3C2(CCCC3=CC=C4CC(CC(C4=C)O)O)C,0,unreported_twosides_sampled,0.10246334224939346,0.10738659353835335,0.10738659353835335,fitted,platt_logistic_regression,0.5234977964951845,0,0.3410162535672355,0.5174765558397272,0.01875532821824382,no_interaction,1,False,0.21739130434782608,0.6307692307692307,0.21739130434782608,False,False,True
CC1=CC(=CC=C1)CN2CCN(CC2)C(C3=CC=CC=C3)C4=CC=C(C=C4)Cl,COC1=C(C=C2C(=C1)C(=NC(=N2)N3CCN(CC3)C(=O)C4=CC=CO4)N)OC,0,unreported_twosides_sampled,0.5253487825393677,0.4341294382585217,0.4341294382585217,fitted,platt_logistic_regression,0.5234977964951845,0,0.6844440410881585,0.18073316283034954,0.11082693947144075,no_interaction|interaction,2,True,0.5094339622641509,0.5882352941176471,0.5094339622641509,False,False,False
CCC(C)C(=O)OC1CC(C=C2C1C(C(C=C2)C)CCC3CC(CC(=O)O3)O)C,CCCC1OC2CC3C4CCC5=CC(=O)C=CC5(C4C(CC3(C2(O1)C(=O)CO)C)O)C,1,reported_twosides,0.3986791968345642,0.33559891073212084,0.33559891073212084,fitted,platt_logistic_regression,0.5234977964951845,0,0.638073011004977,0.2557544757033248,0.0784313725490196,no_interaction,1,False,0.7424242424242424,0.7313432835820896,0.7313432835820896,False,False,False
C1CN(CCN1CCOCCO)C2=NC3=CC=CC=C3SC4=CC=CC=C42,CC(C)C1=NC(=NC(=C1CCC(CC(CC(=O)O)O)O)C2=CC=C(C=C2)F)N(C)S(=O)(=O)C,1,reported_twosides,0.9965183734893799,0.9861531575776631,0.9861531575776631,fitted,platt_logistic_regression,0.5234977964951845,1,0.07301083392369281,0.0025575447570332483,0.7919863597612958,interaction,1,False,0.423728813559322,0.38461538461538464,0.38461538461538464,False,False,True
CN1CCN2C(C1)C3=CC=CC=C3CC4=C2N=CC=C4,CNC(=C[N+](=O)[O-])NCCSCC1=CC=C(O1)CN(C)C,1,reported_twosides,0.3630076050758362,0.3086544551622814,0.3086544551622814,fitted,platt_logistic_regression,0.5234977964951845,0,0.6180198325530364,0.2770673486786019,0.0741687979539642,no_interaction,1,False,0.2833333333333333,0.603448275862069,0.2833333333333333,False,False,True
CC12CC(=O)C3C(C1CCC2(C(=O)CO)O)CCC4=CC(=O)C=CC34C,CNS(=O)(=O)CCC1=CC2=C(C=C1)NC=C2C3CCN(CC3)C,1,reported_twosides,0.24301625788211823,0.21849443678277589,0.21849443678277589,fitted,platt_logistic_regression,0.5234977964951845,0,0.5249958051725712,0.3657289002557545,0.040068201193520885,no_interaction,1,False,0.6896551724137931,0.4492753623188406,0.4492753623188406,False,False,False
CC12CC(=O)C3C(C1CCC2(C(=O)CO)O)CCC4=CC(=O)C=CC34C,CN(C)CCC1=CNC2=C1C=C(C=C2)CN3C=NC=N3,1,reported_twosides,0.6425877809524536,0.5326137948622176,0.5326137948622176,fitted,platt_logistic_regression,0.5234977964951845,1,0.6910183502605042,0.12020460358056266,0.1568627450980392,no_interaction|interaction,2,True,0.6896551724137931,0.5272727272727272,0.5272727272727272,False,False,False
C(C(C(C(C(CO)O)O)O)O)O,C1CCC(CC1)(CC(=O)O)CN,1,reported_twosides,0.5571902990341187,0.45998666043796926,0.45998666043796926,fitted,platt_logistic_regression,0.5234977964951845,0,0.6899416191994919,0.15942028985507245,0.1184995737425405,no_interaction|interaction,2,True,0.21739130434782608,0.26666666666666666,0.21739130434782608,False,False,True
C1CCC(CC1)(CC(=O)O)CN,CC(C)C(C(=O)OCC(CO)OCN1C=NC2=C1NC(=NC2=O)N)N,1,reported_twosides,0.24427737295627594,0.21944896900597513,0.21944896900597513,fitted,platt_logistic_regression,0.5234977964951845,0,0.5262096547827088,0.3640238704177323,0.040068201193520885,no_interaction,1,False,0.26666666666666666,0.7307692307692307,0.26666666666666666,False,False,True
C1=NNC2=C1NC=NC2=O,CC1=CC(=CC=C1)CN2CCN(CC2)C(C3=CC=CC=C3)C4=CC=C(C=C4)Cl,1,reported_twosides,0.4947449862957001,0.40976582441849935,0.40976582441849935,fitted,platt_logistic_regression,0.5234977964951845,0,0.6767732015755992,0.19607843137254902,0.10144927536231885,no_interaction|interaction,2,True,0.28205128205128205,0.5094339622641509,0.28205128205128205,False,False,True
CC#CCC(C)C(C=CC1C(CC2C1CC(=CCCCC(=O)O)C2)O)O,CC12CC(=O)C3C(C1CCC2(C(=O)CO)O)CCC4=CC(=O)C=CC34C,1,reported_twosides,0.7331041097640991,0.6168728069956569,0.6168728069956569,fitted,platt_logistic_regression,0.5234977964951845,1,0.6655743061007687,0.0937766410912191,0.21909633418584826,interaction,1,False,0.35064935064935066,0.6896551724137931,0.35064935064935066,False,False,True
C(=O)(N)NO,C1=CC(=C(C=C1F)F)C(CN2C=NC=N2)(CN3C=NC=N3)O,1,reported_twosides,0.5156177878379822,0.4263344069104123,0.4263344069104123,fitted,platt_logistic_regression,0.5234977964951845,0,0.6822543321480818,0.1867007672634271,0.10741687979539642,no_interaction|interaction,2,True,0.20833333333333334,0.5961538461538461,0.20833333333333334,False,False,True
C1CN(CCN1CCOCCO)C2=NC3=CC=CC=C3SC4=CC=CC=C42,CCCCCCCCCCCC(CC1C(C(=O)O1)CCCCCC)OC(=O)C(CC(C)C)NC=O,1,reported_twosides,0.1759493350982666,0.16699533408444053,0.16699533408444053,fitted,platt_logistic_regression,0.5234977964951845,0,0.45108978999316246,0.4339300937766411,0.028985507246376812,no_interaction,1,False,0.423728813559322,0.30666666666666664,0.30666666666666664,False,False,True
CC1=NN=C(S1)SCC2=C(N3C(C(C3=O)NC(=O)CN4C=NN=N4)SC2)C(=O)[O-],CN1C=NC2=C1C(=O)N(C(=O)N2C)C,0,unreported_twosides_sampled,0.8108599185943604,0.6983333846892127,0.6983333846892127,fitted,platt_logistic_regression,0.5234977964951845,1,0.6122698152652057,0.07161125319693094,0.2813299232736573,interaction,1,False,0.4574468085106383,0.47058823529411764,0.4574468085106383,False,False,False
C(CS(=O)(=O)O)S,C1=CC(=C(C=C1F)F)C(CN2C=NC=N2)(CN3C=NC=N3)O,1,reported_twosides,0.2477983981370926,0.22211218335341523,0.22211218335341523,fitted,platt_logistic_regression,0.5234977964951845,0,0.529568311405274,0.36231884057971014,0.041773231031543054,no_interaction,1,False,0.3333333333333333,0.5961538461538461,0.3333333333333333,False,False,True
CC12CCC3C(C1CCC2C(=O)NC4=C(C=CC(=C4)C(F)(F)F)C(F)(F)F)CCC5C3(C=CC(=O)N5)C,CN1CCN2C(C1)C3=CC=CC=C3CC4=C2N=CC=C4,1,reported_twosides,0.46568018198013306,0.3870029376402573,0.3870029376402573,fitted,platt_logistic_regression,0.5234977964951845,0,0.6673885681714989,0.216538789428815,0.09462915601023018,no_interaction,1,False,0.6417910447761194,0.2833333333333333,0.2833333333333333,False,False,True
CC(C)(C)NCC(COC1=NSN=C1N2CCOCC2)O,CC12CCC3C(C1CCC2C(=O)NC4=C(C=CC(=C4)C(F)(F)F)C(F)(F)F)CCC5C3(C=CC(=O)N5)C,1,reported_twosides,0.07975547760725021,0.08766929119049761,0.08766929119049761,fitted,platt_logistic_regression,0.5234977964951845,0,0.29711198875656575,0.5558397271952259,0.014492753623188406,no_interaction,1,False,0.4,0.6417910447761194,0.4,False,False,False
CC12CC(=O)C3C(C1CCC2(C(=O)CO)O)CCC4=CC(=O)C=CC34C,CC1COC2=C3N1C=C(C(=O)C3=CC(=C2N4CCN(CC4)C)F)C(=O)O,1,reported_twosides,0.9612612724304199,0.9064778060997757,0.9064778060997757,fitted,platt_logistic_regression,0.5234977964951845,1,0.31061202923191855,0.01619778346121057,0.5481670929241261,interaction,1,False,0.6896551724137931,0.4507042253521127,0.4507042253521127,False,False,False
CC1=C(C(=O)N2CCCCC2=N1)CCN3CCC(CC3)C4=NOC5=C4C=CC(=C5)F,COC1=C(C=C2C(=C1)C(=NC(=N2)N3CCN(CC3)C(=O)C4=CC=CO4)N)OC,0,unreported_twosides_sampled,0.18894772231578827,0.1771209760545176,0.1771209760545176,fitted,platt_logistic_regression,0.5234977964951845,0,0.46699968971762335,0.42028985507246375,0.03154305200341006,no_interaction,1,False,0.7464788732394366,0.5882352941176471,0.5882352941176471,False,False,False
CC12CC(=O)C3C(C1CCC2(C(=O)CO)O)CCC4=CC(=O)C=CC34C,CCCCCCCCCCCC(CC1C(C(=O)O1)CCCCCC)OC(=O)C(CC(C)C)NC=O,1,reported_twosides,0.6969419121742249,0.5821016611226251,0.5821016611226251,fitted,platt_logistic_regression,0.5234977964951845,1,0.6796045696504712,0.10485933503836317,0.1926683716965047,no_interaction|interaction,2,True,0.6896551724137931,0.30666666666666664,0.30666666666666664,False,False,True
CC(C)C1=NC(=NC(=C1CCC(CC(CC(=O)O)O)O)C2=CC=C(C=C2)F)N(C)S(=O)(=O)C,CC1=C(C(=O)N2CCCCC2=N1)CCN3CCC(CC3)C4=NOC5=C4C=CC(=C5)F,1,reported_twosides,0.9821020364761353,0.9487589178933928,0.9487589178933928,fitted,platt_logistic_regression,0.5234977964951845,1,0.20215344588234496,0.005967604433077579,0.6376811594202898,interaction,1,False,0.38461538461538464,0.7464788732394366,0.38461538461538464,False,False,True
C1CN=C(N1)NC2=C(C=CC=C2Cl)Cl,CC1COC2=C3N1C=C(C(=O)C3=CC(=C2N4CCN(CC4)C)F)C(=O)O,1,reported_twosides,0.9795466065406799,0.9430872531540533,0.9430872531540533,fitted,platt_logistic_regression,0.5234977964951845,1,0.2183869476795408,0.0068201193520886615,0.6206308610400681,interaction,1,False,0.5853658536585366,0.4507042253521127,0.4507042253521127,False,False,False
C(=O)(N)NO,CC1=CN(C(=O)NC1=O)C2CC(C(O2)CO)N=[N+]=[N-],1,reported_twosides,0.09790758788585663,0.10349867941337576,0.10349867941337576,fitted,platt_logistic_regression,0.5234977964951845,0,0.3327030462930207,0.525149190110827,0.017902813299232736,no_interaction,1,False,0.20833333333333334,0.7083333333333334,0.20833333333333334,False,False,True
CN(C)CCC1=CNC2=C1C=C(C=C2)CN3C=NC=N3,CN1C2CCCC1CC(C2)NC(=O)C3=NN(C4=CC=CC=C43)C,0,unreported_twosides_sampled,0.7067009210586548,0.5913244315857936,0.5913244315857936,fitted,platt_logistic_regression,0.5234977964951845,1,0.676372872586113,0.10144927536231885,0.19607843137254902,no_interaction|interaction,2,True,0.5272727272727272,0.3064516129032258,0.3064516129032258,False,False,True
C1CCC(CC1)(CC(=O)O)CN,COC1=CC(=C(C=C1)OC)C(CNC(=O)CN)O,0,unreported_twosides_sampled,0.8259095549583435,0.7154483656889611,0.7154483656889611,fitted,platt_logistic_regression,0.5234977964951845,1,0.5972009473699657,0.0639386189258312,0.29923273657289,interaction,1,False,0.26666666666666666,0.3137254901960784,0.26666666666666666,False,False,True
C1CN=C(N1)NC2=C(C=CC=C2Cl)Cl,COC1=CC(=C(C=C1)OC)C(CNC(=O)CN)O,0,unreported_twosides_sampled,0.9647752642631531,0.9130849921371192,0.9130849921371192,fitted,platt_logistic_regression,0.5234977964951845,1,0.2953415663157818,0.014492753623188406,0.5575447570332481,interaction,1,False,0.5853658536585366,0.3137254901960784,0.3137254901960784,False,False,True
C1CCC(CC1)(CC(=O)O)CN,CNC(=C[N+](=O)[O-])NCCSCC1=CC=C(O1)CN(C)C,1,reported_twosides,0.47607505321502686,0.3951058441388499,0.3951058441388499,fitted,platt_logistic_regression,0.5234977964951845,0,0.6709772871738184,0.20801364023870417,0.09803921568627451,no_interaction,1,False,0.26666666666666666,0.603448275862069,0.26666666666666666,False,False,True
C1CN(CCN1CCOCCO)C2=NC3=CC=CC=C3SC4=CC=CC=C42,CCCC(C)(COC(=O)N)COC(=O)NC(C)C,1,reported_twosides,0.07973232865333557,0.08764871593760357,0.08764871593760357,fitted,platt_logistic_regression,0.5234977964951845,0,0.29706379000255334,0.5558397271952259,0.014492753623188406,no_interaction,1,False,0.423728813559322,0.2926829268292683,0.2926829268292683,False,False,True
C1=CC(=CC=C1C(=O)NC(CCC(=O)O)C(=O)O)NCC2=CN=C3C(=N2)C(=O)N=C(N3)N,CN(C)CC1CCCCC1(C2=CC(=CC=C2)OC)O,1,reported_twosides,0.5490996241569519,0.45336273063729177,0.45336273063729177,fitted,platt_logistic_regression,0.5234977964951845,0,0.6887907810163179,0.16538789428815004,0.11764705882352941,no_interaction|interaction,2,True,0.5256410256410257,0.37037037037037035,0.37037037037037035,False,False,True
C1=CC(=C(C=C1C2=C(C=C(C=C2)F)F)C(=O)O)O,C1NC2=CC(=C(C=C2S(=O)(=O)N1)S(=O)(=O)N)Cl,0,unreported_twosides_sampled,0.2555277645587921,0.22794968848117772,0.22794968848117772,fitted,platt_logistic_regression,0.5234977964951845,0,0.5367870338840963,0.3554987212276215,0.045183290707587385,no_interaction,1,False,0.43243243243243246,0.5454545454545454,0.43243243243243246,False,False,False
CC#CCC(C)C(C=CC1C(CC2C1CC(=CCCCC(=O)O)C2)O)O,CN1CCN2C(C1)C3=CC=CC=C3CC4=C2N=CC=C4,1,reported_twosides,0.6208260655403137,0.5135808874211899,0.5135808874211899,fitted,platt_logistic_regression,0.5234977964951845,0,0.6927782541825284,0.12958226768968456,0.14578005115089515,no_interaction|interaction,2,True,0.35064935064935066,0.2833333333333333,0.2833333333333333,False,False,True
C1=CC(=C(C=C1C2=C(C=C(C=C2)F)F)C(=O)O)O,CC1=CC(=CC=C1)CN2CCN(CC2)C(C3=CC=CC=C3)C4=CC=C(C=C4)Cl,0,unreported_twosides_sampled,0.8201802968978882,0.7088714221083214,0.7088714221083214,fitted,platt_logistic_regression,0.5234977964951845,1,0.6031591026229756,0.06564364876385337,0.2958226768968457,interaction,1,False,0.43243243243243246,0.5094339622641509,0.43243243243243246,False,False,False
C1CCC(CC1)(CC(=O)O)CN,CNS(=O)(=O)CCC1=CC2=C(C=C1)NC=C2C3CCN(CC3)C,1,reported_twosides,0.18775002658367157,0.17619160101460032,0.17619160101460032,fitted,platt_logistic_regression,0.5234977964951845,0,0.4655692245838928,0.42114236999147486,0.030690537084398978,no_interaction,1,False,0.26666666666666666,0.4492753623188406,0.26666666666666666,False,False,True
CC1=C(C(=O)N2CCCCC2=N1)CCN3CCC(CC3)C4=NOC5=C4C=CC(=C5)F,CC1C(C(CC(O1)OC2CC(CC3=C2C(=C4C(=C3O)C(=O)C5=C(C4=O)C(=CC=C5)OC)O)(C(=O)CO)O)[NH3+])O,1,reported_twosides,0.028349755331873894,0.0380392513027579,0.0380392513027579,fitted,platt_logistic_regression,0.5234977964951845,0,0.16166192007661198,0.6786018755328218,0.005115089514066497,no_interaction,1,False,0.7464788732394366,0.23728813559322035,0.23728813559322035,False,False,True
CC(C=CC(C1CC1)O)C2CCC3C2(CCCC3=CC=C4CC(CC(C4=C)O)O)C,CC1COC2=C3N1C=C(C(=O)C3=CC(=C2N4CCN(CC4)C)F)C(=O)O,1,reported_twosides,0.42312535643577576,0.3542102025075436,0.3542102025075436,fitted,platt_logistic_regression,0.5234977964951845,0,0.6500140330433928,0.23785166240409208,0.08184143222506395,no_interaction,1,False,0.6307692307692307,0.4507042253521127,0.4507042253521127,False,False,False
C1=CC(=C(C=C1C2=C(C=C(C=C2)F)F)C(=O)O)O,CC(C)(C1=CC=C(C=C1)C(CCCN2CCC(CC2)C(C3=CC=CC=C3)(C4=CC=CC=C4)O)O)C(=O)O,1,reported_twosides,0.6478300094604492,0.5372602989707989,0.5372602989707989,fitted,platt_logistic_regression,0.5234977964951845,1,0.6903679451289508,0.11935208866155157,0.1585677749360614,no_interaction|interaction,2,True,0.43243243243243246,0.3442622950819672,0.3442622950819672,False,False,True
CC12CCC3C(C1CCC2C(=O)NC4=C(C=CC(=C4)C(F)(F)F)C(F)(F)F)CCC5C3(C=CC(=O)N5)C,CC1C(C(CC(O1)OC2CC(CC3=C2C(=C4C(=C3O)C(=O)C5=C(C4=O)C(=CC=C5)OC)O)(C(=O)CO)O)[NH3+])O,1,reported_twosides,0.6214070916175842,0.5140839137410818,0.5140839137410818,fitted,platt_logistic_regression,0.5234977964951845,0,0.6927504148302881,0.12958226768968456,0.14578005115089515,no_interaction|interaction,2,True,0.6417910447761194,0.23728813559322035,0.23728813559322035,False,False,True
C1NC2=CC(=C(C=C2S(=O)(=O)N1)S(=O)(=O)N)Cl,CNS(=O)(=O)CCC1=CC2=C(C=C1)NC=C2C3CCN(CC3)C,0,unreported_twosides_sampled,0.4435959458351135,0.36991444040714,0.36991444040714,fitted,platt_logistic_regression,0.5234977964951845,0,0.6589101287262977,0.22847399829497017,0.08780903665814152,no_interaction,1,False,0.5454545454545454,0.4492753623188406,0.4492753623188406,False,False,False
CC1=C(C(=O)N2CCCCC2=N1)CCN3CCC(CC3)C4=NOC5=C4C=CC(=C5)F,CCC(C)C(=O)OC1CC(C=C2C1C(C(C=C2)C)CCC3CC(CC(=O)O3)O)C,1,reported_twosides,0.9464962482452393,0.8803114540493105,0.8803114540493105,fitted,platt_logistic_regression,0.5234977964951845,1,0.36630398118885105,0.020460358056265986,0.49872122762148335,interaction,1,False,0.7464788732394366,0.7424242424242424,0.7424242424242424,False,False,False
C(C(C(C(C(CO)O)O)O)O)O,C1=CC(=CC=C1C2C(C(=O)N2C3=CC=C(C=C3)F)CCC(C4=CC=C(C=C4)F)O)O,0,unreported_twosides_sampled,0.8463619947433472,0.7395966058571811,0.7395966058571811,fitted,platt_logistic_regression,0.5234977964951845,1,0.5734784319751018,0.05370843989769821,0.32651321398124467,interaction,1,False,0.21739130434782608,0.25,0.21739130434782608,False,False,True
C1=CC(=CC=C1C(=O)NC(CCC(=O)O)C(=O)O)NCC2=CN=C3C(=N2)C(=O)N=C(N3)N,CC1COC2=C3N1C=C(C(=O)C3=CC(=C2N4CCN(CC4)C)F)C(=O)O,1,reported_twosides,0.9439346194267273,0.8759941372167647,0.8759941372167647,fitted,platt_logistic_regression,0.5234977964951845,1,0.37483113126539797,0.020460358056265986,0.4936061381074169,interaction,1,False,0.5256410256410257,0.4507042253521127,0.4507042253521127,False,False,False
CC1C(C(CC(O1)OC2CC(CC3=C2C(=C4C(=C3O)C(=O)C5=C(C4=O)C(=CC=C5)OC)O)(C(=O)CO)O)[NH3+])O,CCCC(C)(COC(=O)N)COC(=O)NC(C)C,0,unreported_twosides_sampled,0.46720314025878906,0.3881875932911638,0.3881875932911638,fitted,platt_logistic_regression,0.5234977964951845,0,0.6679304675316655,0.21483375959079284,0.09633418584825235,no_interaction,1,False,0.23728813559322035,0.2926829268292683,0.23728813559322035,False,False,True
C1=CC(=CC=C1C2C(C(=O)N2C3=CC=C(C=C3)F)CCC(C4=CC=C(C=C4)F)O)O,COC1=C(C=C2C(=C1)C(=NC(=N2)N3CCN(CC3)C(=O)C4=CC=CO4)N)OC,1,reported_twosides,0.49559497833251953,0.41043671278769706,0.41043671278769706,fitted,platt_logistic_regression,0.5234977964951845,0,0.6770171009036234,0.19607843137254902,0.10230179028132992,no_interaction|interaction,2,True,0.25,0.5882352941176471,0.25,False,False,True
CC1C(C(CC(O1)OC2CC(CC3=C2C(=C4C(=C3O)C(=O)C5=C(C4=O)C(=CC=C5)OC)O)(C(=O)CO)O)[NH3+])O,CC1COC2=C3N1C=C(C(=O)C3=CC(=C2N4CCN(CC4)C)F)C(=O)O,1,reported_twosides,0.8418532609939575,0.7341784095280443,0.7341784095280443,fitted,platt_logistic_regression,0.5234977964951845,1,0.5790584643779368,0.05456095481670929,0.3171355498721228,interaction,1,False,0.23728813559322035,0.4507042253521127,0.23728813559322035,False,False,True
C1C(=O)NC(=O)N1N=CC2=CC=C(O2)[N+](=O)[O-],CC(C)C1=NC(=NC(=C1CCC(CC(CC(=O)O)O)O)C2=CC=C(C=C2)F)N(C)S(=O)(=O)C,1,reported_twosides,0.9995031356811523,0.9971457167630757,0.9971457167630757,fitted,platt_logistic_regression,0.5234977964951845,1,0.019573264483932595,0.0008525149190110827,0.9002557544757033,interaction,1,False,0.423728813559322,0.38461538461538464,0.38461538461538464,False,False,True
C1C(=O)NC(=O)N1N=CC2=CC=C(O2)[N+](=O)[O-],CCCCCCCCCCCC(CC1C(C(=O)O1)CCCCCC)OC(=O)C(CC(C)C)NC=O,0,unreported_twosides_sampled,0.22297611832618713,0.20327270441465897,0.20327270441465897,fitted,platt_logistic_regression,0.5234977964951845,0,0.5049060203291863,0.38704177323103156,0.03751065643648764,no_interaction,1,False,0.423728813559322,0.30666666666666664,0.30666666666666664,False,False,True
C1CC2CN(C(=O)C3=CC=CC(=C23)C1)C4CN5CCC4CC5,CCCC1OC2CC3C4CCC5=CC(=O)C=CC5(C4C(CC3(C2(O1)C(=O)CO)C)O)C,1,reported_twosides,0.021917328238487244,0.030899796441181668,0.030899796441181668,fitted,platt_logistic_regression,0.5234977964951845,0,0.13785617097106792,0.7041773231031543,0.004262574595055414,no_interaction,1,False,0.30303030303030304,0.7313432835820896,0.30303030303030304,False,False,True
C1CCC(CC1)(CC(=O)O)CN,C1CC[N+]2(C1)C3CCC2CC(C3)OC(=O)C(C4=CC=CC=C4)(C5=CC=CC=C5)O,1,reported_twosides,0.7164998054504395,0.6007011680844284,0.6007011680844284,fitted,platt_logistic_regression,0.5234977964951845,1,0.6727263433731139,0.0988917306052856,0.20545609548167093,interaction,1,False,0.26666666666666666,0.4444444444444444,0.26666666666666666,False,False,True
CC12CC(=O)C3C(C1CCC2(C(=O)CO)O)CCC4=CC(=O)C=CC34C,CC1=CN(C(=O)NC1=O)C2CC(C(O2)CO)N=[N+]=[N-],1,reported_twosides,0.25312933325767517,0.22613952736290832,0.22613952736290832,fitted,platt_logistic_regression,0.5234977964951845,0,0.534569446678278,0.3597612958226769,0.0443307757885763,no_interaction,1,False,0.6896551724137931,0.7083333333333334,0.6896551724137931,False,False,False
C1=CC(=CC=C1C(=O)NC(CCC(=O)O)C(=O)O)NCC2=CN=C3C(=N2)C(=O)N=C(N3)N,CC12CC(=O)C3C(C1CCC2(C(=O)CO)O)CCC4=CC(=O)C=CC34C,1,reported_twosides,0.9921594858169556,0.9734052801224904,0.9734052801224904,fitted,platt_logistic_regression,0.5234977964951845,1,0.12269808446739844,0.0034100596760443308,0.7229326513213982,interaction,1,False,0.5256410256410257,0.6896551724137931,0.5256410256410257,False,False,False
CC1=NN=C(S1)SCC2=C(N3C(C(C3=O)NC(=O)CN4C=NN=N4)SC2)C(=O)[O-],CN1C2CCCC1CC(C2)NC(=O)C3=NN(C4=CC=CC=C43)C,1,reported_twosides,0.1627134531736374,0.156586099794659,0.156586099794659,fitted,platt_logistic_regression,0.5234977964951845,0,0.4339652434598623,0.4492753623188406,0.026427962489343565,no_interaction,1,False,0.4574468085106383,0.3064516129032258,0.3064516129032258,False,False,True
C1CC2CN(C(=O)C3=CC=CC(=C23)C1)C4CN5CCC4CC5,CN1CCN2C(C1)C3=CC=CC=C3CC4=C2N=CC=C4,1,reported_twosides,0.8187471032142639,0.7072381966407166,0.7072381966407166,fitted,platt_logistic_regression,0.5234977964951845,1,0.6046060693518802,0.06649616368286446,0.29411764705882354,interaction,1,False,0.30303030303030304,0.2833333333333333,0.2833333333333333,False,False,True
C1CC[N+]2(C1)C3CCC2CC(C3)OC(=O)C(C4=CC=CC=C4)(C5=CC=CC=C5)O,CC(C)(C1=CC=C(C=C1)C(CCCN2CCC(CC2)C(C3=CC=CC=C3)(C4=CC=CC=C4)O)O)C(=O)O,1,reported_twosides,0.5742248296737671,0.4740628655125742,0.4740628655125742,fitted,platt_logistic_regression,0.5234977964951845,0,0.6918011065889103,0.15089514066496162,0.12446717817561807,no_interaction|interaction,2,True,0.4444444444444444,0.3442622950819672,0.3442622950819672,False,False,True
C1=CC(=CC=C1C(=O)NC(CCC(=O)O)C(=O)O)NCC2=CN=C3C(=N2)C(=O)N=C(N3)N,CC1C(C(CC(O1)OC2CC(CC3=C2C(=C4C(=C3O)C(=O)C5=C(C4=O)C(=CC=C5)OC)O)(C(=O)CO)O)[NH3+])O,1,reported_twosides,0.9440654516220093,0.8762132335612096,0.8762132335612096,fitted,platt_logistic_regression,0.5234977964951845,1,0.37440257015465017,0.020460358056265986,0.4936061381074169,interaction,1,False,0.5256410256410257,0.23728813559322035,0.23728813559322035,False,False,True
C1C(=O)NC(=O)N1N=CC2=CC=C(O2)[N+](=O)[O-],CC1C(C(CC(O1)OC2CC(CC3=C2C(=C4C(=C3O)C(=O)C5=C(C4=O)C(=CC=C5)OC)O)(C(=O)CO)O)[NH3+])O,0,unreported_twosides_sampled,0.2714978754520416,0.23997877984737867,0.23997877984737867,fitted,platt_logistic_regression,0.5234977964951845,0,0.5510554668174626,0.34612105711849955,0.05029838022165388,no_interaction,1,False,0.423728813559322,0.23728813559322035,0.23728813559322035,False,False,True
C1CN(CCN1CCOCCO)C2=NC3=CC=CC=C3SC4=CC=CC=C42,CNS(=O)(=O)CCC1=CC2=C(C=C1)NC=C2C3CCN(CC3)C,0,unreported_twosides_sampled,0.02815638855099678,0.03782961420061318,0.03782961420061318,fitted,platt_logistic_regression,0.5234977964951845,0,0.1609841162281857,0.6786018755328218,0.004262574595055414,no_interaction,1,False,0.423728813559322,0.4492753623188406,0.423728813559322,False,False,False
C1CN(CCN1CCOCCO)C2=NC3=CC=CC=C3SC4=CC=CC=C42,CC1C(C(CC(O1)OC2CC(CC3=C2C(=C4C(=C3O)C(=O)C5=C(C4=O)C(=CC=C5)OC)O)(C(=O)CO)O)[NH3+])O,1,reported_twosides,0.05755951628088951,0.06736635254034365,0.06736635254034365,fitted,platt_logistic_regression,0.5234977964951845,0,0.24677261667376385,0.597612958226769,0.008525149190110827,no_interaction,1,False,0.423728813559322,0.23728813559322035,0.23728813559322035,False,False,True
C1CN=C(N1)NC2=C(C=CC=C2Cl)Cl,CC#CCC(C)C(C=CC1C(CC2C1CC(=CCCCC(=O)O)C2)O)O,1,reported_twosides,0.6252701878547668,0.5174353911026801,0.5174353911026801,fitted,platt_logistic_regression,0.5234977964951845,0,0.6925390715586212,0.1287297527706735,0.1474850809889173,no_interaction|interaction,2,True,0.5853658536585366,0.35064935064935066,0.35064935064935066,False,False,True
C1C(=O)NC(=O)N1N=CC2=CC=C(O2)[N+](=O)[O-],C1CC2CN(C(=O)C3=CC=CC(=C23)C1)C4CN5CCC4CC5,0,unreported_twosides_sampled,0.7028196454048157,0.5876428941182971,0.5876428941182971,fitted,platt_logistic_regression,0.5234977964951845,1,0.677704974353488,0.10315430520034101,0.19522591645353793,no_interaction|interaction,2,True,0.423728813559322,0.30303030303030304,0.30303030303030304,False,False,True
C1CCC(CC1)(CC(=O)O)CN,CN1CCN2C(C1)C3=CC=CC=C3CC4=C2N=CC=C4,1,reported_twosides,0.26957833766937256,0.2385348879950735,0.2385348879950735,fitted,platt_logistic_regression,0.5234977964951845,0,0.5493852310860564,0.34697357203751067,0.05029838022165388,no_interaction,1,False,0.26666666666666666,0.2833333333333333,0.26666666666666666,False,False,True
C1=CC(=C(C=C1OC2=C(C=C(C=C2I)CC(C(=O)O)N)I)I)O,CN(C)CC1CCCCC1(C2=CC(=CC=C2)OC)O,1,reported_twosides,0.9999996423721313,0.9999819049949387,0.9999819049949387,fitted,platt_logistic_regression,0.5234977964951845,1,0.0002156900278862279,0.0008525149190110827,1.0,interaction,1,False,0.7441860465116279,0.37037037037037035,0.37037037037037035,False,False,True
C1=CC(=CC=C1C(=O)NC(CCC(=O)O)C(=O)O)NCC2=CN=C3C(=N2)C(=O)N=C(N3)N,C1CN=C(N1)NC2=C(C=CC=C2Cl)Cl,1,reported_twosides,0.43839895725250244,0.3659159853775701,0.3659159853775701,fitted,platt_logistic_regression,0.5234977964951845,0,0.6567462676882785,0.23017902813299232,0.08525149190110827,no_interaction,1,False,0.5256410256410257,0.5853658536585366,0.5256410256410257,False,False,False
C(=O)(N)NO,C1CN(CCN1CCOCCO)C2=NC3=CC=CC=C3SC4=CC=CC=C42,1,reported_twosides,0.05584980174899101,0.06574673208563764,0.06574673208563764,fitted,platt_logistic_regression,0.5234977964951845,0,0.2424954369856604,0.6001705029838023,0.008525149190110827,no_interaction,1,False,0.20833333333333334,0.423728813559322,0.20833333333333334,False,False,True
CC12CC(=O)C3C(C1CCC2(C(=O)CO)O)CCC4=CC(=O)C=CC34C,CN(C)CC1CCCCC1(C2=CC(=CC=C2)OC)O,1,reported_twosides,0.8393731713294983,0.7312216618007648,0.7312216618007648,fitted,platt_logistic_regression,0.5234977964951845,1,0.5820399580727338,0.056265984654731455,0.31628303495311166,interaction,1,False,0.6896551724137931,0.37037037037037035,0.37037037037037035,False,False,True
C1=CC(=C(C=C1F)F)C(CN2C=NC=N2)(CN3C=NC=N3)O,CN1CCN2C(C1)C3=CC=CC=C3CC4=C2N=CC=C4,1,reported_twosides,0.5665699243545532,0.46771496062772,0.46771496062772,fitted,platt_logistic_regression,0.5234977964951845,0,0.6910610820190501,0.1568627450980392,0.12020460358056266,no_interaction|interaction,2,True,0.5961538461538461,0.2833333333333333,0.2833333333333333,False,False,True
C1CN(CCN1CCOCCO)C2=NC3=CC=CC=C3SC4=CC=CC=C42,CN(C)CC1CCCCC1(C2=CC(=CC=C2)OC)O,1,reported_twosides,0.9254128336906433,0.8463246976243374,0.8463246976243374,fitted,platt_logistic_regression,0.5234977964951845,1,0.42903165106126284,0.02557544757033248,0.45439045183290705,interaction,1,False,0.423728813559322,0.37037037037037035,0.37037037037037035,False,False,True
C(C(C(C(C(CO)O)O)O)O)O,CC(C)(C)NCC(COC1=NSN=C1N2CCOCC2)O,0,unreported_twosides_sampled,0.5786683559417725,0.47776505815921133,0.47776505815921133,fitted,platt_logistic_regression,0.5234977964951845,0,0.6921580691257754,0.15004262574595056,0.12617220801364024,no_interaction|interaction,2,True,0.21739130434782608,0.4,0.21739130434782608,False,False,True
CC1=CC2=C(C=C1C)N(C=N2)C3C(C(C(O3)CO)OP(=O)([O-])OC(C)CNC(=O)CCC4(C(C5C6(C(C(C(=N6)C(=C7C(C(C(=N7)C=C8C(C(C(=N8)C(=C4[N-]5)C)CCC(=O)N)(C)C)CCC(=O)N)(C)CC(=O)N)C)CCC(=O)N)(C)CC(=O)N)C)CC(=O)N)C)O.O.[Co],CNC(=C[N+](=O)[O-])NCCSCC1=CC=C(O1)CN(C)C,1,reported_twosides,0.41299185156822205,0.3464782083828688,0.3464782083828688,fitted,platt_logistic_regression,0.5234977964951845,0,0.6452392100175829,0.24467178175618073,0.08098891730605286,no_interaction,1,False,0.8709677419354839,0.603448275862069,0.603448275862069,False,False,False
C(C(C(C(C(CO)O)O)O)O)O,CC1=C(C(=O)N2CCCCC2=N1)CCN3CCC(CC3)C4=NOC5=C4C=CC(=C5)F,0,unreported_twosides_sampled,0.018101945519447327,0.026473522871272137,0.026473522871272137,fitted,platt_logistic_regression,0.5234977964951845,0,0.12226148047699562,0.7229326513213982,0.0034100596760443308,no_interaction,1,False,0.21739130434782608,0.7464788732394366,0.21739130434782608,False,False,True
C1=NNC2=C1NC=NC2=O,C1CC[N+]2(C1)C3CCC2CC(C3)OC(=O)C(C4=CC=CC=C4)(C5=CC=CC=C5)O,1,reported_twosides,0.47766366600990295,0.3963477928444606,0.3963477928444606,fitted,platt_logistic_regression,0.5234977964951845,0,0.6715030071613508,0.20630861040068202,0.09803921568627451,no_interaction,1,False,0.28205128205128205,0.4444444444444444,0.28205128205128205,False,False,True
CC(C)(C1=CC=C(C=C1)C(CCCN2CCC(CC2)C(C3=CC=CC=C3)(C4=CC=CC=C4)O)O)C(=O)O,CC1=C(C(=O)N2CCCCC2=N1)CCN3CCC(CC3)C4=NOC5=C4C=CC(=C5)F,1,reported_twosides,0.4439253509044647,0.37016815669156944,0.37016815669156944,fitted,platt_logistic_regression,0.5234977964951845,0,0.6590451158519266,0.22847399829497017,0.08780903665814152,no_interaction,1,False,0.3442622950819672,0.7464788732394366,0.3442622950819672,False,False,True
CC12CC(=O)C3C(C1CCC2(C(=O)CO)O)CCC4=CC(=O)C=CC34C,CC1=CC(=CC=C1)CN2CCN(CC2)C(C3=CC=CC=C3)C4=CC=C(C=C4)Cl,1,reported_twosides,0.710142970085144,0.5946046249390647,0.5946046249390647,fitted,platt_logistic_regression,0.5234977964951845,1,0.6751387468260194,0.10144927536231885,0.1977834612105712,no_interaction|interaction,2,True,0.6896551724137931,0.5094339622641509,0.5094339622641509,False,False,False
C1CN(CCN1CCOCCO)C2=NC3=CC=CC=C3SC4=CC=CC=C42,CN(C)CCC1=CNC2=C1C=C(C=C2)CN3C=NC=N3,1,reported_twosides,0.10410689562559128,0.10878182709401461,0.10878182709401461,fitted,platt_logistic_regression,0.5234977964951845,0,0.3439608492201013,0.5140664961636828,0.01875532821824382,no_interaction,1,False,0.423728813559322,0.5272727272727272,0.423728813559322,False,False,False
C1CC[N+]2(C1)C3CCC2CC(C3)OC(=O)C(C4=CC=CC=C4)(C5=CC=CC=C5)O,CN(C)CC1CCCCC1(C2=CC(=CC=C2)OC)O,1,reported_twosides,0.8405179381370544,0.732584394681931,0.732584394681931,fitted,platt_logistic_regression,0.5234977964951845,1,0.5806713651509952,0.056265984654731455,0.3171355498721228,interaction,1,False,0.4444444444444444,0.37037037037037035,0.37037037037037035,False,False,True
CC(C=CC(C1CC1)O)C2CCC3C2(CCCC3=CC=C4CC(CC(C4=C)O)O)C,CN1CCN2C(C1)C3=CC=CC=C3CC4=C2N=CC=C4,0,unreported_twosides_sampled,0.1272379457950592,0.12805433082194273,0.12805433082194273,fitted,platt_logistic_regression,0.5234977964951845,0,0.3826712620924783,0.48934356351236147,0.021312872975277068,no_interaction,1,False,0.6307692307692307,0.2833333333333333,0.2833333333333333,False,False,True
C(CS(=O)(=O)O)S,CC1=C(C(=O)N2CCCCC2=N1)CCN3CCC(CC3)C4=NOC5=C4C=CC(=C5)F,0,unreported_twosides_sampled,0.09585393220186234,0.1017358329001003,0.1017358329001003,fitted,platt_logistic_regression,0.5234977964951845,0,0.3288803339142441,0.5294117647058824,0.017050298380221655,no_interaction,1,False,0.3333333333333333,0.7464788732394366,0.3333333333333333,False,False,True
CC(C)C1=NC(=NC(=C1CCC(CC(CC(=O)O)O)O)C2=CC=C(C=C2)F)N(C)S(=O)(=O)C,CC1=NN=C(S1)SCC2=C(N3C(C(C3=O)NC(=O)CN4C=NN=N4)SC2)C(=O)[O-],0,unreported_twosides_sampled,0.5129528045654297,0.4242077148534565,0.4242077148534565,fitted,platt_logistic_regression,0.5234977964951845,0,0.6816138315482108,0.18925831202046037,0.10571184995737426,no_interaction|interaction,2,True,0.38461538461538464,0.4574468085106383,0.38461538461538464,False,False,True
C1=NNC2=C1NC=NC2=O,CN(C)CC1CCCCC1(C2=CC(=CC=C2)OC)O,1,reported_twosides,0.5058737397193909,0.4185748578845651,0.4185748578845651,fitted,platt_logistic_regression,0.5234977964951845,0,0.6798278321490654,0.1926683716965047,0.10485933503836317,no_interaction|interaction,2,True,0.28205128205128205,0.37037037037037035,0.28205128205128205,False,False,True
CC1=CN(C(=O)NC1=O)C2CC(C(O2)CO)N=[N+]=[N-],CCN(CCCC(C)NC1=C2C=CC(=CC2=NC=C1)Cl)CCO,0,unreported_twosides_sampled,0.016004303470253944,0.023963489130416498,0.023963489130416498,fitted,platt_logistic_regression,0.5234977964951845,0,0.11308718655002337,0.7331628303495311,0.0025575447570332483,no_interaction,1,False,0.7083333333333334,0.86,0.7083333333333334,False,False,False
C1=CC(=C(C=C1C2=C(C=C(C=C2)F)F)C(=O)O)O,CC(C)(C)NCC(COC1=NSN=C1N2CCOCC2)O,0,unreported_twosides_sampled,0.5598998665809631,0.4622136870165602,0.4622136870165602,fitted,platt_logistic_regression,0.5234977964951845,0,0.6902888452622824,0.1585677749360614,0.1184995737425405,no_interaction|interaction,2,True,0.43243243243243246,0.4,0.4,False,False,False
CC1=C(C(=O)N2CCCCC2=N1)CCN3CCC(CC3)C4=NOC5=C4C=CC(=C5)F,CC1=CN(C(=O)NC1=O)C2CC(C(O2)CO)N=[N+]=[N-],1,reported_twosides,0.02990240417420864,0.03971261504911135,0.03971261504911135,fitted,platt_logistic_regression,0.5234977964951845,0,0.16702974502111934,0.670929241261722,0.005115089514066497,no_interaction,1,False,0.7464788732394366,0.7083333333333334,0.7083333333333334,False,False,False
C(CS(=O)(=O)O)S,CC12CCC3C(C1CCC2C(=O)NC4=C(C=CC(=C4)C(F)(F)F)C(F)(F)F)CCC5C3(C=CC(=O)N5)C,0,unreported_twosides_sampled,0.2551766037940979,0.22768472353178032,0.22768472353178032,fitted,platt_logistic_regression,0.5234977964951845,0,0.5364635970595094,0.3554987212276215,0.045183290707587385,no_interaction,1,False,0.3333333333333333,0.6417910447761194,0.3333333333333333,False,False,True
C(=O)(N)NO,CC1C(C(CC(O1)OC2CC(CC3=C2C(=C4C(=C3O)C(=O)C5=C(C4=O)C(=CC=C5)OC)O)(C(=O)CO)O)[NH3+])O,1,reported_twosides,0.5164748430252075,0.4270190766755321,0.4270190766755321,fitted,platt_logistic_regression,0.5234977964951845,0,0.6824565993950507,0.18584825234441602,0.10741687979539642,no_interaction|interaction,2,True,0.20833333333333334,0.23728813559322035,0.20833333333333334,False,False,True
CCCC(C)(COC(=O)N)COC(=O)NC(C)C,CCCCCCCCCCCC(CC1C(C(=O)O1)CCCCCC)OC(=O)C(CC(C)C)NC=O,1,reported_twosides,0.645345151424408,0.5350547218683064,0.5350547218683064,fitted,platt_logistic_regression,0.5234977964951845,1,0.6906874961646181,0.12020460358056266,0.1577152600170503,no_interaction|interaction,2,True,0.2926829268292683,0.30666666666666664,0.2926829268292683,False,False,True
C1CC2CN(C(=O)C3=CC=CC(=C23)C1)C4CN5CCC4CC5,CC(C)C1=NC(=NC(=C1CCC(CC(CC(=O)O)O)O)C2=CC=C(C=C2)F)N(C)S(=O)(=O)C,1,reported_twosides,0.9999873638153076,0.9998567931307254,0.9998567931307254,fitted,platt_logistic_regression,0.5234977964951845,1,0.0014107521680868677,0.0008525149190110827,0.9735720375106565,interaction,1,False,0.30303030303030304,0.38461538461538464,0.30303030303030304,False,False,True
C1=CC(=C(C=C1C2=C(C=C(C=C2)F)F)C(=O)O)O,CCN(CCCC(C)NC1=C2C=CC(=CC2=NC=C1)Cl)CCO,1,reported_twosides,0.15548737347126007,0.15085523754076385,0.15085523754076385,fitted,platt_logistic_regression,0.5234977964951845,0,0.4241897198651059,0.4560954816709292,0.0247229326513214,no_interaction,1,False,0.43243243243243246,0.86,0.43243243243243246,False,False,False
CC(C)C1=NC(=NC(=C1CCC(CC(CC(=O)O)O)O)C2=CC=C(C=C2)F)N(C)S(=O)(=O)C,CC1=CN(C(=O)NC1=O)C2CC(C(O2)CO)N=[N+]=[N-],1,reported_twosides,0.454126238822937,0.37804224850694307,0.37804224850694307,fitted,platt_logistic_regression,0.5234977964951845,0,0.663097573253898,0.22421142369991476,0.09292412617220801,no_interaction,1,False,0.38461538461538464,0.7083333333333334,0.38461538461538464,False,False,True
CC1=NN=C(S1)SCC2=C(N3C(C(C3=O)NC(=O)CN4C=NN=N4)SC2)C(=O)[O-],COC1=CC(=C(C=C1)OC)C(CNC(=O)CN)O,0,unreported_twosides_sampled,0.681757926940918,0.5679690970736543,0.5679690970736543,fitted,platt_logistic_regression,0.5234977964951845,1,0.6838789150831945,0.11082693947144075,0.1824381926683717,no_interaction|interaction,2,True,0.4574468085106383,0.3137254901960784,0.3137254901960784,False,False,True
CCN(CCCC(C)NC1=C2C=CC(=CC2=NC=C1)Cl)CCO,COC1=CC(=C(C=C1)OC)C(CNC(=O)CN)O,0,unreported_twosides_sampled,0.004784939810633659,0.009004970027100403,0.009004970027100403,fitted,platt_logistic_regression,0.5234977964951845,0,0.05137751941309412,0.8329070758738278,0.0017050298380221654,no_interaction,1,False,0.86,0.3137254901960784,0.3137254901960784,False,False,True
C1CN(CCN1CCOCCO)C2=NC3=CC=CC=C3SC4=CC=CC=C42,CC(C)CN1C=NC2=C1C3=CC=CC=C3N=C2N,1,reported_twosides,0.2430311143398285,0.21850568363967235,0.21850568363967235,fitted,platt_logistic_regression,0.5234977964951845,0,0.5250101384907162,0.3657289002557545,0.040068201193520885,no_interaction,1,False,0.423728813559322,0.2727272727272727,0.2727272727272727,False,False,True
C1=CC(=C(C=C1OC2=C(C=C(C=C2I)CC(C(=O)O)N)I)I)O,CC1COC2=C3N1C=C(C(=O)C3=CC(=C2N4CCN(CC4)C)F)C(=O)O,1,reported_twosides,0.9999972581863403,0.9999588088382912,0.9999588088382912,fitted,platt_logistic_regression,0.5234977964951845,1,0.0004571092886449233,0.0008525149190110827,0.9820971867007673,interaction,1,False,0.7441860465116279,0.4507042253521127,0.4507042253521127,False,False,False
C1=CC(=C(C=C1OC2=C(C=C(C=C2I)CC(C(=O)O)N)I)I)O,C1CN(CCN1CCOCCO)C2=NC3=CC=CC=C3SC4=CC=CC=C42,1,reported_twosides,0.9995664954185486,0.997445611655744,0.997445611655744,fitted,platt_logistic_regression,0.5234977964951845,1,0.017800674598661248,0.0008525149190110827,0.9019607843137255,interaction,1,False,0.7441860465116279,0.423728813559322,0.423728813559322,False,False,False
CC(C)C1=NC(=NC(=C1CCC(CC(CC(=O)O)O)O)C2=CC=C(C=C2)F)N(C)S(=O)(=O)C,CNS(=O)(=O)CCC1=CC2=C(C=C1)NC=C2C3CCN(CC3)C,0,unreported_twosides_sampled,0.9645845293998718,0.912721983258161,0.912721983258161,fitted,platt_logistic_regression,0.5234977964951845,1,0.29619449707538414,0.014492753623188406,0.556692242114237,interaction,1,False,0.38461538461538464,0.4492753623188406,0.38461538461538464,False,False,True
CC(C=CC(C1CC1)O)C2CCC3C2(CCCC3=CC=C4CC(CC(C4=C)O)O)C,CC12CCC3C(C1CCC2C(=O)NC4=C(C=CC(=C4)C(F)(F)F)C(F)(F)F)CCC5C3(C=CC(=O)N5)C,0,unreported_twosides_sampled,0.4863349199295044,0.40314442055741834,0.40314442055741834,fitted,platt_logistic_regression,0.5234977964951845,0,0.6742660389482531,0.20034100596760443,0.09974424552429667,no_interaction,1,False,0.6307692307692307,0.6417910447761194,0.6307692307692307,False,False,False
CC(C)C(C(=O)OCC(CO)OCN1C=NC2=C1NC(=NC2=O)N)N,CC(C)C1=NC(=NC(=C1CCC(CC(CC(=O)O)O)O)C2=CC=C(C=C2)F)N(C)S(=O)(=O)C,0,unreported_twosides_sampled,0.45247355103492737,0.37676423658973734,0.37676423658973734,fitted,platt_logistic_regression,0.5234977964951845,0,0.6624578194954462,0.22506393861892582,0.08951406649616368,no_interaction,1,False,0.7307692307692307,0.38461538461538464,0.38461538461538464,False,False,True
C1=CC(=CC=C1C(=O)NC(CCC(=O)O)C(=O)O)NCC2=CN=C3C(=N2)C(=O)N=C(N3)N,CN(C)CCC1=CNC2=C1C=C(C=C2)CN3C=NC=N3,1,reported_twosides,0.424776554107666,0.355472585516346,0.355472585516346,fitted,platt_logistic_regression,0.5234977964951845,0,0.6507687179772677,0.23785166240409208,0.08184143222506395,no_interaction,1,False,0.5256410256410257,0.5272727272727272,0.5256410256410257,False,False,False
C1=CC(=CC=C1C2C(C(=O)N2C3=CC=C(C=C3)F)CCC(C4=CC=C(C=C4)F)O)O,CCCCCCCCCCCC(CC1C(C(=O)O1)CCCCCC)OC(=O)C(CC(C)C)NC=O,1,reported_twosides,0.5778579711914062,0.4770889059661881,0.4770889059661881,fitted,platt_logistic_regression,0.5234977964951845,0,0.6920969764058589,0.15004262574595056,0.12617220801364024,no_interaction|interaction,2,True,0.25,0.30666666666666664,0.25,False,False,True
C(C(C(C(C(CO)O)O)O)O)O,CN1CCN2C(C1)C3=CC=CC=C3CC4=C2N=CC=C4,0,unreported_twosides_sampled,0.2147706001996994,0.19700632323531117,0.19700632323531117,fitted,platt_logistic_regression,0.5234977964951845,0,0.49622419409545526,0.39471440750213127,0.03751065643648764,no_interaction,1,False,0.21739130434782608,0.2833333333333333,0.21739130434782608,False,False,True
C1CN=C(N1)NC2=C(C=CC=C2Cl)Cl,CC(C)(C1=CC=C(C=C1)C(CCCN2CCC(CC2)C(C3=CC=CC=C3)(C4=CC=CC=C4)O)O)C(=O)O,1,reported_twosides,0.9399693608283997,0.8694226240643891,0.8694226240643891,fitted,platt_logistic_regression,0.5234977964951845,1,0.3874828022303003,0.021312872975277068,0.484228473998295,interaction,1,False,0.5853658536585366,0.3442622950819672,0.3442622950819672,False,False,True
C1=CC(=CC=C1C2C(C(=O)N2C3=CC=C(C=C3)F)CCC(C4=CC=C(C=C4)F)O)O,CN(C)CC1CCCCC1(C2=CC(=CC=C2)OC)O,1,reported_twosides,0.3292660415172577,0.2833145099813495,0.2833145099813495,fitted,platt_logistic_regression,0.5234977964951845,0,0.5960565631316688,0.30434782608695654,0.06223358908780904,no_interaction,1,False,0.25,0.37037037037037035,0.25,False,False,True
CC12CCC3C(C1CCC2C(=O)NC4=C(C=CC(=C4)C(F)(F)F)C(F)(F)F)CCC5C3(C=CC(=O)N5)C,CC1=NN=C(S1)SCC2=C(N3C(C(C3=O)NC(=O)CN4C=NN=N4)SC2)C(=O)[O-],0,unreported_twosides_sampled,0.6119279265403748,0.505910880711527,0.505910880711527,fitted,platt_logistic_regression,0.5234977964951845,0,0.6930773019106832,0.1329923273657289,0.14066496163682865,no_interaction|interaction,2,True,0.6417910447761194,0.4574468085106383,0.4574468085106383,False,False,False
C(C(C(C(C(CO)O)O)O)O)O,C1=CC(=C(C=C1F)F)C(CN2C=NC=N2)(CN3C=NC=N3)O,1,reported_twosides,0.6055105328559875,0.5004174305960952,0.5004174305960952,fitted,platt_logistic_regression,0.5234977964951845,0,0.6931468320632997,0.13554987212276215,0.13640238704177324,no_interaction|interaction,2,True,0.21739130434782608,0.5961538461538461,0.21739130434782608,False,False,True
CC1=C(C(=O)N2CCCCC2=N1)CCN3CCC(CC3)C4=NOC5=C4C=CC(=C5)F,CN(C)CC1CCCCC1(C2=CC(=CC=C2)OC)O,1,reported_twosides,0.7756856083869934,0.6601805706851471,0.6601805706851471,fitted,platt_logistic_regression,0.5234977964951845,1,0.6409156337326174,0.0792838874680307,0.2531969309462916,interaction,1,False,0.7464788732394366,0.37037037037037035,0.37037037037037035,False,False,True
C(=O)(N)NO,CCCC1OC2CC3C4CCC5=CC(=O)C=CC5(C4C(CC3(C2(O1)C(=O)CO)C)O)C,1,reported_twosides,0.042646799236536026,0.05288821179748908,0.05288821179748908,fitted,platt_logistic_regression,0.5234977964951845,0,0.20693315555303785,0.6334185848252344,0.005967604433077579,no_interaction,1,False,0.20833333333333334,0.7313432835820896,0.20833333333333334,False,False,True
C1CC2CN(C(=O)C3=CC=CC(=C23)C1)C4CN5CCC4CC5,CC(C)(C)NCC(COC1=NSN=C1N2CCOCC2)O,0,unreported_twosides_sampled,0.1441745012998581,0.1418059395488044,0.1418059395488044,fitted,platt_logistic_regression,0.5234977964951845,0,0.4082282933491448,0.4731457800511509,0.02216538789428815,no_interaction,1,False,0.30303030303030304,0.4,0.30303030303030304,False,False,True
CCN(CCCC(C)NC1=C2C=CC(=CC2=NC=C1)Cl)CCO,CN1CCN2C(C1)C3=CC=CC=C3CC4=C2N=CC=C4,1,reported_twosides,0.029129784554243088,0.038882103499260086,0.038882103499260086,fitted,platt_logistic_regression,0.5234977964951845,0,0.16437499309978293,0.6726342710997443,0.005115089514066497,no_interaction,1,False,0.86,0.2833333333333333,0.2833333333333333,False,False,True
C(CS(=O)(=O)O)S,C1=CC(=CC=C1C2C(C(=O)N2C3=CC=C(C=C3)F)CCC(C4=CC=C(C=C4)F)O)O,0,unreported_twosides_sampled,0.2546828091144562,0.2273120978601462,0.2273120978601462,fitted,platt_logistic_regression,0.5234977964951845,0,0.5360080655609445,0.35635123614663256,0.045183290707587385,no_interaction,1,False,0.3333333333333333,0.25,0.25,False,False,True
CC(C)(C)NCC(COC1=NSN=C1N2CCOCC2)O,CNS(=O)(=O)CCC1=CC2=C(C=C1)NC=C2C3CCN(CC3)C,0,unreported_twosides_sampled,0.170357346534729,0.16261062644510557,0.16261062644510557,fitted,platt_logistic_regression,0.5234977964951845,0,0.4439736493601953,0.4424552429667519,0.028985507246376812,no_interaction,1,False,0.4,0.4492753623188406,0.4,False,False,False
CCCC(C)(COC(=O)N)COC(=O)NC(C)C,CCCC1OC2CC3C4CCC5=CC(=O)C=CC5(C4C(CC3(C2(O1)C(=O)CO)C)O)C,1,reported_twosides,0.02027849294245243,0.02901866574240623,0.02901866574240623,fitted,platt_logistic_regression,0.5234977964951845,0,0.13131422900993928,0.7135549872122762,0.0034100596760443308,no_interaction,1,False,0.2926829268292683,0.7313432835820896,0.2926829268292683,False,False,True
C1NC2=CC(=C(C=C2S(=O)(=O)N1)S(=O)(=O)N)Cl,CC1COC2=C3N1C=C(C(=O)C3=CC(=C2N4CCN(CC4)C)F)C(=O)O,1,reported_twosides,0.630415141582489,0.5219180899186396,0.5219180899186396,fitted,platt_logistic_regression,0.5234977964951845,0,0.6921860672761863,0.12617220801364024,0.15004262574595056,no_interaction|interaction,2,True,0.5454545454545454,0.4507042253521127,0.4507042253521127,False,False,False
C1C(=O)NC(=O)N1N=CC2=CC=C(O2)[N+](=O)[O-],C1CCC(CC1)(CC(=O)O)CN,1,reported_twosides,0.7210371494293213,0.6050841193663973,0.6050841193663973,fitted,platt_logistic_regression,0.5234977964951845,1,0.670896306254918,0.09803921568627451,0.20801364023870417,interaction,1,False,0.423728813559322,0.26666666666666666,0.26666666666666666,False,False,True
C1C(=O)NC(=O)N1N=CC2=CC=C(O2)[N+](=O)[O-],CN(C)CCC1=CNC2=C1C=C(C=C2)CN3C=NC=N3,0,unreported_twosides_sampled,0.24854204058647156,0.22267432137639334,0.22267432137639334,fitted,platt_logistic_regression,0.5234977964951845,0,0.5302719811405595,0.3614663256606991,0.042625745950554135,no_interaction,1,False,0.423728813559322,0.5272727272727272,0.423728813559322,False,False,False
C1NC2=CC(=C(C=C2S(=O)(=O)N1)S(=O)(=O)N)Cl,CCN(CCCC(C)NC1=C2C=CC(=CC2=NC=C1)Cl)CCO,1,reported_twosides,0.025179071351885796,0.0345647665807012,0.0345647665807012,fitted,platt_logistic_regression,0.5234977964951845,0,0.15026808998207397,0.6879795396419437,0.004262574595055414,no_interaction,1,False,0.5454545454545454,0.86,0.5454545454545454,False,False,False
CC1COC2=C3N1C=C(C(=O)C3=CC(=C2N4CCN(CC4)C)F)C(=O)O,CN(C)CCC1=CNC2=C1C=C(C=C2)CN3C=NC=N3,1,reported_twosides,0.6324234008789062,0.5236738788490569,0.5236738788490569,fitted,platt_logistic_regression,0.5234977964951845,1,0.6920258562950184,0.12531969309462915,0.15089514066496162,no_interaction|interaction,2,True,0.4507042253521127,0.5272727272727272,0.4507042253521127,False,False,False
C(CS(=O)(=O)O)S,CCN(CCCC(C)NC1=C2C=CC(=CC2=NC=C1)Cl)CCO,0,unreported_twosides_sampled,0.022573741152882576,0.03164546808622032,0.03164546808622032,fitted,platt_logistic_regression,0.5234977964951845,0,0.1404162582408136,0.7007672634271099,0.004262574595055414,no_interaction,1,False,0.3333333333333333,0.86,0.3333333333333333,False,False,True
CCN(CCCC(C)NC1=C2C=CC(=CC2=NC=C1)Cl)CCO,CN(C)CCC1=CNC2=C1C=C(C=C2)CN3C=NC=N3,1,reported_twosides,0.07685254514217377,0.0850804635714604,0.0850804635714604,fitted,platt_logistic_regression,0.5234977964951845,0,0.29100556423968366,0.5609548167092924,0.013640238704177323,no_interaction,1,False,0.86,0.5272727272727272,0.5272727272727272,False,False,False
C1CN(CCN1CCOCCO)C2=NC3=CC=CC=C3SC4=CC=CC=C42,CCC(C)C(=O)OC1CC(C=C2C1C(C(C=C2)C)CCC3CC(CC(=O)O3)O)C,1,reported_twosides,0.990867018699646,0.9699556943604895,0.9699556943604895,fitted,platt_logistic_regression,0.5234977964951845,1,0.134896145242955,0.0034100596760443308,0.7058823529411765,interaction,1,False,0.423728813559322,0.7424242424242424,0.423728813559322,False,False,False
CNC(=C[N+](=O)[O-])NCCSCC1=CC=C(O1)CN(C)C,CNS(=O)(=O)CCC1=CC2=C(C=C1)NC=C2C3CCN(CC3)C,1,reported_twosides,0.06450378894805908,0.07385433168463783,0.07385433168463783,fitted,platt_logistic_regression,0.5234977964951845,0,0.2634966898473741,0.5848252344416027,0.010230179028132993,no_interaction,1,False,0.603448275862069,0.4492753623188406,0.4492753623188406,False,False,False
CC(C)C1=NC(=NC(=C1CCC(CC(CC(=O)O)O)O)C2=CC=C(C=C2)F)N(C)S(=O)(=O)C,CN(C)CCC1=CNC2=C1C=C(C=C2)CN3C=NC=N3,1,reported_twosides,0.9863335490226746,0.9585969603730982,0.9585969603730982,fitted,platt_logistic_regression,0.5234977964951845,1,0.17237773367861747,0.005115089514066497,0.6624040920716112,interaction,1,False,0.38461538461538464,0.5272727272727272,0.38461538461538464,False,False,True
CC(C)CN1C=NC2=C1C3=CC=CC=C3N=C2N,CN1CCN2C(C1)C3=CC=CC=C3CC4=C2N=CC=C4,0,unreported_twosides_sampled,0.7235896587371826,0.6075615323334845,0.6075615323334845,fitted,platt_logistic_regression,0.5234977964951845,1,0.6698263554542753,0.09718670076726342,0.21312872975277067,interaction,1,False,0.2727272727272727,0.2833333333333333,0.2727272727272727,False,False,True
CC(C)CC(C1(CCC1)C2=CC=C(C=C2)Cl)N(C)C,CN1C2CCCC1CC(C2)NC(=O)C3=NN(C4=CC=CC=C43)C,0,unreported_twosides_sampled,0.7877370715141296,0.6729837871633626,0.6729837871633626,fitted,platt_logistic_regression,0.5234977964951845,1,0.6320453978354972,0.07757885763000852,0.26427962489343565,interaction,1,False,0.27419354838709675,0.3064516129032258,0.27419354838709675,False,False,True
C(C(C(C(C(CO)O)O)O)O)O,COC1=CC(=C(C=C1)OC)C(CNC(=O)CN)O,0,unreported_twosides_sampled,0.12141692638397217,0.12326302775446463,0.12326302775446463,fitted,platt_logistic_regression,0.5234977964951845,0,0.3733763218520144,0.49531116794543906,0.020460358056265986,no_interaction,1,False,0.21739130434782608,0.3137254901960784,0.21739130434782608,False,False,True
C1=CC(=C(C=C1OC2=C(C=C(C=C2I)CC(C(=O)O)N)I)I)O,CC(C=CC(C1CC1)O)C2CCC3C2(CCCC3=CC=C4CC(CC(C4=C)O)O)C,0,unreported_twosides_sampled,0.9714467525482178,0.9261344091685201,0.9261344091685201,fitted,platt_logistic_regression,0.5234977964951845,1,0.26352516259230907,0.010230179028132993,0.5848252344416027,interaction,1,False,0.7441860465116279,0.6307692307692307,0.6307692307692307,False,False,False
C1=CC(=CC=C1C2C(C(=O)N2C3=CC=C(C=C3)F)CCC(C4=CC=C(C=C4)F)O)O,C1C(=O)NC(=O)N1N=CC2=CC=C(O2)[N+](=O)[O-],1,reported_twosides,0.2842552363872528,0.24956435013736378,0.24956435013736378,fitted,platt_logistic_regression,0.5234977964951845,0,0.5618560280211649,0.3333333333333333,0.05200341005967604,no_interaction,1,False,0.25,0.423728813559322,0.25,False,False,True
C1=CC(=C(C=C1C2=C(C=C(C=C2)F)F)C(=O)O)O,CC1=C(C(=O)N2CCCCC2=N1)CCN3CCC(CC3)C4=NOC5=C4C=CC(=C5)F,0,unreported_twosides_sampled,0.6144495606422424,0.5080781385652945,0.5080781385652945,fitted,platt_logistic_regression,0.5234977964951845,0,0.693016662236142,0.1329923273657289,0.14066496163682865,no_interaction|interaction,2,True,0.43243243243243246,0.7464788732394366,0.43243243243243246,False,False,False
CC1=NN=C(S1)SCC2=C(N3C(C(C3=O)NC(=O)CN4C=NN=N4)SC2)C(=O)[O-],CCCC(C)(COC(=O)N)COC(=O)NC(C)C,1,reported_twosides,0.5370717644691467,0.44358446466251467,0.44358446466251467,fitted,platt_logistic_regression,0.5234977964951845,0,0.68676817984117,0.17306052855924978,0.11508951406649616,no_interaction|interaction,2,True,0.4574468085106383,0.2926829268292683,0.2926829268292683,False,False,True
C1=CC(=CC=C1C2C(C(=O)N2C3=CC=C(C=C3)F)CCC(C4=CC=C(C=C4)F)O)O,CCN(CCCC(C)NC1=C2C=CC(=CC2=NC=C1)Cl)CCO,1,reported_twosides,0.04482539743185043,0.05505759132453692,0.05505759132453692,fitted,platt_logistic_regression,0.5234977964951845,0,0.2131459466046014,0.6274509803921569,0.005967604433077579,no_interaction,1,False,0.25,0.86,0.25,False,False,True
CCCC1OC2CC3C4CCC5=CC(=O)C=CC5(C4C(CC3(C2(O1)C(=O)CO)C)O)C,CN1CCN2C(C1)C3=CC=CC=C3CC4=C2N=CC=C4,1,reported_twosides,0.029072174802422523,0.03882000599147126,0.03882000599147126,fitted,platt_logistic_regression,0.5234977964951845,0,0.1641757598117688,0.6726342710997443,0.005115089514066497,no_interaction,1,False,0.7313432835820896,0.2833333333333333,0.2833333333333333,False,False,True
C1=NNC2=C1NC=NC2=O,CC12CCC3C(C1CCC2C(=O)NC4=C(C=CC(=C4)C(F)(F)F)C(F)(F)F)CCC5C3(C=CC(=O)N5)C,1,reported_twosides,0.6009208559989929,0.4965075930272288,0.4965075930272288,fitted,platt_logistic_regression,0.5234977964951845,0,0.6931227865486618,0.13981244671781756,0.13384484228473997,no_interaction|interaction,2,True,0.28205128205128205,0.6417910447761194,0.28205128205128205,False,False,True
C1=CC(=CC=C1C(=O)NC(CCC(=O)O)C(=O)O)NCC2=CN=C3C(=N2)C(=O)N=C(N3)N,CC1=CC2=C(C=C1C)N(C=N2)C3C(C(C(O3)CO)OP(=O)([O-])OC(C)CNC(=O)CCC4(C(C5C6(C(C(C(=N6)C(=C7C(C(C(=N7)C=C8C(C(C(=N8)C(=C4[N-]5)C)CCC(=O)N)(C)C)CCC(=O)N)(C)CC(=O)N)C)CCC(=O)N)(C)CC(=O)N)C)CC(=O)N)C)O.O.[Co],1,reported_twosides,0.827403724193573,0.7171765008881782,0.7171765008881782,fitted,platt_logistic_regression,0.5234977964951845,1,0.5956002721312943,0.06223358908780904,0.3069053708439898,interaction,1,False,0.5256410256410257,0.8709677419354839,0.5256410256410257,False,False,False
CC1COC2=C3N1C=C(C(=O)C3=CC(=C2N4CCN(CC4)C)F)C(=O)O,CCCC1OC2CC3C4CCC5=CC(=O)C=CC5(C4C(CC3(C2(O1)C(=O)CO)C)O)C,1,reported_twosides,0.10077528655529022,0.10594956030064716,0.10594956030064716,fitted,platt_logistic_regression,0.5234977964951845,0,0.337962207685246,0.5183290707587382,0.017902813299232736,no_interaction,1,False,0.4507042253521127,0.7313432835820896,0.4507042253521127,False,False,False
C1CCC(CC1)(CC(=O)O)CN,CCCCCCCCCCCC(CC1C(C(=O)O1)CCCCCC)OC(=O)C(CC(C)C)NC=O,1,reported_twosides,0.6196180582046509,0.5125359200913703,0.5125359200913703,fitted,platt_logistic_regression,0.5234977964951845,0,0.6928328490387219,0.12958226768968456,0.14492753623188406,no_interaction|interaction,2,True,0.26666666666666666,0.30666666666666664,0.26666666666666666,False,False,True
C1=CC(=C(C=C1F)F)C(CN2C=NC=N2)(CN3C=NC=N3)O,CC#CCC(C)C(C=CC1C(CC2C1CC(=CCCCC(=O)O)C2)O)O,0,unreported_twosides_sampled,0.6068994402885437,0.5016037134306225,0.5016037134306225,fitted,platt_logistic_regression,0.5234977964951845,0,0.6931420367575907,0.13469735720375106,0.13810741687979539,no_interaction|interaction,2,True,0.5961538461538461,0.35064935064935066,0.35064935064935066,False,False,True
C1CCC(CC1)(CC(=O)O)CN,CC12CC(=O)C3C(C1CCC2(C(=O)CO)O)CCC4=CC(=O)C=CC34C,1,reported_twosides,0.898236870765686,0.8066469249940386,0.8066469249940386,fitted,platt_logistic_regression,0.5234977964951845,1,0.49104859314305627,0.03495311167945439,0.3981244671781756,interaction,1,False,0.26666666666666666,0.6896551724137931,0.26666666666666666,False,False,True
CC(C)(C1=CC=C(C=C1)C(CCCN2CCC(CC2)C(C3=CC=CC=C3)(C4=CC=CC=C4)O)O)C(=O)O,CC(C)C1=NC(=NC(=C1CCC(CC(CC(=O)O)O)O)C2=CC=C(C=C2)F)N(C)S(=O)(=O)C,1,reported_twosides,0.9997907280921936,0.9985882721278517,0.9985882721278517,fitted,platt_logistic_regression,0.5234977964951845,1,0.010675817483730112,0.0008525149190110827,0.9266837169650469,interaction,1,False,0.3442622950819672,0.38461538461538464,0.3442622950819672,False,False,True
CCCC(C)(COC(=O)N)COC(=O)NC(C)C,CN(C)CCC1=CNC2=C1C=C(C=C2)CN3C=NC=N3,1,reported_twosides,0.2535756528377533,0.22647645718038553,0.22647645718038553,fitted,platt_logistic_regression,0.5234977964951845,0,0.53498362678278,0.3597612958226769,0.0443307757885763,no_interaction,1,False,0.2926829268292683,0.5272727272727272,0.2926829268292683,False,False,True
C1=NNC2=C1NC=NC2=O,CN1C2CCCC1CC(C2)NC(=O)C3=NN(C4=CC=CC=C43)C,1,reported_twosides,0.7239840626716614,0.6079450974830289,0.6079450974830289,fitted,platt_logistic_regression,0.5234977964951845,1,0.669658400656091,0.09718670076726342,0.21312872975277067,interaction,1,False,0.28205128205128205,0.3064516129032258,0.28205128205128205,False,False,True
C1=CC(=C(C=C1F)F)C(CN2C=NC=N2)(CN3C=NC=N3)O,C1=CC(=C(C=C1OC2=C(C=C(C=C2I)CC(C(=O)O)N)I)I)O,1,reported_twosides,0.9996007084846497,0.9976109367532514,0.9976109367532514,fitted,platt_logistic_regression,0.5234977964951845,1,0.016808633026273105,0.0008525149190110827,0.9062233589087809,interaction,1,False,0.5961538461538461,0.7441860465116279,0.5961538461538461,False,False,False
C1CC2CN(C(=O)C3=CC=CC(=C23)C1)C4CN5CCC4CC5,CC1=NN=C(S1)SCC2=C(N3C(C(C3=O)NC(=O)CN4C=NN=N4)SC2)C(=O)[O-],0,unreported_twosides_sampled,0.6877242922782898,0.5734917580326522,0.5734917580326522,fitted,platt_logistic_regression,0.5234977964951845,1,0.6823058685464418,0.10741687979539642,0.1867007672634271,no_interaction|interaction,2,True,0.30303030303030304,0.4574468085106383,0.30303030303030304,False,False,True
CC(C)CN1C=NC2=C1C3=CC=CC=C3N=C2N,CC12CC(=O)C3C(C1CCC2(C(=O)CO)O)CCC4=CC(=O)C=CC34C,1,reported_twosides,0.9702006578445435,0.9236416964689004,0.9236416964689004,fitted,platt_logistic_regression,0.5234977964951845,1,0.2697837127536588,0.011082693947144074,0.5797101449275363,interaction,1,False,0.2727272727272727,0.6896551724137931,0.2727272727272727,False,False,True
C1=CC(=C(C=C1OC2=C(C=C(C=C2I)CC(C(=O)O)N)I)I)O,CCN(CCCC(C)NC1=C2C=CC(=CC2=NC=C1)Cl)CCO,1,reported_twosides,0.6192572712898254,0.5122240545876553,0.5122240545876553,fitted,platt_logistic_regression,0.5234977964951845,0,0.69284829576026,0.12958226768968456,0.14492753623188406,no_interaction|interaction,2,True,0.7441860465116279,0.86,0.7441860465116279,False,False,False
CC12CCC3C(C1CCC2C(=O)NC4=C(C=CC(=C4)C(F)(F)F)C(F)(F)F)CCC5C3(C=CC(=O)N5)C,CNC(=C[N+](=O)[O-])NCCSCC1=CC=C(O1)CN(C)C,1,reported_twosides,0.3937744200229645,0.33188081396193037,0.33188081396193037,fitted,platt_logistic_regression,0.5234977964951845,0,0.6355026080507329,0.257459505541347,0.0784313725490196,no_interaction,1,False,0.6417910447761194,0.603448275862069,0.603448275862069,False,False,False
CC1=C(C(=O)N2CCCCC2=N1)CCN3CCC(CC3)C4=NOC5=C4C=CC(=C5)F,CCCCCCCCCCCC(CC1C(C(=O)O1)CCCCCC)OC(=O)C(CC(C)C)NC=O,1,reported_twosides,0.13746395707130432,0.13638875188737057,0.13638875188737057,fitted,platt_logistic_regression,0.5234977964951845,0,0.3983534700313881,0.47911338448422847,0.021312872975277068,no_interaction,1,False,0.7464788732394366,0.30666666666666664,0.30666666666666664,False,False,True
CCN(CCCC(C)NC1=C2C=CC(=CC2=NC=C1)Cl)CCO,CNS(=O)(=O)CCC1=CC2=C(C=C1)NC=C2C3CCN(CC3)C,0,unreported_twosides_sampled,0.0017653946997597814,0.004003330645124389,0.004003330645124389,fitted,platt_logistic_regression,0.5234977964951845,0,0.026096208269152495,0.8849104859335039,0.0008525149190110827,no_interaction,1,False,0.86,0.4492753623188406,0.4492753623188406,False,False,False
C(=O)(N)NO,C1=CC(=CC=C1C2C(C(=O)N2C3=CC=C(C=C3)F)CCC(C4=CC=C(C=C4)F)O)O,1,reported_twosides,0.5774986743927002,0.4767892621105529,0.4767892621105529,fitted,platt_logistic_regression,0.5234977964951845,0,0.6920693165338891,0.15004262574595056,0.12531969309462915,no_interaction|interaction,2,True,0.20833333333333334,0.25,0.20833333333333334,False,False,True
CC1=CC(=CC=C1)CN2CCN(CC2)C(C3=CC=CC=C3)C4=CC=C(C=C4)Cl,CCCCCCCCCCCC(CC1C(C(=O)O1)CCCCCC)OC(=O)C(CC(C)C)NC=O,0,unreported_twosides_sampled,0.33507290482521057,0.28766947657502556,0.28766947657502556,fitted,platt_logistic_regression,0.5234977964951845,0,0.6000517588232962,0.29838022165387895,0.06479113384484228,no_interaction,1,False,0.5094339622641509,0.30666666666666664,0.30666666666666664,False,False,True
CCC(C)C(=O)OC1CC(C=C2C1C(C(C=C2)C)CCC3CC(CC(=O)O3)O)C,CCCC(C)(COC(=O)N)COC(=O)NC(C)C,1,reported_twosides,0.9980852603912354,0.9914622673764297,0.9914622673764297,fitted,platt_logistic_regression,0.5234977964951845,1,0.049168620666368686,0.0017050298380221654,0.8363171355498721,interaction,1,False,0.7424242424242424,0.2926829268292683,0.2926829268292683,False,False,True
CC(C)(C)NCC(COC1=NSN=C1N2CCOCC2)O,CC(C)(C1=CC=C(C=C1)C(CCCN2CCC(CC2)C(C3=CC=CC=C3)(C4=CC=CC=C4)O)O)C(=O)O,1,reported_twosides,0.09886078536510468,0.1043146981912864,0.1043146981912864,fitted,platt_logistic_regression,0.5234977964951845,0,0.3344612026611813,0.5234441602728048,0.017902813299232736,no_interaction,1,False,0.4,0.3442622950819672,0.3442622950819672,False,False,True
CC(C)(C)NCC(COC1=NSN=C1N2CCOCC2)O,CCCC(C)(COC(=O)N)COC(=O)NC(C)C,1,reported_twosides,0.3054070472717285,0.26542980582898457,0.26542980582898457,fitted,platt_logistic_regression,0.5234977964951845,0,0.5786600465242073,0.3171355498721228,0.05370843989769821,no_interaction,1,False,0.4,0.2926829268292683,0.2926829268292683,False,False,True
C1CCC(CC1)(CC(=O)O)CN,CC1=C(C(=O)N2CCCCC2=N1)CCN3CCC(CC3)C4=NOC5=C4C=CC(=C5)F,1,reported_twosides,0.2663382589817047,0.23609656530735532,0.23609656530735532,fitted,platt_logistic_regression,0.5234977964951845,0,0.5465385949579658,0.34782608695652173,0.04859335038363171,no_interaction,1,False,0.26666666666666666,0.7464788732394366,0.26666666666666666,False,False,True
C1=CC(=C(C=C1F)F)C(CN2C=NC=N2)(CN3C=NC=N3)O,CC1=C(C(=O)N2CCCCC2=N1)CCN3CCC(CC3)C4=NOC5=C4C=CC(=C5)F,1,reported_twosides,0.21511784195899963,0.19727195812065515,0.19727195812065515,fitted,platt_logistic_regression,0.5234977964951845,0,0.49659721765190606,0.39471440750213127,0.03751065643648764,no_interaction,1,False,0.5961538461538461,0.7464788732394366,0.5961538461538461,False,False,False
C1C(=O)NC(=O)N1N=CC2=CC=C(O2)[N+](=O)[O-],CNC(=C[N+](=O)[O-])NCCSCC1=CC=C(O1)CN(C)C,1,reported_twosides,0.6782528162002563,0.564742553758534,0.564742553758534,fitted,platt_logistic_regression,0.5234977964951845,1,0.6847403994970731,0.11082693947144075,0.17902813299232737,no_interaction|interaction,2,True,0.423728813559322,0.603448275862069,0.423728813559322,False,False,False
C1NC2=CC(=C(C=C2S(=O)(=O)N1)S(=O)(=O)N)Cl,CCCCCCCCCCCC(CC1C(C(=O)O1)CCCCCC)OC(=O)C(CC(C)C)NC=O,1,reported_twosides,0.6072931885719299,0.5019402837559871,0.5019402837559871,fitted,platt_logistic_regression,0.5234977964951845,0,0.6931396511389404,0.13469735720375106,0.13810741687979539,no_interaction|interaction,2,True,0.5454545454545454,0.30666666666666664,0.30666666666666664,False,False,True
CC(C)(C1=CC=C(C=C1)C(CCCN2CCC(CC2)C(C3=CC=CC=C3)(C4=CC=CC=C4)O)O)C(=O)O,CC12CC(=O)C3C(C1CCC2(C(=O)CO)O)CCC4=CC(=O)C=CC34C,1,reported_twosides,0.7578043937683105,0.6416483144738899,0.6416483144738899,fitted,platt_logistic_regression,0.5234977964951845,1,0.6524639136549011,0.08269394714407502,0.23358908780903667,interaction,1,False,0.3442622950819672,0.6896551724137931,0.3442622950819672,False,False,True
C1CN=C(N1)NC2=C(C=CC=C2Cl)Cl,CN1C2CCCC1CC(C2)NC(=O)C3=NN(C4=CC=CC=C43)C,1,reported_twosides,0.9980981945991516,0.9915090230183204,0.9915090230183204,fitted,platt_logistic_regression,0.5234977964951845,1,0.04894618293560163,0.0017050298380221654,0.8371696504688833,interaction,1,False,0.5853658536585366,0.3064516129032258,0.3064516129032258,False,False,True
CC(C)(C)NCC(COC1=NSN=C1N2CCOCC2)O,CCCC1OC2CC3C4CCC5=CC(=O)C=CC5(C4C(CC3(C2(O1)C(=O)CO)C)O)C,0,unreported_twosides_sampled,0.2899947464466095,0.2538719884785821,0.2538719884785821,fitted,platt_logistic_regression,0.5234977964951845,0,0.5665491156579223,0.3290707587382779,0.05200341005967604,no_interaction,1,False,0.4,0.7313432835820896,0.4,False,False,False
CC#CCC(C)C(C=CC1C(CC2C1CC(=CCCCC(=O)O)C2)O)O,CCC(C)C(=O)OC1CC(C=C2C1C(C(C=C2)C)CCC3CC(CC(=O)O3)O)C,1,reported_twosides,0.9964311122894287,0.9858737543059312,0.9858737543059312,fitted,platt_logistic_regression,0.5234977964951845,1,0.07419985994363114,0.0025575447570332483,0.7911338448422848,interaction,1,False,0.35064935064935066,0.7424242424242424,0.35064935064935066,False,False,True
CC1=C(C(=O)N2CCCCC2=N1)CCN3CCC(CC3)C4=NOC5=C4C=CC(=C5)F,CN1C2CCCC1CC(C2)NC(=O)C3=NN(C4=CC=CC=C43)C,0,unreported_twosides_sampled,0.7517614364624023,0.6355024612197512,0.6355024612197512,fitted,platt_logistic_regression,0.5234977964951845,1,0.6559620992144846,0.08439897698209718,0.23017902813299232,interaction,1,False,0.7464788732394366,0.3064516129032258,0.3064516129032258,False,False,True
C1NC2=CC(=C(C=C2S(=O)(=O)N1)S(=O)(=O)N)Cl,CC(C)(C)NCC(COC1=NSN=C1N2CCOCC2)O,1,reported_twosides,0.3608130216598511,0.3070030309771923,0.3070030309771923,fitted,platt_logistic_regression,0.5234977964951845,0,0.616681698780509,0.2770673486786019,0.07246376811594203,no_interaction,1,False,0.5454545454545454,0.4,0.4,False,False,False
C1CN=C(N1)NC2=C(C=CC=C2Cl)Cl,CN1C=NC2=C1C(=O)N(C(=O)N2C)C,0,unreported_twosides_sampled,0.7057574391365051,0.5904278352453792,0.5904278352453792,fitted,platt_logistic_regression,0.5234977964951845,1,0.6767024511339312,0.10144927536231885,0.19607843137254902,no_interaction|interaction,2,True,0.5853658536585366,0.47058823529411764,0.47058823529411764,False,False,False
CC(C)C1=NC(=NC(=C1CCC(CC(CC(=O)O)O)O)C2=CC=C(C=C2)F)N(C)S(=O)(=O)C,CC1COC2=C3N1C=C(C(=O)C3=CC(=C2N4CCN(CC4)C)F)C(=O)O,1,reported_twosides,0.9998118281364441,0.9987053560560833,0.9987053560560833,fitted,platt_logistic_regression,0.5234977964951845,1,0.00990256576975973,0.0008525149190110827,0.928388746803069,interaction,1,False,0.38461538461538464,0.4507042253521127,0.38461538461538464,False,False,True
C1CC[N+]2(C1)C3CCC2CC(C3)OC(=O)C(C4=CC=CC=C4)(C5=CC=CC=C5)O,CCCC1OC2CC3C4CCC5=CC(=O)C=CC5(C4C(CC3(C2(O1)C(=O)CO)C)O)C,1,reported_twosides,0.012293667532503605,0.019356769726623712,0.019356769726623712,fitted,platt_logistic_regression,0.5234977964951845,0,0.09552510926024832,0.7612958226768969,0.0025575447570332483,no_interaction,1,False,0.4444444444444444,0.7313432835820896,0.4444444444444444,False,False,False
CC1=CN(C(=O)NC1=O)C2CC(C(O2)CO)N=[N+]=[N-],CCC(C)C(=O)OC1CC(C=C2C1C(C(C=C2)C)CCC3CC(CC(=O)O3)O)C,0,unreported_twosides_sampled,0.3156659007072449,0.2731193007993994,0.2731193007993994,fitted,platt_logistic_regression,0.5234977964951845,0,0.5863367436037953,0.3137254901960784,0.057971014492753624,no_interaction,1,False,0.7083333333333334,0.7424242424242424,0.7083333333333334,False,False,False
C1NC2=CC(=C(C=C2S(=O)(=O)N1)S(=O)(=O)N)Cl,CC(C)CN1C=NC2=C1C3=CC=CC=C3N=C2N,1,reported_twosides,0.5568119883537292,0.4596760728076466,0.4596760728076466,fitted,platt_logistic_regression,0.5234977964951845,0,0.6898916078971942,0.15942028985507245,0.1184995737425405,no_interaction|interaction,2,True,0.5454545454545454,0.2727272727272727,0.2727272727272727,False,False,True
CC(C)C(C(=O)OCC(CO)OCN1C=NC2=C1NC(=NC2=O)N)N,CC1=CC(=CC=C1)CN2CCN(CC2)C(C3=CC=CC=C3)C4=CC=C(C=C4)Cl,0,unreported_twosides_sampled,0.05569139122962952,0.06559619486389574,0.06559619486389574,fitted,platt_logistic_regression,0.5234977964951845,0,0.24209573599473144,0.6001705029838023,0.008525149190110827,no_interaction,1,False,0.7307692307692307,0.5094339622641509,0.5094339622641509,False,False,False
CC1C(C(CC(O1)OC2CC(CC3=C2C(=C4C(=C3O)C(=O)C5=C(C4=O)C(=CC=C5)OC)O)(C(=O)CO)O)[NH3+])O,CCC(C)C(=O)OC1CC(C=C2C1C(C(C=C2)C)CCC3CC(CC(=O)O3)O)C,1,reported_twosides,0.9995286464691162,0.9972655452139183,0.9972655452139183,fitted,platt_logistic_regression,0.5234977964951845,1,0.018868981475241617,0.0008525149190110827,0.9011082693947144,interaction,1,False,0.23728813559322035,0.7424242424242424,0.23728813559322035,False,False,True
C1=NNC2=C1NC=NC2=O,C1CN(CCN1CCOCCO)C2=NC3=CC=CC=C3SC4=CC=CC=C42,1,reported_twosides,0.21749986708164215,0.19909306426219486,0.19909306426219486,fitted,platt_logistic_regression,0.5234977964951845,0,0.49914257030394193,0.391304347826087,0.03751065643648764,no_interaction,1,False,0.28205128205128205,0.423728813559322,0.28205128205128205,False,False,True
C1NC2=CC(=C(C=C2S(=O)(=O)N1)S(=O)(=O)N)Cl,CC(C=CC(C1CC1)O)C2CCC3C2(CCCC3=CC=C4CC(CC(C4=C)O)O)C,1,reported_twosides,0.379919171333313,0.321402340028083,0.321402340028083,fitted,platt_logistic_regression,0.5234977964951845,0,0.6279219866822907,0.2659846547314578,0.07672634271099744,no_interaction,1,False,0.5454545454545454,0.6307692307692307,0.5454545454545454,False,False,False
C1=CC(=C(C=C1F)F)C(CN2C=NC=N2)(CN3C=NC=N3)O,C1=CC(=CC=C1C2C(C(=O)N2C3=CC=C(C=C3)F)CCC(C4=CC=C(C=C4)F)O)O,1,reported_twosides,0.8844810724258423,0.7879106498899363,0.7879106498899363,fitted,platt_logistic_regression,0.5234977964951845,1,0.5167117788667968,0.0392156862745098,0.37851662404092073,interaction,1,False,0.5961538461538461,0.25,0.25,False,False,True
CC1COC2=C3N1C=C(C(=O)C3=CC(=C2N4CCN(CC4)C)F)C(=O)O,CN(C)CC1CCCCC1(C2=CC(=CC=C2)OC)O,1,reported_twosides,0.9657135605812073,0.914878419389372,0.914878419389372,fitted,platt_logistic_regression,0.5234977964951845,1,0.2911032161639996,0.013640238704177323,0.5601023017902813,interaction,1,False,0.4507042253521127,0.37037037037037035,0.37037037037037035,False,False,True
CC(C)(C1=CC=C(C=C1)C(CCCN2CCC(CC2)C(C3=CC=CC=C3)(C4=CC=CC=C4)O)O)C(=O)O,CN(C)CC1CCCCC1(C2=CC(=CC=C2)OC)O,1,reported_twosides,0.9762495756149292,0.9360160318733154,0.9360160318733154,fitted,platt_logistic_regression,0.5234977964951845,1,0.23779166429278564,0.008525149190110827,0.6052855924978687,interaction,1,False,0.3442622950819672,0.37037037037037035,0.3442622950819672,False,False,True
C(C(C(C(C(CO)O)O)O)O)O,CC1=CN(C(=O)NC1=O)C2CC(C(O2)CO)N=[N+]=[N-],0,unreported_twosides_sampled,0.19990955293178558,0.1855960879010342,0.1855960879010342,fitted,platt_logistic_regression,0.5234977964951845,0,0.4797738600995187,0.4100596760443308,0.03154305200341006,no_interaction,1,False,0.21739130434782608,0.7083333333333334,0.21739130434782608,False,False,True
CC(C=CC(C1CC1)O)C2CCC3C2(CCCC3=CC=C4CC(CC(C4=C)O)O)C,CN1C2CCCC1CC(C2)NC(=O)C3=NN(C4=CC=CC=C43)C,0,unreported_twosides_sampled,0.27254194021224976,0.24076393897554252,0.24076393897554252,fitted,platt_logistic_regression,0.5234977964951845,0,0.5519589062619379,0.3452685421994885,0.05029838022165388,no_interaction,1,False,0.6307692307692307,0.3064516129032258,0.3064516129032258,False,False,True
CC(C)CC(C1(CCC1)C2=CC=C(C=C2)Cl)N(C)C,CC1COC2=C3N1C=C(C(=O)C3=CC(=C2N4CCN(CC4)C)F)C(=O)O,0,unreported_twosides_sampled,0.7245274186134338,0.6084738585167996,0.6084738585167996,fitted,platt_logistic_regression,0.5234977964951845,1,0.669425855736516,0.09718670076726342,0.21312872975277067,interaction,1,False,0.27419354838709675,0.4507042253521127,0.27419354838709675,False,False,True
C1=CC(=C(C=C1C2=C(C=C(C=C2)F)F)C(=O)O)O,CN1CCN2C(C1)C3=CC=CC=C3CC4=C2N=CC=C4,0,unreported_twosides_sampled,0.5398433208465576,0.4458305358040379,0.4458305358040379,fitted,platt_logistic_regression,0.5234977964951845,0,0.687266984219604,0.17050298380221654,0.11594202898550725,no_interaction|interaction,2,True,0.43243243243243246,0.2833333333333333,0.2833333333333333,False,False,True
C1C(=O)NC(=O)N1N=CC2=CC=C(O2)[N+](=O)[O-],CC(C)C(C(=O)OCC(CO)OCN1C=NC2=C1NC(=NC2=O)N)N,1,reported_twosides,0.10609611123800278,0.11046545955822361,0.11046545955822361,fitted,platt_logistic_regression,0.5234977964951845,0,0.34748738721138084,0.5123614663256607,0.01875532821824382,no_interaction,1,False,0.423728813559322,0.7307692307692307,0.423728813559322,False,False,False
CC1=CC(=CC=C1)CN2CCN(CC2)C(C3=CC=CC=C3)C4=CC=C(C=C4)Cl,CC1C(C(CC(O1)OC2CC(CC3=C2C(=C4C(=C3O)C(=O)C5=C(C4=O)C(=CC=C5)OC)O)(C(=O)CO)O)[NH3+])O,0,unreported_twosides_sampled,0.45479321479797363,0.37855827452019186,0.37855827452019186,fitted,platt_logistic_regression,0.5234977964951845,0,0.6633539190148047,0.22421142369991476,0.09292412617220801,no_interaction,1,False,0.5094339622641509,0.23728813559322035,0.23728813559322035,False,False,True
C(CS(=O)(=O)O)S,C1C(=O)NC(=O)N1N=CC2=CC=C(O2)[N+](=O)[O-],0,unreported_twosides_sampled,0.11392814666032791,0.11704347549368911,0.11704347549368911,fitted,platt_logistic_regression,0.5234977964951845,0,0.3609926378798749,0.5038363171355499,0.0196078431372549,no_interaction,1,False,0.3333333333333333,0.423728813559322,0.3333333333333333,False,False,True
C1=CC(=CC=C1C2C(C(=O)N2C3=CC=C(C=C3)F)CCC(C4=CC=C(C=C4)F)O)O,C1CC[N+]2(C1)C3CCC2CC(C3)OC(=O)C(C4=CC=CC=C4)(C5=CC=CC=C5)O,1,reported_twosides,0.4134072959423065,0.34679469694389947,0.34679469694389947,fitted,platt_logistic_regression,0.5234977964951845,0,0.6454398185673798,0.24381926683716965,0.08098891730605286,no_interaction,1,False,0.25,0.4444444444444444,0.25,False,False,True
CC1=NN=C(S1)SCC2=C(N3C(C(C3=O)NC(=O)CN4C=NN=N4)SC2)C(=O)[O-],CN1CCN2C(C1)C3=CC=CC=C3CC4=C2N=CC=C4,1,reported_twosides,0.6064614653587341,0.5012294765896352,0.5012294765896352,fitted,platt_logistic_regression,0.5234977964951845,0,0.6931441573315298,0.13469735720375106,0.13810741687979539,no_interaction|interaction,2,True,0.4574468085106383,0.2833333333333333,0.2833333333333333,False,False,True
C1NC2=CC(=C(C=C2S(=O)(=O)N1)S(=O)(=O)N)Cl,CC(C)CC(C1(CCC1)C2=CC=C(C=C2)Cl)N(C)C,1,reported_twosides,0.3294450044631958,0.28344870355264434,0.28344870355264434,fitted,platt_logistic_regression,0.5234977964951845,0,0.5961810610908472,0.30434782608695654,0.06223358908780904,no_interaction,1,False,0.5454545454545454,0.27419354838709675,0.27419354838709675,False,False,True
C1=NNC2=C1NC=NC2=O,CC1=C(C(=O)N2CCCCC2=N1)CCN3CCC(CC3)C4=NOC5=C4C=CC(=C5)F,1,reported_twosides,0.041114889085292816,0.05134994505751275,0.05134994505751275,fitted,platt_logistic_regression,0.5234977964951845,0,0.20247105291550985,0.6368286445012787,0.005967604433077579,no_interaction,1,False,0.28205128205128205,0.7464788732394366,0.28205128205128205,False,False,True
C1=CC(=CC=C1C(=O)NC(CCC(=O)O)C(=O)O)NCC2=CN=C3C(=N2)C(=O)N=C(N3)N,CC1=CC(=CC=C1)CN2CCN(CC2)C(C3=CC=CC=C3)C4=CC=C(C=C4)Cl,1,reported_twosides,0.27403050661087036,0.24188314457036492,0.24188314457036492,fitted,platt_logistic_regression,0.5234977964951845,0,0.553240886531061,0.34441602728047743,0.05115089514066496,no_interaction,1,False,0.5256410256410257,0.5094339622641509,0.5094339622641509,False,False,False
C1CN=C(N1)NC2=C(C=CC=C2Cl)Cl,CCCC(C)(COC(=O)N)COC(=O)NC(C)C,1,reported_twosides,0.06904976069927216,0.07802993731480976,0.07802993731480976,fitted,platt_logistic_regression,0.5234977964951845,0,0.27393122842046247,0.5763000852514919,0.01278772378516624,no_interaction,1,False,0.5853658536585366,0.2926829268292683,0.2926829268292683,False,False,True
CC12CCC3C(C1CCC2C(=O)NC4=C(C=CC(=C4)C(F)(F)F)C(F)(F)F)CCC5C3(C=CC(=O)N5)C,CCC(C)C(=O)OC1CC(C=C2C1C(C(C=C2)C)CCC3CC(CC(=O)O3)O)C,1,reported_twosides,0.9999027252197266,0.9992437866946688,0.9992437866946688,fitted,platt_logistic_regression,0.5234977964951845,1,0.006190973795450687,0.0008525149190110827,0.9403239556692242,interaction,1,False,0.6417910447761194,0.7424242424242424,0.6417910447761194,False,False,False
C1C(=O)NC(=O)N1N=CC2=CC=C(O2)[N+](=O)[O-],COC1=CC(=C(C=C1)OC)C(CNC(=O)CN)O,0,unreported_twosides_sampled,0.874670684337616,0.7750068894197827,0.7750068894197827,fitted,platt_logistic_regression,0.5234977964951845,1,0.5331553200242898,0.043478260869565216,0.3597612958226769,interaction,1,False,0.423728813559322,0.3137254901960784,0.3137254901960784,False,False,True
C1=NNC2=C1NC=NC2=O,CCCCCCCCCCCC(CC1C(C(=O)O1)CCCCCC)OC(=O)C(CC(C)C)NC=O,1,reported_twosides,0.18968826532363892,0.17769526729971383,0.17769526729971383,fitted,platt_logistic_regression,0.5234977964951845,0,0.46788065693755543,0.4185848252344416,0.03154305200341006,no_interaction,1,False,0.28205128205128205,0.30666666666666664,0.28205128205128205,False,False,True
C(C(C(C(C(CO)O)O)O)O)O,CC(C)(C1=CC=C(C=C1)C(CCCN2CCC(CC2)C(C3=CC=CC=C3)(C4=CC=CC=C4)O)O)C(=O)O,0,unreported_twosides_sampled,0.0846010372042656,0.09195277171248323,0.09195277171248323,fitted,platt_logistic_regression,0.5234977964951845,0,0.30703269369414665,0.5498721227621484,0.01619778346121057,no_interaction,1,False,0.21739130434782608,0.3442622950819672,0.21739130434782608,False,False,True
CCCCCCCCCCCC(CC1C(C(=O)O1)CCCCCC)OC(=O)C(CC(C)C)NC=O,CN1C=NC2=C1C(=O)N(C(=O)N2C)C,0,unreported_twosides_sampled,0.2978236973285675,0.2597443210131259,0.2597443210131259,fitted,platt_logistic_regression,0.5234977964951845,0,0.572789315029796,0.32651321398124467,0.05370843989769821,no_interaction,1,False,0.30666666666666664,0.47058823529411764,0.30666666666666664,False,False,True
C1NC2=CC(=C(C=C2S(=O)(=O)N1)S(=O)(=O)N)Cl,CC#CCC(C)C(C=CC1C(CC2C1CC(=CCCCC(=O)O)C2)O)O,1,reported_twosides,0.648784339427948,0.5381088667966145,0.5381088667966145,fitted,platt_logistic_regression,0.5234977964951845,1,0.6902397903695032,0.1184995737425405,0.1585677749360614,no_interaction|interaction,2,True,0.5454545454545454,0.35064935064935066,0.35064935064935066,False,False,True
C1CN(CCN1CCOCCO)C2=NC3=CC=CC=C3SC4=CC=CC=C42,CC1=CN(C(=O)NC1=O)C2CC(C(O2)CO)N=[N+]=[N-],1,reported_twosides,0.31008851528167725,0.26893891053018715,0.26893891053018715,fitted,platt_logistic_regression,0.5234977964951845,0,0.5822005980323776,0.3154305200341006,0.056265984654731455,no_interaction,1,False,0.423728813559322,0.7083333333333334,0.423728813559322,False,False,False
CN1CCN2C(C1)C3=CC=CC=C3CC4=C2N=CC=C4,CNS(=O)(=O)CCC1=CC2=C(C=C1)NC=C2C3CCN(CC3)C,1,reported_twosides,0.37673765420913696,0.3190008840155843,0.3190008840155843,fitted,platt_logistic_regression,0.5234977964951845,0,0.6261140571161175,0.26768968456947995,0.07672634271099744,no_interaction,1,False,0.2833333333333333,0.4492753623188406,0.2833333333333333,False,False,True
CC12CC(=O)C3C(C1CCC2(C(=O)CO)O)CCC4=CC(=O)C=CC34C,CCCC(C)(COC(=O)N)COC(=O)NC(C)C,1,reported_twosides,0.8975141644477844,0.8056423699405822,0.8056423699405822,fitted,platt_logistic_regression,0.5234977964951845,1,0.4924802367549343,0.03495311167945439,0.39641943734015345,interaction,1,False,0.6896551724137931,0.2926829268292683,0.2926829268292683,False,False,True
CC1=CC(=CC=C1)CN2CCN(CC2)C(C3=CC=CC=C3)C4=CC=C(C=C4)Cl,CNC(=C[N+](=O)[O-])NCCSCC1=CC=C(O1)CN(C)C,1,reported_twosides,0.5109390616416931,0.42260297220502785,0.42260297220502785,fitted,platt_logistic_regression,0.5234977964951845,0,0.6811182712686321,0.1918158567774936,0.10571184995737426,no_interaction|interaction,2,True,0.5094339622641509,0.603448275862069,0.5094339622641509,False,False,False
C(C(C(C(C(CO)O)O)O)O)O,CNS(=O)(=O)CCC1=CC2=C(C=C1)NC=C2C3CCN(CC3)C,0,unreported_twosides_sampled,0.03540143370628357,0.045509932439911235,0.045509932439911235,fitted,platt_logistic_regression,0.5234977964951845,0,0.18507599074934683,0.6521739130434783,0.005967604433077579,no_interaction,1,False,0.21739130434782608,0.4492753623188406,0.21739130434782608,False,False,True
CC(C)CC(C1(CCC1)C2=CC=C(C=C2)Cl)N(C)C,CCCC1OC2CC3C4CCC5=CC(=O)C=CC5(C4C(CC3(C2(O1)C(=O)CO)C)O)C,0,unreported_twosides_sampled,0.10846512019634247,0.11246354268435368,0.11246354268435368,fitted,platt_logistic_regression,0.5234977964951845,0,0.3516351712368674,0.5115089514066496,0.01875532821824382,no_interaction,1,False,0.27419354838709675,0.7313432835820896,0.27419354838709675,False,False,True
C1=CC(=C(C=C1C2=C(C=C(C=C2)F)F)C(=O)O)O,CNC(=C[N+](=O)[O-])NCCSCC1=CC=C(O1)CN(C)C,1,reported_twosides,0.12344536185264587,0.12493674966465369,0.12493674966465369,fitted,platt_logistic_regression,0.5234977964951845,0,0.37664706349583094,0.4919011082693947,0.020460358056265986,no_interaction,1,False,0.43243243243243246,0.603448275862069,0.43243243243243246,False,False,False
C1=CC(=C(C=C1OC2=C(C=C(C=C2I)CC(C(=O)O)N)I)I)O,CC1=CN(C(=O)NC1=O)C2CC(C(O2)CO)N=[N+]=[N-],0,unreported_twosides_sampled,0.27643322944641113,0.24368913372437875,0.24368913372437875,fitted,platt_logistic_regression,0.5234977964951845,0,0.5552951392765794,0.340153452685422,0.05200341005967604,no_interaction,1,False,0.7441860465116279,0.7083333333333334,0.7083333333333334,False,False,False
CC#CCC(C)C(C=CC1C(CC2C1CC(=CCCCC(=O)O)C2)O)O,CC1C(C(CC(O1)OC2CC(CC3=C2C(=C4C(=C3O)C(=O)C5=C(C4=O)C(=CC=C5)OC)O)(C(=O)CO)O)[NH3+])O,0,unreported_twosides_sampled,0.28487396240234375,0.2500288428894205,0.2500288428894205,fitted,platt_logistic_regression,0.5234977964951845,0,0.5623668295531906,0.33248081841432225,0.05200341005967604,no_interaction,1,False,0.35064935064935066,0.23728813559322035,0.23728813559322035,False,False,True
C1=CC(=CC=C1C(=O)NC(CCC(=O)O)C(=O)O)NCC2=CN=C3C(=N2)C(=O)N=C(N3)N,CNC(=C[N+](=O)[O-])NCCSCC1=CC=C(O1)CN(C)C,1,reported_twosides,0.2187681347131729,0.20006190551931843,0.20006190551931843,fitted,platt_logistic_regression,0.5234977964951845,0,0.5004882308355512,0.3895993179880648,0.03751065643648764,no_interaction,1,False,0.5256410256410257,0.603448275862069,0.5256410256410257,False,False,False
CC1C(C(CC(O1)OC2CC(CC3=C2C(=C4C(=C3O)C(=O)C5=C(C4=O)C(=CC=C5)OC)O)(C(=O)CO)O)[NH3+])O,CNS(=O)(=O)CCC1=CC2=C(C=C1)NC=C2C3CCN(CC3)C,0,unreported_twosides_sampled,0.2557695806026459,0.22813213557311918,0.22813213557311918,fitted,platt_logistic_regression,0.5234977964951845,0,0.5370095110587576,0.3554987212276215,0.045183290707587385,no_interaction,1,False,0.23728813559322035,0.4492753623188406,0.23728813559322035,False,False,True
C1=CC(=CC=C1C(=O)NC(CCC(=O)O)C(=O)O)NCC2=CN=C3C(=N2)C(=O)N=C(N3)N,C1CCC(CC1)(CC(=O)O)CN,1,reported_twosides,0.8623541593551636,0.7592887924640771,0.7592887924640771,fitted,platt_logistic_regression,0.5234977964951845,1,0.5518983368190149,0.05029838022165388,0.3452685421994885,interaction,1,False,0.5256410256410257,0.26666666666666666,0.26666666666666666,False,False,True
CC1COC2=C3N1C=C(C(=O)C3=CC(=C2N4CCN(CC4)C)F)C(=O)O,COC1=C(C=C2C(=C1)C(=NC(=N2)N3CCN(CC3)C(=O)C4=CC=CO4)N)OC,0,unreported_twosides_sampled,0.9447839260101318,0.8774190835714065,0.8774190835714065,fitted,platt_logistic_regression,0.5234977964951845,1,0.3720359407394904,0.020460358056265986,0.49531116794543906,interaction,1,False,0.4507042253521127,0.5882352941176471,0.4507042253521127,False,False,False
C1=CC(=CC=C1C(=O)NC(CCC(=O)O)C(=O)O)NCC2=CN=C3C(=N2)C(=O)N=C(N3)N,CC1=NN=C(S1)SCC2=C(N3C(C(C3=O)NC(=O)CN4C=NN=N4)SC2)C(=O)[O-],1,reported_twosides,0.9861252903938293,0.9580977220177699,0.9580977220177699,fitted,platt_logistic_regression,0.5234977964951845,1,0.17394327080059813,0.005115089514066497,0.6615515771526002,interaction,1,False,0.5256410256410257,0.4574468085106383,0.4574468085106383,False,False,False
CC12CC(=O)C3C(C1CCC2(C(=O)CO)O)CCC4=CC(=O)C=CC34C,CC1=CC2=C(C=C1C)N(C=N2)C3C(C(C(O3)CO)OP(=O)([O-])OC(C)CNC(=O)CCC4(C(C5C6(C(C(C(=N6)C(=C7C(C(C(=N7)C=C8C(C(C(=N8)C(=C4[N-]5)C)CCC(=O)N)(C)C)CCC(=O)N)(C)CC(=O)N)C)CCC(=O)N)(C)CC(=O)N)C)CC(=O)N)C)O.O.[Co],0,unreported_twosides_sampled,0.7483054399490356,0.6320128929770878,0.6320128929770878,fitted,platt_logistic_regression,0.5234977964951845,1,0.6578756876725445,0.08610400682011936,0.22932651321398123,interaction,1,False,0.6896551724137931,0.8709677419354839,0.6896551724137931,False,False,False
C(C(C(C(C(CO)O)O)O)O)O,CN(C)CC1CCCCC1(C2=CC(=CC=C2)OC)O,0,unreported_twosides_sampled,0.016337912529706955,0.024366777420864752,0.024366777420864752,fitted,platt_logistic_regression,0.5234977964951845,0,0.11457870560647263,0.7306052855924978,0.0025575447570332483,no_interaction,1,False,0.21739130434782608,0.37037037037037035,0.21739130434782608,False,False,True
CCN(CCCC(C)NC1=C2C=CC(=CC2=NC=C1)Cl)CCO,CN1C2CCCC1CC(C2)NC(=O)C3=NN(C4=CC=CC=C43)C,0,unreported_twosides_sampled,0.013151783496141434,0.02044363970371779,0.02044363970371779,fitted,platt_logistic_regression,0.5234977964951845,0,0.09976069443069653,0.7544757033248082,0.0025575447570332483,no_interaction,1,False,0.86,0.3064516129032258,0.3064516129032258,False,False,True
CCCCCCCCCCCC(CC1C(C(=O)O1)CCCCCC)OC(=O)C(CC(C)C)NC=O,CNS(=O)(=O)CCC1=CC2=C(C=C1)NC=C2C3CCN(CC3)C,0,unreported_twosides_sampled,0.25148940086364746,0.22490120702529046,0.22490120702529046,fitted,platt_logistic_regression,0.5234977964951845,0,0.5330416292896336,0.3597612958226769,0.043478260869565216,no_interaction,1,False,0.30666666666666664,0.4492753623188406,0.30666666666666664,False,False,True
C1CCC(CC1)(CC(=O)O)CN,CN(C)CC1CCCCC1(C2=CC(=CC=C2)OC)O,1,reported_twosides,0.34145587682724,0.29245868482273507,0.29245868482273507,fitted,platt_logistic_regression,0.5234977964951845,0,0.6043384943937269,0.29411764705882354,0.06649616368286446,no_interaction,1,False,0.26666666666666666,0.37037037037037035,0.26666666666666666,False,False,True
CC12CC(=O)C3C(C1CCC2(C(=O)CO)O)CCC4=CC(=O)C=CC34C,CN1CCN2C(C1)C3=CC=CC=C3CC4=C2N=CC=C4,1,reported_twosides,0.6695285439491272,0.5567675236096324,0.5567675236096324,fitted,platt_logistic_regression,0.5234977964951845,1,0.6866881587430247,0.11508951406649616,0.17306052855924978,no_interaction|interaction,2,True,0.6896551724137931,0.2833333333333333,0.2833333333333333,False,False,True
CC12CC(=O)C3C(C1CCC2(C(=O)CO)O)CCC4=CC(=O)C=CC34C,COC1=C(C=C2C(=C1)C(=NC(=N2)N3CCN(CC3)C(=O)C4=CC=CO4)N)OC,0,unreported_twosides_sampled,0.9216968417167664,0.8406572576421295,0.8406572576421295,fitted,platt_logistic_regression,0.5234977964951845,1,0.4385783874435939,0.028132992327365727,0.44501278772378516,interaction,1,False,0.6896551724137931,0.5882352941176471,0.5882352941176471,False,False,False
CC#CCC(C)C(C=CC1C(CC2C1CC(=CCCCC(=O)O)C2)O)O,CNC(=C[N+](=O)[O-])NCCSCC1=CC=C(O1)CN(C)C,1,reported_twosides,0.43201908469200134,0.36101842158481656,0.36101842158481656,fitted,platt_logistic_regression,0.5234977964951845,0,0.6540019081542008,0.23358908780903667,0.08269394714407502,no_interaction,1,False,0.35064935064935066,0.603448275862069,0.35064935064935066,False,False,True
C1CC2CN(C(=O)C3=CC=CC(=C23)C1)C4CN5CCC4CC5,CC12CC(=O)C3C(C1CCC2(C(=O)CO)O)CCC4=CC(=O)C=CC34C,1,reported_twosides,0.42935484647750854,0.3589766464724486,0.3589766464724486,fitted,platt_logistic_regression,0.5234977964951845,0,0.6528271202386784,0.23358908780903667,0.08269394714407502,no_interaction,1,False,0.30303030303030304,0.6896551724137931,0.30303030303030304,False,False,True
C1=CC(=C(C=C1F)F)C(CN2C=NC=N2)(CN3C=NC=N3)O,CC(C)CC(C1(CCC1)C2=CC=C(C=C2)Cl)N(C)C,0,unreported_twosides_sampled,0.5048568248748779,0.41776760379175665,0.41776760379175665,fitted,platt_logistic_regression,0.5234977964951845,0,0.6795612080076953,0.1926683716965047,0.10485933503836317,no_interaction|interaction,2,True,0.5961538461538461,0.27419354838709675,0.27419354838709675,False,False,True
CC12CC(=O)C3C(C1CCC2(C(=O)CO)O)CCC4=CC(=O)C=CC34C,CN1C2CCCC1CC(C2)NC(=O)C3=NN(C4=CC=CC=C43)C,1,reported_twosides,0.7983241081237793,0.6844563564597187,0.6844563564597187,fitted,platt_logistic_regression,0.5234977964951845,1,0.623464636320139,0.07587382779198636,0.27024722932651324,interaction,1,False,0.6896551724137931,0.3064516129032258,0.3064516129032258,False,False,True
CC#CCC(C)C(C=CC1C(CC2C1CC(=CCCCC(=O)O)C2)O)O,CC(C)(C1=CC=C(C=C1)C(CCCN2CCC(CC2)C(C3=CC=CC=C3)(C4=CC=CC=C4)O)O)C(=O)O,1,reported_twosides,0.6349735856056213,0.5259084189899268,0.5259084189899268,fitted,platt_logistic_regression,0.5234977964951845,1,0.6918040868027835,0.12446717817561807,0.15089514066496162,no_interaction|interaction,2,True,0.35064935064935066,0.3442622950819672,0.3442622950819672,False,False,True
C1=CC(=C(C=C1C2=C(C=C(C=C2)F)F)C(=O)O)O,C1CCC(CC1)(CC(=O)O)CN,1,reported_twosides,0.324446439743042,0.2797010216833005,0.2797010216833005,fitted,platt_logistic_regression,0.5234977964951845,0,0.5926707221607098,0.309462915601023,0.061381074168797956,no_interaction,1,False,0.43243243243243246,0.26666666666666666,0.26666666666666666,False,False,True
C1=CC(=CC=C1C(=O)NC(CCC(=O)O)C(=O)O)NCC2=CN=C3C(=N2)C(=O)N=C(N3)N,CCN(CCCC(C)NC1=C2C=CC(=CC2=NC=C1)Cl)CCO,1,reported_twosides,0.19477668404579163,0.18163436445969036,0.18163436445969036,fitted,platt_logistic_regression,0.5234977964951845,0,0.4738627239260293,0.4134697357203751,0.03154305200341006,no_interaction,1,False,0.5256410256410257,0.86,0.5256410256410257,False,False,False
C1CN=C(N1)NC2=C(C=CC=C2Cl)Cl,CN(C)CC1CCCCC1(C2=CC(=CC=C2)OC)O,1,reported_twosides,0.9967004656791687,0.9867407896992677,0.9867407896992677,fitted,platt_logistic_regression,0.5234977964951845,1,0.07049131535055145,0.0025575447570332483,0.7971014492753623,interaction,1,False,0.5853658536585366,0.37037037037037035,0.37037037037037035,False,False,True
C1NC2=CC(=C(C=C2S(=O)(=O)N1)S(=O)(=O)N)Cl,CN(C)CC1CCCCC1(C2=CC(=CC=C2)OC)O,1,reported_twosides,0.8080277442932129,0.6951692363064542,0.6951692363064542,fitted,platt_logistic_regression,0.5234977964951845,1,0.614902003851342,0.07246376811594203,0.2796248934356351,interaction,1,False,0.5454545454545454,0.37037037037037035,0.37037037037037035,False,False,True
CC(C)(C1=CC=C(C=C1)C(CCCN2CCC(CC2)C(C3=CC=CC=C3)(C4=CC=CC=C4)O)O)C(=O)O,CC(C=CC(C1CC1)O)C2CCC3C2(CCCC3=CC=C4CC(CC(C4=C)O)O)C,0,unreported_twosides_sampled,0.26081156730651855,0.23193394883050156,0.23193394883050156,fitted,platt_logistic_regression,0.5234977964951845,0,0.5416026147460731,0.35294117647058826,0.04688832054560955,no_interaction,1,False,0.3442622950819672,0.6307692307692307,0.3442622950819672,False,False,True
C1=CC(=C(C=C1C2=C(C=C(C=C2)F)F)C(=O)O)O,CC12CC(=O)C3C(C1CCC2(C(=O)CO)O)CCC4=CC(=O)C=CC34C,1,reported_twosides,0.8346050381660461,0.7255828209884791,0.7255828209884791,fitted,platt_logistic_regression,0.5234977964951845,1,0.5876029381263672,0.058823529411764705,0.31287297527706737,interaction,1,False,0.43243243243243246,0.6896551724137931,0.43243243243243246,False,False,False
CC(C)(C)NCC(COC1=NSN=C1N2CCOCC2)O,CC12CC(=O)C3C(C1CCC2(C(=O)CO)O)CCC4=CC(=O)C=CC34C,1,reported_twosides,0.7394633293151855,0.6231658880343699,0.6231658880343699,fitted,platt_logistic_regression,0.5234977964951845,1,0.6624929777428605,0.08951406649616368,0.22506393861892582,interaction,1,False,0.4,0.6896551724137931,0.4,False,False,False
CC1=NN=C(S1)SCC2=C(N3C(C(C3=O)NC(=O)CN4C=NN=N4)SC2)C(=O)[O-],CC1COC2=C3N1C=C(C(=O)C3=CC(=C2N4CCN(CC4)C)F)C(=O)O,1,reported_twosides,0.9812853336334229,0.9469264632127232,0.9469264632127232,fitted,platt_logistic_regression,0.5234977964951845,1,0.20746751955504456,0.005967604433077579,0.6334185848252344,interaction,1,False,0.4574468085106383,0.4507042253521127,0.4507042253521127,False,False,False
C1CN=C(N1)NC2=C(C=CC=C2Cl)Cl,CC(C)C1=NC(=NC(=C1CCC(CC(CC(=O)O)O)O)C2=CC=C(C=C2)F)N(C)S(=O)(=O)C,1,reported_twosides,0.9997491240501404,0.9983635854589542,0.9983635854589542,fitted,platt_logistic_regression,0.5234977964951845,1,0.012133079481527547,0.0008525149190110827,0.9198635976129582,interaction,1,False,0.5853658536585366,0.38461538461538464,0.38461538461538464,False,False,True
C(=O)(N)NO,C1=NNC2=C1NC=NC2=O,1,reported_twosides,0.49862733483314514,0.4128326775153621,0.4128326775153621,fitted,platt_logistic_regression,0.5234977964951845,0,0.6778729693308647,0.19522591645353793,0.10315430520034101,no_interaction|interaction,2,True,0.20833333333333334,0.28205128205128205,0.20833333333333334,False,False,True
CC1=NN=C(S1)SCC2=C(N3C(C(C3=O)NC(=O)CN4C=NN=N4)SC2)C(=O)[O-],CCCCCCCCCCCC(CC1C(C(=O)O1)CCCCCC)OC(=O)C(CC(C)C)NC=O,0,unreported_twosides_sampled,0.5231934189796448,0.43239880515519075,0.43239880515519075,fitted,platt_logistic_regression,0.5234977964951845,0,0.6839792862736698,0.1824381926683717,0.11082693947144075,no_interaction|interaction,2,True,0.4574468085106383,0.30666666666666664,0.30666666666666664,False,False,True
C1=CC(=C(C=C1F)F)C(CN2C=NC=N2)(CN3C=NC=N3)O,CC(C)CN1C=NC2=C1C3=CC=CC=C3N=C2N,1,reported_twosides,0.7473325729370117,0.6310338302573683,0.6310338302573683,fitted,platt_logistic_regression,0.5234977964951845,1,0.6584031653650261,0.08610400682011936,0.22932651321398123,interaction,1,False,0.5961538461538461,0.2727272727272727,0.2727272727272727,False,False,True
CC#CCC(C)C(C=CC1C(CC2C1CC(=CCCCC(=O)O)C2)O)O,CN(C)CCC1=CNC2=C1C=C(C=C2)CN3C=NC=N3,0,unreported_twosides_sampled,0.1812075674533844,0.17110216251762975,0.17110216251762975,fitted,platt_logistic_regression,0.5234977964951845,0,0.4576295347220648,0.43052003410059675,0.029838022165387893,no_interaction,1,False,0.35064935064935066,0.5272727272727272,0.35064935064935066,False,False,True
CC1=CN(C(=O)NC1=O)C2CC(C(O2)CO)N=[N+]=[N-],CN(C)CC1CCCCC1(C2=CC(=CC=C2)OC)O,0,unreported_twosides_sampled,0.016952792182564735,0.025105919483826938,0.025105919483826938,fitted,platt_logistic_regression,0.5234977964951845,0,0.11729466188001822,0.7237851662404092,0.0025575447570332483,no_interaction,1,False,0.7083333333333334,0.37037037037037035,0.37037037037037035,False,False,True
C1=CC(=C(C=C1C2=C(C=C(C=C2)F)F)C(=O)O)O,CCCCCCCCCCCC(CC1C(C(=O)O1)CCCCCC)OC(=O)C(CC(C)C)NC=O,0,unreported_twosides_sampled,0.6103119254112244,0.5045245759296583,0.5045245759296583,fitted,platt_logistic_regression,0.5234977964951845,0,0.6931062364264484,0.13384484228473997,0.13981244671781756,no_interaction|interaction,2,True,0.43243243243243246,0.30666666666666664,0.30666666666666664,False,False,True
CC(C=CC(C1CC1)O)C2CCC3C2(CCCC3=CC=C4CC(CC(C4=C)O)O)C,CCCC(C)(COC(=O)N)COC(=O)NC(C)C,0,unreported_twosides_sampled,0.4025048613548279,0.3385024281354476,0.3385024281354476,fitted,platt_logistic_regression,0.5234977964951845,0,0.6400371464025607,0.25404944586530265,0.0792838874680307,no_interaction,1,False,0.6307692307692307,0.2926829268292683,0.2926829268292683,False,False,True
CC(C)(C1=CC=C(C=C1)C(CCCN2CCC(CC2)C(C3=CC=CC=C3)(C4=CC=CC=C4)O)O)C(=O)O,CC1C(C(CC(O1)OC2CC(CC3=C2C(=C4C(=C3O)C(=O)C5=C(C4=O)C(=CC=C5)OC)O)(C(=O)CO)O)[NH3+])O,1,reported_twosides,0.5299078226089478,0.43779791746520225,0.43779791746520225,fitted,platt_logistic_regression,0.5234977964951845,0,0.6853888979157394,0.1773231031543052,0.11253196930946291,no_interaction|interaction,2,True,0.3442622950819672,0.23728813559322035,0.23728813559322035,False,False,True
CC(C)CN1C=NC2=C1C3=CC=CC=C3N=C2N,CCN(CCCC(C)NC1=C2C=CC(=CC2=NC=C1)Cl)CCO,1,reported_twosides,0.03884531930088997,0.049050291732876485,0.049050291732876485,fitted,platt_logistic_regression,0.5234977964951845,0,0.19570933364289828,0.6410912190963342,0.005967604433077579,no_interaction,1,False,0.2727272727272727,0.86,0.2727272727272727,False,False,True
C(=O)(N)NO,CC#CCC(C)C(C=CC1C(CC2C1CC(=CCCCC(=O)O)C2)O)O,0,unreported_twosides_sampled,0.506416916847229,0.419006240768937,0.419006240768937,fitted,platt_logistic_regression,0.5234977964951845,0,0.6799692137053397,0.1926683716965047,0.10485933503836317,no_interaction|interaction,2,True,0.20833333333333334,0.35064935064935066,0.20833333333333334,False,False,True
C1CC[N+]2(C1)C3CCC2CC(C3)OC(=O)C(C4=CC=CC=C4)(C5=CC=CC=C5)O,CC(C)CN1C=NC2=C1C3=CC=CC=C3N=C2N,0,unreported_twosides_sampled,0.67695552110672,0.5635516625570804,0.5635516625570804,fitted,platt_logistic_regression,0.5234977964951845,1,0.6850476618010803,0.11253196930946291,0.17902813299232737,no_interaction|interaction,2,True,0.4444444444444444,0.2727272727272727,0.2727272727272727,False,False,True
C1=CC(=CC=C1C2C(C(=O)N2C3=CC=C(C=C3)F)CCC(C4=CC=C(C=C4)F)O)O,CC1=C(C(=O)N2CCCCC2=N1)CCN3CCC(CC3)C4=NOC5=C4C=CC(=C5)F,1,reported_twosides,0.4035148322582245,0.33926947572505345,0.33926947572505345,fitted,platt_logistic_regression,0.5234977964951845,0,0.6405497358455738,0.25404944586530265,0.0792838874680307,no_interaction,1,False,0.25,0.7464788732394366,0.25,False,False,True
C(C(C(C(C(CO)O)O)O)O)O,CN(C)CCC1=CNC2=C1C=C(C=C2)CN3C=NC=N3,0,unreported_twosides_sampled,0.051426682621240616,0.061511758658562246,0.061511758658562246,fitted,platt_logistic_regression,0.5234977964951845,0,0.2311070763859976,0.6104006820119352,0.008525149190110827,no_interaction,1,False,0.21739130434782608,0.5272727272727272,0.21739130434782608,False,False,True
C1=CC(=CC=C1C(=O)NC(CCC(=O)O)C(=O)O)NCC2=CN=C3C(=N2)C(=O)N=C(N3)N,CC(C)C1=NC(=NC(=C1CCC(CC(CC(=O)O)O)O)C2=CC=C(C=C2)F)N(C)S(=O)(=O)C,1,reported_twosides,0.9907264709472656,0.96958718019532,0.96958718019532,fitted,platt_logistic_regression,0.5234977964951845,1,0.13617425530690633,0.0034100596760443308,0.7058823529411765,interaction,1,False,0.5256410256410257,0.38461538461538464,0.38461538461538464,False,False,True
CC12CC(=O)C3C(C1CCC2(C(=O)CO)O)CCC4=CC(=O)C=CC34C,COC1=CC(=C(C=C1)OC)C(CNC(=O)CN)O,0,unreported_twosides_sampled,0.8248336911201477,0.714207375291393,0.714207375291393,fitted,platt_logistic_regression,0.5234977964951845,1,0.5983413548448774,0.0639386189258312,0.29923273657289,interaction,1,False,0.6896551724137931,0.3137254901960784,0.3137254901960784,False,False,True
CC(C)(C1=CC=C(C=C1)C(CCCN2CCC(CC2)C(C3=CC=CC=C3)(C4=CC=CC=C4)O)O)C(=O)O,CC1=CC(=CC=C1)CN2CCN(CC2)C(C3=CC=CC=C3)C4=CC=C(C=C4)Cl,1,reported_twosides,0.6949173212051392,0.5802022851361435,0.5802022851361435,fitted,platt_logistic_regression,0.5234977964951845,1,0.6802266239401713,0.10485933503836317,0.1926683716965047,no_interaction|interaction,2,True,0.3442622950819672,0.5094339622641509,0.3442622950819672,False,False,True
C1=CC(=CC=C1C(=O)NC(CCC(=O)O)C(=O)O)NCC2=CN=C3C(=N2)C(=O)N=C(N3)N,CCCCCCCCCCCC(CC1C(C(=O)O1)CCCCCC)OC(=O)C(CC(C)C)NC=O,1,reported_twosides,0.44536569714546204,0.37127794583571866,0.37127794583571866,fitted,platt_logistic_regression,0.5234977964951845,0,0.6596323235023605,0.22847399829497017,0.08780903665814152,no_interaction,1,False,0.5256410256410257,0.30666666666666664,0.30666666666666664,False,False,True
C(C(C(C(C(CO)O)O)O)O)O,CNC(=C[N+](=O)[O-])NCCSCC1=CC=C(O1)CN(C)C,1,reported_twosides,0.0678592398762703,0.07694151954028253,0.07694151954028253,fitted,platt_logistic_regression,0.5234977964951845,0,0.27123519882907027,0.5788576300085252,0.011082693947144074,no_interaction,1,False,0.21739130434782608,0.603448275862069,0.21739130434782608,False,False,True
CN(C)CC1CCCCC1(C2=CC(=CC=C2)OC)O,CN1C2CCCC1CC(C2)NC(=O)C3=NN(C4=CC=CC=C43)C,1,reported_twosides,0.9990935325622559,0.9953460974851475,0.9953460974851475,fitted,platt_logistic_regression,0.5234977964951845,1,0.0296347415662432,0.0008525149190110827,0.8797953964194374,interaction,1,False,0.37037037037037035,0.3064516129032258,0.3064516129032258,False,False,True
C1=NNC2=C1NC=NC2=O,CN1C=NC2=C1C(=O)N(C(=O)N2C)C,0,unreported_twosides_sampled,0.3711554706096649,0.3147911527279666,0.3147911527279666,fitted,platt_logistic_regression,0.5234977964951845,0,0.6228806502498418,0.2728047740835465,0.07587382779198636,no_interaction,1,False,0.28205128205128205,0.47058823529411764,0.28205128205128205,False,False,True
C1CC[N+]2(C1)C3CCC2CC(C3)OC(=O)C(C4=CC=CC=C4)(C5=CC=CC=C5)O,CC(C)C1=NC(=NC(=C1CCC(CC(CC(=O)O)O)O)C2=CC=C(C=C2)F)N(C)S(=O)(=O)C,1,reported_twosides,0.998497724533081,0.9929865162809866,0.9929865162809866,fitted,platt_logistic_regression,0.5234977964951845,1,0.04177515487978641,0.0017050298380221654,0.8516624040920716,interaction,1,False,0.4444444444444444,0.38461538461538464,0.38461538461538464,False,False,True
C1=CC(=C(C=C1F)F)C(CN2C=NC=N2)(CN3C=NC=N3)O,CCN(CCCC(C)NC1=C2C=CC(=CC2=NC=C1)Cl)CCO,1,reported_twosides,0.28828340768814087,0.2525878466234896,0.2525878466234896,fitted,platt_logistic_regression,0.5234977964951845,0,0.5651603670203703,0.3290707587382779,0.05200341005967604,no_interaction,1,False,0.5961538461538461,0.86,0.5961538461538461,False,False,False
CCC(C)C(=O)OC1CC(C=C2C1C(C(C=C2)C)CCC3CC(CC(=O)O3)O)C,CN1C2CCCC1CC(C2)NC(=O)C3=NN(C4=CC=CC=C43)C,0,unreported_twosides_sampled,0.9999604225158691,0.9996366975233338,0.9996366975233338,fitted,platt_logistic_regression,0.5234977964951845,1,0.0032406919256340243,0.0008525149190110827,0.9607843137254902,interaction,1,False,0.7424242424242424,0.3064516129032258,0.3064516129032258,False,False,True
C(CS(=O)(=O)O)S,CC(C)C1=NC(=NC(=C1CCC(CC(CC(=O)O)O)O)C2=CC=C(C=C2)F)N(C)S(=O)(=O)C,0,unreported_twosides_sampled,0.9229732751846313,0.8425943868465136,0.8425943868465136,fitted,platt_logistic_regression,0.5234977964951845,1,0.4353426434519427,0.026427962489343565,0.4475703324808184,interaction,1,False,0.3333333333333333,0.38461538461538464,0.3333333333333333,False,False,True
C1C(=O)NC(=O)N1N=CC2=CC=C(O2)[N+](=O)[O-],COC1=C(C=C2C(=C1)C(=NC(=N2)N3CCN(CC3)C(=O)C4=CC=CO4)N)OC,0,unreported_twosides_sampled,0.8927338123321533,0.79905573256504,0.79905573256504,fitted,platt_logistic_regression,0.5234977964951845,1,0.5017086730610423,0.03751065643648764,0.3887468030690537,interaction,1,False,0.423728813559322,0.5882352941176471,0.423728813559322,False,False,False
CC(C)(C1=CC=C(C=C1)C(CCCN2CCC(CC2)C(C3=CC=CC=C3)(C4=CC=CC=C4)O)O)C(=O)O,CC(C)CC(C1(CCC1)C2=CC=C(C=C2)Cl)N(C)C,1,reported_twosides,0.6422563791275024,0.5323208843454798,0.5323208843454798,fitted,platt_logistic_regression,0.5234977964951845,1,0.6910564439636759,0.12020460358056266,0.1568627450980392,no_interaction|interaction,2,True,0.3442622950819672,0.27419354838709675,0.27419354838709675,False,False,True
CC1=CC2=C(C=C1C)N(C=N2)C3C(C(C(O3)CO)OP(=O)([O-])OC(C)CNC(=O)CCC4(C(C5C6(C(C(C(=N6)C(=C7C(C(C(=N7)C=C8C(C(C(=N8)C(=C4[N-]5)C)CCC(=O)N)(C)C)CCC(=O)N)(C)CC(=O)N)C)CCC(=O)N)(C)CC(=O)N)C)CC(=O)N)C)O.O.[Co],CC1C(C(CC(O1)OC2CC(CC3=C2C(=C4C(=C3O)C(=O)C5=C(C4=O)C(=CC=C5)OC)O)(C(=O)CO)O)[NH3+])O,0,unreported_twosides_sampled,0.63514244556427,0.526056575726476,0.526056575726476,fitted,platt_logistic_regression,0.5234977964951845,1,0.69178867499212,0.12446717817561807,0.15089514066496162,no_interaction|interaction,2,True,0.8709677419354839,0.23728813559322035,0.23728813559322035,False,False,True
CC(C)(C1=CC=C(C=C1)C(CCCN2CCC(CC2)C(C3=CC=CC=C3)(C4=CC=CC=C4)O)O)C(=O)O,CNC(=C[N+](=O)[O-])NCCSCC1=CC=C(O1)CN(C)C,1,reported_twosides,0.5858116149902344,0.4837441209484673,0.4837441209484673,fitted,platt_logistic_regression,0.5234977964951845,0,0.6926185802064582,0.1474850809889173,0.1287297527706735,no_interaction|interaction,2,True,0.3442622950819672,0.603448275862069,0.3442622950819672,False,False,True
C1=NNC2=C1NC=NC2=O,C1CC2CN(C(=O)C3=CC=CC(=C23)C1)C4CN5CCC4CC5,1,reported_twosides,0.288173645734787,0.2525054771501631,0.2525054771501631,fitted,platt_logistic_regression,0.5234977964951845,0,0.5650709898939119,0.3290707587382779,0.05200341005967604,no_interaction,1,False,0.28205128205128205,0.30303030303030304,0.28205128205128205,False,False,True
CC(C)(C)NCC(COC1=NSN=C1N2CCOCC2)O,CC1=NN=C(S1)SCC2=C(N3C(C(C3=O)NC(=O)CN4C=NN=N4)SC2)C(=O)[O-],1,reported_twosides,0.458204984664917,0.38120024568444305,0.38120024568444305,fitted,platt_logistic_regression,0.5234977964951845,0,0.6646486486723499,0.2208013640238704,0.0937766410912191,no_interaction,1,False,0.4,0.4574468085106383,0.4,False,False,False
CC(C)(C1=CC=C(C=C1)C(CCCN2CCC(CC2)C(C3=CC=CC=C3)(C4=CC=CC=C4)O)O)C(=O)O,CCCC1OC2CC3C4CCC5=CC(=O)C=CC5(C4C(CC3(C2(O1)C(=O)CO)C)O)C,1,reported_twosides,0.020136548206210136,0.02885436749434392,0.02885436749434392,fitted,platt_logistic_regression,0.5234977964951845,0,0.13073700180870607,0.7135549872122762,0.0034100596760443308,no_interaction,1,False,0.3442622950819672,0.7313432835820896,0.3442622950819672,False,False,True
C(C(C(C(C(CO)O)O)O)O)O,CC1=CC2=C(C=C1C)N(C=N2)C3C(C(C(O3)CO)OP(=O)([O-])OC(C)CNC(=O)CCC4(C(C5C6(C(C(C(=N6)C(=C7C(C(C(=N7)C=C8C(C(C(=N8)C(=C4[N-]5)C)CCC(=O)N)(C)C)CCC(=O)N)(C)CC(=O)N)C)CCC(=O)N)(C)CC(=O)N)C)CC(=O)N)C)O.O.[Co],0,unreported_twosides_sampled,0.4137870967388153,0.34708406836077293,0.34708406836077293,fitted,platt_logistic_regression,0.5234977964951845,0,0.6456228517470046,0.24381926683716965,0.08098891730605286,no_interaction,1,False,0.21739130434782608,0.8709677419354839,0.21739130434782608,False,False,True
C1=CC(=CC=C1C(=O)NC(CCC(=O)O)C(=O)O)NCC2=CN=C3C(=N2)C(=O)N=C(N3)N,C1=CC(=CC=C1C2C(C(=O)N2C3=CC=C(C=C3)F)CCC(C4=CC=C(C=C4)F)O)O,1,reported_twosides,0.9080131649971008,0.8204754919169692,0.8204754919169692,fitted,platt_logistic_regression,0.5234977964951845,1,0.4706717094122642,0.03154305200341006,0.41602728047740833,interaction,1,False,0.5256410256410257,0.25,0.25,False,False,True
C1CC[N+]2(C1)C3CCC2CC(C3)OC(=O)C(C4=CC=CC=C4)(C5=CC=CC=C5)O,CC(C)(C)NCC(COC1=NSN=C1N2CCOCC2)O,0,unreported_twosides_sampled,0.0918855145573616,0.09831036755823985,0.09831036755823985,fitted,platt_logistic_regression,0.5234977964951845,0,0.32135453105380724,0.5345268542199488,0.017050298380221655,no_interaction,1,False,0.4444444444444444,0.4,0.4,False,False,False
CC1=CN(C(=O)NC1=O)C2CC(C(O2)CO)N=[N+]=[N-],CN1CCN2C(C1)C3=CC=CC=C3CC4=C2N=CC=C4,1,reported_twosides,0.0333956740796566,0.04341726056147603,0.04341726056147603,fitted,platt_logistic_regression,0.5234977964951845,0,0.17865631341787067,0.658994032395567,0.005115089514066497,no_interaction,1,False,0.7083333333333334,0.2833333333333333,0.2833333333333333,False,False,True
CC1=C(C(=O)N2CCCCC2=N1)CCN3CCC(CC3)C4=NOC5=C4C=CC(=C5)F,CNS(=O)(=O)CCC1=CC2=C(C=C1)NC=C2C3CCN(CC3)C,1,reported_twosides,0.19153428077697754,0.17912571507900743,0.17912571507900743,fitted,platt_logistic_regression,0.5234977964951845,0,0.47006517444144547,0.4177323103154305,0.03154305200341006,no_interaction,1,False,0.7464788732394366,0.4492753623188406,0.4492753623188406,False,False,False
CC(C)C1=NC(=NC(=C1CCC(CC(CC(=O)O)O)O)C2=CC=C(C=C2)F)N(C)S(=O)(=O)C,CN(C)CC1CCCCC1(C2=CC(=CC=C2)OC)O,1,reported_twosides,0.9999566078186035,0.9996083928078779,0.9996083928078779,fitted,platt_logistic_regression,0.5234977964951845,1,0.0034637873298489536,0.0008525149190110827,0.9599317988064792,interaction,1,False,0.38461538461538464,0.37037037037037035,0.37037037037037035,False,False,True
CC1=CC2=C(C=C1C)N(C=N2)C3C(C(C(O3)CO)OP(=O)([O-])OC(C)CNC(=O)CCC4(C(C5C6(C(C(C(=N6)C(=C7C(C(C(=N7)C=C8C(C(C(=N8)C(=C4[N-]5)C)CCC(=O)N)(C)C)CCC(=O)N)(C)CC(=O)N)C)CCC(=O)N)(C)CC(=O)N)C)CC(=O)N)C)O.O.[Co],CN1CCN2C(C1)C3=CC=CC=C3CC4=C2N=CC=C4,1,reported_twosides,0.3454637825489044,0.2954673058238952,0.2954673058238952,fitted,platt_logistic_regression,0.5234977964951845,0,0.6069747003610744,0.28815004262574595,0.06820119352088662,no_interaction,1,False,0.8709677419354839,0.2833333333333333,0.2833333333333333,False,False,True
C1CCC(CC1)(CC(=O)O)CN,CC12CCC3C(C1CCC2C(=O)NC4=C(C=CC(=C4)C(F)(F)F)C(F)(F)F)CCC5C3(C=CC(=O)N5)C,1,reported_twosides,0.753434956073761,0.6371987940563105,0.6371987940563105,fitted,platt_logistic_regression,0.5234977964951845,1,0.6550128989025992,0.08439897698209718,0.2310315430520034,interaction,1,False,0.26666666666666666,0.6417910447761194,0.26666666666666666,False,False,True
C1CCC(CC1)(CC(=O)O)CN,C1NC2=CC(=C(C=C2S(=O)(=O)N1)S(=O)(=O)N)Cl,1,reported_twosides,0.2817379832267761,0.2476742441506266,0.2476742441506266,fitted,platt_logistic_regression,0.5234977964951845,0,0.5597655863054327,0.3350383631713555,0.05200341005967604,no_interaction,1,False,0.26666666666666666,0.5454545454545454,0.26666666666666666,False,False,True
C1CC2CN(C(=O)C3=CC=CC(=C23)C1)C4CN5CCC4CC5,CC1=C(C(=O)N2CCCCC2=N1)CCN3CCC(CC3)C4=NOC5=C4C=CC(=C5)F,0,unreported_twosides_sampled,0.36483684182167053,0.3100314116288931,0.3100314116288931,fitted,platt_logistic_regression,0.5234977964951845,0,0.619125795169726,0.2753623188405797,0.07502131287297528,no_interaction,1,False,0.30303030303030304,0.7464788732394366,0.30303030303030304,False,False,True
CC(C)C1=NC(=NC(=C1CCC(CC(CC(=O)O)O)O)C2=CC=C(C=C2)F)N(C)S(=O)(=O)C,CCCC(C)(COC(=O)N)COC(=O)NC(C)C,1,reported_twosides,0.770725429058075,0.6549860027855353,0.6549860027855353,fitted,platt_logistic_regression,0.5234977964951845,1,0.6443053488174062,0.08098891730605286,0.2463768115942029,interaction,1,False,0.38461538461538464,0.2926829268292683,0.2926829268292683,False,False,True
C1=CC(=CC=C1C2C(C(=O)N2C3=CC=C(C=C3)F)CCC(C4=CC=C(C=C4)F)O)O,C1CC2CN(C(=O)C3=CC=CC(=C23)C1)C4CN5CCC4CC5,1,reported_twosides,0.1663704514503479,0.15947298620975534,0.15947298620975534,fitted,platt_logistic_regression,0.5234977964951845,0,0.438794936145553,0.44501278772378516,0.028132992327365727,no_interaction,1,False,0.25,0.30303030303030304,0.25,False,False,True
C(=O)(N)NO,CC1=NN=C(S1)SCC2=C(N3C(C(C3=O)NC(=O)CN4C=NN=N4)SC2)C(=O)[O-],0,unreported_twosides_sampled,0.7854681611061096,0.6705530337746819,0.6705530337746819,fitted,platt_logistic_regression,0.5234977964951845,1,0.6337862936130192,0.0784313725490196,0.257459505541347,interaction,1,False,0.20833333333333334,0.4574468085106383,0.20833333333333334,False,False,True
C1CC2CN(C(=O)C3=CC=CC(=C23)C1)C4CN5CCC4CC5,CC(C)CN1C=NC2=C1C3=CC=CC=C3N=C2N,0,unreported_twosides_sampled,0.7435492873191833,0.6272398441218023,0.6272398441218023,fitted,platt_logistic_regression,0.5234977964951845,1,0.6604083570916974,0.0886615515771526,0.226768968456948,interaction,1,False,0.30303030303030304,0.2727272727272727,0.2727272727272727,False,False,True
CC12CC(=O)C3C(C1CCC2(C(=O)CO)O)CCC4=CC(=O)C=CC34C,CCCC1OC2CC3C4CCC5=CC(=O)C=CC5(C4C(CC3(C2(O1)C(=O)CO)C)O)C,1,reported_twosides,0.13029274344444275,0.13055467923564,0.13055467923564,fitted,platt_logistic_regression,0.5234977964951845,0,0.38743977011927533,0.484228473998295,0.021312872975277068,no_interaction,1,False,0.6896551724137931,0.7313432835820896,0.6896551724137931,False,False,False
C1CC2CN(C(=O)C3=CC=CC(=C23)C1)C4CN5CCC4CC5,CC1=CN(C(=O)NC1=O)C2CC(C(O2)CO)N=[N+]=[N-],0,unreported_twosides_sampled,0.005155473481863737,0.009567225520365402,0.009567225520365402,fitted,platt_logistic_regression,0.5234977964951845,0,0.0540032863916421,0.8286445012787724,0.0017050298380221654,no_interaction,1,False,0.30303030303030304,0.7083333333333334,0.30303030303030304,False,False,True
C1CN(CCN1CCOCCO)C2=NC3=CC=CC=C3SC4=CC=CC=C42,CN1CCN2C(C1)C3=CC=CC=C3CC4=C2N=CC=C4,1,reported_twosides,0.40843021869659424,0.3430058125041642,0.3430058125041642,fitted,platt_logistic_regression,0.5234977964951845,0,0.6430091132427093,0.24808184143222506,0.08013640238704177,no_interaction,1,False,0.423728813559322,0.2833333333333333,0.2833333333333333,False,False,True
CC(C)CN1C=NC2=C1C3=CC=CC=C3N=C2N,CC12CCC3C(C1CCC2C(=O)NC4=C(C=CC(=C4)C(F)(F)F)C(F)(F)F)CCC5C3(C=CC(=O)N5)C,0,unreported_twosides_sampled,0.7673537731170654,0.6514790268681969,0.6514790268681969,fitted,platt_logistic_regression,0.5234977964951845,1,0.6465262525392317,0.08098891730605286,0.2421142369991475,interaction,1,False,0.2727272727272727,0.6417910447761194,0.2727272727272727,False,False,True
C(=O)(N)NO,CC12CC(=O)C3C(C1CCC2(C(=O)CO)O)CCC4=CC(=O)C=CC34C,1,reported_twosides,0.9527794718742371,0.891161815543801,0.891161815543801,fitted,platt_logistic_regression,0.5234977964951845,1,0.3440793661804996,0.01875532821824382,0.5140664961636828,interaction,1,False,0.20833333333333334,0.6896551724137931,0.20833333333333334,False,False,True
C(CS(=O)(=O)O)S,CCCCCCCCCCCC(CC1C(C(=O)O1)CCCCCC)OC(=O)C(CC(C)C)NC=O,0,unreported_twosides_sampled,0.2268572598695755,0.20622926846466363,0.20622926846466363,fitted,platt_logistic_regression,0.5234977964951845,0,0.5089176900264625,0.38277919863597615,0.03836317135549872,no_interaction,1,False,0.3333333333333333,0.30666666666666664,0.30666666666666664,False,False,True
C1=NNC2=C1NC=NC2=O,CC#CCC(C)C(C=CC1C(CC2C1CC(=CCCCC(=O)O)C2)O)O,1,reported_twosides,0.505453884601593,0.4182415082989309,0.4182415082989309,fitted,platt_logistic_regression,0.5234977964951845,0,0.6797180563308987,0.1926683716965047,0.10485933503836317,no_interaction|interaction,2,True,0.28205128205128205,0.35064935064935066,0.28205128205128205,False,False,True
C1CN=C(N1)NC2=C(C=CC=C2Cl)Cl,C1NC2=CC(=C(C=C2S(=O)(=O)N1)S(=O)(=O)N)Cl,1,reported_twosides,0.6999027132987976,0.5848878912033175,0.5848878912033175,fitted,platt_logistic_regression,0.5234977964951845,1,0.6786652272577529,0.10315430520034101,0.19437340153452684,no_interaction|interaction,2,True,0.5853658536585366,0.5454545454545454,0.5454545454545454,False,False,False
C1=CC(=CC=C1C(=O)NC(CCC(=O)O)C(=O)O)NCC2=CN=C3C(=N2)C(=O)N=C(N3)N,C1=NNC2=C1NC=NC2=O,1,reported_twosides,0.639875590801239,0.5302194864781791,0.5302194864781791,fitted,platt_logistic_regression,0.5234977964951845,1,0.6913196322514161,0.12020460358056266,0.15601023017902813,no_interaction|interaction,2,True,0.5256410256410257,0.28205128205128205,0.28205128205128205,False,False,True
C(C(C(C(C(CO)O)O)O)O)O,CC#CCC(C)C(C=CC1C(CC2C1CC(=CCCCC(=O)O)C2)O)O,0,unreported_twosides_sampled,0.2414771169424057,0.21732898140821083,0.21732898140821083,fitted,platt_logistic_regression,0.5234977964951845,0,0.5235064945026883,0.36828644501278773,0.040068201193520885,no_interaction,1,False,0.21739130434782608,0.35064935064935066,0.21739130434782608,False,False,True
CC1=C(C(=O)N2CCCCC2=N1)CCN3CCC(CC3)C4=NOC5=C4C=CC(=C5)F,CC1COC2=C3N1C=C(C(=O)C3=CC(=C2N4CCN(CC4)C)F)C(=O)O,1,reported_twosides,0.562694251537323,0.46451508526012913,0.46451508526012913,fitted,platt_logistic_regression,0.5234977964951845,0,0.6906267038981678,0.1577152600170503,0.11935208866155157,no_interaction|interaction,2,True,0.7464788732394366,0.4507042253521127,0.4507042253521127,False,False,False
CC1=C(C(=O)N2CCCCC2=N1)CCN3CCC(CC3)C4=NOC5=C4C=CC(=C5)F,CN(C)CCC1=CNC2=C1C=C(C=C2)CN3C=NC=N3,1,reported_twosides,0.15142416954040527,0.14761638407123995,0.14761638407123995,fitted,platt_logistic_regression,0.5234977964951845,0,0.4185520862162067,0.46462063086104005,0.023870417732310314,no_interaction,1,False,0.7464788732394366,0.5272727272727272,0.5272727272727272,False,False,False
C1CN(CCN1CCOCCO)C2=NC3=CC=CC=C3SC4=CC=CC=C42,CC12CCC3C(C1CCC2C(=O)NC4=C(C=CC(=C4)C(F)(F)F)C(F)(F)F)CCC5C3(C=CC(=O)N5)C,1,reported_twosides,0.12025846540927887,0.12230511549651472,0.12230511549651472,fitted,platt_logistic_regression,0.5234977964951845,0,0.3714927518094273,0.4961636828644501,0.020460358056265986,no_interaction,1,False,0.423728813559322,0.6417910447761194,0.423728813559322,False,False,False
C(C(C(C(C(CO)O)O)O)O)O,CC12CCC3C(C1CCC2C(=O)NC4=C(C=CC(=C4)C(F)(F)F)C(F)(F)F)CCC5C3(C=CC(=O)N5)C,0,unreported_twosides_sampled,0.16201192140579224,0.15603129745876995,0.15603129745876995,fitted,platt_logistic_regression,0.5234977964951845,0,0.43302987208231536,0.4492753623188406,0.026427962489343565,no_interaction,1,False,0.21739130434782608,0.6417910447761194,0.21739130434782608,False,False,True
CC(C)C1=NC(=NC(=C1CCC(CC(CC(=O)O)O)O)C2=CC=C(C=C2)F)N(C)S(=O)(=O)C,CCCC1OC2CC3C4CCC5=CC(=O)C=CC5(C4C(CC3(C2(O1)C(=O)CO)C)O)C,1,reported_twosides,0.25210222601890564,0.22536401417968902,0.22536401417968902,fitted,platt_logistic_regression,0.5234977964951845,0,0.533613660069324,0.3597612958226769,0.0443307757885763,no_interaction,1,False,0.38461538461538464,0.7313432835820896,0.38461538461538464,False,False,True
CC1=CC(=CC=C1)CN2CCN(CC2)C(C3=CC=CC=C3)C4=CC=C(C=C4)Cl,CC1=NN=C(S1)SCC2=C(N3C(C(C3=O)NC(=O)CN4C=NN=N4)SC2)C(=O)[O-],1,reported_twosides,0.4291900098323822,0.35885038680646003,0.35885038680646003,fitted,platt_logistic_regression,0.5234977964951845,0,0.6527538791639563,0.23358908780903667,0.08269394714407502,no_interaction,1,False,0.5094339622641509,0.4574468085106383,0.4574468085106383,False,False,False
C1=NNC2=C1NC=NC2=O,CCCC(C)(COC(=O)N)COC(=O)NC(C)C,1,reported_twosides,0.2208476960659027,0.2016493668874684,0.2016493668874684,fitted,platt_logistic_regression,0.5234977964951845,0,0.502680447718179,0.3887468030690537,0.03751065643648764,no_interaction,1,False,0.28205128205128205,0.2926829268292683,0.28205128205128205,False,False,True
C1=CC(=C(C=C1F)F)C(CN2C=NC=N2)(CN3C=NC=N3)O,C1CCC(CC1)(CC(=O)O)CN,1,reported_twosides,0.5631632208824158,0.4649017869170932,0.4649017869170932,fitted,platt_logistic_regression,0.5234977964951845,0,0.6906813840519366,0.1577152600170503,0.12020460358056266,no_interaction|interaction,2,True,0.5961538461538461,0.26666666666666666,0.26666666666666666,False,False,True
CC(C)C(C(=O)OCC(CO)OCN1C=NC2=C1NC(=NC2=O)N)N,CCCC(C)(COC(=O)N)COC(=O)NC(C)C,0,unreported_twosides_sampled,0.2140454202890396,0.19645143647378394,0.19645143647378394,fitted,platt_logistic_regression,0.5234977964951845,0,0.4954435427400983,0.39471440750213127,0.03751065643648764,no_interaction,1,False,0.7307692307692307,0.2926829268292683,0.2926829268292683,False,False,True
CC#CCC(C)C(C=CC1C(CC2C1CC(=CCCCC(=O)O)C2)O)O,CCCC(C)(COC(=O)N)COC(=O)NC(C)C,0,unreported_twosides_sampled,0.5709866285324097,0.47137299472207955,0.47137299472207955,fitted,platt_logistic_regression,0.5234977964951845,0,0.691507273069188,0.15515771526001704,0.12276214833759591,no_interaction|interaction,2,True,0.35064935064935066,0.2926829268292683,0.2926829268292683,False,False,True
C1=CC(=C(C=C1OC2=C(C=C(C=C2I)CC(C(=O)O)N)I)I)O,C1=NNC2=C1NC=NC2=O,0,unreported_twosides_sampled,0.9999525547027588,0.9995788189773643,0.9995788189773643,fitted,platt_logistic_regression,0.5234977964951845,1,0.0036946998406403157,0.0008525149190110827,0.9573742540494459,interaction,1,False,0.7441860465116279,0.28205128205128205,0.28205128205128205,False,False,True
CC1=C(C(=O)N2CCCCC2=N1)CCN3CCC(CC3)C4=NOC5=C4C=CC(=C5)F,CC1=NN=C(S1)SCC2=C(N3C(C(C3=O)NC(=O)CN4C=NN=N4)SC2)C(=O)[O-],1,reported_twosides,0.3558872938156128,0.30329846640761415,0.30329846640761415,fitted,platt_logistic_regression,0.5234977964951845,0,0.6136332349659368,0.2813299232736573,0.07246376811594203,no_interaction,1,False,0.7464788732394366,0.4574468085106383,0.4574468085106383,False,False,False
C1CCC(CC1)(CC(=O)O)CN,CC(C)(C)NCC(COC1=NSN=C1N2CCOCC2)O,1,reported_twosides,0.20010511577129364,0.18574680602621924,0.18574680602621924,fitted,platt_logistic_regression,0.5234977964951845,0,0.4799966795513154,0.4100596760443308,0.03154305200341006,no_interaction,1,False,0.26666666666666666,0.4,0.26666666666666666,False,False,True
CC12CCC3C(C1CCC2C(=O)NC4=C(C=CC(=C4)C(F)(F)F)C(F)(F)F)CCC5C3(C=CC(=O)N5)C,CCCC(C)(COC(=O)N)COC(=O)NC(C)C,1,reported_twosides,0.4882269501686096,0.40463146654905635,0.40463146654905635,fitted,platt_logistic_regression,0.5234977964951845,0,0.6748449333085356,0.19863597612958228,0.10059676044330776,no_interaction|interaction,2,True,0.6417910447761194,0.2926829268292683,0.2926829268292683,False,False,True
CC1COC2=C3N1C=C(C(=O)C3=CC(=C2N4CCN(CC4)C)F)C(=O)O,COC1=CC(=C(C=C1)OC)C(CNC(=O)CN)O,1,reported_twosides,0.8552093505859375,0.7503962171956261,0.7503962171956261,fitted,platt_logistic_regression,0.5234977964951845,1,0.5618994367562922,0.05200341005967604,0.3333333333333333,interaction,1,False,0.4507042253521127,0.3137254901960784,0.3137254901960784,False,False,True
CC1=NN=C(S1)SCC2=C(N3C(C(C3=O)NC(=O)CN4C=NN=N4)SC2)C(=O)[O-],CCC(C)C(=O)OC1CC(C=C2C1C(C(C=C2)C)CCC3CC(CC(=O)O3)O)C,1,reported_twosides,0.9981560111045837,0.9917187878510942,0.9917187878510942,fitted,platt_logistic_regression,0.5234977964951845,1,0.04794502049513072,0.0017050298380221654,0.8371696504688833,interaction,1,False,0.4574468085106383,0.7424242424242424,0.4574468085106383,False,False,False
C1NC2=CC(=C(C=C2S(=O)(=O)N1)S(=O)(=O)N)Cl,CCCC1OC2CC3C4CCC5=CC(=O)C=CC5(C4C(CC3(C2(O1)C(=O)CO)C)O)C,1,reported_twosides,0.21051718294620514,0.19374907669077227,0.19374907669077227,fitted,platt_logistic_regression,0.5234977964951845,0,0.4916137268679388,0.39727195225916456,0.03495311167945439,no_interaction,1,False,0.5454545454545454,0.7313432835820896,0.5454545454545454,False,False,False
CC1COC2=C3N1C=C(C(=O)C3=CC(=C2N4CCN(CC4)C)F)C(=O)O,CCCCCCCCCCCC(CC1C(C(=O)O1)CCCCCC)OC(=O)C(CC(C)C)NC=O,1,reported_twosides,0.5410693287849426,0.4468254346618138,0.4468254346618138,fitted,platt_logistic_regression,0.5234977964951845,0,0.6874814033073615,0.16965046888320545,0.11594202898550725,no_interaction|interaction,2,True,0.4507042253521127,0.30666666666666664,0.30666666666666664,False,False,True
C(=O)(N)NO,CC(C=CC(C1CC1)O)C2CCC3C2(CCCC3=CC=C4CC(CC(C4=C)O)O)C,0,unreported_twosides_sampled,0.42099371552467346,0.3525815680254608,0.3525815680254608,fitted,platt_logistic_regression,0.5234977964951845,0,0.6490301001447373,0.23870417732310314,0.08184143222506395,no_interaction,1,False,0.20833333333333334,0.6307692307692307,0.20833333333333334,False,False,True
C1=CC(=C(C=C1C2=C(C=C(C=C2)F)F)C(=O)O)O,C1=CC(=C(C=C1F)F)C(CN2C=NC=N2)(CN3C=NC=N3)O,0,unreported_twosides_sampled,0.30016669631004333,0.2615011600908996,0.2615011600908996,fitted,platt_logistic_regression,0.5234977964951845,0,0.5746212344272768,0.32395566922421143,0.05370843989769821,no_interaction,1,False,0.43243243243243246,0.5961538461538461,0.43243243243243246,False,False,False
C1=CC(=C(C=C1F)F)C(CN2C=NC=N2)(CN3C=NC=N3)O,CC(C=CC(C1CC1)O)C2CCC3C2(CCCC3=CC=C4CC(CC(C4=C)O)O)C,0,unreported_twosides_sampled,0.29794788360595703,0.2598374448108212,0.2598374448108212,fitted,platt_logistic_regression,0.5234977964951845,0,0.5728868208358401,0.32651321398124467,0.05370843989769821,no_interaction,1,False,0.5961538461538461,0.6307692307692307,0.5961538461538461,False,False,False
C1=CC(=C(C=C1F)F)C(CN2C=NC=N2)(CN3C=NC=N3)O,CC1=CN(C(=O)NC1=O)C2CC(C(O2)CO)N=[N+]=[N-],1,reported_twosides,0.09324202686548233,0.0994841670788436,0.0994841670788436,fitted,platt_logistic_regression,0.5234977964951845,0,0.32394809211178505,0.5336743393009378,0.017050298380221655,no_interaction,1,False,0.5961538461538461,0.7083333333333334,0.5961538461538461,False,False,False
C1CC2CN(C(=O)C3=CC=CC(=C23)C1)C4CN5CCC4CC5,CC1=CC(=CC=C1)CN2CCN(CC2)C(C3=CC=CC=C3)C4=CC=C(C=C4)Cl,0,unreported_twosides_sampled,0.8633180856704712,0.7605007793718908,0.7605007793718908,fitted,platt_logistic_regression,0.5234977964951845,1,0.5505020021933382,0.05029838022165388,0.34612105711849955,interaction,1,False,0.30303030303030304,0.5094339622641509,0.30303030303030304,False,False,True
C1CC[N+]2(C1)C3CCC2CC(C3)OC(=O)C(C4=CC=CC=C4)(C5=CC=CC=C5)O,CC12CC(=O)C3C(C1CCC2(C(=O)CO)O)CCC4=CC(=O)C=CC34C,1,reported_twosides,0.8285526633262634,0.7185090466920456,0.7185090466920456,fitted,platt_logistic_regression,0.5234977964951845,1,0.5943559583193351,0.061381074168797956,0.3069053708439898,interaction,1,False,0.4444444444444444,0.6896551724137931,0.4444444444444444,False,False,False
C1CN(CCN1CCOCCO)C2=NC3=CC=CC=C3SC4=CC=CC=C42,CC1COC2=C3N1C=C(C(=O)C3=CC(=C2N4CCN(CC4)C)F)C(=O)O,1,reported_twosides,0.6928616762161255,0.5782785762716633,0.5782785762716633,fitted,platt_logistic_regression,0.5234977964951845,1,0.6808415499408454,0.10485933503836317,0.1918158567774936,no_interaction|interaction,2,True,0.423728813559322,0.4507042253521127,0.423728813559322,False,False,False
C1=CC(=CC=C1C(=O)NC(CCC(=O)O)C(=O)O)NCC2=CN=C3C(=N2)C(=O)N=C(N3)N,CN1C=NC2=C1C(=O)N(C(=O)N2C)C,1,reported_twosides,0.589630126953125,0.4869545709331268,0.4869545709331268,fitted,platt_logistic_regression,0.5234977964951845,0,0.6928067754939112,0.14578005115089515,0.12958226768968456,no_interaction|interaction,2,True,0.5256410256410257,0.47058823529411764,0.47058823529411764,False,False,False
C1=CC(=C(C=C1C2=C(C=C(C=C2)F)F)C(=O)O)O,C1=NNC2=C1NC=NC2=O,0,unreported_twosides_sampled,0.13578082621097565,0.1350237779858218,0.1350237779858218,fitted,platt_logistic_regression,0.5234977964951845,0,0.3958263245083289,0.47911338448422847,0.021312872975277068,no_interaction,1,False,0.43243243243243246,0.28205128205128205,0.28205128205128205,False,False,True
CC(C)CC(C1(CCC1)C2=CC=C(C=C2)Cl)N(C)C,CN(C)CCC1=CNC2=C1C=C(C=C2)CN3C=NC=N3,0,unreported_twosides_sampled,0.5542168021202087,0.45754775647059437,0.45754775647059437,fitted,platt_logistic_regression,0.5234977964951845,0,0.6895384515302961,0.15942028985507245,0.1184995737425405,no_interaction|interaction,2,True,0.27419354838709675,0.5272727272727272,0.27419354838709675,False,False,True
CC12CC(=O)C3C(C1CCC2(C(=O)CO)O)CCC4=CC(=O)C=CC34C,CC1C(C(CC(O1)OC2CC(CC3=C2C(=C4C(=C3O)C(=O)C5=C(C4=O)C(=CC=C5)OC)O)(C(=O)CO)O)[NH3+])O,1,reported_twosides,0.8127384781837463,0.7004417585993695,0.7004417585993695,fitted,platt_logistic_regression,0.5234977964951845,1,0.6104895361639601,0.07075873827791987,0.2830349531116795,interaction,1,False,0.6896551724137931,0.23728813559322035,0.23728813559322035,False,False,True
C1CCC(CC1)(CC(=O)O)CN,CN1C2CCCC1CC(C2)NC(=O)C3=NN(C4=CC=CC=C43)C,1,reported_twosides,0.6153963208198547,0.5088931297247011,0.5088931297247011,fitted,platt_logistic_regression,0.5234977964951845,0,0.6929889967064582,0.1329923273657289,0.14151747655583974,no_interaction|interaction,2,True,0.26666666666666666,0.3064516129032258,0.26666666666666666,False,False,True
C1=CC(=CC=C1C(=O)NC(CCC(=O)O)C(=O)O)NCC2=CN=C3C(=N2)C(=O)N=C(N3)N,CC1=C(C(=O)N2CCCCC2=N1)CCN3CCC(CC3)C4=NOC5=C4C=CC(=C5)F,1,reported_twosides,0.04102624952793121,0.05126060113032809,0.05126060113032809,fitted,platt_logistic_regression,0.5234977964951845,0,0.20221041044336308,0.6376811594202898,0.005967604433077579,no_interaction,1,False,0.5256410256410257,0.7464788732394366,0.5256410256410257,False,False,False
CC1COC2=C3N1C=C(C(=O)C3=CC(=C2N4CCN(CC4)C)F)C(=O)O,CCN(CCCC(C)NC1=C2C=CC(=CC2=NC=C1)Cl)CCO,1,reported_twosides,0.28034332394599915,0.24662680022777597,0.24662680022777597,fitted,platt_logistic_regression,0.5234977964951845,0,0.5585988715914574,0.3350383631713555,0.05200341005967604,no_interaction,1,False,0.4507042253521127,0.86,0.4507042253521127,False,False,False
C1C(=O)NC(=O)N1N=CC2=CC=C(O2)[N+](=O)[O-],CC1=CC(=CC=C1)CN2CCN(CC2)C(C3=CC=CC=C3)C4=CC=C(C=C4)Cl,1,reported_twosides,0.5527050495147705,0.4563097982264072,0.4563097982264072,fitted,platt_logistic_regression,0.5234977964951845,0,0.6893246400044015,0.16112531969309463,0.11764705882352941,no_interaction|interaction,2,True,0.423728813559322,0.5094339622641509,0.423728813559322,False,False,False
CC#CCC(C)C(C=CC1C(CC2C1CC(=CCCCC(=O)O)C2)O)O,CC12CCC3C(C1CCC2C(=O)NC4=C(C=CC(=C4)C(F)(F)F)C(F)(F)F)CCC5C3(C=CC(=O)N5)C,0,unreported_twosides_sampled,0.40723031759262085,0.34209322915710316,0.34209322915710316,fitted,platt_logistic_regression,0.5234977964951845,0,0.6424141514029091,0.24978687127024723,0.08013640238704177,no_interaction,1,False,0.35064935064935066,0.6417910447761194,0.35064935064935066,False,False,True
CN(C)CC1CCCCC1(C2=CC(=CC=C2)OC)O,CNC(=C[N+](=O)[O-])NCCSCC1=CC=C(O1)CN(C)C,1,reported_twosides,0.5975615978240967,0.4936557624016112,0.4936557624016112,fitted,platt_logistic_regression,0.5234977964951845,0,0.6930666796983829,0.14066496163682865,0.1329923273657289,no_interaction|interaction,2,True,0.37037037037037035,0.603448275862069,0.37037037037037035,False,False,True
C(=O)(N)NO,CNC(=C[N+](=O)[O-])NCCSCC1=CC=C(O1)CN(C)C,1,reported_twosides,0.2111084759235382,0.19420227412085184,0.19420227412085184,fitted,platt_logistic_regression,0.5234977964951845,0,0.4922592528438325,0.39641943734015345,0.03495311167945439,no_interaction,1,False,0.20833333333333334,0.603448275862069,0.20833333333333334,False,False,True
CC1=NN=C(S1)SCC2=C(N3C(C(C3=O)NC(=O)CN4C=NN=N4)SC2)C(=O)[O-],CC1C(C(CC(O1)OC2CC(CC3=C2C(=C4C(=C3O)C(=O)C5=C(C4=O)C(=CC=C5)OC)O)(C(=O)CO)O)[NH3+])O,1,reported_twosides,0.9535760879516602,0.8925658041393477,0.8925658041393477,fitted,platt_logistic_regression,0.5234977964951845,1,0.34111705005437143,0.01875532821824382,0.5174765558397272,interaction,1,False,0.4574468085106383,0.23728813559322035,0.23728813559322035,False,False,True
CC(C)(C)NCC(COC1=NSN=C1N2CCOCC2)O,CC1=CC2=C(C=C1C)N(C=N2)C3C(C(C(O3)CO)OP(=O)([O-])OC(C)CNC(=O)CCC4(C(C5C6(C(C(C(=N6)C(=C7C(C(C(=N7)C=C8C(C(C(=N8)C(=C4[N-]5)C)CCC(=O)N)(C)C)CCC(=O)N)(C)CC(=O)N)C)CCC(=O)N)(C)CC(=O)N)C)CC(=O)N)C)O.O.[Co],0,unreported_twosides_sampled,0.11824475228786469,0.12063641323089105,0.12063641323089105,fitted,platt_logistic_regression,0.5234977964951845,0,0.3681910853942528,0.4978687127024723,0.020460358056265986,no_interaction,1,False,0.4,0.8709677419354839,0.4,False,False,False
CC12CC(=O)C3C(C1CCC2(C(=O)CO)O)CCC4=CC(=O)C=CC34C,CCC(C)C(=O)OC1CC(C=C2C1C(C(C=C2)C)CCC3CC(CC(=O)O3)O)C,1,reported_twosides,0.999896764755249,0.9992062300176417,0.9992062300176417,fitted,platt_logistic_regression,0.5234977964951845,1,0.006459953998525388,0.0008525149190110827,0.9394714407502132,interaction,1,False,0.6896551724137931,0.7424242424242424,0.6896551724137931,False,False,False
C1=CC(=C(C=C1OC2=C(C=C(C=C2I)CC(C(=O)O)N)I)I)O,CC#CCC(C)C(C=CC1C(CC2C1CC(=CCCCC(=O)O)C2)O)O,0,unreported_twosides_sampled,0.9995439648628235,0.9973380824598703,0.9973380824598703,fitted,platt_logistic_regression,0.5234977964951845,1,0.01844010473249858,0.0008525149190110827,0.9011082693947144,interaction,1,False,0.7441860465116279,0.35064935064935066,0.35064935064935066,False,False,True
CC#CCC(C)C(C=CC1C(CC2C1CC(=CCCCC(=O)O)C2)O)O,CCCCCCCCCCCC(CC1C(C(=O)O1)CCCCCC)OC(=O)C(CC(C)C)NC=O,0,unreported_twosides_sampled,0.5746174454689026,0.4743894594201042,0.4743894594201042,fitted,platt_logistic_regression,0.5234977964951845,0,0.6918348067735001,0.15089514066496162,0.12446717817561807,no_interaction|interaction,2,True,0.35064935064935066,0.30666666666666664,0.30666666666666664,False,False,True
C1CCC(CC1)(CC(=O)O)CN,CC1C(C(CC(O1)OC2CC(CC3=C2C(=C4C(=C3O)C(=O)C5=C(C4=O)C(=CC=C5)OC)O)(C(=O)CO)O)[NH3+])O,1,reported_twosides,0.7190801501274109,0.603190455146164,0.603190455146164,fitted,platt_logistic_regression,0.5234977964951845,1,0.6716968235408971,0.09803921568627451,0.20630861040068202,interaction,1,False,0.26666666666666666,0.23728813559322035,0.23728813559322035,False,False,True
C1CN(CCN1CCOCCO)C2=NC3=CC=CC=C3SC4=CC=CC=C42,CC(C)(C)NCC(COC1=NSN=C1N2CCOCC2)O,1,reported_twosides,0.24152767658233643,0.21736727438508882,0.21736727438508882,fitted,platt_logistic_regression,0.5234977964951845,0,0.52355555499161,0.36828644501278773,0.040068201193520885,no_interaction,1,False,0.423728813559322,0.4,0.4,False,False,False
C1NC2=CC(=C(C=C2S(=O)(=O)N1)S(=O)(=O)N)Cl,CN1CCN2C(C1)C3=CC=CC=C3CC4=C2N=CC=C4,1,reported_twosides,0.8203160762786865,0.7090263985643497,0.7090263985643497,fitted,platt_logistic_regression,0.5234977964951845,1,0.6030211294619188,0.06479113384484228,0.2958226768968457,interaction,1,False,0.5454545454545454,0.2833333333333333,0.2833333333333333,False,False,True
